observation_date,availability_date,bullish_pct,neutral_pct,bearish_pct,bull_bear_spread_pp,source,source_url,source_page_url,availability_semantics,point_in_time_safe,research_only,decision_engine_ready,sentiment_score_generated
1987-07-24,1987-07-25,36.0,50.0,14.000000000000002,22.0,AAII Investor Sentiment Survey,https://www.aaii.com/files/surveys/sentiment.xls,https://www.aaii.com/sentimentsurvey/sent_results,conservative_proxy_publication_thursday_after_survey_week,True,True,False,False
1987-07-31,1987-08-01,26.0,48.0,26.0,0.0,AAII Investor Sentiment Survey,https://www.aaii.com/files/surveys/sentiment.xls,https://www.aaii.com/sentimentsurvey/sent_results,conservative_proxy_publication_thursday_after_survey_week,True,True,False,False
1987-08-07,1987-08-08,56.00000000000001,15.0,28.999999999999996,27.00000000000001,AAII Investor Sentiment Survey,https://www.aaii.com/files/surveys/sentiment.xls,https://www.aaii.com/sentimentsurvey/sent_results,conservative_proxy_publication_thursday_after_survey_week,True,True,False,False
1987-08-14,1987-08-15,45.0,35.0,20.0,25.0,AAII Investor Sentiment Survey,https://www.aaii.com/files/surveys/sentiment.xls,https://www.aaii.com/sentimentsurvey/sent_results,conservative_proxy_publication_thursday_after_survey_week,True,True,False,False
1987-08-21,1987-08-22,66.0,28.000000000000004,6.0,60.0,AAII Investor Sentiment Survey,https://www.aaii.com/files/surveys/sentiment.xls,https://www.aaii.com/sentimentsurvey/sent_results,conservative_proxy_publication_thursday_after_survey_week,True,True,False,False
1987-08-28,1987-08-29,52.0,18.0,30.0,22.0,AAII Investor Sentiment Survey,https://www.aaii.com/files/surveys/sentiment.xls,https://www.aaii.com/sentimentsurvey/sent_results,conservative_proxy_publication_thursday_after_survey_week,True,True,False,False
1987-09-04,1987-09-05,42.0,17.0,41.0,1.0,AAII Investor Sentiment Survey,https://www.aaii.com/files/surveys/sentiment.xls,https://www.aaii.com/sentimentsurvey/sent_results,conservative_proxy_publication_thursday_after_survey_week,True,True,False,False
1987-09-11,1987-09-12,50.0,23.0,27.0,23.0,AAII Investor Sentiment Survey,https://www.aaii.com/files/surveys/sentiment.xls,https://www.aaii.com/sentimentsurvey/sent_results,conservative_proxy_publication_thursday_after_survey_week,True,True,False,False
1987-09-18,1987-09-19,60.0,28.999999999999996,11.0,49.0,AAII Investor Sentiment Survey,https://www.aaii.com/files/surveys/sentiment.xls,https://www.aaii.com/sentimentsurvey/sent_results,conservative_proxy_publication_thursday_after_survey_week,True,True,False,False
1987-09-25,1987-09-26,53.0,17.0,30.0,23.0,AAII Investor Sentiment Survey,https://www.aaii.com/files/surveys/sentiment.xls,https://www.aaii.com/sentimentsurvey/sent_results,conservative_proxy_publication_thursday_after_survey_week,True,True,False,False
1987-10-02,1987-10-03,44.0,26.0,30.0,14.0,AAII Investor Sentiment Survey,https://www.aaii.com/files/surveys/sentiment.xls,https://www.aaii.com/sentimentsurvey/sent_results,conservative_proxy_publication_thursday_after_survey_week,True,True,False,False
1987-10-09,1987-10-10,46.0,39.0,15.0,31.0,AAII Investor Sentiment Survey,https://www.aaii.com/files/surveys/sentiment.xls,https://www.aaii.com/sentimentsurvey/sent_results,conservative_proxy_publication_thursday_after_survey_week,True,True,False,False
1987-10-16,1987-10-17,37.0,30.0,33.0,4.0,AAII Investor Sentiment Survey,https://www.aaii.com/files/surveys/sentiment.xls,https://www.aaii.com/sentimentsurvey/sent_results,conservative_proxy_publication_thursday_after_survey_week,True,True,False,False
1987-10-23,1987-10-24,39.0,30.0,31.0,8.0,AAII Investor Sentiment Survey,https://www.aaii.com/files/surveys/sentiment.xls,https://www.aaii.com/sentimentsurvey/sent_results,conservative_proxy_publication_thursday_after_survey_week,True,True,False,False
1987-10-30,1987-10-31,44.0,23.0,33.0,11.0,AAII Investor Sentiment Survey,https://www.aaii.com/files/surveys/sentiment.xls,https://www.aaii.com/sentimentsurvey/sent_results,conservative_proxy_publication_thursday_after_survey_week,True,True,False,False
1987-11-06,1987-11-07,47.0,31.0,22.0,25.0,AAII Investor Sentiment Survey,https://www.aaii.com/files/surveys/sentiment.xls,https://www.aaii.com/sentimentsurvey/sent_results,conservative_proxy_publication_thursday_after_survey_week,True,True,False,False
1987-11-13,1987-11-14,31.0,41.0,28.000000000000004,2.9999999999999964,AAII Investor Sentiment Survey,https://www.aaii.com/files/surveys/sentiment.xls,https://www.aaii.com/sentimentsurvey/sent_results,conservative_proxy_publication_thursday_after_survey_week,True,True,False,False
1987-11-20,1987-11-21,39.0,42.0,19.0,20.0,AAII Investor Sentiment Survey,https://www.aaii.com/files/surveys/sentiment.xls,https://www.aaii.com/sentimentsurvey/sent_results,conservative_proxy_publication_thursday_after_survey_week,True,True,False,False
1987-11-27,1987-11-28,27.0,46.0,27.0,0.0,AAII Investor Sentiment Survey,https://www.aaii.com/files/surveys/sentiment.xls,https://www.aaii.com/sentimentsurvey/sent_results,conservative_proxy_publication_thursday_after_survey_week,True,True,False,False
1987-12-04,1987-12-05,25.0,33.0,42.0,-17.0,AAII Investor Sentiment Survey,https://www.aaii.com/files/surveys/sentiment.xls,https://www.aaii.com/sentimentsurvey/sent_results,conservative_proxy_publication_thursday_after_survey_week,True,True,False,False
1987-12-11,1987-12-12,23.0,45.0,32.0,-9.0,AAII Investor Sentiment Survey,https://www.aaii.com/files/surveys/sentiment.xls,https://www.aaii.com/sentimentsurvey/sent_results,conservative_proxy_publication_thursday_after_survey_week,True,True,False,False
1987-12-18,1987-12-19,33.0,40.0,27.0,6.0,AAII Investor Sentiment Survey,https://www.aaii.com/files/surveys/sentiment.xls,https://www.aaii.com/sentimentsurvey/sent_results,conservative_proxy_publication_thursday_after_survey_week,True,True,False,False
1987-12-24,1987-12-25,28.000000000000004,52.0,20.0,8.000000000000004,AAII Investor Sentiment Survey,https://www.aaii.com/files/surveys/sentiment.xls,https://www.aaii.com/sentimentsurvey/sent_results,conservative_proxy_publication_thursday_after_survey_week,True,True,False,False
1987-12-31,1988-01-01,25.0,49.0,26.0,-1.0,AAII Investor Sentiment Survey,https://www.aaii.com/files/surveys/sentiment.xls,https://www.aaii.com/sentimentsurvey/sent_results,conservative_proxy_publication_thursday_after_survey_week,True,True,False,False
1988-01-08,1988-01-09,34.0,46.0,20.0,14.0,AAII Investor Sentiment Survey,https://www.aaii.com/files/surveys/sentiment.xls,https://www.aaii.com/sentimentsurvey/sent_results,conservative_proxy_publication_thursday_after_survey_week,True,True,False,False
1988-01-15,1988-01-16,34.0,40.0,26.0,8.0,AAII Investor Sentiment Survey,https://www.aaii.com/files/surveys/sentiment.xls,https://www.aaii.com/sentimentsurvey/sent_results,conservative_proxy_publication_thursday_after_survey_week,True,True,False,False
1988-01-22,1988-01-23,21.0,48.0,31.0,-10.0,AAII Investor Sentiment Survey,https://www.aaii.com/files/surveys/sentiment.xls,https://www.aaii.com/sentimentsurvey/sent_results,conservative_proxy_publication_thursday_after_survey_week,True,True,False,False
1988-01-29,1988-01-30,26.0,45.0,28.999999999999996,-2.9999999999999964,AAII Investor Sentiment Survey,https://www.aaii.com/files/surveys/sentiment.xls,https://www.aaii.com/sentimentsurvey/sent_results,conservative_proxy_publication_thursday_after_survey_week,True,True,False,False
1988-02-05,1988-02-06,32.0,53.0,15.0,17.0,AAII Investor Sentiment Survey,https://www.aaii.com/files/surveys/sentiment.xls,https://www.aaii.com/sentimentsurvey/sent_results,conservative_proxy_publication_thursday_after_survey_week,True,True,False,False
1988-02-12,1988-02-13,32.0,46.0,22.0,10.0,AAII Investor Sentiment Survey,https://www.aaii.com/files/surveys/sentiment.xls,https://www.aaii.com/sentimentsurvey/sent_results,conservative_proxy_publication_thursday_after_survey_week,True,True,False,False
1988-02-19,1988-02-20,27.0,49.0,24.0,3.0,AAII Investor Sentiment Survey,https://www.aaii.com/files/surveys/sentiment.xls,https://www.aaii.com/sentimentsurvey/sent_results,conservative_proxy_publication_thursday_after_survey_week,True,True,False,False
1988-02-26,1988-02-27,30.0,51.0,19.0,11.0,AAII Investor Sentiment Survey,https://www.aaii.com/files/surveys/sentiment.xls,https://www.aaii.com/sentimentsurvey/sent_results,conservative_proxy_publication_thursday_after_survey_week,True,True,False,False
1988-03-04,1988-03-05,38.0,40.0,22.0,16.0,AAII Investor Sentiment Survey,https://www.aaii.com/files/surveys/sentiment.xls,https://www.aaii.com/sentimentsurvey/sent_results,conservative_proxy_publication_thursday_after_survey_week,True,True,False,False
1988-03-11,1988-03-12,43.0,40.0,17.0,26.0,AAII Investor Sentiment Survey,https://www.aaii.com/files/surveys/sentiment.xls,https://www.aaii.com/sentimentsurvey/sent_results,conservative_proxy_publication_thursday_after_survey_week,True,True,False,False
1988-03-18,1988-03-19,41.0,49.0,10.0,31.0,AAII Investor Sentiment Survey,https://www.aaii.com/files/surveys/sentiment.xls,https://www.aaii.com/sentimentsurvey/sent_results,conservative_proxy_publication_thursday_after_survey_week,True,True,False,False
1988-03-25,1988-03-26,45.0,38.0,17.0,28.0,AAII Investor Sentiment Survey,https://www.aaii.com/files/surveys/sentiment.xls,https://www.aaii.com/sentimentsurvey/sent_results,conservative_proxy_publication_thursday_after_survey_week,True,True,False,False
1988-04-01,1988-04-02,35.0,45.0,20.0,15.0,AAII Investor Sentiment Survey,https://www.aaii.com/files/surveys/sentiment.xls,https://www.aaii.com/sentimentsurvey/sent_results,conservative_proxy_publication_thursday_after_survey_week,True,True,False,False
1988-04-08,1988-04-09,33.0,48.0,19.0,14.0,AAII Investor Sentiment Survey,https://www.aaii.com/files/surveys/sentiment.xls,https://www.aaii.com/sentimentsurvey/sent_results,conservative_proxy_publication_thursday_after_survey_week,True,True,False,False
1988-04-15,1988-04-16,23.0,53.0,24.0,-1.0,AAII Investor Sentiment Survey,https://www.aaii.com/files/surveys/sentiment.xls,https://www.aaii.com/sentimentsurvey/sent_results,conservative_proxy_publication_thursday_after_survey_week,True,True,False,False
1988-04-22,1988-04-23,23.0,56.99999999999999,20.0,3.0,AAII Investor Sentiment Survey,https://www.aaii.com/files/surveys/sentiment.xls,https://www.aaii.com/sentimentsurvey/sent_results,conservative_proxy_publication_thursday_after_survey_week,True,True,False,False
1988-04-29,1988-04-30,22.0,48.0,30.0,-8.0,AAII Investor Sentiment Survey,https://www.aaii.com/files/surveys/sentiment.xls,https://www.aaii.com/sentimentsurvey/sent_results,conservative_proxy_publication_thursday_after_survey_week,True,True,False,False
1988-05-06,1988-05-07,38.0,42.0,20.0,18.0,AAII Investor Sentiment Survey,https://www.aaii.com/files/surveys/sentiment.xls,https://www.aaii.com/sentimentsurvey/sent_results,conservative_proxy_publication_thursday_after_survey_week,True,True,False,False
1988-05-13,1988-05-14,19.0,56.00000000000001,25.0,-6.0,AAII Investor Sentiment Survey,https://www.aaii.com/files/surveys/sentiment.xls,https://www.aaii.com/sentimentsurvey/sent_results,conservative_proxy_publication_thursday_after_survey_week,True,True,False,False
1988-05-20,1988-05-21,23.0,52.0,25.0,-2.0,AAII Investor Sentiment Survey,https://www.aaii.com/files/surveys/sentiment.xls,https://www.aaii.com/sentimentsurvey/sent_results,conservative_proxy_publication_thursday_after_survey_week,True,True,False,False
1988-05-27,1988-05-28,28.000000000000004,52.0,20.0,8.000000000000004,AAII Investor Sentiment Survey,https://www.aaii.com/files/surveys/sentiment.xls,https://www.aaii.com/sentimentsurvey/sent_results,conservative_proxy_publication_thursday_after_survey_week,True,True,False,False
1988-06-03,1988-06-04,26.0,62.0,12.0,14.0,AAII Investor Sentiment Survey,https://www.aaii.com/files/surveys/sentiment.xls,https://www.aaii.com/sentimentsurvey/sent_results,conservative_proxy_publication_thursday_after_survey_week,True,True,False,False
1988-06-10,1988-06-11,28.000000000000004,49.0,23.0,5.0000000000000036,AAII Investor Sentiment Survey,https://www.aaii.com/files/surveys/sentiment.xls,https://www.aaii.com/sentimentsurvey/sent_results,conservative_proxy_publication_thursday_after_survey_week,True,True,False,False
1988-06-17,1988-06-18,28.999999999999996,50.0,21.0,7.9999999999999964,AAII Investor Sentiment Survey,https://www.aaii.com/files/surveys/sentiment.xls,https://www.aaii.com/sentimentsurvey/sent_results,conservative_proxy_publication_thursday_after_survey_week,True,True,False,False
1988-06-24,1988-06-25,33.0,44.0,23.0,10.0,AAII Investor Sentiment Survey,https://www.aaii.com/files/surveys/sentiment.xls,https://www.aaii.com/sentimentsurvey/sent_results,conservative_proxy_publication_thursday_after_survey_week,True,True,False,False
1988-07-01,1988-07-02,45.0,38.0,17.0,28.0,AAII Investor Sentiment Survey,https://www.aaii.com/files/surveys/sentiment.xls,https://www.aaii.com/sentimentsurvey/sent_results,conservative_proxy_publication_thursday_after_survey_week,True,True,False,False
1988-07-08,1988-07-09,35.0,50.0,15.0,20.0,AAII Investor Sentiment Survey,https://www.aaii.com/files/surveys/sentiment.xls,https://www.aaii.com/sentimentsurvey/sent_results,conservative_proxy_publication_thursday_after_survey_week,True,True,False,False
1988-07-15,1988-07-16,26.0,37.0,37.0,-11.0,AAII Investor Sentiment Survey,https://www.aaii.com/files/surveys/sentiment.xls,https://www.aaii.com/sentimentsurvey/sent_results,conservative_proxy_publication_thursday_after_survey_week,True,True,False,False
1988-07-22,1988-07-23,16.0,57.99999999999999,26.0,-10.0,AAII Investor Sentiment Survey,https://www.aaii.com/files/surveys/sentiment.xls,https://www.aaii.com/sentimentsurvey/sent_results,conservative_proxy_publication_thursday_after_survey_week,True,True,False,False
1988-07-29,1988-07-30,23.0,54.0,23.0,0.0,AAII Investor Sentiment Survey,https://www.aaii.com/files/surveys/sentiment.xls,https://www.aaii.com/sentimentsurvey/sent_results,conservative_proxy_publication_thursday_after_survey_week,True,True,False,False
1988-08-05,1988-08-06,21.0,49.0,30.0,-9.0,AAII Investor Sentiment Survey,https://www.aaii.com/files/surveys/sentiment.xls,https://www.aaii.com/sentimentsurvey/sent_results,conservative_proxy_publication_thursday_after_survey_week,True,True,False,False
1988-08-12,1988-08-13,26.0,48.0,26.0,0.0,AAII Investor Sentiment Survey,https://www.aaii.com/files/surveys/sentiment.xls,https://www.aaii.com/sentimentsurvey/sent_results,conservative_proxy_publication_thursday_after_survey_week,True,True,False,False
1988-08-19,1988-08-20,19.0,53.0,28.000000000000004,-9.000000000000004,AAII Investor Sentiment Survey,https://www.aaii.com/files/surveys/sentiment.xls,https://www.aaii.com/sentimentsurvey/sent_results,conservative_proxy_publication_thursday_after_survey_week,True,True,False,False
1988-08-26,1988-08-27,28.000000000000004,40.0,32.0,-3.9999999999999964,AAII Investor Sentiment Survey,https://www.aaii.com/files/surveys/sentiment.xls,https://www.aaii.com/sentimentsurvey/sent_results,conservative_proxy_publication_thursday_after_survey_week,True,True,False,False
1988-09-02,1988-09-03,18.0,43.0,39.0,-21.0,AAII Investor Sentiment Survey,https://www.aaii.com/files/surveys/sentiment.xls,https://www.aaii.com/sentimentsurvey/sent_results,conservative_proxy_publication_thursday_after_survey_week,True,True,False,False
1988-09-09,1988-09-10,17.0,52.0,31.0,-14.0,AAII Investor Sentiment Survey,https://www.aaii.com/files/surveys/sentiment.xls,https://www.aaii.com/sentimentsurvey/sent_results,conservative_proxy_publication_thursday_after_survey_week,True,True,False,False
1988-09-16,1988-09-17,24.0,46.0,30.0,-6.0,AAII Investor Sentiment Survey,https://www.aaii.com/files/surveys/sentiment.xls,https://www.aaii.com/sentimentsurvey/sent_results,conservative_proxy_publication_thursday_after_survey_week,True,True,False,False
1988-09-23,1988-09-24,20.0,53.0,27.0,-7.0,AAII Investor Sentiment Survey,https://www.aaii.com/files/surveys/sentiment.xls,https://www.aaii.com/sentimentsurvey/sent_results,conservative_proxy_publication_thursday_after_survey_week,True,True,False,False
1988-09-30,1988-10-01,26.0,44.0,30.0,-4.0,AAII Investor Sentiment Survey,https://www.aaii.com/files/surveys/sentiment.xls,https://www.aaii.com/sentimentsurvey/sent_results,conservative_proxy_publication_thursday_after_survey_week,True,True,False,False
1988-10-07,1988-10-08,13.0,49.0,38.0,-25.0,AAII Investor Sentiment Survey,https://www.aaii.com/files/surveys/sentiment.xls,https://www.aaii.com/sentimentsurvey/sent_results,conservative_proxy_publication_thursday_after_survey_week,True,True,False,False
1988-10-14,1988-10-15,22.0,46.0,32.0,-10.0,AAII Investor Sentiment Survey,https://www.aaii.com/files/surveys/sentiment.xls,https://www.aaii.com/sentimentsurvey/sent_results,conservative_proxy_publication_thursday_after_survey_week,True,True,False,False
1988-10-21,1988-10-22,26.0,51.0,23.0,3.0,AAII Investor Sentiment Survey,https://www.aaii.com/files/surveys/sentiment.xls,https://www.aaii.com/sentimentsurvey/sent_results,conservative_proxy_publication_thursday_after_survey_week,True,True,False,False
1988-10-28,1988-10-29,40.0,38.0,22.0,18.0,AAII Investor Sentiment Survey,https://www.aaii.com/files/surveys/sentiment.xls,https://www.aaii.com/sentimentsurvey/sent_results,conservative_proxy_publication_thursday_after_survey_week,True,True,False,False
1988-11-04,1988-11-05,35.0,46.0,19.0,16.0,AAII Investor Sentiment Survey,https://www.aaii.com/files/surveys/sentiment.xls,https://www.aaii.com/sentimentsurvey/sent_results,conservative_proxy_publication_thursday_after_survey_week,True,True,False,False
1988-11-11,1988-11-12,23.0,56.00000000000001,21.0,2.0,AAII Investor Sentiment Survey,https://www.aaii.com/files/surveys/sentiment.xls,https://www.aaii.com/sentimentsurvey/sent_results,conservative_proxy_publication_thursday_after_survey_week,True,True,False,False
1988-11-18,1988-11-19,30.0,34.0,36.0,-6.0,AAII Investor Sentiment Survey,https://www.aaii.com/files/surveys/sentiment.xls,https://www.aaii.com/sentimentsurvey/sent_results,conservative_proxy_publication_thursday_after_survey_week,True,True,False,False
1988-11-25,1988-11-26,17.0,44.0,39.0,-22.0,AAII Investor Sentiment Survey,https://www.aaii.com/files/surveys/sentiment.xls,https://www.aaii.com/sentimentsurvey/sent_results,conservative_proxy_publication_thursday_after_survey_week,True,True,False,False
1988-12-02,1988-12-03,19.0,47.0,34.0,-15.0,AAII Investor Sentiment Survey,https://www.aaii.com/files/surveys/sentiment.xls,https://www.aaii.com/sentimentsurvey/sent_results,conservative_proxy_publication_thursday_after_survey_week,True,True,False,False
1988-12-09,1988-12-10,17.0,44.0,39.0,-22.0,AAII Investor Sentiment Survey,https://www.aaii.com/files/surveys/sentiment.xls,https://www.aaii.com/sentimentsurvey/sent_results,conservative_proxy_publication_thursday_after_survey_week,True,True,False,False
1988-12-16,1988-12-17,24.0,54.0,22.0,2.0,AAII Investor Sentiment Survey,https://www.aaii.com/files/surveys/sentiment.xls,https://www.aaii.com/sentimentsurvey/sent_results,conservative_proxy_publication_thursday_after_survey_week,True,True,False,False
1988-12-23,1988-12-24,22.0,46.0,32.0,-10.0,AAII Investor Sentiment Survey,https://www.aaii.com/files/surveys/sentiment.xls,https://www.aaii.com/sentimentsurvey/sent_results,conservative_proxy_publication_thursday_after_survey_week,True,True,False,False
1988-12-30,1988-12-31,24.0,54.0,22.0,2.0,AAII Investor Sentiment Survey,https://www.aaii.com/files/surveys/sentiment.xls,https://www.aaii.com/sentimentsurvey/sent_results,conservative_proxy_publication_thursday_after_survey_week,True,True,False,False
1989-01-06,1989-01-07,26.0,51.0,23.0,3.0,AAII Investor Sentiment Survey,https://www.aaii.com/files/surveys/sentiment.xls,https://www.aaii.com/sentimentsurvey/sent_results,conservative_proxy_publication_thursday_after_survey_week,True,True,False,False
1989-01-13,1989-01-14,36.0,44.0,20.0,16.0,AAII Investor Sentiment Survey,https://www.aaii.com/files/surveys/sentiment.xls,https://www.aaii.com/sentimentsurvey/sent_results,conservative_proxy_publication_thursday_after_survey_week,True,True,False,False
1989-01-20,1989-01-21,36.0,47.0,17.0,19.0,AAII Investor Sentiment Survey,https://www.aaii.com/files/surveys/sentiment.xls,https://www.aaii.com/sentimentsurvey/sent_results,conservative_proxy_publication_thursday_after_survey_week,True,True,False,False
1989-01-27,1989-01-28,32.0,49.0,19.0,13.0,AAII Investor Sentiment Survey,https://www.aaii.com/files/surveys/sentiment.xls,https://www.aaii.com/sentimentsurvey/sent_results,conservative_proxy_publication_thursday_after_survey_week,True,True,False,False
1989-02-03,1989-02-04,33.0,44.0,23.0,10.0,AAII Investor Sentiment Survey,https://www.aaii.com/files/surveys/sentiment.xls,https://www.aaii.com/sentimentsurvey/sent_results,conservative_proxy_publication_thursday_after_survey_week,True,True,False,False
1989-02-10,1989-02-11,43.0,31.0,26.0,17.0,AAII Investor Sentiment Survey,https://www.aaii.com/files/surveys/sentiment.xls,https://www.aaii.com/sentimentsurvey/sent_results,conservative_proxy_publication_thursday_after_survey_week,True,True,False,False
1989-02-17,1989-02-18,42.0,41.0,17.0,25.0,AAII Investor Sentiment Survey,https://www.aaii.com/files/surveys/sentiment.xls,https://www.aaii.com/sentimentsurvey/sent_results,conservative_proxy_publication_thursday_after_survey_week,True,True,False,False
1989-02-24,1989-02-25,28.999999999999996,45.0,26.0,2.9999999999999964,AAII Investor Sentiment Survey,https://www.aaii.com/files/surveys/sentiment.xls,https://www.aaii.com/sentimentsurvey/sent_results,conservative_proxy_publication_thursday_after_survey_week,True,True,False,False
1989-03-03,1989-03-04,28.999999999999996,35.0,36.0,-7.0000000000000036,AAII Investor Sentiment Survey,https://www.aaii.com/files/surveys/sentiment.xls,https://www.aaii.com/sentimentsurvey/sent_results,conservative_proxy_publication_thursday_after_survey_week,True,True,False,False
1989-03-10,1989-03-11,13.0,52.0,35.0,-22.0,AAII Investor Sentiment Survey,https://www.aaii.com/files/surveys/sentiment.xls,https://www.aaii.com/sentimentsurvey/sent_results,conservative_proxy_publication_thursday_after_survey_week,True,True,False,False
1989-03-17,1989-03-18,28.000000000000004,43.0,28.999999999999996,-0.9999999999999929,AAII Investor Sentiment Survey,https://www.aaii.com/files/surveys/sentiment.xls,https://www.aaii.com/sentimentsurvey/sent_results,conservative_proxy_publication_thursday_after_survey_week,True,True,False,False
1989-03-23,1989-03-24,28.999999999999996,41.0,30.0,-1.0000000000000036,AAII Investor Sentiment Survey,https://www.aaii.com/files/surveys/sentiment.xls,https://www.aaii.com/sentimentsurvey/sent_results,conservative_proxy_publication_thursday_after_survey_week,True,True,False,False
1989-03-31,1989-04-01,18.0,42.0,40.0,-22.0,AAII Investor Sentiment Survey,https://www.aaii.com/files/surveys/sentiment.xls,https://www.aaii.com/sentimentsurvey/sent_results,conservative_proxy_publication_thursday_after_survey_week,True,True,False,False
1989-04-07,1989-04-08,23.0,45.0,32.0,-9.0,AAII Investor Sentiment Survey,https://www.aaii.com/files/surveys/sentiment.xls,https://www.aaii.com/sentimentsurvey/sent_results,conservative_proxy_publication_thursday_after_survey_week,True,True,False,False
1989-04-14,1989-04-15,25.0,42.0,33.0,-8.0,AAII Investor Sentiment Survey,https://www.aaii.com/files/surveys/sentiment.xls,https://www.aaii.com/sentimentsurvey/sent_results,conservative_proxy_publication_thursday_after_survey_week,True,True,False,False
1989-04-21,1989-04-22,21.0,51.0,28.000000000000004,-7.0000000000000036,AAII Investor Sentiment Survey,https://www.aaii.com/files/surveys/sentiment.xls,https://www.aaii.com/sentimentsurvey/sent_results,conservative_proxy_publication_thursday_after_survey_week,True,True,False,False
1989-04-28,1989-04-29,31.0,40.0,28.999999999999996,2.0000000000000036,AAII Investor Sentiment Survey,https://www.aaii.com/files/surveys/sentiment.xls,https://www.aaii.com/sentimentsurvey/sent_results,conservative_proxy_publication_thursday_after_survey_week,True,True,False,False
1989-05-05,1989-05-06,30.0,40.0,30.0,0.0,AAII Investor Sentiment Survey,https://www.aaii.com/files/surveys/sentiment.xls,https://www.aaii.com/sentimentsurvey/sent_results,conservative_proxy_publication_thursday_after_survey_week,True,True,False,False
1989-05-12,1989-05-13,38.0,43.0,19.0,19.0,AAII Investor Sentiment Survey,https://www.aaii.com/files/surveys/sentiment.xls,https://www.aaii.com/sentimentsurvey/sent_results,conservative_proxy_publication_thursday_after_survey_week,True,True,False,False
1989-05-19,1989-05-20,43.0,38.0,19.0,24.0,AAII Investor Sentiment Survey,https://www.aaii.com/files/surveys/sentiment.xls,https://www.aaii.com/sentimentsurvey/sent_results,conservative_proxy_publication_thursday_after_survey_week,True,True,False,False
1989-05-26,1989-05-27,48.0,31.0,21.0,27.0,AAII Investor Sentiment Survey,https://www.aaii.com/files/surveys/sentiment.xls,https://www.aaii.com/sentimentsurvey/sent_results,conservative_proxy_publication_thursday_after_survey_week,True,True,False,False
1989-06-02,1989-06-03,42.0,27.0,31.0,11.0,AAII Investor Sentiment Survey,https://www.aaii.com/files/surveys/sentiment.xls,https://www.aaii.com/sentimentsurvey/sent_results,conservative_proxy_publication_thursday_after_survey_week,True,True,False,False
1989-06-09,1989-06-10,43.0,34.0,23.0,20.0,AAII Investor Sentiment Survey,https://www.aaii.com/files/surveys/sentiment.xls,https://www.aaii.com/sentimentsurvey/sent_results,conservative_proxy_publication_thursday_after_survey_week,True,True,False,False
1989-06-16,1989-06-17,32.0,37.0,31.0,1.0,AAII Investor Sentiment Survey,https://www.aaii.com/files/surveys/sentiment.xls,https://www.aaii.com/sentimentsurvey/sent_results,conservative_proxy_publication_thursday_after_survey_week,True,True,False,False
1989-06-23,1989-06-24,33.0,22.0,45.0,-12.0,AAII Investor Sentiment Survey,https://www.aaii.com/files/surveys/sentiment.xls,https://www.aaii.com/sentimentsurvey/sent_results,conservative_proxy_publication_thursday_after_survey_week,True,True,False,False
1989-06-30,1989-07-01,40.0,34.0,26.0,14.0,AAII Investor Sentiment Survey,https://www.aaii.com/files/surveys/sentiment.xls,https://www.aaii.com/sentimentsurvey/sent_results,conservative_proxy_publication_thursday_after_survey_week,True,True,False,False
1989-07-07,1989-07-08,37.0,32.0,31.0,6.0,AAII Investor Sentiment Survey,https://www.aaii.com/files/surveys/sentiment.xls,https://www.aaii.com/sentimentsurvey/sent_results,conservative_proxy_publication_thursday_after_survey_week,True,True,False,False
1989-07-14,1989-07-15,22.0,30.0,48.0,-26.0,AAII Investor Sentiment Survey,https://www.aaii.com/files/surveys/sentiment.xls,https://www.aaii.com/sentimentsurvey/sent_results,conservative_proxy_publication_thursday_after_survey_week,True,True,False,False
1989-07-21,1989-07-22,32.0,39.0,28.999999999999996,3.0000000000000036,AAII Investor Sentiment Survey,https://www.aaii.com/files/surveys/sentiment.xls,https://www.aaii.com/sentimentsurvey/sent_results,conservative_proxy_publication_thursday_after_survey_week,True,True,False,False
1989-07-28,1989-07-29,41.0,25.0,34.0,7.0,AAII Investor Sentiment Survey,https://www.aaii.com/files/surveys/sentiment.xls,https://www.aaii.com/sentimentsurvey/sent_results,conservative_proxy_publication_thursday_after_survey_week,True,True,False,False
1989-08-04,1989-08-05,35.0,30.0,35.0,0.0,AAII Investor Sentiment Survey,https://www.aaii.com/files/surveys/sentiment.xls,https://www.aaii.com/sentimentsurvey/sent_results,conservative_proxy_publication_thursday_after_survey_week,True,True,False,False
1989-08-11,1989-08-12,53.0,21.0,26.0,27.0,AAII Investor Sentiment Survey,https://www.aaii.com/files/surveys/sentiment.xls,https://www.aaii.com/sentimentsurvey/sent_results,conservative_proxy_publication_thursday_after_survey_week,True,True,False,False
1989-08-18,1989-08-19,35.0,28.000000000000004,37.0,-2.0,AAII Investor Sentiment Survey,https://www.aaii.com/files/surveys/sentiment.xls,https://www.aaii.com/sentimentsurvey/sent_results,conservative_proxy_publication_thursday_after_survey_week,True,True,False,False
1989-08-25,1989-08-26,45.0,24.0,31.0,14.0,AAII Investor Sentiment Survey,https://www.aaii.com/files/surveys/sentiment.xls,https://www.aaii.com/sentimentsurvey/sent_results,conservative_proxy_publication_thursday_after_survey_week,True,True,False,False
1989-09-01,1989-09-02,34.0,30.0,36.0,-2.0,AAII Investor Sentiment Survey,https://www.aaii.com/files/surveys/sentiment.xls,https://www.aaii.com/sentimentsurvey/sent_results,conservative_proxy_publication_thursday_after_survey_week,True,True,False,False
1989-09-08,1989-09-09,30.0,30.0,40.0,-10.0,AAII Investor Sentiment Survey,https://www.aaii.com/files/surveys/sentiment.xls,https://www.aaii.com/sentimentsurvey/sent_results,conservative_proxy_publication_thursday_after_survey_week,True,True,False,False
1989-09-15,1989-09-16,31.0,44.0,25.0,6.0,AAII Investor Sentiment Survey,https://www.aaii.com/files/surveys/sentiment.xls,https://www.aaii.com/sentimentsurvey/sent_results,conservative_proxy_publication_thursday_after_survey_week,True,True,False,False
1989-09-22,1989-09-23,24.0,37.0,39.0,-15.0,AAII Investor Sentiment Survey,https://www.aaii.com/files/surveys/sentiment.xls,https://www.aaii.com/sentimentsurvey/sent_results,conservative_proxy_publication_thursday_after_survey_week,True,True,False,False
1989-09-29,1989-09-30,33.0,38.0,28.999999999999996,4.0000000000000036,AAII Investor Sentiment Survey,https://www.aaii.com/files/surveys/sentiment.xls,https://www.aaii.com/sentimentsurvey/sent_results,conservative_proxy_publication_thursday_after_survey_week,True,True,False,False
1989-10-06,1989-10-07,24.0,43.0,33.0,-9.0,AAII Investor Sentiment Survey,https://www.aaii.com/files/surveys/sentiment.xls,https://www.aaii.com/sentimentsurvey/sent_results,conservative_proxy_publication_thursday_after_survey_week,True,True,False,False
1989-10-13,1989-10-14,28.000000000000004,52.0,20.0,8.000000000000004,AAII Investor Sentiment Survey,https://www.aaii.com/files/surveys/sentiment.xls,https://www.aaii.com/sentimentsurvey/sent_results,conservative_proxy_publication_thursday_after_survey_week,True,True,False,False
1989-10-20,1989-10-21,39.0,28.000000000000004,33.0,6.0,AAII Investor Sentiment Survey,https://www.aaii.com/files/surveys/sentiment.xls,https://www.aaii.com/sentimentsurvey/sent_results,conservative_proxy_publication_thursday_after_survey_week,True,True,False,False
1989-10-27,1989-10-28,36.0,33.0,31.0,5.0,AAII Investor Sentiment Survey,https://www.aaii.com/files/surveys/sentiment.xls,https://www.aaii.com/sentimentsurvey/sent_results,conservative_proxy_publication_thursday_after_survey_week,True,True,False,False
1989-11-03,1989-11-04,37.0,31.0,32.0,5.0,AAII Investor Sentiment Survey,https://www.aaii.com/files/surveys/sentiment.xls,https://www.aaii.com/sentimentsurvey/sent_results,conservative_proxy_publication_thursday_after_survey_week,True,True,False,False
1989-11-10,1989-11-11,27.0,37.0,36.0,-9.0,AAII Investor Sentiment Survey,https://www.aaii.com/files/surveys/sentiment.xls,https://www.aaii.com/sentimentsurvey/sent_results,conservative_proxy_publication_thursday_after_survey_week,True,True,False,False
1989-11-17,1989-11-18,24.0,28.000000000000004,48.0,-24.0,AAII Investor Sentiment Survey,https://www.aaii.com/files/surveys/sentiment.xls,https://www.aaii.com/sentimentsurvey/sent_results,conservative_proxy_publication_thursday_after_survey_week,True,True,False,False
1989-11-22,1989-11-23,27.0,40.0,33.0,-6.0,AAII Investor Sentiment Survey,https://www.aaii.com/files/surveys/sentiment.xls,https://www.aaii.com/sentimentsurvey/sent_results,conservative_proxy_publication_thursday_after_survey_week,True,True,False,False
1989-12-01,1989-12-02,28.000000000000004,40.0,32.0,-3.9999999999999964,AAII Investor Sentiment Survey,https://www.aaii.com/files/surveys/sentiment.xls,https://www.aaii.com/sentimentsurvey/sent_results,conservative_proxy_publication_thursday_after_survey_week,True,True,False,False
1989-12-08,1989-12-09,31.0,41.0,28.000000000000004,2.9999999999999964,AAII Investor Sentiment Survey,https://www.aaii.com/files/surveys/sentiment.xls,https://www.aaii.com/sentimentsurvey/sent_results,conservative_proxy_publication_thursday_after_survey_week,True,True,False,False
1989-12-15,1989-12-16,42.0,30.0,28.000000000000004,13.999999999999996,AAII Investor Sentiment Survey,https://www.aaii.com/files/surveys/sentiment.xls,https://www.aaii.com/sentimentsurvey/sent_results,conservative_proxy_publication_thursday_after_survey_week,True,True,False,False
1989-12-22,1989-12-23,36.0,32.0,32.0,4.0,AAII Investor Sentiment Survey,https://www.aaii.com/files/surveys/sentiment.xls,https://www.aaii.com/sentimentsurvey/sent_results,conservative_proxy_publication_thursday_after_survey_week,True,True,False,False
1989-12-29,1989-12-30,35.0,31.0,34.0,1.0,AAII Investor Sentiment Survey,https://www.aaii.com/files/surveys/sentiment.xls,https://www.aaii.com/sentimentsurvey/sent_results,conservative_proxy_publication_thursday_after_survey_week,True,True,False,False
1990-01-05,1990-01-06,40.0,30.0,30.0,10.0,AAII Investor Sentiment Survey,https://www.aaii.com/files/surveys/sentiment.xls,https://www.aaii.com/sentimentsurvey/sent_results,conservative_proxy_publication_thursday_after_survey_week,True,True,False,False
1990-01-12,1990-01-13,45.0,38.0,17.0,28.0,AAII Investor Sentiment Survey,https://www.aaii.com/files/surveys/sentiment.xls,https://www.aaii.com/sentimentsurvey/sent_results,conservative_proxy_publication_thursday_after_survey_week,True,True,False,False
1990-01-19,1990-01-20,31.0,49.0,20.0,11.0,AAII Investor Sentiment Survey,https://www.aaii.com/files/surveys/sentiment.xls,https://www.aaii.com/sentimentsurvey/sent_results,conservative_proxy_publication_thursday_after_survey_week,True,True,False,False
1990-01-26,1990-01-27,24.0,38.0,38.0,-14.0,AAII Investor Sentiment Survey,https://www.aaii.com/files/surveys/sentiment.xls,https://www.aaii.com/sentimentsurvey/sent_results,conservative_proxy_publication_thursday_after_survey_week,True,True,False,False
1990-02-02,1990-02-03,15.0,37.0,48.0,-33.0,AAII Investor Sentiment Survey,https://www.aaii.com/files/surveys/sentiment.xls,https://www.aaii.com/sentimentsurvey/sent_results,conservative_proxy_publication_thursday_after_survey_week,True,True,False,False
1990-02-09,1990-02-10,19.0,30.0,51.0,-32.0,AAII Investor Sentiment Survey,https://www.aaii.com/files/surveys/sentiment.xls,https://www.aaii.com/sentimentsurvey/sent_results,conservative_proxy_publication_thursday_after_survey_week,True,True,False,False
1990-02-16,1990-02-17,23.0,43.0,34.0,-11.0,AAII Investor Sentiment Survey,https://www.aaii.com/files/surveys/sentiment.xls,https://www.aaii.com/sentimentsurvey/sent_results,conservative_proxy_publication_thursday_after_survey_week,True,True,False,False
1990-02-23,1990-02-24,24.0,38.0,38.0,-14.0,AAII Investor Sentiment Survey,https://www.aaii.com/files/surveys/sentiment.xls,https://www.aaii.com/sentimentsurvey/sent_results,conservative_proxy_publication_thursday_after_survey_week,True,True,False,False
1990-03-02,1990-03-03,21.0,37.0,42.0,-21.0,AAII Investor Sentiment Survey,https://www.aaii.com/files/surveys/sentiment.xls,https://www.aaii.com/sentimentsurvey/sent_results,conservative_proxy_publication_thursday_after_survey_week,True,True,False,False
1990-03-09,1990-03-10,22.0,42.0,36.0,-14.0,AAII Investor Sentiment Survey,https://www.aaii.com/files/surveys/sentiment.xls,https://www.aaii.com/sentimentsurvey/sent_results,conservative_proxy_publication_thursday_after_survey_week,True,True,False,False
1990-03-16,1990-03-17,25.0,35.0,40.0,-15.0,AAII Investor Sentiment Survey,https://www.aaii.com/files/surveys/sentiment.xls,https://www.aaii.com/sentimentsurvey/sent_results,conservative_proxy_publication_thursday_after_survey_week,True,True,False,False
1990-03-23,1990-03-24,37.0,39.0,24.0,13.0,AAII Investor Sentiment Survey,https://www.aaii.com/files/surveys/sentiment.xls,https://www.aaii.com/sentimentsurvey/sent_results,conservative_proxy_publication_thursday_after_survey_week,True,True,False,False
1990-03-30,1990-03-31,34.0,35.0,31.0,3.0,AAII Investor Sentiment Survey,https://www.aaii.com/files/surveys/sentiment.xls,https://www.aaii.com/sentimentsurvey/sent_results,conservative_proxy_publication_thursday_after_survey_week,True,True,False,False
1990-04-06,1990-04-07,38.0,37.0,25.0,13.0,AAII Investor Sentiment Survey,https://www.aaii.com/files/surveys/sentiment.xls,https://www.aaii.com/sentimentsurvey/sent_results,conservative_proxy_publication_thursday_after_survey_week,True,True,False,False
1990-04-12,1990-04-13,27.0,56.00000000000001,17.0,10.0,AAII Investor Sentiment Survey,https://www.aaii.com/files/surveys/sentiment.xls,https://www.aaii.com/sentimentsurvey/sent_results,conservative_proxy_publication_thursday_after_survey_week,True,True,False,False
1990-04-20,1990-04-21,34.0,43.0,23.0,11.0,AAII Investor Sentiment Survey,https://www.aaii.com/files/surveys/sentiment.xls,https://www.aaii.com/sentimentsurvey/sent_results,conservative_proxy_publication_thursday_after_survey_week,True,True,False,False
1990-04-27,1990-04-28,28.000000000000004,35.0,37.0,-8.999999999999996,AAII Investor Sentiment Survey,https://www.aaii.com/files/surveys/sentiment.xls,https://www.aaii.com/sentimentsurvey/sent_results,conservative_proxy_publication_thursday_after_survey_week,True,True,False,False
1990-05-04,1990-05-05,20.0,35.0,45.0,-25.0,AAII Investor Sentiment Survey,https://www.aaii.com/files/surveys/sentiment.xls,https://www.aaii.com/sentimentsurvey/sent_results,conservative_proxy_publication_thursday_after_survey_week,True,True,False,False
1990-05-11,1990-05-12,28.000000000000004,38.0,34.0,-5.9999999999999964,AAII Investor Sentiment Survey,https://www.aaii.com/files/surveys/sentiment.xls,https://www.aaii.com/sentimentsurvey/sent_results,conservative_proxy_publication_thursday_after_survey_week,True,True,False,False
1990-05-18,1990-05-19,37.0,35.0,28.000000000000004,8.999999999999996,AAII Investor Sentiment Survey,https://www.aaii.com/files/surveys/sentiment.xls,https://www.aaii.com/sentimentsurvey/sent_results,conservative_proxy_publication_thursday_after_survey_week,True,True,False,False
1990-05-25,1990-05-26,39.0,32.0,28.999999999999996,10.000000000000004,AAII Investor Sentiment Survey,https://www.aaii.com/files/surveys/sentiment.xls,https://www.aaii.com/sentimentsurvey/sent_results,conservative_proxy_publication_thursday_after_survey_week,True,True,False,False
1990-06-01,1990-06-02,37.0,28.000000000000004,35.0,2.0,AAII Investor Sentiment Survey,https://www.aaii.com/files/surveys/sentiment.xls,https://www.aaii.com/sentimentsurvey/sent_results,conservative_proxy_publication_thursday_after_survey_week,True,True,False,False
1990-06-08,1990-06-09,35.0,35.0,30.0,5.0,AAII Investor Sentiment Survey,https://www.aaii.com/files/surveys/sentiment.xls,https://www.aaii.com/sentimentsurvey/sent_results,conservative_proxy_publication_thursday_after_survey_week,True,True,False,False
1990-06-15,1990-06-16,43.0,32.0,25.0,18.0,AAII Investor Sentiment Survey,https://www.aaii.com/files/surveys/sentiment.xls,https://www.aaii.com/sentimentsurvey/sent_results,conservative_proxy_publication_thursday_after_survey_week,True,True,False,False
1990-06-22,1990-06-23,34.0,32.0,34.0,0.0,AAII Investor Sentiment Survey,https://www.aaii.com/files/surveys/sentiment.xls,https://www.aaii.com/sentimentsurvey/sent_results,conservative_proxy_publication_thursday_after_survey_week,True,True,False,False
1990-06-29,1990-06-30,31.0,31.0,38.0,-7.0,AAII Investor Sentiment Survey,https://www.aaii.com/files/surveys/sentiment.xls,https://www.aaii.com/sentimentsurvey/sent_results,conservative_proxy_publication_thursday_after_survey_week,True,True,False,False
1990-07-06,1990-07-07,28.000000000000004,34.0,38.0,-9.999999999999996,AAII Investor Sentiment Survey,https://www.aaii.com/files/surveys/sentiment.xls,https://www.aaii.com/sentimentsurvey/sent_results,conservative_proxy_publication_thursday_after_survey_week,True,True,False,False
1990-07-13,1990-07-14,40.0,30.0,30.0,10.0,AAII Investor Sentiment Survey,https://www.aaii.com/files/surveys/sentiment.xls,https://www.aaii.com/sentimentsurvey/sent_results,conservative_proxy_publication_thursday_after_survey_week,True,True,False,False
1990-07-20,1990-07-21,40.0,30.0,30.0,10.0,AAII Investor Sentiment Survey,https://www.aaii.com/files/surveys/sentiment.xls,https://www.aaii.com/sentimentsurvey/sent_results,conservative_proxy_publication_thursday_after_survey_week,True,True,False,False
1990-07-27,1990-07-28,52.0,24.0,24.0,28.0,AAII Investor Sentiment Survey,https://www.aaii.com/files/surveys/sentiment.xls,https://www.aaii.com/sentimentsurvey/sent_results,conservative_proxy_publication_thursday_after_survey_week,True,True,False,False
1990-08-03,1990-08-04,26.0,28.000000000000004,46.0,-20.0,AAII Investor Sentiment Survey,https://www.aaii.com/files/surveys/sentiment.xls,https://www.aaii.com/sentimentsurvey/sent_results,conservative_proxy_publication_thursday_after_survey_week,True,True,False,False
1990-08-10,1990-08-11,25.0,21.0,54.0,-29.0,AAII Investor Sentiment Survey,https://www.aaii.com/files/surveys/sentiment.xls,https://www.aaii.com/sentimentsurvey/sent_results,conservative_proxy_publication_thursday_after_survey_week,True,True,False,False
1990-08-17,1990-08-18,18.0,23.0,59.0,-41.0,AAII Investor Sentiment Survey,https://www.aaii.com/files/surveys/sentiment.xls,https://www.aaii.com/sentimentsurvey/sent_results,conservative_proxy_publication_thursday_after_survey_week,True,True,False,False
1990-08-24,1990-08-25,25.0,24.0,51.0,-26.0,AAII Investor Sentiment Survey,https://www.aaii.com/files/surveys/sentiment.xls,https://www.aaii.com/sentimentsurvey/sent_results,conservative_proxy_publication_thursday_after_survey_week,True,True,False,False
1990-08-31,1990-09-01,23.0,16.0,61.0,-38.0,AAII Investor Sentiment Survey,https://www.aaii.com/files/surveys/sentiment.xls,https://www.aaii.com/sentimentsurvey/sent_results,conservative_proxy_publication_thursday_after_survey_week,True,True,False,False
1990-09-07,1990-09-08,33.0,18.0,49.0,-16.0,AAII Investor Sentiment Survey,https://www.aaii.com/files/surveys/sentiment.xls,https://www.aaii.com/sentimentsurvey/sent_results,conservative_proxy_publication_thursday_after_survey_week,True,True,False,False
1990-09-14,1990-09-15,16.0,33.0,51.0,-35.0,AAII Investor Sentiment Survey,https://www.aaii.com/files/surveys/sentiment.xls,https://www.aaii.com/sentimentsurvey/sent_results,conservative_proxy_publication_thursday_after_survey_week,True,True,False,False
1990-09-21,1990-09-22,13.0,31.0,56.00000000000001,-43.00000000000001,AAII Investor Sentiment Survey,https://www.aaii.com/files/surveys/sentiment.xls,https://www.aaii.com/sentimentsurvey/sent_results,conservative_proxy_publication_thursday_after_survey_week,True,True,False,False
1990-09-28,1990-09-29,26.0,20.0,54.0,-28.0,AAII Investor Sentiment Survey,https://www.aaii.com/files/surveys/sentiment.xls,https://www.aaii.com/sentimentsurvey/sent_results,conservative_proxy_publication_thursday_after_survey_week,True,True,False,False
1990-10-05,1990-10-06,15.0,26.0,59.0,-44.0,AAII Investor Sentiment Survey,https://www.aaii.com/files/surveys/sentiment.xls,https://www.aaii.com/sentimentsurvey/sent_results,conservative_proxy_publication_thursday_after_survey_week,True,True,False,False
1990-10-12,1990-10-13,21.0,27.0,52.0,-31.0,AAII Investor Sentiment Survey,https://www.aaii.com/files/surveys/sentiment.xls,https://www.aaii.com/sentimentsurvey/sent_results,conservative_proxy_publication_thursday_after_survey_week,True,True,False,False
1990-10-19,1990-10-20,13.0,20.0,67.0,-54.0,AAII Investor Sentiment Survey,https://www.aaii.com/files/surveys/sentiment.xls,https://www.aaii.com/sentimentsurvey/sent_results,conservative_proxy_publication_thursday_after_survey_week,True,True,False,False
1990-10-26,1990-10-27,23.0,19.0,57.99999999999999,-34.99999999999999,AAII Investor Sentiment Survey,https://www.aaii.com/files/surveys/sentiment.xls,https://www.aaii.com/sentimentsurvey/sent_results,conservative_proxy_publication_thursday_after_survey_week,True,True,False,False
1990-11-02,1990-11-03,20.0,36.0,44.0,-24.0,AAII Investor Sentiment Survey,https://www.aaii.com/files/surveys/sentiment.xls,https://www.aaii.com/sentimentsurvey/sent_results,conservative_proxy_publication_thursday_after_survey_week,True,True,False,False
1990-11-09,1990-11-10,20.0,32.0,48.0,-28.0,AAII Investor Sentiment Survey,https://www.aaii.com/files/surveys/sentiment.xls,https://www.aaii.com/sentimentsurvey/sent_results,conservative_proxy_publication_thursday_after_survey_week,True,True,False,False
1990-11-16,1990-11-17,12.0,33.0,55.00000000000001,-43.00000000000001,AAII Investor Sentiment Survey,https://www.aaii.com/files/surveys/sentiment.xls,https://www.aaii.com/sentimentsurvey/sent_results,conservative_proxy_publication_thursday_after_survey_week,True,True,False,False
1990-11-21,1990-11-22,16.0,37.0,47.0,-31.0,AAII Investor Sentiment Survey,https://www.aaii.com/files/surveys/sentiment.xls,https://www.aaii.com/sentimentsurvey/sent_results,conservative_proxy_publication_thursday_after_survey_week,True,True,False,False
1990-11-30,1990-12-01,22.0,33.0,45.0,-23.0,AAII Investor Sentiment Survey,https://www.aaii.com/files/surveys/sentiment.xls,https://www.aaii.com/sentimentsurvey/sent_results,conservative_proxy_publication_thursday_after_survey_week,True,True,False,False
1990-12-07,1990-12-08,26.0,33.0,41.0,-15.0,AAII Investor Sentiment Survey,https://www.aaii.com/files/surveys/sentiment.xls,https://www.aaii.com/sentimentsurvey/sent_results,conservative_proxy_publication_thursday_after_survey_week,True,True,False,False
1990-12-14,1990-12-15,31.0,31.0,38.0,-7.0,AAII Investor Sentiment Survey,https://www.aaii.com/files/surveys/sentiment.xls,https://www.aaii.com/sentimentsurvey/sent_results,conservative_proxy_publication_thursday_after_survey_week,True,True,False,False
1990-12-21,1990-12-22,16.0,34.0,50.0,-34.0,AAII Investor Sentiment Survey,https://www.aaii.com/files/surveys/sentiment.xls,https://www.aaii.com/sentimentsurvey/sent_results,conservative_proxy_publication_thursday_after_survey_week,True,True,False,False
1990-12-28,1990-12-29,30.0,30.0,40.0,-10.0,AAII Investor Sentiment Survey,https://www.aaii.com/files/surveys/sentiment.xls,https://www.aaii.com/sentimentsurvey/sent_results,conservative_proxy_publication_thursday_after_survey_week,True,True,False,False
1991-01-04,1991-01-05,31.0,39.0,30.0,1.0,AAII Investor Sentiment Survey,https://www.aaii.com/files/surveys/sentiment.xls,https://www.aaii.com/sentimentsurvey/sent_results,conservative_proxy_publication_thursday_after_survey_week,True,True,False,False
1991-01-11,1991-01-12,22.0,30.0,48.0,-26.0,AAII Investor Sentiment Survey,https://www.aaii.com/files/surveys/sentiment.xls,https://www.aaii.com/sentimentsurvey/sent_results,conservative_proxy_publication_thursday_after_survey_week,True,True,False,False
1991-01-18,1991-01-19,22.0,27.0,51.0,-29.0,AAII Investor Sentiment Survey,https://www.aaii.com/files/surveys/sentiment.xls,https://www.aaii.com/sentimentsurvey/sent_results,conservative_proxy_publication_thursday_after_survey_week,True,True,False,False
1991-01-25,1991-01-26,25.0,25.0,50.0,-25.0,AAII Investor Sentiment Survey,https://www.aaii.com/files/surveys/sentiment.xls,https://www.aaii.com/sentimentsurvey/sent_results,conservative_proxy_publication_thursday_after_survey_week,True,True,False,False
1991-02-01,1991-02-02,28.999999999999996,28.999999999999996,42.0,-13.000000000000004,AAII Investor Sentiment Survey,https://www.aaii.com/files/surveys/sentiment.xls,https://www.aaii.com/sentimentsurvey/sent_results,conservative_proxy_publication_thursday_after_survey_week,True,True,False,False
1991-02-08,1991-02-09,36.0,28.000000000000004,36.0,0.0,AAII Investor Sentiment Survey,https://www.aaii.com/files/surveys/sentiment.xls,https://www.aaii.com/sentimentsurvey/sent_results,conservative_proxy_publication_thursday_after_survey_week,True,True,False,False
1991-02-15,1991-02-16,46.0,30.0,24.0,22.0,AAII Investor Sentiment Survey,https://www.aaii.com/files/surveys/sentiment.xls,https://www.aaii.com/sentimentsurvey/sent_results,conservative_proxy_publication_thursday_after_survey_week,True,True,False,False
1991-02-22,1991-02-23,56.99999999999999,20.0,23.0,33.99999999999999,AAII Investor Sentiment Survey,https://www.aaii.com/files/surveys/sentiment.xls,https://www.aaii.com/sentimentsurvey/sent_results,conservative_proxy_publication_thursday_after_survey_week,True,True,False,False
1991-03-01,1991-03-02,50.0,18.0,32.0,18.0,AAII Investor Sentiment Survey,https://www.aaii.com/files/surveys/sentiment.xls,https://www.aaii.com/sentimentsurvey/sent_results,conservative_proxy_publication_thursday_after_survey_week,True,True,False,False
1991-03-08,1991-03-09,50.0,21.0,28.999999999999996,21.000000000000004,AAII Investor Sentiment Survey,https://www.aaii.com/files/surveys/sentiment.xls,https://www.aaii.com/sentimentsurvey/sent_results,conservative_proxy_publication_thursday_after_survey_week,True,True,False,False
1991-03-15,1991-03-16,55.00000000000001,22.0,23.0,32.00000000000001,AAII Investor Sentiment Survey,https://www.aaii.com/files/surveys/sentiment.xls,https://www.aaii.com/sentimentsurvey/sent_results,conservative_proxy_publication_thursday_after_survey_week,True,True,False,False
1991-03-22,1991-03-23,42.0,31.0,27.0,15.0,AAII Investor Sentiment Survey,https://www.aaii.com/files/surveys/sentiment.xls,https://www.aaii.com/sentimentsurvey/sent_results,conservative_proxy_publication_thursday_after_survey_week,True,True,False,False
1991-03-29,1991-03-30,47.0,28.000000000000004,25.0,22.0,AAII Investor Sentiment Survey,https://www.aaii.com/files/surveys/sentiment.xls,https://www.aaii.com/sentimentsurvey/sent_results,conservative_proxy_publication_thursday_after_survey_week,True,True,False,False
1991-04-05,1991-04-06,57.99999999999999,22.0,20.0,37.99999999999999,AAII Investor Sentiment Survey,https://www.aaii.com/files/surveys/sentiment.xls,https://www.aaii.com/sentimentsurvey/sent_results,conservative_proxy_publication_thursday_after_survey_week,True,True,False,False
1991-04-12,1991-04-13,43.0,32.0,25.0,18.0,AAII Investor Sentiment Survey,https://www.aaii.com/files/surveys/sentiment.xls,https://www.aaii.com/sentimentsurvey/sent_results,conservative_proxy_publication_thursday_after_survey_week,True,True,False,False
1991-04-19,1991-04-20,39.0,39.0,22.0,17.0,AAII Investor Sentiment Survey,https://www.aaii.com/files/surveys/sentiment.xls,https://www.aaii.com/sentimentsurvey/sent_results,conservative_proxy_publication_thursday_after_survey_week,True,True,False,False
1991-04-26,1991-04-27,55.00000000000001,28.000000000000004,17.0,38.00000000000001,AAII Investor Sentiment Survey,https://www.aaii.com/files/surveys/sentiment.xls,https://www.aaii.com/sentimentsurvey/sent_results,conservative_proxy_publication_thursday_after_survey_week,True,True,False,False
1991-05-03,1991-05-04,39.0,33.0,28.000000000000004,10.999999999999996,AAII Investor Sentiment Survey,https://www.aaii.com/files/surveys/sentiment.xls,https://www.aaii.com/sentimentsurvey/sent_results,conservative_proxy_publication_thursday_after_survey_week,True,True,False,False
1991-05-10,1991-05-11,38.0,34.0,28.000000000000004,9.999999999999996,AAII Investor Sentiment Survey,https://www.aaii.com/files/surveys/sentiment.xls,https://www.aaii.com/sentimentsurvey/sent_results,conservative_proxy_publication_thursday_after_survey_week,True,True,False,False
1991-05-17,1991-05-18,42.0,32.0,26.0,16.0,AAII Investor Sentiment Survey,https://www.aaii.com/files/surveys/sentiment.xls,https://www.aaii.com/sentimentsurvey/sent_results,conservative_proxy_publication_thursday_after_survey_week,True,True,False,False
1991-05-24,1991-05-25,38.0,39.0,23.0,15.0,AAII Investor Sentiment Survey,https://www.aaii.com/files/surveys/sentiment.xls,https://www.aaii.com/sentimentsurvey/sent_results,conservative_proxy_publication_thursday_after_survey_week,True,True,False,False
1991-05-31,1991-06-01,42.0,35.0,23.0,19.0,AAII Investor Sentiment Survey,https://www.aaii.com/files/surveys/sentiment.xls,https://www.aaii.com/sentimentsurvey/sent_results,conservative_proxy_publication_thursday_after_survey_week,True,True,False,False
1991-06-07,1991-06-08,46.0,37.0,17.0,29.0,AAII Investor Sentiment Survey,https://www.aaii.com/files/surveys/sentiment.xls,https://www.aaii.com/sentimentsurvey/sent_results,conservative_proxy_publication_thursday_after_survey_week,True,True,False,False
1991-06-14,1991-06-15,47.0,31.0,22.0,25.0,AAII Investor Sentiment Survey,https://www.aaii.com/files/surveys/sentiment.xls,https://www.aaii.com/sentimentsurvey/sent_results,conservative_proxy_publication_thursday_after_survey_week,True,True,False,False
1991-06-21,1991-06-22,44.0,40.0,16.0,28.0,AAII Investor Sentiment Survey,https://www.aaii.com/files/surveys/sentiment.xls,https://www.aaii.com/sentimentsurvey/sent_results,conservative_proxy_publication_thursday_after_survey_week,True,True,False,False
1991-06-28,1991-06-29,28.000000000000004,37.0,35.0,-6.9999999999999964,AAII Investor Sentiment Survey,https://www.aaii.com/files/surveys/sentiment.xls,https://www.aaii.com/sentimentsurvey/sent_results,conservative_proxy_publication_thursday_after_survey_week,True,True,False,False
1991-07-03,1991-07-04,28.000000000000004,39.0,33.0,-4.9999999999999964,AAII Investor Sentiment Survey,https://www.aaii.com/files/surveys/sentiment.xls,https://www.aaii.com/sentimentsurvey/sent_results,conservative_proxy_publication_thursday_after_survey_week,True,True,False,False
1991-07-12,1991-07-13,41.0,39.0,20.0,21.0,AAII Investor Sentiment Survey,https://www.aaii.com/files/surveys/sentiment.xls,https://www.aaii.com/sentimentsurvey/sent_results,conservative_proxy_publication_thursday_after_survey_week,True,True,False,False
1991-07-19,1991-07-20,27.0,51.0,22.0,5.0,AAII Investor Sentiment Survey,https://www.aaii.com/files/surveys/sentiment.xls,https://www.aaii.com/sentimentsurvey/sent_results,conservative_proxy_publication_thursday_after_survey_week,True,True,False,False
1991-07-26,1991-07-27,35.0,42.0,23.0,12.0,AAII Investor Sentiment Survey,https://www.aaii.com/files/surveys/sentiment.xls,https://www.aaii.com/sentimentsurvey/sent_results,conservative_proxy_publication_thursday_after_survey_week,True,True,False,False
1991-08-02,1991-08-03,33.0,36.0,31.0,2.0,AAII Investor Sentiment Survey,https://www.aaii.com/files/surveys/sentiment.xls,https://www.aaii.com/sentimentsurvey/sent_results,conservative_proxy_publication_thursday_after_survey_week,True,True,False,False
1991-08-09,1991-08-10,26.0,45.0,28.999999999999996,-2.9999999999999964,AAII Investor Sentiment Survey,https://www.aaii.com/files/surveys/sentiment.xls,https://www.aaii.com/sentimentsurvey/sent_results,conservative_proxy_publication_thursday_after_survey_week,True,True,False,False
1991-08-16,1991-08-17,37.0,33.0,30.0,7.0,AAII Investor Sentiment Survey,https://www.aaii.com/files/surveys/sentiment.xls,https://www.aaii.com/sentimentsurvey/sent_results,conservative_proxy_publication_thursday_after_survey_week,True,True,False,False
1991-08-23,1991-08-24,32.0,36.0,32.0,0.0,AAII Investor Sentiment Survey,https://www.aaii.com/files/surveys/sentiment.xls,https://www.aaii.com/sentimentsurvey/sent_results,conservative_proxy_publication_thursday_after_survey_week,True,True,False,False
1991-08-30,1991-08-31,41.0,40.0,19.0,22.0,AAII Investor Sentiment Survey,https://www.aaii.com/files/surveys/sentiment.xls,https://www.aaii.com/sentimentsurvey/sent_results,conservative_proxy_publication_thursday_after_survey_week,True,True,False,False
1991-09-06,1991-09-07,36.0,31.0,33.0,3.0,AAII Investor Sentiment Survey,https://www.aaii.com/files/surveys/sentiment.xls,https://www.aaii.com/sentimentsurvey/sent_results,conservative_proxy_publication_thursday_after_survey_week,True,True,False,False
1991-09-13,1991-09-14,43.0,39.0,18.0,25.0,AAII Investor Sentiment Survey,https://www.aaii.com/files/surveys/sentiment.xls,https://www.aaii.com/sentimentsurvey/sent_results,conservative_proxy_publication_thursday_after_survey_week,True,True,False,False
1991-09-20,1991-09-21,32.0,48.0,20.0,12.0,AAII Investor Sentiment Survey,https://www.aaii.com/files/surveys/sentiment.xls,https://www.aaii.com/sentimentsurvey/sent_results,conservative_proxy_publication_thursday_after_survey_week,True,True,False,False
1991-09-27,1991-09-28,31.0,38.0,31.0,0.0,AAII Investor Sentiment Survey,https://www.aaii.com/files/surveys/sentiment.xls,https://www.aaii.com/sentimentsurvey/sent_results,conservative_proxy_publication_thursday_after_survey_week,True,True,False,False
1991-10-04,1991-10-05,35.0,30.0,35.0,0.0,AAII Investor Sentiment Survey,https://www.aaii.com/files/surveys/sentiment.xls,https://www.aaii.com/sentimentsurvey/sent_results,conservative_proxy_publication_thursday_after_survey_week,True,True,False,False
1991-10-11,1991-10-12,39.0,37.0,24.0,15.0,AAII Investor Sentiment Survey,https://www.aaii.com/files/surveys/sentiment.xls,https://www.aaii.com/sentimentsurvey/sent_results,conservative_proxy_publication_thursday_after_survey_week,True,True,False,False
1991-10-18,1991-10-19,30.0,31.0,39.0,-9.0,AAII Investor Sentiment Survey,https://www.aaii.com/files/surveys/sentiment.xls,https://www.aaii.com/sentimentsurvey/sent_results,conservative_proxy_publication_thursday_after_survey_week,True,True,False,False
1991-10-25,1991-10-26,31.0,36.0,33.0,-2.0,AAII Investor Sentiment Survey,https://www.aaii.com/files/surveys/sentiment.xls,https://www.aaii.com/sentimentsurvey/sent_results,conservative_proxy_publication_thursday_after_survey_week,True,True,False,False
1991-11-01,1991-11-02,52.0,12.0,36.0,16.0,AAII Investor Sentiment Survey,https://www.aaii.com/files/surveys/sentiment.xls,https://www.aaii.com/sentimentsurvey/sent_results,conservative_proxy_publication_thursday_after_survey_week,True,True,False,False
1991-11-08,1991-11-09,32.0,36.0,32.0,0.0,AAII Investor Sentiment Survey,https://www.aaii.com/files/surveys/sentiment.xls,https://www.aaii.com/sentimentsurvey/sent_results,conservative_proxy_publication_thursday_after_survey_week,True,True,False,False
1991-11-15,1991-11-16,38.0,33.0,28.999999999999996,9.000000000000004,AAII Investor Sentiment Survey,https://www.aaii.com/files/surveys/sentiment.xls,https://www.aaii.com/sentimentsurvey/sent_results,conservative_proxy_publication_thursday_after_survey_week,True,True,False,False
1991-11-22,1991-11-23,48.0,32.0,20.0,28.0,AAII Investor Sentiment Survey,https://www.aaii.com/files/surveys/sentiment.xls,https://www.aaii.com/sentimentsurvey/sent_results,conservative_proxy_publication_thursday_after_survey_week,True,True,False,False
1991-11-27,1991-11-28,33.0,27.0,40.0,-7.0,AAII Investor Sentiment Survey,https://www.aaii.com/files/surveys/sentiment.xls,https://www.aaii.com/sentimentsurvey/sent_results,conservative_proxy_publication_thursday_after_survey_week,True,True,False,False
1991-12-06,1991-12-07,23.0,32.0,45.0,-22.0,AAII Investor Sentiment Survey,https://www.aaii.com/files/surveys/sentiment.xls,https://www.aaii.com/sentimentsurvey/sent_results,conservative_proxy_publication_thursday_after_survey_week,True,True,False,False
1991-12-13,1991-12-14,33.0,36.0,31.0,2.0,AAII Investor Sentiment Survey,https://www.aaii.com/files/surveys/sentiment.xls,https://www.aaii.com/sentimentsurvey/sent_results,conservative_proxy_publication_thursday_after_survey_week,True,True,False,False
1991-12-20,1991-12-21,36.0,30.0,34.0,2.0,AAII Investor Sentiment Survey,https://www.aaii.com/files/surveys/sentiment.xls,https://www.aaii.com/sentimentsurvey/sent_results,conservative_proxy_publication_thursday_after_survey_week,True,True,False,False
1991-12-27,1991-12-28,39.0,28.999999999999996,32.0,7.0,AAII Investor Sentiment Survey,https://www.aaii.com/files/surveys/sentiment.xls,https://www.aaii.com/sentimentsurvey/sent_results,conservative_proxy_publication_thursday_after_survey_week,True,True,False,False
1992-01-03,1992-01-04,49.0,20.0,31.0,18.0,AAII Investor Sentiment Survey,https://www.aaii.com/files/surveys/sentiment.xls,https://www.aaii.com/sentimentsurvey/sent_results,conservative_proxy_publication_thursday_after_survey_week,True,True,False,False
1992-01-10,1992-01-11,48.0,27.0,25.0,23.0,AAII Investor Sentiment Survey,https://www.aaii.com/files/surveys/sentiment.xls,https://www.aaii.com/sentimentsurvey/sent_results,conservative_proxy_publication_thursday_after_survey_week,True,True,False,False
1992-01-17,1992-01-18,51.0,21.0,28.000000000000004,22.999999999999996,AAII Investor Sentiment Survey,https://www.aaii.com/files/surveys/sentiment.xls,https://www.aaii.com/sentimentsurvey/sent_results,conservative_proxy_publication_thursday_after_survey_week,True,True,False,False
1992-01-24,1992-01-25,46.0,25.0,28.999999999999996,17.000000000000004,AAII Investor Sentiment Survey,https://www.aaii.com/files/surveys/sentiment.xls,https://www.aaii.com/sentimentsurvey/sent_results,conservative_proxy_publication_thursday_after_survey_week,True,True,False,False
1992-01-31,1992-02-01,47.0,26.0,27.0,20.0,AAII Investor Sentiment Survey,https://www.aaii.com/files/surveys/sentiment.xls,https://www.aaii.com/sentimentsurvey/sent_results,conservative_proxy_publication_thursday_after_survey_week,True,True,False,False
1992-02-07,1992-02-08,36.0,39.0,25.0,11.0,AAII Investor Sentiment Survey,https://www.aaii.com/files/surveys/sentiment.xls,https://www.aaii.com/sentimentsurvey/sent_results,conservative_proxy_publication_thursday_after_survey_week,True,True,False,False
1992-02-14,1992-02-15,46.0,28.000000000000004,26.0,20.0,AAII Investor Sentiment Survey,https://www.aaii.com/files/surveys/sentiment.xls,https://www.aaii.com/sentimentsurvey/sent_results,conservative_proxy_publication_thursday_after_survey_week,True,True,False,False
1992-02-21,1992-02-22,47.0,25.0,28.000000000000004,18.999999999999996,AAII Investor Sentiment Survey,https://www.aaii.com/files/surveys/sentiment.xls,https://www.aaii.com/sentimentsurvey/sent_results,conservative_proxy_publication_thursday_after_survey_week,True,True,False,False
1992-02-28,1992-02-29,43.0,36.0,21.0,22.0,AAII Investor Sentiment Survey,https://www.aaii.com/files/surveys/sentiment.xls,https://www.aaii.com/sentimentsurvey/sent_results,conservative_proxy_publication_thursday_after_survey_week,True,True,False,False
1992-03-06,1992-03-07,45.0,28.999999999999996,26.0,19.0,AAII Investor Sentiment Survey,https://www.aaii.com/files/surveys/sentiment.xls,https://www.aaii.com/sentimentsurvey/sent_results,conservative_proxy_publication_thursday_after_survey_week,True,True,False,False
1992-03-13,1992-03-14,38.0,35.0,27.0,11.0,AAII Investor Sentiment Survey,https://www.aaii.com/files/surveys/sentiment.xls,https://www.aaii.com/sentimentsurvey/sent_results,conservative_proxy_publication_thursday_after_survey_week,True,True,False,False
1992-03-20,1992-03-21,48.0,28.999999999999996,23.0,25.0,AAII Investor Sentiment Survey,https://www.aaii.com/files/surveys/sentiment.xls,https://www.aaii.com/sentimentsurvey/sent_results,conservative_proxy_publication_thursday_after_survey_week,True,True,False,False
1992-03-27,1992-03-28,43.0,35.0,22.0,21.0,AAII Investor Sentiment Survey,https://www.aaii.com/files/surveys/sentiment.xls,https://www.aaii.com/sentimentsurvey/sent_results,conservative_proxy_publication_thursday_after_survey_week,True,True,False,False
1992-04-03,1992-04-04,35.0,42.0,23.0,12.0,AAII Investor Sentiment Survey,https://www.aaii.com/files/surveys/sentiment.xls,https://www.aaii.com/sentimentsurvey/sent_results,conservative_proxy_publication_thursday_after_survey_week,True,True,False,False
1992-04-10,1992-04-11,43.0,27.0,30.0,13.0,AAII Investor Sentiment Survey,https://www.aaii.com/files/surveys/sentiment.xls,https://www.aaii.com/sentimentsurvey/sent_results,conservative_proxy_publication_thursday_after_survey_week,True,True,False,False
1992-04-17,1992-04-18,37.0,38.0,25.0,12.0,AAII Investor Sentiment Survey,https://www.aaii.com/files/surveys/sentiment.xls,https://www.aaii.com/sentimentsurvey/sent_results,conservative_proxy_publication_thursday_after_survey_week,True,True,False,False
1992-04-24,1992-04-25,52.0,34.0,14.000000000000002,38.0,AAII Investor Sentiment Survey,https://www.aaii.com/files/surveys/sentiment.xls,https://www.aaii.com/sentimentsurvey/sent_results,conservative_proxy_publication_thursday_after_survey_week,True,True,False,False
1992-05-01,1992-05-02,28.999999999999996,36.0,35.0,-6.0000000000000036,AAII Investor Sentiment Survey,https://www.aaii.com/files/surveys/sentiment.xls,https://www.aaii.com/sentimentsurvey/sent_results,conservative_proxy_publication_thursday_after_survey_week,True,True,False,False
1992-05-08,1992-05-09,43.0,31.0,26.0,17.0,AAII Investor Sentiment Survey,https://www.aaii.com/files/surveys/sentiment.xls,https://www.aaii.com/sentimentsurvey/sent_results,conservative_proxy_publication_thursday_after_survey_week,True,True,False,False
1992-05-15,1992-05-16,40.0,37.0,23.0,17.0,AAII Investor Sentiment Survey,https://www.aaii.com/files/surveys/sentiment.xls,https://www.aaii.com/sentimentsurvey/sent_results,conservative_proxy_publication_thursday_after_survey_week,True,True,False,False
1992-05-22,1992-05-23,48.0,24.0,28.000000000000004,19.999999999999996,AAII Investor Sentiment Survey,https://www.aaii.com/files/surveys/sentiment.xls,https://www.aaii.com/sentimentsurvey/sent_results,conservative_proxy_publication_thursday_after_survey_week,True,True,False,False
1992-05-29,1992-05-30,41.0,43.0,16.0,25.0,AAII Investor Sentiment Survey,https://www.aaii.com/files/surveys/sentiment.xls,https://www.aaii.com/sentimentsurvey/sent_results,conservative_proxy_publication_thursday_after_survey_week,True,True,False,False
1992-06-05,1992-06-06,41.0,40.0,19.0,22.0,AAII Investor Sentiment Survey,https://www.aaii.com/files/surveys/sentiment.xls,https://www.aaii.com/sentimentsurvey/sent_results,conservative_proxy_publication_thursday_after_survey_week,True,True,False,False
1992-06-12,1992-06-13,31.0,46.0,23.0,8.0,AAII Investor Sentiment Survey,https://www.aaii.com/files/surveys/sentiment.xls,https://www.aaii.com/sentimentsurvey/sent_results,conservative_proxy_publication_thursday_after_survey_week,True,True,False,False
1992-06-19,1992-06-20,35.0,37.0,28.000000000000004,6.9999999999999964,AAII Investor Sentiment Survey,https://www.aaii.com/files/surveys/sentiment.xls,https://www.aaii.com/sentimentsurvey/sent_results,conservative_proxy_publication_thursday_after_survey_week,True,True,False,False
1992-06-26,1992-06-27,39.0,34.0,27.0,12.0,AAII Investor Sentiment Survey,https://www.aaii.com/files/surveys/sentiment.xls,https://www.aaii.com/sentimentsurvey/sent_results,conservative_proxy_publication_thursday_after_survey_week,True,True,False,False
1992-07-02,1992-07-03,21.0,44.0,35.0,-14.0,AAII Investor Sentiment Survey,https://www.aaii.com/files/surveys/sentiment.xls,https://www.aaii.com/sentimentsurvey/sent_results,conservative_proxy_publication_thursday_after_survey_week,True,True,False,False
1992-07-09,1992-07-10,23.0,42.0,35.0,-12.0,AAII Investor Sentiment Survey,https://www.aaii.com/files/surveys/sentiment.xls,https://www.aaii.com/sentimentsurvey/sent_results,conservative_proxy_publication_thursday_after_survey_week,True,True,False,False
1992-07-17,1992-07-18,28.999999999999996,40.0,31.0,-2.0000000000000036,AAII Investor Sentiment Survey,https://www.aaii.com/files/surveys/sentiment.xls,https://www.aaii.com/sentimentsurvey/sent_results,conservative_proxy_publication_thursday_after_survey_week,True,True,False,False
1992-07-24,1992-07-25,32.0,44.0,24.0,8.0,AAII Investor Sentiment Survey,https://www.aaii.com/files/surveys/sentiment.xls,https://www.aaii.com/sentimentsurvey/sent_results,conservative_proxy_publication_thursday_after_survey_week,True,True,False,False
1992-07-31,1992-08-01,22.0,47.0,31.0,-9.0,AAII Investor Sentiment Survey,https://www.aaii.com/files/surveys/sentiment.xls,https://www.aaii.com/sentimentsurvey/sent_results,conservative_proxy_publication_thursday_after_survey_week,True,True,False,False
1992-08-05,1992-08-06,28.000000000000004,39.0,33.0,-4.9999999999999964,AAII Investor Sentiment Survey,https://www.aaii.com/files/surveys/sentiment.xls,https://www.aaii.com/sentimentsurvey/sent_results,conservative_proxy_publication_thursday_after_survey_week,True,True,False,False
1992-08-14,1992-08-15,26.0,37.0,37.0,-11.0,AAII Investor Sentiment Survey,https://www.aaii.com/files/surveys/sentiment.xls,https://www.aaii.com/sentimentsurvey/sent_results,conservative_proxy_publication_thursday_after_survey_week,True,True,False,False
1992-08-21,1992-08-22,22.0,34.0,44.0,-22.0,AAII Investor Sentiment Survey,https://www.aaii.com/files/surveys/sentiment.xls,https://www.aaii.com/sentimentsurvey/sent_results,conservative_proxy_publication_thursday_after_survey_week,True,True,False,False
1992-08-28,1992-08-29,30.0,37.0,33.0,-3.0,AAII Investor Sentiment Survey,https://www.aaii.com/files/surveys/sentiment.xls,https://www.aaii.com/sentimentsurvey/sent_results,conservative_proxy_publication_thursday_after_survey_week,True,True,False,False
1992-09-04,1992-09-05,14.000000000000002,44.0,42.0,-28.0,AAII Investor Sentiment Survey,https://www.aaii.com/files/surveys/sentiment.xls,https://www.aaii.com/sentimentsurvey/sent_results,conservative_proxy_publication_thursday_after_survey_week,True,True,False,False
1992-09-11,1992-09-12,22.0,39.0,39.0,-17.0,AAII Investor Sentiment Survey,https://www.aaii.com/files/surveys/sentiment.xls,https://www.aaii.com/sentimentsurvey/sent_results,conservative_proxy_publication_thursday_after_survey_week,True,True,False,False
1992-09-18,1992-09-19,21.0,42.0,37.0,-16.0,AAII Investor Sentiment Survey,https://www.aaii.com/files/surveys/sentiment.xls,https://www.aaii.com/sentimentsurvey/sent_results,conservative_proxy_publication_thursday_after_survey_week,True,True,False,False
1992-09-25,1992-09-26,25.0,34.0,41.0,-16.0,AAII Investor Sentiment Survey,https://www.aaii.com/files/surveys/sentiment.xls,https://www.aaii.com/sentimentsurvey/sent_results,conservative_proxy_publication_thursday_after_survey_week,True,True,False,False
1992-10-02,1992-10-03,30.0,35.0,35.0,-5.0,AAII Investor Sentiment Survey,https://www.aaii.com/files/surveys/sentiment.xls,https://www.aaii.com/sentimentsurvey/sent_results,conservative_proxy_publication_thursday_after_survey_week,True,True,False,False
1992-10-09,1992-10-10,21.0,35.0,44.0,-23.0,AAII Investor Sentiment Survey,https://www.aaii.com/files/surveys/sentiment.xls,https://www.aaii.com/sentimentsurvey/sent_results,conservative_proxy_publication_thursday_after_survey_week,True,True,False,False
1992-10-16,1992-10-17,20.0,24.0,56.00000000000001,-36.00000000000001,AAII Investor Sentiment Survey,https://www.aaii.com/files/surveys/sentiment.xls,https://www.aaii.com/sentimentsurvey/sent_results,conservative_proxy_publication_thursday_after_survey_week,True,True,False,False
1992-10-23,1992-10-24,21.0,32.0,47.0,-26.0,AAII Investor Sentiment Survey,https://www.aaii.com/files/surveys/sentiment.xls,https://www.aaii.com/sentimentsurvey/sent_results,conservative_proxy_publication_thursday_after_survey_week,True,True,False,False
1992-10-30,1992-10-31,35.0,35.0,30.0,5.0,AAII Investor Sentiment Survey,https://www.aaii.com/files/surveys/sentiment.xls,https://www.aaii.com/sentimentsurvey/sent_results,conservative_proxy_publication_thursday_after_survey_week,True,True,False,False
1992-11-06,1992-11-07,49.0,27.0,24.0,25.0,AAII Investor Sentiment Survey,https://www.aaii.com/files/surveys/sentiment.xls,https://www.aaii.com/sentimentsurvey/sent_results,conservative_proxy_publication_thursday_after_survey_week,True,True,False,False
1992-11-13,1992-11-14,37.0,44.0,19.0,18.0,AAII Investor Sentiment Survey,https://www.aaii.com/files/surveys/sentiment.xls,https://www.aaii.com/sentimentsurvey/sent_results,conservative_proxy_publication_thursday_after_survey_week,True,True,False,False
1992-11-20,1992-11-21,48.0,38.0,14.000000000000002,34.0,AAII Investor Sentiment Survey,https://www.aaii.com/files/surveys/sentiment.xls,https://www.aaii.com/sentimentsurvey/sent_results,conservative_proxy_publication_thursday_after_survey_week,True,True,False,False
1992-11-25,1992-11-26,43.0,37.0,20.0,23.0,AAII Investor Sentiment Survey,https://www.aaii.com/files/surveys/sentiment.xls,https://www.aaii.com/sentimentsurvey/sent_results,conservative_proxy_publication_thursday_after_survey_week,True,True,False,False
1992-12-04,1992-12-05,37.0,39.0,24.0,13.0,AAII Investor Sentiment Survey,https://www.aaii.com/files/surveys/sentiment.xls,https://www.aaii.com/sentimentsurvey/sent_results,conservative_proxy_publication_thursday_after_survey_week,True,True,False,False
1992-12-11,1992-12-12,43.0,42.0,15.0,28.0,AAII Investor Sentiment Survey,https://www.aaii.com/files/surveys/sentiment.xls,https://www.aaii.com/sentimentsurvey/sent_results,conservative_proxy_publication_thursday_after_survey_week,True,True,False,False
1992-12-18,1992-12-19,63.0,27.0,10.0,53.0,AAII Investor Sentiment Survey,https://www.aaii.com/files/surveys/sentiment.xls,https://www.aaii.com/sentimentsurvey/sent_results,conservative_proxy_publication_thursday_after_survey_week,True,True,False,False
1992-12-24,1992-12-25,55.00000000000001,30.0,15.0,40.00000000000001,AAII Investor Sentiment Survey,https://www.aaii.com/files/surveys/sentiment.xls,https://www.aaii.com/sentimentsurvey/sent_results,conservative_proxy_publication_thursday_after_survey_week,True,True,False,False
1993-01-01,1993-01-02,60.0,27.0,13.0,47.0,AAII Investor Sentiment Survey,https://www.aaii.com/files/surveys/sentiment.xls,https://www.aaii.com/sentimentsurvey/sent_results,conservative_proxy_publication_thursday_after_survey_week,True,True,False,False
1993-01-08,1993-01-09,20.0,49.0,31.0,-11.0,AAII Investor Sentiment Survey,https://www.aaii.com/files/surveys/sentiment.xls,https://www.aaii.com/sentimentsurvey/sent_results,conservative_proxy_publication_thursday_after_survey_week,True,True,False,False
1993-01-15,1993-01-16,54.0,32.0,14.000000000000002,40.0,AAII Investor Sentiment Survey,https://www.aaii.com/files/surveys/sentiment.xls,https://www.aaii.com/sentimentsurvey/sent_results,conservative_proxy_publication_thursday_after_survey_week,True,True,False,False
1993-01-22,1993-01-23,41.0,38.0,21.0,20.0,AAII Investor Sentiment Survey,https://www.aaii.com/files/surveys/sentiment.xls,https://www.aaii.com/sentimentsurvey/sent_results,conservative_proxy_publication_thursday_after_survey_week,True,True,False,False
1993-01-29,1993-01-30,40.0,37.0,23.0,17.0,AAII Investor Sentiment Survey,https://www.aaii.com/files/surveys/sentiment.xls,https://www.aaii.com/sentimentsurvey/sent_results,conservative_proxy_publication_thursday_after_survey_week,True,True,False,False
1993-02-05,1993-02-06,44.0,34.0,22.0,22.0,AAII Investor Sentiment Survey,https://www.aaii.com/files/surveys/sentiment.xls,https://www.aaii.com/sentimentsurvey/sent_results,conservative_proxy_publication_thursday_after_survey_week,True,True,False,False
1993-02-12,1993-02-13,47.0,31.0,22.0,25.0,AAII Investor Sentiment Survey,https://www.aaii.com/files/surveys/sentiment.xls,https://www.aaii.com/sentimentsurvey/sent_results,conservative_proxy_publication_thursday_after_survey_week,True,True,False,False
1993-02-19,1993-02-20,46.0,27.0,27.0,19.0,AAII Investor Sentiment Survey,https://www.aaii.com/files/surveys/sentiment.xls,https://www.aaii.com/sentimentsurvey/sent_results,conservative_proxy_publication_thursday_after_survey_week,True,True,False,False
1993-02-26,1993-02-27,34.0,32.0,34.0,0.0,AAII Investor Sentiment Survey,https://www.aaii.com/files/surveys/sentiment.xls,https://www.aaii.com/sentimentsurvey/sent_results,conservative_proxy_publication_thursday_after_survey_week,True,True,False,False
1993-03-05,1993-03-06,27.0,36.0,37.0,-10.0,AAII Investor Sentiment Survey,https://www.aaii.com/files/surveys/sentiment.xls,https://www.aaii.com/sentimentsurvey/sent_results,conservative_proxy_publication_thursday_after_survey_week,True,True,False,False
1993-03-12,1993-03-13,45.0,33.0,22.0,23.0,AAII Investor Sentiment Survey,https://www.aaii.com/files/surveys/sentiment.xls,https://www.aaii.com/sentimentsurvey/sent_results,conservative_proxy_publication_thursday_after_survey_week,True,True,False,False
1993-03-19,1993-03-20,41.0,32.0,27.0,14.0,AAII Investor Sentiment Survey,https://www.aaii.com/files/surveys/sentiment.xls,https://www.aaii.com/sentimentsurvey/sent_results,conservative_proxy_publication_thursday_after_survey_week,True,True,False,False
1993-03-26,1993-03-27,43.0,34.0,23.0,20.0,AAII Investor Sentiment Survey,https://www.aaii.com/files/surveys/sentiment.xls,https://www.aaii.com/sentimentsurvey/sent_results,conservative_proxy_publication_thursday_after_survey_week,True,True,False,False
1993-04-02,1993-04-03,37.0,36.0,27.0,10.0,AAII Investor Sentiment Survey,https://www.aaii.com/files/surveys/sentiment.xls,https://www.aaii.com/sentimentsurvey/sent_results,conservative_proxy_publication_thursday_after_survey_week,True,True,False,False
1993-04-09,1993-04-10,32.0,39.0,28.999999999999996,3.0000000000000036,AAII Investor Sentiment Survey,https://www.aaii.com/files/surveys/sentiment.xls,https://www.aaii.com/sentimentsurvey/sent_results,conservative_proxy_publication_thursday_after_survey_week,True,True,False,False
1993-04-16,1993-04-17,31.0,35.0,34.0,-3.0,AAII Investor Sentiment Survey,https://www.aaii.com/files/surveys/sentiment.xls,https://www.aaii.com/sentimentsurvey/sent_results,conservative_proxy_publication_thursday_after_survey_week,True,True,False,False
1993-04-23,1993-04-24,28.000000000000004,42.0,30.0,-1.9999999999999964,AAII Investor Sentiment Survey,https://www.aaii.com/files/surveys/sentiment.xls,https://www.aaii.com/sentimentsurvey/sent_results,conservative_proxy_publication_thursday_after_survey_week,True,True,False,False
1993-04-30,1993-05-01,22.0,37.0,41.0,-19.0,AAII Investor Sentiment Survey,https://www.aaii.com/files/surveys/sentiment.xls,https://www.aaii.com/sentimentsurvey/sent_results,conservative_proxy_publication_thursday_after_survey_week,True,True,False,False
1993-05-07,1993-05-08,21.0,45.0,34.0,-13.0,AAII Investor Sentiment Survey,https://www.aaii.com/files/surveys/sentiment.xls,https://www.aaii.com/sentimentsurvey/sent_results,conservative_proxy_publication_thursday_after_survey_week,True,True,False,False
1993-05-14,1993-05-15,20.0,41.0,39.0,-19.0,AAII Investor Sentiment Survey,https://www.aaii.com/files/surveys/sentiment.xls,https://www.aaii.com/sentimentsurvey/sent_results,conservative_proxy_publication_thursday_after_survey_week,True,True,False,False
1993-05-21,1993-05-22,21.0,34.0,45.0,-24.0,AAII Investor Sentiment Survey,https://www.aaii.com/files/surveys/sentiment.xls,https://www.aaii.com/sentimentsurvey/sent_results,conservative_proxy_publication_thursday_after_survey_week,True,True,False,False
1993-05-28,1993-05-29,24.0,37.0,39.0,-15.0,AAII Investor Sentiment Survey,https://www.aaii.com/files/surveys/sentiment.xls,https://www.aaii.com/sentimentsurvey/sent_results,conservative_proxy_publication_thursday_after_survey_week,True,True,False,False
1993-06-04,1993-06-05,33.0,39.0,28.000000000000004,4.9999999999999964,AAII Investor Sentiment Survey,https://www.aaii.com/files/surveys/sentiment.xls,https://www.aaii.com/sentimentsurvey/sent_results,conservative_proxy_publication_thursday_after_survey_week,True,True,False,False
1993-06-11,1993-06-12,23.0,36.0,41.0,-18.0,AAII Investor Sentiment Survey,https://www.aaii.com/files/surveys/sentiment.xls,https://www.aaii.com/sentimentsurvey/sent_results,conservative_proxy_publication_thursday_after_survey_week,True,True,False,False
1993-06-18,1993-06-19,22.0,35.0,43.0,-21.0,AAII Investor Sentiment Survey,https://www.aaii.com/files/surveys/sentiment.xls,https://www.aaii.com/sentimentsurvey/sent_results,conservative_proxy_publication_thursday_after_survey_week,True,True,False,False
1993-06-25,1993-06-26,28.000000000000004,38.0,34.0,-5.9999999999999964,AAII Investor Sentiment Survey,https://www.aaii.com/files/surveys/sentiment.xls,https://www.aaii.com/sentimentsurvey/sent_results,conservative_proxy_publication_thursday_after_survey_week,True,True,False,False
1993-07-02,1993-07-03,18.0,44.0,38.0,-20.0,AAII Investor Sentiment Survey,https://www.aaii.com/files/surveys/sentiment.xls,https://www.aaii.com/sentimentsurvey/sent_results,conservative_proxy_publication_thursday_after_survey_week,True,True,False,False
1993-07-09,1993-07-10,21.0,45.0,34.0,-13.0,AAII Investor Sentiment Survey,https://www.aaii.com/files/surveys/sentiment.xls,https://www.aaii.com/sentimentsurvey/sent_results,conservative_proxy_publication_thursday_after_survey_week,True,True,False,False
1993-07-16,1993-07-17,22.0,44.0,34.0,-12.0,AAII Investor Sentiment Survey,https://www.aaii.com/files/surveys/sentiment.xls,https://www.aaii.com/sentimentsurvey/sent_results,conservative_proxy_publication_thursday_after_survey_week,True,True,False,False
1993-07-23,1993-07-24,24.0,43.0,33.0,-9.0,AAII Investor Sentiment Survey,https://www.aaii.com/files/surveys/sentiment.xls,https://www.aaii.com/sentimentsurvey/sent_results,conservative_proxy_publication_thursday_after_survey_week,True,True,False,False
1993-07-30,1993-07-31,25.0,45.0,30.0,-5.0,AAII Investor Sentiment Survey,https://www.aaii.com/files/surveys/sentiment.xls,https://www.aaii.com/sentimentsurvey/sent_results,conservative_proxy_publication_thursday_after_survey_week,True,True,False,False
1993-08-06,1993-08-07,26.0,42.0,32.0,-6.0,AAII Investor Sentiment Survey,https://www.aaii.com/files/surveys/sentiment.xls,https://www.aaii.com/sentimentsurvey/sent_results,conservative_proxy_publication_thursday_after_survey_week,True,True,False,False
1993-08-13,1993-08-14,25.0,41.0,34.0,-9.0,AAII Investor Sentiment Survey,https://www.aaii.com/files/surveys/sentiment.xls,https://www.aaii.com/sentimentsurvey/sent_results,conservative_proxy_publication_thursday_after_survey_week,True,True,False,False
1993-08-20,1993-08-21,28.999999999999996,41.0,30.0,-1.0000000000000036,AAII Investor Sentiment Survey,https://www.aaii.com/files/surveys/sentiment.xls,https://www.aaii.com/sentimentsurvey/sent_results,conservative_proxy_publication_thursday_after_survey_week,True,True,False,False
1993-08-27,1993-08-28,27.0,35.0,38.0,-11.0,AAII Investor Sentiment Survey,https://www.aaii.com/files/surveys/sentiment.xls,https://www.aaii.com/sentimentsurvey/sent_results,conservative_proxy_publication_thursday_after_survey_week,True,True,False,False
1993-09-03,1993-09-04,38.0,33.0,28.999999999999996,9.000000000000004,AAII Investor Sentiment Survey,https://www.aaii.com/files/surveys/sentiment.xls,https://www.aaii.com/sentimentsurvey/sent_results,conservative_proxy_publication_thursday_after_survey_week,True,True,False,False
1993-09-10,1993-09-11,30.0,30.0,40.0,-10.0,AAII Investor Sentiment Survey,https://www.aaii.com/files/surveys/sentiment.xls,https://www.aaii.com/sentimentsurvey/sent_results,conservative_proxy_publication_thursday_after_survey_week,True,True,False,False
1993-09-17,1993-09-18,32.0,34.0,34.0,-2.0,AAII Investor Sentiment Survey,https://www.aaii.com/files/surveys/sentiment.xls,https://www.aaii.com/sentimentsurvey/sent_results,conservative_proxy_publication_thursday_after_survey_week,True,True,False,False
1993-09-24,1993-09-25,28.000000000000004,40.0,32.0,-3.9999999999999964,AAII Investor Sentiment Survey,https://www.aaii.com/files/surveys/sentiment.xls,https://www.aaii.com/sentimentsurvey/sent_results,conservative_proxy_publication_thursday_after_survey_week,True,True,False,False
1993-10-01,1993-10-02,26.0,34.0,40.0,-14.0,AAII Investor Sentiment Survey,https://www.aaii.com/files/surveys/sentiment.xls,https://www.aaii.com/sentimentsurvey/sent_results,conservative_proxy_publication_thursday_after_survey_week,True,True,False,False
1993-10-08,1993-10-09,28.999999999999996,37.0,34.0,-5.0000000000000036,AAII Investor Sentiment Survey,https://www.aaii.com/files/surveys/sentiment.xls,https://www.aaii.com/sentimentsurvey/sent_results,conservative_proxy_publication_thursday_after_survey_week,True,True,False,False
1993-10-15,1993-10-16,31.0,38.0,31.0,0.0,AAII Investor Sentiment Survey,https://www.aaii.com/files/surveys/sentiment.xls,https://www.aaii.com/sentimentsurvey/sent_results,conservative_proxy_publication_thursday_after_survey_week,True,True,False,False
1993-10-22,1993-10-23,42.0,30.0,28.000000000000004,13.999999999999996,AAII Investor Sentiment Survey,https://www.aaii.com/files/surveys/sentiment.xls,https://www.aaii.com/sentimentsurvey/sent_results,conservative_proxy_publication_thursday_after_survey_week,True,True,False,False
1993-10-29,1993-10-30,43.0,33.0,24.0,19.0,AAII Investor Sentiment Survey,https://www.aaii.com/files/surveys/sentiment.xls,https://www.aaii.com/sentimentsurvey/sent_results,conservative_proxy_publication_thursday_after_survey_week,True,True,False,False
1993-11-04,1993-11-05,32.0,36.0,32.0,0.0,AAII Investor Sentiment Survey,https://www.aaii.com/files/surveys/sentiment.xls,https://www.aaii.com/sentimentsurvey/sent_results,conservative_proxy_publication_thursday_after_survey_week,True,True,False,False
1993-11-11,1993-11-12,35.0,30.0,35.0,0.0,AAII Investor Sentiment Survey,https://www.aaii.com/files/surveys/sentiment.xls,https://www.aaii.com/sentimentsurvey/sent_results,conservative_proxy_publication_thursday_after_survey_week,True,True,False,False
1993-11-18,1993-11-19,34.0,31.0,35.0,-1.0,AAII Investor Sentiment Survey,https://www.aaii.com/files/surveys/sentiment.xls,https://www.aaii.com/sentimentsurvey/sent_results,conservative_proxy_publication_thursday_after_survey_week,True,True,False,False
1993-11-24,1993-11-25,45.0,30.0,25.0,20.0,AAII Investor Sentiment Survey,https://www.aaii.com/files/surveys/sentiment.xls,https://www.aaii.com/sentimentsurvey/sent_results,conservative_proxy_publication_thursday_after_survey_week,True,True,False,False
1993-12-02,1993-12-03,33.0,32.0,35.0,-2.0,AAII Investor Sentiment Survey,https://www.aaii.com/files/surveys/sentiment.xls,https://www.aaii.com/sentimentsurvey/sent_results,conservative_proxy_publication_thursday_after_survey_week,True,True,False,False
1993-12-09,1993-12-10,37.0,39.0,24.0,13.0,AAII Investor Sentiment Survey,https://www.aaii.com/files/surveys/sentiment.xls,https://www.aaii.com/sentimentsurvey/sent_results,conservative_proxy_publication_thursday_after_survey_week,True,True,False,False
1993-12-16,1993-12-17,33.0,38.0,28.999999999999996,4.0000000000000036,AAII Investor Sentiment Survey,https://www.aaii.com/files/surveys/sentiment.xls,https://www.aaii.com/sentimentsurvey/sent_results,conservative_proxy_publication_thursday_after_survey_week,True,True,False,False
1993-12-23,1993-12-24,36.0,31.0,33.0,3.0,AAII Investor Sentiment Survey,https://www.aaii.com/files/surveys/sentiment.xls,https://www.aaii.com/sentimentsurvey/sent_results,conservative_proxy_publication_thursday_after_survey_week,True,True,False,False
1993-12-30,1993-12-31,44.0,28.000000000000004,28.000000000000004,15.999999999999996,AAII Investor Sentiment Survey,https://www.aaii.com/files/surveys/sentiment.xls,https://www.aaii.com/sentimentsurvey/sent_results,conservative_proxy_publication_thursday_after_survey_week,True,True,False,False
1994-01-06,1994-01-07,40.0,33.0,27.0,13.0,AAII Investor Sentiment Survey,https://www.aaii.com/files/surveys/sentiment.xls,https://www.aaii.com/sentimentsurvey/sent_results,conservative_proxy_publication_thursday_after_survey_week,True,True,False,False
1994-01-13,1994-01-14,38.0,31.0,31.0,7.0,AAII Investor Sentiment Survey,https://www.aaii.com/files/surveys/sentiment.xls,https://www.aaii.com/sentimentsurvey/sent_results,conservative_proxy_publication_thursday_after_survey_week,True,True,False,False
1994-01-20,1994-01-21,48.0,26.0,26.0,22.0,AAII Investor Sentiment Survey,https://www.aaii.com/files/surveys/sentiment.xls,https://www.aaii.com/sentimentsurvey/sent_results,conservative_proxy_publication_thursday_after_survey_week,True,True,False,False
1994-01-27,1994-01-28,41.0,25.0,34.0,7.0,AAII Investor Sentiment Survey,https://www.aaii.com/files/surveys/sentiment.xls,https://www.aaii.com/sentimentsurvey/sent_results,conservative_proxy_publication_thursday_after_survey_week,True,True,False,False
1994-02-03,1994-02-04,38.0,28.999999999999996,33.0,5.0,AAII Investor Sentiment Survey,https://www.aaii.com/files/surveys/sentiment.xls,https://www.aaii.com/sentimentsurvey/sent_results,conservative_proxy_publication_thursday_after_survey_week,True,True,False,False
1994-02-10,1994-02-11,49.0,27.0,24.0,25.0,AAII Investor Sentiment Survey,https://www.aaii.com/files/surveys/sentiment.xls,https://www.aaii.com/sentimentsurvey/sent_results,conservative_proxy_publication_thursday_after_survey_week,True,True,False,False
1994-02-17,1994-02-18,40.0,36.0,24.0,16.0,AAII Investor Sentiment Survey,https://www.aaii.com/files/surveys/sentiment.xls,https://www.aaii.com/sentimentsurvey/sent_results,conservative_proxy_publication_thursday_after_survey_week,True,True,False,False
1994-02-24,1994-02-25,41.0,30.0,28.999999999999996,12.000000000000004,AAII Investor Sentiment Survey,https://www.aaii.com/files/surveys/sentiment.xls,https://www.aaii.com/sentimentsurvey/sent_results,conservative_proxy_publication_thursday_after_survey_week,True,True,False,False
1994-03-03,1994-03-04,31.0,42.0,27.0,4.0,AAII Investor Sentiment Survey,https://www.aaii.com/files/surveys/sentiment.xls,https://www.aaii.com/sentimentsurvey/sent_results,conservative_proxy_publication_thursday_after_survey_week,True,True,False,False
1994-03-10,1994-03-11,28.999999999999996,34.0,37.0,-8.000000000000004,AAII Investor Sentiment Survey,https://www.aaii.com/files/surveys/sentiment.xls,https://www.aaii.com/sentimentsurvey/sent_results,conservative_proxy_publication_thursday_after_survey_week,True,True,False,False
1994-03-17,1994-03-18,24.0,41.0,35.0,-11.0,AAII Investor Sentiment Survey,https://www.aaii.com/files/surveys/sentiment.xls,https://www.aaii.com/sentimentsurvey/sent_results,conservative_proxy_publication_thursday_after_survey_week,True,True,False,False
1994-03-24,1994-03-25,28.999999999999996,37.0,34.0,-5.0000000000000036,AAII Investor Sentiment Survey,https://www.aaii.com/files/surveys/sentiment.xls,https://www.aaii.com/sentimentsurvey/sent_results,conservative_proxy_publication_thursday_after_survey_week,True,True,False,False
1994-03-31,1994-04-01,23.0,33.0,44.0,-21.0,AAII Investor Sentiment Survey,https://www.aaii.com/files/surveys/sentiment.xls,https://www.aaii.com/sentimentsurvey/sent_results,conservative_proxy_publication_thursday_after_survey_week,True,True,False,False
1994-04-07,1994-04-08,28.000000000000004,31.0,41.0,-12.999999999999996,AAII Investor Sentiment Survey,https://www.aaii.com/files/surveys/sentiment.xls,https://www.aaii.com/sentimentsurvey/sent_results,conservative_proxy_publication_thursday_after_survey_week,True,True,False,False
1994-04-14,1994-04-15,28.999999999999996,23.0,48.0,-19.000000000000004,AAII Investor Sentiment Survey,https://www.aaii.com/files/surveys/sentiment.xls,https://www.aaii.com/sentimentsurvey/sent_results,conservative_proxy_publication_thursday_after_survey_week,True,True,False,False
1994-04-21,1994-04-22,26.0,41.0,33.0,-7.0,AAII Investor Sentiment Survey,https://www.aaii.com/files/surveys/sentiment.xls,https://www.aaii.com/sentimentsurvey/sent_results,conservative_proxy_publication_thursday_after_survey_week,True,True,False,False
1994-04-28,1994-04-29,27.0,35.0,38.0,-11.0,AAII Investor Sentiment Survey,https://www.aaii.com/files/surveys/sentiment.xls,https://www.aaii.com/sentimentsurvey/sent_results,conservative_proxy_publication_thursday_after_survey_week,True,True,False,False
1994-05-05,1994-05-06,32.0,32.0,36.0,-4.0,AAII Investor Sentiment Survey,https://www.aaii.com/files/surveys/sentiment.xls,https://www.aaii.com/sentimentsurvey/sent_results,conservative_proxy_publication_thursday_after_survey_week,True,True,False,False
1994-05-12,1994-05-13,38.0,32.0,30.0,8.0,AAII Investor Sentiment Survey,https://www.aaii.com/files/surveys/sentiment.xls,https://www.aaii.com/sentimentsurvey/sent_results,conservative_proxy_publication_thursday_after_survey_week,True,True,False,False
1994-05-19,1994-05-20,22.0,36.0,42.0,-20.0,AAII Investor Sentiment Survey,https://www.aaii.com/files/surveys/sentiment.xls,https://www.aaii.com/sentimentsurvey/sent_results,conservative_proxy_publication_thursday_after_survey_week,True,True,False,False
1994-05-26,1994-05-27,28.999999999999996,33.0,38.0,-9.000000000000004,AAII Investor Sentiment Survey,https://www.aaii.com/files/surveys/sentiment.xls,https://www.aaii.com/sentimentsurvey/sent_results,conservative_proxy_publication_thursday_after_survey_week,True,True,False,False
1994-06-02,1994-06-03,39.0,36.0,25.0,14.0,AAII Investor Sentiment Survey,https://www.aaii.com/files/surveys/sentiment.xls,https://www.aaii.com/sentimentsurvey/sent_results,conservative_proxy_publication_thursday_after_survey_week,True,True,False,False
1994-06-09,1994-06-10,28.000000000000004,47.0,25.0,3.0000000000000036,AAII Investor Sentiment Survey,https://www.aaii.com/files/surveys/sentiment.xls,https://www.aaii.com/sentimentsurvey/sent_results,conservative_proxy_publication_thursday_after_survey_week,True,True,False,False
1994-06-16,1994-06-17,32.0,42.0,26.0,6.0,AAII Investor Sentiment Survey,https://www.aaii.com/files/surveys/sentiment.xls,https://www.aaii.com/sentimentsurvey/sent_results,conservative_proxy_publication_thursday_after_survey_week,True,True,False,False
1994-06-23,1994-06-24,28.999999999999996,45.0,26.0,2.9999999999999964,AAII Investor Sentiment Survey,https://www.aaii.com/files/surveys/sentiment.xls,https://www.aaii.com/sentimentsurvey/sent_results,conservative_proxy_publication_thursday_after_survey_week,True,True,False,False
1994-06-30,1994-07-01,32.0,37.0,31.0,1.0,AAII Investor Sentiment Survey,https://www.aaii.com/files/surveys/sentiment.xls,https://www.aaii.com/sentimentsurvey/sent_results,conservative_proxy_publication_thursday_after_survey_week,True,True,False,False
1994-07-07,1994-07-08,28.000000000000004,32.0,40.0,-11.999999999999996,AAII Investor Sentiment Survey,https://www.aaii.com/files/surveys/sentiment.xls,https://www.aaii.com/sentimentsurvey/sent_results,conservative_proxy_publication_thursday_after_survey_week,True,True,False,False
1994-07-14,1994-07-15,25.0,40.0,35.0,-10.0,AAII Investor Sentiment Survey,https://www.aaii.com/files/surveys/sentiment.xls,https://www.aaii.com/sentimentsurvey/sent_results,conservative_proxy_publication_thursday_after_survey_week,True,True,False,False
1994-07-21,1994-07-22,34.0,38.0,28.000000000000004,5.9999999999999964,AAII Investor Sentiment Survey,https://www.aaii.com/files/surveys/sentiment.xls,https://www.aaii.com/sentimentsurvey/sent_results,conservative_proxy_publication_thursday_after_survey_week,True,True,False,False
1994-07-28,1994-07-29,27.0,42.0,31.0,-4.0,AAII Investor Sentiment Survey,https://www.aaii.com/files/surveys/sentiment.xls,https://www.aaii.com/sentimentsurvey/sent_results,conservative_proxy_publication_thursday_after_survey_week,True,True,False,False
1994-08-04,1994-08-05,22.0,52.0,26.0,-4.0,AAII Investor Sentiment Survey,https://www.aaii.com/files/surveys/sentiment.xls,https://www.aaii.com/sentimentsurvey/sent_results,conservative_proxy_publication_thursday_after_survey_week,True,True,False,False
1994-08-11,1994-08-12,34.0,37.0,28.999999999999996,5.0000000000000036,AAII Investor Sentiment Survey,https://www.aaii.com/files/surveys/sentiment.xls,https://www.aaii.com/sentimentsurvey/sent_results,conservative_proxy_publication_thursday_after_survey_week,True,True,False,False
1994-08-18,1994-08-19,30.0,40.0,30.0,0.0,AAII Investor Sentiment Survey,https://www.aaii.com/files/surveys/sentiment.xls,https://www.aaii.com/sentimentsurvey/sent_results,conservative_proxy_publication_thursday_after_survey_week,True,True,False,False
1994-08-25,1994-08-26,32.0,39.0,28.999999999999996,3.0000000000000036,AAII Investor Sentiment Survey,https://www.aaii.com/files/surveys/sentiment.xls,https://www.aaii.com/sentimentsurvey/sent_results,conservative_proxy_publication_thursday_after_survey_week,True,True,False,False
1994-09-01,1994-09-02,43.0,34.0,23.0,20.0,AAII Investor Sentiment Survey,https://www.aaii.com/files/surveys/sentiment.xls,https://www.aaii.com/sentimentsurvey/sent_results,conservative_proxy_publication_thursday_after_survey_week,True,True,False,False
1994-09-08,1994-09-09,47.0,33.0,20.0,27.0,AAII Investor Sentiment Survey,https://www.aaii.com/files/surveys/sentiment.xls,https://www.aaii.com/sentimentsurvey/sent_results,conservative_proxy_publication_thursday_after_survey_week,True,True,False,False
1994-09-15,1994-09-16,45.0,25.0,30.0,15.0,AAII Investor Sentiment Survey,https://www.aaii.com/files/surveys/sentiment.xls,https://www.aaii.com/sentimentsurvey/sent_results,conservative_proxy_publication_thursday_after_survey_week,True,True,False,False
1994-09-22,1994-09-23,37.0,36.0,27.0,10.0,AAII Investor Sentiment Survey,https://www.aaii.com/files/surveys/sentiment.xls,https://www.aaii.com/sentimentsurvey/sent_results,conservative_proxy_publication_thursday_after_survey_week,True,True,False,False
1994-09-29,1994-09-30,38.0,32.0,30.0,8.0,AAII Investor Sentiment Survey,https://www.aaii.com/files/surveys/sentiment.xls,https://www.aaii.com/sentimentsurvey/sent_results,conservative_proxy_publication_thursday_after_survey_week,True,True,False,False
1994-10-06,1994-10-07,33.0,39.0,28.000000000000004,4.9999999999999964,AAII Investor Sentiment Survey,https://www.aaii.com/files/surveys/sentiment.xls,https://www.aaii.com/sentimentsurvey/sent_results,conservative_proxy_publication_thursday_after_survey_week,True,True,False,False
1994-10-13,1994-10-14,35.0,39.0,26.0,9.0,AAII Investor Sentiment Survey,https://www.aaii.com/files/surveys/sentiment.xls,https://www.aaii.com/sentimentsurvey/sent_results,conservative_proxy_publication_thursday_after_survey_week,True,True,False,False
1994-10-20,1994-10-21,39.0,33.0,28.000000000000004,10.999999999999996,AAII Investor Sentiment Survey,https://www.aaii.com/files/surveys/sentiment.xls,https://www.aaii.com/sentimentsurvey/sent_results,conservative_proxy_publication_thursday_after_survey_week,True,True,False,False
1994-10-27,1994-10-28,43.0,38.0,19.0,24.0,AAII Investor Sentiment Survey,https://www.aaii.com/files/surveys/sentiment.xls,https://www.aaii.com/sentimentsurvey/sent_results,conservative_proxy_publication_thursday_after_survey_week,True,True,False,False
1994-11-03,1994-11-04,40.0,35.0,25.0,15.0,AAII Investor Sentiment Survey,https://www.aaii.com/files/surveys/sentiment.xls,https://www.aaii.com/sentimentsurvey/sent_results,conservative_proxy_publication_thursday_after_survey_week,True,True,False,False
1994-11-10,1994-11-11,37.0,31.0,32.0,5.0,AAII Investor Sentiment Survey,https://www.aaii.com/files/surveys/sentiment.xls,https://www.aaii.com/sentimentsurvey/sent_results,conservative_proxy_publication_thursday_after_survey_week,True,True,False,False
1994-11-17,1994-11-18,39.0,22.0,39.0,0.0,AAII Investor Sentiment Survey,https://www.aaii.com/files/surveys/sentiment.xls,https://www.aaii.com/sentimentsurvey/sent_results,conservative_proxy_publication_thursday_after_survey_week,True,True,False,False
1994-11-23,1994-11-24,39.0,32.0,28.999999999999996,10.000000000000004,AAII Investor Sentiment Survey,https://www.aaii.com/files/surveys/sentiment.xls,https://www.aaii.com/sentimentsurvey/sent_results,conservative_proxy_publication_thursday_after_survey_week,True,True,False,False
1994-11-30,1994-12-01,44.0,30.0,26.0,18.0,AAII Investor Sentiment Survey,https://www.aaii.com/files/surveys/sentiment.xls,https://www.aaii.com/sentimentsurvey/sent_results,conservative_proxy_publication_thursday_after_survey_week,True,True,False,False
1994-12-08,1994-12-09,30.0,35.0,35.0,-5.0,AAII Investor Sentiment Survey,https://www.aaii.com/files/surveys/sentiment.xls,https://www.aaii.com/sentimentsurvey/sent_results,conservative_proxy_publication_thursday_after_survey_week,True,True,False,False
1994-12-15,1994-12-16,33.0,35.0,32.0,1.0,AAII Investor Sentiment Survey,https://www.aaii.com/files/surveys/sentiment.xls,https://www.aaii.com/sentimentsurvey/sent_results,conservative_proxy_publication_thursday_after_survey_week,True,True,False,False
1994-12-22,1994-12-23,42.0,25.0,33.0,9.0,AAII Investor Sentiment Survey,https://www.aaii.com/files/surveys/sentiment.xls,https://www.aaii.com/sentimentsurvey/sent_results,conservative_proxy_publication_thursday_after_survey_week,True,True,False,False
1994-12-29,1994-12-30,40.0,43.0,17.0,23.0,AAII Investor Sentiment Survey,https://www.aaii.com/files/surveys/sentiment.xls,https://www.aaii.com/sentimentsurvey/sent_results,conservative_proxy_publication_thursday_after_survey_week,True,True,False,False
1995-01-05,1995-01-06,44.0,31.0,25.0,19.0,AAII Investor Sentiment Survey,https://www.aaii.com/files/surveys/sentiment.xls,https://www.aaii.com/sentimentsurvey/sent_results,conservative_proxy_publication_thursday_after_survey_week,True,True,False,False
1995-01-12,1995-01-13,36.0,42.0,22.0,14.0,AAII Investor Sentiment Survey,https://www.aaii.com/files/surveys/sentiment.xls,https://www.aaii.com/sentimentsurvey/sent_results,conservative_proxy_publication_thursday_after_survey_week,True,True,False,False
1995-01-19,1995-01-20,37.0,39.0,24.0,13.0,AAII Investor Sentiment Survey,https://www.aaii.com/files/surveys/sentiment.xls,https://www.aaii.com/sentimentsurvey/sent_results,conservative_proxy_publication_thursday_after_survey_week,True,True,False,False
1995-01-26,1995-01-27,38.0,37.0,25.0,13.0,AAII Investor Sentiment Survey,https://www.aaii.com/files/surveys/sentiment.xls,https://www.aaii.com/sentimentsurvey/sent_results,conservative_proxy_publication_thursday_after_survey_week,True,True,False,False
1995-02-02,1995-02-03,38.0,37.0,25.0,13.0,AAII Investor Sentiment Survey,https://www.aaii.com/files/surveys/sentiment.xls,https://www.aaii.com/sentimentsurvey/sent_results,conservative_proxy_publication_thursday_after_survey_week,True,True,False,False
1995-02-09,1995-02-10,34.0,43.0,23.0,11.0,AAII Investor Sentiment Survey,https://www.aaii.com/files/surveys/sentiment.xls,https://www.aaii.com/sentimentsurvey/sent_results,conservative_proxy_publication_thursday_after_survey_week,True,True,False,False
1995-02-16,1995-02-17,43.0,37.0,20.0,23.0,AAII Investor Sentiment Survey,https://www.aaii.com/files/surveys/sentiment.xls,https://www.aaii.com/sentimentsurvey/sent_results,conservative_proxy_publication_thursday_after_survey_week,True,True,False,False
1995-02-23,1995-02-24,46.0,37.0,17.0,29.0,AAII Investor Sentiment Survey,https://www.aaii.com/files/surveys/sentiment.xls,https://www.aaii.com/sentimentsurvey/sent_results,conservative_proxy_publication_thursday_after_survey_week,True,True,False,False
1995-03-02,1995-03-03,53.0,26.0,21.0,32.0,AAII Investor Sentiment Survey,https://www.aaii.com/files/surveys/sentiment.xls,https://www.aaii.com/sentimentsurvey/sent_results,conservative_proxy_publication_thursday_after_survey_week,True,True,False,False
1995-03-09,1995-03-10,48.0,34.0,18.0,30.0,AAII Investor Sentiment Survey,https://www.aaii.com/files/surveys/sentiment.xls,https://www.aaii.com/sentimentsurvey/sent_results,conservative_proxy_publication_thursday_after_survey_week,True,True,False,False
1995-03-16,1995-03-17,39.0,41.0,20.0,19.0,AAII Investor Sentiment Survey,https://www.aaii.com/files/surveys/sentiment.xls,https://www.aaii.com/sentimentsurvey/sent_results,conservative_proxy_publication_thursday_after_survey_week,True,True,False,False
1995-03-23,1995-03-24,47.0,30.0,23.0,24.0,AAII Investor Sentiment Survey,https://www.aaii.com/files/surveys/sentiment.xls,https://www.aaii.com/sentimentsurvey/sent_results,conservative_proxy_publication_thursday_after_survey_week,True,True,False,False
1995-03-30,1995-03-31,52.0,23.0,25.0,27.0,AAII Investor Sentiment Survey,https://www.aaii.com/files/surveys/sentiment.xls,https://www.aaii.com/sentimentsurvey/sent_results,conservative_proxy_publication_thursday_after_survey_week,True,True,False,False
1995-04-06,1995-04-07,42.0,25.0,33.0,9.0,AAII Investor Sentiment Survey,https://www.aaii.com/files/surveys/sentiment.xls,https://www.aaii.com/sentimentsurvey/sent_results,conservative_proxy_publication_thursday_after_survey_week,True,True,False,False
1995-04-13,1995-04-14,40.0,23.0,37.0,3.0,AAII Investor Sentiment Survey,https://www.aaii.com/files/surveys/sentiment.xls,https://www.aaii.com/sentimentsurvey/sent_results,conservative_proxy_publication_thursday_after_survey_week,True,True,False,False
1995-04-20,1995-04-21,37.0,27.0,36.0,1.0,AAII Investor Sentiment Survey,https://www.aaii.com/files/surveys/sentiment.xls,https://www.aaii.com/sentimentsurvey/sent_results,conservative_proxy_publication_thursday_after_survey_week,True,True,False,False
1995-04-27,1995-04-28,52.0,28.999999999999996,19.0,33.0,AAII Investor Sentiment Survey,https://www.aaii.com/files/surveys/sentiment.xls,https://www.aaii.com/sentimentsurvey/sent_results,conservative_proxy_publication_thursday_after_survey_week,True,True,False,False
1995-05-04,1995-05-05,42.0,27.0,31.0,11.0,AAII Investor Sentiment Survey,https://www.aaii.com/files/surveys/sentiment.xls,https://www.aaii.com/sentimentsurvey/sent_results,conservative_proxy_publication_thursday_after_survey_week,True,True,False,False
1995-05-11,1995-05-12,44.0,26.0,30.0,14.0,AAII Investor Sentiment Survey,https://www.aaii.com/files/surveys/sentiment.xls,https://www.aaii.com/sentimentsurvey/sent_results,conservative_proxy_publication_thursday_after_survey_week,True,True,False,False
1995-05-18,1995-05-19,42.0,23.0,35.0,7.0,AAII Investor Sentiment Survey,https://www.aaii.com/files/surveys/sentiment.xls,https://www.aaii.com/sentimentsurvey/sent_results,conservative_proxy_publication_thursday_after_survey_week,True,True,False,False
1995-05-25,1995-05-26,44.0,26.0,30.0,14.0,AAII Investor Sentiment Survey,https://www.aaii.com/files/surveys/sentiment.xls,https://www.aaii.com/sentimentsurvey/sent_results,conservative_proxy_publication_thursday_after_survey_week,True,True,False,False
1995-06-01,1995-06-02,39.0,34.0,27.0,12.0,AAII Investor Sentiment Survey,https://www.aaii.com/files/surveys/sentiment.xls,https://www.aaii.com/sentimentsurvey/sent_results,conservative_proxy_publication_thursday_after_survey_week,True,True,False,False
1995-06-08,1995-06-09,44.0,25.0,31.0,13.0,AAII Investor Sentiment Survey,https://www.aaii.com/files/surveys/sentiment.xls,https://www.aaii.com/sentimentsurvey/sent_results,conservative_proxy_publication_thursday_after_survey_week,True,True,False,False
1995-06-15,1995-06-16,36.0,31.0,33.0,3.0,AAII Investor Sentiment Survey,https://www.aaii.com/files/surveys/sentiment.xls,https://www.aaii.com/sentimentsurvey/sent_results,conservative_proxy_publication_thursday_after_survey_week,True,True,False,False
1995-06-22,1995-06-23,48.0,21.0,31.0,17.0,AAII Investor Sentiment Survey,https://www.aaii.com/files/surveys/sentiment.xls,https://www.aaii.com/sentimentsurvey/sent_results,conservative_proxy_publication_thursday_after_survey_week,True,True,False,False
1995-06-29,1995-06-30,35.0,28.000000000000004,37.0,-2.0,AAII Investor Sentiment Survey,https://www.aaii.com/files/surveys/sentiment.xls,https://www.aaii.com/sentimentsurvey/sent_results,conservative_proxy_publication_thursday_after_survey_week,True,True,False,False
1995-07-06,1995-07-07,35.0,34.0,31.0,4.0,AAII Investor Sentiment Survey,https://www.aaii.com/files/surveys/sentiment.xls,https://www.aaii.com/sentimentsurvey/sent_results,conservative_proxy_publication_thursday_after_survey_week,True,True,False,False
1995-07-13,1995-07-14,44.0,18.0,38.0,6.0,AAII Investor Sentiment Survey,https://www.aaii.com/files/surveys/sentiment.xls,https://www.aaii.com/sentimentsurvey/sent_results,conservative_proxy_publication_thursday_after_survey_week,True,True,False,False
1995-07-20,1995-07-21,43.0,30.0,27.0,16.0,AAII Investor Sentiment Survey,https://www.aaii.com/files/surveys/sentiment.xls,https://www.aaii.com/sentimentsurvey/sent_results,conservative_proxy_publication_thursday_after_survey_week,True,True,False,False
1995-07-27,1995-07-28,41.0,26.0,33.0,8.0,AAII Investor Sentiment Survey,https://www.aaii.com/files/surveys/sentiment.xls,https://www.aaii.com/sentimentsurvey/sent_results,conservative_proxy_publication_thursday_after_survey_week,True,True,False,False
1995-08-03,1995-08-04,38.0,34.0,28.000000000000004,9.999999999999996,AAII Investor Sentiment Survey,https://www.aaii.com/files/surveys/sentiment.xls,https://www.aaii.com/sentimentsurvey/sent_results,conservative_proxy_publication_thursday_after_survey_week,True,True,False,False
1995-08-10,1995-08-11,40.0,30.0,30.0,10.0,AAII Investor Sentiment Survey,https://www.aaii.com/files/surveys/sentiment.xls,https://www.aaii.com/sentimentsurvey/sent_results,conservative_proxy_publication_thursday_after_survey_week,True,True,False,False
1995-08-17,1995-08-18,36.0,43.0,21.0,15.0,AAII Investor Sentiment Survey,https://www.aaii.com/files/surveys/sentiment.xls,https://www.aaii.com/sentimentsurvey/sent_results,conservative_proxy_publication_thursday_after_survey_week,True,True,False,False
1995-08-24,1995-08-25,35.0,28.000000000000004,37.0,-2.0,AAII Investor Sentiment Survey,https://www.aaii.com/files/surveys/sentiment.xls,https://www.aaii.com/sentimentsurvey/sent_results,conservative_proxy_publication_thursday_after_survey_week,True,True,False,False
1995-08-31,1995-09-01,38.0,42.0,20.0,18.0,AAII Investor Sentiment Survey,https://www.aaii.com/files/surveys/sentiment.xls,https://www.aaii.com/sentimentsurvey/sent_results,conservative_proxy_publication_thursday_after_survey_week,True,True,False,False
1995-09-07,1995-09-08,37.0,36.0,27.0,10.0,AAII Investor Sentiment Survey,https://www.aaii.com/files/surveys/sentiment.xls,https://www.aaii.com/sentimentsurvey/sent_results,conservative_proxy_publication_thursday_after_survey_week,True,True,False,False
1995-09-14,1995-09-15,46.0,32.0,22.0,24.0,AAII Investor Sentiment Survey,https://www.aaii.com/files/surveys/sentiment.xls,https://www.aaii.com/sentimentsurvey/sent_results,conservative_proxy_publication_thursday_after_survey_week,True,True,False,False
1995-09-21,1995-09-22,46.0,25.0,28.999999999999996,17.000000000000004,AAII Investor Sentiment Survey,https://www.aaii.com/files/surveys/sentiment.xls,https://www.aaii.com/sentimentsurvey/sent_results,conservative_proxy_publication_thursday_after_survey_week,True,True,False,False
1995-09-28,1995-09-29,42.0,27.0,31.0,11.0,AAII Investor Sentiment Survey,https://www.aaii.com/files/surveys/sentiment.xls,https://www.aaii.com/sentimentsurvey/sent_results,conservative_proxy_publication_thursday_after_survey_week,True,True,False,False
1995-10-05,1995-10-06,39.0,37.0,24.0,15.0,AAII Investor Sentiment Survey,https://www.aaii.com/files/surveys/sentiment.xls,https://www.aaii.com/sentimentsurvey/sent_results,conservative_proxy_publication_thursday_after_survey_week,True,True,False,False
1995-10-12,1995-10-13,41.0,30.0,28.999999999999996,12.000000000000004,AAII Investor Sentiment Survey,https://www.aaii.com/files/surveys/sentiment.xls,https://www.aaii.com/sentimentsurvey/sent_results,conservative_proxy_publication_thursday_after_survey_week,True,True,False,False
1995-10-19,1995-10-20,47.0,32.0,21.0,26.0,AAII Investor Sentiment Survey,https://www.aaii.com/files/surveys/sentiment.xls,https://www.aaii.com/sentimentsurvey/sent_results,conservative_proxy_publication_thursday_after_survey_week,True,True,False,False
1995-10-26,1995-10-27,46.0,33.0,21.0,25.0,AAII Investor Sentiment Survey,https://www.aaii.com/files/surveys/sentiment.xls,https://www.aaii.com/sentimentsurvey/sent_results,conservative_proxy_publication_thursday_after_survey_week,True,True,False,False
1995-11-02,1995-11-03,47.0,34.0,19.0,28.0,AAII Investor Sentiment Survey,https://www.aaii.com/files/surveys/sentiment.xls,https://www.aaii.com/sentimentsurvey/sent_results,conservative_proxy_publication_thursday_after_survey_week,True,True,False,False
1995-11-09,1995-11-10,49.0,35.0,16.0,33.0,AAII Investor Sentiment Survey,https://www.aaii.com/files/surveys/sentiment.xls,https://www.aaii.com/sentimentsurvey/sent_results,conservative_proxy_publication_thursday_after_survey_week,True,True,False,False
1995-11-16,1995-11-17,46.0,31.0,23.0,23.0,AAII Investor Sentiment Survey,https://www.aaii.com/files/surveys/sentiment.xls,https://www.aaii.com/sentimentsurvey/sent_results,conservative_proxy_publication_thursday_after_survey_week,True,True,False,False
1995-11-22,1995-11-23,48.0,18.0,34.0,14.0,AAII Investor Sentiment Survey,https://www.aaii.com/files/surveys/sentiment.xls,https://www.aaii.com/sentimentsurvey/sent_results,conservative_proxy_publication_thursday_after_survey_week,True,True,False,False
1995-11-30,1995-12-01,51.0,30.0,19.0,32.0,AAII Investor Sentiment Survey,https://www.aaii.com/files/surveys/sentiment.xls,https://www.aaii.com/sentimentsurvey/sent_results,conservative_proxy_publication_thursday_after_survey_week,True,True,False,False
1995-12-07,1995-12-08,48.0,28.000000000000004,24.0,24.0,AAII Investor Sentiment Survey,https://www.aaii.com/files/surveys/sentiment.xls,https://www.aaii.com/sentimentsurvey/sent_results,conservative_proxy_publication_thursday_after_survey_week,True,True,False,False
1995-12-14,1995-12-15,51.0,23.0,26.0,25.0,AAII Investor Sentiment Survey,https://www.aaii.com/files/surveys/sentiment.xls,https://www.aaii.com/sentimentsurvey/sent_results,conservative_proxy_publication_thursday_after_survey_week,True,True,False,False
1995-12-21,1995-12-22,48.0,28.000000000000004,24.0,24.0,AAII Investor Sentiment Survey,https://www.aaii.com/files/surveys/sentiment.xls,https://www.aaii.com/sentimentsurvey/sent_results,conservative_proxy_publication_thursday_after_survey_week,True,True,False,False
1995-12-28,1995-12-29,46.0,34.0,20.0,26.0,AAII Investor Sentiment Survey,https://www.aaii.com/files/surveys/sentiment.xls,https://www.aaii.com/sentimentsurvey/sent_results,conservative_proxy_publication_thursday_after_survey_week,True,True,False,False
1996-01-04,1996-01-05,55.00000000000001,18.0,27.0,28.000000000000007,AAII Investor Sentiment Survey,https://www.aaii.com/files/surveys/sentiment.xls,https://www.aaii.com/sentimentsurvey/sent_results,conservative_proxy_publication_thursday_after_survey_week,True,True,False,False
1996-01-18,1996-01-19,42.0,28.999999999999996,28.999999999999996,13.000000000000004,AAII Investor Sentiment Survey,https://www.aaii.com/files/surveys/sentiment.xls,https://www.aaii.com/sentimentsurvey/sent_results,conservative_proxy_publication_thursday_after_survey_week,True,True,False,False
1996-01-25,1996-01-26,36.0,40.0,24.0,12.0,AAII Investor Sentiment Survey,https://www.aaii.com/files/surveys/sentiment.xls,https://www.aaii.com/sentimentsurvey/sent_results,conservative_proxy_publication_thursday_after_survey_week,True,True,False,False
1996-02-01,1996-02-02,54.0,31.0,15.0,39.0,AAII Investor Sentiment Survey,https://www.aaii.com/files/surveys/sentiment.xls,https://www.aaii.com/sentimentsurvey/sent_results,conservative_proxy_publication_thursday_after_survey_week,True,True,False,False
1996-02-08,1996-02-09,53.0,31.0,16.0,37.0,AAII Investor Sentiment Survey,https://www.aaii.com/files/surveys/sentiment.xls,https://www.aaii.com/sentimentsurvey/sent_results,conservative_proxy_publication_thursday_after_survey_week,True,True,False,False
1996-02-15,1996-02-16,54.0,21.0,25.0,29.0,AAII Investor Sentiment Survey,https://www.aaii.com/files/surveys/sentiment.xls,https://www.aaii.com/sentimentsurvey/sent_results,conservative_proxy_publication_thursday_after_survey_week,True,True,False,False
1996-02-22,1996-02-23,49.0,22.0,28.999999999999996,20.000000000000004,AAII Investor Sentiment Survey,https://www.aaii.com/files/surveys/sentiment.xls,https://www.aaii.com/sentimentsurvey/sent_results,conservative_proxy_publication_thursday_after_survey_week,True,True,False,False
1996-02-29,1996-03-01,45.0,28.000000000000004,27.0,18.0,AAII Investor Sentiment Survey,https://www.aaii.com/files/surveys/sentiment.xls,https://www.aaii.com/sentimentsurvey/sent_results,conservative_proxy_publication_thursday_after_survey_week,True,True,False,False
1996-03-07,1996-03-08,44.0,28.000000000000004,28.000000000000004,15.999999999999996,AAII Investor Sentiment Survey,https://www.aaii.com/files/surveys/sentiment.xls,https://www.aaii.com/sentimentsurvey/sent_results,conservative_proxy_publication_thursday_after_survey_week,True,True,False,False
1996-03-14,1996-03-15,36.0,35.0,28.999999999999996,7.0000000000000036,AAII Investor Sentiment Survey,https://www.aaii.com/files/surveys/sentiment.xls,https://www.aaii.com/sentimentsurvey/sent_results,conservative_proxy_publication_thursday_after_survey_week,True,True,False,False
1996-03-21,1996-03-22,47.0,31.0,22.0,25.0,AAII Investor Sentiment Survey,https://www.aaii.com/files/surveys/sentiment.xls,https://www.aaii.com/sentimentsurvey/sent_results,conservative_proxy_publication_thursday_after_survey_week,True,True,False,False
1996-03-28,1996-03-29,45.0,31.0,24.0,21.0,AAII Investor Sentiment Survey,https://www.aaii.com/files/surveys/sentiment.xls,https://www.aaii.com/sentimentsurvey/sent_results,conservative_proxy_publication_thursday_after_survey_week,True,True,False,False
1996-04-04,1996-04-05,40.0,43.0,17.0,23.0,AAII Investor Sentiment Survey,https://www.aaii.com/files/surveys/sentiment.xls,https://www.aaii.com/sentimentsurvey/sent_results,conservative_proxy_publication_thursday_after_survey_week,True,True,False,False
1996-04-11,1996-04-12,40.0,42.0,18.0,22.0,AAII Investor Sentiment Survey,https://www.aaii.com/files/surveys/sentiment.xls,https://www.aaii.com/sentimentsurvey/sent_results,conservative_proxy_publication_thursday_after_survey_week,True,True,False,False
1996-04-18,1996-04-19,36.0,38.0,26.0,10.0,AAII Investor Sentiment Survey,https://www.aaii.com/files/surveys/sentiment.xls,https://www.aaii.com/sentimentsurvey/sent_results,conservative_proxy_publication_thursday_after_survey_week,True,True,False,False
1996-04-25,1996-04-26,28.000000000000004,40.0,32.0,-3.9999999999999964,AAII Investor Sentiment Survey,https://www.aaii.com/files/surveys/sentiment.xls,https://www.aaii.com/sentimentsurvey/sent_results,conservative_proxy_publication_thursday_after_survey_week,True,True,False,False
1996-05-02,1996-05-03,48.0,31.0,21.0,27.0,AAII Investor Sentiment Survey,https://www.aaii.com/files/surveys/sentiment.xls,https://www.aaii.com/sentimentsurvey/sent_results,conservative_proxy_publication_thursday_after_survey_week,True,True,False,False
1996-05-09,1996-05-10,46.0,38.0,16.0,30.0,AAII Investor Sentiment Survey,https://www.aaii.com/files/surveys/sentiment.xls,https://www.aaii.com/sentimentsurvey/sent_results,conservative_proxy_publication_thursday_after_survey_week,True,True,False,False
1996-05-16,1996-05-17,37.0,40.0,23.0,14.0,AAII Investor Sentiment Survey,https://www.aaii.com/files/surveys/sentiment.xls,https://www.aaii.com/sentimentsurvey/sent_results,conservative_proxy_publication_thursday_after_survey_week,True,True,False,False
1996-05-23,1996-05-24,51.0,35.0,14.000000000000002,37.0,AAII Investor Sentiment Survey,https://www.aaii.com/files/surveys/sentiment.xls,https://www.aaii.com/sentimentsurvey/sent_results,conservative_proxy_publication_thursday_after_survey_week,True,True,False,False
1996-05-30,1996-05-31,61.0,28.999999999999996,10.0,51.0,AAII Investor Sentiment Survey,https://www.aaii.com/files/surveys/sentiment.xls,https://www.aaii.com/sentimentsurvey/sent_results,conservative_proxy_publication_thursday_after_survey_week,True,True,False,False
1996-06-06,1996-06-07,47.0,28.000000000000004,25.0,22.0,AAII Investor Sentiment Survey,https://www.aaii.com/files/surveys/sentiment.xls,https://www.aaii.com/sentimentsurvey/sent_results,conservative_proxy_publication_thursday_after_survey_week,True,True,False,False
1996-06-13,1996-06-14,49.0,28.000000000000004,23.0,26.0,AAII Investor Sentiment Survey,https://www.aaii.com/files/surveys/sentiment.xls,https://www.aaii.com/sentimentsurvey/sent_results,conservative_proxy_publication_thursday_after_survey_week,True,True,False,False
1996-06-20,1996-06-21,42.0,32.0,26.0,16.0,AAII Investor Sentiment Survey,https://www.aaii.com/files/surveys/sentiment.xls,https://www.aaii.com/sentimentsurvey/sent_results,conservative_proxy_publication_thursday_after_survey_week,True,True,False,False
1996-06-27,1996-06-28,42.0,41.0,17.0,25.0,AAII Investor Sentiment Survey,https://www.aaii.com/files/surveys/sentiment.xls,https://www.aaii.com/sentimentsurvey/sent_results,conservative_proxy_publication_thursday_after_survey_week,True,True,False,False
1996-07-03,1996-07-04,32.0,44.0,24.0,8.0,AAII Investor Sentiment Survey,https://www.aaii.com/files/surveys/sentiment.xls,https://www.aaii.com/sentimentsurvey/sent_results,conservative_proxy_publication_thursday_after_survey_week,True,True,False,False
1996-07-11,1996-07-12,40.0,35.0,25.0,15.0,AAII Investor Sentiment Survey,https://www.aaii.com/files/surveys/sentiment.xls,https://www.aaii.com/sentimentsurvey/sent_results,conservative_proxy_publication_thursday_after_survey_week,True,True,False,False
1996-07-18,1996-07-19,28.999999999999996,45.0,26.0,2.9999999999999964,AAII Investor Sentiment Survey,https://www.aaii.com/files/surveys/sentiment.xls,https://www.aaii.com/sentimentsurvey/sent_results,conservative_proxy_publication_thursday_after_survey_week,True,True,False,False
1996-07-25,1996-07-26,30.0,32.0,38.0,-8.0,AAII Investor Sentiment Survey,https://www.aaii.com/files/surveys/sentiment.xls,https://www.aaii.com/sentimentsurvey/sent_results,conservative_proxy_publication_thursday_after_survey_week,True,True,False,False
1996-08-01,1996-08-02,28.999999999999996,38.0,33.0,-4.0000000000000036,AAII Investor Sentiment Survey,https://www.aaii.com/files/surveys/sentiment.xls,https://www.aaii.com/sentimentsurvey/sent_results,conservative_proxy_publication_thursday_after_survey_week,True,True,False,False
1996-08-08,1996-08-09,27.0,42.0,31.0,-4.0,AAII Investor Sentiment Survey,https://www.aaii.com/files/surveys/sentiment.xls,https://www.aaii.com/sentimentsurvey/sent_results,conservative_proxy_publication_thursday_after_survey_week,True,True,False,False
1996-08-15,1996-08-16,43.0,37.0,20.0,23.0,AAII Investor Sentiment Survey,https://www.aaii.com/files/surveys/sentiment.xls,https://www.aaii.com/sentimentsurvey/sent_results,conservative_proxy_publication_thursday_after_survey_week,True,True,False,False
1996-08-22,1996-08-23,28.000000000000004,46.0,26.0,2.0000000000000036,AAII Investor Sentiment Survey,https://www.aaii.com/files/surveys/sentiment.xls,https://www.aaii.com/sentimentsurvey/sent_results,conservative_proxy_publication_thursday_after_survey_week,True,True,False,False
1996-08-29,1996-08-30,28.000000000000004,43.0,28.999999999999996,-0.9999999999999929,AAII Investor Sentiment Survey,https://www.aaii.com/files/surveys/sentiment.xls,https://www.aaii.com/sentimentsurvey/sent_results,conservative_proxy_publication_thursday_after_survey_week,True,True,False,False
1996-09-05,1996-09-06,28.999999999999996,35.0,36.0,-7.0000000000000036,AAII Investor Sentiment Survey,https://www.aaii.com/files/surveys/sentiment.xls,https://www.aaii.com/sentimentsurvey/sent_results,conservative_proxy_publication_thursday_after_survey_week,True,True,False,False
1996-09-12,1996-09-13,26.0,46.0,28.000000000000004,-2.0000000000000036,AAII Investor Sentiment Survey,https://www.aaii.com/files/surveys/sentiment.xls,https://www.aaii.com/sentimentsurvey/sent_results,conservative_proxy_publication_thursday_after_survey_week,True,True,False,False
1996-09-19,1996-09-20,28.000000000000004,41.0,31.0,-2.9999999999999964,AAII Investor Sentiment Survey,https://www.aaii.com/files/surveys/sentiment.xls,https://www.aaii.com/sentimentsurvey/sent_results,conservative_proxy_publication_thursday_after_survey_week,True,True,False,False
1996-09-26,1996-09-27,34.0,39.0,27.0,7.0,AAII Investor Sentiment Survey,https://www.aaii.com/files/surveys/sentiment.xls,https://www.aaii.com/sentimentsurvey/sent_results,conservative_proxy_publication_thursday_after_survey_week,True,True,False,False
1996-10-03,1996-10-04,40.0,31.0,28.999999999999996,11.000000000000004,AAII Investor Sentiment Survey,https://www.aaii.com/files/surveys/sentiment.xls,https://www.aaii.com/sentimentsurvey/sent_results,conservative_proxy_publication_thursday_after_survey_week,True,True,False,False
1996-10-10,1996-10-11,38.0,36.0,26.0,12.0,AAII Investor Sentiment Survey,https://www.aaii.com/files/surveys/sentiment.xls,https://www.aaii.com/sentimentsurvey/sent_results,conservative_proxy_publication_thursday_after_survey_week,True,True,False,False
1996-10-17,1996-10-18,39.0,36.0,25.0,14.0,AAII Investor Sentiment Survey,https://www.aaii.com/files/surveys/sentiment.xls,https://www.aaii.com/sentimentsurvey/sent_results,conservative_proxy_publication_thursday_after_survey_week,True,True,False,False
1996-10-24,1996-10-25,42.0,33.0,25.0,17.0,AAII Investor Sentiment Survey,https://www.aaii.com/files/surveys/sentiment.xls,https://www.aaii.com/sentimentsurvey/sent_results,conservative_proxy_publication_thursday_after_survey_week,True,True,False,False
1996-10-31,1996-11-01,37.0,28.999999999999996,34.0,3.0,AAII Investor Sentiment Survey,https://www.aaii.com/files/surveys/sentiment.xls,https://www.aaii.com/sentimentsurvey/sent_results,conservative_proxy_publication_thursday_after_survey_week,True,True,False,False
1996-11-07,1996-11-08,26.0,45.0,28.999999999999996,-2.9999999999999964,AAII Investor Sentiment Survey,https://www.aaii.com/files/surveys/sentiment.xls,https://www.aaii.com/sentimentsurvey/sent_results,conservative_proxy_publication_thursday_after_survey_week,True,True,False,False
1996-11-14,1996-11-15,37.0,34.0,28.999999999999996,8.000000000000004,AAII Investor Sentiment Survey,https://www.aaii.com/files/surveys/sentiment.xls,https://www.aaii.com/sentimentsurvey/sent_results,conservative_proxy_publication_thursday_after_survey_week,True,True,False,False
1996-11-21,1996-11-22,43.0,30.0,27.0,16.0,AAII Investor Sentiment Survey,https://www.aaii.com/files/surveys/sentiment.xls,https://www.aaii.com/sentimentsurvey/sent_results,conservative_proxy_publication_thursday_after_survey_week,True,True,False,False
1996-11-27,1996-11-28,52.0,27.0,21.0,31.0,AAII Investor Sentiment Survey,https://www.aaii.com/files/surveys/sentiment.xls,https://www.aaii.com/sentimentsurvey/sent_results,conservative_proxy_publication_thursday_after_survey_week,True,True,False,False
1996-12-05,1996-12-06,41.0,26.0,33.0,8.0,AAII Investor Sentiment Survey,https://www.aaii.com/files/surveys/sentiment.xls,https://www.aaii.com/sentimentsurvey/sent_results,conservative_proxy_publication_thursday_after_survey_week,True,True,False,False
1996-12-12,1996-12-13,40.0,28.000000000000004,32.0,8.0,AAII Investor Sentiment Survey,https://www.aaii.com/files/surveys/sentiment.xls,https://www.aaii.com/sentimentsurvey/sent_results,conservative_proxy_publication_thursday_after_survey_week,True,True,False,False
1996-12-19,1996-12-20,33.0,28.000000000000004,39.0,-6.0,AAII Investor Sentiment Survey,https://www.aaii.com/files/surveys/sentiment.xls,https://www.aaii.com/sentimentsurvey/sent_results,conservative_proxy_publication_thursday_after_survey_week,True,True,False,False
1996-12-26,1996-12-27,37.0,33.0,30.0,7.0,AAII Investor Sentiment Survey,https://www.aaii.com/files/surveys/sentiment.xls,https://www.aaii.com/sentimentsurvey/sent_results,conservative_proxy_publication_thursday_after_survey_week,True,True,False,False
1997-01-02,1997-01-03,43.0,33.0,24.0,19.0,AAII Investor Sentiment Survey,https://www.aaii.com/files/surveys/sentiment.xls,https://www.aaii.com/sentimentsurvey/sent_results,conservative_proxy_publication_thursday_after_survey_week,True,True,False,False
1997-01-09,1997-01-10,36.0,39.0,25.0,11.0,AAII Investor Sentiment Survey,https://www.aaii.com/files/surveys/sentiment.xls,https://www.aaii.com/sentimentsurvey/sent_results,conservative_proxy_publication_thursday_after_survey_week,True,True,False,False
1997-01-16,1997-01-17,42.0,32.0,26.0,16.0,AAII Investor Sentiment Survey,https://www.aaii.com/files/surveys/sentiment.xls,https://www.aaii.com/sentimentsurvey/sent_results,conservative_proxy_publication_thursday_after_survey_week,True,True,False,False
1997-01-23,1997-01-24,37.0,41.0,22.0,15.0,AAII Investor Sentiment Survey,https://www.aaii.com/files/surveys/sentiment.xls,https://www.aaii.com/sentimentsurvey/sent_results,conservative_proxy_publication_thursday_after_survey_week,True,True,False,False
1997-01-30,1997-01-31,51.0,33.0,16.0,35.0,AAII Investor Sentiment Survey,https://www.aaii.com/files/surveys/sentiment.xls,https://www.aaii.com/sentimentsurvey/sent_results,conservative_proxy_publication_thursday_after_survey_week,True,True,False,False
1997-02-06,1997-02-07,47.0,28.999999999999996,24.0,23.0,AAII Investor Sentiment Survey,https://www.aaii.com/files/surveys/sentiment.xls,https://www.aaii.com/sentimentsurvey/sent_results,conservative_proxy_publication_thursday_after_survey_week,True,True,False,False
1997-02-13,1997-02-14,45.0,37.0,18.0,27.0,AAII Investor Sentiment Survey,https://www.aaii.com/files/surveys/sentiment.xls,https://www.aaii.com/sentimentsurvey/sent_results,conservative_proxy_publication_thursday_after_survey_week,True,True,False,False
1997-02-20,1997-02-21,44.0,36.0,20.0,24.0,AAII Investor Sentiment Survey,https://www.aaii.com/files/surveys/sentiment.xls,https://www.aaii.com/sentimentsurvey/sent_results,conservative_proxy_publication_thursday_after_survey_week,True,True,False,False
1997-02-27,1997-02-28,63.0,22.0,15.0,48.0,AAII Investor Sentiment Survey,https://www.aaii.com/files/surveys/sentiment.xls,https://www.aaii.com/sentimentsurvey/sent_results,conservative_proxy_publication_thursday_after_survey_week,True,True,False,False
1997-03-06,1997-03-07,43.0,37.0,20.0,23.0,AAII Investor Sentiment Survey,https://www.aaii.com/files/surveys/sentiment.xls,https://www.aaii.com/sentimentsurvey/sent_results,conservative_proxy_publication_thursday_after_survey_week,True,True,False,False
1997-03-13,1997-03-14,34.0,36.0,30.0,4.0,AAII Investor Sentiment Survey,https://www.aaii.com/files/surveys/sentiment.xls,https://www.aaii.com/sentimentsurvey/sent_results,conservative_proxy_publication_thursday_after_survey_week,True,True,False,False
1997-03-20,1997-03-21,36.0,42.0,22.0,14.0,AAII Investor Sentiment Survey,https://www.aaii.com/files/surveys/sentiment.xls,https://www.aaii.com/sentimentsurvey/sent_results,conservative_proxy_publication_thursday_after_survey_week,True,True,False,False
1997-03-27,1997-03-28,27.0,40.0,33.0,-6.0,AAII Investor Sentiment Survey,https://www.aaii.com/files/surveys/sentiment.xls,https://www.aaii.com/sentimentsurvey/sent_results,conservative_proxy_publication_thursday_after_survey_week,True,True,False,False
1997-04-03,1997-04-04,28.999999999999996,40.0,31.0,-2.0000000000000036,AAII Investor Sentiment Survey,https://www.aaii.com/files/surveys/sentiment.xls,https://www.aaii.com/sentimentsurvey/sent_results,conservative_proxy_publication_thursday_after_survey_week,True,True,False,False
1997-04-10,1997-04-11,26.0,37.0,37.0,-11.0,AAII Investor Sentiment Survey,https://www.aaii.com/files/surveys/sentiment.xls,https://www.aaii.com/sentimentsurvey/sent_results,conservative_proxy_publication_thursday_after_survey_week,True,True,False,False
1997-04-17,1997-04-18,31.0,41.0,28.000000000000004,2.9999999999999964,AAII Investor Sentiment Survey,https://www.aaii.com/files/surveys/sentiment.xls,https://www.aaii.com/sentimentsurvey/sent_results,conservative_proxy_publication_thursday_after_survey_week,True,True,False,False
1997-04-24,1997-04-25,28.000000000000004,40.0,32.0,-3.9999999999999964,AAII Investor Sentiment Survey,https://www.aaii.com/files/surveys/sentiment.xls,https://www.aaii.com/sentimentsurvey/sent_results,conservative_proxy_publication_thursday_after_survey_week,True,True,False,False
1997-05-01,1997-05-02,27.0,44.0,28.999999999999996,-1.9999999999999964,AAII Investor Sentiment Survey,https://www.aaii.com/files/surveys/sentiment.xls,https://www.aaii.com/sentimentsurvey/sent_results,conservative_proxy_publication_thursday_after_survey_week,True,True,False,False
1997-05-08,1997-05-09,30.0,44.0,26.0,4.0,AAII Investor Sentiment Survey,https://www.aaii.com/files/surveys/sentiment.xls,https://www.aaii.com/sentimentsurvey/sent_results,conservative_proxy_publication_thursday_after_survey_week,True,True,False,False
1997-05-15,1997-05-16,41.0,36.0,23.0,18.0,AAII Investor Sentiment Survey,https://www.aaii.com/files/surveys/sentiment.xls,https://www.aaii.com/sentimentsurvey/sent_results,conservative_proxy_publication_thursday_after_survey_week,True,True,False,False
1997-05-22,1997-05-23,40.0,35.0,25.0,15.0,AAII Investor Sentiment Survey,https://www.aaii.com/files/surveys/sentiment.xls,https://www.aaii.com/sentimentsurvey/sent_results,conservative_proxy_publication_thursday_after_survey_week,True,True,False,False
1997-05-29,1997-05-30,40.0,40.0,20.0,20.0,AAII Investor Sentiment Survey,https://www.aaii.com/files/surveys/sentiment.xls,https://www.aaii.com/sentimentsurvey/sent_results,conservative_proxy_publication_thursday_after_survey_week,True,True,False,False
1997-06-05,1997-06-06,52.0,33.0,15.0,37.0,AAII Investor Sentiment Survey,https://www.aaii.com/files/surveys/sentiment.xls,https://www.aaii.com/sentimentsurvey/sent_results,conservative_proxy_publication_thursday_after_survey_week,True,True,False,False
1997-06-12,1997-06-13,49.0,35.0,16.0,33.0,AAII Investor Sentiment Survey,https://www.aaii.com/files/surveys/sentiment.xls,https://www.aaii.com/sentimentsurvey/sent_results,conservative_proxy_publication_thursday_after_survey_week,True,True,False,False
1997-06-19,1997-06-20,59.0,26.0,15.0,44.0,AAII Investor Sentiment Survey,https://www.aaii.com/files/surveys/sentiment.xls,https://www.aaii.com/sentimentsurvey/sent_results,conservative_proxy_publication_thursday_after_survey_week,True,True,False,False
1997-06-26,1997-06-27,52.0,25.0,23.0,29.0,AAII Investor Sentiment Survey,https://www.aaii.com/files/surveys/sentiment.xls,https://www.aaii.com/sentimentsurvey/sent_results,conservative_proxy_publication_thursday_after_survey_week,True,True,False,False
1997-07-03,1997-07-04,45.0,30.0,25.0,20.0,AAII Investor Sentiment Survey,https://www.aaii.com/files/surveys/sentiment.xls,https://www.aaii.com/sentimentsurvey/sent_results,conservative_proxy_publication_thursday_after_survey_week,True,True,False,False
1997-07-10,1997-07-11,49.0,33.0,18.0,31.0,AAII Investor Sentiment Survey,https://www.aaii.com/files/surveys/sentiment.xls,https://www.aaii.com/sentimentsurvey/sent_results,conservative_proxy_publication_thursday_after_survey_week,True,True,False,False
1997-07-17,1997-07-18,54.0,30.0,16.0,38.0,AAII Investor Sentiment Survey,https://www.aaii.com/files/surveys/sentiment.xls,https://www.aaii.com/sentimentsurvey/sent_results,conservative_proxy_publication_thursday_after_survey_week,True,True,False,False
1997-07-24,1997-07-25,53.0,25.0,22.0,31.0,AAII Investor Sentiment Survey,https://www.aaii.com/files/surveys/sentiment.xls,https://www.aaii.com/sentimentsurvey/sent_results,conservative_proxy_publication_thursday_after_survey_week,True,True,False,False
1997-07-31,1997-08-01,48.0,26.0,26.0,22.0,AAII Investor Sentiment Survey,https://www.aaii.com/files/surveys/sentiment.xls,https://www.aaii.com/sentimentsurvey/sent_results,conservative_proxy_publication_thursday_after_survey_week,True,True,False,False
1997-08-07,1997-08-08,49.0,28.000000000000004,23.0,26.0,AAII Investor Sentiment Survey,https://www.aaii.com/files/surveys/sentiment.xls,https://www.aaii.com/sentimentsurvey/sent_results,conservative_proxy_publication_thursday_after_survey_week,True,True,False,False
1997-08-14,1997-08-15,49.0,30.0,21.0,28.0,AAII Investor Sentiment Survey,https://www.aaii.com/files/surveys/sentiment.xls,https://www.aaii.com/sentimentsurvey/sent_results,conservative_proxy_publication_thursday_after_survey_week,True,True,False,False
1997-08-21,1997-08-22,47.0,33.0,20.0,27.0,AAII Investor Sentiment Survey,https://www.aaii.com/files/surveys/sentiment.xls,https://www.aaii.com/sentimentsurvey/sent_results,conservative_proxy_publication_thursday_after_survey_week,True,True,False,False
1997-08-28,1997-08-29,50.0,28.000000000000004,22.0,28.0,AAII Investor Sentiment Survey,https://www.aaii.com/files/surveys/sentiment.xls,https://www.aaii.com/sentimentsurvey/sent_results,conservative_proxy_publication_thursday_after_survey_week,True,True,False,False
1997-09-04,1997-09-05,37.0,38.0,25.0,12.0,AAII Investor Sentiment Survey,https://www.aaii.com/files/surveys/sentiment.xls,https://www.aaii.com/sentimentsurvey/sent_results,conservative_proxy_publication_thursday_after_survey_week,True,True,False,False
1997-09-11,1997-09-12,42.0,36.0,22.0,20.0,AAII Investor Sentiment Survey,https://www.aaii.com/files/surveys/sentiment.xls,https://www.aaii.com/sentimentsurvey/sent_results,conservative_proxy_publication_thursday_after_survey_week,True,True,False,False
1997-09-18,1997-09-19,40.0,44.0,16.0,24.0,AAII Investor Sentiment Survey,https://www.aaii.com/files/surveys/sentiment.xls,https://www.aaii.com/sentimentsurvey/sent_results,conservative_proxy_publication_thursday_after_survey_week,True,True,False,False
1997-09-25,1997-09-26,39.0,42.0,19.0,20.0,AAII Investor Sentiment Survey,https://www.aaii.com/files/surveys/sentiment.xls,https://www.aaii.com/sentimentsurvey/sent_results,conservative_proxy_publication_thursday_after_survey_week,True,True,False,False
1997-10-02,1997-10-03,38.0,43.0,19.0,19.0,AAII Investor Sentiment Survey,https://www.aaii.com/files/surveys/sentiment.xls,https://www.aaii.com/sentimentsurvey/sent_results,conservative_proxy_publication_thursday_after_survey_week,True,True,False,False
1997-10-09,1997-10-10,43.0,43.0,14.000000000000002,29.0,AAII Investor Sentiment Survey,https://www.aaii.com/files/surveys/sentiment.xls,https://www.aaii.com/sentimentsurvey/sent_results,conservative_proxy_publication_thursday_after_survey_week,True,True,False,False
1997-10-16,1997-10-17,43.0,36.0,21.0,22.0,AAII Investor Sentiment Survey,https://www.aaii.com/files/surveys/sentiment.xls,https://www.aaii.com/sentimentsurvey/sent_results,conservative_proxy_publication_thursday_after_survey_week,True,True,False,False
1997-10-23,1997-10-24,40.0,46.0,14.000000000000002,26.0,AAII Investor Sentiment Survey,https://www.aaii.com/files/surveys/sentiment.xls,https://www.aaii.com/sentimentsurvey/sent_results,conservative_proxy_publication_thursday_after_survey_week,True,True,False,False
1997-10-30,1997-10-31,41.0,36.0,23.0,18.0,AAII Investor Sentiment Survey,https://www.aaii.com/files/surveys/sentiment.xls,https://www.aaii.com/sentimentsurvey/sent_results,conservative_proxy_publication_thursday_after_survey_week,True,True,False,False
1997-11-06,1997-11-07,38.0,37.0,25.0,13.0,AAII Investor Sentiment Survey,https://www.aaii.com/files/surveys/sentiment.xls,https://www.aaii.com/sentimentsurvey/sent_results,conservative_proxy_publication_thursday_after_survey_week,True,True,False,False
1997-11-13,1997-11-14,45.0,38.0,17.0,28.0,AAII Investor Sentiment Survey,https://www.aaii.com/files/surveys/sentiment.xls,https://www.aaii.com/sentimentsurvey/sent_results,conservative_proxy_publication_thursday_after_survey_week,True,True,False,False
1997-11-20,1997-11-21,40.0,38.0,22.0,18.0,AAII Investor Sentiment Survey,https://www.aaii.com/files/surveys/sentiment.xls,https://www.aaii.com/sentimentsurvey/sent_results,conservative_proxy_publication_thursday_after_survey_week,True,True,False,False
1997-11-26,1997-11-27,40.0,40.0,20.0,20.0,AAII Investor Sentiment Survey,https://www.aaii.com/files/surveys/sentiment.xls,https://www.aaii.com/sentimentsurvey/sent_results,conservative_proxy_publication_thursday_after_survey_week,True,True,False,False
1997-12-04,1997-12-05,49.0,33.0,18.0,31.0,AAII Investor Sentiment Survey,https://www.aaii.com/files/surveys/sentiment.xls,https://www.aaii.com/sentimentsurvey/sent_results,conservative_proxy_publication_thursday_after_survey_week,True,True,False,False
1997-12-11,1997-12-12,46.0,37.0,17.0,29.0,AAII Investor Sentiment Survey,https://www.aaii.com/files/surveys/sentiment.xls,https://www.aaii.com/sentimentsurvey/sent_results,conservative_proxy_publication_thursday_after_survey_week,True,True,False,False
1997-12-18,1997-12-19,40.0,41.0,19.0,21.0,AAII Investor Sentiment Survey,https://www.aaii.com/files/surveys/sentiment.xls,https://www.aaii.com/sentimentsurvey/sent_results,conservative_proxy_publication_thursday_after_survey_week,True,True,False,False
1997-12-24,1997-12-25,41.0,36.0,23.0,18.0,AAII Investor Sentiment Survey,https://www.aaii.com/files/surveys/sentiment.xls,https://www.aaii.com/sentimentsurvey/sent_results,conservative_proxy_publication_thursday_after_survey_week,True,True,False,False
1997-12-31,1998-01-01,34.0,35.0,31.0,3.0,AAII Investor Sentiment Survey,https://www.aaii.com/files/surveys/sentiment.xls,https://www.aaii.com/sentimentsurvey/sent_results,conservative_proxy_publication_thursday_after_survey_week,True,True,False,False
1998-01-08,1998-01-09,42.0,40.0,18.0,24.0,AAII Investor Sentiment Survey,https://www.aaii.com/files/surveys/sentiment.xls,https://www.aaii.com/sentimentsurvey/sent_results,conservative_proxy_publication_thursday_after_survey_week,True,True,False,False
1998-01-16,1998-01-17,38.0,45.0,17.0,21.0,AAII Investor Sentiment Survey,https://www.aaii.com/files/surveys/sentiment.xls,https://www.aaii.com/sentimentsurvey/sent_results,conservative_proxy_publication_thursday_after_survey_week,True,True,False,False
1998-01-23,1998-01-24,31.0,39.0,30.0,1.0,AAII Investor Sentiment Survey,https://www.aaii.com/files/surveys/sentiment.xls,https://www.aaii.com/sentimentsurvey/sent_results,conservative_proxy_publication_thursday_after_survey_week,True,True,False,False
1998-01-30,1998-01-31,38.0,42.0,20.0,18.0,AAII Investor Sentiment Survey,https://www.aaii.com/files/surveys/sentiment.xls,https://www.aaii.com/sentimentsurvey/sent_results,conservative_proxy_publication_thursday_after_survey_week,True,True,False,False
1998-02-05,1998-02-06,30.0,45.0,25.0,5.0,AAII Investor Sentiment Survey,https://www.aaii.com/files/surveys/sentiment.xls,https://www.aaii.com/sentimentsurvey/sent_results,conservative_proxy_publication_thursday_after_survey_week,True,True,False,False
1998-02-12,1998-02-13,45.0,36.0,19.0,26.0,AAII Investor Sentiment Survey,https://www.aaii.com/files/surveys/sentiment.xls,https://www.aaii.com/sentimentsurvey/sent_results,conservative_proxy_publication_thursday_after_survey_week,True,True,False,False
1998-02-19,1998-02-20,42.0,43.0,15.0,27.0,AAII Investor Sentiment Survey,https://www.aaii.com/files/surveys/sentiment.xls,https://www.aaii.com/sentimentsurvey/sent_results,conservative_proxy_publication_thursday_after_survey_week,True,True,False,False
1998-02-26,1998-02-27,53.0,33.0,14.000000000000002,39.0,AAII Investor Sentiment Survey,https://www.aaii.com/files/surveys/sentiment.xls,https://www.aaii.com/sentimentsurvey/sent_results,conservative_proxy_publication_thursday_after_survey_week,True,True,False,False
1998-03-05,1998-03-06,53.0,34.0,13.0,40.0,AAII Investor Sentiment Survey,https://www.aaii.com/files/surveys/sentiment.xls,https://www.aaii.com/sentimentsurvey/sent_results,conservative_proxy_publication_thursday_after_survey_week,True,True,False,False
1998-03-12,1998-03-13,44.0,36.0,20.0,24.0,AAII Investor Sentiment Survey,https://www.aaii.com/files/surveys/sentiment.xls,https://www.aaii.com/sentimentsurvey/sent_results,conservative_proxy_publication_thursday_after_survey_week,True,True,False,False
1998-03-19,1998-03-20,40.0,38.0,22.0,18.0,AAII Investor Sentiment Survey,https://www.aaii.com/files/surveys/sentiment.xls,https://www.aaii.com/sentimentsurvey/sent_results,conservative_proxy_publication_thursday_after_survey_week,True,True,False,False
1998-03-26,1998-03-27,45.0,35.0,20.0,25.0,AAII Investor Sentiment Survey,https://www.aaii.com/files/surveys/sentiment.xls,https://www.aaii.com/sentimentsurvey/sent_results,conservative_proxy_publication_thursday_after_survey_week,True,True,False,False
1998-04-02,1998-04-03,46.0,32.0,22.0,24.0,AAII Investor Sentiment Survey,https://www.aaii.com/files/surveys/sentiment.xls,https://www.aaii.com/sentimentsurvey/sent_results,conservative_proxy_publication_thursday_after_survey_week,True,True,False,False
1998-04-09,1998-04-10,41.0,36.0,23.0,18.0,AAII Investor Sentiment Survey,https://www.aaii.com/files/surveys/sentiment.xls,https://www.aaii.com/sentimentsurvey/sent_results,conservative_proxy_publication_thursday_after_survey_week,True,True,False,False
1998-04-16,1998-04-17,53.0,32.0,15.0,38.0,AAII Investor Sentiment Survey,https://www.aaii.com/files/surveys/sentiment.xls,https://www.aaii.com/sentimentsurvey/sent_results,conservative_proxy_publication_thursday_after_survey_week,True,True,False,False
1998-04-23,1998-04-24,40.0,38.0,22.0,18.0,AAII Investor Sentiment Survey,https://www.aaii.com/files/surveys/sentiment.xls,https://www.aaii.com/sentimentsurvey/sent_results,conservative_proxy_publication_thursday_after_survey_week,True,True,False,False
1998-04-30,1998-05-01,44.0,31.0,25.0,19.0,AAII Investor Sentiment Survey,https://www.aaii.com/files/surveys/sentiment.xls,https://www.aaii.com/sentimentsurvey/sent_results,conservative_proxy_publication_thursday_after_survey_week,True,True,False,False
1998-05-07,1998-05-08,43.0,34.0,23.0,20.0,AAII Investor Sentiment Survey,https://www.aaii.com/files/surveys/sentiment.xls,https://www.aaii.com/sentimentsurvey/sent_results,conservative_proxy_publication_thursday_after_survey_week,True,True,False,False
1998-05-14,1998-05-15,33.0,41.0,26.0,7.0,AAII Investor Sentiment Survey,https://www.aaii.com/files/surveys/sentiment.xls,https://www.aaii.com/sentimentsurvey/sent_results,conservative_proxy_publication_thursday_after_survey_week,True,True,False,False
1998-05-21,1998-05-22,38.0,39.0,23.0,15.0,AAII Investor Sentiment Survey,https://www.aaii.com/files/surveys/sentiment.xls,https://www.aaii.com/sentimentsurvey/sent_results,conservative_proxy_publication_thursday_after_survey_week,True,True,False,False
1998-05-28,1998-05-29,34.0,40.0,26.0,8.0,AAII Investor Sentiment Survey,https://www.aaii.com/files/surveys/sentiment.xls,https://www.aaii.com/sentimentsurvey/sent_results,conservative_proxy_publication_thursday_after_survey_week,True,True,False,False
1998-06-04,1998-06-05,25.0,44.0,31.0,-6.0,AAII Investor Sentiment Survey,https://www.aaii.com/files/surveys/sentiment.xls,https://www.aaii.com/sentimentsurvey/sent_results,conservative_proxy_publication_thursday_after_survey_week,True,True,False,False
1998-06-11,1998-06-12,27.0,49.0,24.0,3.0,AAII Investor Sentiment Survey,https://www.aaii.com/files/surveys/sentiment.xls,https://www.aaii.com/sentimentsurvey/sent_results,conservative_proxy_publication_thursday_after_survey_week,True,True,False,False
1998-06-18,1998-06-19,28.999999999999996,38.0,33.0,-4.0000000000000036,AAII Investor Sentiment Survey,https://www.aaii.com/files/surveys/sentiment.xls,https://www.aaii.com/sentimentsurvey/sent_results,conservative_proxy_publication_thursday_after_survey_week,True,True,False,False
1998-06-25,1998-06-26,28.000000000000004,44.0,28.000000000000004,0.0,AAII Investor Sentiment Survey,https://www.aaii.com/files/surveys/sentiment.xls,https://www.aaii.com/sentimentsurvey/sent_results,conservative_proxy_publication_thursday_after_survey_week,True,True,False,False
1998-07-02,1998-07-03,33.0,48.0,19.0,14.0,AAII Investor Sentiment Survey,https://www.aaii.com/files/surveys/sentiment.xls,https://www.aaii.com/sentimentsurvey/sent_results,conservative_proxy_publication_thursday_after_survey_week,True,True,False,False
1998-07-09,1998-07-10,36.0,44.0,20.0,16.0,AAII Investor Sentiment Survey,https://www.aaii.com/files/surveys/sentiment.xls,https://www.aaii.com/sentimentsurvey/sent_results,conservative_proxy_publication_thursday_after_survey_week,True,True,False,False
1998-07-16,1998-07-17,35.0,44.0,21.0,14.0,AAII Investor Sentiment Survey,https://www.aaii.com/files/surveys/sentiment.xls,https://www.aaii.com/sentimentsurvey/sent_results,conservative_proxy_publication_thursday_after_survey_week,True,True,False,False
1998-07-23,1998-07-24,37.0,39.0,24.0,13.0,AAII Investor Sentiment Survey,https://www.aaii.com/files/surveys/sentiment.xls,https://www.aaii.com/sentimentsurvey/sent_results,conservative_proxy_publication_thursday_after_survey_week,True,True,False,False
1998-07-30,1998-07-31,44.0,36.0,20.0,24.0,AAII Investor Sentiment Survey,https://www.aaii.com/files/surveys/sentiment.xls,https://www.aaii.com/sentimentsurvey/sent_results,conservative_proxy_publication_thursday_after_survey_week,True,True,False,False
1998-08-06,1998-08-07,30.0,44.0,26.0,4.0,AAII Investor Sentiment Survey,https://www.aaii.com/files/surveys/sentiment.xls,https://www.aaii.com/sentimentsurvey/sent_results,conservative_proxy_publication_thursday_after_survey_week,True,True,False,False
1998-08-13,1998-08-14,27.0,38.0,35.0,-8.0,AAII Investor Sentiment Survey,https://www.aaii.com/files/surveys/sentiment.xls,https://www.aaii.com/sentimentsurvey/sent_results,conservative_proxy_publication_thursday_after_survey_week,True,True,False,False
1998-08-20,1998-08-21,25.0,42.0,33.0,-8.0,AAII Investor Sentiment Survey,https://www.aaii.com/files/surveys/sentiment.xls,https://www.aaii.com/sentimentsurvey/sent_results,conservative_proxy_publication_thursday_after_survey_week,True,True,False,False
1998-08-27,1998-08-28,23.0,32.0,45.0,-22.0,AAII Investor Sentiment Survey,https://www.aaii.com/files/surveys/sentiment.xls,https://www.aaii.com/sentimentsurvey/sent_results,conservative_proxy_publication_thursday_after_survey_week,True,True,False,False
1998-09-03,1998-09-04,23.0,37.0,40.0,-17.0,AAII Investor Sentiment Survey,https://www.aaii.com/files/surveys/sentiment.xls,https://www.aaii.com/sentimentsurvey/sent_results,conservative_proxy_publication_thursday_after_survey_week,True,True,False,False
1998-09-10,1998-09-11,28.999999999999996,31.0,40.0,-11.000000000000004,AAII Investor Sentiment Survey,https://www.aaii.com/files/surveys/sentiment.xls,https://www.aaii.com/sentimentsurvey/sent_results,conservative_proxy_publication_thursday_after_survey_week,True,True,False,False
1998-09-17,1998-09-18,34.0,35.0,31.0,3.0,AAII Investor Sentiment Survey,https://www.aaii.com/files/surveys/sentiment.xls,https://www.aaii.com/sentimentsurvey/sent_results,conservative_proxy_publication_thursday_after_survey_week,True,True,False,False
1998-09-24,1998-09-25,34.0,38.0,28.000000000000004,5.9999999999999964,AAII Investor Sentiment Survey,https://www.aaii.com/files/surveys/sentiment.xls,https://www.aaii.com/sentimentsurvey/sent_results,conservative_proxy_publication_thursday_after_survey_week,True,True,False,False
1998-10-01,1998-10-02,32.0,35.0,33.0,-1.0,AAII Investor Sentiment Survey,https://www.aaii.com/files/surveys/sentiment.xls,https://www.aaii.com/sentimentsurvey/sent_results,conservative_proxy_publication_thursday_after_survey_week,True,True,False,False
1998-10-08,1998-10-09,25.0,43.0,32.0,-7.0,AAII Investor Sentiment Survey,https://www.aaii.com/files/surveys/sentiment.xls,https://www.aaii.com/sentimentsurvey/sent_results,conservative_proxy_publication_thursday_after_survey_week,True,True,False,False
1998-10-15,1998-10-16,25.0,34.0,41.0,-16.0,AAII Investor Sentiment Survey,https://www.aaii.com/files/surveys/sentiment.xls,https://www.aaii.com/sentimentsurvey/sent_results,conservative_proxy_publication_thursday_after_survey_week,True,True,False,False
1998-10-22,1998-10-23,32.0,35.0,33.0,-1.0,AAII Investor Sentiment Survey,https://www.aaii.com/files/surveys/sentiment.xls,https://www.aaii.com/sentimentsurvey/sent_results,conservative_proxy_publication_thursday_after_survey_week,True,True,False,False
1998-10-29,1998-10-30,43.0,36.0,21.0,22.0,AAII Investor Sentiment Survey,https://www.aaii.com/files/surveys/sentiment.xls,https://www.aaii.com/sentimentsurvey/sent_results,conservative_proxy_publication_thursday_after_survey_week,True,True,False,False
1998-11-05,1998-11-06,38.0,42.0,20.0,18.0,AAII Investor Sentiment Survey,https://www.aaii.com/files/surveys/sentiment.xls,https://www.aaii.com/sentimentsurvey/sent_results,conservative_proxy_publication_thursday_after_survey_week,True,True,False,False
1998-11-12,1998-11-13,50.0,36.0,14.000000000000002,36.0,AAII Investor Sentiment Survey,https://www.aaii.com/files/surveys/sentiment.xls,https://www.aaii.com/sentimentsurvey/sent_results,conservative_proxy_publication_thursday_after_survey_week,True,True,False,False
1998-11-19,1998-11-20,40.0,42.0,18.0,22.0,AAII Investor Sentiment Survey,https://www.aaii.com/files/surveys/sentiment.xls,https://www.aaii.com/sentimentsurvey/sent_results,conservative_proxy_publication_thursday_after_survey_week,True,True,False,False
1998-11-25,1998-11-26,48.0,35.0,17.0,31.0,AAII Investor Sentiment Survey,https://www.aaii.com/files/surveys/sentiment.xls,https://www.aaii.com/sentimentsurvey/sent_results,conservative_proxy_publication_thursday_after_survey_week,True,True,False,False
1998-12-03,1998-12-04,49.0,30.0,21.0,28.0,AAII Investor Sentiment Survey,https://www.aaii.com/files/surveys/sentiment.xls,https://www.aaii.com/sentimentsurvey/sent_results,conservative_proxy_publication_thursday_after_survey_week,True,True,False,False
1998-12-10,1998-12-11,44.0,30.0,26.0,18.0,AAII Investor Sentiment Survey,https://www.aaii.com/files/surveys/sentiment.xls,https://www.aaii.com/sentimentsurvey/sent_results,conservative_proxy_publication_thursday_after_survey_week,True,True,False,False
1998-12-17,1998-12-18,41.0,34.0,25.0,16.0,AAII Investor Sentiment Survey,https://www.aaii.com/files/surveys/sentiment.xls,https://www.aaii.com/sentimentsurvey/sent_results,conservative_proxy_publication_thursday_after_survey_week,True,True,False,False
1998-12-23,1998-12-24,34.0,34.0,32.0,2.0,AAII Investor Sentiment Survey,https://www.aaii.com/files/surveys/sentiment.xls,https://www.aaii.com/sentimentsurvey/sent_results,conservative_proxy_publication_thursday_after_survey_week,True,True,False,False
1998-12-31,1999-01-01,41.0,37.0,22.0,19.0,AAII Investor Sentiment Survey,https://www.aaii.com/files/surveys/sentiment.xls,https://www.aaii.com/sentimentsurvey/sent_results,conservative_proxy_publication_thursday_after_survey_week,True,True,False,False
1999-01-07,1999-01-08,38.0,39.0,23.0,15.0,AAII Investor Sentiment Survey,https://www.aaii.com/files/surveys/sentiment.xls,https://www.aaii.com/sentimentsurvey/sent_results,conservative_proxy_publication_thursday_after_survey_week,True,True,False,False
1999-01-14,1999-01-15,51.0,28.000000000000004,21.0,30.0,AAII Investor Sentiment Survey,https://www.aaii.com/files/surveys/sentiment.xls,https://www.aaii.com/sentimentsurvey/sent_results,conservative_proxy_publication_thursday_after_survey_week,True,True,False,False
1999-01-21,1999-01-22,56.00000000000001,24.0,20.0,36.00000000000001,AAII Investor Sentiment Survey,https://www.aaii.com/files/surveys/sentiment.xls,https://www.aaii.com/sentimentsurvey/sent_results,conservative_proxy_publication_thursday_after_survey_week,True,True,False,False
1999-01-28,1999-01-29,47.0,33.0,20.0,27.0,AAII Investor Sentiment Survey,https://www.aaii.com/files/surveys/sentiment.xls,https://www.aaii.com/sentimentsurvey/sent_results,conservative_proxy_publication_thursday_after_survey_week,True,True,False,False
1999-02-04,1999-02-05,48.0,38.0,14.000000000000002,34.0,AAII Investor Sentiment Survey,https://www.aaii.com/files/surveys/sentiment.xls,https://www.aaii.com/sentimentsurvey/sent_results,conservative_proxy_publication_thursday_after_survey_week,True,True,False,False
1999-02-11,1999-02-12,48.0,35.0,17.0,31.0,AAII Investor Sentiment Survey,https://www.aaii.com/files/surveys/sentiment.xls,https://www.aaii.com/sentimentsurvey/sent_results,conservative_proxy_publication_thursday_after_survey_week,True,True,False,False
1999-02-18,1999-02-19,37.0,39.0,24.0,13.0,AAII Investor Sentiment Survey,https://www.aaii.com/files/surveys/sentiment.xls,https://www.aaii.com/sentimentsurvey/sent_results,conservative_proxy_publication_thursday_after_survey_week,True,True,False,False
1999-02-25,1999-02-26,37.0,39.0,24.0,13.0,AAII Investor Sentiment Survey,https://www.aaii.com/files/surveys/sentiment.xls,https://www.aaii.com/sentimentsurvey/sent_results,conservative_proxy_publication_thursday_after_survey_week,True,True,False,False
1999-03-04,1999-03-05,36.0,45.0,19.0,17.0,AAII Investor Sentiment Survey,https://www.aaii.com/files/surveys/sentiment.xls,https://www.aaii.com/sentimentsurvey/sent_results,conservative_proxy_publication_thursday_after_survey_week,True,True,False,False
1999-03-11,1999-03-12,37.0,42.0,21.0,16.0,AAII Investor Sentiment Survey,https://www.aaii.com/files/surveys/sentiment.xls,https://www.aaii.com/sentimentsurvey/sent_results,conservative_proxy_publication_thursday_after_survey_week,True,True,False,False
1999-03-18,1999-03-19,48.0,31.0,21.0,27.0,AAII Investor Sentiment Survey,https://www.aaii.com/files/surveys/sentiment.xls,https://www.aaii.com/sentimentsurvey/sent_results,conservative_proxy_publication_thursday_after_survey_week,True,True,False,False
1999-03-25,1999-03-26,38.0,33.0,28.999999999999996,9.000000000000004,AAII Investor Sentiment Survey,https://www.aaii.com/files/surveys/sentiment.xls,https://www.aaii.com/sentimentsurvey/sent_results,conservative_proxy_publication_thursday_after_survey_week,True,True,False,False
1999-04-01,1999-04-02,40.0,35.0,25.0,15.0,AAII Investor Sentiment Survey,https://www.aaii.com/files/surveys/sentiment.xls,https://www.aaii.com/sentimentsurvey/sent_results,conservative_proxy_publication_thursday_after_survey_week,True,True,False,False
1999-04-08,1999-04-09,36.0,38.0,26.0,10.0,AAII Investor Sentiment Survey,https://www.aaii.com/files/surveys/sentiment.xls,https://www.aaii.com/sentimentsurvey/sent_results,conservative_proxy_publication_thursday_after_survey_week,True,True,False,False
1999-04-15,1999-04-16,41.0,31.0,28.000000000000004,12.999999999999996,AAII Investor Sentiment Survey,https://www.aaii.com/files/surveys/sentiment.xls,https://www.aaii.com/sentimentsurvey/sent_results,conservative_proxy_publication_thursday_after_survey_week,True,True,False,False
1999-04-22,1999-04-23,38.0,32.0,30.0,8.0,AAII Investor Sentiment Survey,https://www.aaii.com/files/surveys/sentiment.xls,https://www.aaii.com/sentimentsurvey/sent_results,conservative_proxy_publication_thursday_after_survey_week,True,True,False,False
1999-04-29,1999-04-30,41.0,32.0,27.0,14.0,AAII Investor Sentiment Survey,https://www.aaii.com/files/surveys/sentiment.xls,https://www.aaii.com/sentimentsurvey/sent_results,conservative_proxy_publication_thursday_after_survey_week,True,True,False,False
1999-05-06,1999-05-07,54.0,32.0,14.000000000000002,40.0,AAII Investor Sentiment Survey,https://www.aaii.com/files/surveys/sentiment.xls,https://www.aaii.com/sentimentsurvey/sent_results,conservative_proxy_publication_thursday_after_survey_week,True,True,False,False
1999-05-13,1999-05-14,43.0,31.0,26.0,17.0,AAII Investor Sentiment Survey,https://www.aaii.com/files/surveys/sentiment.xls,https://www.aaii.com/sentimentsurvey/sent_results,conservative_proxy_publication_thursday_after_survey_week,True,True,False,False
1999-05-20,1999-05-21,43.0,31.0,26.0,17.0,AAII Investor Sentiment Survey,https://www.aaii.com/files/surveys/sentiment.xls,https://www.aaii.com/sentimentsurvey/sent_results,conservative_proxy_publication_thursday_after_survey_week,True,True,False,False
1999-05-27,1999-05-28,38.0,42.0,20.0,18.0,AAII Investor Sentiment Survey,https://www.aaii.com/files/surveys/sentiment.xls,https://www.aaii.com/sentimentsurvey/sent_results,conservative_proxy_publication_thursday_after_survey_week,True,True,False,False
1999-06-03,1999-06-04,32.0,36.0,32.0,0.0,AAII Investor Sentiment Survey,https://www.aaii.com/files/surveys/sentiment.xls,https://www.aaii.com/sentimentsurvey/sent_results,conservative_proxy_publication_thursday_after_survey_week,True,True,False,False
1999-06-10,1999-06-11,32.0,40.0,28.000000000000004,3.9999999999999964,AAII Investor Sentiment Survey,https://www.aaii.com/files/surveys/sentiment.xls,https://www.aaii.com/sentimentsurvey/sent_results,conservative_proxy_publication_thursday_after_survey_week,True,True,False,False
1999-06-17,1999-06-18,38.0,35.0,27.0,11.0,AAII Investor Sentiment Survey,https://www.aaii.com/files/surveys/sentiment.xls,https://www.aaii.com/sentimentsurvey/sent_results,conservative_proxy_publication_thursday_after_survey_week,True,True,False,False
1999-06-24,1999-06-25,30.0,39.0,31.0,-1.0,AAII Investor Sentiment Survey,https://www.aaii.com/files/surveys/sentiment.xls,https://www.aaii.com/sentimentsurvey/sent_results,conservative_proxy_publication_thursday_after_survey_week,True,True,False,False
1999-07-01,1999-07-02,35.0,38.0,27.0,8.0,AAII Investor Sentiment Survey,https://www.aaii.com/files/surveys/sentiment.xls,https://www.aaii.com/sentimentsurvey/sent_results,conservative_proxy_publication_thursday_after_survey_week,True,True,False,False
1999-07-08,1999-07-09,43.0,36.0,21.0,22.0,AAII Investor Sentiment Survey,https://www.aaii.com/files/surveys/sentiment.xls,https://www.aaii.com/sentimentsurvey/sent_results,conservative_proxy_publication_thursday_after_survey_week,True,True,False,False
1999-07-15,1999-07-16,54.0,28.000000000000004,18.0,36.0,AAII Investor Sentiment Survey,https://www.aaii.com/files/surveys/sentiment.xls,https://www.aaii.com/sentimentsurvey/sent_results,conservative_proxy_publication_thursday_after_survey_week,True,True,False,False
1999-07-22,1999-07-23,55.00000000000001,23.0,22.0,33.00000000000001,AAII Investor Sentiment Survey,https://www.aaii.com/files/surveys/sentiment.xls,https://www.aaii.com/sentimentsurvey/sent_results,conservative_proxy_publication_thursday_after_survey_week,True,True,False,False
1999-07-29,1999-07-30,42.0,38.0,20.0,22.0,AAII Investor Sentiment Survey,https://www.aaii.com/files/surveys/sentiment.xls,https://www.aaii.com/sentimentsurvey/sent_results,conservative_proxy_publication_thursday_after_survey_week,True,True,False,False
1999-08-05,1999-08-06,30.0,46.0,24.0,6.0,AAII Investor Sentiment Survey,https://www.aaii.com/files/surveys/sentiment.xls,https://www.aaii.com/sentimentsurvey/sent_results,conservative_proxy_publication_thursday_after_survey_week,True,True,False,False
1999-08-12,1999-08-13,30.0,40.0,30.0,0.0,AAII Investor Sentiment Survey,https://www.aaii.com/files/surveys/sentiment.xls,https://www.aaii.com/sentimentsurvey/sent_results,conservative_proxy_publication_thursday_after_survey_week,True,True,False,False
1999-08-19,1999-08-20,31.0,46.0,23.0,8.0,AAII Investor Sentiment Survey,https://www.aaii.com/files/surveys/sentiment.xls,https://www.aaii.com/sentimentsurvey/sent_results,conservative_proxy_publication_thursday_after_survey_week,True,True,False,False
1999-08-26,1999-08-27,35.0,40.0,25.0,10.0,AAII Investor Sentiment Survey,https://www.aaii.com/files/surveys/sentiment.xls,https://www.aaii.com/sentimentsurvey/sent_results,conservative_proxy_publication_thursday_after_survey_week,True,True,False,False
1999-09-02,1999-09-03,44.0,38.0,18.0,26.0,AAII Investor Sentiment Survey,https://www.aaii.com/files/surveys/sentiment.xls,https://www.aaii.com/sentimentsurvey/sent_results,conservative_proxy_publication_thursday_after_survey_week,True,True,False,False
1999-09-09,1999-09-10,37.0,38.0,25.0,12.0,AAII Investor Sentiment Survey,https://www.aaii.com/files/surveys/sentiment.xls,https://www.aaii.com/sentimentsurvey/sent_results,conservative_proxy_publication_thursday_after_survey_week,True,True,False,False
1999-09-16,1999-09-17,36.0,43.0,21.0,15.0,AAII Investor Sentiment Survey,https://www.aaii.com/files/surveys/sentiment.xls,https://www.aaii.com/sentimentsurvey/sent_results,conservative_proxy_publication_thursday_after_survey_week,True,True,False,False
1999-09-23,1999-09-24,36.0,36.0,28.000000000000004,7.9999999999999964,AAII Investor Sentiment Survey,https://www.aaii.com/files/surveys/sentiment.xls,https://www.aaii.com/sentimentsurvey/sent_results,conservative_proxy_publication_thursday_after_survey_week,True,True,False,False
1999-09-30,1999-10-01,35.0,42.0,23.0,12.0,AAII Investor Sentiment Survey,https://www.aaii.com/files/surveys/sentiment.xls,https://www.aaii.com/sentimentsurvey/sent_results,conservative_proxy_publication_thursday_after_survey_week,True,True,False,False
1999-10-07,1999-10-08,34.0,38.0,28.000000000000004,5.9999999999999964,AAII Investor Sentiment Survey,https://www.aaii.com/files/surveys/sentiment.xls,https://www.aaii.com/sentimentsurvey/sent_results,conservative_proxy_publication_thursday_after_survey_week,True,True,False,False
1999-10-14,1999-10-15,42.0,39.0,19.0,23.0,AAII Investor Sentiment Survey,https://www.aaii.com/files/surveys/sentiment.xls,https://www.aaii.com/sentimentsurvey/sent_results,conservative_proxy_publication_thursday_after_survey_week,True,True,False,False
1999-10-21,1999-10-22,38.0,37.0,25.0,13.0,AAII Investor Sentiment Survey,https://www.aaii.com/files/surveys/sentiment.xls,https://www.aaii.com/sentimentsurvey/sent_results,conservative_proxy_publication_thursday_after_survey_week,True,True,False,False
1999-10-28,1999-10-29,38.0,38.0,24.0,14.0,AAII Investor Sentiment Survey,https://www.aaii.com/files/surveys/sentiment.xls,https://www.aaii.com/sentimentsurvey/sent_results,conservative_proxy_publication_thursday_after_survey_week,True,True,False,False
1999-11-04,1999-11-05,43.0,35.0,22.0,21.0,AAII Investor Sentiment Survey,https://www.aaii.com/files/surveys/sentiment.xls,https://www.aaii.com/sentimentsurvey/sent_results,conservative_proxy_publication_thursday_after_survey_week,True,True,False,False
1999-11-11,1999-11-12,48.0,26.0,26.0,22.0,AAII Investor Sentiment Survey,https://www.aaii.com/files/surveys/sentiment.xls,https://www.aaii.com/sentimentsurvey/sent_results,conservative_proxy_publication_thursday_after_survey_week,True,True,False,False
1999-11-18,1999-11-19,46.0,32.0,22.0,24.0,AAII Investor Sentiment Survey,https://www.aaii.com/files/surveys/sentiment.xls,https://www.aaii.com/sentimentsurvey/sent_results,conservative_proxy_publication_thursday_after_survey_week,True,True,False,False
1999-11-24,1999-11-25,55.00000000000001,28.000000000000004,17.0,38.00000000000001,AAII Investor Sentiment Survey,https://www.aaii.com/files/surveys/sentiment.xls,https://www.aaii.com/sentimentsurvey/sent_results,conservative_proxy_publication_thursday_after_survey_week,True,True,False,False
1999-12-02,1999-12-03,62.0,25.0,13.0,49.0,AAII Investor Sentiment Survey,https://www.aaii.com/files/surveys/sentiment.xls,https://www.aaii.com/sentimentsurvey/sent_results,conservative_proxy_publication_thursday_after_survey_week,True,True,False,False
1999-12-09,1999-12-10,62.0,27.0,11.0,51.0,AAII Investor Sentiment Survey,https://www.aaii.com/files/surveys/sentiment.xls,https://www.aaii.com/sentimentsurvey/sent_results,conservative_proxy_publication_thursday_after_survey_week,True,True,False,False
1999-12-16,1999-12-17,54.0,26.0,20.0,34.0,AAII Investor Sentiment Survey,https://www.aaii.com/files/surveys/sentiment.xls,https://www.aaii.com/sentimentsurvey/sent_results,conservative_proxy_publication_thursday_after_survey_week,True,True,False,False
1999-12-23,1999-12-24,52.0,31.0,17.0,35.0,AAII Investor Sentiment Survey,https://www.aaii.com/files/surveys/sentiment.xls,https://www.aaii.com/sentimentsurvey/sent_results,conservative_proxy_publication_thursday_after_survey_week,True,True,False,False
1999-12-30,1999-12-31,60.0,25.0,15.0,45.0,AAII Investor Sentiment Survey,https://www.aaii.com/files/surveys/sentiment.xls,https://www.aaii.com/sentimentsurvey/sent_results,conservative_proxy_publication_thursday_after_survey_week,True,True,False,False
2000-01-06,2000-01-07,75.0,11.66,13.33,61.67,AAII Investor Sentiment Survey,https://www.aaii.com/files/surveys/sentiment.xls,https://www.aaii.com/sentimentsurvey/sent_results,conservative_proxy_publication_thursday_after_survey_week,True,True,False,False
2000-01-13,2000-01-14,59.260000000000005,22.220000000000002,18.52,40.74000000000001,AAII Investor Sentiment Survey,https://www.aaii.com/files/surveys/sentiment.xls,https://www.aaii.com/sentimentsurvey/sent_results,conservative_proxy_publication_thursday_after_survey_week,True,True,False,False
2000-01-20,2000-01-21,57.14,25.0,17.86,39.28,AAII Investor Sentiment Survey,https://www.aaii.com/files/surveys/sentiment.xls,https://www.aaii.com/sentimentsurvey/sent_results,conservative_proxy_publication_thursday_after_survey_week,True,True,False,False
2000-01-27,2000-01-28,53.7,25.929999999999996,20.369999999999997,33.330000000000005,AAII Investor Sentiment Survey,https://www.aaii.com/files/surveys/sentiment.xls,https://www.aaii.com/sentimentsurvey/sent_results,conservative_proxy_publication_thursday_after_survey_week,True,True,False,False
2000-02-03,2000-02-04,51.11,24.44,24.44,26.669999999999998,AAII Investor Sentiment Survey,https://www.aaii.com/files/surveys/sentiment.xls,https://www.aaii.com/sentimentsurvey/sent_results,conservative_proxy_publication_thursday_after_survey_week,True,True,False,False
2000-02-10,2000-02-11,41.86,30.23,27.91,13.95,AAII Investor Sentiment Survey,https://www.aaii.com/files/surveys/sentiment.xls,https://www.aaii.com/sentimentsurvey/sent_results,conservative_proxy_publication_thursday_after_survey_week,True,True,False,False
2000-02-17,2000-02-18,27.27,48.480000000000004,24.240000000000002,3.0299999999999976,AAII Investor Sentiment Survey,https://www.aaii.com/files/surveys/sentiment.xls,https://www.aaii.com/sentimentsurvey/sent_results,conservative_proxy_publication_thursday_after_survey_week,True,True,False,False
2000-02-24,2000-02-25,41.38,27.589999999999996,31.03,10.350000000000001,AAII Investor Sentiment Survey,https://www.aaii.com/files/surveys/sentiment.xls,https://www.aaii.com/sentimentsurvey/sent_results,conservative_proxy_publication_thursday_after_survey_week,True,True,False,False
2000-03-02,2000-03-03,36.67,40.0,23.330000000000002,13.34,AAII Investor Sentiment Survey,https://www.aaii.com/files/surveys/sentiment.xls,https://www.aaii.com/sentimentsurvey/sent_results,conservative_proxy_publication_thursday_after_survey_week,True,True,False,False
2000-03-08,2000-03-09,58.330000000000005,25.0,16.669999999999998,41.66000000000001,AAII Investor Sentiment Survey,https://www.aaii.com/files/surveys/sentiment.xls,https://www.aaii.com/sentimentsurvey/sent_results,conservative_proxy_publication_thursday_after_survey_week,True,True,False,False
2000-03-16,2000-03-17,50.0,23.330000000000002,26.669999999999998,23.330000000000002,AAII Investor Sentiment Survey,https://www.aaii.com/files/surveys/sentiment.xls,https://www.aaii.com/sentimentsurvey/sent_results,conservative_proxy_publication_thursday_after_survey_week,True,True,False,False
2000-03-23,2000-03-24,65.71000000000001,14.29,20.0,45.71000000000001,AAII Investor Sentiment Survey,https://www.aaii.com/files/surveys/sentiment.xls,https://www.aaii.com/sentimentsurvey/sent_results,conservative_proxy_publication_thursday_after_survey_week,True,True,False,False
2000-03-30,2000-03-31,38.89,11.110000000000001,50.0,-11.11,AAII Investor Sentiment Survey,https://www.aaii.com/files/surveys/sentiment.xls,https://www.aaii.com/sentimentsurvey/sent_results,conservative_proxy_publication_thursday_after_survey_week,True,True,False,False
2000-04-06,2000-04-07,45.83,33.33,20.830000000000002,24.999999999999996,AAII Investor Sentiment Survey,https://www.aaii.com/files/surveys/sentiment.xls,https://www.aaii.com/sentimentsurvey/sent_results,conservative_proxy_publication_thursday_after_survey_week,True,True,False,False
2000-04-13,2000-04-14,51.849999999999994,18.52,29.630000000000003,22.21999999999999,AAII Investor Sentiment Survey,https://www.aaii.com/files/surveys/sentiment.xls,https://www.aaii.com/sentimentsurvey/sent_results,conservative_proxy_publication_thursday_after_survey_week,True,True,False,False
2000-04-20,2000-04-21,63.73,13.73,22.55,41.17999999999999,AAII Investor Sentiment Survey,https://www.aaii.com/files/surveys/sentiment.xls,https://www.aaii.com/sentimentsurvey/sent_results,conservative_proxy_publication_thursday_after_survey_week,True,True,False,False
2000-04-27,2000-04-28,61.29,24.19,14.52,46.769999999999996,AAII Investor Sentiment Survey,https://www.aaii.com/files/surveys/sentiment.xls,https://www.aaii.com/sentimentsurvey/sent_results,conservative_proxy_publication_thursday_after_survey_week,True,True,False,False
2000-05-04,2000-05-05,34.78,30.43,34.78,0.0,AAII Investor Sentiment Survey,https://www.aaii.com/files/surveys/sentiment.xls,https://www.aaii.com/sentimentsurvey/sent_results,conservative_proxy_publication_thursday_after_survey_week,True,True,False,False
2000-05-11,2000-05-12,30.23,44.190000000000005,25.580000000000002,4.649999999999999,AAII Investor Sentiment Survey,https://www.aaii.com/files/surveys/sentiment.xls,https://www.aaii.com/sentimentsurvey/sent_results,conservative_proxy_publication_thursday_after_survey_week,True,True,False,False
2000-05-18,2000-05-19,35.29,23.53,41.18,-5.890000000000001,AAII Investor Sentiment Survey,https://www.aaii.com/files/surveys/sentiment.xls,https://www.aaii.com/sentimentsurvey/sent_results,conservative_proxy_publication_thursday_after_survey_week,True,True,False,False
2000-05-25,2000-05-26,34.92,28.57,36.51,-1.5899999999999963,AAII Investor Sentiment Survey,https://www.aaii.com/files/surveys/sentiment.xls,https://www.aaii.com/sentimentsurvey/sent_results,conservative_proxy_publication_thursday_after_survey_week,True,True,False,False
2000-06-01,2000-06-02,41.67,20.830000000000002,37.5,4.170000000000002,AAII Investor Sentiment Survey,https://www.aaii.com/files/surveys/sentiment.xls,https://www.aaii.com/sentimentsurvey/sent_results,conservative_proxy_publication_thursday_after_survey_week,True,True,False,False
2000-06-08,2000-06-09,61.53999999999999,15.379999999999999,23.080000000000002,38.459999999999994,AAII Investor Sentiment Survey,https://www.aaii.com/files/surveys/sentiment.xls,https://www.aaii.com/sentimentsurvey/sent_results,conservative_proxy_publication_thursday_after_survey_week,True,True,False,False
2000-06-15,2000-06-16,43.75,37.5,18.75,25.0,AAII Investor Sentiment Survey,https://www.aaii.com/files/surveys/sentiment.xls,https://www.aaii.com/sentimentsurvey/sent_results,conservative_proxy_publication_thursday_after_survey_week,True,True,False,False
2000-06-22,2000-06-23,26.669999999999998,33.33,40.0,-13.330000000000002,AAII Investor Sentiment Survey,https://www.aaii.com/files/surveys/sentiment.xls,https://www.aaii.com/sentimentsurvey/sent_results,conservative_proxy_publication_thursday_after_survey_week,True,True,False,False
2000-07-06,2000-07-07,56.10000000000001,28.050000000000004,15.85,40.25000000000001,AAII Investor Sentiment Survey,https://www.aaii.com/files/surveys/sentiment.xls,https://www.aaii.com/sentimentsurvey/sent_results,conservative_proxy_publication_thursday_after_survey_week,True,True,False,False
2000-07-13,2000-07-14,65.0,15.0,20.0,45.0,AAII Investor Sentiment Survey,https://www.aaii.com/files/surveys/sentiment.xls,https://www.aaii.com/sentimentsurvey/sent_results,conservative_proxy_publication_thursday_after_survey_week,True,True,False,False
2000-07-20,2000-07-21,66.67,21.33,12.0,54.67,AAII Investor Sentiment Survey,https://www.aaii.com/files/surveys/sentiment.xls,https://www.aaii.com/sentimentsurvey/sent_results,conservative_proxy_publication_thursday_after_survey_week,True,True,False,False
2000-07-27,2000-07-28,42.86,37.14,20.0,22.86,AAII Investor Sentiment Survey,https://www.aaii.com/files/surveys/sentiment.xls,https://www.aaii.com/sentimentsurvey/sent_results,conservative_proxy_publication_thursday_after_survey_week,True,True,False,False
2000-08-03,2000-08-04,41.3,34.78,23.91,17.389999999999997,AAII Investor Sentiment Survey,https://www.aaii.com/files/surveys/sentiment.xls,https://www.aaii.com/sentimentsurvey/sent_results,conservative_proxy_publication_thursday_after_survey_week,True,True,False,False
2000-08-10,2000-08-11,54.1,34.43,11.48,42.620000000000005,AAII Investor Sentiment Survey,https://www.aaii.com/files/surveys/sentiment.xls,https://www.aaii.com/sentimentsurvey/sent_results,conservative_proxy_publication_thursday_after_survey_week,True,True,False,False
2000-08-17,2000-08-18,59.38,21.88,18.75,40.63,AAII Investor Sentiment Survey,https://www.aaii.com/files/surveys/sentiment.xls,https://www.aaii.com/sentimentsurvey/sent_results,conservative_proxy_publication_thursday_after_survey_week,True,True,False,False
2000-08-23,2000-08-24,57.69,19.23,23.080000000000002,34.61,AAII Investor Sentiment Survey,https://www.aaii.com/files/surveys/sentiment.xls,https://www.aaii.com/sentimentsurvey/sent_results,conservative_proxy_publication_thursday_after_survey_week,True,True,False,False
2000-08-31,2000-09-01,55.879999999999995,26.47,17.65,38.23,AAII Investor Sentiment Survey,https://www.aaii.com/files/surveys/sentiment.xls,https://www.aaii.com/sentimentsurvey/sent_results,conservative_proxy_publication_thursday_after_survey_week,True,True,False,False
2000-09-07,2000-09-08,62.5,29.17,8.33,54.17,AAII Investor Sentiment Survey,https://www.aaii.com/files/surveys/sentiment.xls,https://www.aaii.com/sentimentsurvey/sent_results,conservative_proxy_publication_thursday_after_survey_week,True,True,False,False
2000-09-14,2000-09-15,41.18,35.29,23.53,17.65,AAII Investor Sentiment Survey,https://www.aaii.com/files/surveys/sentiment.xls,https://www.aaii.com/sentimentsurvey/sent_results,conservative_proxy_publication_thursday_after_survey_week,True,True,False,False
2000-09-21,2000-09-22,43.75,37.5,18.75,25.0,AAII Investor Sentiment Survey,https://www.aaii.com/files/surveys/sentiment.xls,https://www.aaii.com/sentimentsurvey/sent_results,conservative_proxy_publication_thursday_after_survey_week,True,True,False,False
2000-09-28,2000-09-29,53.33,40.0,6.67,46.66,AAII Investor Sentiment Survey,https://www.aaii.com/files/surveys/sentiment.xls,https://www.aaii.com/sentimentsurvey/sent_results,conservative_proxy_publication_thursday_after_survey_week,True,True,False,False
2000-10-05,2000-10-06,41.94,32.26,25.81,16.13,AAII Investor Sentiment Survey,https://www.aaii.com/files/surveys/sentiment.xls,https://www.aaii.com/sentimentsurvey/sent_results,conservative_proxy_publication_thursday_after_survey_week,True,True,False,False
2000-10-12,2000-10-13,41.46,26.83,31.71,9.75,AAII Investor Sentiment Survey,https://www.aaii.com/files/surveys/sentiment.xls,https://www.aaii.com/sentimentsurvey/sent_results,conservative_proxy_publication_thursday_after_survey_week,True,True,False,False
2000-10-19,2000-10-20,48.89,26.669999999999998,24.44,24.45,AAII Investor Sentiment Survey,https://www.aaii.com/files/surveys/sentiment.xls,https://www.aaii.com/sentimentsurvey/sent_results,conservative_proxy_publication_thursday_after_survey_week,True,True,False,False
2000-10-26,2000-10-27,64.1,17.95,17.95,46.14999999999999,AAII Investor Sentiment Survey,https://www.aaii.com/files/surveys/sentiment.xls,https://www.aaii.com/sentimentsurvey/sent_results,conservative_proxy_publication_thursday_after_survey_week,True,True,False,False
2000-11-02,2000-11-03,51.61,25.81,22.58,29.03,AAII Investor Sentiment Survey,https://www.aaii.com/files/surveys/sentiment.xls,https://www.aaii.com/sentimentsurvey/sent_results,conservative_proxy_publication_thursday_after_survey_week,True,True,False,False
2000-11-09,2000-11-10,62.86000000000001,28.57,8.57,54.290000000000006,AAII Investor Sentiment Survey,https://www.aaii.com/files/surveys/sentiment.xls,https://www.aaii.com/sentimentsurvey/sent_results,conservative_proxy_publication_thursday_after_survey_week,True,True,False,False
2000-11-16,2000-11-17,45.83,37.5,16.669999999999998,29.16,AAII Investor Sentiment Survey,https://www.aaii.com/files/surveys/sentiment.xls,https://www.aaii.com/sentimentsurvey/sent_results,conservative_proxy_publication_thursday_after_survey_week,True,True,False,False
2000-11-23,2000-11-24,36.51,26.979999999999997,36.51,0.0,AAII Investor Sentiment Survey,https://www.aaii.com/files/surveys/sentiment.xls,https://www.aaii.com/sentimentsurvey/sent_results,conservative_proxy_publication_thursday_after_survey_week,True,True,False,False
2000-11-30,2000-12-01,60.419999999999995,22.919999999999998,16.669999999999998,43.75,AAII Investor Sentiment Survey,https://www.aaii.com/files/surveys/sentiment.xls,https://www.aaii.com/sentimentsurvey/sent_results,conservative_proxy_publication_thursday_after_survey_week,True,True,False,False
2000-12-07,2000-12-08,47.06,15.690000000000001,37.25,9.810000000000002,AAII Investor Sentiment Survey,https://www.aaii.com/files/surveys/sentiment.xls,https://www.aaii.com/sentimentsurvey/sent_results,conservative_proxy_publication_thursday_after_survey_week,True,True,False,False
2000-12-14,2000-12-15,59.62,7.6899999999999995,32.690000000000005,26.929999999999993,AAII Investor Sentiment Survey,https://www.aaii.com/files/surveys/sentiment.xls,https://www.aaii.com/sentimentsurvey/sent_results,conservative_proxy_publication_thursday_after_survey_week,True,True,False,False
2000-12-21,2000-12-22,31.11,17.78,51.11,-20.0,AAII Investor Sentiment Survey,https://www.aaii.com/files/surveys/sentiment.xls,https://www.aaii.com/sentimentsurvey/sent_results,conservative_proxy_publication_thursday_after_survey_week,True,True,False,False
2000-12-28,2000-12-29,40.0,28.000000000000004,32.0,8.0,AAII Investor Sentiment Survey,https://www.aaii.com/files/surveys/sentiment.xls,https://www.aaii.com/sentimentsurvey/sent_results,conservative_proxy_publication_thursday_after_survey_week,True,True,False,False
2001-01-04,2001-01-05,42.59,33.33,24.07,18.520000000000003,AAII Investor Sentiment Survey,https://www.aaii.com/files/surveys/sentiment.xls,https://www.aaii.com/sentimentsurvey/sent_results,conservative_proxy_publication_thursday_after_survey_week,True,True,False,False
2001-01-11,2001-01-12,35.709999999999994,21.43,42.86,-7.150000000000006,AAII Investor Sentiment Survey,https://www.aaii.com/files/surveys/sentiment.xls,https://www.aaii.com/sentimentsurvey/sent_results,conservative_proxy_publication_thursday_after_survey_week,True,True,False,False
2001-01-18,2001-01-19,36.59,39.019999999999996,24.39,12.200000000000003,AAII Investor Sentiment Survey,https://www.aaii.com/files/surveys/sentiment.xls,https://www.aaii.com/sentimentsurvey/sent_results,conservative_proxy_publication_thursday_after_survey_week,True,True,False,False
2001-01-25,2001-01-26,49.230000000000004,24.62,26.150000000000002,23.080000000000002,AAII Investor Sentiment Survey,https://www.aaii.com/files/surveys/sentiment.xls,https://www.aaii.com/sentimentsurvey/sent_results,conservative_proxy_publication_thursday_after_survey_week,True,True,False,False
2001-02-01,2001-02-02,50.0,30.769999999999996,19.23,30.77,AAII Investor Sentiment Survey,https://www.aaii.com/files/surveys/sentiment.xls,https://www.aaii.com/sentimentsurvey/sent_results,conservative_proxy_publication_thursday_after_survey_week,True,True,False,False
2001-02-08,2001-02-09,55.559999999999995,30.0,14.44,41.12,AAII Investor Sentiment Survey,https://www.aaii.com/files/surveys/sentiment.xls,https://www.aaii.com/sentimentsurvey/sent_results,conservative_proxy_publication_thursday_after_survey_week,True,True,False,False
2001-02-15,2001-02-16,30.43,47.83,21.740000000000002,8.689999999999998,AAII Investor Sentiment Survey,https://www.aaii.com/files/surveys/sentiment.xls,https://www.aaii.com/sentimentsurvey/sent_results,conservative_proxy_publication_thursday_after_survey_week,True,True,False,False
2001-02-22,2001-02-23,26.32,35.089999999999996,38.6,-12.280000000000001,AAII Investor Sentiment Survey,https://www.aaii.com/files/surveys/sentiment.xls,https://www.aaii.com/sentimentsurvey/sent_results,conservative_proxy_publication_thursday_after_survey_week,True,True,False,False
2001-03-01,2001-03-02,45.95,20.27,33.78,12.170000000000002,AAII Investor Sentiment Survey,https://www.aaii.com/files/surveys/sentiment.xls,https://www.aaii.com/sentimentsurvey/sent_results,conservative_proxy_publication_thursday_after_survey_week,True,True,False,False
2001-03-08,2001-03-09,31.630000000000003,36.730000000000004,31.630000000000003,0.0,AAII Investor Sentiment Survey,https://www.aaii.com/files/surveys/sentiment.xls,https://www.aaii.com/sentimentsurvey/sent_results,conservative_proxy_publication_thursday_after_survey_week,True,True,False,False
2001-03-15,2001-03-16,30.91,32.73,36.36,-5.449999999999999,AAII Investor Sentiment Survey,https://www.aaii.com/files/surveys/sentiment.xls,https://www.aaii.com/sentimentsurvey/sent_results,conservative_proxy_publication_thursday_after_survey_week,True,True,False,False
2001-03-22,2001-03-23,27.779999999999998,25.0,47.22,-19.44,AAII Investor Sentiment Survey,https://www.aaii.com/files/surveys/sentiment.xls,https://www.aaii.com/sentimentsurvey/sent_results,conservative_proxy_publication_thursday_after_survey_week,True,True,False,False
2001-03-29,2001-03-30,37.25,35.29,27.450000000000003,9.799999999999997,AAII Investor Sentiment Survey,https://www.aaii.com/files/surveys/sentiment.xls,https://www.aaii.com/sentimentsurvey/sent_results,conservative_proxy_publication_thursday_after_survey_week,True,True,False,False
2001-04-05,2001-04-06,35.14,26.13,38.74,-3.6000000000000014,AAII Investor Sentiment Survey,https://www.aaii.com/files/surveys/sentiment.xls,https://www.aaii.com/sentimentsurvey/sent_results,conservative_proxy_publication_thursday_after_survey_week,True,True,False,False
2001-04-12,2001-04-13,30.3,28.79,40.910000000000004,-10.610000000000003,AAII Investor Sentiment Survey,https://www.aaii.com/files/surveys/sentiment.xls,https://www.aaii.com/sentimentsurvey/sent_results,conservative_proxy_publication_thursday_after_survey_week,True,True,False,False
2001-04-19,2001-04-20,43.75,25.0,31.25,12.5,AAII Investor Sentiment Survey,https://www.aaii.com/files/surveys/sentiment.xls,https://www.aaii.com/sentimentsurvey/sent_results,conservative_proxy_publication_thursday_after_survey_week,True,True,False,False
2001-04-26,2001-04-27,46.550000000000004,22.41,31.03,15.520000000000003,AAII Investor Sentiment Survey,https://www.aaii.com/files/surveys/sentiment.xls,https://www.aaii.com/sentimentsurvey/sent_results,conservative_proxy_publication_thursday_after_survey_week,True,True,False,False
2001-05-03,2001-05-04,63.51,14.87,21.62,41.89,AAII Investor Sentiment Survey,https://www.aaii.com/files/surveys/sentiment.xls,https://www.aaii.com/sentimentsurvey/sent_results,conservative_proxy_publication_thursday_after_survey_week,True,True,False,False
2001-05-10,2001-05-11,53.33,28.89,17.78,35.55,AAII Investor Sentiment Survey,https://www.aaii.com/files/surveys/sentiment.xls,https://www.aaii.com/sentimentsurvey/sent_results,conservative_proxy_publication_thursday_after_survey_week,True,True,False,False
2001-05-17,2001-05-18,51.76,29.409999999999997,18.82,32.94,AAII Investor Sentiment Survey,https://www.aaii.com/files/surveys/sentiment.xls,https://www.aaii.com/sentimentsurvey/sent_results,conservative_proxy_publication_thursday_after_survey_week,True,True,False,False
2001-05-24,2001-05-25,61.9,21.43,16.669999999999998,45.230000000000004,AAII Investor Sentiment Survey,https://www.aaii.com/files/surveys/sentiment.xls,https://www.aaii.com/sentimentsurvey/sent_results,conservative_proxy_publication_thursday_after_survey_week,True,True,False,False
2001-05-31,2001-06-01,49.35,22.08,28.57,20.78,AAII Investor Sentiment Survey,https://www.aaii.com/files/surveys/sentiment.xls,https://www.aaii.com/sentimentsurvey/sent_results,conservative_proxy_publication_thursday_after_survey_week,True,True,False,False
2001-06-07,2001-06-08,42.55,31.91,25.53,17.019999999999996,AAII Investor Sentiment Survey,https://www.aaii.com/files/surveys/sentiment.xls,https://www.aaii.com/sentimentsurvey/sent_results,conservative_proxy_publication_thursday_after_survey_week,True,True,False,False
2001-06-14,2001-06-15,30.509999999999998,47.46,22.03,8.479999999999997,AAII Investor Sentiment Survey,https://www.aaii.com/files/surveys/sentiment.xls,https://www.aaii.com/sentimentsurvey/sent_results,conservative_proxy_publication_thursday_after_survey_week,True,True,False,False
2001-06-21,2001-06-22,33.33,43.33,23.330000000000002,9.999999999999996,AAII Investor Sentiment Survey,https://www.aaii.com/files/surveys/sentiment.xls,https://www.aaii.com/sentimentsurvey/sent_results,conservative_proxy_publication_thursday_after_survey_week,True,True,False,False
2001-06-28,2001-06-29,30.380000000000003,36.71,32.910000000000004,-2.530000000000001,AAII Investor Sentiment Survey,https://www.aaii.com/files/surveys/sentiment.xls,https://www.aaii.com/sentimentsurvey/sent_results,conservative_proxy_publication_thursday_after_survey_week,True,True,False,False
2001-07-05,2001-07-06,40.739999999999995,40.739999999999995,18.52,22.219999999999995,AAII Investor Sentiment Survey,https://www.aaii.com/files/surveys/sentiment.xls,https://www.aaii.com/sentimentsurvey/sent_results,conservative_proxy_publication_thursday_after_survey_week,True,True,False,False
2001-07-12,2001-07-13,25.27,38.46,36.26,-10.989999999999998,AAII Investor Sentiment Survey,https://www.aaii.com/files/surveys/sentiment.xls,https://www.aaii.com/sentimentsurvey/sent_results,conservative_proxy_publication_thursday_after_survey_week,True,True,False,False
2001-07-19,2001-07-20,50.0,34.78,15.22,34.78,AAII Investor Sentiment Survey,https://www.aaii.com/files/surveys/sentiment.xls,https://www.aaii.com/sentimentsurvey/sent_results,conservative_proxy_publication_thursday_after_survey_week,True,True,False,False
2001-07-26,2001-07-27,29.520000000000003,32.379999999999995,38.1,-8.579999999999998,AAII Investor Sentiment Survey,https://www.aaii.com/files/surveys/sentiment.xls,https://www.aaii.com/sentimentsurvey/sent_results,conservative_proxy_publication_thursday_after_survey_week,True,True,False,False
2001-08-02,2001-08-03,36.36,27.27,36.36,0.0,AAII Investor Sentiment Survey,https://www.aaii.com/files/surveys/sentiment.xls,https://www.aaii.com/sentimentsurvey/sent_results,conservative_proxy_publication_thursday_after_survey_week,True,True,False,False
2001-08-09,2001-08-10,34.94,37.35,27.71,7.229999999999997,AAII Investor Sentiment Survey,https://www.aaii.com/files/surveys/sentiment.xls,https://www.aaii.com/sentimentsurvey/sent_results,conservative_proxy_publication_thursday_after_survey_week,True,True,False,False
2001-08-16,2001-08-17,35.42,27.08,37.5,-2.0799999999999983,AAII Investor Sentiment Survey,https://www.aaii.com/files/surveys/sentiment.xls,https://www.aaii.com/sentimentsurvey/sent_results,conservative_proxy_publication_thursday_after_survey_week,True,True,False,False
2001-08-23,2001-08-24,34.48,34.48,31.03,3.4499999999999957,AAII Investor Sentiment Survey,https://www.aaii.com/files/surveys/sentiment.xls,https://www.aaii.com/sentimentsurvey/sent_results,conservative_proxy_publication_thursday_after_survey_week,True,True,False,False
2001-08-30,2001-08-31,31.430000000000003,45.71,22.86,8.570000000000004,AAII Investor Sentiment Survey,https://www.aaii.com/files/surveys/sentiment.xls,https://www.aaii.com/sentimentsurvey/sent_results,conservative_proxy_publication_thursday_after_survey_week,True,True,False,False
2001-09-06,2001-09-07,30.34,35.96,33.71,-3.370000000000001,AAII Investor Sentiment Survey,https://www.aaii.com/files/surveys/sentiment.xls,https://www.aaii.com/sentimentsurvey/sent_results,conservative_proxy_publication_thursday_after_survey_week,True,True,False,False
2001-09-13,2001-09-14,26.669999999999998,36.67,36.67,-10.000000000000004,AAII Investor Sentiment Survey,https://www.aaii.com/files/surveys/sentiment.xls,https://www.aaii.com/sentimentsurvey/sent_results,conservative_proxy_publication_thursday_after_survey_week,True,True,False,False
2001-09-20,2001-09-21,31.080000000000002,24.32,44.59,-13.510000000000002,AAII Investor Sentiment Survey,https://www.aaii.com/files/surveys/sentiment.xls,https://www.aaii.com/sentimentsurvey/sent_results,conservative_proxy_publication_thursday_after_survey_week,True,True,False,False
2001-09-27,2001-09-28,51.11,26.669999999999998,22.220000000000002,28.889999999999997,AAII Investor Sentiment Survey,https://www.aaii.com/files/surveys/sentiment.xls,https://www.aaii.com/sentimentsurvey/sent_results,conservative_proxy_publication_thursday_after_survey_week,True,True,False,False
2001-10-04,2001-10-05,51.22,19.509999999999998,29.270000000000003,21.949999999999996,AAII Investor Sentiment Survey,https://www.aaii.com/files/surveys/sentiment.xls,https://www.aaii.com/sentimentsurvey/sent_results,conservative_proxy_publication_thursday_after_survey_week,True,True,False,False
2001-10-11,2001-10-12,47.370000000000005,24.560000000000002,28.07,19.300000000000004,AAII Investor Sentiment Survey,https://www.aaii.com/files/surveys/sentiment.xls,https://www.aaii.com/sentimentsurvey/sent_results,conservative_proxy_publication_thursday_after_survey_week,True,True,False,False
2001-10-18,2001-10-19,60.56,18.310000000000002,21.13,39.43000000000001,AAII Investor Sentiment Survey,https://www.aaii.com/files/surveys/sentiment.xls,https://www.aaii.com/sentimentsurvey/sent_results,conservative_proxy_publication_thursday_after_survey_week,True,True,False,False
2001-10-25,2001-10-26,55.879999999999995,26.47,17.65,38.23,AAII Investor Sentiment Survey,https://www.aaii.com/files/surveys/sentiment.xls,https://www.aaii.com/sentimentsurvey/sent_results,conservative_proxy_publication_thursday_after_survey_week,True,True,False,False
2001-11-01,2001-11-02,35.0,31.669999999999998,33.33,1.6700000000000017,AAII Investor Sentiment Survey,https://www.aaii.com/files/surveys/sentiment.xls,https://www.aaii.com/sentimentsurvey/sent_results,conservative_proxy_publication_thursday_after_survey_week,True,True,False,False
2001-11-08,2001-11-09,34.62,23.080000000000002,42.309999999999995,-7.689999999999998,AAII Investor Sentiment Survey,https://www.aaii.com/files/surveys/sentiment.xls,https://www.aaii.com/sentimentsurvey/sent_results,conservative_proxy_publication_thursday_after_survey_week,True,True,False,False
2001-11-15,2001-11-16,45.45,21.21,33.33,12.120000000000005,AAII Investor Sentiment Survey,https://www.aaii.com/files/surveys/sentiment.xls,https://www.aaii.com/sentimentsurvey/sent_results,conservative_proxy_publication_thursday_after_survey_week,True,True,False,False
2001-11-22,2001-11-23,58.330000000000005,16.669999999999998,25.0,33.330000000000005,AAII Investor Sentiment Survey,https://www.aaii.com/files/surveys/sentiment.xls,https://www.aaii.com/sentimentsurvey/sent_results,conservative_proxy_publication_thursday_after_survey_week,True,True,False,False
2001-11-29,2001-11-30,69.33,10.67,20.0,49.33,AAII Investor Sentiment Survey,https://www.aaii.com/files/surveys/sentiment.xls,https://www.aaii.com/sentimentsurvey/sent_results,conservative_proxy_publication_thursday_after_survey_week,True,True,False,False
2001-12-06,2001-12-07,59.18,16.33,24.490000000000002,34.69,AAII Investor Sentiment Survey,https://www.aaii.com/files/surveys/sentiment.xls,https://www.aaii.com/sentimentsurvey/sent_results,conservative_proxy_publication_thursday_after_survey_week,True,True,False,False
2001-12-13,2001-12-14,61.4,24.560000000000002,14.04,47.36,AAII Investor Sentiment Survey,https://www.aaii.com/files/surveys/sentiment.xls,https://www.aaii.com/sentimentsurvey/sent_results,conservative_proxy_publication_thursday_after_survey_week,True,True,False,False
2001-12-20,2001-12-21,52.459999999999994,21.310000000000002,26.229999999999997,26.229999999999997,AAII Investor Sentiment Survey,https://www.aaii.com/files/surveys/sentiment.xls,https://www.aaii.com/sentimentsurvey/sent_results,conservative_proxy_publication_thursday_after_survey_week,True,True,False,False
2001-12-27,2001-12-28,57.69,15.379999999999999,26.919999999999998,30.77,AAII Investor Sentiment Survey,https://www.aaii.com/files/surveys/sentiment.xls,https://www.aaii.com/sentimentsurvey/sent_results,conservative_proxy_publication_thursday_after_survey_week,True,True,False,False
2002-01-03,2002-01-04,51.11,24.44,24.44,26.669999999999998,AAII Investor Sentiment Survey,https://www.aaii.com/files/surveys/sentiment.xls,https://www.aaii.com/sentimentsurvey/sent_results,conservative_proxy_publication_thursday_after_survey_week,True,True,False,False
2002-01-10,2002-01-11,54.790000000000006,23.29,21.92,32.870000000000005,AAII Investor Sentiment Survey,https://www.aaii.com/files/surveys/sentiment.xls,https://www.aaii.com/sentimentsurvey/sent_results,conservative_proxy_publication_thursday_after_survey_week,True,True,False,False
2002-01-17,2002-01-18,29.549999999999997,40.910000000000004,29.549999999999997,0.0,AAII Investor Sentiment Survey,https://www.aaii.com/files/surveys/sentiment.xls,https://www.aaii.com/sentimentsurvey/sent_results,conservative_proxy_publication_thursday_after_survey_week,True,True,False,False
2002-01-24,2002-01-25,34.69,34.69,30.61,4.079999999999998,AAII Investor Sentiment Survey,https://www.aaii.com/files/surveys/sentiment.xls,https://www.aaii.com/sentimentsurvey/sent_results,conservative_proxy_publication_thursday_after_survey_week,True,True,False,False
2002-01-31,2002-02-01,45.45,31.819999999999997,22.73,22.720000000000002,AAII Investor Sentiment Survey,https://www.aaii.com/files/surveys/sentiment.xls,https://www.aaii.com/sentimentsurvey/sent_results,conservative_proxy_publication_thursday_after_survey_week,True,True,False,False
2002-02-07,2002-02-08,37.5,39.58,22.93,14.57,AAII Investor Sentiment Survey,https://www.aaii.com/files/surveys/sentiment.xls,https://www.aaii.com/sentimentsurvey/sent_results,conservative_proxy_publication_thursday_after_survey_week,True,True,False,False
2002-02-14,2002-02-15,45.16,38.71,16.13,29.029999999999998,AAII Investor Sentiment Survey,https://www.aaii.com/files/surveys/sentiment.xls,https://www.aaii.com/sentimentsurvey/sent_results,conservative_proxy_publication_thursday_after_survey_week,True,True,False,False
2002-02-21,2002-02-22,36.36,38.18,25.45,10.91,AAII Investor Sentiment Survey,https://www.aaii.com/files/surveys/sentiment.xls,https://www.aaii.com/sentimentsurvey/sent_results,conservative_proxy_publication_thursday_after_survey_week,True,True,False,False
2002-02-28,2002-03-01,44.440000000000005,35.19,20.369999999999997,24.070000000000007,AAII Investor Sentiment Survey,https://www.aaii.com/files/surveys/sentiment.xls,https://www.aaii.com/sentimentsurvey/sent_results,conservative_proxy_publication_thursday_after_survey_week,True,True,False,False
2002-03-07,2002-03-08,53.33,31.11,15.55,37.78,AAII Investor Sentiment Survey,https://www.aaii.com/files/surveys/sentiment.xls,https://www.aaii.com/sentimentsurvey/sent_results,conservative_proxy_publication_thursday_after_survey_week,True,True,False,False
2002-03-14,2002-03-15,56.45,29.03,14.52,41.93000000000001,AAII Investor Sentiment Survey,https://www.aaii.com/files/surveys/sentiment.xls,https://www.aaii.com/sentimentsurvey/sent_results,conservative_proxy_publication_thursday_after_survey_week,True,True,False,False
2002-03-21,2002-03-22,53.23,35.480000000000004,11.29,41.94,AAII Investor Sentiment Survey,https://www.aaii.com/files/surveys/sentiment.xls,https://www.aaii.com/sentimentsurvey/sent_results,conservative_proxy_publication_thursday_after_survey_week,True,True,False,False
2002-03-28,2002-03-29,51.160000000000004,25.580000000000002,23.26,27.900000000000002,AAII Investor Sentiment Survey,https://www.aaii.com/files/surveys/sentiment.xls,https://www.aaii.com/sentimentsurvey/sent_results,conservative_proxy_publication_thursday_after_survey_week,True,True,False,False
2002-04-04,2002-04-05,40.48,39.290000000000006,20.24,20.24,AAII Investor Sentiment Survey,https://www.aaii.com/files/surveys/sentiment.xls,https://www.aaii.com/sentimentsurvey/sent_results,conservative_proxy_publication_thursday_after_survey_week,True,True,False,False
2002-04-11,2002-04-12,28.21,38.46,33.33,-5.119999999999997,AAII Investor Sentiment Survey,https://www.aaii.com/files/surveys/sentiment.xls,https://www.aaii.com/sentimentsurvey/sent_results,conservative_proxy_publication_thursday_after_survey_week,True,True,False,False
2002-04-18,2002-04-19,40.2,36.59,23.169999999999998,17.030000000000005,AAII Investor Sentiment Survey,https://www.aaii.com/files/surveys/sentiment.xls,https://www.aaii.com/sentimentsurvey/sent_results,conservative_proxy_publication_thursday_after_survey_week,True,True,False,False
2002-04-25,2002-04-26,36.67,40.0,23.330000000000002,13.34,AAII Investor Sentiment Survey,https://www.aaii.com/files/surveys/sentiment.xls,https://www.aaii.com/sentimentsurvey/sent_results,conservative_proxy_publication_thursday_after_survey_week,True,True,False,False
2002-05-02,2002-05-03,27.029999999999998,39.64,33.33,-6.300000000000001,AAII Investor Sentiment Survey,https://www.aaii.com/files/surveys/sentiment.xls,https://www.aaii.com/sentimentsurvey/sent_results,conservative_proxy_publication_thursday_after_survey_week,True,True,False,False
2002-05-09,2002-05-10,30.259999999999998,28.95,40.79,-10.530000000000001,AAII Investor Sentiment Survey,https://www.aaii.com/files/surveys/sentiment.xls,https://www.aaii.com/sentimentsurvey/sent_results,conservative_proxy_publication_thursday_after_survey_week,True,True,False,False
2002-05-16,2002-05-17,36.79,34.910000000000004,28.299999999999997,8.490000000000002,AAII Investor Sentiment Survey,https://www.aaii.com/files/surveys/sentiment.xls,https://www.aaii.com/sentimentsurvey/sent_results,conservative_proxy_publication_thursday_after_survey_week,True,True,False,False
2002-05-23,2002-05-24,26.19,33.33,40.48,-14.289999999999996,AAII Investor Sentiment Survey,https://www.aaii.com/files/surveys/sentiment.xls,https://www.aaii.com/sentimentsurvey/sent_results,conservative_proxy_publication_thursday_after_survey_week,True,True,False,False
2002-05-29,2002-05-30,28.26,31.52,40.22,-11.959999999999997,AAII Investor Sentiment Survey,https://www.aaii.com/files/surveys/sentiment.xls,https://www.aaii.com/sentimentsurvey/sent_results,conservative_proxy_publication_thursday_after_survey_week,True,True,False,False
2002-06-06,2002-06-07,32.79,27.87,39.34,-6.550000000000004,AAII Investor Sentiment Survey,https://www.aaii.com/files/surveys/sentiment.xls,https://www.aaii.com/sentimentsurvey/sent_results,conservative_proxy_publication_thursday_after_survey_week,True,True,False,False
2002-06-13,2002-06-14,31.819999999999997,34.55,33.64,-1.8200000000000038,AAII Investor Sentiment Survey,https://www.aaii.com/files/surveys/sentiment.xls,https://www.aaii.com/sentimentsurvey/sent_results,conservative_proxy_publication_thursday_after_survey_week,True,True,False,False
2002-06-20,2002-06-21,45.71,28.57,25.71,20.0,AAII Investor Sentiment Survey,https://www.aaii.com/files/surveys/sentiment.xls,https://www.aaii.com/sentimentsurvey/sent_results,conservative_proxy_publication_thursday_after_survey_week,True,True,False,False
2002-06-27,2002-06-28,30.97,23.01,46.02,-15.050000000000004,AAII Investor Sentiment Survey,https://www.aaii.com/files/surveys/sentiment.xls,https://www.aaii.com/sentimentsurvey/sent_results,conservative_proxy_publication_thursday_after_survey_week,True,True,False,False
2002-07-03,2002-07-04,26.56,26.56,46.88,-20.320000000000004,AAII Investor Sentiment Survey,https://www.aaii.com/files/surveys/sentiment.xls,https://www.aaii.com/sentimentsurvey/sent_results,conservative_proxy_publication_thursday_after_survey_week,True,True,False,False
2002-07-11,2002-07-12,35.05,22.68,42.27,-7.220000000000006,AAII Investor Sentiment Survey,https://www.aaii.com/files/surveys/sentiment.xls,https://www.aaii.com/sentimentsurvey/sent_results,conservative_proxy_publication_thursday_after_survey_week,True,True,False,False
2002-07-18,2002-07-19,26.25,20.0,53.75,-27.5,AAII Investor Sentiment Survey,https://www.aaii.com/files/surveys/sentiment.xls,https://www.aaii.com/sentimentsurvey/sent_results,conservative_proxy_publication_thursday_after_survey_week,True,True,False,False
2002-07-25,2002-07-26,27.91,23.26,48.84,-20.930000000000003,AAII Investor Sentiment Survey,https://www.aaii.com/files/surveys/sentiment.xls,https://www.aaii.com/sentimentsurvey/sent_results,conservative_proxy_publication_thursday_after_survey_week,True,True,False,False
2002-08-01,2002-08-02,34.21,34.21,31.580000000000002,2.629999999999999,AAII Investor Sentiment Survey,https://www.aaii.com/files/surveys/sentiment.xls,https://www.aaii.com/sentimentsurvey/sent_results,conservative_proxy_publication_thursday_after_survey_week,True,True,False,False
2002-08-08,2002-08-09,37.7,22.95,39.34,-1.6400000000000006,AAII Investor Sentiment Survey,https://www.aaii.com/files/surveys/sentiment.xls,https://www.aaii.com/sentimentsurvey/sent_results,conservative_proxy_publication_thursday_after_survey_week,True,True,False,False
2002-08-15,2002-08-16,37.93,20.69,41.38,-3.450000000000003,AAII Investor Sentiment Survey,https://www.aaii.com/files/surveys/sentiment.xls,https://www.aaii.com/sentimentsurvey/sent_results,conservative_proxy_publication_thursday_after_survey_week,True,True,False,False
2002-08-22,2002-08-23,43.75,16.669999999999998,39.58,4.170000000000002,AAII Investor Sentiment Survey,https://www.aaii.com/files/surveys/sentiment.xls,https://www.aaii.com/sentimentsurvey/sent_results,conservative_proxy_publication_thursday_after_survey_week,True,True,False,False
2002-08-29,2002-08-30,50.0,20.97,29.03,20.97,AAII Investor Sentiment Survey,https://www.aaii.com/files/surveys/sentiment.xls,https://www.aaii.com/sentimentsurvey/sent_results,conservative_proxy_publication_thursday_after_survey_week,True,True,False,False
2002-09-05,2002-09-06,31.480000000000004,18.52,50.0,-18.519999999999996,AAII Investor Sentiment Survey,https://www.aaii.com/files/surveys/sentiment.xls,https://www.aaii.com/sentimentsurvey/sent_results,conservative_proxy_publication_thursday_after_survey_week,True,True,False,False
2002-09-12,2002-09-13,38.36,24.66,36.99,1.3699999999999974,AAII Investor Sentiment Survey,https://www.aaii.com/files/surveys/sentiment.xls,https://www.aaii.com/sentimentsurvey/sent_results,conservative_proxy_publication_thursday_after_survey_week,True,True,False,False
2002-09-19,2002-09-20,33.78,22.97,43.24,-9.46,AAII Investor Sentiment Survey,https://www.aaii.com/files/surveys/sentiment.xls,https://www.aaii.com/sentimentsurvey/sent_results,conservative_proxy_publication_thursday_after_survey_week,True,True,False,False
2002-09-26,2002-09-27,24.51,28.43,47.06,-22.55,AAII Investor Sentiment Survey,https://www.aaii.com/files/surveys/sentiment.xls,https://www.aaii.com/sentimentsurvey/sent_results,conservative_proxy_publication_thursday_after_survey_week,True,True,False,False
2002-10-03,2002-10-04,35.21,16.900000000000002,47.89,-12.68,AAII Investor Sentiment Survey,https://www.aaii.com/files/surveys/sentiment.xls,https://www.aaii.com/sentimentsurvey/sent_results,conservative_proxy_publication_thursday_after_survey_week,True,True,False,False
2002-10-10,2002-10-11,28.849999999999998,16.35,54.81,-25.960000000000004,AAII Investor Sentiment Survey,https://www.aaii.com/files/surveys/sentiment.xls,https://www.aaii.com/sentimentsurvey/sent_results,conservative_proxy_publication_thursday_after_survey_week,True,True,False,False
2002-10-17,2002-10-18,39.47,21.05,39.47,0.0,AAII Investor Sentiment Survey,https://www.aaii.com/files/surveys/sentiment.xls,https://www.aaii.com/sentimentsurvey/sent_results,conservative_proxy_publication_thursday_after_survey_week,True,True,False,False
2002-10-24,2002-10-25,44.58,21.69,33.73,10.850000000000001,AAII Investor Sentiment Survey,https://www.aaii.com/files/surveys/sentiment.xls,https://www.aaii.com/sentimentsurvey/sent_results,conservative_proxy_publication_thursday_after_survey_week,True,True,False,False
2002-10-31,2002-11-01,51.470000000000006,20.59,27.939999999999998,23.53000000000001,AAII Investor Sentiment Survey,https://www.aaii.com/files/surveys/sentiment.xls,https://www.aaii.com/sentimentsurvey/sent_results,conservative_proxy_publication_thursday_after_survey_week,True,True,False,False
2002-11-07,2002-11-08,50.0,23.68,26.32,23.68,AAII Investor Sentiment Survey,https://www.aaii.com/files/surveys/sentiment.xls,https://www.aaii.com/sentimentsurvey/sent_results,conservative_proxy_publication_thursday_after_survey_week,True,True,False,False
2002-11-14,2002-11-15,48.65,18.92,32.43,16.22,AAII Investor Sentiment Survey,https://www.aaii.com/files/surveys/sentiment.xls,https://www.aaii.com/sentimentsurvey/sent_results,conservative_proxy_publication_thursday_after_survey_week,True,True,False,False
2002-11-21,2002-11-22,50.56,28.09,21.349999999999998,29.210000000000004,AAII Investor Sentiment Survey,https://www.aaii.com/files/surveys/sentiment.xls,https://www.aaii.com/sentimentsurvey/sent_results,conservative_proxy_publication_thursday_after_survey_week,True,True,False,False
2002-11-28,2002-11-29,51.06,17.02,31.91,19.150000000000002,AAII Investor Sentiment Survey,https://www.aaii.com/files/surveys/sentiment.xls,https://www.aaii.com/sentimentsurvey/sent_results,conservative_proxy_publication_thursday_after_survey_week,True,True,False,False
2002-12-05,2002-12-06,52.94,29.409999999999997,17.65,35.29,AAII Investor Sentiment Survey,https://www.aaii.com/files/surveys/sentiment.xls,https://www.aaii.com/sentimentsurvey/sent_results,conservative_proxy_publication_thursday_after_survey_week,True,True,False,False
2002-12-12,2002-12-13,41.38,34.48,24.14,17.240000000000002,AAII Investor Sentiment Survey,https://www.aaii.com/files/surveys/sentiment.xls,https://www.aaii.com/sentimentsurvey/sent_results,conservative_proxy_publication_thursday_after_survey_week,True,True,False,False
2002-12-19,2002-12-20,42.86,27.139999999999997,30.0,12.86,AAII Investor Sentiment Survey,https://www.aaii.com/files/surveys/sentiment.xls,https://www.aaii.com/sentimentsurvey/sent_results,conservative_proxy_publication_thursday_after_survey_week,True,True,False,False
2002-12-26,2002-12-27,40.0,28.000000000000004,32.0,8.0,AAII Investor Sentiment Survey,https://www.aaii.com/files/surveys/sentiment.xls,https://www.aaii.com/sentimentsurvey/sent_results,conservative_proxy_publication_thursday_after_survey_week,True,True,False,False
2003-01-02,2003-01-03,32.43,29.73,37.84,-5.410000000000004,AAII Investor Sentiment Survey,https://www.aaii.com/files/surveys/sentiment.xls,https://www.aaii.com/sentimentsurvey/sent_results,conservative_proxy_publication_thursday_after_survey_week,True,True,False,False
2003-01-09,2003-01-10,38.1,19.05,42.86,-4.759999999999998,AAII Investor Sentiment Survey,https://www.aaii.com/files/surveys/sentiment.xls,https://www.aaii.com/sentimentsurvey/sent_results,conservative_proxy_publication_thursday_after_survey_week,True,True,False,False
2003-01-16,2003-01-17,29.17,41.67,29.17,0.0,AAII Investor Sentiment Survey,https://www.aaii.com/files/surveys/sentiment.xls,https://www.aaii.com/sentimentsurvey/sent_results,conservative_proxy_publication_thursday_after_survey_week,True,True,False,False
2003-01-23,2003-01-24,25.0,31.819999999999997,43.18,-18.18,AAII Investor Sentiment Survey,https://www.aaii.com/files/surveys/sentiment.xls,https://www.aaii.com/sentimentsurvey/sent_results,conservative_proxy_publication_thursday_after_survey_week,True,True,False,False
2003-01-30,2003-01-31,25.53,26.6,47.870000000000005,-22.340000000000003,AAII Investor Sentiment Survey,https://www.aaii.com/files/surveys/sentiment.xls,https://www.aaii.com/sentimentsurvey/sent_results,conservative_proxy_publication_thursday_after_survey_week,True,True,False,False
2003-02-06,2003-02-07,22.86,51.43,25.71,-2.8500000000000014,AAII Investor Sentiment Survey,https://www.aaii.com/files/surveys/sentiment.xls,https://www.aaii.com/sentimentsurvey/sent_results,conservative_proxy_publication_thursday_after_survey_week,True,True,False,False
2003-02-13,2003-02-14,21.9,40.0,38.1,-16.200000000000003,AAII Investor Sentiment Survey,https://www.aaii.com/files/surveys/sentiment.xls,https://www.aaii.com/sentimentsurvey/sent_results,conservative_proxy_publication_thursday_after_survey_week,True,True,False,False
2003-02-20,2003-02-21,21.05,21.05,57.89,-36.84,AAII Investor Sentiment Survey,https://www.aaii.com/files/surveys/sentiment.xls,https://www.aaii.com/sentimentsurvey/sent_results,conservative_proxy_publication_thursday_after_survey_week,True,True,False,False
2003-02-27,2003-02-28,26.02,26.83,47.15,-21.13,AAII Investor Sentiment Survey,https://www.aaii.com/files/surveys/sentiment.xls,https://www.aaii.com/sentimentsurvey/sent_results,conservative_proxy_publication_thursday_after_survey_week,True,True,False,False
2003-03-06,2003-03-07,33.33,27.27,39.39,-6.060000000000002,AAII Investor Sentiment Survey,https://www.aaii.com/files/surveys/sentiment.xls,https://www.aaii.com/sentimentsurvey/sent_results,conservative_proxy_publication_thursday_after_survey_week,True,True,False,False
2003-03-13,2003-03-14,34.29,14.29,51.43,-17.14,AAII Investor Sentiment Survey,https://www.aaii.com/files/surveys/sentiment.xls,https://www.aaii.com/sentimentsurvey/sent_results,conservative_proxy_publication_thursday_after_survey_week,True,True,False,False
2003-03-20,2003-03-21,42.86,19.05,38.1,4.759999999999998,AAII Investor Sentiment Survey,https://www.aaii.com/files/surveys/sentiment.xls,https://www.aaii.com/sentimentsurvey/sent_results,conservative_proxy_publication_thursday_after_survey_week,True,True,False,False
2003-03-27,2003-03-28,39.42,27.88,32.690000000000005,6.729999999999997,AAII Investor Sentiment Survey,https://www.aaii.com/files/surveys/sentiment.xls,https://www.aaii.com/sentimentsurvey/sent_results,conservative_proxy_publication_thursday_after_survey_week,True,True,False,False
2003-04-03,2003-04-04,32.35,29.409999999999997,38.24,-5.890000000000001,AAII Investor Sentiment Survey,https://www.aaii.com/files/surveys/sentiment.xls,https://www.aaii.com/sentimentsurvey/sent_results,conservative_proxy_publication_thursday_after_survey_week,True,True,False,False
2003-04-10,2003-04-11,38.46,30.769999999999996,30.769999999999996,7.690000000000005,AAII Investor Sentiment Survey,https://www.aaii.com/files/surveys/sentiment.xls,https://www.aaii.com/sentimentsurvey/sent_results,conservative_proxy_publication_thursday_after_survey_week,True,True,False,False
2003-04-17,2003-04-18,46.300000000000004,22.220000000000002,31.480000000000004,14.82,AAII Investor Sentiment Survey,https://www.aaii.com/files/surveys/sentiment.xls,https://www.aaii.com/sentimentsurvey/sent_results,conservative_proxy_publication_thursday_after_survey_week,True,True,False,False
2003-04-24,2003-04-25,63.0,18.0,19.0,44.0,AAII Investor Sentiment Survey,https://www.aaii.com/files/surveys/sentiment.xls,https://www.aaii.com/sentimentsurvey/sent_results,conservative_proxy_publication_thursday_after_survey_week,True,True,False,False
2003-05-01,2003-05-02,48.57,25.71,25.71,22.86,AAII Investor Sentiment Survey,https://www.aaii.com/files/surveys/sentiment.xls,https://www.aaii.com/sentimentsurvey/sent_results,conservative_proxy_publication_thursday_after_survey_week,True,True,False,False
2003-05-08,2003-05-09,52.800000000000004,28.799999999999997,18.4,34.400000000000006,AAII Investor Sentiment Survey,https://www.aaii.com/files/surveys/sentiment.xls,https://www.aaii.com/sentimentsurvey/sent_results,conservative_proxy_publication_thursday_after_survey_week,True,True,False,False
2003-05-15,2003-05-16,62.79,20.93,16.28,46.51,AAII Investor Sentiment Survey,https://www.aaii.com/files/surveys/sentiment.xls,https://www.aaii.com/sentimentsurvey/sent_results,conservative_proxy_publication_thursday_after_survey_week,True,True,False,False
2003-05-22,2003-05-23,38.46,25.96,35.58,2.8800000000000026,AAII Investor Sentiment Survey,https://www.aaii.com/files/surveys/sentiment.xls,https://www.aaii.com/sentimentsurvey/sent_results,conservative_proxy_publication_thursday_after_survey_week,True,True,False,False
2003-05-29,2003-05-30,62.86000000000001,22.86,14.29,48.57000000000001,AAII Investor Sentiment Survey,https://www.aaii.com/files/surveys/sentiment.xls,https://www.aaii.com/sentimentsurvey/sent_results,conservative_proxy_publication_thursday_after_survey_week,True,True,False,False
2003-06-05,2003-06-06,52.0,28.799999999999997,19.2,32.8,AAII Investor Sentiment Survey,https://www.aaii.com/files/surveys/sentiment.xls,https://www.aaii.com/sentimentsurvey/sent_results,conservative_proxy_publication_thursday_after_survey_week,True,True,False,False
2003-06-12,2003-06-13,50.0,20.830000000000002,29.17,20.83,AAII Investor Sentiment Survey,https://www.aaii.com/files/surveys/sentiment.xls,https://www.aaii.com/sentimentsurvey/sent_results,conservative_proxy_publication_thursday_after_survey_week,True,True,False,False
2003-06-19,2003-06-20,56.410000000000004,7.6899999999999995,35.9,20.510000000000005,AAII Investor Sentiment Survey,https://www.aaii.com/files/surveys/sentiment.xls,https://www.aaii.com/sentimentsurvey/sent_results,conservative_proxy_publication_thursday_after_survey_week,True,True,False,False
2003-06-26,2003-06-27,71.43,20.0,8.57,62.86000000000001,AAII Investor Sentiment Survey,https://www.aaii.com/files/surveys/sentiment.xls,https://www.aaii.com/sentimentsurvey/sent_results,conservative_proxy_publication_thursday_after_survey_week,True,True,False,False
2003-07-03,2003-07-04,41.18,23.53,35.29,5.890000000000001,AAII Investor Sentiment Survey,https://www.aaii.com/files/surveys/sentiment.xls,https://www.aaii.com/sentimentsurvey/sent_results,conservative_proxy_publication_thursday_after_survey_week,True,True,False,False
2003-07-10,2003-07-11,43.24,25.679999999999996,31.080000000000002,12.16,AAII Investor Sentiment Survey,https://www.aaii.com/files/surveys/sentiment.xls,https://www.aaii.com/sentimentsurvey/sent_results,conservative_proxy_publication_thursday_after_survey_week,True,True,False,False
2003-07-17,2003-07-18,51.25999999999999,20.169999999999998,28.57,22.68999999999999,AAII Investor Sentiment Survey,https://www.aaii.com/files/surveys/sentiment.xls,https://www.aaii.com/sentimentsurvey/sent_results,conservative_proxy_publication_thursday_after_survey_week,True,True,False,False
2003-07-24,2003-07-25,52.0,17.330000000000002,30.669999999999998,21.330000000000002,AAII Investor Sentiment Survey,https://www.aaii.com/files/surveys/sentiment.xls,https://www.aaii.com/sentimentsurvey/sent_results,conservative_proxy_publication_thursday_after_survey_week,True,True,False,False
2003-07-31,2003-08-01,51.54,32.31,16.150000000000002,35.39,AAII Investor Sentiment Survey,https://www.aaii.com/files/surveys/sentiment.xls,https://www.aaii.com/sentimentsurvey/sent_results,conservative_proxy_publication_thursday_after_survey_week,True,True,False,False
2003-08-07,2003-08-08,45.45,22.08,32.47,12.980000000000004,AAII Investor Sentiment Survey,https://www.aaii.com/files/surveys/sentiment.xls,https://www.aaii.com/sentimentsurvey/sent_results,conservative_proxy_publication_thursday_after_survey_week,True,True,False,False
2003-08-14,2003-08-15,50.56,25.840000000000003,23.599999999999998,26.960000000000004,AAII Investor Sentiment Survey,https://www.aaii.com/files/surveys/sentiment.xls,https://www.aaii.com/sentimentsurvey/sent_results,conservative_proxy_publication_thursday_after_survey_week,True,True,False,False
2003-08-21,2003-08-22,62.96000000000001,18.52,18.52,44.44000000000001,AAII Investor Sentiment Survey,https://www.aaii.com/files/surveys/sentiment.xls,https://www.aaii.com/sentimentsurvey/sent_results,conservative_proxy_publication_thursday_after_survey_week,True,True,False,False
2003-08-28,2003-08-29,56.699999999999996,20.62,22.68,34.019999999999996,AAII Investor Sentiment Survey,https://www.aaii.com/files/surveys/sentiment.xls,https://www.aaii.com/sentimentsurvey/sent_results,conservative_proxy_publication_thursday_after_survey_week,True,True,False,False
2003-09-04,2003-09-05,62.3,21.310000000000002,16.39,45.91,AAII Investor Sentiment Survey,https://www.aaii.com/files/surveys/sentiment.xls,https://www.aaii.com/sentimentsurvey/sent_results,conservative_proxy_publication_thursday_after_survey_week,True,True,False,False
2003-09-11,2003-09-12,58.14,24.42,17.44,40.7,AAII Investor Sentiment Survey,https://www.aaii.com/files/surveys/sentiment.xls,https://www.aaii.com/sentimentsurvey/sent_results,conservative_proxy_publication_thursday_after_survey_week,True,True,False,False
2003-09-18,2003-09-19,62.74999999999999,17.65,19.61,43.13999999999999,AAII Investor Sentiment Survey,https://www.aaii.com/files/surveys/sentiment.xls,https://www.aaii.com/sentimentsurvey/sent_results,conservative_proxy_publication_thursday_after_survey_week,True,True,False,False
2003-09-25,2003-09-26,57.28,20.39,22.33,34.95,AAII Investor Sentiment Survey,https://www.aaii.com/files/surveys/sentiment.xls,https://www.aaii.com/sentimentsurvey/sent_results,conservative_proxy_publication_thursday_after_survey_week,True,True,False,False
2003-10-02,2003-10-03,50.0,21.43,28.57,21.43,AAII Investor Sentiment Survey,https://www.aaii.com/files/surveys/sentiment.xls,https://www.aaii.com/sentimentsurvey/sent_results,conservative_proxy_publication_thursday_after_survey_week,True,True,False,False
2003-10-09,2003-10-10,57.58,19.189999999999998,23.23,34.349999999999994,AAII Investor Sentiment Survey,https://www.aaii.com/files/surveys/sentiment.xls,https://www.aaii.com/sentimentsurvey/sent_results,conservative_proxy_publication_thursday_after_survey_week,True,True,False,False
2003-10-16,2003-10-17,60.34,25.86,13.79,46.550000000000004,AAII Investor Sentiment Survey,https://www.aaii.com/files/surveys/sentiment.xls,https://www.aaii.com/sentimentsurvey/sent_results,conservative_proxy_publication_thursday_after_survey_week,True,True,False,False
2003-10-23,2003-10-24,52.78,30.56,16.669999999999998,36.11,AAII Investor Sentiment Survey,https://www.aaii.com/files/surveys/sentiment.xls,https://www.aaii.com/sentimentsurvey/sent_results,conservative_proxy_publication_thursday_after_survey_week,True,True,False,False
2003-10-30,2003-10-31,57.809999999999995,23.44,18.75,39.059999999999995,AAII Investor Sentiment Survey,https://www.aaii.com/files/surveys/sentiment.xls,https://www.aaii.com/sentimentsurvey/sent_results,conservative_proxy_publication_thursday_after_survey_week,True,True,False,False
2003-11-06,2003-11-07,57.58,25.759999999999998,16.669999999999998,40.91,AAII Investor Sentiment Survey,https://www.aaii.com/files/surveys/sentiment.xls,https://www.aaii.com/sentimentsurvey/sent_results,conservative_proxy_publication_thursday_after_survey_week,True,True,False,False
2003-11-13,2003-11-14,53.33,32.22,14.44,38.89,AAII Investor Sentiment Survey,https://www.aaii.com/files/surveys/sentiment.xls,https://www.aaii.com/sentimentsurvey/sent_results,conservative_proxy_publication_thursday_after_survey_week,True,True,False,False
2003-11-20,2003-11-21,53.23,25.81,20.97,32.26,AAII Investor Sentiment Survey,https://www.aaii.com/files/surveys/sentiment.xls,https://www.aaii.com/sentimentsurvey/sent_results,conservative_proxy_publication_thursday_after_survey_week,True,True,False,False
2003-11-27,2003-11-28,60.38,18.87,20.75,39.63,AAII Investor Sentiment Survey,https://www.aaii.com/files/surveys/sentiment.xls,https://www.aaii.com/sentimentsurvey/sent_results,conservative_proxy_publication_thursday_after_survey_week,True,True,False,False
2003-12-04,2003-12-05,69.37,16.220000000000002,14.41,54.96000000000001,AAII Investor Sentiment Survey,https://www.aaii.com/files/surveys/sentiment.xls,https://www.aaii.com/sentimentsurvey/sent_results,conservative_proxy_publication_thursday_after_survey_week,True,True,False,False
2003-12-11,2003-12-12,55.26,23.68,21.05,34.209999999999994,AAII Investor Sentiment Survey,https://www.aaii.com/files/surveys/sentiment.xls,https://www.aaii.com/sentimentsurvey/sent_results,conservative_proxy_publication_thursday_after_survey_week,True,True,False,False
2003-12-18,2003-12-19,60.199999999999996,20.41,19.39,40.809999999999995,AAII Investor Sentiment Survey,https://www.aaii.com/files/surveys/sentiment.xls,https://www.aaii.com/sentimentsurvey/sent_results,conservative_proxy_publication_thursday_after_survey_week,True,True,False,False
2003-12-26,2003-12-27,65.52,17.24,17.24,48.28,AAII Investor Sentiment Survey,https://www.aaii.com/files/surveys/sentiment.xls,https://www.aaii.com/sentimentsurvey/sent_results,conservative_proxy_publication_thursday_after_survey_week,True,True,False,False
2004-01-01,2004-01-02,62.41,24.11,13.48,48.92999999999999,AAII Investor Sentiment Survey,https://www.aaii.com/files/surveys/sentiment.xls,https://www.aaii.com/sentimentsurvey/sent_results,conservative_proxy_publication_thursday_after_survey_week,True,True,False,False
2004-01-08,2004-01-09,67.16,14.93,17.91,49.25,AAII Investor Sentiment Survey,https://www.aaii.com/files/surveys/sentiment.xls,https://www.aaii.com/sentimentsurvey/sent_results,conservative_proxy_publication_thursday_after_survey_week,True,True,False,False
2004-01-15,2004-01-16,66.29,23.599999999999998,10.11,56.18000000000001,AAII Investor Sentiment Survey,https://www.aaii.com/files/surveys/sentiment.xls,https://www.aaii.com/sentimentsurvey/sent_results,conservative_proxy_publication_thursday_after_survey_week,True,True,False,False
2004-01-22,2004-01-23,69.51,17.07,13.41,56.10000000000001,AAII Investor Sentiment Survey,https://www.aaii.com/files/surveys/sentiment.xls,https://www.aaii.com/sentimentsurvey/sent_results,conservative_proxy_publication_thursday_after_survey_week,True,True,False,False
2004-01-29,2004-01-30,56.879999999999995,28.13,15.0,41.879999999999995,AAII Investor Sentiment Survey,https://www.aaii.com/files/surveys/sentiment.xls,https://www.aaii.com/sentimentsurvey/sent_results,conservative_proxy_publication_thursday_after_survey_week,True,True,False,False
2004-02-05,2004-02-06,50.91,27.27,21.82,29.089999999999996,AAII Investor Sentiment Survey,https://www.aaii.com/files/surveys/sentiment.xls,https://www.aaii.com/sentimentsurvey/sent_results,conservative_proxy_publication_thursday_after_survey_week,True,True,False,False
2004-02-12,2004-02-13,56.10000000000001,29.270000000000003,14.63,41.470000000000006,AAII Investor Sentiment Survey,https://www.aaii.com/files/surveys/sentiment.xls,https://www.aaii.com/sentimentsurvey/sent_results,conservative_proxy_publication_thursday_after_survey_week,True,True,False,False
2004-02-19,2004-02-20,56.45,22.58,20.97,35.480000000000004,AAII Investor Sentiment Survey,https://www.aaii.com/files/surveys/sentiment.xls,https://www.aaii.com/sentimentsurvey/sent_results,conservative_proxy_publication_thursday_after_survey_week,True,True,False,False
2004-02-26,2004-02-27,41.58,27.889999999999997,30.53,11.049999999999997,AAII Investor Sentiment Survey,https://www.aaii.com/files/surveys/sentiment.xls,https://www.aaii.com/sentimentsurvey/sent_results,conservative_proxy_publication_thursday_after_survey_week,True,True,False,False
2004-03-04,2004-03-05,47.83,39.129999999999995,13.04,34.79,AAII Investor Sentiment Survey,https://www.aaii.com/files/surveys/sentiment.xls,https://www.aaii.com/sentimentsurvey/sent_results,conservative_proxy_publication_thursday_after_survey_week,True,True,False,False
2004-03-11,2004-03-12,41.29,25.16,33.550000000000004,7.739999999999995,AAII Investor Sentiment Survey,https://www.aaii.com/files/surveys/sentiment.xls,https://www.aaii.com/sentimentsurvey/sent_results,conservative_proxy_publication_thursday_after_survey_week,True,True,False,False
2004-03-18,2004-03-19,38.6,35.089999999999996,26.32,12.280000000000001,AAII Investor Sentiment Survey,https://www.aaii.com/files/surveys/sentiment.xls,https://www.aaii.com/sentimentsurvey/sent_results,conservative_proxy_publication_thursday_after_survey_week,True,True,False,False
2004-03-25,2004-03-26,31.480000000000004,25.929999999999996,42.59,-11.11,AAII Investor Sentiment Survey,https://www.aaii.com/files/surveys/sentiment.xls,https://www.aaii.com/sentimentsurvey/sent_results,conservative_proxy_publication_thursday_after_survey_week,True,True,False,False
2004-04-01,2004-04-02,55.169999999999995,22.41,22.41,32.75999999999999,AAII Investor Sentiment Survey,https://www.aaii.com/files/surveys/sentiment.xls,https://www.aaii.com/sentimentsurvey/sent_results,conservative_proxy_publication_thursday_after_survey_week,True,True,False,False
2004-04-08,2004-04-09,58.78,20.95,20.27,38.510000000000005,AAII Investor Sentiment Survey,https://www.aaii.com/files/surveys/sentiment.xls,https://www.aaii.com/sentimentsurvey/sent_results,conservative_proxy_publication_thursday_after_survey_week,True,True,False,False
2004-04-15,2004-04-16,63.74999999999999,22.5,13.750000000000002,49.99999999999999,AAII Investor Sentiment Survey,https://www.aaii.com/files/surveys/sentiment.xls,https://www.aaii.com/sentimentsurvey/sent_results,conservative_proxy_publication_thursday_after_survey_week,True,True,False,False
2004-04-22,2004-04-23,50.0,27.500000000000004,22.5,27.5,AAII Investor Sentiment Survey,https://www.aaii.com/files/surveys/sentiment.xls,https://www.aaii.com/sentimentsurvey/sent_results,conservative_proxy_publication_thursday_after_survey_week,True,True,False,False
2004-04-29,2004-04-30,50.0,28.79,21.21,28.79,AAII Investor Sentiment Survey,https://www.aaii.com/files/surveys/sentiment.xls,https://www.aaii.com/sentimentsurvey/sent_results,conservative_proxy_publication_thursday_after_survey_week,True,True,False,False
2004-05-06,2004-05-07,38.98,33.900000000000006,27.12,11.859999999999996,AAII Investor Sentiment Survey,https://www.aaii.com/files/surveys/sentiment.xls,https://www.aaii.com/sentimentsurvey/sent_results,conservative_proxy_publication_thursday_after_survey_week,True,True,False,False
2004-05-13,2004-05-14,32.89,23.68,43.419999999999995,-10.529999999999994,AAII Investor Sentiment Survey,https://www.aaii.com/files/surveys/sentiment.xls,https://www.aaii.com/sentimentsurvey/sent_results,conservative_proxy_publication_thursday_after_survey_week,True,True,False,False
2004-05-20,2004-05-21,36.67,23.330000000000002,40.0,-3.3299999999999983,AAII Investor Sentiment Survey,https://www.aaii.com/files/surveys/sentiment.xls,https://www.aaii.com/sentimentsurvey/sent_results,conservative_proxy_publication_thursday_after_survey_week,True,True,False,False
2004-05-27,2004-05-28,36.11,23.61,40.28,-4.170000000000002,AAII Investor Sentiment Survey,https://www.aaii.com/files/surveys/sentiment.xls,https://www.aaii.com/sentimentsurvey/sent_results,conservative_proxy_publication_thursday_after_survey_week,True,True,False,False
2004-06-03,2004-06-04,33.33,40.48,26.19,7.139999999999997,AAII Investor Sentiment Survey,https://www.aaii.com/files/surveys/sentiment.xls,https://www.aaii.com/sentimentsurvey/sent_results,conservative_proxy_publication_thursday_after_survey_week,True,True,False,False
2004-06-10,2004-06-11,55.26,28.95,15.790000000000001,39.47,AAII Investor Sentiment Survey,https://www.aaii.com/files/surveys/sentiment.xls,https://www.aaii.com/sentimentsurvey/sent_results,conservative_proxy_publication_thursday_after_survey_week,True,True,False,False
2004-06-17,2004-06-18,41.410000000000004,30.470000000000002,28.13,13.280000000000005,AAII Investor Sentiment Survey,https://www.aaii.com/files/surveys/sentiment.xls,https://www.aaii.com/sentimentsurvey/sent_results,conservative_proxy_publication_thursday_after_survey_week,True,True,False,False
2004-06-24,2004-06-25,56.410000000000004,20.51,23.080000000000002,33.33,AAII Investor Sentiment Survey,https://www.aaii.com/files/surveys/sentiment.xls,https://www.aaii.com/sentimentsurvey/sent_results,conservative_proxy_publication_thursday_after_survey_week,True,True,False,False
2004-07-01,2004-07-02,56.97,27.27,15.76,41.21,AAII Investor Sentiment Survey,https://www.aaii.com/files/surveys/sentiment.xls,https://www.aaii.com/sentimentsurvey/sent_results,conservative_proxy_publication_thursday_after_survey_week,True,True,False,False
2004-07-08,2004-07-09,55.1,23.47,21.43,33.67,AAII Investor Sentiment Survey,https://www.aaii.com/files/surveys/sentiment.xls,https://www.aaii.com/sentimentsurvey/sent_results,conservative_proxy_publication_thursday_after_survey_week,True,True,False,False
2004-07-15,2004-07-16,47.370000000000005,28.95,23.68,23.690000000000005,AAII Investor Sentiment Survey,https://www.aaii.com/files/surveys/sentiment.xls,https://www.aaii.com/sentimentsurvey/sent_results,conservative_proxy_publication_thursday_after_survey_week,True,True,False,False
2004-07-22,2004-07-23,35.709999999999994,40.48,23.810000000000002,11.899999999999991,AAII Investor Sentiment Survey,https://www.aaii.com/files/surveys/sentiment.xls,https://www.aaii.com/sentimentsurvey/sent_results,conservative_proxy_publication_thursday_after_survey_week,True,True,False,False
2004-07-29,2004-07-30,34.0,30.0,36.0,-2.0,AAII Investor Sentiment Survey,https://www.aaii.com/files/surveys/sentiment.xls,https://www.aaii.com/sentimentsurvey/sent_results,conservative_proxy_publication_thursday_after_survey_week,True,True,False,False
2004-08-05,2004-08-06,30.990000000000002,35.21,33.800000000000004,-2.8100000000000023,AAII Investor Sentiment Survey,https://www.aaii.com/files/surveys/sentiment.xls,https://www.aaii.com/sentimentsurvey/sent_results,conservative_proxy_publication_thursday_after_survey_week,True,True,False,False
2004-08-12,2004-08-13,38.57,21.43,40.0,-1.4299999999999997,AAII Investor Sentiment Survey,https://www.aaii.com/files/surveys/sentiment.xls,https://www.aaii.com/sentimentsurvey/sent_results,conservative_proxy_publication_thursday_after_survey_week,True,True,False,False
2004-08-19,2004-08-20,34.88,30.23,34.88,0.0,AAII Investor Sentiment Survey,https://www.aaii.com/files/surveys/sentiment.xls,https://www.aaii.com/sentimentsurvey/sent_results,conservative_proxy_publication_thursday_after_survey_week,True,True,False,False
2004-08-26,2004-08-27,41.53,33.050000000000004,25.419999999999998,16.110000000000003,AAII Investor Sentiment Survey,https://www.aaii.com/files/surveys/sentiment.xls,https://www.aaii.com/sentimentsurvey/sent_results,conservative_proxy_publication_thursday_after_survey_week,True,True,False,False
2004-09-02,2004-09-03,41.510000000000005,30.19,28.299999999999997,13.210000000000008,AAII Investor Sentiment Survey,https://www.aaii.com/files/surveys/sentiment.xls,https://www.aaii.com/sentimentsurvey/sent_results,conservative_proxy_publication_thursday_after_survey_week,True,True,False,False
2004-09-09,2004-09-10,50.5,25.740000000000002,23.76,26.74,AAII Investor Sentiment Survey,https://www.aaii.com/files/surveys/sentiment.xls,https://www.aaii.com/sentimentsurvey/sent_results,conservative_proxy_publication_thursday_after_survey_week,True,True,False,False
2004-09-16,2004-09-17,45.45,22.73,31.819999999999997,13.630000000000006,AAII Investor Sentiment Survey,https://www.aaii.com/files/surveys/sentiment.xls,https://www.aaii.com/sentimentsurvey/sent_results,conservative_proxy_publication_thursday_after_survey_week,True,True,False,False
2004-09-23,2004-09-24,51.2,22.0,26.8,24.400000000000002,AAII Investor Sentiment Survey,https://www.aaii.com/files/surveys/sentiment.xls,https://www.aaii.com/sentimentsurvey/sent_results,conservative_proxy_publication_thursday_after_survey_week,True,True,False,False
2004-09-30,2004-10-01,41.07,19.64,39.290000000000006,1.779999999999994,AAII Investor Sentiment Survey,https://www.aaii.com/files/surveys/sentiment.xls,https://www.aaii.com/sentimentsurvey/sent_results,conservative_proxy_publication_thursday_after_survey_week,True,True,False,False
2004-10-07,2004-10-08,56.93,23.36,19.71,37.22,AAII Investor Sentiment Survey,https://www.aaii.com/files/surveys/sentiment.xls,https://www.aaii.com/sentimentsurvey/sent_results,conservative_proxy_publication_thursday_after_survey_week,True,True,False,False
2004-10-14,2004-10-15,44.71,27.060000000000002,28.24,16.470000000000002,AAII Investor Sentiment Survey,https://www.aaii.com/files/surveys/sentiment.xls,https://www.aaii.com/sentimentsurvey/sent_results,conservative_proxy_publication_thursday_after_survey_week,True,True,False,False
2004-10-21,2004-10-22,42.480000000000004,28.76,28.76,13.720000000000002,AAII Investor Sentiment Survey,https://www.aaii.com/files/surveys/sentiment.xls,https://www.aaii.com/sentimentsurvey/sent_results,conservative_proxy_publication_thursday_after_survey_week,True,True,False,False
2004-10-28,2004-10-29,42.309999999999995,25.96,31.730000000000004,10.579999999999991,AAII Investor Sentiment Survey,https://www.aaii.com/files/surveys/sentiment.xls,https://www.aaii.com/sentimentsurvey/sent_results,conservative_proxy_publication_thursday_after_survey_week,True,True,False,False
2004-11-04,2004-11-05,57.14,20.0,22.86,34.28,AAII Investor Sentiment Survey,https://www.aaii.com/files/surveys/sentiment.xls,https://www.aaii.com/sentimentsurvey/sent_results,conservative_proxy_publication_thursday_after_survey_week,True,True,False,False
2004-11-11,2004-11-12,62.5,15.909999999999998,21.59,40.91,AAII Investor Sentiment Survey,https://www.aaii.com/files/surveys/sentiment.xls,https://www.aaii.com/sentimentsurvey/sent_results,conservative_proxy_publication_thursday_after_survey_week,True,True,False,False
2004-11-18,2004-11-19,64.1,13.459999999999999,22.439999999999998,41.66,AAII Investor Sentiment Survey,https://www.aaii.com/files/surveys/sentiment.xls,https://www.aaii.com/sentimentsurvey/sent_results,conservative_proxy_publication_thursday_after_survey_week,True,True,False,False
2004-11-24,2004-11-25,49.480000000000004,23.71,26.8,22.680000000000003,AAII Investor Sentiment Survey,https://www.aaii.com/files/surveys/sentiment.xls,https://www.aaii.com/sentimentsurvey/sent_results,conservative_proxy_publication_thursday_after_survey_week,True,True,False,False
2004-12-02,2004-12-03,56.76,17.84,25.41,31.349999999999998,AAII Investor Sentiment Survey,https://www.aaii.com/files/surveys/sentiment.xls,https://www.aaii.com/sentimentsurvey/sent_results,conservative_proxy_publication_thursday_after_survey_week,True,True,False,False
2004-12-09,2004-12-10,51.349999999999994,23.419999999999998,25.230000000000004,26.11999999999999,AAII Investor Sentiment Survey,https://www.aaii.com/files/surveys/sentiment.xls,https://www.aaii.com/sentimentsurvey/sent_results,conservative_proxy_publication_thursday_after_survey_week,True,True,False,False
2004-12-16,2004-12-17,52.53,28.28,19.189999999999998,33.34,AAII Investor Sentiment Survey,https://www.aaii.com/files/surveys/sentiment.xls,https://www.aaii.com/sentimentsurvey/sent_results,conservative_proxy_publication_thursday_after_survey_week,True,True,False,False
2004-12-23,2004-12-24,60.23,21.59,18.18,42.05,AAII Investor Sentiment Survey,https://www.aaii.com/files/surveys/sentiment.xls,https://www.aaii.com/sentimentsurvey/sent_results,conservative_proxy_publication_thursday_after_survey_week,True,True,False,False
2004-12-30,2004-12-31,57.66,24.82,17.52,40.14,AAII Investor Sentiment Survey,https://www.aaii.com/files/surveys/sentiment.xls,https://www.aaii.com/sentimentsurvey/sent_results,conservative_proxy_publication_thursday_after_survey_week,True,True,False,False
2005-01-06,2005-01-07,38.1,27.38,34.52,3.5799999999999983,AAII Investor Sentiment Survey,https://www.aaii.com/files/surveys/sentiment.xls,https://www.aaii.com/sentimentsurvey/sent_results,conservative_proxy_publication_thursday_after_survey_week,True,True,False,False
2005-01-13,2005-01-14,33.989999999999995,26.14,39.87,-5.880000000000003,AAII Investor Sentiment Survey,https://www.aaii.com/files/surveys/sentiment.xls,https://www.aaii.com/sentimentsurvey/sent_results,conservative_proxy_publication_thursday_after_survey_week,True,True,False,False
2005-01-20,2005-01-21,33.660000000000004,32.67,33.660000000000004,0.0,AAII Investor Sentiment Survey,https://www.aaii.com/files/surveys/sentiment.xls,https://www.aaii.com/sentimentsurvey/sent_results,conservative_proxy_publication_thursday_after_survey_week,True,True,False,False
2005-01-27,2005-01-28,26.43,37.14,36.43,-10.0,AAII Investor Sentiment Survey,https://www.aaii.com/files/surveys/sentiment.xls,https://www.aaii.com/sentimentsurvey/sent_results,conservative_proxy_publication_thursday_after_survey_week,True,True,False,False
2005-02-03,2005-02-04,41.67,33.33,25.0,16.67,AAII Investor Sentiment Survey,https://www.aaii.com/files/surveys/sentiment.xls,https://www.aaii.com/sentimentsurvey/sent_results,conservative_proxy_publication_thursday_after_survey_week,True,True,False,False
2005-02-10,2005-02-11,43.75,33.33,22.919999999999998,20.830000000000002,AAII Investor Sentiment Survey,https://www.aaii.com/files/surveys/sentiment.xls,https://www.aaii.com/sentimentsurvey/sent_results,conservative_proxy_publication_thursday_after_survey_week,True,True,False,False
2005-02-17,2005-02-18,36.36,33.77,29.87,6.489999999999998,AAII Investor Sentiment Survey,https://www.aaii.com/files/surveys/sentiment.xls,https://www.aaii.com/sentimentsurvey/sent_results,conservative_proxy_publication_thursday_after_survey_week,True,True,False,False
2005-02-24,2005-02-25,31.819999999999997,36.36,31.819999999999997,0.0,AAII Investor Sentiment Survey,https://www.aaii.com/files/surveys/sentiment.xls,https://www.aaii.com/sentimentsurvey/sent_results,conservative_proxy_publication_thursday_after_survey_week,True,True,False,False
2005-03-03,2005-03-04,39.51,33.33,27.16,12.349999999999998,AAII Investor Sentiment Survey,https://www.aaii.com/files/surveys/sentiment.xls,https://www.aaii.com/sentimentsurvey/sent_results,conservative_proxy_publication_thursday_after_survey_week,True,True,False,False
2005-03-10,2005-03-11,49.66,25.5,24.83,24.83,AAII Investor Sentiment Survey,https://www.aaii.com/files/surveys/sentiment.xls,https://www.aaii.com/sentimentsurvey/sent_results,conservative_proxy_publication_thursday_after_survey_week,True,True,False,False
2005-03-17,2005-03-18,32.47,35.06,32.47,0.0,AAII Investor Sentiment Survey,https://www.aaii.com/files/surveys/sentiment.xls,https://www.aaii.com/sentimentsurvey/sent_results,conservative_proxy_publication_thursday_after_survey_week,True,True,False,False
2005-03-24,2005-03-25,23.23,34.839999999999996,41.94,-18.709999999999997,AAII Investor Sentiment Survey,https://www.aaii.com/files/surveys/sentiment.xls,https://www.aaii.com/sentimentsurvey/sent_results,conservative_proxy_publication_thursday_after_survey_week,True,True,False,False
2005-03-31,2005-04-01,28.43,20.59,50.980000000000004,-22.550000000000004,AAII Investor Sentiment Survey,https://www.aaii.com/files/surveys/sentiment.xls,https://www.aaii.com/sentimentsurvey/sent_results,conservative_proxy_publication_thursday_after_survey_week,True,True,False,False
2005-04-07,2005-04-08,27.74,28.389999999999997,43.87,-16.13,AAII Investor Sentiment Survey,https://www.aaii.com/files/surveys/sentiment.xls,https://www.aaii.com/sentimentsurvey/sent_results,conservative_proxy_publication_thursday_after_survey_week,True,True,False,False
2005-04-14,2005-04-15,16.48,41.760000000000005,41.760000000000005,-25.280000000000005,AAII Investor Sentiment Survey,https://www.aaii.com/files/surveys/sentiment.xls,https://www.aaii.com/sentimentsurvey/sent_results,conservative_proxy_publication_thursday_after_survey_week,True,True,False,False
2005-04-21,2005-04-22,36.84,30.259999999999998,32.89,3.950000000000003,AAII Investor Sentiment Survey,https://www.aaii.com/files/surveys/sentiment.xls,https://www.aaii.com/sentimentsurvey/sent_results,conservative_proxy_publication_thursday_after_survey_week,True,True,False,False
2005-04-28,2005-04-29,29.75,35.54,34.71,-4.960000000000001,AAII Investor Sentiment Survey,https://www.aaii.com/files/surveys/sentiment.xls,https://www.aaii.com/sentimentsurvey/sent_results,conservative_proxy_publication_thursday_after_survey_week,True,True,False,False
2005-05-05,2005-05-06,28.57,26.529999999999998,44.9,-16.33,AAII Investor Sentiment Survey,https://www.aaii.com/files/surveys/sentiment.xls,https://www.aaii.com/sentimentsurvey/sent_results,conservative_proxy_publication_thursday_after_survey_week,True,True,False,False
2005-05-12,2005-05-13,30.520000000000003,33.12,36.36,-5.839999999999996,AAII Investor Sentiment Survey,https://www.aaii.com/files/surveys/sentiment.xls,https://www.aaii.com/sentimentsurvey/sent_results,conservative_proxy_publication_thursday_after_survey_week,True,True,False,False
2005-05-19,2005-05-20,38.92,32.43,28.65,10.270000000000003,AAII Investor Sentiment Survey,https://www.aaii.com/files/surveys/sentiment.xls,https://www.aaii.com/sentimentsurvey/sent_results,conservative_proxy_publication_thursday_after_survey_week,True,True,False,False
2005-05-26,2005-05-27,44.14,32.43,23.419999999999998,20.720000000000002,AAII Investor Sentiment Survey,https://www.aaii.com/files/surveys/sentiment.xls,https://www.aaii.com/sentimentsurvey/sent_results,conservative_proxy_publication_thursday_after_survey_week,True,True,False,False
2005-06-02,2005-06-03,48.61,31.94,19.439999999999998,29.17,AAII Investor Sentiment Survey,https://www.aaii.com/files/surveys/sentiment.xls,https://www.aaii.com/sentimentsurvey/sent_results,conservative_proxy_publication_thursday_after_survey_week,True,True,False,False
2005-06-09,2005-06-10,45.98,34.48,19.54,26.439999999999998,AAII Investor Sentiment Survey,https://www.aaii.com/files/surveys/sentiment.xls,https://www.aaii.com/sentimentsurvey/sent_results,conservative_proxy_publication_thursday_after_survey_week,True,True,False,False
2005-06-16,2005-06-17,48.05,33.12,18.83,29.22,AAII Investor Sentiment Survey,https://www.aaii.com/files/surveys/sentiment.xls,https://www.aaii.com/sentimentsurvey/sent_results,conservative_proxy_publication_thursday_after_survey_week,True,True,False,False
2005-06-23,2005-06-24,46.589999999999996,35.23,18.18,28.409999999999997,AAII Investor Sentiment Survey,https://www.aaii.com/files/surveys/sentiment.xls,https://www.aaii.com/sentimentsurvey/sent_results,conservative_proxy_publication_thursday_after_survey_week,True,True,False,False
2005-06-30,2005-07-01,45.89,24.66,29.45,16.44,AAII Investor Sentiment Survey,https://www.aaii.com/files/surveys/sentiment.xls,https://www.aaii.com/sentimentsurvey/sent_results,conservative_proxy_publication_thursday_after_survey_week,True,True,False,False
2005-07-07,2005-07-08,43.010799999999996,36.5591,20.4301,22.580699999999997,AAII Investor Sentiment Survey,https://www.aaii.com/files/surveys/sentiment.xls,https://www.aaii.com/sentimentsurvey/sent_results,conservative_proxy_publication_thursday_after_survey_week,True,True,False,False
2005-07-14,2005-07-15,57.89,28.07,14.04,43.85,AAII Investor Sentiment Survey,https://www.aaii.com/files/surveys/sentiment.xls,https://www.aaii.com/sentimentsurvey/sent_results,conservative_proxy_publication_thursday_after_survey_week,True,True,False,False
2005-07-21,2005-07-22,41.18,31.369999999999997,27.450000000000003,13.729999999999997,AAII Investor Sentiment Survey,https://www.aaii.com/files/surveys/sentiment.xls,https://www.aaii.com/sentimentsurvey/sent_results,conservative_proxy_publication_thursday_after_survey_week,True,True,False,False
2005-07-28,2005-07-29,57.52,24.84,17.65,39.870000000000005,AAII Investor Sentiment Survey,https://www.aaii.com/files/surveys/sentiment.xls,https://www.aaii.com/sentimentsurvey/sent_results,conservative_proxy_publication_thursday_after_survey_week,True,True,False,False
2005-08-04,2005-08-05,47.83,26.090000000000003,26.090000000000003,21.739999999999995,AAII Investor Sentiment Survey,https://www.aaii.com/files/surveys/sentiment.xls,https://www.aaii.com/sentimentsurvey/sent_results,conservative_proxy_publication_thursday_after_survey_week,True,True,False,False
2005-08-11,2005-08-12,39.739999999999995,31.41,28.849999999999998,10.889999999999997,AAII Investor Sentiment Survey,https://www.aaii.com/files/surveys/sentiment.xls,https://www.aaii.com/sentimentsurvey/sent_results,conservative_proxy_publication_thursday_after_survey_week,True,True,False,False
2005-08-18,2005-08-19,29.29,30.3,40.400000000000006,-11.110000000000007,AAII Investor Sentiment Survey,https://www.aaii.com/files/surveys/sentiment.xls,https://www.aaii.com/sentimentsurvey/sent_results,conservative_proxy_publication_thursday_after_survey_week,True,True,False,False
2005-08-25,2005-08-26,36.14,32.53,31.330000000000002,4.809999999999999,AAII Investor Sentiment Survey,https://www.aaii.com/files/surveys/sentiment.xls,https://www.aaii.com/sentimentsurvey/sent_results,conservative_proxy_publication_thursday_after_survey_week,True,True,False,False
2005-09-01,2005-09-02,31.759999999999998,30.59,37.65,-5.890000000000001,AAII Investor Sentiment Survey,https://www.aaii.com/files/surveys/sentiment.xls,https://www.aaii.com/sentimentsurvey/sent_results,conservative_proxy_publication_thursday_after_survey_week,True,True,False,False
2005-09-08,2005-09-09,42.309999999999995,25.0,32.690000000000005,9.61999999999999,AAII Investor Sentiment Survey,https://www.aaii.com/files/surveys/sentiment.xls,https://www.aaii.com/sentimentsurvey/sent_results,conservative_proxy_publication_thursday_after_survey_week,True,True,False,False
2005-09-15,2005-09-16,51.43,20.0,28.57,22.86,AAII Investor Sentiment Survey,https://www.aaii.com/files/surveys/sentiment.xls,https://www.aaii.com/sentimentsurvey/sent_results,conservative_proxy_publication_thursday_after_survey_week,True,True,False,False
2005-09-22,2005-09-23,39.47,28.07,32.46,7.009999999999998,AAII Investor Sentiment Survey,https://www.aaii.com/files/surveys/sentiment.xls,https://www.aaii.com/sentimentsurvey/sent_results,conservative_proxy_publication_thursday_after_survey_week,True,True,False,False
2005-09-29,2005-09-30,31.879999999999995,28.99,39.129999999999995,-7.25,AAII Investor Sentiment Survey,https://www.aaii.com/files/surveys/sentiment.xls,https://www.aaii.com/sentimentsurvey/sent_results,conservative_proxy_publication_thursday_after_survey_week,True,True,False,False
2005-10-06,2005-10-07,50.0,22.58,27.42,22.58,AAII Investor Sentiment Survey,https://www.aaii.com/files/surveys/sentiment.xls,https://www.aaii.com/sentimentsurvey/sent_results,conservative_proxy_publication_thursday_after_survey_week,True,True,False,False
2005-10-13,2005-10-14,38.96,12.989999999999998,48.05,-9.089999999999996,AAII Investor Sentiment Survey,https://www.aaii.com/files/surveys/sentiment.xls,https://www.aaii.com/sentimentsurvey/sent_results,conservative_proxy_publication_thursday_after_survey_week,True,True,False,False
2005-10-20,2005-10-21,43.11,20.96,35.93,7.18,AAII Investor Sentiment Survey,https://www.aaii.com/files/surveys/sentiment.xls,https://www.aaii.com/sentimentsurvey/sent_results,conservative_proxy_publication_thursday_after_survey_week,True,True,False,False
2005-10-27,2005-10-28,32.05,21.790000000000003,46.150000000000006,-14.100000000000009,AAII Investor Sentiment Survey,https://www.aaii.com/files/surveys/sentiment.xls,https://www.aaii.com/sentimentsurvey/sent_results,conservative_proxy_publication_thursday_after_survey_week,True,True,False,False
2005-11-03,2005-11-04,42.95,29.49,27.560000000000002,15.39,AAII Investor Sentiment Survey,https://www.aaii.com/files/surveys/sentiment.xls,https://www.aaii.com/sentimentsurvey/sent_results,conservative_proxy_publication_thursday_after_survey_week,True,True,False,False
2005-11-10,2005-11-11,58.620000000000005,18.39,22.99,35.63000000000001,AAII Investor Sentiment Survey,https://www.aaii.com/files/surveys/sentiment.xls,https://www.aaii.com/sentimentsurvey/sent_results,conservative_proxy_publication_thursday_after_survey_week,True,True,False,False
2005-11-17,2005-11-18,53.63,24.58,21.790000000000003,31.84,AAII Investor Sentiment Survey,https://www.aaii.com/files/surveys/sentiment.xls,https://www.aaii.com/sentimentsurvey/sent_results,conservative_proxy_publication_thursday_after_survey_week,True,True,False,False
2005-11-24,2005-11-25,57.330000000000005,26.669999999999998,16.0,41.330000000000005,AAII Investor Sentiment Survey,https://www.aaii.com/files/surveys/sentiment.xls,https://www.aaii.com/sentimentsurvey/sent_results,conservative_proxy_publication_thursday_after_survey_week,True,True,False,False
2005-12-01,2005-12-02,52.470000000000006,24.07,23.46,29.010000000000005,AAII Investor Sentiment Survey,https://www.aaii.com/files/surveys/sentiment.xls,https://www.aaii.com/sentimentsurvey/sent_results,conservative_proxy_publication_thursday_after_survey_week,True,True,False,False
2005-12-08,2005-12-09,49.47,31.580000000000002,18.95,30.52,AAII Investor Sentiment Survey,https://www.aaii.com/files/surveys/sentiment.xls,https://www.aaii.com/sentimentsurvey/sent_results,conservative_proxy_publication_thursday_after_survey_week,True,True,False,False
2005-12-15,2005-12-16,46.150000000000006,31.730000000000004,22.12,24.030000000000005,AAII Investor Sentiment Survey,https://www.aaii.com/files/surveys/sentiment.xls,https://www.aaii.com/sentimentsurvey/sent_results,conservative_proxy_publication_thursday_after_survey_week,True,True,False,False
2005-12-22,2005-12-23,41.03,30.769999999999996,28.21,12.82,AAII Investor Sentiment Survey,https://www.aaii.com/files/surveys/sentiment.xls,https://www.aaii.com/sentimentsurvey/sent_results,conservative_proxy_publication_thursday_after_survey_week,True,True,False,False
2005-12-29,2005-12-30,37.3,26.19,36.51,0.7899999999999991,AAII Investor Sentiment Survey,https://www.aaii.com/files/surveys/sentiment.xls,https://www.aaii.com/sentimentsurvey/sent_results,conservative_proxy_publication_thursday_after_survey_week,True,True,False,False
2006-01-05,2006-01-06,29.349999999999998,30.43,40.22,-10.870000000000001,AAII Investor Sentiment Survey,https://www.aaii.com/files/surveys/sentiment.xls,https://www.aaii.com/sentimentsurvey/sent_results,conservative_proxy_publication_thursday_after_survey_week,True,True,False,False
2006-01-12,2006-01-13,58.96,21.97,19.08,39.88,AAII Investor Sentiment Survey,https://www.aaii.com/files/surveys/sentiment.xls,https://www.aaii.com/sentimentsurvey/sent_results,conservative_proxy_publication_thursday_after_survey_week,True,True,False,False
2006-01-19,2006-01-20,50.0,24.169999999999998,25.83,24.17,AAII Investor Sentiment Survey,https://www.aaii.com/files/surveys/sentiment.xls,https://www.aaii.com/sentimentsurvey/sent_results,conservative_proxy_publication_thursday_after_survey_week,True,True,False,False
2006-01-26,2006-01-27,30.769999999999996,35.9,33.33,-2.5600000000000023,AAII Investor Sentiment Survey,https://www.aaii.com/files/surveys/sentiment.xls,https://www.aaii.com/sentimentsurvey/sent_results,conservative_proxy_publication_thursday_after_survey_week,True,True,False,False
2006-02-02,2006-02-03,44.7,21.97,33.33,11.370000000000005,AAII Investor Sentiment Survey,https://www.aaii.com/files/surveys/sentiment.xls,https://www.aaii.com/sentimentsurvey/sent_results,conservative_proxy_publication_thursday_after_survey_week,True,True,False,False
2006-02-09,2006-02-10,40.19,25.230000000000004,34.58,5.609999999999999,AAII Investor Sentiment Survey,https://www.aaii.com/files/surveys/sentiment.xls,https://www.aaii.com/sentimentsurvey/sent_results,conservative_proxy_publication_thursday_after_survey_week,True,True,False,False
2006-02-16,2006-02-17,40.18,24.11,35.709999999999994,4.470000000000006,AAII Investor Sentiment Survey,https://www.aaii.com/files/surveys/sentiment.xls,https://www.aaii.com/sentimentsurvey/sent_results,conservative_proxy_publication_thursday_after_survey_week,True,True,False,False
2006-02-23,2006-02-24,43.21,28.4,28.4,14.810000000000002,AAII Investor Sentiment Survey,https://www.aaii.com/files/surveys/sentiment.xls,https://www.aaii.com/sentimentsurvey/sent_results,conservative_proxy_publication_thursday_after_survey_week,True,True,False,False
2006-03-02,2006-03-03,40.94,29.92,29.13,11.809999999999999,AAII Investor Sentiment Survey,https://www.aaii.com/files/surveys/sentiment.xls,https://www.aaii.com/sentimentsurvey/sent_results,conservative_proxy_publication_thursday_after_survey_week,True,True,False,False
2006-03-09,2006-03-10,41.21,28.02,30.769999999999996,10.440000000000005,AAII Investor Sentiment Survey,https://www.aaii.com/files/surveys/sentiment.xls,https://www.aaii.com/sentimentsurvey/sent_results,conservative_proxy_publication_thursday_after_survey_week,True,True,False,False
2006-03-16,2006-03-17,46.550000000000004,20.69,32.76,13.790000000000006,AAII Investor Sentiment Survey,https://www.aaii.com/files/surveys/sentiment.xls,https://www.aaii.com/sentimentsurvey/sent_results,conservative_proxy_publication_thursday_after_survey_week,True,True,False,False
2006-03-23,2006-03-24,43.75,28.749999999999996,27.500000000000004,16.249999999999996,AAII Investor Sentiment Survey,https://www.aaii.com/files/surveys/sentiment.xls,https://www.aaii.com/sentimentsurvey/sent_results,conservative_proxy_publication_thursday_after_survey_week,True,True,False,False
2006-03-30,2006-03-31,37.21,30.23,32.56,4.649999999999999,AAII Investor Sentiment Survey,https://www.aaii.com/files/surveys/sentiment.xls,https://www.aaii.com/sentimentsurvey/sent_results,conservative_proxy_publication_thursday_after_survey_week,True,True,False,False
2006-04-06,2006-04-07,47.67,29.07,23.26,24.41,AAII Investor Sentiment Survey,https://www.aaii.com/files/surveys/sentiment.xls,https://www.aaii.com/sentimentsurvey/sent_results,conservative_proxy_publication_thursday_after_survey_week,True,True,False,False
2006-04-13,2006-04-14,45.36,26.8,27.839999999999996,17.520000000000003,AAII Investor Sentiment Survey,https://www.aaii.com/files/surveys/sentiment.xls,https://www.aaii.com/sentimentsurvey/sent_results,conservative_proxy_publication_thursday_after_survey_week,True,True,False,False
2006-04-20,2006-04-21,33.73,25.44,40.83,-7.100000000000001,AAII Investor Sentiment Survey,https://www.aaii.com/files/surveys/sentiment.xls,https://www.aaii.com/sentimentsurvey/sent_results,conservative_proxy_publication_thursday_after_survey_week,True,True,False,False
2006-04-27,2006-04-28,42.11,21.93,35.96,6.149999999999999,AAII Investor Sentiment Survey,https://www.aaii.com/files/surveys/sentiment.xls,https://www.aaii.com/sentimentsurvey/sent_results,conservative_proxy_publication_thursday_after_survey_week,True,True,False,False
2006-05-04,2006-05-05,45.89,20.549999999999997,33.56,12.329999999999998,AAII Investor Sentiment Survey,https://www.aaii.com/files/surveys/sentiment.xls,https://www.aaii.com/sentimentsurvey/sent_results,conservative_proxy_publication_thursday_after_survey_week,True,True,False,False
2006-05-11,2006-05-12,54.900000000000006,17.65,27.450000000000003,27.450000000000003,AAII Investor Sentiment Survey,https://www.aaii.com/files/surveys/sentiment.xls,https://www.aaii.com/sentimentsurvey/sent_results,conservative_proxy_publication_thursday_after_survey_week,True,True,False,False
2006-05-18,2006-05-19,39.39,16.97,43.64,-4.25,AAII Investor Sentiment Survey,https://www.aaii.com/files/surveys/sentiment.xls,https://www.aaii.com/sentimentsurvey/sent_results,conservative_proxy_publication_thursday_after_survey_week,True,True,False,False
2006-05-25,2006-05-26,33.040000000000006,21.43,45.540000000000006,-12.5,AAII Investor Sentiment Survey,https://www.aaii.com/files/surveys/sentiment.xls,https://www.aaii.com/sentimentsurvey/sent_results,conservative_proxy_publication_thursday_after_survey_week,True,True,False,False
2006-06-01,2006-06-02,30.769999999999996,19.23,50.0,-19.230000000000004,AAII Investor Sentiment Survey,https://www.aaii.com/files/surveys/sentiment.xls,https://www.aaii.com/sentimentsurvey/sent_results,conservative_proxy_publication_thursday_after_survey_week,True,True,False,False
2006-06-08,2006-06-09,26.229999999999997,28.689999999999998,45.08,-18.85,AAII Investor Sentiment Survey,https://www.aaii.com/files/surveys/sentiment.xls,https://www.aaii.com/sentimentsurvey/sent_results,conservative_proxy_publication_thursday_after_survey_week,True,True,False,False
2006-06-15,2006-06-16,26.41,18.61,54.98,-28.569999999999997,AAII Investor Sentiment Survey,https://www.aaii.com/files/surveys/sentiment.xls,https://www.aaii.com/sentimentsurvey/sent_results,conservative_proxy_publication_thursday_after_survey_week,True,True,False,False
2006-06-22,2006-06-23,34.4,24.0,41.6,-7.200000000000003,AAII Investor Sentiment Survey,https://www.aaii.com/files/surveys/sentiment.xls,https://www.aaii.com/sentimentsurvey/sent_results,conservative_proxy_publication_thursday_after_survey_week,True,True,False,False
2006-06-29,2006-06-30,38.6,21.64,39.77,-1.1700000000000017,AAII Investor Sentiment Survey,https://www.aaii.com/files/surveys/sentiment.xls,https://www.aaii.com/sentimentsurvey/sent_results,conservative_proxy_publication_thursday_after_survey_week,True,True,False,False
2006-07-06,2006-07-07,37.7,19.67,42.620000000000005,-4.920000000000002,AAII Investor Sentiment Survey,https://www.aaii.com/files/surveys/sentiment.xls,https://www.aaii.com/sentimentsurvey/sent_results,conservative_proxy_publication_thursday_after_survey_week,True,True,False,False
2006-07-13,2006-07-14,36.5,24.09,39.42,-2.9200000000000017,AAII Investor Sentiment Survey,https://www.aaii.com/files/surveys/sentiment.xls,https://www.aaii.com/sentimentsurvey/sent_results,conservative_proxy_publication_thursday_after_survey_week,True,True,False,False
2006-07-20,2006-07-21,23.849999999999998,18.35,57.8,-33.95,AAII Investor Sentiment Survey,https://www.aaii.com/files/surveys/sentiment.xls,https://www.aaii.com/sentimentsurvey/sent_results,conservative_proxy_publication_thursday_after_survey_week,True,True,False,False
2006-07-27,2006-07-28,34.88,22.09,43.02,-8.14,AAII Investor Sentiment Survey,https://www.aaii.com/files/surveys/sentiment.xls,https://www.aaii.com/sentimentsurvey/sent_results,conservative_proxy_publication_thursday_after_survey_week,True,True,False,False
2006-08-03,2006-08-04,31.46,21.349999999999998,47.19,-15.729999999999997,AAII Investor Sentiment Survey,https://www.aaii.com/files/surveys/sentiment.xls,https://www.aaii.com/sentimentsurvey/sent_results,conservative_proxy_publication_thursday_after_survey_week,True,True,False,False
2006-08-10,2006-08-11,36.59,21.95,41.46,-4.869999999999997,AAII Investor Sentiment Survey,https://www.aaii.com/files/surveys/sentiment.xls,https://www.aaii.com/sentimentsurvey/sent_results,conservative_proxy_publication_thursday_after_survey_week,True,True,False,False
2006-08-17,2006-08-18,30.53,33.68,35.79,-5.259999999999998,AAII Investor Sentiment Survey,https://www.aaii.com/files/surveys/sentiment.xls,https://www.aaii.com/sentimentsurvey/sent_results,conservative_proxy_publication_thursday_after_survey_week,True,True,False,False
2006-08-24,2006-08-25,39.35,23.23,37.419999999999995,1.9300000000000068,AAII Investor Sentiment Survey,https://www.aaii.com/files/surveys/sentiment.xls,https://www.aaii.com/sentimentsurvey/sent_results,conservative_proxy_publication_thursday_after_survey_week,True,True,False,False
2006-08-31,2006-09-01,41.57,32.58,25.840000000000003,15.729999999999997,AAII Investor Sentiment Survey,https://www.aaii.com/files/surveys/sentiment.xls,https://www.aaii.com/sentimentsurvey/sent_results,conservative_proxy_publication_thursday_after_survey_week,True,True,False,False
2006-09-07,2006-09-08,42.99,27.1,29.909999999999997,13.080000000000005,AAII Investor Sentiment Survey,https://www.aaii.com/files/surveys/sentiment.xls,https://www.aaii.com/sentimentsurvey/sent_results,conservative_proxy_publication_thursday_after_survey_week,True,True,False,False
2006-09-14,2006-09-15,47.949999999999996,13.700000000000001,38.36,9.589999999999996,AAII Investor Sentiment Survey,https://www.aaii.com/files/surveys/sentiment.xls,https://www.aaii.com/sentimentsurvey/sent_results,conservative_proxy_publication_thursday_after_survey_week,True,True,False,False
2006-09-21,2006-09-22,47.75,18.02,34.23,13.520000000000003,AAII Investor Sentiment Survey,https://www.aaii.com/files/surveys/sentiment.xls,https://www.aaii.com/sentimentsurvey/sent_results,conservative_proxy_publication_thursday_after_survey_week,True,True,False,False
2006-09-28,2006-09-29,51.32,15.790000000000001,32.89,18.43,AAII Investor Sentiment Survey,https://www.aaii.com/files/surveys/sentiment.xls,https://www.aaii.com/sentimentsurvey/sent_results,conservative_proxy_publication_thursday_after_survey_week,True,True,False,False
2006-10-05,2006-10-06,37.78,15.559999999999999,46.67,-8.89,AAII Investor Sentiment Survey,https://www.aaii.com/files/surveys/sentiment.xls,https://www.aaii.com/sentimentsurvey/sent_results,conservative_proxy_publication_thursday_after_survey_week,True,True,False,False
2006-10-12,2006-10-13,48.980000000000004,13.270000000000001,37.76,11.220000000000006,AAII Investor Sentiment Survey,https://www.aaii.com/files/surveys/sentiment.xls,https://www.aaii.com/sentimentsurvey/sent_results,conservative_proxy_publication_thursday_after_survey_week,True,True,False,False
2006-10-19,2006-10-20,54.2,16.03,29.770000000000003,24.43,AAII Investor Sentiment Survey,https://www.aaii.com/files/surveys/sentiment.xls,https://www.aaii.com/sentimentsurvey/sent_results,conservative_proxy_publication_thursday_after_survey_week,True,True,False,False
2006-10-26,2006-10-27,52.17,17.39,30.43,21.740000000000002,AAII Investor Sentiment Survey,https://www.aaii.com/files/surveys/sentiment.xls,https://www.aaii.com/sentimentsurvey/sent_results,conservative_proxy_publication_thursday_after_survey_week,True,True,False,False
2006-11-02,2006-11-03,43.75,19.38,36.88,6.869999999999997,AAII Investor Sentiment Survey,https://www.aaii.com/files/surveys/sentiment.xls,https://www.aaii.com/sentimentsurvey/sent_results,conservative_proxy_publication_thursday_after_survey_week,True,True,False,False
2006-11-09,2006-11-10,50.6,22.89,26.51,24.09,AAII Investor Sentiment Survey,https://www.aaii.com/files/surveys/sentiment.xls,https://www.aaii.com/sentimentsurvey/sent_results,conservative_proxy_publication_thursday_after_survey_week,True,True,False,False
2006-11-16,2006-11-17,46.56,22.900000000000002,30.53,16.03,AAII Investor Sentiment Survey,https://www.aaii.com/files/surveys/sentiment.xls,https://www.aaii.com/sentimentsurvey/sent_results,conservative_proxy_publication_thursday_after_survey_week,True,True,False,False
2006-11-23,2006-11-24,41.94,16.13,41.94,0.0,AAII Investor Sentiment Survey,https://www.aaii.com/files/surveys/sentiment.xls,https://www.aaii.com/sentimentsurvey/sent_results,conservative_proxy_publication_thursday_after_survey_week,True,True,False,False
2006-11-30,2006-12-01,40.22,12.29,47.49,-7.270000000000003,AAII Investor Sentiment Survey,https://www.aaii.com/files/surveys/sentiment.xls,https://www.aaii.com/sentimentsurvey/sent_results,conservative_proxy_publication_thursday_after_survey_week,True,True,False,False
2006-12-07,2006-12-08,38.940000000000005,19.470000000000002,41.589999999999996,-2.6499999999999915,AAII Investor Sentiment Survey,https://www.aaii.com/files/surveys/sentiment.xls,https://www.aaii.com/sentimentsurvey/sent_results,conservative_proxy_publication_thursday_after_survey_week,True,True,False,False
2006-12-14,2006-12-15,41.33,20.669999999999998,38.0,3.3299999999999983,AAII Investor Sentiment Survey,https://www.aaii.com/files/surveys/sentiment.xls,https://www.aaii.com/sentimentsurvey/sent_results,conservative_proxy_publication_thursday_after_survey_week,True,True,False,False
2006-12-21,2006-12-22,39.08,18.39,42.53,-3.450000000000003,AAII Investor Sentiment Survey,https://www.aaii.com/files/surveys/sentiment.xls,https://www.aaii.com/sentimentsurvey/sent_results,conservative_proxy_publication_thursday_after_survey_week,True,True,False,False
2006-12-28,2006-12-29,46.0,18.0,36.0,10.0,AAII Investor Sentiment Survey,https://www.aaii.com/files/surveys/sentiment.xls,https://www.aaii.com/sentimentsurvey/sent_results,conservative_proxy_publication_thursday_after_survey_week,True,True,False,False
2007-01-04,2007-01-05,49.14,21.55,29.310000000000002,19.83,AAII Investor Sentiment Survey,https://www.aaii.com/files/surveys/sentiment.xls,https://www.aaii.com/sentimentsurvey/sent_results,conservative_proxy_publication_thursday_after_survey_week,True,True,False,False
2007-01-11,2007-01-12,44.440000000000005,21.3,34.260000000000005,10.18,AAII Investor Sentiment Survey,https://www.aaii.com/files/surveys/sentiment.xls,https://www.aaii.com/sentimentsurvey/sent_results,conservative_proxy_publication_thursday_after_survey_week,True,True,False,False
2007-01-18,2007-01-19,57.78,15.15,27.27,30.51,AAII Investor Sentiment Survey,https://www.aaii.com/files/surveys/sentiment.xls,https://www.aaii.com/sentimentsurvey/sent_results,conservative_proxy_publication_thursday_after_survey_week,True,True,False,False
2007-01-25,2007-01-26,39.51,27.16,33.33,6.18,AAII Investor Sentiment Survey,https://www.aaii.com/files/surveys/sentiment.xls,https://www.aaii.com/sentimentsurvey/sent_results,conservative_proxy_publication_thursday_after_survey_week,True,True,False,False
2007-02-01,2007-02-02,46.32,23.16,30.53,15.79,AAII Investor Sentiment Survey,https://www.aaii.com/files/surveys/sentiment.xls,https://www.aaii.com/sentimentsurvey/sent_results,conservative_proxy_publication_thursday_after_survey_week,True,True,False,False
2007-02-08,2007-02-09,46.150000000000006,23.849999999999998,30.0,16.150000000000006,AAII Investor Sentiment Survey,https://www.aaii.com/files/surveys/sentiment.xls,https://www.aaii.com/sentimentsurvey/sent_results,conservative_proxy_publication_thursday_after_survey_week,True,True,False,False
2007-02-15,2007-02-16,47.57,21.36,31.069999999999997,16.500000000000004,AAII Investor Sentiment Survey,https://www.aaii.com/files/surveys/sentiment.xls,https://www.aaii.com/sentimentsurvey/sent_results,conservative_proxy_publication_thursday_after_survey_week,True,True,False,False
2007-02-22,2007-02-23,53.849999999999994,23.849999999999998,22.31,31.539999999999996,AAII Investor Sentiment Survey,https://www.aaii.com/files/surveys/sentiment.xls,https://www.aaii.com/sentimentsurvey/sent_results,conservative_proxy_publication_thursday_after_survey_week,True,True,False,False
2007-03-01,2007-03-02,36.63,23.76,39.6,-2.969999999999999,AAII Investor Sentiment Survey,https://www.aaii.com/files/surveys/sentiment.xls,https://www.aaii.com/sentimentsurvey/sent_results,conservative_proxy_publication_thursday_after_survey_week,True,True,False,False
2007-03-08,2007-03-09,35.8,19.32,44.89,-9.090000000000003,AAII Investor Sentiment Survey,https://www.aaii.com/files/surveys/sentiment.xls,https://www.aaii.com/sentimentsurvey/sent_results,conservative_proxy_publication_thursday_after_survey_week,True,True,False,False
2007-03-15,2007-03-16,32.99,21.65,45.36,-12.369999999999997,AAII Investor Sentiment Survey,https://www.aaii.com/files/surveys/sentiment.xls,https://www.aaii.com/sentimentsurvey/sent_results,conservative_proxy_publication_thursday_after_survey_week,True,True,False,False
2007-03-22,2007-03-23,43.88,23.02,33.09,10.79,AAII Investor Sentiment Survey,https://www.aaii.com/files/surveys/sentiment.xls,https://www.aaii.com/sentimentsurvey/sent_results,conservative_proxy_publication_thursday_after_survey_week,True,True,False,False
2007-03-29,2007-03-30,42.68,31.71,25.61,17.07,AAII Investor Sentiment Survey,https://www.aaii.com/files/surveys/sentiment.xls,https://www.aaii.com/sentimentsurvey/sent_results,conservative_proxy_publication_thursday_after_survey_week,True,True,False,False
2007-04-05,2007-04-06,32.26,27.96,39.78,-7.520000000000003,AAII Investor Sentiment Survey,https://www.aaii.com/files/surveys/sentiment.xls,https://www.aaii.com/sentimentsurvey/sent_results,conservative_proxy_publication_thursday_after_survey_week,True,True,False,False
2007-04-12,2007-04-13,40.849999999999994,21.13,38.03,2.819999999999993,AAII Investor Sentiment Survey,https://www.aaii.com/files/surveys/sentiment.xls,https://www.aaii.com/sentimentsurvey/sent_results,conservative_proxy_publication_thursday_after_survey_week,True,True,False,False
2007-04-19,2007-04-20,46.94,23.47,29.59,17.349999999999998,AAII Investor Sentiment Survey,https://www.aaii.com/files/surveys/sentiment.xls,https://www.aaii.com/sentimentsurvey/sent_results,conservative_proxy_publication_thursday_after_survey_week,True,True,False,False
2007-04-26,2007-04-27,39.24,22.78,37.97,1.2700000000000031,AAII Investor Sentiment Survey,https://www.aaii.com/files/surveys/sentiment.xls,https://www.aaii.com/sentimentsurvey/sent_results,conservative_proxy_publication_thursday_after_survey_week,True,True,False,False
2007-05-03,2007-05-04,28.57,17.14,54.290000000000006,-25.720000000000006,AAII Investor Sentiment Survey,https://www.aaii.com/files/surveys/sentiment.xls,https://www.aaii.com/sentimentsurvey/sent_results,conservative_proxy_publication_thursday_after_survey_week,True,True,False,False
2007-05-10,2007-05-11,42.86,14.29,42.86,0.0,AAII Investor Sentiment Survey,https://www.aaii.com/files/surveys/sentiment.xls,https://www.aaii.com/sentimentsurvey/sent_results,conservative_proxy_publication_thursday_after_survey_week,True,True,False,False
2007-05-17,2007-05-18,38.39,25.0,36.61,1.7800000000000011,AAII Investor Sentiment Survey,https://www.aaii.com/files/surveys/sentiment.xls,https://www.aaii.com/sentimentsurvey/sent_results,conservative_proxy_publication_thursday_after_survey_week,True,True,False,False
2007-05-24,2007-05-25,37.35,24.099999999999998,38.550000000000004,-1.2000000000000028,AAII Investor Sentiment Survey,https://www.aaii.com/files/surveys/sentiment.xls,https://www.aaii.com/sentimentsurvey/sent_results,conservative_proxy_publication_thursday_after_survey_week,True,True,False,False
2007-05-31,2007-06-01,33.33,21.88,44.79,-11.46,AAII Investor Sentiment Survey,https://www.aaii.com/files/surveys/sentiment.xls,https://www.aaii.com/sentimentsurvey/sent_results,conservative_proxy_publication_thursday_after_survey_week,True,True,False,False
2007-06-07,2007-06-08,40.589999999999996,16.830000000000002,42.57,-1.980000000000004,AAII Investor Sentiment Survey,https://www.aaii.com/files/surveys/sentiment.xls,https://www.aaii.com/sentimentsurvey/sent_results,conservative_proxy_publication_thursday_after_survey_week,True,True,False,False
2007-06-14,2007-06-15,37.3,19.05,43.65,-6.350000000000001,AAII Investor Sentiment Survey,https://www.aaii.com/files/surveys/sentiment.xls,https://www.aaii.com/sentimentsurvey/sent_results,conservative_proxy_publication_thursday_after_survey_week,True,True,False,False
2007-06-21,2007-06-22,43.16,23.16,33.68,9.479999999999997,AAII Investor Sentiment Survey,https://www.aaii.com/files/surveys/sentiment.xls,https://www.aaii.com/sentimentsurvey/sent_results,conservative_proxy_publication_thursday_after_survey_week,True,True,False,False
2007-06-28,2007-06-29,39.019999999999996,25.2,35.77,3.249999999999993,AAII Investor Sentiment Survey,https://www.aaii.com/files/surveys/sentiment.xls,https://www.aaii.com/sentimentsurvey/sent_results,conservative_proxy_publication_thursday_after_survey_week,True,True,False,False
2007-07-05,2007-07-06,43.84,23.29,32.879999999999995,10.960000000000008,AAII Investor Sentiment Survey,https://www.aaii.com/files/surveys/sentiment.xls,https://www.aaii.com/sentimentsurvey/sent_results,conservative_proxy_publication_thursday_after_survey_week,True,True,False,False
2007-07-12,2007-07-13,43.64,26.36,30.0,13.64,AAII Investor Sentiment Survey,https://www.aaii.com/files/surveys/sentiment.xls,https://www.aaii.com/sentimentsurvey/sent_results,conservative_proxy_publication_thursday_after_survey_week,True,True,False,False
2007-07-19,2007-07-20,41.77,21.52,36.71,5.060000000000002,AAII Investor Sentiment Survey,https://www.aaii.com/files/surveys/sentiment.xls,https://www.aaii.com/sentimentsurvey/sent_results,conservative_proxy_publication_thursday_after_survey_week,True,True,False,False
2007-07-26,2007-07-27,44.21,18.95,36.84,7.369999999999997,AAII Investor Sentiment Survey,https://www.aaii.com/files/surveys/sentiment.xls,https://www.aaii.com/sentimentsurvey/sent_results,conservative_proxy_publication_thursday_after_survey_week,True,True,False,False
2007-08-02,2007-08-03,45.879999999999995,14.12,40.0,5.8799999999999955,AAII Investor Sentiment Survey,https://www.aaii.com/files/surveys/sentiment.xls,https://www.aaii.com/sentimentsurvey/sent_results,conservative_proxy_publication_thursday_after_survey_week,True,True,False,False
2007-08-09,2007-08-10,45.76,15.25,38.98,6.780000000000001,AAII Investor Sentiment Survey,https://www.aaii.com/files/surveys/sentiment.xls,https://www.aaii.com/sentimentsurvey/sent_results,conservative_proxy_publication_thursday_after_survey_week,True,True,False,False
2007-08-16,2007-08-17,42.22,12.22,45.56,-3.3400000000000034,AAII Investor Sentiment Survey,https://www.aaii.com/files/surveys/sentiment.xls,https://www.aaii.com/sentimentsurvey/sent_results,conservative_proxy_publication_thursday_after_survey_week,True,True,False,False
2007-08-23,2007-08-24,41.28,15.6,43.120000000000005,-1.8400000000000034,AAII Investor Sentiment Survey,https://www.aaii.com/files/surveys/sentiment.xls,https://www.aaii.com/sentimentsurvey/sent_results,conservative_proxy_publication_thursday_after_survey_week,True,True,False,False
2007-08-30,2007-08-31,40.300000000000004,13.43,46.27,-5.969999999999999,AAII Investor Sentiment Survey,https://www.aaii.com/files/surveys/sentiment.xls,https://www.aaii.com/sentimentsurvey/sent_results,conservative_proxy_publication_thursday_after_survey_week,True,True,False,False
2007-09-06,2007-09-07,38.379999999999995,19.189999999999998,42.42,-4.040000000000006,AAII Investor Sentiment Survey,https://www.aaii.com/files/surveys/sentiment.xls,https://www.aaii.com/sentimentsurvey/sent_results,conservative_proxy_publication_thursday_after_survey_week,True,True,False,False
2007-09-13,2007-09-14,40.0,24.709999999999997,35.29,4.710000000000001,AAII Investor Sentiment Survey,https://www.aaii.com/files/surveys/sentiment.xls,https://www.aaii.com/sentimentsurvey/sent_results,conservative_proxy_publication_thursday_after_survey_week,True,True,False,False
2007-09-20,2007-09-21,39.24,29.110000000000003,31.65,7.590000000000003,AAII Investor Sentiment Survey,https://www.aaii.com/files/surveys/sentiment.xls,https://www.aaii.com/sentimentsurvey/sent_results,conservative_proxy_publication_thursday_after_survey_week,True,True,False,False
2007-09-27,2007-09-28,49.370000000000005,16.46,34.18,15.190000000000005,AAII Investor Sentiment Survey,https://www.aaii.com/files/surveys/sentiment.xls,https://www.aaii.com/sentimentsurvey/sent_results,conservative_proxy_publication_thursday_after_survey_week,True,True,False,False
2007-10-04,2007-10-05,51.81,22.89,25.3,26.51,AAII Investor Sentiment Survey,https://www.aaii.com/files/surveys/sentiment.xls,https://www.aaii.com/sentimentsurvey/sent_results,conservative_proxy_publication_thursday_after_survey_week,True,True,False,False
2007-10-11,2007-10-12,54.64,19.59,25.77,28.87,AAII Investor Sentiment Survey,https://www.aaii.com/files/surveys/sentiment.xls,https://www.aaii.com/sentimentsurvey/sent_results,conservative_proxy_publication_thursday_after_survey_week,True,True,False,False
2007-10-18,2007-10-19,41.959999999999994,22.32,35.709999999999994,6.25,AAII Investor Sentiment Survey,https://www.aaii.com/files/surveys/sentiment.xls,https://www.aaii.com/sentimentsurvey/sent_results,conservative_proxy_publication_thursday_after_survey_week,True,True,False,False
2007-10-25,2007-10-26,31.25,20.54,48.209999999999994,-16.959999999999994,AAII Investor Sentiment Survey,https://www.aaii.com/files/surveys/sentiment.xls,https://www.aaii.com/sentimentsurvey/sent_results,conservative_proxy_publication_thursday_after_survey_week,True,True,False,False
2007-11-01,2007-11-02,44.71,18.82,36.47,8.240000000000002,AAII Investor Sentiment Survey,https://www.aaii.com/files/surveys/sentiment.xls,https://www.aaii.com/sentimentsurvey/sent_results,conservative_proxy_publication_thursday_after_survey_week,True,True,False,False
2007-11-08,2007-11-09,36.19,12.379999999999999,51.43,-15.240000000000002,AAII Investor Sentiment Survey,https://www.aaii.com/files/surveys/sentiment.xls,https://www.aaii.com/sentimentsurvey/sent_results,conservative_proxy_publication_thursday_after_survey_week,True,True,False,False
2007-11-15,2007-11-16,33.01,17.48,49.51,-16.5,AAII Investor Sentiment Survey,https://www.aaii.com/files/surveys/sentiment.xls,https://www.aaii.com/sentimentsurvey/sent_results,conservative_proxy_publication_thursday_after_survey_week,True,True,False,False
2007-11-22,2007-11-23,25.580000000000002,21.709999999999997,52.71,-27.13,AAII Investor Sentiment Survey,https://www.aaii.com/files/surveys/sentiment.xls,https://www.aaii.com/sentimentsurvey/sent_results,conservative_proxy_publication_thursday_after_survey_week,True,True,False,False
2007-11-29,2007-11-30,28.57,15.310000000000002,56.120000000000005,-27.550000000000004,AAII Investor Sentiment Survey,https://www.aaii.com/files/surveys/sentiment.xls,https://www.aaii.com/sentimentsurvey/sent_results,conservative_proxy_publication_thursday_after_survey_week,True,True,False,False
2007-12-06,2007-12-07,40.65,19.509999999999998,39.839999999999996,0.8100000000000023,AAII Investor Sentiment Survey,https://www.aaii.com/files/surveys/sentiment.xls,https://www.aaii.com/sentimentsurvey/sent_results,conservative_proxy_publication_thursday_after_survey_week,True,True,False,False
2007-12-13,2007-12-14,47.620000000000005,16.669999999999998,35.709999999999994,11.91000000000001,AAII Investor Sentiment Survey,https://www.aaii.com/files/surveys/sentiment.xls,https://www.aaii.com/sentimentsurvey/sent_results,conservative_proxy_publication_thursday_after_survey_week,True,True,False,False
2007-12-20,2007-12-21,35.85,16.98,47.17,-11.32,AAII Investor Sentiment Survey,https://www.aaii.com/files/surveys/sentiment.xls,https://www.aaii.com/sentimentsurvey/sent_results,conservative_proxy_publication_thursday_after_survey_week,True,True,False,False
2007-12-27,2007-12-28,30.0,20.0,50.0,-20.0,AAII Investor Sentiment Survey,https://www.aaii.com/files/surveys/sentiment.xls,https://www.aaii.com/sentimentsurvey/sent_results,conservative_proxy_publication_thursday_after_survey_week,True,True,False,False
2008-01-03,2008-01-04,25.71,19.05,55.24,-29.53,AAII Investor Sentiment Survey,https://www.aaii.com/files/surveys/sentiment.xls,https://www.aaii.com/sentimentsurvey/sent_results,conservative_proxy_publication_thursday_after_survey_week,True,True,False,False
2008-01-10,2008-01-11,19.63,21.5,58.879999999999995,-39.25,AAII Investor Sentiment Survey,https://www.aaii.com/files/surveys/sentiment.xls,https://www.aaii.com/sentimentsurvey/sent_results,conservative_proxy_publication_thursday_after_survey_week,True,True,False,False
2008-01-17,2008-01-18,24.3,21.3,54.44,-30.139999999999997,AAII Investor Sentiment Survey,https://www.aaii.com/files/surveys/sentiment.xls,https://www.aaii.com/sentimentsurvey/sent_results,conservative_proxy_publication_thursday_after_survey_week,True,True,False,False
2008-01-24,2008-01-25,25.14,15.85,59.019999999999996,-33.879999999999995,AAII Investor Sentiment Survey,https://www.aaii.com/files/surveys/sentiment.xls,https://www.aaii.com/sentimentsurvey/sent_results,conservative_proxy_publication_thursday_after_survey_week,True,True,False,False
2008-01-31,2008-02-01,30.080000000000002,21.05,48.870000000000005,-18.790000000000003,AAII Investor Sentiment Survey,https://www.aaii.com/files/surveys/sentiment.xls,https://www.aaii.com/sentimentsurvey/sent_results,conservative_proxy_publication_thursday_after_survey_week,True,True,False,False
2008-02-07,2008-02-08,34.11,18.69,47.199999999999996,-13.089999999999996,AAII Investor Sentiment Survey,https://www.aaii.com/files/surveys/sentiment.xls,https://www.aaii.com/sentimentsurvey/sent_results,conservative_proxy_publication_thursday_after_survey_week,True,True,False,False
2008-02-14,2008-02-15,33.33,24.81,41.86,-8.530000000000001,AAII Investor Sentiment Survey,https://www.aaii.com/files/surveys/sentiment.xls,https://www.aaii.com/sentimentsurvey/sent_results,conservative_proxy_publication_thursday_after_survey_week,True,True,False,False
2008-02-21,2008-02-22,33.18,22.12,44.7,-11.520000000000003,AAII Investor Sentiment Survey,https://www.aaii.com/files/surveys/sentiment.xls,https://www.aaii.com/sentimentsurvey/sent_results,conservative_proxy_publication_thursday_after_survey_week,True,True,False,False
2008-02-28,2008-02-29,34.31,20.44,45.26,-10.949999999999996,AAII Investor Sentiment Survey,https://www.aaii.com/files/surveys/sentiment.xls,https://www.aaii.com/sentimentsurvey/sent_results,conservative_proxy_publication_thursday_after_survey_week,True,True,False,False
2008-03-06,2008-03-07,21.98,26.369999999999997,51.65,-29.669999999999998,AAII Investor Sentiment Survey,https://www.aaii.com/files/surveys/sentiment.xls,https://www.aaii.com/sentimentsurvey/sent_results,conservative_proxy_publication_thursday_after_survey_week,True,True,False,False
2008-03-13,2008-03-14,20.419999999999998,20.419999999999998,59.150000000000006,-38.730000000000004,AAII Investor Sentiment Survey,https://www.aaii.com/files/surveys/sentiment.xls,https://www.aaii.com/sentimentsurvey/sent_results,conservative_proxy_publication_thursday_after_survey_week,True,True,False,False
2008-03-20,2008-03-21,25.21,20.51,54.269999999999996,-29.059999999999995,AAII Investor Sentiment Survey,https://www.aaii.com/files/surveys/sentiment.xls,https://www.aaii.com/sentimentsurvey/sent_results,conservative_proxy_publication_thursday_after_survey_week,True,True,False,False
2008-03-27,2008-03-28,41.6,24.8,33.6,8.0,AAII Investor Sentiment Survey,https://www.aaii.com/files/surveys/sentiment.xls,https://www.aaii.com/sentimentsurvey/sent_results,conservative_proxy_publication_thursday_after_survey_week,True,True,False,False
2008-04-03,2008-04-04,36.7,23.94,39.36,-2.6599999999999966,AAII Investor Sentiment Survey,https://www.aaii.com/files/surveys/sentiment.xls,https://www.aaii.com/sentimentsurvey/sent_results,conservative_proxy_publication_thursday_after_survey_week,True,True,False,False
2008-04-10,2008-04-11,45.76,16.950000000000003,37.29,8.469999999999999,AAII Investor Sentiment Survey,https://www.aaii.com/files/surveys/sentiment.xls,https://www.aaii.com/sentimentsurvey/sent_results,conservative_proxy_publication_thursday_after_survey_week,True,True,False,False
2008-04-17,2008-04-18,30.37,20.94,48.69,-18.319999999999997,AAII Investor Sentiment Survey,https://www.aaii.com/files/surveys/sentiment.xls,https://www.aaii.com/sentimentsurvey/sent_results,conservative_proxy_publication_thursday_after_survey_week,True,True,False,False
2008-04-24,2008-04-25,46.67,25.83,27.500000000000004,19.169999999999998,AAII Investor Sentiment Survey,https://www.aaii.com/files/surveys/sentiment.xls,https://www.aaii.com/sentimentsurvey/sent_results,conservative_proxy_publication_thursday_after_survey_week,True,True,False,False
2008-05-01,2008-05-02,53.290000000000006,20.39,26.32,26.970000000000006,AAII Investor Sentiment Survey,https://www.aaii.com/files/surveys/sentiment.xls,https://www.aaii.com/sentimentsurvey/sent_results,conservative_proxy_publication_thursday_after_survey_week,True,True,False,False
2008-05-08,2008-05-09,52.81,22.470000000000002,24.72,28.090000000000003,AAII Investor Sentiment Survey,https://www.aaii.com/files/surveys/sentiment.xls,https://www.aaii.com/sentimentsurvey/sent_results,conservative_proxy_publication_thursday_after_survey_week,True,True,False,False
2008-05-15,2008-05-16,45.16,25.16,29.68,15.479999999999997,AAII Investor Sentiment Survey,https://www.aaii.com/files/surveys/sentiment.xls,https://www.aaii.com/sentimentsurvey/sent_results,conservative_proxy_publication_thursday_after_survey_week,True,True,False,False
2008-05-22,2008-05-23,46.300000000000004,19.439999999999998,34.260000000000005,12.04,AAII Investor Sentiment Survey,https://www.aaii.com/files/surveys/sentiment.xls,https://www.aaii.com/sentimentsurvey/sent_results,conservative_proxy_publication_thursday_after_survey_week,True,True,False,False
2008-05-29,2008-05-30,31.36,22.88,45.76,-14.399999999999999,AAII Investor Sentiment Survey,https://www.aaii.com/files/surveys/sentiment.xls,https://www.aaii.com/sentimentsurvey/sent_results,conservative_proxy_publication_thursday_after_survey_week,True,True,False,False
2008-06-05,2008-06-06,43.480000000000004,18.48,38.04,5.440000000000005,AAII Investor Sentiment Survey,https://www.aaii.com/files/surveys/sentiment.xls,https://www.aaii.com/sentimentsurvey/sent_results,conservative_proxy_publication_thursday_after_survey_week,True,True,False,False
2008-06-12,2008-06-13,31.25,15.18,53.56999999999999,-22.319999999999993,AAII Investor Sentiment Survey,https://www.aaii.com/files/surveys/sentiment.xls,https://www.aaii.com/sentimentsurvey/sent_results,conservative_proxy_publication_thursday_after_survey_week,True,True,False,False
2008-06-19,2008-06-20,32.98,21.279999999999998,45.739999999999995,-12.759999999999998,AAII Investor Sentiment Survey,https://www.aaii.com/files/surveys/sentiment.xls,https://www.aaii.com/sentimentsurvey/sent_results,conservative_proxy_publication_thursday_after_survey_week,True,True,False,False
2008-06-26,2008-06-27,31.25,16.48,52.27,-21.020000000000003,AAII Investor Sentiment Survey,https://www.aaii.com/files/surveys/sentiment.xls,https://www.aaii.com/sentimentsurvey/sent_results,conservative_proxy_publication_thursday_after_survey_week,True,True,False,False
2008-07-03,2008-07-04,23.93,23.93,52.14,-28.21,AAII Investor Sentiment Survey,https://www.aaii.com/files/surveys/sentiment.xls,https://www.aaii.com/sentimentsurvey/sent_results,conservative_proxy_publication_thursday_after_survey_week,True,True,False,False
2008-07-10,2008-07-11,22.17,22.66,55.169999999999995,-32.99999999999999,AAII Investor Sentiment Survey,https://www.aaii.com/files/surveys/sentiment.xls,https://www.aaii.com/sentimentsurvey/sent_results,conservative_proxy_publication_thursday_after_survey_week,True,True,False,False
2008-07-17,2008-07-18,25.0,16.86,58.14,-33.14,AAII Investor Sentiment Survey,https://www.aaii.com/files/surveys/sentiment.xls,https://www.aaii.com/sentimentsurvey/sent_results,conservative_proxy_publication_thursday_after_survey_week,True,True,False,False
2008-07-24,2008-07-25,35.82,20.14,44.03,-8.21,AAII Investor Sentiment Survey,https://www.aaii.com/files/surveys/sentiment.xls,https://www.aaii.com/sentimentsurvey/sent_results,conservative_proxy_publication_thursday_after_survey_week,True,True,False,False
2008-07-31,2008-08-01,40.0,18.82,41.18,-1.1799999999999997,AAII Investor Sentiment Survey,https://www.aaii.com/files/surveys/sentiment.xls,https://www.aaii.com/sentimentsurvey/sent_results,conservative_proxy_publication_thursday_after_survey_week,True,True,False,False
2008-08-07,2008-08-08,35.61,21.97,42.42,-6.810000000000002,AAII Investor Sentiment Survey,https://www.aaii.com/files/surveys/sentiment.xls,https://www.aaii.com/sentimentsurvey/sent_results,conservative_proxy_publication_thursday_after_survey_week,True,True,False,False
2008-08-14,2008-08-15,42.86,18.18,38.96,3.8999999999999986,AAII Investor Sentiment Survey,https://www.aaii.com/files/surveys/sentiment.xls,https://www.aaii.com/sentimentsurvey/sent_results,conservative_proxy_publication_thursday_after_survey_week,True,True,False,False
2008-08-21,2008-08-22,38.1,24.6,37.3,0.8000000000000043,AAII Investor Sentiment Survey,https://www.aaii.com/files/surveys/sentiment.xls,https://www.aaii.com/sentimentsurvey/sent_results,conservative_proxy_publication_thursday_after_survey_week,True,True,False,False
2008-08-28,2008-08-29,30.680000000000003,23.86,45.45,-14.77,AAII Investor Sentiment Survey,https://www.aaii.com/files/surveys/sentiment.xls,https://www.aaii.com/sentimentsurvey/sent_results,conservative_proxy_publication_thursday_after_survey_week,True,True,False,False
2008-09-04,2008-09-05,37.04,19.75,43.21,-6.170000000000002,AAII Investor Sentiment Survey,https://www.aaii.com/files/surveys/sentiment.xls,https://www.aaii.com/sentimentsurvey/sent_results,conservative_proxy_publication_thursday_after_survey_week,True,True,False,False
2008-09-11,2008-09-12,29.270000000000003,15.85,54.879999999999995,-25.609999999999992,AAII Investor Sentiment Survey,https://www.aaii.com/files/surveys/sentiment.xls,https://www.aaii.com/sentimentsurvey/sent_results,conservative_proxy_publication_thursday_after_survey_week,True,True,False,False
2008-09-18,2008-09-19,27.21,18.37,54.42,-27.21,AAII Investor Sentiment Survey,https://www.aaii.com/files/surveys/sentiment.xls,https://www.aaii.com/sentimentsurvey/sent_results,conservative_proxy_publication_thursday_after_survey_week,True,True,False,False
2008-09-25,2008-09-26,34.04,20.21,45.739999999999995,-11.699999999999996,AAII Investor Sentiment Survey,https://www.aaii.com/files/surveys/sentiment.xls,https://www.aaii.com/sentimentsurvey/sent_results,conservative_proxy_publication_thursday_after_survey_week,True,True,False,False
2008-10-02,2008-10-03,33.33,11.67,55.00000000000001,-21.67000000000001,AAII Investor Sentiment Survey,https://www.aaii.com/files/surveys/sentiment.xls,https://www.aaii.com/sentimentsurvey/sent_results,conservative_proxy_publication_thursday_after_survey_week,True,True,False,False
2008-10-09,2008-10-10,31.47,7.6899999999999995,60.84,-29.370000000000005,AAII Investor Sentiment Survey,https://www.aaii.com/files/surveys/sentiment.xls,https://www.aaii.com/sentimentsurvey/sent_results,conservative_proxy_publication_thursday_after_survey_week,True,True,False,False
2008-10-16,2008-10-17,40.94,19.3,39.77,1.1699999999999946,AAII Investor Sentiment Survey,https://www.aaii.com/files/surveys/sentiment.xls,https://www.aaii.com/sentimentsurvey/sent_results,conservative_proxy_publication_thursday_after_survey_week,True,True,False,False
2008-10-23,2008-10-24,38.74,22.52,38.74,0.0,AAII Investor Sentiment Survey,https://www.aaii.com/files/surveys/sentiment.xls,https://www.aaii.com/sentimentsurvey/sent_results,conservative_proxy_publication_thursday_after_survey_week,True,True,False,False
2008-10-30,2008-10-31,37.14,22.29,40.57,-3.4299999999999997,AAII Investor Sentiment Survey,https://www.aaii.com/files/surveys/sentiment.xls,https://www.aaii.com/sentimentsurvey/sent_results,conservative_proxy_publication_thursday_after_survey_week,True,True,False,False
2008-11-06,2008-11-07,44.83,21.84,33.33,11.5,AAII Investor Sentiment Survey,https://www.aaii.com/files/surveys/sentiment.xls,https://www.aaii.com/sentimentsurvey/sent_results,conservative_proxy_publication_thursday_after_survey_week,True,True,False,False
2008-11-13,2008-11-14,38.33,19.17,42.5,-4.170000000000002,AAII Investor Sentiment Survey,https://www.aaii.com/files/surveys/sentiment.xls,https://www.aaii.com/sentimentsurvey/sent_results,conservative_proxy_publication_thursday_after_survey_week,True,True,False,False
2008-11-20,2008-11-21,24.37,18.490000000000002,57.14,-32.769999999999996,AAII Investor Sentiment Survey,https://www.aaii.com/files/surveys/sentiment.xls,https://www.aaii.com/sentimentsurvey/sent_results,conservative_proxy_publication_thursday_after_survey_week,True,True,False,False
2008-11-27,2008-11-28,31.25,23.86,44.89,-13.64,AAII Investor Sentiment Survey,https://www.aaii.com/files/surveys/sentiment.xls,https://www.aaii.com/sentimentsurvey/sent_results,conservative_proxy_publication_thursday_after_survey_week,True,True,False,False
2008-12-04,2008-12-05,26.669999999999998,25.56,47.78,-21.110000000000003,AAII Investor Sentiment Survey,https://www.aaii.com/files/surveys/sentiment.xls,https://www.aaii.com/sentimentsurvey/sent_results,conservative_proxy_publication_thursday_after_survey_week,True,True,False,False
2008-12-11,2008-12-12,37.5,22.66,39.839999999999996,-2.3399999999999963,AAII Investor Sentiment Survey,https://www.aaii.com/files/surveys/sentiment.xls,https://www.aaii.com/sentimentsurvey/sent_results,conservative_proxy_publication_thursday_after_survey_week,True,True,False,False
2008-12-18,2008-12-19,39.73,24.66,35.620000000000005,4.109999999999992,AAII Investor Sentiment Survey,https://www.aaii.com/files/surveys/sentiment.xls,https://www.aaii.com/sentimentsurvey/sent_results,conservative_proxy_publication_thursday_after_survey_week,True,True,False,False
2008-12-25,2008-12-26,28.95,27.189999999999998,43.86,-14.91,AAII Investor Sentiment Survey,https://www.aaii.com/files/surveys/sentiment.xls,https://www.aaii.com/sentimentsurvey/sent_results,conservative_proxy_publication_thursday_after_survey_week,True,True,False,False
2009-01-01,2009-01-02,24.0,21.33,54.669999999999995,-30.669999999999995,AAII Investor Sentiment Survey,https://www.aaii.com/files/surveys/sentiment.xls,https://www.aaii.com/sentimentsurvey/sent_results,conservative_proxy_publication_thursday_after_survey_week,True,True,False,False
2009-01-08,2009-01-09,48.699999999999996,16.23,35.06,13.639999999999993,AAII Investor Sentiment Survey,https://www.aaii.com/files/surveys/sentiment.xls,https://www.aaii.com/sentimentsurvey/sent_results,conservative_proxy_publication_thursday_after_survey_week,True,True,False,False
2009-01-15,2009-01-16,27.63,25.0,47.370000000000005,-19.740000000000006,AAII Investor Sentiment Survey,https://www.aaii.com/files/surveys/sentiment.xls,https://www.aaii.com/sentimentsurvey/sent_results,conservative_proxy_publication_thursday_after_survey_week,True,True,False,False
2009-01-22,2009-01-23,27.21,26.47,46.32,-19.11,AAII Investor Sentiment Survey,https://www.aaii.com/files/surveys/sentiment.xls,https://www.aaii.com/sentimentsurvey/sent_results,conservative_proxy_publication_thursday_after_survey_week,True,True,False,False
2009-01-29,2009-01-30,25.27,27.47,47.25,-21.98,AAII Investor Sentiment Survey,https://www.aaii.com/files/surveys/sentiment.xls,https://www.aaii.com/sentimentsurvey/sent_results,conservative_proxy_publication_thursday_after_survey_week,True,True,False,False
2009-02-05,2009-02-06,24.63,31.34,44.03,-19.400000000000002,AAII Investor Sentiment Survey,https://www.aaii.com/files/surveys/sentiment.xls,https://www.aaii.com/sentimentsurvey/sent_results,conservative_proxy_publication_thursday_after_survey_week,True,True,False,False
2009-02-12,2009-02-13,32.910000000000004,27.85,39.24,-6.329999999999998,AAII Investor Sentiment Survey,https://www.aaii.com/files/surveys/sentiment.xls,https://www.aaii.com/sentimentsurvey/sent_results,conservative_proxy_publication_thursday_after_survey_week,True,True,False,False
2009-02-19,2009-02-20,21.64,21.64,56.720000000000006,-35.080000000000005,AAII Investor Sentiment Survey,https://www.aaii.com/files/surveys/sentiment.xls,https://www.aaii.com/sentimentsurvey/sent_results,conservative_proxy_publication_thursday_after_survey_week,True,True,False,False
2009-02-26,2009-02-27,24.3,20.560000000000002,55.14,-30.84,AAII Investor Sentiment Survey,https://www.aaii.com/files/surveys/sentiment.xls,https://www.aaii.com/sentimentsurvey/sent_results,conservative_proxy_publication_thursday_after_survey_week,True,True,False,False
2009-03-05,2009-03-06,18.92,10.81,70.27,-51.349999999999994,AAII Investor Sentiment Survey,https://www.aaii.com/files/surveys/sentiment.xls,https://www.aaii.com/sentimentsurvey/sent_results,conservative_proxy_publication_thursday_after_survey_week,True,True,False,False
2009-03-12,2009-03-13,27.639999999999997,17.89,54.47,-26.830000000000002,AAII Investor Sentiment Survey,https://www.aaii.com/files/surveys/sentiment.xls,https://www.aaii.com/sentimentsurvey/sent_results,conservative_proxy_publication_thursday_after_survey_week,True,True,False,False
2009-03-19,2009-03-20,45.06,16.669999999999998,38.269999999999996,6.790000000000006,AAII Investor Sentiment Survey,https://www.aaii.com/files/surveys/sentiment.xls,https://www.aaii.com/sentimentsurvey/sent_results,conservative_proxy_publication_thursday_after_survey_week,True,True,False,False
2009-03-26,2009-03-27,39.129999999999995,18.48,42.39,-3.260000000000005,AAII Investor Sentiment Survey,https://www.aaii.com/files/surveys/sentiment.xls,https://www.aaii.com/sentimentsurvey/sent_results,conservative_proxy_publication_thursday_after_survey_week,True,True,False,False
2009-04-02,2009-04-03,42.66,20.28,37.059999999999995,5.600000000000001,AAII Investor Sentiment Survey,https://www.aaii.com/files/surveys/sentiment.xls,https://www.aaii.com/sentimentsurvey/sent_results,conservative_proxy_publication_thursday_after_survey_week,True,True,False,False
2009-04-09,2009-04-10,35.709999999999994,20.0,44.29,-8.580000000000005,AAII Investor Sentiment Survey,https://www.aaii.com/files/surveys/sentiment.xls,https://www.aaii.com/sentimentsurvey/sent_results,conservative_proxy_publication_thursday_after_survey_week,True,True,False,False
2009-04-16,2009-04-17,44.14,20.0,35.86,8.280000000000001,AAII Investor Sentiment Survey,https://www.aaii.com/files/surveys/sentiment.xls,https://www.aaii.com/sentimentsurvey/sent_results,conservative_proxy_publication_thursday_after_survey_week,True,True,False,False
2009-04-23,2009-04-24,31.819999999999997,29.549999999999997,38.64,-6.820000000000004,AAII Investor Sentiment Survey,https://www.aaii.com/files/surveys/sentiment.xls,https://www.aaii.com/sentimentsurvey/sent_results,conservative_proxy_publication_thursday_after_survey_week,True,True,False,False
2009-04-30,2009-05-01,36.09,20.3,43.61,-7.519999999999996,AAII Investor Sentiment Survey,https://www.aaii.com/files/surveys/sentiment.xls,https://www.aaii.com/sentimentsurvey/sent_results,conservative_proxy_publication_thursday_after_survey_week,True,True,False,False
2009-05-07,2009-05-08,44.09,22.58,33.33,10.760000000000005,AAII Investor Sentiment Survey,https://www.aaii.com/files/surveys/sentiment.xls,https://www.aaii.com/sentimentsurvey/sent_results,conservative_proxy_publication_thursday_after_survey_week,True,True,False,False
2009-05-14,2009-05-15,43.81,20.95,35.24,8.57,AAII Investor Sentiment Survey,https://www.aaii.com/files/surveys/sentiment.xls,https://www.aaii.com/sentimentsurvey/sent_results,conservative_proxy_publication_thursday_after_survey_week,True,True,False,False
2009-05-21,2009-05-22,33.72,20.93,45.35,-11.630000000000003,AAII Investor Sentiment Survey,https://www.aaii.com/files/surveys/sentiment.xls,https://www.aaii.com/sentimentsurvey/sent_results,conservative_proxy_publication_thursday_after_survey_week,True,True,False,False
2009-05-28,2009-05-29,40.37,11.01,48.620000000000005,-8.250000000000007,AAII Investor Sentiment Survey,https://www.aaii.com/files/surveys/sentiment.xls,https://www.aaii.com/sentimentsurvey/sent_results,conservative_proxy_publication_thursday_after_survey_week,True,True,False,False
2009-06-04,2009-06-05,47.56,15.85,36.59,10.969999999999999,AAII Investor Sentiment Survey,https://www.aaii.com/files/surveys/sentiment.xls,https://www.aaii.com/sentimentsurvey/sent_results,conservative_proxy_publication_thursday_after_survey_week,True,True,False,False
2009-06-11,2009-06-12,39.25,21.5,39.25,0.0,AAII Investor Sentiment Survey,https://www.aaii.com/files/surveys/sentiment.xls,https://www.aaii.com/sentimentsurvey/sent_results,conservative_proxy_publication_thursday_after_survey_week,True,True,False,False
2009-06-18,2009-06-19,33.33,20.24,46.43,-13.100000000000001,AAII Investor Sentiment Survey,https://www.aaii.com/files/surveys/sentiment.xls,https://www.aaii.com/sentimentsurvey/sent_results,conservative_proxy_publication_thursday_after_survey_week,True,True,False,False
2009-06-25,2009-06-26,28.000000000000004,23.200000000000003,48.8,-20.799999999999994,AAII Investor Sentiment Survey,https://www.aaii.com/files/surveys/sentiment.xls,https://www.aaii.com/sentimentsurvey/sent_results,conservative_proxy_publication_thursday_after_survey_week,True,True,False,False
2009-07-02,2009-07-03,37.84,17.57,44.59,-6.75,AAII Investor Sentiment Survey,https://www.aaii.com/files/surveys/sentiment.xls,https://www.aaii.com/sentimentsurvey/sent_results,conservative_proxy_publication_thursday_after_survey_week,True,True,False,False
2009-07-09,2009-07-10,27.91,17.44,54.65,-26.74,AAII Investor Sentiment Survey,https://www.aaii.com/files/surveys/sentiment.xls,https://www.aaii.com/sentimentsurvey/sent_results,conservative_proxy_publication_thursday_after_survey_week,True,True,False,False
2009-07-16,2009-07-17,28.68,24.26,47.06,-18.380000000000003,AAII Investor Sentiment Survey,https://www.aaii.com/files/surveys/sentiment.xls,https://www.aaii.com/sentimentsurvey/sent_results,conservative_proxy_publication_thursday_after_survey_week,True,True,False,False
2009-07-23,2009-07-24,37.6,20.0,42.4,-4.799999999999997,AAII Investor Sentiment Survey,https://www.aaii.com/files/surveys/sentiment.xls,https://www.aaii.com/sentimentsurvey/sent_results,conservative_proxy_publication_thursday_after_survey_week,True,True,False,False
2009-07-30,2009-07-31,47.67,20.93,31.4,16.270000000000003,AAII Investor Sentiment Survey,https://www.aaii.com/files/surveys/sentiment.xls,https://www.aaii.com/sentimentsurvey/sent_results,conservative_proxy_publication_thursday_after_survey_week,True,True,False,False
2009-08-06,2009-08-07,50.0,14.84,35.160000000000004,14.839999999999996,AAII Investor Sentiment Survey,https://www.aaii.com/files/surveys/sentiment.xls,https://www.aaii.com/sentimentsurvey/sent_results,conservative_proxy_publication_thursday_after_survey_week,True,True,False,False
2009-08-13,2009-08-14,51.0,16.0,33.0,18.0,AAII Investor Sentiment Survey,https://www.aaii.com/files/surveys/sentiment.xls,https://www.aaii.com/sentimentsurvey/sent_results,conservative_proxy_publication_thursday_after_survey_week,True,True,False,False
2009-08-20,2009-08-21,34.07,25.929999999999996,40.0,-5.93,AAII Investor Sentiment Survey,https://www.aaii.com/files/surveys/sentiment.xls,https://www.aaii.com/sentimentsurvey/sent_results,conservative_proxy_publication_thursday_after_survey_week,True,True,False,False
2009-08-27,2009-08-28,33.98,17.48,48.54,-14.560000000000002,AAII Investor Sentiment Survey,https://www.aaii.com/files/surveys/sentiment.xls,https://www.aaii.com/sentimentsurvey/sent_results,conservative_proxy_publication_thursday_after_survey_week,True,True,False,False
2009-09-03,2009-09-04,37.97,24.05,37.97,0.0,AAII Investor Sentiment Survey,https://www.aaii.com/files/surveys/sentiment.xls,https://www.aaii.com/sentimentsurvey/sent_results,conservative_proxy_publication_thursday_after_survey_week,True,True,False,False
2009-09-10,2009-09-11,37.330000000000005,18.67,44.0,-6.669999999999995,AAII Investor Sentiment Survey,https://www.aaii.com/files/surveys/sentiment.xls,https://www.aaii.com/sentimentsurvey/sent_results,conservative_proxy_publication_thursday_after_survey_week,True,True,False,False
2009-09-17,2009-09-18,42.14,17.86,40.0,2.1400000000000006,AAII Investor Sentiment Survey,https://www.aaii.com/files/surveys/sentiment.xls,https://www.aaii.com/sentimentsurvey/sent_results,conservative_proxy_publication_thursday_after_survey_week,True,True,False,False
2009-09-24,2009-09-25,39.09,16.36,44.55,-5.459999999999994,AAII Investor Sentiment Survey,https://www.aaii.com/files/surveys/sentiment.xls,https://www.aaii.com/sentimentsurvey/sent_results,conservative_proxy_publication_thursday_after_survey_week,True,True,False,False
2009-10-01,2009-10-02,43.55,20.97,35.480000000000004,8.069999999999993,AAII Investor Sentiment Survey,https://www.aaii.com/files/surveys/sentiment.xls,https://www.aaii.com/sentimentsurvey/sent_results,conservative_proxy_publication_thursday_after_survey_week,True,True,False,False
2009-10-08,2009-10-09,35.089999999999996,23.68,41.23,-6.140000000000001,AAII Investor Sentiment Survey,https://www.aaii.com/files/surveys/sentiment.xls,https://www.aaii.com/sentimentsurvey/sent_results,conservative_proxy_publication_thursday_after_survey_week,True,True,False,False
2009-10-15,2009-10-16,47.3,18.92,33.78,13.519999999999996,AAII Investor Sentiment Survey,https://www.aaii.com/files/surveys/sentiment.xls,https://www.aaii.com/sentimentsurvey/sent_results,conservative_proxy_publication_thursday_after_survey_week,True,True,False,False
2009-10-22,2009-10-23,40.48,23.810000000000002,35.709999999999994,4.770000000000003,AAII Investor Sentiment Survey,https://www.aaii.com/files/surveys/sentiment.xls,https://www.aaii.com/sentimentsurvey/sent_results,conservative_proxy_publication_thursday_after_survey_week,True,True,False,False
2009-10-29,2009-10-30,33.650000000000006,24.04,42.309999999999995,-8.65999999999999,AAII Investor Sentiment Survey,https://www.aaii.com/files/surveys/sentiment.xls,https://www.aaii.com/sentimentsurvey/sent_results,conservative_proxy_publication_thursday_after_survey_week,True,True,False,False
2009-11-05,2009-11-06,22.220000000000002,22.220000000000002,55.559999999999995,-33.33999999999999,AAII Investor Sentiment Survey,https://www.aaii.com/files/surveys/sentiment.xls,https://www.aaii.com/sentimentsurvey/sent_results,conservative_proxy_publication_thursday_after_survey_week,True,True,False,False
2009-11-12,2009-11-13,38.6,22.8,38.6,0.0,AAII Investor Sentiment Survey,https://www.aaii.com/files/surveys/sentiment.xls,https://www.aaii.com/sentimentsurvey/sent_results,conservative_proxy_publication_thursday_after_survey_week,True,True,False,False
2009-11-19,2009-11-20,42.730000000000004,25.45,31.819999999999997,10.910000000000007,AAII Investor Sentiment Survey,https://www.aaii.com/files/surveys/sentiment.xls,https://www.aaii.com/sentimentsurvey/sent_results,conservative_proxy_publication_thursday_after_survey_week,True,True,False,False
2009-11-26,2009-11-27,41.660000000000004,16.66,41.660000000000004,0.0,AAII Investor Sentiment Survey,https://www.aaii.com/files/surveys/sentiment.xls,https://www.aaii.com/sentimentsurvey/sent_results,conservative_proxy_publication_thursday_after_survey_week,True,True,False,False
2009-12-03,2009-12-04,41.58,24.75,33.660000000000004,7.919999999999995,AAII Investor Sentiment Survey,https://www.aaii.com/files/surveys/sentiment.xls,https://www.aaii.com/sentimentsurvey/sent_results,conservative_proxy_publication_thursday_after_survey_week,True,True,False,False
2009-12-10,2009-12-11,42.68,21.95,35.370000000000005,7.309999999999995,AAII Investor Sentiment Survey,https://www.aaii.com/files/surveys/sentiment.xls,https://www.aaii.com/sentimentsurvey/sent_results,conservative_proxy_publication_thursday_after_survey_week,True,True,False,False
2009-12-17,2009-12-18,42.11,29.470000000000002,28.42,13.689999999999998,AAII Investor Sentiment Survey,https://www.aaii.com/files/surveys/sentiment.xls,https://www.aaii.com/sentimentsurvey/sent_results,conservative_proxy_publication_thursday_after_survey_week,True,True,False,False
2009-12-24,2009-12-25,37.68,24.64,37.68,0.0,AAII Investor Sentiment Survey,https://www.aaii.com/files/surveys/sentiment.xls,https://www.aaii.com/sentimentsurvey/sent_results,conservative_proxy_publication_thursday_after_survey_week,True,True,False,False
2009-12-31,2010-01-01,49.18,27.87,22.95,26.23,AAII Investor Sentiment Survey,https://www.aaii.com/files/surveys/sentiment.xls,https://www.aaii.com/sentimentsurvey/sent_results,conservative_proxy_publication_thursday_after_survey_week,True,True,False,False
2010-01-07,2010-01-08,41.0,33.0,26.0,15.0,AAII Investor Sentiment Survey,https://www.aaii.com/files/surveys/sentiment.xls,https://www.aaii.com/sentimentsurvey/sent_results,conservative_proxy_publication_thursday_after_survey_week,True,True,False,False
2010-01-14,2010-01-15,47.44,25.64,26.919999999999998,20.52,AAII Investor Sentiment Survey,https://www.aaii.com/files/surveys/sentiment.xls,https://www.aaii.com/sentimentsurvey/sent_results,conservative_proxy_publication_thursday_after_survey_week,True,True,False,False
2010-01-21,2010-01-22,40.0,25.259999999999998,34.74,5.259999999999998,AAII Investor Sentiment Survey,https://www.aaii.com/files/surveys/sentiment.xls,https://www.aaii.com/sentimentsurvey/sent_results,conservative_proxy_publication_thursday_after_survey_week,True,True,False,False
2010-01-28,2010-01-29,35.0,28.33,36.67,-1.6700000000000017,AAII Investor Sentiment Survey,https://www.aaii.com/files/surveys/sentiment.xls,https://www.aaii.com/sentimentsurvey/sent_results,conservative_proxy_publication_thursday_after_survey_week,True,True,False,False
2010-02-04,2010-02-05,29.23,27.689999999999998,43.08,-13.849999999999998,AAII Investor Sentiment Survey,https://www.aaii.com/files/surveys/sentiment.xls,https://www.aaii.com/sentimentsurvey/sent_results,conservative_proxy_publication_thursday_after_survey_week,True,True,False,False
2010-02-11,2010-02-12,36.75,21.37,41.88,-5.130000000000003,AAII Investor Sentiment Survey,https://www.aaii.com/files/surveys/sentiment.xls,https://www.aaii.com/sentimentsurvey/sent_results,conservative_proxy_publication_thursday_after_survey_week,True,True,False,False
2010-02-18,2010-02-19,35.85,28.93,35.22,0.6300000000000026,AAII Investor Sentiment Survey,https://www.aaii.com/files/surveys/sentiment.xls,https://www.aaii.com/sentimentsurvey/sent_results,conservative_proxy_publication_thursday_after_survey_week,True,True,False,False
2010-02-25,2010-02-26,34.89,35.57,29.53,5.359999999999999,AAII Investor Sentiment Survey,https://www.aaii.com/files/surveys/sentiment.xls,https://www.aaii.com/sentimentsurvey/sent_results,conservative_proxy_publication_thursday_after_survey_week,True,True,False,False
2010-03-04,2010-03-05,35.86,37.93,26.21,9.649999999999999,AAII Investor Sentiment Survey,https://www.aaii.com/files/surveys/sentiment.xls,https://www.aaii.com/sentimentsurvey/sent_results,conservative_proxy_publication_thursday_after_survey_week,True,True,False,False
2010-03-11,2010-03-12,45.29,29.409999999999997,25.290000000000003,19.999999999999996,AAII Investor Sentiment Survey,https://www.aaii.com/files/surveys/sentiment.xls,https://www.aaii.com/sentimentsurvey/sent_results,conservative_proxy_publication_thursday_after_survey_week,True,True,False,False
2010-03-18,2010-03-19,35.370000000000005,34.760000000000005,29.880000000000003,5.490000000000002,AAII Investor Sentiment Survey,https://www.aaii.com/files/surveys/sentiment.xls,https://www.aaii.com/sentimentsurvey/sent_results,conservative_proxy_publication_thursday_after_survey_week,True,True,False,False
2010-03-25,2010-03-26,32.39,32.95,34.660000000000004,-2.270000000000003,AAII Investor Sentiment Survey,https://www.aaii.com/files/surveys/sentiment.xls,https://www.aaii.com/sentimentsurvey/sent_results,conservative_proxy_publication_thursday_after_survey_week,True,True,False,False
2010-04-01,2010-04-02,41.3,27.54,31.16,10.139999999999997,AAII Investor Sentiment Survey,https://www.aaii.com/files/surveys/sentiment.xls,https://www.aaii.com/sentimentsurvey/sent_results,conservative_proxy_publication_thursday_after_survey_week,True,True,False,False
2010-04-08,2010-04-09,42.86,26.790000000000003,30.36,12.5,AAII Investor Sentiment Survey,https://www.aaii.com/files/surveys/sentiment.xls,https://www.aaii.com/sentimentsurvey/sent_results,conservative_proxy_publication_thursday_after_survey_week,True,True,False,False
2010-04-15,2010-04-16,48.480000000000004,21.82,29.7,18.780000000000005,AAII Investor Sentiment Survey,https://www.aaii.com/files/surveys/sentiment.xls,https://www.aaii.com/sentimentsurvey/sent_results,conservative_proxy_publication_thursday_after_survey_week,True,True,False,False
2010-04-22,2010-04-23,38.12,27.62,34.25,3.8699999999999974,AAII Investor Sentiment Survey,https://www.aaii.com/files/surveys/sentiment.xls,https://www.aaii.com/sentimentsurvey/sent_results,conservative_proxy_publication_thursday_after_survey_week,True,True,False,False
2010-04-29,2010-04-30,41.36,30.0,28.64,12.719999999999999,AAII Investor Sentiment Survey,https://www.aaii.com/files/surveys/sentiment.xls,https://www.aaii.com/sentimentsurvey/sent_results,conservative_proxy_publication_thursday_after_survey_week,True,True,False,False
2010-05-06,2010-05-07,39.129999999999995,32.300000000000004,28.57,10.559999999999995,AAII Investor Sentiment Survey,https://www.aaii.com/files/surveys/sentiment.xls,https://www.aaii.com/sentimentsurvey/sent_results,conservative_proxy_publication_thursday_after_survey_week,True,True,False,False
2010-05-13,2010-05-14,36.6,26.8,36.6,0.0,AAII Investor Sentiment Survey,https://www.aaii.com/files/surveys/sentiment.xls,https://www.aaii.com/sentimentsurvey/sent_results,conservative_proxy_publication_thursday_after_survey_week,True,True,False,False
2010-05-20,2010-05-21,41.3,25.0,33.7,7.599999999999994,AAII Investor Sentiment Survey,https://www.aaii.com/files/surveys/sentiment.xls,https://www.aaii.com/sentimentsurvey/sent_results,conservative_proxy_publication_thursday_after_survey_week,True,True,False,False
2010-05-27,2010-05-28,29.830000000000002,19.3,50.88,-21.05,AAII Investor Sentiment Survey,https://www.aaii.com/files/surveys/sentiment.xls,https://www.aaii.com/sentimentsurvey/sent_results,conservative_proxy_publication_thursday_after_survey_week,True,True,False,False
2010-06-03,2010-06-04,37.09,22.07,40.849999999999994,-3.759999999999991,AAII Investor Sentiment Survey,https://www.aaii.com/files/surveys/sentiment.xls,https://www.aaii.com/sentimentsurvey/sent_results,conservative_proxy_publication_thursday_after_survey_week,True,True,False,False
2010-06-10,2010-06-11,34.48,22.41,43.1,-8.620000000000005,AAII Investor Sentiment Survey,https://www.aaii.com/files/surveys/sentiment.xls,https://www.aaii.com/sentimentsurvey/sent_results,conservative_proxy_publication_thursday_after_survey_week,True,True,False,False
2010-06-17,2010-06-18,42.449999999999996,26.889999999999997,30.659999999999997,11.79,AAII Investor Sentiment Survey,https://www.aaii.com/files/surveys/sentiment.xls,https://www.aaii.com/sentimentsurvey/sent_results,conservative_proxy_publication_thursday_after_survey_week,True,True,False,False
2010-06-24,2010-06-25,34.46,33.11,32.43,2.030000000000001,AAII Investor Sentiment Survey,https://www.aaii.com/files/surveys/sentiment.xls,https://www.aaii.com/sentimentsurvey/sent_results,conservative_proxy_publication_thursday_after_survey_week,True,True,False,False
2010-07-01,2010-07-02,24.68,33.33,41.99,-17.310000000000002,AAII Investor Sentiment Survey,https://www.aaii.com/files/surveys/sentiment.xls,https://www.aaii.com/sentimentsurvey/sent_results,conservative_proxy_publication_thursday_after_survey_week,True,True,False,False
2010-07-08,2010-07-09,20.94,21.990000000000002,57.07,-36.129999999999995,AAII Investor Sentiment Survey,https://www.aaii.com/files/surveys/sentiment.xls,https://www.aaii.com/sentimentsurvey/sent_results,conservative_proxy_publication_thursday_after_survey_week,True,True,False,False
2010-07-15,2010-07-16,39.37,22.84,37.8,1.5700000000000003,AAII Investor Sentiment Survey,https://www.aaii.com/files/surveys/sentiment.xls,https://www.aaii.com/sentimentsurvey/sent_results,conservative_proxy_publication_thursday_after_survey_week,True,True,False,False
2010-07-22,2010-07-23,32.16,22.81,45.03,-12.870000000000005,AAII Investor Sentiment Survey,https://www.aaii.com/files/surveys/sentiment.xls,https://www.aaii.com/sentimentsurvey/sent_results,conservative_proxy_publication_thursday_after_survey_week,True,True,False,False
2010-07-29,2010-07-30,40.0,26.669999999999998,33.33,6.670000000000002,AAII Investor Sentiment Survey,https://www.aaii.com/files/surveys/sentiment.xls,https://www.aaii.com/sentimentsurvey/sent_results,conservative_proxy_publication_thursday_after_survey_week,True,True,False,False
2010-08-05,2010-08-06,30.39,31.369999999999997,38.24,-7.850000000000001,AAII Investor Sentiment Survey,https://www.aaii.com/files/surveys/sentiment.xls,https://www.aaii.com/sentimentsurvey/sent_results,conservative_proxy_publication_thursday_after_survey_week,True,True,False,False
2010-08-12,2010-08-13,39.76,30.12,30.12,9.639999999999997,AAII Investor Sentiment Survey,https://www.aaii.com/files/surveys/sentiment.xls,https://www.aaii.com/sentimentsurvey/sent_results,conservative_proxy_publication_thursday_after_survey_week,True,True,False,False
2010-08-19,2010-08-20,30.11,27.42,42.47,-12.36,AAII Investor Sentiment Survey,https://www.aaii.com/files/surveys/sentiment.xls,https://www.aaii.com/sentimentsurvey/sent_results,conservative_proxy_publication_thursday_after_survey_week,True,True,False,False
2010-08-26,2010-08-27,20.74,29.79,49.47,-28.73,AAII Investor Sentiment Survey,https://www.aaii.com/files/surveys/sentiment.xls,https://www.aaii.com/sentimentsurvey/sent_results,conservative_proxy_publication_thursday_after_survey_week,True,True,False,False
2010-09-02,2010-09-03,30.8,27.0,42.21,-11.41,AAII Investor Sentiment Survey,https://www.aaii.com/files/surveys/sentiment.xls,https://www.aaii.com/sentimentsurvey/sent_results,conservative_proxy_publication_thursday_after_survey_week,True,True,False,False
2010-09-09,2010-09-10,43.87,24.51,31.61,12.259999999999998,AAII Investor Sentiment Survey,https://www.aaii.com/files/surveys/sentiment.xls,https://www.aaii.com/sentimentsurvey/sent_results,conservative_proxy_publication_thursday_after_survey_week,True,True,False,False
2010-09-16,2010-09-17,50.89,24.85,24.26,26.63,AAII Investor Sentiment Survey,https://www.aaii.com/files/surveys/sentiment.xls,https://www.aaii.com/sentimentsurvey/sent_results,conservative_proxy_publication_thursday_after_survey_week,True,True,False,False
2010-09-23,2010-09-24,44.97,29.630000000000003,25.4,19.57,AAII Investor Sentiment Survey,https://www.aaii.com/files/surveys/sentiment.xls,https://www.aaii.com/sentimentsurvey/sent_results,conservative_proxy_publication_thursday_after_survey_week,True,True,False,False
2010-09-30,2010-10-01,42.53,25.86,31.61,10.920000000000002,AAII Investor Sentiment Survey,https://www.aaii.com/files/surveys/sentiment.xls,https://www.aaii.com/sentimentsurvey/sent_results,conservative_proxy_publication_thursday_after_survey_week,True,True,False,False
2010-10-07,2010-10-08,49.03,23.23,27.74,21.290000000000003,AAII Investor Sentiment Survey,https://www.aaii.com/files/surveys/sentiment.xls,https://www.aaii.com/sentimentsurvey/sent_results,conservative_proxy_publication_thursday_after_survey_week,True,True,False,False
2010-10-14,2010-10-15,47.099999999999994,26.090000000000003,26.810000000000002,20.289999999999992,AAII Investor Sentiment Survey,https://www.aaii.com/files/surveys/sentiment.xls,https://www.aaii.com/sentimentsurvey/sent_results,conservative_proxy_publication_thursday_after_survey_week,True,True,False,False
2010-10-21,2010-10-22,49.62,25.19,25.19,24.429999999999996,AAII Investor Sentiment Survey,https://www.aaii.com/files/surveys/sentiment.xls,https://www.aaii.com/sentimentsurvey/sent_results,conservative_proxy_publication_thursday_after_survey_week,True,True,False,False
2010-10-28,2010-10-29,51.23,27.16,21.6,29.629999999999995,AAII Investor Sentiment Survey,https://www.aaii.com/files/surveys/sentiment.xls,https://www.aaii.com/sentimentsurvey/sent_results,conservative_proxy_publication_thursday_after_survey_week,True,True,False,False
2010-11-04,2010-11-05,48.230000000000004,21.990000000000002,29.79,18.440000000000005,AAII Investor Sentiment Survey,https://www.aaii.com/files/surveys/sentiment.xls,https://www.aaii.com/sentimentsurvey/sent_results,conservative_proxy_publication_thursday_after_survey_week,True,True,False,False
2010-11-11,2010-11-12,57.56,13.950000000000001,28.49,29.070000000000004,AAII Investor Sentiment Survey,https://www.aaii.com/files/surveys/sentiment.xls,https://www.aaii.com/sentimentsurvey/sent_results,conservative_proxy_publication_thursday_after_survey_week,True,True,False,False
2010-11-18,2010-11-19,40.0,27.500000000000004,32.5,7.5,AAII Investor Sentiment Survey,https://www.aaii.com/files/surveys/sentiment.xls,https://www.aaii.com/sentimentsurvey/sent_results,conservative_proxy_publication_thursday_after_survey_week,True,True,False,False
2010-11-25,2010-11-26,47.4,27.92,24.68,22.72,AAII Investor Sentiment Survey,https://www.aaii.com/files/surveys/sentiment.xls,https://www.aaii.com/sentimentsurvey/sent_results,conservative_proxy_publication_thursday_after_survey_week,True,True,False,False
2010-12-02,2010-12-03,49.66,24.14,26.21,23.449999999999996,AAII Investor Sentiment Survey,https://www.aaii.com/files/surveys/sentiment.xls,https://www.aaii.com/sentimentsurvey/sent_results,conservative_proxy_publication_thursday_after_survey_week,True,True,False,False
2010-12-09,2010-12-10,53.05,24.39,22.56,30.49,AAII Investor Sentiment Survey,https://www.aaii.com/files/surveys/sentiment.xls,https://www.aaii.com/sentimentsurvey/sent_results,conservative_proxy_publication_thursday_after_survey_week,True,True,False,False
2010-12-16,2010-12-17,50.23,22.62,27.150000000000002,23.079999999999995,AAII Investor Sentiment Survey,https://www.aaii.com/files/surveys/sentiment.xls,https://www.aaii.com/sentimentsurvey/sent_results,conservative_proxy_publication_thursday_after_survey_week,True,True,False,False
2010-12-23,2010-12-24,63.28,20.31,16.400000000000002,46.879999999999995,AAII Investor Sentiment Survey,https://www.aaii.com/files/surveys/sentiment.xls,https://www.aaii.com/sentimentsurvey/sent_results,conservative_proxy_publication_thursday_after_survey_week,True,True,False,False
2010-12-30,2010-12-31,51.61,28.34,20.05,31.56,AAII Investor Sentiment Survey,https://www.aaii.com/files/surveys/sentiment.xls,https://www.aaii.com/sentimentsurvey/sent_results,conservative_proxy_publication_thursday_after_survey_week,True,True,False,False
2011-01-06,2011-01-07,55.879999999999995,25.86,18.25,37.629999999999995,AAII Investor Sentiment Survey,https://www.aaii.com/files/surveys/sentiment.xls,https://www.aaii.com/sentimentsurvey/sent_results,conservative_proxy_publication_thursday_after_survey_week,True,True,False,False
2011-01-13,2011-01-14,52.339999999999996,24.22,23.44,28.899999999999995,AAII Investor Sentiment Survey,https://www.aaii.com/files/surveys/sentiment.xls,https://www.aaii.com/sentimentsurvey/sent_results,conservative_proxy_publication_thursday_after_survey_week,True,True,False,False
2011-01-20,2011-01-21,50.74999999999999,20.150000000000002,29.099999999999998,21.649999999999995,AAII Investor Sentiment Survey,https://www.aaii.com/files/surveys/sentiment.xls,https://www.aaii.com/sentimentsurvey/sent_results,conservative_proxy_publication_thursday_after_survey_week,True,True,False,False
2011-01-27,2011-01-28,42.04,23.669999999999998,34.29,7.75,AAII Investor Sentiment Survey,https://www.aaii.com/files/surveys/sentiment.xls,https://www.aaii.com/sentimentsurvey/sent_results,conservative_proxy_publication_thursday_after_survey_week,True,True,False,False
2011-02-03,2011-02-04,51.54,21.59,26.87,24.669999999999998,AAII Investor Sentiment Survey,https://www.aaii.com/files/surveys/sentiment.xls,https://www.aaii.com/sentimentsurvey/sent_results,conservative_proxy_publication_thursday_after_survey_week,True,True,False,False
2011-02-10,2011-02-11,49.4,23.69,26.91,22.49,AAII Investor Sentiment Survey,https://www.aaii.com/files/surveys/sentiment.xls,https://www.aaii.com/sentimentsurvey/sent_results,conservative_proxy_publication_thursday_after_survey_week,True,True,False,False
2011-02-17,2011-02-18,46.58,27.85,25.569999999999997,21.01,AAII Investor Sentiment Survey,https://www.aaii.com/files/surveys/sentiment.xls,https://www.aaii.com/sentimentsurvey/sent_results,conservative_proxy_publication_thursday_after_survey_week,True,True,False,False
2011-02-24,2011-02-25,36.63,27.229999999999997,36.14,0.490000000000002,AAII Investor Sentiment Survey,https://www.aaii.com/files/surveys/sentiment.xls,https://www.aaii.com/sentimentsurvey/sent_results,conservative_proxy_publication_thursday_after_survey_week,True,True,False,False
2011-03-03,2011-03-04,36.79,30.049999999999997,33.160000000000004,3.6299999999999955,AAII Investor Sentiment Survey,https://www.aaii.com/files/surveys/sentiment.xls,https://www.aaii.com/sentimentsurvey/sent_results,conservative_proxy_publication_thursday_after_survey_week,True,True,False,False
2011-03-10,2011-03-11,35.97,31.71,32.32,3.6499999999999986,AAII Investor Sentiment Survey,https://www.aaii.com/files/surveys/sentiment.xls,https://www.aaii.com/sentimentsurvey/sent_results,conservative_proxy_publication_thursday_after_survey_week,True,True,False,False
2011-03-17,2011-03-18,28.49,31.39,40.12,-11.629999999999999,AAII Investor Sentiment Survey,https://www.aaii.com/files/surveys/sentiment.xls,https://www.aaii.com/sentimentsurvey/sent_results,conservative_proxy_publication_thursday_after_survey_week,True,True,False,False
2011-03-24,2011-03-25,37.74,27.27,34.97,2.770000000000003,AAII Investor Sentiment Survey,https://www.aaii.com/files/surveys/sentiment.xls,https://www.aaii.com/sentimentsurvey/sent_results,conservative_proxy_publication_thursday_after_survey_week,True,True,False,False
2011-03-31,2011-04-01,41.81,27.12,31.069999999999997,10.740000000000006,AAII Investor Sentiment Survey,https://www.aaii.com/files/surveys/sentiment.xls,https://www.aaii.com/sentimentsurvey/sent_results,conservative_proxy_publication_thursday_after_survey_week,True,True,False,False
2011-04-07,2011-04-08,43.59,27.560000000000002,28.849999999999998,14.740000000000006,AAII Investor Sentiment Survey,https://www.aaii.com/files/surveys/sentiment.xls,https://www.aaii.com/sentimentsurvey/sent_results,conservative_proxy_publication_thursday_after_survey_week,True,True,False,False
2011-04-14,2011-04-15,42.25,26.76,30.990000000000002,11.259999999999998,AAII Investor Sentiment Survey,https://www.aaii.com/files/surveys/sentiment.xls,https://www.aaii.com/sentimentsurvey/sent_results,conservative_proxy_publication_thursday_after_survey_week,True,True,False,False
2011-04-21,2011-04-22,32.16,36.84,30.990000000000002,1.1699999999999946,AAII Investor Sentiment Survey,https://www.aaii.com/files/surveys/sentiment.xls,https://www.aaii.com/sentimentsurvey/sent_results,conservative_proxy_publication_thursday_after_survey_week,True,True,False,False
2011-04-28,2011-04-29,37.9,31.45,30.65,7.25,AAII Investor Sentiment Survey,https://www.aaii.com/files/surveys/sentiment.xls,https://www.aaii.com/sentimentsurvey/sent_results,conservative_proxy_publication_thursday_after_survey_week,True,True,False,False
2011-05-05,2011-05-06,35.46,32.67,31.869999999999997,3.5900000000000034,AAII Investor Sentiment Survey,https://www.aaii.com/files/surveys/sentiment.xls,https://www.aaii.com/sentimentsurvey/sent_results,conservative_proxy_publication_thursday_after_survey_week,True,True,False,False
2011-05-12,2011-05-13,30.769999999999996,33.73,35.5,-4.730000000000004,AAII Investor Sentiment Survey,https://www.aaii.com/files/surveys/sentiment.xls,https://www.aaii.com/sentimentsurvey/sent_results,conservative_proxy_publication_thursday_after_survey_week,True,True,False,False
2011-05-19,2011-05-20,26.69,32.019999999999996,41.29,-14.599999999999998,AAII Investor Sentiment Survey,https://www.aaii.com/files/surveys/sentiment.xls,https://www.aaii.com/sentimentsurvey/sent_results,conservative_proxy_publication_thursday_after_survey_week,True,True,False,False
2011-05-26,2011-05-27,25.61,32.97,41.42,-15.810000000000002,AAII Investor Sentiment Survey,https://www.aaii.com/files/surveys/sentiment.xls,https://www.aaii.com/sentimentsurvey/sent_results,conservative_proxy_publication_thursday_after_survey_week,True,True,False,False
2011-06-02,2011-06-03,30.18,36.39,33.43,-3.25,AAII Investor Sentiment Survey,https://www.aaii.com/files/surveys/sentiment.xls,https://www.aaii.com/sentimentsurvey/sent_results,conservative_proxy_publication_thursday_after_survey_week,True,True,False,False
2011-06-09,2011-06-10,24.42,27.91,47.67,-23.25,AAII Investor Sentiment Survey,https://www.aaii.com/files/surveys/sentiment.xls,https://www.aaii.com/sentimentsurvey/sent_results,conservative_proxy_publication_thursday_after_survey_week,True,True,False,False
2011-06-16,2011-06-17,28.999999999999996,28.249999999999996,42.75,-13.750000000000004,AAII Investor Sentiment Survey,https://www.aaii.com/files/surveys/sentiment.xls,https://www.aaii.com/sentimentsurvey/sent_results,conservative_proxy_publication_thursday_after_survey_week,True,True,False,False
2011-06-23,2011-06-24,37.46,26.8,35.74,1.7199999999999989,AAII Investor Sentiment Survey,https://www.aaii.com/files/surveys/sentiment.xls,https://www.aaii.com/sentimentsurvey/sent_results,conservative_proxy_publication_thursday_after_survey_week,True,True,False,False
2011-06-30,2011-07-01,38.31,31.490000000000002,30.19,8.120000000000001,AAII Investor Sentiment Survey,https://www.aaii.com/files/surveys/sentiment.xls,https://www.aaii.com/sentimentsurvey/sent_results,conservative_proxy_publication_thursday_after_survey_week,True,True,False,False
2011-07-07,2011-07-08,41.77,33.54,24.68,17.090000000000003,AAII Investor Sentiment Survey,https://www.aaii.com/files/surveys/sentiment.xls,https://www.aaii.com/sentimentsurvey/sent_results,conservative_proxy_publication_thursday_after_survey_week,True,True,False,False
2011-07-14,2011-07-15,39.31,31.45,29.25,10.060000000000002,AAII Investor Sentiment Survey,https://www.aaii.com/files/surveys/sentiment.xls,https://www.aaii.com/sentimentsurvey/sent_results,conservative_proxy_publication_thursday_after_survey_week,True,True,False,False
2011-07-21,2011-07-22,39.86,29.54,30.61,9.25,AAII Investor Sentiment Survey,https://www.aaii.com/files/surveys/sentiment.xls,https://www.aaii.com/sentimentsurvey/sent_results,conservative_proxy_publication_thursday_after_survey_week,True,True,False,False
2011-07-28,2011-07-29,37.84,30.740000000000002,31.419999999999998,6.420000000000005,AAII Investor Sentiment Survey,https://www.aaii.com/files/surveys/sentiment.xls,https://www.aaii.com/sentimentsurvey/sent_results,conservative_proxy_publication_thursday_after_survey_week,True,True,False,False
2011-08-04,2011-08-05,27.16,22.99,49.85,-22.69,AAII Investor Sentiment Survey,https://www.aaii.com/files/surveys/sentiment.xls,https://www.aaii.com/sentimentsurvey/sent_results,conservative_proxy_publication_thursday_after_survey_week,True,True,False,False
2011-08-11,2011-08-12,33.43,21.790000000000003,44.78,-11.350000000000001,AAII Investor Sentiment Survey,https://www.aaii.com/files/surveys/sentiment.xls,https://www.aaii.com/sentimentsurvey/sent_results,conservative_proxy_publication_thursday_after_survey_week,True,True,False,False
2011-08-18,2011-08-19,35.56,24.62,39.82,-4.259999999999998,AAII Investor Sentiment Survey,https://www.aaii.com/files/surveys/sentiment.xls,https://www.aaii.com/sentimentsurvey/sent_results,conservative_proxy_publication_thursday_after_survey_week,True,True,False,False
2011-08-25,2011-08-26,36.44,22.6,40.96,-4.520000000000003,AAII Investor Sentiment Survey,https://www.aaii.com/files/surveys/sentiment.xls,https://www.aaii.com/sentimentsurvey/sent_results,conservative_proxy_publication_thursday_after_survey_week,True,True,False,False
2011-09-01,2011-09-02,38.62,29.04,32.34,6.279999999999994,AAII Investor Sentiment Survey,https://www.aaii.com/files/surveys/sentiment.xls,https://www.aaii.com/sentimentsurvey/sent_results,conservative_proxy_publication_thursday_after_survey_week,True,True,False,False
2011-09-08,2011-09-09,30.220000000000002,29.5,40.29,-10.069999999999997,AAII Investor Sentiment Survey,https://www.aaii.com/files/surveys/sentiment.xls,https://www.aaii.com/sentimentsurvey/sent_results,conservative_proxy_publication_thursday_after_survey_week,True,True,False,False
2011-09-15,2011-09-16,30.5,28.15,41.349999999999994,-10.849999999999994,AAII Investor Sentiment Survey,https://www.aaii.com/files/surveys/sentiment.xls,https://www.aaii.com/sentimentsurvey/sent_results,conservative_proxy_publication_thursday_after_survey_week,True,True,False,False
2011-09-22,2011-09-23,25.330000000000002,26.669999999999998,48.0,-22.669999999999998,AAII Investor Sentiment Survey,https://www.aaii.com/files/surveys/sentiment.xls,https://www.aaii.com/sentimentsurvey/sent_results,conservative_proxy_publication_thursday_after_survey_week,True,True,False,False
2011-09-29,2011-09-30,32.51,20.68,46.79,-14.280000000000001,AAII Investor Sentiment Survey,https://www.aaii.com/files/surveys/sentiment.xls,https://www.aaii.com/sentimentsurvey/sent_results,conservative_proxy_publication_thursday_after_survey_week,True,True,False,False
2011-10-06,2011-10-07,35.23,19.040000000000003,45.71,-10.480000000000004,AAII Investor Sentiment Survey,https://www.aaii.com/files/surveys/sentiment.xls,https://www.aaii.com/sentimentsurvey/sent_results,conservative_proxy_publication_thursday_after_survey_week,True,True,False,False
2011-10-13,2011-10-14,39.77,23.86,36.36,3.4100000000000037,AAII Investor Sentiment Survey,https://www.aaii.com/files/surveys/sentiment.xls,https://www.aaii.com/sentimentsurvey/sent_results,conservative_proxy_publication_thursday_after_survey_week,True,True,False,False
2011-10-20,2011-10-21,35.980000000000004,29.409999999999997,34.599999999999994,1.3800000000000097,AAII Investor Sentiment Survey,https://www.aaii.com/files/surveys/sentiment.xls,https://www.aaii.com/sentimentsurvey/sent_results,conservative_proxy_publication_thursday_after_survey_week,True,True,False,False
2011-10-27,2011-10-28,43.0,32.0,25.0,18.0,AAII Investor Sentiment Survey,https://www.aaii.com/files/surveys/sentiment.xls,https://www.aaii.com/sentimentsurvey/sent_results,conservative_proxy_publication_thursday_after_survey_week,True,True,False,False
2011-11-03,2011-11-04,40.18,30.2,29.62,10.559999999999999,AAII Investor Sentiment Survey,https://www.aaii.com/files/surveys/sentiment.xls,https://www.aaii.com/sentimentsurvey/sent_results,conservative_proxy_publication_thursday_after_survey_week,True,True,False,False
2011-11-10,2011-11-11,44.73,30.7,24.560000000000002,20.169999999999995,AAII Investor Sentiment Survey,https://www.aaii.com/files/surveys/sentiment.xls,https://www.aaii.com/sentimentsurvey/sent_results,conservative_proxy_publication_thursday_after_survey_week,True,True,False,False
2011-11-17,2011-11-18,41.93,27.01,31.04,10.89,AAII Investor Sentiment Survey,https://www.aaii.com/files/surveys/sentiment.xls,https://www.aaii.com/sentimentsurvey/sent_results,conservative_proxy_publication_thursday_after_survey_week,True,True,False,False
2011-11-24,2011-11-25,32.71,29.01,38.269999999999996,-5.559999999999995,AAII Investor Sentiment Survey,https://www.aaii.com/files/surveys/sentiment.xls,https://www.aaii.com/sentimentsurvey/sent_results,conservative_proxy_publication_thursday_after_survey_week,True,True,False,False
2011-12-01,2011-12-02,33.040000000000006,27.529999999999998,39.42,-6.3799999999999955,AAII Investor Sentiment Survey,https://www.aaii.com/files/surveys/sentiment.xls,https://www.aaii.com/sentimentsurvey/sent_results,conservative_proxy_publication_thursday_after_survey_week,True,True,False,False
2011-12-08,2011-12-09,38.57,26.66,34.760000000000005,3.809999999999995,AAII Investor Sentiment Survey,https://www.aaii.com/files/surveys/sentiment.xls,https://www.aaii.com/sentimentsurvey/sent_results,conservative_proxy_publication_thursday_after_survey_week,True,True,False,False
2011-12-15,2011-12-16,40.18,26.16,33.64,6.539999999999999,AAII Investor Sentiment Survey,https://www.aaii.com/files/surveys/sentiment.xls,https://www.aaii.com/sentimentsurvey/sent_results,conservative_proxy_publication_thursday_after_survey_week,True,True,False,False
2011-12-22,2011-12-23,33.725,38.039,28.235,5.490000000000002,AAII Investor Sentiment Survey,https://www.aaii.com/files/surveys/sentiment.xls,https://www.aaii.com/sentimentsurvey/sent_results,conservative_proxy_publication_thursday_after_survey_week,True,True,False,False
2011-12-29,2011-12-30,40.6,28.57,30.826999999999998,9.773000000000003,AAII Investor Sentiment Survey,https://www.aaii.com/files/surveys/sentiment.xls,https://www.aaii.com/sentimentsurvey/sent_results,conservative_proxy_publication_thursday_after_survey_week,True,True,False,False
2012-01-05,2012-01-06,48.88,33.95,17.16,31.720000000000002,AAII Investor Sentiment Survey,https://www.aaii.com/files/surveys/sentiment.xls,https://www.aaii.com/sentimentsurvey/sent_results,conservative_proxy_publication_thursday_after_survey_week,True,True,False,False
2012-01-12,2012-01-13,49.14,33.68,17.18,31.96,AAII Investor Sentiment Survey,https://www.aaii.com/files/surveys/sentiment.xls,https://www.aaii.com/sentimentsurvey/sent_results,conservative_proxy_publication_thursday_after_survey_week,True,True,False,False
2012-01-19,2012-01-20,47.23,29.15,23.61,23.619999999999997,AAII Investor Sentiment Survey,https://www.aaii.com/files/surveys/sentiment.xls,https://www.aaii.com/sentimentsurvey/sent_results,conservative_proxy_publication_thursday_after_survey_week,True,True,False,False
2012-01-26,2012-01-27,48.397400000000005,32.692,18.91,29.487400000000004,AAII Investor Sentiment Survey,https://www.aaii.com/files/surveys/sentiment.xls,https://www.aaii.com/sentimentsurvey/sent_results,conservative_proxy_publication_thursday_after_survey_week,True,True,False,False
2012-02-02,2012-02-03,43.806,31.117,25.074999999999996,18.731,AAII Investor Sentiment Survey,https://www.aaii.com/files/surveys/sentiment.xls,https://www.aaii.com/sentimentsurvey/sent_results,conservative_proxy_publication_thursday_after_survey_week,True,True,False,False
2012-02-09,2012-02-10,51.642999999999994,28.169,20.186999999999998,31.455999999999996,AAII Investor Sentiment Survey,https://www.aaii.com/files/surveys/sentiment.xls,https://www.aaii.com/sentimentsurvey/sent_results,conservative_proxy_publication_thursday_after_survey_week,True,True,False,False
2012-02-16,2012-02-17,42.713,30.653000000000002,26.633000000000003,16.08,AAII Investor Sentiment Survey,https://www.aaii.com/files/surveys/sentiment.xls,https://www.aaii.com/sentimentsurvey/sent_results,conservative_proxy_publication_thursday_after_survey_week,True,True,False,False
2012-02-23,2012-02-24,43.689,28.802,27.508,16.181,AAII Investor Sentiment Survey,https://www.aaii.com/files/surveys/sentiment.xls,https://www.aaii.com/sentimentsurvey/sent_results,conservative_proxy_publication_thursday_after_survey_week,True,True,False,False
2012-03-01,2012-03-02,44.512,28.658,26.828999999999997,17.683000000000003,AAII Investor Sentiment Survey,https://www.aaii.com/files/surveys/sentiment.xls,https://www.aaii.com/sentimentsurvey/sent_results,conservative_proxy_publication_thursday_after_survey_week,True,True,False,False
2012-03-08,2012-03-09,42.379,28.624,28.996,13.383,AAII Investor Sentiment Survey,https://www.aaii.com/files/surveys/sentiment.xls,https://www.aaii.com/sentimentsurvey/sent_results,conservative_proxy_publication_thursday_after_survey_week,True,True,False,False
2012-03-15,2012-03-16,45.606700000000004,27.1967,27.1967,18.410000000000004,AAII Investor Sentiment Survey,https://www.aaii.com/files/surveys/sentiment.xls,https://www.aaii.com/sentimentsurvey/sent_results,conservative_proxy_publication_thursday_after_survey_week,True,True,False,False
2012-03-22,2012-03-23,42.384100000000004,29.801299999999998,27.8146,14.569500000000005,AAII Investor Sentiment Survey,https://www.aaii.com/files/surveys/sentiment.xls,https://www.aaii.com/sentimentsurvey/sent_results,conservative_proxy_publication_thursday_after_survey_week,True,True,False,False
2012-03-29,2012-03-30,42.47,32.05,25.480000000000004,16.989999999999995,AAII Investor Sentiment Survey,https://www.aaii.com/files/surveys/sentiment.xls,https://www.aaii.com/sentimentsurvey/sent_results,conservative_proxy_publication_thursday_after_survey_week,True,True,False,False
2012-04-05,2012-04-06,38.1743,34.0249,27.8008,10.373500000000003,AAII Investor Sentiment Survey,https://www.aaii.com/files/surveys/sentiment.xls,https://www.aaii.com/sentimentsurvey/sent_results,conservative_proxy_publication_thursday_after_survey_week,True,True,False,False
2012-04-12,2012-04-13,28.1385,30.303,41.5584,-13.419899999999998,AAII Investor Sentiment Survey,https://www.aaii.com/files/surveys/sentiment.xls,https://www.aaii.com/sentimentsurvey/sent_results,conservative_proxy_publication_thursday_after_survey_week,True,True,False,False
2012-04-19,2012-04-20,31.1787,34.981,33.8403,-2.6616,AAII Investor Sentiment Survey,https://www.aaii.com/files/surveys/sentiment.xls,https://www.aaii.com/sentimentsurvey/sent_results,conservative_proxy_publication_thursday_after_survey_week,True,True,False,False
2012-04-26,2012-04-27,27.6423,34.9593,37.398399999999995,-9.756099999999996,AAII Investor Sentiment Survey,https://www.aaii.com/files/surveys/sentiment.xls,https://www.aaii.com/sentimentsurvey/sent_results,conservative_proxy_publication_thursday_after_survey_week,True,True,False,False
2012-05-03,2012-05-04,35.401500000000006,36.1314,28.4672,6.9343000000000075,AAII Investor Sentiment Survey,https://www.aaii.com/files/surveys/sentiment.xls,https://www.aaii.com/sentimentsurvey/sent_results,conservative_proxy_publication_thursday_after_survey_week,True,True,False,False
2012-05-10,2012-05-11,25.396800000000002,32.539699999999996,42.0635,-16.666699999999995,AAII Investor Sentiment Survey,https://www.aaii.com/files/surveys/sentiment.xls,https://www.aaii.com/sentimentsurvey/sent_results,conservative_proxy_publication_thursday_after_survey_week,True,True,False,False
2012-05-17,2012-05-18,23.5821,30.4478,45.9701,-22.388,AAII Investor Sentiment Survey,https://www.aaii.com/files/surveys/sentiment.xls,https://www.aaii.com/sentimentsurvey/sent_results,conservative_proxy_publication_thursday_after_survey_week,True,True,False,False
2012-05-24,2012-05-25,30.4688,30.859399999999997,38.6719,-8.2031,AAII Investor Sentiment Survey,https://www.aaii.com/files/surveys/sentiment.xls,https://www.aaii.com/sentimentsurvey/sent_results,conservative_proxy_publication_thursday_after_survey_week,True,True,False,False
2012-05-31,2012-06-01,28.015600000000003,29.961100000000002,42.0233,-14.007699999999996,AAII Investor Sentiment Survey,https://www.aaii.com/files/surveys/sentiment.xls,https://www.aaii.com/sentimentsurvey/sent_results,conservative_proxy_publication_thursday_after_survey_week,True,True,False,False
2012-06-07,2012-06-08,27.450999999999997,26.7974,45.751599999999996,-18.3006,AAII Investor Sentiment Survey,https://www.aaii.com/files/surveys/sentiment.xls,https://www.aaii.com/sentimentsurvey/sent_results,conservative_proxy_publication_thursday_after_survey_week,True,True,False,False
2012-06-14,2012-06-15,34.0351,30.175400000000003,35.789500000000004,-1.754400000000004,AAII Investor Sentiment Survey,https://www.aaii.com/files/surveys/sentiment.xls,https://www.aaii.com/sentimentsurvey/sent_results,conservative_proxy_publication_thursday_after_survey_week,True,True,False,False
2012-06-21,2012-06-22,32.8904,31.229200000000002,35.8804,-2.990000000000002,AAII Investor Sentiment Survey,https://www.aaii.com/files/surveys/sentiment.xls,https://www.aaii.com/sentimentsurvey/sent_results,conservative_proxy_publication_thursday_after_survey_week,True,True,False,False
2012-06-28,2012-06-29,28.668900000000004,26.9625,44.3686,-15.699699999999996,AAII Investor Sentiment Survey,https://www.aaii.com/files/surveys/sentiment.xls,https://www.aaii.com/sentimentsurvey/sent_results,conservative_proxy_publication_thursday_after_survey_week,True,True,False,False
2012-07-05,2012-07-06,32.64,34.03,33.33,-0.6899999999999977,AAII Investor Sentiment Survey,https://www.aaii.com/files/surveys/sentiment.xls,https://www.aaii.com/sentimentsurvey/sent_results,conservative_proxy_publication_thursday_after_survey_week,True,True,False,False
2012-07-12,2012-07-13,30.225099999999998,35.0482,34.7267,-4.501600000000003,AAII Investor Sentiment Survey,https://www.aaii.com/files/surveys/sentiment.xls,https://www.aaii.com/sentimentsurvey/sent_results,conservative_proxy_publication_thursday_after_survey_week,True,True,False,False
2012-07-19,2012-07-20,22.189999999999998,36.0231,41.786699999999996,-19.5967,AAII Investor Sentiment Survey,https://www.aaii.com/files/surveys/sentiment.xls,https://www.aaii.com/sentimentsurvey/sent_results,conservative_proxy_publication_thursday_after_survey_week,True,True,False,False
2012-07-26,2012-07-27,28.115000000000002,28.754,43.131,-15.015999999999998,AAII Investor Sentiment Survey,https://www.aaii.com/files/surveys/sentiment.xls,https://www.aaii.com/sentimentsurvey/sent_results,conservative_proxy_publication_thursday_after_survey_week,True,True,False,False
2012-08-02,2012-08-03,30.4478,34.6269,34.9254,-4.4776000000000025,AAII Investor Sentiment Survey,https://www.aaii.com/files/surveys/sentiment.xls,https://www.aaii.com/sentimentsurvey/sent_results,conservative_proxy_publication_thursday_after_survey_week,True,True,False,False
2012-08-09,2012-08-10,36.4706,36.1765,27.3529,9.117699999999996,AAII Investor Sentiment Survey,https://www.aaii.com/files/surveys/sentiment.xls,https://www.aaii.com/sentimentsurvey/sent_results,conservative_proxy_publication_thursday_after_survey_week,True,True,False,False
2012-08-16,2012-08-17,36.8421,35.0877,28.0702,8.771900000000002,AAII Investor Sentiment Survey,https://www.aaii.com/files/surveys/sentiment.xls,https://www.aaii.com/sentimentsurvey/sent_results,conservative_proxy_publication_thursday_after_survey_week,True,True,False,False
2012-08-23,2012-08-24,41.958,32.1678,25.8741,16.0839,AAII Investor Sentiment Survey,https://www.aaii.com/files/surveys/sentiment.xls,https://www.aaii.com/sentimentsurvey/sent_results,conservative_proxy_publication_thursday_after_survey_week,True,True,False,False
2012-08-30,2012-08-31,34.7222,32.6389,32.6389,2.0833000000000013,AAII Investor Sentiment Survey,https://www.aaii.com/files/surveys/sentiment.xls,https://www.aaii.com/sentimentsurvey/sent_results,conservative_proxy_publication_thursday_after_survey_week,True,True,False,False
2012-09-06,2012-09-07,33.057900000000004,33.8843,33.057900000000004,0.0,AAII Investor Sentiment Survey,https://www.aaii.com/files/surveys/sentiment.xls,https://www.aaii.com/sentimentsurvey/sent_results,conservative_proxy_publication_thursday_after_survey_week,True,True,False,False
2012-09-13,2012-09-14,36.4583,30.5556,32.9861,3.472200000000001,AAII Investor Sentiment Survey,https://www.aaii.com/files/surveys/sentiment.xls,https://www.aaii.com/sentimentsurvey/sent_results,conservative_proxy_publication_thursday_after_survey_week,True,True,False,False
2012-09-20,2012-09-21,37.5,28.716199999999997,33.7838,3.7162000000000006,AAII Investor Sentiment Survey,https://www.aaii.com/files/surveys/sentiment.xls,https://www.aaii.com/sentimentsurvey/sent_results,conservative_proxy_publication_thursday_after_survey_week,True,True,False,False
2012-09-27,2012-09-28,36.1011,27.4368,36.4621,-0.3609999999999971,AAII Investor Sentiment Survey,https://www.aaii.com/files/surveys/sentiment.xls,https://www.aaii.com/sentimentsurvey/sent_results,conservative_proxy_publication_thursday_after_survey_week,True,True,False,False
2012-10-04,2012-10-05,33.860800000000005,32.9114,33.2278,0.6330000000000027,AAII Investor Sentiment Survey,https://www.aaii.com/files/surveys/sentiment.xls,https://www.aaii.com/sentimentsurvey/sent_results,conservative_proxy_publication_thursday_after_survey_week,True,True,False,False
2012-10-11,2012-10-12,30.575499999999998,30.575499999999998,38.8489,-8.273400000000002,AAII Investor Sentiment Survey,https://www.aaii.com/files/surveys/sentiment.xls,https://www.aaii.com/sentimentsurvey/sent_results,conservative_proxy_publication_thursday_after_survey_week,True,True,False,False
2012-10-18,2012-10-19,28.660400000000003,26.7913,44.548300000000005,-15.887900000000002,AAII Investor Sentiment Survey,https://www.aaii.com/files/surveys/sentiment.xls,https://www.aaii.com/sentimentsurvey/sent_results,conservative_proxy_publication_thursday_after_survey_week,True,True,False,False
2012-10-25,2012-10-26,29.2453,27.673,43.0818,-13.836500000000001,AAII Investor Sentiment Survey,https://www.aaii.com/files/surveys/sentiment.xls,https://www.aaii.com/sentimentsurvey/sent_results,conservative_proxy_publication_thursday_after_survey_week,True,True,False,False
2012-11-01,2012-11-02,35.7377,23.2787,40.983599999999996,-5.245899999999999,AAII Investor Sentiment Survey,https://www.aaii.com/files/surveys/sentiment.xls,https://www.aaii.com/sentimentsurvey/sent_results,conservative_proxy_publication_thursday_after_survey_week,True,True,False,False
2012-11-08,2012-11-09,38.4977,21.5962,39.9061,-1.4084000000000003,AAII Investor Sentiment Survey,https://www.aaii.com/files/surveys/sentiment.xls,https://www.aaii.com/sentimentsurvey/sent_results,conservative_proxy_publication_thursday_after_survey_week,True,True,False,False
2012-11-15,2012-11-16,28.823500000000003,22.3529,48.823499999999996,-19.999999999999993,AAII Investor Sentiment Survey,https://www.aaii.com/files/surveys/sentiment.xls,https://www.aaii.com/sentimentsurvey/sent_results,conservative_proxy_publication_thursday_after_survey_week,True,True,False,False
2012-11-22,2012-11-23,35.815599999999996,23.4043,40.780100000000004,-4.964500000000008,AAII Investor Sentiment Survey,https://www.aaii.com/files/surveys/sentiment.xls,https://www.aaii.com/sentimentsurvey/sent_results,conservative_proxy_publication_thursday_after_survey_week,True,True,False,False
2012-11-28,2012-11-29,40.9266,24.7104,34.3629,6.563699999999997,AAII Investor Sentiment Survey,https://www.aaii.com/files/surveys/sentiment.xls,https://www.aaii.com/sentimentsurvey/sent_results,conservative_proxy_publication_thursday_after_survey_week,True,True,False,False
2012-12-06,2012-12-07,42.2222,23.1746,34.6032,7.619,AAII Investor Sentiment Survey,https://www.aaii.com/files/surveys/sentiment.xls,https://www.aaii.com/sentimentsurvey/sent_results,conservative_proxy_publication_thursday_after_survey_week,True,True,False,False
2012-12-13,2012-12-14,43.2331,26.6917,30.075200000000002,13.157899999999998,AAII Investor Sentiment Survey,https://www.aaii.com/files/surveys/sentiment.xls,https://www.aaii.com/sentimentsurvey/sent_results,conservative_proxy_publication_thursday_after_survey_week,True,True,False,False
2012-12-20,2012-12-21,46.400000000000006,28.799999999999997,24.8,21.600000000000005,AAII Investor Sentiment Survey,https://www.aaii.com/files/surveys/sentiment.xls,https://www.aaii.com/sentimentsurvey/sent_results,conservative_proxy_publication_thursday_after_survey_week,True,True,False,False
2012-12-27,2012-12-28,44.403,25.373099999999997,30.223899999999997,14.179100000000002,AAII Investor Sentiment Survey,https://www.aaii.com/files/surveys/sentiment.xls,https://www.aaii.com/sentimentsurvey/sent_results,conservative_proxy_publication_thursday_after_survey_week,True,True,False,False
2013-01-03,2013-01-04,38.709700000000005,25.0896,36.200700000000005,2.5090000000000003,AAII Investor Sentiment Survey,https://www.aaii.com/files/surveys/sentiment.xls,https://www.aaii.com/sentimentsurvey/sent_results,conservative_proxy_publication_thursday_after_survey_week,True,True,False,False
2013-01-10,2013-01-11,46.4497,26.627200000000002,26.923099999999998,19.526600000000002,AAII Investor Sentiment Survey,https://www.aaii.com/files/surveys/sentiment.xls,https://www.aaii.com/sentimentsurvey/sent_results,conservative_proxy_publication_thursday_after_survey_week,True,True,False,False
2013-01-17,2013-01-18,43.9437,28.732400000000002,27.323900000000002,16.619799999999998,AAII Investor Sentiment Survey,https://www.aaii.com/files/surveys/sentiment.xls,https://www.aaii.com/sentimentsurvey/sent_results,conservative_proxy_publication_thursday_after_survey_week,True,True,False,False
2013-01-24,2013-01-25,52.3392,23.3918,24.269,28.0702,AAII Investor Sentiment Survey,https://www.aaii.com/files/surveys/sentiment.xls,https://www.aaii.com/sentimentsurvey/sent_results,conservative_proxy_publication_thursday_after_survey_week,True,True,False,False
2013-01-31,2013-02-01,48.0447,27.6536,24.3017,23.743,AAII Investor Sentiment Survey,https://www.aaii.com/files/surveys/sentiment.xls,https://www.aaii.com/sentimentsurvey/sent_results,conservative_proxy_publication_thursday_after_survey_week,True,True,False,False
2013-02-07,2013-02-08,42.767300000000006,27.673,29.5597,13.207600000000006,AAII Investor Sentiment Survey,https://www.aaii.com/files/surveys/sentiment.xls,https://www.aaii.com/sentimentsurvey/sent_results,conservative_proxy_publication_thursday_after_survey_week,True,True,False,False
2013-02-14,2013-02-15,42.2535,29.0141,28.732400000000002,13.5211,AAII Investor Sentiment Survey,https://www.aaii.com/files/surveys/sentiment.xls,https://www.aaii.com/sentimentsurvey/sent_results,conservative_proxy_publication_thursday_after_survey_week,True,True,False,False
2013-02-21,2013-02-22,41.7857,25.7143,32.5,9.285699999999999,AAII Investor Sentiment Survey,https://www.aaii.com/files/surveys/sentiment.xls,https://www.aaii.com/sentimentsurvey/sent_results,conservative_proxy_publication_thursday_after_survey_week,True,True,False,False
2013-02-28,2013-03-01,28.3912,35.015800000000006,36.5931,-8.201899999999998,AAII Investor Sentiment Survey,https://www.aaii.com/files/surveys/sentiment.xls,https://www.aaii.com/sentimentsurvey/sent_results,conservative_proxy_publication_thursday_after_survey_week,True,True,False,False
2013-03-07,2013-03-08,31.055899999999998,30.4348,38.5093,-7.453400000000006,AAII Investor Sentiment Survey,https://www.aaii.com/files/surveys/sentiment.xls,https://www.aaii.com/sentimentsurvey/sent_results,conservative_proxy_publication_thursday_after_survey_week,True,True,False,False
2013-03-14,2013-03-15,45.42,22.55,32.029999999999994,13.390000000000008,AAII Investor Sentiment Survey,https://www.aaii.com/files/surveys/sentiment.xls,https://www.aaii.com/sentimentsurvey/sent_results,conservative_proxy_publication_thursday_after_survey_week,True,True,False,False
2013-03-21,2013-03-22,38.9439,27.722799999999996,33.3333,5.610599999999998,AAII Investor Sentiment Survey,https://www.aaii.com/files/surveys/sentiment.xls,https://www.aaii.com/sentimentsurvey/sent_results,conservative_proxy_publication_thursday_after_survey_week,True,True,False,False
2013-03-28,2013-03-29,38.3954,32.9513,28.653299999999998,9.742100000000004,AAII Investor Sentiment Survey,https://www.aaii.com/files/surveys/sentiment.xls,https://www.aaii.com/sentimentsurvey/sent_results,conservative_proxy_publication_thursday_after_survey_week,True,True,False,False
2013-04-04,2013-04-05,35.493,36.338,28.169,7.324000000000002,AAII Investor Sentiment Survey,https://www.aaii.com/files/surveys/sentiment.xls,https://www.aaii.com/sentimentsurvey/sent_results,conservative_proxy_publication_thursday_after_survey_week,True,True,False,False
2013-04-11,2013-04-12,19.310299999999998,26.2069,54.4828,-35.1725,AAII Investor Sentiment Survey,https://www.aaii.com/files/surveys/sentiment.xls,https://www.aaii.com/sentimentsurvey/sent_results,conservative_proxy_publication_thursday_after_survey_week,True,True,False,False
2013-04-18,2013-04-19,26.8493,24.9315,48.2192,-21.3699,AAII Investor Sentiment Survey,https://www.aaii.com/files/surveys/sentiment.xls,https://www.aaii.com/sentimentsurvey/sent_results,conservative_proxy_publication_thursday_after_survey_week,True,True,False,False
2013-04-25,2013-04-26,28.2895,32.8947,38.8158,-10.526300000000003,AAII Investor Sentiment Survey,https://www.aaii.com/files/surveys/sentiment.xls,https://www.aaii.com/sentimentsurvey/sent_results,conservative_proxy_publication_thursday_after_survey_week,True,True,False,False
2013-05-02,2013-05-03,30.9859,33.0986,35.9155,-4.929600000000001,AAII Investor Sentiment Survey,https://www.aaii.com/files/surveys/sentiment.xls,https://www.aaii.com/sentimentsurvey/sent_results,conservative_proxy_publication_thursday_after_survey_week,True,True,False,False
2013-05-09,2013-05-10,40.794200000000004,31.769,27.4368,13.357400000000002,AAII Investor Sentiment Survey,https://www.aaii.com/files/surveys/sentiment.xls,https://www.aaii.com/sentimentsurvey/sent_results,conservative_proxy_publication_thursday_after_survey_week,True,True,False,False
2013-05-16,2013-05-17,38.4858,32.176700000000004,29.3375,9.148299999999999,AAII Investor Sentiment Survey,https://www.aaii.com/files/surveys/sentiment.xls,https://www.aaii.com/sentimentsurvey/sent_results,conservative_proxy_publication_thursday_after_survey_week,True,True,False,False
2013-05-23,2013-05-24,48.9726,29.452099999999998,21.5753,27.3973,AAII Investor Sentiment Survey,https://www.aaii.com/files/surveys/sentiment.xls,https://www.aaii.com/sentimentsurvey/sent_results,conservative_proxy_publication_thursday_after_survey_week,True,True,False,False
2013-05-30,2013-05-31,35.9684,34.3874,29.6443,6.324100000000001,AAII Investor Sentiment Survey,https://www.aaii.com/files/surveys/sentiment.xls,https://www.aaii.com/sentimentsurvey/sent_results,conservative_proxy_publication_thursday_after_survey_week,True,True,False,False
2013-06-06,2013-06-07,29.4737,31.578899999999997,38.9474,-9.473700000000001,AAII Investor Sentiment Survey,https://www.aaii.com/files/surveys/sentiment.xls,https://www.aaii.com/sentimentsurvey/sent_results,conservative_proxy_publication_thursday_after_survey_week,True,True,False,False
2013-06-13,2013-06-14,32.973,32.4324,34.5946,-1.6216000000000008,AAII Investor Sentiment Survey,https://www.aaii.com/files/surveys/sentiment.xls,https://www.aaii.com/sentimentsurvey/sent_results,conservative_proxy_publication_thursday_after_survey_week,True,True,False,False
2013-06-20,2013-06-21,37.453199999999995,32.5843,29.9625,7.490699999999997,AAII Investor Sentiment Survey,https://www.aaii.com/files/surveys/sentiment.xls,https://www.aaii.com/sentimentsurvey/sent_results,conservative_proxy_publication_thursday_after_survey_week,True,True,False,False
2013-06-27,2013-06-28,30.2752,34.556599999999996,35.1682,-4.892999999999997,AAII Investor Sentiment Survey,https://www.aaii.com/files/surveys/sentiment.xls,https://www.aaii.com/sentimentsurvey/sent_results,conservative_proxy_publication_thursday_after_survey_week,True,True,False,False
2013-07-04,2013-07-05,41.9929,34.163700000000006,23.8434,18.1495,AAII Investor Sentiment Survey,https://www.aaii.com/files/surveys/sentiment.xls,https://www.aaii.com/sentimentsurvey/sent_results,conservative_proxy_publication_thursday_after_survey_week,True,True,False,False
2013-07-11,2013-07-12,48.9362,32.766,18.2979,30.6383,AAII Investor Sentiment Survey,https://www.aaii.com/files/surveys/sentiment.xls,https://www.aaii.com/sentimentsurvey/sent_results,conservative_proxy_publication_thursday_after_survey_week,True,True,False,False
2013-07-18,2013-07-19,47.7352,31.0105,21.2544,26.4808,AAII Investor Sentiment Survey,https://www.aaii.com/files/surveys/sentiment.xls,https://www.aaii.com/sentimentsurvey/sent_results,conservative_proxy_publication_thursday_after_survey_week,True,True,False,False
2013-07-25,2013-07-26,45.1178,32.3232,22.5589,22.5589,AAII Investor Sentiment Survey,https://www.aaii.com/files/surveys/sentiment.xls,https://www.aaii.com/sentimentsurvey/sent_results,conservative_proxy_publication_thursday_after_survey_week,True,True,False,False
2013-08-01,2013-08-02,35.6164,39.3836,25.0,10.616399999999999,AAII Investor Sentiment Survey,https://www.aaii.com/files/surveys/sentiment.xls,https://www.aaii.com/sentimentsurvey/sent_results,conservative_proxy_publication_thursday_after_survey_week,True,True,False,False
2013-08-08,2013-08-09,39.498400000000004,33.8558,26.645799999999998,12.852600000000006,AAII Investor Sentiment Survey,https://www.aaii.com/files/surveys/sentiment.xls,https://www.aaii.com/sentimentsurvey/sent_results,conservative_proxy_publication_thursday_after_survey_week,True,True,False,False
2013-08-15,2013-08-16,34.507,37.3239,28.169,6.337999999999997,AAII Investor Sentiment Survey,https://www.aaii.com/files/surveys/sentiment.xls,https://www.aaii.com/sentimentsurvey/sent_results,conservative_proxy_publication_thursday_after_survey_week,True,True,False,False
2013-08-22,2013-08-23,28.957500000000003,28.1853,42.857099999999996,-13.899599999999992,AAII Investor Sentiment Survey,https://www.aaii.com/files/surveys/sentiment.xls,https://www.aaii.com/sentimentsurvey/sent_results,conservative_proxy_publication_thursday_after_survey_week,True,True,False,False
2013-08-29,2013-08-30,33.5404,35.7143,30.745299999999997,2.7951000000000015,AAII Investor Sentiment Survey,https://www.aaii.com/files/surveys/sentiment.xls,https://www.aaii.com/sentimentsurvey/sent_results,conservative_proxy_publication_thursday_after_survey_week,True,True,False,False
2013-09-05,2013-09-06,35.53,33.22,31.25,4.280000000000001,AAII Investor Sentiment Survey,https://www.aaii.com/files/surveys/sentiment.xls,https://www.aaii.com/sentimentsurvey/sent_results,conservative_proxy_publication_thursday_after_survey_week,True,True,False,False
2013-09-12,2013-09-13,45.515,29.9003,24.5847,20.9303,AAII Investor Sentiment Survey,https://www.aaii.com/files/surveys/sentiment.xls,https://www.aaii.com/sentimentsurvey/sent_results,conservative_proxy_publication_thursday_after_survey_week,True,True,False,False
2013-09-19,2013-09-20,45.1128,25.188,29.699199999999998,15.413600000000002,AAII Investor Sentiment Survey,https://www.aaii.com/files/surveys/sentiment.xls,https://www.aaii.com/sentimentsurvey/sent_results,conservative_proxy_publication_thursday_after_survey_week,True,True,False,False
2013-09-26,2013-09-27,36.0544,33.3333,30.6122,5.4422,AAII Investor Sentiment Survey,https://www.aaii.com/files/surveys/sentiment.xls,https://www.aaii.com/sentimentsurvey/sent_results,conservative_proxy_publication_thursday_after_survey_week,True,True,False,False
2013-10-03,2013-10-04,37.8378,32.0946,30.0676,7.770200000000003,AAII Investor Sentiment Survey,https://www.aaii.com/files/surveys/sentiment.xls,https://www.aaii.com/sentimentsurvey/sent_results,conservative_proxy_publication_thursday_after_survey_week,True,True,False,False
2013-10-10,2013-10-11,41.3284,25.0923,33.5793,7.7490999999999985,AAII Investor Sentiment Survey,https://www.aaii.com/files/surveys/sentiment.xls,https://www.aaii.com/sentimentsurvey/sent_results,conservative_proxy_publication_thursday_after_survey_week,True,True,False,False
2013-10-17,2013-10-18,46.2783,28.8026,24.9191,21.3592,AAII Investor Sentiment Survey,https://www.aaii.com/files/surveys/sentiment.xls,https://www.aaii.com/sentimentsurvey/sent_results,conservative_proxy_publication_thursday_after_survey_week,True,True,False,False
2013-10-24,2013-10-25,49.201299999999996,33.2268,17.5719,31.629399999999997,AAII Investor Sentiment Survey,https://www.aaii.com/files/surveys/sentiment.xls,https://www.aaii.com/sentimentsurvey/sent_results,conservative_proxy_publication_thursday_after_survey_week,True,True,False,False
2013-10-31,2013-11-01,44.9664,33.556999999999995,21.4765,23.4899,AAII Investor Sentiment Survey,https://www.aaii.com/files/surveys/sentiment.xls,https://www.aaii.com/sentimentsurvey/sent_results,conservative_proxy_publication_thursday_after_survey_week,True,True,False,False
2013-11-07,2013-11-08,45.4829,32.7103,21.806900000000002,23.676,AAII Investor Sentiment Survey,https://www.aaii.com/files/surveys/sentiment.xls,https://www.aaii.com/sentimentsurvey/sent_results,conservative_proxy_publication_thursday_after_survey_week,True,True,False,False
2013-11-14,2013-11-15,39.197500000000005,33.3333,27.4691,11.728400000000004,AAII Investor Sentiment Survey,https://www.aaii.com/files/surveys/sentiment.xls,https://www.aaii.com/sentimentsurvey/sent_results,conservative_proxy_publication_thursday_after_survey_week,True,True,False,False
2013-11-21,2013-11-22,34.3931,36.127199999999995,29.4798,4.913299999999996,AAII Investor Sentiment Survey,https://www.aaii.com/files/surveys/sentiment.xls,https://www.aaii.com/sentimentsurvey/sent_results,conservative_proxy_publication_thursday_after_survey_week,True,True,False,False
2013-11-28,2013-11-29,47.3016,24.444399999999998,28.254,19.0476,AAII Investor Sentiment Survey,https://www.aaii.com/files/surveys/sentiment.xls,https://www.aaii.com/sentimentsurvey/sent_results,conservative_proxy_publication_thursday_after_survey_week,True,True,False,False
2013-12-05,2013-12-06,42.6415,29.811300000000003,27.5472,15.0943,AAII Investor Sentiment Survey,https://www.aaii.com/files/surveys/sentiment.xls,https://www.aaii.com/sentimentsurvey/sent_results,conservative_proxy_publication_thursday_after_survey_week,True,True,False,False
2013-12-12,2013-12-13,41.2651,33.7349,25.0,16.265099999999997,AAII Investor Sentiment Survey,https://www.aaii.com/files/surveys/sentiment.xls,https://www.aaii.com/sentimentsurvey/sent_results,conservative_proxy_publication_thursday_after_survey_week,True,True,False,False
2013-12-19,2013-12-20,47.4576,27.4576,25.084699999999998,22.3729,AAII Investor Sentiment Survey,https://www.aaii.com/files/surveys/sentiment.xls,https://www.aaii.com/sentimentsurvey/sent_results,conservative_proxy_publication_thursday_after_survey_week,True,True,False,False
2013-12-26,2013-12-27,55.0562,26.4045,18.5393,36.51689999999999,AAII Investor Sentiment Survey,https://www.aaii.com/files/surveys/sentiment.xls,https://www.aaii.com/sentimentsurvey/sent_results,conservative_proxy_publication_thursday_after_survey_week,True,True,False,False
2014-01-02,2014-01-03,43.0894,27.6423,29.268300000000004,13.821099999999994,AAII Investor Sentiment Survey,https://www.aaii.com/files/surveys/sentiment.xls,https://www.aaii.com/sentimentsurvey/sent_results,conservative_proxy_publication_thursday_after_survey_week,True,True,False,False
2014-01-09,2014-01-10,43.617,31.383,25.0,18.616999999999997,AAII Investor Sentiment Survey,https://www.aaii.com/files/surveys/sentiment.xls,https://www.aaii.com/sentimentsurvey/sent_results,conservative_proxy_publication_thursday_after_survey_week,True,True,False,False
2014-01-16,2014-01-17,38.992,39.5225,21.4854,17.5066,AAII Investor Sentiment Survey,https://www.aaii.com/files/surveys/sentiment.xls,https://www.aaii.com/sentimentsurvey/sent_results,conservative_proxy_publication_thursday_after_survey_week,True,True,False,False
2014-01-23,2014-01-24,38.1201,38.1201,23.759800000000002,14.360299999999999,AAII Investor Sentiment Survey,https://www.aaii.com/files/surveys/sentiment.xls,https://www.aaii.com/sentimentsurvey/sent_results,conservative_proxy_publication_thursday_after_survey_week,True,True,False,False
2014-01-30,2014-01-31,32.1839,35.057500000000005,32.7586,-0.5747,AAII Investor Sentiment Survey,https://www.aaii.com/files/surveys/sentiment.xls,https://www.aaii.com/sentimentsurvey/sent_results,conservative_proxy_publication_thursday_after_survey_week,True,True,False,False
2014-02-06,2014-02-07,27.895999999999997,35.6974,36.4066,-8.5106,AAII Investor Sentiment Survey,https://www.aaii.com/files/surveys/sentiment.xls,https://www.aaii.com/sentimentsurvey/sent_results,conservative_proxy_publication_thursday_after_survey_week,True,True,False,False
2014-02-13,2014-02-14,40.147800000000004,32.512299999999996,27.3399,12.807900000000004,AAII Investor Sentiment Survey,https://www.aaii.com/files/surveys/sentiment.xls,https://www.aaii.com/sentimentsurvey/sent_results,conservative_proxy_publication_thursday_after_survey_week,True,True,False,False
2014-02-20,2014-02-21,42.199999999999996,35.0,22.8,19.399999999999995,AAII Investor Sentiment Survey,https://www.aaii.com/files/surveys/sentiment.xls,https://www.aaii.com/sentimentsurvey/sent_results,conservative_proxy_publication_thursday_after_survey_week,True,True,False,False
2014-02-27,2014-02-28,39.6907,39.1753,21.134,18.5567,AAII Investor Sentiment Survey,https://www.aaii.com/files/surveys/sentiment.xls,https://www.aaii.com/sentimentsurvey/sent_results,conservative_proxy_publication_thursday_after_survey_week,True,True,False,False
2014-03-06,2014-03-07,40.5099,32.861200000000004,26.6289,13.881,AAII Investor Sentiment Survey,https://www.aaii.com/files/surveys/sentiment.xls,https://www.aaii.com/sentimentsurvey/sent_results,conservative_proxy_publication_thursday_after_survey_week,True,True,False,False
2014-03-13,2014-03-14,41.3408,31.8436,26.8156,14.525200000000002,AAII Investor Sentiment Survey,https://www.aaii.com/files/surveys/sentiment.xls,https://www.aaii.com/sentimentsurvey/sent_results,conservative_proxy_publication_thursday_after_survey_week,True,True,False,False
2014-03-20,2014-03-21,36.7816,37.069,26.1494,10.632199999999997,AAII Investor Sentiment Survey,https://www.aaii.com/files/surveys/sentiment.xls,https://www.aaii.com/sentimentsurvey/sent_results,conservative_proxy_publication_thursday_after_survey_week,True,True,False,False
2014-03-27,2014-03-28,31.161499999999997,40.226600000000005,28.611900000000002,2.5495999999999945,AAII Investor Sentiment Survey,https://www.aaii.com/files/surveys/sentiment.xls,https://www.aaii.com/sentimentsurvey/sent_results,conservative_proxy_publication_thursday_after_survey_week,True,True,False,False
2014-04-03,2014-04-04,35.3571,37.8571,26.785700000000002,8.5714,AAII Investor Sentiment Survey,https://www.aaii.com/files/surveys/sentiment.xls,https://www.aaii.com/sentimentsurvey/sent_results,conservative_proxy_publication_thursday_after_survey_week,True,True,False,False
2014-04-10,2014-04-11,28.4768,37.4172,34.105999999999995,-5.629199999999994,AAII Investor Sentiment Survey,https://www.aaii.com/files/surveys/sentiment.xls,https://www.aaii.com/sentimentsurvey/sent_results,conservative_proxy_publication_thursday_after_survey_week,True,True,False,False
2014-04-17,2014-04-18,27.2171,38.5321,34.2508,-7.0337,AAII Investor Sentiment Survey,https://www.aaii.com/files/surveys/sentiment.xls,https://www.aaii.com/sentimentsurvey/sent_results,conservative_proxy_publication_thursday_after_survey_week,True,True,False,False
2014-04-24,2014-04-25,34.5029,39.4737,26.023400000000002,8.479499999999994,AAII Investor Sentiment Survey,https://www.aaii.com/files/surveys/sentiment.xls,https://www.aaii.com/sentimentsurvey/sent_results,conservative_proxy_publication_thursday_after_survey_week,True,True,False,False
2014-05-01,2014-05-02,29.773500000000002,40.7767,29.4498,0.3237000000000023,AAII Investor Sentiment Survey,https://www.aaii.com/files/surveys/sentiment.xls,https://www.aaii.com/sentimentsurvey/sent_results,conservative_proxy_publication_thursday_after_survey_week,True,True,False,False
2014-05-08,2014-05-09,28.343899999999998,42.9936,28.662399999999998,-0.3185000000000002,AAII Investor Sentiment Survey,https://www.aaii.com/files/surveys/sentiment.xls,https://www.aaii.com/sentimentsurvey/sent_results,conservative_proxy_publication_thursday_after_survey_week,True,True,False,False
2014-05-15,2014-05-16,33.121,44.2675,22.6115,10.509500000000003,AAII Investor Sentiment Survey,https://www.aaii.com/files/surveys/sentiment.xls,https://www.aaii.com/sentimentsurvey/sent_results,conservative_proxy_publication_thursday_after_survey_week,True,True,False,False
2014-05-22,2014-05-23,30.4348,43.167699999999996,26.3975,4.037299999999998,AAII Investor Sentiment Survey,https://www.aaii.com/files/surveys/sentiment.xls,https://www.aaii.com/sentimentsurvey/sent_results,conservative_proxy_publication_thursday_after_survey_week,True,True,False,False
2014-05-29,2014-05-30,36.4641,40.3315,23.2044,13.259700000000002,AAII Investor Sentiment Survey,https://www.aaii.com/files/surveys/sentiment.xls,https://www.aaii.com/sentimentsurvey/sent_results,conservative_proxy_publication_thursday_after_survey_week,True,True,False,False
2014-06-05,2014-06-06,39.5062,38.2716,22.2222,17.284,AAII Investor Sentiment Survey,https://www.aaii.com/files/surveys/sentiment.xls,https://www.aaii.com/sentimentsurvey/sent_results,conservative_proxy_publication_thursday_after_survey_week,True,True,False,False
2014-06-12,2014-06-13,44.6875,34.0625,21.25,23.4375,AAII Investor Sentiment Survey,https://www.aaii.com/files/surveys/sentiment.xls,https://www.aaii.com/sentimentsurvey/sent_results,conservative_proxy_publication_thursday_after_survey_week,True,True,False,False
2014-06-19,2014-06-20,35.1744,40.6977,24.1279,11.046499999999998,AAII Investor Sentiment Survey,https://www.aaii.com/files/surveys/sentiment.xls,https://www.aaii.com/sentimentsurvey/sent_results,conservative_proxy_publication_thursday_after_survey_week,True,True,False,False
2014-06-26,2014-06-27,37.2208,41.6873,21.0918,16.128999999999998,AAII Investor Sentiment Survey,https://www.aaii.com/files/surveys/sentiment.xls,https://www.aaii.com/sentimentsurvey/sent_results,conservative_proxy_publication_thursday_after_survey_week,True,True,False,False
2014-07-03,2014-07-04,38.5075,39.104499999999994,22.3881,16.1194,AAII Investor Sentiment Survey,https://www.aaii.com/files/surveys/sentiment.xls,https://www.aaii.com/sentimentsurvey/sent_results,conservative_proxy_publication_thursday_after_survey_week,True,True,False,False
2014-07-10,2014-07-11,37.6404,33.7079,28.6517,8.988699999999998,AAII Investor Sentiment Survey,https://www.aaii.com/files/surveys/sentiment.xls,https://www.aaii.com/sentimentsurvey/sent_results,conservative_proxy_publication_thursday_after_survey_week,True,True,False,False
2014-07-17,2014-07-18,32.3625,39.1586,28.479,3.883499999999998,AAII Investor Sentiment Survey,https://www.aaii.com/files/surveys/sentiment.xls,https://www.aaii.com/sentimentsurvey/sent_results,conservative_proxy_publication_thursday_after_survey_week,True,True,False,False
2014-07-24,2014-07-25,29.6296,40.4321,29.9383,-0.30870000000000175,AAII Investor Sentiment Survey,https://www.aaii.com/files/surveys/sentiment.xls,https://www.aaii.com/sentimentsurvey/sent_results,conservative_proxy_publication_thursday_after_survey_week,True,True,False,False
2014-07-31,2014-08-01,31.1224,37.755100000000006,31.1224,0.0,AAII Investor Sentiment Survey,https://www.aaii.com/files/surveys/sentiment.xls,https://www.aaii.com/sentimentsurvey/sent_results,conservative_proxy_publication_thursday_after_survey_week,True,True,False,False
2014-08-07,2014-08-08,30.8869,30.8869,38.2263,-7.339400000000001,AAII Investor Sentiment Survey,https://www.aaii.com/files/surveys/sentiment.xls,https://www.aaii.com/sentimentsurvey/sent_results,conservative_proxy_publication_thursday_after_survey_week,True,True,False,False
2014-08-14,2014-08-15,39.8119,33.2288,26.9592,12.852700000000002,AAII Investor Sentiment Survey,https://www.aaii.com/files/surveys/sentiment.xls,https://www.aaii.com/sentimentsurvey/sent_results,conservative_proxy_publication_thursday_after_survey_week,True,True,False,False
2014-08-21,2014-08-22,46.1078,30.239500000000003,23.6527,22.455099999999998,AAII Investor Sentiment Survey,https://www.aaii.com/files/surveys/sentiment.xls,https://www.aaii.com/sentimentsurvey/sent_results,conservative_proxy_publication_thursday_after_survey_week,True,True,False,False
2014-08-28,2014-08-29,51.9231,28.8462,19.230800000000002,32.692299999999996,AAII Investor Sentiment Survey,https://www.aaii.com/files/surveys/sentiment.xls,https://www.aaii.com/sentimentsurvey/sent_results,conservative_proxy_publication_thursday_after_survey_week,True,True,False,False
2014-09-04,2014-09-05,44.6746,31.3609,23.9645,20.710099999999997,AAII Investor Sentiment Survey,https://www.aaii.com/files/surveys/sentiment.xls,https://www.aaii.com/sentimentsurvey/sent_results,conservative_proxy_publication_thursday_after_survey_week,True,True,False,False
2014-09-11,2014-09-12,40.3846,33.0128,26.6026,13.782,AAII Investor Sentiment Survey,https://www.aaii.com/files/surveys/sentiment.xls,https://www.aaii.com/sentimentsurvey/sent_results,conservative_proxy_publication_thursday_after_survey_week,True,True,False,False
2014-09-18,2014-09-19,42.236000000000004,34.7826,22.9814,19.254600000000003,AAII Investor Sentiment Survey,https://www.aaii.com/files/surveys/sentiment.xls,https://www.aaii.com/sentimentsurvey/sent_results,conservative_proxy_publication_thursday_after_survey_week,True,True,False,False
2014-09-25,2014-09-26,41.8367,29.932,28.231299999999997,13.605400000000003,AAII Investor Sentiment Survey,https://www.aaii.com/files/surveys/sentiment.xls,https://www.aaii.com/sentimentsurvey/sent_results,conservative_proxy_publication_thursday_after_survey_week,True,True,False,False
2014-10-02,2014-10-03,35.4167,33.6806,30.902800000000003,4.513899999999996,AAII Investor Sentiment Survey,https://www.aaii.com/files/surveys/sentiment.xls,https://www.aaii.com/sentimentsurvey/sent_results,conservative_proxy_publication_thursday_after_survey_week,True,True,False,False
2014-10-09,2014-10-10,39.8773,29.141099999999998,30.981599999999997,8.895700000000001,AAII Investor Sentiment Survey,https://www.aaii.com/files/surveys/sentiment.xls,https://www.aaii.com/sentimentsurvey/sent_results,conservative_proxy_publication_thursday_after_survey_week,True,True,False,False
2014-10-16,2014-10-17,42.663000000000004,23.6413,33.6957,8.967300000000002,AAII Investor Sentiment Survey,https://www.aaii.com/files/surveys/sentiment.xls,https://www.aaii.com/sentimentsurvey/sent_results,conservative_proxy_publication_thursday_after_survey_week,True,True,False,False
2014-10-23,2014-10-24,49.6875,27.8125,22.5,27.1875,AAII Investor Sentiment Survey,https://www.aaii.com/files/surveys/sentiment.xls,https://www.aaii.com/sentimentsurvey/sent_results,conservative_proxy_publication_thursday_after_survey_week,True,True,False,False
2014-10-30,2014-10-31,49.3711,29.5597,21.0692,28.3019,AAII Investor Sentiment Survey,https://www.aaii.com/files/surveys/sentiment.xls,https://www.aaii.com/sentimentsurvey/sent_results,conservative_proxy_publication_thursday_after_survey_week,True,True,False,False
2014-11-06,2014-11-07,52.688199999999995,32.2581,15.0538,37.63439999999999,AAII Investor Sentiment Survey,https://www.aaii.com/files/surveys/sentiment.xls,https://www.aaii.com/sentimentsurvey/sent_results,conservative_proxy_publication_thursday_after_survey_week,True,True,False,False
2014-11-13,2014-11-14,57.931,22.7586,19.310299999999998,38.6207,AAII Investor Sentiment Survey,https://www.aaii.com/files/surveys/sentiment.xls,https://www.aaii.com/sentimentsurvey/sent_results,conservative_proxy_publication_thursday_after_survey_week,True,True,False,False
2014-11-20,2014-11-21,49.1176,27.058799999999998,23.8235,25.294100000000004,AAII Investor Sentiment Survey,https://www.aaii.com/files/surveys/sentiment.xls,https://www.aaii.com/sentimentsurvey/sent_results,conservative_proxy_publication_thursday_after_survey_week,True,True,False,False
2014-11-27,2014-11-28,52.1452,27.0627,20.792099999999998,31.353100000000005,AAII Investor Sentiment Survey,https://www.aaii.com/files/surveys/sentiment.xls,https://www.aaii.com/sentimentsurvey/sent_results,conservative_proxy_publication_thursday_after_survey_week,True,True,False,False
2014-12-04,2014-12-05,42.6778,31.380799999999997,25.941399999999998,16.7364,AAII Investor Sentiment Survey,https://www.aaii.com/files/surveys/sentiment.xls,https://www.aaii.com/sentimentsurvey/sent_results,conservative_proxy_publication_thursday_after_survey_week,True,True,False,False
2014-12-11,2014-12-12,45.0172,32.646,22.3368,22.680400000000002,AAII Investor Sentiment Survey,https://www.aaii.com/files/surveys/sentiment.xls,https://www.aaii.com/sentimentsurvey/sent_results,conservative_proxy_publication_thursday_after_survey_week,True,True,False,False
2014-12-18,2014-12-19,38.7352,34.3874,26.877499999999998,11.857700000000001,AAII Investor Sentiment Survey,https://www.aaii.com/files/surveys/sentiment.xls,https://www.aaii.com/sentimentsurvey/sent_results,conservative_proxy_publication_thursday_after_survey_week,True,True,False,False
2014-12-25,2014-12-26,50.943400000000004,30.1887,18.867900000000002,32.075500000000005,AAII Investor Sentiment Survey,https://www.aaii.com/files/surveys/sentiment.xls,https://www.aaii.com/sentimentsurvey/sent_results,conservative_proxy_publication_thursday_after_survey_week,True,True,False,False
2015-01-01,2015-01-02,51.737500000000004,28.957500000000003,19.305,32.432500000000005,AAII Investor Sentiment Survey,https://www.aaii.com/files/surveys/sentiment.xls,https://www.aaii.com/sentimentsurvey/sent_results,conservative_proxy_publication_thursday_after_survey_week,True,True,False,False
2015-01-08,2015-01-09,41.0072,31.295,27.6978,13.309399999999997,AAII Investor Sentiment Survey,https://www.aaii.com/files/surveys/sentiment.xls,https://www.aaii.com/sentimentsurvey/sent_results,conservative_proxy_publication_thursday_after_survey_week,True,True,False,False
2015-01-15,2015-01-16,46.1059,32.3988,21.4953,24.610599999999998,AAII Investor Sentiment Survey,https://www.aaii.com/files/surveys/sentiment.xls,https://www.aaii.com/sentimentsurvey/sent_results,conservative_proxy_publication_thursday_after_survey_week,True,True,False,False
2015-01-22,2015-01-23,37.1429,32.0635,30.7937,6.349199999999996,AAII Investor Sentiment Survey,https://www.aaii.com/files/surveys/sentiment.xls,https://www.aaii.com/sentimentsurvey/sent_results,conservative_proxy_publication_thursday_after_survey_week,True,True,False,False
2015-01-29,2015-01-30,44.1718,33.4356,22.392599999999998,21.7792,AAII Investor Sentiment Survey,https://www.aaii.com/files/surveys/sentiment.xls,https://www.aaii.com/sentimentsurvey/sent_results,conservative_proxy_publication_thursday_after_survey_week,True,True,False,False
2015-02-05,2015-02-06,35.4949,32.081900000000005,32.4232,3.0717,AAII Investor Sentiment Survey,https://www.aaii.com/files/surveys/sentiment.xls,https://www.aaii.com/sentimentsurvey/sent_results,conservative_proxy_publication_thursday_after_survey_week,True,True,False,False
2015-02-12,2015-02-13,40.0,39.6721,20.3279,19.6721,AAII Investor Sentiment Survey,https://www.aaii.com/files/surveys/sentiment.xls,https://www.aaii.com/sentimentsurvey/sent_results,conservative_proxy_publication_thursday_after_survey_week,True,True,False,False
2015-02-19,2015-02-20,47.0199,35.0993,17.8808,29.1391,AAII Investor Sentiment Survey,https://www.aaii.com/files/surveys/sentiment.xls,https://www.aaii.com/sentimentsurvey/sent_results,conservative_proxy_publication_thursday_after_survey_week,True,True,False,False
2015-02-26,2015-02-27,45.3731,34.328399999999995,20.2985,25.0746,AAII Investor Sentiment Survey,https://www.aaii.com/files/surveys/sentiment.xls,https://www.aaii.com/sentimentsurvey/sent_results,conservative_proxy_publication_thursday_after_survey_week,True,True,False,False
2015-03-05,2015-03-06,39.8026,36.8421,23.3553,16.4473,AAII Investor Sentiment Survey,https://www.aaii.com/files/surveys/sentiment.xls,https://www.aaii.com/sentimentsurvey/sent_results,conservative_proxy_publication_thursday_after_survey_week,True,True,False,False
2015-03-12,2015-03-13,31.5961,42.9967,25.407200000000003,6.188899999999997,AAII Investor Sentiment Survey,https://www.aaii.com/files/surveys/sentiment.xls,https://www.aaii.com/sentimentsurvey/sent_results,conservative_proxy_publication_thursday_after_survey_week,True,True,False,False
2015-03-19,2015-03-20,27.1605,41.358,31.4815,-4.3210000000000015,AAII Investor Sentiment Survey,https://www.aaii.com/files/surveys/sentiment.xls,https://www.aaii.com/sentimentsurvey/sent_results,conservative_proxy_publication_thursday_after_survey_week,True,True,False,False
2015-03-26,2015-03-27,38.4298,37.1901,24.3802,14.049600000000002,AAII Investor Sentiment Survey,https://www.aaii.com/files/surveys/sentiment.xls,https://www.aaii.com/sentimentsurvey/sent_results,conservative_proxy_publication_thursday_after_survey_week,True,True,False,False
2015-04-02,2015-04-03,35.395199999999996,32.646,31.958799999999997,3.436399999999999,AAII Investor Sentiment Survey,https://www.aaii.com/files/surveys/sentiment.xls,https://www.aaii.com/sentimentsurvey/sent_results,conservative_proxy_publication_thursday_after_survey_week,True,True,False,False
2015-04-09,2015-04-10,28.7016,47.1526,24.1458,4.555799999999998,AAII Investor Sentiment Survey,https://www.aaii.com/files/surveys/sentiment.xls,https://www.aaii.com/sentimentsurvey/sent_results,conservative_proxy_publication_thursday_after_survey_week,True,True,False,False
2015-04-16,2015-04-17,32.067499999999995,45.1477,22.7848,9.282699999999995,AAII Investor Sentiment Survey,https://www.aaii.com/files/surveys/sentiment.xls,https://www.aaii.com/sentimentsurvey/sent_results,conservative_proxy_publication_thursday_after_survey_week,True,True,False,False
2015-04-23,2015-04-24,31.47,45.3416,23.1884,8.281599999999997,AAII Investor Sentiment Survey,https://www.aaii.com/files/surveys/sentiment.xls,https://www.aaii.com/sentimentsurvey/sent_results,conservative_proxy_publication_thursday_after_survey_week,True,True,False,False
2015-04-30,2015-05-01,30.8362,47.2125,21.9512,8.885000000000002,AAII Investor Sentiment Survey,https://www.aaii.com/files/surveys/sentiment.xls,https://www.aaii.com/sentimentsurvey/sent_results,conservative_proxy_publication_thursday_after_survey_week,True,True,False,False
2015-05-07,2015-05-08,27.0563,46.103899999999996,26.839800000000004,0.21649999999999636,AAII Investor Sentiment Survey,https://www.aaii.com/files/surveys/sentiment.xls,https://www.aaii.com/sentimentsurvey/sent_results,conservative_proxy_publication_thursday_after_survey_week,True,True,False,False
2015-05-14,2015-05-15,26.744200000000003,46.8992,26.356600000000004,0.38759999999999906,AAII Investor Sentiment Survey,https://www.aaii.com/files/surveys/sentiment.xls,https://www.aaii.com/sentimentsurvey/sent_results,conservative_proxy_publication_thursday_after_survey_week,True,True,False,False
2015-05-21,2015-05-22,25.2119,49.7881,25.0,0.21189999999999998,AAII Investor Sentiment Survey,https://www.aaii.com/files/surveys/sentiment.xls,https://www.aaii.com/sentimentsurvey/sent_results,conservative_proxy_publication_thursday_after_survey_week,True,True,False,False
2015-05-28,2015-05-29,27.0019,47.8585,25.139699999999998,1.8622000000000014,AAII Investor Sentiment Survey,https://www.aaii.com/files/surveys/sentiment.xls,https://www.aaii.com/sentimentsurvey/sent_results,conservative_proxy_publication_thursday_after_survey_week,True,True,False,False
2015-06-04,2015-06-05,27.3399,48.0296,24.630499999999998,2.7094000000000023,AAII Investor Sentiment Survey,https://www.aaii.com/files/surveys/sentiment.xls,https://www.aaii.com/sentimentsurvey/sent_results,conservative_proxy_publication_thursday_after_survey_week,True,True,False,False
2015-06-11,2015-06-12,20.0375,47.3783,32.5843,-12.546799999999998,AAII Investor Sentiment Survey,https://www.aaii.com/files/surveys/sentiment.xls,https://www.aaii.com/sentimentsurvey/sent_results,conservative_proxy_publication_thursday_after_survey_week,True,True,False,False
2015-06-18,2015-06-19,25.4083,40.2904,34.3013,-8.892999999999997,AAII Investor Sentiment Survey,https://www.aaii.com/files/surveys/sentiment.xls,https://www.aaii.com/sentimentsurvey/sent_results,conservative_proxy_publication_thursday_after_survey_week,True,True,False,False
2015-06-25,2015-06-26,35.5556,42.7778,21.6667,13.8889,AAII Investor Sentiment Survey,https://www.aaii.com/files/surveys/sentiment.xls,https://www.aaii.com/sentimentsurvey/sent_results,conservative_proxy_publication_thursday_after_survey_week,True,True,False,False
2015-07-02,2015-07-03,22.612099999999998,42.3002,35.0877,-12.4756,AAII Investor Sentiment Survey,https://www.aaii.com/files/surveys/sentiment.xls,https://www.aaii.com/sentimentsurvey/sent_results,conservative_proxy_publication_thursday_after_survey_week,True,True,False,False
2015-07-09,2015-07-10,27.907,42.9175,29.1755,-1.2684999999999995,AAII Investor Sentiment Survey,https://www.aaii.com/files/surveys/sentiment.xls,https://www.aaii.com/sentimentsurvey/sent_results,conservative_proxy_publication_thursday_after_survey_week,True,True,False,False
2015-07-16,2015-07-17,30.8108,45.9459,23.2432,7.567599999999999,AAII Investor Sentiment Survey,https://www.aaii.com/files/surveys/sentiment.xls,https://www.aaii.com/sentimentsurvey/sent_results,conservative_proxy_publication_thursday_after_survey_week,True,True,False,False
2015-07-23,2015-07-24,32.54,41.870000000000005,25.6,6.939999999999998,AAII Investor Sentiment Survey,https://www.aaii.com/files/surveys/sentiment.xls,https://www.aaii.com/sentimentsurvey/sent_results,conservative_proxy_publication_thursday_after_survey_week,True,True,False,False
2015-07-30,2015-07-31,21.1055,38.191,40.7035,-19.598,AAII Investor Sentiment Survey,https://www.aaii.com/files/surveys/sentiment.xls,https://www.aaii.com/sentimentsurvey/sent_results,conservative_proxy_publication_thursday_after_survey_week,True,True,False,False
2015-08-06,2015-08-07,24.3187,44.0252,31.656200000000002,-7.337500000000002,AAII Investor Sentiment Survey,https://www.aaii.com/files/surveys/sentiment.xls,https://www.aaii.com/sentimentsurvey/sent_results,conservative_proxy_publication_thursday_after_survey_week,True,True,False,False
2015-08-13,2015-08-14,30.4519,33.3988,36.149300000000004,-5.697400000000005,AAII Investor Sentiment Survey,https://www.aaii.com/files/surveys/sentiment.xls,https://www.aaii.com/sentimentsurvey/sent_results,conservative_proxy_publication_thursday_after_survey_week,True,True,False,False
2015-08-20,2015-08-21,26.8199,39.8467,33.3333,-6.513400000000001,AAII Investor Sentiment Survey,https://www.aaii.com/files/surveys/sentiment.xls,https://www.aaii.com/sentimentsurvey/sent_results,conservative_proxy_publication_thursday_after_survey_week,True,True,False,False
2015-08-27,2015-08-28,32.5,29.230800000000002,38.2692,-5.769199999999998,AAII Investor Sentiment Survey,https://www.aaii.com/files/surveys/sentiment.xls,https://www.aaii.com/sentimentsurvey/sent_results,conservative_proxy_publication_thursday_after_survey_week,True,True,False,False
2015-09-03,2015-09-04,32.384299999999996,35.9431,31.6726,0.7116999999999969,AAII Investor Sentiment Survey,https://www.aaii.com/files/surveys/sentiment.xls,https://www.aaii.com/sentimentsurvey/sent_results,conservative_proxy_publication_thursday_after_survey_week,True,True,False,False
2015-09-10,2015-09-11,34.6499,30.341099999999997,35.009,-0.359099999999998,AAII Investor Sentiment Survey,https://www.aaii.com/files/surveys/sentiment.xls,https://www.aaii.com/sentimentsurvey/sent_results,conservative_proxy_publication_thursday_after_survey_week,True,True,False,False
2015-09-17,2015-09-18,33.264500000000005,37.6033,29.1322,4.132300000000004,AAII Investor Sentiment Survey,https://www.aaii.com/files/surveys/sentiment.xls,https://www.aaii.com/sentimentsurvey/sent_results,conservative_proxy_publication_thursday_after_survey_week,True,True,False,False
2015-09-24,2015-09-25,32.1199,39.1863,28.693800000000003,3.426099999999998,AAII Investor Sentiment Survey,https://www.aaii.com/files/surveys/sentiment.xls,https://www.aaii.com/sentimentsurvey/sent_results,conservative_proxy_publication_thursday_after_survey_week,True,True,False,False
2015-10-01,2015-10-02,28.105900000000002,31.9756,39.9185,-11.8126,AAII Investor Sentiment Survey,https://www.aaii.com/files/surveys/sentiment.xls,https://www.aaii.com/sentimentsurvey/sent_results,conservative_proxy_publication_thursday_after_survey_week,True,True,False,False
2015-10-08,2015-10-09,37.5238,34.285700000000006,28.1905,9.333300000000001,AAII Investor Sentiment Survey,https://www.aaii.com/files/surveys/sentiment.xls,https://www.aaii.com/sentimentsurvey/sent_results,conservative_proxy_publication_thursday_after_survey_week,True,True,False,False
2015-10-15,2015-10-16,34.0816,38.7755,27.142899999999997,6.938700000000004,AAII Investor Sentiment Survey,https://www.aaii.com/files/surveys/sentiment.xls,https://www.aaii.com/sentimentsurvey/sent_results,conservative_proxy_publication_thursday_after_survey_week,True,True,False,False
2015-10-22,2015-10-23,34.7656,41.2109,24.0234,10.7422,AAII Investor Sentiment Survey,https://www.aaii.com/files/surveys/sentiment.xls,https://www.aaii.com/sentimentsurvey/sent_results,conservative_proxy_publication_thursday_after_survey_week,True,True,False,False
2015-10-29,2015-10-30,40.3922,39.0196,20.5882,19.804000000000002,AAII Investor Sentiment Survey,https://www.aaii.com/files/surveys/sentiment.xls,https://www.aaii.com/sentimentsurvey/sent_results,conservative_proxy_publication_thursday_after_survey_week,True,True,False,False
2015-11-05,2015-11-06,39.0,42.4,18.6,20.4,AAII Investor Sentiment Survey,https://www.aaii.com/files/surveys/sentiment.xls,https://www.aaii.com/sentimentsurvey/sent_results,conservative_proxy_publication_thursday_after_survey_week,True,True,False,False
2015-11-12,2015-11-13,34.2723,42.723,23.0047,11.267600000000002,AAII Investor Sentiment Survey,https://www.aaii.com/files/surveys/sentiment.xls,https://www.aaii.com/sentimentsurvey/sent_results,conservative_proxy_publication_thursday_after_survey_week,True,True,False,False
2015-11-19,2015-11-20,30.7692,38.6813,30.549500000000002,0.21969999999999956,AAII Investor Sentiment Survey,https://www.aaii.com/files/surveys/sentiment.xls,https://www.aaii.com/sentimentsurvey/sent_results,conservative_proxy_publication_thursday_after_survey_week,True,True,False,False
2015-11-26,2015-11-27,32.3601,41.605799999999995,26.0341,6.326000000000004,AAII Investor Sentiment Survey,https://www.aaii.com/files/surveys/sentiment.xls,https://www.aaii.com/sentimentsurvey/sent_results,conservative_proxy_publication_thursday_after_survey_week,True,True,False,False
2015-12-03,2015-12-04,29.4931,49.308800000000005,21.1982,8.294899999999998,AAII Investor Sentiment Survey,https://www.aaii.com/files/surveys/sentiment.xls,https://www.aaii.com/sentimentsurvey/sent_results,conservative_proxy_publication_thursday_after_survey_week,True,True,False,False
2015-12-10,2015-12-11,28.5057,41.6092,29.885099999999998,-1.3793999999999969,AAII Investor Sentiment Survey,https://www.aaii.com/files/surveys/sentiment.xls,https://www.aaii.com/sentimentsurvey/sent_results,conservative_proxy_publication_thursday_after_survey_week,True,True,False,False
2015-12-17,2015-12-18,23.8663,36.7542,39.3795,-15.513200000000001,AAII Investor Sentiment Survey,https://www.aaii.com/files/surveys/sentiment.xls,https://www.aaii.com/sentimentsurvey/sent_results,conservative_proxy_publication_thursday_after_survey_week,True,True,False,False
2015-12-24,2015-12-25,26.380399999999998,42.126799999999996,31.4928,-5.112400000000001,AAII Investor Sentiment Survey,https://www.aaii.com/files/surveys/sentiment.xls,https://www.aaii.com/sentimentsurvey/sent_results,conservative_proxy_publication_thursday_after_survey_week,True,True,False,False
2015-12-31,2016-01-01,25.072899999999997,51.312000000000005,23.6152,1.4576999999999956,AAII Investor Sentiment Survey,https://www.aaii.com/files/surveys/sentiment.xls,https://www.aaii.com/sentimentsurvey/sent_results,conservative_proxy_publication_thursday_after_survey_week,True,True,False,False
2016-01-07,2016-01-08,22.1739,39.5652,38.2609,-16.087,AAII Investor Sentiment Survey,https://www.aaii.com/files/surveys/sentiment.xls,https://www.aaii.com/sentimentsurvey/sent_results,conservative_proxy_publication_thursday_after_survey_week,True,True,False,False
2016-01-14,2016-01-15,17.8988,36.5759,45.5253,-27.6265,AAII Investor Sentiment Survey,https://www.aaii.com/files/surveys/sentiment.xls,https://www.aaii.com/sentimentsurvey/sent_results,conservative_proxy_publication_thursday_after_survey_week,True,True,False,False
2016-01-21,2016-01-22,21.521,29.773500000000002,48.7055,-27.1845,AAII Investor Sentiment Survey,https://www.aaii.com/files/surveys/sentiment.xls,https://www.aaii.com/sentimentsurvey/sent_results,conservative_proxy_publication_thursday_after_survey_week,True,True,False,False
2016-01-28,2016-01-29,29.7535,30.2817,39.9648,-10.211299999999998,AAII Investor Sentiment Survey,https://www.aaii.com/files/surveys/sentiment.xls,https://www.aaii.com/sentimentsurvey/sent_results,conservative_proxy_publication_thursday_after_survey_week,True,True,False,False
2016-02-04,2016-02-05,27.5472,37.735800000000005,34.717,-7.169799999999999,AAII Investor Sentiment Survey,https://www.aaii.com/files/surveys/sentiment.xls,https://www.aaii.com/sentimentsurvey/sent_results,conservative_proxy_publication_thursday_after_survey_week,True,True,False,False
2016-02-11,2016-02-12,19.2385,32.0641,48.6974,-29.458900000000003,AAII Investor Sentiment Survey,https://www.aaii.com/files/surveys/sentiment.xls,https://www.aaii.com/sentimentsurvey/sent_results,conservative_proxy_publication_thursday_after_survey_week,True,True,False,False
2016-02-18,2016-02-19,27.560499999999998,34.6369,37.8026,-10.2421,AAII Investor Sentiment Survey,https://www.aaii.com/files/surveys/sentiment.xls,https://www.aaii.com/sentimentsurvey/sent_results,conservative_proxy_publication_thursday_after_survey_week,True,True,False,False
2016-02-25,2016-02-26,31.194699999999997,37.3894,31.4159,-0.22120000000000317,AAII Investor Sentiment Survey,https://www.aaii.com/files/surveys/sentiment.xls,https://www.aaii.com/sentimentsurvey/sent_results,conservative_proxy_publication_thursday_after_survey_week,True,True,False,False
2016-03-03,2016-03-04,32.0158,38.7352,29.249000000000002,2.7667999999999964,AAII Investor Sentiment Survey,https://www.aaii.com/files/surveys/sentiment.xls,https://www.aaii.com/sentimentsurvey/sent_results,conservative_proxy_publication_thursday_after_survey_week,True,True,False,False
2016-03-10,2016-03-11,37.357600000000005,38.2688,24.3736,12.984000000000005,AAII Investor Sentiment Survey,https://www.aaii.com/files/surveys/sentiment.xls,https://www.aaii.com/sentimentsurvey/sent_results,conservative_proxy_publication_thursday_after_survey_week,True,True,False,False
2016-03-17,2016-03-18,29.9587,43.181799999999996,26.859499999999997,3.0992000000000033,AAII Investor Sentiment Survey,https://www.aaii.com/files/surveys/sentiment.xls,https://www.aaii.com/sentimentsurvey/sent_results,conservative_proxy_publication_thursday_after_survey_week,True,True,False,False
2016-03-24,2016-03-25,33.7808,42.5056,23.7136,10.0672,AAII Investor Sentiment Survey,https://www.aaii.com/files/surveys/sentiment.xls,https://www.aaii.com/sentimentsurvey/sent_results,conservative_proxy_publication_thursday_after_survey_week,True,True,False,False
2016-03-31,2016-04-01,27.180500000000002,47.0588,25.7606,1.419900000000002,AAII Investor Sentiment Survey,https://www.aaii.com/files/surveys/sentiment.xls,https://www.aaii.com/sentimentsurvey/sent_results,conservative_proxy_publication_thursday_after_survey_week,True,True,False,False
2016-04-07,2016-04-08,32.1918,46.347,21.461199999999998,10.730600000000003,AAII Investor Sentiment Survey,https://www.aaii.com/files/surveys/sentiment.xls,https://www.aaii.com/sentimentsurvey/sent_results,conservative_proxy_publication_thursday_after_survey_week,True,True,False,False
2016-04-14,2016-04-15,27.8481,47.2574,24.8945,2.953599999999998,AAII Investor Sentiment Survey,https://www.aaii.com/files/surveys/sentiment.xls,https://www.aaii.com/sentimentsurvey/sent_results,conservative_proxy_publication_thursday_after_survey_week,True,True,False,False
2016-04-21,2016-04-22,33.4052,42.672399999999996,23.9224,9.482800000000001,AAII Investor Sentiment Survey,https://www.aaii.com/files/surveys/sentiment.xls,https://www.aaii.com/sentimentsurvey/sent_results,conservative_proxy_publication_thursday_after_survey_week,True,True,False,False
2016-04-28,2016-04-29,27.3663,44.032900000000005,28.6008,-1.2345000000000006,AAII Investor Sentiment Survey,https://www.aaii.com/files/surveys/sentiment.xls,https://www.aaii.com/sentimentsurvey/sent_results,conservative_proxy_publication_thursday_after_survey_week,True,True,False,False
2016-05-05,2016-05-06,22.3301,47.3301,30.3398,-8.009699999999999,AAII Investor Sentiment Survey,https://www.aaii.com/files/surveys/sentiment.xls,https://www.aaii.com/sentimentsurvey/sent_results,conservative_proxy_publication_thursday_after_survey_week,True,True,False,False
2016-05-12,2016-05-13,20.4082,48.2993,31.2925,-10.8843,AAII Investor Sentiment Survey,https://www.aaii.com/files/surveys/sentiment.xls,https://www.aaii.com/sentimentsurvey/sent_results,conservative_proxy_publication_thursday_after_survey_week,True,True,False,False
2016-05-19,2016-05-20,19.3384,46.564899999999994,34.0967,-14.758299999999998,AAII Investor Sentiment Survey,https://www.aaii.com/files/surveys/sentiment.xls,https://www.aaii.com/sentimentsurvey/sent_results,conservative_proxy_publication_thursday_after_survey_week,True,True,False,False
2016-05-26,2016-05-27,17.7515,52.86,29.388599999999997,-11.637099999999997,AAII Investor Sentiment Survey,https://www.aaii.com/files/surveys/sentiment.xls,https://www.aaii.com/sentimentsurvey/sent_results,conservative_proxy_publication_thursday_after_survey_week,True,True,False,False
2016-06-02,2016-06-03,30.1676,40.7821,29.0503,1.1173000000000002,AAII Investor Sentiment Survey,https://www.aaii.com/files/surveys/sentiment.xls,https://www.aaii.com/sentimentsurvey/sent_results,conservative_proxy_publication_thursday_after_survey_week,True,True,False,False
2016-06-09,2016-06-10,27.831699999999998,44.3366,27.831699999999998,0.0,AAII Investor Sentiment Survey,https://www.aaii.com/files/surveys/sentiment.xls,https://www.aaii.com/sentimentsurvey/sent_results,conservative_proxy_publication_thursday_after_survey_week,True,True,False,False
2016-06-16,2016-06-17,25.347199999999997,37.1528,37.5,-12.152800000000003,AAII Investor Sentiment Survey,https://www.aaii.com/files/surveys/sentiment.xls,https://www.aaii.com/sentimentsurvey/sent_results,conservative_proxy_publication_thursday_after_survey_week,True,True,False,False
2016-06-23,2016-06-24,21.9697,42.803000000000004,35.2273,-13.2576,AAII Investor Sentiment Survey,https://www.aaii.com/files/surveys/sentiment.xls,https://www.aaii.com/sentimentsurvey/sent_results,conservative_proxy_publication_thursday_after_survey_week,True,True,False,False
2016-06-30,2016-07-01,28.9125,37.6658,33.421800000000005,-4.509300000000003,AAII Investor Sentiment Survey,https://www.aaii.com/files/surveys/sentiment.xls,https://www.aaii.com/sentimentsurvey/sent_results,conservative_proxy_publication_thursday_after_survey_week,True,True,False,False
2016-07-07,2016-07-08,31.057299999999998,42.2907,26.651999999999997,4.4053,AAII Investor Sentiment Survey,https://www.aaii.com/files/surveys/sentiment.xls,https://www.aaii.com/sentimentsurvey/sent_results,conservative_proxy_publication_thursday_after_survey_week,True,True,False,False
2016-07-14,2016-07-15,36.8664,38.709700000000005,24.424,12.4424,AAII Investor Sentiment Survey,https://www.aaii.com/files/surveys/sentiment.xls,https://www.aaii.com/sentimentsurvey/sent_results,conservative_proxy_publication_thursday_after_survey_week,True,True,False,False
2016-07-21,2016-07-22,35.4251,37.8543,26.7206,8.7045,AAII Investor Sentiment Survey,https://www.aaii.com/files/surveys/sentiment.xls,https://www.aaii.com/sentimentsurvey/sent_results,conservative_proxy_publication_thursday_after_survey_week,True,True,False,False
2016-07-28,2016-07-29,31.25,40.340900000000005,28.4091,2.8409000000000013,AAII Investor Sentiment Survey,https://www.aaii.com/files/surveys/sentiment.xls,https://www.aaii.com/sentimentsurvey/sent_results,conservative_proxy_publication_thursday_after_survey_week,True,True,False,False
2016-08-04,2016-08-05,29.787200000000002,43.439699999999995,26.773000000000003,3.014199999999999,AAII Investor Sentiment Survey,https://www.aaii.com/files/surveys/sentiment.xls,https://www.aaii.com/sentimentsurvey/sent_results,conservative_proxy_publication_thursday_after_survey_week,True,True,False,False
2016-08-11,2016-08-12,31.2925,41.9501,26.757399999999997,4.5351000000000035,AAII Investor Sentiment Survey,https://www.aaii.com/files/surveys/sentiment.xls,https://www.aaii.com/sentimentsurvey/sent_results,conservative_proxy_publication_thursday_after_survey_week,True,True,False,False
2016-08-18,2016-08-19,35.5649,38.0753,26.3598,9.205100000000002,AAII Investor Sentiment Survey,https://www.aaii.com/files/surveys/sentiment.xls,https://www.aaii.com/sentimentsurvey/sent_results,conservative_proxy_publication_thursday_after_survey_week,True,True,False,False
2016-08-25,2016-08-26,29.4243,40.9382,29.6375,-0.2132000000000005,AAII Investor Sentiment Survey,https://www.aaii.com/files/surveys/sentiment.xls,https://www.aaii.com/sentimentsurvey/sent_results,conservative_proxy_publication_thursday_after_survey_week,True,True,False,False
2016-09-01,2016-09-02,28.599999999999998,39.87,31.52,-2.9200000000000017,AAII Investor Sentiment Survey,https://www.aaii.com/files/surveys/sentiment.xls,https://www.aaii.com/sentimentsurvey/sent_results,conservative_proxy_publication_thursday_after_survey_week,True,True,False,False
2016-09-08,2016-09-09,29.7468,41.7722,28.481,1.2657999999999987,AAII Investor Sentiment Survey,https://www.aaii.com/files/surveys/sentiment.xls,https://www.aaii.com/sentimentsurvey/sent_results,conservative_proxy_publication_thursday_after_survey_week,True,True,False,False
2016-09-15,2016-09-16,27.9379,36.1419,35.9202,-7.982300000000002,AAII Investor Sentiment Survey,https://www.aaii.com/files/surveys/sentiment.xls,https://www.aaii.com/sentimentsurvey/sent_results,conservative_proxy_publication_thursday_after_survey_week,True,True,False,False
2016-09-22,2016-09-23,24.826,36.891,38.2831,-13.457099999999997,AAII Investor Sentiment Survey,https://www.aaii.com/files/surveys/sentiment.xls,https://www.aaii.com/sentimentsurvey/sent_results,conservative_proxy_publication_thursday_after_survey_week,True,True,False,False
2016-09-29,2016-09-30,24.0,38.8889,37.1111,-13.1111,AAII Investor Sentiment Survey,https://www.aaii.com/files/surveys/sentiment.xls,https://www.aaii.com/sentimentsurvey/sent_results,conservative_proxy_publication_thursday_after_survey_week,True,True,False,False
2016-10-06,2016-10-07,28.7946,43.303599999999996,27.901799999999998,0.8928000000000011,AAII Investor Sentiment Survey,https://www.aaii.com/files/surveys/sentiment.xls,https://www.aaii.com/sentimentsurvey/sent_results,conservative_proxy_publication_thursday_after_survey_week,True,True,False,False
2016-10-13,2016-10-14,25.471700000000002,40.8019,33.7264,-8.254699999999996,AAII Investor Sentiment Survey,https://www.aaii.com/files/surveys/sentiment.xls,https://www.aaii.com/sentimentsurvey/sent_results,conservative_proxy_publication_thursday_after_survey_week,True,True,False,False
2016-10-20,2016-10-21,23.7395,38.4454,37.8151,-14.075600000000001,AAII Investor Sentiment Survey,https://www.aaii.com/files/surveys/sentiment.xls,https://www.aaii.com/sentimentsurvey/sent_results,conservative_proxy_publication_thursday_after_survey_week,True,True,False,False
2016-10-27,2016-10-28,24.7549,41.1765,34.068599999999996,-9.313699999999997,AAII Investor Sentiment Survey,https://www.aaii.com/files/surveys/sentiment.xls,https://www.aaii.com/sentimentsurvey/sent_results,conservative_proxy_publication_thursday_after_survey_week,True,True,False,False
2016-11-03,2016-11-04,23.6364,42.045500000000004,34.3182,-10.681799999999999,AAII Investor Sentiment Survey,https://www.aaii.com/files/surveys/sentiment.xls,https://www.aaii.com/sentimentsurvey/sent_results,conservative_proxy_publication_thursday_after_survey_week,True,True,False,False
2016-11-10,2016-11-11,38.8889,31.7778,29.3333,9.555599999999998,AAII Investor Sentiment Survey,https://www.aaii.com/files/surveys/sentiment.xls,https://www.aaii.com/sentimentsurvey/sent_results,conservative_proxy_publication_thursday_after_survey_week,True,True,False,False
2016-11-17,2016-11-18,46.653099999999995,26.7748,26.572000000000003,20.081099999999992,AAII Investor Sentiment Survey,https://www.aaii.com/files/surveys/sentiment.xls,https://www.aaii.com/sentimentsurvey/sent_results,conservative_proxy_publication_thursday_after_survey_week,True,True,False,False
2016-11-24,2016-11-25,49.8938,28.025499999999997,22.0807,27.8131,AAII Investor Sentiment Survey,https://www.aaii.com/files/surveys/sentiment.xls,https://www.aaii.com/sentimentsurvey/sent_results,conservative_proxy_publication_thursday_after_survey_week,True,True,False,False
2016-12-01,2016-12-02,43.7751,31.124499999999998,25.1004,18.6747,AAII Investor Sentiment Survey,https://www.aaii.com/files/surveys/sentiment.xls,https://www.aaii.com/sentimentsurvey/sent_results,conservative_proxy_publication_thursday_after_survey_week,True,True,False,False
2016-12-08,2016-12-09,43.1211,30.390099999999997,26.488699999999998,16.6324,AAII Investor Sentiment Survey,https://www.aaii.com/files/surveys/sentiment.xls,https://www.aaii.com/sentimentsurvey/sent_results,conservative_proxy_publication_thursday_after_survey_week,True,True,False,False
2016-12-15,2016-12-16,44.6575,23.0137,32.3288,12.328699999999998,AAII Investor Sentiment Survey,https://www.aaii.com/files/surveys/sentiment.xls,https://www.aaii.com/sentimentsurvey/sent_results,conservative_proxy_publication_thursday_after_survey_week,True,True,False,False
2016-12-22,2016-12-23,44.6064,26.239099999999997,29.1545,15.451900000000002,AAII Investor Sentiment Survey,https://www.aaii.com/files/surveys/sentiment.xls,https://www.aaii.com/sentimentsurvey/sent_results,conservative_proxy_publication_thursday_after_survey_week,True,True,False,False
2016-12-29,2016-12-30,45.5696,28.692,25.7384,19.831200000000003,AAII Investor Sentiment Survey,https://www.aaii.com/files/surveys/sentiment.xls,https://www.aaii.com/sentimentsurvey/sent_results,conservative_proxy_publication_thursday_after_survey_week,True,True,False,False
2017-01-05,2017-01-06,46.200599999999994,28.571400000000004,25.228,20.972599999999993,AAII Investor Sentiment Survey,https://www.aaii.com/files/surveys/sentiment.xls,https://www.aaii.com/sentimentsurvey/sent_results,conservative_proxy_publication_thursday_after_survey_week,True,True,False,False
2017-01-12,2017-01-13,43.636399999999995,29.393900000000002,26.969700000000003,16.66669999999999,AAII Investor Sentiment Survey,https://www.aaii.com/files/surveys/sentiment.xls,https://www.aaii.com/sentimentsurvey/sent_results,conservative_proxy_publication_thursday_after_survey_week,True,True,False,False
2017-01-19,2017-01-20,37.0079,30.314999999999998,32.6772,4.3307,AAII Investor Sentiment Survey,https://www.aaii.com/files/surveys/sentiment.xls,https://www.aaii.com/sentimentsurvey/sent_results,conservative_proxy_publication_thursday_after_survey_week,True,True,False,False
2017-01-26,2017-01-27,31.578899999999997,34.9282,33.4928,-1.9139000000000053,AAII Investor Sentiment Survey,https://www.aaii.com/files/surveys/sentiment.xls,https://www.aaii.com/sentimentsurvey/sent_results,conservative_proxy_publication_thursday_after_survey_week,True,True,False,False
2017-02-02,2017-02-03,32.7982,33.027499999999996,34.1743,-1.376100000000001,AAII Investor Sentiment Survey,https://www.aaii.com/files/surveys/sentiment.xls,https://www.aaii.com/sentimentsurvey/sent_results,conservative_proxy_publication_thursday_after_survey_week,True,True,False,False
2017-02-09,2017-02-10,35.802499999999995,36.5432,27.6543,8.148199999999996,AAII Investor Sentiment Survey,https://www.aaii.com/files/surveys/sentiment.xls,https://www.aaii.com/sentimentsurvey/sent_results,conservative_proxy_publication_thursday_after_survey_week,True,True,False,False
2017-02-16,2017-02-17,33.0909,34.545500000000004,32.3636,0.7272999999999996,AAII Investor Sentiment Survey,https://www.aaii.com/files/surveys/sentiment.xls,https://www.aaii.com/sentimentsurvey/sent_results,conservative_proxy_publication_thursday_after_survey_week,True,True,False,False
2017-02-23,2017-02-24,38.4615,29.230800000000002,32.3077,6.153800000000004,AAII Investor Sentiment Survey,https://www.aaii.com/files/surveys/sentiment.xls,https://www.aaii.com/sentimentsurvey/sent_results,conservative_proxy_publication_thursday_after_survey_week,True,True,False,False
2017-03-02,2017-03-03,37.908500000000004,26.4706,35.6209,2.2876000000000047,AAII Investor Sentiment Survey,https://www.aaii.com/files/surveys/sentiment.xls,https://www.aaii.com/sentimentsurvey/sent_results,conservative_proxy_publication_thursday_after_survey_week,True,True,False,False
2017-03-09,2017-03-10,30.0,23.5,46.5,-16.5,AAII Investor Sentiment Survey,https://www.aaii.com/files/surveys/sentiment.xls,https://www.aaii.com/sentimentsurvey/sent_results,conservative_proxy_publication_thursday_after_survey_week,True,True,False,False
2017-03-16,2017-03-17,31.1688,30.1299,38.701299999999996,-7.532499999999995,AAII Investor Sentiment Survey,https://www.aaii.com/files/surveys/sentiment.xls,https://www.aaii.com/sentimentsurvey/sent_results,conservative_proxy_publication_thursday_after_survey_week,True,True,False,False
2017-03-23,2017-03-24,35.2785,34.2175,30.503999999999998,4.774500000000003,AAII Investor Sentiment Survey,https://www.aaii.com/files/surveys/sentiment.xls,https://www.aaii.com/sentimentsurvey/sent_results,conservative_proxy_publication_thursday_after_survey_week,True,True,False,False
2017-03-30,2017-03-31,30.218099999999996,32.3988,37.3832,-7.165100000000006,AAII Investor Sentiment Survey,https://www.aaii.com/files/surveys/sentiment.xls,https://www.aaii.com/sentimentsurvey/sent_results,conservative_proxy_publication_thursday_after_survey_week,True,True,False,False
2017-04-06,2017-04-07,28.301900000000003,32.0755,39.622600000000006,-11.320700000000002,AAII Investor Sentiment Survey,https://www.aaii.com/files/surveys/sentiment.xls,https://www.aaii.com/sentimentsurvey/sent_results,conservative_proxy_publication_thursday_after_survey_week,True,True,False,False
2017-04-13,2017-04-14,28.971999999999998,33.6449,37.3832,-8.411200000000004,AAII Investor Sentiment Survey,https://www.aaii.com/files/surveys/sentiment.xls,https://www.aaii.com/sentimentsurvey/sent_results,conservative_proxy_publication_thursday_after_survey_week,True,True,False,False
2017-04-20,2017-04-21,25.706200000000003,35.5932,38.7006,-12.994399999999999,AAII Investor Sentiment Survey,https://www.aaii.com/files/surveys/sentiment.xls,https://www.aaii.com/sentimentsurvey/sent_results,conservative_proxy_publication_thursday_after_survey_week,True,True,False,False
2017-04-27,2017-04-28,38.0488,30.2439,31.7073,6.3415,AAII Investor Sentiment Survey,https://www.aaii.com/files/surveys/sentiment.xls,https://www.aaii.com/sentimentsurvey/sent_results,conservative_proxy_publication_thursday_after_survey_week,True,True,False,False
2017-05-04,2017-05-05,38.0711,31.9797,29.949199999999998,8.121900000000004,AAII Investor Sentiment Survey,https://www.aaii.com/files/surveys/sentiment.xls,https://www.aaii.com/sentimentsurvey/sent_results,conservative_proxy_publication_thursday_after_survey_week,True,True,False,False
2017-05-11,2017-05-12,32.7338,37.0504,30.215799999999998,2.5180000000000042,AAII Investor Sentiment Survey,https://www.aaii.com/files/surveys/sentiment.xls,https://www.aaii.com/sentimentsurvey/sent_results,conservative_proxy_publication_thursday_after_survey_week,True,True,False,False
2017-05-18,2017-05-19,23.8532,41.896,34.2508,-10.397599999999997,AAII Investor Sentiment Survey,https://www.aaii.com/files/surveys/sentiment.xls,https://www.aaii.com/sentimentsurvey/sent_results,conservative_proxy_publication_thursday_after_survey_week,True,True,False,False
2017-05-25,2017-05-26,32.8571,37.1429,30.0,2.8571000000000026,AAII Investor Sentiment Survey,https://www.aaii.com/files/surveys/sentiment.xls,https://www.aaii.com/sentimentsurvey/sent_results,conservative_proxy_publication_thursday_after_survey_week,True,True,False,False
2017-06-01,2017-06-02,26.923099999999998,41.5385,31.538500000000003,-4.615400000000005,AAII Investor Sentiment Survey,https://www.aaii.com/files/surveys/sentiment.xls,https://www.aaii.com/sentimentsurvey/sent_results,conservative_proxy_publication_thursday_after_survey_week,True,True,False,False
2017-06-08,2017-06-09,35.4331,35.0394,29.5276,5.9055000000000035,AAII Investor Sentiment Survey,https://www.aaii.com/files/surveys/sentiment.xls,https://www.aaii.com/sentimentsurvey/sent_results,conservative_proxy_publication_thursday_after_survey_week,True,True,False,False
2017-06-15,2017-06-16,32.270900000000005,38.247,29.4821,2.7888000000000055,AAII Investor Sentiment Survey,https://www.aaii.com/files/surveys/sentiment.xls,https://www.aaii.com/sentimentsurvey/sent_results,conservative_proxy_publication_thursday_after_survey_week,True,True,False,False
2017-06-22,2017-06-23,32.6531,38.435399999999994,28.9116,3.741500000000002,AAII Investor Sentiment Survey,https://www.aaii.com/files/surveys/sentiment.xls,https://www.aaii.com/sentimentsurvey/sent_results,conservative_proxy_publication_thursday_after_survey_week,True,True,False,False
2017-06-29,2017-06-30,29.714299999999998,43.4286,26.8571,2.857199999999999,AAII Investor Sentiment Survey,https://www.aaii.com/files/surveys/sentiment.xls,https://www.aaii.com/sentimentsurvey/sent_results,conservative_proxy_publication_thursday_after_survey_week,True,True,False,False
2017-07-06,2017-07-07,29.5775,40.5634,29.8592,-0.2817000000000007,AAII Investor Sentiment Survey,https://www.aaii.com/files/surveys/sentiment.xls,https://www.aaii.com/sentimentsurvey/sent_results,conservative_proxy_publication_thursday_after_survey_week,True,True,False,False
2017-07-13,2017-07-14,28.2407,42.1296,29.6296,-1.3888999999999996,AAII Investor Sentiment Survey,https://www.aaii.com/files/surveys/sentiment.xls,https://www.aaii.com/sentimentsurvey/sent_results,conservative_proxy_publication_thursday_after_survey_week,True,True,False,False
2017-07-20,2017-07-21,35.4839,38.709700000000005,25.8065,9.677399999999999,AAII Investor Sentiment Survey,https://www.aaii.com/files/surveys/sentiment.xls,https://www.aaii.com/sentimentsurvey/sent_results,conservative_proxy_publication_thursday_after_survey_week,True,True,False,False
2017-07-27,2017-07-28,34.4595,41.2162,24.324299999999997,10.135200000000001,AAII Investor Sentiment Survey,https://www.aaii.com/files/surveys/sentiment.xls,https://www.aaii.com/sentimentsurvey/sent_results,conservative_proxy_publication_thursday_after_survey_week,True,True,False,False
2017-08-03,2017-08-04,36.1111,31.7901,32.0988,4.012300000000003,AAII Investor Sentiment Survey,https://www.aaii.com/files/surveys/sentiment.xls,https://www.aaii.com/sentimentsurvey/sent_results,conservative_proxy_publication_thursday_after_survey_week,True,True,False,False
2017-08-10,2017-08-11,33.6667,34.0,32.3333,1.3333999999999975,AAII Investor Sentiment Survey,https://www.aaii.com/files/surveys/sentiment.xls,https://www.aaii.com/sentimentsurvey/sent_results,conservative_proxy_publication_thursday_after_survey_week,True,True,False,False
2017-08-17,2017-08-18,34.1743,33.027499999999996,32.7982,1.376100000000001,AAII Investor Sentiment Survey,https://www.aaii.com/files/surveys/sentiment.xls,https://www.aaii.com/sentimentsurvey/sent_results,conservative_proxy_publication_thursday_after_survey_week,True,True,False,False
2017-08-24,2017-08-25,28.099200000000003,33.6088,38.292,-10.192799999999998,AAII Investor Sentiment Survey,https://www.aaii.com/files/surveys/sentiment.xls,https://www.aaii.com/sentimentsurvey/sent_results,conservative_proxy_publication_thursday_after_survey_week,True,True,False,False
2017-08-31,2017-09-01,25.0,35.1064,39.8936,-14.8936,AAII Investor Sentiment Survey,https://www.aaii.com/files/surveys/sentiment.xls,https://www.aaii.com/sentimentsurvey/sent_results,conservative_proxy_publication_thursday_after_survey_week,True,True,False,False
2017-09-07,2017-09-08,29.2776,34.981,35.7414,-6.463799999999999,AAII Investor Sentiment Survey,https://www.aaii.com/files/surveys/sentiment.xls,https://www.aaii.com/sentimentsurvey/sent_results,conservative_proxy_publication_thursday_after_survey_week,True,True,False,False
2017-09-14,2017-09-15,41.2879,36.742399999999996,21.9697,19.3182,AAII Investor Sentiment Survey,https://www.aaii.com/files/surveys/sentiment.xls,https://www.aaii.com/sentimentsurvey/sent_results,conservative_proxy_publication_thursday_after_survey_week,True,True,False,False
2017-09-21,2017-09-22,40.1361,32.6531,27.2109,12.9252,AAII Investor Sentiment Survey,https://www.aaii.com/files/surveys/sentiment.xls,https://www.aaii.com/sentimentsurvey/sent_results,conservative_proxy_publication_thursday_after_survey_week,True,True,False,False
2017-09-28,2017-09-29,33.3333,37.931,28.7356,4.5977,AAII Investor Sentiment Survey,https://www.aaii.com/files/surveys/sentiment.xls,https://www.aaii.com/sentimentsurvey/sent_results,conservative_proxy_publication_thursday_after_survey_week,True,True,False,False
2017-10-05,2017-10-06,35.6,31.6,32.800000000000004,2.799999999999997,AAII Investor Sentiment Survey,https://www.aaii.com/files/surveys/sentiment.xls,https://www.aaii.com/sentimentsurvey/sent_results,conservative_proxy_publication_thursday_after_survey_week,True,True,False,False
2017-10-12,2017-10-13,39.7661,33.3333,26.9006,12.8655,AAII Investor Sentiment Survey,https://www.aaii.com/files/surveys/sentiment.xls,https://www.aaii.com/sentimentsurvey/sent_results,conservative_proxy_publication_thursday_after_survey_week,True,True,False,False
2017-10-19,2017-10-20,37.931,34.1379,27.931,9.999999999999996,AAII Investor Sentiment Survey,https://www.aaii.com/files/surveys/sentiment.xls,https://www.aaii.com/sentimentsurvey/sent_results,conservative_proxy_publication_thursday_after_survey_week,True,True,False,False
2017-10-26,2017-10-27,39.6396,27.327299999999997,33.033,6.6066,AAII Investor Sentiment Survey,https://www.aaii.com/files/surveys/sentiment.xls,https://www.aaii.com/sentimentsurvey/sent_results,conservative_proxy_publication_thursday_after_survey_week,True,True,False,False
2017-11-02,2017-11-03,45.054899999999996,26.373600000000003,28.571400000000004,16.483499999999992,AAII Investor Sentiment Survey,https://www.aaii.com/files/surveys/sentiment.xls,https://www.aaii.com/sentimentsurvey/sent_results,conservative_proxy_publication_thursday_after_survey_week,True,True,False,False
2017-11-09,2017-11-10,45.1049,31.8182,23.076900000000002,22.028,AAII Investor Sentiment Survey,https://www.aaii.com/files/surveys/sentiment.xls,https://www.aaii.com/sentimentsurvey/sent_results,conservative_proxy_publication_thursday_after_survey_week,True,True,False,False
2017-11-16,2017-11-17,29.347800000000003,35.4348,35.2174,-5.869599999999995,AAII Investor Sentiment Survey,https://www.aaii.com/files/surveys/sentiment.xls,https://www.aaii.com/sentimentsurvey/sent_results,conservative_proxy_publication_thursday_after_survey_week,True,True,False,False
2017-11-23,2017-11-24,35.493,35.493,29.0141,6.478900000000003,AAII Investor Sentiment Survey,https://www.aaii.com/files/surveys/sentiment.xls,https://www.aaii.com/sentimentsurvey/sent_results,conservative_proxy_publication_thursday_after_survey_week,True,True,False,False
2017-11-30,2017-12-01,35.945899999999995,32.4324,31.6216,4.324299999999994,AAII Investor Sentiment Survey,https://www.aaii.com/files/surveys/sentiment.xls,https://www.aaii.com/sentimentsurvey/sent_results,conservative_proxy_publication_thursday_after_survey_week,True,True,False,False
2017-12-07,2017-12-08,36.8771,28.9037,34.219300000000004,2.6577999999999946,AAII Investor Sentiment Survey,https://www.aaii.com/files/surveys/sentiment.xls,https://www.aaii.com/sentimentsurvey/sent_results,conservative_proxy_publication_thursday_after_survey_week,True,True,False,False
2017-12-14,2017-12-15,45.0,26.875,28.125,16.875,AAII Investor Sentiment Survey,https://www.aaii.com/files/surveys/sentiment.xls,https://www.aaii.com/sentimentsurvey/sent_results,conservative_proxy_publication_thursday_after_survey_week,True,True,False,False
2017-12-21,2017-12-22,50.497499999999995,23.880599999999998,25.621899999999997,24.8756,AAII Investor Sentiment Survey,https://www.aaii.com/files/surveys/sentiment.xls,https://www.aaii.com/sentimentsurvey/sent_results,conservative_proxy_publication_thursday_after_survey_week,True,True,False,False
2017-12-28,2017-12-29,52.6455,26.7196,20.634900000000002,32.0106,AAII Investor Sentiment Survey,https://www.aaii.com/files/surveys/sentiment.xls,https://www.aaii.com/sentimentsurvey/sent_results,conservative_proxy_publication_thursday_after_survey_week,True,True,False,False
2018-01-04,2018-01-05,59.7531,24.691399999999998,15.5556,44.197500000000005,AAII Investor Sentiment Survey,https://www.aaii.com/files/surveys/sentiment.xls,https://www.aaii.com/sentimentsurvey/sent_results,conservative_proxy_publication_thursday_after_survey_week,True,True,False,False
2018-01-11,2018-01-12,48.6726,26.253700000000002,25.0737,23.598900000000004,AAII Investor Sentiment Survey,https://www.aaii.com/files/surveys/sentiment.xls,https://www.aaii.com/sentimentsurvey/sent_results,conservative_proxy_publication_thursday_after_survey_week,True,True,False,False
2018-01-18,2018-01-19,54.113299999999995,24.4973,21.3894,32.7239,AAII Investor Sentiment Survey,https://www.aaii.com/files/surveys/sentiment.xls,https://www.aaii.com/sentimentsurvey/sent_results,conservative_proxy_publication_thursday_after_survey_week,True,True,False,False
2018-01-25,2018-01-26,45.454499999999996,30.5195,24.026,21.428499999999996,AAII Investor Sentiment Survey,https://www.aaii.com/files/surveys/sentiment.xls,https://www.aaii.com/sentimentsurvey/sent_results,conservative_proxy_publication_thursday_after_survey_week,True,True,False,False
2018-02-01,2018-02-02,44.7712,26.4706,28.758200000000002,16.012999999999998,AAII Investor Sentiment Survey,https://www.aaii.com/files/surveys/sentiment.xls,https://www.aaii.com/sentimentsurvey/sent_results,conservative_proxy_publication_thursday_after_survey_week,True,True,False,False
2018-02-08,2018-02-09,37.0277,27.959699999999998,35.0126,2.015100000000004,AAII Investor Sentiment Survey,https://www.aaii.com/files/surveys/sentiment.xls,https://www.aaii.com/sentimentsurvey/sent_results,conservative_proxy_publication_thursday_after_survey_week,True,True,False,False
2018-02-15,2018-02-16,48.519400000000005,30.068299999999997,21.412300000000002,27.107100000000003,AAII Investor Sentiment Survey,https://www.aaii.com/files/surveys/sentiment.xls,https://www.aaii.com/sentimentsurvey/sent_results,conservative_proxy_publication_thursday_after_survey_week,True,True,False,False
2018-02-22,2018-02-23,44.6512,32.5581,22.7907,21.860500000000002,AAII Investor Sentiment Survey,https://www.aaii.com/files/surveys/sentiment.xls,https://www.aaii.com/sentimentsurvey/sent_results,conservative_proxy_publication_thursday_after_survey_week,True,True,False,False
2018-03-01,2018-03-02,37.2832,39.306400000000004,23.4104,13.872800000000002,AAII Investor Sentiment Survey,https://www.aaii.com/files/surveys/sentiment.xls,https://www.aaii.com/sentimentsurvey/sent_results,conservative_proxy_publication_thursday_after_survey_week,True,True,False,False
2018-03-08,2018-03-09,26.4026,45.2145,28.382800000000003,-1.9802000000000035,AAII Investor Sentiment Survey,https://www.aaii.com/files/surveys/sentiment.xls,https://www.aaii.com/sentimentsurvey/sent_results,conservative_proxy_publication_thursday_after_survey_week,True,True,False,False
2018-03-15,2018-03-16,36.8421,41.8283,21.329600000000003,15.5125,AAII Investor Sentiment Survey,https://www.aaii.com/files/surveys/sentiment.xls,https://www.aaii.com/sentimentsurvey/sent_results,conservative_proxy_publication_thursday_after_survey_week,True,True,False,False
2018-03-22,2018-03-23,33.234399999999994,38.2789,28.4866,4.7477999999999945,AAII Investor Sentiment Survey,https://www.aaii.com/files/surveys/sentiment.xls,https://www.aaii.com/sentimentsurvey/sent_results,conservative_proxy_publication_thursday_after_survey_week,True,True,False,False
2018-03-29,2018-03-30,31.9361,32.7345,35.3293,-3.3932000000000038,AAII Investor Sentiment Survey,https://www.aaii.com/files/surveys/sentiment.xls,https://www.aaii.com/sentimentsurvey/sent_results,conservative_proxy_publication_thursday_after_survey_week,True,True,False,False
2018-04-05,2018-04-06,31.896600000000003,31.465500000000002,36.6379,-4.741299999999999,AAII Investor Sentiment Survey,https://www.aaii.com/files/surveys/sentiment.xls,https://www.aaii.com/sentimentsurvey/sent_results,conservative_proxy_publication_thursday_after_survey_week,True,True,False,False
2018-04-12,2018-04-13,26.087,31.159399999999998,42.753600000000006,-16.666600000000006,AAII Investor Sentiment Survey,https://www.aaii.com/files/surveys/sentiment.xls,https://www.aaii.com/sentimentsurvey/sent_results,conservative_proxy_publication_thursday_after_survey_week,True,True,False,False
2018-04-19,2018-04-20,37.7834,32.9975,29.219099999999997,8.564300000000003,AAII Investor Sentiment Survey,https://www.aaii.com/files/surveys/sentiment.xls,https://www.aaii.com/sentimentsurvey/sent_results,conservative_proxy_publication_thursday_after_survey_week,True,True,False,False
2018-04-26,2018-04-27,36.9085,37.5394,25.5521,11.356399999999997,AAII Investor Sentiment Survey,https://www.aaii.com/files/surveys/sentiment.xls,https://www.aaii.com/sentimentsurvey/sent_results,conservative_proxy_publication_thursday_after_survey_week,True,True,False,False
2018-05-03,2018-05-04,28.3951,41.358,30.2469,-1.8518000000000008,AAII Investor Sentiment Survey,https://www.aaii.com/files/surveys/sentiment.xls,https://www.aaii.com/sentimentsurvey/sent_results,conservative_proxy_publication_thursday_after_survey_week,True,True,False,False
2018-05-10,2018-05-11,33.510600000000004,40.9574,25.5319,7.9787000000000035,AAII Investor Sentiment Survey,https://www.aaii.com/files/surveys/sentiment.xls,https://www.aaii.com/sentimentsurvey/sent_results,conservative_proxy_publication_thursday_after_survey_week,True,True,False,False
2018-05-17,2018-05-18,36.6755,42.7441,20.580499999999997,16.095000000000002,AAII Investor Sentiment Survey,https://www.aaii.com/files/surveys/sentiment.xls,https://www.aaii.com/sentimentsurvey/sent_results,conservative_proxy_publication_thursday_after_survey_week,True,True,False,False
2018-05-24,2018-05-25,38.5621,36.274499999999996,25.163400000000003,13.398699999999998,AAII Investor Sentiment Survey,https://www.aaii.com/files/surveys/sentiment.xls,https://www.aaii.com/sentimentsurvey/sent_results,conservative_proxy_publication_thursday_after_survey_week,True,True,False,False
2018-05-31,2018-06-01,35.018100000000004,38.6282,26.3538,8.664300000000004,AAII Investor Sentiment Survey,https://www.aaii.com/files/surveys/sentiment.xls,https://www.aaii.com/sentimentsurvey/sent_results,conservative_proxy_publication_thursday_after_survey_week,True,True,False,False
2018-06-07,2018-06-08,38.9313,34.3511,26.7176,12.2137,AAII Investor Sentiment Survey,https://www.aaii.com/files/surveys/sentiment.xls,https://www.aaii.com/sentimentsurvey/sent_results,conservative_proxy_publication_thursday_after_survey_week,True,True,False,False
2018-06-14,2018-06-15,44.7802,33.5165,21.7033,23.076900000000002,AAII Investor Sentiment Survey,https://www.aaii.com/files/surveys/sentiment.xls,https://www.aaii.com/sentimentsurvey/sent_results,conservative_proxy_publication_thursday_after_survey_week,True,True,False,False
2018-06-21,2018-06-22,38.7187,35.0975,26.1838,12.534899999999997,AAII Investor Sentiment Survey,https://www.aaii.com/files/surveys/sentiment.xls,https://www.aaii.com/sentimentsurvey/sent_results,conservative_proxy_publication_thursday_after_survey_week,True,True,False,False
2018-06-28,2018-06-29,28.4483,30.7471,40.8046,-12.356300000000001,AAII Investor Sentiment Survey,https://www.aaii.com/files/surveys/sentiment.xls,https://www.aaii.com/sentimentsurvey/sent_results,conservative_proxy_publication_thursday_after_survey_week,True,True,False,False
2018-07-05,2018-07-06,27.855200000000004,32.8691,39.2758,-11.420599999999993,AAII Investor Sentiment Survey,https://www.aaii.com/files/surveys/sentiment.xls,https://www.aaii.com/sentimentsurvey/sent_results,conservative_proxy_publication_thursday_after_survey_week,True,True,False,False
2018-07-12,2018-07-13,43.0508,27.796599999999998,29.152499999999996,13.898300000000006,AAII Investor Sentiment Survey,https://www.aaii.com/files/surveys/sentiment.xls,https://www.aaii.com/sentimentsurvey/sent_results,conservative_proxy_publication_thursday_after_survey_week,True,True,False,False
2018-07-19,2018-07-20,34.6633,40.399,24.9377,9.7256,AAII Investor Sentiment Survey,https://www.aaii.com/files/surveys/sentiment.xls,https://www.aaii.com/sentimentsurvey/sent_results,conservative_proxy_publication_thursday_after_survey_week,True,True,False,False
2018-07-26,2018-07-27,31.521700000000003,41.5761,26.902199999999997,4.619500000000006,AAII Investor Sentiment Survey,https://www.aaii.com/files/surveys/sentiment.xls,https://www.aaii.com/sentimentsurvey/sent_results,conservative_proxy_publication_thursday_after_survey_week,True,True,False,False
2018-08-02,2018-08-03,29.110500000000002,38.814,32.0755,-2.9649999999999963,AAII Investor Sentiment Survey,https://www.aaii.com/files/surveys/sentiment.xls,https://www.aaii.com/sentimentsurvey/sent_results,conservative_proxy_publication_thursday_after_survey_week,True,True,False,False
2018-08-09,2018-08-10,36.3636,32.6019,31.034499999999998,5.3291,AAII Investor Sentiment Survey,https://www.aaii.com/files/surveys/sentiment.xls,https://www.aaii.com/sentimentsurvey/sent_results,conservative_proxy_publication_thursday_after_survey_week,True,True,False,False
2018-08-16,2018-08-17,36.1702,34.7518,29.078,7.092200000000002,AAII Investor Sentiment Survey,https://www.aaii.com/files/surveys/sentiment.xls,https://www.aaii.com/sentimentsurvey/sent_results,conservative_proxy_publication_thursday_after_survey_week,True,True,False,False
2018-08-23,2018-08-24,38.4615,34.4729,27.065499999999997,11.396000000000004,AAII Investor Sentiment Survey,https://www.aaii.com/files/surveys/sentiment.xls,https://www.aaii.com/sentimentsurvey/sent_results,conservative_proxy_publication_thursday_after_survey_week,True,True,False,False
2018-08-30,2018-08-31,43.4959,32.1138,24.3902,19.1057,AAII Investor Sentiment Survey,https://www.aaii.com/files/surveys/sentiment.xls,https://www.aaii.com/sentimentsurvey/sent_results,conservative_proxy_publication_thursday_after_survey_week,True,True,False,False
2018-09-06,2018-09-07,42.2222,31.4815,26.2963,15.925900000000002,AAII Investor Sentiment Survey,https://www.aaii.com/files/surveys/sentiment.xls,https://www.aaii.com/sentimentsurvey/sent_results,conservative_proxy_publication_thursday_after_survey_week,True,True,False,False
2018-09-13,2018-09-14,32.089600000000004,35.074600000000004,32.8358,-0.7461999999999946,AAII Investor Sentiment Survey,https://www.aaii.com/files/surveys/sentiment.xls,https://www.aaii.com/sentimentsurvey/sent_results,conservative_proxy_publication_thursday_after_survey_week,True,True,False,False
2018-09-20,2018-09-21,32.042300000000004,35.9155,32.042300000000004,0.0,AAII Investor Sentiment Survey,https://www.aaii.com/files/surveys/sentiment.xls,https://www.aaii.com/sentimentsurvey/sent_results,conservative_proxy_publication_thursday_after_survey_week,True,True,False,False
2018-09-27,2018-09-28,36.2205,32.6772,31.102400000000003,5.118099999999998,AAII Investor Sentiment Survey,https://www.aaii.com/files/surveys/sentiment.xls,https://www.aaii.com/sentimentsurvey/sent_results,conservative_proxy_publication_thursday_after_survey_week,True,True,False,False
2018-10-04,2018-10-05,45.6621,29.2237,25.114199999999997,20.547900000000006,AAII Investor Sentiment Survey,https://www.aaii.com/files/surveys/sentiment.xls,https://www.aaii.com/sentimentsurvey/sent_results,conservative_proxy_publication_thursday_after_survey_week,True,True,False,False
2018-10-11,2018-10-12,30.6061,33.9394,35.4545,-4.848400000000002,AAII Investor Sentiment Survey,https://www.aaii.com/files/surveys/sentiment.xls,https://www.aaii.com/sentimentsurvey/sent_results,conservative_proxy_publication_thursday_after_survey_week,True,True,False,False
2018-10-18,2018-10-19,33.934999999999995,31.0469,35.018100000000004,-1.0831000000000088,AAII Investor Sentiment Survey,https://www.aaii.com/files/surveys/sentiment.xls,https://www.aaii.com/sentimentsurvey/sent_results,conservative_proxy_publication_thursday_after_survey_week,True,True,False,False
2018-10-25,2018-10-26,27.969300000000004,31.034499999999998,40.9962,-13.026899999999998,AAII Investor Sentiment Survey,https://www.aaii.com/files/surveys/sentiment.xls,https://www.aaii.com/sentimentsurvey/sent_results,conservative_proxy_publication_thursday_after_survey_week,True,True,False,False
2018-11-01,2018-11-02,37.931,27.586199999999998,34.482800000000005,3.448199999999993,AAII Investor Sentiment Survey,https://www.aaii.com/files/surveys/sentiment.xls,https://www.aaii.com/sentimentsurvey/sent_results,conservative_proxy_publication_thursday_after_survey_week,True,True,False,False
2018-11-08,2018-11-09,41.2844,27.5229,31.192700000000002,10.091699999999996,AAII Investor Sentiment Survey,https://www.aaii.com/files/surveys/sentiment.xls,https://www.aaii.com/sentimentsurvey/sent_results,conservative_proxy_publication_thursday_after_survey_week,True,True,False,False
2018-11-15,2018-11-16,35.0877,28.947400000000002,35.9649,-0.877200000000002,AAII Investor Sentiment Survey,https://www.aaii.com/files/surveys/sentiment.xls,https://www.aaii.com/sentimentsurvey/sent_results,conservative_proxy_publication_thursday_after_survey_week,True,True,False,False
2018-11-22,2018-11-23,25.2525,27.6094,47.138000000000005,-21.885500000000004,AAII Investor Sentiment Survey,https://www.aaii.com/files/surveys/sentiment.xls,https://www.aaii.com/sentimentsurvey/sent_results,conservative_proxy_publication_thursday_after_survey_week,True,True,False,False
2018-11-29,2018-11-30,33.8816,26.6447,39.4737,-5.592100000000002,AAII Investor Sentiment Survey,https://www.aaii.com/files/surveys/sentiment.xls,https://www.aaii.com/sentimentsurvey/sent_results,conservative_proxy_publication_thursday_after_survey_week,True,True,False,False
2018-12-06,2018-12-07,37.9433,31.5603,30.496499999999997,7.446800000000003,AAII Investor Sentiment Survey,https://www.aaii.com/files/surveys/sentiment.xls,https://www.aaii.com/sentimentsurvey/sent_results,conservative_proxy_publication_thursday_after_survey_week,True,True,False,False
2018-12-13,2018-12-14,20.904,30.226,48.8701,-27.9661,AAII Investor Sentiment Survey,https://www.aaii.com/files/surveys/sentiment.xls,https://www.aaii.com/sentimentsurvey/sent_results,conservative_proxy_publication_thursday_after_survey_week,True,True,False,False
2018-12-20,2018-12-21,24.864900000000002,27.8378,47.2973,-22.432399999999998,AAII Investor Sentiment Survey,https://www.aaii.com/files/surveys/sentiment.xls,https://www.aaii.com/sentimentsurvey/sent_results,conservative_proxy_publication_thursday_after_survey_week,True,True,False,False
2018-12-27,2018-12-28,31.5476,18.154799999999998,50.297599999999996,-18.749999999999996,AAII Investor Sentiment Survey,https://www.aaii.com/files/surveys/sentiment.xls,https://www.aaii.com/sentimentsurvey/sent_results,conservative_proxy_publication_thursday_after_survey_week,True,True,False,False
2019-01-03,2019-01-04,33.0189,24.2138,42.767300000000006,-9.748400000000004,AAII Investor Sentiment Survey,https://www.aaii.com/files/surveys/sentiment.xls,https://www.aaii.com/sentimentsurvey/sent_results,conservative_proxy_publication_thursday_after_survey_week,True,True,False,False
2019-01-10,2019-01-11,38.4615,32.1678,29.370600000000003,9.090899999999998,AAII Investor Sentiment Survey,https://www.aaii.com/files/surveys/sentiment.xls,https://www.aaii.com/sentimentsurvey/sent_results,conservative_proxy_publication_thursday_after_survey_week,True,True,False,False
2019-01-17,2019-01-18,33.5347,30.2115,36.253800000000005,-2.7191000000000045,AAII Investor Sentiment Survey,https://www.aaii.com/files/surveys/sentiment.xls,https://www.aaii.com/sentimentsurvey/sent_results,conservative_proxy_publication_thursday_after_survey_week,True,True,False,False
2019-01-24,2019-01-25,37.659,30.0254,32.3155,5.343499999999999,AAII Investor Sentiment Survey,https://www.aaii.com/files/surveys/sentiment.xls,https://www.aaii.com/sentimentsurvey/sent_results,conservative_proxy_publication_thursday_after_survey_week,True,True,False,False
2019-01-31,2019-02-01,31.756800000000002,36.4865,31.756800000000002,0.0,AAII Investor Sentiment Survey,https://www.aaii.com/files/surveys/sentiment.xls,https://www.aaii.com/sentimentsurvey/sent_results,conservative_proxy_publication_thursday_after_survey_week,True,True,False,False
2019-02-07,2019-02-08,39.8734,37.341800000000006,22.7848,17.088599999999996,AAII Investor Sentiment Survey,https://www.aaii.com/files/surveys/sentiment.xls,https://www.aaii.com/sentimentsurvey/sent_results,conservative_proxy_publication_thursday_after_survey_week,True,True,False,False
2019-02-14,2019-02-15,35.1032,39.823,25.0737,10.029500000000002,AAII Investor Sentiment Survey,https://www.aaii.com/files/surveys/sentiment.xls,https://www.aaii.com/sentimentsurvey/sent_results,conservative_proxy_publication_thursday_after_survey_week,True,True,False,False
2019-02-21,2019-02-22,39.3189,35.2941,25.386999999999997,13.931900000000002,AAII Investor Sentiment Survey,https://www.aaii.com/files/surveys/sentiment.xls,https://www.aaii.com/sentimentsurvey/sent_results,conservative_proxy_publication_thursday_after_survey_week,True,True,False,False
2019-02-28,2019-03-01,41.6327,38.3673,20.0,21.6327,AAII Investor Sentiment Survey,https://www.aaii.com/files/surveys/sentiment.xls,https://www.aaii.com/sentimentsurvey/sent_results,conservative_proxy_publication_thursday_after_survey_week,True,True,False,False
2019-03-07,2019-03-08,37.386,35.8663,26.747700000000002,10.638300000000001,AAII Investor Sentiment Survey,https://www.aaii.com/files/surveys/sentiment.xls,https://www.aaii.com/sentimentsurvey/sent_results,conservative_proxy_publication_thursday_after_survey_week,True,True,False,False
2019-03-14,2019-03-15,32.4232,36.5188,31.058000000000003,1.365199999999998,AAII Investor Sentiment Survey,https://www.aaii.com/files/surveys/sentiment.xls,https://www.aaii.com/sentimentsurvey/sent_results,conservative_proxy_publication_thursday_after_survey_week,True,True,False,False
2019-03-21,2019-03-22,37.3016,39.2857,23.4127,13.8889,AAII Investor Sentiment Survey,https://www.aaii.com/files/surveys/sentiment.xls,https://www.aaii.com/sentimentsurvey/sent_results,conservative_proxy_publication_thursday_after_survey_week,True,True,False,False
2019-03-28,2019-03-29,33.2,39.6,27.200000000000003,6.0,AAII Investor Sentiment Survey,https://www.aaii.com/files/surveys/sentiment.xls,https://www.aaii.com/sentimentsurvey/sent_results,conservative_proxy_publication_thursday_after_survey_week,True,True,False,False
2019-04-04,2019-04-05,35.0211,36.7089,28.27,6.751099999999997,AAII Investor Sentiment Survey,https://www.aaii.com/files/surveys/sentiment.xls,https://www.aaii.com/sentimentsurvey/sent_results,conservative_proxy_publication_thursday_after_survey_week,True,True,False,False
2019-04-11,2019-04-12,40.287800000000004,39.3285,20.383699999999997,19.904100000000007,AAII Investor Sentiment Survey,https://www.aaii.com/files/surveys/sentiment.xls,https://www.aaii.com/sentimentsurvey/sent_results,conservative_proxy_publication_thursday_after_survey_week,True,True,False,False
2019-04-18,2019-04-19,37.5635,40.6091,21.8274,15.736099999999997,AAII Investor Sentiment Survey,https://www.aaii.com/files/surveys/sentiment.xls,https://www.aaii.com/sentimentsurvey/sent_results,conservative_proxy_publication_thursday_after_survey_week,True,True,False,False
2019-04-25,2019-04-26,33.5227,46.306799999999996,20.1705,13.3522,AAII Investor Sentiment Survey,https://www.aaii.com/files/surveys/sentiment.xls,https://www.aaii.com/sentimentsurvey/sent_results,conservative_proxy_publication_thursday_after_survey_week,True,True,False,False
2019-05-02,2019-05-03,39.0244,39.6341,21.3415,17.6829,AAII Investor Sentiment Survey,https://www.aaii.com/files/surveys/sentiment.xls,https://www.aaii.com/sentimentsurvey/sent_results,conservative_proxy_publication_thursday_after_survey_week,True,True,False,False
2019-05-09,2019-05-10,43.1159,33.6957,23.1884,19.927500000000002,AAII Investor Sentiment Survey,https://www.aaii.com/files/surveys/sentiment.xls,https://www.aaii.com/sentimentsurvey/sent_results,conservative_proxy_publication_thursday_after_survey_week,True,True,False,False
2019-05-16,2019-05-17,29.8246,30.8772,39.2982,-9.473600000000001,AAII Investor Sentiment Survey,https://www.aaii.com/files/surveys/sentiment.xls,https://www.aaii.com/sentimentsurvey/sent_results,conservative_proxy_publication_thursday_after_survey_week,True,True,False,False
2019-05-23,2019-05-24,24.7059,39.2157,36.0784,-11.372500000000002,AAII Investor Sentiment Survey,https://www.aaii.com/files/surveys/sentiment.xls,https://www.aaii.com/sentimentsurvey/sent_results,conservative_proxy_publication_thursday_after_survey_week,True,True,False,False
2019-05-30,2019-05-31,24.7934,35.124,40.0826,-15.289200000000001,AAII Investor Sentiment Survey,https://www.aaii.com/files/surveys/sentiment.xls,https://www.aaii.com/sentimentsurvey/sent_results,conservative_proxy_publication_thursday_after_survey_week,True,True,False,False
2019-06-06,2019-06-07,22.5275,34.890100000000004,42.5824,-20.0549,AAII Investor Sentiment Survey,https://www.aaii.com/files/surveys/sentiment.xls,https://www.aaii.com/sentimentsurvey/sent_results,conservative_proxy_publication_thursday_after_survey_week,True,True,False,False
2019-06-13,2019-06-14,26.839800000000004,38.961,34.1991,-7.3592999999999975,AAII Investor Sentiment Survey,https://www.aaii.com/files/surveys/sentiment.xls,https://www.aaii.com/sentimentsurvey/sent_results,conservative_proxy_publication_thursday_after_survey_week,True,True,False,False
2019-06-20,2019-06-21,29.508200000000002,38.360699999999994,32.1311,-2.6229000000000013,AAII Investor Sentiment Survey,https://www.aaii.com/files/surveys/sentiment.xls,https://www.aaii.com/sentimentsurvey/sent_results,conservative_proxy_publication_thursday_after_survey_week,True,True,False,False
2019-06-27,2019-06-28,29.589,38.3562,32.0548,-2.4658000000000015,AAII Investor Sentiment Survey,https://www.aaii.com/files/surveys/sentiment.xls,https://www.aaii.com/sentimentsurvey/sent_results,conservative_proxy_publication_thursday_after_survey_week,True,True,False,False
2019-07-03,2019-07-04,33.1551,34.492,32.3529,0.8021999999999991,AAII Investor Sentiment Survey,https://www.aaii.com/files/surveys/sentiment.xls,https://www.aaii.com/sentimentsurvey/sent_results,conservative_proxy_publication_thursday_after_survey_week,True,True,False,False
2019-07-11,2019-07-12,33.6111,38.8889,27.500000000000004,6.111099999999997,AAII Investor Sentiment Survey,https://www.aaii.com/files/surveys/sentiment.xls,https://www.aaii.com/sentimentsurvey/sent_results,conservative_proxy_publication_thursday_after_survey_week,True,True,False,False
2019-07-18,2019-07-19,35.9296,35.4271,28.6432,7.2864,AAII Investor Sentiment Survey,https://www.aaii.com/files/surveys/sentiment.xls,https://www.aaii.com/sentimentsurvey/sent_results,conservative_proxy_publication_thursday_after_survey_week,True,True,False,False
2019-07-25,2019-07-26,31.7416,36.236000000000004,32.0225,-0.2809000000000026,AAII Investor Sentiment Survey,https://www.aaii.com/files/surveys/sentiment.xls,https://www.aaii.com/sentimentsurvey/sent_results,conservative_proxy_publication_thursday_after_survey_week,True,True,False,False
2019-08-01,2019-08-02,38.4375,37.5,24.0625,14.375,AAII Investor Sentiment Survey,https://www.aaii.com/files/surveys/sentiment.xls,https://www.aaii.com/sentimentsurvey/sent_results,conservative_proxy_publication_thursday_after_survey_week,True,True,False,False
2019-08-08,2019-08-09,21.656100000000002,30.1486,48.1953,-26.5392,AAII Investor Sentiment Survey,https://www.aaii.com/files/surveys/sentiment.xls,https://www.aaii.com/sentimentsurvey/sent_results,conservative_proxy_publication_thursday_after_survey_week,True,True,False,False
2019-08-15,2019-08-16,23.176,31.974200000000003,44.8498,-21.673800000000004,AAII Investor Sentiment Survey,https://www.aaii.com/files/surveys/sentiment.xls,https://www.aaii.com/sentimentsurvey/sent_results,conservative_proxy_publication_thursday_after_survey_week,True,True,False,False
2019-08-22,2019-08-23,26.6355,33.6449,39.7196,-13.0841,AAII Investor Sentiment Survey,https://www.aaii.com/files/surveys/sentiment.xls,https://www.aaii.com/sentimentsurvey/sent_results,conservative_proxy_publication_thursday_after_survey_week,True,True,False,False
2019-08-29,2019-08-30,26.1307,31.6583,42.2111,-16.0804,AAII Investor Sentiment Survey,https://www.aaii.com/files/surveys/sentiment.xls,https://www.aaii.com/sentimentsurvey/sent_results,conservative_proxy_publication_thursday_after_survey_week,True,True,False,False
2019-09-05,2019-09-06,28.642,31.8519,39.5062,-10.8642,AAII Investor Sentiment Survey,https://www.aaii.com/files/surveys/sentiment.xls,https://www.aaii.com/sentimentsurvey/sent_results,conservative_proxy_publication_thursday_after_survey_week,True,True,False,False
2019-09-12,2019-09-13,33.125,35.625,31.25,1.875,AAII Investor Sentiment Survey,https://www.aaii.com/files/surveys/sentiment.xls,https://www.aaii.com/sentimentsurvey/sent_results,conservative_proxy_publication_thursday_after_survey_week,True,True,False,False
2019-09-19,2019-09-20,35.338300000000004,36.8421,27.8195,7.518800000000002,AAII Investor Sentiment Survey,https://www.aaii.com/files/surveys/sentiment.xls,https://www.aaii.com/sentimentsurvey/sent_results,conservative_proxy_publication_thursday_after_survey_week,True,True,False,False
2019-09-26,2019-09-27,29.373700000000003,37.364999999999995,33.2613,-3.8875999999999955,AAII Investor Sentiment Survey,https://www.aaii.com/files/surveys/sentiment.xls,https://www.aaii.com/sentimentsurvey/sent_results,conservative_proxy_publication_thursday_after_survey_week,True,True,False,False
2019-10-03,2019-10-04,21.374000000000002,39.1858,39.4402,-18.066199999999995,AAII Investor Sentiment Survey,https://www.aaii.com/files/surveys/sentiment.xls,https://www.aaii.com/sentimentsurvey/sent_results,conservative_proxy_publication_thursday_after_survey_week,True,True,False,False
2019-10-10,2019-10-11,20.3085,35.7326,43.9589,-23.6504,AAII Investor Sentiment Survey,https://www.aaii.com/files/surveys/sentiment.xls,https://www.aaii.com/sentimentsurvey/sent_results,conservative_proxy_publication_thursday_after_survey_week,True,True,False,False
2019-10-17,2019-10-18,33.6182,35.3276,31.054100000000002,2.5641,AAII Investor Sentiment Survey,https://www.aaii.com/files/surveys/sentiment.xls,https://www.aaii.com/sentimentsurvey/sent_results,conservative_proxy_publication_thursday_after_survey_week,True,True,False,False
2019-10-24,2019-10-25,35.6021,36.1257,28.2723,7.329799999999999,AAII Investor Sentiment Survey,https://www.aaii.com/files/surveys/sentiment.xls,https://www.aaii.com/sentimentsurvey/sent_results,conservative_proxy_publication_thursday_after_survey_week,True,True,False,False
2019-10-31,2019-11-01,33.975899999999996,37.5904,28.4337,5.542199999999994,AAII Investor Sentiment Survey,https://www.aaii.com/files/surveys/sentiment.xls,https://www.aaii.com/sentimentsurvey/sent_results,conservative_proxy_publication_thursday_after_survey_week,True,True,False,False
2019-11-07,2019-11-08,40.3023,35.768299999999996,23.9295,16.3728,AAII Investor Sentiment Survey,https://www.aaii.com/files/surveys/sentiment.xls,https://www.aaii.com/sentimentsurvey/sent_results,conservative_proxy_publication_thursday_after_survey_week,True,True,False,False
2019-11-14,2019-11-15,40.7229,34.4578,24.8193,15.903600000000004,AAII Investor Sentiment Survey,https://www.aaii.com/files/surveys/sentiment.xls,https://www.aaii.com/sentimentsurvey/sent_results,conservative_proxy_publication_thursday_after_survey_week,True,True,False,False
2019-11-21,2019-11-22,34.2432,36.7246,29.0323,5.210900000000002,AAII Investor Sentiment Survey,https://www.aaii.com/files/surveys/sentiment.xls,https://www.aaii.com/sentimentsurvey/sent_results,conservative_proxy_publication_thursday_after_survey_week,True,True,False,False
2019-11-29,2019-11-30,33.6391,36.0856,30.2752,3.3638999999999974,AAII Investor Sentiment Survey,https://www.aaii.com/files/surveys/sentiment.xls,https://www.aaii.com/sentimentsurvey/sent_results,conservative_proxy_publication_thursday_after_survey_week,True,True,False,False
2019-12-05,2019-12-06,31.7152,39.1586,29.1262,2.5889999999999986,AAII Investor Sentiment Survey,https://www.aaii.com/files/surveys/sentiment.xls,https://www.aaii.com/sentimentsurvey/sent_results,conservative_proxy_publication_thursday_after_survey_week,True,True,False,False
2019-12-12,2019-12-13,37.6316,36.315799999999996,26.052599999999998,11.579,AAII Investor Sentiment Survey,https://www.aaii.com/files/surveys/sentiment.xls,https://www.aaii.com/sentimentsurvey/sent_results,conservative_proxy_publication_thursday_after_survey_week,True,True,False,False
2019-12-19,2019-12-20,44.0945,35.4331,20.4724,23.622099999999996,AAII Investor Sentiment Survey,https://www.aaii.com/files/surveys/sentiment.xls,https://www.aaii.com/sentimentsurvey/sent_results,conservative_proxy_publication_thursday_after_survey_week,True,True,False,False
2019-12-26,2019-12-27,41.8879,36.5782,21.5339,20.354000000000003,AAII Investor Sentiment Survey,https://www.aaii.com/files/surveys/sentiment.xls,https://www.aaii.com/sentimentsurvey/sent_results,conservative_proxy_publication_thursday_after_survey_week,True,True,False,False
2020-01-02,2020-01-03,37.215900000000005,40.909099999999995,21.875,15.340900000000005,AAII Investor Sentiment Survey,https://www.aaii.com/files/surveys/sentiment.xls,https://www.aaii.com/sentimentsurvey/sent_results,conservative_proxy_publication_thursday_after_survey_week,True,True,False,False
2020-01-09,2020-01-10,33.068799999999996,37.037,29.894199999999998,3.174599999999998,AAII Investor Sentiment Survey,https://www.aaii.com/files/surveys/sentiment.xls,https://www.aaii.com/sentimentsurvey/sent_results,conservative_proxy_publication_thursday_after_survey_week,True,True,False,False
2020-01-16,2020-01-17,41.8338,30.659,27.507199999999997,14.3266,AAII Investor Sentiment Survey,https://www.aaii.com/files/surveys/sentiment.xls,https://www.aaii.com/sentimentsurvey/sent_results,conservative_proxy_publication_thursday_after_survey_week,True,True,False,False
2020-01-23,2020-01-24,45.6019,29.6296,24.7685,20.8334,AAII Investor Sentiment Survey,https://www.aaii.com/files/surveys/sentiment.xls,https://www.aaii.com/sentimentsurvey/sent_results,conservative_proxy_publication_thursday_after_survey_week,True,True,False,False
2020-01-30,2020-01-31,31.978299999999997,31.165300000000002,36.8564,-4.878100000000003,AAII Investor Sentiment Survey,https://www.aaii.com/files/surveys/sentiment.xls,https://www.aaii.com/sentimentsurvey/sent_results,conservative_proxy_publication_thursday_after_survey_week,True,True,False,False
2020-02-06,2020-02-07,33.871,30.914,35.2151,-1.3440999999999974,AAII Investor Sentiment Survey,https://www.aaii.com/files/surveys/sentiment.xls,https://www.aaii.com/sentimentsurvey/sent_results,conservative_proxy_publication_thursday_after_survey_week,True,True,False,False
2020-02-13,2020-02-14,41.3333,32.2667,26.400000000000002,14.9333,AAII Investor Sentiment Survey,https://www.aaii.com/files/surveys/sentiment.xls,https://www.aaii.com/sentimentsurvey/sent_results,conservative_proxy_publication_thursday_after_survey_week,True,True,False,False
2020-02-20,2020-02-21,40.559400000000004,30.7692,28.6713,11.888100000000005,AAII Investor Sentiment Survey,https://www.aaii.com/files/surveys/sentiment.xls,https://www.aaii.com/sentimentsurvey/sent_results,conservative_proxy_publication_thursday_after_survey_week,True,True,False,False
2020-02-27,2020-02-28,30.4348,30.4348,39.1304,-8.695600000000002,AAII Investor Sentiment Survey,https://www.aaii.com/files/surveys/sentiment.xls,https://www.aaii.com/sentimentsurvey/sent_results,conservative_proxy_publication_thursday_after_survey_week,True,True,False,False
2020-03-05,2020-03-06,38.7387,21.6216,39.6396,-0.9009,AAII Investor Sentiment Survey,https://www.aaii.com/files/surveys/sentiment.xls,https://www.aaii.com/sentimentsurvey/sent_results,conservative_proxy_publication_thursday_after_survey_week,True,True,False,False
2020-03-12,2020-03-13,29.738599999999998,18.9542,51.307199999999995,-21.568599999999996,AAII Investor Sentiment Survey,https://www.aaii.com/files/surveys/sentiment.xls,https://www.aaii.com/sentimentsurvey/sent_results,conservative_proxy_publication_thursday_after_survey_week,True,True,False,False
2020-03-19,2020-03-20,34.3511,14.5038,51.144999999999996,-16.793899999999994,AAII Investor Sentiment Survey,https://www.aaii.com/files/surveys/sentiment.xls,https://www.aaii.com/sentimentsurvey/sent_results,conservative_proxy_publication_thursday_after_survey_week,True,True,False,False
2020-03-26,2020-03-27,32.901599999999995,15.0259,52.0725,-19.170900000000003,AAII Investor Sentiment Survey,https://www.aaii.com/files/surveys/sentiment.xls,https://www.aaii.com/sentimentsurvey/sent_results,conservative_proxy_publication_thursday_after_survey_week,True,True,False,False
2020-04-02,2020-04-03,34.2391,16.0326,49.7283,-15.489199999999997,AAII Investor Sentiment Survey,https://www.aaii.com/files/surveys/sentiment.xls,https://www.aaii.com/sentimentsurvey/sent_results,conservative_proxy_publication_thursday_after_survey_week,True,True,False,False
2020-04-09,2020-04-10,36.599399999999996,18.732,44.668600000000005,-8.06920000000001,AAII Investor Sentiment Survey,https://www.aaii.com/files/surveys/sentiment.xls,https://www.aaii.com/sentimentsurvey/sent_results,conservative_proxy_publication_thursday_after_survey_week,True,True,False,False
2020-04-16,2020-04-17,34.8601,22.3919,42.7481,-7.887999999999998,AAII Investor Sentiment Survey,https://www.aaii.com/files/surveys/sentiment.xls,https://www.aaii.com/sentimentsurvey/sent_results,conservative_proxy_publication_thursday_after_survey_week,True,True,False,False
2020-04-23,2020-04-24,24.8634,25.136599999999998,50.0,-25.1366,AAII Investor Sentiment Survey,https://www.aaii.com/files/surveys/sentiment.xls,https://www.aaii.com/sentimentsurvey/sent_results,conservative_proxy_publication_thursday_after_survey_week,True,True,False,False
2020-04-30,2020-05-01,30.597,25.373099999999997,44.0299,-13.432899999999997,AAII Investor Sentiment Survey,https://www.aaii.com/files/surveys/sentiment.xls,https://www.aaii.com/sentimentsurvey/sent_results,conservative_proxy_publication_thursday_after_survey_week,True,True,False,False
2020-05-07,2020-05-08,23.6686,23.6686,52.662699999999994,-28.994099999999992,AAII Investor Sentiment Survey,https://www.aaii.com/files/surveys/sentiment.xls,https://www.aaii.com/sentimentsurvey/sent_results,conservative_proxy_publication_thursday_after_survey_week,True,True,False,False
2020-05-14,2020-05-15,23.3129,26.073600000000003,50.6135,-27.300600000000003,AAII Investor Sentiment Survey,https://www.aaii.com/files/surveys/sentiment.xls,https://www.aaii.com/sentimentsurvey/sent_results,conservative_proxy_publication_thursday_after_survey_week,True,True,False,False
2020-05-21,2020-05-22,29.0043,25.974000000000004,45.0216,-16.0173,AAII Investor Sentiment Survey,https://www.aaii.com/files/surveys/sentiment.xls,https://www.aaii.com/sentimentsurvey/sent_results,conservative_proxy_publication_thursday_after_survey_week,True,True,False,False
2020-05-28,2020-05-29,33.070899999999995,24.8031,42.126000000000005,-9.05510000000001,AAII Investor Sentiment Survey,https://www.aaii.com/files/surveys/sentiment.xls,https://www.aaii.com/sentimentsurvey/sent_results,conservative_proxy_publication_thursday_after_survey_week,True,True,False,False
2020-06-04,2020-06-05,34.551500000000004,26.5781,38.8704,-4.318899999999992,AAII Investor Sentiment Survey,https://www.aaii.com/files/surveys/sentiment.xls,https://www.aaii.com/sentimentsurvey/sent_results,conservative_proxy_publication_thursday_after_survey_week,True,True,False,False
2020-06-11,2020-06-12,34.2767,27.673,38.0503,-3.773600000000002,AAII Investor Sentiment Survey,https://www.aaii.com/files/surveys/sentiment.xls,https://www.aaii.com/sentimentsurvey/sent_results,conservative_proxy_publication_thursday_after_survey_week,True,True,False,False
2020-06-18,2020-06-19,24.3671,27.8481,47.7848,-23.417699999999996,AAII Investor Sentiment Survey,https://www.aaii.com/files/surveys/sentiment.xls,https://www.aaii.com/sentimentsurvey/sent_results,conservative_proxy_publication_thursday_after_survey_week,True,True,False,False
2020-06-25,2020-06-26,24.137900000000002,26.9592,48.9028,-24.764899999999997,AAII Investor Sentiment Survey,https://www.aaii.com/files/surveys/sentiment.xls,https://www.aaii.com/sentimentsurvey/sent_results,conservative_proxy_publication_thursday_after_survey_week,True,True,False,False
2020-07-02,2020-07-03,22.151899999999998,31.962000000000003,45.8861,-23.7342,AAII Investor Sentiment Survey,https://www.aaii.com/files/surveys/sentiment.xls,https://www.aaii.com/sentimentsurvey/sent_results,conservative_proxy_publication_thursday_after_survey_week,True,True,False,False
2020-07-09,2020-07-10,27.1552,30.1724,42.672399999999996,-15.517199999999995,AAII Investor Sentiment Survey,https://www.aaii.com/files/surveys/sentiment.xls,https://www.aaii.com/sentimentsurvey/sent_results,conservative_proxy_publication_thursday_after_survey_week,True,True,False,False
2020-07-16,2020-07-17,30.836999999999996,23.788500000000003,45.3744,-14.537400000000005,AAII Investor Sentiment Survey,https://www.aaii.com/files/surveys/sentiment.xls,https://www.aaii.com/sentimentsurvey/sent_results,conservative_proxy_publication_thursday_after_survey_week,True,True,False,False
2020-07-23,2020-07-24,26.0563,27.1127,46.831,-20.774700000000003,AAII Investor Sentiment Survey,https://www.aaii.com/files/surveys/sentiment.xls,https://www.aaii.com/sentimentsurvey/sent_results,conservative_proxy_publication_thursday_after_survey_week,True,True,False,False
2020-07-30,2020-07-31,20.229,31.2977,48.4733,-28.244300000000003,AAII Investor Sentiment Survey,https://www.aaii.com/files/surveys/sentiment.xls,https://www.aaii.com/sentimentsurvey/sent_results,conservative_proxy_publication_thursday_after_survey_week,True,True,False,False
2020-08-06,2020-08-07,23.2877,29.1096,47.6027,-24.314999999999998,AAII Investor Sentiment Survey,https://www.aaii.com/files/surveys/sentiment.xls,https://www.aaii.com/sentimentsurvey/sent_results,conservative_proxy_publication_thursday_after_survey_week,True,True,False,False
2020-08-13,2020-08-14,30.036600000000004,27.838800000000003,42.1245,-12.087899999999994,AAII Investor Sentiment Survey,https://www.aaii.com/files/surveys/sentiment.xls,https://www.aaii.com/sentimentsurvey/sent_results,conservative_proxy_publication_thursday_after_survey_week,True,True,False,False
2020-08-20,2020-08-21,30.3887,27.2085,42.4028,-12.0141,AAII Investor Sentiment Survey,https://www.aaii.com/files/surveys/sentiment.xls,https://www.aaii.com/sentimentsurvey/sent_results,conservative_proxy_publication_thursday_after_survey_week,True,True,False,False
2020-08-27,2020-08-28,32.0755,28.301900000000003,39.622600000000006,-7.5471000000000075,AAII Investor Sentiment Survey,https://www.aaii.com/files/surveys/sentiment.xls,https://www.aaii.com/sentimentsurvey/sent_results,conservative_proxy_publication_thursday_after_survey_week,True,True,False,False
2020-09-03,2020-09-04,30.801699999999997,27.4262,41.7722,-10.970500000000001,AAII Investor Sentiment Survey,https://www.aaii.com/files/surveys/sentiment.xls,https://www.aaii.com/sentimentsurvey/sent_results,conservative_proxy_publication_thursday_after_survey_week,True,True,False,False
2020-09-10,2020-09-11,23.711299999999998,27.8351,48.4536,-24.742300000000004,AAII Investor Sentiment Survey,https://www.aaii.com/files/surveys/sentiment.xls,https://www.aaii.com/sentimentsurvey/sent_results,conservative_proxy_publication_thursday_after_survey_week,True,True,False,False
2020-09-17,2020-09-18,32.0197,27.586199999999998,40.3941,-8.374400000000001,AAII Investor Sentiment Survey,https://www.aaii.com/files/surveys/sentiment.xls,https://www.aaii.com/sentimentsurvey/sent_results,conservative_proxy_publication_thursday_after_survey_week,True,True,False,False
2020-09-24,2020-09-25,24.8945,29.113899999999997,45.9916,-21.097099999999998,AAII Investor Sentiment Survey,https://www.aaii.com/files/surveys/sentiment.xls,https://www.aaii.com/sentimentsurvey/sent_results,conservative_proxy_publication_thursday_after_survey_week,True,True,False,False
2020-10-01,2020-10-02,26.2376,30.6931,43.0693,-16.831699999999998,AAII Investor Sentiment Survey,https://www.aaii.com/files/surveys/sentiment.xls,https://www.aaii.com/sentimentsurvey/sent_results,conservative_proxy_publication_thursday_after_survey_week,True,True,False,False
2020-10-08,2020-10-09,34.7418,26.2911,38.9671,-4.225300000000004,AAII Investor Sentiment Survey,https://www.aaii.com/files/surveys/sentiment.xls,https://www.aaii.com/sentimentsurvey/sent_results,conservative_proxy_publication_thursday_after_survey_week,True,True,False,False
2020-10-15,2020-10-16,34.7826,29.468600000000002,35.748799999999996,-0.9661999999999935,AAII Investor Sentiment Survey,https://www.aaii.com/files/surveys/sentiment.xls,https://www.aaii.com/sentimentsurvey/sent_results,conservative_proxy_publication_thursday_after_survey_week,True,True,False,False
2020-10-22,2020-10-23,35.7466,31.221700000000002,33.0317,2.7149,AAII Investor Sentiment Survey,https://www.aaii.com/files/surveys/sentiment.xls,https://www.aaii.com/sentimentsurvey/sent_results,conservative_proxy_publication_thursday_after_survey_week,True,True,False,False
2020-10-29,2020-10-30,35.2941,29.4118,35.2941,0.0,AAII Investor Sentiment Survey,https://www.aaii.com/files/surveys/sentiment.xls,https://www.aaii.com/sentimentsurvey/sent_results,conservative_proxy_publication_thursday_after_survey_week,True,True,False,False
2020-11-05,2020-11-06,37.963,30.5556,31.4815,6.4815000000000005,AAII Investor Sentiment Survey,https://www.aaii.com/files/surveys/sentiment.xls,https://www.aaii.com/sentimentsurvey/sent_results,conservative_proxy_publication_thursday_after_survey_week,True,True,False,False
2020-11-12,2020-11-13,55.837599999999995,19.2893,24.8731,30.964499999999994,AAII Investor Sentiment Survey,https://www.aaii.com/files/surveys/sentiment.xls,https://www.aaii.com/sentimentsurvey/sent_results,conservative_proxy_publication_thursday_after_survey_week,True,True,False,False
2020-11-19,2020-11-20,44.3515,29.288700000000002,26.3598,17.9917,AAII Investor Sentiment Survey,https://www.aaii.com/files/surveys/sentiment.xls,https://www.aaii.com/sentimentsurvey/sent_results,conservative_proxy_publication_thursday_after_survey_week,True,True,False,False
2020-11-27,2020-11-28,47.2527,25.2747,27.4725,19.780199999999997,AAII Investor Sentiment Survey,https://www.aaii.com/files/surveys/sentiment.xls,https://www.aaii.com/sentimentsurvey/sent_results,conservative_proxy_publication_thursday_after_survey_week,True,True,False,False
2020-12-03,2020-12-04,49.0706,28.2528,22.6766,26.394,AAII Investor Sentiment Survey,https://www.aaii.com/files/surveys/sentiment.xls,https://www.aaii.com/sentimentsurvey/sent_results,conservative_proxy_publication_thursday_after_survey_week,True,True,False,False
2020-12-10,2020-12-11,48.0565,25.088300000000004,26.8551,21.2014,AAII Investor Sentiment Survey,https://www.aaii.com/files/surveys/sentiment.xls,https://www.aaii.com/sentimentsurvey/sent_results,conservative_proxy_publication_thursday_after_survey_week,True,True,False,False
2020-12-17,2020-12-18,43.4263,30.278899999999997,26.294800000000002,17.131499999999996,AAII Investor Sentiment Survey,https://www.aaii.com/files/surveys/sentiment.xls,https://www.aaii.com/sentimentsurvey/sent_results,conservative_proxy_publication_thursday_after_survey_week,True,True,False,False
2020-12-24,2020-12-25,43.5685,34.4398,21.9917,21.5768,AAII Investor Sentiment Survey,https://www.aaii.com/files/surveys/sentiment.xls,https://www.aaii.com/sentimentsurvey/sent_results,conservative_proxy_publication_thursday_after_survey_week,True,True,False,False
2020-12-31,2021-01-01,46.0784,27.1242,26.7974,19.281000000000002,AAII Investor Sentiment Survey,https://www.aaii.com/files/surveys/sentiment.xls,https://www.aaii.com/sentimentsurvey/sent_results,conservative_proxy_publication_thursday_after_survey_week,True,True,False,False
2021-01-07,2021-01-08,45.190000000000005,23.080000000000002,31.730000000000004,13.46,AAII Investor Sentiment Survey,https://www.aaii.com/files/surveys/sentiment.xls,https://www.aaii.com/sentimentsurvey/sent_results,conservative_proxy_publication_thursday_after_survey_week,True,True,False,False
2021-01-21,2021-01-22,42.5466,22.9814,34.472,8.074599999999997,AAII Investor Sentiment Survey,https://www.aaii.com/files/surveys/sentiment.xls,https://www.aaii.com/sentimentsurvey/sent_results,conservative_proxy_publication_thursday_after_survey_week,True,True,False,False
2021-01-28,2021-01-29,37.6623,24.026,38.3117,-0.6494,AAII Investor Sentiment Survey,https://www.aaii.com/files/surveys/sentiment.xls,https://www.aaii.com/sentimentsurvey/sent_results,conservative_proxy_publication_thursday_after_survey_week,True,True,False,False
2021-02-04,2021-02-05,37.3529,27.058799999999998,35.5882,1.7646999999999977,AAII Investor Sentiment Survey,https://www.aaii.com/files/surveys/sentiment.xls,https://www.aaii.com/sentimentsurvey/sent_results,conservative_proxy_publication_thursday_after_survey_week,True,True,False,False
2021-02-11,2021-02-12,45.454499999999996,28.2828,26.262600000000003,19.191899999999993,AAII Investor Sentiment Survey,https://www.aaii.com/files/surveys/sentiment.xls,https://www.aaii.com/sentimentsurvey/sent_results,conservative_proxy_publication_thursday_after_survey_week,True,True,False,False
2021-02-18,2021-02-19,47.0588,27.5542,25.386999999999997,21.6718,AAII Investor Sentiment Survey,https://www.aaii.com/files/surveys/sentiment.xls,https://www.aaii.com/sentimentsurvey/sent_results,conservative_proxy_publication_thursday_after_survey_week,True,True,False,False
2021-02-25,2021-02-26,45.9283,30.2932,23.7785,22.1498,AAII Investor Sentiment Survey,https://www.aaii.com/files/surveys/sentiment.xls,https://www.aaii.com/sentimentsurvey/sent_results,conservative_proxy_publication_thursday_after_survey_week,True,True,False,False
2021-03-04,2021-03-05,40.259699999999995,34.415600000000005,25.3247,14.934999999999995,AAII Investor Sentiment Survey,https://www.aaii.com/files/surveys/sentiment.xls,https://www.aaii.com/sentimentsurvey/sent_results,conservative_proxy_publication_thursday_after_survey_week,True,True,False,False
2021-03-11,2021-03-12,49.4118,27.058799999999998,23.5294,25.8824,AAII Investor Sentiment Survey,https://www.aaii.com/files/surveys/sentiment.xls,https://www.aaii.com/sentimentsurvey/sent_results,conservative_proxy_publication_thursday_after_survey_week,True,True,False,False
2021-03-18,2021-03-19,48.9437,27.4648,23.5915,25.3522,AAII Investor Sentiment Survey,https://www.aaii.com/files/surveys/sentiment.xls,https://www.aaii.com/sentimentsurvey/sent_results,conservative_proxy_publication_thursday_after_survey_week,True,True,False,False
2021-03-25,2021-03-26,50.9494,28.481,20.569599999999998,30.3798,AAII Investor Sentiment Survey,https://www.aaii.com/files/surveys/sentiment.xls,https://www.aaii.com/sentimentsurvey/sent_results,conservative_proxy_publication_thursday_after_survey_week,True,True,False,False
2021-04-01,2021-04-02,45.8333,30.9524,23.214299999999998,22.619000000000003,AAII Investor Sentiment Survey,https://www.aaii.com/files/surveys/sentiment.xls,https://www.aaii.com/sentimentsurvey/sent_results,conservative_proxy_publication_thursday_after_survey_week,True,True,False,False
2021-04-08,2021-04-09,56.9079,22.697400000000002,20.3947,36.5132,AAII Investor Sentiment Survey,https://www.aaii.com/files/surveys/sentiment.xls,https://www.aaii.com/sentimentsurvey/sent_results,conservative_proxy_publication_thursday_after_survey_week,True,True,False,False
2021-04-15,2021-04-16,53.8206,21.5947,24.5847,29.235899999999997,AAII Investor Sentiment Survey,https://www.aaii.com/files/surveys/sentiment.xls,https://www.aaii.com/sentimentsurvey/sent_results,conservative_proxy_publication_thursday_after_survey_week,True,True,False,False
2021-04-22,2021-04-23,52.681400000000004,26.8139,20.5047,32.176700000000004,AAII Investor Sentiment Survey,https://www.aaii.com/files/surveys/sentiment.xls,https://www.aaii.com/sentimentsurvey/sent_results,conservative_proxy_publication_thursday_after_survey_week,True,True,False,False
2021-04-29,2021-04-30,42.5676,31.756800000000002,25.675700000000003,16.891899999999996,AAII Investor Sentiment Survey,https://www.aaii.com/files/surveys/sentiment.xls,https://www.aaii.com/sentimentsurvey/sent_results,conservative_proxy_publication_thursday_after_survey_week,True,True,False,False
2021-05-06,2021-05-07,44.3137,32.549,23.1373,21.176399999999997,AAII Investor Sentiment Survey,https://www.aaii.com/files/surveys/sentiment.xls,https://www.aaii.com/sentimentsurvey/sent_results,conservative_proxy_publication_thursday_after_survey_week,True,True,False,False
2021-05-13,2021-05-14,36.5188,36.5188,26.9625,9.5563,AAII Investor Sentiment Survey,https://www.aaii.com/files/surveys/sentiment.xls,https://www.aaii.com/sentimentsurvey/sent_results,conservative_proxy_publication_thursday_after_survey_week,True,True,False,False
2021-05-20,2021-05-21,37.0253,36.7089,26.2658,10.759500000000003,AAII Investor Sentiment Survey,https://www.aaii.com/files/surveys/sentiment.xls,https://www.aaii.com/sentimentsurvey/sent_results,conservative_proxy_publication_thursday_after_survey_week,True,True,False,False
2021-05-27,2021-05-28,36.4286,37.1429,26.428600000000003,10.0,AAII Investor Sentiment Survey,https://www.aaii.com/files/surveys/sentiment.xls,https://www.aaii.com/sentimentsurvey/sent_results,conservative_proxy_publication_thursday_after_survey_week,True,True,False,False
2021-06-03,2021-06-04,44.0729,36.1702,19.7568,24.3161,AAII Investor Sentiment Survey,https://www.aaii.com/files/surveys/sentiment.xls,https://www.aaii.com/sentimentsurvey/sent_results,conservative_proxy_publication_thursday_after_survey_week,True,True,False,False
2021-06-10,2021-06-11,40.2256,39.0977,20.6767,19.5489,AAII Investor Sentiment Survey,https://www.aaii.com/files/surveys/sentiment.xls,https://www.aaii.com/sentimentsurvey/sent_results,conservative_proxy_publication_thursday_after_survey_week,True,True,False,False
2021-06-17,2021-06-18,41.1215,32.7103,26.168200000000002,14.953299999999995,AAII Investor Sentiment Survey,https://www.aaii.com/files/surveys/sentiment.xls,https://www.aaii.com/sentimentsurvey/sent_results,conservative_proxy_publication_thursday_after_survey_week,True,True,False,False
2021-06-24,2021-06-25,40.4167,36.25,23.3333,17.083399999999997,AAII Investor Sentiment Survey,https://www.aaii.com/files/surveys/sentiment.xls,https://www.aaii.com/sentimentsurvey/sent_results,conservative_proxy_publication_thursday_after_survey_week,True,True,False,False
2021-07-01,2021-07-02,48.648599999999995,29.1892,22.162200000000002,26.486399999999993,AAII Investor Sentiment Survey,https://www.aaii.com/files/surveys/sentiment.xls,https://www.aaii.com/sentimentsurvey/sent_results,conservative_proxy_publication_thursday_after_survey_week,True,True,False,False
2021-07-08,2021-07-09,40.1961,35.2941,24.509800000000002,15.6863,AAII Investor Sentiment Survey,https://www.aaii.com/files/surveys/sentiment.xls,https://www.aaii.com/sentimentsurvey/sent_results,conservative_proxy_publication_thursday_after_survey_week,True,True,False,False
2021-07-15,2021-07-16,36.1702,37.021300000000004,26.808500000000002,9.361699999999999,AAII Investor Sentiment Survey,https://www.aaii.com/files/surveys/sentiment.xls,https://www.aaii.com/sentimentsurvey/sent_results,conservative_proxy_publication_thursday_after_survey_week,True,True,False,False
2021-07-22,2021-07-23,30.6452,38.709700000000005,30.6452,0.0,AAII Investor Sentiment Survey,https://www.aaii.com/files/surveys/sentiment.xls,https://www.aaii.com/sentimentsurvey/sent_results,conservative_proxy_publication_thursday_after_survey_week,True,True,False,False
2021-07-29,2021-07-30,36.1607,39.732099999999996,24.1071,12.0536,AAII Investor Sentiment Survey,https://www.aaii.com/files/surveys/sentiment.xls,https://www.aaii.com/sentimentsurvey/sent_results,conservative_proxy_publication_thursday_after_survey_week,True,True,False,False
2021-08-05,2021-08-06,36.065599999999996,32.2404,31.694,4.371599999999997,AAII Investor Sentiment Survey,https://www.aaii.com/files/surveys/sentiment.xls,https://www.aaii.com/sentimentsurvey/sent_results,conservative_proxy_publication_thursday_after_survey_week,True,True,False,False
2021-08-12,2021-08-13,36.9748,31.512600000000003,31.512600000000003,5.462199999999999,AAII Investor Sentiment Survey,https://www.aaii.com/files/surveys/sentiment.xls,https://www.aaii.com/sentimentsurvey/sent_results,conservative_proxy_publication_thursday_after_survey_week,True,True,False,False
2021-08-19,2021-08-20,33.1731,31.7308,35.096199999999996,-1.923099999999998,AAII Investor Sentiment Survey,https://www.aaii.com/files/surveys/sentiment.xls,https://www.aaii.com/sentimentsurvey/sent_results,conservative_proxy_publication_thursday_after_survey_week,True,True,False,False
2021-08-26,2021-08-27,39.5604,27.4725,32.967,6.593400000000003,AAII Investor Sentiment Survey,https://www.aaii.com/files/surveys/sentiment.xls,https://www.aaii.com/sentimentsurvey/sent_results,conservative_proxy_publication_thursday_after_survey_week,True,True,False,False
2021-09-02,2021-09-03,43.4343,23.2323,33.3333,10.100999999999999,AAII Investor Sentiment Survey,https://www.aaii.com/files/surveys/sentiment.xls,https://www.aaii.com/sentimentsurvey/sent_results,conservative_proxy_publication_thursday_after_survey_week,True,True,False,False
2021-09-09,2021-09-10,38.8889,33.8889,27.2222,11.666699999999999,AAII Investor Sentiment Survey,https://www.aaii.com/files/surveys/sentiment.xls,https://www.aaii.com/sentimentsurvey/sent_results,conservative_proxy_publication_thursday_after_survey_week,True,True,False,False
2021-09-16,2021-09-17,22.448999999999998,38.2653,39.2857,-16.8367,AAII Investor Sentiment Survey,https://www.aaii.com/files/surveys/sentiment.xls,https://www.aaii.com/sentimentsurvey/sent_results,conservative_proxy_publication_thursday_after_survey_week,True,True,False,False
2021-09-23,2021-09-24,29.8969,30.9278,39.1753,-9.278400000000001,AAII Investor Sentiment Survey,https://www.aaii.com/files/surveys/sentiment.xls,https://www.aaii.com/sentimentsurvey/sent_results,conservative_proxy_publication_thursday_after_survey_week,True,True,False,False
2021-09-30,2021-10-01,28.1437,31.137700000000002,40.7186,-12.574900000000003,AAII Investor Sentiment Survey,https://www.aaii.com/files/surveys/sentiment.xls,https://www.aaii.com/sentimentsurvey/sent_results,conservative_proxy_publication_thursday_after_survey_week,True,True,False,False
2021-10-07,2021-10-08,25.471700000000002,37.735800000000005,36.7925,-11.320799999999995,AAII Investor Sentiment Survey,https://www.aaii.com/files/surveys/sentiment.xls,https://www.aaii.com/sentimentsurvey/sent_results,conservative_proxy_publication_thursday_after_survey_week,True,True,False,False
2021-10-14,2021-10-15,37.9147,30.331799999999998,31.7536,6.161100000000005,AAII Investor Sentiment Survey,https://www.aaii.com/files/surveys/sentiment.xls,https://www.aaii.com/sentimentsurvey/sent_results,conservative_proxy_publication_thursday_after_survey_week,True,True,False,False
2021-10-21,2021-10-22,46.89,25.358900000000002,27.751199999999997,19.138800000000003,AAII Investor Sentiment Survey,https://www.aaii.com/files/surveys/sentiment.xls,https://www.aaii.com/sentimentsurvey/sent_results,conservative_proxy_publication_thursday_after_survey_week,True,True,False,False
2021-10-27,2021-10-28,39.8268,30.7359,29.4372,10.389599999999998,AAII Investor Sentiment Survey,https://www.aaii.com/files/surveys/sentiment.xls,https://www.aaii.com/sentimentsurvey/sent_results,conservative_proxy_publication_thursday_after_survey_week,True,True,False,False
2021-11-04,2021-11-05,41.5,32.5,26.0,15.5,AAII Investor Sentiment Survey,https://www.aaii.com/files/surveys/sentiment.xls,https://www.aaii.com/sentimentsurvey/sent_results,conservative_proxy_publication_thursday_after_survey_week,True,True,False,False
2021-11-11,2021-11-12,48.0,28.000000000000004,24.0,24.0,AAII Investor Sentiment Survey,https://www.aaii.com/files/surveys/sentiment.xls,https://www.aaii.com/sentimentsurvey/sent_results,conservative_proxy_publication_thursday_after_survey_week,True,True,False,False
2021-11-18,2021-11-19,38.8393,33.928599999999996,27.2321,11.607200000000002,AAII Investor Sentiment Survey,https://www.aaii.com/files/surveys/sentiment.xls,https://www.aaii.com/sentimentsurvey/sent_results,conservative_proxy_publication_thursday_after_survey_week,True,True,False,False
2021-11-24,2021-11-25,33.8095,30.4762,35.7143,-1.9048000000000016,AAII Investor Sentiment Survey,https://www.aaii.com/files/surveys/sentiment.xls,https://www.aaii.com/sentimentsurvey/sent_results,conservative_proxy_publication_thursday_after_survey_week,True,True,False,False
2021-12-02,2021-12-03,26.6667,30.9524,42.381,-15.714300000000001,AAII Investor Sentiment Survey,https://www.aaii.com/files/surveys/sentiment.xls,https://www.aaii.com/sentimentsurvey/sent_results,conservative_proxy_publication_thursday_after_survey_week,True,True,False,False
2021-12-09,2021-12-10,29.718899999999998,39.759,30.522100000000002,-0.8032000000000039,AAII Investor Sentiment Survey,https://www.aaii.com/files/surveys/sentiment.xls,https://www.aaii.com/sentimentsurvey/sent_results,conservative_proxy_publication_thursday_after_survey_week,True,True,False,False
2021-12-16,2021-12-17,25.242700000000003,35.4369,39.3204,-14.077699999999997,AAII Investor Sentiment Survey,https://www.aaii.com/files/surveys/sentiment.xls,https://www.aaii.com/sentimentsurvey/sent_results,conservative_proxy_publication_thursday_after_survey_week,True,True,False,False
2021-12-23,2021-12-24,29.5699,36.5591,33.871,-4.301100000000002,AAII Investor Sentiment Survey,https://www.aaii.com/files/surveys/sentiment.xls,https://www.aaii.com/sentimentsurvey/sent_results,conservative_proxy_publication_thursday_after_survey_week,True,True,False,False
2021-12-30,2021-12-31,37.6569,31.7992,30.5439,7.1129999999999995,AAII Investor Sentiment Survey,https://www.aaii.com/files/surveys/sentiment.xls,https://www.aaii.com/sentimentsurvey/sent_results,conservative_proxy_publication_thursday_after_survey_week,True,True,False,False
2022-01-06,2022-01-07,32.7586,33.908,33.3333,-0.5747,AAII Investor Sentiment Survey,https://www.aaii.com/files/surveys/sentiment.xls,https://www.aaii.com/sentimentsurvey/sent_results,conservative_proxy_publication_thursday_after_survey_week,True,True,False,False
2022-01-13,2022-01-14,24.9071,36.803000000000004,38.29,-13.3829,AAII Investor Sentiment Survey,https://www.aaii.com/files/surveys/sentiment.xls,https://www.aaii.com/sentimentsurvey/sent_results,conservative_proxy_publication_thursday_after_survey_week,True,True,False,False
2022-01-20,2022-01-21,20.9607,32.3144,46.724900000000005,-25.764200000000006,AAII Investor Sentiment Survey,https://www.aaii.com/files/surveys/sentiment.xls,https://www.aaii.com/sentimentsurvey/sent_results,conservative_proxy_publication_thursday_after_survey_week,True,True,False,False
2022-01-27,2022-01-28,23.1373,23.9216,52.9412,-29.803900000000002,AAII Investor Sentiment Survey,https://www.aaii.com/files/surveys/sentiment.xls,https://www.aaii.com/sentimentsurvey/sent_results,conservative_proxy_publication_thursday_after_survey_week,True,True,False,False
2022-02-03,2022-02-04,26.492500000000003,29.850700000000003,43.6567,-17.164199999999997,AAII Investor Sentiment Survey,https://www.aaii.com/files/surveys/sentiment.xls,https://www.aaii.com/sentimentsurvey/sent_results,conservative_proxy_publication_thursday_after_survey_week,True,True,False,False
2022-02-10,2022-02-11,24.359,40.170899999999996,35.4701,-11.1111,AAII Investor Sentiment Survey,https://www.aaii.com/files/surveys/sentiment.xls,https://www.aaii.com/sentimentsurvey/sent_results,conservative_proxy_publication_thursday_after_survey_week,True,True,False,False
2022-02-17,2022-02-18,19.2488,37.5587,43.1925,-23.943700000000003,AAII Investor Sentiment Survey,https://www.aaii.com/files/surveys/sentiment.xls,https://www.aaii.com/sentimentsurvey/sent_results,conservative_proxy_publication_thursday_after_survey_week,True,True,False,False
2022-02-24,2022-02-25,23.394499999999997,22.9358,53.6697,-30.2752,AAII Investor Sentiment Survey,https://www.aaii.com/files/surveys/sentiment.xls,https://www.aaii.com/sentimentsurvey/sent_results,conservative_proxy_publication_thursday_after_survey_week,True,True,False,False
2022-03-03,2022-03-04,30.3867,28.1768,41.436499999999995,-11.049799999999994,AAII Investor Sentiment Survey,https://www.aaii.com/files/surveys/sentiment.xls,https://www.aaii.com/sentimentsurvey/sent_results,conservative_proxy_publication_thursday_after_survey_week,True,True,False,False
2022-03-10,2022-03-11,24.0,30.2222,45.7778,-21.7778,AAII Investor Sentiment Survey,https://www.aaii.com/files/surveys/sentiment.xls,https://www.aaii.com/sentimentsurvey/sent_results,conservative_proxy_publication_thursday_after_survey_week,True,True,False,False
2022-03-17,2022-03-18,22.467000000000002,27.753299999999996,49.7797,-27.312699999999996,AAII Investor Sentiment Survey,https://www.aaii.com/files/surveys/sentiment.xls,https://www.aaii.com/sentimentsurvey/sent_results,conservative_proxy_publication_thursday_after_survey_week,True,True,False,False
2022-03-24,2022-03-25,32.8042,31.746000000000002,35.4497,-2.6454999999999984,AAII Investor Sentiment Survey,https://www.aaii.com/files/surveys/sentiment.xls,https://www.aaii.com/sentimentsurvey/sent_results,conservative_proxy_publication_thursday_after_survey_week,True,True,False,False
2022-03-31,2022-04-01,31.8841,40.5797,27.5362,4.347899999999999,AAII Investor Sentiment Survey,https://www.aaii.com/files/surveys/sentiment.xls,https://www.aaii.com/sentimentsurvey/sent_results,conservative_proxy_publication_thursday_after_survey_week,True,True,False,False
2022-04-07,2022-04-08,24.712600000000002,33.908,41.3793,-16.6667,AAII Investor Sentiment Survey,https://www.aaii.com/files/surveys/sentiment.xls,https://www.aaii.com/sentimentsurvey/sent_results,conservative_proxy_publication_thursday_after_survey_week,True,True,False,False
2022-04-14,2022-04-15,15.837100000000001,35.7466,48.4163,-32.5792,AAII Investor Sentiment Survey,https://www.aaii.com/files/surveys/sentiment.xls,https://www.aaii.com/sentimentsurvey/sent_results,conservative_proxy_publication_thursday_after_survey_week,True,True,False,False
2022-04-21,2022-04-22,18.867900000000002,37.264199999999995,43.8679,-24.999999999999996,AAII Investor Sentiment Survey,https://www.aaii.com/files/surveys/sentiment.xls,https://www.aaii.com/sentimentsurvey/sent_results,conservative_proxy_publication_thursday_after_survey_week,True,True,False,False
2022-04-28,2022-04-29,16.4384,24.2009,59.3607,-42.9223,AAII Investor Sentiment Survey,https://www.aaii.com/files/surveys/sentiment.xls,https://www.aaii.com/sentimentsurvey/sent_results,conservative_proxy_publication_thursday_after_survey_week,True,True,False,False
2022-05-05,2022-05-06,26.872200000000003,20.2643,52.863400000000006,-25.991200000000003,AAII Investor Sentiment Survey,https://www.aaii.com/files/surveys/sentiment.xls,https://www.aaii.com/sentimentsurvey/sent_results,conservative_proxy_publication_thursday_after_survey_week,True,True,False,False
2022-05-12,2022-05-13,24.324299999999997,26.640900000000002,49.0347,-24.710400000000003,AAII Investor Sentiment Survey,https://www.aaii.com/files/surveys/sentiment.xls,https://www.aaii.com/sentimentsurvey/sent_results,conservative_proxy_publication_thursday_after_survey_week,True,True,False,False
2022-05-19,2022-05-20,25.968999999999998,23.6434,50.3876,-24.4186,AAII Investor Sentiment Survey,https://www.aaii.com/files/surveys/sentiment.xls,https://www.aaii.com/sentimentsurvey/sent_results,conservative_proxy_publication_thursday_after_survey_week,True,True,False,False
2022-05-26,2022-05-27,19.8488,26.654099999999996,53.4972,-33.648399999999995,AAII Investor Sentiment Survey,https://www.aaii.com/files/surveys/sentiment.xls,https://www.aaii.com/sentimentsurvey/sent_results,conservative_proxy_publication_thursday_after_survey_week,True,True,False,False
2022-06-02,2022-06-03,32.0175,30.921100000000003,37.0614,-5.043900000000001,AAII Investor Sentiment Survey,https://www.aaii.com/files/surveys/sentiment.xls,https://www.aaii.com/sentimentsurvey/sent_results,conservative_proxy_publication_thursday_after_survey_week,True,True,False,False
2022-06-09,2022-06-10,21.0227,32.1023,46.875,-25.8523,AAII Investor Sentiment Survey,https://www.aaii.com/files/surveys/sentiment.xls,https://www.aaii.com/sentimentsurvey/sent_results,conservative_proxy_publication_thursday_after_survey_week,True,True,False,False
2022-06-16,2022-06-17,19.4444,22.2222,58.3333,-38.8889,AAII Investor Sentiment Survey,https://www.aaii.com/files/surveys/sentiment.xls,https://www.aaii.com/sentimentsurvey/sent_results,conservative_proxy_publication_thursday_after_survey_week,True,True,False,False
2022-06-23,2022-06-24,18.2033,22.4586,59.338100000000004,-41.134800000000006,AAII Investor Sentiment Survey,https://www.aaii.com/files/surveys/sentiment.xls,https://www.aaii.com/sentimentsurvey/sent_results,conservative_proxy_publication_thursday_after_survey_week,True,True,False,False
2022-06-30,2022-07-01,22.779,30.523899999999998,46.697,-23.918000000000003,AAII Investor Sentiment Survey,https://www.aaii.com/files/surveys/sentiment.xls,https://www.aaii.com/sentimentsurvey/sent_results,conservative_proxy_publication_thursday_after_survey_week,True,True,False,False
2022-07-07,2022-07-08,19.381999999999998,27.809,52.809,-33.427,AAII Investor Sentiment Survey,https://www.aaii.com/files/surveys/sentiment.xls,https://www.aaii.com/sentimentsurvey/sent_results,conservative_proxy_publication_thursday_after_survey_week,True,True,False,False
2022-07-14,2022-07-15,26.8882,26.586100000000002,46.5257,-19.6375,AAII Investor Sentiment Survey,https://www.aaii.com/files/surveys/sentiment.xls,https://www.aaii.com/sentimentsurvey/sent_results,conservative_proxy_publication_thursday_after_survey_week,True,True,False,False
2022-07-21,2022-07-22,29.589,28.2192,42.1918,-12.602800000000002,AAII Investor Sentiment Survey,https://www.aaii.com/files/surveys/sentiment.xls,https://www.aaii.com/sentimentsurvey/sent_results,conservative_proxy_publication_thursday_after_survey_week,True,True,False,False
2022-07-28,2022-07-29,27.722799999999996,32.178200000000004,40.099000000000004,-12.376200000000008,AAII Investor Sentiment Survey,https://www.aaii.com/files/surveys/sentiment.xls,https://www.aaii.com/sentimentsurvey/sent_results,conservative_proxy_publication_thursday_after_survey_week,True,True,False,False
2022-08-04,2022-08-05,30.5556,30.5556,38.8889,-8.333300000000001,AAII Investor Sentiment Survey,https://www.aaii.com/files/surveys/sentiment.xls,https://www.aaii.com/sentimentsurvey/sent_results,conservative_proxy_publication_thursday_after_survey_week,True,True,False,False
2022-08-11,2022-08-12,32.1543,31.1897,36.6559,-4.501600000000003,AAII Investor Sentiment Survey,https://www.aaii.com/files/surveys/sentiment.xls,https://www.aaii.com/sentimentsurvey/sent_results,conservative_proxy_publication_thursday_after_survey_week,True,True,False,False
2022-08-18,2022-08-19,33.3333,29.5139,37.1528,-3.819499999999998,AAII Investor Sentiment Survey,https://www.aaii.com/files/surveys/sentiment.xls,https://www.aaii.com/sentimentsurvey/sent_results,conservative_proxy_publication_thursday_after_survey_week,True,True,False,False
2022-08-25,2022-08-26,27.700799999999997,29.916900000000002,42.3823,-14.681500000000003,AAII Investor Sentiment Survey,https://www.aaii.com/files/surveys/sentiment.xls,https://www.aaii.com/sentimentsurvey/sent_results,conservative_proxy_publication_thursday_after_survey_week,True,True,False,False
2022-09-01,2022-09-02,21.9178,27.671200000000002,50.410999999999994,-28.493199999999995,AAII Investor Sentiment Survey,https://www.aaii.com/files/surveys/sentiment.xls,https://www.aaii.com/sentimentsurvey/sent_results,conservative_proxy_publication_thursday_after_survey_week,True,True,False,False
2022-09-08,2022-09-09,18.0685,28.660400000000003,53.271,-35.2025,AAII Investor Sentiment Survey,https://www.aaii.com/files/surveys/sentiment.xls,https://www.aaii.com/sentimentsurvey/sent_results,conservative_proxy_publication_thursday_after_survey_week,True,True,False,False
2022-09-15,2022-09-16,26.1324,27.8746,45.993,-19.8606,AAII Investor Sentiment Survey,https://www.aaii.com/files/surveys/sentiment.xls,https://www.aaii.com/sentimentsurvey/sent_results,conservative_proxy_publication_thursday_after_survey_week,True,True,False,False
2022-09-22,2022-09-23,17.7258,21.4047,60.8696,-43.1438,AAII Investor Sentiment Survey,https://www.aaii.com/files/surveys/sentiment.xls,https://www.aaii.com/sentimentsurvey/sent_results,conservative_proxy_publication_thursday_after_survey_week,True,True,False,False
2022-09-29,2022-09-30,19.9525,19.2399,60.807599999999994,-40.85509999999999,AAII Investor Sentiment Survey,https://www.aaii.com/files/surveys/sentiment.xls,https://www.aaii.com/sentimentsurvey/sent_results,conservative_proxy_publication_thursday_after_survey_week,True,True,False,False
2022-10-06,2022-10-07,23.9193,21.3256,54.754999999999995,-30.835699999999996,AAII Investor Sentiment Survey,https://www.aaii.com/files/surveys/sentiment.xls,https://www.aaii.com/sentimentsurvey/sent_results,conservative_proxy_publication_thursday_after_survey_week,True,True,False,False
2022-10-13,2022-10-14,20.3647,23.708199999999998,55.927099999999996,-35.5624,AAII Investor Sentiment Survey,https://www.aaii.com/files/surveys/sentiment.xls,https://www.aaii.com/sentimentsurvey/sent_results,conservative_proxy_publication_thursday_after_survey_week,True,True,False,False
2022-10-20,2022-10-21,22.5989,21.1864,56.21469999999999,-33.61579999999999,AAII Investor Sentiment Survey,https://www.aaii.com/files/surveys/sentiment.xls,https://www.aaii.com/sentimentsurvey/sent_results,conservative_proxy_publication_thursday_after_survey_week,True,True,False,False
2022-10-27,2022-10-28,26.5896,27.7457,45.6647,-19.075100000000003,AAII Investor Sentiment Survey,https://www.aaii.com/files/surveys/sentiment.xls,https://www.aaii.com/sentimentsurvey/sent_results,conservative_proxy_publication_thursday_after_survey_week,True,True,False,False
2022-11-03,2022-11-04,30.564799999999998,36.544900000000005,32.8904,-2.3256000000000014,AAII Investor Sentiment Survey,https://www.aaii.com/files/surveys/sentiment.xls,https://www.aaii.com/sentimentsurvey/sent_results,conservative_proxy_publication_thursday_after_survey_week,True,True,False,False
2022-11-10,2022-11-11,25.0871,27.8746,47.0383,-21.9512,AAII Investor Sentiment Survey,https://www.aaii.com/files/surveys/sentiment.xls,https://www.aaii.com/sentimentsurvey/sent_results,conservative_proxy_publication_thursday_after_survey_week,True,True,False,False
2022-11-17,2022-11-18,33.452,26.3345,40.2135,-6.761500000000005,AAII Investor Sentiment Survey,https://www.aaii.com/files/surveys/sentiment.xls,https://www.aaii.com/sentimentsurvey/sent_results,conservative_proxy_publication_thursday_after_survey_week,True,True,False,False
2022-11-24,2022-11-25,28.863,30.903799999999997,40.233200000000004,-11.370200000000004,AAII Investor Sentiment Survey,https://www.aaii.com/files/surveys/sentiment.xls,https://www.aaii.com/sentimentsurvey/sent_results,conservative_proxy_publication_thursday_after_survey_week,True,True,False,False
2022-12-01,2022-12-02,24.4681,35.1064,40.4255,-15.9574,AAII Investor Sentiment Survey,https://www.aaii.com/files/surveys/sentiment.xls,https://www.aaii.com/sentimentsurvey/sent_results,conservative_proxy_publication_thursday_after_survey_week,True,True,False,False
2022-12-08,2022-12-09,24.7273,33.454499999999996,41.8182,-17.090899999999998,AAII Investor Sentiment Survey,https://www.aaii.com/files/surveys/sentiment.xls,https://www.aaii.com/sentimentsurvey/sent_results,conservative_proxy_publication_thursday_after_survey_week,True,True,False,False
2022-12-15,2022-12-16,24.302799999999998,31.0757,44.6215,-20.3187,AAII Investor Sentiment Survey,https://www.aaii.com/files/surveys/sentiment.xls,https://www.aaii.com/sentimentsurvey/sent_results,conservative_proxy_publication_thursday_after_survey_week,True,True,False,False
2022-12-22,2022-12-23,20.3077,27.3846,52.307700000000004,-32.0,AAII Investor Sentiment Survey,https://www.aaii.com/files/surveys/sentiment.xls,https://www.aaii.com/sentimentsurvey/sent_results,conservative_proxy_publication_thursday_after_survey_week,True,True,False,False
2022-12-29,2022-12-30,26.4881,25.8929,47.619,-21.1309,AAII Investor Sentiment Survey,https://www.aaii.com/files/surveys/sentiment.xls,https://www.aaii.com/sentimentsurvey/sent_results,conservative_proxy_publication_thursday_after_survey_week,True,True,False,False
2023-01-05,2023-01-06,20.512800000000002,37.5,41.9872,-21.4744,AAII Investor Sentiment Survey,https://www.aaii.com/files/surveys/sentiment.xls,https://www.aaii.com/sentimentsurvey/sent_results,conservative_proxy_publication_thursday_after_survey_week,True,True,False,False
2023-01-12,2023-01-13,24.028299999999998,36.0424,39.9293,-15.901,AAII Investor Sentiment Survey,https://www.aaii.com/files/surveys/sentiment.xls,https://www.aaii.com/sentimentsurvey/sent_results,conservative_proxy_publication_thursday_after_survey_week,True,True,False,False
2023-01-19,2023-01-20,30.9711,35.958,33.070899999999995,-2.099799999999995,AAII Investor Sentiment Survey,https://www.aaii.com/files/surveys/sentiment.xls,https://www.aaii.com/sentimentsurvey/sent_results,conservative_proxy_publication_thursday_after_survey_week,True,True,False,False
2023-01-26,2023-01-27,28.366799999999998,34.957,36.676199999999994,-8.309399999999997,AAII Investor Sentiment Survey,https://www.aaii.com/files/surveys/sentiment.xls,https://www.aaii.com/sentimentsurvey/sent_results,conservative_proxy_publication_thursday_after_survey_week,True,True,False,False
2023-02-02,2023-02-03,29.9003,35.5482,34.551500000000004,-4.651200000000003,AAII Investor Sentiment Survey,https://www.aaii.com/files/surveys/sentiment.xls,https://www.aaii.com/sentimentsurvey/sent_results,conservative_proxy_publication_thursday_after_survey_week,True,True,False,False
2023-02-09,2023-02-10,37.5,37.5,25.0,12.5,AAII Investor Sentiment Survey,https://www.aaii.com/files/surveys/sentiment.xls,https://www.aaii.com/sentimentsurvey/sent_results,conservative_proxy_publication_thursday_after_survey_week,True,True,False,False
2023-02-16,2023-02-17,34.117599999999996,37.0588,28.823500000000003,5.294099999999993,AAII Investor Sentiment Survey,https://www.aaii.com/files/surveys/sentiment.xls,https://www.aaii.com/sentimentsurvey/sent_results,conservative_proxy_publication_thursday_after_survey_week,True,True,False,False
2023-02-23,2023-02-24,21.6471,39.7647,38.5882,-16.941100000000002,AAII Investor Sentiment Survey,https://www.aaii.com/files/surveys/sentiment.xls,https://www.aaii.com/sentimentsurvey/sent_results,conservative_proxy_publication_thursday_after_survey_week,True,True,False,False
2023-03-02,2023-03-03,23.3766,31.8182,44.8052,-21.4286,AAII Investor Sentiment Survey,https://www.aaii.com/files/surveys/sentiment.xls,https://www.aaii.com/sentimentsurvey/sent_results,conservative_proxy_publication_thursday_after_survey_week,True,True,False,False
2023-03-09,2023-03-10,24.8276,33.448299999999996,41.7241,-16.8965,AAII Investor Sentiment Survey,https://www.aaii.com/files/surveys/sentiment.xls,https://www.aaii.com/sentimentsurvey/sent_results,conservative_proxy_publication_thursday_after_survey_week,True,True,False,False
2023-03-16,2023-03-17,19.217100000000002,32.384299999999996,48.3986,-29.1815,AAII Investor Sentiment Survey,https://www.aaii.com/files/surveys/sentiment.xls,https://www.aaii.com/sentimentsurvey/sent_results,conservative_proxy_publication_thursday_after_survey_week,True,True,False,False
2023-03-23,2023-03-24,20.9497,30.1676,48.8827,-27.933,AAII Investor Sentiment Survey,https://www.aaii.com/files/surveys/sentiment.xls,https://www.aaii.com/sentimentsurvey/sent_results,conservative_proxy_publication_thursday_after_survey_week,True,True,False,False
2023-03-30,2023-03-31,22.509999999999998,31.869999999999997,45.61,-23.1,AAII Investor Sentiment Survey,https://www.aaii.com/files/surveys/sentiment.xls,https://www.aaii.com/sentimentsurvey/sent_results,conservative_proxy_publication_thursday_after_survey_week,True,True,False,False
2023-04-06,2023-04-07,33.33,31.65,35.02,-1.6900000000000048,AAII Investor Sentiment Survey,https://www.aaii.com/files/surveys/sentiment.xls,https://www.aaii.com/sentimentsurvey/sent_results,conservative_proxy_publication_thursday_after_survey_week,True,True,False,False
2023-04-13,2023-04-14,26.05,39.46,34.48,-8.429999999999996,AAII Investor Sentiment Survey,https://www.aaii.com/files/surveys/sentiment.xls,https://www.aaii.com/sentimentsurvey/sent_results,conservative_proxy_publication_thursday_after_survey_week,True,True,False,False
2023-04-20,2023-04-21,27.2152,37.658199999999994,35.1266,-7.911400000000004,AAII Investor Sentiment Survey,https://www.aaii.com/files/surveys/sentiment.xls,https://www.aaii.com/sentimentsurvey/sent_results,conservative_proxy_publication_thursday_after_survey_week,True,True,False,False
2023-04-27,2023-04-28,24.137900000000002,37.3563,38.5057,-14.367799999999995,AAII Investor Sentiment Survey,https://www.aaii.com/files/surveys/sentiment.xls,https://www.aaii.com/sentimentsurvey/sent_results,conservative_proxy_publication_thursday_after_survey_week,True,True,False,False
2023-05-04,2023-05-05,24.0816,31.0204,44.897999999999996,-20.816399999999994,AAII Investor Sentiment Survey,https://www.aaii.com/files/surveys/sentiment.xls,https://www.aaii.com/sentimentsurvey/sent_results,conservative_proxy_publication_thursday_after_survey_week,True,True,False,False
2023-05-11,2023-05-12,29.389300000000002,29.389300000000002,41.2214,-11.8321,AAII Investor Sentiment Survey,https://www.aaii.com/files/surveys/sentiment.xls,https://www.aaii.com/sentimentsurvey/sent_results,conservative_proxy_publication_thursday_after_survey_week,True,True,False,False
2023-05-18,2023-05-19,22.895599999999998,37.3737,39.7306,-16.835000000000004,AAII Investor Sentiment Survey,https://www.aaii.com/files/surveys/sentiment.xls,https://www.aaii.com/sentimentsurvey/sent_results,conservative_proxy_publication_thursday_after_survey_week,True,True,False,False
2023-05-25,2023-05-26,27.3846,32.9231,39.6923,-12.307700000000004,AAII Investor Sentiment Survey,https://www.aaii.com/files/surveys/sentiment.xls,https://www.aaii.com/sentimentsurvey/sent_results,conservative_proxy_publication_thursday_after_survey_week,True,True,False,False
2023-06-01,2023-06-02,29.0541,34.1216,36.8243,-7.770200000000003,AAII Investor Sentiment Survey,https://www.aaii.com/files/surveys/sentiment.xls,https://www.aaii.com/sentimentsurvey/sent_results,conservative_proxy_publication_thursday_after_survey_week,True,True,False,False
2023-06-08,2023-06-09,44.548300000000005,31.152600000000003,24.299100000000003,20.249200000000002,AAII Investor Sentiment Survey,https://www.aaii.com/files/surveys/sentiment.xls,https://www.aaii.com/sentimentsurvey/sent_results,conservative_proxy_publication_thursday_after_survey_week,True,True,False,False
2023-06-15,2023-06-16,45.182,32.1199,22.6981,22.483900000000002,AAII Investor Sentiment Survey,https://www.aaii.com/files/surveys/sentiment.xls,https://www.aaii.com/sentimentsurvey/sent_results,conservative_proxy_publication_thursday_after_survey_week,True,True,False,False
2023-06-22,2023-06-23,42.857099999999996,29.3878,27.7551,15.101999999999997,AAII Investor Sentiment Survey,https://www.aaii.com/files/surveys/sentiment.xls,https://www.aaii.com/sentimentsurvey/sent_results,conservative_proxy_publication_thursday_after_survey_week,True,True,False,False
2023-06-29,2023-06-30,41.9277,30.602400000000003,27.469900000000003,14.457799999999999,AAII Investor Sentiment Survey,https://www.aaii.com/files/surveys/sentiment.xls,https://www.aaii.com/sentimentsurvey/sent_results,conservative_proxy_publication_thursday_after_survey_week,True,True,False,False
2023-07-06,2023-07-07,46.391799999999996,29.123700000000003,24.4845,21.907299999999996,AAII Investor Sentiment Survey,https://www.aaii.com/files/surveys/sentiment.xls,https://www.aaii.com/sentimentsurvey/sent_results,conservative_proxy_publication_thursday_after_survey_week,True,True,False,False
2023-07-13,2023-07-14,40.998400000000004,33.1395,25.872099999999996,15.126300000000008,AAII Investor Sentiment Survey,https://www.aaii.com/files/surveys/sentiment.xls,https://www.aaii.com/sentimentsurvey/sent_results,conservative_proxy_publication_thursday_after_survey_week,True,True,False,False
2023-07-20,2023-07-21,51.3575,27.149299999999997,21.4932,29.8643,AAII Investor Sentiment Survey,https://www.aaii.com/files/surveys/sentiment.xls,https://www.aaii.com/sentimentsurvey/sent_results,conservative_proxy_publication_thursday_after_survey_week,True,True,False,False
2023-07-27,2023-07-28,44.906400000000005,30.9771,24.1164,20.790000000000006,AAII Investor Sentiment Survey,https://www.aaii.com/files/surveys/sentiment.xls,https://www.aaii.com/sentimentsurvey/sent_results,conservative_proxy_publication_thursday_after_survey_week,True,True,False,False
2023-08-03,2023-08-04,48.9848,29.6954,21.3198,27.665,AAII Investor Sentiment Survey,https://www.aaii.com/files/surveys/sentiment.xls,https://www.aaii.com/sentimentsurvey/sent_results,conservative_proxy_publication_thursday_after_survey_week,True,True,False,False
2023-08-10,2023-08-11,44.6991,29.7994,25.5014,19.1977,AAII Investor Sentiment Survey,https://www.aaii.com/files/surveys/sentiment.xls,https://www.aaii.com/sentimentsurvey/sent_results,conservative_proxy_publication_thursday_after_survey_week,True,True,False,False
2023-08-17,2023-08-18,35.8904,33.9726,30.137000000000004,5.753399999999996,AAII Investor Sentiment Survey,https://www.aaii.com/files/surveys/sentiment.xls,https://www.aaii.com/sentimentsurvey/sent_results,conservative_proxy_publication_thursday_after_survey_week,True,True,False,False
2023-08-24,2023-08-25,32.2654,31.807800000000004,35.9268,-3.6614000000000004,AAII Investor Sentiment Survey,https://www.aaii.com/files/surveys/sentiment.xls,https://www.aaii.com/sentimentsurvey/sent_results,conservative_proxy_publication_thursday_after_survey_week,True,True,False,False
2023-08-31,2023-09-01,33.0935,32.3741,34.5324,-1.4389000000000038,AAII Investor Sentiment Survey,https://www.aaii.com/files/surveys/sentiment.xls,https://www.aaii.com/sentimentsurvey/sent_results,conservative_proxy_publication_thursday_after_survey_week,True,True,False,False
2023-09-07,2023-09-08,42.1918,28.2192,29.589,12.602800000000002,AAII Investor Sentiment Survey,https://www.aaii.com/files/surveys/sentiment.xls,https://www.aaii.com/sentimentsurvey/sent_results,conservative_proxy_publication_thursday_after_survey_week,True,True,False,False
2023-09-14,2023-09-15,34.415600000000005,36.3636,29.220800000000004,5.194800000000001,AAII Investor Sentiment Survey,https://www.aaii.com/files/surveys/sentiment.xls,https://www.aaii.com/sentimentsurvey/sent_results,conservative_proxy_publication_thursday_after_survey_week,True,True,False,False
2023-09-21,2023-09-22,31.2977,34.0967,34.605599999999995,-3.3078999999999965,AAII Investor Sentiment Survey,https://www.aaii.com/files/surveys/sentiment.xls,https://www.aaii.com/sentimentsurvey/sent_results,conservative_proxy_publication_thursday_after_survey_week,True,True,False,False
2023-09-28,2023-09-29,27.7916,31.265500000000003,40.9429,-13.151300000000003,AAII Investor Sentiment Survey,https://www.aaii.com/files/surveys/sentiment.xls,https://www.aaii.com/sentimentsurvey/sent_results,conservative_proxy_publication_thursday_after_survey_week,True,True,False,False
2023-10-05,2023-10-06,30.102,28.3163,41.5816,-11.479600000000001,AAII Investor Sentiment Survey,https://www.aaii.com/files/surveys/sentiment.xls,https://www.aaii.com/sentimentsurvey/sent_results,conservative_proxy_publication_thursday_after_survey_week,True,True,False,False
2023-10-12,2023-10-13,40.0,23.5135,36.4865,3.5135000000000005,AAII Investor Sentiment Survey,https://www.aaii.com/files/surveys/sentiment.xls,https://www.aaii.com/sentimentsurvey/sent_results,conservative_proxy_publication_thursday_after_survey_week,True,True,False,False
2023-10-19,2023-10-20,34.0659,31.3187,34.6154,-0.5495000000000019,AAII Investor Sentiment Survey,https://www.aaii.com/files/surveys/sentiment.xls,https://www.aaii.com/sentimentsurvey/sent_results,conservative_proxy_publication_thursday_after_survey_week,True,True,False,False
2023-10-26,2023-10-27,29.2804,27.543400000000002,43.176199999999994,-13.895799999999994,AAII Investor Sentiment Survey,https://www.aaii.com/files/surveys/sentiment.xls,https://www.aaii.com/sentimentsurvey/sent_results,conservative_proxy_publication_thursday_after_survey_week,True,True,False,False
2023-11-02,2023-11-03,24.3094,25.414399999999997,50.2762,-25.966800000000003,AAII Investor Sentiment Survey,https://www.aaii.com/files/surveys/sentiment.xls,https://www.aaii.com/sentimentsurvey/sent_results,conservative_proxy_publication_thursday_after_survey_week,True,True,False,False
2023-11-09,2023-11-10,42.6036,30.177500000000002,27.2189,15.384699999999999,AAII Investor Sentiment Survey,https://www.aaii.com/files/surveys/sentiment.xls,https://www.aaii.com/sentimentsurvey/sent_results,conservative_proxy_publication_thursday_after_survey_week,True,True,False,False
2023-11-16,2023-11-17,43.7838,28.108100000000004,28.108100000000004,15.675699999999996,AAII Investor Sentiment Survey,https://www.aaii.com/files/surveys/sentiment.xls,https://www.aaii.com/sentimentsurvey/sent_results,conservative_proxy_publication_thursday_after_survey_week,True,True,False,False
2023-11-23,2023-11-24,45.299099999999996,31.054100000000002,23.646700000000003,21.652399999999993,AAII Investor Sentiment Survey,https://www.aaii.com/files/surveys/sentiment.xls,https://www.aaii.com/sentimentsurvey/sent_results,conservative_proxy_publication_thursday_after_survey_week,True,True,False,False
2023-11-30,2023-12-01,48.7578,31.677,19.5652,29.192600000000002,AAII Investor Sentiment Survey,https://www.aaii.com/files/surveys/sentiment.xls,https://www.aaii.com/sentimentsurvey/sent_results,conservative_proxy_publication_thursday_after_survey_week,True,True,False,False
2023-12-07,2023-12-08,47.3118,25.268800000000002,27.4194,19.8924,AAII Investor Sentiment Survey,https://www.aaii.com/files/surveys/sentiment.xls,https://www.aaii.com/sentimentsurvey/sent_results,conservative_proxy_publication_thursday_after_survey_week,True,True,False,False
2023-12-14,2023-12-15,51.2968,29.3948,19.3084,31.9884,AAII Investor Sentiment Survey,https://www.aaii.com/files/surveys/sentiment.xls,https://www.aaii.com/sentimentsurvey/sent_results,conservative_proxy_publication_thursday_after_survey_week,True,True,False,False
2023-12-21,2023-12-22,52.924800000000005,26.1838,20.891399999999997,32.03340000000001,AAII Investor Sentiment Survey,https://www.aaii.com/files/surveys/sentiment.xls,https://www.aaii.com/sentimentsurvey/sent_results,conservative_proxy_publication_thursday_after_survey_week,True,True,False,False
2023-12-28,2023-12-29,46.329100000000004,28.607599999999998,25.063299999999998,21.265800000000006,AAII Investor Sentiment Survey,https://www.aaii.com/files/surveys/sentiment.xls,https://www.aaii.com/sentimentsurvey/sent_results,conservative_proxy_publication_thursday_after_survey_week,True,True,False,False
2024-01-04,2024-01-05,48.564,27.937299999999997,23.4987,25.0653,AAII Investor Sentiment Survey,https://www.aaii.com/files/surveys/sentiment.xls,https://www.aaii.com/sentimentsurvey/sent_results,conservative_proxy_publication_thursday_after_survey_week,True,True,False,False
2024-01-11,2024-01-12,48.5861,27.2494,24.1645,24.4216,AAII Investor Sentiment Survey,https://www.aaii.com/files/surveys/sentiment.xls,https://www.aaii.com/sentimentsurvey/sent_results,conservative_proxy_publication_thursday_after_survey_week,True,True,False,False
2024-01-18,2024-01-19,40.3756,32.8638,26.7606,13.614999999999998,AAII Investor Sentiment Survey,https://www.aaii.com/files/surveys/sentiment.xls,https://www.aaii.com/sentimentsurvey/sent_results,conservative_proxy_publication_thursday_after_survey_week,True,True,False,False
2024-01-25,2024-01-26,39.2683,34.634100000000004,26.0976,13.170700000000004,AAII Investor Sentiment Survey,https://www.aaii.com/files/surveys/sentiment.xls,https://www.aaii.com/sentimentsurvey/sent_results,conservative_proxy_publication_thursday_after_survey_week,True,True,False,False
2024-02-01,2024-02-02,49.066700000000004,26.400000000000002,24.5333,24.533400000000004,AAII Investor Sentiment Survey,https://www.aaii.com/files/surveys/sentiment.xls,https://www.aaii.com/sentimentsurvey/sent_results,conservative_proxy_publication_thursday_after_survey_week,True,True,False,False
2024-02-08,2024-02-09,49.0251,28.412300000000002,22.5627,26.462400000000002,AAII Investor Sentiment Survey,https://www.aaii.com/files/surveys/sentiment.xls,https://www.aaii.com/sentimentsurvey/sent_results,conservative_proxy_publication_thursday_after_survey_week,True,True,False,False
2024-02-15,2024-02-16,42.1717,31.0606,26.7677,15.404,AAII Investor Sentiment Survey,https://www.aaii.com/files/surveys/sentiment.xls,https://www.aaii.com/sentimentsurvey/sent_results,conservative_proxy_publication_thursday_after_survey_week,True,True,False,False
2024-02-22,2024-02-23,44.277100000000004,29.518100000000004,26.2048,18.072300000000006,AAII Investor Sentiment Survey,https://www.aaii.com/files/surveys/sentiment.xls,https://www.aaii.com/sentimentsurvey/sent_results,conservative_proxy_publication_thursday_after_survey_week,True,True,False,False
2024-02-29,2024-03-01,46.4968,32.1656,21.337600000000002,25.1592,AAII Investor Sentiment Survey,https://www.aaii.com/files/surveys/sentiment.xls,https://www.aaii.com/sentimentsurvey/sent_results,conservative_proxy_publication_thursday_after_survey_week,True,True,False,False
2024-03-07,2024-03-08,51.735,26.4984,21.7666,29.9684,AAII Investor Sentiment Survey,https://www.aaii.com/files/surveys/sentiment.xls,https://www.aaii.com/sentimentsurvey/sent_results,conservative_proxy_publication_thursday_after_survey_week,True,True,False,False
2024-03-14,2024-03-15,45.8967,32.218799999999995,21.884500000000003,24.0122,AAII Investor Sentiment Survey,https://www.aaii.com/files/surveys/sentiment.xls,https://www.aaii.com/sentimentsurvey/sent_results,conservative_proxy_publication_thursday_after_survey_week,True,True,False,False
2024-03-21,2024-03-22,43.202400000000004,29.6073,27.1903,16.012100000000004,AAII Investor Sentiment Survey,https://www.aaii.com/files/surveys/sentiment.xls,https://www.aaii.com/sentimentsurvey/sent_results,conservative_proxy_publication_thursday_after_survey_week,True,True,False,False
2024-03-28,2024-03-29,50.0,27.551,22.448999999999998,27.551000000000002,AAII Investor Sentiment Survey,https://www.aaii.com/files/surveys/sentiment.xls,https://www.aaii.com/sentimentsurvey/sent_results,conservative_proxy_publication_thursday_after_survey_week,True,True,False,False
2024-04-04,2024-04-05,47.2868,30.491,22.2222,25.0646,AAII Investor Sentiment Survey,https://www.aaii.com/files/surveys/sentiment.xls,https://www.aaii.com/sentimentsurvey/sent_results,conservative_proxy_publication_thursday_after_survey_week,True,True,False,False
2024-04-11,2024-04-12,43.4426,32.5137,24.0437,19.398899999999998,AAII Investor Sentiment Survey,https://www.aaii.com/files/surveys/sentiment.xls,https://www.aaii.com/sentimentsurvey/sent_results,conservative_proxy_publication_thursday_after_survey_week,True,True,False,False
2024-04-18,2024-04-19,38.2749,27.7628,33.9623,4.312600000000003,AAII Investor Sentiment Survey,https://www.aaii.com/files/surveys/sentiment.xls,https://www.aaii.com/sentimentsurvey/sent_results,conservative_proxy_publication_thursday_after_survey_week,True,True,False,False
2024-04-25,2024-04-26,32.1337,33.9332,33.9332,-1.7995000000000019,AAII Investor Sentiment Survey,https://www.aaii.com/files/surveys/sentiment.xls,https://www.aaii.com/sentimentsurvey/sent_results,conservative_proxy_publication_thursday_after_survey_week,True,True,False,False
2024-05-02,2024-05-03,38.4858,29.022100000000002,32.4921,5.993699999999997,AAII Investor Sentiment Survey,https://www.aaii.com/files/surveys/sentiment.xls,https://www.aaii.com/sentimentsurvey/sent_results,conservative_proxy_publication_thursday_after_survey_week,True,True,False,False
2024-05-09,2024-05-10,40.8163,35.374100000000006,23.8095,17.0068,AAII Investor Sentiment Survey,https://www.aaii.com/files/surveys/sentiment.xls,https://www.aaii.com/sentimentsurvey/sent_results,conservative_proxy_publication_thursday_after_survey_week,True,True,False,False
2024-05-16,2024-05-17,40.8638,35.8804,23.255799999999997,17.608,AAII Investor Sentiment Survey,https://www.aaii.com/files/surveys/sentiment.xls,https://www.aaii.com/sentimentsurvey/sent_results,conservative_proxy_publication_thursday_after_survey_week,True,True,False,False
2024-05-23,2024-05-24,47.039500000000004,26.6447,26.3158,20.723700000000004,AAII Investor Sentiment Survey,https://www.aaii.com/files/surveys/sentiment.xls,https://www.aaii.com/sentimentsurvey/sent_results,conservative_proxy_publication_thursday_after_survey_week,True,True,False,False
2024-05-30,2024-05-31,39.0411,34.2466,26.7123,12.328800000000001,AAII Investor Sentiment Survey,https://www.aaii.com/files/surveys/sentiment.xls,https://www.aaii.com/sentimentsurvey/sent_results,conservative_proxy_publication_thursday_after_survey_week,True,True,False,False
2024-06-06,2024-06-07,38.9706,29.0441,31.9853,6.985299999999999,AAII Investor Sentiment Survey,https://www.aaii.com/files/surveys/sentiment.xls,https://www.aaii.com/sentimentsurvey/sent_results,conservative_proxy_publication_thursday_after_survey_week,True,True,False,False
2024-06-13,2024-06-14,44.5946,29.729699999999998,25.675700000000003,18.918899999999997,AAII Investor Sentiment Survey,https://www.aaii.com/files/surveys/sentiment.xls,https://www.aaii.com/sentimentsurvey/sent_results,conservative_proxy_publication_thursday_after_survey_week,True,True,False,False
2024-06-20,2024-06-21,44.373000000000005,33.119,22.508,21.865000000000006,AAII Investor Sentiment Survey,https://www.aaii.com/files/surveys/sentiment.xls,https://www.aaii.com/sentimentsurvey/sent_results,conservative_proxy_publication_thursday_after_survey_week,True,True,False,False
2024-06-27,2024-06-28,44.4882,27.1654,28.346500000000002,16.141699999999997,AAII Investor Sentiment Survey,https://www.aaii.com/files/surveys/sentiment.xls,https://www.aaii.com/sentimentsurvey/sent_results,conservative_proxy_publication_thursday_after_survey_week,True,True,False,False
2024-07-04,2024-07-05,41.7391,32.1739,26.087,15.6521,AAII Investor Sentiment Survey,https://www.aaii.com/files/surveys/sentiment.xls,https://www.aaii.com/sentimentsurvey/sent_results,conservative_proxy_publication_thursday_after_survey_week,True,True,False,False
2024-07-11,2024-07-12,49.1803,29.0984,21.7213,27.459000000000003,AAII Investor Sentiment Survey,https://www.aaii.com/files/surveys/sentiment.xls,https://www.aaii.com/sentimentsurvey/sent_results,conservative_proxy_publication_thursday_after_survey_week,True,True,False,False
2024-07-18,2024-07-19,52.747299999999996,23.8095,23.4432,29.304099999999995,AAII Investor Sentiment Survey,https://www.aaii.com/files/surveys/sentiment.xls,https://www.aaii.com/sentimentsurvey/sent_results,conservative_proxy_publication_thursday_after_survey_week,True,True,False,False
2024-07-25,2024-07-26,43.1734,25.0923,31.734299999999998,11.439100000000003,AAII Investor Sentiment Survey,https://www.aaii.com/files/surveys/sentiment.xls,https://www.aaii.com/sentimentsurvey/sent_results,conservative_proxy_publication_thursday_after_survey_week,True,True,False,False
2024-08-01,2024-08-02,44.8819,29.921300000000002,25.1969,19.685000000000002,AAII Investor Sentiment Survey,https://www.aaii.com/files/surveys/sentiment.xls,https://www.aaii.com/sentimentsurvey/sent_results,conservative_proxy_publication_thursday_after_survey_week,True,True,False,False
2024-08-08,2024-08-09,40.5405,22.0077,37.4517,3.088799999999999,AAII Investor Sentiment Survey,https://www.aaii.com/files/surveys/sentiment.xls,https://www.aaii.com/sentimentsurvey/sent_results,conservative_proxy_publication_thursday_after_survey_week,True,True,False,False
2024-08-15,2024-08-16,42.5397,28.571400000000004,28.8889,13.650800000000004,AAII Investor Sentiment Survey,https://www.aaii.com/files/surveys/sentiment.xls,https://www.aaii.com/sentimentsurvey/sent_results,conservative_proxy_publication_thursday_after_survey_week,True,True,False,False
2024-08-22,2024-08-23,51.612899999999996,24.7312,23.6559,27.956999999999997,AAII Investor Sentiment Survey,https://www.aaii.com/files/surveys/sentiment.xls,https://www.aaii.com/sentimentsurvey/sent_results,conservative_proxy_publication_thursday_after_survey_week,True,True,False,False
2024-08-29,2024-08-30,51.1628,21.8605,26.976699999999997,24.1861,AAII Investor Sentiment Survey,https://www.aaii.com/files/surveys/sentiment.xls,https://www.aaii.com/sentimentsurvey/sent_results,conservative_proxy_publication_thursday_after_survey_week,True,True,False,False
2024-09-05,2024-09-06,45.3287,29.7578,24.9135,20.4152,AAII Investor Sentiment Survey,https://www.aaii.com/files/surveys/sentiment.xls,https://www.aaii.com/sentimentsurvey/sent_results,conservative_proxy_publication_thursday_after_survey_week,True,True,False,False
2024-09-12,2024-09-13,39.7959,29.251700000000003,30.9524,8.843500000000002,AAII Investor Sentiment Survey,https://www.aaii.com/files/surveys/sentiment.xls,https://www.aaii.com/sentimentsurvey/sent_results,conservative_proxy_publication_thursday_after_survey_week,True,True,False,False
2024-09-19,2024-09-20,50.8251,22.7723,26.4026,24.4225,AAII Investor Sentiment Survey,https://www.aaii.com/files/surveys/sentiment.xls,https://www.aaii.com/sentimentsurvey/sent_results,conservative_proxy_publication_thursday_after_survey_week,True,True,False,False
2024-09-26,2024-09-27,49.6241,26.6917,23.6842,25.939899999999998,AAII Investor Sentiment Survey,https://www.aaii.com/files/surveys/sentiment.xls,https://www.aaii.com/sentimentsurvey/sent_results,conservative_proxy_publication_thursday_after_survey_week,True,True,False,False
2024-10-03,2024-10-04,45.454499999999996,27.2727,27.2727,18.181799999999996,AAII Investor Sentiment Survey,https://www.aaii.com/files/surveys/sentiment.xls,https://www.aaii.com/sentimentsurvey/sent_results,conservative_proxy_publication_thursday_after_survey_week,True,True,False,False
2024-10-10,2024-10-11,49.011900000000004,30.4348,20.5534,28.458500000000004,AAII Investor Sentiment Survey,https://www.aaii.com/files/surveys/sentiment.xls,https://www.aaii.com/sentimentsurvey/sent_results,conservative_proxy_publication_thursday_after_survey_week,True,True,False,False
2024-10-17,2024-10-18,45.454499999999996,29.166700000000002,25.378800000000002,20.075699999999994,AAII Investor Sentiment Survey,https://www.aaii.com/files/surveys/sentiment.xls,https://www.aaii.com/sentimentsurvey/sent_results,conservative_proxy_publication_thursday_after_survey_week,True,True,False,False
2024-10-24,2024-10-25,37.7049,32.377,29.918,7.786900000000003,AAII Investor Sentiment Survey,https://www.aaii.com/files/surveys/sentiment.xls,https://www.aaii.com/sentimentsurvey/sent_results,conservative_proxy_publication_thursday_after_survey_week,True,True,False,False
2024-10-31,2024-11-01,39.485,29.613699999999998,30.9013,8.5837,AAII Investor Sentiment Survey,https://www.aaii.com/files/surveys/sentiment.xls,https://www.aaii.com/sentimentsurvey/sent_results,conservative_proxy_publication_thursday_after_survey_week,True,True,False,False
2024-11-07,2024-11-08,41.5441,30.882399999999997,27.5735,13.970600000000001,AAII Investor Sentiment Survey,https://www.aaii.com/files/surveys/sentiment.xls,https://www.aaii.com/sentimentsurvey/sent_results,conservative_proxy_publication_thursday_after_survey_week,True,True,False,False
2024-11-14,2024-11-15,49.8442,21.806900000000002,28.3489,21.4953,AAII Investor Sentiment Survey,https://www.aaii.com/files/surveys/sentiment.xls,https://www.aaii.com/sentimentsurvey/sent_results,conservative_proxy_publication_thursday_after_survey_week,True,True,False,False
2024-11-21,2024-11-22,41.2903,25.4839,33.2258,8.064500000000002,AAII Investor Sentiment Survey,https://www.aaii.com/files/surveys/sentiment.xls,https://www.aaii.com/sentimentsurvey/sent_results,conservative_proxy_publication_thursday_after_survey_week,True,True,False,False
2024-11-28,2024-11-29,37.0518,24.302799999999998,38.6454,-1.5936000000000021,AAII Investor Sentiment Survey,https://www.aaii.com/files/surveys/sentiment.xls,https://www.aaii.com/sentimentsurvey/sent_results,conservative_proxy_publication_thursday_after_survey_week,True,True,False,False
2024-12-05,2024-12-06,48.3333,21.0,30.666700000000002,17.6666,AAII Investor Sentiment Survey,https://www.aaii.com/files/surveys/sentiment.xls,https://www.aaii.com/sentimentsurvey/sent_results,conservative_proxy_publication_thursday_after_survey_week,True,True,False,False
2024-12-12,2024-12-13,43.3333,25.0,31.6667,11.666600000000003,AAII Investor Sentiment Survey,https://www.aaii.com/files/surveys/sentiment.xls,https://www.aaii.com/sentimentsurvey/sent_results,conservative_proxy_publication_thursday_after_survey_week,True,True,False,False
2024-12-19,2024-12-20,40.714299999999994,27.857100000000003,31.4286,9.285699999999995,AAII Investor Sentiment Survey,https://www.aaii.com/files/surveys/sentiment.xls,https://www.aaii.com/sentimentsurvey/sent_results,conservative_proxy_publication_thursday_after_survey_week,True,True,False,False
2024-12-26,2024-12-27,37.8049,28.0488,34.146300000000004,3.6586,AAII Investor Sentiment Survey,https://www.aaii.com/files/surveys/sentiment.xls,https://www.aaii.com/sentimentsurvey/sent_results,conservative_proxy_publication_thursday_after_survey_week,True,True,False,False
2025-01-02,2025-01-03,35.443000000000005,30.3797,34.1772,1.2658000000000058,AAII Investor Sentiment Survey,https://www.aaii.com/files/surveys/sentiment.xls,https://www.aaii.com/sentimentsurvey/sent_results,conservative_proxy_publication_thursday_after_survey_week,True,True,False,False
2025-01-09,2025-01-10,34.6674,27.956999999999997,37.3656,-2.6982,AAII Investor Sentiment Survey,https://www.aaii.com/files/surveys/sentiment.xls,https://www.aaii.com/sentimentsurvey/sent_results,conservative_proxy_publication_thursday_after_survey_week,True,True,False,False
2025-01-16,2025-01-17,25.428600000000003,34.0,40.571400000000004,-15.142800000000001,AAII Investor Sentiment Survey,https://www.aaii.com/files/surveys/sentiment.xls,https://www.aaii.com/sentimentsurvey/sent_results,conservative_proxy_publication_thursday_after_survey_week,True,True,False,False
2025-01-23,2025-01-24,43.4286,27.142899999999997,29.4286,14.000000000000004,AAII Investor Sentiment Survey,https://www.aaii.com/files/surveys/sentiment.xls,https://www.aaii.com/sentimentsurvey/sent_results,conservative_proxy_publication_thursday_after_survey_week,True,True,False,False
2025-01-30,2025-01-31,40.963899999999995,25.0,34.036100000000005,6.927799999999991,AAII Investor Sentiment Survey,https://www.aaii.com/files/surveys/sentiment.xls,https://www.aaii.com/sentimentsurvey/sent_results,conservative_proxy_publication_thursday_after_survey_week,True,True,False,False
2025-02-06,2025-02-07,33.3333,23.8095,42.857099999999996,-9.523799999999994,AAII Investor Sentiment Survey,https://www.aaii.com/files/surveys/sentiment.xls,https://www.aaii.com/sentimentsurvey/sent_results,conservative_proxy_publication_thursday_after_survey_week,True,True,False,False
2025-02-13,2025-02-14,28.4153,24.3169,47.2678,-18.852500000000003,AAII Investor Sentiment Survey,https://www.aaii.com/files/surveys/sentiment.xls,https://www.aaii.com/sentimentsurvey/sent_results,conservative_proxy_publication_thursday_after_survey_week,True,True,False,False
2025-02-20,2025-02-21,29.1908,30.3468,40.462399999999995,-11.271599999999996,AAII Investor Sentiment Survey,https://www.aaii.com/files/surveys/sentiment.xls,https://www.aaii.com/sentimentsurvey/sent_results,conservative_proxy_publication_thursday_after_survey_week,True,True,False,False
2025-02-27,2025-02-28,19.3846,20.0,60.615399999999994,-41.230799999999995,AAII Investor Sentiment Survey,https://www.aaii.com/files/surveys/sentiment.xls,https://www.aaii.com/sentimentsurvey/sent_results,conservative_proxy_publication_thursday_after_survey_week,True,True,False,False
2025-03-06,2025-03-07,19.3333,23.5556,57.1111,-37.7778,AAII Investor Sentiment Survey,https://www.aaii.com/files/surveys/sentiment.xls,https://www.aaii.com/sentimentsurvey/sent_results,conservative_proxy_publication_thursday_after_survey_week,True,True,False,False
2025-03-13,2025-03-14,19.1083,21.656100000000002,59.2357,-40.1274,AAII Investor Sentiment Survey,https://www.aaii.com/files/surveys/sentiment.xls,https://www.aaii.com/sentimentsurvey/sent_results,conservative_proxy_publication_thursday_after_survey_week,True,True,False,False
2025-03-20,2025-03-21,21.5812,20.2991,58.119699999999995,-36.5385,AAII Investor Sentiment Survey,https://www.aaii.com/files/surveys/sentiment.xls,https://www.aaii.com/sentimentsurvey/sent_results,conservative_proxy_publication_thursday_after_survey_week,True,True,False,False
2025-03-27,2025-03-28,27.4194,20.4301,52.1505,-24.7311,AAII Investor Sentiment Survey,https://www.aaii.com/files/surveys/sentiment.xls,https://www.aaii.com/sentimentsurvey/sent_results,conservative_proxy_publication_thursday_after_survey_week,True,True,False,False
2025-04-03,2025-04-04,21.7617,16.3212,61.917100000000005,-40.1554,AAII Investor Sentiment Survey,https://www.aaii.com/files/surveys/sentiment.xls,https://www.aaii.com/sentimentsurvey/sent_results,conservative_proxy_publication_thursday_after_survey_week,True,True,False,False
2025-04-10,2025-04-11,28.5171,12.5475,58.9354,-30.418300000000002,AAII Investor Sentiment Survey,https://www.aaii.com/files/surveys/sentiment.xls,https://www.aaii.com/sentimentsurvey/sent_results,conservative_proxy_publication_thursday_after_survey_week,True,True,False,False
2025-04-17,2025-04-18,25.4364,17.7057,56.857899999999994,-31.421499999999995,AAII Investor Sentiment Survey,https://www.aaii.com/files/surveys/sentiment.xls,https://www.aaii.com/sentimentsurvey/sent_results,conservative_proxy_publication_thursday_after_survey_week,True,True,False,False
2025-04-24,2025-04-25,21.9373,22.507099999999998,55.555600000000005,-33.618300000000005,AAII Investor Sentiment Survey,https://www.aaii.com/files/surveys/sentiment.xls,https://www.aaii.com/sentimentsurvey/sent_results,conservative_proxy_publication_thursday_after_survey_week,True,True,False,False
2025-05-01,2025-05-02,20.944,19.764,59.292,-38.348,AAII Investor Sentiment Survey,https://www.aaii.com/files/surveys/sentiment.xls,https://www.aaii.com/sentimentsurvey/sent_results,conservative_proxy_publication_thursday_after_survey_week,True,True,False,False
2025-05-08,2025-05-09,29.4479,19.0184,51.5337,-22.085800000000003,AAII Investor Sentiment Survey,https://www.aaii.com/files/surveys/sentiment.xls,https://www.aaii.com/sentimentsurvey/sent_results,conservative_proxy_publication_thursday_after_survey_week,True,True,False,False
2025-05-15,2025-05-16,35.932199999999995,19.661,44.406800000000004,-8.47460000000001,AAII Investor Sentiment Survey,https://www.aaii.com/files/surveys/sentiment.xls,https://www.aaii.com/sentimentsurvey/sent_results,conservative_proxy_publication_thursday_after_survey_week,True,True,False,False
2025-05-22,2025-05-23,37.7049,25.573800000000002,36.7213,0.9836000000000027,AAII Investor Sentiment Survey,https://www.aaii.com/files/surveys/sentiment.xls,https://www.aaii.com/sentimentsurvey/sent_results,conservative_proxy_publication_thursday_after_survey_week,True,True,False,False
2025-05-29,2025-05-30,32.8904,25.2492,41.8605,-8.970100000000002,AAII Investor Sentiment Survey,https://www.aaii.com/files/surveys/sentiment.xls,https://www.aaii.com/sentimentsurvey/sent_results,conservative_proxy_publication_thursday_after_survey_week,True,True,False,False
2025-06-05,2025-06-06,32.6599,25.925900000000002,41.4141,-8.754199999999997,AAII Investor Sentiment Survey,https://www.aaii.com/files/surveys/sentiment.xls,https://www.aaii.com/sentimentsurvey/sent_results,conservative_proxy_publication_thursday_after_survey_week,True,True,False,False
2025-06-12,2025-06-13,36.6667,29.743599999999997,33.5897,3.076999999999998,AAII Investor Sentiment Survey,https://www.aaii.com/files/surveys/sentiment.xls,https://www.aaii.com/sentimentsurvey/sent_results,conservative_proxy_publication_thursday_after_survey_week,True,True,False,False
2025-06-19,2025-06-20,33.209,25.373099999999997,41.4179,-8.2089,AAII Investor Sentiment Survey,https://www.aaii.com/files/surveys/sentiment.xls,https://www.aaii.com/sentimentsurvey/sent_results,conservative_proxy_publication_thursday_after_survey_week,True,True,False,False
2025-06-26,2025-06-27,35.0694,24.6528,40.2778,-5.2083999999999975,AAII Investor Sentiment Survey,https://www.aaii.com/files/surveys/sentiment.xls,https://www.aaii.com/sentimentsurvey/sent_results,conservative_proxy_publication_thursday_after_survey_week,True,True,False,False
2025-07-03,2025-07-04,45.016099999999994,21.865000000000002,33.119,11.897099999999995,AAII Investor Sentiment Survey,https://www.aaii.com/files/surveys/sentiment.xls,https://www.aaii.com/sentimentsurvey/sent_results,conservative_proxy_publication_thursday_after_survey_week,True,True,False,False
2025-07-10,2025-07-11,41.3793,22.988500000000002,35.632200000000005,5.747099999999996,AAII Investor Sentiment Survey,https://www.aaii.com/files/surveys/sentiment.xls,https://www.aaii.com/sentimentsurvey/sent_results,conservative_proxy_publication_thursday_after_survey_week,True,True,False,False
2025-07-17,2025-07-18,39.265499999999996,21.7514,38.9831,0.28239999999999554,AAII Investor Sentiment Survey,https://www.aaii.com/files/surveys/sentiment.xls,https://www.aaii.com/sentimentsurvey/sent_results,conservative_proxy_publication_thursday_after_survey_week,True,True,False,False
2025-07-24,2025-07-25,36.7781,29.1793,34.0426,2.735500000000002,AAII Investor Sentiment Survey,https://www.aaii.com/files/surveys/sentiment.xls,https://www.aaii.com/sentimentsurvey/sent_results,conservative_proxy_publication_thursday_after_survey_week,True,True,False,False
2025-07-31,2025-08-01,40.3333,26.6667,33.0,7.333300000000001,AAII Investor Sentiment Survey,https://www.aaii.com/files/surveys/sentiment.xls,https://www.aaii.com/sentimentsurvey/sent_results,conservative_proxy_publication_thursday_after_survey_week,True,True,False,False
2025-08-07,2025-08-08,34.8703,21.902,43.2277,-8.357399999999998,AAII Investor Sentiment Survey,https://www.aaii.com/files/surveys/sentiment.xls,https://www.aaii.com/sentimentsurvey/sent_results,conservative_proxy_publication_thursday_after_survey_week,True,True,False,False
2025-08-14,2025-08-15,29.8817,23.9645,46.153800000000004,-16.272100000000005,AAII Investor Sentiment Survey,https://www.aaii.com/files/surveys/sentiment.xls,https://www.aaii.com/sentimentsurvey/sent_results,conservative_proxy_publication_thursday_after_survey_week,True,True,False,False
2025-08-21,2025-08-22,30.8442,24.3506,44.8052,-13.960999999999999,AAII Investor Sentiment Survey,https://www.aaii.com/files/surveys/sentiment.xls,https://www.aaii.com/sentimentsurvey/sent_results,conservative_proxy_publication_thursday_after_survey_week,True,True,False,False
2025-08-28,2025-08-29,34.6021,25.951600000000003,39.4464,-4.844299999999997,AAII Investor Sentiment Survey,https://www.aaii.com/files/surveys/sentiment.xls,https://www.aaii.com/sentimentsurvey/sent_results,conservative_proxy_publication_thursday_after_survey_week,True,True,False,False
2025-09-04,2025-09-05,32.6861,23.9482,43.365700000000004,-10.6796,AAII Investor Sentiment Survey,https://www.aaii.com/files/surveys/sentiment.xls,https://www.aaii.com/sentimentsurvey/sent_results,conservative_proxy_publication_thursday_after_survey_week,True,True,False,False
2025-09-11,2025-09-12,28.0277,22.4913,49.481,-21.453300000000002,AAII Investor Sentiment Survey,https://www.aaii.com/files/surveys/sentiment.xls,https://www.aaii.com/sentimentsurvey/sent_results,conservative_proxy_publication_thursday_after_survey_week,True,True,False,False
2025-09-18,2025-09-19,41.6667,15.9722,42.3611,-0.6944000000000017,AAII Investor Sentiment Survey,https://www.aaii.com/files/surveys/sentiment.xls,https://www.aaii.com/sentimentsurvey/sent_results,conservative_proxy_publication_thursday_after_survey_week,True,True,False,False
2025-09-25,2025-09-26,41.726600000000005,19.064700000000002,39.2086,2.518000000000008,AAII Investor Sentiment Survey,https://www.aaii.com/files/surveys/sentiment.xls,https://www.aaii.com/sentimentsurvey/sent_results,conservative_proxy_publication_thursday_after_survey_week,True,True,False,False
2025-10-02,2025-10-03,42.9167,17.9167,39.1667,3.75,AAII Investor Sentiment Survey,https://www.aaii.com/files/surveys/sentiment.xls,https://www.aaii.com/sentimentsurvey/sent_results,conservative_proxy_publication_thursday_after_survey_week,True,True,False,False
2025-10-09,2025-10-10,45.8746,18.4818,35.6436,10.231000000000002,AAII Investor Sentiment Survey,https://www.aaii.com/files/surveys/sentiment.xls,https://www.aaii.com/sentimentsurvey/sent_results,conservative_proxy_publication_thursday_after_survey_week,True,True,False,False
2025-10-16,2025-10-17,33.6601,20.2614,46.0784,-12.418300000000002,AAII Investor Sentiment Survey,https://www.aaii.com/files/surveys/sentiment.xls,https://www.aaii.com/sentimentsurvey/sent_results,conservative_proxy_publication_thursday_after_survey_week,True,True,False,False
2025-10-23,2025-10-24,36.8601,20.4778,42.662099999999995,-5.8019999999999925,AAII Investor Sentiment Survey,https://www.aaii.com/files/surveys/sentiment.xls,https://www.aaii.com/sentimentsurvey/sent_results,conservative_proxy_publication_thursday_after_survey_week,True,True,False,False
2025-10-30,2025-10-31,44.027300000000004,19.1126,36.8601,7.167200000000001,AAII Investor Sentiment Survey,https://www.aaii.com/files/surveys/sentiment.xls,https://www.aaii.com/sentimentsurvey/sent_results,conservative_proxy_publication_thursday_after_survey_week,True,True,False,False
2025-11-06,2025-11-07,37.966100000000004,25.7627,36.2712,1.694900000000004,AAII Investor Sentiment Survey,https://www.aaii.com/files/surveys/sentiment.xls,https://www.aaii.com/sentimentsurvey/sent_results,conservative_proxy_publication_thursday_after_survey_week,True,True,False,False
2025-11-13,2025-11-14,31.6151,19.244,49.1409,-17.5258,AAII Investor Sentiment Survey,https://www.aaii.com/files/surveys/sentiment.xls,https://www.aaii.com/sentimentsurvey/sent_results,conservative_proxy_publication_thursday_after_survey_week,True,True,False,False
2025-11-20,2025-11-21,32.5758,23.863599999999998,43.5606,-10.9848,AAII Investor Sentiment Survey,https://www.aaii.com/files/surveys/sentiment.xls,https://www.aaii.com/sentimentsurvey/sent_results,conservative_proxy_publication_thursday_after_survey_week,True,True,False,False
2025-11-27,2025-11-28,32.0285,25.266899999999996,42.7046,-10.676099999999998,AAII Investor Sentiment Survey,https://www.aaii.com/files/surveys/sentiment.xls,https://www.aaii.com/sentimentsurvey/sent_results,conservative_proxy_publication_thursday_after_survey_week,True,True,False,False
2025-12-04,2025-12-05,44.2907,24.9135,30.7958,13.494900000000001,AAII Investor Sentiment Survey,https://www.aaii.com/files/surveys/sentiment.xls,https://www.aaii.com/sentimentsurvey/sent_results,conservative_proxy_publication_thursday_after_survey_week,True,True,False,False
2025-12-11,2025-12-12,44.586,24.840799999999998,30.5732,14.012799999999999,AAII Investor Sentiment Survey,https://www.aaii.com/files/surveys/sentiment.xls,https://www.aaii.com/sentimentsurvey/sent_results,conservative_proxy_publication_thursday_after_survey_week,True,True,False,False
2025-12-18,2025-12-19,44.1406,22.656299999999998,33.2031,10.9375,AAII Investor Sentiment Survey,https://www.aaii.com/files/surveys/sentiment.xls,https://www.aaii.com/sentimentsurvey/sent_results,conservative_proxy_publication_thursday_after_survey_week,True,True,False,False
2025-12-25,2025-12-26,37.4449,27.753299999999996,34.8018,2.643099999999997,AAII Investor Sentiment Survey,https://www.aaii.com/files/surveys/sentiment.xls,https://www.aaii.com/sentimentsurvey/sent_results,conservative_proxy_publication_thursday_after_survey_week,True,True,False,False
2026-01-01,2026-01-02,42.0354,30.973499999999998,26.9912,15.044200000000004,AAII Investor Sentiment Survey,https://www.aaii.com/files/surveys/sentiment.xls,https://www.aaii.com/sentimentsurvey/sent_results,conservative_proxy_publication_thursday_after_survey_week,True,True,False,False
2026-01-08,2026-01-09,42.492000000000004,27.476,30.0319,12.460100000000004,AAII Investor Sentiment Survey,https://www.aaii.com/files/surveys/sentiment.xls,https://www.aaii.com/sentimentsurvey/sent_results,conservative_proxy_publication_thursday_after_survey_week,True,True,False,False
2026-01-15,2026-01-16,49.5017,22.2591,28.239199999999997,21.262500000000003,AAII Investor Sentiment Survey,https://www.aaii.com/files/surveys/sentiment.xls,https://www.aaii.com/sentimentsurvey/sent_results,conservative_proxy_publication_thursday_after_survey_week,True,True,False,False
2026-01-22,2026-01-23,43.1655,24.1007,32.7338,10.4317,AAII Investor Sentiment Survey,https://www.aaii.com/files/surveys/sentiment.xls,https://www.aaii.com/sentimentsurvey/sent_results,conservative_proxy_publication_thursday_after_survey_week,True,True,False,False
2026-01-29,2026-01-30,44.4,24.8,30.8,13.599999999999998,AAII Investor Sentiment Survey,https://www.aaii.com/files/surveys/sentiment.xls,https://www.aaii.com/sentimentsurvey/sent_results,conservative_proxy_publication_thursday_after_survey_week,True,True,False,False
2026-02-05,2026-02-06,39.667,31.333299999999998,28.999999999999996,10.667000000000005,AAII Investor Sentiment Survey,https://www.aaii.com/files/surveys/sentiment.xls,https://www.aaii.com/sentimentsurvey/sent_results,conservative_proxy_publication_thursday_after_survey_week,True,True,False,False
2026-02-12,2026-02-13,38.5214,23.3463,38.1323,0.3890999999999991,AAII Investor Sentiment Survey,https://www.aaii.com/files/surveys/sentiment.xls,https://www.aaii.com/sentimentsurvey/sent_results,conservative_proxy_publication_thursday_after_survey_week,True,True,False,False
2026-02-19,2026-02-20,34.5382,28.5141,36.9478,-2.4095999999999975,AAII Investor Sentiment Survey,https://www.aaii.com/files/surveys/sentiment.xls,https://www.aaii.com/sentimentsurvey/sent_results,conservative_proxy_publication_thursday_after_survey_week,True,True,False,False
2026-02-26,2026-02-27,33.1967,27.049200000000003,39.7541,-6.557400000000001,AAII Investor Sentiment Survey,https://www.aaii.com/files/surveys/sentiment.xls,https://www.aaii.com/sentimentsurvey/sent_results,conservative_proxy_publication_thursday_after_survey_week,True,True,False,False
2026-03-05,2026-03-06,33.057900000000004,31.405,35.5372,-2.479299999999995,AAII Investor Sentiment Survey,https://www.aaii.com/files/surveys/sentiment.xls,https://www.aaii.com/sentimentsurvey/sent_results,conservative_proxy_publication_thursday_after_survey_week,True,True,False,False
2026-03-12,2026-03-13,31.9392,21.673000000000002,46.3878,-14.448599999999999,AAII Investor Sentiment Survey,https://www.aaii.com/files/surveys/sentiment.xls,https://www.aaii.com/sentimentsurvey/sent_results,conservative_proxy_publication_thursday_after_survey_week,True,True,False,False
2026-03-19,2026-03-20,30.4,17.599999999999998,52.0,-21.6,AAII Investor Sentiment Survey,https://www.aaii.com/files/surveys/sentiment.xls,https://www.aaii.com/sentimentsurvey/sent_results,conservative_proxy_publication_thursday_after_survey_week,True,True,False,False
2026-03-26,2026-03-27,32.0988,18.107,49.7942,-17.6954,AAII Investor Sentiment Survey,https://www.aaii.com/files/surveys/sentiment.xls,https://www.aaii.com/sentimentsurvey/sent_results,conservative_proxy_publication_thursday_after_survey_week,True,True,False,False
2026-04-02,2026-04-03,33.571400000000004,15.0,51.4286,-17.8572,AAII Investor Sentiment Survey,https://www.aaii.com/files/surveys/sentiment.xls,https://www.aaii.com/sentimentsurvey/sent_results,conservative_proxy_publication_thursday_after_survey_week,True,True,False,False
2026-04-09,2026-04-10,35.7466,21.267,42.9864,-7.2398000000000025,AAII Investor Sentiment Survey,https://www.aaii.com/files/surveys/sentiment.xls,https://www.aaii.com/sentimentsurvey/sent_results,conservative_proxy_publication_thursday_after_survey_week,True,True,False,False
2026-04-16,2026-04-17,31.7308,25.4808,42.7885,-11.0577,AAII Investor Sentiment Survey,https://www.aaii.com/files/surveys/sentiment.xls,https://www.aaii.com/sentimentsurvey/sent_results,conservative_proxy_publication_thursday_after_survey_week,True,True,False,False
2026-04-23,2026-04-24,46.0465,19.5349,34.4186,11.627900000000004,AAII Investor Sentiment Survey,https://www.aaii.com/files/surveys/sentiment.xls,https://www.aaii.com/sentimentsurvey/sent_results,conservative_proxy_publication_thursday_after_survey_week,True,True,False,False
2026-04-30,2026-05-01,38.1323,22.179,39.6887,-1.5563999999999965,AAII Investor Sentiment Survey,https://www.aaii.com/files/surveys/sentiment.xls,https://www.aaii.com/sentimentsurvey/sent_results,conservative_proxy_publication_thursday_after_survey_week,True,True,False,False
2026-05-07,2026-05-08,38.3142,28.7356,32.9502,5.363999999999997,AAII Investor Sentiment Survey,https://www.aaii.com/files/surveys/sentiment.xls,https://www.aaii.com/sentimentsurvey/sent_results,conservative_proxy_publication_thursday_after_survey_week,True,True,False,False
2026-05-14,2026-05-15,39.322,24.067800000000002,36.6102,2.7118000000000038,AAII Investor Sentiment Survey,https://www.aaii.com/files/surveys/sentiment.xls,https://www.aaii.com/sentimentsurvey/sent_results,conservative_proxy_publication_thursday_after_survey_week,True,True,False,False
2026-05-21,2026-05-22,31.7181,24.6696,43.6123,-11.894199999999998,AAII Investor Sentiment Survey,https://www.aaii.com/files/surveys/sentiment.xls,https://www.aaii.com/sentimentsurvey/sent_results,conservative_proxy_publication_thursday_after_survey_week,True,True,False,False
2026-05-28,2026-05-29,35.556,22.592599999999997,41.8519,-6.295900000000003,AAII Investor Sentiment Survey,https://www.aaii.com/files/surveys/sentiment.xls,https://www.aaii.com/sentimentsurvey/sent_results,conservative_proxy_publication_thursday_after_survey_week,True,True,False,False
2026-06-04,2026-06-05,36.2637,26.7399,36.9963,-0.7325999999999979,AAII Investor Sentiment Survey,https://www.aaii.com/files/surveys/sentiment.xls,https://www.aaii.com/sentimentsurvey/sent_results,conservative_proxy_publication_thursday_after_survey_week,True,True,False,False
2026-06-11,2026-06-12,30.3738,21.9626,47.6636,-17.289800000000003,AAII Investor Sentiment Survey,https://www.aaii.com/files/surveys/sentiment.xls,https://www.aaii.com/sentimentsurvey/sent_results,conservative_proxy_publication_thursday_after_survey_week,True,True,False,False
2026-06-18,2026-06-19,36.5741,24.0741,39.3519,-2.777799999999999,AAII Investor Sentiment Survey,https://www.aaii.com/files/surveys/sentiment.xls,https://www.aaii.com/sentimentsurvey/sent_results,conservative_proxy_publication_thursday_after_survey_week,True,True,False,False
2026-06-25,2026-06-26,44.9339,18.942700000000002,36.1233,8.8106,AAII Investor Sentiment Survey,https://www.aaii.com/files/surveys/sentiment.xls,https://www.aaii.com/sentimentsurvey/sent_results,conservative_proxy_publication_thursday_after_survey_week,True,True,False,False
2026-07-02,2026-07-03,31.3636,26.363599999999998,42.2727,-10.909099999999999,AAII Investor Sentiment Survey,https://www.aaii.com/files/surveys/sentiment.xls,https://www.aaii.com/sentimentsurvey/sent_results,conservative_proxy_publication_thursday_after_survey_week,True,True,False,False
2026-07-09,2026-07-10,36.2791,26.5116,37.2093,-0.9301999999999992,AAII Investor Sentiment Survey,https://www.aaii.com/files/surveys/sentiment.xls,https://www.aaii.com/sentimentsurvey/sent_results,conservative_proxy_publication_thursday_after_survey_week,True,True,False,False
2026-07-16,2026-07-17,44.907399999999996,22.2222,32.8704,12.036999999999999,AAII Investor Sentiment Survey,https://www.aaii.com/files/surveys/sentiment.xls,https://www.aaii.com/sentimentsurvey/sent_results,conservative_proxy_publication_thursday_after_survey_week,True,True,False,False
2026-07-23,2026-07-24,29.591800000000003,28.061199999999996,42.3469,-12.755099999999995,AAII Investor Sentiment Survey,https://www.aaii.com/files/surveys/sentiment.xls,https://www.aaii.com/sentimentsurvey/sent_results,conservative_proxy_publication_thursday_after_survey_week,True,True,False,False
2026-07-30,2026-07-31,31.0185,26.8519,42.1296,-11.111100000000004,AAII Investor Sentiment Survey,https://www.aaii.com/files/surveys/sentiment.xls,https://www.aaii.com/sentimentsurvey/sent_results,conservative_proxy_publication_thursday_after_survey_week,True,True,False,False
2026-08-06,2026-08-07,37.037,25.0,37.963,-0.9260000000000019,AAII Investor Sentiment Survey,https://www.aaii.com/files/surveys/sentiment.xls,https://www.aaii.com/sentimentsurvey/sent_results,conservative_proxy_publication_thursday_after_survey_week,True,True,False,False
2026-08-13,2026-08-14,34.7032,27.3973,37.8995,-3.196300000000001,AAII Investor Sentiment Survey,https://www.aaii.com/files/surveys/sentiment.xls,https://www.aaii.com/sentimentsurvey/sent_results,conservative_proxy_publication_thursday_after_survey_week,True,True,False,False
2026-08-20,2026-08-21,35.467999999999996,24.630499999999998,39.9015,-4.433500000000002,AAII Investor Sentiment Survey,https://www.aaii.com/files/surveys/sentiment.xls,https://www.aaii.com/sentimentsurvey/sent_results,conservative_proxy_publication_thursday_after_survey_week,True,True,False,False
2026-08-27,2026-08-28,32.921800000000005,22.6337,44.4444,-11.522599999999997,AAII Investor Sentiment Survey,https://www.aaii.com/files/surveys/sentiment.xls,https://www.aaii.com/sentimentsurvey/sent_results,conservative_proxy_publication_thursday_after_survey_week,True,True,False,False
2026-09-03,2026-09-04,39.738,22.7074,37.5546,2.183399999999999,AAII Investor Sentiment Survey,https://www.aaii.com/files/surveys/sentiment.xls,https://www.aaii.com/sentimentsurvey/sent_results,conservative_proxy_publication_thursday_after_survey_week,True,True,False,False
2026-09-10,2026-09-11,37.9501,22.7147,39.3352,-1.3851000000000013,AAII Investor Sentiment Survey,https://www.aaii.com/files/surveys/sentiment.xls,https://www.aaii.com/sentimentsurvey/sent_results,conservative_proxy_publication_thursday_after_survey_week,True,True,False,False
2026-09-17,2026-09-18,28.7736,17.9245,53.3019,-24.528300000000005,AAII Investor Sentiment Survey,https://www.aaii.com/files/surveys/sentiment.xls,https://www.aaii.com/sentimentsurvey/sent_results,conservative_proxy_publication_thursday_after_survey_week,True,True,False,False
2026-09-24,2026-09-25,32.6923,19.230800000000002,48.0769,-15.384599999999999,AAII Investor Sentiment Survey,https://www.aaii.com/files/surveys/sentiment.xls,https://www.aaii.com/sentimentsurvey/sent_results,conservative_proxy_publication_thursday_after_survey_week,True,True,False,False
