contract_market_code,contract_name,observation_date,availability_date,open_interest,asset_manager_long,asset_manager_short,asset_manager_net,asset_manager_net_oi_pct,asset_manager_net_change,asset_manager_net_z,asset_manager_net_oi_pct_z,asset_manager_net_percentile,asset_manager_position,asset_manager_research_regime,asset_manager_extreme,leveraged_money_long,leveraged_money_short,leveraged_money_net,leveraged_money_net_oi_pct,leveraged_money_net_change,leveraged_money_net_z,leveraged_money_net_oi_pct_z,leveraged_money_net_percentile,leveraged_money_position,leveraged_money_research_regime,leveraged_money_extreme,dealer_long,dealer_short,dealer_net,dealer_net_oi_pct,dealer_net_change,dealer_net_z,dealer_net_oi_pct_z,dealer_net_percentile,dealer_position,dealer_research_regime,dealer_extreme,other_reportables_long,other_reportables_short,other_reportables_net,nonreportable_long,nonreportable_short,nonreportable_net,open_interest_change,rolling_window_observations,minimum_observations,point_in_time_safe,research_only,decision_engine_ready,sentiment_score_generated
13874A,E-MINI S&P 500,2006-06-13,2006-06-20,2042655,370566,169268,201298,9.854723386964515,,,,,NET_LONG,INSUFFICIENT_DATA,False,224534,388325,-163791,-8.018534701160988,,,,,NET_SHORT,INSUFFICIENT_DATA,False,296029,691304,-395275,-19.351040679899445,,,,,NET_SHORT,INSUFFICIENT_DATA,False,15899,51448,-35549,556711,163394,393317,,52,26,True,True,False,False
13874A,E-MINI S&P 500,2006-06-20,2006-06-27,1293970,411550,170026,241524,18.665347728309005,40226.0,,,,NET_LONG,INSUFFICIENT_DATA,False,115509,347742,-232233,-17.94732489934079,-68442.0,,,,NET_SHORT,INSUFFICIENT_DATA,False,164996,436681,-271685,-20.996236388787995,123590.0,,,,NET_SHORT,INSUFFICIENT_DATA,False,26182,33342,-7160,406720,137166,269554,-748685.0,52,26,True,True,False,False
13874A,E-MINI S&P 500,2006-06-27,2006-07-04,1298945,392565,168491,224074,17.250460951002545,-17450.0,,,,NET_LONG,INSUFFICIENT_DATA,False,120141,364186,-244045,-18.78793944316349,-11812.0,,,,NET_SHORT,INSUFFICIENT_DATA,False,187510,406388,-218878,-16.850444014180738,52807.0,,,,NET_SHORT,INSUFFICIENT_DATA,False,24641,32347,-7706,383105,136550,246555,4975.0,52,26,True,True,False,False
13874A,E-MINI S&P 500,2006-07-03,2006-07-10,1332529,392524,158639,233885,17.55196322181356,9811.0,,,,NET_LONG,INSUFFICIENT_DATA,False,130095,348261,-218166,-16.372326606025084,25879.0,,,,NET_SHORT,INSUFFICIENT_DATA,False,210634,451410,-240776,-18.069100184686413,-21898.0,,,,NET_SHORT,INSUFFICIENT_DATA,False,19621,37951,-18330,372535,129148,243387,33584.0,52,26,True,True,False,False
13874A,E-MINI S&P 500,2006-07-11,2006-07-18,1344585,395990,153125,242865,18.06245049587791,8980.0,,,,NET_LONG,INSUFFICIENT_DATA,False,135915,381536,-245621,-18.267420802701206,-27455.0,,,,NET_SHORT,INSUFFICIENT_DATA,False,231335,436038,-204703,-15.224251348929224,36073.0,,,,NET_SHORT,INSUFFICIENT_DATA,False,13956,40286,-26330,364988,131199,233789,12056.0,52,26,True,True,False,False
13874A,E-MINI S&P 500,2006-07-18,2006-07-25,1403408,391483,170529,220954,15.744102926590129,-21911.0,,,,NET_LONG,INSUFFICIENT_DATA,False,129167,432329,-303162,-21.601843512364187,-57541.0,,,,NET_SHORT,INSUFFICIENT_DATA,False,293247,425009,-131762,-9.388716609852587,72941.0,,,,NET_SHORT,INSUFFICIENT_DATA,False,23031,38543,-15512,350275,120793,229482,58823.0,52,26,True,True,False,False
13874A,E-MINI S&P 500,2006-07-25,2006-08-01,1378698,392016,148134,243882,17.689298163919872,22928.0,,,,NET_LONG,INSUFFICIENT_DATA,False,121697,390705,-269008,-19.511742237966544,34154.0,,,,NET_SHORT,INSUFFICIENT_DATA,False,284058,440658,-156600,-11.358542624998368,-24838.0,,,,NET_SHORT,INSUFFICIENT_DATA,False,18370,42625,-24255,333924,127943,205981,-24710.0,52,26,True,True,False,False
13874A,E-MINI S&P 500,2006-08-01,2006-08-08,1386714,381184,147477,233707,16.85329491156792,-10175.0,,,,NET_LONG,INSUFFICIENT_DATA,False,97063,386479,-289416,-20.87063374279051,-20408.0,,,,NET_SHORT,INSUFFICIENT_DATA,False,325383,436576,-111193,-8.018452254754765,45407.0,,,,NET_SHORT,INSUFFICIENT_DATA,False,22118,49068,-26950,320657,126805,193852,8016.0,52,26,True,True,False,False
13874A,E-MINI S&P 500,2006-08-08,2006-08-15,1465662,385521,142272,243249,16.596527712392078,9542.0,,,,NET_LONG,INSUFFICIENT_DATA,False,127708,456097,-328389,-22.405506863110322,-38973.0,,,,NET_SHORT,INSUFFICIENT_DATA,False,341564,457909,-116345,-7.93805120143662,-5152.0,,,,NET_SHORT,INSUFFICIENT_DATA,False,24280,40626,-16346,342648,124817,217831,78948.0,52,26,True,True,False,False
13874A,E-MINI S&P 500,2006-08-15,2006-08-22,1503215,399801,138861,260940,17.358794317512796,17691.0,,,,NET_LONG,INSUFFICIENT_DATA,False,169740,459880,-290140,-19.301297552246353,38249.0,,,,NET_SHORT,INSUFFICIENT_DATA,False,294015,505942,-211927,-14.09824941874582,-95582.0,,,,NET_SHORT,INSUFFICIENT_DATA,False,22401,45853,-23452,390305,125726,264579,37553.0,52,26,True,True,False,False
13874A,E-MINI S&P 500,2006-08-22,2006-08-29,1547766,413560,132619,280941,18.151387225200708,20001.0,,,,NET_LONG,INSUFFICIENT_DATA,False,176854,490050,-313196,-20.235358574875015,-23056.0,,,,NET_SHORT,INSUFFICIENT_DATA,False,307101,523679,-216578,-13.992942085560736,-4651.0,,,,NET_SHORT,INSUFFICIENT_DATA,False,16933,44944,-28011,412619,135775,276844,44551.0,52,26,True,True,False,False
13874A,E-MINI S&P 500,2006-08-29,2006-09-05,1581886,413535,130258,283277,17.907548331548544,2336.0,,,,NET_LONG,INSUFFICIENT_DATA,False,192097,465518,-273421,-17.284494584312647,39775.0,,,,NET_SHORT,INSUFFICIENT_DATA,False,287255,569153,-281898,-17.82037390810716,-65320.0,,,,NET_SHORT,INSUFFICIENT_DATA,False,20133,45551,-25418,433696,136236,297460,34120.0,52,26,True,True,False,False
13874A,E-MINI S&P 500,2006-09-05,2006-09-12,1672748,437980,123748,314232,18.785375920341856,30955.0,,,,NET_LONG,INSUFFICIENT_DATA,False,224934,539306,-314372,-18.793745381850705,-40951.0,,,,NET_SHORT,INSUFFICIENT_DATA,False,327564,594443,-266879,-15.954525128710362,15019.0,,,,NET_SHORT,INSUFFICIENT_DATA,False,17847,56866,-39019,436319,130281,306038,90862.0,52,26,True,True,False,False
13874A,E-MINI S&P 500,2006-09-12,2006-09-19,1998218,440489,110332,330157,16.522571611305672,15925.0,,,,NET_LONG,INSUFFICIENT_DATA,False,205780,519882,-314102,-15.71910572319937,270.0,,,,NET_SHORT,INSUFFICIENT_DATA,False,307195,582452,-275257,-13.775123635158925,-8378.0,,,,NET_SHORT,INSUFFICIENT_DATA,False,18886,42973,-24087,455848,172559,283289,325470.0,52,26,True,True,False,False
13874A,E-MINI S&P 500,2006-09-19,2006-09-26,1303906,494270,92648,401622,30.801453479008455,71465.0,,,,NET_LONG,INSUFFICIENT_DATA,False,128972,341274,-212302,-16.282001923451535,101800.0,,,,NET_SHORT,INSUFFICIENT_DATA,False,121650,531359,-409709,-31.42166689930102,-134452.0,,,,NET_SHORT,INSUFFICIENT_DATA,False,18240,34986,-16746,383688,146553,237135,-694312.0,52,26,True,True,False,False
13874A,E-MINI S&P 500,2006-09-26,2006-10-03,1428199,500258,95179,405079,28.362924214342677,3457.0,,,,NET_LONG,INSUFFICIENT_DATA,False,202721,365335,-162614,-11.38594831672617,49688.0,,,,NET_SHORT,INSUFFICIENT_DATA,False,128295,608073,-479778,-33.59321775186791,-70069.0,,,,NET_SHORT,INSUFFICIENT_DATA,False,18884,39810,-20926,404743,146504,258239,124293.0,52,26,True,True,False,False
13874A,E-MINI S&P 500,2006-10-03,2006-10-10,1453775,484127,93701,390426,26.856012794276968,-14653.0,,,,NET_LONG,INSUFFICIENT_DATA,False,257185,384223,-127038,-8.738491169541367,35576.0,,,,NET_SHORT,INSUFFICIENT_DATA,False,121373,635141,-513768,-35.340269298894256,-33990.0,,,,NET_SHORT,INSUFFICIENT_DATA,False,17227,37564,-20337,401587,130870,270717,25576.0,52,26,True,True,False,False
13874A,E-MINI S&P 500,2006-10-10,2006-10-17,1499138,481844,89362,392482,26.180511734076518,2056.0,,,,NET_LONG,INSUFFICIENT_DATA,False,251993,369325,-117332,-7.82663103730277,9706.0,,,,NET_SHORT,INSUFFICIENT_DATA,False,118650,674743,-556093,-37.094183457426865,-42325.0,,,,NET_SHORT,INSUFFICIENT_DATA,False,17386,36240,-18854,440073,140276,299797,45363.0,52,26,True,True,False,False
13874A,E-MINI S&P 500,2006-10-17,2006-10-24,1557473,484989,93492,391497,25.136679736984203,-985.0,,,,NET_LONG,INSUFFICIENT_DATA,False,290662,382268,-91606,-5.88170709861423,25726.0,,,,NET_SHORT,INSUFFICIENT_DATA,False,139501,710031,-570530,-36.6317746760297,-14437.0,,,,NET_SHORT,INSUFFICIENT_DATA,False,20332,31190,-10858,418719,137222,281497,58335.0,52,26,True,True,False,False
13874A,E-MINI S&P 500,2006-10-24,2006-10-31,1610999,486476,108590,377886,23.456625361033744,-13611.0,,,,NET_LONG,INSUFFICIENT_DATA,False,322153,398945,-76792,-4.766731698778211,14814.0,,,,NET_SHORT,INSUFFICIENT_DATA,False,142281,702305,-560024,-34.762529337386304,10506.0,,,,NET_SHORT,INSUFFICIENT_DATA,False,21921,39652,-17731,421764,145103,276661,53526.0,52,26,True,True,False,False
13874A,E-MINI S&P 500,2006-10-31,2006-11-07,1649310,471874,148870,323004,19.58418975207814,-54882.0,,,,NET_LONG,INSUFFICIENT_DATA,False,354097,368568,-14471,-0.8773972145927691,62321.0,,,,NET_SHORT,INSUFFICIENT_DATA,False,162367,739500,-577133,-34.99239075734701,-17109.0,,,,NET_SHORT,INSUFFICIENT_DATA,False,21367,32219,-10852,406483,127031,279452,38311.0,52,26,True,True,False,False
13874A,E-MINI S&P 500,2006-11-07,2006-11-14,1697597,465642,135205,330437,19.46498491691491,7433.0,,,,NET_LONG,INSUFFICIENT_DATA,False,361475,391146,-29671,-1.747823541158473,-15200.0,,,,NET_SHORT,INSUFFICIENT_DATA,False,168227,760141,-591914,-34.86775718854357,-14781.0,,,,NET_SHORT,INSUFFICIENT_DATA,False,19655,31020,-11365,434704,132191,302513,48287.0,52,26,True,True,False,False
13874A,E-MINI S&P 500,2006-11-14,2006-11-21,1738166,467256,134182,333074,19.162381498660082,2637.0,,,,NET_LONG,INSUFFICIENT_DATA,False,393114,398080,-4966,-0.2857034368409001,24705.0,,,,NET_SHORT,INSUFFICIENT_DATA,False,164919,793050,-628131,-36.137572590880275,-36217.0,,,,NET_SHORT,INSUFFICIENT_DATA,False,21723,31959,-10236,435693,125434,310259,40569.0,52,26,True,True,False,False
13874A,E-MINI S&P 500,2006-11-21,2006-11-28,1785579,496351,131757,364594,20.418810929115992,31520.0,,,,NET_LONG,INSUFFICIENT_DATA,False,381106,361217,19889,1.113868386668974,24855.0,,,,NET_LONG,INSUFFICIENT_DATA,False,182624,842279,-659655,-36.94347883795676,-31524.0,,,,NET_SHORT,INSUFFICIENT_DATA,False,23142,31619,-8477,421868,138219,283649,47413.0,52,26,True,True,False,False
13874A,E-MINI S&P 500,2006-11-28,2006-12-05,1808800,503950,124140,379810,20.997899159663866,15216.0,,,,NET_LONG,INSUFFICIENT_DATA,False,398671,370970,27701,1.5314573197700132,7812.0,,,,NET_LONG,INSUFFICIENT_DATA,False,207971,843273,-635302,-35.12284387439186,24353.0,,,,NET_SHORT,INSUFFICIENT_DATA,False,21962,33166,-11204,389656,150661,238995,23221.0,52,26,True,True,False,False
13874A,E-MINI S&P 500,2006-12-05,2006-12-12,1961863,557460,118265,439195,22.386629443544223,59385.0,1.8227431003462418,0.5387570550498655,100.0,NET_LONG,EXTREME_HIGH,True,402452,436099,-33647,-1.7150534976193548,-61348.0,1.2313932907720757,1.2856188910329438,80.76923076923077,NET_SHORT,HIGH,False,261464,897777,-636313,-32.43412001755474,-1011.0,-1.3603481943308555,-0.7973841287706777,7.6923076923076925,NET_SHORT,LOW,False,26964,41192,-14228,393276,148283,244993,153063.0,52,26,True,True,False,False
13874A,E-MINI S&P 500,2006-12-12,2006-12-19,2361730,584965,118134,466831,19.766484737882823,27636.0,1.9998581894456893,-0.049888595042470056,100.0,NET_LONG,EXTREME_HIGH,True,419071,469476,-50405,-2.134240577881468,-16758.0,1.0451912621420194,1.177456736938572,77.77777777777779,NET_SHORT,HIGH,False,244918,944375,-699457,-29.61629822206603,-63144.0,-1.583335880160041,-0.5204756145132587,3.7037037037037033,NET_SHORT,EXTREME_LOW,True,32550,48806,-16256,531832,232545,299287,399867.0,52,26,True,True,False,False
13874A,E-MINI S&P 500,2006-12-19,2006-12-26,1504936,540694,130463,410231,27.259032942264653,-56600.0,1.190884021842313,1.5623035247485102,92.85714285714286,NET_LONG,HIGH,False,268201,270626,-2425,-0.1611364204192072,47980.0,1.3768444490505403,1.3485483141274144,92.85714285714286,NET_SHORT,HIGH,False,181591,725314,-543723,-36.129310482306224,155734.0,-0.7559349731491536,-1.0939283347013018,39.285714285714285,NET_SHORT,NEUTRAL,False,22193,44824,-22631,284378,125830,158548,-856794.0,52,26,True,True,False,False
13874A,E-MINI S&P 500,2006-12-26,2007-01-02,1489606,542970,130612,412358,27.682353588801334,2127.0,1.168213948091263,1.5558170705807364,93.10344827586206,NET_LONG,HIGH,False,226264,243295,-17031,-1.1433224624498022,-14606.0,1.2006416178615915,1.1771910280097746,82.75862068965517,NET_SHORT,HIGH,False,188394,759449,-571055,-38.33597609032187,-27332.0,-0.8706672713939686,-1.2441888500359586,27.586206896551722,NET_SHORT,NEUTRAL,False,19213,33796,-14583,302387,112076,190311,-15330.0,52,26,True,True,False,False
13874A,E-MINI S&P 500,2007-01-03,2007-01-10,1518364,492273,140645,351628,23.158346746893365,-60730.0,0.36516630672129746,0.5630108684394148,60.0,NET_LONG,NEUTRAL,False,252670,231765,20905,1.376810830604519,37936.0,1.4358902882063784,1.406506933784253,96.66666666666667,NET_LONG,EXTREME_HIGH,True,197350,754932,-557582,-36.72255137766702,13473.0,-0.7784959043818233,-1.0540097884492592,36.666666666666664,NET_SHORT,NEUTRAL,False,21255,35682,-14427,327664,128188,199476,28758.0,52,26,True,True,False,False
13874A,E-MINI S&P 500,2007-01-09,2007-01-16,1584567,531633,160183,371450,23.44173518696275,19822.0,0.6146609680562104,0.6111034919600499,64.51612903225806,NET_LONG,NEUTRAL,False,275934,229320,46614,2.9417500175126707,25709.0,1.5518654857549068,1.5060600602067349,100.0,NET_LONG,EXTREME_HIGH,True,196199,770025,-573826,-36.213426128399746,-16244.0,-0.8398869513848735,-0.9743204631664929,25.806451612903224,NET_SHORT,NEUTRAL,False,20100,40168,-20068,313939,138109,175830,66203.0,52,26,True,True,False,False
13874A,E-MINI S&P 500,2007-01-16,2007-01-23,1647575,516768,151800,364968,22.151829203526393,-6482.0,0.5170281285161992,0.31991929729660323,62.5,NET_LONG,NEUTRAL,False,318204,260480,57724,3.503573433682837,11110.0,1.5502706082473325,1.4901018880722612,100.0,NET_LONG,EXTREME_HIGH,True,175989,768828,-592839,-35.98251976389542,-19013.0,-0.9130626995538311,-0.9247272210535494,18.75,NET_SHORT,LOW,False,21966,54721,-32755,340647,137745,202902,63008.0,52,26,True,True,False,False
13874A,E-MINI S&P 500,2007-01-23,2007-01-30,1664762,517719,161030,356689,21.42582543330518,-8279.0,0.39735521554994385,0.15445961183875773,57.57575757575758,NET_LONG,NEUTRAL,False,294823,307036,-12213,-0.7336183790836168,-69937.0,0.9789165072818656,0.9783453243014786,78.78787878787878,NET_SHORT,HIGH,False,218621,736042,-517421,-31.080779114371904,75418.0,-0.5036038469550681,-0.4574738198402532,48.484848484848484,NET_SHORT,NEUTRAL,False,23235,59144,-35909,338808,129954,208854,17187.0,52,26,True,True,False,False
13874A,E-MINI S&P 500,2007-01-30,2007-02-06,1669513,544928,163746,381182,22.83192763398668,24493.0,0.7179873560965572,0.46635975188911255,73.52941176470588,NET_LONG,NEUTRAL,False,235547,339314,-103767,-6.2154053307761,-91554.0,0.2663380560442731,0.3495194026602134,55.88235294117647,NET_SHORT,NEUTRAL,False,255482,703998,-448516,-26.865079816689057,68905.0,-0.13228826841347488,-0.05736059253914828,55.88235294117647,NET_SHORT,NEUTRAL,False,30269,66014,-35745,331853,125007,206846,4751.0,52,26,True,True,False,False
13874A,E-MINI S&P 500,2007-02-06,2007-02-13,1726207,540418,156192,384226,22.258396588589896,3044.0,0.7431415660874694,0.3287802390413628,74.28571428571429,NET_LONG,NEUTRAL,False,286847,351097,-64250,-3.722033336673991,39517.0,0.565345245081853,0.6238157104142528,62.857142857142854,NET_SHORT,NEUTRAL,False,278491,712480,-433989,-25.14119106225383,14527.0,-0.05251333551918497,0.10677024371341819,57.14285714285714,NET_SHORT,NEUTRAL,False,31612,80264,-48652,284767,122102,162665,56694.0,52,26,True,True,False,False
13874A,E-MINI S&P 500,2007-02-13,2007-02-20,1783100,533224,158787,374437,20.999214850541193,-9789.0,0.5950493441717744,0.03417546362481954,63.888888888888886,NET_LONG,NEUTRAL,False,284229,365288,-81059,-4.54595928439235,-16809.0,0.4250524131331349,0.5187338702323933,58.333333333333336,NET_SHORT,NEUTRAL,False,293503,745587,-452084,-25.353821995401265,-18095.0,-0.15017757066024257,0.0848242193564402,52.77777777777778,NET_SHORT,NEUTRAL,False,38429,82746,-44317,324148,121125,203023,56893.0,52,26,True,True,False,False
13874A,E-MINI S&P 500,2007-02-20,2007-02-27,1869638,558603,158395,400208,21.405641092018882,25771.0,0.9333218600856918,0.1286489080003293,83.78378378378379,NET_LONG,HIGH,False,317607,393220,-75613,-4.044258835132791,5446.0,0.4609464794570974,0.5671892633858869,62.16216216216216,NET_SHORT,NEUTRAL,False,297771,784191,-486420,-26.016801113370608,-34336.0,-0.33707047210571095,0.019003669636604097,48.64864864864865,NET_SHORT,NEUTRAL,False,37121,101059,-63938,353660,127897,225763,86538.0,52,26,True,True,False,False
13874A,E-MINI S&P 500,2007-02-27,2007-03-06,2006422,563166,142317,420849,20.975098957248274,20641.0,1.1849671052769981,0.024940068172071082,94.73684210526315,NET_LONG,HIGH,False,296872,459396,-162524,-8.100190288982079,-86911.0,-0.23956415170449552,0.08573448732459286,44.73684210526316,NET_SHORT,NEUTRAL,False,329888,761437,-431549,-21.508386570721413,54871.0,-0.026018258211925188,0.4633743031605573,60.526315789473685,NET_SHORT,NEUTRAL,False,41014,92852,-51838,378887,153825,225062,136784.0,52,26,True,True,False,False
13874A,E-MINI S&P 500,2007-03-06,2007-03-13,2101358,593474,170019,423455,20.151492511033343,2606.0,1.1833034182171795,-0.17312948502200476,94.87179487179486,NET_LONG,HIGH,False,251047,496332,-245285,-11.672689755862638,-82761.0,-0.8968429281341359,-0.33801527573028123,28.205128205128204,NET_SHORT,NEUTRAL,False,422680,699719,-277039,-13.183807804286563,154510.0,0.8415596745270182,1.2624430200389163,69.23076923076923,NET_SHORT,NEUTRAL,False,43394,100662,-57268,339589,183452,156137,94936.0,52,26,True,True,False,False
13874A,E-MINI S&P 500,2007-03-13,2007-03-20,2700111,594239,169975,424264,15.712835509354987,809.0,1.1590550783291056,-1.2265421007657655,95.0,NET_LONG,EXTREME_HIGH,True,272532,642050,-369518,-13.685289234405548,-124233.0,-1.812444687192542,-0.5725608151360613,2.5,NET_SHORT,EXTREME_LOW,True,568221,691023,-122802,-4.548035247439827,154237.0,1.6475344423924732,1.9931079443299928,95.0,NET_SHORT,EXTREME_HIGH,True,46418,92657,-46239,397580,283285,114295,598753.0,52,26,True,True,False,False
13874A,E-MINI S&P 500,2007-03-20,2007-03-27,1696188,588140,172050,416090,24.5308892646334,-8174.0,1.0193818454739727,0.9101047056880781,87.8048780487805,NET_LONG,HIGH,False,144574,576111,-431537,-25.44157840994041,-62019.0,-2.1434135148489366,-1.8956159316096797,2.4390243902439024,NET_SHORT,EXTREME_LOW,True,262358,462856,-200498,-11.820505745825345,-77696.0,1.1747803774329961,1.2509260630520835,87.8048780487805,NET_SHORT,HIGH,False,36677,88636,-51959,430271,162367,267904,-1003923.0,52,26,True,True,False,False
13874A,E-MINI S&P 500,2007-03-27,2007-04-03,1741510,576060,135112,440948,25.319866093217954,24858.0,1.318559847783834,1.0748325013251063,97.61904761904762,NET_LONG,EXTREME_HIGH,True,155688,622660,-466972,-26.81420146884026,-35435.0,-2.23369493495549,-1.9379029536343932,2.380952380952381,NET_SHORT,EXTREME_LOW,True,253340,495010,-241670,-13.877037743107993,-41172.0,0.9233010600802539,1.0280276287139773,73.80952380952381,NET_SHORT,NEUTRAL,False,33647,83087,-49440,466536,149402,317134,45322.0,52,26,True,True,False,False
13874A,E-MINI S&P 500,2007-04-03,2007-04-10,1873931,575275,125151,450124,24.020308111664733,9176.0,1.3941514628133125,0.7431754171793227,97.67441860465115,NET_LONG,EXTREME_HIGH,True,182709,665040,-482331,-25.738994658821486,-15359.0,-2.18161234616574,-1.729012464330119,2.3255813953488373,NET_SHORT,EXTREME_LOW,True,305876,543785,-237909,-12.695718252166168,3761.0,0.923805032935756,1.1109037019377874,76.74418604651163,NET_SHORT,HIGH,False,31344,104829,-73485,502649,159048,343601,132421.0,52,26,True,True,False,False
13874A,E-MINI S&P 500,2007-04-10,2007-04-17,1887175,578315,125025,453290,24.0195000463656,3166.0,1.3884444110147702,0.7299208623433878,97.72727272727273,NET_LONG,EXTREME_HIGH,True,184777,642058,-457281,-24.23098016877078,25050.0,-1.901481687660954,-1.5023899812051933,6.8181818181818175,NET_SHORT,LOW,False,323100,575213,-252113,-13.359280405897705,-14204.0,0.8277489208565278,1.0230240495201746,70.45454545454545,NET_SHORT,NEUTRAL,False,31700,104162,-72462,476393,147827,328566,13244.0,52,26,True,True,False,False
13874A,E-MINI S&P 500,2007-04-17,2007-04-24,1945192,574317,121975,452342,23.2543625513574,-948.0,1.3326289887269622,0.5330402417193312,95.55555555555556,NET_LONG,EXTREME_HIGH,True,173198,624393,-451195,-23.19539664979087,6086.0,-1.7733005177219772,-1.3449313700268242,8.88888888888889,NET_SHORT,LOW,False,398595,588600,-190005,-9.767930363686464,62108.0,1.1469081939571024,1.3225740771357104,88.88888888888889,NET_SHORT,HIGH,False,37123,120606,-83483,448775,176434,272341,58017.0,52,26,True,True,False,False
13874A,E-MINI S&P 500,2007-04-24,2007-05-01,2035415,609239,121420,487819,23.966562101586163,35477.0,1.7241141585391406,0.6988888668629332,100.0,NET_LONG,EXTREME_HIGH,True,244912,698865,-453953,-22.30272450581331,-2758.0,-1.7128454711403867,-1.2140922428418228,8.695652173913043,NET_SHORT,LOW,False,412668,636030,-223362,-10.973781759493765,-33357.0,0.9398935130077269,1.1770492448376342,76.08695652173914,NET_SHORT,HIGH,False,29211,124353,-95142,448608,163970,284638,90223.0,52,26,True,True,False,False
13874A,E-MINI S&P 500,2007-05-01,2007-05-08,1993806,585266,126608,458658,23.0041438334522,-29161.0,1.306408741333595,0.4518786723547789,95.74468085106383,NET_LONG,EXTREME_HIGH,True,274845,623029,-348184,-17.463283789897314,105769.0,-1.0209640036647554,-0.681344558243119,17.02127659574468,NET_SHORT,LOW,False,372551,679301,-306750,-15.385147802745102,-83388.0,0.46536836036932333,0.7500064988319427,55.319148936170215,NET_SHORT,NEUTRAL,False,26422,114456,-88034,458558,174248,284310,-41609.0,52,26,True,True,False,False
13874A,E-MINI S&P 500,2007-05-08,2007-05-15,2008221,590538,111052,479486,23.876157056419586,20828.0,1.5192463156735954,0.662060977228659,97.91666666666666,NET_LONG,EXTREME_HIGH,True,294266,656585,-362319,-18.04178922538904,-14135.0,-1.084830456440695,-0.7320836406824465,16.666666666666664,NET_SHORT,LOW,False,352525,692816,-340291,-16.94489799678422,-33541.0,0.27228497847869154,0.5943017417539518,54.166666666666664,NET_SHORT,NEUTRAL,False,27655,124427,-96772,473033,153137,319896,14415.0,52,26,True,True,False,False
13874A,E-MINI S&P 500,2007-05-15,2007-05-22,2010006,608108,95302,512806,25.512660161213454,33320.0,1.8519900862425795,1.054489650841765,100.0,NET_LONG,EXTREME_HIGH,True,298193,649070,-350877,-17.45651505517894,11442.0,-0.9919577925120453,-0.6584551502282626,18.367346938775512,NET_SHORT,LOW,False,314156,698183,-384027,-19.105763863391452,-43736.0,0.021902109932081793,0.3844808456951526,53.06122448979592,NET_SHORT,NEUTRAL,False,30520,125252,-94732,492670,175840,316830,1785.0,52,26,True,True,False,False
13874A,E-MINI S&P 500,2007-05-22,2007-05-29,2160963,596479,79468,517011,23.925027869519283,4205.0,1.8199614919470568,0.6422934169530692,100.0,NET_LONG,EXTREME_HIGH,True,347615,763423,-415808,-19.241791738220414,-64931.0,-1.3608744130657755,-0.839444429606102,14.000000000000002,NET_SHORT,LOW,False,423319,702931,-279612,-12.939231259396852,104415.0,0.6166171238865705,0.9564714823982752,60.0,NET_SHORT,NEUTRAL,False,28766,140201,-111435,454506,164662,289844,150957.0,52,26,True,True,False,False
13874A,E-MINI S&P 500,2007-05-29,2007-06-05,2200527,611120,63571,547549,24.88263038808431,30538.0,2.071210890609513,0.8713277629765513,100.0,NET_LONG,EXTREME_HIGH,True,329693,805236,-475543,-21.610414232590646,-59735.0,-1.6685679228717354,-1.076277074029118,3.9215686274509802,NET_SHORT,EXTREME_LOW,True,436026,674494,-238468,-10.83685862522932,41144.0,0.8414119569889943,1.131853409286822,74.50980392156863,NET_SHORT,NEUTRAL,False,29662,142759,-113097,455166,175607,279559,39564.0,52,26,True,True,False,False
13874A,E-MINI S&P 500,2007-06-05,2007-06-12,2405114,632715,68526,564189,23.45789014574777,16640.0,2.139816204408279,0.5006602106856295,100.0,NET_LONG,EXTREME_HIGH,True,363121,864988,-501867,-20.866661621860754,-26324.0,-1.7566402483310262,-0.9758230230814655,1.9230769230769231,NET_SHORT,EXTREME_LOW,True,554877,731715,-176838,-7.352582871331672,61630.0,1.1730248352554307,1.4217080680840217,90.38461538461539,NET_SHORT,HIGH,False,32224,140493,-108269,399717,176932,222785,204587.0,52,26,True,True,False,False
13874A,E-MINI S&P 500,2007-06-12,2007-06-19,2861518,628622,72903,555719,19.420426500899175,-8470.0,1.9653741343936633,-0.6447601102259123,98.07692307692307,NET_LONG,EXTREME_HIGH,True,339060,865570,-526510,-18.39967457831822,-24643.0,-1.8036160579802767,-0.6813043655940727,1.9230769230769231,NET_SHORT,EXTREME_LOW,True,578994,659616,-80622,-2.8174556301934848,96216.0,1.650888692496966,1.7655074973712264,100.0,NET_SHORT,EXTREME_HIGH,True,32783,127592,-94809,442182,295960,146222,456404.0,52,26,True,True,False,False
13874A,E-MINI S&P 500,2007-06-19,2007-06-26,1577585,608705,77371,531334,33.680213744425814,-24385.0,1.6261485283413626,3.0197895824163665,94.23076923076923,NET_LONG,HIGH,False,253067,498660,-245593,-15.567655625528895,280917.0,-0.16942144855796995,-0.3772954274438068,48.07692307692308,NET_SHORT,NEUTRAL,False,234374,527864,-293490,-18.603751937296565,-212868.0,0.4508574350314523,0.3130263350209168,53.84615384615385,NET_SHORT,NEUTRAL,False,30636,91778,-61142,214709,145818,68891,-1283933.0,52,26,True,True,False,False
13874A,E-MINI S&P 500,2007-06-26,2007-07-03,1642944,598174,69352,528822,32.18746348019166,-2512.0,1.546422028589015,2.4418655160362794,92.3076923076923,NET_LONG,HIGH,False,259791,518008,-258217,-15.716725585290794,-12624.0,-0.24111645526152595,-0.40160800240945654,46.15384615384615,NET_SHORT,NEUTRAL,False,227695,534889,-307194,-18.697776674068013,-13704.0,0.38526165648459343,0.3080572787721428,51.92307692307693,NET_SHORT,NEUTRAL,False,34129,95981,-61852,261161,162720,98441,65359.0,52,26,True,True,False,False
13874A,E-MINI S&P 500,2007-07-03,2007-07-10,1619924,581635,75666,505969,31.234119625365143,-22853.0,1.250419677957814,2.077319447543024,86.53846153846155,NET_LONG,HIGH,False,235564,565773,-330209,-20.384227902049727,-71992.0,-0.6441609356164947,-0.9018865910157919,28.846153846153843,NET_SHORT,NEUTRAL,False,319861,476764,-156903,-9.685824767087839,150291.0,1.220476780351872,1.1081027476428216,88.46153846153845,NET_SHORT,HIGH,False,34531,100383,-65852,184193,137198,46995,-23020.0,52,26,True,True,False,False
13874A,E-MINI S&P 500,2007-07-10,2007-07-17,1682680,602154,78416,523738,31.125228801673522,17769.0,1.4080670762179939,1.938389558884505,90.38461538461539,NET_LONG,HIGH,False,228350,596475,-368125,-21.877302873986736,-37916.0,-0.844126058331864,-1.0508891269966927,23.076923076923077,NET_SHORT,LOW,False,389332,463307,-73975,-4.396260726935602,82928.0,1.6437780097159145,1.5380410336713297,100.0,NET_SHORT,EXTREME_HIGH,True,27752,115116,-87364,172063,166337,5726,62756.0,52,26,True,True,False,False
13874A,E-MINI S&P 500,2007-07-17,2007-07-24,1702051,598897,83270,515627,30.294450636320537,-8111.0,1.2848388843686853,1.677852270487264,86.53846153846155,NET_LONG,HIGH,False,243026,630010,-386984,-22.73633398764197,-18859.0,-0.9371114290439048,-1.13904292549666,21.153846153846153,NET_SHORT,LOW,False,375685,459003,-83318,-4.895152965451682,-9343.0,1.575084398910264,1.4714526056802844,96.15384615384616,NET_SHORT,EXTREME_HIGH,True,31275,122727,-91452,200795,154668,46127,19371.0,52,26,True,True,False,False
13874A,E-MINI S&P 500,2007-07-24,2007-07-31,1787275,662606,88770,573836,32.10675469639535,58209.0,1.9062052230940698,1.9847913127440193,100.0,NET_LONG,EXTREME_HIGH,True,233566,653187,-419621,-23.478256004252284,-32637.0,-1.0945616613166473,-1.2013630643712463,19.230769230769234,NET_SHORT,LOW,False,403260,474207,-70947,-3.969562602285602,12371.0,1.6136661316997232,1.5174481872321888,100.0,NET_SHORT,EXTREME_HIGH,True,40660,137452,-96792,190262,176738,13524,85224.0,52,26,True,True,False,False
13874A,E-MINI S&P 500,2007-07-31,2007-08-07,1981173,606221,97817,508404,25.661767044069343,-65432.0,1.10079982397899,0.49562652556397346,80.76923076923077,NET_LONG,HIGH,False,266652,696867,-430215,-21.715165712433997,-10594.0,-1.1262550498029464,-1.008178499784864,19.230769230769234,NET_SHORT,LOW,False,538442,549020,-10578,-0.5339261134691418,60369.0,1.8980412669464335,1.7705509937124007,100.0,NET_SHORT,EXTREME_HIGH,True,35603,159135,-123532,203669,147748,55921,193898.0,52,26,True,True,False,False
13874A,E-MINI S&P 500,2007-08-07,2007-08-14,2111980,616781,118462,498319,23.594873057510014,-10085.0,0.9526358088214935,-0.013202550889056646,76.92307692307693,NET_LONG,HIGH,False,305112,716016,-410904,-19.455866059337684,19311.0,-1.0026749930638523,-0.7759400478771318,25.0,NET_SHORT,LOW,False,585178,562453,22725,1.0760045076184432,33303.0,2.0132960796322372,1.8519366286655472,100.0,NET_LONG,EXTREME_HIGH,True,27210,153343,-126133,247233,231240,15993,130807.0,52,26,True,True,False,False
13874A,E-MINI S&P 500,2007-08-14,2007-08-21,2121969,607635,132430,475205,22.3945307400815,-23114.0,0.6276157611585941,-0.3275022218137059,71.15384615384616,NET_LONG,NEUTRAL,False,367560,758454,-390894,-18.42128702162944,20010.0,-0.8753242159674045,-0.6668546155691075,26.923076923076923,NET_SHORT,NEUTRAL,False,608475,595115,13360,0.6296039197556609,-9365.0,1.8846394311041594,1.7428531057490564,98.07692307692307,NET_LONG,EXTREME_HIGH,True,28409,131105,-102696,186062,181037,5025,9989.0,52,26,True,True,False,False
13874A,E-MINI S&P 500,2007-08-21,2007-08-28,2085581,598078,132895,465183,22.304719883811753,-10022.0,0.46282270634079614,-0.3748763684920518,67.3076923076923,NET_LONG,NEUTRAL,False,339620,703848,-364228,-17.464102329278987,26666.0,-0.720780630071166,-0.5714283136208608,34.61538461538461,NET_SHORT,NEUTRAL,False,602120,629892,-27772,-1.3316193425237381,-41132.0,1.6231253122179121,1.5322558973846312,94.23076923076923,NET_SHORT,HIGH,False,21100,126802,-105702,199527,167008,32519,-36388.0,52,26,True,True,False,False
13874A,E-MINI S&P 500,2007-08-28,2007-09-04,2115440,614980,133456,481524,22.762356767386454,16341.0,0.6631191465673241,-0.29107716948806567,73.07692307692307,NET_LONG,NEUTRAL,False,316344,682058,-365714,-17.287845554589115,-1486.0,-0.7159184576707966,-0.5522710293971744,34.61538461538461,NET_SHORT,NEUTRAL,False,584253,646343,-62090,-2.9350867904549407,-34318.0,1.4060804038409327,1.3575376035636904,92.3076923076923,NET_SHORT,HIGH,False,28125,119229,-91104,221435,184051,37384,29859.0,52,26,True,True,False,False
13874A,E-MINI S&P 500,2007-09-04,2007-09-11,2086435,599927,159294,440633,21.118942118973273,-40891.0,0.03631332544432303,-0.7235697245234696,53.84615384615385,NET_LONG,NEUTRAL,False,281479,663385,-381906,-18.3042366524718,-16192.0,-0.7938469390950424,-0.6641804683812353,30.76923076923077,NET_SHORT,NEUTRAL,False,658615,603374,55241,2.647626214092459,117331.0,1.8806860205105862,1.715642846895361,100.0,NET_LONG,EXTREME_HIGH,True,25325,117685,-92360,149551,171159,-21608,-29005.0,52,26,True,True,False,False
13874A,E-MINI S&P 500,2007-09-11,2007-09-18,2264864,612934,153446,459488,20.2876640716617,18855.0,0.2883709227149669,-0.9792594383945779,63.46153846153846,NET_LONG,NEUTRAL,False,276309,686302,-409993,-18.102323141698573,-28087.0,-0.9303111902545974,-0.6356333824322729,26.923076923076923,NET_SHORT,NEUTRAL,False,710110,576835,133275,5.884459287621685,78034.0,2.113520162694751,1.869182920787935,100.0,NET_LONG,EXTREME_HIGH,True,27398,135278,-107880,208084,282974,-74890,178429.0,52,26,True,True,False,False
13874A,E-MINI S&P 500,2007-09-18,2007-09-25,2851893,630573,127219,503354,17.649820662977188,43866.0,0.9267562129124426,-1.6107536962225941,76.92307692307693,NET_LONG,HIGH,False,267336,691681,-424345,-14.87941518142511,-14352.0,-0.9767573555229144,-0.2893779891750302,21.153846153846153,NET_SHORT,LOW,False,684069,542787,141282,4.953972677095529,8007.0,2.0182964459066897,1.7112986415298557,100.0,NET_LONG,EXTREME_HIGH,True,30125,140253,-110128,426230,536393,-110163,587029.0,52,26,True,True,False,False
13874A,E-MINI S&P 500,2007-09-25,2007-10-02,1747463,648476,129464,519012,29.700886370698548,15658.0,1.1219128509997975,1.5322544852752802,86.53846153846155,NET_LONG,HIGH,False,223135,583923,-360788,-20.646388507224472,63557.0,-0.614816878312775,-0.8891734510292263,46.15384615384615,NET_SHORT,NEUTRAL,False,229828,547514,-317686,-18.179841289915725,-458968.0,0.025630686793747654,0.030122380542112772,48.07692307692308,NET_SHORT,NEUTRAL,False,29962,110785,-80823,384965,144680,240285,-1104430.0,52,26,True,True,False,False
13874A,E-MINI S&P 500,2007-10-02,2007-10-09,1865981,646663,109582,537081,28.782768956382725,18069.0,1.3375388636537755,1.2711225589772734,92.3076923076923,NET_LONG,HIGH,False,278703,651207,-372504,-19.96290423107202,-11716.0,-0.6520572628090302,-0.7886506233480503,36.53846153846153,NET_SHORT,NEUTRAL,False,266414,614426,-348012,-18.65035067345273,-30326.0,-0.12030538659588308,-0.027712272382216904,44.230769230769226,NET_SHORT,NEUTRAL,False,28849,113479,-84630,409363,141298,268065,118518.0,52,26,True,True,False,False
13874A,E-MINI S&P 500,2007-10-09,2007-10-16,1950942,667158,105704,561454,28.778610537883754,24373.0,1.6211929251977082,1.2424158161493968,96.15384615384616,NET_LONG,EXTREME_HIGH,True,295326,670078,-374752,-19.20877196759309,-2248.0,-0.6382408044372372,-0.6829467204793941,36.53846153846153,NET_SHORT,NEUTRAL,False,283234,660642,-377408,-19.34491133001391,-29396.0,-0.26602428885004237,-0.10599404133193921,42.30769230769231,NET_SHORT,NEUTRAL,False,32587,112889,-80302,424429,153421,271008,84961.0,52,26,True,True,False,False
13874A,E-MINI S&P 500,2007-10-16,2007-10-23,2000172,720684,121733,598951,29.944974732173037,37497.0,2.039824214673812,1.4841298662690465,100.0,NET_LONG,EXTREME_HIGH,True,282515,651805,-369290,-18.462912189551698,5462.0,-0.5829335636087325,-0.578488394477949,42.30769230769231,NET_SHORT,NEUTRAL,False,265672,693370,-427698,-21.38306105674912,-50290.0,-0.5044621334952645,-0.2863321223315848,38.46153846153847,NET_SHORT,NEUTRAL,False,32965,120228,-87263,435584,150284,285300,49230.0,52,26,True,True,False,False
13874A,E-MINI S&P 500,2007-10-23,2007-10-30,1977779,728381,123486,604895,30.58455975111476,5944.0,2.0029003884072543,1.5702587899962022,100.0,NET_LONG,EXTREME_HIGH,True,234055,654154,-420099,-21.240947547729043,-50809.0,-0.8228250639429516,-0.8431087745869572,23.076923076923077,NET_SHORT,LOW,False,300586,675243,-374657,-18.94331975412824,53041.0,-0.2876484707681346,-0.12509893858543603,42.30769230769231,NET_SHORT,NEUTRAL,False,35323,111627,-76304,431674,165509,266165,-22393.0,52,26,True,True,False,False
13874A,E-MINI S&P 500,2007-10-30,2007-11-06,2026594,731558,112149,619409,30.564039960643324,14514.0,2.1035992441749642,1.4982656648140416,100.0,NET_LONG,EXTREME_HIGH,True,244289,679610,-435321,-21.480424791546803,-15222.0,-0.8707943403254749,-0.835506505441479,17.307692307692307,NET_SHORT,LOW,False,280424,704065,-423641,-20.904088337377885,-48984.0,-0.5271627000373381,-0.3041162917187907,36.53846153846153,NET_SHORT,NEUTRAL,False,41311,111398,-70087,467183,157543,309640,48815.0,52,26,True,True,False,False
13874A,E-MINI S&P 500,2007-11-06,2007-11-13,2036619,743025,113112,629913,30.929349082965444,10504.0,2.140213105889781,1.5186775427846129,100.0,NET_LONG,EXTREME_HIGH,True,245320,722017,-476697,-23.40629248769652,-41376.0,-1.0565275442549475,-1.0063026669512285,7.6923076923076925,NET_SHORT,LOW,False,297149,643169,-346020,-16.98992300474463,77621.0,-0.19889514933085264,-0.021768567713228874,44.230769230769226,NET_SHORT,NEUTRAL,False,38268,124535,-86267,460888,181817,279071,10025.0,52,26,True,True,False,False
13874A,E-MINI S&P 500,2007-11-13,2007-11-20,2055383,759766,127840,631926,30.744926857914074,2013.0,2.0709444432095627,1.4165397445073766,100.0,NET_LONG,EXTREME_HIGH,True,255042,672815,-417773,-20.325798160245558,58924.0,-0.7028164757677956,-0.6396863003279212,30.76923076923077,NET_SHORT,NEUTRAL,False,284439,684757,-400318,-19.476564708377953,-54298.0,-0.4797926229353489,-0.25461383310412256,34.61538461538461,NET_SHORT,NEUTRAL,False,47156,113929,-66773,466206,213268,252938,18764.0,52,26,True,True,False,False
13874A,E-MINI S&P 500,2007-11-20,2007-11-27,2149374,810716,176915,633801,29.487702000675547,1875.0,1.990461212241434,1.0755715334019,100.0,NET_LONG,EXTREME_HIGH,True,255646,657057,-401411,-18.675716743572778,16362.0,-0.5818301098085605,-0.42570245978840443,38.46153846153847,NET_SHORT,NEUTRAL,False,288190,710580,-422390,-19.65176837535022,-22072.0,-0.6210610882112872,-0.3051375114936265,32.69230769230769,NET_SHORT,NEUTRAL,False,39551,116518,-76967,471445,204478,266967,93991.0,52,26,True,True,False,False
13874A,E-MINI S&P 500,2007-11-27,2007-12-04,2150535,820176,166106,654070,30.414292257508013,20269.0,2.1248878170167766,1.2441734737229557,100.0,NET_LONG,EXTREME_HIGH,True,268985,646930,-377945,-17.574464028718435,23466.0,-0.41631745572588535,-0.2666068141288183,46.15384615384615,NET_SHORT,NEUTRAL,False,257527,712964,-455437,-21.17784644286189,-33047.0,-0.8145822049685704,-0.4691642577239194,19.230769230769234,NET_SHORT,LOW,False,40592,118519,-77927,452657,195418,257239,1161.0,52,26,True,True,False,False
13874A,E-MINI S&P 500,2007-12-04,2007-12-11,2164011,793331,179526,613805,28.364227353742656,-40265.0,1.5389936388585737,0.73288747664251,90.38461538461539,NET_LONG,HIGH,False,244555,677355,-432800,-19.99989833693082,-54855.0,-0.7120172248829626,-0.5253683600680855,21.153846153846153,NET_SHORT,LOW,False,238174,653867,-415693,-19.209375553081752,39744.0,-0.6554928028354273,-0.32610834546757805,32.69230769230769,NET_SHORT,NEUTRAL,False,25420,119492,-94072,498240,169480,328760,13476.0,52,26,True,True,False,False
13874A,E-MINI S&P 500,2007-12-11,2007-12-18,2342983,809402,198128,611274,26.089561896095702,-2531.0,1.4436524353465954,0.17135780165656062,88.46153846153845,NET_LONG,HIGH,False,265317,700211,-434894,-18.561551662986886,-2094.0,-0.6944950410084292,-0.32021381560241047,21.153846153846153,NET_SHORT,LOW,False,231864,658240,-426376,-18.19799802217942,-10683.0,-0.7656351965878013,-0.259494142272994,26.923076923076923,NET_SHORT,NEUTRAL,False,25877,134857,-108980,559177,200201,358976,178972.0,52,26,True,True,False,False
13874A,E-MINI S&P 500,2007-12-18,2007-12-25,2757399,797995,125874,672121,24.37518110364151,60847.0,2.0559609972683655,-0.22608758852059607,100.0,NET_LONG,EXTREME_HIGH,True,341704,673189,-331485,-12.021655190271701,103409.0,-0.014177513598879324,0.5452933040445366,73.07692307692307,NET_SHORT,NEUTRAL,False,291705,743606,-451901,-16.3886691770034,-25525.0,-0.9193176752166644,-0.13507804127762932,17.307692307692307,NET_SHORT,LOW,False,28873,142068,-113195,512690,288230,224460,414416.0,52,26,True,True,False,False
13874A,E-MINI S&P 500,2007-12-24,2007-12-31,1747039,796647,126643,670004,38.35083246567478,-2117.0,1.9192529863956158,2.8319851791777264,98.07692307692307,NET_LONG,EXTREME_HIGH,True,305666,525668,-220002,-12.59284995927395,111483.0,0.7579779445647231,0.5182768487350612,82.6923076923077,NET_SHORT,HIGH,False,153509,606409,-452900,-25.923863176494628,-999.0,-0.951192018092446,-1.0903224020271827,13.461538461538462,NET_SHORT,LOW,False,20190,112580,-92390,247522,152234,95288,-1010360.0,52,26,True,True,False,False
13874A,E-MINI S&P 500,2007-12-31,2008-01-07,1725583,815754,125154,690600,40.02125658400668,20596.0,2.0550347934875304,2.872561265857684,100.0,NET_LONG,EXTREME_HIGH,True,330038,543339,-213301,-12.361097669599202,6701.0,0.8764361033756835,0.6186462726355364,84.61538461538461,NET_SHORT,HIGH,False,129725,580779,-451054,-26.139223671072326,1846.0,-0.9655928168335381,-1.169514855583973,17.307692307692307,NET_SHORT,LOW,False,23039,115994,-92955,203392,136682,66710,-21456.0,52,26,True,True,False,False
13874A,E-MINI S&P 500,2008-01-08,2008-01-15,1993208,837411,131696,705715,35.40598873775341,15115.0,2.1090423787874233,1.8315897288340295,100.0,NET_LONG,EXTREME_HIGH,True,405046,661490,-256444,-12.865892571171699,-43143.0,0.6601997593759598,0.6386667624990969,78.84615384615384,NET_SHORT,HIGH,False,155513,648608,-493095,-24.738762838599886,-42041.0,-1.2195492706573026,-1.0907669510652815,5.769230769230769,NET_SHORT,LOW,False,34007,94228,-60221,288306,184261,104045,267625.0,52,26,True,True,False,False
13874A,E-MINI S&P 500,2008-01-15,2008-01-22,2139579,844136,129201,714935,33.414751219749306,9220.0,2.1010428547948026,1.3798008883999424,100.0,NET_LONG,EXTREME_HIGH,True,439450,632130,-192680,-9.005509962473926,63764.0,1.2831575403632853,1.3888088897717519,88.46153846153845,NET_SHORT,HIGH,False,199078,817263,-618185,-28.89283359015956,-125090.0,-1.9019341408957713,-1.5817116423793953,1.9230769230769231,NET_SHORT,EXTREME_LOW,True,39981,94242,-54261,320345,170154,150191,146371.0,52,26,True,True,False,False
13874A,E-MINI S&P 500,2008-01-22,2008-01-29,2509683,835226,137314,697912,27.808771067899812,-17023.0,1.8413680618123136,0.2718629777759668,96.15384615384616,NET_LONG,EXTREME_HIGH,True,549948,621917,-71969,-2.8676530063757055,120711.0,2.344546625660751,2.473845189647103,98.07692307692307,NET_SHORT,EXTREME_HIGH,True,322137,1043040,-720903,-28.724862861166134,-102718.0,-2.353237284848777,-1.581616787656711,1.9230769230769231,NET_SHORT,EXTREME_LOW,True,49950,103722,-53772,458854,310122,148732,370104.0,52,26,True,True,False,False
13874A,E-MINI S&P 500,2008-01-29,2008-02-05,2389489,913287,118877,794410,33.24602038343763,96498.0,2.673576788701786,1.280124101967882,100.0,NET_LONG,EXTREME_HIGH,True,466427,629863,-163436,-6.839788758182189,-91467.0,1.610317057143219,1.80176225970796,90.38461538461539,NET_SHORT,HIGH,False,336454,1012110,-675656,-28.27617118136974,45247.0,-2.020657885623786,-1.5236593034260149,3.8461538461538463,NET_SHORT,EXTREME_LOW,True,37900,97589,-59689,362369,257998,104371,-120194.0,52,26,True,True,False,False
13874A,E-MINI S&P 500,2008-02-05,2008-02-12,2490724,933922,149691,784231,31.48606589891132,-10179.0,2.4030785326667874,0.9049758778677784,98.07692307692307,NET_LONG,EXTREME_HIGH,True,514615,724319,-209704,-8.41939933930857,-46268.0,1.2953843158497091,1.594337387441586,88.46153846153845,NET_SHORT,HIGH,False,311314,936187,-624873,-25.088006539464025,50783.0,-1.7010400907990566,-1.1805695269272352,5.769230769230769,NET_SHORT,LOW,False,36796,108849,-72053,398403,276004,122399,101235.0,52,26,True,True,False,False
13874A,E-MINI S&P 500,2008-02-12,2008-02-19,2473964,914335,171295,743040,30.0343901528074,-41191.0,1.90433288997199,0.5967061624134281,96.15384615384616,NET_LONG,EXTREME_HIGH,True,479220,752030,-272810,-11.027242110232809,-63106.0,0.8040346069841984,1.1999719914153932,76.92307692307693,NET_SHORT,HIGH,False,271929,838487,-566558,-22.90081828191518,58315.0,-1.3804532718832114,-0.9553226276077871,9.615384615384617,NET_SHORT,LOW,False,30838,125535,-94697,465645,274620,191025,-16760.0,52,26,True,True,False,False
13874A,E-MINI S&P 500,2008-02-19,2008-02-26,2371943,912374,171202,741172,31.24746252334057,-1868.0,1.8023508443195868,0.800211790733017,94.23076923076923,NET_LONG,HIGH,False,466065,796492,-330427,-13.930646731392788,-57617.0,0.3248213089901104,0.7415642765559344,75.0,NET_SHORT,HIGH,False,264288,763702,-499414,-21.055059080256143,67144.0,-1.0450445416848906,-0.7740273812534334,11.538461538461538,NET_SHORT,LOW,False,33010,132938,-99928,371396,182799,188597,-102021.0,52,26,True,True,False,False
13874A,E-MINI S&P 500,2008-02-26,2008-03-04,2358196,896702,173507,723195,30.66729822287885,-17977.0,1.558239954200134,0.656958166885302,92.3076923076923,NET_LONG,HIGH,False,457518,805135,-347617,-14.740801867190005,-17190.0,0.19274473005227286,0.6276939006734213,73.07692307692307,NET_SHORT,NEUTRAL,False,255131,724425,-469294,-19.90055109923009,30120.0,-0.889765635119625,-0.6526513784225075,15.384615384615385,NET_SHORT,LOW,False,32216,134298,-102082,355540,159742,195798,-13747.0,52,26,True,True,False,False
13874A,E-MINI S&P 500,2008-03-04,2008-03-11,2402309,897370,171766,725604,30.204440810903176,2409.0,1.5187269574126598,0.5364851348115206,92.3076923076923,NET_LONG,HIGH,False,483436,771439,-288003,-11.988590976431425,59614.0,0.8491574442596993,1.187804451490962,80.76923076923077,NET_SHORT,HIGH,False,327371,754406,-427035,-17.77602298455361,42259.0,-0.6640277817745891,-0.4091450575970725,26.923076923076923,NET_SHORT,NEUTRAL,False,24570,147059,-122489,339854,227931,111923,44113.0,52,26,True,True,False,False
13874A,E-MINI S&P 500,2008-03-11,2008-03-18,2494075,896780,189849,706931,28.344416266551725,-18673.0,1.2880228793143584,0.12029485684739694,86.53846153846155,NET_LONG,HIGH,False,476050,772198,-296148,-11.874061525816185,-8145.0,0.7416334819338787,1.1953498844499537,78.84615384615384,NET_SHORT,HIGH,False,347754,753223,-405469,-16.257289776770946,21566.0,-0.5334374323994935,-0.2202960478388022,36.53846153846153,NET_SHORT,NEUTRAL,False,28046,127597,-99551,324776,230539,94237,91766.0,52,26,True,True,False,False
13874A,E-MINI S&P 500,2008-03-18,2008-03-25,3089662,915956,165480,750476,24.289906145073473,43545.0,1.6475985598609524,-0.7431018718425774,96.15384615384616,NET_LONG,EXTREME_HIGH,True,519034,690439,-171405,-5.547694213800733,124743.0,1.9631880038922973,2.316528027989122,96.15384615384616,NET_SHORT,EXTREME_HIGH,True,331260,856647,-525387,-17.004675592346345,-119918.0,-1.0842115239418795,-0.2919662190010673,11.538461538461538,NET_SHORT,LOW,False,44797,141810,-97013,511732,468403,43329,595587.0,52,26,True,True,False,False
13874A,E-MINI S&P 500,2008-03-25,2008-04-01,2083681,933840,134645,799195,38.35495932438794,48719.0,2.0114917824289757,2.109167462454522,100.0,NET_LONG,EXTREME_HIGH,True,259458,690189,-430731,-20.671638316997658,-259326.0,-0.7487341911925912,-0.6744774096045976,23.076923076923077,NET_SHORT,LOW,False,176955,661830,-484875,-23.270116682927952,40512.0,-0.8577895078183624,-0.9568433136089675,17.307692307692307,NET_SHORT,LOW,False,31163,108668,-77505,425863,231947,193916,-1005981.0,52,26,True,True,False,False
13874A,E-MINI S&P 500,2008-04-01,2008-04-08,2112188,948380,109402,838978,39.72080136806004,39783.0,2.242336752214449,2.2252550645288656,100.0,NET_LONG,EXTREME_HIGH,True,287288,715447,-428159,-20.27087550918763,2572.0,-0.7409214949992472,-0.630677611761362,25.0,NET_SHORT,LOW,False,178625,695975,-517350,-24.493558338556984,-32475.0,-0.9811976966464215,-1.0548967453635196,13.461538461538462,NET_SHORT,LOW,False,27233,115310,-88077,381927,187319,194608,28507.0,52,26,True,True,False,False
13874A,E-MINI S&P 500,2008-04-08,2008-04-15,2098521,974849,69301,905548,43.151724476428875,66570.0,2.627990163180985,2.6416789468329758,100.0,NET_LONG,EXTREME_HIGH,True,272879,710065,-437186,-20.833053374257393,-9027.0,-0.8439641960209103,-0.7713845564863718,13.461538461538462,NET_SHORT,LOW,False,175586,742992,-567406,-27.038376075340683,-50056.0,-1.1778213676351776,-1.2817056784321457,9.615384615384617,NET_SHORT,LOW,False,26352,110603,-84251,360881,177586,183295,-13667.0,52,26,True,True,False,False
13874A,E-MINI S&P 500,2008-04-15,2008-04-22,2040110,862573,76706,785867,38.52081505409022,-119681.0,1.516948666228877,1.7078409831574792,92.3076923076923,NET_LONG,HIGH,False,302796,679051,-376255,-18.442878080103522,60931.0,-0.2129750341471663,-0.2954169581458403,48.07692307692308,NET_SHORT,NEUTRAL,False,181705,699107,-517402,-25.36147560670748,50004.0,-0.9060978116301758,-1.0619806922726,15.384615384615385,NET_SHORT,LOW,False,29545,105953,-76408,359775,175577,184198,-58411.0,52,26,True,True,False,False
13874A,E-MINI S&P 500,2008-04-22,2008-04-29,2042108,852166,69680,782486,38.31756204862818,-3381.0,1.4255640420591296,1.5937702510767642,88.46153846153845,NET_LONG,HIGH,False,283600,685023,-401423,-19.657285510854468,-25168.0,-0.4982992465239038,-0.5690263063591017,36.53846153846153,NET_SHORT,NEUTRAL,False,202833,688586,-485753,-23.786841832067648,31649.0,-0.7301971161511122,-0.8644742214504962,23.076923076923077,NET_SHORT,LOW,False,24926,106515,-81589,364935,178656,186279,1998.0,52,26,True,True,False,False
13874A,E-MINI S&P 500,2008-04-29,2008-05-06,2070518,855681,67734,787947,38.05554938426036,5461.0,1.416095683961287,1.4818623880291562,92.3076923076923,NET_LONG,HIGH,False,277731,699404,-421673,-20.36558001427662,-20250.0,-0.698978973964819,-0.7053257722440768,25.0,NET_SHORT,LOW,False,204513,685353,-480840,-23.223174104257968,4913.0,-0.6880683615305423,-0.7844144195308916,26.923076923076923,NET_SHORT,NEUTRAL,False,24098,107746,-83648,383864,185650,198214,28410.0,52,26,True,True,False,False
13874A,E-MINI S&P 500,2008-05-06,2008-05-13,2117598,847856,60243,787613,37.193697765109334,-334.0,1.3579802245369075,1.2785187445230881,90.38461538461539,NET_LONG,HIGH,False,333713,676066,-342353,-16.167043980963335,79320.0,0.15184826095479373,0.18161164503075305,69.23076923076923,NET_SHORT,NEUTRAL,False,196797,717435,-520638,-24.586252914859195,-39798.0,-0.852679207155641,-0.9046011174264792,15.384615384615385,NET_SHORT,LOW,False,28875,109760,-80885,377027,220764,156263,47080.0,52,26,True,True,False,False
13874A,E-MINI S&P 500,2008-05-13,2008-05-20,2129204,879972,68378,811594,38.11724945096853,23981.0,1.495758056581668,1.3777607856812117,96.15384615384616,NET_LONG,EXTREME_HIGH,True,321330,717931,-396601,-18.626726231962742,-54248.0,-0.42257898904009944,-0.3373965739858928,42.30769230769231,NET_SHORT,NEUTRAL,False,231590,714643,-483053,-22.687022943785564,37585.0,-0.6657987413606303,-0.6974933684329453,28.846153846153843,NET_SHORT,NEUTRAL,False,26335,101899,-75564,329678,186054,143624,11606.0,52,26,True,True,False,False
13874A,E-MINI S&P 500,2008-05-20,2008-05-27,2225222,900533,89816,810717,36.43308397993549,-877.0,1.4255454511582888,1.048855395821319,94.23076923076923,NET_LONG,HIGH,False,339185,769116,-429931,-19.320813833406287,-33330.0,-0.7766421385479926,-0.4847541070072702,21.153846153846153,NET_SHORT,LOW,False,262449,724842,-462393,-20.779634571292213,20660.0,-0.5521967820040375,-0.4837414480617913,34.61538461538461,NET_SHORT,NEUTRAL,False,25425,94597,-69172,374714,223935,150779,96018.0,52,26,True,True,False,False
13874A,E-MINI S&P 500,2008-05-27,2008-06-03,2290268,863169,120037,743132,32.4473817038006,-67585.0,0.8261913568657561,0.34550214746331437,76.92307692307693,NET_LONG,HIGH,False,369374,789383,-420009,-18.338858159831076,9922.0,-0.6893228822935789,-0.2916139465799053,28.846153846153843,NET_SHORT,NEUTRAL,False,345253,772817,-427564,-18.668732218238215,34829.0,-0.3741570247111788,-0.2504759472442816,46.15384615384615,NET_SHORT,NEUTRAL,False,23538,87670,-64132,361658,193085,168573,65046.0,52,26,True,True,False,False
13874A,E-MINI S&P 500,2008-06-03,2008-06-10,2348861,856704,118086,738618,31.445794365864987,-4514.0,0.7592859815365715,0.14876949733534622,71.15384615384616,NET_LONG,NEUTRAL,False,401387,798983,-397596,-16.927183004869168,22413.0,-0.47850650381059856,-0.004872441961608029,40.38461538461539,NET_SHORT,NEUTRAL,False,392119,795207,-403088,-17.160998458401753,24476.0,-0.24168119597509857,-0.07529570482973486,59.61538461538461,NET_SHORT,NEUTRAL,False,25305,78990,-53685,320939,205188,115751,58593.0,52,26,True,True,False,False
13874A,E-MINI S&P 500,2008-06-10,2008-06-17,2452965,853932,121426,732506,29.862064888818225,-6112.0,0.6805116738980883,-0.16912603936831444,69.23076923076923,NET_LONG,NEUTRAL,False,448859,832395,-383536,-15.635608335218807,14060.0,-0.3657306874718944,0.2628970979774129,46.15384615384615,NET_SHORT,NEUTRAL,False,444902,802864,-357962,-14.5930333290528,45126.0,-0.0062257569675522595,0.22107510859503898,67.3076923076923,NET_SHORT,NEUTRAL,False,24232,91669,-67437,291186,214757,76429,104104.0,52,26,True,True,False,False
13874A,E-MINI S&P 500,2008-06-17,2008-06-24,2862936,841604,149041,692563,24.190656025842003,-39943.0,0.3223586894174311,-1.1526973446881614,55.769230769230774,NET_LONG,NEUTRAL,False,465998,835599,-369601,-12.909858969952523,13935.0,-0.18043586652752994,0.8360549402183858,57.692307692307686,NET_SHORT,NEUTRAL,False,396256,775625,-379369,-13.251047176744432,-21407.0,-0.1000045612308153,0.35287007399440923,63.46153846153846,NET_SHORT,NEUTRAL,False,26402,81835,-55433,507886,396046,111840,409971.0,52,26,True,True,False,False
13874A,E-MINI S&P 500,2008-06-24,2008-07-01,1945640,861819,153026,708793,36.429812298266896,16230.0,0.43448300213879193,1.0200023240438294,61.53846153846154,NET_LONG,NEUTRAL,False,240223,643516,-403293,-20.728038074875105,-33692.0,-0.5466353002280703,-0.8183401013379438,34.61538461538461,NET_SHORT,NEUTRAL,False,216391,588585,-372194,-19.129643716206495,7175.0,-0.06004589497598633,-0.272321676439975,69.23076923076923,NET_SHORT,NEUTRAL,False,23255,69175,-45920,339696,227082,112614,-917296.0,52,26,True,True,False,False
13874A,E-MINI S&P 500,2008-07-01,2008-07-08,2128123,880290,172486,707804,33.259543738778255,-989.0,0.39890673319124126,0.4485142279120816,59.61538461538461,NET_LONG,NEUTRAL,False,291810,664736,-372926,-17.523705161778715,30367.0,-0.17890441879661617,-0.14643263708013637,57.692307692307686,NET_SHORT,NEUTRAL,False,240810,704504,-463694,-21.788872165753578,-91500.0,-0.46986254537355443,-0.5320493014206883,34.61538461538461,NET_SHORT,NEUTRAL,False,45524,62759,-17235,360921,214870,146051,182483.0,52,26,True,True,False,False
13874A,E-MINI S&P 500,2008-07-08,2008-07-15,2305626,904631,224631,680000,29.493074765811976,-27804.0,0.13351324506577464,-0.21429531156985152,48.07692307692308,NET_LONG,NEUTRAL,False,333925,727546,-393621,-17.07219644469658,-20695.0,-0.4167142594247639,-0.0701311692621748,44.230769230769226,NET_SHORT,NEUTRAL,False,296464,816359,-519895,-22.548973684370317,-56201.0,-0.7078200929517503,-0.5841352038679659,17.307692307692307,NET_SHORT,LOW,False,43898,56063,-12165,425166,179485,245681,177503.0,52,26,True,True,False,False
13874A,E-MINI S&P 500,2008-07-15,2008-07-22,2551139,903046,262093,640953,25.12418962667263,-39047.0,-0.23510303010693984,-0.9629017352190203,40.38461538461539,NET_LONG,NEUTRAL,False,426481,726412,-299931,-11.756748652268653,93690.0,0.6654283814366722,1.0448871369410972,78.84615384615384,NET_SHORT,HIGH,False,330372,965591,-635219,-24.89942727542482,-115324.0,-1.2220648079713137,-0.8059349924866365,5.769230769230769,NET_SHORT,LOW,False,54746,62780,-8034,503462,201231,302231,245513.0,52,26,True,True,False,False
13874A,E-MINI S&P 500,2008-07-22,2008-07-29,2435264,903907,269336,634571,26.05758554308691,-6382.0,-0.3044574273565829,-0.7743072975131288,38.46153846153847,NET_LONG,NEUTRAL,False,369868,802684,-432816,-17.772857480749522,-132885.0,-0.8902625473612468,-0.30038209845632047,9.615384615384617,NET_SHORT,LOW,False,274105,766193,-492088,-20.206761977346194,143131.0,-0.4948468380784749,-0.2635176213724213,28.846153846153843,NET_SHORT,NEUTRAL,False,64797,67811,-3014,484429,191082,293347,-115875.0,52,26,True,True,False,False
13874A,E-MINI S&P 500,2008-07-29,2008-08-05,2488058,889724,247064,642660,25.82978371082989,8089.0,-0.2600691452490907,-0.815092169161982,40.38461538461539,NET_LONG,NEUTRAL,False,396700,787354,-390654,-15.701161307332868,42162.0,-0.40745670685069696,0.13854536151426097,46.15384615384615,NET_SHORT,NEUTRAL,False,280678,815956,-535278,-21.513887537991476,-43190.0,-0.6813511961361773,-0.37827987416316067,15.384615384615385,NET_SHORT,LOW,False,59995,68073,-8078,483879,192529,291350,52794.0,52,26,True,True,False,False
13874A,E-MINI S&P 500,2008-08-05,2008-08-12,2492891,879879,219007,660872,26.510264588383524,18212.0,-0.12464423069315458,-0.7125570852357459,42.30769230769231,NET_LONG,NEUTRAL,False,402443,759289,-356846,-14.314544839706189,33808.0,-0.0214043140247813,0.43159759146127036,69.23076923076923,NET_SHORT,NEUTRAL,False,287877,855303,-567426,-22.761765355966226,-32148.0,-0.8227049971733007,-0.49378128823978645,11.538461538461538,NET_SHORT,LOW,False,65921,67167,-1246,465709,201063,264646,4833.0,52,26,True,True,False,False
13874A,E-MINI S&P 500,2008-08-12,2008-08-19,2464192,862711,187455,675256,27.40273485182973,14384.0,-0.026358225286826003,-0.581978450429369,46.15384615384615,NET_LONG,NEUTRAL,False,382212,727864,-345652,-14.026991403267278,11194.0,0.10092088572061017,0.47784532575225425,71.15384615384616,NET_SHORT,NEUTRAL,False,279585,881232,-601647,-24.415589369659507,-34221.0,-0.9862145214093837,-0.6716175734185938,11.538461538461538,NET_SHORT,LOW,False,68278,63588,4690,479720,212367,267353,-28699.0,52,26,True,True,False,False
13874A,E-MINI S&P 500,2008-08-19,2008-08-26,2480117,855192,138465,716727,28.898918881649532,41471.0,0.345603523020136,-0.34311287568997667,63.46153846153846,NET_LONG,NEUTRAL,False,408969,783516,-374547,-15.101989140028474,-28895.0,-0.2390936815226645,0.2232867326224999,53.84615384615385,NET_SHORT,NEUTRAL,False,276074,871257,-595183,-23.998182343816843,6464.0,-0.9277709590073276,-0.5913697372068412,13.461538461538462,NET_SHORT,LOW,False,57106,57151,-45,455839,202791,253048,15925.0,52,26,True,True,False,False
13874A,E-MINI S&P 500,2008-08-26,2008-09-02,2444920,868008,148286,719722,29.43744580599774,2995.0,0.343528836423769,-0.27346344592808247,63.46153846153846,NET_LONG,NEUTRAL,False,396512,749577,-353065,-14.440758797833874,21482.0,0.012526903165877797,0.36098848066148503,67.3076923076923,NET_SHORT,NEUTRAL,False,276947,859265,-582318,-23.81746642016917,12865.0,-0.8285410279402101,-0.5387704297586001,15.384615384615385,NET_SHORT,LOW,False,45878,61876,-15998,434021,202362,231659,-35197.0,52,26,True,True,False,False
13874A,E-MINI S&P 500,2008-09-02,2008-09-09,2459817,817529,131272,686257,27.898701407462422,-33465.0,-0.06669573044506874,-0.6045486486901056,44.230769230769226,NET_LONG,NEUTRAL,False,437671,775062,-337391,-13.716101644959766,15674.0,0.18824271536871207,0.5056744394150653,73.07692307692307,NET_SHORT,NEUTRAL,False,286677,854286,-567609,-23.075253159076468,14709.0,-0.733054719748539,-0.40597845608559835,17.307692307692307,NET_SHORT,LOW,False,48132,64858,-16726,443255,207786,235469,14897.0,52,26,True,True,False,False
13874A,E-MINI S&P 500,2008-09-09,2008-09-16,2584380,825858,150580,675278,26.12920700516178,-10979.0,-0.25773494014329257,-1.0019618422094991,40.38461538461539,NET_LONG,NEUTRAL,False,498677,795342,-296665,-11.479155542141635,40726.0,0.6455452712438504,0.9781657739859373,78.84615384615384,NET_SHORT,HIGH,False,306221,917102,-610881,-23.637429480184803,-43272.0,-1.1062369059245805,-0.5001109232593188,11.538461538461538,NET_SHORT,LOW,False,66016,56524,9492,428566,205790,222776,124563.0,52,26,True,True,False,False
13874A,E-MINI S&P 500,2008-09-16,2008-09-23,3205598,805972,215490,590482,18.42033842047568,-84796.0,-1.373715659074031,-2.5668074963523315,7.6923076923076925,NET_LONG,LOW,False,650147,733830,-83683,-2.610526959400399,212982.0,2.857030458386418,2.7088025952585046,98.07692307692307,NET_SHORT,EXTREME_HIGH,True,309690,1000387,-690697,-21.54658818728986,-79816.0,-2.1381768545520177,0.016249616082109394,3.8461538461538463,NET_SHORT,EXTREME_LOW,True,56335,80950,-24615,452230,243717,208513,621218.0,52,26,True,True,False,False
13874A,E-MINI S&P 500,2008-09-23,2008-09-30,2266433,851939,214900,637039,28.107559323394955,46557.0,-0.8463808712628302,-0.6061645043852796,25.0,NET_LONG,LOW,False,361987,588563,-226576,-9.997030576240286,-142893.0,1.2447455041892839,1.1214668504662764,84.61538461538461,NET_SHORT,HIGH,False,276915,795566,-518651,-22.88402083803051,172046.0,-0.28047576505373983,-0.33848600404530044,36.53846153846153,NET_SHORT,NEUTRAL,False,44844,69464,-24620,438533,305725,132808,-939165.0,52,26,True,True,False,False
13874A,E-MINI S&P 500,2008-09-30,2008-10-07,2565210,885961,243914,642047,25.029022964981422,5008.0,-0.8410779040829105,-1.1960163368142036,26.923076923076923,NET_LONG,NEUTRAL,False,452302,633233,-180931,-7.053262695841667,45645.0,1.653093563872494,1.65297787327464,92.3076923076923,NET_SHORT,HIGH,False,264140,926017,-661877,-25.802059090678735,-143226.0,-1.773533681378287,-1.123996221561733,7.6923076923076925,NET_SHORT,LOW,False,56917,70925,-14008,545986,331217,214769,298777.0,52,26,True,True,False,False
13874A,E-MINI S&P 500,2008-10-07,2008-10-14,2894010,833114,314149,518965,17.932384476902293,-123082.0,-2.486895613911171,-2.4175439618220977,1.9230769230769231,NET_LONG,EXTREME_LOW,True,656534,716348,-59814,-2.066820778089917,121117.0,2.6598915816375324,2.4636017472248217,100.0,NET_SHORT,EXTREME_HIGH,True,339670,1200976,-861306,-29.76168016005473,-199429.0,-3.4317629384288235,-2.1016928679017663,1.9230769230769231,NET_SHORT,EXTREME_LOW,True,65482,66775,-1293,585715,182267,403448,328800.0,52,26,True,True,False,False
13874A,E-MINI S&P 500,2008-10-14,2008-10-21,3189495,929222,319436,609786,19.118575197641004,90821.0,-1.2563987395634753,-2.0648864799050988,7.6923076923076925,NET_LONG,LOW,False,682301,781141,-98840,-3.098923183764201,-39026.0,2.1294161962439655,2.117868175954807,94.23076923076923,NET_SHORT,HIGH,False,379920,1287975,-908055,-28.470181016116967,-46749.0,-3.3681753782564225,-1.666648942773365,1.9230769230769231,NET_SHORT,EXTREME_LOW,True,58693,68852,-10159,743988,336720,407268,295485.0,52,26,True,True,False,False
13874A,E-MINI S&P 500,2008-10-21,2008-10-28,3023160,952688,335799,616889,20.405436695378345,7103.0,-1.1669470947103953,-1.744528819362625,11.538461538461538,NET_LONG,LOW,False,617924,678581,-60657,-2.00641051085619,38183.0,2.3084100147262956,2.1785192765381436,98.07692307692307,NET_SHORT,EXTREME_HIGH,True,358488,1308005,-949517,-31.408096164278437,-41462.0,-3.2753855115153074,-2.272803231230795,1.9230769230769231,NET_SHORT,EXTREME_LOW,True,59452,83979,-24527,614592,196780,417812,-166335.0,52,26,True,True,False,False
13874A,E-MINI S&P 500,2008-10-28,2008-11-04,3062115,980184,394166,586018,19.137687513369027,-30871.0,-1.5636073679020523,-1.8602519530160122,3.8461538461538463,NET_LONG,EXTREME_LOW,True,606934,600807,6127,0.20009046035175032,66784.0,2.65234409096246,2.3964804747406805,100.0,NET_LONG,EXTREME_HIGH,True,378032,1301459,-923427,-30.15650947139477,26090.0,-2.7794439666521478,-1.8492009447108224,3.8461538461538463,NET_SHORT,EXTREME_LOW,True,53248,69953,-16705,580989,233002,347987,38955.0,52,26,True,True,False,False
13874A,E-MINI S&P 500,2008-11-04,2008-11-11,2896273,1020655,308336,712319,24.59433209507529,126301.0,0.13072061621771694,-0.9162269567267151,57.692307692307686,NET_LONG,NEUTRAL,False,575793,519812,55981,1.9328633730314786,49854.0,2.7972185798392166,2.5136040163747877,100.0,NET_LONG,EXTREME_HIGH,True,363347,1353231,-989884,-34.17785547149734,-66457.0,-2.943984680919408,-2.6089008874672928,1.9230769230769231,NET_SHORT,EXTREME_LOW,True,54356,76761,-22405,451455,207466,243989,-165842.0,52,26,True,True,False,False
13874A,E-MINI S&P 500,2008-11-11,2008-11-18,3042768,1007400,332793,674607,22.170832610307457,-37712.0,-0.40027080550982375,-1.2718105730439684,34.61538461538461,NET_LONG,NEUTRAL,False,628455,626490,1965,0.06457935669101292,-54016.0,2.215306334372501,2.0749056630323848,96.15384615384616,NET_LONG,EXTREME_HIGH,True,440660,1347423,-906763,-29.800596036240684,83121.0,-2.227953173221846,-1.5226895876999982,9.615384615384617,NET_SHORT,LOW,False,62656,71907,-9251,428995,189553,239442,146495.0,52,26,True,True,False,False
13874A,E-MINI S&P 500,2008-11-18,2008-11-25,3199331,1101786,385477,716309,22.389337020770906,41702.0,0.15496817661558912,-1.1965394540860974,59.61538461538461,NET_LONG,NEUTRAL,False,643958,565471,78487,2.4532316287373828,76522.0,2.5564770458818025,2.2875700635876655,100.0,NET_LONG,EXTREME_HIGH,True,465609,1438410,-972801,-30.40638808550913,-66038.0,-2.4471967010956197,-1.583108704170054,3.8461538461538463,NET_SHORT,EXTREME_LOW,True,62000,101055,-39055,450596,233536,217060,156563.0,52,26,True,True,False,False
13874A,E-MINI S&P 500,2008-11-25,2008-12-02,3253752,1167547,412718,754829,23.198725655796753,38520.0,0.6650158363836975,-1.0324905204997055,78.84615384615384,NET_LONG,HIGH,False,668951,496391,172560,5.303415871891896,94073.0,2.888793256359424,2.5046778137303876,100.0,NET_LONG,EXTREME_HIGH,True,476548,1502841,-1026293,-31.54183232157829,-53492.0,-2.5413774025895903,-1.7420917977726942,1.9230769230769231,NET_SHORT,EXTREME_LOW,True,69744,120805,-51061,341241,191276,149965,54421.0,52,26,True,True,False,False
13874A,E-MINI S&P 500,2008-12-02,2008-12-09,3227862,1221829,442847,778982,24.13306392900316,24153.0,0.9647862571713091,-0.8640650249460397,78.84615384615384,NET_LONG,HIGH,False,658129,481160,176969,5.4825454124123025,4409.0,2.6642232229983307,2.3535260971627,100.0,NET_LONG,EXTREME_HIGH,True,453127,1495175,-1042048,-32.28291667983328,-15755.0,-2.4311953208414963,-1.8040845615806613,1.9230769230769231,NET_SHORT,EXTREME_LOW,True,69263,115385,-46122,298240,166021,132219,-25890.0,52,26,True,True,False,False
13874A,E-MINI S&P 500,2008-12-09,2008-12-16,3147959,1203070,484624,718446,22.822597117688,-60536.0,0.08715230102862727,-1.0537030200088517,57.692307692307686,NET_LONG,NEUTRAL,False,667606,424206,243400,7.7319939681552405,66431.0,2.782567724266271,2.4596756787111027,100.0,NET_LONG,EXTREME_HIGH,True,483143,1471406,-988263,-31.393769740965492,53785.0,-2.012734029118819,-1.5460701587816625,7.6923076923076925,NET_SHORT,LOW,False,54971,57734,-2763,219989,190809,29180,-79903.0,52,26,True,True,False,False
13874A,E-MINI S&P 500,2008-12-16,2008-12-23,3814544,1323683,460204,863479,22.636493379025122,145033.0,2.0308061831160917,-1.0724343546375084,98.07692307692307,NET_LONG,EXTREME_HIGH,True,729644,420342,309302,8.108492129072308,65902.0,2.837594451931796,2.3247944401600296,100.0,NET_LONG,EXTREME_HIGH,True,479476,1584927,-1105451,-28.979899039046348,-117188.0,-2.4250832314982462,-1.0044698606198945,1.9230769230769231,NET_SHORT,EXTREME_LOW,True,50699,57188,-6489,230018,290859,-60841,666585.0,52,26,True,True,False,False
13874A,E-MINI S&P 500,2008-12-22,2008-12-29,2276969,1273215,457399,815816,35.829034123872574,-47663.0,1.317942120013162,1.0121416020379534,94.23076923076923,NET_LONG,HIGH,False,421600,239738,181862,7.987021342846565,-127440.0,2.0454285436537187,2.1563161608891614,96.15384615384616,NET_LONG,EXTREME_HIGH,True,146697,1223770,-1077073,-47.30292770784319,28378.0,-2.1365821052704645,-4.000591070702122,3.8461538461538463,NET_SHORT,EXTREME_LOW,True,43053,40333,2720,227547,150872,76675,-1537575.0,52,26,True,True,False,False
13874A,E-MINI S&P 500,2008-12-30,2009-01-06,2307779,1282661,468342,814319,35.28583109561184,-1497.0,1.24760677346739,0.9588616480949526,92.3076923076923,NET_LONG,HIGH,False,418906,250488,168418,7.297839177841553,-13444.0,1.8739296238126788,1.9536542587922534,90.38461538461539,NET_LONG,HIGH,False,148427,1259817,-1111390,-48.1584241818649,-34317.0,-2.151083429493144,-3.542382605827411,1.9230769230769231,NET_SHORT,EXTREME_LOW,True,47380,26052,21328,238487,131162,107325,30810.0,52,26,True,True,False,False
13874A,E-MINI S&P 500,2009-01-06,2009-01-13,2411321,1404003,435257,968746,40.17490827641778,154427.0,2.9586281459243535,1.6987111803099597,100.0,NET_LONG,EXTREME_HIGH,True,390454,329990,60464,2.507505222241253,-107954.0,1.303652987599809,1.3503545597073885,86.53846153846155,NET_LONG,HIGH,False,157280,1295760,-1138480,-47.21395450875267,-27090.0,-2.127407769404831,-3.0187345961324668,1.9230769230769231,NET_SHORT,EXTREME_LOW,True,45117,29565,15552,241209,147491,93718,103542.0,52,26,True,True,False,False
13874A,E-MINI S&P 500,2009-01-13,2009-01-20,2438899,1381675,537427,844248,34.61594760586642,-124498.0,1.382714329302067,0.813988755972744,94.23076923076923,NET_LONG,HIGH,False,483261,353197,130064,5.332898164294626,69600.0,1.5646407235835706,1.5949828095554348,88.46153846153845,NET_LONG,HIGH,False,157268,1156698,-999430,-40.97873671685461,139050.0,-1.4532319869508699,-2.0346801171382896,13.461538461538462,NET_SHORT,LOW,False,43620,32787,10833,183039,168754,14285,27578.0,52,26,True,True,False,False
13874A,E-MINI S&P 500,2009-01-20,2009-01-27,2565182,1393190,634094,759096,29.59228623933896,-85152.0,0.34909489331363946,0.016392364675913425,67.3076923076923,NET_LONG,NEUTRAL,False,541088,399233,141855,5.530016973454515,11791.0,1.5672253648770973,1.5674089528758595,88.46153846153845,NET_LONG,HIGH,False,190391,1036993,-846602,-33.00358415114405,152828.0,-0.7806795917853798,-0.9498156890132562,30.76923076923077,NET_SHORT,NEUTRAL,False,43995,51838,-7843,193352,239858,-46506,126283.0,52,26,True,True,False,False
13874A,E-MINI S&P 500,2009-01-27,2009-02-03,2620436,1428816,594576,834240,31.835923487541766,75144.0,1.2285170655014825,0.3754893021509981,90.38461538461539,NET_LONG,HIGH,False,557081,361313,195768,7.470817833368187,53913.0,1.7274181123239167,1.6968594148682927,96.15384615384616,NET_LONG,EXTREME_HIGH,True,186297,1146865,-960568,-36.656800624018295,-113966.0,-1.2267387026287118,-1.3879588889904027,21.153846153846153,NET_SHORT,LOW,False,36653,44406,-7753,181148,242835,-61687,55254.0,52,26,True,True,False,False
13874A,E-MINI S&P 500,2009-02-03,2009-02-10,2681609,1366643,563166,803477,29.962496396752847,-30763.0,0.8562742085664885,0.083965370545946,80.76923076923077,NET_LONG,HIGH,False,593815,368439,225376,8.404506398956746,29608.0,1.7642177604165619,1.7092666880850444,96.15384615384616,NET_LONG,EXTREME_HIGH,True,210731,1106288,-895557,-33.39625575540655,65011.0,-0.92305372511761,-0.9340466974342438,30.76923076923077,NET_SHORT,NEUTRAL,False,37267,49142,-11875,200220,321641,-121421,61173.0,52,26,True,True,False,False
13874A,E-MINI S&P 500,2009-02-10,2009-02-17,2746341,1355799,551989,803810,29.268397478681635,333.0,0.8406704595005257,-0.02356235393321713,80.76923076923077,NET_LONG,HIGH,False,603382,522931,80451,2.9293885937689454,-144925.0,1.107080206937307,1.115346943137511,80.76923076923077,NET_LONG,HIGH,False,266913,1016754,-749841,-27.30327370126288,145716.0,-0.2988945318932373,-0.1356032459319594,36.53846153846153,NET_SHORT,NEUTRAL,False,41293,46870,-5577,180972,309815,-128843,64732.0,52,26,True,True,False,False
13874A,E-MINI S&P 500,2009-02-17,2009-02-24,3047503,1341792,600248,741544,24.33283904888691,-62266.0,0.10910190247321537,-0.7797026995147397,57.692307692307686,NET_LONG,NEUTRAL,False,678614,535230,143384,4.70496665630846,62933.0,1.3155467986899132,1.2417956428212498,84.61538461538461,NET_LONG,HIGH,False,419477,1066489,-647012,-21.23088968247119,102829.0,0.14455038921549437,0.6513099443149389,42.30769230769231,NET_SHORT,NEUTRAL,False,43901,60531,-16630,242781,464067,-221286,301162.0,52,26,True,True,False,False
13874A,E-MINI S&P 500,2009-02-24,2009-03-03,3099079,1361051,614931,746120,24.075539862004163,4576.0,0.15765895751318731,-0.7956457843146006,59.61538461538461,NET_LONG,NEUTRAL,False,712843,552928,159915,5.160081430644395,16531.0,1.3270226919748718,1.2356907305478204,84.61538461538461,NET_LONG,HIGH,False,385226,1067744,-682518,-22.02325271475816,-35506.0,0.012374743378534121,0.5559964023586603,40.38461538461539,NET_SHORT,NEUTRAL,False,43511,70668,-27157,255178,451538,-196360,51576.0,52,26,True,True,False,False
13874A,E-MINI S&P 500,2009-03-03,2009-03-10,3306527,1405343,664568,740775,22.40341603138278,-5345.0,0.09144810069517725,-1.0235445796811857,53.84615384615385,NET_LONG,NEUTRAL,False,792682,602184,190498,5.761271569837477,30583.0,1.3910571925669641,1.244148292815177,92.3076923076923,NET_LONG,HIGH,False,441499,1100341,-658842,-19.925498869357487,23676.0,0.13336480677836213,0.8384595180385118,44.230769230769226,NET_SHORT,NEUTRAL,False,47722,65424,-17702,223438,478167,-254729,207448.0,52,26,True,True,False,False
13874A,E-MINI S&P 500,2009-03-10,2009-03-17,3582979,1351572,714743,636829,17.77372962554344,-103946.0,-1.1013446623368761,-1.6627651614996832,13.461538461538462,NET_LONG,LOW,False,858666,651025,207641,5.795205609633771,17143.0,1.3980498281445528,1.199846889722508,94.23076923076923,NET_LONG,HIGH,False,568519,1043664,-475145,-13.261171779125695,183697.0,0.9339525407797882,1.682809103745304,86.53846153846155,NET_SHORT,HIGH,False,38317,72913,-34596,254860,589589,-334729,276452.0,52,26,True,True,False,False
13874A,E-MINI S&P 500,2009-03-17,2009-03-24,3929370,1451848,724713,727135,18.505129320985297,90306.0,-0.04715299277129626,-1.507976038350066,50.0,NET_LONG,NEUTRAL,False,824103,732744,91359,2.325029203154704,-116282.0,0.9097420003116548,0.8491247855907349,73.07692307692307,NET_LONG,NEUTRAL,False,506025,1020293,-514268,-13.087797789467523,-39123.0,0.7634112099397067,1.6720879682482581,75.0,NET_SHORT,HIGH,False,31859,68858,-36999,198589,465816,-267227,346391.0,52,26,True,True,False,False
13874A,E-MINI S&P 500,2009-03-24,2009-03-31,2428148,1396023,620102,775921,31.955259728813896,48786.0,0.5268077583571239,0.5101456185835128,67.3076923076923,NET_LONG,NEUTRAL,False,317499,563947,-246448,-10.149628441099965,-337807.0,-0.4372072163468985,-0.355074207663102,48.07692307692308,NET_SHORT,NEUTRAL,False,237994,699534,-461540,-19.007902318969023,52728.0,0.9874178601697859,0.9011855876596104,90.38461538461539,NET_SHORT,HIGH,False,37352,64277,-26925,157767,198775,-41008,-1501222.0,52,26,True,True,False,False
13874A,E-MINI S&P 500,2009-03-31,2009-04-07,2439953,1361059,657750,703309,28.824694574034826,-72612.0,-0.29389238023846337,0.07198915221006201,36.53846153846153,NET_LONG,NEUTRAL,False,363804,535750,-171946,-7.047102956491375,74502.0,-0.16271788840214582,-0.08282706931623784,51.92307692307693,NET_SHORT,NEUTRAL,False,205956,628511,-422555,-17.318161456388708,38985.0,1.1391863208335846,1.0853316806062183,92.3076923076923,NET_SHORT,HIGH,False,31946,58357,-26411,181343,263740,-82397,11805.0,52,26,True,True,False,False
13874A,E-MINI S&P 500,2009-04-07,2009-04-14,2412590,1327229,660682,666547,27.62786051504814,-36762.0,-0.702450653094297,-0.07103902360422906,25.0,NET_LONG,LOW,False,344353,549103,-204750,-8.486730028724317,-32804.0,-0.3173028819520893,-0.25177581221196793,48.07692307692308,NET_SHORT,NEUTRAL,False,254421,635658,-381237,-15.801980444252855,41318.0,1.2829246896242468,1.2296393406091413,94.23076923076923,NET_SHORT,HIGH,False,31278,58976,-27698,165005,217867,-52862,-27363.0,52,26,True,True,False,False
13874A,E-MINI S&P 500,2009-04-14,2009-04-21,2454936,1330380,651807,678573,27.64116864961042,12026.0,-0.5304127776218924,-0.035650117406543315,32.69230769230769,NET_LONG,NEUTRAL,False,358123,593737,-235614,-9.597561810165315,-30864.0,-0.45818294046085495,-0.3848908184314708,44.230769230769226,NET_SHORT,NEUTRAL,False,257392,590788,-333396,-13.580639169412157,47841.0,1.4465885530595735,1.4451556181837055,100.0,NET_SHORT,EXTREME_HIGH,True,35351,66708,-31357,164278,242484,-78206,42346.0,52,26,True,True,False,False
13874A,E-MINI S&P 500,2009-04-21,2009-04-28,2511152,1334893,690311,644582,25.668776720803837,-33991.0,-0.9154040037845506,-0.33730154013486696,23.076923076923077,NET_LONG,LOW,False,367567,565647,-198080,-7.888013150936303,37534.0,-0.32351839992787657,-0.2393870758284736,48.07692307692308,NET_SHORT,NEUTRAL,False,247586,559421,-311835,-12.41800575990621,21561.0,1.4981445973095293,1.5239315928582116,100.0,NET_SHORT,EXTREME_HIGH,True,42325,67325,-25000,172346,282013,-109667,56216.0,52,26,True,True,False,False
13874A,E-MINI S&P 500,2009-04-28,2009-05-05,2616834,1429061,644318,784743,29.988260623333385,140161.0,0.8140478745127279,0.4544983594027979,78.84615384615384,NET_LONG,HIGH,False,369418,627393,-257975,-9.85828676943207,-59895.0,-0.5935144805197368,-0.47327683429781753,38.46153846153847,NET_SHORT,NEUTRAL,False,267487,610023,-342536,-13.089710696207707,-30701.0,1.3459765786320972,1.3950874571693193,96.15384615384616,NET_SHORT,EXTREME_HIGH,True,35109,82516,-47407,169836,306661,-136825,105682.0,52,26,True,True,False,False
13874A,E-MINI S&P 500,2009-05-05,2009-05-12,2629788,1393336,573066,820270,31.191487678854724,35527.0,1.2346466286004372,0.7091344273918212,92.3076923076923,NET_LONG,HIGH,False,358078,711795,-353717,-13.45039980409067,-95742.0,-0.9956891511152238,-0.8618071504865583,26.923076923076923,NET_SHORT,NEUTRAL,False,295445,617894,-322449,-12.261406622891274,20087.0,1.3900975765577332,1.4338377300618899,98.07692307692307,NET_SHORT,EXTREME_HIGH,True,41090,91818,-50728,182107,275483,-93376,12954.0,52,26,True,True,False,False
13874A,E-MINI S&P 500,2009-05-12,2009-05-19,2645720,1420314,565261,855053,32.31834812451809,34783.0,1.6271613580489375,0.9664936059391114,96.15384615384616,NET_LONG,EXTREME_HIGH,True,384002,715324,-331322,-12.522942715026533,22395.0,-0.9116077751812472,-0.786788273349497,32.69230769230769,NET_SHORT,NEUTRAL,False,239819,640804,-400985,-15.155987784043662,-78536.0,1.0652481013226478,1.0771039807383003,84.61538461538461,NET_SHORT,HIGH,False,45227,81982,-36755,193250,279241,-85991,15932.0,52,26,True,True,False,False
13874A,E-MINI S&P 500,2009-05-19,2009-05-26,2700135,1430266,570894,859372,31.827001242530468,4319.0,1.6425919187560374,0.9104521507512081,96.15384615384616,NET_LONG,EXTREME_HIGH,True,412157,734752,-322595,-11.947365594683228,8727.0,-0.892041751053628,-0.7532701306934677,32.69230769230769,NET_SHORT,NEUTRAL,False,254837,649816,-394979,-14.628120445829559,6006.0,1.0786209644597935,1.1115623547523736,84.61538461538461,NET_SHORT,HIGH,False,39230,83583,-44353,182841,280286,-97445,54415.0,52,26,True,True,False,False
13874A,E-MINI S&P 500,2009-05-26,2009-06-02,2736726,1429536,554032,875504,31.99092638430007,16132.0,1.7502148635971857,0.9455834570886757,98.07692307692307,NET_LONG,EXTREME_HIGH,True,397509,736629,-339120,-12.391448760307023,-16525.0,-0.976881627849508,-0.8260626377631595,26.923076923076923,NET_SHORT,NEUTRAL,False,249519,625698,-376179,-13.745585053088982,18800.0,1.1440872372370605,1.1875286322030354,88.46153846153845,NET_SHORT,HIGH,False,40888,88426,-47538,193177,305844,-112667,36591.0,52,26,True,True,False,False
13874A,E-MINI S&P 500,2009-06-02,2009-06-09,2757744,1467784,514546,953238,34.56586253111239,77734.0,2.4428345865052155,1.416125683315502,98.07692307692307,NET_LONG,EXTREME_HIGH,True,408840,753331,-344491,-12.491768634071908,-5371.0,-1.0094346085131427,-0.8554780619911928,25.0,NET_SHORT,LOW,False,240978,661174,-420196,-15.23694730185253,-44017.0,0.9740420545530508,1.0155741425230373,78.84615384615384,NET_SHORT,HIGH,False,51414,90450,-39036,173030,322545,-149515,21018.0,52,26,True,True,False,False
13874A,E-MINI S&P 500,2009-06-09,2009-06-16,2815342,1431280,485483,945797,33.59439101892416,-7441.0,2.2045908713249576,1.2016008418841329,96.15384615384616,NET_LONG,EXTREME_HIGH,True,404125,768138,-364013,-12.9296192078973,-19522.0,-1.0977256769615675,-0.9160127951136251,15.384615384615385,NET_SHORT,LOW,False,254166,683403,-429237,-15.246353728960816,-9041.0,0.9494666029656289,1.0173941995887748,76.92307692307693,NET_SHORT,HIGH,False,53216,73825,-20609,182761,314699,-131938,57598.0,52,26,True,True,False,False
13874A,E-MINI S&P 500,2009-06-16,2009-06-23,3243222,1407689,536808,870881,26.85234004949399,-74916.0,1.3731181872019431,-0.08767014237750338,92.3076923076923,NET_LONG,HIGH,False,426317,736663,-310346,-9.56906434403812,53667.0,-0.8739086136896713,-0.5474480697077462,32.69230769230769,NET_SHORT,NEUTRAL,False,311648,736016,-424368,-13.08476570521537,4869.0,0.9756520715686637,1.2538109984715775,78.84615384615384,NET_SHORT,HIGH,False,51278,75530,-24252,209660,321575,-111915,427880.0,52,26,True,True,False,False
13874A,E-MINI S&P 500,2009-06-23,2009-06-30,2303107,1387126,619840,767286,33.31525630376704,-103595.0,0.3119580330513898,1.1735448745727035,65.38461538461539,NET_LONG,NEUTRAL,False,306149,480330,-174181,-7.562870504930948,136165.0,-0.30345977770035826,-0.3601871049918338,50.0,NET_SHORT,NEUTRAL,False,179591,652274,-472683,-20.52370992750228,-48315.0,0.7978602338288342,0.4410740432011118,73.07692307692307,NET_SHORT,NEUTRAL,False,37932,60994,-23062,167591,264951,-97360,-940115.0,52,26,True,True,False,False
13874A,E-MINI S&P 500,2009-06-30,2009-07-07,2330177,1391412,611661,779751,33.46316610283253,12465.0,0.42381740194051903,1.2003443553301023,69.23076923076923,NET_LONG,NEUTRAL,False,310182,526862,-216680,-9.29886442102896,-42499.0,-0.510936502386961,-0.5934341158665363,42.30769230769231,NET_SHORT,NEUTRAL,False,212423,607199,-394776,-16.941888963799745,77907.0,1.0981137439530624,0.8197784427806791,88.46153846153845,NET_SHORT,HIGH,False,37487,55663,-18176,148662,298781,-150119,27070.0,52,26,True,True,False,False
13874A,E-MINI S&P 500,2009-07-07,2009-07-14,2411917,1378251,643648,734603,30.45722551812521,-45148.0,-0.04388421577697829,0.6142313980523114,51.92307692307693,NET_LONG,NEUTRAL,False,325343,618008,-292665,-12.134124018363817,-75985.0,-0.8685191245217678,-0.9565195858896227,32.69230769230769,NET_SHORT,NEUTRAL,False,267928,571987,-304059,-12.60652833410105,90717.0,1.4184036736223573,1.2534150096574623,100.0,NET_SHORT,EXTREME_HIGH,True,32182,54657,-22475,166106,281510,-115404,81740.0,52,26,True,True,False,False
13874A,E-MINI S&P 500,2009-07-14,2009-07-21,2401740,1382854,639752,743102,30.940151723333916,8499.0,0.02269366985189041,0.6838723170968525,55.769230769230774,NET_LONG,NEUTRAL,False,341653,610700,-269047,-11.202170093348988,23618.0,-0.766027498819967,-0.8459818732814722,32.69230769230769,NET_SHORT,NEUTRAL,False,247221,547071,-299850,-12.484698593519699,4209.0,1.3831636212684215,1.2225718895530284,100.0,NET_SHORT,EXTREME_HIGH,True,32618,58993,-26375,154597,302427,-147830,-10177.0,52,26,True,True,False,False
13874A,E-MINI S&P 500,2009-07-21,2009-07-28,2420483,1378402,594451,783951,32.38820516401065,40849.0,0.41630537391025085,0.9317375115434791,69.23076923076923,NET_LONG,NEUTRAL,False,336080,626685,-290605,-12.006074820603988,-21558.0,-0.8894841088977822,-0.9739766360155364,30.76923076923077,NET_SHORT,NEUTRAL,False,213636,561867,-348231,-14.386839320912395,-48381.0,1.1756379771503995,1.0006409972776857,88.46153846153845,NET_SHORT,HIGH,False,38808,63272,-24464,164882,285533,-120651,18743.0,52,26,True,True,False,False
13874A,E-MINI S&P 500,2009-07-28,2009-08-04,2503699,1420192,577851,842341,33.643860543939184,58390.0,0.982655968066294,1.1295767902494298,82.6923076923077,NET_LONG,HIGH,False,371433,571807,-200374,-8.00311858574054,90231.0,-0.49862692809761877,-0.5075540935137306,44.230769230769226,NET_SHORT,NEUTRAL,False,200929,751094,-550165,-21.974087140666672,-201934.0,0.4099288955067414,0.20370204660108354,59.61538461538461,NET_SHORT,NEUTRAL,False,35231,59514,-24283,173566,241085,-67519,83216.0,52,26,True,True,False,False
13874A,E-MINI S&P 500,2009-08-04,2009-08-11,2547131,1420538,561411,859127,33.72920356275355,16786.0,1.112441921257953,1.1064738381969716,86.53846153846155,NET_LONG,HIGH,False,356803,572557,-215754,-8.470471287106946,-15380.0,-0.5901001395963685,-0.5882041285265729,40.38461538461539,NET_SHORT,NEUTRAL,False,239403,756492,-517089,-20.300840435768713,33076.0,0.5310851444774556,0.3742668475408201,61.53846153846154,NET_SHORT,NEUTRAL,False,32845,78818,-45973,162629,242940,-80311,43432.0,52,26,True,True,False,False
13874A,E-MINI S&P 500,2009-08-11,2009-08-18,2595818,1432209,544582,887627,34.19450053894379,28500.0,1.348268571873517,1.1536206520888368,94.23076923076923,NET_LONG,HIGH,False,354644,595826,-241182,-9.29117526729532,-25428.0,-0.7266345489119113,-0.712544438225947,32.69230769230769,NET_SHORT,NEUTRAL,False,223397,810311,-586914,-22.609982672128787,-69825.0,0.2650315603862626,0.12800930571871508,51.92307692307693,NET_SHORT,NEUTRAL,False,40454,79636,-39182,211900,232249,-20349,48687.0,52,26,True,True,False,False
13874A,E-MINI S&P 500,2009-08-18,2009-08-25,2622199,1432388,528295,904093,34.47842821997873,16466.0,1.450895078061096,1.170467070271854,94.23076923076923,NET_LONG,HIGH,False,383646,627658,-244012,-9.305624782863543,-2830.0,-0.7618703250537665,-0.7404863428643254,30.76923076923077,NET_SHORT,NEUTRAL,False,240680,856978,-616298,-23.503097972350687,-29384.0,0.15516590296274732,0.03319224583353661,48.07692307692308,NET_SHORT,NEUTRAL,False,44587,82776,-38189,197266,202860,-5594,26381.0,52,26,True,True,False,False
13874A,E-MINI S&P 500,2009-08-25,2009-09-01,2651182,1388784,483091,905693,34.16185686233536,1600.0,1.405277887618422,1.0844199453843446,94.23076923076923,NET_LONG,HIGH,False,355975,650759,-294784,-11.118965050305864,-50772.0,-1.0193370765781928,-0.9961283293998247,19.230769230769234,NET_SHORT,LOW,False,288343,904883,-616540,-23.25528764151235,-242.0,0.15683102286322306,0.05808555377595585,48.07692307692308,NET_SHORT,NEUTRAL,False,48245,82766,-34521,221416,181264,40152,28983.0,52,26,True,True,False,False
13874A,E-MINI S&P 500,2009-09-01,2009-09-08,2673739,1412630,481132,931498,34.83877820535213,25805.0,1.581240326641745,1.1662244047656227,94.23076923076923,NET_LONG,HIGH,False,372694,627363,-254669,-9.524826469599313,40115.0,-0.8384747847626285,-0.8053011929460555,26.923076923076923,NET_SHORT,NEUTRAL,False,258962,876124,-617162,-23.082357702079374,-622.0,0.15823069896821917,0.07626455686057748,48.07692307692308,NET_SHORT,NEUTRAL,False,37630,78189,-40559,214146,233254,-19108,22557.0,52,26,True,True,False,False
13874A,E-MINI S&P 500,2009-09-08,2009-09-15,2688470,1371436,469043,902393,33.56529922223421,-29105.0,1.2489958730283606,0.908941084954998,88.46153846153845,NET_LONG,HIGH,False,383336,645524,-262188,-9.752312653665468,-7519.0,-0.8813969385112896,-0.8437341384589044,23.076923076923077,NET_SHORT,LOW,False,276805,831067,-554262,-20.616261293598217,62900.0,0.3926232043853476,0.3288527659796202,55.769230769230774,NET_SHORT,NEUTRAL,False,38589,82143,-43554,194788,237177,-42389,14731.0,52,26,True,True,False,False
13874A,E-MINI S&P 500,2009-09-15,2009-09-22,3084056,1377066,447282,929784,30.148090696148188,27391.0,1.4615405335265792,0.2757955359367305,92.3076923076923,NET_LONG,HIGH,False,405942,679917,-273975,-8.88359355342445,-11787.0,-0.9138395969437064,-0.7074921916744729,21.153846153846153,NET_SHORT,LOW,False,265525,847515,-581990,-18.870928413751244,-27728.0,0.27928763946841,0.505583762139539,53.84615384615385,NET_SHORT,NEUTRAL,False,52746,59704,-6958,235119,301980,-66861,395586.0,52,26,True,True,False,False
13874A,E-MINI S&P 500,2009-09-22,2009-09-29,2284722,1298801,405420,893381,39.1023940768286,-36403.0,1.0704521307428556,1.8027882562217434,84.61538461538461,NET_LONG,HIGH,False,316210,565858,-249648,-10.92684361598479,24327.0,-0.7916144831666256,-0.9759913173250581,30.76923076923077,NET_SHORT,NEUTRAL,False,185559,788162,-602603,-26.375331440761723,-20613.0,0.2076927591289765,-0.27307112647878967,51.92307692307693,NET_SHORT,NEUTRAL,False,51217,40915,10302,167242,218674,-51432,-799334.0,52,26,True,True,False,False
13874A,E-MINI S&P 500,2009-09-29,2009-10-06,2338950,1304635,383565,921070,39.379636161525475,27689.0,1.290203306899402,1.7554241102147206,90.38461538461539,NET_LONG,HIGH,False,366483,613441,-246958,-10.558498471536373,2690.0,-0.7693878888642515,-0.9122624648903978,32.69230769230769,NET_SHORT,NEUTRAL,False,187480,782141,-594661,-25.424271574851964,7942.0,0.23284564595649468,-0.1743271985238054,51.92307692307693,NET_SHORT,NEUTRAL,False,39710,46521,-6811,176823,249463,-72640,54228.0,52,26,True,True,False,False
13874A,E-MINI S&P 500,2009-10-06,2009-10-13,2334675,1280749,413749,867000,37.135789778020495,-54070.0,0.7469617369937545,1.3341916941644227,75.0,NET_LONG,HIGH,False,384449,625995,-241546,-10.346022465653677,5412.0,-0.7225392365040489,-0.857150926675026,38.46153846153847,NET_SHORT,NEUTRAL,False,182345,655541,-473196,-20.268174371165152,121465.0,0.6670466766240177,0.34717409383193526,65.38461538461539,NET_SHORT,NEUTRAL,False,42908,47955,-5047,167478,314689,-147211,-4275.0,52,26,True,True,False,False
13874A,E-MINI S&P 500,2009-10-13,2009-10-20,2323932,1284372,379132,905240,38.95294698812186,38240.0,1.1142693938216053,1.596490135321678,86.53846153846155,NET_LONG,HIGH,False,350369,636814,-286445,-12.325877005007031,-44899.0,-0.9145175281175624,-1.0818425470893147,21.153846153846153,NET_SHORT,LOW,False,191753,670182,-478429,-20.587048158035607,-5233.0,0.6193256237311021,0.2983105334941796,61.53846153846154,NET_SHORT,NEUTRAL,False,41646,47802,-6156,173637,307847,-134210,-10743.0,52,26,True,True,False,False
13874A,E-MINI S&P 500,2009-10-20,2009-10-27,2392419,1332785,371270,961515,40.19007540067187,56275.0,1.663836426046124,1.7420985176740351,98.07692307692307,NET_LONG,EXTREME_HIGH,True,337857,673656,-335799,-14.035961092099669,-49354.0,-1.1122909368585683,-1.2552369818899298,9.615384615384617,NET_SHORT,LOW,False,213540,699582,-486042,-20.31592292152838,-7613.0,0.562119591835201,0.3062309145608235,59.61538461538461,NET_SHORT,NEUTRAL,False,35320,57377,-22057,177145,294762,-117617,68487.0,52,26,True,True,False,False
13874A,E-MINI S&P 500,2009-10-27,2009-11-03,2472585,1337632,400333,937299,37.90765534855222,-24216.0,1.3840141226736995,1.3068260340215263,92.3076923076923,NET_LONG,HIGH,False,372022,675325,-303303,-12.266635929604037,32496.0,-0.9247082547984666,-0.9912383159708515,17.307692307692307,NET_SHORT,LOW,False,222126,714786,-492660,-19.924896414076766,-6618.0,0.5095937282661177,0.328173276699076,57.692307692307686,NET_SHORT,NEUTRAL,False,47156,57746,-10590,179603,310349,-130746,80166.0,52,26,True,True,False,False
13874A,E-MINI S&P 500,2009-11-03,2009-11-10,2531749,1369320,518234,851086,33.61652359692845,-86213.0,0.3880563902017601,0.5120388810435981,59.61538461538461,NET_LONG,NEUTRAL,False,420203,601999,-181796,-7.180648634600033,121507.0,-0.33267844145944836,-0.3231072409225933,59.61538461538461,NET_SHORT,NEUTRAL,False,219052,693727,-474675,-18.74889651383293,17985.0,0.5507736408402238,0.4267405963513263,63.46153846153846,NET_SHORT,NEUTRAL,False,31821,55038,-23217,170803,342201,-171398,59164.0,52,26,True,True,False,False
13874A,E-MINI S&P 500,2009-11-09,2009-11-16,2560834,1401079,380407,1020672,39.85701533172396,169586.0,2.192358141454045,1.5768063854582672,100.0,NET_LONG,EXTREME_HIGH,True,403393,622363,-218970,-8.550729957506032,-37174.0,-0.48866203280006365,-0.4779661543323026,50.0,NET_SHORT,NEUTRAL,False,227186,800126,-572940,-22.373179987457213,-98265.0,0.13611046353484046,0.021818463600754453,46.15384615384615,NET_SHORT,NEUTRAL,False,32119,61818,-29699,171630,370693,-199063,29085.0,52,26,True,True,False,False
13874A,E-MINI S&P 500,2009-11-17,2009-11-24,2606977,1386589,338049,1048540,40.22053128968917,27868.0,2.3310560615438223,1.5803252393057265,100.0,NET_LONG,EXTREME_HIGH,True,417460,600693,-183233,-7.028562200587117,35737.0,-0.29793317678842063,-0.2614899723808291,61.53846153846154,NET_SHORT,NEUTRAL,False,183446,870646,-687200,-26.36003309580407,-114260.0,-0.35394091708443026,-0.4199657128172017,25.0,NET_SHORT,LOW,False,32399,59933,-27534,218427,369000,-150573,46143.0,52,26,True,True,False,False
13874A,E-MINI S&P 500,2009-11-24,2009-12-01,2639563,1379833,345404,1034429,39.18940370053679,-14111.0,2.0470157308827437,1.3444404989153464,98.07692307692307,NET_LONG,EXTREME_HIGH,True,443713,582854,-139141,-5.271364994887411,44092.0,-0.06027966562138018,-0.008260255683756506,69.23076923076923,NET_SHORT,NEUTRAL,False,239496,892929,-653433,-24.75534776021637,33767.0,-0.25200031929076877,-0.2620175754327741,28.846153846153843,NET_SHORT,NEUTRAL,False,31766,59844,-28078,169206,382983,-213777,32586.0,52,26,True,True,False,False
13874A,E-MINI S&P 500,2009-12-01,2009-12-08,2657480,1419685,361268,1058417,39.82784442404082,23988.0,2.142474189809633,1.4046638657780974,100.0,NET_LONG,EXTREME_HIGH,True,441092,563597,-122505,-4.609818324126616,16636.0,0.04968066096228044,0.10636514460370505,71.15384615384616,NET_SHORT,NEUTRAL,False,202160,893887,-691727,-26.02943389978476,-38294.0,-0.45867828710027303,-0.41913714360162274,21.153846153846153,NET_SHORT,LOW,False,31543,61643,-30100,171550,385635,-214085,17917.0,52,26,True,True,False,False
13874A,E-MINI S&P 500,2009-12-08,2009-12-15,2770435,1402362,360512,1041850,37.60600772080919,-16567.0,1.8775611771739795,0.9689145848998886,96.15384615384616,NET_LONG,EXTREME_HIGH,True,450640,609382,-158742,-5.729858307449913,-36237.0,-0.0952736588280824,-0.009458321747414728,69.23076923076923,NET_SHORT,NEUTRAL,False,212744,799899,-587155,-21.19360317062122,104572.0,-0.03430966295806512,0.09586709275104181,40.38461538461539,NET_SHORT,NEUTRAL,False,36052,56179,-20127,209779,485605,-275826,112955.0,52,26,True,True,False,False
13874A,E-MINI S&P 500,2009-12-15,2009-12-22,3378983,1408808,363781,1045027,30.927264209378976,3177.0,1.81352976104511,-0.30320612030035615,96.15384615384616,NET_LONG,EXTREME_HIGH,True,518215,613630,-95415,-2.823778633985433,63327.0,0.2860341721125855,0.4370251898208157,75.0,NET_SHORT,HIGH,False,224773,868559,-643786,-19.052655784299596,-56631.0,-0.350929327232268,0.31566662730949147,28.846153846153843,NET_SHORT,NEUTRAL,False,37104,61480,-24376,243270,524720,-281450,608548.0,52,26,True,True,False,False
13874A,E-MINI S&P 500,2009-12-22,2009-12-29,2375469,1395062,389670,1005392,42.32393687309748,-39635.0,1.384668736639433,1.793104457199722,88.46153846153845,NET_LONG,HIGH,False,309335,585251,-275916,-11.61522208877489,-180501.0,-0.6661049586729413,-0.7960957125422562,26.923076923076923,NET_SHORT,NEUTRAL,False,197415,861206,-663791,-27.94357661581776,-20005.0,-0.5146489619759654,-0.7877601024469074,21.153846153846153,NET_SHORT,LOW,False,37337,51452,-14115,189058,240628,-51570,-1003514.0,52,26,True,True,False,False
13874A,E-MINI S&P 500,2009-12-29,2010-01-05,2400627,1421189,364167,1057022,44.03108021362752,51630.0,1.760921127925049,1.9997179293062652,98.07692307692307,NET_LONG,EXTREME_HIGH,True,304353,604996,-300643,-12.523519897093552,-24727.0,-0.7750670649128153,-0.9037824739855898,19.230769230769234,NET_SHORT,LOW,False,193709,875168,-681459,-28.386708972280992,-17668.0,-0.6994354921560133,-0.988231493318557,19.230769230769234,NET_SHORT,LOW,False,31550,53646,-22096,183815,236639,-52824,25158.0,52,26,True,True,False,False
13874A,E-MINI S&P 500,2010-01-05,2010-01-12,2406829,1367886,369248,998638,41.49185505077428,-58384.0,1.2301497630598939,1.5327957088026702,84.61538461538461,NET_LONG,HIGH,False,320325,568103,-247778,-10.294790365248216,52865.0,-0.44360585979407574,-0.5331533657875468,42.30769230769231,NET_SHORT,NEUTRAL,False,183897,848139,-664242,-27.598221560401676,17217.0,-0.7296293516316172,-1.0620376363410535,19.230769230769234,NET_SHORT,LOW,False,22677,63105,-40428,192185,238375,-46190,6202.0,52,26,True,True,False,False
13874A,E-MINI S&P 500,2010-01-12,2010-01-19,2445201,1381770,387588,994182,40.65849801304678,-4456.0,1.1502928919380946,1.3416453491156712,82.6923076923077,NET_LONG,HIGH,False,319400,648943,-329543,-13.477133372675704,-81765.0,-0.8899538169236442,-0.9996419578900516,13.461538461538462,NET_SHORT,LOW,False,188258,748699,-560441,-22.920038066400267,103801.0,-0.15670845475840392,-0.4357732547866239,46.15384615384615,NET_SHORT,NEUTRAL,False,31748,66609,-34861,199512,268849,-69337,38372.0,52,26,True,True,False,False
13874A,E-MINI S&P 500,2010-01-19,2010-01-26,2479545,1373671,383362,990309,39.93914206033769,-3873.0,1.0740416649799804,1.1697281285594376,80.76923076923077,NET_LONG,HIGH,False,352724,666643,-313919,-12.66034695881704,15624.0,-0.7683964044526356,-0.8423563822981609,17.307692307692307,NET_SHORT,LOW,False,202041,752799,-550758,-22.212059067288557,9683.0,-0.13586495136494553,-0.36666986955828046,48.07692307692308,NET_SHORT,NEUTRAL,False,29435,73869,-44434,189981,271179,-81198,34344.0,52,26,True,True,False,False
13874A,E-MINI S&P 500,2010-01-26,2010-02-02,2633024,1405188,561710,843478,32.034573175178046,-146831.0,-0.20372222954679417,-0.19319616522002683,40.38461538461539,NET_LONG,NEUTRAL,False,451126,810464,-359338,-13.647349967186017,-45419.0,-1.0312102196275463,-0.9925390578691151,3.8461538461538463,NET_SHORT,EXTREME_LOW,True,207875,596924,-389049,-14.775748341070951,161709.0,0.9957231223247937,0.9757139117975948,82.6923076923077,NET_SHORT,HIGH,False,32030,71244,-39214,212981,268858,-55877,153479.0,52,26,True,True,False,False
13874A,E-MINI S&P 500,2010-02-02,2010-02-09,2710912,1322195,548691,773504,28.532980782850935,-69974.0,-0.8043661001548565,-0.7894839009771881,25.0,NET_LONG,LOW,False,495743,821825,-326082,-12.028498158553285,33256.0,-0.8047555021664852,-0.6953117201894463,17.307692307692307,NET_SHORT,LOW,False,249011,598950,-349939,-12.908534102176683,39110.0,1.300551531537465,1.3394503737825179,86.53846153846155,NET_SHORT,HIGH,False,30729,85441,-54712,265977,308748,-42771,77888.0,52,26,True,True,False,False
13874A,E-MINI S&P 500,2010-02-09,2010-02-16,2835286,1303761,546318,757443,26.71487109236952,-16061.0,-0.930512696703126,-1.0854099433194673,23.076923076923077,NET_LONG,LOW,False,619460,833615,-214155,-7.553206272665262,111927.0,0.015739275239852944,0.2072586931989783,69.23076923076923,NET_SHORT,NEUTRAL,False,282481,653154,-370673,-13.073566476186176,-20734.0,1.1016769884184843,1.2628332171203545,84.61538461538461,NET_SHORT,HIGH,False,28046,81810,-53764,248719,367570,-118851,124374.0,52,26,True,True,False,False
13874A,E-MINI S&P 500,2010-02-16,2010-02-23,2827987,1316168,521255,794913,28.10879257931525,37470.0,-0.6211558885002112,-0.8728599278717556,34.61538461538461,NET_LONG,NEUTRAL,False,619732,854263,-234531,-8.293213511943302,-20376.0,-0.08551873114769379,0.11759622735650102,63.46153846153846,NET_SHORT,NEUTRAL,False,299317,690557,-391240,-13.83457561862908,-20567.0,0.8945341814077735,1.063283575023433,76.92307692307693,NET_SHORT,HIGH,False,28324,81104,-52780,194229,310591,-116362,-7299.0,52,26,True,True,False,False
13874A,E-MINI S&P 500,2010-02-23,2010-03-02,2847974,1345362,518855,826507,29.020875892827675,31594.0,-0.3637573779244315,-0.7457139018254874,36.53846153846153,NET_LONG,NEUTRAL,False,635382,879081,-243699,-8.5569250281077,-9168.0,-0.10630934898258372,0.1297688487467341,57.692307692307686,NET_SHORT,NEUTRAL,False,275514,640898,-365384,-12.829611506284818,25856.0,1.0745418725277678,1.222320724685421,84.61538461538461,NET_SHORT,HIGH,False,34042,87568,-53526,165976,329874,-163898,19987.0,52,26,True,True,False,False
13874A,E-MINI S&P 500,2010-03-02,2010-03-09,2870663,1304556,467428,837128,29.161486388336073,10621.0,-0.29023795118840345,-0.7675931034481859,36.53846153846153,NET_LONG,NEUTRAL,False,646733,900379,-253646,-8.835798559426863,-9947.0,-0.13748844101815524,0.14986403354020766,48.07692307692308,NET_SHORT,NEUTRAL,False,263693,640682,-376989,-13.13247148829382,-11605.0,0.9402888898878345,1.1196923607322296,78.84615384615384,NET_SHORT,HIGH,False,38087,99603,-61516,196147,341124,-144977,22689.0,52,26,True,True,False,False
13874A,E-MINI S&P 500,2010-03-09,2010-03-16,2971944,1261662,474137,787525,26.498648695937742,-49603.0,-0.7846571402017429,-1.372462979361676,28.846153846153843,NET_LONG,NEUTRAL,False,647699,914721,-267022,-8.984758797608569,-13376.0,-0.23071321293428446,0.22981157577797753,42.30769230769231,NET_SHORT,NEUTRAL,False,306712,654655,-347943,-11.707589375842883,29046.0,1.1543894932842889,1.392943645673039,88.46153846153845,NET_SHORT,HIGH,False,28345,97950,-69605,204103,307058,-102955,101281.0,52,26,True,True,False,False
13874A,E-MINI S&P 500,2010-03-16,2010-03-23,3578829,1276780,480009,796771,22.263455448695648,9246.0,-0.7210520365712856,-2.2961967466379347,30.76923076923077,NET_LONG,NEUTRAL,False,656512,915850,-259338,-7.2464484891566485,7684.0,-0.05786672562054553,1.0522880168702322,46.15384615384615,NET_SHORT,NEUTRAL,False,356547,665889,-309342,-8.643665288282843,38601.0,1.4213308472681623,1.9428691399729143,96.15384615384616,NET_SHORT,EXTREME_HIGH,True,25871,102344,-76473,413300,564918,-151618,606885.0,52,26,True,True,False,False
13874A,E-MINI S&P 500,2010-03-23,2010-03-30,2348917,1266377,448198,818179,34.83218010683221,21408.0,-0.5319388615822449,0.23479498908358373,30.76923076923077,NET_LONG,NEUTRAL,False,280848,770056,-489208,-20.826959828721066,-229870.0,-3.2875498228546065,-3.7163061796469465,1.9230769230769231,NET_SHORT,EXTREME_LOW,True,76692,477426,-400734,-17.06037292931168,-91392.0,0.6462822705390491,0.27979754842863136,63.46153846153846,NET_SHORT,NEUTRAL,False,30210,48221,-18011,327163,237389,89774,-1229912.0,52,26,True,True,False,False
13874A,E-MINI S&P 500,2010-03-30,2010-04-06,2419469,1303225,449895,853330,35.26930909220163,35151.0,-0.2353548509281177,0.3007611838282763,42.30769230769231,NET_LONG,NEUTRAL,False,290223,811032,-520809,-21.52575627131408,-31601.0,-3.288358025945653,-3.4247578946116395,1.9230769230769231,NET_SHORT,EXTREME_LOW,True,105294,511229,-405935,-16.777854975616552,-5201.0,0.5995372528775403,0.33309581305578545,59.61538461538461,NET_SHORT,NEUTRAL,False,24538,51832,-27294,317768,217060,100708,70552.0,52,26,True,True,False,False
13874A,E-MINI S&P 500,2010-04-06,2010-04-13,2408236,1237293,423909,813384,33.775095131872455,-39946.0,-0.6715884881993548,-0.028822223068228032,26.923076923076923,NET_LONG,NEUTRAL,False,300735,792079,-491344,-20.402651567371304,29465.0,-2.64964844129517,-2.7818360448982347,3.8461538461538463,NET_SHORT,EXTREME_LOW,True,133383,502495,-369112,-15.327069273941591,36823.0,0.901817277506839,0.6156753301291112,78.84615384615384,NET_SHORT,HIGH,False,28399,56806,-28407,303921,228442,75479,-11233.0,52,26,True,True,False,False
13874A,E-MINI S&P 500,2010-04-13,2010-04-20,2426056,1219872,421407,798465,32.912059738109924,-14919.0,-0.8728753889243865,-0.23257732011447557,25.0,NET_LONG,LOW,False,303758,818166,-514408,-21.203467685824233,-23064.0,-2.662839066754072,-2.724413630101081,3.8461538461538463,NET_SHORT,EXTREME_LOW,True,155949,491825,-335876,-13.844527908671523,33236.0,1.17823691089253,0.9084599976482087,90.38461538461539,NET_SHORT,HIGH,False,29843,67976,-38133,315432,225480,89952,17820.0,52,26,True,True,False,False
13874A,E-MINI S&P 500,2010-04-20,2010-04-27,2496089,1236281,421522,814759,32.64142424408745,16294.0,-0.7818494823457242,-0.32765085973355496,26.923076923076923,NET_LONG,NEUTRAL,False,324107,795963,-471856,-18.903813125253148,42552.0,-2.0510827040725457,-1.9963798502825183,9.615384615384617,NET_SHORT,LOW,False,178694,523753,-345059,-13.823986244080238,-9183.0,1.1147500048503918,0.9229836059249918,88.46153846153845,NET_SHORT,HIGH,False,32886,87506,-54620,304098,247322,56776,70033.0,52,26,True,True,False,False
13874A,E-MINI S&P 500,2010-04-27,2010-05-04,2575827,1225196,428298,796898,30.937559082966366,-17861.0,-0.9824997310013863,-0.7040422417758563,21.153846153846153,NET_LONG,LOW,False,368537,853138,-484601,-18.813414099627032,-12745.0,-2.0533626263068236,-1.864623936827774,9.615384615384617,NET_SHORT,LOW,False,192891,515376,-322485,-12.519668440465917,22574.0,1.2948984295895238,1.1756139545949822,92.3076923076923,NET_SHORT,HIGH,False,39186,91303,-52117,291506,229201,62305,79738.0,52,26,True,True,False,False
13874A,E-MINI S&P 500,2010-05-04,2010-05-11,2566615,1252222,473018,779204,30.35920852952235,-17694.0,-1.1585196740172807,-0.8244886623938492,11.538461538461538,NET_LONG,LOW,False,381929,865403,-483474,-18.837028537587443,1127.0,-1.9482315296708996,-1.7915470104062596,11.538461538461538,NET_SHORT,LOW,False,187989,483526,-295537,-11.514660360046209,26948.0,1.5055880822432441,1.365819622560804,100.0,NET_SHORT,EXTREME_HIGH,True,34853,89301,-54448,311004,256749,54255,-9212.0,52,26,True,True,False,False
13874A,E-MINI S&P 500,2010-05-11,2010-05-18,2659978,1274693,496811,777882,29.2439260775841,-1322.0,-1.1430846637575225,-1.0443875074252627,11.538461538461538,NET_LONG,LOW,False,421576,837483,-415907,-15.635730821833866,67567.0,-1.2342586870857641,-1.009583597360803,15.384615384615385,NET_SHORT,LOW,False,104712,548684,-443972,-16.690814736061725,-148435.0,0.2865054642401845,0.35637594554084007,53.84615384615385,NET_SHORT,NEUTRAL,False,42829,76545,-33716,386572,270859,115713,93363.0,52,26,True,True,False,False
13874A,E-MINI S&P 500,2010-05-18,2010-05-25,2641156,1283389,515059,768330,29.09067090319542,-9552.0,-1.210089549057177,-1.0567964863974004,9.615384615384617,NET_LONG,LOW,False,410595,771049,-360454,-13.647584618250495,55453.0,-0.6733324969103923,-0.5338413368693328,19.230769230769234,NET_SHORT,LOW,False,121353,605383,-484030,-18.326444935475223,-40058.0,-0.03156927272678494,0.048579477605833934,46.15384615384615,NET_SHORT,NEUTRAL,False,33116,87429,-54313,365023,234556,130467,-18822.0,52,26,True,True,False,False
13874A,E-MINI S&P 500,2010-05-25,2010-06-01,2735512,1212224,601774,610450,22.315749300313797,-157880.0,-2.6316188084648693,-2.332881937776092,1.9230769230769231,NET_LONG,EXTREME_LOW,True,535337,816769,-281432,-10.2880923205601,79022.0,0.09871172827993095,0.24321241426638598,46.15384615384615,NET_SHORT,NEUTRAL,False,151458,549789,-398331,-14.561478801774586,85699.0,0.6877753035616249,0.7994861813683066,67.3076923076923,NET_SHORT,NEUTRAL,False,36610,91431,-54821,338847,214713,124134,94356.0,52,26,True,True,False,False
13874A,E-MINI S&P 500,2010-06-01,2010-06-08,2820119,1352088,610347,741741,26.301762443357884,131291.0,-1.2827954989339685,-1.4634047114911914,5.769230769230769,NET_LONG,LOW,False,498556,876745,-378189,-13.410391547307047,-96757.0,-0.8515277705390367,-0.48288091481092144,17.307692307692307,NET_SHORT,LOW,False,187791,551055,-363264,-12.881158561039447,35067.0,0.9650616250670886,1.115231099843606,80.76923076923077,NET_SHORT,HIGH,False,32839,103679,-70840,310892,240340,70552,84607.0,52,26,True,True,False,False
13874A,E-MINI S&P 500,2010-06-08,2010-06-15,3046422,1338248,661595,676653,22.211400784264292,-65088.0,-1.814846844323779,-2.1283882679006814,3.8461538461538463,NET_LONG,EXTREME_LOW,True,564711,894252,-329541,-10.817312900182575,48648.0,-0.37866481277897573,0.11389965007830641,26.923076923076923,NET_SHORT,NEUTRAL,False,223305,558772,-335467,-11.011836180279685,27797.0,1.1668735648539554,1.4431528354248553,90.38461538461539,NET_SHORT,HIGH,False,38409,116968,-78559,357992,291078,66914,226303.0,52,26,True,True,False,False
13874A,E-MINI S&P 500,2010-06-15,2010-06-22,3426436,1333725,602957,730768,21.327350051190216,54115.0,-1.2563396655392312,-2.198837672841919,5.769230769230769,NET_LONG,LOW,False,494957,864560,-369603,-10.78680588226367,-40062.0,-0.7606125229067253,0.12670518847298423,19.230769230769234,NET_SHORT,LOW,False,232827,596954,-364127,-10.626989676736995,-28660.0,0.9164591110516301,1.4912452966018175,76.92307692307693,NET_SHORT,HIGH,False,27900,87495,-59595,466380,403823,62557,380014.0,52,26,True,True,False,False
13874A,E-MINI S&P 500,2010-06-22,2010-06-29,2607245,1372087,584909,787178,30.19194590458511,56410.0,-0.735591699203181,-0.5674934126928085,26.923076923076923,NET_LONG,NEUTRAL,False,273826,788779,-514953,-19.750848117457316,-145350.0,-2.066513717093572,-1.8669076554427746,3.8461538461538463,NET_SHORT,EXTREME_LOW,True,127501,593330,-465829,-17.866713715051713,-101702.0,0.08675700081847149,0.0950648506075079,53.84615384615385,NET_SHORT,NEUTRAL,False,33346,38436,-5090,408217,209523,198694,-819191.0,52,26,True,True,False,False
13874A,E-MINI S&P 500,2010-06-29,2010-07-06,2752345,1416594,704004,712590,25.890286283151276,-74588.0,-1.402946068509316,-1.3017678011079812,5.769230769230769,NET_LONG,LOW,False,356104,783747,-427643,-15.53740537614289,87310.0,-1.1827474483271079,-0.8746614373583096,17.307692307692307,NET_SHORT,LOW,False,155732,607626,-451894,-16.41850858086468,13935.0,0.21005873331737188,0.3706823480041563,55.769230769230774,NET_SHORT,NEUTRAL,False,30896,37597,-6701,397103,223455,173648,145100.0,52,26,True,True,False,False
13874A,E-MINI S&P 500,2010-07-06,2010-07-13,2875146,1434809,704945,729864,25.385284782059763,17274.0,-1.2412639325401358,-1.352911688983948,7.6923076923076925,NET_LONG,LOW,False,400721,871221,-470500,-16.364386365075028,-42857.0,-1.5216871073273488,-1.032939410634951,17.307692307692307,NET_SHORT,LOW,False,161800,555022,-393222,-13.676592423480407,58672.0,0.7146892816690069,0.9037988343901965,65.38461538461539,NET_SHORT,NEUTRAL,False,37943,49364,-11421,425176,279897,145279,122801.0,52,26,True,True,False,False
13874A,E-MINI S&P 500,2010-07-13,2010-07-20,2812693,1411306,590752,820554,29.173251399992818,90690.0,-0.42262668494003924,-0.6776233983917277,42.30769230769231,NET_LONG,NEUTRAL,False,358218,952597,-594379,-21.13202542901056,-123879.0,-2.4566884923325905,-1.9798999580991203,1.9230769230769231,NET_SHORT,EXTREME_LOW,True,219708,535367,-315659,-11.222660987174924,77563.0,1.3661977967048338,1.3634375047814093,96.15384615384616,NET_SHORT,EXTREME_HIGH,True,43543,60687,-17144,385789,279161,106628,-62453.0,52,26,True,True,False,False
13874A,E-MINI S&P 500,2010-07-20,2010-07-27,2814633,1405126,619132,785994,27.92527480492128,-34560.0,-0.7455359646075713,-0.8751335968440528,23.076923076923077,NET_LONG,LOW,False,402716,891084,-488368,-17.35103652945162,106011.0,-1.467206151462845,-1.1277494832744561,13.461538461538462,NET_SHORT,LOW,False,207952,543947,-335995,-11.937435537777038,-20336.0,1.1920890915376534,1.2069652644139057,88.46153846153845,NET_SHORT,HIGH,False,43029,69405,-26376,337248,272503,64745,1940.0,52,26,True,True,False,False
13874A,E-MINI S&P 500,2010-07-27,2010-08-03,2780454,1385586,605119,780467,28.06976846227271,-5527.0,-0.7816470898323784,-0.825813839390009,23.076923076923077,NET_LONG,LOW,False,372016,861874,-489858,-17.617914196746288,-1490.0,-1.4176388756005895,-1.138911360576526,11.538461538461538,NET_SHORT,LOW,False,225442,569071,-343629,-12.358737098329984,-7634.0,1.0865296818867831,1.0845003320823652,86.53846153846155,NET_SHORT,HIGH,False,35013,70353,-35340,338293,249933,88360,-34179.0,52,26,True,True,False,False
13874A,E-MINI S&P 500,2010-08-03,2010-08-10,2745286,1353761,583107,770654,28.0719021624705,-9813.0,-0.850824011780115,-0.8016966278153169,17.307692307692307,NET_LONG,LOW,False,349906,838576,-488670,-17.800331185894656,1188.0,-1.3494178255506144,-1.1322403797588234,15.384615384615385,NET_SHORT,LOW,False,226979,587288,-360309,-13.124643479768592,-16680.0,0.9175233115978492,0.9083299573475039,78.84615384615384,NET_SHORT,HIGH,False,42995,74023,-31028,351310,241957,109353,-35168.0,52,26,True,True,False,False
13874A,E-MINI S&P 500,2010-08-10,2010-08-17,2752036,1385859,578342,807517,29.34253040294531,36863.0,-0.4961011135536216,-0.5655674087366026,40.38461538461539,NET_LONG,NEUTRAL,False,343479,818621,-475142,-17.2651084506162,13528.0,-1.187949423452702,-0.9821133623442175,23.076923076923077,NET_SHORT,LOW,False,235307,622825,-387518,-14.081138473479271,-27209.0,0.6662307220719724,0.7004537275269288,65.38461538461539,NET_SHORT,NEUTRAL,False,53231,76242,-23011,306420,228266,78154,6750.0,52,26,True,True,False,False
13874A,E-MINI S&P 500,2010-08-17,2010-08-24,2826725,1359950,650420,709530,25.10077917024118,-97987.0,-1.340426692594911,-1.2445724370351152,5.769230769230769,NET_LONG,LOW,False,430577,832689,-402112,-14.225366811416038,73030.0,-0.5582623168643669,-0.32700720887714774,32.69230769230769,NET_SHORT,NEUTRAL,False,257235,581648,-324413,-11.476638159000256,63105.0,1.1409905647473182,1.1437676710811338,92.3076923076923,NET_SHORT,HIGH,False,57418,92960,-35542,288933,236396,52537,74689.0,52,26,True,True,False,False
13874A,E-MINI S&P 500,2010-08-24,2010-08-31,2939121,1380690,709579,671111,22.833731581653154,-38419.0,-1.607790876590381,-1.554376418766237,3.8461538461538463,NET_LONG,EXTREME_LOW,True,546967,926870,-379903,-12.925735279357331,22209.0,-0.35999929491143584,-0.04666563629797005,34.61538461538461,NET_SHORT,NEUTRAL,False,263116,477956,-214840,-7.309668434882402,109573.0,1.9364250191857595,1.8251170790771531,100.0,NET_SHORT,EXTREME_HIGH,True,65949,115673,-49724,210331,236975,-26644,112396.0,52,26,True,True,False,False
13874A,E-MINI S&P 500,2010-08-31,2010-09-07,3042646,1427932,726715,701217,23.04628931528676,30106.0,-1.2875887491170523,-1.4533925961635383,7.6923076923076925,NET_LONG,LOW,False,602807,966696,-363889,-11.95962330156055,16014.0,-0.21033263353267787,0.1670854503559715,40.38461538461539,NET_SHORT,NEUTRAL,False,293593,502840,-209247,-6.877139174258195,5593.0,1.8821476266243569,1.8072617124737254,100.0,NET_SHORT,EXTREME_HIGH,True,74994,118355,-43361,159220,243940,-84720,103525.0,52,26,True,True,False,False
13874A,E-MINI S&P 500,2010-09-07,2010-09-14,3025949,1401137,679656,721481,23.843131526671467,20264.0,-1.0705219422698533,-1.2739593572055004,13.461538461538462,NET_LONG,LOW,False,528227,930182,-401955,-13.283601276822576,-38066.0,-0.5063020663784588,-0.09859056366913703,34.61538461538461,NET_SHORT,NEUTRAL,False,294117,513332,-219215,-7.24450412085597,-9968.0,1.7132827979884495,1.656122532617666,96.15384615384616,NET_SHORT,EXTREME_HIGH,True,75182,106250,-31068,173985,243228,-69243,-16697.0,52,26,True,True,False,False
13874A,E-MINI S&P 500,2010-09-14,2010-09-21,3460098,1427163,633850,793313,22.927471996457903,71832.0,-0.4283306926576536,-1.372824529363152,40.38461538461539,NET_LONG,NEUTRAL,False,522512,942330,-419818,-12.133124553119593,-17863.0,-0.6316346350035007,0.15964540716169115,30.76923076923077,NET_SHORT,NEUTRAL,False,294814,584258,-289444,-8.365196592697663,-70229.0,1.126173368090985,1.3990029145408747,94.23076923076923,NET_SHORT,HIGH,False,76381,113251,-36870,349266,396447,-47181,434149.0,52,26,True,True,False,False
13874A,E-MINI S&P 500,2010-09-21,2010-09-28,2480461,1404749,548759,855990,34.50931097082357,62677.0,0.12183082606466548,0.4614096905076013,69.23076923076923,NET_LONG,NEUTRAL,False,277650,703528,-425878,-17.169308447099148,-6060.0,-0.6551942609803302,-0.8842979769796496,30.76923076923077,NET_SHORT,NEUTRAL,False,100544,546468,-445924,-17.977464672897497,-156480.0,-0.10716365132619958,-0.2886982872834987,40.38461538461539,NET_SHORT,NEUTRAL,False,29955,64147,-34192,301953,251949,50004,-979637.0,52,26,True,True,False,False
13874A,E-MINI S&P 500,2010-09-28,2010-10-05,2570715,1400566,527851,872715,33.94833733027582,16725.0,0.2763292725626369,0.3943772974199848,73.07692307692307,NET_LONG,NEUTRAL,False,333423,741883,-408460,-15.888964743271814,17418.0,-0.4857517755911532,-0.5904515466769448,36.53846153846153,NET_SHORT,NEUTRAL,False,127772,629148,-501376,-19.50336774010343,-55452.0,-0.5638935309109255,-0.5917138309723857,23.076923076923077,NET_SHORT,LOW,False,31884,68065,-36181,301960,228658,73302,90254.0,52,26,True,True,False,False
13874A,E-MINI S&P 500,2010-10-05,2010-10-12,2643979,1375415,529623,845792,31.989361488877183,-26923.0,0.045032183162905255,0.09627020440667815,65.38461538461539,NET_LONG,NEUTRAL,False,364543,778520,-413977,-15.657348261843229,-5517.0,-0.5071800549103339,-0.5200644443795193,36.53846153846153,NET_SHORT,NEUTRAL,False,136727,630357,-493630,-18.669966743306208,7746.0,-0.4985050498505932,-0.4480666171506902,25.0,NET_SHORT,LOW,False,40827,83923,-43096,330269,225358,104911,73264.0,52,26,True,True,False,False
13874A,E-MINI S&P 500,2010-10-12,2010-10-19,2687051,1400208,501362,898846,33.451021212474195,53054.0,0.5094669595448893,0.3549937235515809,75.0,NET_LONG,HIGH,False,364726,786896,-422170,-15.711276042025254,-8193.0,-0.5544814847006787,-0.516514229825167,32.69230769230769,NET_SHORT,NEUTRAL,False,151683,698446,-546763,-20.34806931465015,-53133.0,-0.9040641959478699,-0.7537683608939733,23.076923076923077,NET_SHORT,LOW,False,46731,74753,-28022,327074,228965,98109,43072.0,52,26,True,True,False,False
13874A,E-MINI S&P 500,2010-10-19,2010-10-26,2689641,1413053,495082,917971,34.12987086380673,19125.0,0.6881979472145503,0.49491644401869767,76.92307692307693,NET_LONG,HIGH,False,375512,797217,-421705,-15.678858256547992,465.0,-0.5352332449471306,-0.5018514333335488,34.61538461538461,NET_SHORT,NEUTRAL,False,143419,662850,-519431,-19.312279965988026,27332.0,-0.6814243386839146,-0.57059220770803,25.0,NET_SHORT,LOW,False,44871,74771,-29900,289045,235980,53065,2590.0,52,26,True,True,False,False
13874A,E-MINI S&P 500,2010-10-26,2010-11-02,2696003,1410832,471358,939474,34.84691968072735,21503.0,0.8765490856626988,0.6302351611995587,78.84615384615384,NET_LONG,HIGH,False,423970,768377,-344407,-12.774726140883374,77298.0,0.12365740419950241,0.11355979412821991,59.61538461538461,NET_SHORT,NEUTRAL,False,123437,722058,-598621,-22.204018318970714,-79190.0,-1.2706950857276582,-1.0810834272794694,15.384615384615385,NET_SHORT,LOW,False,41378,93085,-51707,281979,226718,55261,6362.0,52,26,True,True,False,False
13874A,E-MINI S&P 500,2010-11-02,2010-11-09,2709889,1376653,470076,906577,33.454396102570996,-32897.0,0.5762911810169966,0.39575559565045115,75.0,NET_LONG,HIGH,False,464845,769856,-305011,-11.255479467978208,39396.0,0.4863380193276274,0.45773166124830444,69.23076923076923,NET_SHORT,NEUTRAL,False,139057,728884,-589827,-21.765725459603697,8794.0,-1.1703428250804988,-0.9839847682110242,17.307692307692307,NET_SHORT,LOW,False,52073,95755,-43682,248943,217000,31943,13886.0,52,26,True,True,False,False
13874A,E-MINI S&P 500,2010-11-09,2010-11-16,2801910,1410810,434397,976413,34.848121460004066,69836.0,1.207967136527152,0.6588481354334467,80.76923076923077,NET_LONG,HIGH,False,468349,835094,-366745,-13.089107073389226,-61734.0,-0.02183824652786205,0.08423864841577873,53.84615384615385,NET_SHORT,NEUTRAL,False,163716,765627,-601911,-21.482167521440733,-12084.0,-1.2525290883179119,-0.9391482283067141,15.384615384615385,NET_SHORT,LOW,False,60304,90093,-29789,249296,227264,22032,92021.0,52,26,True,True,False,False
13874A,E-MINI S&P 500,2010-11-16,2010-11-23,2859310,1399536,486128,913408,31.94504967981786,-63005.0,0.6937317830065437,0.19199280638995342,76.92307692307693,NET_LONG,HIGH,False,455002,848365,-393363,-13.757270110621095,-26618.0,-0.2249726076658452,-0.03313186213763275,48.07692307692308,NET_SHORT,NEUTRAL,False,177664,659873,-482209,-16.864523259107965,119702.0,-0.3832178459883201,-0.1462578717878346,34.61538461538461,NET_SHORT,NEUTRAL,False,57751,84404,-26653,297020,308203,-11183,57400.0,52,26,True,True,False,False
13874A,E-MINI S&P 500,2010-11-23,2010-11-30,2836389,1413649,481576,932073,32.86125422147667,18665.0,0.9038864561680512,0.3824731661910127,80.76923076923077,NET_LONG,HIGH,False,484838,875959,-391121,-13.78939912684755,2242.0,-0.16846197119116388,-0.004181213852159604,50.0,NET_SHORT,NEUTRAL,False,191350,652813,-461463,-16.269383360321875,20746.0,-0.25601934152638933,-0.06769116045336604,36.53846153846153,NET_SHORT,NEUTRAL,False,54023,91416,-37393,250158,292254,-42096,-22921.0,52,26,True,True,False,False
13874A,E-MINI S&P 500,2010-11-30,2010-12-07,2882495,1424205,500899,923306,32.03148661142517,-8767.0,0.8780571173434804,0.26717912512436787,80.76923076923077,NET_LONG,HIGH,False,484593,817661,-333068,-11.554850919082254,58053.0,0.43677475355786943,0.5603165415331292,67.3076923076923,NET_SHORT,NEUTRAL,False,184781,673180,-488399,-16.943620023625368,-26936.0,-0.5297669283473599,-0.2384753562210073,28.846153846153843,NET_SHORT,NEUTRAL,False,52394,87154,-34760,255082,322161,-67079,46106.0,52,26,True,True,False,False
13874A,E-MINI S&P 500,2010-12-07,2010-12-14,2979326,1417364,440981,976383,32.771942378913884,53077.0,1.4354018764549128,0.4273112388288809,86.53846153846155,NET_LONG,HIGH,False,503360,888275,-384915,-12.919532807084554,-51847.0,-0.03510226440424906,0.2782383068900029,51.92307692307693,NET_SHORT,NEUTRAL,False,208741,727705,-518964,-17.418839026007895,-30565.0,-0.8106741636687756,-0.35063165063744206,23.076923076923077,NET_SHORT,LOW,False,59928,104860,-44932,289254,316826,-27572,96831.0,52,26,True,True,False,False
13874A,E-MINI S&P 500,2010-12-14,2010-12-21,3391166,1437981,432093,1005888,29.662010057897493,29505.0,1.7606494129734305,-0.15063251849881104,98.07692307692307,NET_LONG,EXTREME_HIGH,True,524926,883041,-358115,-10.560232085365328,26800.0,0.32493795872075043,0.9673670903427494,67.3076923076923,NET_SHORT,NEUTRAL,False,205106,789532,-584426,-17.23377740871429,-65462.0,-1.4067475964953655,-0.3217119825377455,13.461538461538462,NET_SHORT,LOW,False,65110,115986,-50876,332637,345108,-12471,411840.0,52,26,True,True,False,False
13874A,E-MINI S&P 500,2010-12-21,2010-12-28,2435858,1349160,434975,914185,37.530307595927184,-91703.0,0.8768127315117413,1.3834202738806303,78.84615384615384,NET_LONG,HIGH,False,326030,581587,-255557,-10.491457219591618,102558.0,1.4817995753584556,0.9752644449839436,90.38461538461539,NET_SHORT,HIGH,False,157503,785235,-627732,-25.77046773662504,-43306.0,-1.8132506597938736,-2.0850597384576615,5.769230769230769,NET_SHORT,LOW,False,56709,67537,-10828,215868,235936,-20068,-955308.0,52,26,True,True,False,False
13874A,E-MINI S&P 500,2010-12-28,2011-01-04,2479708,1376562,418507,958055,38.635799053759555,43870.0,1.3995569960316647,1.6910005208991945,88.46153846153845,NET_LONG,HIGH,False,319756,603469,-283713,-11.441387453684063,-28156.0,1.1542131755828777,0.7156310878356927,82.6923076923077,NET_SHORT,HIGH,False,165474,784073,-618599,-24.94644530727005,9133.0,-1.781963599011466,-1.9922367868982354,5.769230769230769,NET_SHORT,LOW,False,57849,74065,-16216,211189,250716,-39527,43850.0,52,26,True,True,False,False
13874A,E-MINI S&P 500,2011-01-04,2011-01-11,2499724,1341274,444062,897212,35.892442525654836,-60843.0,0.791963242228455,1.2039903387972013,73.07692307692307,NET_LONG,NEUTRAL,False,328709,592851,-264142,-10.566846579862418,19571.0,1.386150489394602,0.9494246932925502,88.46153846153845,NET_SHORT,HIGH,False,188216,770211,-581995,-23.282370373689254,36604.0,-1.5049045557380551,-1.7228020299330766,13.461538461538462,NET_SHORT,LOW,False,60082,92376,-32294,211935,230716,-18781,20016.0,52,26,True,True,False,False
13874A,E-MINI S&P 500,2011-01-11,2011-01-18,2533574,1317145,461428,855717,33.77509399764917,-41495.0,0.3777141416854261,0.8218331086296877,69.23076923076923,NET_LONG,NEUTRAL,False,386307,615858,-229551,-9.060362949730303,34591.0,1.7128623244548145,1.3037484775184882,98.07692307692307,NET_SHORT,EXTREME_HIGH,True,181487,788182,-606695,-23.946211951969826,-24700.0,-1.705074933929862,-1.8503082584342,5.769230769230769,NET_SHORT,LOW,False,60563,86313,-25750,222060,215781,6279,33850.0,52,26,True,True,False,False
13874A,E-MINI S&P 500,2011-01-18,2011-01-25,2575471,1335874,440665,895209,34.75904019109514,39492.0,0.872684069263626,1.0992071904997407,75.0,NET_LONG,HIGH,False,367902,661737,-293835,-11.408981114522353,-64284.0,0.9931130267394019,0.6839595162609343,78.84615384615384,NET_SHORT,HIGH,False,207757,751841,-544084,-21.125611587162116,62611.0,-1.132758878863818,-1.247512428623891,19.230769230769234,NET_SHORT,LOW,False,70043,85901,-15858,212240,253672,-41432,41897.0,52,26,True,True,False,False
13874A,E-MINI S&P 500,2011-01-25,2011-02-01,2649692,1384827,457426,927401,35.00033211407212,32192.0,1.2135581420031851,1.1293384635032835,88.46153846153845,NET_LONG,HIGH,False,391276,681706,-290430,-10.960896587225987,3405.0,1.006631432293186,0.7821462420525996,78.84615384615384,NET_SHORT,HIGH,False,205988,761966,-555978,-20.982740635515373,-11894.0,-1.196491876920137,-1.1740249540103973,17.307692307692307,NET_SHORT,LOW,False,71945,110718,-38773,212713,254933,-42220,74221.0,52,26,True,True,False,False
13874A,E-MINI S&P 500,2011-02-01,2011-02-08,2707779,1361146,485819,875327,32.32638261837469,-52074.0,0.5896832916249242,0.5096963327919759,71.15384615384616,NET_LONG,NEUTRAL,False,409398,699289,-289891,-10.705858934573316,539.0,0.9987748228036354,0.8376608834545077,78.84615384615384,NET_SHORT,HIGH,False,206227,755336,-549109,-20.278944478112873,6869.0,-1.091347262309565,-0.9846967575765512,19.230769230769234,NET_SHORT,LOW,False,74247,118592,-44345,245696,237678,8018,58087.0,52,26,True,True,False,False
13874A,E-MINI S&P 500,2011-02-08,2011-02-15,2775873,1385743,452172,933571,33.63161787300788,58244.0,1.212044966094007,0.7731628612697566,90.38461538461539,NET_LONG,HIGH,False,442048,788594,-346546,-12.484216677059793,-56655.0,0.42443239500379015,0.41594164464308125,67.3076923076923,NET_SHORT,NEUTRAL,False,241303,739799,-498496,-17.95817027652202,50613.0,-0.6126124276230522,-0.4657260884843457,30.76923076923077,NET_SHORT,NEUTRAL,False,82128,127820,-45692,210755,253592,-42837,68094.0,52,26,True,True,False,False
13874A,E-MINI S&P 500,2011-02-15,2011-02-22,2837103,1387809,450887,936922,33.0238979691608,3351.0,1.2033571099906277,0.6142788669448314,90.38461538461539,NET_LONG,HIGH,False,464932,842054,-377122,-13.292502951073685,-30576.0,0.11558809271824345,0.2335808448650085,57.692307692307686,NET_SHORT,NEUTRAL,False,256716,728776,-472060,-16.638803737474458,26436.0,-0.3607209557943072,-0.1702595542727529,40.38461538461539,NET_SHORT,NEUTRAL,False,102575,129856,-27281,204428,264887,-60459,61230.0,52,26,True,True,False,False
13874A,E-MINI S&P 500,2011-02-22,2011-03-01,2899999,1390907,443105,947802,32.68283885615133,10880.0,1.278875453783835,0.5209066738036354,92.3076923076923,NET_LONG,HIGH,False,514808,832450,-317642,-10.95317619075041,59480.0,0.835168233528917,0.8895997310046538,76.92307692307693,NET_SHORT,HIGH,False,274475,733320,-458845,-15.82224683525753,13215.0,-0.22632452072690235,0.01831747983594871,46.15384615384615,NET_SHORT,NEUTRAL,False,96043,181527,-85484,202367,288198,-85831,62896.0,52,26,True,True,False,False
13874A,E-MINI S&P 500,2011-03-01,2011-03-08,2970595,1363533,471263,892270,30.036743480683164,-55532.0,0.6475539943619744,-0.0759686143441128,65.38461538461539,NET_LONG,NEUTRAL,False,534497,869237,-334740,-11.268449586698962,-17098.0,0.6660406337343446,0.8283590449248867,73.07692307692307,NET_SHORT,NEUTRAL,False,267161,746504,-479343,-16.13626226395722,-20498.0,-0.3939766270507142,-0.03730546545774968,40.38461538461539,NET_SHORT,NEUTRAL,False,100331,132184,-31853,251957,298291,-46334,70596.0,52,26,True,True,False,False
13874A,E-MINI S&P 500,2011-03-08,2011-03-15,3037799,1373260,464467,908793,29.91616627696566,16523.0,0.8015216556718463,-0.11861590118030821,73.07692307692307,NET_LONG,NEUTRAL,False,592914,838414,-245500,-8.081509013598334,89240.0,1.7205301220542253,1.6953783317697957,98.07692307692307,NET_SHORT,EXTREME_HIGH,True,264216,786969,-522753,-17.208281390572584,-43410.0,-0.7562364952746846,-0.24923583645733557,25.0,NET_SHORT,LOW,False,96917,148331,-51414,223638,312764,-89126,67204.0,52,26,True,True,False,False
13874A,E-MINI S&P 500,2011-03-15,2011-03-22,3595592,1396444,504793,891651,24.798447654795094,-17142.0,0.5915357504450505,-1.3085986001450922,61.53846153846154,NET_LONG,NEUTRAL,False,770878,913694,-142816,-3.971974573310876,102684.0,2.7585570677274367,2.7014961420243577,100.0,NET_SHORT,EXTREME_HIGH,True,267159,782331,-515172,-14.327877022754528,7581.0,-0.6580856521175824,0.4158497390552373,30.76923076923077,NET_SHORT,NEUTRAL,False,89943,138069,-48126,270830,456367,-185537,557793.0,52,26,True,True,False,False
13874A,E-MINI S&P 500,2011-03-22,2011-03-29,2571151,1357286,492440,864846,33.63653087663852,-26805.0,0.2866052103342652,0.732102177796805,55.769230769230774,NET_LONG,NEUTRAL,False,306327,813792,-507465,-19.736880486599194,-364649.0,-1.342410713254383,-1.4929548287874082,9.615384615384617,NET_SHORT,LOW,False,310983,524765,-213782,-8.314641963851987,301390.0,1.9814698249953706,1.6805375541352987,98.07692307692307,NET_SHORT,EXTREME_HIGH,True,70240,78618,-8378,193037,328258,-135221,-1024441.0,52,26,True,True,False,False
13874A,E-MINI S&P 500,2011-03-29,2011-04-05,2655711,1360516,454209,906307,34.12671785446534,41461.0,0.7278431333892853,0.8546607001060894,69.23076923076923,NET_LONG,NEUTRAL,False,340359,868258,-527899,-19.87787827817108,-20434.0,-1.5664863006096583,-1.5625115509969396,3.8461538461538463,NET_SHORT,EXTREME_LOW,True,308996,543719,-234723,-8.838424060449348,-20941.0,1.718203942626678,1.4990973101759906,92.3076923076923,NET_SHORT,HIGH,False,65523,86141,-20618,220839,343906,-123067,84560.0,52,26,True,True,False,False
13874A,E-MINI S&P 500,2011-04-05,2011-04-12,2682037,1314311,442812,871499,32.49392159765134,-34808.0,0.33452793174295253,0.4830860214493456,53.84615384615385,NET_LONG,NEUTRAL,False,346989,867298,-520309,-19.399769652693085,7590.0,-1.4633286079186099,-1.4499905820424326,5.769230769230769,NET_SHORT,LOW,False,323857,541410,-217553,-8.111483920617053,17170.0,1.7870031217772475,1.584403936189231,94.23076923076923,NET_SHORT,HIGH,False,73730,94873,-21143,243199,355693,-112494,26326.0,52,26,True,True,False,False
13874A,E-MINI S&P 500,2011-04-12,2011-04-19,2695345,1318935,433398,885537,32.85430993063967,14038.0,0.46979280316010014,0.56738967116984,57.692307692307686,NET_LONG,NEUTRAL,False,344214,885228,-541014,-20.07216144871992,-20705.0,-1.672939635350217,-1.6576787976906031,3.8461538461538463,NET_SHORT,EXTREME_LOW,True,333002,545074,-212072,-7.868083677599714,5481.0,1.7675987940955313,1.5738963741314698,98.07692307692307,NET_SHORT,EXTREME_HIGH,True,75677,82365,-6688,245868,371631,-125763,13308.0,52,26,True,True,False,False
13874A,E-MINI S&P 500,2011-04-19,2011-04-26,2708468,1353400,445132,908268,33.53438179812351,22731.0,0.6961426218295945,0.7200665549887469,71.15384615384616,NET_LONG,NEUTRAL,False,355697,858574,-502877,-18.56684295328577,38137.0,-1.2378565689810777,-1.2460431116317392,13.461538461538462,NET_SHORT,LOW,False,301476,515041,-213565,-7.885084852396263,-1493.0,1.693609355814286,1.5139862372819315,96.15384615384616,NET_SHORT,EXTREME_HIGH,True,84993,97344,-12351,230237,409712,-179475,13123.0,52,26,True,True,False,False
13874A,E-MINI S&P 500,2011-04-26,2011-05-03,2745754,1365037,426113,938924,34.1954887437112,30656.0,0.9934014854404376,0.853127131186534,88.46153846153845,NET_LONG,HIGH,False,344269,815222,-470953,-17.15204639599906,31924.0,-0.8942787995616421,-0.8711572690633503,25.0,NET_SHORT,LOW,False,307026,589687,-282661,-10.294476489882197,-69096.0,1.1359629975569923,1.0188706785508643,84.61538461538461,NET_SHORT,HIGH,False,87026,112160,-25134,234661,394837,-160176,37286.0,52,26,True,True,False,False
13874A,E-MINI S&P 500,2011-05-03,2011-05-10,2816881,1342227,412968,929259,32.988933504823244,-9665.0,0.855940168056996,0.56124937677917,80.76923076923077,NET_LONG,HIGH,False,427229,844930,-417701,-14.828492932431296,53252.0,-0.3275800496798957,-0.2465991592589279,36.53846153846153,NET_SHORT,NEUTRAL,False,300011,625075,-325064,-11.539855606253866,-42403.0,0.8113659302989755,0.7728140339943613,76.92307692307693,NET_SHORT,HIGH,False,101808,139433,-37625,226214,375083,-148869,71127.0,52,26,True,True,False,False
13874A,E-MINI S&P 500,2011-05-10,2011-05-17,2707707,1367990,404182,963808,35.594988674919406,34549.0,1.1811585334903851,1.1197453854459745,94.23076923076923,NET_LONG,HIGH,False,373383,810947,-437564,-16.15994640483627,-19863.0,-0.5416904819966194,-0.6219781522331932,26.923076923076923,NET_SHORT,NEUTRAL,False,282028,636468,-354440,-13.09004260800744,-29376.0,0.5649053591285624,0.45199043486373497,69.23076923076923,NET_SHORT,NEUTRAL,False,101930,138018,-36088,268737,404453,-135716,-109174.0,52,26,True,True,False,False
13874A,E-MINI S&P 500,2011-05-17,2011-05-24,2725544,1387004,434921,952083,34.931852136674365,-11725.0,1.0156378058701445,0.9364146651324011,90.38461538461539,NET_LONG,HIGH,False,366512,804271,-437759,-16.061344083970024,-195.0,-0.5264873075037968,-0.5788751654191777,26.923076923076923,NET_SHORT,NEUTRAL,False,280179,616391,-336212,-12.335592454203638,18228.0,0.6838631733652973,0.5782223122186178,71.15384615384616,NET_SHORT,NEUTRAL,False,115700,126934,-11234,243807,410685,-166878,17837.0,52,26,True,True,False,False
13874A,E-MINI S&P 500,2011-05-24,2011-05-31,2803618,1411195,445423,965772,34.44734625045209,13689.0,1.1564101416014416,0.7986539083100176,94.23076923076923,NET_LONG,HIGH,False,386110,813007,-426897,-15.226646426153634,10862.0,-0.38076342376018396,-0.31854560804194115,32.69230769230769,NET_SHORT,NEUTRAL,False,302189,602799,-300610,-10.722216792729965,35602.0,0.9399318983026284,0.8757005459162611,80.76923076923077,NET_SHORT,HIGH,False,122218,143091,-20873,251504,468896,-217392,78074.0,52,26,True,True,False,False
13874A,E-MINI S&P 500,2011-05-31,2011-06-07,2866938,1417836,427456,990380,34.54486982278654,24608.0,1.3818504822543656,0.789030308653668,98.07692307692307,NET_LONG,EXTREME_HIGH,True,412056,858948,-446892,-15.587780412412128,-19995.0,-0.5874253990743665,-0.40945150427834004,26.923076923076923,NET_SHORT,NEUTRAL,False,338080,609519,-271439,-9.467906177252525,29171.0,1.140169269893774,1.0976982605953283,84.61538461538461,NET_SHORT,HIGH,False,131245,162147,-30902,240591,481738,-241147,63320.0,52,26,True,True,False,False
13874A,E-MINI S&P 500,2011-06-07,2011-06-14,3009071,1399818,467283,932535,30.990794168698578,-57845.0,0.6990376045397139,-0.08672694385068783,75.0,NET_LONG,HIGH,False,531860,925673,-393813,-13.087527678808508,53079.0,0.017228795412775468,0.3206212664775797,53.84615384615385,NET_SHORT,NEUTRAL,False,304209,629255,-325046,-10.802204401291961,-53607.0,0.7262677537482303,0.8374597633655432,73.07692307692307,NET_SHORT,NEUTRAL,False,136169,136607,-438,246572,459810,-213238,142133.0,52,26,True,True,False,False
13874A,E-MINI S&P 500,2011-06-14,2011-06-21,3425322,1417959,468728,949231,27.712168374243358,16696.0,0.8659364450739641,-0.970726080422012,84.61538461538461,NET_LONG,HIGH,False,541088,904589,-363501,-10.612170184292163,30312.0,0.3548825962702254,1.032248612955624,69.23076923076923,NET_SHORT,NEUTRAL,False,284560,649181,-364621,-10.644867840162181,-39575.0,0.4228178785195961,0.8680884035910474,59.61538461538461,NET_SHORT,NEUTRAL,False,115111,131166,-16055,334395,539449,-205054,416251.0,52,26,True,True,False,False
13874A,E-MINI S&P 500,2011-06-21,2011-06-28,2537969,1389527,475022,914505,36.03294602889161,-34726.0,0.41917292192056,1.1375910201470423,61.53846153846154,NET_LONG,NEUTRAL,False,271504,751970,-480466,-18.93112169612789,-116965.0,-0.9688275293606841,-1.3774753790766647,19.230769230769234,NET_SHORT,LOW,False,146583,519766,-373183,-14.70400150671659,-8562.0,0.34350417910435493,0.06926587491602891,57.692307692307686,NET_SHORT,NEUTRAL,False,101336,201671,-100335,282364,242885,39479,-887353.0,52,26,True,True,False,False
13874A,E-MINI S&P 500,2011-06-28,2011-07-05,2516434,1383825,447463,936362,37.20987715155653,21857.0,0.6595771022980077,1.3853728801739877,75.0,NET_LONG,HIGH,False,310949,719685,-408736,-16.24266720287518,71730.0,-0.16403822310711683,-0.592843532051605,46.15384615384615,NET_SHORT,NEUTRAL,False,131391,538388,-406997,-16.17356147627953,-33814.0,0.07755295034548233,-0.21748249859960084,51.92307692307693,NET_SHORT,NEUTRAL,False,99572,193556,-93984,230691,257336,-26645,-21535.0,52,26,True,True,False,False
13874A,E-MINI S&P 500,2011-07-05,2011-07-12,2494190,1328909,402882,926027,37.127363993921875,-10335.0,0.49796594596830557,1.3192827749759921,63.46153846153846,NET_LONG,NEUTRAL,False,329216,728560,-399344,-16.01096949310197,9392.0,-0.07397312453023698,-0.5283579318296808,51.92307692307693,NET_SHORT,NEUTRAL,False,174702,544946,-370244,-14.844258055721497,36753.0,0.3559259663712229,0.0454822483628256,57.692307692307686,NET_SHORT,NEUTRAL,False,95973,220745,-124772,220096,251763,-31667,-22244.0,52,26,True,True,False,False
13874A,E-MINI S&P 500,2011-07-12,2011-07-19,2601431,1331879,503717,828162,31.834863196448417,-97865.0,-0.8000139634051325,-0.06228332015530745,19.230769230769234,NET_LONG,LOW,False,401528,714819,-313291,-12.04302555016835,86053.0,0.8836139121261057,0.5926746692581556,80.76923076923077,NET_SHORT,HIGH,False,171309,549464,-378155,-14.536422453641862,-7911.0,0.30600352671671727,0.11844463494804112,55.769230769230774,NET_SHORT,NEUTRAL,False,93837,221507,-127670,243357,252403,-9046,107241.0,52,26,True,True,False,False
13874A,E-MINI S&P 500,2011-07-19,2011-07-26,2599222,1342120,493797,848323,32.63757385863924,20161.0,-0.5572404947841825,0.12416257218128082,21.153846153846153,NET_LONG,LOW,False,382409,715077,-332668,-12.798752857585846,-19377.0,0.6235561642988425,0.34192787943400565,76.92307692307693,NET_SHORT,HIGH,False,206697,551015,-344318,-13.246963899197528,33837.0,0.5684289711602376,0.37665491617727026,67.3076923076923,NET_SHORT,NEUTRAL,False,86216,216192,-129976,228633,269994,-41361,-2209.0,52,26,True,True,False,False
13874A,E-MINI S&P 500,2011-07-26,2011-08-02,2581474,1339680,436633,903047,34.98183595883592,54724.0,0.15065089960564057,0.7099854092427599,44.230769230769226,NET_LONG,NEUTRAL,False,371928,752763,-380835,-14.752618077888835,-48167.0,0.018469910586929032,-0.27115391849100867,55.769230769230774,NET_SHORT,NEUTRAL,False,219516,548628,-329112,-12.748995341421217,15206.0,0.6826273003112504,0.47618265695804535,71.15384615384616,NET_SHORT,NEUTRAL,False,88466,220844,-132378,218067,278789,-60722,-17748.0,52,26,True,True,False,False
13874A,E-MINI S&P 500,2011-08-02,2011-08-09,2811337,1339975,659101,680874,24.218868104393035,-222173.0,-2.73619973149767,-2.0536305287728696,3.8461538461538463,NET_LONG,EXTREME_LOW,True,505148,754635,-249487,-8.874318518199702,131348.0,1.558022183015336,1.4712357444757571,94.23076923076923,NET_SHORT,HIGH,False,243004,472634,-229630,-8.167999780887172,99482.0,1.404268240766226,1.3350819318043436,86.53846153846155,NET_SHORT,HIGH,False,104921,188828,-83907,254237,372087,-117850,229863.0,52,26,True,True,False,False
13874A,E-MINI S&P 500,2011-08-09,2011-08-16,3386290,1379115,778862,600253,17.725977397092393,-80621.0,-3.341422765703633,-3.2724746882364073,1.9230769230769231,NET_LONG,EXTREME_LOW,True,793640,848941,-55301,-1.6330851758118765,194186.0,3.4041155703711974,3.236234232756859,100.0,NET_SHORT,EXTREME_HIGH,True,314699,490520,-175821,-5.192142433164318,53809.0,1.7284005141831262,1.8159088034719935,100.0,NET_SHORT,EXTREME_HIGH,True,113206,236554,-123348,287660,533443,-245783,574953.0,52,26,True,True,False,False
13874A,E-MINI S&P 500,2011-08-16,2011-08-23,3229005,1421028,798603,622425,19.276061820901486,22172.0,-2.919967250481186,-2.7384302596458516,3.8461538461538463,NET_LONG,EXTREME_LOW,True,713133,995757,-282624,-8.752665294727013,-227323.0,0.911292873361338,1.2307460291960808,86.53846153846155,NET_SHORT,HIGH,False,323271,471446,-148175,-4.588874901091822,27646.0,1.8489176552852682,1.8466139574087141,100.0,NET_SHORT,EXTREME_HIGH,True,91337,229382,-138045,242520,296101,-53581,-157285.0,52,26,True,True,False,False
13874A,E-MINI S&P 500,2011-08-23,2011-08-30,3438382,1442482,866697,575785,16.745812419911456,-46640.0,-3.232914331253097,-3.065054303321642,1.9230769230769231,NET_LONG,EXTREME_LOW,True,810037,1047600,-237563,-6.909150873870326,45061.0,1.3422805873400065,1.6531708724382077,94.23076923076923,NET_SHORT,HIGH,False,399687,503720,-104033,-3.0256382216984616,44142.0,2.092922782904945,2.0623177853542187,100.0,NET_SHORT,EXTREME_HIGH,True,77097,275619,-198522,252416,288083,-35667,209377.0,52,26,True,True,False,False
13874A,E-MINI S&P 500,2011-08-30,2011-09-06,3569848,1496353,857273,639080,17.90216278116043,63295.0,-2.4851154689306103,-2.6873241671884376,7.6923076923076925,NET_LONG,LOW,False,745575,1126519,-380944,-10.671154626191367,-143381.0,-0.1687580641519315,0.6522674505934024,50.0,NET_SHORT,NEUTRAL,False,436706,570815,-134109,-3.7567145716008077,-30076.0,1.8444949907217576,1.8896621750466986,98.07692307692307,NET_SHORT,EXTREME_HIGH,True,77543,282470,-204927,391070,310170,80900,131466.0,52,26,True,True,False,False
13874A,E-MINI S&P 500,2011-09-06,2011-09-13,3762716,1480369,957406,522963,13.8985509403314,-116117.0,-3.3099951337829188,-3.1519973765680818,1.9230769230769231,NET_LONG,EXTREME_LOW,True,844234,1142001,-297767,-7.913618779626207,83177.0,0.6862881016352503,1.3266679598187492,75.0,NET_SHORT,HIGH,False,495790,602946,-107156,-2.8478365095850977,26953.0,1.966974290280024,1.9850972698879241,98.07692307692307,NET_SHORT,EXTREME_HIGH,True,83135,302100,-218965,407540,306615,100925,192868.0,52,26,True,True,False,False
13874A,E-MINI S&P 500,2011-09-13,2011-09-20,4089537,1437067,994722,442345,10.816505633767344,-80618.0,-3.5054639423596576,-3.320254474563467,1.9230769230769231,NET_LONG,EXTREME_LOW,True,887102,1139748,-252646,-6.1778631664171275,45121.0,1.1174800804442258,1.6964867892113775,88.46153846153845,NET_SHORT,HIGH,False,571870,599866,-27996,-0.684576273548815,79160.0,2.338700284014323,2.2344460579263314,100.0,NET_SHORT,EXTREME_HIGH,True,89151,298113,-208962,414885,367626,47259,326821.0,52,26,True,True,False,False
13874A,E-MINI S&P 500,2011-09-20,2011-09-27,2920552,1391271,866071,525200,17.982901862387656,82855.0,-2.5877718963090275,-2.023403561902451,5.769230769230769,NET_LONG,LOW,False,235364,825180,-589816,-20.19536032914326,-337170.0,-2.256902583172847,-1.7718738720757587,1.9230769230769231,NET_SHORT,EXTREME_LOW,True,497004,400973,96031,3.2881112885509314,124027.0,2.8138973608419384,2.62645391061922,100.0,NET_LONG,EXTREME_HIGH,True,77995,169295,-91300,415307,355422,59885,-1168985.0,52,26,True,True,False,False
13874A,E-MINI S&P 500,2011-09-27,2011-10-04,2976793,1339519,1012560,326959,10.983598792391676,-198241.0,-3.502308781203707,-2.8086865020363128,1.9230769230769231,NET_LONG,EXTREME_LOW,True,412363,733219,-320856,-10.778579498137761,268960.0,0.40155880034890634,0.5215946116632496,65.38461538461539,NET_SHORT,NEUTRAL,False,466099,407746,58353,1.960263948484157,-37678.0,2.395352097540478,2.25647024765969,98.07692307692307,NET_LONG,EXTREME_HIGH,True,80084,205230,-125146,360627,299937,60690,56241.0,52,26,True,True,False,False
13874A,E-MINI S&P 500,2011-10-04,2011-10-11,3143543,1314233,1120091,194142,6.175897705232599,-132817.0,-3.684640353184735,-3.092644998122063,1.9230769230769231,NET_LONG,EXTREME_LOW,True,451553,761764,-310211,-9.868196490393165,10645.0,0.4878041042776708,0.7182441467883122,69.23076923076923,NET_SHORT,NEUTRAL,False,536261,412063,124198,3.9508923529915134,65845.0,2.5290376610572536,2.3560323597677497,100.0,NET_LONG,EXTREME_HIGH,True,82327,174326,-91999,377600,293730,83870,166750.0,52,26,True,True,False,False
13874A,E-MINI S&P 500,2011-10-11,2011-10-18,3011932,1333026,974217,358809,11.912918352738375,164667.0,-2.518484012922588,-2.1879197291393466,5.769230769230769,NET_LONG,LOW,False,387311,768062,-380751,-12.641420855450919,-70540.0,-0.22302346685680466,0.020374838859531102,44.230769230769226,NET_SHORT,NEUTRAL,False,519924,465508,54416,1.806680894522187,-69782.0,2.0379658453048326,1.9450138866559323,94.23076923076923,NET_LONG,HIGH,False,77920,159498,-81578,356585,307481,49104,-131611.0,52,26,True,True,False,False
13874A,E-MINI S&P 500,2011-10-18,2011-10-25,3003811,1333114,916330,416784,13.875173904083846,57975.0,-2.0698152320224597,-1.8384572975158953,7.6923076923076925,NET_LONG,LOW,False,351761,787868,-436107,-14.518456720479417,-55356.0,-0.7716302423740213,-0.4515800348725205,23.076923076923077,NET_SHORT,LOW,False,543387,482299,61088,2.0336832110941736,6672.0,1.952150429616565,1.8679192102578155,96.15384615384616,NET_LONG,EXTREME_HIGH,True,80669,179468,-98799,359727,302693,57034,-8121.0,52,26,True,True,False,False
13874A,E-MINI S&P 500,2011-10-25,2011-11-01,3004309,1301009,925493,375516,12.4992469150144,-41268.0,-2.131486197561367,-1.8909466900011396,7.6923076923076925,NET_LONG,LOW,False,398479,776268,-377789,-12.574904911578669,58318.0,-0.1838810735679024,0.030471173573215733,46.15384615384615,NET_SHORT,NEUTRAL,False,536439,487771,48668,1.619939893000354,-12420.0,1.8000901786112369,1.7304929552808348,90.38461538461539,NET_LONG,HIGH,False,82292,178550,-96258,345861,295998,49863,498.0,52,26,True,True,False,False
13874A,E-MINI S&P 500,2011-11-01,2011-11-08,2848461,1206945,826217,380728,13.366094884219933,5212.0,-1.980094847794484,-1.700016790132366,9.615384615384617,NET_LONG,LOW,False,452661,715142,-262481,-9.21483566037941,115308.0,0.9514338699650458,0.8507274886677737,84.61538461538461,NET_SHORT,HIGH,False,493429,487492,5937,0.2084283407777042,-42731.0,1.5293116382261869,1.485974806404213,88.46153846153845,NET_LONG,HIGH,False,85401,164942,-79541,248541,293184,-44643,-155848.0,52,26,True,True,False,False
13874A,E-MINI S&P 500,2011-11-08,2011-11-15,2891815,1260175,804356,455819,15.76238452321466,75091.0,-1.5516386900042127,-1.368511139412215,15.384615384615385,NET_LONG,LOW,False,420161,750957,-330796,-11.439044337206909,-68315.0,0.2676486020385862,0.2931655951663979,61.53846153846154,NET_SHORT,NEUTRAL,False,497142,533052,-35910,-1.241780680991004,-41847.0,1.2820362503001546,1.2520867432098566,84.61538461538461,NET_SHORT,HIGH,False,88735,168512,-79777,266114,275450,-9336,43354.0,52,26,True,True,False,False
13874A,E-MINI S&P 500,2011-11-15,2011-11-22,2962579,1256850,861606,395244,13.341213854550377,-60575.0,-1.737934567574396,-1.5633361958755936,11.538461538461538,NET_LONG,LOW,False,458502,728350,-269848,-9.108550354269033,60948.0,0.8426345580584857,0.8411902716047975,80.76923076923077,NET_SHORT,HIGH,False,500043,559210,-59167,-1.9971450550348193,-23257.0,1.1267595885448454,1.1114200155673866,82.6923076923077,NET_SHORT,HIGH,False,84365,176215,-91850,287804,262183,25621,70764.0,52,26,True,True,False,False
13874A,E-MINI S&P 500,2011-11-22,2011-11-29,3035521,1274269,928585,345684,11.387962725344348,-49560.0,-1.8535211976035724,-1.687961563423527,5.769230769230769,NET_LONG,LOW,False,488659,800358,-311699,-10.268385558854641,-41851.0,0.4154587749965994,0.53897589378365,65.38461538461539,NET_SHORT,NEUTRAL,False,511713,511991,-278,-0.009158230168725566,58889.0,1.3458631412631192,1.3080091705730954,86.53846153846155,NET_SHORT,HIGH,False,82689,161154,-78465,296081,251323,44758,72942.0,52,26,True,True,False,False
13874A,E-MINI S&P 500,2011-11-29,2011-12-06,3015865,1284513,862010,422503,14.009347235370285,76819.0,-1.451099885417424,-1.3505335383464971,17.307692307692307,NET_LONG,LOW,False,476417,800246,-323829,-10.737516433925258,-12130.0,0.2942443915538292,0.4197296830452185,57.692307692307686,NET_SHORT,NEUTRAL,False,497638,548288,-50650,-1.6794518322272385,-50372.0,1.0691616992484922,1.0569515199025648,80.76923076923077,NET_SHORT,HIGH,False,87510,135241,-47731,278728,279021,-293,-19656.0,52,26,True,True,False,False
13874A,E-MINI S&P 500,2011-12-06,2011-12-13,3017064,1268203,812672,455531,15.098486475593493,33028.0,-1.2569197391992073,-1.1883859929137304,21.153846153846153,NET_LONG,LOW,False,526590,720510,-193920,-6.427440717200564,129909.0,1.502648891348811,1.4148786068784396,96.15384615384616,NET_SHORT,EXTREME_HIGH,True,459022,570925,-111903,-3.7090031898560984,-61253.0,0.753418994631787,0.772405146117316,73.07692307692307,NET_SHORT,NEUTRAL,False,79829,138057,-58228,229949,321429,-91480,1199.0,52,26,True,True,False,False
13874A,E-MINI S&P 500,2011-12-13,2011-12-20,3406086,1268586,873954,394632,11.586084438267266,-60899.0,-1.4532509638378648,-1.4852087621466692,13.461538461538462,NET_LONG,LOW,False,559634,748621,-188987,-5.548509344743498,4933.0,1.4856771398710915,1.566245067731284,96.15384615384616,NET_SHORT,EXTREME_HIGH,True,461208,573074,-111866,-3.284297577923752,37.0,0.7226243169239602,0.7936871372185272,73.07692307692307,NET_SHORT,NEUTRAL,False,78121,140580,-62459,283463,314783,-31320,389022.0,52,26,True,True,False,False
13874A,E-MINI S&P 500,2011-12-20,2011-12-27,2561308,1260595,876829,383766,14.983203894260278,-10866.0,-1.4342297827420942,-1.0972600997289181,13.461538461538462,NET_LONG,LOW,False,362391,655009,-292618,-11.424553392251147,-103631.0,0.5193426973771798,0.19377170763674767,69.23076923076923,NET_SHORT,NEUTRAL,False,216676,376038,-159362,-6.221899123416629,-47496.0,0.46728049675440453,0.3937813204325121,65.38461538461539,NET_SHORT,NEUTRAL,False,110360,83532,26828,295486,254100,41386,-844778.0,52,26,True,True,False,False
13874A,E-MINI S&P 500,2011-12-27,2012-01-03,2610560,1298131,839875,458256,17.553934787938218,74490.0,-1.0810158514104462,-0.803018489587883,28.846153846153843,NET_LONG,NEUTRAL,False,352216,705306,-353090,-13.525450478058348,-60472.0,-0.0400325426170716,-0.28961229525431514,46.15384615384615,NET_SHORT,NEUTRAL,False,228118,412334,-184216,-7.056570237803383,-24854.0,0.31474656776392695,0.2502729786189048,61.53846153846154,NET_SHORT,NEUTRAL,False,121167,84849,36318,286889,244157,42732,49252.0,52,26,True,True,False,False
13874A,E-MINI S&P 500,2012-01-03,2012-01-10,2671088,1269547,842533,427014,15.986519350916181,-31242.0,-1.1639557309936535,-0.9277427768975623,23.076923076923077,NET_LONG,LOW,False,387404,719559,-332155,-12.43519494677824,20935.0,0.172102945599624,-0.02554570033181491,53.84615384615385,NET_SHORT,NEUTRAL,False,231034,444321,-213287,-7.985023331316676,-29071.0,0.1365213076198287,0.08704907946965004,57.692307692307686,NET_SHORT,NEUTRAL,False,130164,97331,32833,314940,229345,85595,60528.0,52,26,True,True,False,False
13874A,E-MINI S&P 500,2012-01-10,2012-01-17,2592195,1270209,837887,432322,16.677834807952333,5308.0,-1.09921330859979,-0.8236888771806693,25.0,NET_LONG,LOW,False,385845,659674,-273829,-10.563595717143192,58326.0,0.7428677499439338,0.4225726548102686,80.76923076923077,NET_SHORT,HIGH,False,219102,448103,-229001,-8.834250509703166,-15714.0,0.018135293776415075,-0.07812728164448708,50.0,NET_SHORT,NEUTRAL,False,144394,104665,39729,255520,224741,30779,-78893.0,52,26,True,True,False,False
13874A,E-MINI S&P 500,2012-01-17,2012-01-24,2624154,1300681,801012,499669,19.04114621321767,67347.0,-0.7926775286348158,-0.5525895196159039,34.61538461538461,NET_LONG,NEUTRAL,False,392926,691835,-298909,-11.390680577435623,-25080.0,0.5027261543345635,0.2274229562246043,69.23076923076923,NET_SHORT,NEUTRAL,False,208761,471182,-262421,-10.000213402109786,-33420.0,-0.19600304703666374,-0.2937531521769112,44.230769230769226,NET_SHORT,NEUTRAL,False,140742,113685,27057,271128,236524,34604,31959.0,52,26,True,True,False,False
13874A,E-MINI S&P 500,2012-01-24,2012-01-31,2683566,1327814,753991,573823,21.382854008435046,74154.0,-0.4647911099703955,-0.28472121847886994,40.38461538461539,NET_LONG,NEUTRAL,False,406258,731534,-325276,-12.121035964831869,-26367.0,0.2560333182153382,0.06050037018643311,57.692307692307686,NET_SHORT,NEUTRAL,False,178358,518651,-340293,-12.680627195306544,-77872.0,-0.6685169521133141,-0.7574152983209143,28.846153846153843,NET_SHORT,NEUTRAL,False,153059,110834,42225,297587,248066,49521,59412.0,52,26,True,True,False,False
13874A,E-MINI S&P 500,2012-01-31,2012-02-07,2730177,1331977,758566,573411,21.002704220275827,-412.0,-0.4443559016254103,-0.3038023647623961,40.38461538461539,NET_LONG,NEUTRAL,False,465283,732309,-267026,-9.780538038376266,58250.0,0.8116658707220248,0.6075667441460432,82.6923076923077,NET_SHORT,HIGH,False,181420,497486,-316066,-11.576758576458596,24227.0,-0.5741022115577696,-0.630015124799547,36.53846153846153,NET_SHORT,NEUTRAL,False,160069,101664,58405,248653,297377,-48724,46611.0,52,26,True,True,False,False
13874A,E-MINI S&P 500,2012-02-07,2012-02-14,2724897,1363899,700409,663490,24.349177234956038,90079.0,-0.050950945943309615,0.07062760494485608,51.92307692307693,NET_LONG,NEUTRAL,False,439585,732396,-292811,-10.745763968326143,-25785.0,0.5519080628753976,0.37179646722078125,73.07692307692307,NET_SHORT,NEUTRAL,False,181482,524001,-342519,-12.569979709324794,-26453.0,-0.763370134510078,-0.8293847232901147,25.0,NET_SHORT,LOW,False,159077,117457,41620,230524,300304,-69780,-5280.0,52,26,True,True,False,False
13874A,E-MINI S&P 500,2012-02-14,2012-02-21,2756775,1420411,689818,730593,26.501727562097017,67103.0,0.2488928998617198,0.3175007952905928,55.769230769230774,NET_LONG,NEUTRAL,False,420032,777578,-357546,-12.969720053323178,-64735.0,-0.0729408701632409,-0.15293044770251987,44.230769230769226,NET_SHORT,NEUTRAL,False,179053,549694,-370641,-13.44473161574666,-28122.0,-0.957892744409112,-1.0007635266321628,15.384615384615385,NET_SHORT,LOW,False,153989,126717,27272,228731,258409,-29678,31878.0,52,26,True,True,False,False
13874A,E-MINI S&P 500,2012-02-21,2012-02-28,2802676,1437577,674784,762793,27.216595853391546,32200.0,0.4048415634675506,0.4093886895656244,57.692307692307686,NET_LONG,NEUTRAL,False,447449,814558,-367109,-13.098517274205083,-9563.0,-0.1557375928083007,-0.17365651303146923,42.30769230769231,NET_SHORT,NEUTRAL,False,179078,567525,-388447,-13.859861075629148,-17806.0,-1.086166311756788,-1.087116889679051,9.615384615384617,NET_SHORT,LOW,False,151605,127902,23703,228384,259324,-30940,45901.0,52,26,True,True,False,False
13874A,E-MINI S&P 500,2012-02-28,2012-03-06,2827921,1463577,690130,773447,27.350375063518396,10654.0,0.4634164145742699,0.4309872068959893,59.61538461538461,NET_LONG,NEUTRAL,False,460665,832386,-371721,-13.144674126328141,-4612.0,-0.19319344074856418,-0.1760901725022424,42.30769230769231,NET_SHORT,NEUTRAL,False,171246,563081,-391835,-13.855938691356654,-3388.0,-1.1337320181576724,-1.1048359546646094,7.6923076923076925,NET_SHORT,LOW,False,154446,128126,26320,229630,265841,-36211,25245.0,52,26,True,True,False,False
13874A,E-MINI S&P 500,2012-03-06,2012-03-13,2970409,1436585,718255,718330,24.182865053263708,-55117.0,0.24426114197924376,0.09725949487484023,55.769230769230774,NET_LONG,NEUTRAL,False,486821,900694,-413873,-13.933199098171329,-42152.0,-0.5710812177651641,-0.3384131503825384,28.846153846153843,NET_SHORT,NEUTRAL,False,191920,554116,-362196,-12.193472346737435,29639.0,-0.9963304322078016,-0.8499186243412412,19.230769230769234,NET_SHORT,LOW,False,171447,96535,74912,280757,297930,-17173,142488.0,52,26,True,True,False,False
13874A,E-MINI S&P 500,2012-03-13,2012-03-20,3318585,1493681,711488,782193,23.570075800378774,63863.0,0.5351287101869204,0.03254728536275301,63.46153846153846,NET_LONG,NEUTRAL,False,524465,925081,-400616,-12.071892086536883,13257.0,-0.4115350639150066,0.14716644563747905,32.69230769230769,NET_SHORT,NEUTRAL,False,143818,648166,-504348,-15.197682144648999,-142152.0,-1.9167596138491279,-1.3770309825709661,1.9230769230769231,NET_SHORT,EXTREME_LOW,True,173460,124570,48890,379716,305835,73881,348176.0,52,26,True,True,False,False
13874A,E-MINI S&P 500,2012-03-20,2012-03-27,2694315,1422024,687373,734651,27.26670786452215,-47542.0,0.34003839725804297,0.45711022809471,59.61538461538461,NET_LONG,NEUTRAL,False,381653,768533,-386880,-14.359122819714845,13736.0,-0.3027881780705614,-0.45862382320579526,36.53846153846153,NET_SHORT,NEUTRAL,False,143244,646160,-502916,-18.665820440445902,1432.0,-1.810560555686842,-1.8882135562121312,3.8461538461538463,NET_SHORT,EXTREME_LOW,True,139749,109371,30378,360925,236158,124767,-624270.0,52,26,True,True,False,False
13874A,E-MINI S&P 500,2012-03-27,2012-04-03,2732746,1449163,665017,784146,28.694434096692483,49495.0,0.5738056337638601,0.6341280216104999,67.3076923076923,NET_LONG,NEUTRAL,False,373935,783647,-409712,-14.992685013535837,-22832.0,-0.5772926567593317,-0.6646123547729373,26.923076923076923,NET_SHORT,NEUTRAL,False,137040,690291,-553251,-20.245240501678534,-50335.0,-2.002919573553874,-2.034117760203872,1.9230769230769231,NET_SHORT,EXTREME_LOW,True,148459,114794,33665,383033,237881,145152,38431.0,52,26,True,True,False,False
13874A,E-MINI S&P 500,2012-04-03,2012-04-10,2753427,1393503,667791,725712,26.356682054763027,-58434.0,0.32881495065863536,0.3886284893711869,57.692307692307686,NET_LONG,NEUTRAL,False,424611,750632,-326021,-11.840553608285239,83691.0,0.27794489543221385,0.13128726377478697,59.61538461538461,NET_SHORT,NEUTRAL,False,149797,711930,-562133,-20.415758253260393,-8882.0,-1.9405530936298334,-1.946674061150396,1.9230769230769231,NET_SHORT,EXTREME_LOW,True,151968,130583,21385,366166,225109,141057,20681.0,52,26,True,True,False,False
13874A,E-MINI S&P 500,2012-04-10,2012-04-17,2775438,1368559,728489,640070,23.06194553796554,-85642.0,-0.034724311302982265,0.036897233130083376,51.92307692307693,NET_LONG,NEUTRAL,False,428693,789031,-360338,-12.983103928100718,-34317.0,-0.14065759992513743,-0.22691228608239156,48.07692307692308,NET_SHORT,NEUTRAL,False,152199,637676,-485477,-17.49190578207836,76656.0,-1.4385310311371464,-1.4261039170639709,9.615384615384617,NET_SHORT,LOW,False,151369,116673,34696,396099,225050,171049,22011.0,52,26,True,True,False,False
13874A,E-MINI S&P 500,2012-04-17,2012-04-24,2804377,1362425,721524,640901,22.85359636026112,831.0,-0.007734442271666936,0.03712126851100052,53.84615384615385,NET_LONG,NEUTRAL,False,435869,786641,-350772,-12.508018715030111,9566.0,-0.0669982101351423,-0.12900737111766258,51.92307692307693,NET_SHORT,NEUTRAL,False,159936,681800,-521864,-18.608910285599976,-36387.0,-1.5711344511994068,-1.530760277440935,5.769230769230769,NET_SHORT,LOW,False,168006,130882,37124,409339,214728,194611,28939.0,52,26,True,True,False,False
13874A,E-MINI S&P 500,2012-04-24,2012-05-01,2819711,1337037,742148,594889,21.097516731324593,-46012.0,-0.1924336925963451,-0.1407772623088382,46.15384615384615,NET_LONG,NEUTRAL,False,443242,789602,-346360,-12.283528347408652,4412.0,-0.044231652208826196,-0.09251708468978354,51.92307692307693,NET_SHORT,NEUTRAL,False,178283,675115,-496832,-17.619961762038734,25032.0,-1.38471757024928,-1.3368193295601425,11.538461538461538,NET_SHORT,LOW,False,163179,115885,47294,426073,225064,201009,15334.0,52,26,True,True,False,False
13874A,E-MINI S&P 500,2012-05-01,2012-05-08,2858768,1313118,688990,624128,21.8320619231781,29239.0,-0.02850148604415877,-0.02855293310559083,51.92307692307693,NET_LONG,NEUTRAL,False,503658,818518,-314860,-11.013835330464032,31500.0,0.31317728493847674,0.2695140569834913,65.38461538461539,NET_SHORT,NEUTRAL,False,169685,726062,-556377,-19.46212494333223,-59545.0,-1.6408790586664064,-1.5529173329872004,3.8461538461538463,NET_SHORT,EXTREME_LOW,True,166383,121739,44644,418763,216298,202465,39057.0,52,26,True,True,False,False
13874A,E-MINI S&P 500,2012-05-08,2012-05-15,2867529,1312212,724406,587806,20.498694171881088,-36322.0,-0.17165489000448483,-0.158552659885783,46.15384615384615,NET_LONG,NEUTRAL,False,467894,878774,-410880,-14.328712979014336,-96020.0,-0.8619793614712098,-0.7542328636720399,15.384615384615385,NET_SHORT,LOW,False,176110,642504,-466394,-16.2646655012033,89983.0,-1.1439835836472227,-1.0710815440546757,17.307692307692307,NET_SHORT,LOW,False,183444,100289,83155,421534,215221,206313,8761.0,52,26,True,True,False,False
13874A,E-MINI S&P 500,2012-05-15,2012-05-22,2967815,1288403,776420,511983,17.251176370494793,-75823.0,-0.5133835515360936,-0.5313649970663755,36.53846153846153,NET_LONG,NEUTRAL,False,516223,869160,-352937,-11.892149611751407,57943.0,-0.1777269188194302,-0.03258752332968533,46.15384615384615,NET_SHORT,NEUTRAL,False,217563,645829,-428266,-14.430346905046305,38128.0,-0.929694899767761,-0.7975523398322814,19.230769230769234,NET_SHORT,LOW,False,150452,116365,34087,466030,230897,235133,100286.0,52,26,True,True,False,False
13874A,E-MINI S&P 500,2012-05-22,2012-05-29,3000650,1294156,777931,516225,17.203772515954878,4242.0,-0.46212040004970906,-0.5077995262016604,38.46153846153847,NET_LONG,NEUTRAL,False,472946,946498,-473552,-15.781647309749555,-120615.0,-1.633110696746281,-1.2363312347469746,5.769230769230769,NET_SHORT,LOW,False,268242,577667,-309425,-10.311932414643495,118841.0,-0.3122886762047447,-0.20668361539363808,50.0,NET_SHORT,NEUTRAL,False,136014,120052,15962,488610,237820,250790,32835.0,52,26,True,True,False,False
13874A,E-MINI S&P 500,2012-05-29,2012-06-05,3040378,1282719,782496,500223,16.452658189212,-16002.0,-0.5150700343411843,-0.5759578346775239,36.53846153846153,NET_LONG,NEUTRAL,False,482005,968622,-486617,-16.005148044091886,-13065.0,-1.757824406084894,-1.2992018770618885,3.8461538461538463,NET_SHORT,EXTREME_LOW,True,286632,566269,-279637,-9.197441897027279,29788.0,-0.15697789186634822,-0.04717326012664275,51.92307692307693,NET_SHORT,NEUTRAL,False,127743,134383,-6640,504694,232023,272671,39728.0,52,26,True,True,False,False
13874A,E-MINI S&P 500,2012-06-05,2012-06-12,3166379,1274343,856876,417467,13.184366116627228,-82756.0,-0.927831737879152,-0.9763058294287646,21.153846153846153,NET_LONG,LOW,False,486819,942245,-455426,-14.383180282587777,31191.0,-1.3498828852630214,-0.7860450895730814,9.615384615384617,NET_SHORT,LOW,False,309541,580037,-270496,-8.54275498921639,9141.0,-0.11517803353751935,0.04075533008956401,51.92307692307693,NET_SHORT,NEUTRAL,False,117084,123588,-6504,555930,240971,314959,126001.0,52,26,True,True,False,False
13874A,E-MINI S&P 500,2012-06-12,2012-06-19,3420267,1353832,782315,571517,16.709718861129847,154050.0,-0.04372799123054835,-0.47532694475074644,48.07692307692308,NET_LONG,NEUTRAL,False,459156,1004581,-545425,-15.946854441480736,-89999.0,-2.2541282205950313,-1.2196021472361094,3.8461538461538463,NET_SHORT,EXTREME_LOW,True,271225,610824,-339599,-9.929020161291502,-69103.0,-0.4771336754104837,-0.16079193347366225,42.30769230769231,NET_SHORT,NEUTRAL,False,155011,127794,27217,534051,247761,286290,253888.0,52,26,True,True,False,False
13874A,E-MINI S&P 500,2012-06-19,2012-06-26,2590421,1317243,760650,556593,21.486584613080268,-14924.0,-0.09312182215855841,0.22260584165119926,48.07692307692308,NET_LONG,NEUTRAL,False,290820,781426,-490606,-18.939238062075624,54819.0,-1.6300542783472913,-2.1287424262074692,5.769230769230769,NET_SHORT,LOW,False,214985,447444,-232459,-8.973792290905608,107140.0,0.06613817937635427,-0.039410056238990514,53.84615384615385,NET_SHORT,NEUTRAL,False,125594,102410,23184,376517,233229,143288,-829846.0,52,26,True,True,False,False
13874A,E-MINI S&P 500,2012-06-26,2012-07-03,2741979,1335346,870782,464564,16.94265346306445,-92029.0,-0.6120799422473652,-0.3932069424011015,36.53846153846153,NET_LONG,NEUTRAL,False,358283,818852,-460569,-16.79695577537246,30037.0,-1.2683385375403697,-1.4679137364817496,11.538461538461538,NET_SHORT,LOW,False,257461,463124,-205663,-7.500531550387512,26796.0,0.18707668340262812,0.15174483999027014,59.61538461538461,NET_SHORT,NEUTRAL,False,128190,97073,31117,395559,225008,170551,151558.0,52,26,True,True,False,False
13874A,E-MINI S&P 500,2012-07-03,2012-07-10,2730453,1320062,779639,540423,19.79243004732182,75859.0,-0.10048105305058559,0.09652652059364901,50.0,NET_LONG,NEUTRAL,False,364797,784427,-419630,-15.368512111360278,40939.0,-0.8079704703054669,-1.0439641715463068,17.307692307692307,NET_SHORT,LOW,False,223936,515950,-292014,-10.694708899951767,-86351.0,-0.2757464539256814,-0.3308532182984711,44.230769230769226,NET_SHORT,NEUTRAL,False,133789,146506,-12717,407933,223995,183938,-11526.0,52,26,True,True,False,False
13874A,E-MINI S&P 500,2012-07-10,2012-07-17,2795931,1328230,813822,514408,18.398451177800883,-26015.0,-0.23851645149737308,-0.09309233598106038,44.230769230769226,NET_LONG,NEUTRAL,False,374069,874279,-500210,-17.89064179337759,-80580.0,-1.617437610499466,-1.7235549392462086,5.769230769230769,NET_SHORT,LOW,False,254840,490847,-236007,-8.441088138441184,56007.0,0.005355995035070299,-0.015325557426611847,50.0,NET_SHORT,NEUTRAL,False,130833,101419,29414,416173,223778,192395,65478.0,52,26,True,True,False,False
13874A,E-MINI S&P 500,2012-07-17,2012-07-24,2808514,1314672,803793,510879,18.190366863045725,-3529.0,-0.22767753444400118,-0.08591263320175649,42.30769230769231,NET_LONG,NEUTRAL,False,354195,861700,-507505,-18.070232158358476,-7295.0,-1.6172454848204236,-1.6973853725992722,5.769230769230769,NET_SHORT,LOW,False,266801,494329,-227528,-8.101366060486079,8479.0,0.03853725321748852,0.020640673236486027,55.769230769230774,NET_SHORT,NEUTRAL,False,132215,112949,19266,431339,226451,204888,12583.0,52,26,True,True,False,False
13874A,E-MINI S&P 500,2012-07-24,2012-07-31,2860141,1313836,834470,479366,16.76022266035136,-31513.0,-0.41835167830741876,-0.3082785615415082,38.46153846153847,NET_LONG,NEUTRAL,False,375685,887639,-511954,-17.89960704734487,-4449.0,-1.5972904388198161,-1.598534466406103,5.769230769230769,NET_SHORT,LOW,False,304962,496401,-191439,-6.693341342262498,36089.0,0.21690638584220245,0.21487627747708893,59.61538461538461,NET_SHORT,NEUTRAL,False,137201,112653,24548,422910,223431,199479,51627.0,52,26,True,True,False,False
13874A,E-MINI S&P 500,2012-07-31,2012-08-07,2756499,1290334,714285,576049,20.897849046925103,96683.0,0.3257205581721514,0.5303180027750034,67.3076923076923,NET_LONG,NEUTRAL,False,407933,837690,-429757,-15.590682238593228,82197.0,-0.7248852209301424,-0.9143101499732291,23.076923076923077,NET_SHORT,LOW,False,232554,541490,-308936,-11.20754986669685,-117497.0,-0.40076018006043856,-0.45400440224904726,38.46153846153847,NET_SHORT,NEUTRAL,False,139850,138250,1600,395095,234051,161044,-103642.0,52,26,True,True,False,False
13874A,E-MINI S&P 500,2012-08-07,2012-08-14,2831826,1310416,706995,603421,21.30854791219517,27372.0,0.5327451980550131,0.5967840492281742,73.07692307692307,NET_LONG,NEUTRAL,False,418858,862982,-444124,-15.68330822585851,-14367.0,-0.8790782611072939,-0.9446159196485469,21.153846153846153,NET_SHORT,LOW,False,228899,579920,-351021,-12.39557091431465,-42085.0,-0.6052257598761885,-0.6104147578445219,28.846153846153843,NET_SHORT,NEUTRAL,False,169376,142295,27081,394578,229935,164643,75327.0,52,26,True,True,False,False
13874A,E-MINI S&P 500,2012-08-14,2012-08-21,2922565,1369176,699606,669570,22.910354431809044,66149.0,1.0215181649764813,0.8959199280431015,84.61538461538461,NET_LONG,HIGH,False,427991,952778,-524787,-17.95638420360197,-80663.0,-1.7092117989965183,-1.5708195784190397,5.769230769230769,NET_SHORT,LOW,False,261706,575847,-314141,-10.748811403681355,36880.0,-0.39275516490493556,-0.34670125227381426,38.46153846153847,NET_SHORT,NEUTRAL,False,170281,147476,22805,377895,231342,146553,90739.0,52,26,True,True,False,False
13874A,E-MINI S&P 500,2012-08-21,2012-08-28,2998239,1376901,700922,675979,22.545867757707107,6409.0,1.0449646839302429,0.7973860369142937,84.61538461538461,NET_LONG,HIGH,False,457071,979268,-522197,-17.416790322586024,2590.0,-1.613143412031341,-1.3640740520412373,7.6923076923076925,NET_SHORT,LOW,False,276872,578098,-301226,-10.046764117203464,12915.0,-0.3052924036275002,-0.22243612894057638,44.230769230769226,NET_SHORT,NEUTRAL,False,162286,165238,-2952,390107,239711,150396,75674.0,52,26,True,True,False,False
13874A,E-MINI S&P 500,2012-08-28,2012-09-04,3056383,1414358,722637,691721,22.63201306904272,15742.0,1.1466164950107147,0.7916370282486307,84.61538461538461,NET_LONG,HIGH,False,487525,1031297,-543772,-17.79135664607479,-21575.0,-1.7619400820276656,-1.4157500677644377,5.769230769230769,NET_SHORT,LOW,False,277609,581638,-304029,-9.947346258633162,-2803.0,-0.30356425371930973,-0.19037914979153625,44.230769230769226,NET_SHORT,NEUTRAL,False,152973,157588,-4615,390519,229824,160695,58144.0,52,26,True,True,False,False
13874A,E-MINI S&P 500,2012-09-04,2012-09-11,3099775,1389176,724728,664448,21.43536224403384,-27273.0,0.9167674432958498,0.5316666750265822,78.84615384615384,NET_LONG,HIGH,False,497607,1057857,-560250,-18.07389245993661,-16478.0,-1.83591822890286,-1.448058681261063,3.8461538461538463,NET_SHORT,EXTREME_LOW,True,325081,578024,-252943,-8.160043874152157,51086.0,-0.015435813669572876,0.09697352437918884,55.769230769230774,NET_SHORT,NEUTRAL,False,153003,147249,5754,369647,226656,142991,43392.0,52,26,True,True,False,False
13874A,E-MINI S&P 500,2012-09-11,2012-09-18,3193602,1386612,693441,693171,21.70499016471057,28723.0,1.0852295558684744,0.5553233960333587,84.61538461538461,NET_LONG,HIGH,False,526652,1068282,-541630,-16.959846593282442,18620.0,-1.573548773344403,-1.0851181721620096,9.615384615384617,NET_SHORT,LOW,False,321018,622185,-301167,-9.430323503053918,-48224.0,-0.24989635071465816,-0.07258839250307,48.07692307692308,NET_SHORT,NEUTRAL,False,157649,158919,-1270,376428,225532,150896,93827.0,52,26,True,True,False,False
13874A,E-MINI S&P 500,2012-09-18,2012-09-25,3584406,1488042,670066,817976,22.82040594731735,124805.0,1.8863984667570348,0.757178735280605,100.0,NET_LONG,EXTREME_HIGH,True,546870,1029082,-482212,-13.453051914319975,59418.0,-1.009142182462689,-0.019193923773134763,23.076923076923077,NET_SHORT,LOW,False,267723,675173,-407450,-11.367294887911692,-106283.0,-0.8009497590350495,-0.3414232403921279,21.153846153846153,NET_SHORT,LOW,False,156202,160493,-4291,340125,264148,75977,390804.0,52,26,True,True,False,False
13874A,E-MINI S&P 500,2012-09-25,2012-10-02,2831321,1465911,672004,793907,28.040162171650618,-24069.0,1.6493663221454284,1.729990290734873,98.07692307692307,NET_LONG,EXTREME_HIGH,True,482240,775094,-292854,-10.343369755672352,189358.0,1.0234770955166161,1.0035074548859106,84.61538461538461,NET_SHORT,HIGH,False,158608,739965,-581357,-20.533065660869962,-173907.0,-1.716113319286761,-1.7494386126950954,1.9230769230769231,NET_SHORT,EXTREME_LOW,True,123376,114457,8919,282391,211006,71385,-753085.0,52,26,True,True,False,False
13874A,E-MINI S&P 500,2012-10-02,2012-10-09,2926111,1503906,694976,808930,27.645226035512664,15023.0,1.7375371949154497,1.6423766726851874,98.07692307692307,NET_LONG,EXTREME_HIGH,True,524238,833643,-309405,-10.573932431134704,-16551.0,0.8454719590197144,0.9363489638752619,80.76923076923077,NET_SHORT,HIGH,False,181467,728398,-546931,-18.691396191053585,34426.0,-1.4941158872157878,-1.4237256380094143,9.615384615384617,NET_SHORT,LOW,False,118654,119696,-1042,262170,213722,48448,94790.0,52,26,True,True,False,False
13874A,E-MINI S&P 500,2012-10-09,2012-10-16,2902097,1487891,664661,823230,28.36672929953754,14300.0,1.7637172758552673,1.7222139409976778,100.0,NET_LONG,EXTREME_HIGH,True,503585,831364,-327779,-11.294557004814106,-18374.0,0.6347842438319162,0.6862595300114559,69.23076923076923,NET_SHORT,NEUTRAL,False,207316,777134,-569818,-19.634698633436443,-22887.0,-1.582436775797343,-1.536551534600006,3.8461538461538463,NET_SHORT,EXTREME_LOW,True,123700,102195,21505,255439,202577,52862,-24014.0,52,26,True,True,False,False
13874A,E-MINI S&P 500,2012-10-16,2012-10-23,2927011,1494131,655067,839064,28.666240065377274,15834.0,1.7864404083313337,1.703814212469256,100.0,NET_LONG,EXTREME_HIGH,True,517739,804904,-287165,-9.810861660581391,40614.0,1.030402838300388,1.1330369897160972,88.46153846153845,NET_SHORT,HIGH,False,194011,799053,-605042,-20.670984837433135,-35224.0,-1.7438502391859305,-1.6674648434103303,1.9230769230769231,NET_SHORT,EXTREME_LOW,True,118702,115738,2964,264087,213908,50179,24914.0,52,26,True,True,False,False
13874A,E-MINI S&P 500,2012-10-23,2012-10-30,2989251,1529592,680485,849107,28.40534301067391,10043.0,1.7770101305357393,1.5889434680323957,100.0,NET_LONG,EXTREME_HIGH,True,523771,837029,-313258,-10.479481314884564,-26093.0,0.7364471129984465,0.895110627946758,75.0,NET_SHORT,HIGH,False,236244,801230,-564986,-18.900587471577328,40056.0,-1.4720003045156291,-1.335388371686455,7.6923076923076925,NET_SHORT,LOW,False,117878,116115,1763,239097,211723,27374,62240.0,52,26,True,True,False,False
13874A,E-MINI S&P 500,2012-10-30,2012-11-06,3015873,1550881,685175,865706,28.70498857213152,16599.0,1.810412907439478,1.5859374648444067,100.0,NET_LONG,EXTREME_HIGH,True,519749,839086,-319337,-10.58854268730812,-6079.0,0.691676257781187,0.8765324368859492,73.07692307692307,NET_SHORT,NEUTRAL,False,233816,816122,-582306,-19.308041154252848,-17320.0,-1.5388854969763723,-1.373669047928533,3.8461538461538463,NET_SHORT,EXTREME_LOW,True,124134,134407,-10273,259001,212791,46210,26622.0,52,26,True,True,False,False
13874A,E-MINI S&P 500,2012-11-06,2012-11-13,2996323,1466358,656908,809450,27.01477777929816,-56256.0,1.3598114134351191,1.1911420833799355,90.38461538461539,NET_LONG,HIGH,False,543981,818013,-274032,-9.145609468672102,45305.0,1.1521297546624123,1.3156099544612312,90.38461538461539,NET_SHORT,HIGH,False,213968,813954,-599986,-20.02407617603309,-17680.0,-1.5997083246136008,-1.4603492729706262,3.8461538461538463,NET_SHORT,EXTREME_LOW,True,134405,121887,12518,265043,212993,52050,-19550.0,52,26,True,True,False,False
13874A,E-MINI S&P 500,2012-11-13,2012-11-20,3075902,1359854,718871,640983,20.838862876645614,-168467.0,0.16294398345818678,-0.1060379340130509,57.692307692307686,NET_LONG,NEUTRAL,False,646478,824998,-178520,-5.803825999657986,95512.0,2.0796316471701615,2.287503066518153,100.0,NET_SHORT,EXTREME_HIGH,True,207081,803275,-596194,-19.382737161326986,3792.0,-1.5267711061663318,-1.3041210177810907,5.769230769230769,NET_SHORT,LOW,False,156054,122129,33925,306831,207025,99806,79579.0,52,26,True,True,False,False
13874A,E-MINI S&P 500,2012-11-20,2012-11-27,3123365,1366006,699098,666908,21.35222748542037,25925.0,0.314379270557592,-0.040169354866658624,61.53846153846154,NET_LONG,NEUTRAL,False,587954,869919,-281965,-9.027603242016223,-103445.0,1.007661035488537,1.2677140847259925,88.46153846153845,NET_SHORT,HIGH,False,217796,795913,-578117,-18.50942813279908,18077.0,-1.3880027746049304,-1.1216374625714536,11.538461538461538,NET_SHORT,LOW,False,153948,129888,24060,389395,220281,169114,47463.0,52,26,True,True,False,False
13874A,E-MINI S&P 500,2012-11-27,2012-12-04,3117207,1389594,694928,694666,22.28488515520464,27758.0,0.4896602515262817,0.13349606445499335,69.23076923076923,NET_LONG,NEUTRAL,False,594281,877149,-282868,-9.07440538918333,-903.0,0.9842121837410888,1.2314285177122342,86.53846153846155,NET_SHORT,HIGH,False,208575,789419,-580844,-18.633475415652537,-2727.0,-1.3760748560978673,-1.1219216942027275,11.538461538461538,NET_SHORT,LOW,False,156639,136632,20007,371388,222349,149039,-6158.0,52,26,True,True,False,False
13874A,E-MINI S&P 500,2012-12-04,2012-12-11,3156565,1353344,667979,685365,21.712367716172484,-9301.0,0.39272325465125824,-0.025162547535246372,63.46153846153846,NET_LONG,NEUTRAL,False,622879,835126,-212247,-6.723986358589162,70621.0,1.7150260659162717,1.9578407533548223,96.15384615384616,NET_SHORT,EXTREME_HIGH,True,199712,839247,-639535,-20.260473014178388,-58691.0,-1.7179573467291207,-1.4116607456253873,1.9230769230769231,NET_SHORT,EXTREME_LOW,True,154368,151710,2658,380796,217037,163759,39358.0,52,26,True,True,False,False
13874A,E-MINI S&P 500,2012-12-11,2012-12-18,3226043,1333253,662931,670322,20.77845831565171,-15043.0,0.24567370909271785,-0.29836669757716067,59.61538461538461,NET_LONG,NEUTRAL,False,672382,812334,-139952,-4.338193880242762,72295.0,2.3932235492993104,2.6353248750574596,100.0,NET_SHORT,EXTREME_HIGH,True,209453,893898,-684445,-21.216239213178497,-44910.0,-1.9501466282739843,-1.5693400798827506,1.9230769230769231,NET_SHORT,EXTREME_LOW,True,157117,138843,18274,347416,211615,135801,69478.0,52,26,True,True,False,False
13874A,E-MINI S&P 500,2012-12-18,2012-12-25,3395668,1363098,615315,747783,22.021675852880787,77461.0,0.8288805496901535,-0.028159438532837575,76.92307692307693,NET_LONG,HIGH,False,679871,814632,-134761,-3.9686153063255887,5191.0,2.3028128670427175,2.533809030487101,100.0,NET_SHORT,EXTREME_HIGH,True,218204,901155,-682951,-20.11241970652019,1494.0,-1.8576496344201616,-1.2917035390716465,3.8461538461538463,NET_SHORT,EXTREME_LOW,True,158911,140563,18348,277400,225819,51581,169625.0,52,26,True,True,False,False
13874A,E-MINI S&P 500,2012-12-24,2012-12-31,2763921,1427753,589283,838470,30.33625056577232,90687.0,1.5098094822765442,1.9545171085196043,94.23076923076923,NET_LONG,HIGH,False,408411,753720,-345309,-12.493446809803899,-210548.0,0.29384901716440776,0.1219895063315196,59.61538461538461,NET_SHORT,NEUTRAL,False,209390,849270,-639880,-23.151168213563267,43071.0,-1.505061364344621,-1.8487514255591806,5.769230769230769,NET_SHORT,LOW,False,144111,113363,30748,295980,180009,115971,-631747.0,52,26,True,True,False,False
13874A,E-MINI S&P 500,2012-12-31,2013-01-07,2765033,1394186,587493,806693,29.174805508650348,-31777.0,1.2149329064590095,1.6050967392041349,84.61538461538461,NET_LONG,HIGH,False,442417,748685,-306268,-11.07646816511774,39041.0,0.659508252780931,0.5133836510548322,75.0,NET_SHORT,HIGH,False,216499,856109,-639610,-23.13209281769874,270.0,-1.4459649435328896,-1.7596648565566244,7.6923076923076925,NET_SHORT,LOW,False,155356,122211,33145,275734,169694,106040,1112.0,52,26,True,True,False,False
13874A,E-MINI S&P 500,2013-01-08,2013-01-15,2799680,1433596,553339,880257,31.44134329637673,73564.0,1.7648776078078328,2.047073569525201,100.0,NET_LONG,EXTREME_HIGH,True,437863,795634,-357771,-12.77899617099097,-51503.0,0.18690362762946897,0.046115774435070374,51.92307692307693,NET_SHORT,NEUTRAL,False,247340,839534,-592194,-21.152203108926734,47416.0,-1.0805356567097233,-1.2972372947167208,17.307692307692307,NET_SHORT,LOW,False,161644,131559,30085,239266,199643,39623,34647.0,52,26,True,True,False,False
13874A,E-MINI S&P 500,2013-01-15,2013-01-22,2843412,1440522,543243,897279,31.55641883764998,17022.0,1.8188725771191105,1.9564341241673004,100.0,NET_LONG,EXTREME_HIGH,True,431714,844804,-413090,-14.527968511070503,-55319.0,-0.3241061573195331,-0.43148133874763217,38.46153846153847,NET_SHORT,NEUTRAL,False,256069,806328,-550259,-19.35206716437857,41935.0,-0.7590498073621149,-0.8899375770963447,36.53846153846153,NET_SHORT,NEUTRAL,False,150673,136160,14513,262129,210572,51557,43732.0,52,26,True,True,False,False
13874A,E-MINI S&P 500,2013-01-22,2013-01-29,2946116,1485463,531003,954460,32.397230794714126,57181.0,2.1430988936778426,2.020421766628941,100.0,NET_LONG,EXTREME_HIGH,True,488404,910013,-421609,-14.31067208487378,-8519.0,-0.38880364806485646,-0.35788170004329584,34.61538461538461,NET_SHORT,NEUTRAL,False,306187,796229,-490042,-16.63349304643809,60217.0,-0.3205871411357886,-0.3114091817470845,48.07692307692308,NET_SHORT,NEUTRAL,False,147632,125114,22518,215664,280991,-65327,102704.0,52,26,True,True,False,False
13874A,E-MINI S&P 500,2013-01-29,2013-02-05,2989252,1545624,527961,1017663,34.044068549590335,63203.0,2.4402427540436378,2.2230630469944033,100.0,NET_LONG,EXTREME_HIGH,True,454759,911351,-456592,-15.274456619916958,-34983.0,-0.6961650801446895,-0.6033399623714896,28.846153846153843,NET_SHORT,NEUTRAL,False,309847,856393,-546546,-18.283704418362852,-56504.0,-0.6871269551762038,-0.627954061818173,40.38461538461539,NET_SHORT,NEUTRAL,False,155502,136173,19329,214673,248527,-33854,43136.0,52,26,True,True,False,False
13874A,E-MINI S&P 500,2013-02-05,2013-02-12,3001463,1494436,556136,938300,31.261421513441945,-79363.0,1.750080298075411,1.562834152769609,96.15384615384616,NET_LONG,EXTREME_HIGH,True,470803,878170,-407367,-13.572281250843337,49225.0,-0.19790567135961287,-0.10492406094852029,48.07692307692308,NET_SHORT,NEUTRAL,False,305405,868294,-562889,-18.753821053266357,-16343.0,-0.7717788005885159,-0.6997022670763682,30.76923076923077,NET_SHORT,NEUTRAL,False,160410,120265,40145,230336,238525,-8189,12211.0,52,26,True,True,False,False
13874A,E-MINI S&P 500,2013-02-12,2013-02-19,3087242,1463970,553938,910032,29.477183842406912,-28268.0,1.4864706550430924,1.1674318690148324,94.23076923076923,NET_LONG,HIGH,False,473602,906002,-432400,-14.006028681910909,-25033.0,-0.42848785789880794,-0.2228851657184329,34.61538461538461,NET_SHORT,NEUTRAL,False,357647,888061,-530414,-17.18083648771298,32475.0,-0.5226851321578588,-0.3586492325770678,44.230769230769226,NET_SHORT,NEUTRAL,False,161707,141306,20401,282713,250332,32381,85779.0,52,26,True,True,False,False
13874A,E-MINI S&P 500,2013-02-19,2013-02-26,3147268,1450599,551734,898865,28.560167103659428,-11167.0,1.3651182842557914,0.9688891727460223,92.3076923076923,NET_LONG,HIGH,False,538702,924354,-385652,-12.253548156687007,46748.0,0.03227133995822784,0.2720375509172454,55.769230769230774,NET_SHORT,NEUTRAL,False,378942,888504,-509562,-16.190613573423047,20852.0,-0.36028630468601364,-0.14401847435329426,48.07692307692308,NET_SHORT,NEUTRAL,False,153661,153095,566,232230,236447,-4217,60026.0,52,26,True,True,False,False
13874A,E-MINI S&P 500,2013-02-26,2013-03-05,3236746,1436779,581395,855384,26.42728221491584,-43481.0,1.040326126223211,0.5363168765822799,84.61538461538461,NET_LONG,HIGH,False,529422,912897,-383475,-11.847546888140126,2177.0,0.05580004125913599,0.38008677326592666,57.692307692307686,NET_SHORT,NEUTRAL,False,299493,892554,-593061,-18.322753778022744,-83499.0,-0.9142047630204351,-0.5677958376397263,17.307692307692307,NET_SHORT,LOW,False,165876,165829,47,358708,237603,121105,89478.0,52,26,True,True,False,False
13874A,E-MINI S&P 500,2013-03-05,2013-03-12,3275893,1289261,541873,747388,22.814786685645714,-107996.0,0.28514012344182443,-0.20080509458559692,59.61538461538461,NET_LONG,NEUTRAL,False,612160,916791,-304631,-9.299174301480543,78844.0,0.8023055367266787,1.0682235878387158,82.6923076923077,NET_SHORT,HIGH,False,307955,901311,-593356,-18.11280160859955,-295.0,-0.8826593404457855,-0.5018893553619493,17.307692307692307,NET_SHORT,LOW,False,183846,155411,28435,390175,268011,122164,39147.0,52,26,True,True,False,False
13874A,E-MINI S&P 500,2013-03-12,2013-03-19,3796609,1307495,530023,777472,20.478063450832046,30084.0,0.4950083679835265,-0.6658686226119327,63.46153846153846,NET_LONG,NEUTRAL,False,631205,959715,-328510,-8.652721415347221,-23879.0,0.5548451479413865,1.214720083137635,67.3076923076923,NET_SHORT,NEUTRAL,False,294362,935412,-641050,-16.884804308265615,-47694.0,-1.1808071545612564,-0.23993706251233743,5.769230769230769,NET_SHORT,LOW,False,215148,147203,67945,422395,298252,124143,520716.0,52,26,True,True,False,False
13874A,E-MINI S&P 500,2013-03-19,2013-03-26,2845013,1390430,540455,849975,29.87596190245879,72503.0,0.9747994739798017,1.2342837380284626,82.6923076923077,NET_LONG,HIGH,False,506631,828143,-321512,-11.300897394844945,6998.0,0.6083351771119088,0.4628814216806934,71.15384615384616,NET_SHORT,NEUTRAL,False,199344,805377,-606033,-21.301589834563146,35017.0,-0.9193014361001667,-1.136074280657716,13.461538461538462,NET_SHORT,LOW,False,170289,107396,62893,249513,234836,14677,-951596.0,52,26,True,True,False,False
13874A,E-MINI S&P 500,2013-03-26,2013-04-02,2929558,1437341,528784,908557,31.01344981051749,58582.0,1.3412640982894288,1.4398150554247902,92.3076923076923,NET_LONG,HIGH,False,503432,871979,-368547,-12.580293682528218,-47035.0,0.14597907775994942,0.09539863914586559,51.92307692307693,NET_SHORT,NEUTRAL,False,214594,850795,-636201,-21.71662073254737,-30168.0,-1.1041304917325412,-1.2081618774611327,13.461538461538462,NET_SHORT,LOW,False,176409,114770,61639,272322,237770,34552,84545.0,52,26,True,True,False,False
13874A,E-MINI S&P 500,2013-04-02,2013-04-09,3010683,1449993,526261,923732,30.68180874572315,15175.0,1.391347994331708,1.3361147863118379,94.23076923076923,NET_LONG,HIGH,False,510897,902297,-391400,-13.000372340761215,-22853.0,-0.06308743914945689,-0.015288669444347171,48.07692307692308,NET_SHORT,NEUTRAL,False,214223,837470,-623247,-20.701183087027097,12954.0,-1.0022541474120426,-0.9983121188032961,15.384615384615385,NET_SHORT,LOW,False,177263,127508,49755,297011,255851,41160,81125.0,52,26,True,True,False,False
13874A,E-MINI S&P 500,2013-04-09,2013-04-16,3041311,1457231,575702,881529,28.98516462144121,-42203.0,1.0699556554020413,0.9700529363393068,84.61538461538461,NET_LONG,HIGH,False,542489,873625,-331136,-10.887936156479887,60264.0,0.5150487617716686,0.560031867991609,65.38461538461539,NET_SHORT,NEUTRAL,False,201069,866218,-665149,-21.87046967574181,-41902.0,-1.2413011246072652,-1.2038806092765297,5.769230769230769,NET_SHORT,LOW,False,172089,119359,52730,309006,246980,62026,30628.0,52,26,True,True,False,False
13874A,E-MINI S&P 500,2013-04-16,2013-04-23,3032875,1467930,533666,934264,30.80456662407781,52735.0,1.3589548242792526,1.2757365941616003,94.23076923076923,NET_LONG,HIGH,False,553239,882002,-328763,-10.839978568190249,2373.0,0.5329881321917218,0.5627523517407823,65.38461538461539,NET_SHORT,NEUTRAL,False,182007,873257,-691250,-22.791905370316943,-26101.0,-1.367746521373087,-1.3525093522104223,1.9230769230769231,NET_SHORT,EXTREME_LOW,True,181757,129764,51993,266905,233149,33756,-8436.0,52,26,True,True,False,False
13874A,E-MINI S&P 500,2013-04-23,2013-04-30,3028179,1418364,543216,875148,28.900140975814175,-59116.0,0.938546600971344,0.8766243793443441,78.84615384615384,NET_LONG,HIGH,False,541964,881170,-339206,-11.201649572234667,-10443.0,0.4305053339312834,0.45607240733904914,61.53846153846154,NET_SHORT,NEUTRAL,False,181005,845897,-664892,-21.956826198187095,26358.0,-1.1600424762961026,-1.1559595826965319,9.615384615384617,NET_SHORT,LOW,False,187838,136498,51340,308686,231076,77610,-4696.0,52,26,True,True,False,False
13874A,E-MINI S&P 500,2013-04-30,2013-05-07,3087728,1424237,524315,899922,29.14511900011918,24774.0,1.0579402360798817,0.8916138973335476,86.53846153846155,NET_LONG,HIGH,False,619861,892055,-272194,-8.815349020380033,67012.0,1.062591050463288,1.0934780866281728,92.3076923076923,NET_SHORT,HIGH,False,173852,893096,-719244,-23.293632081582317,-54352.0,-1.460036644076896,-1.3831109927988288,1.9230769230769231,NET_SHORT,EXTREME_LOW,True,190987,135588,55399,274121,238004,36117,59549.0,52,26,True,True,False,False
13874A,E-MINI S&P 500,2013-05-07,2013-05-14,3189841,1438419,516334,922085,28.906926708886115,22163.0,1.1543479072854157,0.8146456290510904,90.38461538461539,NET_LONG,HIGH,False,634830,952278,-317448,-9.951843994732027,-45254.0,0.6094032550443709,0.7563518755485632,73.07692307692307,NET_SHORT,NEUTRAL,False,208853,918105,-709252,-22.234713266272518,9992.0,-1.3436294699164326,-1.1414620085195433,3.8461538461538463,NET_SHORT,EXTREME_LOW,True,223327,142217,81110,275815,252310,23505,102113.0,52,26,True,True,False,False
13874A,E-MINI S&P 500,2013-05-14,2013-05-21,3287763,1454321,493607,960714,29.22090187157651,38629.0,1.351580564396569,0.8412694422924836,98.07692307692307,NET_LONG,EXTREME_HIGH,True,628229,1009990,-381761,-11.61157297530266,-64313.0,-0.00047216738809757513,0.3022260797425676,51.92307692307693,NET_SHORT,NEUTRAL,False,224851,940310,-715459,-21.76127050520369,-6207.0,-1.3264025734273264,-1.0150682551424155,3.8461538461538463,NET_SHORT,EXTREME_LOW,True,236491,147593,88898,294828,247220,47608,97922.0,52,26,True,True,False,False
13874A,E-MINI S&P 500,2013-05-21,2013-05-28,3340104,1534526,484029,1050497,31.451026674618515,89783.0,1.8418926762569738,1.2270213601779767,100.0,NET_LONG,EXTREME_HIGH,True,556447,990454,-434007,-12.993816958992893,-52246.0,-0.5104444107329896,-0.08972524942586592,32.69230769230769,NET_SHORT,NEUTRAL,False,253771,1001571,-747800,-22.38852442917945,-32341.0,-1.4594616243802296,-1.0911595485466383,1.9230769230769231,NET_SHORT,EXTREME_LOW,True,243070,155684,87386,279743,235819,43924,52341.0,52,26,True,True,False,False
13874A,E-MINI S&P 500,2013-05-28,2013-06-04,3384621,1560238,487247,1072991,31.701954221757767,22494.0,1.8979915966327394,1.2353548270218278,100.0,NET_LONG,EXTREME_HIGH,True,542299,1001385,-459086,-13.563882041741158,-25079.0,-0.7602621957452942,-0.26102205761852354,25.0,NET_SHORT,LOW,False,254819,1026197,-771378,-22.790675824560562,-23578.0,-1.536636401742207,-1.1258415405763436,1.9230769230769231,NET_SHORT,EXTREME_LOW,True,247310,149764,97546,283009,223082,59927,44517.0,52,26,True,True,False,False
13874A,E-MINI S&P 500,2013-06-04,2013-06-11,3307852,1523901,518023,1005878,30.408797007846783,-67113.0,1.447047299476387,0.9637273687558173,94.23076923076923,NET_LONG,HIGH,False,552181,966205,-414024,-12.516400370996042,45062.0,-0.33380952955731846,0.01873367859335314,40.38461538461539,NET_SHORT,NEUTRAL,False,235767,858782,-623015,-18.83442790064368,148363.0,-0.6171501277229582,-0.34212156171639835,32.69230769230769,NET_SHORT,NEUTRAL,False,228993,146797,82196,256022,307057,-51035,-76769.0,52,26,True,True,False,False
13874A,E-MINI S&P 500,2013-06-11,2013-06-18,3397407,1504277,564691,939586,27.655974100247633,-66292.0,0.9792045666452006,0.36187988045513003,88.46153846153845,NET_LONG,HIGH,False,518301,920976,-402675,-11.852421567389483,11349.0,-0.256755819212181,0.18243731414629577,44.230769230769226,NET_SHORT,NEUTRAL,False,223591,849681,-626090,-18.428466180236867,-3075.0,-0.6075292186280253,-0.23532680060364555,30.76923076923077,NET_SHORT,NEUTRAL,False,247033,162492,84541,333972,329334,4638,89555.0,52,26,True,True,False,False
13874A,E-MINI S&P 500,2013-06-18,2013-06-25,3746507,1512577,537360,975217,26.030032774528383,35631.0,1.171894612037683,-0.005663827704326713,92.3076923076923,NET_LONG,HIGH,False,496613,974240,-477627,-12.748594891187977,-74952.0,-1.007980682163592,-0.10463186635050468,19.230769230769234,NET_SHORT,LOW,False,213675,875204,-661529,-17.6572204456044,-35439.0,-0.7963023317658722,-0.049904018000537946,21.153846153846153,NET_SHORT,LOW,False,245435,169621,75814,421220,333095,88125,349100.0,52,26,True,True,False,False
13874A,E-MINI S&P 500,2013-06-25,2013-07-02,2729204,1320813,652266,668547,24.496043535038055,-306670.0,-0.925389969959021,-0.3835488121924583,19.230769230769234,NET_LONG,LOW,False,452291,691189,-238898,-8.753394762722024,238729.0,1.3182888264303314,1.0103180016305433,92.3076923076923,NET_SHORT,HIGH,False,109099,686912,-577813,-21.171484432823636,83716.0,-0.2312928873687532,-0.7416967884154689,59.61538461538461,NET_SHORT,NEUTRAL,False,202332,177144,25188,341709,218733,122976,-1017303.0,52,26,True,True,False,False
13874A,E-MINI S&P 500,2013-07-02,2013-07-09,2707222,1268769,597541,671228,24.79397699930039,2681.0,-0.9470506398229055,-0.3448783150885779,23.076923076923077,NET_LONG,LOW,False,493046,729018,-235972,-8.71638897733544,2926.0,1.293369294666884,0.982581878112551,92.3076923076923,NET_SHORT,HIGH,False,118645,672799,-554154,-20.469470180132994,23659.0,-0.042656620215824635,-0.5633750223411107,67.3076923076923,NET_SHORT,NEUTRAL,False,189694,179147,10547,327213,218862,108351,-21982.0,52,26,True,True,False,False
13874A,E-MINI S&P 500,2013-07-09,2013-07-16,2723676,1310487,564527,745960,27.38798594252767,74732.0,-0.46800460576247105,0.21744651183517527,32.69230769230769,NET_LONG,NEUTRAL,False,482750,773317,-290567,-10.668192545662553,-54595.0,0.730685397914715,0.38637536706460324,78.84615384615384,NET_SHORT,HIGH,False,107603,696341,-588738,-21.615566609244272,-34584.0,-0.24247889060725986,-0.7844541965064492,51.92307692307693,NET_SHORT,NEUTRAL,False,182089,172560,9529,351123,227307,123816,16454.0,52,26,True,True,False,False
13874A,E-MINI S&P 500,2013-07-16,2013-07-23,2784081,1331030,544407,786623,28.25431443984568,40663.0,-0.21744912390838597,0.39140405093054254,38.46153846153847,NET_LONG,NEUTRAL,False,496752,808545,-311793,-11.199135369983848,-21226.0,0.4931984595607979,0.19513907895819757,69.23076923076923,NET_SHORT,NEUTRAL,False,99875,746152,-646277,-23.21329731426636,-57539.0,-0.626559503221047,-1.1211169820016307,23.076923076923077,NET_SHORT,LOW,False,220946,164774,56172,340800,225525,115275,60405.0,52,26,True,True,False,False
13874A,E-MINI S&P 500,2013-07-23,2013-07-30,2813229,1368069,517924,850145,30.219544871747022,63522.0,0.2361607902605805,0.8569966661688414,57.692307692307686,NET_LONG,NEUTRAL,False,500058,825097,-325039,-11.553947439046022,-13246.0,0.3317095496081653,0.049979674583090286,59.61538461538461,NET_SHORT,NEUTRAL,False,94777,774049,-679272,-24.145634784797114,-32995.0,-0.8662153239324909,-1.3399794492608461,17.307692307692307,NET_SHORT,LOW,False,228742,169627,59115,319796,224745,95051,29148.0,52,26,True,True,False,False
13874A,E-MINI S&P 500,2013-07-30,2013-08-06,2840740,1377587,514013,863574,30.399614185036295,13429.0,0.31483829224559734,0.8711207530920967,59.61538461538461,NET_LONG,NEUTRAL,False,523448,816102,-292654,-10.302033977062315,32385.0,0.637099011264541,0.42278495064643906,76.92307692307693,NET_SHORT,HIGH,False,103082,803424,-700342,-24.653505776663827,-21070.0,-1.01174770833673,-1.4233256215522267,11.538461538461538,NET_SHORT,LOW,False,219643,159297,60346,303711,234635,69076,27511.0,52,26,True,True,False,False
13874A,E-MINI S&P 500,2013-08-06,2013-08-13,2844836,1368867,511183,857684,30.148802953843383,-5890.0,0.22981180928071335,0.7733951979343756,57.692307692307686,NET_LONG,NEUTRAL,False,480094,806961,-326867,-11.489836320968942,-34213.0,0.26530726816990097,0.012623381753256595,55.769230769230774,NET_SHORT,NEUTRAL,False,104133,774828,-670695,-23.57587572710694,29647.0,-0.7349125005999844,-1.1149857287779275,21.153846153846153,NET_SHORT,LOW,False,235003,168027,66976,304137,231235,72902,4096.0,52,26,True,True,False,False
13874A,E-MINI S&P 500,2013-08-13,2013-08-20,2876427,1348028,523267,824761,28.673107295961277,-32923.0,-0.09603708396913847,0.350703218617364,44.230769230769226,NET_LONG,NEUTRAL,False,481953,818942,-336989,-11.71554153816523,-10122.0,0.12746268838599314,-0.10592867351050941,46.15384615384615,NET_SHORT,NEUTRAL,False,103128,755084,-651956,-22.665480472822708,18739.0,-0.5454123556837092,-0.8579314287547815,28.846153846153843,NET_SHORT,NEUTRAL,False,236911,185037,51874,339305,226995,112310,31591.0,52,26,True,True,False,False
13874A,E-MINI S&P 500,2013-08-20,2013-08-27,2929661,1303650,554018,749632,25.587670382341166,-75129.0,-0.8134153664260485,-0.5137613017613515,26.923076923076923,NET_LONG,NEUTRAL,False,493736,794775,-301039,-10.27555747917592,35950.0,0.48074334911882177,0.35794408208660217,73.07692307692307,NET_SHORT,NEUTRAL,False,115904,790014,-674110,-23.009829464910787,-22154.0,-0.7313439039294158,-0.9350878651388096,21.153846153846153,NET_SHORT,LOW,False,234160,160464,73696,371685,219864,151821,53234.0,52,26,True,True,False,False
13874A,E-MINI S&P 500,2013-08-27,2013-09-03,2996973,1271977,562171,709806,23.684097254129416,-39826.0,-1.1941098792308769,-1.0529575921558838,19.230769230769234,NET_LONG,LOW,False,535998,833694,-297696,-9.93322262162522,3343.0,0.48792056643900755,0.4508637304823564,73.07692307692307,NET_SHORT,NEUTRAL,False,119528,783260,-663732,-22.146746066781382,10378.0,-0.6123899476162078,-0.6746165339289993,28.846153846153843,NET_SHORT,NEUTRAL,False,237918,175132,62786,420753,231917,188836,67312.0,52,26,True,True,False,False
13874A,E-MINI S&P 500,2013-09-03,2013-09-10,2986537,1245045,538739,706306,23.649665147292666,-3500.0,-1.2480827552593807,-1.0923879551771989,17.307692307692307,NET_LONG,LOW,False,561164,874630,-313466,-10.495969077228912,-15770.0,0.26848756370632065,0.19545096558490063,59.61538461538461,NET_SHORT,NEUTRAL,False,117301,764366,-647065,-21.666063403868762,16667.0,-0.41572504564740853,-0.5179609112065908,34.61538461538461,NET_SHORT,NEUTRAL,False,194244,178340,15904,474537,236216,238321,-10436.0,52,26,True,True,False,False
13874A,E-MINI S&P 500,2013-09-10,2013-09-17,3044856,1248943,483147,765796,25.150483306928145,59490.0,-0.7062494129076589,-0.7017062367682482,26.923076923076923,NET_LONG,NEUTRAL,False,552131,895934,-343803,-11.291272887781885,-30337.0,-0.1637833875392918,-0.18547566064832605,36.53846153846153,NET_SHORT,NEUTRAL,False,114822,739632,-624810,-20.520182235219007,22255.0,-0.06984046040154004,-0.048290185134805444,50.0,NET_SHORT,NEUTRAL,False,176096,204228,-28132,495120,264171,230949,58319.0,52,26,True,True,False,False
13874A,E-MINI S&P 500,2013-09-17,2013-09-24,3337625,1270304,482837,787467,23.59363319725853,21671.0,-0.4909900174223682,-1.1631410348367939,32.69230769230769,NET_LONG,NEUTRAL,False,588831,889937,-301106,-9.02156473540317,42697.0,0.36852958148523235,0.7701402094604518,69.23076923076923,NET_SHORT,NEUTRAL,False,115269,811884,-696615,-20.87157784352646,-71805.0,-1.1744072128631031,-0.13843846786865702,13.461538461538462,NET_SHORT,LOW,False,177086,217309,-40223,523458,272981,250477,292769.0,52,26,True,True,False,False
13874A,E-MINI S&P 500,2013-09-24,2013-10-01,2624099,1227767,470480,757287,28.858934056984893,-30180.0,-0.7710910998909329,0.36475365412811084,26.923076923076923,NET_LONG,NEUTRAL,False,430914,717646,-286732,-10.92687432905542,14374.0,0.5639541340900815,-0.059545799176475185,80.76923076923077,NET_SHORT,HIGH,False,130688,751414,-620726,-23.654823998637248,75889.0,0.09578771094215198,-1.4297552268103508,57.692307692307686,NET_SHORT,NEUTRAL,False,189462,158146,31316,316413,197558,118855,-713526.0,52,26,True,True,False,False
13874A,E-MINI S&P 500,2013-10-01,2013-10-08,2623895,1181053,457618,723435,27.57103466411575,-33852.0,-1.067990897487543,-0.009353206327987045,19.230769230769234,NET_LONG,LOW,False,450746,699597,-248851,-9.484030420424599,37881.0,1.0569639970184748,0.5617867527776812,88.46153846153845,NET_SHORT,HIGH,False,142674,754365,-611691,-23.31232766555064,9035.0,0.271501511867064,-1.217186143592188,59.61538461538461,NET_SHORT,NEUTRAL,False,194989,163325,31664,302436,196993,105443,-204.0,52,26,True,True,False,False
13874A,E-MINI S&P 500,2013-10-08,2013-10-15,2732549,1173866,491598,682268,24.96818904253867,-41167.0,-1.4044000543573336,-0.7435546709219043,11.538461538461538,NET_LONG,LOW,False,510663,708625,-197962,-7.244591039355562,50889.0,1.6671128418286687,1.4743798125133047,94.23076923076923,NET_SHORT,HIGH,False,159057,811447,-652390,-23.874777725852308,-40699.0,-0.39395938760879884,-1.4192619486149898,34.61538461538461,NET_SHORT,NEUTRAL,False,195105,179104,16001,345275,193192,152083,108654.0,52,26,True,True,False,False
13874A,E-MINI S&P 500,2013-10-15,2013-10-22,2690273,1168072,483840,684232,25.4335526543217,1964.0,-1.334613116136282,-0.5895081811767029,13.461538461538462,NET_LONG,LOW,False,530394,714083,-183689,-6.827894418150128,14273.0,1.7760765261804594,1.5894319447916199,94.23076923076923,NET_SHORT,HIGH,False,151610,785990,-634380,-23.580506513651216,18010.0,-0.07701665496579298,-1.2377630204127188,51.92307692307693,NET_SHORT,NEUTRAL,False,185133,189169,-4036,331953,194080,137873,-42276.0,52,26,True,True,False,False
13874A,E-MINI S&P 500,2013-10-22,2013-10-29,2732821,1220183,474821,745362,27.274453760418265,61130.0,-0.7547019606443464,-0.051844519277931274,25.0,NET_LONG,LOW,False,563340,717566,-154226,-5.643472441114877,29463.0,2.0279615239815225,1.9661620946161553,96.15384615384616,NET_SHORT,EXTREME_HIGH,True,163450,779143,-615693,-22.52957658039074,18687.0,0.26217819834013295,-0.7275446514807109,63.46153846153846,NET_SHORT,NEUTRAL,False,176024,203842,-27818,286518,234143,52375,42548.0,52,26,True,True,False,False
13874A,E-MINI S&P 500,2013-10-29,2013-11-05,2771653,1263419,444183,819236,29.55766829397475,73874.0,-0.07632391501813873,0.6016000758657551,48.07692307692308,NET_LONG,NEUTRAL,False,564238,733867,-169629,-6.1201384155953145,-15403.0,1.7482271049776803,1.6908590117899114,94.23076923076923,NET_SHORT,HIGH,False,137713,780541,-642828,-23.192946591799192,-27135.0,-0.18827581961152778,-0.9931566981397013,42.30769230769231,NET_SHORT,NEUTRAL,False,178877,239744,-60867,286135,232047,54088,38832.0,52,26,True,True,False,False
13874A,E-MINI S&P 500,2013-11-05,2013-11-12,2813333,1238446,442099,796347,28.30617633959435,-22889.0,-0.28181104007954694,0.23366023448945508,44.230769230769226,NET_LONG,NEUTRAL,False,604045,749336,-145291,-5.164372649807186,24338.0,1.9383551234895127,1.960614941096313,96.15384615384616,NET_SHORT,EXTREME_HIGH,True,144346,790451,-646105,-22.965820256613775,-3277.0,-0.23047475626311728,-0.8591263103403329,42.30769230769231,NET_SHORT,NEUTRAL,False,174532,243786,-69254,292303,228000,64303,41680.0,52,26,True,True,False,False
13874A,E-MINI S&P 500,2013-11-12,2013-11-19,2811253,1234070,432708,801362,28.50550982070984,5015.0,-0.2718329361533394,0.2579238566239434,44.230769230769226,NET_LONG,NEUTRAL,False,614815,744366,-129551,-4.60830099603273,15740.0,2.06797655195736,2.1256717240757204,100.0,NET_SHORT,EXTREME_HIGH,True,152546,758523,-605977,-21.55540607693438,40128.0,0.4741369240091077,-0.20086306881234958,73.07692307692307,NET_SHORT,NEUTRAL,False,173230,269170,-95940,272022,241916,30106,-2080.0,52,26,True,True,False,False
13874A,E-MINI S&P 500,2013-11-19,2013-11-26,2882916,1235657,441636,794021,27.542287045477565,-7341.0,-0.37131758257331027,-0.06795704320689856,40.38461538461539,NET_LONG,NEUTRAL,False,612867,754914,-142047,-4.927198711304804,-12496.0,1.835088867573179,1.9109555816155366,94.23076923076923,NET_SHORT,HIGH,False,171439,774377,-602938,-20.914171623453477,3039.0,0.5390074446602385,0.11455817569249808,75.0,NET_SHORT,HIGH,False,177777,287371,-109594,296767,236209,60558,71663.0,52,26,True,True,False,False
13874A,E-MINI S&P 500,2013-11-26,2013-12-03,2864468,1228915,442665,786250,27.448377848871065,-7771.0,-0.4694079341597466,-0.1315612151715415,34.61538461538461,NET_LONG,NEUTRAL,False,620191,751708,-131517,-4.591323764133515,10530.0,1.8541139169337149,1.92925511664134,98.07692307692307,NET_SHORT,EXTREME_HIGH,True,167228,768321,-601093,-20.984455054132216,1845.0,0.5813361754749733,0.10435172074601018,76.92307692307693,NET_SHORT,HIGH,False,174172,271692,-97520,270627,226747,43880,-18448.0,52,26,True,True,False,False
13874A,E-MINI S&P 500,2013-12-03,2013-12-10,2917291,1198799,435472,763327,26.165610492748236,-22923.0,-0.7174558663159185,-0.588626514977503,28.846153846153843,NET_LONG,NEUTRAL,False,645803,750461,-104658,-3.5875063543540904,26859.0,2.0472005471406667,2.1776244878617614,100.0,NET_SHORT,EXTREME_HIGH,True,180859,748637,-567778,-19.46250819681684,33315.0,1.1318698891287662,0.8076137251951339,86.53846153846155,NET_SHORT,HIGH,False,166713,301556,-134843,268286,224334,43952,52823.0,52,26,True,True,False,False
13874A,E-MINI S&P 500,2013-12-10,2013-12-17,2947491,1223235,433406,789829,26.7966551891083,26502.0,-0.4909634201604672,-0.44257023939279777,38.46153846153847,NET_LONG,NEUTRAL,False,607440,748668,-141228,-4.791465012106907,-36570.0,1.674709152795526,1.7895007367191462,92.3076923076923,NET_SHORT,HIGH,False,191914,801520,-609606,-20.682200556337577,-41828.0,0.3786285019456111,0.23297706935123577,67.3076923076923,NET_SHORT,NEUTRAL,False,167583,276593,-109010,312437,242422,70015,30200.0,52,26,True,True,False,False
13874A,E-MINI S&P 500,2013-12-17,2013-12-24,3368625,1230888,476882,754006,22.383197892315113,-35823.0,-0.8546417327760663,-1.9982753920425842,23.076923076923077,NET_LONG,LOW,False,660265,698476,-38211,-1.134320382945564,103017.0,2.600664278842174,2.8656476480808544,100.0,NET_SHORT,EXTREME_HIGH,True,176411,848422,-672011,-19.949118705703366,-62405.0,-0.7246604728108126,0.5732995406901218,21.153846153846153,NET_SHORT,LOW,False,162294,281946,-119652,278372,202504,75868,421134.0,52,26,True,True,False,False
13874A,E-MINI S&P 500,2013-12-24,2013-12-31,2750132,1302504,408159,894345,32.52007540001716,140339.0,0.5507951937976494,1.5232616774492223,67.3076923076923,NET_LONG,NEUTRAL,False,504329,774351,-270022,-9.818510529676395,-231811.0,0.31248289953887826,0.06928686846109786,73.07692307692307,NET_SHORT,NEUTRAL,False,230168,843900,-613732,-22.316456082835295,58279.0,0.2942432887579254,-0.5414775529565257,63.46153846153846,NET_SHORT,NEUTRAL,False,202797,235040,-32243,240561,218909,21652,-618493.0,52,26,True,True,False,False
13874A,E-MINI S&P 500,2013-12-31,2014-01-07,2789364,1309577,389137,920440,32.99820317463049,26095.0,0.7876526067215533,1.621751357467123,76.92307692307693,NET_LONG,HIGH,False,519279,780883,-261604,-9.37862537840167,8418.0,0.38613589446690255,0.20056852224850935,73.07692307692307,NET_SHORT,NEUTRAL,False,226679,814872,-588193,-21.086993307434955,25539.0,0.723455001480022,0.01689959734919461,82.6923076923077,NET_SHORT,HIGH,False,202913,259198,-56285,236603,250961,-14358,39232.0,52,26,True,True,False,False
13874A,E-MINI S&P 500,2014-01-07,2014-01-14,2790363,1315307,389102,926205,33.19299316970587,5765.0,0.832089905531087,1.6502615461946337,80.76923076923077,NET_LONG,HIGH,False,512931,764062,-251131,-8.999940151155961,10473.0,0.469116851972777,0.3012915619994971,73.07692307692307,NET_SHORT,NEUTRAL,False,215413,864500,-649087,-23.261740497562503,-60894.0,-0.3265600658785632,-0.9831760486339853,36.53846153846153,NET_SHORT,NEUTRAL,False,209876,247858,-37982,242502,230507,11995,999.0,52,26,True,True,False,False
13874A,E-MINI S&P 500,2014-01-14,2014-01-21,2885511,1349206,395064,954142,33.066656131271024,27937.0,1.089977069558749,1.5782731431338142,86.53846153846155,NET_LONG,HIGH,False,543684,830570,-286886,-9.942294449752573,-35755.0,0.09564889051281182,-0.03389327845313849,63.46153846153846,NET_SHORT,NEUTRAL,False,233338,880848,-647510,-22.44004614780536,1577.0,-0.2710628818859162,-0.5725899275841675,38.46153846153847,NET_SHORT,NEUTRAL,False,213376,254283,-40907,240151,218990,21161,95148.0,52,26,True,True,False,False
13874A,E-MINI S&P 500,2014-01-21,2014-01-28,2871444,1341463,402426,939037,32.702605379035774,-15105.0,0.9464833163717494,1.4531929092120701,84.61538461538461,NET_LONG,HIGH,False,517028,865161,-348133,-12.123969682152952,-61247.0,-0.5334886157424874,-0.7842822525630413,26.923076923076923,NET_SHORT,NEUTRAL,False,244770,887235,-642465,-22.37428276504783,5045.0,-0.13701577742956123,-0.512437178167913,48.07692307692308,NET_SHORT,NEUTRAL,False,212482,211710,772,248525,197736,50789,-14067.0,52,26,True,True,False,False
13874A,E-MINI S&P 500,2014-01-28,2014-02-04,2912005,1263308,436765,826543,28.383982857172292,-112494.0,-0.13599061826253261,0.08109852917870901,50.0,NET_LONG,NEUTRAL,False,557384,873135,-315751,-10.843078909548575,32382.0,-0.24116749755663464,-0.39391764078612546,46.15384615384615,NET_SHORT,NEUTRAL,False,228418,863379,-634961,-21.804941955800214,7504.0,0.040939260311646734,-0.20336706648647448,53.84615384615385,NET_SHORT,NEUTRAL,False,199201,210434,-11233,322428,187026,135402,40561.0,52,26,True,True,False,False
13874A,E-MINI S&P 500,2014-02-04,2014-02-11,2985967,1226807,490647,736160,24.653989813015347,-90383.0,-1.0189600024441352,-1.1371353049283355,15.384615384615385,NET_LONG,LOW,False,599042,914463,-315421,-10.563445610751893,330.0,-0.25945708335726353,-0.3220640150117769,46.15384615384615,NET_SHORT,NEUTRAL,False,224615,856374,-631759,-21.157601540807384,3202.0,0.13327542505058856,0.1481992685498307,57.692307692307686,NET_SHORT,NEUTRAL,False,207068,192689,14379,386534,189893,196641,73962.0,52,26,True,True,False,False
13874A,E-MINI S&P 500,2014-02-11,2014-02-18,3078305,1285435,436064,849371,27.592165168818557,113211.0,0.14949190984292682,-0.1318251851545106,53.84615384615385,NET_LONG,NEUTRAL,False,551982,999244,-447262,-14.529489443053889,-131841.0,-1.6284106166428893,-1.714620538470219,5.769230769230769,NET_SHORT,LOW,False,242962,858325,-615363,-19.99031934782291,16396.0,0.5211147034606665,0.8073361203312902,71.15384615384616,NET_SHORT,NEUTRAL,False,204326,231038,-26712,460245,220279,239966,92338.0,52,26,True,True,False,False
13874A,E-MINI S&P 500,2014-02-18,2014-02-25,3163772,1287102,427487,859615,27.170573606441934,10244.0,0.26332510288515365,-0.265537180261086,63.46153846153846,NET_LONG,NEUTRAL,False,556690,1020978,-464288,-14.675140939359727,-17026.0,-1.75208514111295,-1.7125307764260231,3.8461538461538463,NET_SHORT,EXTREME_LOW,True,262169,891338,-629169,-19.886673249526197,-13806.0,0.30076093543048005,0.9723964319892662,59.61538461538461,NET_SHORT,NEUTRAL,False,189841,226748,-36907,512671,241922,270749,85467.0,52,26,True,True,False,False
13874A,E-MINI S&P 500,2014-02-25,2014-03-04,3190988,1237923,455667,782256,24.51453907065774,-77359.0,-0.5179344142768467,-1.1409438045049256,34.61538461538461,NET_LONG,NEUTRAL,False,573234,1003564,-430330,-13.485791861329469,33958.0,-1.382033737292972,-1.277300510793205,11.538461538461538,NET_SHORT,LOW,False,267709,914035,-646326,-20.254729883033093,-17157.0,-0.06993086088719283,0.8047307485621267,42.30769230769231,NET_SHORT,NEUTRAL,False,206324,228556,-22232,543765,227133,316632,27216.0,52,26,True,True,False,False
13874A,E-MINI S&P 500,2014-03-04,2014-03-11,3301075,1260456,450879,809577,24.524647273994077,27321.0,-0.2511480966443984,-1.1671209952899388,48.07692307692308,NET_LONG,NEUTRAL,False,601829,1051941,-450112,-13.635315768348189,-19782.0,-1.5180535647511326,-1.2791384970245303,7.6923076923076925,NET_SHORT,LOW,False,300681,919010,-618329,-18.731140613285067,27997.0,0.5969954866594354,1.7404387894472053,73.07692307692307,NET_SHORT,NEUTRAL,False,197569,245139,-47570,544062,237628,306434,110087.0,52,26,True,True,False,False
13874A,E-MINI S&P 500,2014-03-11,2014-03-18,3368513,1276794,437763,839031,24.908052900493484,29454.0,0.041600908472098734,-1.126176397850753,53.84615384615385,NET_LONG,NEUTRAL,False,559171,1035810,-476639,-14.149834066248223,-26527.0,-1.702670302860642,-1.3914087313305468,3.8461538461538463,NET_SHORT,EXTREME_LOW,True,285700,910100,-624400,-18.536369015052042,-6071.0,0.4463047672084267,1.967978960011722,65.38461538461539,NET_SHORT,NEUTRAL,False,196952,263080,-66128,574112,245976,328136,67438.0,52,26,True,True,False,False
13874A,E-MINI S&P 500,2014-03-18,2014-03-25,3878357,1301308,458725,842583,21.725256339217868,3552.0,0.07997876454297377,-2.1245799851908562,55.769230769230774,NET_LONG,NEUTRAL,False,632513,1037709,-405196,-10.447619958657752,71443.0,-0.9932909293975619,-0.17573040160182396,19.230769230769234,NET_SHORT,LOW,False,294591,969417,-674826,-17.399790684560497,-50426.0,-0.7045544969457819,2.475866856702969,19.230769230769234,NET_SHORT,LOW,False,206826,278884,-72058,557664,248167,309497,509844.0,52,26,True,True,False,False
13874A,E-MINI S&P 500,2014-03-25,2014-04-01,2801131,1351769,376532,975237,34.81582974876934,132654.0,1.423717608658353,2.272707553391382,94.23076923076923,NET_LONG,HIGH,False,446653,875058,-428405,-15.294000887498656,-23209.0,-1.1907560756865745,-1.7213071647483638,17.307692307692307,NET_SHORT,LOW,False,218619,818898,-600279,-21.429879573643646,74547.0,1.0181702994958561,0.0844414149296195,90.38461538461539,NET_SHORT,HIGH,False,226942,213530,13412,256783,216748,40035,-1077226.0,52,26,True,True,False,False
13874A,E-MINI S&P 500,2014-04-01,2014-04-08,2801019,1341138,368907,972231,34.709903788585514,-3006.0,1.368580790957105,2.128560527468496,90.38461538461539,NET_LONG,HIGH,False,471774,846655,-374881,-13.383736418781881,53524.0,-0.6921965414095481,-1.0988202277569805,26.923076923076923,NET_SHORT,NEUTRAL,False,218892,840808,-621916,-22.203205333487563,-21637.0,0.5147582223004811,-0.3571871008343648,69.23076923076923,NET_SHORT,NEUTRAL,False,204141,224523,-20382,272365,227417,44948,-112.0,52,26,True,True,False,False
13874A,E-MINI S&P 500,2014-04-08,2014-04-15,2760817,1322107,391072,931035,33.72316962696188,-41196.0,0.9354645049853344,1.7333188310685375,78.84615384615384,NET_LONG,HIGH,False,423830,823723,-399893,-14.48458916328029,-25012.0,-0.9086537338752612,-1.4046594116923352,25.0,NET_SHORT,LOW,False,212307,859101,-646794,-23.42763029929184,-24878.0,-0.07139068712974801,-1.0545575206375903,42.30769230769231,NET_SHORT,NEUTRAL,False,216651,167733,48918,272698,205964,66734,-40202.0,52,26,True,True,False,False
13874A,E-MINI S&P 500,2014-04-15,2014-04-22,2808434,1296443,410920,885523,31.53084601596477,-45512.0,0.49040206228235655,1.0464763182403718,69.23076923076923,NET_LONG,NEUTRAL,False,467503,843015,-375512,-13.37086789292538,24381.0,-0.6696535646400874,-1.0267837247242395,28.846153846153843,NET_SHORT,NEUTRAL,False,222387,834138,-611751,-21.78263758379225,35043.0,0.7138310813221574,-0.10073730659579341,78.84615384615384,NET_SHORT,HIGH,False,214555,184214,30341,289646,218247,71399,47617.0,52,26,True,True,False,False
13874A,E-MINI S&P 500,2014-04-22,2014-04-29,2793289,1275479,384703,890776,31.88986173646909,5253.0,0.5398107981959104,1.125754736851459,69.23076923076923,NET_LONG,NEUTRAL,False,501410,844658,-343248,-12.288309587729733,32264.0,-0.36824699399978744,-0.6788209656084934,36.53846153846153,NET_SHORT,NEUTRAL,False,218761,835912,-617151,-22.094061874729036,-5400.0,0.5654999559791828,-0.28270975201349974,71.15384615384616,NET_SHORT,NEUTRAL,False,202716,197965,4751,288717,223845,64872,-15145.0,52,26,True,True,False,False
13874A,E-MINI S&P 500,2014-04-29,2014-05-06,2852227,1265628,378667,886961,31.097139182821003,-3815.0,0.5044631643190762,0.8672359989750503,69.23076923076923,NET_LONG,NEUTRAL,False,501794,837504,-335710,-11.77010104735703,7538.0,-0.2866709797434976,-0.49886852626121336,40.38461538461539,NET_SHORT,NEUTRAL,False,228751,870105,-641354,-22.486078422229365,-24203.0,-0.03810094933568666,-0.5265928806274505,48.07692307692308,NET_SHORT,NEUTRAL,False,213917,207543,6374,297495,213766,83729,58938.0,52,26,True,True,False,False
13874A,E-MINI S&P 500,2014-05-06,2014-05-13,2851024,1282981,391718,891263,31.26115388716475,4302.0,0.5564164068650872,0.8963749927512378,73.07692307692307,NET_LONG,NEUTRAL,False,488370,872421,-384051,-13.47063370915152,-48341.0,-0.7214029638956051,-0.9984058773328427,26.923076923076923,NET_SHORT,NEUTRAL,False,237090,800126,-563036,-19.74855350218027,78318.0,1.785809453763735,1.0595651830615993,98.07692307692307,NET_SHORT,EXTREME_HIGH,True,207172,212151,-4979,283389,222586,60803,-1203.0,52,26,True,True,False,False
13874A,E-MINI S&P 500,2014-05-13,2014-05-20,2952843,1297456,379967,917489,31.07137765197811,26226.0,0.8391540035489221,0.8238444903316468,76.92307692307693,NET_LONG,HIGH,False,508172,899972,-391800,-13.268568630299683,-7749.0,-0.7903784866345182,-0.9200473672189999,26.923076923076923,NET_SHORT,NEUTRAL,False,230187,840324,-610137,-20.66269693309126,-47101.0,0.6191724146474248,0.50857980887516,78.84615384615384,NET_SHORT,HIGH,False,210109,220239,-10130,330705,236127,94578,101819.0,52,26,True,True,False,False
13874A,E-MINI S&P 500,2014-05-20,2014-05-27,2964178,1271398,385608,885790,29.883158163915937,-31699.0,0.5724774482733711,0.48133930963064736,69.23076923076923,NET_LONG,NEUTRAL,False,487688,926725,-439037,-14.811424954911615,-47237.0,-1.225379281733853,-1.366628467214895,13.461538461538462,NET_SHORT,LOW,False,250143,822003,-571860,-19.2923636839623,38277.0,1.581265553710272,1.260331729210557,94.23076923076923,NET_SHORT,HIGH,False,209324,209721,-397,351704,226200,125504,11335.0,52,26,True,True,False,False
13874A,E-MINI S&P 500,2014-05-27,2014-06-03,3042386,1301021,382356,918665,30.195543892195136,32875.0,1.0173357671498042,0.5879946379426587,80.76923076923077,NET_LONG,HIGH,False,510091,914835,-404744,-13.303505866776932,34293.0,-0.9284791450849204,-0.9121213686480716,21.153846153846153,NET_SHORT,LOW,False,241663,870547,-628884,-20.670749865401696,-57024.0,-0.0019401850927601996,0.44083441745039,50.0,NET_SHORT,NEUTRAL,False,230555,227840,2715,365519,253271,112248,78208.0,52,26,True,True,False,False
13874A,E-MINI S&P 500,2014-06-03,2014-06-10,3090854,1344724,381113,963611,31.17620567001871,44946.0,1.5660924433896934,0.8771437473383263,94.23076923076923,NET_LONG,HIGH,False,523101,940213,-417112,-13.495040529251787,-12368.0,-1.0429888779937775,-0.9600969878391121,17.307692307692307,NET_SHORT,LOW,False,249931,903252,-653321,-21.137232622440273,-24437.0,-0.737130127138904,0.20001985569701444,19.230769230769234,NET_SHORT,LOW,False,227898,249384,-21486,380545,252237,128308,48468.0,52,26,True,True,False,False
13874A,E-MINI S&P 500,2014-06-10,2014-06-17,3215901,1334860,364200,970660,30.183143075610847,7049.0,1.6246065192892005,0.5616003544248577,94.23076923076923,NET_LONG,HIGH,False,530797,985490,-454693,-14.138899176311709,-37581.0,-1.3702728133034727,-1.129470070184459,7.6923076923076925,NET_SHORT,LOW,False,282890,907552,-624662,-19.424167597199045,28659.0,0.14529486053678145,1.2508181309156603,55.769230769230774,NET_SHORT,NEUTRAL,False,233118,272717,-39599,419149,270855,148294,125047.0,52,26,True,True,False,False
13874A,E-MINI S&P 500,2014-06-17,2014-06-24,3542606,1297706,374879,922827,26.049382855445963,-47833.0,1.1039291091256758,-0.681146535417824,84.61538461538461,NET_LONG,HIGH,False,583446,1040648,-457202,-12.905810016693925,-2509.0,-1.4047297849137232,-0.7591866534199387,5.769230769230769,NET_SHORT,LOW,False,316752,902836,-586084,-16.543866295038175,38578.0,1.2809316736789071,2.882036974791326,90.38461538461539,NET_SHORT,HIGH,False,224364,271473,-47109,413664,246096,167568,326705.0,52,26,True,True,False,False
13874A,E-MINI S&P 500,2014-06-24,2014-07-01,2864180,1355296,403350,951946,33.23624911842133,29119.0,1.4025436342240567,1.4187921410703395,90.38461538461539,NET_LONG,HIGH,False,418086,994539,-576453,-20.126283962600116,-119251.0,-2.3281036720665376,-2.6540947428459636,1.9230769230769231,NET_SHORT,EXTREME_LOW,True,259249,746827,-487578,-17.023301608139153,98506.0,3.711866662853125,2.4063024206137116,100.0,NET_SHORT,EXTREME_HIGH,True,220679,187672,33007,304804,225726,79078,-678426.0,52,26,True,True,False,False
13874A,E-MINI S&P 500,2014-07-01,2014-07-08,2941198,1350572,426478,924094,31.41896601316878,-27852.0,1.0420280474549357,0.84251294310451,82.6923076923077,NET_LONG,HIGH,False,459645,991794,-532149,-18.092933559726344,44304.0,-1.8319938610143527,-1.9648638722519371,3.8461538461538463,NET_SHORT,EXTREME_LOW,True,256113,780272,-524159,-17.82127554826299,-36581.0,2.6242949175537214,1.875420908053256,98.07692307692307,NET_SHORT,EXTREME_HIGH,True,230528,202524,28004,331811,227601,104210,77018.0,52,26,True,True,False,False
13874A,E-MINI S&P 500,2014-07-08,2014-07-15,2931095,1342757,406324,936433,31.948230951231537,12339.0,1.1474726211431472,0.9672804683720139,86.53846153846155,NET_LONG,HIGH,False,442266,994698,-552432,-18.84729085887697,-20283.0,-1.893430855780447,-2.036724548425638,3.8461538461538463,NET_SHORT,EXTREME_LOW,True,257411,762293,-504882,-17.22503023614042,19277.0,2.850636876983495,2.057480354818121,98.07692307692307,NET_SHORT,EXTREME_HIGH,True,218102,191407,26695,327431,233245,94186,-10103.0,52,26,True,True,False,False
13874A,E-MINI S&P 500,2014-07-15,2014-07-22,2937915,1341807,403634,938173,31.933292828417432,1740.0,1.1241262135242975,0.9338496902842668,86.53846153846155,NET_LONG,HIGH,False,470996,939589,-468593,-15.949848787320258,83839.0,-1.160047756374506,-1.2490806404647838,9.615384615384617,NET_SHORT,LOW,False,225784,790689,-564905,-19.228092031253457,-60023.0,1.3555320373218929,0.9961574696443719,92.3076923076923,NET_SHORT,HIGH,False,221570,189861,31709,294978,231362,63616,6820.0,52,26,True,True,False,False
13874A,E-MINI S&P 500,2014-07-22,2014-07-29,2959472,1341966,406484,935482,31.609760119372645,-2691.0,1.0598742628795519,0.8263806363949853,82.6923076923077,NET_LONG,HIGH,False,496014,933760,-437746,-14.791354674076999,30847.0,-0.8839262754696652,-0.9322818370105386,23.076923076923077,NET_SHORT,LOW,False,211146,794242,-583096,-19.702703725529418,-18191.0,0.8922495422590947,0.7230992239433627,86.53846153846155,NET_SHORT,HIGH,False,207482,198896,8586,314120,237346,76774,21557.0,52,26,True,True,False,False
13874A,E-MINI S&P 500,2014-07-29,2014-08-05,2972352,1349737,410104,939633,31.612440249337897,4151.0,1.0799076302157258,0.8167141046740477,88.46153846153845,NET_LONG,HIGH,False,479430,968927,-489497,-16.46833887776414,-51751.0,-1.253424640305768,-1.3016620597954418,7.6923076923076925,NET_SHORT,LOW,False,215095,766890,-551795,-18.564254839265338,31301.0,1.5870465339032997,1.2770880786538048,94.23076923076923,NET_SHORT,HIGH,False,210292,201943,8349,326194,232884,93310,12880.0,52,26,True,True,False,False
13874A,E-MINI S&P 500,2014-08-05,2014-08-12,2932157,1273071,450407,822664,28.056614976619603,-116969.0,-0.2960777651513601,-0.21142938430825534,42.30769230769231,NET_LONG,NEUTRAL,False,548417,962171,-413754,-14.11090879512932,75743.0,-0.6335938435891633,-0.7039317232218172,32.69230769230769,NET_SHORT,NEUTRAL,False,198447,733495,-535048,-18.24759042575142,16747.0,1.8890475950368033,1.3898728878284416,94.23076923076923,NET_SHORT,HIGH,False,188211,172308,15903,341256,231021,110235,-40195.0,52,26,True,True,False,False
13874A,E-MINI S&P 500,2014-08-12,2014-08-19,2959433,1288935,462840,826095,27.91396189743103,3431.0,-0.255830278539604,-0.24876154169177123,44.230769230769226,NET_LONG,NEUTRAL,False,523915,986809,-462894,-15.641306966570962,-49140.0,-0.9948965445042168,-1.0499178539615224,15.384615384615385,NET_SHORT,LOW,False,207640,744844,-537204,-18.152260922953822,-2156.0,1.7449510139552193,1.3802916670133314,92.3076923076923,NET_SHORT,HIGH,False,191182,170681,20501,376332,222830,153502,27276.0,52,26,True,True,False,False
13874A,E-MINI S&P 500,2014-08-19,2014-08-26,3004564,1317425,464094,853331,28.401159036718802,27236.0,0.04324933104835753,-0.12310175980016265,51.92307692307693,NET_LONG,NEUTRAL,False,524561,993462,-468901,-15.606290962682106,-6007.0,-1.0073531262176592,-1.0069787735673852,11.538461538461538,NET_SHORT,LOW,False,223217,755120,-531903,-17.703167581053357,5301.0,1.7821215496114948,1.545648834282027,94.23076923076923,NET_SHORT,HIGH,False,192122,180608,11514,377848,241889,135959,45131.0,52,26,True,True,False,False
13874A,E-MINI S&P 500,2014-08-26,2014-09-02,3027601,1322772,464934,857838,28.333918505113452,4507.0,0.06496050089078485,-0.17320443347504855,51.92307692307693,NET_LONG,NEUTRAL,False,517469,952373,-434904,-14.364640519011587,33997.0,-0.7189374160864754,-0.685258493507942,30.76923076923077,NET_SHORT,NEUTRAL,False,233699,786822,-553123,-18.269349230628475,-21220.0,1.2496322968746498,1.203063021517772,86.53846153846155,NET_SHORT,HIGH,False,189840,193558,-3718,374548,240641,133907,23037.0,52,26,True,True,False,False
13874A,E-MINI S&P 500,2014-09-02,2014-09-09,3081045,1309963,465769,844194,27.399599811103055,-13644.0,-0.14047557428993773,-0.4879916559764418,46.15384615384615,NET_LONG,NEUTRAL,False,526007,963340,-437333,-14.194307450881114,-2429.0,-0.71602819764672,-0.6252816056814612,30.76923076923077,NET_SHORT,NEUTRAL,False,253834,787150,-533316,-17.309581651679867,19807.0,1.6200017070531856,1.6148583522687787,92.3076923076923,NET_SHORT,HIGH,False,187292,212437,-25145,400244,248644,151600,53444.0,52,26,True,True,False,False
13874A,E-MINI S&P 500,2014-09-09,2014-09-16,3245197,1303723,476562,827161,25.488776182154737,-17033.0,-0.3768074499009418,-1.082479020182969,40.38461538461539,NET_LONG,NEUTRAL,False,549406,977513,-428107,-13.192018851243853,9226.0,-0.6297572359712146,-0.37635189793333135,38.46153846153847,NET_SHORT,NEUTRAL,False,257194,791151,-533957,-16.45376228315261,-641.0,1.5328514329520688,1.9304236533487151,90.38461538461539,NET_SHORT,HIGH,False,175589,209898,-34309,412120,242908,169212,164152.0,52,26,True,True,False,False
13874A,E-MINI S&P 500,2014-09-16,2014-09-23,3658403,1303740,484859,818881,22.383564631889925,-8280.0,-0.4939547675958439,-2.009640912042529,30.76923076923077,NET_LONG,NEUTRAL,False,582531,1049620,-467089,-12.76756551970901,-38982.0,-0.8990660661170873,-0.25858877616879244,15.384615384615385,NET_SHORT,LOW,False,244003,799048,-555045,-15.171783972405445,-21088.0,1.044450063361711,2.357773445498506,80.76923076923077,NET_SHORT,HIGH,False,185689,206308,-20619,491702,267830,223872,413206.0,52,26,True,True,False,False
13874A,E-MINI S&P 500,2014-09-23,2014-09-30,2799012,1386756,463969,922787,32.96831167569128,103906.0,0.819234009652271,1.1825929390637298,71.15384615384616,NET_LONG,NEUTRAL,False,451038,909420,-458382,-16.376564301975126,8707.0,-0.8039605827659067,-1.085648651106902,21.153846153846153,NET_SHORT,LOW,False,214385,651689,-437304,-15.623512868112034,117741.0,3.2323033836623427,2.040725646234628,100.0,NET_SHORT,EXTREME_HIGH,True,157362,192512,-35150,235649,227600,8049,-859391.0,52,26,True,True,False,False
13874A,E-MINI S&P 500,2014-09-30,2014-10-07,2799895,1352881,476107,876774,31.31453143778606,-46013.0,0.18429452085981227,0.661188098314345,51.92307692307693,NET_LONG,NEUTRAL,False,473681,906028,-432347,-15.44154334358967,26035.0,-0.5805616848577908,-0.8337735418135112,38.46153846153847,NET_SHORT,NEUTRAL,False,200183,633049,-432866,-15.460079752990739,4438.0,2.9617663085758728,2.0029496270228533,100.0,NET_SHORT,EXTREME_HIGH,True,154977,181441,-26464,245607,230704,14903,883.0,52,26,True,True,False,False
13874A,E-MINI S&P 500,2014-10-07,2014-10-14,2775750,1291606,490526,801080,28.859947761866163,-75694.0,-0.917713784004808,-0.10044222649283101,21.153846153846153,NET_LONG,LOW,False,525602,905870,-380268,-13.699648743582815,52079.0,-0.15845522745895366,-0.39766328611515606,59.61538461538461,NET_SHORT,NEUTRAL,False,208740,610591,-401851,-14.477204359182203,31015.0,3.1288827305719122,2.293924440737763,100.0,NET_SHORT,EXTREME_HIGH,True,154529,174881,-20352,232038,230647,1391,-24145.0,52,26,True,True,False,False
13874A,E-MINI S&P 500,2014-10-14,2014-10-21,2829396,1282618,532029,750589,26.52824136317433,-50491.0,-1.7239415391916848,-0.8236067728379026,5.769230769230769,NET_LONG,LOW,False,548439,890818,-342379,-12.100780519941358,37889.0,0.16153149099187897,0.007810486662247658,69.23076923076923,NET_SHORT,NEUTRAL,False,198048,646707,-448659,-15.857059245153382,-46808.0,2.1909335205160545,1.639144201052931,94.23076923076923,NET_SHORT,HIGH,False,159398,188285,-28887,284792,215456,69336,53646.0,52,26,True,True,False,False
13874A,E-MINI S&P 500,2014-10-21,2014-10-28,2829815,1299141,526142,772999,27.316237987288922,22410.0,-1.4171067107824933,-0.5819466837085571,9.615384615384617,NET_LONG,LOW,False,448436,991619,-543183,-19.19500037988349,-200804.0,-1.3747923409866556,-1.6426124688320276,5.769230769230769,NET_SHORT,LOW,False,232412,590561,-358149,-12.656269049390154,90510.0,3.188372223770429,2.737598414723107,100.0,NET_SHORT,EXTREME_HIGH,True,149879,177149,-27270,395965,240362,155603,419.0,52,26,True,True,False,False
13874A,E-MINI S&P 500,2014-10-28,2014-11-04,2882162,1322616,540770,781846,27.12706641750186,8847.0,-1.2597293039460042,-0.6233736242969927,11.538461538461538,NET_LONG,LOW,False,479376,970197,-490821,-17.029611798365256,52362.0,-0.924927974199786,-1.081266425812863,9.615384615384617,NET_SHORT,LOW,False,225881,639247,-413366,-14.342219486621502,-55217.0,2.235358863948869,1.9618300335617984,96.15384615384616,NET_SHORT,EXTREME_HIGH,True,150666,183328,-32662,386187,231184,155003,52347.0,52,26,True,True,False,False
13874A,E-MINI S&P 500,2014-11-04,2014-11-11,2879808,1299927,552977,746950,25.937493055092563,-34896.0,-1.7307964890516396,-0.9651690891046436,3.8461538461538463,NET_LONG,EXTREME_LOW,True,530110,842597,-312487,-10.85096645331911,178334.0,0.5620609923802052,0.46929393894545585,80.76923076923077,NET_SHORT,HIGH,False,214552,716205,-501653,-17.419668255661488,-88287.0,0.9881419673520102,0.7239985859430745,86.53846153846155,NET_SHORT,HIGH,False,150900,187171,-36271,329074,225613,103461,-2354.0,52,26,True,True,False,False
13874A,E-MINI S&P 500,2014-11-11,2014-11-18,2920705,1321920,540380,781540,26.758607938836686,34590.0,-1.2132275055382211,-0.7026631727943652,13.461538461538462,NET_LONG,LOW,False,554773,837438,-282665,-9.677971585627443,29822.0,0.8677843791141567,0.8185322626310071,84.61538461538461,NET_SHORT,HIGH,False,215477,759476,-543999,-18.625605804078123,-42346.0,0.392780292802064,0.22329160324415612,71.15384615384616,NET_SHORT,NEUTRAL,False,146025,187582,-41557,307582,220901,86681,40897.0,52,26,True,True,False,False
13874A,E-MINI S&P 500,2014-11-18,2014-11-25,3024708,1379330,539515,839815,27.765159479857225,58275.0,-0.3841728282241507,-0.4001722589085098,38.46153846153847,NET_LONG,NEUTRAL,False,573195,835575,-262380,-8.67455635386953,20285.0,1.0992271732282402,1.1338226464096002,88.46153846153845,NET_SHORT,HIGH,False,201516,816968,-615452,-20.3474847820021,-71453.0,-0.5806753834021318,-0.4731587731204844,36.53846153846153,NET_SHORT,NEUTRAL,False,151765,193913,-42148,303737,223572,80165,104003.0,52,26,True,True,False,False
13874A,E-MINI S&P 500,2014-11-25,2014-12-02,3086154,1400287,544616,855671,27.72612773050211,15856.0,-0.17390273701976372,-0.4138857407976876,46.15384615384615,NET_LONG,NEUTRAL,False,581613,847476,-265863,-8.6147029603837,-3483.0,1.136326550994597,1.2147068728301047,88.46153846153845,NET_SHORT,HIGH,False,201794,798118,-596324,-19.322561349822465,19128.0,-0.3207672510323354,-0.07411533032425847,50.0,NET_SHORT,NEUTRAL,False,149568,205878,-56310,301872,239046,62826,61446.0,52,26,True,True,False,False
13874A,E-MINI S&P 500,2014-12-02,2014-12-09,3111438,1378844,541906,836938,26.898752281099608,-18733.0,-0.48312136545209644,-0.6705921255134815,32.69230769230769,NET_LONG,NEUTRAL,False,658053,862859,-204806,-6.582358382201413,61057.0,1.7963044106657897,1.8666055044601428,96.15384615384616,NET_SHORT,EXTREME_HIGH,True,199051,824274,-625223,-20.094342230184242,-28899.0,-0.6973106794243054,-0.3807933379395493,26.923076923076923,NET_SHORT,NEUTRAL,False,143901,203226,-59325,283849,231433,52416,25284.0,52,26,True,True,False,False
13874A,E-MINI S&P 500,2014-12-09,2014-12-16,3105541,1375726,545671,830055,26.728193251996995,-6883.0,-0.6055931502762844,-0.7217400953776661,30.76923076923077,NET_LONG,NEUTRAL,False,642024,785084,-143060,-4.606604775142237,61746.0,2.3991615464444243,2.4326411751725745,98.07692307692307,NET_SHORT,EXTREME_HIGH,True,172600,836098,-663498,-21.36497312384541,-38275.0,-1.1897563289128161,-0.8850967479242214,5.769230769230769,NET_SHORT,LOW,False,139358,206113,-66755,270100,226842,43258,-5897.0,52,26,True,True,False,False
13874A,E-MINI S&P 500,2014-12-16,2014-12-23,3295783,1292526,596170,696356,21.128696883259607,-133699.0,-2.5434396551042338,-2.374612222289918,1.9230769230769231,NET_LONG,EXTREME_LOW,True,707002,723084,-16082,-0.4879568830836254,126978.0,3.579123576009651,3.5756867774090177,100.0,NET_SHORT,EXTREME_HIGH,True,170690,813628,-642938,-19.5078984265651,20560.0,-0.9286814572206434,-0.14163267050305683,15.384615384615385,NET_SHORT,LOW,False,153497,206405,-52908,279215,263643,15572,190242.0,52,26,True,True,False,False
13874A,E-MINI S&P 500,2014-12-23,2014-12-30,2739124,1370315,482957,887358,32.395685627959885,191002.0,0.2812095913965723,0.9902195530800115,59.61538461538461,NET_LONG,NEUTRAL,False,534734,720658,-185924,-6.787717533050712,-169842.0,1.889425910486546,1.7210552856323666,96.15384615384616,NET_SHORT,EXTREME_HIGH,True,192761,838775,-646014,-23.58469350054981,-3076.0,-0.9559720537323178,-1.7470175954251363,15.384615384615385,NET_SHORT,LOW,False,142390,212382,-69992,222287,207715,14572,-556659.0,52,26,True,True,False,False
13874A,E-MINI S&P 500,2014-12-30,2015-01-06,2750182,1378656,465347,913309,33.209038529086435,25951.0,0.6679479392647708,1.2301957612382313,65.38461538461539,NET_LONG,NEUTRAL,False,538445,728081,-189636,-6.895398195464882,-3712.0,1.8065881543182272,1.648423106728338,94.23076923076923,NET_SHORT,HIGH,False,186235,855539,-669304,-24.33671662457248,-23290.0,-1.2304334446150382,-1.9543846057703547,3.8461538461538463,NET_SHORT,EXTREME_LOW,True,142331,201138,-58807,236010,231572,4438,11058.0,52,26,True,True,False,False
13874A,E-MINI S&P 500,2015-01-06,2015-01-13,2749558,1324782,481802,842980,30.658745878428462,-70329.0,-0.35195203015777016,0.49010958542487054,40.38461538461539,NET_LONG,NEUTRAL,False,581047,686216,-105169,-3.824942045230543,84467.0,2.4406203573977083,2.3535491796118913,98.07692307692307,NET_SHORT,EXTREME_HIGH,True,169837,855931,-686094,-24.95288333615803,-16790.0,-1.4277384001019893,-2.1294525496276053,1.9230769230769231,NET_SHORT,EXTREME_LOW,True,122044,207091,-85047,246252,212922,33330,-624.0,52,26,True,True,False,False
13874A,E-MINI S&P 500,2015-01-13,2015-01-20,2714557,1341198,484711,856487,31.551630708067652,13507.0,-0.12481598198564448,0.775437720507541,50.0,NET_LONG,NEUTRAL,False,527316,702010,-174694,-6.4354515303970405,-69525.0,1.7676757682247914,1.6170056657057927,94.23076923076923,NET_SHORT,HIGH,False,169590,799405,-629815,-23.201391608280836,56279.0,-0.6959640831171218,-1.4564463828369119,26.923076923076923,NET_SHORT,NEUTRAL,False,116516,209712,-93196,252107,210889,41218,-35001.0,52,26,True,True,False,False
13874A,E-MINI S&P 500,2015-01-20,2015-01-27,2707586,1305638,492649,812989,30.026340806903274,-43498.0,-0.7523900584416412,0.33006821522735413,21.153846153846153,NET_LONG,LOW,False,499290,686843,-187553,-6.926945256771161,-12859.0,1.5913657077968342,1.4354698909404588,90.38461538461539,NET_SHORT,HIGH,False,166950,792657,-625707,-23.10940446582306,4108.0,-0.6481691205096224,-1.4074571468524355,30.76923076923077,NET_SHORT,NEUTRAL,False,121779,206790,-85011,295391,210109,85282,-6971.0,52,26,True,True,False,False
13874A,E-MINI S&P 500,2015-01-27,2015-02-03,2701901,1325268,474620,850648,31.48331489569751,37659.0,-0.185350800967062,0.7568016799405594,46.15384615384615,NET_LONG,NEUTRAL,False,483251,681386,-198135,-7.333170238287784,-10582.0,1.4567435573229686,1.2968857370753564,86.53846153846155,NET_SHORT,HIGH,False,164167,796636,-632469,-23.408296603021352,-6762.0,-0.7385264889766413,-1.486141326972024,21.153846153846153,NET_SHORT,LOW,False,127041,211991,-84950,280192,215286,64906,-5685.0,52,26,True,True,False,False
13874A,E-MINI S&P 500,2015-02-03,2015-02-10,2734995,1306369,515806,790563,28.905464178179486,-60085.0,-1.148954843904218,-0.05980092135455722,15.384615384615385,NET_LONG,LOW,False,493941,745059,-251118,-9.181662123696753,-52983.0,1.0045114538364148,0.8281087888791634,82.6923076923077,NET_SHORT,HIGH,False,155402,750345,-594943,-21.75298309503308,37526.0,-0.25284640203319847,-0.8751951045551349,53.84615384615385,NET_SHORT,NEUTRAL,False,120882,197348,-76466,354799,222835,131964,33094.0,52,26,True,True,False,False
13874A,E-MINI S&P 500,2015-02-10,2015-02-17,2791625,1300323,521101,779222,27.91284646039493,-11341.0,-1.2850224523854608,-0.37187582814882153,9.615384615384617,NET_LONG,LOW,False,514128,775013,-260885,-9.345273810056867,-9767.0,0.8919145717628351,0.7605450968283213,80.76923076923077,NET_SHORT,HIGH,False,160825,768251,-607426,-21.758868042806608,-12483.0,-0.42110309260366713,-0.8591458582808692,48.07692307692308,NET_SHORT,NEUTRAL,False,120016,194994,-74978,386224,222157,164067,56630.0,52,26,True,True,False,False
13874A,E-MINI S&P 500,2015-02-17,2015-02-24,2811472,1289483,488940,800543,28.474158732507384,21321.0,-0.9303609287289513,-0.20499988533692032,19.230769230769234,NET_LONG,LOW,False,500225,765675,-265450,-9.44167325870576,-4565.0,0.8230838263738204,0.7106254243550174,76.92307692307693,NET_SHORT,HIGH,False,164369,796629,-632260,-22.488575379729905,-24834.0,-0.7500938069706878,-1.0920359745814108,23.076923076923077,NET_SHORT,LOW,False,112940,197257,-84317,399566,218082,181484,19847.0,52,26,True,True,False,False
13874A,E-MINI S&P 500,2015-02-24,2015-03-03,2886254,1316528,494220,822308,28.490493213694982,21765.0,-0.6156460599174575,-0.22846070804837815,26.923076923076923,NET_LONG,NEUTRAL,False,496486,780969,-284483,-9.856478327964204,-19033.0,0.645354197795855,0.590003334396781,71.15384615384616,NET_SHORT,NEUTRAL,False,184975,809846,-624871,-21.649896370866877,7389.0,-0.6602755789009612,-0.7789460123111495,30.76923076923077,NET_SHORT,NEUTRAL,False,106339,222837,-116498,433804,230260,203544,74782.0,52,26,True,True,False,False
13874A,E-MINI S&P 500,2015-03-03,2015-03-10,2982284,1289425,517454,771971,25.88522756384033,-50337.0,-1.3666394671735331,-1.0818456467489816,7.6923076923076925,NET_LONG,LOW,False,526372,811887,-285515,-9.573702571586074,-1032.0,0.6120750848505069,0.6383011173985118,69.23076923076923,NET_SHORT,NEUTRAL,False,202619,794785,-592166,-19.856123695798253,32705.0,-0.23108046119939546,-0.13403346833284305,53.84615384615385,NET_SHORT,NEUTRAL,False,115066,237146,-122080,464571,236781,227790,96030.0,52,26,True,True,False,False
13874A,E-MINI S&P 500,2015-03-10,2015-03-17,3181958,1249496,576237,673259,21.158638800386427,-98712.0,-2.631035730297382,-2.4745090139583743,1.9230769230769231,NET_LONG,EXTREME_LOW,True,547967,895327,-347360,-10.916548867081213,-61845.0,0.09245603277486097,0.2954176242681239,59.61538461538461,NET_SHORT,NEUTRAL,False,231205,798014,-566809,-17.813214379322417,25357.0,0.09386664393761765,0.5858391434091211,59.61538461538461,NET_SHORT,NEUTRAL,False,120443,232495,-112052,595279,242317,352962,199674.0,52,26,True,True,False,False
13874A,E-MINI S&P 500,2015-03-17,2015-03-24,3423320,1254989,597721,657268,19.199724244300853,-15991.0,-2.6142151184282203,-2.9488710266525784,1.9230769230769231,NET_LONG,EXTREME_LOW,True,511369,842592,-331223,-9.675490459553883,16137.0,0.2127156422756954,0.5943618577128713,65.38461538461539,NET_SHORT,NEUTRAL,False,227945,809456,-581511,-16.98675554724653,-14702.0,-0.1302111164580674,0.8741404703285407,55.769230769230774,NET_SHORT,NEUTRAL,False,108340,242866,-134526,626646,236654,389992,241362.0,52,26,True,True,False,False
13874A,E-MINI S&P 500,2015-03-24,2015-03-31,2631895,1284145,521122,763023,28.991392133804727,105755.0,-1.173272390467759,-0.002091880887803585,11.538461538461538,NET_LONG,LOW,False,382354,752678,-370324,-14.070622118283593,-39101.0,-0.11610581102854986,-0.48659422501214505,55.769230769230774,NET_SHORT,NEUTRAL,False,197137,588276,-391139,-14.861497134194183,190372.0,2.2954914690960737,1.5511209751697097,98.07692307692307,NET_SHORT,EXTREME_HIGH,True,115152,209453,-94301,310529,217788,92741,-791425.0,52,26,True,True,False,False
13874A,E-MINI S&P 500,2015-03-31,2015-04-07,2663980,1244945,518005,726940,27.287742400468474,-36083.0,-1.5956702463843884,-0.4941598007797639,7.6923076923076925,NET_LONG,LOW,False,425456,776031,-350575,-13.159821019677326,19749.0,0.04187469960293094,-0.26447086400210074,55.769230769230774,NET_SHORT,NEUTRAL,False,193285,594581,-401296,-15.063776755080744,-10157.0,2.031265232991053,1.4185954170717505,96.15384615384616,NET_SHORT,EXTREME_HIGH,True,114823,206393,-91570,341177,224676,116501,32085.0,52,26,True,True,False,False
13874A,E-MINI S&P 500,2015-04-07,2015-04-14,2671481,1242310,517384,724926,27.13573482274439,-2014.0,-1.5520227094909091,-0.5128219200453941,7.6923076923076925,NET_LONG,LOW,False,411325,755103,-343778,-12.868442635377155,6797.0,0.08883798252852473,-0.20125218916038243,57.692307692307686,NET_SHORT,NEUTRAL,False,182567,612598,-430031,-16.097101195928403,-28735.0,1.595819178855539,1.0261930491092424,90.38461538461539,NET_SHORT,HIGH,False,105591,196457,-90866,371274,231525,139749,7501.0,52,26,True,True,False,False
13874A,E-MINI S&P 500,2015-04-14,2015-04-21,2691356,1264626,517696,746930,27.75292454807168,22004.0,-1.2108573654635189,-0.2928571602193174,11.538461538461538,NET_LONG,LOW,False,431488,748491,-317003,-11.778560695797955,26775.0,0.29910708435275957,0.059323759127395244,65.38461538461539,NET_SHORT,NEUTRAL,False,183909,634271,-450362,-16.73364653356895,-20331.0,1.2908237798427624,0.7737673559311276,82.6923076923077,NET_SHORT,HIGH,False,100868,204799,-103931,359040,234674,124366,19875.0,52,26,True,True,False,False
13874A,E-MINI S&P 500,2015-04-21,2015-04-28,2716999,1248487,537866,710621,26.154628691434922,-36309.0,-1.6070275600834194,-0.7791325525546143,7.6923076923076925,NET_LONG,LOW,False,451535,726909,-275374,-10.135226402365257,41629.0,0.6273590833247852,0.4528062944062126,73.07692307692307,NET_SHORT,NEUTRAL,False,177301,641743,-464442,-17.093933416979542,-14080.0,1.0771689245169616,0.6197928727595048,80.76923076923077,NET_SHORT,HIGH,False,94988,213982,-118994,385100,236911,148189,25643.0,52,26,True,True,False,False
13874A,E-MINI S&P 500,2015-04-28,2015-05-05,2745013,1272620,539431,733189,26.709855290302816,22568.0,-1.264328319254487,-0.572788179141366,13.461538461538462,NET_LONG,LOW,False,447341,731820,-284479,-10.36348461737704,-9105.0,0.5434525754803453,0.3895054665797355,69.23076923076923,NET_SHORT,NEUTRAL,False,180985,643412,-462427,-16.846076867395528,2015.0,1.059973160658459,0.6765628845416868,80.76923076923077,NET_SHORT,HIGH,False,93339,220014,-126675,380335,239943,140392,28014.0,52,26,True,True,False,False
13874A,E-MINI S&P 500,2015-05-05,2015-05-12,2745079,1229592,516499,713093,25.977139455731514,-20096.0,-1.452974511401623,-0.7809302255200787,9.615384615384617,NET_LONG,LOW,False,422587,770747,-348160,-12.683059394647659,-63681.0,0.019075938160293068,-0.18349376314569438,51.92307692307693,NET_SHORT,NEUTRAL,False,187021,592546,-405525,-14.772798888483718,56902.0,1.6646756714328963,1.3555727298757183,92.3076923076923,NET_SHORT,HIGH,False,95242,222018,-126776,416327,248959,167368,66.0,52,26,True,True,False,False
13874A,E-MINI S&P 500,2015-05-12,2015-05-19,2756816,1237641,528117,709524,25.7370821991747,-3569.0,-1.43523990633471,-0.826858837297765,7.6923076923076925,NET_LONG,LOW,False,428068,729143,-301075,-10.921113342348566,47085.0,0.38854824172948627,0.23826705010972934,63.46153846153846,NET_SHORT,NEUTRAL,False,190709,633148,-442439,-16.04891294885114,-36914.0,1.1824981039201823,0.8766130580928266,82.6923076923077,NET_SHORT,HIGH,False,98409,221566,-123157,401271,244124,157147,11737.0,52,26,True,True,False,False
13874A,E-MINI S&P 500,2015-05-19,2015-05-26,2770193,1260746,511579,749167,27.043855789109276,39643.0,-0.9090376921650648,-0.380726174794561,23.076923076923077,NET_LONG,LOW,False,437340,711512,-274172,-9.897216547727902,26903.0,0.583104639269582,0.4680028021685451,73.07692307692307,NET_SHORT,NEUTRAL,False,191466,642469,-451003,-16.280562401247856,-8564.0,1.04524075064062,0.7717261714937433,76.92307692307693,NET_SHORT,HIGH,False,93106,233874,-140768,374904,258128,116776,13377.0,52,26,True,True,False,False
13874A,E-MINI S&P 500,2015-05-26,2015-06-02,2782314,1245080,520935,724145,26.02671732953218,-25022.0,-1.1724262072856675,-0.6882538205310647,13.461538461538462,NET_LONG,LOW,False,417023,752986,-335963,-12.074949125080778,-61791.0,0.06791695639983698,-0.07459386243405988,53.84615384615385,NET_SHORT,NEUTRAL,False,206229,590247,-384018,-13.802108604564403,66985.0,1.7293222865653364,1.555008522725406,98.07692307692307,NET_SHORT,EXTREME_HIGH,True,93177,229917,-136740,389699,257123,132576,12121.0,52,26,True,True,False,False
13874A,E-MINI S&P 500,2015-06-02,2015-06-09,2849220,1258847,538566,720281,25.279936263258012,-3864.0,-1.183972757554938,-0.8980407099021445,13.461538461538462,NET_LONG,LOW,False,443017,741280,-298263,-10.468233411249395,37700.0,0.358536335552604,0.3077744633098178,61.53846153846154,NET_SHORT,NEUTRAL,False,206661,631331,-424670,-14.904780957595412,-40652.0,1.2224374872527408,1.134787192268259,86.53846153846155,NET_SHORT,HIGH,False,96517,238281,-141764,399438,255022,144416,66906.0,52,26,True,True,False,False
13874A,E-MINI S&P 500,2015-06-09,2015-06-16,2971541,1209468,563794,645674,21.728591326857007,-74607.0,-2.0387299022611884,-1.946667219288696,1.9230769230769231,NET_LONG,EXTREME_LOW,True,451318,807197,-355879,-11.976243975768801,-57616.0,-0.13069104364423512,-0.07518721186815992,40.38461538461539,NET_SHORT,NEUTRAL,False,225204,596508,-371304,-12.495334912087701,53366.0,1.7381787742456076,1.8436462359737136,98.07692307692307,NET_SHORT,EXTREME_HIGH,True,94734,226706,-131972,465785,252304,213481,122321.0,52,26,True,True,False,False
13874A,E-MINI S&P 500,2015-06-16,2015-06-23,3213131,1150918,559646,591272,18.401739611612474,-54402.0,-2.5232462462432417,-2.740702646935506,1.9230769230769231,NET_LONG,EXTREME_LOW,True,467464,812754,-345290,-10.746216073978932,10589.0,-0.06148286607625704,0.21945136147766922,46.15384615384615,NET_SHORT,NEUTRAL,False,238184,648064,-409880,-12.75640488980997,-38576.0,1.2566743072563786,1.6894750763972344,86.53846153846155,NET_SHORT,HIGH,False,92253,221986,-129733,575440,281809,293631,241590.0,52,26,True,True,False,False
13874A,E-MINI S&P 500,2015-06-23,2015-06-30,2575407,1237200,485196,752004,29.199423625081394,160732.0,-0.5661432303111753,0.4766022063688181,34.61538461538461,NET_LONG,NEUTRAL,False,342256,812196,-469940,-18.24721296478576,-124650.0,-1.1500266503723398,-1.677746760974524,11.538461538461538,NET_SHORT,LOW,False,239030,483766,-244736,-9.50280868227818,165144.0,2.7865476751632596,2.5127836638173733,100.0,NET_SHORT,EXTREME_HIGH,True,84636,187200,-102564,317591,252355,65236,-637724.0,52,26,True,True,False,False
13874A,E-MINI S&P 500,2015-06-30,2015-07-07,2641281,1178706,519821,658885,24.945660836541055,-93119.0,-1.6487287891438318,-0.7764027609625697,7.6923076923076925,NET_LONG,LOW,False,408673,832735,-424062,-16.05516414194476,45878.0,-0.7918542598007661,-1.1506419338096414,30.76923076923077,NET_SHORT,NEUTRAL,False,247125,472107,-224982,-8.517912331175669,19754.0,2.709624605141319,2.569403052865436,100.0,NET_SHORT,EXTREME_HIGH,True,81393,202977,-121584,354462,242719,111743,65874.0,52,26,True,True,False,False
13874A,E-MINI S&P 500,2015-07-07,2015-07-14,2686827,1190322,531332,658990,24.526700081546,105.0,-1.5916011611186307,-0.8698308764359397,9.615384615384617,NET_LONG,LOW,False,374412,824223,-449811,-16.741345832835535,-25749.0,-1.0625696971485312,-1.3592106386351352,19.230769230769234,NET_SHORT,LOW,False,251554,502113,-250559,-9.325460850289208,-25577.0,2.2952598079967315,2.1911123623643713,96.15384615384616,NET_SHORT,EXTREME_HIGH,True,76374,206440,-130066,430797,259351,171446,45546.0,52,26,True,True,False,False
13874A,E-MINI S&P 500,2015-07-14,2015-07-21,2630905,1188726,523314,665412,25.292133315342056,6422.0,-1.467248356393699,-0.6048512237394349,11.538461538461538,NET_LONG,LOW,False,374328,780160,-405832,-15.42556648757747,43979.0,-0.684512444850892,-1.0225240131537077,32.69230769230769,NET_SHORT,NEUTRAL,False,232843,504513,-271670,-10.326104515366385,-21111.0,1.9815645028688778,1.8211624841774456,94.23076923076923,NET_SHORT,HIGH,False,88467,198878,-110411,385472,262971,122501,-55922.0,52,26,True,True,False,False
13874A,E-MINI S&P 500,2015-07-21,2015-07-28,2651956,1205332,507574,697758,26.311070017752936,32346.0,-1.0309736077152212,-0.25910261533693985,17.307692307692307,NET_LONG,LOW,False,415523,788568,-373045,-14.066786930099894,32787.0,-0.4005755264538629,-0.6736108309538675,34.61538461538461,NET_SHORT,NEUTRAL,False,225981,534887,-308906,-11.648232474445278,-37236.0,1.5846804167665454,1.4173182855709563,92.3076923076923,NET_SHORT,HIGH,False,84007,197876,-113869,368945,270883,98062,21051.0,52,26,True,True,False,False
13874A,E-MINI S&P 500,2015-07-28,2015-08-04,2705198,1164534,539786,624748,23.094353906811996,-73010.0,-1.910608231494364,-1.2373158131065978,3.8461538461538463,NET_LONG,EXTREME_LOW,True,459825,778391,-318566,-11.776069625957138,54479.0,0.07047309412606574,-0.09970046431836407,53.84615384615385,NET_SHORT,NEUTRAL,False,250568,549361,-298793,-11.045143460848337,10113.0,1.5909349562380184,1.5007346566123523,92.3076923076923,NET_SHORT,HIGH,False,86250,202544,-116294,365309,256404,108905,53242.0,52,26,True,True,False,False
13874A,E-MINI S&P 500,2015-08-04,2015-08-11,2711872,1135574,543542,592032,21.831118872867155,-32716.0,-2.1795258116163803,-1.566079963945631,3.8461538461538463,NET_LONG,EXTREME_LOW,True,440861,790537,-349676,-12.89426639605409,-31110.0,-0.234073396599914,-0.4047795459672236,38.46153846153847,NET_SHORT,NEUTRAL,False,283348,529774,-246426,-9.086933306586742,52367.0,1.9050289580926345,1.8754151784619735,96.15384615384616,NET_SHORT,EXTREME_HIGH,True,87421,212253,-124832,393774,264872,128902,6674.0,52,26,True,True,False,False
13874A,E-MINI S&P 500,2015-08-11,2015-08-18,2779583,1154164,558924,595240,21.414722999816878,3208.0,-2.0106614374553824,-1.6159636202902008,5.769230769230769,NET_LONG,LOW,False,446474,825410,-378936,-13.632836292350328,-29260.0,-0.5326732338165495,-0.6178380283688781,28.846153846153843,NET_SHORT,NEUTRAL,False,301589,547455,-245866,-8.845427533554494,560.0,1.8072056708023014,1.8288678252216441,96.15384615384616,NET_SHORT,EXTREME_HIGH,True,86680,205507,-118827,417758,269369,148389,67711.0,52,26,True,True,False,False
13874A,E-MINI S&P 500,2015-08-18,2015-08-25,2843824,1144190,568381,575809,20.247701686180296,-19431.0,-2.107509938409118,-1.8621410238582912,1.9230769230769231,NET_LONG,EXTREME_LOW,True,464642,820367,-355725,-12.508685488272128,23211.0,-0.33762054265961805,-0.33507138318964363,34.61538461538461,NET_SHORT,NEUTRAL,False,313974,577133,-263159,-9.253702057511294,-17293.0,1.596155191694501,1.6515874012463312,90.38461538461539,NET_SHORT,HIGH,False,85078,202652,-117574,428424,267775,160649,64241.0,52,26,True,True,False,False
13874A,E-MINI S&P 500,2015-08-25,2015-09-01,3147605,1085613,745605,340008,10.802117800677022,-235801.0,-3.9805566787357773,-3.8442472233103184,1.9230769230769231,NET_LONG,EXTREME_LOW,True,505566,761525,-255959,-8.131865338884644,99766.0,0.6057751774453836,0.8257217453985929,80.76923076923077,NET_SHORT,HIGH,False,408077,676746,-268669,-8.535664417866917,-5510.0,1.485718651586632,1.721352626933847,88.46153846153845,NET_SHORT,HIGH,False,95320,217470,-122150,596355,289585,306770,303781.0,52,26,True,True,False,False
13874A,E-MINI S&P 500,2015-09-01,2015-09-08,3220963,1001778,787307,214471,6.658598686169323,-125537.0,-4.1687154189777775,-3.973342838181276,1.9230769230769231,NET_LONG,EXTREME_LOW,True,460622,845419,-384797,-11.946644528359997,-128838.0,-0.6760962408436412,-0.2277800474646563,21.153846153846153,NET_SHORT,LOW,False,552055,578294,-26239,-0.8146321457278459,242430.0,2.919188790053235,3.027908423057461,100.0,NET_SHORT,EXTREME_HIGH,True,96279,260697,-164418,655684,294701,360983,73358.0,52,26,True,True,False,False
13874A,E-MINI S&P 500,2015-09-08,2015-09-15,3282448,996867,829955,166912,5.084985352395529,-47559.0,-3.789938935543382,-3.632098350241492,1.9230769230769231,NET_LONG,EXTREME_LOW,True,401426,870770,-469344,-14.298596657129071,-84547.0,-1.491313443822748,-0.8637260871747606,7.6923076923076925,NET_SHORT,LOW,False,601598,490404,111194,3.3875327194825324,137433.0,3.3314849591758464,3.344876697764133,100.0,NET_LONG,EXTREME_HIGH,True,100101,334963,-234862,722647,296547,426100,61485.0,52,26,True,True,False,False
13874A,E-MINI S&P 500,2015-09-15,2015-09-22,3538131,1026253,839326,186927,5.283213086231121,20015.0,-3.2044779319759162,-3.177689385942236,3.8461538461538463,NET_LONG,EXTREME_LOW,True,365093,890865,-525772,-14.860162046006774,-56428.0,-1.9957316473059035,-0.9982508408050095,3.8461538461538463,NET_SHORT,EXTREME_LOW,True,637896,499361,138535,3.9154853226180717,27341.0,3.090482348673975,3.050183633008863,100.0,NET_LONG,EXTREME_HIGH,True,93169,301203,-208034,706233,297889,408344,255683.0,52,26,True,True,False,False
13874A,E-MINI S&P 500,2015-09-22,2015-09-29,2885655,977399,819451,157948,5.473557996364777,-28979.0,-3.031248718705972,-2.852350775912581,1.9230769230769231,NET_LONG,EXTREME_LOW,True,391787,873278,-481491,-16.685674482916358,44281.0,-1.555362619262162,-1.4880827181107228,7.6923076923076925,NET_SHORT,LOW,False,586966,314586,272380,9.439104813291955,133845.0,3.311281421664779,3.388319003818069,100.0,NET_LONG,EXTREME_HIGH,True,99848,208852,-109004,435191,275024,160167,-652476.0,52,26,True,True,False,False
13874A,E-MINI S&P 500,2015-09-29,2015-10-06,2916818,970069,808514,161555,5.53874118988569,3607.0,-2.737432619378712,-2.6039809340461635,3.8461538461538463,NET_LONG,EXTREME_LOW,True,442754,901838,-459084,-15.73920621718599,22407.0,-1.3281051744892842,-1.228270455616856,13.461538461538462,NET_SHORT,LOW,False,573435,342915,230520,7.9031327974525665,-41860.0,2.8056368922243182,2.8525975882500805,98.07692307692307,NET_LONG,EXTREME_HIGH,True,106424,200859,-94435,425409,263965,161444,31163.0,52,26,True,True,False,False
13874A,E-MINI S&P 500,2015-10-06,2015-10-13,2931539,1075361,743614,331747,11.316479159922483,170192.0,-1.7468758197364926,-1.7023102678555415,11.538461538461538,NET_LONG,LOW,False,355250,959888,-604638,-20.625275665785104,-145554.0,-2.5096858482930293,-2.378778204486029,1.9230769230769231,NET_SHORT,EXTREME_LOW,True,591508,354339,237169,8.090255664345587,6649.0,2.5913910902614012,2.623738345070957,98.07692307692307,NET_LONG,EXTREME_HIGH,True,110800,196508,-85708,427164,305734,121430,14721.0,52,26,True,True,False,False
13874A,E-MINI S&P 500,2015-10-13,2015-10-20,2935847,1150677,715902,434775,14.809184538567575,103028.0,-1.1738846582819917,-1.1782145442005223,15.384615384615385,NET_LONG,LOW,False,342571,968404,-625833,-21.316948737451234,-21195.0,-2.4853700947156985,-2.3690918534638787,1.9230769230769231,NET_SHORT,EXTREME_LOW,True,540244,357502,182742,6.2245069310492,-54427.0,2.2068388150577163,2.2343684938343475,94.23076923076923,NET_LONG,HIGH,False,98806,185770,-86964,400616,305336,95280,4308.0,52,26,True,True,False,False
13874A,E-MINI S&P 500,2015-10-20,2015-10-27,2978653,1194864,716882,477982,16.04691785179408,43207.0,-0.9214777342294668,-0.9747282854204583,17.307692307692307,NET_LONG,LOW,False,315924,947265,-631341,-21.195520256975218,-5508.0,-2.4436155628670493,-2.2864794757235574,1.9230769230769231,NET_SHORT,EXTREME_LOW,True,552737,378287,174450,5.856674140962374,-8292.0,2.045554540647219,2.061152694947665,92.3076923076923,NET_LONG,HIGH,False,110614,206132,-95518,381564,307137,74427,42806.0,52,26,True,True,False,False
13874A,E-MINI S&P 500,2015-10-27,2015-11-03,2845888,1229222,671867,557355,19.584572548181796,79373.0,-0.5010436451338655,-0.47988205303713355,19.230769230769234,NET_LONG,LOW,False,326542,876277,-549735,-19.316817808712077,81606.0,-1.7460105950461453,-1.8020917353119406,7.6923076923076925,NET_SHORT,LOW,False,476714,380443,96271,3.382810567387051,-78179.0,1.6705048724259766,1.7059286507342364,86.53846153846155,NET_LONG,HIGH,False,112105,194529,-82424,289501,310968,-21467,-132765.0,52,26,True,True,False,False
13874A,E-MINI S&P 500,2015-11-03,2015-11-10,2860279,1262995,662829,600166,20.982778253450103,42811.0,-0.27156296114223594,-0.27923733646998644,28.846153846153843,NET_LONG,NEUTRAL,False,331533,858985,-527452,-18.44057869879127,22283.0,-1.5002227090850015,-1.528128741706952,9.615384615384617,NET_SHORT,LOW,False,494706,381722,112984,3.9501041681598195,16713.0,1.6467036621787543,1.6779486470828586,88.46153846153845,NET_LONG,HIGH,False,86047,202444,-116397,249683,318984,-69301,14391.0,52,26,True,True,False,False
13874A,E-MINI S&P 500,2015-11-10,2015-11-17,2926441,1199281,661746,537535,18.368215863569436,-62631.0,-0.5642791177681331,-0.608562713454049,19.230769230769234,NET_LONG,LOW,False,372148,911398,-539250,-18.42681947115968,-11798.0,-1.5210439159717284,-1.4584767096774796,9.615384615384617,NET_SHORT,LOW,False,536867,374846,162021,5.536451956489128,49037.0,1.7271181939055387,1.7453325582693429,90.38461538461539,NET_LONG,HIGH,False,75179,225772,-150593,298020,307733,-9713,66162.0,52,26,True,True,False,False
13874A,E-MINI S&P 500,2015-11-17,2015-11-24,2875410,1099102,670313,428789,14.912273380144047,-108746.0,-1.0709200575512816,-1.0331634725571464,15.384615384615385,NET_LONG,LOW,False,355877,853905,-498028,-17.320243026211916,41222.0,-1.1584049207128755,-1.1644017942658673,15.384615384615385,NET_SHORT,LOW,False,540052,352310,187742,6.529225397421586,25721.0,1.7256253266443724,1.7501125704421587,94.23076923076923,NET_LONG,HIGH,False,81258,225226,-143968,321747,296282,25465,-51031.0,52,26,True,True,False,False
13874A,E-MINI S&P 500,2015-11-24,2015-12-01,2876955,1092601,672850,419751,14.590113505425006,-9038.0,-1.0743292206897292,-1.0360977464016934,15.384615384615385,NET_LONG,LOW,False,396855,769672,-372817,-12.95873588568469,125211.0,-0.19129511946998073,-0.18084923199374914,36.53846153846153,NET_SHORT,NEUTRAL,False,513605,372170,141435,4.916135288873131,-46307.0,1.5001458005730275,1.5210249396938194,86.53846153846155,NET_LONG,HIGH,False,80475,244290,-163815,288869,313423,-24554,1545.0,52,26,True,True,False,False
13874A,E-MINI S&P 500,2015-12-01,2015-12-08,2906354,1080511,658243,422268,14.529131688706881,2517.0,-1.0215978330773834,-1.0060493421624181,17.307692307692307,NET_LONG,LOW,False,417509,757646,-340137,-11.703219910582124,32680.0,0.07878689282575203,0.12252062568011637,55.769230769230774,NET_SHORT,NEUTRAL,False,503778,391444,112334,3.865117600952946,-29101.0,1.3465209308187405,1.3613649758491504,80.76923076923077,NET_LONG,HIGH,False,80325,242018,-161693,278448,311220,-32772,29399.0,52,26,True,True,False,False
13874A,E-MINI S&P 500,2015-12-08,2015-12-15,2933232,1048969,642192,406777,13.86787679938034,-15491.0,-1.0580670671371553,-1.0527927999052233,15.384615384615385,NET_LONG,LOW,False,452484,736480,-283996,-9.682016287835397,56141.0,0.5453573500201442,0.6176463550986901,75.0,NET_SHORT,HIGH,False,449584,401582,48002,1.6364883514157762,-64332.0,1.0921333060103682,1.1067910615214482,75.0,NET_LONG,HIGH,False,81755,222429,-140674,261467,291576,-30109,26878.0,52,26,True,True,False,False
13874A,E-MINI S&P 500,2015-12-15,2015-12-22,3144839,1028223,692811,335412,10.665474448771462,-71365.0,-1.3592983828703977,-1.4169886723398704,13.461538461538462,NET_LONG,LOW,False,465308,679497,-214189,-6.810809710767388,69807.0,1.1969776275312762,1.3948255819214135,88.46153846153845,NET_SHORT,HIGH,False,399381,391161,8220,0.2613806302961773,-39782.0,0.9243186602821485,0.9401873175740967,73.07692307692307,NET_LONG,NEUTRAL,False,101711,233830,-132119,361454,358778,2676,211607.0,52,26,True,True,False,False
13874A,E-MINI S&P 500,2015-12-22,2015-12-29,2550333,1065870,727860,338010,13.253563358196754,2598.0,-1.296820031726424,-1.0459957199712981,15.384615384615385,NET_LONG,LOW,False,368001,636884,-268883,-10.543054573657635,-54694.0,0.7627440832436401,0.5003367259353121,80.76923076923077,NET_SHORT,HIGH,False,229348,323340,-93992,-3.6854795040490793,-102212.0,0.5557095890075993,0.5393842565189303,69.23076923076923,NET_SHORT,NEUTRAL,False,100513,198874,-98361,383572,260346,123226,-594506.0,52,26,True,True,False,False
13874A,E-MINI S&P 500,2015-12-29,2016-01-05,2506414,1108270,696605,411665,16.42446140182747,73655.0,-0.8981594257322484,-0.606240329877891,21.153846153846153,NET_LONG,LOW,False,336708,623583,-286875,-11.445635078642235,-17992.0,0.6359982208546386,0.30148495530733777,69.23076923076923,NET_SHORT,NEUTRAL,False,224302,325372,-101070,-4.03245433515772,-7078.0,0.5033199582843506,0.4775340521271297,67.3076923076923,NET_SHORT,NEUTRAL,False,92860,195735,-102875,347251,268096,79155,-43919.0,52,26,True,True,False,False
13874A,E-MINI S&P 500,2016-01-05,2016-01-12,2573728,1050217,761632,288585,11.212723333623444,-123080.0,-1.4577217017910042,-1.2453001668222232,11.538461538461538,NET_LONG,LOW,False,327433,630899,-303466,-11.790911860149945,-16591.0,0.5508203818276937,0.2657141053114082,65.38461538461539,NET_SHORT,NEUTRAL,False,243284,311833,-68549,-2.663412761566102,32521.0,0.5852386082405115,0.5813694785018869,69.23076923076923,NET_SHORT,NEUTRAL,False,118862,181477,-62615,423227,277182,146045,67314.0,52,26,True,True,False,False
13874A,E-MINI S&P 500,2016-01-12,2016-01-19,2745684,1064281,866036,198245,7.220240930857303,-90340.0,-1.8213251796964032,-1.6964584070542892,9.615384615384617,NET_LONG,LOW,False,331859,597909,-266050,-9.689753081563648,37416.0,0.9260291088579374,0.8675290513030843,86.53846153846155,NET_SHORT,HIGH,False,316899,325631,-8732,-0.3180264007074376,59817.0,0.7624973471893112,0.7830103690960761,71.15384615384616,NET_SHORT,NEUTRAL,False,108401,230867,-122466,478554,279551,199003,171956.0,52,26,True,True,False,False
13874A,E-MINI S&P 500,2016-01-19,2016-01-26,2863447,1099697,914899,184798,6.4536902551365545,-13447.0,-1.7957240133317434,-1.7148154812802465,7.6923076923076925,NET_LONG,LOW,False,312908,717902,-404994,-14.143582891528986,-138944.0,-0.332477603771039,-0.32916734799641056,30.76923076923077,NET_SHORT,NEUTRAL,False,385625,329119,56506,1.973355888898939,65238.0,0.9576428385232373,0.979242901199979,75.0,NET_LONG,HIGH,False,124495,208792,-84297,514415,266428,247987,117763.0,52,26,True,True,False,False
13874A,E-MINI S&P 500,2016-01-26,2016-02-02,2899270,1119151,955121,164030,5.657631058852745,-20768.0,-1.80980953934077,-1.7404797719137133,5.769230769230769,NET_LONG,LOW,False,379786,732607,-352821,-12.169304687041912,52173.0,0.19789904399583783,0.2613780828393002,46.15384615384615,NET_SHORT,NEUTRAL,False,390849,353021,37828,1.3047422282160681,-18678.0,0.8578765892787901,0.8784216681241929,71.15384615384616,NET_LONG,NEUTRAL,False,135217,179270,-44053,473930,278914,195016,35823.0,52,26,True,True,False,False
13874A,E-MINI S&P 500,2016-02-02,2016-02-09,2989501,1151031,927778,223253,7.467901833784301,59223.0,-1.462706312088031,-1.4472524499896415,17.307692307692307,NET_LONG,LOW,False,346535,785889,-439354,-14.69656641693714,-86533.0,-0.6193795815201983,-0.44471511798678637,26.923076923076923,NET_SHORT,NEUTRAL,False,415611,335510,80101,2.6794103765143413,42273.0,0.9754763374607656,0.9864992158052821,75.0,NET_LONG,HIGH,False,120073,187540,-67467,508336,304869,203467,90231.0,52,26,True,True,False,False
13874A,E-MINI S&P 500,2016-02-09,2016-02-16,3067305,1161957,969362,192595,6.278964758965932,-30658.0,-1.5398388755928325,-1.53024982342163,13.461538461538462,NET_LONG,LOW,False,349098,728691,-379593,-12.375456630494847,59761.0,-0.006349064312766926,0.2549408796260498,36.53846153846153,NET_SHORT,NEUTRAL,False,404283,366329,37954,1.2373728729291675,-42147.0,0.7889491131767792,0.8024057304501343,69.23076923076923,NET_LONG,NEUTRAL,False,114811,225860,-111049,549479,289386,260093,77804.0,52,26,True,True,False,False
13874A,E-MINI S&P 500,2016-02-16,2016-02-23,3102033,1149008,949591,199417,6.428590540461691,6822.0,-1.4481973633272545,-1.45063497860516,17.307692307692307,NET_LONG,LOW,False,375629,762342,-386713,-12.466437333194069,-7120.0,-0.05498210334427292,0.24816515471240533,34.61538461538461,NET_SHORT,NEUTRAL,False,400327,383592,16735,0.5394849119915874,-21219.0,0.679762724800015,0.6974821013937912,65.38461538461539,NET_LONG,NEUTRAL,False,131342,202339,-70997,553303,311745,241558,34728.0,52,26,True,True,False,False
13874A,E-MINI S&P 500,2016-02-23,2016-03-01,3092895,1164749,915350,249399,8.063610306848439,49982.0,-1.1711021972985818,-1.1995894715882145,23.076923076923077,NET_LONG,LOW,False,361877,736813,-374936,-12.122493650770556,11777.0,0.08285820029377003,0.3677258505955502,42.30769230769231,NET_SHORT,NEUTRAL,False,387070,382900,4170,0.13482513955371908,-12565.0,0.6020494954852014,0.6231322493432956,61.53846153846154,NET_LONG,NEUTRAL,False,112515,218481,-105966,559487,332154,227333,-9138.0,52,26,True,True,False,False
13874A,E-MINI S&P 500,2016-03-01,2016-03-08,3149871,1126246,888063,238183,7.561674747949995,-11216.0,-1.1793763625363922,-1.213804661615288,23.076923076923077,NET_LONG,LOW,False,372546,744497,-371951,-11.80845183818639,2985.0,0.13170105908131255,0.48083838172624976,48.07692307692308,NET_SHORT,NEUTRAL,False,410804,403846,6958,0.2208979351852822,2788.0,0.5835295560976113,0.6032633714320172,61.53846153846154,NET_LONG,NEUTRAL,False,116820,230036,-113216,586726,346700,240026,56976.0,52,26,True,True,False,False
13874A,E-MINI S&P 500,2016-03-08,2016-03-15,3271582,1136009,944938,191071,5.840324344613706,-47112.0,-1.3455076618774489,-1.3703060491530845,13.461538461538462,NET_LONG,LOW,False,388984,800675,-411691,-12.583850870924222,-39740.0,-0.26648327222897034,0.2547594484922111,30.76923076923077,NET_SHORT,NEUTRAL,False,447342,388862,58480,1.7875144196294026,51522.0,0.7630540260921853,0.7549122087134302,73.07692307692307,NET_LONG,NEUTRAL,False,111962,239936,-127974,624679,334565,290114,121711.0,52,26,True,True,False,False
13874A,E-MINI S&P 500,2016-03-15,2016-03-22,3396546,1173409,985615,187794,5.528969723948976,-3277.0,-1.3054802886681744,-1.3524223696222355,13.461538461538462,NET_LONG,LOW,False,413724,781769,-368045,-10.835860901044768,43646.0,0.19286530305780256,0.8042685865224535,53.84615384615385,NET_SHORT,NEUTRAL,False,464051,395944,68107,2.005184089954913,9627.0,0.7747415994936027,0.7494719717584478,73.07692307692307,NET_LONG,NEUTRAL,False,113718,260030,-146312,598155,339699,258456,124964.0,52,26,True,True,False,False
13874A,E-MINI S&P 500,2016-03-22,2016-03-29,2820719,1211745,910591,301154,10.67649772983413,113360.0,-0.7455592415666337,-0.6971578101269751,32.69230769230769,NET_LONG,NEUTRAL,False,357231,710786,-353555,-12.534215567023868,14490.0,0.3395380747410218,0.26950948172378925,57.692307692307686,NET_SHORT,NEUTRAL,False,538277,264253,274024,9.714686220073677,205917.0,1.5875296951242581,1.6077051589932358,100.0,NET_LONG,EXTREME_HIGH,True,105962,246202,-140240,241743,323126,-81383,-575827.0,52,26,True,True,False,False
13874A,E-MINI S&P 500,2016-03-29,2016-04-05,2849125,1197153,936396,260757,9.152178300355372,-40397.0,-0.9012052119822407,-0.8518072646321577,30.76923076923077,NET_LONG,NEUTRAL,False,366032,723559,-357527,-12.548659676216381,-3972.0,0.299895884033963,0.2612457279093477,53.84615384615385,NET_SHORT,NEUTRAL,False,556538,262331,294207,10.326222963190453,20183.0,1.6014240429993587,1.6099285982061489,100.0,NET_LONG,EXTREME_HIGH,True,114290,253745,-139455,264105,322087,-57982,28406.0,52,26,True,True,False,False
13874A,E-MINI S&P 500,2016-04-05,2016-04-12,2867791,1171061,922523,248538,8.666531138426754,-12219.0,-0.9237359399694434,-0.8784172070195584,28.846153846153843,NET_LONG,NEUTRAL,False,409021,722785,-313764,-10.940964665835132,43763.0,0.7450467902644892,0.7429300399017049,76.92307692307693,NET_SHORT,HIGH,False,543267,278475,264792,9.233308842938694,-29415.0,1.4223499481642308,1.4266997998538646,94.23076923076923,NET_LONG,HIGH,False,114942,253670,-138728,261074,321912,-60838,18666.0,52,26,True,True,False,False
13874A,E-MINI S&P 500,2016-04-12,2016-04-19,2857883,1202755,916272,286483,10.024308202960023,37945.0,-0.7106682809943801,-0.676528860096945,34.61538461538461,NET_LONG,NEUTRAL,False,389679,702494,-312815,-10.94568951913007,949.0,0.75356070360766,0.7343444981951148,76.92307692307693,NET_SHORT,HIGH,False,494077,280365,213712,7.477982828548265,-51080.0,1.167036120569528,1.178881430656093,88.46153846153845,NET_LONG,HIGH,False,120005,251499,-131494,262562,318448,-55886,-9908.0,52,26,True,True,False,False
13874A,E-MINI S&P 500,2016-04-19,2016-04-26,2874380,1273535,855722,417813,14.535760755362896,131330.0,-0.04240314909142691,-0.06788384432201865,51.92307692307693,NET_LONG,NEUTRAL,False,426314,721470,-295156,-10.26851007869523,17659.0,0.9437011600463927,0.9434820126199467,84.61538461538461,NET_SHORT,HIGH,False,446187,317748,128439,4.468407099965906,-85273.0,0.7730119115524978,0.785955215333652,75.0,NET_LONG,HIGH,False,120427,256063,-135636,228625,344085,-115460,16497.0,52,26,True,True,False,False
13874A,E-MINI S&P 500,2016-04-26,2016-05-03,2868896,1292982,887658,405324,14.128222145382754,-12489.0,-0.07490269895099298,-0.09176424216250877,48.07692307692308,NET_LONG,NEUTRAL,False,460023,682587,-222564,-7.757827401202413,72592.0,1.6562655963513966,1.665392602314097,98.07692307692307,NET_SHORT,EXTREME_HIGH,True,393852,318371,75481,2.6310120687539738,-52958.0,0.5116990543830902,0.5286382479162955,63.46153846153846,NET_LONG,NEUTRAL,False,120710,252633,-131923,240179,366497,-126318,-5484.0,52,26,True,True,False,False
13874A,E-MINI S&P 500,2016-05-03,2016-05-10,2811993,1241490,887336,354154,12.594412574995742,-51170.0,-0.3068829013129929,-0.2692667827406241,48.07692307692308,NET_LONG,NEUTRAL,False,438428,663438,-225010,-8.001798013010701,-2446.0,1.570022683376614,1.5291151301549462,96.15384615384616,NET_SHORT,EXTREME_HIGH,True,390403,278289,112114,3.98699427772402,36633.0,0.6470099542107605,0.6723458040471664,69.23076923076923,NET_LONG,NEUTRAL,False,120962,251483,-130521,240293,351030,-110737,-56903.0,52,26,True,True,False,False
13874A,E-MINI S&P 500,2016-05-10,2016-05-17,2865334,1252219,855650,396569,13.840236426189756,42415.0,-0.056168602802606334,-0.06815083791281604,50.0,NET_LONG,NEUTRAL,False,439320,698000,-258680,-9.027917862280628,-33670.0,1.2164537220800111,1.2046362377165645,92.3076923076923,NET_SHORT,HIGH,False,386270,290726,95544,3.3344803782037276,-16570.0,0.5410455580771506,0.5575513598329058,63.46153846153846,NET_LONG,NEUTRAL,False,122465,249579,-127114,248879,355198,-106319,53341.0,52,26,True,True,False,False
13874A,E-MINI S&P 500,2016-05-17,2016-05-24,2850259,1277085,872375,404710,14.199060506431168,8141.0,0.023293068188018407,0.01769328241629223,51.92307692307693,NET_LONG,NEUTRAL,False,408081,725844,-317763,-11.148565797003009,-59083.0,0.6455432554345306,0.5976437836682363,73.07692307692307,NET_SHORT,NEUTRAL,False,383615,287632,95983,3.3675185307721156,439.0,0.5136632945481365,0.5330246567269575,63.46153846153846,NET_LONG,NEUTRAL,False,128248,219578,-91330,240504,332104,-91600,-15075.0,52,26,True,True,False,False
13874A,E-MINI S&P 500,2016-05-24,2016-05-31,2973946,1335003,893579,441424,14.84304018970082,36714.0,0.2638202510186919,0.14699040809646477,69.23076923076923,NET_LONG,NEUTRAL,False,492436,816047,-323611,-10.881535844968267,-5848.0,0.5842623434600859,0.6668481883881942,69.23076923076923,NET_SHORT,NEUTRAL,False,369025,314827,54198,1.8224271725175913,-41785.0,0.2731245823881605,0.28112598597889465,50.0,NET_LONG,NEUTRAL,False,126223,226786,-100563,264458,335906,-71448,123687.0,52,26,True,True,False,False
13874A,E-MINI S&P 500,2016-05-31,2016-06-07,2989845,1322372,884614,437758,14.641494793208343,-3666.0,0.28333053769776767,0.15183631954618096,69.23076923076923,NET_LONG,NEUTRAL,False,485000,830759,-345759,-11.564445648520241,-22148.0,0.37528570362951275,0.4756553198237617,65.38461538461539,NET_SHORT,NEUTRAL,False,412253,317427,94826,3.1716025412688613,40628.0,0.45208451816735507,0.4490166064458374,59.61538461538461,NET_LONG,NEUTRAL,False,119735,237886,-118151,278068,346742,-68674,15899.0,52,26,True,True,False,False
13874A,E-MINI S&P 500,2016-06-07,2016-06-14,3123389,1347883,889739,458144,14.668169734861717,20386.0,0.43350541706831797,0.17960676160921066,73.07692307692307,NET_LONG,NEUTRAL,False,472240,911975,-439735,-14.078777891578667,-93976.0,-0.5465544862221237,-0.24889724928775506,26.923076923076923,NET_SHORT,NEUTRAL,False,445207,319926,125281,4.011059781538578,30455.0,0.5883926127828821,0.5491425679430002,73.07692307692307,NET_LONG,NEUTRAL,False,116518,238069,-121551,328325,350464,-22139,133544.0,52,26,True,True,False,False
13874A,E-MINI S&P 500,2016-06-14,2016-06-21,3341912,1281929,902563,379366,11.351765097345472,-78778.0,-0.015659381847461466,-0.32033090771957934,50.0,NET_LONG,NEUTRAL,False,486913,792889,-305976,-9.155716847122246,133759.0,0.7762743291679292,1.1745763513851768,78.84615384615384,NET_SHORT,HIGH,False,378776,322007,56769,1.698698230234668,-68512.0,0.16178235022350732,0.14142971159655815,48.07692307692308,NET_LONG,NEUTRAL,False,121598,242602,-121004,377540,386695,-9155,218523.0,52,26,True,True,False,False
13874A,E-MINI S&P 500,2016-06-21,2016-06-28,2781212,1319980,998668,321312,11.552948858267547,-58054.0,-0.33621912241686724,-0.25081758881718597,40.38461538461539,NET_LONG,NEUTRAL,False,352995,707445,-354450,-12.74444378925447,-48474.0,0.27474387607544287,0.1034252093734888,57.692307692307686,NET_SHORT,NEUTRAL,False,296327,192236,104091,3.7426488883263844,47322.0,0.41521008635403756,0.45378557526648494,63.46153846153846,NET_LONG,NEUTRAL,False,117468,193168,-75700,303535,298788,4747,-560700.0,52,26,True,True,False,False
13874A,E-MINI S&P 500,2016-06-28,2016-07-05,2950885,1242141,1041762,200379,6.790471333176318,-120933.0,-1.0804577812088678,-1.0223022653817366,23.076923076923077,NET_LONG,LOW,False,356011,769161,-413150,-14.000884480418584,-58700.0,-0.31410844840658514,-0.2831684520814172,28.846153846153843,NET_SHORT,NEUTRAL,False,426185,149569,276616,9.37400135891436,172525.0,1.422834798036715,1.3768321403847488,98.07692307692307,NET_LONG,EXTREME_HIGH,True,116505,192744,-76239,346324,333930,12394,169673.0,52,26,True,True,False,False
13874A,E-MINI S&P 500,2016-07-05,2016-07-12,3003946,1314906,1004936,309970,10.318760723395162,109591.0,-0.32826373017270594,-0.379856260655563,42.30769230769231,NET_LONG,NEUTRAL,False,348891,807178,-458287,-15.256166389142814,-45137.0,-0.7629246750897504,-0.6719485012520656,23.076923076923077,NET_SHORT,LOW,False,420311,182905,237406,7.903138072388785,-39210.0,1.1466703176088155,1.08928321200159,90.38461538461539,NET_LONG,HIGH,False,120075,218407,-98332,350754,341511,9243,53061.0,52,26,True,True,False,False
13874A,E-MINI S&P 500,2016-07-12,2016-07-19,2969096,1330373,987290,343083,11.555133279624505,33113.0,-0.06303037676809632,-0.1154430482247855,53.84615384615385,NET_LONG,NEUTRAL,False,392771,751800,-359029,-12.09219910706828,99258.0,0.21946104154656657,0.26271989879310925,51.92307692307693,NET_SHORT,NEUTRAL,False,333074,232294,100780,3.39429914020968,-136626.0,0.2509856691173397,0.25120807207406565,57.692307692307686,NET_LONG,NEUTRAL,False,126328,221761,-95433,346647,336048,10599,-34850.0,52,26,True,True,False,False
13874A,E-MINI S&P 500,2016-07-19,2016-07-26,2966710,1403669,966047,437622,14.75108790545756,94539.0,0.6859981667217968,0.5775115630446387,78.84615384615384,NET_LONG,HIGH,False,414857,732760,-317903,-10.715674939579534,41126.0,0.6173762540693176,0.6575324148573994,71.15384615384616,NET_SHORT,NEUTRAL,False,288325,291891,-3566,-0.12020049145349562,-104346.0,-0.5033260955059883,-0.4766188341550341,21.153846153846153,NET_SHORT,LOW,False,124780,234411,-109631,331196,337718,-6522,-2386.0,52,26,True,True,False,False
13874A,E-MINI S&P 500,2016-07-26,2016-08-02,2963940,1393874,953881,439993,14.844868654561157,2371.0,0.760305233477494,0.66157948074583,82.6923076923077,NET_LONG,HIGH,False,428160,742061,-313901,-10.590666477728968,4002.0,0.655939529960186,0.6859383083329184,73.07692307692307,NET_SHORT,NEUTRAL,False,287153,279043,8110,0.27362227305545994,11676.0,-0.4949177538507435,-0.4745340650639745,25.0,NET_LONG,LOW,False,124593,249810,-125217,323637,332622,-8985,-2770.0,52,26,True,True,False,False
13874A,E-MINI S&P 500,2016-08-02,2016-08-09,2943229,1341125,927441,413684,14.05544726557125,-26309.0,0.6012260838031167,0.547820728814708,69.23076923076923,NET_LONG,NEUTRAL,False,438032,766646,-328614,-11.165084334246503,-14713.0,0.5047548587519484,0.5021001662002997,65.38461538461539,NET_SHORT,NEUTRAL,False,305332,252077,53255,1.8094072870306728,45145.0,-0.2131640408043534,-0.20282425196804335,34.61538461538461,NET_LONG,NEUTRAL,False,127847,233970,-106123,308670,340872,-32202,-20711.0,52,26,True,True,False,False
13874A,E-MINI S&P 500,2016-08-09,2016-08-16,2920958,1378558,907496,471062,16.126969302537045,57378.0,1.1236946025206904,1.07972988607923,90.38461538461539,NET_LONG,HIGH,False,409893,739353,-329460,-11.279176215474513,-846.0,0.48577833381033303,0.4536692959409185,63.46153846153846,NET_SHORT,NEUTRAL,False,284625,266393,18232,0.624178779701728,-35023.0,-0.5675463782322473,-0.5527632539431061,26.923076923076923,NET_LONG,NEUTRAL,False,130189,249592,-119403,281684,322115,-40431,-22271.0,52,26,True,True,False,False
13874A,E-MINI S&P 500,2016-08-16,2016-08-23,2942915,1386641,922266,464375,15.779422783192853,-6687.0,1.1170307854748374,1.0513346207069918,90.38461538461539,NET_LONG,HIGH,False,424662,715790,-291128,-9.892504540566073,38332.0,0.8476198049042521,0.8476631426798907,82.6923076923077,NET_SHORT,HIGH,False,277267,280494,-3227,-0.10965318400293586,-21459.0,-0.8629266474109172,-0.8472333265220504,15.384615384615385,NET_SHORT,LOW,False,133991,245788,-111797,279270,337493,-58223,21957.0,52,26,True,True,False,False
13874A,E-MINI S&P 500,2016-08-23,2016-08-30,3004043,1394123,894491,499632,16.631985627369513,35257.0,1.3699116378974832,1.2132206026814683,94.23076923076923,NET_LONG,HIGH,False,469402,726478,-257076,-8.55766711728161,34052.0,1.1832657260251038,1.2508032845940944,94.23076923076923,NET_SHORT,HIGH,False,277805,308229,-30424,-1.0127684590400339,-27197.0,-1.2840476641209608,-1.2332978440140532,7.6923076923076925,NET_SHORT,LOW,False,136049,258285,-122236,266877,356773,-89896,61128.0,52,26,True,True,False,False
13874A,E-MINI S&P 500,2016-08-30,2016-09-06,3052142,1390232,888075,502157,16.452609347795743,2525.0,1.3352648304163162,1.1264845220283028,94.23076923076923,NET_LONG,HIGH,False,473662,709629,-235967,-7.731193371736963,21109.0,1.3388036390756064,1.4434623793269084,94.23076923076923,NET_SHORT,HIGH,False,277390,311806,-34416,-1.1276015336114769,-3992.0,-1.3206342439231593,-1.262444012463296,7.6923076923076925,NET_SHORT,LOW,False,136441,249159,-112718,254566,373622,-119056,48099.0,52,26,True,True,False,False
13874A,E-MINI S&P 500,2016-09-06,2016-09-13,3151038,1399994,888269,511725,16.23988666591771,9568.0,1.3652376328097615,1.0395606889925881,94.23076923076923,NET_LONG,HIGH,False,462461,724466,-262005,-8.31487909698328,-26038.0,1.0458216337030841,1.223694136421385,88.46153846153845,NET_SHORT,HIGH,False,290751,310286,-19535,-0.6199544404097951,14881.0,-1.128624962837317,-1.0791229128026483,11.538461538461538,NET_SHORT,LOW,False,134829,246159,-111330,261854,380709,-118855,98896.0,52,26,True,True,False,False
13874A,E-MINI S&P 500,2016-09-13,2016-09-20,3514714,1326529,934677,391852,11.148901446888708,-119873.0,0.3216996008713355,-0.22949587366775687,51.92307692307693,NET_LONG,NEUTRAL,False,445245,716685,-271440,-7.722961242365667,-9435.0,0.9205528759915763,1.336710904619127,82.6923076923077,NET_SHORT,HIGH,False,304218,318736,-14518,-0.413063481125349,5017.0,-1.03926708768945,-0.9863096383216045,13.461538461538462,NET_SHORT,LOW,False,134047,223299,-89252,357243,373885,-16642,363676.0,52,26,True,True,False,False
13874A,E-MINI S&P 500,2016-09-20,2016-09-27,2898741,1390389,942128,448261,15.46398936641804,56409.0,0.7781480290152115,0.8142402431163174,80.76923076923077,NET_LONG,HIGH,False,342841,715881,-373040,-12.869035212183496,-101600.0,-0.0950530961376203,-0.15101670937683276,34.61538461538461,NET_SHORT,NEUTRAL,False,362042,366600,-4558,-0.1572406779356969,9960.0,-0.9094448056087672,-0.8832766167992995,17.307692307692307,NET_SHORT,LOW,False,113141,153449,-40308,283603,313958,-30355,-615973.0,52,26,True,True,False,False
13874A,E-MINI S&P 500,2016-09-27,2016-10-04,2887362,1391298,918950,472348,16.359154134465996,24087.0,0.9589970276511535,1.0083962693877793,86.53846153846155,NET_LONG,HIGH,False,340017,759911,-419894,-14.542478566941035,-46854.0,-0.5700033369593778,-0.6443655584946786,21.153846153846153,NET_SHORT,LOW,False,365329,336801,28528,0.9880299041131663,33086.0,-0.5399395510334976,-0.5176717792470343,34.61538461538461,NET_LONG,NEUTRAL,False,114761,161392,-46631,285157,319508,-34351,-11379.0,52,26,True,True,False,False
13874A,E-MINI S&P 500,2016-10-04,2016-10-11,2925178,1337470,915808,421662,14.414917656293053,-50686.0,0.4850581759807694,0.4880746059930925,63.46153846153846,NET_LONG,NEUTRAL,False,365715,799891,-434176,-14.842720682296939,-14282.0,-0.7866405264700963,-0.8062480297031062,19.230769230769234,NET_SHORT,LOW,False,380408,322905,57503,1.965794902053824,28975.0,-0.20521101587970092,-0.19437731072700476,50.0,NET_LONG,NEUTRAL,False,121104,159815,-38711,324793,331071,-6278,37816.0,52,26,True,True,False,False
13874A,E-MINI S&P 500,2016-10-11,2016-10-18,2944782,1320081,938514,381567,12.957393790100591,-40095.0,0.13319899771058735,0.12029436610334464,46.15384615384615,NET_LONG,NEUTRAL,False,348414,802573,-454159,-15.422499865864433,-19983.0,-1.1080857958855184,-1.093577632712714,13.461538461538462,NET_SHORT,LOW,False,385666,313270,72396,2.4584502350258863,14893.0,-0.02213073632249752,-0.020923059474264125,55.769230769230774,NET_LONG,NEUTRAL,False,112708,174201,-61493,379831,318142,61689,19604.0,52,26,True,True,False,False
13874A,E-MINI S&P 500,2016-10-18,2016-10-25,2946199,1339697,982502,357195,12.123926455748576,-24372.0,-0.06696233984448746,-0.07726967458389332,44.230769230769226,NET_LONG,NEUTRAL,False,357307,744399,-387092,-13.138691581933196,67067.0,-0.4470382205556522,-0.43226570242967854,26.923076923076923,NET_SHORT,NEUTRAL,False,370723,348497,22226,0.7543957485560208,-50170.0,-0.5427424273382251,-0.5248783298343703,34.61538461538461,NET_LONG,NEUTRAL,False,108734,162804,-54070,374040,312299,61741,1417.0,52,26,True,True,False,False
13874A,E-MINI S&P 500,2016-10-25,2016-11-01,3000750,1363112,993238,369874,12.32605182037824,12679.0,0.08445818663049555,0.012692440453396328,46.15384615384615,NET_LONG,NEUTRAL,False,385641,784393,-398752,-13.288411230525702,-11660.0,-0.6685475290808822,-0.567745278991494,25.0,NET_SHORT,LOW,False,400636,337622,63014,2.099941681246355,40788.0,-0.08644342754912789,-0.09511074705164452,55.769230769230774,NET_LONG,NEUTRAL,False,92219,170220,-78001,367025,323160,43865,54551.0,52,26,True,True,False,False
13874A,E-MINI S&P 500,2016-11-01,2016-11-08,2986724,1264332,998857,265475,8.888501247520693,-104399.0,-0.8778601548271232,-0.9014075466049039,26.923076923076923,NET_LONG,NEUTRAL,False,405631,705497,-299866,-10.039963518557455,98886.0,0.6225036693664734,0.6743501059900915,73.07692307692307,NET_SHORT,NEUTRAL,False,370191,349416,20775,0.695578165240578,-42239.0,-0.5321432313078364,-0.5162103895044036,34.61538461538461,NET_LONG,NEUTRAL,False,100070,164145,-64075,398684,320993,77691,-14026.0,52,26,True,True,False,False
13874A,E-MINI S&P 500,2016-11-08,2016-11-15,2930959,1241028,1006885,234143,7.988613965599656,-31332.0,-1.1519736588941791,-1.1240169246101248,19.230769230769234,NET_LONG,LOW,False,443107,641456,-198349,-6.767375456292633,101517.0,2.0327984338649423,2.021544796062418,100.0,NET_SHORT,EXTREME_HIGH,True,318605,345469,-26864,-0.9165600747059238,-47639.0,-1.0170451278782653,-0.983626454076304,11.538461538461538,NET_SHORT,LOW,False,92196,169162,-76966,370589,302553,68036,-55765.0,52,26,True,True,False,False
13874A,E-MINI S&P 500,2016-11-15,2016-11-22,2913769,1263626,976993,286633,9.837190250840063,52490.0,-0.5981174278352187,-0.5597570644076038,32.69230769230769,NET_LONG,NEUTRAL,False,425277,656414,-231137,-7.932578045823124,-32788.0,1.5294587563539583,1.505836540239721,92.3076923076923,NET_SHORT,HIGH,False,298273,330225,-31952,-1.0965865859647763,-5088.0,-1.0343043114369088,-1.0024514260965869,9.615384615384617,NET_SHORT,LOW,False,98892,162642,-63750,361287,321081,40206,-17190.0,52,26,True,True,False,False
13874A,E-MINI S&P 500,2016-11-22,2016-11-29,3036641,1286784,994573,292211,9.622836548673353,5578.0,-0.5185540082310882,-0.5965187548820103,36.53846153846153,NET_LONG,NEUTRAL,False,433704,689959,-256255,-8.438765069693783,-25118.0,1.10696517611652,1.2262570374798631,88.46153846153845,NET_SHORT,HIGH,False,332188,329710,2478,0.08160332419933736,34430.0,-0.6249440801368359,-0.6026594406235622,26.923076923076923,NET_LONG,NEUTRAL,False,99855,188522,-88667,370815,320582,50233,122872.0,52,26,True,True,False,False
13874A,E-MINI S&P 500,2016-11-29,2016-12-06,3081271,1340206,1001802,338404,10.982610747318233,46193.0,-0.03505690063783947,-0.17833997943973623,48.07692307692308,NET_LONG,NEUTRAL,False,425907,726701,-300794,-9.762010546946374,-44539.0,0.4282654381855147,0.6144242006712043,65.38461538461539,NET_SHORT,NEUTRAL,False,338513,339916,-1403,-0.045533158232430704,-3881.0,-0.643471954733855,-0.6190378311013961,26.923076923076923,NET_SHORT,NEUTRAL,False,104286,197846,-93560,356367,299014,57353,44630.0,52,26,True,True,False,False
13874A,E-MINI S&P 500,2016-12-06,2016-12-13,3051926,1251300,997382,253918,8.319926498873171,-84486.0,-0.8627220102288836,-0.9302651748650095,26.923076923076923,NET_LONG,NEUTRAL,False,413482,664019,-250537,-8.209143996283002,50257.0,1.1594816656544287,1.2799846409805957,88.46153846153845,NET_SHORT,HIGH,False,369322,348658,20664,0.6770806369486023,22067.0,-0.39126319409293014,-0.38288498628830425,42.30769230769231,NET_LONG,NEUTRAL,False,104122,188101,-83979,377431,317497,59934,-29345.0,52,26,True,True,False,False
13874A,E-MINI S&P 500,2016-12-13,2016-12-20,3389480,1301283,967475,333808,9.84835431983667,79890.0,-0.05145045587028187,-0.4747847328847789,46.15384615384615,NET_LONG,NEUTRAL,False,437870,753534,-315664,-9.313050969470243,-65127.0,0.23008264670947134,0.8384219007041637,55.769230769230774,NET_SHORT,NEUTRAL,False,389537,374619,14918,0.440126509081039,-5746.0,-0.4569311151607958,-0.4594593476012348,36.53846153846153,NET_LONG,NEUTRAL,False,118775,193644,-74869,433058,391251,41807,337554.0,52,26,True,True,False,False
13874A,E-MINI S&P 500,2016-12-20,2016-12-27,2757555,1385255,953663,431592,15.651256275940097,97784.0,0.9152566818272919,1.203449980050391,76.92307692307693,NET_LONG,HIGH,False,336605,560455,-223850,-8.11769846838957,91814.0,1.5898023465290128,1.337705671323496,96.15384615384616,NET_SHORT,EXTREME_HIGH,True,307730,394917,-87187,-3.161750173613944,-102105.0,-1.5987010544401372,-1.615702381624742,3.8461538461538463,NET_SHORT,EXTREME_LOW,True,102844,173854,-71010,233484,283029,-49545,-631925.0,52,26,True,True,False,False
13874A,E-MINI S&P 500,2016-12-27,2017-01-03,2754179,1357263,968995,388268,14.097413421567733,-43324.0,0.4849576741958678,0.7761071651532288,61.53846153846154,NET_LONG,NEUTRAL,False,361717,533532,-171815,-6.238338176276851,52035.0,2.229105940563071,2.044241320985488,100.0,NET_SHORT,EXTREME_HIGH,True,300113,386652,-86539,-3.142097881074542,648.0,-1.602977691973674,-1.630615801712709,3.8461538461538463,NET_SHORT,EXTREME_LOW,True,107600,178116,-70516,236433,295831,-59398,-3376.0,52,26,True,True,False,False
13874A,E-MINI S&P 500,2017-01-03,2017-01-10,2812086,1371345,964200,407145,14.478397886835609,18877.0,0.6515134982664237,0.8635701784763737,69.23076923076923,NET_LONG,NEUTRAL,False,414006,514564,-100558,-3.5759219312638377,71257.0,2.917304558812875,2.8595029096340294,100.0,NET_SHORT,EXTREME_HIGH,True,256067,435649,-179582,-6.386077808431178,-93043.0,-2.5046932542036853,-2.5356648447208836,1.9230769230769231,NET_SHORT,EXTREME_LOW,True,108158,176603,-68445,245042,303602,-58560,57907.0,52,26,True,True,False,False
13874A,E-MINI S&P 500,2017-01-10,2017-01-17,2831782,1410174,938655,471519,16.650963951321113,64374.0,1.2542739044074314,1.4392210628842577,92.3076923076923,NET_LONG,HIGH,False,392660,584724,-192064,-6.782442998790161,-91506.0,1.6651774618428268,1.543269529546831,96.15384615384616,NET_SHORT,EXTREME_HIGH,True,264268,431439,-167171,-5.903385218212419,12411.0,-2.231919577077997,-2.244323841719559,3.8461538461538463,NET_SHORT,EXTREME_LOW,True,108903,190437,-81534,242821,273571,-30750,19696.0,52,26,True,True,False,False
13874A,E-MINI S&P 500,2017-01-17,2017-01-24,2810749,1412352,891138,521214,18.543598165471195,49695.0,1.6901058046870763,1.8976488206250353,100.0,NET_LONG,EXTREME_HIGH,True,360222,626621,-266399,-9.47786515266927,-74335.0,0.6854674658464546,0.47917006135137113,73.07692307692307,NET_SHORT,NEUTRAL,False,267095,412480,-145385,-5.172464706026757,21786.0,-1.8987294337506617,-1.9163115141590759,5.769230769230769,NET_SHORT,LOW,False,111437,182920,-71483,250548,288495,-37947,-21033.0,52,26,True,True,False,False
13874A,E-MINI S&P 500,2017-01-24,2017-01-31,2869436,1400327,850553,549774,19.159653674101808,28560.0,1.9055956432219818,1.9857670174791973,100.0,NET_LONG,EXTREME_HIGH,True,386501,645891,-259390,-9.039755547780121,7009.0,0.749690582845671,0.6261560054819225,75.0,NET_SHORT,HIGH,False,274383,468874,-194491,-6.778021883046007,-49106.0,-2.222610862504456,-2.2124730164083695,1.9230769230769231,NET_SHORT,EXTREME_LOW,True,107330,203302,-95972,284094,284015,79,58687.0,52,26,True,True,False,False
13874A,E-MINI S&P 500,2017-01-31,2017-02-07,2839486,1409346,837355,571991,20.144173980783847,22217.0,2.0179109715098527,2.135187397741746,100.0,NET_LONG,EXTREME_HIGH,True,392578,608843,-216265,-7.616343239586319,43125.0,1.2580852954157309,1.141614719108304,92.3076923076923,NET_SHORT,HIGH,False,257535,478374,-220839,-7.777428731819773,-26348.0,-2.29031748119125,-2.300467932029852,1.9230769230769231,NET_SHORT,EXTREME_LOW,True,106362,199100,-92738,243056,285205,-42149,-29950.0,52,26,True,True,False,False
13874A,E-MINI S&P 500,2017-02-07,2017-02-14,2890204,1420077,850569,569508,19.704768244732897,-2483.0,1.9091912420393027,1.9258138227472832,98.07692307692307,NET_LONG,EXTREME_HIGH,True,387751,627626,-239875,-8.299587157169528,-23610.0,0.9171584682636547,0.8397816026956574,80.76923076923077,NET_SHORT,HIGH,False,275607,478389,-202782,-7.016182940719755,18057.0,-2.0048448486049955,-1.9844305584147623,3.8461538461538463,NET_SHORT,EXTREME_LOW,True,103955,212841,-108886,268303,286268,-17965,50718.0,52,26,True,True,False,False
13874A,E-MINI S&P 500,2017-02-14,2017-02-21,3018235,1432733,833535,599198,19.85259597082401,29690.0,2.095039702075714,1.8841511723794662,100.0,NET_LONG,EXTREME_HIGH,True,403451,619395,-215944,-7.154645016044145,23931.0,1.1786050826604004,1.2393570278501802,92.3076923076923,NET_SHORT,HIGH,False,277125,522478,-245353,-8.129022425357867,-42571.0,-2.210914886965346,-2.117027386893261,1.9230769230769231,NET_SHORT,EXTREME_LOW,True,107983,211410,-103427,276339,310813,-34474,128031.0,52,26,True,True,False,False
13874A,E-MINI S&P 500,2017-02-21,2017-02-28,3056454,1455129,797186,657943,21.526350470185385,58745.0,2.4702497511454466,2.1995873925556624,100.0,NET_LONG,EXTREME_HIGH,True,433815,600641,-166826,-5.45815510392108,49118.0,1.719482932180592,1.8004239540279823,98.07692307692307,NET_SHORT,EXTREME_HIGH,True,260358,555511,-295153,-9.656713302408608,-49800.0,-2.417209436431419,-2.301608106397471,1.9230769230769231,NET_SHORT,EXTREME_LOW,True,97506,241388,-143882,259947,312029,-52082,38219.0,52,26,True,True,False,False
13874A,E-MINI S&P 500,2017-02-28,2017-03-07,3117551,1448346,782750,665596,21.349963480950272,7653.0,2.3721605844164015,2.0412119542632348,100.0,NET_LONG,EXTREME_HIGH,True,455377,637972,-182595,-5.857001216660128,-15769.0,1.4551165385170892,1.5719543452015983,94.23076923076923,NET_SHORT,HIGH,False,247210,576014,-328804,-10.546868359170388,-33651.0,-2.463855054582505,-2.3202274455624736,1.9230769230769231,NET_SHORT,EXTREME_LOW,True,103140,243681,-140541,299947,313603,-13656,61097.0,52,26,True,True,False,False
13874A,E-MINI S&P 500,2017-03-07,2017-03-14,3231427,1411848,778633,633215,19.595522349723513,-32381.0,1.9964211356711177,1.5421302947656867,96.15384615384616,NET_LONG,EXTREME_HIGH,True,500019,577725,-77706,-2.4046961296046607,104889.0,2.5478967567519666,2.6115949748829457,100.0,NET_SHORT,EXTREME_HIGH,True,229044,624196,-395152,-12.228405592947016,-66348.0,-2.6704393940886266,-2.4581023589959146,1.9230769230769231,NET_SHORT,EXTREME_LOW,True,103550,264218,-160668,319131,318820,311,113876.0,52,26,True,True,False,False
13874A,E-MINI S&P 500,2017-03-14,2017-03-21,3542383,1471927,787365,684562,19.32490078006811,51347.0,2.326006906077906,1.43998150883022,100.0,NET_LONG,EXTREME_HIGH,True,495446,612138,-116692,-3.2941666669019134,-38986.0,1.9670778079584157,2.148714048371779,96.15384615384616,NET_SHORT,EXTREME_HIGH,True,243258,641318,-398060,-11.237068380240082,-2908.0,-2.4716860054151297,-2.1158010994203615,1.9230769230769231,NET_SHORT,EXTREME_LOW,True,101021,272899,-171878,305180,303112,2068,310956.0,52,26,True,True,False,False
13874A,E-MINI S&P 500,2017-03-21,2017-03-28,2867968,1481447,857543,623904,21.754217620280283,-60658.0,1.7103303487830739,1.9771883662675216,92.3076923076923,NET_LONG,HIGH,False,365220,622153,-256933,-8.958712231098813,-140241.0,0.343790838250357,0.24126320370293236,65.38461538461539,NET_SHORT,NEUTRAL,False,230627,480480,-249853,-8.711847551995001,148207.0,-1.4942089689978524,-1.5870877280635631,9.615384615384617,NET_SHORT,LOW,False,98216,202356,-104140,272231,285209,-12978,-674415.0,52,26,True,True,False,False
13874A,E-MINI S&P 500,2017-03-28,2017-04-04,2884815,1485396,838911,646485,22.40992923289708,22581.0,1.8142101613438946,2.03212247646144,94.23076923076923,NET_LONG,HIGH,False,393863,619748,-225885,-7.830138154439712,31048.0,0.6726056489551716,0.5930420431902454,75.0,NET_SHORT,HIGH,False,222952,509972,-287020,-9.949338172465131,-37167.0,-1.6741139106124938,-1.7666795072928,9.615384615384617,NET_SHORT,LOW,False,91959,208026,-116067,263660,281173,-17513,16847.0,52,26,True,True,False,False
13874A,E-MINI S&P 500,2017-04-04,2017-04-11,2853269,1464489,809083,655406,22.970354354952164,8921.0,1.8064736716072616,2.0611153967927844,94.23076923076923,NET_LONG,HIGH,False,384436,577060,-192624,-6.750993334312327,33261.0,1.0191243691391563,0.9242507643299758,86.53846153846155,NET_SHORT,HIGH,False,232082,522382,-290300,-10.174294817628482,-3280.0,-1.6386933144078413,-1.7494347435317072,9.615384615384617,NET_SHORT,LOW,False,93566,225538,-131972,259945,300455,-40510,-31546.0,52,26,True,True,False,False
13874A,E-MINI S&P 500,2017-04-11,2017-04-18,2886007,1460750,796732,664018,23.00819090182387,8612.0,1.7883973162985065,1.958268585836435,96.15384615384616,NET_LONG,EXTREME_HIGH,True,409968,592727,-182759,-6.332590322892495,9865.0,1.091443226337858,1.026455336852113,88.46153846153845,NET_SHORT,HIGH,False,203034,508257,-305223,-10.575961873966348,-14923.0,-1.6660447027609904,-1.754205358087337,7.6923076923076925,NET_SHORT,LOW,False,106303,258693,-152390,263446,287092,-23646,32738.0,52,26,True,True,False,False
13874A,E-MINI S&P 500,2017-04-18,2017-04-25,2916029,1446459,786704,659755,22.625117925781947,-4263.0,1.668623578440134,1.7696899439426308,94.23076923076923,NET_LONG,HIGH,False,419900,617317,-197417,-6.770062986342043,-14658.0,0.8979770578425402,0.8530262221451872,82.6923076923077,NET_SHORT,HIGH,False,202872,535788,-332916,-11.41675888682863,-27693.0,-1.7527180291094697,-1.8195099717977028,5.769230769230769,NET_SHORT,LOW,False,103414,231357,-127943,282277,283756,-1479,30022.0,52,26,True,True,False,False
13874A,E-MINI S&P 500,2017-04-25,2017-05-02,2955256,1447409,706998,740411,25.054039311653543,80656.0,2.1582634719325426,2.1869134590260884,100.0,NET_LONG,EXTREME_HIGH,True,464726,667832,-203106,-6.872704090610086,-5689.0,0.8275974778194499,0.8104130913475055,78.84615384615384,NET_SHORT,HIGH,False,206314,582267,-375953,-12.721503653152213,-43037.0,-1.908696571721829,-1.9470930261028343,5.769230769230769,NET_SHORT,LOW,False,101449,228145,-126696,263739,298395,-34656,39227.0,52,26,True,True,False,False
13874A,E-MINI S&P 500,2017-05-02,2017-05-09,2958197,1473758,711758,762000,25.75893356662859,21589.0,2.1692630240740507,2.187413748816409,100.0,NET_LONG,EXTREME_HIGH,True,441613,651460,-209847,-7.0937466301263905,-6741.0,0.7474880953850128,0.7294023153498649,76.92307692307693,NET_SHORT,HIGH,False,227200,582279,-355079,-12.003223585177052,20874.0,-1.696474899548219,-1.7281798357222553,7.6923076923076925,NET_SHORT,LOW,False,98302,228417,-130115,231597,298556,-66959,2941.0,52,26,True,True,False,False
13874A,E-MINI S&P 500,2017-05-09,2017-05-16,3038006,1399337,756305,643032,21.166251811220913,-118968.0,1.249053486775747,1.1519233858064113,82.6923076923077,NET_LONG,HIGH,False,472038,666610,-194572,-6.404595645959883,15275.0,0.897078791508681,0.9311411408295983,82.6923076923077,NET_SHORT,HIGH,False,238624,555069,-316445,-10.416207209597347,38634.0,-1.404461396253442,-1.3836710296223511,13.461538461538462,NET_SHORT,LOW,False,108619,243577,-134958,306272,303329,2943,79809.0,52,26,True,True,False,False
13874A,E-MINI S&P 500,2017-05-16,2017-05-23,3065532,1401366,778204,623162,20.328021367906125,-19870.0,1.0657431826449233,0.9406951012867413,76.92307692307693,NET_LONG,HIGH,False,449085,672123,-223038,-7.275670258865345,-28466.0,0.5617527823187577,0.6232789135942708,69.23076923076923,NET_SHORT,NEUTRAL,False,274042,543518,-269476,-8.790513359508235,46969.0,-1.0840788363439762,-1.0530916572345417,23.076923076923077,NET_SHORT,LOW,False,114854,243359,-128505,306028,308171,-2143,27526.0,52,26,True,True,False,False
13874A,E-MINI S&P 500,2017-05-23,2017-05-30,3069954,1372854,751970,620884,20.22453756636093,-2278.0,1.0149425913227919,0.8902982122624485,75.0,NET_LONG,HIGH,False,490975,682968,-191993,-6.253937355413143,31045.0,0.8726227856324718,0.9218414802299764,86.53846153846155,NET_SHORT,HIGH,False,261014,509755,-248741,-8.102434108133217,20735.0,-0.9256345119861743,-0.8956908004758966,26.923076923076923,NET_SHORT,NEUTRAL,False,100782,257364,-156582,295997,319565,-23568,4422.0,52,26,True,True,False,False
13874A,E-MINI S&P 500,2017-05-30,2017-06-06,3086131,1393947,760441,633506,20.52751487218138,12622.0,1.0663701848957248,0.9231118243087826,80.76923076923077,NET_LONG,HIGH,False,516066,699518,-183452,-5.9444009343738164,8541.0,0.9303689796168999,0.9837930679470656,86.53846153846155,NET_SHORT,HIGH,False,252728,509826,-257098,-8.330754592076616,-8357.0,-0.9380937928056313,-0.9007306172601871,25.0,NET_SHORT,LOW,False,101677,259540,-157863,286497,321590,-35093,16177.0,52,26,True,True,False,False
13874A,E-MINI S&P 500,2017-06-06,2017-06-13,3142563,1352671,739556,613115,19.510030506946084,-20391.0,0.8958043526707329,0.6888297896714927,71.15384615384616,NET_LONG,NEUTRAL,False,523106,704706,-181600,-5.778722654088399,1852.0,0.9212763354678013,1.0028043144597012,90.38461538461539,NET_SHORT,HIGH,False,261483,515102,-253619,-8.070450775370293,3479.0,-0.8830064343009537,-0.8211481999407062,26.923076923076923,NET_SHORT,NEUTRAL,False,107965,262323,-154358,292506,316044,-23538,56432.0,52,26,True,True,False,False
13874A,E-MINI S&P 500,2017-06-13,2017-06-20,3472466,1361475,736480,624995,17.998592354827952,11880.0,0.9421874390799737,0.3512718251313679,76.92307692307693,NET_LONG,HIGH,False,515602,693695,-178093,-5.128718322943983,3507.0,0.9273004490737287,1.1746405114393206,90.38461538461539,NET_SHORT,HIGH,False,254257,521210,-266953,-7.687706661490711,-13334.0,-0.9262499126413976,-0.7221263915135047,25.0,NET_SHORT,LOW,False,128579,258452,-129873,303098,353174,-50076,329903.0,52,26,True,True,False,False
13874A,E-MINI S&P 500,2017-06-20,2017-06-27,2824898,1484894,755200,729694,25.83080875840473,104699.0,1.593347344248875,1.885569567506703,96.15384615384616,NET_LONG,EXTREME_HIGH,True,316255,590150,-273895,-9.695748306664525,-95802.0,-0.16547724278852824,-0.32813932006241464,34.61538461538461,NET_SHORT,NEUTRAL,False,173963,531558,-357595,-12.658687145518174,-90642.0,-1.4104373883984158,-1.5556652973121228,7.6923076923076925,NET_SHORT,LOW,False,143626,196011,-52385,260106,305925,-45819,-647568.0,52,26,True,True,False,False
13874A,E-MINI S&P 500,2017-06-27,2017-07-04,2876159,1439924,775516,664408,23.100530951174814,-65286.0,1.1183040891616374,1.2949625283223123,90.38461538461539,NET_LONG,HIGH,False,353695,580645,-226950,-7.890732049236498,46945.0,0.3354943909998235,0.23377521549041907,55.769230769230774,NET_SHORT,NEUTRAL,False,186955,531171,-344216,-11.967905807710908,13379.0,-1.3124122421414581,-1.4135268901847298,11.538461538461538,NET_SHORT,LOW,False,149524,199801,-50277,260946,303911,-42965,51261.0,52,26,True,True,False,False
13874A,E-MINI S&P 500,2017-07-03,2017-07-10,2852197,1423247,799946,623301,21.853364266213028,-41107.0,0.7962629050954075,0.9967128636857776,69.23076923076923,NET_LONG,NEUTRAL,False,357279,488693,-131414,-4.607465753592757,95536.0,1.4294973537345106,1.3232787225223683,94.23076923076923,NET_SHORT,HIGH,False,190490,557327,-366837,-12.86155900170991,-22621.0,-1.4288347102606709,-1.5536951411554996,7.6923076923076925,NET_SHORT,LOW,False,125461,207171,-81710,259432,302772,-43340,-23962.0,52,26,True,True,False,False
13874A,E-MINI S&P 500,2017-07-11,2017-07-18,2844657,1443361,754396,688965,24.21961593260629,65664.0,1.2170513184027407,1.4351087359279942,94.23076923076923,NET_LONG,HIGH,False,363768,487101,-123333,-4.335601796631369,8081.0,1.4666677411308977,1.3641809881187847,94.23076923076923,NET_SHORT,HIGH,False,165837,585049,-419212,-14.736820643051166,-52375.0,-1.694278307884261,-1.832881568891262,1.9230769230769231,NET_SHORT,EXTREME_LOW,True,112579,209094,-96515,256554,306459,-49905,-7540.0,52,26,True,True,False,False
13874A,E-MINI S&P 500,2017-07-18,2017-07-25,2914099,1468513,750761,717752,24.630323129035766,28787.0,1.3630101276822215,1.4546704545576978,94.23076923076923,NET_LONG,HIGH,False,395984,540516,-144532,-4.95974913686872,-21199.0,1.163890322774129,1.1015537699736684,90.38461538461539,NET_SHORT,HIGH,False,203921,604262,-400341,-13.738071355846182,18871.0,-1.5042931003984439,-1.5669587234457085,3.8461538461538463,NET_SHORT,EXTREME_LOW,True,106149,195980,-89831,254928,337976,-83048,69442.0,52,26,True,True,False,False
13874A,E-MINI S&P 500,2017-07-25,2017-08-01,2995537,1537747,774285,763462,25.486648971453196,45710.0,1.6040320106742234,1.5555228359225388,100.0,NET_LONG,EXTREME_HIGH,True,409122,566693,-157571,-5.260192079082982,-13039.0,0.9695971929807035,0.9592468455581509,88.46153846153845,NET_SHORT,HIGH,False,212264,642659,-430395,-14.367874608125355,-30054.0,-1.6166124476698926,-1.6091292637388448,1.9230769230769231,NET_SHORT,EXTREME_LOW,True,97859,184853,-86994,265114,353616,-88502,81438.0,52,26,True,True,False,False
13874A,E-MINI S&P 500,2017-08-01,2017-08-08,3059594,1577820,774525,803295,26.25495408867974,39833.0,1.7797822622010602,1.628299884173614,100.0,NET_LONG,EXTREME_HIGH,True,390480,631687,-241207,-7.883627697008165,-83636.0,-0.05259037457307275,0.023470619203021542,40.38461538461539,NET_SHORT,NEUTRAL,False,239927,598268,-358341,-11.712044147033888,72054.0,-1.1267512413764698,-1.0754214128177242,15.384615384615385,NET_SHORT,LOW,False,103493,198108,-94615,256659,365791,-109132,64057.0,52,26,True,True,False,False
13874A,E-MINI S&P 500,2017-08-08,2017-08-15,3113437,1625284,777211,848073,27.23912512120849,44778.0,1.9571014138984808,1.729707389011177,100.0,NET_LONG,EXTREME_HIGH,True,374860,647671,-272811,-8.762374186469808,-31604.0,-0.4533133947755614,-0.3073555303303533,23.076923076923077,NET_SHORT,LOW,False,239126,606188,-367062,-11.789607433842408,-8721.0,-1.1375191999159542,-1.049740344476025,13.461538461538462,NET_SHORT,LOW,False,108145,194223,-86078,244540,366662,-122122,53843.0,52,26,True,True,False,False
13874A,E-MINI S&P 500,2017-08-15,2017-08-22,3165620,1587658,773027,814631,25.733695137129537,-33442.0,1.655969758090084,1.380765569149653,98.07692307692307,NET_LONG,EXTREME_HIGH,True,425515,579829,-154314,-4.874684895849786,118497.0,0.9604600414621685,1.040655970028059,88.46153846153845,NET_SHORT,HIGH,False,229139,662671,-433532,-13.695010771981476,-66470.0,-1.4890741776566823,-1.35248514996219,1.9230769230769231,NET_SHORT,EXTREME_LOW,True,104791,198489,-93698,243006,376093,-133087,52183.0,52,26,True,True,False,False
13874A,E-MINI S&P 500,2017-08-22,2017-08-29,3230474,1553045,773984,779061,24.115996599879768,-35570.0,1.3736460649883937,1.0385932546023047,94.23076923076923,NET_LONG,HIGH,False,482024,593115,-111091,-3.438845197330175,43223.0,1.4248528612793823,1.4835416331869338,96.15384615384616,NET_SHORT,EXTREME_HIGH,True,212283,700131,-487848,-15.101437126564091,-54316.0,-1.736718512534711,-1.5442006710126597,1.9230769230769231,NET_SHORT,EXTREME_LOW,True,107503,191036,-83533,250816,347405,-96589,64854.0,52,26,True,True,False,False
13874A,E-MINI S&P 500,2017-08-29,2017-09-05,3301271,1569763,792775,776988,23.536025973026753,-2073.0,1.3071864450543158,0.8989986101884544,92.3076923076923,NET_LONG,HIGH,False,510901,583587,-72686,-2.2017580501570455,38405.0,1.7875359740027599,1.8149709900626168,100.0,NET_SHORT,EXTREME_HIGH,True,233553,737354,-503801,-15.260819242043445,-15953.0,-1.7432407468051894,-1.5052170415481567,1.9230769230769231,NET_SHORT,EXTREME_LOW,True,110656,187731,-77075,241208,364634,-123426,70797.0,52,26,True,True,False,False
13874A,E-MINI S&P 500,2017-09-05,2017-09-12,3327423,1546095,773377,772718,23.222716198090833,-4270.0,1.233025945311413,0.812298562288627,90.38461538461539,NET_LONG,HIGH,False,466714,588868,-122154,-3.6711292793251715,-49468.0,1.1699904598627946,1.271077287242212,90.38461538461539,NET_SHORT,HIGH,False,256774,706752,-449978,-13.523318195492429,53823.0,-1.3648188375525103,-1.1432015405202012,5.769230769230769,NET_SHORT,LOW,False,97789,232911,-135122,250694,316158,-65464,26152.0,52,26,True,True,False,False
13874A,E-MINI S&P 500,2017-09-12,2017-09-19,3693118,1620238,775357,844881,22.877173163706114,72163.0,1.5904263027597534,0.7175148921935057,98.07692307692307,NET_LONG,EXTREME_HIGH,True,470110,615328,-145218,-3.932124562497055,-23064.0,0.8744623123500449,1.145582767556398,82.6923076923077,NET_SHORT,HIGH,False,239622,690649,-451027,-12.212634418938144,-1049.0,-1.3179265695325137,-0.8692418175074057,5.769230769230769,NET_SHORT,LOW,False,92031,255258,-163227,294460,379869,-85409,365695.0,52,26,True,True,False,False
13874A,E-MINI S&P 500,2017-09-19,2017-09-26,3090538,1768637,760177,1008460,32.63056464602603,163579.0,2.3661872321041506,2.3559920840522106,100.0,NET_LONG,EXTREME_HIGH,True,346040,640438,-294398,-9.525784830990592,-149180.0,-0.8590719801070641,-0.7220896134958732,17.307692307692307,NET_SHORT,LOW,False,170067,668155,-498088,-16.116546698341843,-47061.0,-1.531402597132548,-1.5243449130478668,3.8461538461538463,NET_SHORT,EXTREME_LOW,True,95519,255304,-159785,258707,314896,-56189,-602580.0,52,26,True,True,False,False
13874A,E-MINI S&P 500,2017-09-26,2017-10-03,3060234,1704353,761279,943074,30.817055166369627,-65386.0,1.8869930154809784,1.9167146496107308,98.07692307692307,NET_LONG,EXTREME_HIGH,True,349817,633947,-284130,-9.284584120037879,10268.0,-0.8088659576642411,-0.713394362346548,17.307692307692307,NET_SHORT,LOW,False,183203,635877,-452674,-14.792136810453057,45414.0,-1.2214753541496939,-1.23925605612137,7.6923076923076925,NET_SHORT,LOW,False,95291,256314,-161023,275428,320675,-45247,-30304.0,52,26,True,True,False,False
13874A,E-MINI S&P 500,2017-10-03,2017-10-10,3013291,1610282,763320,846962,28.107540891337745,-96112.0,1.3096160214742645,1.3902453181191576,94.23076923076923,NET_LONG,HIGH,False,379126,592765,-213639,-7.089889426543936,70491.0,0.0010166950945868169,0.01298315634455263,48.07692307692308,NET_SHORT,NEUTRAL,False,188565,615605,-427040,-14.171880512038168,25634.0,-1.0367941467119248,-1.0921990727686772,17.307692307692307,NET_SHORT,LOW,False,90740,257315,-166575,299525,339233,-39708,-46943.0,52,26,True,True,False,False
13874A,E-MINI S&P 500,2017-10-10,2017-10-17,3069650,1607874,756069,851805,27.74925480103595,4843.0,1.2841960596103206,1.278050722255137,96.15384615384616,NET_LONG,EXTREME_HIGH,True,403234,591641,-188407,-6.137735572459401,25232.0,0.29619222185339134,0.3446274925912986,63.46153846153846,NET_SHORT,NEUTRAL,False,205773,681347,-475574,-15.49277604938674,-48534.0,-1.298987014047237,-1.3115689320254444,7.6923076923076925,NET_SHORT,LOW,False,100109,253798,-153689,287322,321457,-34135,56359.0,52,26,True,True,False,False
13874A,E-MINI S&P 500,2017-10-17,2017-10-24,3081534,1597042,765315,831727,26.990680615563544,-20078.0,1.1341127311044734,1.1082992223852042,88.46153846153845,NET_LONG,HIGH,False,392709,578161,-185452,-6.018171469144913,2955.0,0.3035261325292505,0.3625248505157028,63.46153846153846,NET_SHORT,NEUTRAL,False,210043,667928,-457885,-14.858995552215228,17689.0,-1.1537259415666004,-1.1543053742365779,9.615384615384617,NET_SHORT,LOW,False,108463,256519,-148056,291618,331952,-40334,11884.0,52,26,True,True,False,False
13874A,E-MINI S&P 500,2017-10-24,2017-10-31,3162041,1584279,755568,828711,26.208104195992398,-3016.0,1.0776574376324695,0.9392543581744087,86.53846153846155,NET_LONG,HIGH,False,417701,581529,-163828,-5.181083989739538,21624.0,0.6313347730761456,0.7384676708932161,76.92307692307693,NET_SHORT,HIGH,False,245158,729984,-484826,-15.332691764591289,-26941.0,-1.2977932821522136,-1.2251873780914324,7.6923076923076925,NET_SHORT,LOW,False,110447,262132,-151685,292614,320986,-28372,80507.0,52,26,True,True,False,False
13874A,E-MINI S&P 500,2017-10-31,2017-11-07,3187695,1554545,747066,807479,25.33112484099012,-21232.0,0.9344746747710758,0.7613078550768402,82.6923076923077,NET_LONG,HIGH,False,440191,560608,-120417,-3.777557137680989,43411.0,1.3411002922868707,1.3959284394629488,90.38461538461539,NET_SHORT,HIGH,False,253738,769281,-515543,-16.172908637746083,-30717.0,-1.4609355962389183,-1.3664825044527387,1.9230769230769231,NET_SHORT,EXTREME_LOW,True,111023,268019,-156996,286790,301313,-14523,25654.0,52,26,True,True,False,False
13874A,E-MINI S&P 500,2017-11-07,2017-11-14,3244403,1529460,752444,777016,23.9494292170239,-30463.0,0.739735275495765,0.48493462310130975,76.92307692307693,NET_LONG,HIGH,False,484670,640153,-155483,-4.792345463865001,-35066.0,0.7071296547298681,0.8562890033290113,76.92307692307693,NET_SHORT,HIGH,False,267297,720631,-453334,-13.9728017758583,62209.0,-1.0126946686897775,-0.8712062904720047,15.384615384615385,NET_SHORT,LOW,False,113883,267941,-154058,303930,318071,-14141,56708.0,52,26,True,True,False,False
13874A,E-MINI S&P 500,2017-11-14,2017-11-21,3263629,1513847,732469,781378,23.9419983092441,4362.0,0.7400107804235295,0.4530651031378668,78.84615384615384,NET_LONG,HIGH,False,501755,619259,-117504,-3.6004092376921517,37979.0,1.3149336917925063,1.3941303480385596,90.38461538461539,NET_SHORT,HIGH,False,246510,740777,-494267,-15.1447054796976,-40933.0,-1.25698014389938,-1.095852659488544,7.6923076923076925,NET_SHORT,LOW,False,115477,297169,-181692,331861,319776,12085,19226.0,52,26,True,True,False,False
13874A,E-MINI S&P 500,2017-11-21,2017-11-28,3329620,1493678,731192,762486,22.90009070104096,-18892.0,0.5969984791404712,0.20800590224829885,67.3076923076923,NET_LONG,NEUTRAL,False,521968,630188,-108220,-3.250220745910945,9284.0,1.413922259212373,1.4994618417301717,94.23076923076923,NET_SHORT,HIGH,False,264582,708957,-444375,-13.346117574978525,49892.0,-0.8853844943655089,-0.6691687216401543,25.0,NET_SHORT,LOW,False,103476,350145,-246669,352747,315969,36778,65991.0,52,26,True,True,False,False
13874A,E-MINI S&P 500,2017-11-28,2017-12-05,3387929,1504354,734082,770272,22.735777520721363,7786.0,0.6201334820382765,0.13307747510622028,69.23076923076923,NET_LONG,NEUTRAL,False,538959,656701,-117742,-3.475338473740152,-9522.0,1.2163591654809243,1.3443870958418822,86.53846153846155,NET_SHORT,HIGH,False,262310,699608,-437298,-12.907531415209705,7077.0,-0.8126903295379777,-0.5393792513710954,26.923076923076923,NET_SHORT,NEUTRAL,False,109292,351231,-241939,346933,320226,26707,58309.0,52,26,True,True,False,False
13874A,E-MINI S&P 500,2017-12-05,2017-12-12,3513444,1436275,714966,721309,20.529970023714622,-48963.0,0.24906111367512143,-0.4507395477944946,57.692307692307686,NET_LONG,NEUTRAL,False,575487,644130,-68643,-1.95372403829405,49099.0,1.9591265418469954,1.978091758709739,100.0,NET_SHORT,EXTREME_HIGH,True,296004,740926,-444922,-12.663415156182936,-7624.0,-0.860540958928785,-0.45107670539263645,25.0,NET_SHORT,LOW,False,108972,354899,-245927,333381,295198,38183,125515.0,52,26,True,True,False,False
13874A,E-MINI S&P 500,2017-12-12,2017-12-19,3830224,1457650,724654,732996,19.137157513503126,11687.0,0.29915145888787953,-0.917619853958543,59.61538461538461,NET_LONG,NEUTRAL,False,484531,644318,-159787,-4.171740347300837,-91144.0,0.3772452161140411,0.8792477192176328,65.38461538461539,NET_SHORT,NEUTRAL,False,287484,785655,-498171,-13.006315035360858,-53249.0,-1.3115318194463172,-0.5252258866602163,5.769230769230769,NET_SHORT,LOW,False,108572,236761,-128189,378041,324890,53151,316780.0,52,26,True,True,False,False
13874A,E-MINI S&P 500,2017-12-19,2017-12-26,2988232,1541503,737614,803889,26.9018268996517,70893.0,0.8353315866068961,1.1373905450272643,80.76923076923077,NET_LONG,HIGH,False,402466,556510,-154044,-5.155021430732286,5743.0,0.4576406364968651,0.37441447466528227,71.15384615384616,NET_SHORT,NEUTRAL,False,187624,758456,-570832,-19.10266672734915,-72661.0,-1.9094050881571343,-2.2880484639785363,1.9230769230769231,NET_SHORT,EXTREME_LOW,True,108189,188978,-80789,287591,285815,1776,-841992.0,52,26,True,True,False,False
13874A,E-MINI S&P 500,2017-12-26,2018-01-02,3061310,1539279,746682,792597,25.89077878424596,-11292.0,0.7240108129512571,0.8396409469294833,76.92307692307693,NET_LONG,HIGH,False,420751,570387,-149636,-4.887972795959899,4408.0,0.5277463028547107,0.4923119924702784,71.15384615384616,NET_SHORT,NEUTRAL,False,221187,824975,-603788,-19.723190398881524,-32956.0,-2.151233508904117,-2.400717287120639,1.9230769230769231,NET_SHORT,EXTREME_LOW,True,119206,180192,-60986,300305,278492,21813,73078.0,52,26,True,True,False,False
13874A,E-MINI S&P 500,2018-01-02,2018-01-09,3051095,1587828,734283,853545,27.975038469795273,60948.0,1.2561441966418914,1.428413874509773,96.15384615384616,NET_LONG,EXTREME_HIGH,True,348963,501994,-153031,-5.015609150157566,-3395.0,0.4935410164055793,0.4479566043305806,71.15384615384616,NET_SHORT,NEUTRAL,False,208927,881416,-672489,-22.04090662532632,-68701.0,-2.58969752794989,-2.8486672058698757,1.9230769230769231,NET_SHORT,EXTREME_LOW,True,119379,181215,-61836,306665,272854,33811,-10215.0,52,26,True,True,False,False
13874A,E-MINI S&P 500,2018-01-09,2018-01-16,3241341,1722242,734827,987415,30.463163240152763,133870.0,2.3995698628051407,2.0917753729120476,98.07692307692307,NET_LONG,EXTREME_HIGH,True,357685,613902,-256217,-7.904660447635717,-103186.0,-1.3398703750278704,-0.971955769504093,15.384615384615385,NET_SHORT,LOW,False,215602,929902,-714300,-22.037175354274666,-41811.0,-2.7415459330674588,-2.648445265660706,1.9230769230769231,NET_SHORT,EXTREME_LOW,True,122206,188909,-66703,317777,267972,49805,190246.0,52,26,True,True,False,False
13874A,E-MINI S&P 500,2018-01-16,2018-01-23,3322427,1736878,740830,996048,29.97953002428646,8633.0,2.3485975850319294,1.8565553883933272,98.07692307692307,NET_LONG,EXTREME_HIGH,True,426192,610683,-184491,-5.552898528696041,71726.0,-0.08619573238537087,0.1573023035284537,46.15384615384615,NET_SHORT,NEUTRAL,False,207250,970531,-763281,-22.973597313048565,-48981.0,-2.9127373335536855,-2.7147514378675415,1.9230769230769231,NET_SHORT,EXTREME_LOW,True,114249,199340,-85091,305957,269142,36815,81086.0,52,26,True,True,False,False
13874A,E-MINI S&P 500,2018-01-23,2018-01-30,3417469,1778863,725020,1053843,30.83694394886976,57795.0,2.6626810106608545,1.9996506761811133,100.0,NET_LONG,EXTREME_HIGH,True,480173,604182,-124009,-3.6286795871447555,60482.0,0.9855208159386186,1.1001962960271208,78.84615384615384,NET_SHORT,HIGH,False,229548,1028566,-799018,-23.38040228016699,-35737.0,-2.91622042529269,-2.6164452675645693,1.9230769230769231,NET_SHORT,EXTREME_LOW,True,114842,211294,-96452,265466,299830,-34364,95042.0,52,26,True,True,False,False
13874A,E-MINI S&P 500,2018-01-30,2018-02-06,3395965,1684703,694580,990123,29.155865858452607,-63720.0,2.003299482325044,1.4475923532738935,94.23076923076923,NET_LONG,HIGH,False,509045,536961,-27916,-0.8220343849244619,96093.0,2.5364699054770345,2.364515390363552,100.0,NET_SHORT,EXTREME_HIGH,True,212367,1100636,-888269,-26.156600553892634,-89251.0,-3.1916851275621356,-2.994754102665257,1.9230769230769231,NET_SHORT,EXTREME_LOW,True,129956,209143,-79187,315710,310461,5249,-21504.0,52,26,True,True,False,False
13874A,E-MINI S&P 500,2018-02-06,2018-02-13,3428810,1609828,720194,889634,25.945852934399984,-100489.0,1.1070380599724226,0.4942844864695849,88.46153846153845,NET_LONG,HIGH,False,557318,487639,69679,2.03216276200781,97595.0,3.6123507128036185,3.3098018076074354,100.0,NET_LONG,EXTREME_HIGH,True,262178,1128287,-866109,-25.259754842058907,22160.0,-2.782852904895582,-2.5778148132467384,3.8461538461538463,NET_SHORT,EXTREME_LOW,True,163654,224589,-60935,302601,334870,-32269,32845.0,52,26,True,True,False,False
13874A,E-MINI S&P 500,2018-02-13,2018-02-20,3341713,1498752,722235,776517,23.23709426871787,-113117.0,0.1005476549952334,-0.3215685309006495,55.769230769230774,NET_LONG,NEUTRAL,False,470038,489119,-19081,-0.5709945767335496,-88760.0,2.1158041836204533,2.024341484874487,98.07692307692307,NET_SHORT,EXTREME_HIGH,True,279821,1060986,-781165,-23.376184609510155,84944.0,-2.1001055197134373,-2.032907889022255,7.6923076923076925,NET_SHORT,LOW,False,143396,221990,-78594,354506,252183,102323,-87097.0,52,26,True,True,False,False
13874A,E-MINI S&P 500,2018-02-20,2018-02-27,3327297,1567355,696574,870781,26.170822742905127,94264.0,0.89722082515556,0.5250929788969386,86.53846153846155,NET_LONG,HIGH,False,418900,535965,-117065,-3.5183213280930437,-97984.0,0.6665822463798287,0.7431426886171094,82.6923076923077,NET_SHORT,HIGH,False,319887,1053378,-733491,-22.04465065787635,47674.0,-1.7106430502464558,-1.6567606538442592,11.538461538461538,NET_SHORT,LOW,False,146263,220968,-74705,321832,267352,54480,-14416.0,52,26,True,True,False,False
13874A,E-MINI S&P 500,2018-02-27,2018-03-06,3331246,1585511,677675,907836,27.252145293382718,37055.0,1.1769437698634393,0.8149784519279649,88.46153846153845,NET_LONG,HIGH,False,412143,539154,-127011,-3.8127175237133493,-9946.0,0.5054061490561624,0.5993648772786624,69.23076923076923,NET_SHORT,NEUTRAL,False,305463,1076172,-770709,-23.13575761141627,-37218.0,-1.8364221447392854,-1.79395445870415,9.615384615384617,NET_SHORT,LOW,False,151466,213809,-62343,311287,259060,52227,3949.0,52,26,True,True,False,False
13874A,E-MINI S&P 500,2018-03-06,2018-03-13,3320841,1493745,692141,801604,24.138584171901034,-106232.0,0.21835121971454072,-0.14393651616009154,61.53846153846154,NET_LONG,NEUTRAL,False,444490,497652,-53162,-1.600859541302941,73849.0,1.5567079401179076,1.5179396725494931,94.23076923076923,NET_SHORT,HIGH,False,313298,1052884,-739586,-22.271045196081353,31123.0,-1.5724093667850567,-1.5376687982197854,13.461538461538462,NET_SHORT,LOW,False,130457,215548,-85091,315501,239266,76235,-10405.0,52,26,True,True,False,False
13874A,E-MINI S&P 500,2018-03-13,2018-03-20,3763469,1506889,674349,832540,22.12161173640596,30936.0,0.4709449469895761,-0.7913951940052423,73.07692307692307,NET_LONG,NEUTRAL,False,460328,544039,-83711,-2.224304225702404,-30549.0,1.0991589067768,1.236115878084383,88.46153846153845,NET_SHORT,HIGH,False,328777,1026964,-698187,-18.55168728638392,41399.0,-1.2763708798646178,-0.7397673422962864,19.230769230769234,NET_SHORT,LOW,False,133796,211437,-77641,345101,318102,26999,442628.0,52,26,True,True,False,False
13874A,E-MINI S&P 500,2018-03-20,2018-03-27,2757489,1405269,658049,747220,27.097841550773182,-85320.0,-0.32037216117028805,0.7276420811331857,36.53846153846153,NET_LONG,NEUTRAL,False,333829,444749,-110920,-4.022500180417764,-27209.0,0.6802166536525059,0.45708648139156693,84.61538461538461,NET_SHORT,HIGH,False,145689,792152,-646463,-23.443901317466725,51724.0,-0.9402788899242257,-1.6731679615816915,23.076923076923077,NET_SHORT,LOW,False,117822,172963,-55141,294774,229470,65304,-1005980.0,52,26,True,True,False,False
13874A,E-MINI S&P 500,2018-03-27,2018-04-03,2974542,1255548,682507,573041,19.2648481682222,-174179.0,-1.8595382866922208,-1.6609250952072303,1.9230769230769231,NET_LONG,EXTREME_LOW,True,423760,403739,20021,0.6730784100543883,130941.0,2.386909332966887,2.294342790944909,98.07692307692307,NET_LONG,EXTREME_HIGH,True,180526,890947,-710421,-23.883374314432274,-63958.0,-1.2637835503833443,-1.6797760893251468,19.230769230769234,NET_SHORT,LOW,False,137497,176678,-39181,389265,232725,156540,217053.0,52,26,True,True,False,False
13874A,E-MINI S&P 500,2018-04-03,2018-04-10,3052445,1234369,735246,499123,16.35158045435708,-73918.0,-2.3808122361762134,-2.3749050164568732,1.9230769230769231,NET_LONG,EXTREME_LOW,True,418351,422436,-4085,-0.13382714512464597,-24106.0,1.9352841750457466,1.8562851846994117,96.15384615384616,NET_SHORT,EXTREME_HIGH,True,196977,870585,-673608,-22.067817765758267,36813.0,-1.009839413738596,-1.2633483516124073,23.076923076923077,NET_SHORT,LOW,False,136620,181483,-44863,455043,231610,223433,77903.0,52,26,True,True,False,False
13874A,E-MINI S&P 500,2018-04-10,2018-04-17,3030240,1214577,654356,560221,18.48767754369291,61098.0,-1.799343528812756,-1.6875403646267917,3.8461538461538463,NET_LONG,EXTREME_LOW,True,396803,433942,-37139,-1.225612492739849,-33054.0,1.4313533102688323,1.3627501841433647,90.38461538461539,NET_SHORT,HIGH,False,192038,907318,-715280,-23.60473097840435,-41672.0,-1.2062087027600656,-1.502557254131939,17.307692307692307,NET_SHORT,LOW,False,143085,181545,-38460,472939,242281,230658,-22205.0,52,26,True,True,False,False
13874A,E-MINI S&P 500,2018-04-17,2018-04-24,3007691,1303859,666036,637823,21.206400524521968,77602.0,-1.1442154295458251,-0.9107721579695759,19.230769230769234,NET_LONG,LOW,False,369858,429620,-59762,-1.9869727309088598,-22623.0,1.093023017031308,1.0244896121480869,86.53846153846155,NET_SHORT,HIGH,False,168543,947460,-778917,-25.897507423468703,-63637.0,-1.5097423010884343,-1.8507845679218635,9.615384615384617,NET_SHORT,LOW,False,136329,172505,-36176,474823,237791,237032,-22549.0,52,26,True,True,False,False
13874A,E-MINI S&P 500,2018-04-24,2018-05-01,3040799,1283288,666882,616406,20.27118530359948,-21417.0,-1.2822967037853321,-1.1322615985698026,9.615384615384617,NET_LONG,LOW,False,425049,443465,-18416,-0.6056302965108842,41346.0,1.5539750792652238,1.4942116966571675,94.23076923076923,NET_SHORT,HIGH,False,163531,1024112,-860581,-28.301147165596934,-81664.0,-1.872860694693597,-2.1600848518080698,5.769230769230769,NET_SHORT,LOW,False,152066,155872,-3806,491814,225417,266397,33108.0,52,26,True,True,False,False
13874A,E-MINI S&P 500,2018-05-01,2018-05-08,2994612,1233427,725442,507985,16.96329941909002,-108421.0,-2.040870913485081,-1.9272979731951996,3.8461538461538463,NET_LONG,EXTREME_LOW,True,448920,365350,83570,2.790678725657948,101986.0,2.607993906071828,2.5694378882108104,100.0,NET_LONG,EXTREME_HIGH,True,160111,1011908,-851797,-28.444319330851542,8784.0,-1.7329148118743374,-2.05276541355936,7.6923076923076925,NET_SHORT,LOW,False,138400,150509,-12109,498448,226097,272351,-46187.0,52,26,True,True,False,False
13874A,E-MINI S&P 500,2018-05-08,2018-05-15,2989404,1222784,715674,507110,16.963582038426388,-875.0,-1.9674643267941168,-1.8523944112225246,3.8461538461538463,NET_LONG,EXTREME_LOW,True,396094,400886,-4792,-0.16029951120691616,-88362.0,1.4839796566675214,1.4354265815566958,92.3076923076923,NET_SHORT,HIGH,False,176446,953299,-776853,-25.986885680222542,74944.0,-1.27025878110631,-1.5458427810757005,15.384615384615385,NET_SHORT,LOW,False,134807,162921,-28114,532184,229535,302649,-5208.0,52,26,True,True,False,False
13874A,E-MINI S&P 500,2018-05-15,2018-05-22,3055622,1235608,735250,500358,16.37499664552749,-6752.0,-1.9476087966202078,-1.9295125728178797,3.8461538461538463,NET_LONG,EXTREME_LOW,True,401481,421080,-19599,-0.6414078704761257,-14807.0,1.2588947020485048,1.2150394828851792,86.53846153846155,NET_SHORT,HIGH,False,171491,928399,-756908,-24.770995888889395,19945.0,-1.121068372194985,-1.284933476237356,21.153846153846153,NET_SHORT,LOW,False,136073,172492,-36419,548920,236352,312568,66218.0,52,26,True,True,False,False
13874A,E-MINI S&P 500,2018-05-22,2018-05-29,3128400,1264657,832685,431972,13.808080808080808,-68386.0,-2.3210015610694317,-2.4160405350637335,1.9230769230769231,NET_LONG,EXTREME_LOW,True,406479,427893,-21414,-0.6845032604526275,-1815.0,1.1892792339345917,1.1532772004458245,84.61538461538461,NET_SHORT,HIGH,False,190587,896223,-705636,-22.555811277330264,51272.0,-0.8059279399791748,-0.8615655871145917,32.69230769230769,NET_SHORT,NEUTRAL,False,124106,175202,-51096,573838,227664,346174,72778.0,52,26,True,True,False,False
13874A,E-MINI S&P 500,2018-05-29,2018-06-05,3209503,1242910,857380,385530,12.012140197407511,-46442.0,-2.4736782119181293,-2.6262542893689207,1.9230769230769231,NET_LONG,EXTREME_LOW,True,405636,471071,-65435,-2.038789183247375,-44021.0,0.6531601682619781,0.6486058733746088,75.0,NET_SHORT,HIGH,False,212641,862294,-649653,-20.24154518627962,55983.0,-0.458215637431064,-0.413786466891614,40.38461538461539,NET_SHORT,NEUTRAL,False,120484,181639,-61155,629667,238954,390713,81103.0,52,26,True,True,False,False
13874A,E-MINI S&P 500,2018-06-05,2018-06-12,3242617,1269321,855048,414273,12.775884416815183,28743.0,-2.1683107156947323,-2.3160004570432613,3.8461538461538463,NET_LONG,EXTREME_LOW,True,360139,445781,-85642,-2.6411383151324994,-20207.0,0.39875829255283674,0.41537799252318197,67.3076923076923,NET_SHORT,NEUTRAL,False,197310,860912,-663602,-20.465013290191227,-13949.0,-0.5098704533592224,-0.4247127508719117,40.38461538461539,NET_SHORT,NEUTRAL,False,116883,179625,-62742,641966,244253,397713,33114.0,52,26,True,True,False,False
13874A,E-MINI S&P 500,2018-06-12,2018-06-19,3411142,1351669,852426,499243,14.635655742270476,84970.0,-1.5762387687026491,-1.8658054674009275,9.615384615384617,NET_LONG,LOW,False,371663,469107,-97444,-2.856638627181161,-11802.0,0.24441279450339906,0.32381009285131107,65.38461538461539,NET_SHORT,NEUTRAL,False,166647,904216,-737569,-21.62234817547906,-73967.0,-0.9266311312327336,-0.6184121346998706,25.0,NET_SHORT,LOW,False,95174,176535,-81361,672158,255027,417131,168525.0,52,26,True,True,False,False
13874A,E-MINI S&P 500,2018-06-19,2018-06-26,2679161,1449532,835902,613630,22.903812051608693,114387.0,-0.8334694619721031,-0.12677427868098418,21.153846153846153,NET_LONG,LOW,False,314219,412618,-98399,-3.6727542689670387,-955.0,0.20036475798865142,-0.007417864422685492,63.46153846153846,NET_SHORT,NEUTRAL,False,104211,587533,-483322,-18.040050597929724,254247.0,0.6755553744568885,0.11742548621909374,65.38461538461539,NET_SHORT,NEUTRAL,False,100779,183026,-82247,300421,250083,50338,-731981.0,52,26,True,True,False,False
13874A,E-MINI S&P 500,2018-06-26,2018-07-03,2687018,1368518,866717,501801,18.675014458407052,-111829.0,-1.4866317792028456,-0.9848878376943367,13.461538461538462,NET_LONG,LOW,False,335956,429691,-93735,-3.4884396010745,4664.0,0.22976662870635525,0.03035722689327995,65.38461538461539,NET_SHORT,NEUTRAL,False,115652,539489,-423837,-15.773508030091351,59485.0,1.0735926054601552,0.5984409848660133,90.38461538461539,NET_SHORT,HIGH,False,119246,181553,-62307,320879,242801,78078,7857.0,52,26,True,True,False,False
13874A,E-MINI S&P 500,2018-07-03,2018-07-10,2677808,1353492,874842,478650,17.87469452626925,-23151.0,-1.580546162323095,-1.1220613369407435,7.6923076923076925,NET_LONG,LOW,False,306650,398174,-91524,-3.4178701385610917,2211.0,0.2474862919373779,0.04859865896956496,65.38461538461539,NET_SHORT,NEUTRAL,False,127526,546782,-419256,-15.656686364369662,4581.0,1.1184567815339315,0.6398574568461554,92.3076923076923,NET_SHORT,HIGH,False,112068,177944,-65876,340148,242142,98006,-9210.0,52,26,True,True,False,False
13874A,E-MINI S&P 500,2018-07-10,2018-07-17,2720946,1385362,855232,530130,19.48329735319995,51480.0,-1.2336863251611858,-0.7693358457367574,21.153846153846153,NET_LONG,LOW,False,310066,434216,-124150,-4.562751337218747,-32626.0,-0.15306249731060248,-0.3863009085532309,40.38461538461539,NET_SHORT,NEUTRAL,False,129262,525465,-396203,-14.56122245718952,23053.0,1.259672254488088,0.86534928049629,96.15384615384616,NET_SHORT,EXTREME_HIGH,True,94897,181941,-87044,339189,261922,77267,43138.0,52,26,True,True,False,False
13874A,E-MINI S&P 500,2018-07-17,2018-07-24,2777242,1383818,855920,527898,19.00799426193324,-2232.0,-1.2077538372832954,-0.8389989124786672,21.153846153846153,NET_LONG,LOW,False,321909,472027,-150118,-5.4052905724456135,-25968.0,-0.4704284665262154,-0.7028653371897498,32.69230769230769,NET_SHORT,NEUTRAL,False,162110,512462,-350352,-12.615105201491264,45851.0,1.5344317197341697,1.2569511856901205,100.0,NET_SHORT,EXTREME_HIGH,True,83925,196652,-112727,360797,275498,85299,56296.0,52,26,True,True,False,False
13874A,E-MINI S&P 500,2018-07-24,2018-07-31,2779106,1367045,852329,514716,18.520920036875168,-13182.0,-1.23835133365166,-0.9052017431948499,21.153846153846153,NET_LONG,LOW,False,337301,488085,-150784,-5.425629680911776,-666.0,-0.48060762146278146,-0.708812206660974,30.76923076923077,NET_SHORT,NEUTRAL,False,183506,538163,-354657,-12.761549937281988,-4305.0,1.4805995869204769,1.212331969529713,98.07692307692307,NET_SHORT,EXTREME_HIGH,True,87323,190476,-103153,349388,255510,93878,1864.0,52,26,True,True,False,False
13874A,E-MINI S&P 500,2018-07-31,2018-08-07,2762632,1343110,861946,481164,17.4168691305972,-33552.0,-1.3729028753258297,-1.0852105256336562,9.615384615384617,NET_LONG,LOW,False,333057,427497,-94440,-3.418479189410678,56344.0,0.1814573284043265,0.022279154819160884,61.53846153846154,NET_SHORT,NEUTRAL,False,173958,556686,-382728,-13.853745269004342,-28071.0,1.3124734165937109,1.0078430576756738,94.23076923076923,NET_SHORT,HIGH,False,89809,205668,-115859,356212,244349,111863,-16474.0,52,26,True,True,False,False
13874A,E-MINI S&P 500,2018-08-07,2018-08-14,2830470,1373200,860077,513123,18.128544022724142,31959.0,-1.1454632970996839,-0.9074244779149367,23.076923076923077,NET_LONG,LOW,False,339650,482248,-142598,-5.037961893254477,-48158.0,-0.47616196820452406,-0.6640437423933547,34.61538461538461,NET_SHORT,NEUTRAL,False,192084,553619,-361535,-12.772967033743512,21193.0,1.444168245488477,1.2414368519256287,96.15384615384616,NET_SHORT,EXTREME_HIGH,True,90801,211256,-120455,373766,262301,111465,67838.0,52,26,True,True,False,False
13874A,E-MINI S&P 500,2018-08-14,2018-08-21,2819606,1340748,860389,480359,17.03638735341037,-32764.0,-1.276904488657084,-1.0835974232218422,9.615384615384617,NET_LONG,LOW,False,344881,471792,-126911,-4.501018936688317,15687.0,-0.27795229868691307,-0.4494529525710153,36.53846153846153,NET_SHORT,NEUTRAL,False,193120,555971,-362851,-12.868854726511433,-1316.0,1.4127411996413084,1.2137002330498152,94.23076923076923,NET_SHORT,HIGH,False,95917,209493,-113576,379759,256780,122979,-10864.0,52,26,True,True,False,False
13874A,E-MINI S&P 500,2018-08-21,2018-08-28,2828985,1356441,861797,494644,17.484857643289022,14285.0,-1.1533723286230755,-0.9615437230140548,13.461538461538462,NET_LONG,LOW,False,340436,506464,-166028,-5.86881867524925,-39117.0,-0.7747810901873567,-0.977825545850685,15.384615384615385,NET_SHORT,LOW,False,207470,527857,-320387,-11.325157256047664,42464.0,1.6207641692787824,1.492731558830677,100.0,NET_SHORT,EXTREME_HIGH,True,89395,212207,-122812,376769,262186,114583,9379.0,52,26,True,True,False,False
13874A,E-MINI S&P 500,2018-08-28,2018-09-04,2876521,1401508,816791,584717,20.327228620962615,90073.0,-0.636324542204234,-0.3900881983212298,38.46153846153847,NET_LONG,NEUTRAL,False,347694,519404,-171710,-5.969363686202882,-5682.0,-0.8204116525547873,-0.9821672968515422,15.384615384615385,NET_SHORT,LOW,False,185637,589891,-404254,-14.05357374411659,-83867.0,1.0872386520896886,0.9295079601612687,86.53846153846155,NET_SHORT,HIGH,False,92010,212681,-120671,376233,264315,111918,47536.0,52,26,True,True,False,False
13874A,E-MINI S&P 500,2018-09-04,2018-09-11,2893316,1409846,774585,635261,21.956156880202506,50544.0,-0.3447596846554364,-0.06531516038095829,44.230769230769226,NET_LONG,NEUTRAL,False,295334,523408,-228074,-7.882789159566393,-56364.0,-1.4951532124515394,-1.668307648527401,7.6923076923076925,NET_SHORT,LOW,False,209049,640511,-431462,-14.912370442772238,-27208.0,0.9188868855025414,0.764642762351377,78.84615384615384,NET_SHORT,HIGH,False,106403,207310,-100907,386530,261348,125182,16795.0,52,26,True,True,False,False
13874A,E-MINI S&P 500,2018-09-11,2018-09-18,2918387,1400952,745039,655913,22.475189205544023,20652.0,-0.21278532285772087,0.03820087273058631,48.07692307692308,NET_LONG,NEUTRAL,False,291099,513146,-222047,-7.608552258490735,6027.0,-1.375850246883231,-1.5000662036994539,9.615384615384617,NET_SHORT,LOW,False,216435,684755,-468320,-16.04722060508082,-36858.0,0.6995328000298457,0.5564273944010264,65.38461538461539,NET_SHORT,NEUTRAL,False,104609,200412,-95803,387776,257519,130257,25071.0,52,26,True,True,False,False
13874A,E-MINI S&P 500,2018-09-18,2018-09-25,3299237,1469812,749218,720594,21.841231775710565,64681.0,0.18006399608366794,-0.04758228776555793,50.0,NET_LONG,NEUTRAL,False,243478,478012,-234534,-7.108734534681807,-12487.0,-1.5914048625671073,-1.3713686234862352,5.769230769230769,NET_SHORT,LOW,False,214677,710525,-495848,-15.029171896411201,-27528.0,0.5328354675991176,0.7602170365264407,55.769230769230774,NET_SHORT,NEUTRAL,False,128069,208170,-80101,387904,298015,89889,380850.0,52,26,True,True,False,False
13874A,E-MINI S&P 500,2018-09-25,2018-10-02,2732088,1539119,732786,806333,29.513434413532803,85739.0,0.693759553479302,1.5437150258577887,73.07692307692307,NET_LONG,NEUTRAL,False,184271,431992,-247721,-9.067094471334745,-13187.0,-1.8033809986500549,-2.15079823025921,3.8461538461538463,NET_SHORT,EXTREME_LOW,True,160453,717559,-557106,-20.39121726679375,-61258.0,0.17584863115618785,-0.32361976545987053,51.92307692307693,NET_SHORT,NEUTRAL,False,129607,180876,-51269,282949,233186,49763,-567149.0,52,26,True,True,False,False
13874A,E-MINI S&P 500,2018-10-02,2018-10-09,2783452,1535399,732025,803374,28.862505981780895,-2959.0,0.6841755074670073,1.4005287662830783,71.15384615384616,NET_LONG,NEUTRAL,False,198578,416117,-217539,-7.815439245943526,30182.0,-1.404016604863715,-1.6377838757797638,11.538461538461538,NET_SHORT,LOW,False,168381,731908,-563527,-20.245615875538718,-6421.0,0.15415587175898288,-0.27157778108328606,51.92307692307693,NET_SHORT,NEUTRAL,False,137032,188782,-51750,266449,237007,29442,51364.0,52,26,True,True,False,False
13874A,E-MINI S&P 500,2018-10-09,2018-10-16,2840595,1450785,732574,718211,25.28382257942438,-85163.0,0.2067308262825105,0.6793451183106387,50.0,NET_LONG,NEUTRAL,False,224310,391052,-166742,-5.869967383593931,50797.0,-0.7467293426510871,-0.8800200140508316,19.230769230769234,NET_SHORT,LOW,False,205746,738694,-532948,-18.76184390946263,30579.0,0.34971338045714523,0.05165912311666323,55.769230769230774,NET_SHORT,NEUTRAL,False,150779,187896,-37117,283041,264445,18596,57143.0,52,26,True,True,False,False
13874A,E-MINI S&P 500,2018-10-16,2018-10-23,2875182,1306676,788562,518114,18.020215763732523,-200097.0,-0.9283486527323588,-0.7979639669139172,30.76923076923077,NET_LONG,NEUTRAL,False,304332,328781,-24449,-0.8503461693903203,142293.0,1.0860490065228101,1.0470443872556732,82.6923076923077,NET_SHORT,HIGH,False,250651,739109,-488458,-16.988768015381286,44490.0,0.6288163061151593,0.43484954453062197,65.38461538461539,NET_SHORT,NEUTRAL,False,173709,197531,-23822,277896,259281,18615,34587.0,52,26,True,True,False,False
13874A,E-MINI S&P 500,2018-10-23,2018-10-30,2919850,1233952,793784,440168,15.07502097710499,-77946.0,-1.327411435498463,-1.3543166996112999,7.6923076923076925,NET_LONG,LOW,False,338497,400755,-62258,-2.132232820179119,-37809.0,0.5642591712543783,0.5232841770533051,73.07692307692307,NET_SHORT,NEUTRAL,False,301279,722639,-421360,-14.430878298542735,67098.0,1.0288507314603246,0.9679924504732464,82.6923076923077,NET_SHORT,HIGH,False,203978,193864,10114,283441,250105,33336,44668.0,52,26,True,True,False,False
13874A,E-MINI S&P 500,2018-10-30,2018-11-06,2988190,1161987,802768,359219,12.02129048019035,-80949.0,-1.706405171816584,-1.8754372857932609,1.9230769230769231,NET_LONG,EXTREME_LOW,True,381923,410941,-29018,-0.9710895224199264,33240.0,0.9707425954528248,0.948767625246276,78.84615384615384,NET_SHORT,HIGH,False,305666,711526,-405860,-13.582135004802238,15500.0,1.0999108515518323,1.1258788287308166,84.61538461538461,NET_SHORT,HIGH,False,224133,186893,37240,282054,243635,38419,68340.0,52,26,True,True,False,False
13874A,E-MINI S&P 500,2018-11-06,2018-11-13,2940426,1209996,804548,405448,13.788750337536126,46229.0,-1.3836442879884165,-1.4545396488638902,5.769230769230769,NET_LONG,LOW,False,298629,406855,-108226,-3.6806231478023936,-79208.0,-0.07678484714754673,-0.11227338145938806,50.0,NET_SHORT,NEUTRAL,False,283076,647654,-364578,-12.39881568180937,41282.0,1.325490587942471,1.3560249460393314,90.38461538461539,NET_SHORT,HIGH,False,193503,169206,24297,283390,240331,43059,-47764.0,52,26,True,True,False,False
13874A,E-MINI S&P 500,2018-11-13,2018-11-20,2967052,1251085,775397,475688,16.03234456288599,70240.0,-0.95540811309923,-0.9765253211257364,13.461538461538462,NET_LONG,LOW,False,285460,418415,-132955,-4.481047180838084,-24729.0,-0.3971130538990262,-0.4167323029423739,34.61538461538461,NET_SHORT,NEUTRAL,False,289082,692722,-403640,-13.60407569533665,-39062.0,1.0713805145686481,1.094159194616381,84.61538461538461,NET_SHORT,HIGH,False,181632,160470,21162,285816,246071,39745,26626.0,52,26,True,True,False,False
13874A,E-MINI S&P 500,2018-11-20,2018-11-27,3049639,1227153,785100,442053,14.495256651688937,-33635.0,-1.099139467669011,-1.2285887608109651,13.461538461538462,NET_LONG,LOW,False,302245,378121,-75876,-2.4880321900395423,57079.0,0.34292707295530217,0.35209473044552997,65.38461538461539,NET_SHORT,NEUTRAL,False,312210,784329,-472119,-15.481143833745566,-68479.0,0.6683993667669088,0.7220986016275058,65.38461538461539,NET_SHORT,NEUTRAL,False,204809,166098,38711,298561,231330,67231,82587.0,52,26,True,True,False,False
13874A,E-MINI S&P 500,2018-11-27,2018-12-04,3037661,1215873,769887,445986,14.681888466158666,3933.0,-1.0371837604732297,-1.1490259507705034,15.384615384615385,NET_LONG,LOW,False,328074,376861,-48787,-1.606071250215215,27089.0,0.6776394035390879,0.67759717725008,75.0,NET_SHORT,HIGH,False,311759,748550,-436791,-14.379188461121897,35328.0,0.8791530380729009,0.9627780048194884,71.15384615384616,NET_SHORT,NEUTRAL,False,147811,168889,-21078,291989,231319,60670,-11978.0,52,26,True,True,False,False
13874A,E-MINI S&P 500,2018-12-04,2018-12-11,3072144,1213418,729758,483660,15.74340265300064,37674.0,-0.8024462277460203,-0.9213448367295305,25.0,NET_LONG,LOW,False,305182,417175,-111993,-3.6454345890036404,-63206.0,-0.1363157109748097,-0.09856408913965642,46.15384615384615,NET_SHORT,NEUTRAL,False,321787,729399,-407612,-13.267997854267247,29179.0,1.0448216397050023,1.200845155166471,78.84615384615384,NET_SHORT,HIGH,False,122244,164615,-42371,328365,250049,78316,34483.0,52,26,True,True,False,False
13874A,E-MINI S&P 500,2018-12-11,2018-12-18,3135184,1165132,785622,379510,12.104871675793191,-104150.0,-1.3146660615443038,-1.5472451368312947,3.8461538461538463,NET_LONG,EXTREME_LOW,True,359637,376565,-16928,-0.5399364120255781,95065.0,1.0640807014853324,1.067234119962097,90.38461538461539,NET_SHORT,HIGH,False,344265,765417,-421152,-13.433087180848077,-13540.0,0.9494393064757143,1.1704349566111978,75.0,NET_SHORT,HIGH,False,124110,170131,-46021,345476,240885,104591,63040.0,52,26,True,True,False,False
13874A,E-MINI S&P 500,2018-12-18,2018-12-25,3220465,1161761,787759,374002,11.613291869341849,-5508.0,-1.2903311577649728,-1.5669020251429162,3.8461538461538463,NET_LONG,EXTREME_LOW,True,404687,356910,47777,1.4835435255467766,64705.0,1.8034926707822225,1.7485384731905966,96.15384615384616,NET_LONG,EXTREME_HIGH,True,323907,847353,-523446,-16.253739754973275,-102294.0,0.3394902895777692,0.5652991652332757,55.769230769230774,NET_SHORT,NEUTRAL,False,139973,179829,-39856,417310,275787,141523,85281.0,52,26,True,True,False,False
13874A,E-MINI S&P 500,2018-12-24,2018-12-31,2808490,1275156,738849,536307,19.095919871532388,162305.0,-0.40048007143188424,-0.17744469843648802,53.84615384615385,NET_LONG,NEUTRAL,False,436477,287420,149057,5.307371576897194,101280.0,2.7854480125926484,2.8567616860042784,100.0,NET_LONG,EXTREME_HIGH,True,190718,951184,-760466,-27.077397462693476,-237020.0,-1.0304477247742836,-1.6257304939452046,21.153846153846153,NET_SHORT,LOW,False,144235,189146,-44911,333978,213965,120013,-411975.0,52,26,True,True,False,False
13874A,E-MINI S&P 500,2018-12-31,2019-01-07,2694884,1307877,678486,629391,23.355031236966045,93084.0,0.12531271155263207,0.6364765679796496,65.38461538461539,NET_LONG,NEUTRAL,False,296016,285201,10815,0.40131597501042715,-138242.0,1.1243854375818603,1.1245273517223646,90.38461538461539,NET_LONG,HIGH,False,183177,889633,-706456,-26.214709056122636,54010.0,-0.7095910651075334,-1.4103644032132059,36.53846153846153,NET_SHORT,NEUTRAL,False,162454,177856,-15402,306845,225193,81652,-113606.0,52,26,True,True,False,False
13874A,E-MINI S&P 500,2019-01-08,2019-01-15,2628458,1317591,648060,669531,25.47238723236209,40140.0,0.3948357729600674,1.0823259558623939,73.07692307692307,NET_LONG,NEUTRAL,False,236322,292549,-56227,-2.139162961706065,-67042.0,0.31336668370690546,0.2260758509657024,63.46153846153846,NET_SHORT,NEUTRAL,False,158947,825575,-666628,-25.361942249029664,39828.0,-0.484510318089042,-1.2127258171953443,42.30769230769231,NET_SHORT,NEUTRAL,False,154700,168559,-13859,325739,258556,67183,-66426.0,52,26,True,True,False,False
13874A,E-MINI S&P 500,2019-01-15,2019-01-22,2655210,1309964,648491,661473,24.91226682635272,-8058.0,0.4057733192750197,1.0216587290294161,73.07692307692307,NET_LONG,NEUTRAL,False,219550,333977,-114427,-4.309527306691373,-58200.0,-0.4108350251200567,-0.5484128515462431,34.61538461538461,NET_SHORT,NEUTRAL,False,194051,758701,-564650,-21.265737926567013,101978.0,0.09020283141488189,-0.409074329818916,48.07692307692308,NET_SHORT,NEUTRAL,False,125597,182182,-56585,343235,269046,74189,26752.0,52,26,True,True,False,False
13874A,E-MINI S&P 500,2019-01-22,2019-01-29,2676983,1284827,626521,658306,24.591340326031208,-3167.0,0.46795447089333514,1.0212944073768522,73.07692307692307,NET_LONG,NEUTRAL,False,248348,390817,-142469,-5.321998682845576,-28042.0,-0.7474698626506859,-0.8887970337746754,23.076923076923077,NET_SHORT,LOW,False,208806,724527,-515721,-19.26500840685204,48929.0,0.3525389902631934,-0.027053172828250746,55.769230769230774,NET_SHORT,NEUTRAL,False,101310,191557,-90247,353762,263631,90131,21773.0,52,26,True,True,False,False
13874A,E-MINI S&P 500,2019-01-29,2019-02-05,2694025,1249671,605099,644572,23.92598435426546,-13734.0,0.45271651418433106,0.9327353440815737,71.15384615384616,NET_LONG,NEUTRAL,False,282534,386884,-104350,-3.873386475626618,38119.0,-0.2654210297036997,-0.36067429764732684,42.30769230769231,NET_SHORT,NEUTRAL,False,217106,752287,-535181,-19.865480090199608,-19460.0,0.20208667288325527,-0.17490539247189135,50.0,NET_SHORT,NEUTRAL,False,103006,215225,-112219,369985,262807,107178,17042.0,52,26,True,True,False,False
13874A,E-MINI S&P 500,2019-02-05,2019-02-12,2653040,1227930,618568,609362,22.96844374754998,-35210.0,0.25657505895835553,0.7503789313825638,61.53846153846154,NET_LONG,NEUTRAL,False,237804,423181,-185377,-6.987342821819498,-81027.0,-1.2220549044040374,-1.410950955361543,11.538461538461538,NET_SHORT,LOW,False,231557,598044,-366487,-13.813851280041009,168694.0,1.2157659879123197,1.0218783560445286,88.46153846153845,NET_SHORT,HIGH,False,95731,252361,-156630,377536,278404,99132,-40985.0,52,26,True,True,False,False
13874A,E-MINI S&P 500,2019-02-12,2019-02-19,2645788,1223186,652067,571119,21.585969850947997,-38243.0,0.005851533463513955,0.4604500374354507,57.692307692307686,NET_LONG,NEUTRAL,False,207255,385705,-178450,-6.74468249156773,6927.0,-1.092170893113908,-1.2713669858183487,13.461538461538462,NET_SHORT,LOW,False,244025,570328,-326303,-12.332923121580414,40184.0,1.4152790114409495,1.2730345655272475,98.07692307692307,NET_SHORT,EXTREME_HIGH,True,92351,255807,-163456,382611,285521,97090,-7252.0,52,26,True,True,False,False
13874A,E-MINI S&P 500,2019-02-19,2019-02-26,2628240,1220037,663302,556735,21.182806745198306,-14384.0,-0.059563854051454104,0.40156326778445434,55.769230769230774,NET_LONG,NEUTRAL,False,202578,398879,-196301,-7.468914558792196,-17851.0,-1.2757604249485832,-1.4683427596918415,11.538461538461538,NET_SHORT,LOW,False,251247,544878,-293631,-11.172153228015706,32672.0,1.5523496991973025,1.4438774238351297,100.0,NET_SHORT,EXTREME_HIGH,True,83918,255588,-171670,397754,292887,104867,-17548.0,52,26,True,True,False,False
13874A,E-MINI S&P 500,2019-02-26,2019-03-05,2699419,1271900,622046,649854,24.073847001891888,93119.0,0.7659847220969036,1.075698636172604,78.84615384615384,NET_LONG,HIGH,False,205879,424348,-218469,-8.093185978167895,-22168.0,-1.4946657912045684,-1.6134108148546382,9.615384615384617,NET_SHORT,LOW,False,227032,585757,-358725,-13.28897070073227,-65094.0,1.1035136420943614,0.9806407785638096,90.38461538461539,NET_SHORT,HIGH,False,85384,267998,-182614,397779,287825,109954,71179.0,52,26,True,True,False,False
13874A,E-MINI S&P 500,2019-03-05,2019-03-12,2623571,1267188,609774,657414,25.057983946308294,7560.0,0.8840715374984971,1.2877170262156301,82.6923076923077,NET_LONG,HIGH,False,231651,423779,-192128,-7.323148487309854,26341.0,-1.1345864868493702,-1.299338309743867,15.384615384615385,NET_SHORT,LOW,False,249320,524131,-274811,-10.474692699378062,83914.0,1.5665198183678197,1.4769949099044821,100.0,NET_SHORT,EXTREME_HIGH,True,90831,281088,-190257,300438,300656,-218,-75848.0,52,26,True,True,False,False
13874A,E-MINI S&P 500,2019-03-12,2019-03-19,2879657,1280253,609343,670910,23.29826086926325,13496.0,1.081705684778266,0.8839417558701069,90.38461538461539,NET_LONG,HIGH,False,215864,388143,-172279,-5.982622235912125,19849.0,-0.8722498749412539,-0.8258605974832222,21.153846153846153,NET_SHORT,LOW,False,232926,549265,-316339,-10.985301374434526,-41528.0,1.2545468971375324,1.3241945583421757,96.15384615384616,NET_SHORT,EXTREME_HIGH,True,85593,270714,-185121,339068,336239,2829,256086.0,52,26,True,True,False,False
13874A,E-MINI S&P 500,2019-03-19,2019-03-26,2498540,1377648,626463,751185,30.064957935434293,80275.0,1.8179973408672438,2.3250197178208603,96.15384615384616,NET_LONG,EXTREME_HIGH,True,196647,399911,-203264,-8.135311021636635,-30985.0,-1.1995985952450559,-1.4786078219175418,13.461538461538462,NET_SHORT,LOW,False,225422,593294,-367872,-14.723478511450688,-51533.0,0.8969755101614313,0.5707890643330326,76.92307692307693,NET_SHORT,HIGH,False,84679,267219,-182540,276167,273676,2491,-381117.0,52,26,True,True,False,False
13874A,E-MINI S&P 500,2019-03-26,2019-04-02,2504206,1344827,595376,749451,29.927689654924556,-1734.0,1.719301591763804,2.146334341352614,94.23076923076923,NET_LONG,HIGH,False,220875,363443,-142568,-5.693141858137869,60696.0,-0.4656716562918124,-0.6589298327067268,36.53846153846153,NET_SHORT,NEUTRAL,False,234958,619412,-384454,-15.352331237925315,-16582.0,0.7614399081754141,0.4209979760372845,73.07692307692307,NET_SHORT,NEUTRAL,False,78838,272786,-193948,283780,312261,-28481,5666.0,52,26,True,True,False,False
13874A,E-MINI S&P 500,2019-04-02,2019-04-09,2527763,1360005,599532,760473,30.0848220343442,11022.0,1.7248703782083032,2.0444149352728815,96.15384615384616,NET_LONG,EXTREME_HIGH,True,213888,391808,-177920,-7.038634555533885,-35352.0,-0.8498195996306507,-1.0591931063608235,23.076923076923077,NET_SHORT,LOW,False,258123,619386,-361263,-14.291806629023371,23191.0,0.8731845054005437,0.6045587343267259,84.61538461538461,NET_SHORT,HIGH,False,75863,266596,-190733,276174,306731,-30557,23557.0,52,26,True,True,False,False
13874A,E-MINI S&P 500,2019-04-09,2019-04-16,2558637,1360015,579678,780337,30.498151945742986,19864.0,1.800571642100725,1.999233631914815,96.15384615384616,NET_LONG,EXTREME_HIGH,True,223731,412101,-188370,-7.362122880267892,-10450.0,-0.9377731178666389,-1.1207915788764762,19.230769230769234,NET_SHORT,LOW,False,282494,645589,-363095,-14.190954011843024,-1832.0,0.8285207118674346,0.5957497503998871,78.84615384615384,NET_SHORT,HIGH,False,77936,281724,-203788,268433,293517,-25084,30874.0,52,26,True,True,False,False
13874A,E-MINI S&P 500,2019-04-16,2019-04-23,2621649,1398971,578645,820326,31.290458791394272,39989.0,2.0277740054835913,2.0281741926512504,100.0,NET_LONG,EXTREME_HIGH,True,237792,425806,-188014,-7.171593146145804,356.0,-0.9001061466080493,-1.019432538965963,21.153846153846153,NET_SHORT,LOW,False,274545,677146,-402601,-15.356784985327938,-39506.0,0.5455280661151656,0.3294942828913449,65.38461538461539,NET_SHORT,NEUTRAL,False,83764,280186,-196422,277921,311210,-33289,63012.0,52,26,True,True,False,False
13874A,E-MINI S&P 500,2019-04-23,2019-04-30,2682940,1396624,599768,796856,29.70085055946089,-23470.0,1.756666159012036,1.6550660039667684,94.23076923076923,NET_LONG,HIGH,False,277345,410109,-132764,-4.948452071235287,55250.0,-0.22316140443101887,-0.2729506163230853,48.07692307692308,NET_SHORT,NEUTRAL,False,278574,692020,-413446,-15.4101843500041,-10845.0,0.4437754275582429,0.28252326220300655,55.769230769230774,NET_SHORT,NEUTRAL,False,81840,282269,-200429,283715,333932,-50217,61291.0,52,26,True,True,False,False
13874A,E-MINI S&P 500,2019-04-30,2019-05-07,2638914,1396753,607834,788919,29.89559341456372,-7937.0,1.6133529145331156,1.6093579027543832,92.3076923076923,NET_LONG,HIGH,False,261788,347531,-85743,-3.2491775025635543,47021.0,0.4005219613810056,0.3412692199162245,71.15384615384616,NET_SHORT,NEUTRAL,False,258069,706919,-448850,-17.00889077855512,-35404.0,0.15033345617990804,-0.1266964115153439,42.30769230769231,NET_SHORT,NEUTRAL,False,80071,289159,-209088,270281,315519,-45238,-44026.0,52,26,True,True,False,False
13874A,E-MINI S&P 500,2019-05-07,2019-05-14,2642843,1363097,606365,756732,28.633255929315517,-32187.0,1.3109411599321603,1.3304335950932094,86.53846153846155,NET_LONG,HIGH,False,267684,332686,-65002,-2.459548297042238,20741.0,0.6885316716467328,0.640190986690965,78.84615384615384,NET_SHORT,HIGH,False,269057,670080,-401023,-15.173924444244324,47827.0,0.48389216371751004,0.27143282427914067,65.38461538461539,NET_SHORT,NEUTRAL,False,72912,299104,-226192,270983,335498,-64515,3929.0,52,26,True,True,False,False
13874A,E-MINI S&P 500,2019-05-14,2019-05-21,2660327,1328718,619585,709133,26.65585847153376,-47599.0,0.9165867002916455,0.9510030692821541,76.92307692307693,NET_LONG,HIGH,False,260831,372226,-111395,-4.187267204369989,-46393.0,0.11632957154049745,0.05706897765007121,57.692307692307686,NET_SHORT,NEUTRAL,False,264305,636211,-371906,-13.979710013092376,29117.0,0.6938799953182846,0.5396986630427736,71.15384615384616,NET_SHORT,NEUTRAL,False,108533,289457,-180924,278220,323128,-44908,17484.0,52,26,True,True,False,False
13874A,E-MINI S&P 500,2019-05-21,2019-05-28,2653510,1325889,629536,696353,26.24271248271158,-12780.0,0.7879706928906652,0.8458642049900444,75.0,NET_LONG,HIGH,False,250653,374269,-123616,-4.658584290241982,-12221.0,-0.01801376072882398,-0.08563755101624625,53.84615384615385,NET_SHORT,NEUTRAL,False,254614,594027,-339413,-12.791095567757424,32493.0,0.9436925610265551,0.8175961274294808,90.38461538461539,NET_SHORT,HIGH,False,116259,305918,-189659,272203,315868,-43665,-6817.0,52,26,True,True,False,False
13874A,E-MINI S&P 500,2019-05-28,2019-06-04,2695841,1327864,643359,684505,25.39114881033414,-11848.0,0.6679605038459718,0.6674315587881097,73.07692307692307,NET_LONG,NEUTRAL,False,275724,375607,-99883,-3.7050775620669025,23733.0,0.3076414955430873,0.2748032669280407,65.38461538461539,NET_SHORT,NEUTRAL,False,250867,601784,-350917,-13.016976891441297,-11504.0,0.8128242034068258,0.7266345195714142,86.53846153846155,NET_SHORT,HIGH,False,120768,311665,-190897,268101,310909,-42808,42331.0,52,26,True,True,False,False
13874A,E-MINI S&P 500,2019-06-04,2019-06-11,2714128,1349709,649626,700083,25.794030347868635,15578.0,0.7569960681606318,0.7088047815870084,75.0,NET_LONG,HIGH,False,309488,378037,-68549,-2.5256362264417893,31334.0,0.719715650599049,0.7056361425607023,80.76923076923077,NET_SHORT,HIGH,False,218625,582704,-364079,-13.414216278672193,-13162.0,0.6664471247998831,0.5913435956665214,73.07692307692307,NET_SHORT,NEUTRAL,False,108490,315470,-206980,243649,304124,-60475,18287.0,52,26,True,True,False,False
13874A,E-MINI S&P 500,2019-06-11,2019-06-18,2730040,1422136,634425,787711,28.85346002256377,87628.0,1.3843107915074397,1.2188896231701294,90.38461538461539,NET_LONG,HIGH,False,225209,415710,-190501,-6.977956366939679,-121952.0,-0.8748064848856664,-0.8913521139764754,19.230769230769234,NET_SHORT,LOW,False,226972,579688,-352716,-12.91981069874434,11363.0,0.7612394914615779,0.6952478308132537,84.61538461538461,NET_SHORT,HIGH,False,102371,314515,-212144,254057,286407,-32350,15912.0,52,26,True,True,False,False
13874A,E-MINI S&P 500,2019-06-18,2019-06-25,3066008,1426852,638227,788625,25.72155715184044,914.0,1.3410232960883102,0.6352761305457797,90.38461538461539,NET_LONG,HIGH,False,211185,432061,-220876,-7.204025560272511,-30375.0,-1.2283991200072508,-0.9416169287015486,9.615384615384617,NET_SHORT,LOW,False,245736,560659,-314923,-10.27143438634211,37793.0,1.1003310373747524,1.3693424176153495,96.15384615384616,NET_SHORT,EXTREME_HIGH,True,93253,312689,-219436,322891,356281,-33390,335968.0,52,26,True,True,False,False
13874A,E-MINI S&P 500,2019-06-25,2019-07-02,2467541,1504974,594310,910664,36.90572922597841,122039.0,2.125670552150322,2.455311541023714,100.0,NET_LONG,EXTREME_HIGH,True,154791,402835,-248044,-10.052274713976384,-27168.0,-1.5119412608028102,-1.8622977663995604,1.9230769230769231,NET_SHORT,EXTREME_LOW,True,181589,560508,-378919,-15.356137952722973,-63996.0,0.4502149211409918,-0.02349911651742559,59.61538461538461,NET_SHORT,NEUTRAL,False,67019,328162,-261143,252007,274565,-22558,-598467.0,52,26,True,True,False,False
13874A,E-MINI S&P 500,2019-07-02,2019-07-09,2545506,1502007,601101,900906,35.39202028987557,-9758.0,1.9403143346780125,2.060440899327211,98.07692307692307,NET_LONG,EXTREME_HIGH,True,181371,430659,-249288,-9.793259179118023,-1244.0,-1.4609910639672812,-1.683585709127238,1.9230769230769231,NET_SHORT,EXTREME_LOW,True,199410,569817,-370407,-14.551409425080909,8512.0,0.5244542363250267,0.19076728216619993,61.53846153846154,NET_SHORT,NEUTRAL,False,73216,320881,-247665,262010,295556,-33546,77965.0,52,26,True,True,False,False
13874A,E-MINI S&P 500,2019-07-09,2019-07-16,2566398,1526024,618702,907322,35.35390847405586,6416.0,1.8755213324276,1.9348999154176927,98.07692307692307,NET_LONG,EXTREME_HIGH,True,165988,439264,-273276,-10.648231490205339,-23988.0,-1.6776418241003124,-1.8676993292925925,1.9230769230769231,NET_SHORT,EXTREME_LOW,True,197833,557961,-360128,-14.03242988811556,10279.0,0.6180587729924447,0.32967701155294465,76.92307692307693,NET_SHORT,HIGH,False,92515,334570,-242055,260751,292614,-31863,20892.0,52,26,True,True,False,False
13874A,E-MINI S&P 500,2019-07-16,2019-07-23,2641285,1569319,611584,957735,36.26019153555939,50413.0,2.0838181823765303,1.9575495226620603,100.0,NET_LONG,EXTREME_HIGH,True,175453,446425,-270972,-10.259097371165929,2304.0,-1.5814746660170418,-1.6624944035752358,3.8461538461538463,NET_SHORT,EXTREME_LOW,True,199583,610754,-411171,-15.567081931711268,-51043.0,0.1232923859597861,-0.07456954072560008,40.38461538461539,NET_SHORT,NEUTRAL,False,97321,334841,-237520,264493,302565,-38072,74887.0,52,26,True,True,False,False
13874A,E-MINI S&P 500,2019-07-23,2019-07-30,2639816,1522933,627966,894967,33.90262806195583,-62768.0,1.58914822156029,1.522270512609155,92.3076923076923,NET_LONG,HIGH,False,188862,402643,-213781,-8.098329580546523,57191.0,-0.8806588997202937,-0.9468917008887089,23.076923076923077,NET_SHORT,LOW,False,207442,614157,-406715,-15.406945029502056,4456.0,0.17853430518063002,-0.016694796521352556,44.230769230769226,NET_SHORT,NEUTRAL,False,100493,336005,-235512,263874,302833,-38959,-1469.0,52,26,True,True,False,False
13874A,E-MINI S&P 500,2019-07-30,2019-08-06,2641389,1514444,621668,892776,33.7994895867288,-2191.0,1.5072411772137462,1.4423574068891145,90.38461538461539,NET_LONG,HIGH,False,183033,402720,-219687,-8.31710134327053,-5906.0,-0.9168011283659413,-0.9798130640343695,19.230769230769234,NET_SHORT,LOW,False,217744,602765,-385021,-14.57645958243939,21694.0,0.39652200966268614,0.21658611038068173,55.769230769230774,NET_SHORT,NEUTRAL,False,107389,335345,-227956,254340,314452,-60112,1573.0,52,26,True,True,False,False
13874A,E-MINI S&P 500,2019-08-06,2019-08-13,2602448,1456252,682183,774069,29.74387960873762,-118707.0,0.7110516658993928,0.8033770441535293,73.07692307692307,NET_LONG,NEUTRAL,False,176295,348678,-172383,-6.623878748009567,47304.0,-0.35459462714799417,-0.43630878635483444,44.230769230769226,NET_SHORT,NEUTRAL,False,217959,529620,-311661,-11.975685969517931,73360.0,1.1130938835747461,0.9277083898436504,96.15384615384616,NET_SHORT,EXTREME_HIGH,True,95142,335105,-239963,241882,291944,-50062,-38941.0,52,26,True,True,False,False
13874A,E-MINI S&P 500,2019-08-13,2019-08-20,2555212,1418872,673362,745510,29.176052711086204,-28559.0,0.49868267307225833,0.6883210063316869,63.46153846153846,NET_LONG,NEUTRAL,False,125150,376611,-251461,-9.84110124717636,-79078.0,-1.2347644886389169,-1.388796880467205,5.769230769230769,NET_SHORT,LOW,False,232037,491152,-259115,-10.14064586421792,52546.0,1.5812806323823234,1.3974792846484105,100.0,NET_SHORT,EXTREME_HIGH,True,91011,329314,-238303,271067,267698,3369,-47236.0,52,26,True,True,False,False
13874A,E-MINI S&P 500,2019-08-20,2019-08-27,2576472,1396839,740261,656578,25.483607040945916,-88932.0,-0.1063489028920493,0.10873567884950353,40.38461538461539,NET_LONG,NEUTRAL,False,132157,341015,-208858,-8.106356288754544,42603.0,-0.7299485639804868,-0.8349442761888195,28.846153846153843,NET_SHORT,NEUTRAL,False,247978,497549,-249571,-9.686540354407112,9544.0,1.6325258941786807,1.4956554671826496,100.0,NET_SHORT,EXTREME_HIGH,True,93281,315310,-222029,288729,264849,23880,21260.0,52,26,True,True,False,False
13874A,E-MINI S&P 500,2019-08-27,2019-09-03,2601022,1413221,711065,702156,26.995388735658523,45578.0,0.18200480985437623,0.3211861847378536,55.769230769230774,NET_LONG,NEUTRAL,False,134708,373167,-238459,-9.167896311526777,-29601.0,-1.0449746017990666,-1.1273893816738638,13.461538461538462,NET_SHORT,LOW,False,247757,479411,-231654,-8.906268382197458,17917.0,1.7203556448380581,1.6355205589885033,100.0,NET_SHORT,EXTREME_HIGH,True,94742,324558,-229816,273582,275809,-2227,24550.0,52,26,True,True,False,False
13874A,E-MINI S&P 500,2019-09-03,2019-09-10,2619124,1398710,695156,703554,26.862187510022434,1398.0,0.18263397159876063,0.2866502503045661,55.769230769230774,NET_LONG,NEUTRAL,False,138775,413838,-275063,-10.502099175144055,-36604.0,-1.4337958785604263,-1.4905359357603247,1.9230769230769231,NET_SHORT,EXTREME_LOW,True,239488,445355,-205867,-7.860147133163607,25787.0,1.8540250589364586,1.8123054833359618,100.0,NET_SHORT,EXTREME_HIGH,True,86162,340983,-254821,314863,282666,32197,18102.0,52,26,True,True,False,False
13874A,E-MINI S&P 500,2019-09-10,2019-09-17,2733454,1425285,663845,761440,27.85633122049978,57886.0,0.5534178778020074,0.4232078007193786,71.15384615384616,NET_LONG,NEUTRAL,False,159922,446904,-286982,-10.498877976362508,-11919.0,-1.5283132319429826,-1.4480734143709506,1.9230769230769231,NET_SHORT,EXTREME_LOW,True,265542,509261,-243719,-8.916155164857356,-37852.0,1.4486829453573313,1.4787931948635609,96.15384615384616,NET_SHORT,EXTREME_HIGH,True,92140,353754,-261614,306837,275962,30875,114330.0,52,26,True,True,False,False
13874A,E-MINI S&P 500,2019-09-17,2019-09-24,2967550,1377429,663096,714333,24.07147310070597,-47107.0,0.24113031692990722,-0.16438762792753508,57.692307692307686,NET_LONG,NEUTRAL,False,180831,422575,-241744,-8.146248588903305,45238.0,-1.024961858789351,-0.7513726507385116,17.307692307692307,NET_SHORT,LOW,False,281616,539918,-258302,-8.7042172836178,-14583.0,1.267177279106551,1.4690623444848503,92.3076923076923,NET_SHORT,HIGH,False,87817,359039,-271222,358560,301625,56935,234096.0,52,26,True,True,False,False
13874A,E-MINI S&P 500,2019-09-24,2019-10-01,2478195,1452385,637864,814521,32.867510425935,100188.0,0.9053778289904738,1.1674372388798995,86.53846153846155,NET_LONG,HIGH,False,145953,340491,-194538,-7.8499875917754665,47206.0,-0.5197475326415716,-0.675745774916393,34.61538461538461,NET_SHORT,NEUTRAL,False,194506,555224,-360718,-14.555674593807186,-102416.0,0.3474701507062805,0.02462337370741415,67.3076923076923,NET_SHORT,NEUTRAL,False,91374,345318,-253944,257396,262717,-5321,-489355.0,52,26,True,True,False,False
13874A,E-MINI S&P 500,2019-10-01,2019-10-08,2477294,1418996,652504,766492,30.940695775309674,-48029.0,0.5930392208939319,0.8640380730580526,73.07692307692307,NET_LONG,NEUTRAL,False,146148,311572,-165424,-6.677608713378389,29114.0,-0.2076296711130253,-0.3395161602969123,53.84615384615385,NET_SHORT,NEUTRAL,False,205440,557940,-352500,-14.229235609499721,8218.0,0.3919104536687069,0.07810374910211175,73.07692307692307,NET_SHORT,NEUTRAL,False,90162,343938,-253776,269359,264151,5208,-901.0,52,26,True,True,False,False
13874A,E-MINI S&P 500,2019-10-08,2019-10-15,2491160,1361850,656190,705660,28.32656272579842,-60832.0,0.18927068946317663,0.45764628272317315,55.769230769230774,NET_LONG,NEUTRAL,False,168068,297587,-129519,-5.199144173798552,35905.0,0.18669247990884563,0.09157844939852278,61.53846153846154,NET_SHORT,NEUTRAL,False,228773,584857,-356084,-14.293903241863228,-3584.0,0.3334883240423452,0.04067634082408193,69.23076923076923,NET_SHORT,NEUTRAL,False,99158,337946,-238788,275604,256873,18731,13866.0,52,26,True,True,False,False
13874A,E-MINI S&P 500,2019-10-15,2019-10-22,2527826,1390991,632189,758802,30.01796800887403,53142.0,0.5171290545950618,0.6838621032720138,67.3076923076923,NET_LONG,NEUTRAL,False,165985,363899,-197914,-7.8294154740081,-68395.0,-0.5509294767931363,-0.6520877274407466,30.76923076923077,NET_SHORT,NEUTRAL,False,242272,575789,-333517,-13.193827423248278,22567.0,0.5155923086954631,0.3028967853557006,76.92307692307693,NET_SHORT,HIGH,False,90044,331156,-241112,270218,256477,13741,36666.0,52,26,True,True,False,False
13874A,E-MINI S&P 500,2019-10-22,2019-10-29,2533853,1398083,615143,782940,30.899187916583955,24138.0,0.6495402870719524,0.7870421761550366,76.92307692307693,NET_LONG,HIGH,False,174099,388379,-214280,-8.456686319214256,-16366.0,-0.7073561597014817,-0.8066111557297486,25.0,NET_SHORT,LOW,False,249403,551283,-301880,-11.913871878123947,31637.0,0.7817780200046021,0.6148685098820574,84.61538461538461,NET_SHORT,HIGH,False,85064,341464,-256400,249434,259814,-10380,6027.0,52,26,True,True,False,False
13874A,E-MINI S&P 500,2019-10-29,2019-11-05,2626285,1419546,583612,835934,31.82952345232905,52994.0,0.9929550664951998,0.9074770848304492,88.46153846153845,NET_LONG,HIGH,False,182993,413741,-230748,-8.786098995348944,-16468.0,-0.8621298351999488,-0.871728618145969,19.230769230769234,NET_SHORT,LOW,False,267107,609849,-342742,-13.050449589439076,-40862.0,0.3957208522827857,0.32310237009399206,71.15384615384616,NET_SHORT,NEUTRAL,False,84327,336965,-252638,255012,264818,-9806,92432.0,52,26,True,True,False,False
13874A,E-MINI S&P 500,2019-11-05,2019-11-12,2677630,1421632,556650,864982,32.30401511784675,29048.0,1.1744407714400806,0.9569974634771943,88.46153846153845,NET_LONG,HIGH,False,185344,464135,-278791,-10.411856753920445,-48043.0,-1.3595092260597108,-1.3097365895867754,3.8461538461538463,NET_SHORT,EXTREME_LOW,True,267680,621243,-353563,-13.204326213853296,-10821.0,0.2946077647188519,0.2883851583342971,63.46153846153846,NET_SHORT,NEUTRAL,False,91645,330471,-238826,270392,264194,6198,51345.0,52,26,True,True,False,False
13874A,E-MINI S&P 500,2019-11-12,2019-11-19,2750302,1448889,530818,918071,33.38073418846367,53089.0,1.5146602737417605,1.1022390083991849,98.07692307692307,NET_LONG,EXTREME_HIGH,True,183592,468230,-284638,-10.349336181990196,-5847.0,-1.3683589355816346,-1.2406922206361426,3.8461538461538463,NET_SHORT,EXTREME_LOW,True,271719,645446,-373727,-13.588580454073771,-20164.0,0.10490743342216152,0.19053375050627186,40.38461538461539,NET_SHORT,NEUTRAL,False,94212,343051,-248839,261810,272677,-10867,72672.0,52,26,True,True,False,False
13874A,E-MINI S&P 500,2019-11-19,2019-11-26,2794058,1440339,537669,902670,32.30677387513072,-15401.0,1.3657735830261892,0.8942964420735294,92.3076923076923,NET_LONG,HIGH,False,182996,473723,-290727,-10.405188439180575,-6089.0,-1.3769813432280138,-1.2087415141632067,1.9230769230769231,NET_SHORT,EXTREME_LOW,True,290650,687903,-397253,-14.217779301646566,-23526.0,-0.12426111198939573,0.02427559505384463,32.69230769230769,NET_SHORT,NEUTRAL,False,91185,315272,-224087,279420,270023,9397,43756.0,52,26,True,True,False,False
13874A,E-MINI S&P 500,2019-11-26,2019-12-03,2887170,1447559,546078,901481,31.223689633793644,-1189.0,1.327289171718098,0.6771599828442428,90.38461538461539,NET_LONG,HIGH,False,206491,505108,-298617,-10.342896331009257,-7890.0,-1.407353163457772,-1.147838278169068,1.9230769230769231,NET_SHORT,EXTREME_LOW,True,311121,738804,-427683,-14.813225407579047,-30430.0,-0.4062740834991247,-0.12521313163168243,17.307692307692307,NET_SHORT,LOW,False,96908,290976,-194068,293148,274261,18887,93112.0,52,26,True,True,False,False
13874A,E-MINI S&P 500,2019-12-03,2019-12-10,2893602,1423216,577580,845636,29.224337002808266,-55845.0,0.8604730077151094,0.2714850538831348,80.76923076923077,NET_LONG,HIGH,False,213452,441793,-228341,-7.8912372883347475,70276.0,-0.6052465212010544,-0.39740045550552294,28.846153846153843,NET_SHORT,NEUTRAL,False,304660,760619,-455959,-15.757488417550167,-28276.0,-0.6557124521147957,-0.35326477380807003,15.384615384615385,NET_SHORT,LOW,False,97265,290077,-192812,293583,262107,31476,6432.0,52,26,True,True,False,False
13874A,E-MINI S&P 500,2019-12-10,2019-12-17,2963845,1428639,537059,891580,30.081870003323385,45944.0,1.244612917976499,0.4100081721932626,82.6923076923077,NET_LONG,HIGH,False,219011,450392,-231381,-7.8067847677594475,-3040.0,-0.6093555564925814,-0.34104617097515183,26.923076923076923,NET_SHORT,NEUTRAL,False,284277,773847,-489570,-16.51807027695443,-33611.0,-0.9447698854117986,-0.530549119917203,15.384615384615385,NET_SHORT,LOW,False,90043,294225,-204182,298023,264470,33553,70243.0,52,26,True,True,False,False
13874A,E-MINI S&P 500,2019-12-17,2019-12-24,3199738,1401876,527852,874024,27.31548645545354,-17556.0,1.119942995306753,-0.28782358216416076,80.76923076923077,NET_LONG,HIGH,False,302347,479155,-176808,-5.525702416885382,54573.0,0.06487608288661709,0.4308132410621189,65.38461538461539,NET_SHORT,NEUTRAL,False,249315,821663,-572348,-17.887339525923686,-82778.0,-1.6691238356608025,-0.8656673465389082,7.6923076923076925,NET_SHORT,LOW,False,57274,292801,-235527,408088,297429,110659,235893.0,52,26,True,True,False,False
13874A,E-MINI S&P 500,2019-12-24,2019-12-31,2716155,1542418,490988,1051430,38.71023560879257,177406.0,2.6773598393287292,2.4293526654976154,100.0,NET_LONG,EXTREME_HIGH,True,262305,471911,-209606,-7.7170117316574345,-32798.0,-0.3037781425561581,-0.25032020979378533,42.30769230769231,NET_SHORT,NEUTRAL,False,248767,896238,-647471,-23.837778035495027,-75123.0,-2.5088430137839657,-2.4963135546693587,5.769230769230769,NET_SHORT,LOW,False,86113,302302,-216189,273621,251785,21836,-483583.0,52,26,True,True,False,False
13874A,E-MINI S&P 500,2019-12-31,2020-01-07,2720284,1518381,490510,1027871,37.785429756598944,-23559.0,2.294839524819336,2.0784477991240626,98.07692307692307,NET_LONG,EXTREME_HIGH,True,293349,482680,-189331,-6.959971826471059,20275.0,0.05747885100084297,0.11659578167090939,57.692307692307686,NET_SHORT,NEUTRAL,False,215961,872769,-656808,-24.144831936665437,-9337.0,-2.677252860064503,-2.669547531793584,3.8461538461538463,NET_SHORT,EXTREME_LOW,True,96537,299539,-203002,277799,256529,21270,4129.0,52,26,True,True,False,False
13874A,E-MINI S&P 500,2020-01-07,2020-01-14,2709583,1517347,485703,1031644,38.07390288468742,3773.0,2.178255549171566,2.0195837781777115,98.07692307692307,NET_LONG,EXTREME_HIGH,True,306634,496926,-190292,-7.022925667897975,-961.0,0.08802753182787276,0.136843325970216,57.692307692307686,NET_SHORT,NEUTRAL,False,211413,842691,-631278,-23.29797610923895,25530.0,-2.477052920326679,-2.5250186686256644,5.769230769230769,NET_SHORT,LOW,False,89775,298006,-208231,267561,269404,-1843,-10701.0,52,26,True,True,False,False
13874A,E-MINI S&P 500,2020-01-14,2020-01-21,2703002,1564147,470129,1094018,40.47418388887615,62374.0,2.511874812303117,2.388197535100137,100.0,NET_LONG,EXTREME_HIGH,True,263419,499376,-235957,-8.729442301559526,-45665.0,-0.6603628346660877,-0.6161891255433805,26.923076923076923,NET_SHORT,NEUTRAL,False,167771,872490,-704719,-26.071715818190295,-73441.0,-2.9885266681369194,-3.0764697155761453,1.9230769230769231,NET_SHORT,EXTREME_LOW,True,90840,272946,-182106,279987,251223,28764,-6581.0,52,26,True,True,False,False
13874A,E-MINI S&P 500,2020-01-21,2020-01-28,2772927,1581681,480609,1101072,39.707933169535295,7054.0,2.3852074253950515,2.086478766737496,100.0,NET_LONG,EXTREME_HIGH,True,277495,535211,-257716,-9.294005936687117,-21759.0,-0.9977207210325674,-0.8454494364109939,17.307692307692307,NET_SHORT,LOW,False,184098,904477,-720379,-25.97901062667715,-15660.0,-2.877820492369176,-2.818631382228043,1.9230769230769231,NET_SHORT,EXTREME_LOW,True,103631,266718,-163087,285186,245076,40110,69925.0,52,26,True,True,False,False
13874A,E-MINI S&P 500,2020-01-28,2020-02-04,2741743,1539295,488504,1050791,38.32565634342825,-50281.0,1.8845819357863975,1.7091308437347401,94.23076923076923,NET_LONG,HIGH,False,274379,503260,-228881,-8.348010736236036,28835.0,-0.4695538840212711,-0.37378287268248434,34.61538461538461,NET_SHORT,NEUTRAL,False,190418,943378,-752960,-27.462822007752003,-32581.0,-2.9013292644213915,-2.9223443833384852,1.9230769230769231,NET_SHORT,EXTREME_LOW,True,110512,203094,-92582,287537,263905,23632,-31184.0,52,26,True,True,False,False
13874A,E-MINI S&P 500,2020-02-04,2020-02-11,2697443,1517375,459615,1057760,39.21343286957315,6969.0,1.851578239333278,1.8132802349799675,96.15384615384616,NET_LONG,EXTREME_HIGH,True,260162,479644,-219482,-8.136668689570085,9399.0,-0.2912590899983874,-0.26183319481291106,42.30769230769231,NET_SHORT,NEUTRAL,False,164104,948131,-784027,-29.06556320189157,-31067.0,-2.8350541938725278,-2.9377547978608294,1.9230769230769231,NET_SHORT,EXTREME_LOW,True,103796,192906,-89110,295461,260602,34859,-44300.0,52,26,True,True,False,False
13874A,E-MINI S&P 500,2020-02-11,2020-02-18,2779131,1544700,442721,1101979,39.65192716716125,44219.0,2.0946138624409136,1.8353688574135418,100.0,NET_LONG,EXTREME_HIGH,True,264185,547817,-283632,-10.205780152141083,-64150.0,-1.3697864103455768,-1.2068281552764288,9.615384615384617,NET_SHORT,LOW,False,177530,946960,-769430,-27.68599249189765,14597.0,-2.502405288529115,-2.4399910130329565,3.8461538461538463,NET_SHORT,EXTREME_LOW,True,100223,193173,-92950,302305,258272,44033,81688.0,52,26,True,True,False,False
13874A,E-MINI S&P 500,2020-02-18,2020-02-25,2839347,1562309,438228,1124081,39.58941967994753,22102.0,2.169061653172532,1.7671509118460693,100.0,NET_LONG,EXTREME_HIGH,True,273619,515497,-241878,-8.51878970763348,41754.0,-0.6241259594594798,-0.3977762244670731,26.923076923076923,NET_SHORT,NEUTRAL,False,181626,963824,-782198,-27.548517317538153,-12768.0,-2.3951806610395936,-2.2461082333286773,3.8461538461538463,NET_SHORT,EXTREME_LOW,True,103606,242720,-139114,297054,257945,39109,60216.0,52,26,True,True,False,False
13874A,E-MINI S&P 500,2020-02-25,2020-03-03,2843780,1411587,525241,886346,31.167882184979145,-237735.0,0.33873303705629554,-0.048417484351307036,63.46153846153846,NET_LONG,NEUTRAL,False,285840,409533,-123693,-4.349598070174205,118185.0,1.3723336722512303,1.5056250424612658,88.46153846153845,NET_SHORT,HIGH,False,198123,939528,-741405,-26.071109579503336,40793.0,-1.9972982565288395,-1.8595498086863589,9.615384615384617,NET_SHORT,LOW,False,118079,229569,-111490,354458,264216,90242,4433.0,52,26,True,True,False,False
13874A,E-MINI S&P 500,2020-03-03,2020-03-10,3065867,1318103,661002,657101,21.432795356093397,-229245.0,-1.4327891216485873,-2.0908843416962215,3.8461538461538463,NET_LONG,EXTREME_LOW,True,334113,465209,-131096,-4.2759845746733305,-7403.0,1.208823396921883,1.4799782352705064,84.61538461538461,NET_SHORT,HIGH,False,188475,879287,-690812,-22.53235381704425,50593.0,-1.5984923993450686,-1.1696073173584909,15.384615384615385,NET_SHORT,LOW,False,139359,186286,-46927,490643,278909,211734,222087.0,52,26,True,True,False,False
13874A,E-MINI S&P 500,2020-03-10,2020-03-17,3438566,1433750,884310,549440,15.978753934052742,-107661.0,-2.1775891621479553,-3.00242030055294,1.9230769230769231,NET_LONG,EXTREME_LOW,True,305518,491967,-186449,-5.422289407851994,-55353.0,0.2828608748609968,0.9525978067793678,71.15384615384616,NET_SHORT,NEUTRAL,False,195412,809728,-614316,-17.865470664224564,76496.0,-1.0779351766451968,-0.30365714290658213,23.076923076923077,NET_SHORT,LOW,False,202278,210847,-8569,583568,323674,259894,372699.0,52,26,True,True,False,False
13874A,E-MINI S&P 500,2020-03-17,2020-03-24,4554164,1370154,1026196,343958,7.552604605367747,-205482.0,-3.2670264672260627,-3.857243922205943,1.9230769230769231,NET_LONG,EXTREME_LOW,True,400187,476113,-75926,-1.6671775544315048,110523.0,2.01828086910406,2.4352782918398,96.15384615384616,NET_SHORT,EXTREME_HIGH,True,162337,960991,-798654,-17.536786114861037,-184338.0,-2.081594545403011,-0.23393128781854683,1.9230769230769231,NET_SHORT,EXTREME_LOW,True,391694,211969,179725,816216,465319,350897,1115598.0,52,26,True,True,False,False
13874A,E-MINI S&P 500,2020-03-24,2020-03-31,3320161,1441228,1099884,341344,10.280947219125819,-2614.0,-2.951895270959534,-3.026432815173006,1.9230769230769231,NET_LONG,EXTREME_LOW,True,361870,365316,-3446,-0.10379014752597841,72480.0,2.9006685495514017,2.819248479711596,100.0,NET_SHORT,EXTREME_HIGH,True,351959,774663,-422704,-12.73143079507289,375950.0,0.1617298031588817,0.630547567698952,36.53846153846153,NET_SHORT,NEUTRAL,False,209019,218523,-9504,418946,324636,94310,-1234003.0,52,26,True,True,False,False
13874A,E-MINI S&P 500,2020-03-31,2020-04-07,3439568,1529456,1048017,481439,13.997077539970135,140095.0,-1.9848632776538695,-2.2919994716183587,5.769230769230769,NET_LONG,LOW,False,354469,479889,-125420,-3.6463881510701346,-121974.0,1.0572744182679887,1.3802889410898993,82.6923076923077,NET_SHORT,HIGH,False,397718,675098,-277380,-8.064384829722803,145324.0,1.011050255505236,1.4287020289097248,88.46153846153845,NET_SHORT,HIGH,False,123360,340822,-217462,511728,372905,138823,119407.0,52,26,True,True,False,False
13874A,E-MINI S&P 500,2020-04-07,2020-04-14,3447518,1486473,1032204,454269,13.176696974461047,-27170.0,-2.0224494858162507,-2.242196533370323,5.769230769230769,NET_LONG,LOW,False,312571,485395,-172824,-5.012997756646956,-47404.0,0.3532917829558197,0.8322050969151304,71.15384615384616,NET_SHORT,NEUTRAL,False,383390,715087,-331697,-9.621327575374517,-54317.0,0.6845640647842347,1.1227800656756848,80.76923076923077,NET_SHORT,HIGH,False,146090,342648,-196558,587663,340853,246810,7950.0,52,26,True,True,False,False
13874A,E-MINI S&P 500,2020-04-14,2020-04-21,3434258,1508605,924687,583918,17.002741203485584,129649.0,-1.2461878116497593,-1.6421631753912929,11.538461538461538,NET_LONG,LOW,False,287721,569891,-282170,-8.216330863901314,-109346.0,-1.2134402329953036,-0.3819114131757074,11.538461538461538,NET_SHORT,LOW,False,418224,718069,-299845,-8.730998078769854,31852.0,0.8553952328085171,1.2382749239927204,86.53846153846155,NET_SHORT,HIGH,False,118379,354728,-236349,590612,356166,234446,-13260.0,52,26,True,True,False,False
13874A,E-MINI S&P 500,2020-04-21,2020-04-28,3389559,1507159,943918,563241,16.61694043384405,-20677.0,-1.313333874933623,-1.6167825363908053,11.538461538461538,NET_LONG,LOW,False,294012,535648,-241636,-7.128832983877843,40534.0,-0.5976885440415158,0.04879685225741545,32.69230769230769,NET_SHORT,NEUTRAL,False,401714,729038,-327324,-9.656831463916102,-27479.0,0.681567049015597,1.0470729811947106,78.84615384615384,NET_SHORT,HIGH,False,112301,369877,-257576,609626,346331,263295,-44699.0,52,26,True,True,False,False
13874A,E-MINI S&P 500,2020-04-28,2020-05-05,3327759,1499016,907358,591658,17.77947261204913,28417.0,-1.1234046446176424,-1.4093255640778939,15.384615384615385,NET_LONG,LOW,False,253125,582793,-329668,-9.906606818582715,-88032.0,-1.8063118555011615,-0.9821287796469139,1.9230769230769231,NET_SHORT,EXTREME_LOW,True,417028,702781,-285753,-8.58694995641211,41571.0,0.8989197266800835,1.1867166435739365,86.53846153846155,NET_SHORT,HIGH,False,108293,357637,-249344,625122,352015,273107,-61800.0,52,26,True,True,False,False
13874A,E-MINI S&P 500,2020-05-05,2020-05-12,3245239,1400529,908003,492526,15.176879114296357,-99132.0,-1.5903825281991426,-1.6580120050547988,9.615384615384617,NET_LONG,LOW,False,251820,553833,-302013,-9.306340765657014,27655.0,-1.3703615983418502,-0.72004579197654,3.8461538461538463,NET_SHORT,EXTREME_LOW,True,440028,615275,-175247,-5.4001261540367285,110506.0,1.4820593013173682,1.6488026339738235,100.0,NET_SHORT,EXTREME_HIGH,True,104431,368229,-263798,609966,361434,248532,-82520.0,52,26,True,True,False,False
13874A,E-MINI S&P 500,2020-05-12,2020-05-19,3249482,1414353,893063,521290,16.04224919541022,28764.0,-1.3955294765397241,-1.4941104877234368,11.538461538461538,NET_LONG,LOW,False,232814,562765,-329951,-10.153956846045,-27938.0,-1.7100092879597486,-1.022400543307634,1.9230769230769231,NET_SHORT,EXTREME_LOW,True,427354,593592,-166238,-5.115830769334928,9009.0,1.4798853920513966,1.6247112948047389,100.0,NET_SHORT,EXTREME_HIGH,True,93595,370578,-276983,634952,383070,251882,4243.0,52,26,True,True,False,False
13874A,E-MINI S&P 500,2020-05-19,2020-05-26,3213651,1374697,893916,480781,14.960585328027218,-40509.0,-1.549396478117085,-1.5602994288892826,7.6923076923076925,NET_LONG,LOW,False,229026,589463,-360437,-11.215810304230297,-30486.0,-2.0417114147331636,-1.3944964894088852,1.9230769230769231,NET_SHORT,EXTREME_LOW,True,463955,584375,-120420,-3.747139935232544,45818.0,1.6681441246356477,1.7629491507059174,100.0,NET_SHORT,EXTREME_HIGH,True,89067,359976,-270909,628395,357410,270985,-35831.0,52,26,True,True,False,False
13874A,E-MINI S&P 500,2020-05-26,2020-06-02,3202921,1371252,827548,543704,16.975254775250466,62923.0,-1.2032992929615034,-1.285609011144105,15.384615384615385,NET_LONG,LOW,False,225742,643345,-417603,-13.038192325068273,-57166.0,-2.6555127647088033,-2.0259616390841444,1.9230769230769231,NET_SHORT,EXTREME_LOW,True,459750,591596,-131846,-4.116429971266853,-11426.0,1.5484247837784983,1.6357499990120683,98.07692307692307,NET_SHORT,EXTREME_HIGH,True,92637,366557,-273920,635752,356087,279665,-10730.0,52,26,True,True,False,False
13874A,E-MINI S&P 500,2020-06-02,2020-06-09,3215453,1320597,800737,519860,16.167550886298134,-23844.0,-1.286049362865465,-1.3344256763170628,13.461538461538462,NET_LONG,LOW,False,270802,663270,-392468,-12.205682993966946,25135.0,-2.2167498180542653,-1.6540006136231113,3.8461538461538463,NET_SHORT,EXTREME_LOW,True,463404,574165,-110761,-3.444646835142669,21085.0,1.5946385042196976,1.6625010849894963,100.0,NET_SHORT,EXTREME_HIGH,True,93468,385782,-292314,625761,350078,275683,12532.0,52,26,True,True,False,False
13874A,E-MINI S&P 500,2020-06-09,2020-06-16,3277813,1316286,725957,590329,18.009843758628087,70469.0,-0.9127925072423584,-1.0892046762015009,25.0,NET_LONG,LOW,False,264043,681847,-417804,-12.746425741797962,-25336.0,-2.369937462193658,-1.7744976929537595,1.9230769230769231,NET_SHORT,EXTREME_LOW,True,427661,580063,-152402,-4.649502579921429,-41641.0,1.336991206528062,1.4323297014617895,94.23076923076923,NET_SHORT,HIGH,False,97897,407868,-309971,628621,338773,289848,62360.0,52,26,True,True,False,False
13874A,E-MINI S&P 500,2020-06-16,2020-06-23,3493739,1294196,777280,516916,14.795495599413695,-73413.0,-1.2273343778298857,-1.3988363381262217,13.461538461538462,NET_LONG,LOW,False,243226,695761,-452535,-12.952742033677959,-34731.0,-2.5779332761974323,-1.7591354872216576,1.9230769230769231,NET_SHORT,EXTREME_LOW,True,412860,547316,-134456,-3.8484843887880578,17946.0,1.3872624429479419,1.5018462502498542,94.23076923076923,NET_SHORT,HIGH,False,101545,369727,-268182,692297,354040,338257,215926.0,52,26,True,True,False,False
13874A,E-MINI S&P 500,2020-06-23,2020-06-30,2603271,1268366,819360,449006,17.2477625264523,-67910.0,-1.4848410057222945,-1.0864808272655535,5.769230769230769,NET_LONG,LOW,False,160539,512239,-351700,-13.509926550097934,100835.0,-1.3089686286486748,-1.8852447960835816,11.538461538461538,NET_SHORT,LOW,False,439860,213328,226532,8.701821669737802,360988.0,2.8703463329272516,2.9354283264077985,100.0,NET_LONG,EXTREME_HIGH,True,103339,363494,-260155,242517,306200,-63683,-890468.0,52,26,True,True,False,False
13874A,E-MINI S&P 500,2020-06-30,2020-07-07,2647722,1223366,827548,395818,14.949379126660578,-53188.0,-1.6514211400185501,-1.284871278864416,5.769230769230769,NET_LONG,LOW,False,216237,488616,-272379,-10.287296022769763,79321.0,-0.3578862173099015,-0.6889714913054124,36.53846153846153,NET_SHORT,NEUTRAL,False,448959,248171,200788,7.583424543815401,-25744.0,2.5276974546949167,2.554538498143504,98.07692307692307,NET_LONG,EXTREME_HIGH,True,118974,370528,-251554,249158,321831,-72673,44451.0,52,26,True,True,False,False
13874A,E-MINI S&P 500,2020-07-07,2020-07-14,2618026,1222614,787029,435585,16.637917270493112,39767.0,-1.4049799308558792,-1.0592586224146938,7.6923076923076925,NET_LONG,LOW,False,203666,493233,-289567,-11.060508948345051,-17188.0,-0.5578021479553074,-0.9687415390416932,23.076923076923077,NET_SHORT,LOW,False,442943,237872,205071,7.833039091284808,4283.0,2.3594830831405567,2.3880804789012826,98.07692307692307,NET_LONG,EXTREME_HIGH,True,105697,381790,-276093,244649,319645,-74996,-29696.0,52,26,True,True,False,False
13874A,E-MINI S&P 500,2020-07-14,2020-07-21,2625841,1235179,744900,490279,18.671313304956392,54694.0,-1.1119080784519764,-0.8056966631003791,17.307692307692307,NET_LONG,LOW,False,202015,519510,-317495,-12.091173837258234,-27928.0,-0.873429396384282,-1.317939582024293,17.307692307692307,NET_SHORT,LOW,False,438090,243407,194683,7.414119895302114,-10388.0,2.163993915524299,2.1820800854408424,94.23076923076923,NET_LONG,HIGH,False,101522,379665,-278143,239330,328654,-89324,7815.0,52,26,True,True,False,False
13874A,E-MINI S&P 500,2020-07-21,2020-07-28,2633214,1218305,717834,500471,19.006089136697586,10192.0,-1.0258366614645744,-0.7392646525222,21.153846153846153,NET_LONG,LOW,False,212907,528760,-315853,-11.994961290650894,1642.0,-0.8262834699945784,-1.2370039564363589,19.230769230769234,NET_SHORT,LOW,False,450838,267596,183242,6.958872313454205,-11441.0,1.994056585188518,2.0038209341697732,92.3076923076923,NET_LONG,HIGH,False,100031,382490,-282459,244971,330372,-85401,7373.0,52,26,True,True,False,False
13874A,E-MINI S&P 500,2020-07-28,2020-08-04,2647149,1263948,719014,544934,20.585694269570773,44463.0,-0.794359736656581,-0.5413084823720341,30.76923076923077,NET_LONG,NEUTRAL,False,222251,486895,-264644,-9.997321646798122,51209.0,-0.21490681014945487,-0.5094169727718073,42.30769230769231,NET_SHORT,NEUTRAL,False,432297,334308,97989,3.701680562748829,-85253.0,1.6023551552558195,1.5873378072820583,90.38461538461539,NET_LONG,HIGH,False,97646,364428,-266782,240720,352217,-111497,13935.0,52,26,True,True,False,False
13874A,E-MINI S&P 500,2020-08-04,2020-08-11,2676398,1299522,687399,612123,22.871149956022983,67189.0,-0.47648851294284206,-0.2760649030589389,42.30769230769231,NET_LONG,NEUTRAL,False,197891,546627,-348736,-13.030050089710125,-84092.0,-1.1562044302014745,-1.5196162750300748,13.461538461538462,NET_SHORT,LOW,False,472256,323783,148473,5.547493310038343,50484.0,1.7023062760161318,1.6914562696359676,90.38461538461539,NET_LONG,HIGH,False,95303,390420,-295117,250648,367391,-116743,29249.0,52,26,True,True,False,False
13874A,E-MINI S&P 500,2020-08-11,2020-08-18,2694088,1306921,636272,670649,24.893359088493025,58526.0,-0.20643408907433825,-0.04459412502726464,48.07692307692308,NET_LONG,NEUTRAL,False,205671,568985,-363314,-13.485602548988748,-14578.0,-1.2802681097567885,-1.6144101759991445,9.615384615384617,NET_SHORT,LOW,False,471730,344419,127311,4.725569469148744,-21162.0,1.5643473580805156,1.5446956957140652,88.46153846153845,NET_LONG,HIGH,False,95579,408002,-312423,251164,373387,-122223,17690.0,52,26,True,True,False,False
13874A,E-MINI S&P 500,2020-08-18,2020-08-25,2729290,1314513,635477,679036,24.879584067651294,8387.0,-0.17069829646977902,-0.04483138429371947,48.07692307692308,NET_LONG,NEUTRAL,False,210803,556752,-345949,-12.675421080207675,17365.0,-1.0417098120484058,-1.286637288712575,17.307692307692307,NET_SHORT,LOW,False,472044,368077,103967,3.809305716871421,-23344.0,1.4325655898882204,1.4035041284324934,86.53846153846155,NET_LONG,HIGH,False,93780,432665,-338885,256577,354746,-98169,35202.0,52,26,True,True,False,False
13874A,E-MINI S&P 500,2020-08-25,2020-09-01,2746170,1342049,628437,713612,25.985718291292965,34576.0,-0.015985181958006148,0.07923317732686377,53.84615384615385,NET_LONG,NEUTRAL,False,208466,578966,-370500,-13.491517276789128,-24551.0,-1.2722708639427975,-1.499231893455555,9.615384615384617,NET_SHORT,LOW,False,472159,369064,103095,3.754137580703307,-872.0,1.3826768836807524,1.3509013283552538,84.61538461538461,NET_LONG,HIGH,False,94377,436790,-342413,255440,359234,-103794,16880.0,52,26,True,True,False,False
13874A,E-MINI S&P 500,2020-09-01,2020-09-08,2789621,1313111,626797,686314,24.60241014818859,-27298.0,-0.1374076675993541,-0.06848562923577493,50.0,NET_LONG,NEUTRAL,False,243353,585855,-342502,-12.277725182022934,27998.0,-0.935927476829343,-1.079003049472052,21.153846153846153,NET_SHORT,LOW,False,474197,369383,104814,3.7572845917061852,1719.0,1.3458899734821266,1.3088009150198172,86.53846153846155,NET_LONG,HIGH,False,94651,435070,-340419,256020,364227,-108207,43451.0,52,26,True,True,False,False
13874A,E-MINI S&P 500,2020-09-08,2020-09-15,2706399,1245754,632981,612773,22.64163561987719,-73541.0,-0.4549298567403201,-0.27365874798549505,44.230769230769226,NET_LONG,NEUTRAL,False,245682,492367,-246685,-9.114879217735448,95817.0,0.12141542816961884,-0.05655284804775805,51.92307692307693,NET_SHORT,NEUTRAL,False,428161,373455,54706,2.021357530800152,-50108.0,1.150295886241165,1.1169140233948744,78.84615384615384,NET_LONG,HIGH,False,100479,395641,-295162,253701,379333,-125632,-83222.0,52,26,True,True,False,False
13874A,E-MINI S&P 500,2020-09-15,2020-09-22,2908148,1263830,639449,624381,21.470055856854604,11608.0,-0.39436764172121175,-0.3967771721866739,46.15384615384615,NET_LONG,NEUTRAL,False,217721,472605,-254884,-8.76447828652462,-8199.0,0.03295592756755758,0.061898392276099876,51.92307692307693,NET_SHORT,NEUTRAL,False,361346,390073,-28727,-0.9878107991752826,-83433.0,0.8631201507181397,0.8258769072131419,76.92307692307693,NET_SHORT,HIGH,False,112780,357626,-244846,286313,382237,-95924,201749.0,52,26,True,True,False,False
13874A,E-MINI S&P 500,2020-09-22,2020-09-29,2472951,1317683,660553,657130,26.57270605038272,32749.0,-0.2341438271789051,0.17970195405488562,50.0,NET_LONG,NEUTRAL,False,175699,338079,-162380,-6.566244135043517,92504.0,1.0499052213002695,0.7692424130621686,88.46153846153845,NET_SHORT,HIGH,False,296783,522852,-226069,-9.141669204120907,-197342.0,0.22813194317449878,0.0838353692726301,61.53846153846154,NET_SHORT,NEUTRAL,False,98345,335648,-237303,245485,276863,-31378,-435197.0,52,26,True,True,False,False
13874A,E-MINI S&P 500,2020-09-29,2020-10-06,2473492,1264926,673779,591147,23.899288940493843,-65983.0,-0.5146037701285217,-0.10216639085589091,40.38461538461539,NET_LONG,NEUTRAL,False,187153,349892,-162739,-6.579321865605387,-359.0,1.0447442547927699,0.7640175334523123,86.53846153846155,NET_SHORT,HIGH,False,293201,505763,-212562,-8.593599655871133,13507.0,0.2623765186256443,0.12356003313443496,61.53846153846154,NET_SHORT,NEUTRAL,False,118387,332623,-214236,259579,261189,-1610,541.0,52,26,True,True,False,False
13874A,E-MINI S&P 500,2020-10-06,2020-10-13,2476190,1218974,631800,587174,23.71280071400014,-3973.0,-0.5208155857825519,-0.11320863002506457,38.46153846153847,NET_LONG,NEUTRAL,False,207968,381676,-173708,-7.0151321182946385,-10969.0,0.9432491327193313,0.6403183857765901,84.61538461538461,NET_SHORT,HIGH,False,299115,479773,-180658,-7.295805249193317,31904.0,0.3526353336022099,0.22860526036752832,61.53846153846154,NET_SHORT,NEUTRAL,False,115981,356827,-240846,290389,282351,8038,2698.0,52,26,True,True,False,False
13874A,E-MINI S&P 500,2020-10-13,2020-10-20,2471530,1240089,574053,666036,26.948327554187085,78862.0,-0.16000058430599762,0.2548864981324338,55.769230769230774,NET_LONG,NEUTRAL,False,183408,427655,-244247,-9.8824210104672,-70539.0,0.16477100240474069,-0.28985268010790294,55.769230769230774,NET_SHORT,NEUTRAL,False,286829,479450,-192621,-7.7935934421188495,-11963.0,0.30587351735460167,0.17444197731491684,59.61538461538461,NET_SHORT,NEUTRAL,False,105848,363615,-257767,298308,269709,28599,-4660.0,52,26,True,True,False,False
13874A,E-MINI S&P 500,2020-10-20,2020-10-27,2435244,1226270,593464,632806,25.98532221001263,-33230.0,-0.29595350683789545,0.15848350192525487,51.92307692307693,NET_LONG,NEUTRAL,False,198620,389239,-190619,-7.82751132946021,53628.0,0.7596746275191522,0.3819255645422044,75.0,NET_SHORT,HIGH,False,271396,490806,-219410,-9.009774790534337,-26789.0,0.2158555755061153,0.05965422474175092,55.769230769230774,NET_SHORT,NEUTRAL,False,117893,363665,-245772,280760,257765,22995,-36286.0,52,26,True,True,False,False
13874A,E-MINI S&P 500,2020-10-27,2020-11-03,2436946,1192114,587201,604913,24.822585317852756,-27893.0,-0.4018213629078541,0.04328919240541672,46.15384615384615,NET_LONG,NEUTRAL,False,216641,373307,-156666,-6.428784224188801,33953.0,1.1112866701750486,0.821324878229815,90.38461538461539,NET_SHORT,HIGH,False,261632,499933,-238301,-9.778673799091157,-18891.0,0.14966448894169668,-0.015462622292954665,51.92307692307693,NET_SHORT,NEUTRAL,False,140422,350355,-209933,265430,265443,-13,1702.0,52,26,True,True,False,False
13874A,E-MINI S&P 500,2020-11-03,2020-11-10,2410740,1168391,612368,556023,23.0644117573857,-48890.0,-0.5959224379674288,-0.13645222843846155,34.61538461538461,NET_LONG,NEUTRAL,False,206359,368107,-161748,-6.709475098932279,-5082.0,1.0201139882943837,0.7045657113944894,88.46153846153845,NET_SHORT,HIGH,False,272168,484214,-212046,-8.795888399412629,26255.0,0.22420889965292726,0.06575556206198907,57.692307692307686,NET_SHORT,NEUTRAL,False,147037,329438,-182401,257815,257643,172,-26206.0,52,26,True,True,False,False
13874A,E-MINI S&P 500,2020-11-10,2020-11-17,2460742,1189251,554724,634527,25.78600275851755,78504.0,-0.22049595734127492,0.19224905447142984,57.692307692307686,NET_LONG,NEUTRAL,False,216135,376397,-160262,-6.512751032005794,1486.0,1.0012560971986535,0.7422556593209338,88.46153846153845,NET_SHORT,HIGH,False,276671,501008,-224337,-9.116640427968473,-12291.0,0.17626207127620164,0.02899921863997505,51.92307692307693,NET_SHORT,NEUTRAL,False,122164,355750,-233586,261258,277600,-16342,50002.0,52,26,True,True,False,False
13874A,E-MINI S&P 500,2020-11-17,2020-11-24,2534850,1206610,551377,655233,25.84898514705012,20706.0,-0.10582186898261607,0.21558581027525442,59.61538461538461,NET_LONG,NEUTRAL,False,248976,395663,-146687,-5.786811842909837,13575.0,1.1070463505412833,0.943292410526393,90.38461538461539,NET_SHORT,HIGH,False,281086,519485,-238399,-9.404856303134308,-14062.0,0.12215898953438642,-0.0055009424198620436,46.15384615384615,NET_SHORT,NEUTRAL,False,124626,363204,-238578,272832,304401,-31569,74108.0,52,26,True,True,False,False
13874A,E-MINI S&P 500,2020-11-24,2020-12-01,2549321,1228469,538062,690407,27.08199555881743,35174.0,0.07495538466438888,0.3700334103541639,73.07692307692307,NET_LONG,NEUTRAL,False,266062,435824,-169762,-6.6591064836479985,-23075.0,0.8288629101348177,0.6381661488266216,78.84615384615384,NET_SHORT,HIGH,False,283063,506171,-223108,-8.751663678289239,15291.0,0.1585146944027872,0.043299545930511815,51.92307692307693,NET_SHORT,NEUTRAL,False,106168,366845,-260677,273929,310789,-36860,14471.0,52,26,True,True,False,False
13874A,E-MINI S&P 500,2020-12-01,2020-12-08,2617521,1238745,535888,702857,26.852009974323032,12450.0,0.1462773175109482,0.3494139790225754,75.0,NET_LONG,HIGH,False,284173,437700,-153527,-5.865358864360592,16235.0,0.9784295636584401,0.8752454216650501,88.46153846153845,NET_SHORT,HIGH,False,307174,557779,-250605,-9.574135221837762,-27497.0,0.05872063936364604,-0.04247920612727899,42.30769230769231,NET_SHORT,NEUTRAL,False,115856,364652,-248796,271550,321479,-49929,68200.0,52,26,True,True,False,False
13874A,E-MINI S&P 500,2020-12-08,2020-12-15,2715113,1276667,524444,752223,27.705034744410266,49366.0,0.39249489575602153,0.45604401243977905,78.84615384615384,NET_LONG,HIGH,False,293328,462970,-169642,-6.24806407689109,-16115.0,0.7900733898192306,0.7396604515019346,76.92307692307693,NET_SHORT,HIGH,False,312947,583491,-270544,-9.96437349016413,-19939.0,-0.01841405701634919,-0.09000134854285657,40.38461538461539,NET_SHORT,NEUTRAL,False,113915,368529,-254614,270720,328143,-57423,97592.0,52,26,True,True,False,False
13874A,E-MINI S&P 500,2020-12-15,2020-12-22,2999769,1282792,533536,749256,24.977123238489362,-2967.0,0.3928415194132336,0.14124610835164828,78.84615384615384,NET_LONG,HIGH,False,296704,426674,-129970,-4.332666948688383,39672.0,1.1884216790687903,1.331164617472959,92.3076923076923,NET_SHORT,HIGH,False,331611,627361,-295750,-9.85909248345456,-25206.0,-0.11737769145642993,-0.09511901865847143,34.61538461538461,NET_SHORT,NEUTRAL,False,117883,364010,-246127,296522,373931,-77409,284656.0,52,26,True,True,False,False
13874A,E-MINI S&P 500,2020-12-21,2020-12-28,2475909,1288749,535164,753585,30.43670021798055,4329.0,0.4547491491660293,0.8218003070197069,82.6923076923077,NET_LONG,HIGH,False,237456,386563,-149107,-6.022313421050613,-19137.0,0.9683237534312376,0.7830304700261833,86.53846153846155,NET_SHORT,HIGH,False,256868,665558,-408690,-16.50666482491885,-112940.0,-0.5043585069920243,-0.7316686635510575,26.923076923076923,NET_SHORT,NEUTRAL,False,121753,349178,-227425,255402,223765,31637,-523860.0,52,26,True,True,False,False
13874A,E-MINI S&P 500,2020-12-29,2021-01-05,2498905,1298684,526947,771737,30.883006756959546,18152.0,0.5846297079807785,0.9107045175096077,84.61538461538461,NET_LONG,HIGH,False,241881,412303,-170422,-6.819867101790584,-21315.0,0.7416332639086818,0.5314213275195371,69.23076923076923,NET_SHORT,NEUTRAL,False,250433,659109,-408676,-16.35420314097575,14.0,-0.5276030273853848,-0.7428491575535018,26.923076923076923,NET_SHORT,NEUTRAL,False,123279,354031,-230752,256322,218209,38113,22996.0,52,26,True,True,False,False
13874A,E-MINI S&P 500,2021-01-05,2021-01-12,2553480,1322332,535710,786622,30.805880602158624,14885.0,0.7053546738544111,0.94063860658835,86.53846153846155,NET_LONG,HIGH,False,245863,426881,-181018,-7.089070601688675,-10596.0,0.6294611349996936,0.44737478515289353,63.46153846153846,NET_SHORT,NEUTRAL,False,283967,662213,-378246,-14.8129611353917,30430.0,-0.44879896397242536,-0.6216736920628887,26.923076923076923,NET_SHORT,NEUTRAL,False,106809,368602,-261793,265012,230577,34435,54575.0,52,26,True,True,False,False
13874A,E-MINI S&P 500,2021-01-12,2021-01-19,2578114,1312800,500375,812425,31.512376877050436,25803.0,0.9093648625228115,1.0901391883798583,88.46153846153845,NET_LONG,HIGH,False,258506,448414,-189908,-7.36615991379745,-8890.0,0.5269892524769925,0.3517102376201453,59.61538461538461,NET_SHORT,NEUTRAL,False,293805,692350,-398545,-15.458781108981217,-20299.0,-0.5486683067482326,-0.7210857984628568,25.0,NET_SHORT,LOW,False,108847,338370,-229523,260917,255366,5551,24634.0,52,26,True,True,False,False
13874A,E-MINI S&P 500,2021-01-19,2021-01-26,2599308,1343369,502797,840572,32.3382992704212,28147.0,1.1475728804009326,1.2565635329966953,90.38461538461539,NET_LONG,HIGH,False,242735,443832,-201097,-7.736559114964445,-11189.0,0.3999014373570993,0.22615609230989872,55.769230769230774,NET_SHORT,NEUTRAL,False,301708,709432,-407724,-15.685867161567618,-9179.0,-0.6156136690840631,-0.7827342219071343,23.076923076923077,NET_SHORT,LOW,False,109786,352818,-243032,257049,245768,11281,21194.0,52,26,True,True,False,False
13874A,E-MINI S&P 500,2021-01-26,2021-02-02,2617305,1315434,478931,836503,31.960470789609925,-4069.0,1.1985803236351702,1.2566874695836634,90.38461538461539,NET_LONG,HIGH,False,243704,479657,-235953,-9.015112873738444,-34856.0,0.042425555485437874,-0.17088252578986085,51.92307692307693,NET_SHORT,NEUTRAL,False,344395,725435,-381040,-14.558486687642441,26684.0,-0.5638724554844755,-0.718088294287984,25.0,NET_SHORT,LOW,False,103435,360823,-257388,264347,226469,37878,17997.0,52,26,True,True,False,False
13874A,E-MINI S&P 500,2021-02-02,2021-02-09,2640747,1249502,496886,752616,28.500117580366464,-83887.0,0.7768450945796338,0.8427532667653533,82.6923076923077,NET_LONG,HIGH,False,292211,482745,-190534,-7.215155408677923,45419.0,0.5033503032891534,0.3875599693269425,57.692307692307686,NET_SHORT,NEUTRAL,False,356531,732551,-376020,-14.239152785177831,5020.0,-0.5968101687728027,-0.7484100067540873,26.923076923076923,NET_SHORT,NEUTRAL,False,116309,357372,-241063,283088,228087,55001,23442.0,52,26,True,True,False,False
13874A,E-MINI S&P 500,2021-02-09,2021-02-16,2619444,1240845,439998,800847,30.573167435532124,48231.0,1.217234079394264,1.2273761242682577,90.38461538461539,NET_LONG,HIGH,False,274612,505404,-230792,-8.810724718680758,-40258.0,0.0793662791137297,-0.1209271174980111,51.92307692307693,NET_SHORT,NEUTRAL,False,356256,731663,-375407,-14.331552802808535,613.0,-0.6488921990105392,-0.822680673252924,26.923076923076923,NET_SHORT,NEUTRAL,False,100930,346244,-245314,282243,231577,50666,-21303.0,52,26,True,True,False,False
13874A,E-MINI S&P 500,2021-02-16,2021-02-23,2636295,1254389,438037,816352,30.965882042791115,15505.0,1.5238847001722824,1.3828502195900478,94.23076923076923,NET_LONG,HIGH,False,266222,554525,-288303,-10.93591574539268,-57511.0,-0.5023490209361295,-0.7693358467920824,34.61538461538461,NET_SHORT,NEUTRAL,False,368183,721706,-353523,-13.409842221754396,21884.0,-0.6247303645726917,-0.7869315610995955,26.923076923076923,NET_SHORT,NEUTRAL,False,99458,315599,-216141,286334,244719,41615,16851.0,52,26,True,True,False,False
13874A,E-MINI S&P 500,2021-02-23,2021-03-02,2652739,1256538,452333,804205,30.3160243054443,-12147.0,1.4741754753310297,1.2856148845082178,92.3076923076923,NET_LONG,HIGH,False,297495,508200,-210705,-7.942922390781754,77598.0,0.31593761417468635,0.1898999068998855,53.84615384615385,NET_SHORT,NEUTRAL,False,343571,759019,-415448,-15.661095946491532,-61925.0,-0.9461806567782831,-1.131415897970234,9.615384615384617,NET_SHORT,LOW,False,98809,292535,-193726,265663,249989,15674,16444.0,52,26,True,True,False,False
13874A,E-MINI S&P 500,2021-03-02,2021-03-09,2767213,1174255,469174,705081,25.479823923926347,-99124.0,0.6824108567230692,0.4919905079466795,75.0,NET_LONG,HIGH,False,335891,474606,-138715,-5.012805302663727,71990.0,1.068386411227241,1.1306015304119998,92.3076923076923,NET_SHORT,HIGH,False,440137,767786,-327649,-11.840396818025935,87799.0,-0.6235509723481014,-0.6992013057747587,28.846153846153843,NET_SHORT,NEUTRAL,False,106396,324436,-218040,278405,299082,-20677,114474.0,52,26,True,True,False,False
13874A,E-MINI S&P 500,2021-03-09,2021-03-16,2779898,1156115,490936,665179,23.92818009869427,-39902.0,0.35184226549281417,0.21990077682681583,61.53846153846154,NET_LONG,NEUTRAL,False,339896,441778,-101882,-3.6649546134426516,36833.0,1.4115618418040166,1.5290838970725025,96.15384615384616,NET_SHORT,EXTREME_HIGH,True,409075,776210,-367135,-13.206779529320862,-39486.0,-0.8481622527320817,-0.90268160309296,23.076923076923077,NET_SHORT,LOW,False,107691,314064,-206373,274048,263837,10211,12685.0,52,26,True,True,False,False
13874A,E-MINI S&P 500,2021-03-16,2021-03-23,3063652,1142219,475718,666501,21.755114484282156,1322.0,0.32873229174295854,-0.18915228718644994,63.46153846153846,NET_LONG,NEUTRAL,False,320554,464110,-143556,-4.685780238747743,-41674.0,1.0159910416335767,1.2657311126400779,90.38461538461539,NET_SHORT,HIGH,False,427946,764491,-336545,-10.985092301606057,30590.0,-0.8099488587741324,-0.6354355734512983,25.0,NET_SHORT,LOW,False,98795,329927,-231132,311359,266627,44732,283754.0,52,26,True,True,False,False
13874A,E-MINI S&P 500,2021-03-23,2021-03-30,2540184,1203859,467462,736397,28.989907817701393,69896.0,0.8863679586828642,1.0385687101415557,76.92307692307693,NET_LONG,HIGH,False,192804,394314,-201510,-7.9328899008890685,-57954.0,0.47959065462066114,0.280727305064012,55.769230769230774,NET_SHORT,NEUTRAL,False,387462,792241,-404779,-15.93502675396743,-68234.0,-1.157561825664977,-1.2853073632181147,9.615384615384617,NET_SHORT,LOW,False,102753,286457,-183704,269999,216403,53596,-523468.0,52,26,True,True,False,False
13874A,E-MINI S&P 500,2021-03-30,2021-04-06,2564664,1219957,450893,769064,29.98693006179367,32667.0,1.1274987726386876,1.1785718620067598,84.61538461538461,NET_LONG,HIGH,False,212212,411336,-199124,-7.7641359647891495,2386.0,0.5295804592436966,0.379611010079523,59.61538461538461,NET_SHORT,NEUTRAL,False,362268,804160,-441892,-17.23001531584644,-37113.0,-1.309680015620161,-1.4078919543319337,1.9230769230769231,NET_SHORT,EXTREME_LOW,True,103290,293665,-190375,282338,220011,62327,24480.0,52,26,True,True,False,False
13874A,E-MINI S&P 500,2021-04-06,2021-04-13,2611712,1249028,448369,800659,30.65648126592825,31595.0,1.3558529079321182,1.2644688816523952,88.46153846153845,NET_LONG,HIGH,False,218144,473375,-255231,-9.772555320035286,-56107.0,-0.08546349561880673,-0.3222385309585149,42.30769230769231,NET_SHORT,NEUTRAL,False,358483,792366,-433883,-16.612972640168593,8009.0,-1.247828872785887,-1.2896163774200793,3.8461538461538463,NET_SHORT,EXTREME_LOW,True,96815,300026,-203211,316050,224384,91666,47048.0,52,26,True,True,False,False
13874A,E-MINI S&P 500,2021-04-13,2021-04-20,2643642,1258255,438714,819541,31.000453162720216,18882.0,1.4552865449202934,1.2781905364297637,96.15384615384616,NET_LONG,EXTREME_HIGH,True,228802,497708,-268906,-10.17180087167627,-13675.0,-0.24373154980124984,-0.45530673047817605,38.46153846153847,NET_SHORT,NEUTRAL,False,332091,779866,-447775,-16.937807766709714,-13892.0,-1.2853144292326517,-1.290579755853501,1.9230769230769231,NET_SHORT,EXTREME_LOW,True,97612,283745,-186133,312375,229102,83273,31930.0,52,26,True,True,False,False
13874A,E-MINI S&P 500,2021-04-20,2021-04-27,2687111,1274122,436408,837714,31.17526592686346,18173.0,1.5385406959275743,1.263119237375292,98.07692307692307,NET_LONG,EXTREME_HIGH,True,256439,504265,-247826,-9.222767500114436,21080.0,-0.0029961368062846818,-0.09043542494592954,46.15384615384615,NET_SHORT,NEUTRAL,False,311936,805574,-493638,-18.370584616712893,-45863.0,-1.4678330361795675,-1.424596947623494,1.9230769230769231,NET_SHORT,EXTREME_LOW,True,99767,275649,-175882,316802,237170,79632,43469.0,52,26,True,True,False,False
13874A,E-MINI S&P 500,2021-04-27,2021-05-04,2713231,1274414,431985,842429,31.048922852495785,4715.0,1.5074307842724686,1.1931924237442584,100.0,NET_LONG,EXTREME_HIGH,True,279827,526946,-247119,-9.107923357797402,707.0,-0.013107454713974257,-0.05360637600623626,46.15384615384615,NET_SHORT,NEUTRAL,False,302202,798307,-496105,-18.284657664607252,-2467.0,-1.4337275029118175,-1.3653914090014325,1.9230769230769231,NET_SHORT,EXTREME_LOW,True,97346,273141,-175795,339920,263330,76590,26120.0,52,26,True,True,False,False
13874A,E-MINI S&P 500,2021-05-04,2021-05-11,2705647,1305694,421614,884080,32.67536378544577,41651.0,1.7696739754335888,1.4493204552608412,100.0,NET_LONG,EXTREME_HIGH,True,257981,515537,-257556,-9.519201876667577,-10437.0,-0.1430010862891488,-0.20471341029899212,38.46153846153847,NET_SHORT,NEUTRAL,False,295058,802854,-507796,-18.76800632159332,-11691.0,-1.4291404647087091,-1.3680314543880507,1.9230769230769231,NET_SHORT,EXTREME_LOW,True,108539,277727,-169188,295639,245179,50460,-7584.0,52,26,True,True,False,False
13874A,E-MINI S&P 500,2021-05-11,2021-05-18,2655280,1285071,420491,864580,32.56078455002862,-19500.0,1.5409212451319778,1.3811176768980518,98.07692307692307,NET_LONG,EXTREME_HIGH,True,257697,482204,-224507,-8.455115844656683,33049.0,0.21562719490821955,0.17836477076600782,53.84615384615385,NET_SHORT,NEUTRAL,False,261189,804315,-543126,-20.454565996806362,-35330.0,-1.5226961024246768,-1.5027028220602228,1.9230769230769231,NET_SHORT,EXTREME_LOW,True,98089,276883,-178794,305682,223835,81847,-50367.0,52,26,True,True,False,False
13874A,E-MINI S&P 500,2021-05-18,2021-05-25,2619960,1259677,425601,834076,31.83544786943312,-30504.0,1.2493468057349457,1.2110880070890446,88.46153846153845,NET_LONG,HIGH,False,246059,449680,-203621,-7.77191254828318,20886.0,0.430082840741745,0.40993745862340286,55.769230769230774,NET_SHORT,NEUTRAL,False,229992,797864,-567872,-21.674834730301225,-24746.0,-1.5588977346610622,-1.570154834646685,1.9230769230769231,NET_SHORT,EXTREME_LOW,True,96625,274851,-178226,342487,226844,115643,-35320.0,52,26,True,True,False,False
13874A,E-MINI S&P 500,2021-05-25,2021-06-01,2735735,1287071,437097,849974,31.069310441252533,15898.0,1.325358603906891,1.0272412860486417,96.15384615384616,NET_LONG,EXTREME_HIGH,True,272273,454978,-182705,-6.678461181364423,20916.0,0.649523279950268,0.787171549798943,67.3076923076923,NET_SHORT,NEUTRAL,False,234200,829727,-595527,-21.76844613970286,-27655.0,-1.6013458804157867,-1.5100069337386968,1.9230769230769231,NET_SHORT,EXTREME_LOW,True,93822,290534,-196712,354906,229936,124970,115775.0,52,26,True,True,False,False
13874A,E-MINI S&P 500,2021-06-01,2021-06-08,2767524,1271270,413491,857779,30.994455693970497,7805.0,1.3374201199202536,0.9834026739785565,96.15384615384616,NET_LONG,EXTREME_HIGH,True,268600,475974,-207374,-7.493123817535096,-24669.0,0.3139929170283006,0.44939915817989806,51.92307692307693,NET_SHORT,NEUTRAL,False,246286,830130,-583844,-21.096257882497135,11683.0,-1.482665930931555,-1.373837523050877,3.8461538461538463,NET_SHORT,EXTREME_LOW,True,102281,318529,-216248,379225,229538,149687,31789.0,52,26,True,True,False,False
13874A,E-MINI S&P 500,2021-06-08,2021-06-15,2816156,1294141,422438,871703,30.953647454189326,13924.0,1.3901412207127783,0.9422925158106031,98.07692307692307,NET_LONG,EXTREME_HIGH,True,263107,450630,-187523,-6.658828559213339,19851.0,0.5397470010571401,0.7410946735885416,65.38461538461539,NET_SHORT,NEUTRAL,False,238327,839222,-600895,-21.33741880776491,-17051.0,-1.4863841163658327,-1.3433395697666566,1.9230769230769231,NET_SHORT,EXTREME_LOW,True,100896,334279,-233383,385780,235682,150098,48632.0,52,26,True,True,False,False
13874A,E-MINI S&P 500,2021-06-15,2021-06-22,3117658,1362911,407605,955306,30.6417830307237,83603.0,1.9637784492971455,0.8589602887898318,100.0,NET_LONG,EXTREME_HIGH,True,246619,481488,-234869,-7.533507523916992,-47346.0,-0.17089567953581863,0.3657498122878776,42.30769230769231,NET_SHORT,NEUTRAL,False,225593,863151,-637558,-20.449901817325696,-36663.0,-1.5615504120559582,-1.1978790933846644,1.9230769230769231,NET_SHORT,EXTREME_LOW,True,99205,340692,-241487,414259,255651,158608,301502.0,52,26,True,True,False,False
13874A,E-MINI S&P 500,2021-06-22,2021-06-29,2563884,1378019,409803,968216,37.763642972927016,12910.0,1.9928947422589838,2.316978662689061,100.0,NET_LONG,EXTREME_HIGH,True,179131,350369,-171238,-6.678851305285262,63631.0,0.747618198060133,0.6854643295508095,71.15384615384616,NET_SHORT,NEUTRAL,False,167287,783343,-616056,-24.028232166509873,21502.0,-1.4336089027638699,-1.5406284179917382,3.8461538461538463,NET_SHORT,EXTREME_LOW,True,118020,330938,-212918,268915,236919,31996,-553774.0,52,26,True,True,False,False
13874A,E-MINI S&P 500,2021-06-29,2021-07-06,2571895,1351124,384470,966654,37.58528244737829,-1562.0,1.9517004739370636,2.2341422023843385,98.07692307692307,NET_LONG,EXTREME_HIGH,True,198058,387468,-189410,-7.364608586275878,-18172.0,0.4459928370876544,0.37441886331960184,61.53846153846154,NET_SHORT,NEUTRAL,False,170643,776853,-606210,-23.57055789602608,9846.0,-1.354871173536204,-1.4490272692392678,5.769230769230769,NET_SHORT,LOW,False,115419,328060,-212641,281581,239974,41607,8011.0,52,26,True,True,False,False
13874A,E-MINI S&P 500,2021-07-06,2021-07-13,2610712,1358115,396744,961371,36.82409243148995,-5283.0,1.8715245624223515,2.018548074204387,96.15384615384616,NET_LONG,EXTREME_HIGH,True,220190,400789,-180599,-6.917614811591627,8811.0,0.5545431714729485,0.5363462043435305,67.3076923076923,NET_SHORT,NEUTRAL,False,185849,765094,-579245,-22.18724240743521,26965.0,-1.2123340016646742,-1.2642278450892048,13.461538461538462,NET_SHORT,LOW,False,123471,346214,-222743,270515,249299,21216,38817.0,52,26,True,True,False,False
13874A,E-MINI S&P 500,2021-07-13,2021-07-20,2632508,1362434,394279,968155,36.77690628100655,6784.0,1.8693057824434824,1.9430385601200963,98.07692307692307,NET_LONG,EXTREME_HIGH,True,204857,402191,-197334,-7.496045596062766,-16735.0,0.264416683132935,0.25724997019456314,51.92307692307693,NET_SHORT,NEUTRAL,False,191149,777468,-586319,-22.272259001682045,-7074.0,-1.214814395030879,-1.2471016687631915,11.538461538461538,NET_SHORT,LOW,False,126499,338110,-211611,275000,247891,27109,21796.0,52,26,True,True,False,False
13874A,E-MINI S&P 500,2021-07-20,2021-07-27,2667977,1359510,414934,944576,35.4042032596233,-23579.0,1.6266883487274029,1.589321187600337,90.38461538461539,NET_LONG,HIGH,False,225371,402272,-176901,-6.630529423604477,20433.0,0.560718978378771,0.6096889558504943,67.3076923076923,NET_SHORT,NEUTRAL,False,198458,803461,-605003,-22.67646984962764,-18684.0,-1.27136729601045,-1.270959155778096,7.6923076923076925,NET_SHORT,LOW,False,122804,314928,-192124,278656,249204,29452,35469.0,52,26,True,True,False,False
13874A,E-MINI S&P 500,2021-07-27,2021-08-03,2666461,1316776,401316,915460,34.332397886186975,-29116.0,1.3342316454889218,1.3008093952419064,88.46153846153845,NET_LONG,HIGH,False,219666,422226,-202560,-7.59658588668651,-25659.0,0.12315177016724922,0.15213815829493146,42.30769230769231,NET_SHORT,NEUTRAL,False,187902,787024,-599122,-22.46880790680981,5881.0,-1.2115179213544673,-1.2135058903420386,11.538461538461538,NET_SHORT,LOW,False,147707,319799,-172092,308790,250476,58314,-1516.0,52,26,True,True,False,False
13874A,E-MINI S&P 500,2021-08-03,2021-08-10,2697035,1303027,399084,903943,33.51617609708439,-11517.0,1.1878026326711217,1.0667751762957447,86.53846153846155,NET_LONG,HIGH,False,244024,448067,-204043,-7.565456139797963,-1483.0,0.055914670274533944,0.1251806061191358,38.46153846153847,NET_SHORT,NEUTRAL,False,183041,773260,-590219,-21.883994831361107,8903.0,-1.1492745240538476,-1.1206572480685604,15.384615384615385,NET_SHORT,LOW,False,135428,328345,-192917,328069,244833,83236,30574.0,52,26,True,True,False,False
13874A,E-MINI S&P 500,2021-08-10,2021-08-17,2696698,1298531,379006,919525,34.09818229553328,15582.0,1.2725276092202118,1.160787092681393,88.46153846153845,NET_LONG,HIGH,False,260306,464354,-204048,-7.56658698897689,-5.0,0.0028778807412719503,0.07536880943015181,36.53846153846153,NET_SHORT,NEUTRAL,False,180630,770872,-590242,-21.88758251758261,-23.0,-1.130946421680656,-1.1042679755313785,15.384615384615385,NET_SHORT,LOW,False,132446,335015,-202569,327602,250268,77334,-337.0,52,26,True,True,False,False
13874A,E-MINI S&P 500,2021-08-17,2021-08-24,2716225,1300871,395939,904932,33.31579673996079,-14593.0,1.100653385127072,0.935807913153268,84.61538461538461,NET_LONG,HIGH,False,266557,440831,-174274,-6.416036963064547,29774.0,0.5366897561846767,0.6567200607561611,67.3076923076923,NET_SHORT,NEUTRAL,False,185738,782366,-596628,-21.965337923036568,-6386.0,-1.1470844870149974,-1.100291387151312,13.461538461538462,NET_SHORT,LOW,False,128092,336926,-208834,327326,252522,74804,19527.0,52,26,True,True,False,False
13874A,E-MINI S&P 500,2021-08-24,2021-08-31,2744903,1283238,402455,880783,32.08794627715442,-24149.0,0.8580978254939919,0.613348400981389,78.84615384615384,NET_LONG,HIGH,False,282755,460629,-177874,-6.480156129378707,-3600.0,0.44273107146559904,0.6128078175201835,63.46153846153846,NET_SHORT,NEUTRAL,False,200174,785466,-585292,-21.322866418230443,11336.0,-1.0771791494576672,-0.9980842843545281,23.076923076923077,NET_SHORT,LOW,False,115178,343920,-228742,360974,249849,111125,28678.0,52,26,True,True,False,False
13874A,E-MINI S&P 500,2021-08-31,2021-09-07,2776075,1289604,382878,906726,32.66215790279441,25943.0,1.0428551696248283,0.7213073429797466,84.61538461538461,NET_LONG,HIGH,False,253029,448469,-195440,-7.040155615392235,-17566.0,-0.027778662589931946,0.2181691734202593,46.15384615384615,NET_SHORT,NEUTRAL,False,207557,815826,-608269,-21.911115513809964,-22977.0,-1.210899282113112,-1.0931063398363863,5.769230769230769,NET_SHORT,LOW,False,130206,354784,-224578,371634,250073,121561,31172.0,52,26,True,True,False,False
13874A,E-MINI S&P 500,2021-09-07,2021-09-14,2827555,1289224,371919,917305,32.44163243508968,10579.0,1.0955539011691144,0.6378696337417921,86.53846153846155,NET_LONG,HIGH,False,286800,446517,-159717,-5.648590389930523,35723.0,0.8635798090771611,1.1392907576995994,84.61538461538461,NET_SHORT,HIGH,False,215914,844424,-628510,-22.228038004565782,-20241.0,-1.3384090503535997,-1.1531265557095214,3.8461538461538463,NET_SHORT,EXTREME_LOW,True,120535,359382,-238847,360551,250782,109769,51480.0,52,26,True,True,False,False
13874A,E-MINI S&P 500,2021-09-14,2021-09-21,3051765,1238104,374581,863523,28.29585502160225,-53782.0,0.5948022185386735,-0.45311618188185143,69.23076923076923,NET_LONG,NEUTRAL,False,281141,415947,-134806,-4.417312604345354,24911.0,1.463118572513491,1.8875351513186318,96.15384615384616,NET_SHORT,EXTREME_HIGH,True,210741,832832,-622091,-20.38462987811971,6419.0,-1.2868746013455354,-0.8081314302409854,5.769230769230769,NET_SHORT,LOW,False,121968,381886,-259918,422141,268849,153292,224210.0,52,26,True,True,False,False
13874A,E-MINI S&P 500,2021-09-21,2021-09-28,2453181,1240435,384361,856074,34.896487458528334,-7449.0,0.5006814680922907,1.2242504933863974,65.38461538461539,NET_LONG,NEUTRAL,False,194699,320543,-125844,-5.129829392939208,8962.0,1.6441822563582371,1.3632953453871506,98.07692307692307,NET_SHORT,EXTREME_HIGH,True,184740,739102,-554362,-22.597680317921913,67729.0,-0.7950155921402191,-1.1897071899569789,36.53846153846153,NET_SHORT,NEUTRAL,False,143888,376893,-233005,283735,226598,57137,-598584.0,52,26,True,True,False,False
13874A,E-MINI S&P 500,2021-09-28,2021-10-05,2457374,1191633,373072,818561,33.31039556860291,-37513.0,0.1266019213167159,0.7810294286956115,50.0,NET_LONG,NEUTRAL,False,247202,290929,-43727,-1.7794198196937054,82117.0,3.2976602635449477,3.170757388991972,100.0,NET_SHORT,EXTREME_HIGH,True,185610,735196,-549586,-22.36476824447561,4776.0,-0.7313880937060364,-1.1055483720625021,38.46153846153847,NET_SHORT,NEUTRAL,False,132186,386385,-254199,270900,241949,28951,4193.0,52,26,True,True,False,False
13874A,E-MINI S&P 500,2021-10-05,2021-10-12,2437353,1190268,395587,794681,32.604263723802006,-23880.0,-0.14046117645588857,0.5640183852051678,38.46153846153847,NET_LONG,NEUTRAL,False,250996,293198,-42202,-1.7314685234350542,1525.0,2.9789899871910626,2.8734532745745307,100.0,NET_SHORT,EXTREME_HIGH,True,194844,726445,-531601,-21.810587141050146,17985.0,-0.5759679770313303,-0.9665820982148878,42.30769230769231,NET_SHORT,NEUTRAL,False,126290,371287,-244997,263418,239299,24119,-20021.0,52,26,True,True,False,False
13874A,E-MINI S&P 500,2021-10-12,2021-10-19,2403163,1145000,407518,737482,30.687972476273977,-57199.0,-0.723604284028983,0.02122963352217014,23.076923076923077,NET_LONG,LOW,False,257068,278775,-21707,-0.9032679015114663,20495.0,3.0467822244781164,3.0068252666008752,100.0,NET_SHORT,EXTREME_HIGH,True,198188,718233,-520045,-21.640021921109803,11556.0,-0.4621154162830721,-0.9025517636470778,44.230769230769226,NET_SHORT,NEUTRAL,False,135579,365693,-230114,262461,228077,34384,-34190.0,52,26,True,True,False,False
13874A,E-MINI S&P 500,2021-10-19,2021-10-26,2386587,1172961,385652,787309,32.98890842864727,49827.0,-0.266813392065753,0.6261837167796948,36.53846153846153,NET_LONG,NEUTRAL,False,228208,322517,-94309,-3.9516263182528024,-72602.0,1.5794734079941233,1.3936019550626089,94.23076923076923,NET_SHORT,HIGH,False,199882,652173,-452291,-18.951372818170885,67754.0,0.0808984143612077,-0.3182022471905937,51.92307692307693,NET_SHORT,NEUTRAL,False,119840,378205,-258365,258179,240523,17656,-16576.0,52,26,True,True,False,False
13874A,E-MINI S&P 500,2021-10-26,2021-11-02,2404805,1166126,366871,799255,33.23575092367157,11946.0,-0.19150941790057727,0.665171975283187,38.46153846153847,NET_LONG,NEUTRAL,False,233968,304844,-70876,-2.9472659945400976,23433.0,1.917266319258355,1.8029081979396395,94.23076923076923,NET_SHORT,HIGH,False,192437,681455,-489018,-20.33503756021798,-36727.0,-0.17071391342670642,-0.581702668178694,51.92307692307693,NET_SHORT,NEUTRAL,False,115101,384512,-269411,274773,244723,30050,18218.0,52,26,True,True,False,False
13874A,E-MINI S&P 500,2021-11-02,2021-11-09,2431931,1146988,384268,762720,31.362731919614497,-36535.0,-0.6769066260029591,0.08896394762739515,26.923076923076923,NET_LONG,NEUTRAL,False,259326,297185,-37859,-1.5567464701917941,33017.0,2.336125863776341,2.299249236362575,98.07692307692307,NET_SHORT,EXTREME_HIGH,True,177051,665270,-488219,-20.075363980310296,799.0,-0.12731467996360438,-0.4954580265587234,53.84615384615385,NET_SHORT,NEUTRAL,False,125595,400856,-275261,275903,237284,38619,27126.0,52,26,True,True,False,False
13874A,E-MINI S&P 500,2021-11-09,2021-11-16,2437804,1141080,388517,752563,30.870529378079613,-10157.0,-0.8552643897800266,-0.09080692736842766,21.153846153846153,NET_LONG,LOW,False,266727,303703,-36976,-1.5167749335057288,883.0,2.1996897156379815,2.16639603553287,98.07692307692307,NET_SHORT,EXTREME_HIGH,True,182620,653254,-470634,-19.305653776923823,17585.0,0.06069589531137635,-0.2895379520482705,55.769230769230774,NET_SHORT,NEUTRAL,False,120444,404759,-284315,272939,233577,39362,5873.0,52,26,True,True,False,False
13874A,E-MINI S&P 500,2021-11-16,2021-11-23,2454894,1150240,375607,774633,31.55464146313446,22070.0,-0.6403815708490045,0.0887992580857537,30.76923076923077,NET_LONG,NEUTRAL,False,248795,292057,-43262,-1.7622756827789712,-6286.0,1.9870443121964716,1.9500304669220359,92.3076923076923,NET_SHORT,HIGH,False,185979,669385,-483406,-19.691522322348746,-12772.0,-0.009661416328067465,-0.3472407958848856,55.769230769230774,NET_SHORT,NEUTRAL,False,123129,410267,-287138,273172,233999,39173,17090.0,52,26,True,True,False,False
13874A,E-MINI S&P 500,2021-11-23,2021-11-30,2455317,1148213,377561,770652,31.38706733183536,-3981.0,-0.7268389176333456,0.009596090190400542,26.923076923076923,NET_LONG,NEUTRAL,False,258272,260805,-2533,-0.1031638684536457,40729.0,2.4211842807138337,2.439360221417066,100.0,NET_SHORT,EXTREME_HIGH,True,176951,673469,-496518,-20.22215461384416,-13112.0,-0.08565589770021752,-0.4457966487925493,48.07692307692308,NET_SHORT,NEUTRAL,False,113843,411181,-297338,272632,246895,25737,423.0,52,26,True,True,False,False
13874A,E-MINI S&P 500,2021-11-30,2021-12-07,2510714,1110644,428935,681709,27.151997399942807,-88943.0,-1.8479747671753972,-1.362319205639224,5.769230769230769,NET_LONG,LOW,False,318071,259949,58122,2.3149590116596315,60655.0,2.9617252801393605,3.0213476925438587,100.0,NET_LONG,EXTREME_HIGH,True,182159,660182,-478023,-19.039325068486495,18495.0,0.1412961369916767,-0.10111646263528191,59.61538461538461,NET_SHORT,NEUTRAL,False,116943,391709,-274766,277390,264432,12958,55397.0,52,26,True,True,False,False
13874A,E-MINI S&P 500,2021-12-07,2021-12-14,2514383,1084845,435905,648940,25.80911499958439,-32769.0,-2.1547797150346764,-1.754505665484676,1.9230769230769231,NET_LONG,EXTREME_LOW,True,287566,270655,16911,0.6725705670138559,-41211.0,2.242542318277239,2.262089744562201,98.07692307692307,NET_LONG,EXTREME_HIGH,True,197495,661790,-464295,-18.465563917668867,13728.0,0.3346829346690217,0.1042172289905634,63.46153846153846,NET_SHORT,NEUTRAL,False,138356,357442,-219086,263698,246168,17530,3669.0,52,26,True,True,False,False
13874A,E-MINI S&P 500,2021-12-14,2021-12-21,2754633,1052735,467989,584746,21.22772797683031,-64194.0,-2.7084986772701973,-3.0135689821885876,1.9230769230769231,NET_LONG,EXTREME_LOW,True,310403,265714,44689,1.6223213763866187,27778.0,2.4069596766933814,2.404814920378622,98.07692307692307,NET_LONG,EXTREME_HIGH,True,212712,661763,-449051,-16.30166341577989,15244.0,0.5521413133674452,0.8093278242764614,67.3076923076923,NET_SHORT,NEUTRAL,False,141841,357988,-216147,325418,289655,35763,240250.0,52,26,True,True,False,False
13874A,E-MINI S&P 500,2021-12-21,2021-12-28,2262123,1088429,420111,668318,29.543840012236295,83572.0,-1.6948435601573164,-0.5080016837798293,9.615384615384617,NET_LONG,LOW,False,262131,272596,-10465,-0.46261852251181745,-55154.0,1.6666595495620269,1.6546022273498895,92.3076923076923,NET_SHORT,HIGH,False,166051,652338,-486287,-21.496930096197246,-37236.0,0.15570818789304103,-0.7472062091882264,57.692307692307686,NET_SHORT,NEUTRAL,False,141483,353855,-212372,265524,224718,40806,-492510.0,52,26,True,True,False,False
13874A,E-MINI S&P 500,2021-12-28,2022-01-04,2287852,1116367,380274,736093,32.173978037040854,67775.0,-0.9247739435148155,0.27333742144008244,15.384615384615385,NET_LONG,LOW,False,255067,352334,-97267,-4.251455076639573,-86802.0,0.6361375388947287,0.4549325713727174,75.0,NET_SHORT,HIGH,False,163720,618302,-454582,-19.869379662670486,31705.0,0.5261045829154751,-0.23119089420766295,67.3076923076923,NET_SHORT,NEUTRAL,False,149973,368699,-218726,259664,225182,34482,25729.0,52,26,True,True,False,False
13874A,E-MINI S&P 500,2022-01-04,2022-01-11,2297290,1114652,382967,731685,31.849918817389185,-4408.0,-0.9546133047314032,0.1701546095039022,15.384615384615385,NET_LONG,LOW,False,266454,365329,-98875,-4.303984259714707,-1608.0,0.5976755963295581,0.4218490731798915,73.07692307692307,NET_SHORT,NEUTRAL,False,152625,607993,-455368,-19.82196414035668,-786.0,0.5428529210066143,-0.19026449817651475,67.3076923076923,NET_SHORT,NEUTRAL,False,147847,368613,-220766,268686,225362,43324,9438.0,52,26,True,True,False,False
13874A,E-MINI S&P 500,2022-01-11,2022-01-18,2283672,1118110,388888,729222,31.931993736403474,-2463.0,-0.9554974133506192,0.1922770304577039,15.384615384615385,NET_LONG,LOW,False,254075,311842,-57767,-2.5295664175941206,41108.0,1.0356316493510513,0.9411137271410136,78.84615384615384,NET_SHORT,HIGH,False,155977,644571,-488594,-21.395104025446738,-33226.0,0.1826694390380807,-0.6522301603278824,55.769230769230774,NET_SHORT,NEUTRAL,False,135933,375244,-239311,280313,223863,56450,-13618.0,52,26,True,True,False,False
13874A,E-MINI S&P 500,2022-01-18,2022-01-25,2309982,1102099,378578,723521,31.32149947488768,-5701.0,-0.9843706941962793,0.015212710067528572,15.384615384615385,NET_LONG,LOW,False,272641,285631,-12990,-0.5623420442237212,44777.0,1.4811071302070706,1.482526905683684,90.38461538461539,NET_SHORT,HIGH,False,139396,688591,-549195,-23.77486058332922,-60601.0,-0.4983129601684743,-1.3469613455296183,40.38461538461539,NET_SHORT,NEUTRAL,False,144062,368673,-224611,292056,228781,63275,26310.0,52,26,True,True,False,False
13874A,E-MINI S&P 500,2022-01-25,2022-02-01,2378857,1088298,440193,648105,27.244386694954763,-75416.0,-1.7114427806129326,-1.165167186961808,3.8461538461538463,NET_LONG,EXTREME_LOW,True,353909,246760,107149,4.504221985600648,120139.0,2.5996979027437743,2.752858058089197,100.0,NET_LONG,EXTREME_HIGH,True,132274,746648,-614374,-25.82643681398251,-65179.0,-1.2231420412155205,-1.8985660324080096,9.615384615384617,NET_SHORT,LOW,False,145392,348559,-203167,286459,224172,62287,68875.0,52,26,True,True,False,False
13874A,E-MINI S&P 500,2022-02-01,2022-02-08,2283969,1069891,435602,634289,27.77134891060255,-13816.0,-1.7814545622374232,-1.0012817978848503,3.8461538461538463,NET_LONG,EXTREME_LOW,True,298553,249724,48829,2.137901171163006,-58320.0,1.869988719389336,1.9568389319909067,96.15384615384616,NET_LONG,EXTREME_HIGH,True,140243,654696,-514453,-22.52451762699056,99921.0,-0.004233970811280781,-0.8442884459967611,50.0,NET_SHORT,NEUTRAL,False,145313,351767,-206454,273169,235380,37789,-94888.0,52,26,True,True,False,False
13874A,E-MINI S&P 500,2022-02-08,2022-02-15,2229911,1020324,461827,558497,25.045708102251613,-75792.0,-2.3670639362728116,-1.7220366026477651,1.9230769230769231,NET_LONG,EXTREME_LOW,True,282160,223618,58542,2.6253065705312904,9713.0,1.8648039850273486,1.9728112322173166,98.07692307692307,NET_LONG,EXTREME_HIGH,True,157790,617855,-460065,-20.631540900062827,54388.0,0.695557773241275,-0.21279577744210726,75.0,NET_SHORT,HIGH,False,140494,320348,-179854,260719,237839,22880,-54058.0,52,26,True,True,False,False
13874A,E-MINI S&P 500,2022-02-15,2022-02-22,2270263,993607,476417,517190,22.781061048874072,-41307.0,-2.5340650205958397,-2.2111572887705866,1.9230769230769231,NET_LONG,EXTREME_LOW,True,292399,261871,30528,1.3446900204954229,-28014.0,1.5267675644066852,1.571839303026332,90.38461538461539,NET_LONG,HIGH,False,173053,581509,-408456,-17.991571901581445,51609.0,1.3848350353312278,0.7073388718468365,92.3076923076923,NET_SHORT,HIGH,False,170605,320366,-149761,253029,242530,10499,40352.0,52,26,True,True,False,False
13874A,E-MINI S&P 500,2022-02-22,2022-03-01,2374165,1012399,514919,497480,20.953893263526336,-19710.0,-2.4916552545301,-2.4929284795429463,1.9230769230769231,NET_LONG,EXTREME_LOW,True,324127,250709,73418,3.0923714232161625,42890.0,1.8524240577778368,1.9252011445225083,98.07692307692307,NET_LONG,EXTREME_HIGH,True,193729,626093,-432364,-18.211202675466954,-23908.0,1.0887765595104346,0.6612118102561795,90.38461538461539,NET_SHORT,HIGH,False,167071,308703,-141632,254138,251040,3098,103902.0,52,26,True,True,False,False
13874A,E-MINI S&P 500,2022-03-01,2022-03-08,2387492,998880,535235,463645,19.41975093529109,-33835.0,-2.5688452835294284,-2.6918076279558267,1.9230769230769231,NET_LONG,EXTREME_LOW,True,299237,323083,-23846,-0.9987886870406267,-97264.0,0.8731283184140193,0.8364785659855299,76.92307692307693,NET_SHORT,HIGH,False,228560,519918,-291358,-12.203517331157549,141006.0,2.8246243964613758,2.7668838160048237,100.0,NET_SHORT,EXTREME_HIGH,True,166659,308934,-142275,247600,253766,-6166,13327.0,52,26,True,True,False,False
13874A,E-MINI S&P 500,2022-03-08,2022-03-15,2435543,979233,561305,417928,17.159541014057233,-45717.0,-2.703425149898073,-2.987185845528657,1.9230769230769231,NET_LONG,EXTREME_LOW,True,302670,286728,15942,0.6545562940173916,39788.0,1.2196005427525842,1.2237497909472996,84.61538461538461,NET_LONG,HIGH,False,229009,521238,-292229,-11.99851532081347,-871.0,2.684599290433152,2.771969211593733,98.07692307692307,NET_SHORT,EXTREME_HIGH,True,165628,300300,-134672,240798,247767,-6969,48051.0,52,26,True,True,False,False
13874A,E-MINI S&P 500,2022-03-15,2022-03-22,2582759,1017466,575918,441548,17.09598146787989,23620.0,-2.3719837868173355,-2.8435778133198046,3.8461538461538463,NET_LONG,EXTREME_LOW,True,285855,332775,-46920,-1.8166619494888994,-62862.0,0.5984967561502486,0.5792435288042095,63.46153846153846,NET_SHORT,NEUTRAL,False,204651,462146,-257495,-9.969764890955757,34734.0,2.9468034924192734,3.3857833296071873,100.0,NET_SHORT,EXTREME_HIGH,True,154707,301520,-146813,263697,254017,9680,147216.0,52,26,True,True,False,False
13874A,E-MINI S&P 500,2022-03-22,2022-03-29,2111687,1028804,513826,514978,24.38704220843335,73430.0,-1.7696751485025826,-1.2463056106792958,9.615384615384617,NET_LONG,LOW,False,111850,382143,-270293,-12.799860964243281,-223373.0,-1.4990612914385528,-2.1049771041291345,1.9230769230769231,NET_SHORT,EXTREME_LOW,True,233069,322953,-89884,-4.2565020289465245,167611.0,4.030404911867628,4.269024948896196,100.0,NET_SHORT,EXTREME_HIGH,True,134586,288022,-153436,244864,246229,-1365,-471072.0,52,26,True,True,False,False
13874A,E-MINI S&P 500,2022-03-29,2022-04-05,2120049,1019960,459989,559971,26.413115923264037,44993.0,-1.4069889855513422,-0.7995622904298689,15.384615384615385,NET_LONG,LOW,False,128026,410434,-282408,-13.320824188497529,-12115.0,-1.569511637201378,-2.122499926230958,1.9230769230769231,NET_SHORT,EXTREME_LOW,True,230111,319669,-89558,-4.224336324301938,326.0,3.479079362245102,3.640023937126179,100.0,NET_SHORT,EXTREME_HIGH,True,134312,314850,-180538,239198,246665,-7467,8362.0,52,26,True,True,False,False
13874A,E-MINI S&P 500,2022-04-05,2022-04-12,2122357,980029,446512,533517,25.13794804549847,-26454.0,-1.5149939299632091,-1.0336146043914476,13.461538461538462,NET_LONG,LOW,False,136114,384877,-248763,-11.72107237378066,33645.0,-1.261686342141417,-1.7145138938853042,9.615384615384617,NET_SHORT,LOW,False,237976,355645,-117669,-5.544260461364417,-28111.0,2.9200198479972173,2.990807909371272,96.15384615384616,NET_SHORT,EXTREME_HIGH,True,143204,321903,-178699,253961,242347,11614,2308.0,52,26,True,True,False,False
13874A,E-MINI S&P 500,2022-04-12,2022-04-19,2156967,976986,499007,477979,22.15977342258829,-55538.0,-1.7796996654720996,-1.5765507307998865,7.6923076923076925,NET_LONG,LOW,False,184626,285385,-100759,-4.671327841362432,148004.0,0.07947436614093492,-0.1036940689126448,51.92307692307693,NET_SHORT,NEUTRAL,False,240472,434180,-193708,-8.980573184476166,-76039.0,2.185786995186957,2.121515080982976,94.23076923076923,NET_SHORT,HIGH,False,131361,317060,-185699,245567,243380,2187,34610.0,52,26,True,True,False,False
13874A,E-MINI S&P 500,2022-04-19,2022-04-26,2158797,970632,497439,473193,21.919291160771483,-4786.0,-1.7179976741786736,-1.5521337799559283,7.6923076923076925,NET_LONG,LOW,False,190909,307392,-116483,-5.39573660700844,-15724.0,-0.09455348678012011,-0.2962548226674266,50.0,NET_SHORT,NEUTRAL,False,238535,396459,-157924,-7.315370551283887,35784.0,2.2770222437398537,2.2942257495283096,94.23076923076923,NET_SHORT,HIGH,False,126430,322733,-196303,250313,252796,-2483,1830.0,52,26,True,True,False,False
13874A,E-MINI S&P 500,2022-04-26,2022-05-03,2191696,935308,575386,359922,16.422076784371555,-113271.0,-2.2470480100139927,-2.43012351602515,1.9230769230769231,NET_LONG,EXTREME_LOW,True,249349,256069,-6720,-0.3066118658792095,109763.0,0.9248734689605944,0.8880430731391759,80.76923076923077,NET_SHORT,HIGH,False,229678,413339,-183661,-8.379857425482367,-25737.0,1.97482756780499,1.969388911093257,92.3076923076923,NET_SHORT,HIGH,False,127206,299845,-172639,252286,249188,3098,32899.0,52,26,True,True,False,False
13874A,E-MINI S&P 500,2022-05-03,2022-05-10,2208674,958101,592155,365946,16.56858368414714,6024.0,-2.074425714525138,-2.2351507496298546,3.8461538461538463,NET_LONG,EXTREME_LOW,True,261137,344638,-83501,-3.78059414834421,-76781.0,0.15062277520926498,0.02431831961780828,55.769230769230774,NET_SHORT,NEUTRAL,False,223101,328059,-104958,-4.752082018441834,78703.0,2.320145536693125,2.4446255407242607,96.15384615384616,NET_SHORT,EXTREME_HIGH,True,131566,315643,-184077,245017,238427,6590,16978.0,52,26,True,True,False,False
13874A,E-MINI S&P 500,2022-05-10,2022-05-17,2261956,943043,665870,277173,12.253686632277551,-88773.0,-2.3823734810913737,-2.7192799692098966,1.9230769230769231,NET_LONG,EXTREME_LOW,True,291368,300020,-8652,-0.38250080903430483,74849.0,0.8594816217744918,0.8248927118213847,78.84615384615384,NET_SHORT,HIGH,False,212762,338423,-125661,-5.555413102642138,-20703.0,2.051594117054388,2.149693356896248,92.3076923076923,NET_SHORT,HIGH,False,139470,277365,-137895,249914,254879,-4965,53282.0,52,26,True,True,False,False
13874A,E-MINI S&P 500,2022-05-17,2022-05-24,2252109,980008,672524,307484,13.653157995461143,30311.0,-2.079031408439956,-2.3069898721756488,3.8461538461538463,NET_LONG,EXTREME_LOW,True,248298,345821,-97523,-4.330296624186484,-88871.0,-0.051044847005183594,-0.1674795454428528,48.07692307692308,NET_SHORT,NEUTRAL,False,231875,321870,-89995,-3.9960321636297356,35666.0,2.1222043803554254,2.2436369499244995,96.15384615384616,NET_SHORT,EXTREME_HIGH,True,148399,254381,-105982,236394,250378,-13984,-9847.0,52,26,True,True,False,False
13874A,E-MINI S&P 500,2022-05-24,2022-05-31,2262171,978878,688062,290816,12.85561524747687,-16668.0,-2.0325520563069572,-2.2584880036122073,3.8461538461538463,NET_LONG,EXTREME_LOW,True,231340,377709,-146369,-6.470288939253487,-48846.0,-0.5557153148548666,-0.7023003198232743,36.53846153846153,NET_SHORT,NEUTRAL,False,247249,329769,-82520,-3.6478232635817536,7475.0,2.034911656674149,2.147725491461053,100.0,NET_SHORT,EXTREME_HIGH,True,158061,199920,-41859,238655,258723,-20068,10062.0,52,26,True,True,False,False
13874A,E-MINI S&P 500,2022-05-31,2022-06-07,2260467,996987,642368,354619,15.687864498796046,63803.0,-1.6332757585028592,-1.7438886404574463,7.6923076923076925,NET_LONG,LOW,False,193420,396842,-203422,-8.999113899915372,-57053.0,-1.1383516346221718,-1.314952846863296,13.461538461538462,NET_SHORT,LOW,False,262785,348939,-86154,-3.8113363300592313,-3634.0,1.90144819136659,1.9946164572970395,98.07692307692307,NET_SHORT,EXTREME_HIGH,True,149107,189511,-40404,237308,261947,-24639,-1704.0,52,26,True,True,False,False
13874A,E-MINI S&P 500,2022-06-07,2022-06-14,2267420,985567,644186,341381,15.05592259043318,-13238.0,-1.6176069599677203,-1.740391251378348,7.6923076923076925,NET_LONG,LOW,False,189532,420870,-231338,-10.202697338825626,-27916.0,-1.3999325347030585,-1.565345234479714,9.615384615384617,NET_SHORT,LOW,False,287134,315193,-28059,-1.2374857767859504,58095.0,2.0832032668877214,2.2128191281784697,100.0,NET_SHORT,EXTREME_HIGH,True,153049,200199,-47150,238565,273399,-34834,6953.0,52,26,True,True,False,False
13874A,E-MINI S&P 500,2022-06-14,2022-06-21,2654399,960036,753513,206523,7.780405281948946,-134858.0,-2.1292969937371753,-2.527256856549153,1.9230769230769231,NET_LONG,EXTREME_LOW,True,247872,423784,-175912,-6.627187547915743,55426.0,-0.8636663232307977,-0.7044317700860703,28.846153846153843,NET_SHORT,NEUTRAL,False,309350,301208,8142,0.30673610109105676,36201.0,2.1354405552347067,2.2586339469747667,100.0,NET_LONG,EXTREME_HIGH,True,144026,177365,-33339,277261,282675,-5414,386979.0,52,26,True,True,False,False
13874A,E-MINI S&P 500,2022-06-21,2022-06-28,2262004,1018213,830078,188135,8.31718246298415,-18388.0,-2.091639517479699,-2.3005276069975253,1.9230769230769231,NET_LONG,EXTREME_LOW,True,172515,377351,-204836,-9.055510069831882,-28924.0,-1.145287821039461,-1.270467862273929,9.615384615384617,NET_SHORT,LOW,False,328158,237730,90428,3.997694080116569,82286.0,2.371802484869296,2.534081348079051,100.0,NET_LONG,EXTREME_HIGH,True,139269,183118,-43849,224849,254727,-29878,-392395.0,52,26,True,True,False,False
13874A,E-MINI S&P 500,2022-06-28,2022-07-05,2248771,1006685,811666,195019,8.672248085732162,6884.0,-1.9566635495442708,-2.1275400087263376,3.8461538461538463,NET_LONG,EXTREME_LOW,True,145132,410697,-265565,-11.809339412505764,-60729.0,-1.712663363596987,-1.8606038486430483,5.769230769230769,NET_SHORT,LOW,False,360614,232033,128581,5.717834319279286,38153.0,2.3722864350582276,2.5306483320654056,100.0,NET_LONG,EXTREME_HIGH,True,126222,155078,-28856,223854,253033,-29179,-13233.0,52,26,True,True,False,False
13874A,E-MINI S&P 500,2022-07-05,2022-07-12,2309241,1023704,818113,205591,8.902968551138663,10572.0,-1.8218327480548153,-1.9880104228059572,5.769230769230769,NET_LONG,LOW,False,141214,459190,-317976,-13.769719141484149,-52411.0,-2.1239115481449766,-2.1896357286622665,1.9230769230769231,NET_SHORT,EXTREME_LOW,True,382059,245706,136353,5.90466737772281,7772.0,2.244307669592559,2.363558652164543,100.0,NET_LONG,EXTREME_HIGH,True,156316,142341,13975,227663,265606,-37943,60470.0,52,26,True,True,False,False
13874A,E-MINI S&P 500,2022-07-12,2022-07-19,2317580,1035288,812128,223160,9.62900957032767,17569.0,-1.6735521467445993,-1.811218084737761,9.615384615384617,NET_LONG,LOW,False,127280,496796,-369516,-15.944045081507435,-51540.0,-2.451286273221045,-2.489783097927934,1.9230769230769231,NET_SHORT,EXTREME_LOW,True,394275,222909,171366,7.394178410238266,35013.0,2.2384510483710374,2.3477194735488975,100.0,NET_LONG,EXTREME_HIGH,True,151641,144492,7149,233148,265307,-32159,8339.0,52,26,True,True,False,False
13874A,E-MINI S&P 500,2022-07-19,2022-07-26,2335319,1029332,781804,247528,10.599322833411625,24368.0,-1.5072373653691757,-1.6215192768660973,11.538461538461538,NET_LONG,LOW,False,136670,562238,-425568,-18.223120695716517,-56052.0,-2.7114512338577708,-2.71233123247542,1.9230769230769231,NET_SHORT,EXTREME_LOW,True,429395,187901,241494,10.340942714892485,70128.0,2.35671366212001,2.459526260965239,100.0,NET_LONG,EXTREME_HIGH,True,145526,150782,-5256,223471,281669,-58198,17739.0,52,26,True,True,False,False
13874A,E-MINI S&P 500,2022-07-26,2022-08-02,2322824,1038190,742516,295674,12.729074609182616,48146.0,-1.2507583273376317,-1.3174076841541096,17.307692307692307,NET_LONG,LOW,False,118127,572470,-454343,-19.55994083064408,-28775.0,-2.713311542987452,-2.719169096092783,1.9230769230769231,NET_SHORT,EXTREME_LOW,True,434469,221636,212833,9.162683009991285,-28661.0,2.103444984564207,2.1847661616891747,98.07692307692307,NET_LONG,EXTREME_HIGH,True,146505,148214,-1709,221627,274082,-52455,-12495.0,52,26,True,True,False,False
13874A,E-MINI S&P 500,2022-08-02,2022-08-09,2310665,1011090,690176,320914,13.888382781580194,25240.0,-1.099979038955823,-1.136935822683568,21.153846153846153,NET_LONG,LOW,False,127898,633855,-505957,-21.89659686713565,-51614.0,-2.8361016669464556,-2.8458742404294544,1.9230769230769231,NET_SHORT,EXTREME_LOW,True,465729,179637,286092,12.381370730936766,73259.0,2.2335280573579976,2.3219098624340138,100.0,NET_LONG,EXTREME_HIGH,True,132469,172266,-39797,220741,281993,-61252,-12159.0,52,26,True,True,False,False
13874A,E-MINI S&P 500,2022-08-09,2022-08-16,2299388,964535,668616,295919,12.869467875799995,-24995.0,-1.1690766983985175,-1.2089904311681359,19.230769230769234,NET_LONG,LOW,False,127542,631142,-503600,-21.901479872035516,2357.0,-2.597650484257123,-2.611712893397272,3.8461538461538463,NET_SHORT,EXTREME_LOW,True,503699,163809,339890,14.781759320306097,53798.0,2.2723299038497466,2.3601666680947693,100.0,NET_LONG,EXTREME_HIGH,True,120103,184332,-64229,218709,286689,-67980,-11277.0,52,26,True,True,False,False
13874A,E-MINI S&P 500,2022-08-16,2022-08-23,2346224,988150,612060,376090,16.029586262863223,80171.0,-0.7807736923680599,-0.8060829791441353,32.69230769230769,NET_LONG,NEUTRAL,False,125609,724278,-598669,-25.516276365769,-95069.0,-2.91364667535614,-2.858750885690933,1.9230769230769231,NET_SHORT,EXTREME_LOW,True,538487,168060,370427,15.788219709627043,30537.0,2.227840963563838,2.2794520928630635,100.0,NET_LONG,EXTREME_HIGH,True,116512,198127,-81615,227544,293777,-66233,46836.0,52,26,True,True,False,False
13874A,E-MINI S&P 500,2022-08-23,2022-08-30,2329538,952143,613795,338348,14.524253306878876,-37742.0,-0.9176663389168562,-0.9465756143891463,25.0,NET_LONG,LOW,False,136398,650096,-513698,-22.051496906253515,84971.0,-2.2312081342947403,-2.207111249690054,3.8461538461538463,NET_SHORT,EXTREME_LOW,True,535603,202587,333016,14.295366720783262,-37411.0,1.9798210589831127,2.023502660006828,96.15384615384616,NET_LONG,EXTREME_HIGH,True,107036,198563,-91527,228251,294390,-66139,-16686.0,52,26,True,True,False,False
13874A,E-MINI S&P 500,2022-08-30,2022-09-06,2329953,956695,630013,326682,14.020969521702797,-11666.0,-0.9388668710767416,-0.968569017048286,25.0,NET_LONG,LOW,False,134543,625350,-490807,-21.065103029975283,22891.0,-1.9839913845793007,-1.9586412488748441,9.615384615384617,NET_SHORT,LOW,False,531604,214696,316908,13.601476081277175,-16108.0,1.8292135538334122,1.8609466950833122,94.23076923076923,NET_LONG,HIGH,False,113989,194589,-80600,224954,297137,-72183,415.0,52,26,True,True,False,False
13874A,E-MINI S&P 500,2022-09-06,2022-09-13,2314290,932416,661072,271344,11.724719028298097,-55338.0,-1.16389637384297,-1.1950607633366572,13.461538461538462,NET_LONG,LOW,False,132145,584714,-452569,-19.555414403553574,38238.0,-1.6863144369899596,-1.6777941776332053,13.461538461538462,NET_SHORT,LOW,False,529639,191570,338069,14.60789270143327,21161.0,1.8089068702194186,1.8400330483500609,96.15384615384616,NET_LONG,EXTREME_HIGH,True,113597,207879,-94282,227788,290350,-62562,-15663.0,52,26,True,True,False,False
13874A,E-MINI S&P 500,2022-09-13,2022-09-20,2603046,937649,624171,313478,12.042737623537963,42134.0,-0.9295498527379663,-1.112941241165984,25.0,NET_LONG,LOW,False,117486,642840,-525354,-20.182278761112943,-72785.0,-1.967008888923636,-1.6721961178525577,3.8461538461538463,NET_SHORT,EXTREME_LOW,True,548735,156360,392375,15.073686750061274,54306.0,1.8878831507438192,1.7798874572978018,100.0,NET_LONG,EXTREME_HIGH,True,121930,213149,-91219,282571,371851,-89280,288756.0,52,26,True,True,False,False
13874A,E-MINI S&P 500,2022-09-20,2022-09-27,2141022,914534,630587,283947,13.262217763292483,-29531.0,-1.0397911360853906,-0.9350780683392191,17.307692307692307,NET_LONG,LOW,False,113078,459724,-346646,-16.190679030855357,178708.0,-0.9882498149087496,-1.1375677878901493,21.153846153846153,NET_SHORT,LOW,False,455248,219551,235697,11.008621116457467,-156678.0,1.3292743807565173,1.408210856645265,84.61538461538461,NET_LONG,HIGH,False,115437,194188,-78751,184903,279150,-94247,-462024.0,52,26,True,True,False,False
13874A,E-MINI S&P 500,2022-09-27,2022-10-04,2233878,903403,685284,218119,9.764141103498043,-65828.0,-1.3219169751925295,-1.3074986654933185,9.615384615384617,NET_LONG,LOW,False,163675,450511,-286836,-12.840271491997324,59810.0,-0.6494062982674086,-0.7013576970905525,25.0,NET_SHORT,LOW,False,456660,270540,186120,8.331699403458916,-49577.0,1.1267248389548083,1.1591111122299833,80.76923076923077,NET_LONG,HIGH,False,131752,166389,-34637,186623,269389,-82766,92856.0,52,26,True,True,False,False
13874A,E-MINI S&P 500,2022-10-04,2022-10-11,2261285,911427,713995,197432,8.730964915965922,-20687.0,-1.3763582868409943,-1.379747284238879,5.769230769230769,NET_LONG,LOW,False,137578,478052,-340474,-15.056660261753827,-53638.0,-0.897084767395012,-0.9365132939510802,23.076923076923077,NET_SHORT,LOW,False,459557,267926,191631,8.474429362066259,5511.0,1.1016461997135587,1.1258228602252005,80.76923076923077,NET_LONG,HIGH,False,132951,143696,-10745,235167,273011,-37844,27407.0,52,26,True,True,False,False
13874A,E-MINI S&P 500,2022-10-11,2022-10-18,2277794,907565,727377,180188,7.910636343760674,-17244.0,-1.4071939877146122,-1.4205005260390227,1.9230769230769231,NET_LONG,EXTREME_LOW,True,150575,497560,-346985,-15.23337931349367,-6511.0,-0.8965170020424426,-0.9223272684407117,21.153846153846153,NET_SHORT,LOW,False,463492,255396,208096,9.135856886092421,16465.0,1.1114365475334358,1.1318663448959887,80.76923076923077,NET_LONG,HIGH,False,127682,137809,-10127,223148,254320,-31172,16509.0,52,26,True,True,False,False
13874A,E-MINI S&P 500,2022-10-18,2022-10-25,2336566,932671,709308,223363,9.559456056452076,43175.0,-1.1511604649496388,-1.1814031415768012,17.307692307692307,NET_LONG,LOW,False,154213,567495,-413282,-17.687580834438233,-66297.0,-1.1951879169739315,-1.1740467043737548,19.230769230769234,NET_SHORT,LOW,False,479679,253393,226286,9.68455417052204,18190.0,1.1252825031015952,1.128665432402251,82.6923076923077,NET_LONG,HIGH,False,126824,127774,-950,223229,258646,-35417,58772.0,52,26,True,True,False,False
13874A,E-MINI S&P 500,2022-10-25,2022-11-01,2361824,944683,665069,279614,11.838900781768666,56251.0,-0.8332861512723736,-0.8718740285308219,25.0,NET_LONG,LOW,False,153107,598944,-445837,-18.876808771525734,-32555.0,-1.3074186584572272,-1.264019367179887,17.307692307692307,NET_SHORT,LOW,False,475857,281597,194260,8.22499898383622,-32026.0,0.9842527122791511,0.9799044547008748,76.92307692307693,NET_LONG,HIGH,False,120912,120399,513,217856,246406,-28550,25258.0,52,26,True,True,False,False
13874A,E-MINI S&P 500,2022-11-01,2022-11-08,2336711,937799,616967,320832,13.730067603567578,41218.0,-0.5871300756641383,-0.6061651528728463,38.46153846153847,NET_LONG,NEUTRAL,False,160373,556267,-395894,-16.942360437384,49943.0,-1.0143396065742112,-0.9962876787614576,23.076923076923077,NET_SHORT,LOW,False,423340,367613,55727,2.3848477625174875,-138533.0,0.5101499887751718,0.5085234624245475,63.46153846153846,NET_LONG,NEUTRAL,False,159078,117466,41612,225287,247564,-22277,-25113.0,52,26,True,True,False,False
13874A,E-MINI S&P 500,2022-11-08,2022-11-15,2318895,925395,602586,322809,13.920811420956964,1977.0,-0.5468410154462472,-0.5523591577801804,42.30769230769231,NET_LONG,NEUTRAL,False,165888,557992,-392104,-16.909088164837133,3790.0,-0.9580025191191683,-0.9552142449036515,25.0,NET_SHORT,LOW,False,416671,351350,65321,2.816902015830816,9594.0,0.5139037101617141,0.514537245590304,63.46153846153846,NET_LONG,NEUTRAL,False,143238,118086,25152,227609,248787,-21178,-17816.0,52,26,True,True,False,False
13874A,E-MINI S&P 500,2022-11-15,2022-11-22,2343509,943995,518947,425048,18.13724632591554,102239.0,0.05943312678933567,0.03143588517361226,59.61538461538461,NET_LONG,NEUTRAL,False,152873,624147,-471274,-20.109758486099263,-79170.0,-1.3018157479801664,-1.2780427285579161,13.461538461538462,NET_SHORT,LOW,False,408394,376245,32149,1.3718317275504381,-33172.0,0.37740611969132964,0.37586954235985515,59.61538461538461,NET_LONG,NEUTRAL,False,135061,120491,14570,239613,240106,-493,24614.0,52,26,True,True,False,False
13874A,E-MINI S&P 500,2022-11-22,2022-11-29,2304077,953471,498798,454673,19.733411687196217,29625.0,0.2766726262144099,0.2850516624164986,63.46153846153846,NET_LONG,NEUTRAL,False,137283,573270,-435987,-18.92241448527979,35287.0,-1.083126651396345,-1.0964770131053216,21.153846153846153,NET_SHORT,LOW,False,382469,400361,-17892,-0.7765365480407121,-50041.0,0.18220758975833806,0.18015206476897772,55.769230769230774,NET_SHORT,NEUTRAL,False,121830,118929,2901,240744,244439,-3695,-39432.0,52,26,True,True,False,False
13874A,E-MINI S&P 500,2022-11-29,2022-12-06,2314527,982623,500695,481928,20.821878509086307,27255.0,0.47536130254751274,0.4598945054000982,71.15384615384616,NET_LONG,NEUTRAL,False,141995,561335,-419340,-18.11774068740611,16647.0,-0.9638204763097519,-0.9663483713124943,25.0,NET_SHORT,LOW,False,387087,449072,-61985,-2.678084982374368,-44093.0,0.004242564029636618,0.002491693488447025,51.92307692307693,NET_SHORT,NEUTRAL,False,104416,107511,-3095,241761,239269,2492,10450.0,52,26,True,True,False,False
13874A,E-MINI S&P 500,2022-12-06,2022-12-13,2287691,949311,485563,463748,20.271444001834162,-18180.0,0.3934927895318622,0.4020857428126549,67.3076923076923,NET_LONG,NEUTRAL,False,121180,552547,-431367,-18.85599934606553,-12027.0,-0.9863449112875321,-1.0142369998865655,23.076923076923077,NET_SHORT,LOW,False,389653,418607,-28954,-1.2656429561509837,33031.0,0.09193703265790687,0.09215620963602313,51.92307692307693,NET_SHORT,NEUTRAL,False,98725,109249,-10524,243856,236759,7097,-26836.0,52,26,True,True,False,False
13874A,E-MINI S&P 500,2022-12-13,2022-12-20,2477140,960181,472024,488157,19.706476016696676,24409.0,0.5645753644111894,0.32630537304677387,75.0,NET_LONG,HIGH,False,111051,587581,-476530,-19.23710407970482,-45163.0,-1.1718770250166282,-1.0214516147444543,13.461538461538462,NET_SHORT,LOW,False,367698,377170,-9472,-0.38237645026118827,19482.0,0.13369395082032082,0.1418097608900996,55.769230769230774,NET_SHORT,NEUTRAL,False,100224,119775,-19551,279775,262379,17396,189449.0,52,26,True,True,False,False
13874A,E-MINI S&P 500,2022-12-20,2022-12-27,1986847,960291,516312,443979,22.345907863061424,-44178.0,0.320010469728728,0.7412234841633637,63.46153846153846,NET_LONG,NEUTRAL,False,160644,379132,-218488,-10.996719928610506,258042.0,0.16527602591609106,-0.014460074378475754,57.692307692307686,NET_SHORT,NEUTRAL,False,180422,372964,-192542,-9.690831755037001,-183070.0,-0.5624403295342091,-0.6734783044525529,26.923076923076923,NET_SHORT,NEUTRAL,False,115664,147646,-31982,233471,234438,-967,-490293.0,52,26,True,True,False,False
13874A,E-MINI S&P 500,2022-12-27,2023-01-03,1961310,954670,508391,446279,22.754128618117484,2300.0,0.39054859238852924,0.8626334865199273,65.38461538461539,NET_LONG,NEUTRAL,False,142921,389695,-246774,-12.58210073879193,-28286.0,0.03420503279454722,-0.18813102141272392,55.769230769230774,NET_SHORT,NEUTRAL,False,192605,348359,-155754,-7.941324930786056,36788.0,-0.45718174966573755,-0.5545279867559406,30.76923076923077,NET_SHORT,NEUTRAL,False,110132,149178,-39046,224876,229581,-4705,-25537.0,52,26,True,True,False,False
13874A,E-MINI S&P 500,2023-01-03,2023-01-10,2010996,944237,507776,436461,21.703722931323583,-9818.0,0.38294485075022394,0.7669542155929767,61.53846153846154,NET_LONG,NEUTRAL,False,155431,431645,-276214,-13.73518395859564,-29440.0,-0.10174028927173508,-0.3082377689989014,50.0,NET_SHORT,NEUTRAL,False,215840,331274,-115434,-5.740140706396233,40320.0,-0.33741377010683915,-0.39470759415830947,34.61538461538461,NET_SHORT,NEUTRAL,False,126447,172009,-45562,232853,232104,749,49686.0,52,26,True,True,False,False
13874A,E-MINI S&P 500,2023-01-10,2023-01-17,2032566,948612,485521,463091,22.783565207722653,26630.0,0.6531744314038129,1.0171517269610852,71.15384615384616,NET_LONG,NEUTRAL,False,150277,465602,-315325,-15.513641377450964,-39111.0,-0.28322374762556785,-0.49987194498744614,46.15384615384615,NET_SHORT,NEUTRAL,False,242102,356212,-114110,-5.614085840262997,1324.0,-0.37151388711668776,-0.42359996673634964,34.61538461538461,NET_SHORT,NEUTRAL,False,121764,165661,-43897,236946,226705,10241,21570.0,52,26,True,True,False,False
13874A,E-MINI S&P 500,2023-01-17,2023-01-24,2056472,973948,444676,529272,25.736893086801082,66181.0,1.267320292901774,1.5897293811907667,90.38461538461539,NET_LONG,HIGH,False,140680,526923,-386243,-18.781826351148958,-70918.0,-0.6283047940243667,-0.8696635851482616,36.53846153846153,NET_SHORT,NEUTRAL,False,264856,374186,-109330,-5.316386510489809,4780.0,-0.4036717776033388,-0.4479792398635328,34.61538461538461,NET_SHORT,NEUTRAL,False,111806,141160,-29354,234865,239210,-4345,23906.0,52,26,True,True,False,False
13874A,E-MINI S&P 500,2023-01-24,2023-01-31,2024437,957411,426159,531252,26.241962580213656,1980.0,1.3468571628915353,1.6912762849554086,92.3076923076923,NET_LONG,HIGH,False,141156,516329,-375173,-18.532214141511936,11070.0,-0.5397824357089098,-0.8118650319177505,38.46153846153847,NET_SHORT,NEUTRAL,False,239531,362472,-122941,-6.072848895767071,-13611.0,-0.5328468058089866,-0.5913592918148686,26.923076923076923,NET_SHORT,NEUTRAL,False,102874,142238,-39364,244122,237896,6226,-32035.0,52,26,True,True,False,False
13874A,E-MINI S&P 500,2023-01-31,2023-02-07,2061419,949084,375133,573951,27.842520128125336,42699.0,1.7539283444805447,1.9709824727678598,100.0,NET_LONG,EXTREME_HIGH,True,144395,540657,-396262,-19.222778096059074,-21089.0,-0.627868250184498,-0.8719872105682244,32.69230769230769,NET_SHORT,NEUTRAL,False,254127,395107,-140980,-6.838978393038969,-18039.0,-0.6776639196949537,-0.7355712178340099,23.076923076923077,NET_SHORT,LOW,False,112612,136792,-24180,245628,258157,-12529,36982.0,52,26,True,True,False,False
13874A,E-MINI S&P 500,2023-02-07,2023-02-14,2053086,943852,380377,563475,27.445270193260292,-10476.0,1.6600484760575316,1.8678783919083135,98.07692307692307,NET_LONG,EXTREME_HIGH,True,137027,529353,-392326,-19.10908749073346,3936.0,-0.576368616706977,-0.8302525794937506,36.53846153846153,NET_SHORT,NEUTRAL,False,271202,404295,-133093,-6.48258280461705,7887.0,-0.7000772317595291,-0.7600287472236447,23.076923076923077,NET_SHORT,LOW,False,107410,148135,-40725,245810,243141,2669,-8333.0,52,26,True,True,False,False
13874A,E-MINI S&P 500,2023-02-14,2023-02-21,2076347,957350,392416,564934,27.2080726391109,1459.0,1.6457184525495143,1.774923453788369,98.07692307692307,NET_LONG,EXTREME_HIGH,True,129049,542436,-413387,-19.909340779744426,-21061.0,-0.6732125129713671,-0.9132278416403561,30.76923076923077,NET_SHORT,NEUTRAL,False,288669,381794,-93125,-4.485040313589202,39968.0,-0.5560485734124269,-0.5873130900124525,36.53846153846153,NET_SHORT,NEUTRAL,False,98738,152479,-53741,258791,263472,-4681,23261.0,52,26,True,True,False,False
13874A,E-MINI S&P 500,2023-02-21,2023-02-28,2074486,957697,412608,545089,26.275858212588567,-19845.0,1.4537187421915518,1.568382719798454,92.3076923076923,NET_LONG,HIGH,False,143931,498746,-354815,-17.10375485782984,58572.0,-0.2771362381369471,-0.4844320448668442,48.07692307692308,NET_SHORT,NEUTRAL,False,283507,385229,-101722,-4.903479705334237,-8597.0,-0.6641801186880664,-0.6969054757739198,34.61538461538461,NET_SHORT,NEUTRAL,False,92898,174588,-81690,251654,258516,-6862,-1861.0,52,26,True,True,False,False
13874A,E-MINI S&P 500,2023-02-28,2023-03-07,2113159,956015,457970,498045,23.568742342625427,-47044.0,1.0442533239506007,1.094116834160098,82.6923076923077,NET_LONG,HIGH,False,168441,467359,-298918,-14.14555175450593,55897.0,0.12488139579272062,-0.0007709284004328163,59.61538461538461,NET_SHORT,NEUTRAL,False,301559,408946,-107387,-5.081822995808645,-5665.0,-0.7300544049078381,-0.7503446621021529,30.76923076923077,NET_SHORT,NEUTRAL,False,91634,182399,-90765,249233,250208,-975,38673.0,52,26,True,True,False,False
13874A,E-MINI S&P 500,2023-03-07,2023-03-14,2133169,959636,437632,522004,24.470822518047093,23959.0,1.213098052560114,1.2020299938372776,84.61538461538461,NET_LONG,HIGH,False,148976,453166,-304190,-14.260004715988279,-5272.0,0.13779970318333903,0.027706558307525105,59.61538461538461,NET_SHORT,NEUTRAL,False,305715,381938,-76223,-3.5732283752482807,31164.0,-0.598335958973448,-0.5954011605547991,46.15384615384615,NET_SHORT,NEUTRAL,False,96629,210025,-113396,234093,262288,-28195,20010.0,52,26,True,True,False,False
13874A,E-MINI S&P 500,2023-03-14,2023-03-21,2550984,972082,480887,491195,19.255118809055645,-30809.0,0.94330875331413,0.34892680147830096,78.84615384615384,NET_LONG,HIGH,False,151693,403962,-252269,-9.889085937034494,51921.0,0.5537662634727238,0.8068967609809475,73.07692307692307,NET_SHORT,NEUTRAL,False,300672,366592,-65920,-2.5841008802877634,10303.0,-0.5742378123413163,-0.49569429716762275,46.15384615384615,NET_SHORT,NEUTRAL,False,88258,197879,-109621,314831,378216,-63385,417815.0,52,26,True,True,False,False
13874A,E-MINI S&P 500,2023-03-21,2023-03-28,2149005,978935,502773,476162,22.157323970860933,-15033.0,0.830220694185023,0.8318459784861321,73.07692307692307,NET_LONG,NEUTRAL,False,81745,543444,-461699,-21.484314834074375,-209430.0,-0.952446048450792,-1.1438833483830555,17.307692307692307,NET_SHORT,LOW,False,442055,300594,141461,6.582627774249013,207381.0,0.5936677017367362,0.6707139819466166,69.23076923076923,NET_LONG,NEUTRAL,False,96406,188355,-91949,205770,269745,-63975,-401979.0,52,26,True,True,False,False
13874A,E-MINI S&P 500,2023-03-28,2023-04-04,2142232,950025,520869,429156,20.033124330137912,-47006.0,0.46994638857982707,0.5159172914216236,59.61538461538461,NET_LONG,NEUTRAL,False,87408,537831,-450423,-21.02587394829318,11276.0,-0.8416766707949125,-1.0305499452717477,23.076923076923077,NET_SHORT,LOW,False,462636,276404,186232,8.693362810377215,44771.0,0.8199267601868588,0.9106597826472046,73.07692307692307,NET_LONG,NEUTRAL,False,93916,212559,-118643,208519,254841,-46322,-6773.0,52,26,True,True,False,False
13874A,E-MINI S&P 500,2023-04-04,2023-04-11,2219512,932491,440912,491579,22.14806678224763,62423.0,1.015563944245225,0.8873492594744495,84.61538461538461,NET_LONG,HIGH,False,92516,658328,-565812,-25.492630812538973,-115389.0,-1.599609615744166,-1.6924425612225156,3.8461538461538463,NET_SHORT,EXTREME_LOW,True,478459,303116,175343,7.900069925280873,-10889.0,0.727279629251578,0.7762048572370185,69.23076923076923,NET_LONG,NEUTRAL,False,67572,208669,-141097,300962,260975,39987,77280.0,52,26,True,True,False,False
13874A,E-MINI S&P 500,2023-04-11,2023-04-18,2248469,973635,438455,535180,23.80197369854777,43601.0,1.3651387866667855,1.1542442826882915,92.3076923076923,NET_LONG,HIGH,False,119080,649998,-530918,-23.612422497263694,34894.0,-1.3089096379808722,-1.340574748318288,5.769230769230769,NET_SHORT,LOW,False,478369,313635,164734,7.32649638487344,-10609.0,0.6361725643543158,0.6711898994883055,65.38461538461539,NET_LONG,NEUTRAL,False,96836,231432,-134596,227253,261653,-34400,28957.0,52,26,True,True,False,False
13874A,E-MINI S&P 500,2023-04-18,2023-04-25,2278321,1026352,434887,591465,25.960564819443793,56285.0,1.777950867076634,1.4803403165139317,100.0,NET_LONG,EXTREME_HIGH,True,119603,666899,-547296,-24.02190033801207,-16378.0,-1.379614743233242,-1.3625230448594678,5.769230769230769,NET_SHORT,LOW,False,445296,321508,123788,5.433299346316871,-40946.0,0.369639759394796,0.39393319997420884,57.692307692307686,NET_LONG,NEUTRAL,False,86887,239271,-152384,241651,257224,-15573,29852.0,52,26,True,True,False,False
13874A,E-MINI S&P 500,2023-04-25,2023-05-02,2265794,1029554,445080,584474,25.795548933398184,-6991.0,1.6397406342381629,1.39603606219717,98.07692307692307,NET_LONG,EXTREME_HIGH,True,142442,617508,-475066,-20.966866361196118,72230.0,-0.8397759499630635,-0.8368431946171533,21.153846153846153,NET_SHORT,LOW,False,408670,350193,58477,2.580861278651104,-65311.0,-0.04746524985064127,-0.017594875347868594,51.92307692307693,NET_LONG,NEUTRAL,False,88519,233031,-144512,240239,263612,-23373,-12527.0,52,26,True,True,False,False
13874A,E-MINI S&P 500,2023-05-02,2023-05-09,2276183,1024702,431620,593082,26.05598934707798,8608.0,1.6299141404471984,1.3821485734387557,100.0,NET_LONG,EXTREME_HIGH,True,134979,602843,-467864,-20.5547620731725,7202.0,-0.7593540964800437,-0.7388711345495405,25.0,NET_SHORT,LOW,False,432791,353084,79707,3.501783468200931,21230.0,0.060578812062499585,0.08781622588347134,53.84615384615385,NET_LONG,NEUTRAL,False,84883,263952,-179069,243600,269456,-25856,10389.0,52,26,True,True,False,False
13874A,E-MINI S&P 500,2023-05-09,2023-05-16,2296259,1022048,425230,596818,25.990883432574464,3736.0,1.5821253871612968,1.3155821586607521,100.0,NET_LONG,EXTREME_HIGH,True,138545,651848,-513303,-22.353880812225448,-45439.0,-1.1340864737133225,-1.0878721018574964,13.461538461538462,NET_SHORT,LOW,False,436822,340581,96241,4.191208395917012,16534.0,0.1378367177362697,0.15946525976832734,55.769230769230774,NET_LONG,NEUTRAL,False,82988,240880,-157892,245569,267433,-21864,20076.0,52,26,True,True,False,False
13874A,E-MINI S&P 500,2023-05-16,2023-05-23,2306298,1044159,431121,613038,26.58104026452783,16220.0,1.6247958598117296,1.3496792549875816,100.0,NET_LONG,EXTREME_HIGH,True,127634,628910,-501276,-21.735092342793514,12027.0,-1.0155415418511664,-0.9500428181915953,19.230769230769234,NET_SHORT,LOW,False,443410,361216,82194,3.563893304334479,-14047.0,0.030040594878275803,0.051481173596345645,51.92307692307693,NET_LONG,NEUTRAL,False,86326,253345,-167019,243607,270544,-26937,10039.0,52,26,True,True,False,False
13874A,E-MINI S&P 500,2023-05-23,2023-05-30,2385936,1050328,422716,627612,26.30464522099503,14574.0,1.6504852818708171,1.2545609619212883,100.0,NET_LONG,EXTREME_HIGH,True,164886,682787,-517901,-21.706407883530822,-16625.0,-1.1471013184120447,-0.9249977879855107,11.538461538461538,NET_SHORT,LOW,False,491690,437143,54547,2.286188732639937,-27647.0,-0.16209299278649297,-0.1471524919282039,42.30769230769231,NET_LONG,NEUTRAL,False,89199,235642,-146443,248726,266541,-17815,79638.0,52,26,True,True,False,False
13874A,E-MINI S&P 500,2023-05-30,2023-06-06,2494943,1044448,416552,627896,25.166747296431218,284.0,1.5760771907175386,1.0423169477108927,100.0,NET_LONG,EXTREME_HIGH,True,185941,716664,-530723,-21.271948898231344,-12822.0,-1.234268556499819,-0.7982509440921107,9.615384615384617,NET_SHORT,LOW,False,567073,492056,75017,3.0067620783320503,20470.0,-0.052287732435424415,-0.0634761978221035,48.07692307692308,NET_LONG,NEUTRAL,False,86767,257569,-170802,257960,259348,-1388,109007.0,52,26,True,True,False,False
13874A,E-MINI S&P 500,2023-06-06,2023-06-13,2500232,1049792,383666,666126,26.64256756972953,38230.0,1.7549103774129757,1.2174836197501107,100.0,NET_LONG,EXTREME_HIGH,True,181871,758002,-576131,-23.043101600171504,-45408.0,-1.6174002790969635,-1.1810073710899565,3.8461538461538463,NET_SHORT,EXTREME_LOW,True,566116,485212,80904,3.2358597122187063,5887.0,-0.028068196531578903,-0.0429910749301143,50.0,NET_LONG,NEUTRAL,False,86036,250925,-164889,259055,265065,-6010,5289.0,52,26,True,True,False,False
13874A,E-MINI S&P 500,2023-06-13,2023-06-20,2907468,1096444,332825,763619,26.264055184786212,97493.0,2.2855616373550154,1.1225877948689233,100.0,NET_LONG,EXTREME_HIGH,True,173084,711649,-538565,-18.523505675728845,37566.0,-1.2290751305058931,-0.04088746810240365,9.615384615384617,NET_SHORT,LOW,False,525580,534204,-8624,-0.2966154743577573,-89528.0,-0.6033944550256114,-0.5536717298175925,34.61538461538461,NET_SHORT,NEUTRAL,False,93528,333327,-239799,331043,307674,23369,407236.0,52,26,True,True,False,False
13874A,E-MINI S&P 500,2023-06-20,2023-06-27,2223815,1117899,319369,798530,35.908112860107515,34911.0,2.3652624712291512,2.4219277471699345,100.0,NET_LONG,EXTREME_HIGH,True,126222,506645,-380423,-17.106773719936236,158142.0,0.4381317440800767,0.3926182716420748,69.23076923076923,NET_SHORT,NEUTRAL,False,345269,563833,-218564,-9.828335540501346,-209940.0,-1.8534047261202315,-1.8341498282314554,1.9230769230769231,NET_SHORT,EXTREME_LOW,True,87673,277768,-190095,243154,252602,-9448,-683653.0,52,26,True,True,False,False
13874A,E-MINI S&P 500,2023-06-27,2023-07-04,2187114,1092669,338708,753961,34.4728715558494,-44569.0,1.9742448787863798,2.0959213372015144,96.15384615384616,NET_LONG,EXTREME_HIGH,True,136200,451823,-315623,-14.431026457697222,64800.0,1.1577262739108556,1.1740047208503737,84.61538461538461,NET_SHORT,HIGH,False,323107,636229,-313122,-14.316674850967988,-94558.0,-2.2679147538215614,-2.28535105014211,1.9230769230769231,NET_SHORT,EXTREME_LOW,True,99639,228252,-128613,238730,235333,3397,-36701.0,52,26,True,True,False,False
13874A,E-MINI S&P 500,2023-07-03,2023-07-10,2211004,1092895,315838,777057,35.14498390776317,23096.0,2.018023141212291,2.07991427888682,98.07692307692307,NET_LONG,EXTREME_HIGH,True,169420,462060,-292640,-13.235616036877365,22983.0,1.3923807286239278,1.5037090238396646,90.38461538461539,NET_SHORT,HIGH,False,307806,644452,-336646,-15.225933557786417,-23524.0,-2.23800207409779,-2.23738117891643,1.9230769230769231,NET_SHORT,EXTREME_LOW,True,86683,235902,-149219,245999,244551,1448,23890.0,52,26,True,True,False,False
13874A,E-MINI S&P 500,2023-07-11,2023-07-18,2209607,1083884,323761,760123,34.40082331382911,-16934.0,1.8243629438101059,1.8833628633049877,94.23076923076923,NET_LONG,HIGH,False,173135,480271,-307136,-13.900028376086787,-14496.0,1.2094167871804582,1.2904840870474426,84.61538461538461,NET_SHORT,HIGH,False,310465,647837,-337372,-15.268416510266306,-726.0,-2.0984096126041436,-2.099022416557077,1.9230769230769231,NET_SHORT,EXTREME_LOW,True,94584,216741,-122157,249227,242685,6542,-1397.0,52,26,True,True,False,False
13874A,E-MINI S&P 500,2023-07-18,2023-07-25,2280677,1123247,303460,819787,35.94489706345966,59664.0,2.077823513886518,1.9907381492140024,100.0,NET_LONG,EXTREME_HIGH,True,174266,559419,-385153,-16.88766098838196,-78017.0,0.36978544693066434,0.44841406669557066,67.3076923076923,NET_SHORT,NEUTRAL,False,314119,675945,-361826,-15.864850656186738,-24454.0,-2.094101281487432,-2.0425784139016825,1.9230769230769231,NET_SHORT,EXTREME_LOW,True,104287,204783,-100496,264046,236358,27688,71070.0,52,26,True,True,False,False
13874A,E-MINI S&P 500,2023-07-25,2023-08-01,2243361,1122082,319776,802306,35.763570820746196,-17481.0,1.8681572522420833,1.8650164292532774,98.07692307692307,NET_LONG,EXTREME_HIGH,True,157662,560994,-403332,-17.978916456156632,-18179.0,0.16617697290527095,0.13597387870416228,55.769230769230774,NET_SHORT,NEUTRAL,False,297103,643503,-346400,-15.441117145212027,15426.0,-1.9021342219373167,-1.8835568956335973,3.8461538461538463,NET_SHORT,EXTREME_LOW,True,108898,178674,-69776,258370,241168,17202,-37316.0,52,26,True,True,False,False
13874A,E-MINI S&P 500,2023-08-01,2023-08-08,2241749,1124571,304219,820352,36.594284195063764,18046.0,1.870702511936949,1.8714728089403747,100.0,NET_LONG,EXTREME_HIGH,True,147697,530202,-382505,-17.062793381417812,20827.0,0.3652561337037024,0.3683228784990987,67.3076923076923,NET_SHORT,NEUTRAL,False,308191,672712,-364521,-16.260562623201793,-18121.0,-1.8931236963472158,-1.877965386135943,1.9230769230769231,NET_SHORT,EXTREME_LOW,True,92394,180465,-88071,261321,246576,14745,-1612.0,52,26,True,True,False,False
13874A,E-MINI S&P 500,2023-08-08,2023-08-15,2221709,1093720,319370,774350,34.85379948499106,-46002.0,1.5337336792084295,1.573385920614891,90.38461538461539,NET_LONG,HIGH,False,171013,498539,-327526,-14.742074682147843,54979.0,0.9187666046680113,0.9819013271523226,78.84615384615384,NET_SHORT,HIGH,False,314024,690521,-376497,-16.946278743075712,-11976.0,-1.8664157651065063,-1.8682533818351568,1.9230769230769231,NET_SHORT,EXTREME_LOW,True,84662,174664,-90002,261201,241526,19675,-20040.0,52,26,True,True,False,False
13874A,E-MINI S&P 500,2023-08-15,2023-08-22,2220084,1103269,323742,779527,35.112500247738375,5177.0,1.4939045726996432,1.5341361393677795,92.3076923076923,NET_LONG,HIGH,False,146415,442447,-296032,-13.334270234819945,31494.0,1.2249631028960561,1.3446120971727378,88.46153846153845,NET_SHORT,HIGH,False,312841,705619,-392778,-17.692033274416644,-16281.0,-1.8697931775933716,-1.8718753351219115,1.9230769230769231,NET_SHORT,EXTREME_LOW,True,94310,207288,-112978,263621,241360,22261,-1625.0,52,26,True,True,False,False
13874A,E-MINI S&P 500,2023-08-22,2023-08-29,2232226,1108490,353508,754982,33.82193380060979,-24545.0,1.300038307161478,1.3154532927517502,82.6923076923077,NET_LONG,HIGH,False,120216,452038,-331822,-14.865071905801653,-35790.0,0.7984933799059939,0.869053014725429,75.0,NET_SHORT,HIGH,False,313195,704606,-391411,-17.53455967272131,1367.0,-1.7884282782383323,-1.7794044598808707,3.8461538461538463,NET_SHORT,EXTREME_LOW,True,138745,202082,-63337,265846,234258,31588,12142.0,52,26,True,True,False,False
13874A,E-MINI S&P 500,2023-08-29,2023-09-05,2267572,1094797,339390,755407,33.31347361847827,425.0,1.2519044383748246,1.2038004635817987,82.6923076923077,NET_LONG,HIGH,False,138068,491791,-353723,-15.599195968198584,-21901.0,0.5299186100696168,0.6287101556536494,67.3076923076923,NET_SHORT,NEUTRAL,False,330693,700108,-369415,-16.291213685827838,21996.0,-1.61940712382176,-1.5827078292276668,7.6923076923076925,NET_SHORT,LOW,False,146307,196813,-50506,255605,237368,18237,35346.0,52,26,True,True,False,False
13874A,E-MINI S&P 500,2023-09-05,2023-09-12,2259160,1107940,327801,780139,34.53225977797057,24732.0,1.341270999852616,1.3105084686149868,92.3076923076923,NET_LONG,HIGH,False,126248,461550,-335302,-14.84188813541316,18421.0,0.7090310627280539,0.8195964053488453,73.07692307692307,NET_SHORT,NEUTRAL,False,323519,721271,-397752,-17.606189911294464,-28337.0,-1.6981982727442646,-1.6689087548656631,1.9230769230769231,NET_SHORT,EXTREME_LOW,True,133559,201288,-67729,256870,236226,20644,-8412.0,52,26,True,True,False,False
13874A,E-MINI S&P 500,2023-09-12,2023-09-19,2520164,1098908,317610,781298,31.00187130678797,1159.0,1.2969793577730242,0.8294087267150867,92.3076923076923,NET_LONG,HIGH,False,176348,426460,-250112,-9.924433489249113,85190.0,1.5898393243381768,2.102608780296412,96.15384615384616,NET_SHORT,EXTREME_HIGH,True,278270,753555,-475285,-18.85928852249298,-77533.0,-2.014189061626066,-1.7495586331346178,1.9230769230769231,NET_SHORT,EXTREME_LOW,True,123171,208360,-85189,286894,257606,29288,261004.0,52,26,True,True,False,False
13874A,E-MINI S&P 500,2023-09-19,2023-09-26,2097946,1165542,301861,863681,41.167932825725735,82383.0,1.690092822206432,2.03286214394579,100.0,NET_LONG,EXTREME_HIGH,True,98445,418743,-320298,-15.267218508007355,-70186.0,0.8040030441413569,0.6075074367757202,75.0,NET_SHORT,HIGH,False,250328,690924,-440596,-21.001303179395467,34689.0,-1.7625570580557703,-1.8988206292425718,3.8461538461538463,NET_SHORT,EXTREME_LOW,True,82954,200071,-117117,242742,228412,14330,-422218.0,52,26,True,True,False,False
13874A,E-MINI S&P 500,2023-09-26,2023-10-03,2137648,1104973,345475,759498,35.52961011354536,-104183.0,1.074199983718243,1.2836406869634336,76.92307692307693,NET_LONG,HIGH,False,154815,438427,-283612,-13.26747902367462,36686.0,1.2070899002557756,1.1689402209480924,90.38461538461539,NET_SHORT,HIGH,False,254675,692069,-437394,-20.461460446247465,3202.0,-1.669888936748025,-1.754780890241773,5.769230769230769,NET_SHORT,LOW,False,102859,165010,-62151,251580,227921,23659,39702.0,52,26,True,True,False,False
13874A,E-MINI S&P 500,2023-10-03,2023-10-10,2138034,1074903,378766,696137,32.55967865805689,-63361.0,0.6821412623278642,0.8751921692160097,69.23076923076923,NET_LONG,NEUTRAL,False,136277,399246,-262969,-12.299570540038186,20643.0,1.3954993298982368,1.4024314691892692,92.3076923076923,NET_SHORT,HIGH,False,249209,687290,-438081,-20.489898663912733,-687.0,-1.603891197304979,-1.682136908096908,5.769230769230769,NET_SHORT,LOW,False,151348,173555,-22207,252547,225427,27120,386.0,52,26,True,True,False,False
13874A,E-MINI S&P 500,2023-10-10,2023-10-17,2073930,1068283,401361,666922,32.15740164807877,-29215.0,0.4767945967046485,0.8019288315238244,67.3076923076923,NET_LONG,NEUTRAL,False,116734,401557,-284823,-13.733491487176519,-21854.0,1.13356130810582,0.9945734674451372,86.53846153846155,NET_SHORT,HIGH,False,256966,607897,-350931,-16.92106290954854,87150.0,-1.1417137165586726,-1.2514222621106161,23.076923076923077,NET_SHORT,LOW,False,118888,175075,-56187,241080,216061,25019,-64104.0,52,26,True,True,False,False
13874A,E-MINI S&P 500,2023-10-17,2023-10-24,2112419,1078968,406798,672170,31.81991830219289,5248.0,0.4812338459860443,0.7324920831920344,67.3076923076923,NET_LONG,NEUTRAL,False,119552,380190,-260638,-12.33836658352344,24185.0,1.3383292873843045,1.3238667953604581,92.3076923076923,NET_SHORT,HIGH,False,266853,625759,-358906,-16.990284597894643,-7975.0,-1.1433141054383449,-1.2183311626337971,23.076923076923077,NET_SHORT,LOW,False,130436,203130,-72694,242291,222223,20068,38489.0,52,26,True,True,False,False
13874A,E-MINI S&P 500,2023-10-24,2023-10-31,2158452,1064135,453421,610714,28.294073715792617,-61456.0,0.02294380309843488,0.15976033982885282,55.769230769230774,NET_LONG,NEUTRAL,False,167078,362922,-195844,-9.073354422521325,64794.0,1.9067530943852513,2.0609959914739813,100.0,NET_SHORT,EXTREME_HIGH,True,252603,646579,-393976,-18.252710738992576,-35070.0,-1.2737113052753946,-1.311246085310896,11.538461538461538,NET_SHORT,LOW,False,158169,203614,-45445,248407,223856,24551,46033.0,52,26,True,True,False,False
13874A,E-MINI S&P 500,2023-10-31,2023-11-07,2174689,1072921,468725,604196,27.78309910060703,-6518.0,-0.06486301569784021,0.036781505438638944,53.84615384615385,NET_LONG,NEUTRAL,False,153257,384410,-231153,-10.62924399764748,-35309.0,1.4814059558810224,1.5888319846435222,96.15384615384616,NET_SHORT,EXTREME_HIGH,True,247609,652081,-404472,-18.59907324679529,-10496.0,-1.2735295041103618,-1.2955946332012522,9.615384615384617,NET_SHORT,LOW,False,175073,173283,1790,260265,230626,29639,16237.0,52,26,True,True,False,False
13874A,E-MINI S&P 500,2023-11-07,2023-11-14,2177947,1089848,420130,669718,30.749967744853297,65522.0,0.3893936937157329,0.5049161705486197,65.38461538461539,NET_LONG,NEUTRAL,False,172654,445499,-272845,-12.52762349129708,-41692.0,1.0314318754917773,1.0792029055077692,84.61538461538461,NET_SHORT,HIGH,False,251150,647684,-396534,-18.20677913649873,7938.0,-1.1865056375311616,-1.2039161518191466,13.461538461538462,NET_SHORT,LOW,False,154480,172896,-18416,254929,236852,18077,3258.0,52,26,True,True,False,False
13874A,E-MINI S&P 500,2023-11-14,2023-11-21,2192899,1085968,388978,696990,31.783953570137065,27272.0,0.5718433303710189,0.6576213481022817,69.23076923076923,NET_LONG,NEUTRAL,False,180185,471217,-291032,-13.27156426264958,-18187.0,0.8190253862535221,0.8613557689486678,76.92307692307693,NET_SHORT,HIGH,False,261903,675210,-413307,-18.847516461086443,-16773.0,-1.21996917611338,-1.2243305915814895,9.615384615384617,NET_SHORT,LOW,False,134460,168887,-34427,262981,221205,41776,14952.0,52,26,True,True,False,False
13874A,E-MINI S&P 500,2023-11-21,2023-11-28,2240214,1131708,373285,758423,33.85493528743236,61433.0,1.0204107840961631,0.9965199557014072,75.0,NET_LONG,HIGH,False,164024,475070,-311046,-13.884655662360828,-20014.0,0.5972106055596345,0.6843595014948349,65.38461538461539,NET_SHORT,NEUTRAL,False,288288,717964,-429676,-19.180131898113306,-16369.0,-1.2488868528680839,-1.2110571794101614,9.615384615384617,NET_SHORT,LOW,False,115121,178931,-63810,262212,216103,46109,47315.0,52,26,True,True,False,False
13874A,E-MINI S&P 500,2023-11-28,2023-12-05,2279894,1158760,367503,791257,34.70586790438503,32834.0,1.233794774566047,1.1115314440815545,90.38461538461539,NET_LONG,HIGH,False,174618,493262,-318644,-13.97626380875602,-7598.0,0.5026546313820707,0.6402705845997267,59.61538461538461,NET_SHORT,NEUTRAL,False,277160,709009,-431849,-18.94162623350033,-2173.0,-1.210590305126264,-1.1402483188591812,9.615384615384617,NET_SHORT,LOW,False,123809,207641,-83832,258805,215737,43068,39680.0,52,26,True,True,False,False
13874A,E-MINI S&P 500,2023-12-05,2023-12-12,2314400,1162337,346619,815718,35.24533356377463,24461.0,1.3751289133242122,1.1703999368531104,94.23076923076923,NET_LONG,HIGH,False,160354,513778,-353424,-15.270653301071551,-34780.0,0.1439687288253824,0.3049091346073781,50.0,NET_SHORT,NEUTRAL,False,295918,754635,-458717,-19.820126166609057,-26868.0,-1.286127727745458,-1.1863757086619275,3.8461538461538463,NET_SHORT,EXTREME_LOW,True,103833,154766,-50933,261634,214278,47356,34506.0,52,26,True,True,False,False
13874A,E-MINI S&P 500,2023-12-12,2023-12-19,2670454,1149493,324579,824914,30.890402905273785,9196.0,1.3911651703363705,0.3266270281460034,98.07692307692307,NET_LONG,EXTREME_HIGH,True,186308,552599,-366291,-13.716431737824356,-12867.0,-0.0049912282709040886,0.6627133739749472,44.230769230769226,NET_SHORT,NEUTRAL,False,348874,782317,-433443,-16.231060336557004,25274.0,-1.120554602001375,-0.7729787936083292,11.538461538461538,NET_SHORT,LOW,False,91192,159960,-68768,306616,263028,43588,356054.0,52,26,True,True,False,False
13874A,E-MINI S&P 500,2023-12-19,2023-12-26,2156203,1175882,293512,882370,40.92239923606451,57456.0,1.772247259745804,2.123792557401677,100.0,NET_LONG,EXTREME_HIGH,True,156388,463920,-307532,-14.262664507933623,58759.0,0.6139061646645763,0.5513712971411658,67.3076923076923,NET_SHORT,NEUTRAL,False,245994,790896,-544902,-25.271368233881503,-111459.0,-1.5784340914237647,-1.6592471492866716,1.9230769230769231,NET_SHORT,EXTREME_LOW,True,89323,191216,-101893,255950,183993,71957,-514251.0,52,26,True,True,False,False
13874A,E-MINI S&P 500,2023-12-26,2024-01-02,2155313,1153609,275236,878373,40.75384874493867,-3997.0,1.675024527133786,1.9797061323731893,98.07692307692307,NET_LONG,EXTREME_HIGH,True,146137,501132,-354995,-16.470693583716148,-47463.0,0.15162854298398204,0.016636965186998986,46.15384615384615,NET_SHORT,NEUTRAL,False,272763,815340,-542577,-25.17393065415557,2325.0,-1.4997110929183342,-1.5752586043933392,3.8461538461538463,NET_SHORT,EXTREME_LOW,True,95057,147531,-52474,261060,189387,71673,-890.0,52,26,True,True,False,False
13874A,E-MINI S&P 500,2024-01-02,2024-01-09,2221215,1218405,263482,954923,42.99102068012326,76550.0,2.1693055976173583,2.2452689363066636,100.0,NET_LONG,EXTREME_HIGH,True,148510,538311,-389801,-17.548999083834747,-34806.0,-0.18901419015669055,-0.23876344986657103,34.61538461538461,NET_SHORT,NEUTRAL,False,256034,848860,-592826,-26.68926691022706,-50249.0,-1.6438818377934543,-1.6450218350235488,1.9230769230769231,NET_SHORT,EXTREME_LOW,True,94689,153727,-59038,270320,183578,86742,65902.0,52,26,True,True,False,False
13874A,E-MINI S&P 500,2024-01-09,2024-01-16,2209328,1194090,266029,928061,42.00648341939268,-26862.0,1.8755256796997888,1.9627596637476332,98.07692307692307,NET_LONG,EXTREME_HIGH,True,157671,470186,-312515,-14.145251406762599,77286.0,0.620479393774544,0.6179662039755314,67.3076923076923,NET_SHORT,NEUTRAL,False,213291,897201,-683910,-30.95556657952101,-91084.0,-1.9283773926069252,-1.9453063842127232,1.9230769230769231,NET_SHORT,EXTREME_LOW,True,107756,140946,-33190,278896,177342,101554,-11887.0,52,26,True,True,False,False
13874A,E-MINI S&P 500,2024-01-16,2024-01-23,2217057,1189628,262325,927303,41.82585292123748,-758.0,1.7790443941045775,1.828447330808553,96.15384615384616,NET_LONG,EXTREME_HIGH,True,152279,450958,-298679,-13.471868337169498,13836.0,0.7439393310376278,0.7607340073287783,76.92307692307693,NET_SHORT,HIGH,False,218844,855548,-636704,-28.71843168669096,47206.0,-1.6428412386974012,-1.6479835507612868,3.8461538461538463,NET_SHORT,EXTREME_LOW,True,112240,170972,-58732,263465,196653,66812,7729.0,52,26,True,True,False,False
13874A,E-MINI S&P 500,2024-01-23,2024-01-30,2271312,1190608,278354,912254,40.16418704255514,-15049.0,1.5923218984478902,1.4797686475685643,94.23076923076923,NET_LONG,HIGH,False,178471,571094,-392623,-17.286176447797573,-93944.0,-0.23189090955061112,-0.2099671389003039,32.69230769230769,NET_SHORT,NEUTRAL,False,248373,837700,-589327,-25.946545432771895,47377.0,-1.384751937111648,-1.3341236201235525,7.6923076923076925,NET_SHORT,LOW,False,135870,144512,-8642,262519,184181,78338,54255.0,52,26,True,True,False,False
13874A,E-MINI S&P 500,2024-01-30,2024-02-06,2308955,1210061,240569,969492,41.988345377021204,57238.0,1.910916520780231,1.6932264649377065,100.0,NET_LONG,EXTREME_HIGH,True,175813,605349,-429536,-18.603047699067325,-36913.0,-0.6080987911852956,-0.5476333859071799,26.923076923076923,NET_SHORT,NEUTRAL,False,260951,870023,-609072,-26.37868646205751,-19745.0,-1.4037059450837792,-1.3184406752206819,5.769230769230769,NET_SHORT,LOW,False,138720,153372,-14652,264947,181179,83768,37643.0,52,26,True,True,False,False
13874A,E-MINI S&P 500,2024-02-06,2024-02-13,2297385,1179498,263480,916018,39.872202525915334,-53474.0,1.455585706946994,1.2959443396749992,92.3076923076923,NET_LONG,HIGH,False,164837,575928,-411091,-17.893866287104686,18445.0,-0.412212244700883,-0.3747307944282246,30.76923076923077,NET_SHORT,NEUTRAL,False,288314,858314,-570000,-24.81081751643717,39072.0,-1.1985154821074142,-1.1336856222762477,11.538461538461538,NET_SHORT,LOW,False,149042,155093,-6051,255799,184675,71124,-11570.0,52,26,True,True,False,False
13874A,E-MINI S&P 500,2024-02-13,2024-02-20,2338964,1181559,243719,937840,40.096384553161144,21822.0,1.5426639540582392,1.2779550733584701,96.15384615384616,NET_LONG,EXTREME_HIGH,True,178596,558063,-379467,-16.223721271468907,31624.0,-0.09095434095619945,0.032714244061665065,42.30769230769231,NET_SHORT,NEUTRAL,False,298695,870703,-572008,-24.455613681954915,-2008.0,-1.1598967121987527,-1.0608067192596138,11.538461538461538,NET_SHORT,LOW,False,131027,180658,-49631,254739,191473,63266,41579.0,52,26,True,True,False,False
13874A,E-MINI S&P 500,2024-02-20,2024-02-27,2322953,1177894,232595,945299,40.693849595751615,7459.0,1.529409835878789,1.3164281562204525,96.15384615384616,NET_LONG,EXTREME_HIGH,True,150382,567646,-417264,-17.962653570692133,-37797.0,-0.4705243576171057,-0.40873525416329604,28.846153846153843,NET_SHORT,NEUTRAL,False,295614,853963,-558349,-24.036172922999302,13659.0,-1.0644735140918509,-0.9860323655344297,15.384615384615385,NET_SHORT,LOW,False,125677,170540,-44863,262112,186935,75177,-16011.0,52,26,True,True,False,False
13874A,E-MINI S&P 500,2024-02-27,2024-03-05,2344340,1174746,234504,940242,40.10689575744132,-5057.0,1.442397886474326,1.180327265137156,94.23076923076923,NET_LONG,HIGH,False,167174,601419,-434245,-18.52312377897404,-16981.0,-0.620881303755966,-0.5310160122908849,26.923076923076923,NET_SHORT,NEUTRAL,False,267234,841648,-574414,-24.5021626555875,-16065.0,-1.0848208476318348,-0.9890880800643628,11.538461538461538,NET_SHORT,LOW,False,143024,157616,-14592,263456,180447,83009,21387.0,52,26,True,True,False,False
13874A,E-MINI S&P 500,2024-03-05,2024-03-12,2377697,1156741,238575,918166,38.615769797413215,-22076.0,1.240986355507892,0.9102919926160099,86.53846153846155,NET_LONG,HIGH,False,182711,589572,-406861,-17.111557948720968,27384.0,-0.3170264135932219,-0.1555054696342646,34.61538461538461,NET_SHORT,NEUTRAL,False,289467,828615,-539148,-22.675218919820313,35266.0,-0.9119876525581012,-0.7977064439399552,23.076923076923077,NET_SHORT,LOW,False,122735,178656,-55921,264593,180829,83764,33357.0,52,26,True,True,False,False
13874A,E-MINI S&P 500,2024-03-12,2024-03-19,2678339,1145027,231230,913797,34.11804853679837,-4369.0,1.1747200972610623,0.15893444863321673,82.6923076923077,NET_LONG,HIGH,False,154540,648540,-494000,-18.444267137207053,-87139.0,-1.1816841031107914,-0.46837190474586626,19.230769230769234,NET_SHORT,LOW,False,284186,779707,-495521,-18.50105606497161,43627.0,-0.712737057690561,-0.40855057007461293,25.0,NET_SHORT,LOW,False,131349,153721,-22372,291700,193604,98096,300642.0,52,26,True,True,False,False
13874A,E-MINI S&P 500,2024-03-19,2024-03-26,2094749,1165042,218214,946828,45.2000693161806,33031.0,1.3832198667686035,1.9221000062128502,96.15384615384616,NET_LONG,EXTREME_HIGH,True,113148,546018,-432870,-20.664528303868387,61130.0,-0.549632134266192,-1.0642407649791152,28.846153846153843,NET_SHORT,NEUTRAL,False,196084,819167,-623083,-29.744995701155602,-127562.0,-1.174139471521923,-1.3582623703937056,5.769230769230769,NET_SHORT,LOW,False,146935,121878,25057,261988,177920,84068,-583590.0,52,26,True,True,False,False
13874A,E-MINI S&P 500,2024-03-26,2024-04-02,2110848,1162684,210053,952631,45.130250970226186,5803.0,1.414859512501403,1.862038023494616,96.15384615384616,NET_LONG,EXTREME_HIGH,True,116925,573436,-456511,-21.62690065793463,-23641.0,-0.7961971273031974,-1.3116708582526788,25.0,NET_SHORT,LOW,False,211484,806878,-595394,-28.206389091019346,27689.0,-1.0370315631659675,-1.192607051186888,9.615384615384617,NET_SHORT,LOW,False,139231,134667,4564,270954,176244,94710,16099.0,52,26,True,True,False,False
13874A,E-MINI S&P 500,2024-04-02,2024-04-09,2089222,1138129,203752,934377,44.723681829886914,-18254.0,1.2471045939914178,1.7390381808490563,86.53846153846155,NET_LONG,HIGH,False,150124,518587,-368463,-17.63637373146559,88048.0,0.09222376498084504,-0.31321127540375393,50.0,NET_SHORT,NEUTRAL,False,188005,849698,-661693,-31.671741921155338,-66299.0,-1.2807990385134955,-1.4786249653842913,3.8461538461538463,NET_SHORT,EXTREME_LOW,True,121028,123983,-2955,275700,176966,98734,-21626.0,52,26,True,True,False,False
13874A,E-MINI S&P 500,2024-04-09,2024-04-16,2091937,1141909,197268,944641,45.15628338711921,10264.0,1.2981232283719504,1.7479792333686222,90.38461538461539,NET_LONG,HIGH,False,152287,493260,-340973,-16.299391425267586,27490.0,0.36212444349865663,0.022104703576822104,57.692307692307686,NET_SHORT,NEUTRAL,False,161022,887885,-726863,-34.74593164134484,-65170.0,-1.524591515242947,-1.7273726371212204,1.9230769230769231,NET_SHORT,EXTREME_LOW,True,137447,119090,18357,283113,178275,104838,2715.0,52,26,True,True,False,False
13874A,E-MINI S&P 500,2024-04-16,2024-04-23,2100522,1085440,222416,863024,41.08616810488059,-81617.0,0.5854866211866643,1.0158362190871701,65.38461538461539,NET_LONG,NEUTRAL,False,211967,412895,-200928,-9.565622259609755,140045.0,1.8646990446005685,1.9262345570021273,98.07692307692307,NET_SHORT,EXTREME_HIGH,True,146338,872199,-725861,-34.55621983487914,1002.0,-1.48781659307573,-1.6670419713545976,3.8461538461538463,NET_SHORT,EXTREME_LOW,True,120276,168740,-48464,286323,174094,112229,8585.0,52,26,True,True,False,False
13874A,E-MINI S&P 500,2024-04-23,2024-04-30,2067890,1086022,244299,841723,40.704437856945965,-21301.0,0.3719887510369771,0.9168720463114269,63.46153846153846,NET_LONG,NEUTRAL,False,185147,391469,-206322,-9.977416593725971,-5394.0,1.7197562474163364,1.7260667350861827,96.15384615384616,NET_SHORT,EXTREME_HIGH,True,162109,858760,-696651,-33.68897765355024,29210.0,-1.323903125743089,-1.5383175931587338,5.769230769230769,NET_SHORT,LOW,False,106519,167542,-61023,288399,166126,122273,-32632.0,52,26,True,True,False,False
13874A,E-MINI S&P 500,2024-04-30,2024-05-07,2006204,1066751,241903,824848,41.11486169900967,-16875.0,0.18946631955105359,0.9562427184516944,59.61538461538461,NET_LONG,NEUTRAL,False,157811,353701,-195890,-9.764211416186988,10432.0,1.7474217315383962,1.7089856768988447,98.07692307692307,NET_SHORT,EXTREME_HIGH,True,146558,829750,-683192,-34.0539646018052,13459.0,-1.238763026809687,-1.5409168926896066,9.615384615384617,NET_SHORT,LOW,False,108943,162169,-53226,279080,171620,107460,-61686.0,52,26,True,True,False,False
13874A,E-MINI S&P 500,2024-05-07,2024-05-14,2030975,1074219,211639,862580,42.47122687379215,37732.0,0.5049089522320301,1.1641031215781574,63.46153846153846,NET_LONG,NEUTRAL,False,161878,422128,-260250,-12.814042516525316,-64360.0,1.0123464913864237,0.7995450370048232,88.46153846153845,NET_SHORT,HIGH,False,167861,816977,-649116,-31.96080700156329,34076.0,-1.0629284938841383,-1.3085860251313493,13.461538461538462,NET_SHORT,LOW,False,103698,161736,-58038,280192,175368,104824,24771.0,52,26,True,True,False,False
13874A,E-MINI S&P 500,2024-05-14,2024-05-21,2081097,1107260,188008,919252,44.171511467269426,56672.0,1.0106256222310837,1.42848697171396,78.84615384615384,NET_LONG,HIGH,False,159771,452247,-292476,-14.05393405497197,-32226.0,0.6244496776697578,0.3989034503675095,75.0,NET_SHORT,HIGH,False,177385,850102,-672717,-32.325115071522376,-23601.0,-1.1722643443499856,-1.335231383191285,11.538461538461538,NET_SHORT,LOW,False,116577,168967,-52390,278004,179673,98331,50122.0,52,26,True,True,False,False
13874A,E-MINI S&P 500,2024-05-21,2024-05-28,2148201,1127637,184268,943369,43.91437300327111,24117.0,1.2086159930451301,1.3420038403510939,88.46153846153845,NET_LONG,HIGH,False,167055,501133,-334078,-15.551524275428601,-41602.0,0.11482213590586061,-0.10345056198882423,50.0,NET_SHORT,NEUTRAL,False,195342,887089,-691747,-32.20122325611058,-19030.0,-1.2691321773772104,-1.3120056098293473,7.6923076923076925,NET_SHORT,LOW,False,140780,173080,-32300,288496,173740,114756,67104.0,52,26,True,True,False,False
13874A,E-MINI S&P 500,2024-05-28,2024-06-04,2179731,1140477,165954,974523,44.70840667953981,31154.0,1.4735228555736566,1.4612856031778991,100.0,NET_LONG,EXTREME_HIGH,True,174279,513883,-339604,-15.580087634666848,-5526.0,0.006271469175841928,-0.15344088001094594,46.15384615384615,NET_SHORT,NEUTRAL,False,199243,898246,-699003,-32.068314851695,-7256.0,-1.3292919916185673,-1.304071197856028,5.769230769230769,NET_SHORT,LOW,False,132719,176787,-44068,289071,180919,108152,31530.0,52,26,True,True,False,False
13874A,E-MINI S&P 500,2024-06-04,2024-06-11,2160026,1119331,164941,954390,44.184190375486224,-20133.0,1.2296315474668778,1.3270697863089969,94.23076923076923,NET_LONG,HIGH,False,157597,503013,-345416,-15.991288993743593,-5812.0,-0.1329930469699282,-0.3607275267147526,42.30769230769231,NET_SHORT,NEUTRAL,False,210965,926436,-715471,-33.12325870151563,-16468.0,-1.48536524308129,-1.4722470879034837,5.769230769230769,NET_SHORT,LOW,False,103673,109268,-5595,287673,175581,112092,-19705.0,52,26,True,True,False,False
13874A,E-MINI S&P 500,2024-06-11,2024-06-18,2266096,1135746,164601,971145,42.85542183561508,16755.0,1.3418106135699446,1.041153680114065,98.07692307692307,NET_LONG,EXTREME_HIGH,True,154329,521859,-367530,-16.218642105188835,-22114.0,-0.5190200142231647,-0.46441279573476724,32.69230769230769,NET_SHORT,NEUTRAL,False,231106,955992,-724886,-31.988318235414564,-9415.0,-1.5965771899407564,-1.3386702004405837,5.769230769230769,NET_SHORT,LOW,False,125258,126452,-1194,297310,174845,122465,106070.0,52,26,True,True,False,False
13874A,E-MINI S&P 500,2024-06-18,2024-06-25,2595590,1144786,177331,967455,37.27302848292681,-3690.0,1.2542881119287483,-0.12021577046997374,94.23076923076923,NET_LONG,HIGH,False,168003,539413,-371410,-14.309270724575146,-3880.0,-0.5798311471625164,0.21050894067250528,28.846153846153843,NET_SHORT,NEUTRAL,False,210410,927467,-717057,-27.625973285457256,7829.0,-1.504240015185075,-0.6558823851164423,7.6923076923076925,NET_SHORT,LOW,False,140223,123182,17041,299206,195235,103971,329494.0,52,26,True,True,False,False
13874A,E-MINI S&P 500,2024-06-25,2024-07-02,1976080,1146091,172192,973899,49.284391320189464,6444.0,1.265166357199274,2.208417067995105,98.07692307692307,NET_LONG,EXTREME_HIGH,True,135213,423985,-288772,-14.613375976681105,82638.0,0.6327182655603075,0.10076240215387032,76.92307692307693,NET_SHORT,HIGH,False,126570,923272,-796702,-40.31729484636249,-79645.0,-2.002228460013212,-2.4465688408886748,1.9230769230769231,NET_SHORT,EXTREME_LOW,True,114578,114349,229,266961,155615,111346,-619510.0,52,26,True,True,False,False
13874A,E-MINI S&P 500,2024-07-02,2024-07-09,2037086,1136711,188435,948276,46.55061200165334,-25623.0,0.9766122613017102,1.5881684790348176,84.61538461538461,NET_LONG,HIGH,False,173915,450216,-276301,-13.563541254517483,12471.0,0.8093328382052413,0.48709088345584683,80.76923076923077,NET_SHORT,HIGH,False,129826,931143,-801317,-39.33643449515631,-4615.0,-1.9349617795938614,-2.162282814170681,1.9230769230769231,NET_SHORT,EXTREME_LOW,True,131010,111489,19521,271167,161346,109821,61006.0,52,26,True,True,False,False
13874A,E-MINI S&P 500,2024-07-09,2024-07-16,2048220,1163857,186438,977419,47.72041089336106,29143.0,1.2113179268686527,1.7230720872342318,100.0,NET_LONG,EXTREME_HIGH,True,155049,480232,-325183,-15.876370702365957,-48882.0,0.09624604951066684,-0.3447955319640974,55.769230769230774,NET_SHORT,NEUTRAL,False,131237,902238,-771001,-37.64248957631505,30316.0,-1.6427200173766097,-1.8249523635051315,5.769230769230769,NET_SHORT,LOW,False,133957,113281,20676,266655,168566,98089,11134.0,52,26,True,True,False,False
13874A,E-MINI S&P 500,2024-07-16,2024-07-23,2090007,1177042,174861,1002181,47.95108341742396,24762.0,1.3913967725432979,1.678937727162974,100.0,NET_LONG,EXTREME_HIGH,True,177191,529434,-352243,-16.853675609698914,-27060.0,-0.3127594829656434,-0.7025750194253854,40.38461538461539,NET_SHORT,NEUTRAL,False,126979,897195,-770216,-36.85231676257544,785.0,-1.5687593234343653,-1.6372959553027064,7.6923076923076925,NET_SHORT,LOW,False,134354,116690,17664,269625,167011,102614,41787.0,52,26,True,True,False,False
13874A,E-MINI S&P 500,2024-07-23,2024-07-30,2047183,1165558,170416,995142,48.610309874593526,-7039.0,1.2718197217804519,1.7093267428800822,98.07692307692307,NET_LONG,EXTREME_HIGH,True,195258,470113,-274855,-13.426010278514427,77388.0,0.7990566543446649,0.5242003592914198,80.76923076923077,NET_SHORT,HIGH,False,131603,915346,-783743,-38.28397363596709,-13527.0,-1.5998345192253538,-1.7550869287465327,5.769230769230769,NET_SHORT,LOW,False,94098,139260,-45162,263544,154926,108618,-42824.0,52,26,True,True,False,False
13874A,E-MINI S&P 500,2024-07-30,2024-08-06,2046205,1146058,199239,946819,46.271952223750795,-48323.0,0.7917862024171286,1.2394020210322776,75.0,NET_LONG,HIGH,False,203139,447356,-244217,-11.935118915260201,30638.0,1.2050424714359518,1.0342719336645005,90.38461538461539,NET_SHORT,HIGH,False,132078,909312,-777234,-37.98417069648446,6509.0,-1.4924679685140303,-1.6387874220278689,7.6923076923076925,NET_SHORT,LOW,False,102726,139540,-36814,263452,152006,111446,-978.0,52,26,True,True,False,False
13874A,E-MINI S&P 500,2024-08-06,2024-08-13,2025834,1108272,220191,888081,43.837797173904676,-58738.0,0.22432719122878872,0.777553567990088,48.07692307692308,NET_LONG,NEUTRAL,False,225589,435348,-209759,-10.354204737406915,34458.0,1.6350130201003867,1.5471375932788853,92.3076923076923,NET_SHORT,HIGH,False,140461,892116,-751655,-37.10348429338238,25579.0,-1.2614856496031475,-1.4562526878688011,13.461538461538462,NET_SHORT,LOW,False,98148,109400,-11252,250827,166242,84585,-20371.0,52,26,True,True,False,False
13874A,E-MINI S&P 500,2024-08-13,2024-08-20,2033008,1132115,183179,948936,46.6764518388516,60855.0,0.7657341419674719,1.2297805480828405,78.84615384615384,NET_LONG,HIGH,False,175193,451647,-276454,-13.59827408450926,-66695.0,0.6706048767701316,0.3842653982756424,73.07692307692307,NET_SHORT,NEUTRAL,False,152829,875051,-722222,-35.524798721893866,29433.0,-1.0116802517386556,-1.19364075198718,21.153846153846153,NET_SHORT,LOW,False,116269,137498,-21229,250900,179931,70969,7174.0,52,26,True,True,False,False
13874A,E-MINI S&P 500,2024-08-20,2024-08-27,2050976,1129086,161677,967409,47.1682262493564,18473.0,0.9036649435235664,1.264135853181732,84.61538461538461,NET_LONG,HIGH,False,184653,535744,-351091,-17.118240291451485,-74637.0,-0.39151701600487676,-0.858991758175152,38.46153846153847,NET_SHORT,NEUTRAL,False,150826,859317,-708491,-34.54409022826206,13731.0,-0.878189513715853,-1.0205704685342796,26.923076923076923,NET_SHORT,NEUTRAL,False,92210,89179,3031,260164,171022,89142,17968.0,52,26,True,True,False,False
13874A,E-MINI S&P 500,2024-08-27,2024-09-03,2098974,1146987,165064,981923,46.781094001164384,14514.0,1.0013794231299553,1.1514092243584606,96.15384615384616,NET_LONG,EXTREME_HIGH,True,209321,548147,-338826,-16.142458172421385,12265.0,-0.22064667556433212,-0.5063216389640074,44.230769230769226,NET_SHORT,NEUTRAL,False,142487,898957,-756470,-36.039989061322345,-47979.0,-1.1889706865112246,-1.1838388965698803,13.461538461538462,NET_SHORT,LOW,False,99684,97382,2302,269396,158325,111071,47998.0,52,26,True,True,False,False
13874A,E-MINI S&P 500,2024-09-03,2024-09-10,2106791,1156406,168065,988341,46.91215217836036,6418.0,1.0218697209119574,1.1293208757062148,96.15384615384616,NET_LONG,EXTREME_HIGH,True,225996,493248,-267252,-12.685263986793185,71574.0,0.7802525347132302,0.7070831340293253,78.84615384615384,NET_SHORT,HIGH,False,148419,933443,-785024,-37.26159832655446,-28554.0,-1.34994705574959,-1.3032531060172856,5.769230769230769,NET_SHORT,LOW,False,90710,123240,-32530,265814,169349,96465,7817.0,52,26,True,True,False,False
13874A,E-MINI S&P 500,2024-09-10,2024-09-17,2156591,1157978,175669,982309,45.54915605230663,-6032.0,0.9286093211651191,0.8601672277106768,94.23076923076923,NET_LONG,HIGH,False,233991,485535,-251544,-11.663964098894969,15708.0,1.004515748694382,1.099193719027799,86.53846153846155,NET_SHORT,HIGH,False,150948,928670,-777722,-36.06256355516646,7302.0,-1.2443877056353272,-1.0948207289708491,9.615384615384617,NET_SHORT,LOW,False,105451,133136,-27685,259484,184842,74642,49800.0,52,26,True,True,False,False
13874A,E-MINI S&P 500,2024-09-17,2024-09-24,2579860,1179532,160997,1018535,39.480243113967425,36226.0,1.223981943432122,-0.2118269113277061,100.0,NET_LONG,EXTREME_HIGH,True,194486,545872,-351386,-13.620351491941424,-99842.0,-0.40729627672679,0.3821417672490302,36.53846153846153,NET_SHORT,NEUTRAL,False,152092,882970,-730878,-28.330141945686975,46844.0,-0.8640940260878301,0.003070810643078146,21.153846153846153,NET_SHORT,LOW,False,94511,115985,-21474,277262,192059,85203,423269.0,52,26,True,True,False,False
13874A,E-MINI S&P 500,2024-09-24,2024-10-01,2046032,1216873,149049,1067824,52.18999507339084,49289.0,1.6071191111655472,1.9296052432779798,100.0,NET_LONG,EXTREME_HIGH,True,167513,486967,-319454,-15.613343290818522,31932.0,0.056396297335146076,-0.31978990898750304,51.92307692307693,NET_SHORT,NEUTRAL,False,116627,975008,-858381,-41.9534494084159,-127503.0,-1.730852213238078,-1.8183878647529235,1.9230769230769231,NET_SHORT,EXTREME_LOW,True,116547,102208,14339,256340,160668,95672,-533828.0,52,26,True,True,False,False
13874A,E-MINI S&P 500,2024-10-01,2024-10-08,2081475,1215690,164290,1051400,50.512256933184396,-16424.0,1.4119762460673173,1.57499797196427,98.07692307692307,NET_LONG,EXTREME_HIGH,True,175187,475181,-299994,-14.412568010665513,19460.0,0.3460106636682795,0.12888834772755559,61.53846153846154,NET_SHORT,NEUTRAL,False,126130,1017988,-891858,-42.847403884264764,-33477.0,-1.8796949336417752,-1.8423157550074352,1.9230769230769231,NET_SHORT,EXTREME_LOW,True,138856,85339,53517,255705,168770,86935,35443.0,52,26,True,True,False,False
13874A,E-MINI S&P 500,2024-10-08,2024-10-15,2132773,1207128,161707,1045421,49.0169839922017,-5979.0,1.3285870528286043,1.273775153932583,96.15384615384616,NET_LONG,EXTREME_HIGH,True,173118,499791,-326673,-15.316819933485654,-26679.0,-0.025102768494519544,-0.18879594006492081,50.0,NET_SHORT,NEUTRAL,False,136710,1023511,-886801,-41.579718047818496,5057.0,-1.786038017530046,-1.6097846662435575,3.8461538461538463,NET_SHORT,EXTREME_LOW,True,173591,98849,74742,263087,169776,93311,51298.0,52,26,True,True,False,False
13874A,E-MINI S&P 500,2024-10-15,2024-10-22,2185413,1221646,163930,1057716,48.39890675126395,12295.0,1.4201152074601704,1.1301657770065792,98.07692307692307,NET_LONG,EXTREME_HIGH,True,186075,501843,-315768,-14.448893641613736,10905.0,0.14822996145844558,0.1427424726005321,57.692307692307686,NET_SHORT,NEUTRAL,False,137383,1059063,-921680,-42.17417943427627,-34879.0,-1.9695733338048707,-1.6294277527379626,1.9230769230769231,NET_SHORT,EXTREME_LOW,True,178416,99946,78470,271343,170081,101262,52640.0,52,26,True,True,False,False
13874A,E-MINI S&P 500,2024-10-22,2024-10-29,2186686,1233980,165838,1068142,48.847525433464156,10426.0,1.5454930966199258,1.1936029993242185,100.0,NET_LONG,EXTREME_HIGH,True,199958,496199,-296241,-13.547486927707041,19527.0,0.47533334357441265,0.5268905582330788,69.23076923076923,NET_SHORT,NEUTRAL,False,124673,1055780,-931107,-42.58073632885563,-9427.0,-1.9579878562674036,-1.6207144679194478,1.9230769230769231,NET_SHORT,EXTREME_LOW,True,177684,113539,64145,263240,168179,95061,1273.0,52,26,True,True,False,False
13874A,E-MINI S&P 500,2024-10-29,2024-11-05,2168363,1218086,170397,1047689,48.317048390882896,-20453.0,1.3794044331083695,1.0914097572760606,92.3076923076923,NET_LONG,HIGH,False,187456,476709,-289253,-13.339694506869929,6988.0,0.6074806464595749,0.6410322670052653,75.0,NET_SHORT,HIGH,False,119238,1058556,-939318,-43.31922284230085,-8211.0,-1.9389632654461688,-1.654927088847902,1.9230769230769231,NET_SHORT,EXTREME_LOW,True,175926,109954,65972,272342,157432,114910,-18323.0,52,26,True,True,False,False
13874A,E-MINI S&P 500,2024-11-05,2024-11-12,2140451,1173222,178345,994877,46.479783933386,-52812.0,0.74897499962474,0.7068756424158228,82.6923076923077,NET_LONG,HIGH,False,235998,425357,-189359,-8.846686983257266,99894.0,2.03560929482203,2.270389179411909,100.0,NET_SHORT,EXTREME_HIGH,True,127431,1077791,-950360,-44.399988600533256,-11042.0,-1.9476487176010302,-1.733788612639115,1.9230769230769231,NET_SHORT,EXTREME_LOW,True,143130,118050,25080,272336,152574,119762,-27912.0,52,26,True,True,False,False
13874A,E-MINI S&P 500,2024-11-12,2024-11-19,2235256,1241473,160663,1080810,48.352850859140965,85933.0,1.911595445429816,1.0774729864948491,100.0,NET_LONG,EXTREME_HIGH,True,217011,491324,-274313,-12.272106640134284,-84954.0,0.7759655892974255,0.9740731770327794,82.6923076923077,NET_SHORT,HIGH,False,134953,1101387,-966434,-43.23594254975717,-16074.0,-1.9868458243009897,-1.5230114032973419,1.9230769230769231,NET_SHORT,EXTREME_LOW,True,152439,128644,23795,288150,152008,136142,94805.0,52,26,True,True,False,False
13874A,E-MINI S&P 500,2024-11-19,2024-11-26,2259351,1246776,165238,1081538,47.869410286405255,728.0,1.9018785076247786,0.9465548896041612,100.0,NET_LONG,EXTREME_HIGH,True,229882,481413,-251531,-11.13288727603635,22782.0,1.0819438318680057,1.355593793165141,88.46153846153845,NET_SHORT,HIGH,False,125923,1101261,-975338,-43.168945418396696,-8904.0,-1.9723807484150206,-1.4651769080673687,1.9230769230769231,NET_SHORT,EXTREME_LOW,True,132907,135532,-2625,291954,143998,147956,24095.0,52,26,True,True,False,False
13874A,E-MINI S&P 500,2024-11-26,2024-12-03,2272398,1264907,162449,1102458,48.515180879405804,20920.0,2.140747376058094,1.0638405694452178,100.0,NET_LONG,EXTREME_HIGH,True,163155,468078,-304923,-13.418556080404928,-53392.0,0.30178221410929734,0.5135694341996526,61.53846153846154,NET_SHORT,NEUTRAL,False,148406,1067482,-919076,-40.44520370111221,56262.0,-1.5195487291701915,-1.0586690122163631,13.461538461538462,NET_SHORT,LOW,False,124623,156402,-31779,299731,146411,153320,13047.0,52,26,True,True,False,False
13874A,E-MINI S&P 500,2024-12-03,2024-12-10,2279466,1257050,160575,1096475,48.10227483103498,-5983.0,1.9820699821337857,0.9409775229457971,98.07692307692307,NET_LONG,EXTREME_HIGH,True,156702,516114,-359412,-15.767377096214641,-54489.0,-0.48759811704058265,-0.3416324923159192,30.76923076923077,NET_SHORT,NEUTRAL,False,155611,1035019,-879408,-38.579562055323485,39668.0,-1.191373507706172,-0.7663597496360284,19.230769230769234,NET_SHORT,LOW,False,132541,138818,-6277,295702,147080,148622,7068.0,52,26,True,True,False,False
13874A,E-MINI S&P 500,2024-12-10,2024-12-17,2324611,1248282,158849,1089433,46.865174431334964,-7042.0,1.8188849055687242,0.6352530717381277,96.15384615384616,NET_LONG,EXTREME_HIGH,True,186941,483593,-296652,-12.761360933076546,62760.0,0.40455612574975036,0.7471322149599082,65.38461538461539,NET_SHORT,NEUTRAL,False,155433,1057246,-901813,-38.79414663356579,-22405.0,-1.335193101977964,-0.7786066455392976,15.384615384615385,NET_SHORT,LOW,False,126806,167908,-41102,299379,149245,150134,45145.0,52,26,True,True,False,False
13874A,E-MINI S&P 500,2024-12-17,2024-12-24,2596020,1215101,174189,1040912,40.09645534317918,-48521.0,1.0529930566775927,-1.1602564086707015,78.84615384615384,NET_LONG,HIGH,False,210885,467052,-256167,-9.867682067164353,40485.0,0.9703254679242443,1.7183013783287218,84.61538461538461,NET_SHORT,HIGH,False,147793,1085773,-937980,-36.131462777636536,-36167.0,-1.5553182165139998,-0.34167086974526334,9.615384615384617,NET_SHORT,LOW,False,133540,138638,-5098,328497,170164,158333,271409.0,52,26,True,True,False,False
13874A,E-MINI S&P 500,2024-12-24,2024-12-31,2083230,1190771,149687,1041084,49.974510735732494,172.0,1.0177327898710664,1.4009256128382659,78.84615384615384,NET_LONG,HIGH,False,157001,488704,-331703,-15.922533757674382,-75536.0,-0.12508220262691433,-0.42619743219337,46.15384615384615,NET_SHORT,NEUTRAL,False,133229,956733,-823504,-39.5301526955737,114476.0,-0.6296959653750647,-0.8402172667842878,26.923076923076923,NET_SHORT,NEUTRAL,False,145636,158681,-13045,276749,149581,127168,-512790.0,52,26,True,True,False,False
13874A,E-MINI S&P 500,2024-12-31,2025-01-07,2058648,1157524,173461,984063,47.8014211268755,-57021.0,0.14394565889580177,0.8018534179084973,65.38461538461539,NET_LONG,NEUTRAL,False,151407,476014,-324607,-15.767970046360524,7096.0,-0.04109389324884491,-0.38685763612871976,50.0,NET_SHORT,NEUTRAL,False,146816,957802,-810986,-39.394107200453895,12518.0,-0.5023482227190387,-0.7862950938224524,28.846153846153843,NET_SHORT,NEUTRAL,False,147537,134979,12558,285581,146609,138972,-24582.0,52,26,True,True,False,False
13874A,E-MINI S&P 500,2025-01-07,2025-01-14,2069259,1155929,164208,991721,47.92638330919426,7658.0,0.24269857962428124,0.8036815767573748,67.3076923076923,NET_LONG,NEUTRAL,False,151126,489620,-338494,-16.358222919412217,-13887.0,-0.23610697488628854,-0.5807372995542248,42.30769230769231,NET_SHORT,NEUTRAL,False,139721,941253,-801532,-38.7352187425547,9454.0,-0.40813092038614224,-0.6564770597190109,30.76923076923077,NET_SHORT,NEUTRAL,False,157623,128718,28905,275524,156124,119400,10611.0,52,26,True,True,False,False
13874A,E-MINI S&P 500,2025-01-14,2025-01-21,2044090,1113230,187638,925592,45.28137215093269,-66129.0,-0.7651002396351945,0.09575504955254503,21.153846153846153,NET_LONG,LOW,False,151543,448908,-297365,-14.547549276206038,41129.0,0.3626465270699466,0.07149997149545405,61.53846153846154,NET_SHORT,NEUTRAL,False,136950,927968,-791018,-38.697806848035064,10514.0,-0.301369968680013,-0.6229768226732133,36.53846153846153,NET_SHORT,NEUTRAL,False,163161,116572,46589,268436,152234,116202,-25169.0,52,26,True,True,False,False
13874A,E-MINI S&P 500,2025-01-21,2025-01-28,2036469,1113434,180701,932733,45.801482860775195,7141.0,-0.6654982263857143,0.20709676278025155,21.153846153846153,NET_LONG,LOW,False,138324,525999,-387675,-19.03662663168455,-90310.0,-0.9555192621634487,-1.4963776975488818,17.307692307692307,NET_SHORT,LOW,False,148421,911235,-762814,-37.45767797103712,28204.0,-0.04515282127541946,-0.3961044862413537,50.0,NET_SHORT,NEUTRAL,False,186430,104822,81608,279487,143339,136148,-7621.0,52,26,True,True,False,False
13874A,E-MINI S&P 500,2025-01-28,2025-02-04,2033094,1134997,170433,964564,47.44315806352289,31831.0,-0.17631879148020702,0.6189372257554797,46.15384615384615,NET_LONG,NEUTRAL,False,123096,519754,-396658,-19.51006692263122,-8983.0,-1.1094718945978386,-1.6417007870370495,15.384615384615385,NET_SHORT,LOW,False,141742,900312,-758570,-37.31111301297431,4244.0,0.014121934670012519,-0.3442646138730264,51.92307692307693,NET_SHORT,NEUTRAL,False,169237,114030,55207,279072,143615,135457,-3375.0,52,26,True,True,False,False
13874A,E-MINI S&P 500,2025-02-04,2025-02-11,2071863,1108017,181413,926604,44.72322735624894,-37960.0,-0.762917638396168,-0.13660119494572595,19.230769230769234,NET_LONG,LOW,False,175502,499856,-324354,-15.655185695193166,72304.0,-0.06744371878898268,-0.3166674765362669,51.92307692307693,NET_SHORT,NEUTRAL,False,136303,903871,-767568,-37.04723719666793,-8998.0,-0.03043975480535297,-0.269103336499635,50.0,NET_SHORT,NEUTRAL,False,175023,137983,37040,271788,143510,128278,38769.0,52,26,True,True,False,False
13874A,E-MINI S&P 500,2025-02-11,2025-02-18,2096517,1119018,184454,934564,44.57698172731249,7960.0,-0.6393161365395855,-0.2039036977209682,25.0,NET_LONG,LOW,False,190122,548068,-357946,-17.073365014450157,-33592.0,-0.5811503601786553,-0.8072892784867546,25.0,NET_SHORT,LOW,False,135406,897622,-762216,-36.35629951963185,5352.0,0.04876557843415876,-0.11558296146876146,53.84615384615385,NET_SHORT,NEUTRAL,False,192357,137478,54879,277921,147202,130719,24654.0,52,26,True,True,False,False
13874A,E-MINI S&P 500,2025-02-18,2025-02-25,2120653,1136814,185795,951019,44.84557350966896,16455.0,-0.3887141641085183,-0.15386473190563288,40.38461538461539,NET_LONG,NEUTRAL,False,193400,548990,-355590,-16.767948363074957,2356.0,-0.5740704616576902,-0.7134714081734193,25.0,NET_SHORT,LOW,False,147949,920086,-772137,-36.41034153159428,-9921.0,-0.0029616695430968194,-0.0866308632879393,46.15384615384615,NET_SHORT,NEUTRAL,False,175418,130661,44757,281293,149342,131951,24136.0,52,26,True,True,False,False
13874A,E-MINI S&P 500,2025-02-25,2025-03-04,2126872,1130093,208953,921140,43.30961148578758,-29879.0,-0.8387319099107142,-0.6169607914179261,17.307692307692307,NET_LONG,LOW,False,186291,522309,-336018,-15.798694044587544,19572.0,-0.3116836747048248,-0.39576835825759266,40.38461538461539,NET_SHORT,NEUTRAL,False,140761,942897,-802136,-37.7143523446639,-29999.0,-0.24673579245615224,-0.29464793036550235,30.76923076923077,NET_SHORT,NEUTRAL,False,190621,114189,76432,288516,147934,140582,6219.0,52,26,True,True,False,False
13874A,E-MINI S&P 500,2025-03-04,2025-03-11,2180944,1118800,207296,911504,41.7940121341951,-9636.0,-0.9824089101884959,-1.1010373949140684,11.538461538461538,NET_LONG,LOW,False,241275,529255,-287980,-13.204373885803577,48038.0,0.4222600322591564,0.5116851717842851,71.15384615384616,NET_SHORT,NEUTRAL,False,141049,1012245,-871196,-39.94582162586477,-69060.0,-0.8814840093554043,-0.7101807131004727,25.0,NET_SHORT,LOW,False,202030,89570,112460,287647,152435,135212,54072.0,52,26,True,True,False,False
13874A,E-MINI S&P 500,2025-03-11,2025-03-18,2282648,1094727,247942,846785,37.09660885077331,-64719.0,-1.8977648312507176,-2.644294605455566,5.769230769230769,NET_LONG,LOW,False,268404,461956,-193552,-8.47927494734186,94428.0,1.954581892358092,2.093275242531282,98.07692307692307,NET_SHORT,EXTREME_HIGH,True,145177,1074214,-929037,-40.69996775674568,-57841.0,-1.4669834538964994,-0.9068706705565741,13.461538461538462,NET_SHORT,LOW,False,216093,77690,138403,297340,159939,137401,101704.0,52,26,True,True,False,False
13874A,E-MINI S&P 500,2025-03-18,2025-03-25,2560662,1068185,236328,831857,32.48601338247688,-14928.0,-2.0059942280655023,-3.4947617401333595,3.8461538461538463,NET_LONG,EXTREME_LOW,True,239099,427599,-188500,-7.361377643749936,5052.0,1.9733291912113635,2.3748589069330697,100.0,NET_SHORT,EXTREME_HIGH,True,134075,1045005,-910930,-35.57400390992642,18107.0,-1.236650567876947,0.3730221054279487,19.230769230769234,NET_SHORT,LOW,False,216569,72420,144149,296211,172787,123424,278014.0,52,26,True,True,False,False
13874A,E-MINI S&P 500,2025-03-25,2025-04-01,2074351,1117841,202515,915326,44.12589769041016,83469.0,-0.7993566409507951,-0.3208784527747305,17.307692307692307,NET_LONG,LOW,False,168249,402856,-234607,-11.309898855111792,-46107.0,1.1767402103799192,0.9880896219188848,86.53846153846155,NET_SHORT,HIGH,False,134217,993988,-859771,-41.4477106333499,51159.0,-0.6575570616586311,-1.0700709920848024,30.76923076923077,NET_SHORT,NEUTRAL,False,184241,92388,91853,251247,164048,87199,-486311.0,52,26,True,True,False,False
13874A,E-MINI S&P 500,2025-04-01,2025-04-08,2111750,1092161,206681,885480,41.931099798745116,-29846.0,-1.196057279959025,-0.8961807936330605,13.461538461538462,NET_LONG,LOW,False,169590,430751,-261161,-12.36704155321416,-26554.0,0.6640836473820392,0.5673057606133024,75.0,NET_SHORT,HIGH,False,138259,988527,-850268,-40.26366757428673,9503.0,-0.520840527488169,-0.7317872689254297,34.61538461538461,NET_SHORT,NEUTRAL,False,226962,76234,150728,249432,174211,75221,37399.0,52,26,True,True,False,False
13874A,E-MINI S&P 500,2025-04-08,2025-04-15,2332802,1086748,273583,813165,34.85786620553309,-72315.0,-2.083865714246752,-2.5674606696071005,1.9230769230769231,NET_LONG,EXTREME_LOW,True,216672,483817,-267145,-11.451679139506911,-5984.0,0.5298757786959981,0.8772218765733637,73.07692307692307,NET_SHORT,NEUTRAL,False,161861,968705,-806844,-34.586904503682696,43424.0,-0.0016635386557539093,0.7640149211635238,40.38461538461539,NET_SHORT,NEUTRAL,False,298042,75856,222186,252928,214290,38638,221052.0,52,26,True,True,False,False
13874A,E-MINI S&P 500,2025-04-15,2025-04-22,2181908,1087907,276607,811300,37.183052631000024,-1865.0,-2.0480588974139127,-1.9103225668213148,1.9230769230769231,NET_LONG,EXTREME_LOW,True,159652,391121,-231469,-10.608559114316462,35676.0,1.218608423797535,1.215101861750616,88.46153846153845,NET_SHORT,HIGH,False,174555,933840,-759285,-34.79912993581764,47559.0,0.5626188772433357,0.7099596376035081,71.15384615384616,NET_SHORT,NEUTRAL,False,225549,75213,150336,235927,206809,29118,-150894.0,52,26,True,True,False,False
13874A,E-MINI S&P 500,2025-04-22,2025-04-29,2209656,1117162,304043,813119,36.798442834540765,1819.0,-1.9907267681242633,-1.9329289275642163,3.8461538461538463,NET_LONG,EXTREME_LOW,True,168599,420432,-251833,-11.39693237318388,-20364.0,0.8715157468002739,0.9371280527087775,80.76923076923077,NET_SHORT,HIGH,False,179464,958106,-778642,-35.23815471729536,-19357.0,0.3599934932477598,0.6058362578722535,55.769230769230774,NET_SHORT,NEUTRAL,False,245897,68080,177817,236445,196906,39539,27748.0,52,26,True,True,False,False
13874A,E-MINI S&P 500,2025-04-29,2025-05-06,2134084,1109378,279977,829401,38.86449643031858,16282.0,-1.784346094472729,-1.413004469671005,7.6923076923076925,NET_LONG,LOW,False,150010,399887,-249877,-11.708864318367974,1956.0,0.9566010334353422,0.8460801553217742,86.53846153846155,NET_SHORT,HIGH,False,167266,920807,-753541,-35.30980973569925,25101.0,0.6865983427709198,0.596124143018027,78.84615384615384,NET_SHORT,HIGH,False,207016,73912,133104,240722,199809,40913,-75572.0,52,26,True,True,False,False
13874A,E-MINI S&P 500,2025-05-06,2025-05-13,2133652,1099297,283135,816162,38.251879875443606,-13239.0,-1.9086433366798103,-1.5082445852577417,7.6923076923076925,NET_LONG,LOW,False,157467,414906,-257439,-12.065650818409,-7562.0,0.8056740446893553,0.6983166776121423,76.92307692307693,NET_SHORT,HIGH,False,188508,881910,-693402,-32.49836430683167,60139.0,1.450178052636014,1.354224756119577,96.15384615384616,NET_SHORT,EXTREME_HIGH,True,168854,70398,98456,237311,201088,36223,-432.0,52,26,True,True,False,False
13874A,E-MINI S&P 500,2025-05-13,2025-05-20,2125890,1112757,256679,856078,40.269157858590994,39916.0,-1.3632622257485405,-1.0146073240356874,15.384615384615385,NET_LONG,LOW,False,159581,448236,-288655,-13.578077887378933,-31216.0,0.18883228665884824,0.10342810190360409,59.61538461538461,NET_SHORT,NEUTRAL,False,191074,864263,-673189,-31.666219795003503,20213.0,1.6996081785640662,1.5658202271985824,100.0,NET_SHORT,EXTREME_HIGH,True,154720,109479,45241,250278,189753,60525,-7762.0,52,26,True,True,False,False
13874A,E-MINI S&P 500,2025-05-20,2025-05-27,2113668,1123523,250081,873442,41.32351911463863,17364.0,-1.115133423530325,-0.757959443775652,17.307692307692307,NET_LONG,LOW,False,150431,448993,-298562,-14.125302554611224,-9907.0,-0.019977185828745737,-0.12174731768568166,48.07692307692308,NET_SHORT,NEUTRAL,False,185308,861079,-675771,-31.971482749419494,-2582.0,1.6542239094523257,1.4807628560792476,98.07692307692307,NET_SHORT,EXTREME_HIGH,True,155829,100410,55419,239544,194072,45472,-12222.0,52,26,True,True,False,False
13874A,E-MINI S&P 500,2025-05-27,2025-06-03,2112166,1121735,265658,856077,40.530763207058534,-17365.0,-1.2816029893920455,-0.9125182620426386,15.384615384615385,NET_LONG,LOW,False,167130,425681,-258551,-12.241035979179667,40011.0,0.7426328927545647,0.5935790740518511,75.0,NET_SHORT,HIGH,False,164372,879696,-715324,-33.86684569299951,-39553.0,1.1793858051099497,0.9969957425304116,92.3076923076923,NET_SHORT,HIGH,False,150744,79447,71297,236993,190492,46501,-1502.0,52,26,True,True,False,False
13874A,E-MINI S&P 500,2025-06-03,2025-06-10,2123862,1083338,269654,813684,38.31152871514251,-42393.0,-1.7149833810776676,-1.3624582768165003,7.6923076923076925,NET_LONG,LOW,False,161462,447530,-286068,-13.469236701819609,-27517.0,0.17585368840446797,0.09239324093903621,59.61538461538461,NET_SHORT,NEUTRAL,False,178033,866779,-688746,-32.428943123423274,26578.0,1.4876546099418988,1.3739537369826367,96.15384615384616,NET_SHORT,EXTREME_HIGH,True,172449,71688,100761,245466,185097,60369,11696.0,52,26,True,True,False,False
13874A,E-MINI S&P 500,2025-06-10,2025-06-17,2223909,1088561,262430,826131,37.14769803980289,12447.0,-1.5003458425687697,-1.5594008378064441,11.538461538461538,NET_LONG,LOW,False,150882,465145,-314263,-14.131108781879115,-28195.0,-0.4170713104641549,-0.18744600985268553,38.46153846153847,NET_SHORT,NEUTRAL,False,194858,803150,-608292,-27.352378177344487,80454.0,2.3334322704123562,2.5832583333529002,100.0,NET_SHORT,EXTREME_HIGH,True,114149,86688,27461,249715,180752,68963,100047.0,52,26,True,True,False,False
13874A,E-MINI S&P 500,2025-06-17,2025-06-24,2450146,1085040,238330,846710,34.5575324899006,20579.0,-1.2168501268347822,-2.0666734030503164,17.307692307692307,NET_LONG,LOW,False,150208,475094,-324886,-13.259862881640522,-10623.0,-0.6658884655687562,0.15294034840282625,28.846153846153843,NET_SHORT,NEUTRAL,False,220265,793745,-573480,-23.405952135097255,34812.0,2.5563960353491884,3.3644164051108985,100.0,NET_SHORT,EXTREME_HIGH,True,114936,121156,-6220,265970,208094,57876,226237.0,52,26,True,True,False,False
13874A,E-MINI S&P 500,2025-06-24,2025-07-01,1886352,1064574,223328,841246,44.59644859496001,-5464.0,-1.232089586930125,0.08304280716441652,17.307692307692307,NET_LONG,LOW,False,137615,411937,-274322,-14.542460792047295,50564.0,0.38157853330285757,-0.3607790821584778,65.38461538461539,NET_SHORT,NEUTRAL,False,137756,746446,-608690,-32.268102665886325,-35210.0,2.0403043968627883,1.1840461960906312,96.15384615384616,NET_SHORT,EXTREME_HIGH,True,106536,130995,-24459,246605,180380,66225,-563794.0,52,26,True,True,False,False
13874A,E-MINI S&P 500,2025-07-01,2025-07-08,1887354,1095229,255081,840148,44.51459556606763,-1098.0,-1.2035734022237325,0.07406358166847243,17.307692307692307,NET_LONG,LOW,False,143023,449310,-306287,-16.228381109214276,-31965.0,-0.2717941819531642,-1.0047741950646718,40.38461538461539,NET_SHORT,NEUTRAL,False,120862,760637,-639775,-33.89798628132295,-31085.0,1.6348439730036795,0.7678923159941886,94.23076923076923,NET_SHORT,HIGH,False,118345,96196,22149,253398,169633,83765,1002.0,52,26,True,True,False,False
13874A,E-MINI S&P 500,2025-07-08,2025-07-15,1899046,1102127,238590,863537,45.472147594107774,23389.0,-0.9128469285898773,0.2906723573762017,28.846153846153843,NET_LONG,NEUTRAL,False,146754,494389,-347635,-18.305770371017868,-41348.0,-1.1147742254438437,-1.7660476970011014,17.307692307692307,NET_SHORT,LOW,False,119526,733933,-614407,-32.35345536653667,25368.0,1.8054201613699488,1.0977408285675407,94.23076923076923,NET_SHORT,HIGH,False,112876,92467,20409,250486,172390,78096,11692.0,52,26,True,True,False,False
13874A,E-MINI S&P 500,2025-07-15,2025-07-22,1935859,1097986,231667,866319,44.751141482928254,2782.0,-0.8504557728941406,0.14914806813001233,30.76923076923077,NET_LONG,NEUTRAL,False,162331,507141,-344810,-17.811731122979516,2825.0,-1.062942330192413,-1.5526204882626524,17.307692307692307,NET_SHORT,LOW,False,146258,738453,-592195,-30.5908126573268,22212.0,1.9201892455849936,1.4524573733708421,98.07692307692307,NET_SHORT,EXTREME_HIGH,True,111806,112063,-257,250136,179193,70943,36813.0,52,26,True,True,False,False
13874A,E-MINI S&P 500,2025-07-22,2025-07-29,1917043,1093090,240822,852268,44.45742740251523,-14051.0,-0.9687060042946551,0.10362486934500248,25.0,NET_LONG,LOW,False,145719,487028,-341309,-17.80393032394161,3501.0,-0.9566165149531994,-1.484482885294726,19.230769230769234,NET_SHORT,LOW,False,162374,741733,-579359,-30.22149216266928,12836.0,1.9309992164112162,1.4709754897403386,98.07692307692307,NET_SHORT,EXTREME_HIGH,True,103226,105139,-1913,247689,177376,70313,-18816.0,52,26,True,True,False,False
13874A,E-MINI S&P 500,2025-07-29,2025-08-05,1941931,1111564,238980,872584,44.93383132562382,20316.0,-0.7274427787243853,0.2143169120311522,34.61538461538461,NET_LONG,NEUTRAL,False,157815,523242,-365427,-18.817712884752343,-24118.0,-1.3926291990318,-1.767114162143598,5.769230769230769,NET_SHORT,LOW,False,135576,732716,-597140,-30.74980521964993,-17781.0,1.686020735329673,1.29956824563205,94.23076923076923,NET_SHORT,HIGH,False,108336,99782,8554,254800,173371,81429,24888.0,52,26,True,True,False,False
13874A,E-MINI S&P 500,2025-08-05,2025-08-12,1909338,1103259,254278,848981,44.46467833353759,-23603.0,-0.9696789188218515,0.10842815440061282,25.0,NET_LONG,LOW,False,145530,470773,-325243,-17.03433336580532,40184.0,-0.5436077579152154,-1.0760016806629638,32.69230769230769,NET_SHORT,NEUTRAL,False,120783,733066,-612283,-32.0678161750303,-15143.0,1.4936833007171835,0.976807061986424,88.46153846153845,NET_SHORT,HIGH,False,104574,91992,12582,247482,171519,75963,-32593.0,52,26,True,True,False,False
13874A,E-MINI S&P 500,2025-08-12,2025-08-19,1967857,1152260,265901,886359,45.0418399304421,37378.0,-0.5514757308024946,0.24302367883579087,42.30769230769231,NET_LONG,NEUTRAL,False,132581,519333,-386752,-19.653460591902768,-61509.0,-1.7404580645164662,-1.9215049030835145,5.769230769230769,NET_SHORT,LOW,False,134165,739186,-605021,-30.745171015983374,7262.0,1.5071552689880325,1.2290351868203042,92.3076923076923,NET_SHORT,HIGH,False,109770,77662,32108,243946,170640,73306,58519.0,52,26,True,True,False,False
13874A,E-MINI S&P 500,2025-08-19,2025-08-26,1974585,1142641,272049,870592,44.08987204906347,-15767.0,-0.6985424332289215,0.04627362852343234,36.53846153846153,NET_LONG,NEUTRAL,False,141214,506555,-365341,-18.5021662779774,21411.0,-1.289584206627125,-1.4874467496809518,9.615384615384617,NET_SHORT,LOW,False,139960,755281,-615321,-31.16204164419359,-10300.0,1.3817350822377128,1.1128084930963293,82.6923076923077,NET_SHORT,HIGH,False,110728,73366,37362,248088,175380,72708,6728.0,52,26,True,True,False,False
13874A,E-MINI S&P 500,2025-08-26,2025-09-02,2018365,1134644,263364,871280,43.16761339004591,688.0,-0.6670258242913031,-0.14337282911940707,38.46153846153847,NET_LONG,NEUTRAL,False,129279,549834,-420555,-20.836419577232064,-55214.0,-2.266996779046728,-2.1731930543238476,1.9230769230769231,NET_SHORT,EXTREME_LOW,True,140075,723317,-583242,-28.896755542233443,32079.0,1.5853650406761826,1.5320030263184063,96.15384615384616,NET_SHORT,EXTREME_HIGH,True,113737,61327,52410,252559,172452,80107,43780.0,52,26,True,True,False,False
13874A,E-MINI S&P 500,2025-09-02,2025-09-09,1997661,1123696,262868,860828,43.09179585525272,-10452.0,-0.7510289306210464,-0.14454284026275963,32.69230769230769,NET_LONG,NEUTRAL,False,133854,516109,-382255,-19.13512853281913,38300.0,-1.45929612950996,-1.531225559659292,9.615384615384617,NET_SHORT,LOW,False,131768,737943,-606175,-30.34423758585666,-22933.0,1.3430405337030569,1.1853258563403057,88.46153846153845,NET_SHORT,HIGH,False,120113,64650,55463,248116,175977,72139,-20704.0,52,26,True,True,False,False
13874A,E-MINI S&P 500,2025-09-09,2025-09-16,2035158,1149395,261973,887422,43.60457517303325,26594.0,-0.4478864222251991,-0.0215580182560484,50.0,NET_LONG,NEUTRAL,False,123869,540470,-416601,-20.470204278979814,-34346.0,-1.991465040313094,-1.86218101663047,3.8461538461538463,NET_SHORT,EXTREME_LOW,True,126459,741594,-615135,-30.225417387740904,-8960.0,1.2264327263671975,1.1706296647791545,78.84615384615384,NET_SHORT,HIGH,False,124902,63412,61490,258404,175580,82824,37497.0,52,26,True,True,False,False
13874A,E-MINI S&P 500,2025-09-16,2025-09-23,2435899,1160211,263911,896300,36.795450057658385,8878.0,-0.33043378827259046,-1.5134164418288745,51.92307692307693,NET_LONG,NEUTRAL,False,120980,595966,-474986,-19.499412742482345,-58385.0,-2.800066927471837,-1.4850065899777976,1.9230769230769231,NET_SHORT,EXTREME_LOW,True,154729,725339,-570610,-23.42502706392999,44525.0,1.5234414592816716,2.441562439547217,100.0,NET_SHORT,EXTREME_HIGH,True,121524,63283,58241,289199,198144,91055,400741.0,52,26,True,True,False,False
13874A,E-MINI S&P 500,2025-09-23,2025-09-30,1950977,1153356,239804,913552,46.825359806907,17252.0,-0.11513853152521239,0.7466642305521874,55.769230769230774,NET_LONG,NEUTRAL,False,113510,564515,-451005,-23.11687938914708,23981.0,-2.230224397326389,-2.4190144109432596,3.8461538461538463,NET_SHORT,EXTREME_LOW,True,159658,750068,-590410,-30.262273722345267,-19800.0,1.3124560975282058,1.0605081150081628,92.3076923076923,NET_SHORT,HIGH,False,118762,74811,43951,251727,167815,83912,-484922.0,52,26,True,True,False,False
13874A,E-MINI S&P 500,2025-09-30,2025-10-07,1942253,1154937,219143,935794,48.180849765710235,22242.0,0.15771944179005096,1.0802225792591642,69.23076923076923,NET_LONG,NEUTRAL,False,117045,554017,-436972,-22.498201830554514,14033.0,-1.8906585113265661,-2.0954206277143563,5.769230769230769,NET_SHORT,LOW,False,152895,776869,-623974,-32.12629868508377,-33564.0,1.0133005974386768,0.6638632673462088,71.15384615384616,NET_SHORT,NEUTRAL,False,120909,82879,38030,247369,160247,87122,-8724.0,52,26,True,True,False,False
13874A,E-MINI S&P 500,2025-10-07,2025-10-14,1951558,1159218,210113,949105,48.633194606565624,13311.0,0.33427675601271717,1.188836343812169,71.15384615384616,NET_LONG,NEUTRAL,False,131863,592036,-460173,-23.579775748402046,-23201.0,-2.1150313017093434,-2.236402186116692,3.8461538461538463,NET_SHORT,EXTREME_LOW,True,156263,753717,-597454,-30.61420670049263,26520.0,1.1713381579481421,0.9295704159106127,86.53846153846155,NET_SHORT,HIGH,False,97119,85244,11875,256055,159408,96647,9305.0,52,26,True,True,False,False
13874A,E-MINI S&P 500,2025-10-14,2025-10-21,1929048,1131293,209390,921903,47.79056819736989,-27202.0,0.05399227208983645,0.9995132694376476,61.53846153846154,NET_LONG,NEUTRAL,False,143527,560075,-416548,-21.593449203959672,43625.0,-1.4053206522114758,-1.6263468854444965,13.461538461538462,NET_SHORT,LOW,False,138451,745422,-606971,-31.464795069899765,-9517.0,1.0582028719924936,0.7275139580562532,80.76923076923077,NET_SHORT,HIGH,False,99337,90521,8816,257245,164445,92800,-22510.0,52,26,True,True,False,False
13874A,E-MINI S&P 500,2025-10-21,2025-10-28,1882544,1115602,212867,902735,47.95292965264026,-19168.0,-0.13802214538750612,1.0459526186032568,53.84615384615385,NET_LONG,NEUTRAL,False,126993,567994,-441001,-23.425800406258766,-24453.0,-1.6771344790947889,-1.9772847945471137,7.6923076923076925,NET_SHORT,LOW,False,128273,708756,-580483,-30.83502961949362,26488.0,1.2190978108533113,0.8237601971293383,94.23076923076923,NET_SHORT,HIGH,False,101163,76187,24976,253648,159875,93773,-46504.0,52,26,True,True,False,False
13874A,E-MINI S&P 500,2025-10-28,2025-11-04,1929734,1132353,225556,906797,46.990776967188225,4062.0,-0.057453190349172276,0.832522437750152,55.769230769230774,NET_LONG,NEUTRAL,False,145056,593777,-448721,-23.252997563394747,-7720.0,-1.6975867554601,-1.8287848998050422,7.6923076923076925,NET_SHORT,LOW,False,137390,710270,-572880,-29.686993129623048,7603.0,1.2356512266509596,1.028811306525634,98.07692307692307,NET_SHORT,EXTREME_HIGH,True,92086,75547,16539,258041,159776,98265,47190.0,52,26,True,True,False,False
13874A,E-MINI S&P 500,2025-11-04,2025-11-11,1956133,1121671,221014,900657,46.042728178503204,-6140.0,-0.11248615753022391,0.6130487195911044,53.84615384615385,NET_LONG,NEUTRAL,False,171078,576464,-405386,-20.72384648692088,43335.0,-1.064536205668207,-1.1761498243724586,19.230769230769234,NET_SHORT,LOW,False,128119,747272,-619153,-31.651886655968692,-46273.0,0.8403526776270405,0.5845075585382629,63.46153846153846,NET_SHORT,NEUTRAL,False,87718,61957,25761,262911,164790,98121,26399.0,52,26,True,True,False,False
13874A,E-MINI S&P 500,2025-11-10,2025-11-17,1981117,1127096,223770,903326,45.59680220804728,2669.0,-0.037763002445613564,0.5263340402592084,57.692307692307686,NET_LONG,NEUTRAL,False,172798,595801,-423003,-21.35174247659275,-17617.0,-1.2629928499022862,-1.2772895787176302,13.461538461538462,NET_SHORT,LOW,False,133633,752421,-618788,-31.23429863052006,365.0,0.8155713481309336,0.6483278647174553,63.46153846153846,NET_SHORT,NEUTRAL,False,90460,57034,33426,262824,157785,105039,24984.0,52,26,True,True,False,False
13874A,E-MINI S&P 500,2025-11-18,2025-11-25,2037320,1130593,218542,912051,44.76719415702982,8725.0,0.12711268840815637,0.34716837568646697,63.46153846153846,NET_LONG,NEUTRAL,False,200379,559286,-358907,-17.61662379989398,64096.0,-0.332239410723922,-0.3392381421546741,36.53846153846153,NET_SHORT,NEUTRAL,False,134731,813579,-678848,-33.32063691516306,-60060.0,0.28013078907689754,0.13385339667436458,51.92307692307693,NET_SHORT,NEUTRAL,False,89309,61046,28263,266268,168827,97441,56203.0,52,26,True,True,False,False
13874A,E-MINI S&P 500,2025-11-25,2025-12-02,2070962,1131923,226629,905294,43.713694408685434,-6757.0,0.0931282536209828,0.11865851616333131,59.61538461538461,NET_LONG,NEUTRAL,False,205516,588474,-382958,-18.491792703101265,-24051.0,-0.6532925295290922,-0.5328387826586902,28.846153846153843,NET_SHORT,NEUTRAL,False,147313,834806,-687493,-33.19679453316864,-8645.0,0.17125417536013954,0.13337159316686042,50.0,NET_SHORT,NEUTRAL,False,98557,59311,39246,285530,159619,125911,33642.0,52,26,True,True,False,False
13874A,E-MINI S&P 500,2025-12-02,2025-12-09,2074887,1155848,215351,940497,45.3276250706665,35203.0,0.7348434348976914,0.5302515122106894,84.61538461538461,NET_LONG,HIGH,False,179974,623198,-443224,-21.36135606420976,-60266.0,-1.4603003052189856,-1.200928077153826,9.615384615384617,NET_SHORT,LOW,False,153788,811573,-657785,-31.70220836122642,29708.0,0.410459825546789,0.4724841041859917,55.769230769230774,NET_SHORT,NEUTRAL,False,93566,60825,32741,285067,157296,127771,3925.0,52,26,True,True,False,False
13874A,E-MINI S&P 500,2025-12-09,2025-12-16,2141031,1168070,207545,960525,44.86273202022764,20028.0,1.2210127380733973,0.4280491551625915,90.38461538461539,NET_LONG,HIGH,False,169485,619487,-450002,-21.018004877089588,-6778.0,-1.4857823847938598,-1.074452532301459,7.6923076923076925,NET_SHORT,LOW,False,157777,823373,-665596,-31.087639553093815,-7811.0,0.3063884758853888,0.5957005089998052,53.84615384615385,NET_SHORT,NEUTRAL,False,91796,63226,28570,278527,152024,126503,66144.0,52,26,True,True,False,False
13874A,E-MINI S&P 500,2025-12-16,2025-12-23,2466313,1167573,198088,969485,39.30908201838129,8960.0,1.4882905375103146,-0.9404651014592104,94.23076923076923,NET_LONG,HIGH,False,218923,608090,-389167,-15.779302951409655,60835.0,-0.6219016258126904,0.2365056712922291,28.846153846153843,NET_SHORT,NEUTRAL,False,164750,899034,-734284,-29.772539008633537,-68688.0,-0.40889914410792305,0.8920170565028409,38.46153846153847,NET_SHORT,NEUTRAL,False,86486,63668,22818,307444,176296,131148,325282.0,52,26,True,True,False,False
13874A,E-MINI S&P 500,2025-12-23,2025-12-30,1911017,1150865,213962,936903,49.0264084516255,-32582.0,0.9722973036964513,1.4732180065380478,84.61538461538461,NET_LONG,HIGH,False,161061,532121,-371060,-19.41688640132453,18107.0,-0.36008450823098903,-0.6548442952423227,38.46153846153847,NET_SHORT,NEUTRAL,False,128323,839460,-711137,-37.21248947549917,23147.0,-0.20064708289356406,-0.9942187143595215,40.38461538461539,NET_SHORT,NEUTRAL,False,78147,65293,12854,265821,133381,132440,-555296.0,52,26,True,True,False,False
13874A,E-MINI S&P 500,2025-12-30,2026-01-06,1936495,1167836,225868,941968,48.64293478681845,5065.0,1.1241469005840263,1.3668828291947266,88.46153846153845,NET_LONG,HIGH,False,143436,510277,-366841,-18.943555237684578,4219.0,-0.29040472072545076,-0.5205111934048351,40.38461538461539,NET_SHORT,NEUTRAL,False,128547,847827,-719280,-37.14339567104486,-8143.0,-0.3064570500520883,-1.001714504867612,36.53846153846153,NET_SHORT,NEUTRAL,False,84909,65081,19828,264382,140057,124325,25478.0,52,26,True,True,False,False
13874A,E-MINI S&P 500,2026-01-06,2026-01-13,1945513,1174764,213425,961339,49.41313679219825,19371.0,1.5891160798505595,1.5355184309630643,96.15384615384616,NET_LONG,EXTREME_HIGH,True,128725,544629,-415904,-21.377600663680994,-49063.0,-0.9409703119741725,-1.0895612800177834,25.0,NET_SHORT,LOW,False,144940,850872,-705932,-36.28513404947692,13348.0,-0.18926513055988425,-0.803786860467158,40.38461538461539,NET_SHORT,NEUTRAL,False,81463,57432,24031,265273,128807,136466,9018.0,52,26,True,True,False,False
13874A,E-MINI S&P 500,2026-01-13,2026-01-20,1909351,1138244,206944,931300,48.77573583903641,-30039.0,0.9259036783913761,1.3422156967220562,76.92307692307693,NET_LONG,HIGH,False,109159,555139,-445980,-23.35767493771444,-30076.0,-1.2986907058332344,-1.5056658508790433,11.538461538461538,NET_SHORT,LOW,False,133027,806738,-673711,-35.28481667330941,32221.0,0.1277913199410491,-0.5697784485122105,50.0,NET_SHORT,NEUTRAL,False,112912,63148,49764,268079,129452,138627,-36162.0,52,26,True,True,False,False
13874A,E-MINI S&P 500,2026-01-20,2026-01-27,1926910,1099843,207449,892394,46.312178565682885,-38906.0,0.09211806541580614,0.7442419131381369,51.92307692307693,NET_LONG,NEUTRAL,False,116526,530611,-414085,-21.489586955280735,31895.0,-0.8552517388698286,-1.0346548066724057,28.846153846153843,NET_SHORT,NEUTRAL,False,128508,791905,-663397,-34.42802206641722,10314.0,0.21865799289254448,-0.3620680365270848,53.84615384615385,NET_SHORT,NEUTRAL,False,117627,56238,61389,269656,145957,123699,17559.0,52,26,True,True,False,False
13874A,E-MINI S&P 500,2026-01-27,2026-02-03,1897461,1103294,191666,911628,48.04462384207106,19234.0,0.5534244357906694,1.1552802106732178,67.3076923076923,NET_LONG,NEUTRAL,False,111546,538548,-427002,-22.50386173945077,-12917.0,-1.0151833370853929,-1.2479788767456528,19.230769230769234,NET_SHORT,LOW,False,129464,797623,-668159,-35.21331927243828,-4762.0,0.14988361033383832,-0.5893212006620928,50.0,NET_SHORT,NEUTRAL,False,108939,53323,55616,272677,144760,127917,-29449.0,52,26,True,True,False,False
13874A,E-MINI S&P 500,2026-02-03,2026-02-10,1928476,1118819,185593,933226,48.39189079874471,21598.0,1.037062765539206,1.2057100998760741,80.76923076923077,NET_LONG,HIGH,False,132546,580671,-448125,-23.237260925207263,-21123.0,-1.2486398697785628,-1.3631733211073989,11.538461538461538,NET_SHORT,LOW,False,135264,798471,-663207,-34.390212789788414,4952.0,0.1831231774990481,-0.38394878823331213,53.84615384615385,NET_SHORT,NEUTRAL,False,108348,51891,56457,265972,144323,121649,31015.0,52,26,True,True,False,False
13874A,E-MINI S&P 500,2026-02-10,2026-02-17,1934958,1108058,183362,924696,47.788944256154394,-8530.0,0.8521050625372022,1.037962563483118,78.84615384615384,NET_LONG,HIGH,False,123601,547305,-423704,-21.89732283594786,24421.0,-0.9017843370913508,-1.0198609049105478,23.076923076923077,NET_SHORT,LOW,False,136519,814201,-677682,-35.02308577240436,-14475.0,0.008115222463207927,-0.5672823095297463,40.38461538461539,NET_SHORT,NEUTRAL,False,109205,50523,58682,264773,146765,118008,6482.0,52,26,True,True,False,False
13874A,E-MINI S&P 500,2026-02-17,2026-02-24,1966090,1160066,183201,976865,49.68567054407479,52169.0,1.9860372803916475,1.4332433068161579,100.0,NET_LONG,EXTREME_HIGH,True,118591,582883,-464292,-23.614992192625973,-40588.0,-1.3802076058652555,-1.359526256888563,3.8461538461538463,NET_SHORT,EXTREME_LOW,True,131869,799244,-667375,-33.94427518577481,10307.0,0.10002687768107207,-0.28561006370965963,48.07692307692308,NET_SHORT,NEUTRAL,False,74076,48216,25860,275741,146799,128942,31132.0,52,26,True,True,False,False
13874A,E-MINI S&P 500,2026-02-24,2026-03-03,2017196,1197520,184376,1013144,50.225362334646704,36279.0,2.581979139057293,1.4931352241689635,100.0,NET_LONG,EXTREME_HIGH,True,117617,592997,-475380,-23.566376296601817,-11088.0,-1.4581020212521847,-1.2951092765554326,1.9230769230769231,NET_SHORT,EXTREME_LOW,True,138402,817510,-679108,-33.6659402457669,-11733.0,-0.057196509282751794,-0.2339429884192988,34.61538461538461,NET_SHORT,NEUTRAL,False,77475,58118,19357,266922,144935,121987,51106.0,52,26,True,True,False,False
13874A,E-MINI S&P 500,2026-03-03,2026-03-10,2060733,1185588,180820,1004768,48.757796376337936,-8376.0,2.2534061787412734,1.1203969360519674,98.07692307692307,NET_LONG,EXTREME_HIGH,True,157124,563464,-406340,-19.7182264757249,69040.0,-0.5618144476948962,-0.4149606774732695,40.38461538461539,NET_SHORT,NEUTRAL,False,133315,862545,-729230,-35.38692300264032,-50122.0,-0.6850056051135274,-0.7714284513852877,19.230769230769234,NET_SHORT,LOW,False,78601,44343,34258,255189,158645,96544,43537.0,52,26,True,True,False,False
13874A,E-MINI S&P 500,2026-03-10,2026-03-17,1996720,1095733,196881,898852,45.016426940181894,-105916.0,0.1329082423865236,0.25876494363456815,53.84615384615385,NET_LONG,NEUTRAL,False,156297,506286,-349989,-17.528196241836614,56351.0,0.19929625519983488,0.12053543777569586,61.53846153846154,NET_SHORT,NEUTRAL,False,139297,797702,-658405,-32.97432789775232,70825.0,0.10072278230590138,-0.11541194728395454,53.84615384615385,NET_SHORT,NEUTRAL,False,77392,45233,32159,261643,184260,77383,-64013.0,52,26,True,True,False,False
13874A,E-MINI S&P 500,2026-03-17,2026-03-24,2330659,1086532,199704,886828,38.050525623868616,-12024.0,-0.13046017934707274,-1.4197860278366716,46.15384615384615,NET_LONG,NEUTRAL,False,149731,490238,-340507,-14.609902177881878,9482.0,0.38468654958128395,0.8880146580453829,69.23076923076923,NET_SHORT,NEUTRAL,False,140346,813118,-672772,-28.86617046938226,-14367.0,-0.16445920010095305,1.1112235828749215,42.30769230769231,NET_SHORT,NEUTRAL,False,68264,35750,32514,282301,188364,93937,333939.0,52,26,True,True,False,False
13874A,E-MINI S&P 500,2026-03-24,2026-03-31,1879423,1105309,226918,878391,46.737269896133014,-8437.0,-0.2874892294656799,0.6435622151008078,42.30769230769231,NET_LONG,NEUTRAL,False,135794,479921,-344127,-18.310247347191133,-3620.0,0.3760715262718463,0.0014432705064771297,67.3076923076923,NET_SHORT,NEUTRAL,False,121938,790910,-668972,-35.594541516199385,3800.0,-0.1778102221177272,-1.0690214894093513,42.30769230769231,NET_SHORT,NEUTRAL,False,84240,33744,50496,248997,164785,84212,-451236.0,52,26,True,True,False,False
13874A,E-MINI S&P 500,2026-03-31,2026-04-07,1947769,1139703,223985,915718,47.01368591450013,37327.0,0.45771726053469464,0.6846594982678792,71.15384615384616,NET_LONG,NEUTRAL,False,163425,396837,-233412,-11.983556571646844,110715.0,1.9487532728669485,1.6149451221659457,98.07692307692307,NET_SHORT,EXTREME_HIGH,True,130907,950231,-819324,-42.06474176352535,-150352.0,-2.66577049863416,-3.094581977405036,1.9230769230769231,NET_SHORT,EXTREME_LOW,True,94335,32694,61641,243672,168295,75377,68346.0,52,26,True,True,False,False
13874A,E-MINI S&P 500,2026-04-07,2026-04-14,1929090,1159194,218759,940435,48.75018791243539,24717.0,0.9255033632074146,1.0747128368978223,82.6923076923077,NET_LONG,HIGH,False,148276,392759,-244483,-12.673488536045493,-11071.0,1.7661610565964019,1.4588359436546576,96.15384615384616,NET_SHORT,EXTREME_HIGH,True,118039,926651,-808612,-41.916758678962616,10712.0,-2.485569758770639,-2.778945175646387,3.8461538461538463,NET_SHORT,EXTREME_LOW,True,83539,34073,49466,242173,178979,63194,-18679.0,52,26,True,True,False,False
13874A,E-MINI S&P 500,2026-04-14,2026-04-21,1959076,1201198,198055,1003143,51.20490476122417,62708.0,2.1110042655677645,1.623804075566021,96.15384615384616,NET_LONG,EXTREME_HIGH,True,123136,543492,-420356,-21.456850066051548,-175873.0,-0.6989601910953857,-0.7782240780573088,32.69230769230769,NET_SHORT,NEUTRAL,False,137784,831374,-693590,-35.40393532461221,115022.0,-0.6321358140815312,-0.844091569043736,21.153846153846153,NET_SHORT,LOW,False,74200,33491,40709,242192,172098,70094,29986.0,52,26,True,True,False,False
13874A,E-MINI S&P 500,2026-04-21,2026-04-28,1963317,1208817,193890,1014927,51.6945047590379,11784.0,2.226350635459487,1.6913433145538443,100.0,NET_LONG,EXTREME_HIGH,True,124833,537154,-412321,-21.001244322745638,8035.0,-0.5515121531587998,-0.6277822522944231,42.30769230769231,NET_SHORT,NEUTRAL,False,122778,841407,-718629,-36.60280026098689,-25039.0,-1.1072739444070148,-1.1814773279316975,13.461538461538462,NET_SHORT,LOW,False,68730,44466,24264,252323,160564,91759,4241.0,52,26,True,True,False,False
13874A,E-MINI S&P 500,2026-04-28,2026-05-05,1959933,1190432,195617,994815,50.75760242824627,-20112.0,1.7462439722454999,1.4040116527442967,92.3076923076923,NET_LONG,HIGH,False,120508,527998,-407490,-20.79101683577959,4831.0,-0.44814448674878865,-0.540343292011408,44.230769230769226,NET_SHORT,NEUTRAL,False,127669,833209,-705540,-35.99816932517591,13089.0,-0.9153159340571542,-0.9968388029744797,19.230769230769234,NET_SHORT,LOW,False,73727,48001,25726,252048,159559,92489,-3384.0,52,26,True,True,False,False
13874A,E-MINI S&P 500,2026-05-05,2026-05-12,1987685,1205350,195462,1009888,50.80724561487359,15073.0,1.9565204907302627,1.3721205260376417,96.15384615384616,NET_LONG,EXTREME_HIGH,True,140585,546460,-405875,-20.419482966365397,1615.0,-0.39179655526606405,-0.4030192801518647,48.07692307692308,NET_SHORT,NEUTRAL,False,126440,836027,-709587,-35.69916762464877,-4047.0,-0.977077820372259,-0.8846323279796569,17.307692307692307,NET_SHORT,LOW,False,68168,50117,18051,253180,165657,87523,27752.0,52,26,True,True,False,False
13874A,E-MINI S&P 500,2026-05-12,2026-05-19,2056229,1239798,184926,1054872,51.301289885513725,44984.0,2.6019738600861126,1.4390170911323499,100.0,NET_LONG,EXTREME_HIGH,True,148507,580945,-432438,-21.030634233832902,-26563.0,-0.7899943520410574,-0.5547067990073917,25.0,NET_SHORT,LOW,False,137266,873539,-736273,-35.80695535370817,-26686.0,-1.4008058915221377,-0.8865937441318367,5.769230769230769,NET_SHORT,LOW,False,64306,46490,17816,261019,164996,96023,68544.0,52,26,True,True,False,False
13874A,E-MINI S&P 500,2026-05-19,2026-05-26,2068443,1211994,206574,1005420,48.60757584327922,-49452.0,1.6090870619891153,0.7236828825799662,92.3076923076923,NET_LONG,HIGH,False,164096,565650,-401554,-19.413346173909556,30884.0,-0.2539983771803492,-0.03349609264302055,53.84615384615385,NET_SHORT,NEUTRAL,False,137243,850997,-713754,-34.506824698577624,22519.0,-0.9892796463824947,-0.4972519073185784,17.307692307692307,NET_SHORT,LOW,False,62750,54659,8091,263458,161661,101797,12214.0,52,26,True,True,False,False
13874A,E-MINI S&P 500,2026-05-26,2026-06-02,2093621,1204894,201287,1003607,47.93642211269375,-1813.0,1.5083168092695638,0.5234577612063853,88.46153846153845,NET_LONG,HIGH,False,149287,607067,-457780,-21.8654665768064,-56226.0,-1.1718824702137904,-0.7716566768187123,9.615384615384617,NET_SHORT,LOW,False,166194,843171,-676977,-32.335222086518996,36777.0,-0.3729749672176954,0.11838977064000833,36.53846153846153,NET_SHORT,NEUTRAL,False,74259,54011,20248,268642,157740,110902,25178.0,52,26,True,True,False,False
13874A,E-MINI S&P 500,2026-06-02,2026-06-09,2149231,1199303,217444,981859,45.68420053498205,-21748.0,1.0879131026244298,-0.10257744570117992,82.6923076923077,NET_LONG,HIGH,False,159638,660370,-500732,-23.298193632978492,-42952.0,-1.8430912695890822,-1.2050444359593033,1.9230769230769231,NET_SHORT,EXTREME_LOW,True,162444,781951,-619507,-28.82458888783942,57470.0,0.6005928323893709,1.0950516841132358,59.61538461538461,NET_SHORT,NEUTRAL,False,76569,48883,27686,276056,165362,110694,55610.0,52,26,True,True,False,False
13874A,E-MINI S&P 500,2026-06-09,2026-06-16,2203164,1205065,220979,984086,44.666942633412674,2227.0,1.0943619056688796,-0.4418504273603667,82.6923076923077,NET_LONG,HIGH,False,168247,619833,-451586,-20.497157724073197,49146.0,-0.9553856794255462,-0.2394755975789476,13.461538461538462,NET_SHORT,LOW,False,167839,851164,-683325,-31.01562117028056,-63818.0,-0.48291925545106174,0.502557836106814,28.846153846153843,NET_SHORT,NEUTRAL,False,78132,42291,35841,271330,156346,114984,53933.0,52,26,True,True,False,False
13874A,E-MINI S&P 500,2026-06-16,2026-06-23,2579920,1199855,215846,984009,38.14106638965549,-77.0,1.0548126615781803,-2.4752896138099048,80.76923076923077,NET_LONG,HIGH,False,157203,672723,-515520,-19.982014946199882,-63934.0,-1.9639577839582698,-0.018364852744015545,1.9230769230769231,NET_SHORT,EXTREME_LOW,True,181571,806740,-625169,-24.232107972340227,58156.0,0.5564187936115961,2.5051332320992103,59.61538461538461,NET_SHORT,NEUTRAL,False,69700,46795,22905,293396,159621,133775,376756.0,52,26,True,True,False,False
13874A,E-MINI S&P 500,2026-06-23,2026-06-30,1980254,1171421,178692,992729,50.13139728539874,8720.0,1.1801013491410663,1.1288003509028999,82.6923076923077,NET_LONG,HIGH,False,185058,558526,-373468,-18.85960083908428,142052.0,0.5211290906849986,0.43526130045574707,71.15384615384616,NET_SHORT,NEUTRAL,False,112578,868478,-755900,-38.17187088121019,-130731.0,-1.6735219857046144,-1.5192945449914081,5.769230769230769,NET_SHORT,LOW,False,62151,48090,14061,260145,137567,122578,-599666.0,52,26,True,True,False,False
13874A,E-MINI S&P 500,2026-06-30,2026-07-07,1967167,1148729,172540,976189,49.624104105040395,-16540.0,0.832979579832925,0.9410906593665185,73.07692307692307,NET_LONG,NEUTRAL,False,150556,511025,-360469,-18.324270384771605,12999.0,0.7910229092712963,0.6627655952122179,80.76923076923077,NET_SHORT,HIGH,False,127585,878976,-751391,-38.19660455873853,4509.0,-1.5239345749912327,-1.4716558413642777,7.6923076923076925,NET_SHORT,LOW,False,65245,54900,10345,264592,139266,125326,-13087.0,52,26,True,True,False,False
13874A,E-MINI S&P 500,2026-07-07,2026-07-14,1969636,1159847,189255,970592,49.2777345661838,-5597.0,0.692652041871941,0.8108913745672112,71.15384615384616,NET_LONG,NEUTRAL,False,134932,496807,-361875,-18.372684089852136,-1406.0,0.7737701496853966,0.644925369555873,80.76923076923077,NET_SHORT,HIGH,False,136033,867118,-731085,-37.1177720147276,20306.0,-1.1340548290522512,-1.1286732524443506,13.461538461538462,NET_SHORT,LOW,False,66452,53438,13014,254889,145535,109354,2469.0,52,26,True,True,False,False
13874A,E-MINI S&P 500,2026-07-14,2026-07-21,1941500,1144294,203822,940472,48.440484161730616,-30120.0,0.06669385497950737,0.5403919781434124,57.692307692307686,NET_LONG,NEUTRAL,False,135454,500456,-365002,-18.8,-3127.0,0.7280796619772317,0.4909111070501398,80.76923076923077,NET_SHORT,HIGH,False,142914,849691,-706777,-36.4036569662632,24308.0,-0.6939422589506868,-0.8964121982680703,26.923076923076923,NET_SHORT,NEUTRAL,False,55528,55690,-162,263179,131710,131469,-28136.0,52,26,True,True,False,False
13874A,E-MINI S&P 500,2026-07-21,2026-07-28,1939493,1143723,214564,929159,47.907313921731095,-11313.0,-0.19828216195838497,0.3628691676713325,46.15384615384615,NET_LONG,NEUTRAL,False,146834,469699,-322865,-16.646876271272955,42137.0,1.4893170862300746,1.2992100288980057,96.15384615384616,NET_SHORT,EXTREME_HIGH,True,148984,881849,-732865,-37.78642150293917,-26088.0,-1.0984393934744876,-1.228262382420658,13.461538461538462,NET_SHORT,LOW,False,52274,49406,2868,263450,139747,123703,-2007.0,52,26,True,True,False,False
13874A,E-MINI S&P 500,2026-07-28,2026-08-04,1984408,1159241,214471,944770,47.60966494793409,15611.0,0.1004416889662823,0.259139458687254,61.53846153846154,NET_LONG,NEUTRAL,False,155964,453440,-297476,-14.990667241817206,25389.0,1.873280569578864,1.8424953016761756,96.15384615384616,NET_SHORT,EXTREME_HIGH,True,166101,923295,-757194,-38.15717332322788,-24329.0,-1.454893832170091,-1.2762905745388171,5.769230769230769,NET_SHORT,LOW,False,49486,52711,-3225,257768,144643,113125,44915.0,52,26,True,True,False,False
13874A,E-MINI S&P 500,2026-08-04,2026-08-11,2116079,1162320,225287,937033,44.281569827969555,-7737.0,-0.10402172768037561,-0.7352365654967055,51.92307692307693,NET_LONG,NEUTRAL,False,206039,536038,-329999,-15.594833652240773,-32523.0,1.2983642902665247,1.5873889383196769,92.3076923076923,NET_SHORT,HIGH,False,236175,953001,-716826,-33.87520031151956,40368.0,-0.7345560841711799,-0.10563879441148502,25.0,NET_SHORT,LOW,False,52902,54744,-1842,265488,153854,111634,131671.0,52,26,True,True,False,False
13874A,E-MINI S&P 500,2026-08-11,2026-08-18,2119506,1154700,206219,948481,44.75009742836302,11448.0,0.12434770373477484,-0.5929025101740326,61.53846153846154,NET_LONG,NEUTRAL,False,205744,486190,-280446,-13.231668133989713,49553.0,2.057201007958249,2.2781210809130097,96.15384615384616,NET_SHORT,EXTREME_HIGH,True,216163,995795,-779632,-36.783665627745336,-62806.0,-1.727119927260758,-0.8623195543946114,5.769230769230769,NET_SHORT,LOW,False,52037,71600,-19563,272563,141403,131160,3427.0,52,26,True,True,False,False
13874A,E-MINI S&P 500,2026-08-18,2026-08-25,2072358,1165359,204793,960566,46.351354350937434,12085.0,0.3656261555188865,-0.12826365702638395,65.38461538461539,NET_LONG,NEUTRAL,False,166291,447693,-281402,-13.578831456727073,-956.0,1.94416553193729,2.041065068812514,94.23076923076923,NET_SHORT,HIGH,False,219986,1004401,-784415,-37.85132684603722,-4783.0,-1.7200349723188244,-1.1080834924359575,5.769230769230769,NET_SHORT,LOW,False,54636,73498,-18862,268530,144417,124113,-47148.0,52,26,True,True,False,False
13874A,E-MINI S&P 500,2026-08-25,2026-09-01,2045669,1166084,212856,953228,46.597372302166185,-7338.0,0.16528740888046115,-0.07501113804335548,61.53846153846154,NET_LONG,NEUTRAL,False,150526,465730,-315204,-15.408357852614474,-33802.0,1.3301541063839921,1.375313309372963,90.38461538461539,NET_SHORT,HIGH,False,207277,968313,-761036,-37.20230398955061,23379.0,-1.2882403190047813,-0.8985255113382621,9.615384615384617,NET_SHORT,LOW,False,60277,69324,-9047,270688,138629,132059,-26689.0,52,26,True,True,False,False
13874A,E-MINI S&P 500,2026-09-01,2026-09-08,2046914,1156793,222613,934180,45.63845867486373,-19048.0,-0.3319653000199329,-0.3858857050144014,40.38461538461539,NET_LONG,NEUTRAL,False,165311,482875,-317564,-15.514281498880756,-2360.0,1.252570516795914,1.2965318265226216,88.46153846153845,NET_SHORT,HIGH,False,201959,922706,-720747,-35.211396277518254,40289.0,-0.5848754991228194,-0.335638498255034,26.923076923076923,NET_SHORT,NEUTRAL,False,57147,63070,-5923,256699,146645,110054,1245.0,52,26,True,True,False,False
13874A,E-MINI S&P 500,2026-09-08,2026-09-15,2071836,1153305,240944,912361,44.036352298154874,-21819.0,-0.8939971575633849,-0.8833584876144774,25.0,NET_LONG,LOW,False,155517,496621,-341104,-16.46385138592051,-23540.0,0.8473192924116634,0.9595084474896677,80.76923076923077,NET_SHORT,HIGH,False,213184,898526,-685342,-33.0789695709506,35405.0,0.039332493842773264,0.26521401424303376,50.0,NET_SHORT,NEUTRAL,False,56464,68432,-11968,263462,137409,126053,24922.0,52,26,True,True,False,False
13874A,E-MINI S&P 500,2026-09-15,2026-09-22,2446519,1142075,237391,904684,36.978417089750785,-7677.0,-1.0951681101948003,-3.070918650448305,15.384615384615385,NET_LONG,LOW,False,161176,454319,-293143,-11.98204469288814,47961.0,1.543370887969988,2.2221607581351632,92.3076923076923,NET_SHORT,HIGH,False,220012,922950,-702938,-28.732170075114887,-17596.0,-0.22895817092284823,1.5969649577447307,46.15384615384615,NET_SHORT,NEUTRAL,False,62588,62461,127,284440,193170,91270,374683.0,52,26,True,True,False,False
