ticker,sector,fiscal_date_ending,reported_date,eps_actual,eps_consensus,eps_surprise,eps_surprise_pct,calculated_eps_surprise_pct,eps_result_class,earnings_beat,revenue_actual,revenue_consensus,revenue_surprise,revenue_surprise_pct,revenue_result_class,point_in_time,point_in_time_safe,historical_analog_eligible,source,source_type,data_quality,revenue_data_available,guidance_data_available,earnings_estimate_revisions_used,research_only
MSFT,Information Technology,2026-06-30,2026-07-29,4.74,4.21,0.53,12.5891,12.589073634204281,LARGE_BEAT,True,,,,,UNKNOWN,True,True,True,Alpha Vantage EARNINGS,primary_event_data,PRIMARY_EVENT_DATA,False,False,False,True
MSFT,Information Technology,2026-03-31,2026-04-29,4.27,4.09,0.18,4.401,4.400977995110018,BEAT,True,,,,,UNKNOWN,True,True,True,Alpha Vantage EARNINGS,primary_event_data,PRIMARY_EVENT_DATA,False,False,False,True
MSFT,Information Technology,2025-12-31,2026-01-28,5.16,3.92,1.24,31.6327,31.6326530612245,LARGE_BEAT,True,,,,,UNKNOWN,True,True,True,Alpha Vantage EARNINGS,primary_event_data,PRIMARY_EVENT_DATA,False,False,False,True
MSFT,Information Technology,2025-09-30,2025-10-29,3.72,3.66,0.06,1.6393,1.6393442622950833,IN_LINE,True,,,,,UNKNOWN,True,True,True,Alpha Vantage EARNINGS,primary_event_data,PRIMARY_EVENT_DATA,False,False,False,True
MSFT,Information Technology,2025-06-30,2025-07-30,3.65,3.38,0.27,7.9882,7.988165680473373,BEAT,True,,,,,UNKNOWN,True,True,True,Alpha Vantage EARNINGS,primary_event_data,PRIMARY_EVENT_DATA,False,False,False,True
MSFT,Information Technology,2025-03-31,2025-04-30,3.46,3.22,0.24,7.4534,7.453416149068315,BEAT,True,,,,,UNKNOWN,True,True,True,Alpha Vantage EARNINGS,primary_event_data,PRIMARY_EVENT_DATA,False,False,False,True
MSFT,Information Technology,2024-12-31,2025-01-29,3.23,3.12,0.11,3.5256,3.5256410256410216,BEAT,True,,,,,UNKNOWN,True,True,True,Alpha Vantage EARNINGS,primary_event_data,PRIMARY_EVENT_DATA,False,False,False,True
MSFT,Information Technology,2024-09-30,2024-10-30,3.3,3.11,0.19,6.1093,6.109324758842442,BEAT,True,,,,,UNKNOWN,True,True,True,Alpha Vantage EARNINGS,primary_event_data,PRIMARY_EVENT_DATA,False,False,False,True
MSFT,Information Technology,2024-06-30,2024-07-30,2.95,2.94,0.01,0.3401,0.3401360544217766,IN_LINE,True,,,,,UNKNOWN,True,True,True,Alpha Vantage EARNINGS,primary_event_data,PRIMARY_EVENT_DATA,False,False,False,True
MSFT,Information Technology,2024-03-31,2024-04-25,2.94,2.84,0.1,3.5211,3.521126760563384,BEAT,True,,,,,UNKNOWN,True,True,True,Alpha Vantage EARNINGS,primary_event_data,PRIMARY_EVENT_DATA,False,False,False,True
MSFT,Information Technology,2023-12-31,2024-01-30,2.93,2.78,0.15,5.3957,5.395683453237423,BEAT,True,,,,,UNKNOWN,True,True,True,Alpha Vantage EARNINGS,primary_event_data,PRIMARY_EVENT_DATA,False,False,False,True
MSFT,Information Technology,2023-09-30,2023-10-24,2.99,2.65,0.34,12.8302,12.830188679245294,LARGE_BEAT,True,,,,,UNKNOWN,True,True,True,Alpha Vantage EARNINGS,primary_event_data,PRIMARY_EVENT_DATA,False,False,False,True
MSFT,Information Technology,2023-06-30,2023-07-25,2.69,2.55,0.14,5.4902,5.490196078431378,BEAT,True,,,,,UNKNOWN,True,True,True,Alpha Vantage EARNINGS,primary_event_data,PRIMARY_EVENT_DATA,False,False,False,True
MSFT,Information Technology,2023-03-31,2023-04-25,2.45,2.23,0.22,9.8655,9.865470852017946,BEAT,True,,,,,UNKNOWN,True,True,True,Alpha Vantage EARNINGS,primary_event_data,PRIMARY_EVENT_DATA,False,False,False,True
MSFT,Information Technology,2022-12-31,2023-01-24,2.2,2.32,-0.12,-5.1724,-5.172413793103434,MISS,False,,,,,UNKNOWN,True,True,True,Alpha Vantage EARNINGS,primary_event_data,PRIMARY_EVENT_DATA,False,False,False,True
MSFT,Information Technology,2022-09-30,2022-10-25,2.35,2.31,0.04,1.7316,1.731601731601733,IN_LINE,True,,,,,UNKNOWN,True,True,True,Alpha Vantage EARNINGS,primary_event_data,PRIMARY_EVENT_DATA,False,False,False,True
MSFT,Information Technology,2022-06-30,2022-07-26,2.23,2.29,-0.06,-2.6201,-2.6200873362445436,IN_LINE,False,,,,,UNKNOWN,True,True,True,Alpha Vantage EARNINGS,primary_event_data,PRIMARY_EVENT_DATA,False,False,False,True
MSFT,Information Technology,2022-03-31,2022-04-26,2.22,2.2,0.02,0.9091,0.9090909090909097,IN_LINE,True,,,,,UNKNOWN,True,True,True,Alpha Vantage EARNINGS,primary_event_data,PRIMARY_EVENT_DATA,False,False,False,True
MSFT,Information Technology,2021-12-31,2022-01-25,2.48,2.32,0.16,6.8966,6.896551724137938,BEAT,True,,,,,UNKNOWN,True,True,True,Alpha Vantage EARNINGS,primary_event_data,PRIMARY_EVENT_DATA,False,False,False,True
MSFT,Information Technology,2021-09-30,2021-10-26,2.71,2.08,0.63,30.2885,30.28846153846153,LARGE_BEAT,True,,,,,UNKNOWN,True,True,True,Alpha Vantage EARNINGS,primary_event_data,PRIMARY_EVENT_DATA,False,False,False,True
MSFT,Information Technology,2021-06-30,2021-07-27,2.17,1.93,0.24,12.4352,12.435233160621761,LARGE_BEAT,True,,,,,UNKNOWN,True,True,True,Alpha Vantage EARNINGS,primary_event_data,PRIMARY_EVENT_DATA,False,False,False,True
MSFT,Information Technology,2021-03-31,2021-04-27,1.95,1.78,0.17,9.5506,9.550561797752804,BEAT,True,,,,,UNKNOWN,True,True,True,Alpha Vantage EARNINGS,primary_event_data,PRIMARY_EVENT_DATA,False,False,False,True
MSFT,Information Technology,2020-12-31,2021-01-26,2.03,1.64,0.39,23.7805,23.780487804878046,LARGE_BEAT,True,,,,,UNKNOWN,True,True,True,Alpha Vantage EARNINGS,primary_event_data,PRIMARY_EVENT_DATA,False,False,False,True
MSFT,Information Technology,2020-09-30,2020-10-27,1.82,1.55,0.27,17.4194,17.419354838709676,LARGE_BEAT,True,,,,,UNKNOWN,True,True,True,Alpha Vantage EARNINGS,primary_event_data,PRIMARY_EVENT_DATA,False,False,False,True
MSFT,Information Technology,2020-06-30,2020-07-22,1.46,1.37,0.09,6.5693,6.5693430656934195,BEAT,True,,,,,UNKNOWN,True,True,True,Alpha Vantage EARNINGS,primary_event_data,PRIMARY_EVENT_DATA,False,False,False,True
MSFT,Information Technology,2020-03-31,2020-04-29,1.4,1.27,0.13,10.2362,10.236220472440936,LARGE_BEAT,True,,,,,UNKNOWN,True,True,True,Alpha Vantage EARNINGS,primary_event_data,PRIMARY_EVENT_DATA,False,False,False,True
MSFT,Information Technology,2019-12-31,2020-01-29,1.51,1.32,0.19,14.3939,14.39393939393939,LARGE_BEAT,True,,,,,UNKNOWN,True,True,True,Alpha Vantage EARNINGS,primary_event_data,PRIMARY_EVENT_DATA,False,False,False,True
MSFT,Information Technology,2019-09-30,2019-10-23,1.38,1.24,0.14,11.2903,11.290322580645155,LARGE_BEAT,True,,,,,UNKNOWN,True,True,True,Alpha Vantage EARNINGS,primary_event_data,PRIMARY_EVENT_DATA,False,False,False,True
MSFT,Information Technology,2019-06-30,2019-07-18,1.37,1.21,0.16,13.2231,13.22314049586778,LARGE_BEAT,True,,,,,UNKNOWN,True,True,True,Alpha Vantage EARNINGS,primary_event_data,PRIMARY_EVENT_DATA,False,False,False,True
MSFT,Information Technology,2019-03-31,2019-04-24,1.14,1.0,0.14,14.0,13.99999999999999,LARGE_BEAT,True,,,,,UNKNOWN,True,True,True,Alpha Vantage EARNINGS,primary_event_data,PRIMARY_EVENT_DATA,False,False,False,True
MSFT,Information Technology,2018-12-31,2019-01-30,1.1,1.09,0.01,0.9174,0.9174311926605512,IN_LINE,True,,,,,UNKNOWN,True,True,True,Alpha Vantage EARNINGS,primary_event_data,PRIMARY_EVENT_DATA,False,False,False,True
MSFT,Information Technology,2018-09-30,2018-10-24,1.14,0.97,0.17,17.5258,17.525773195876283,LARGE_BEAT,True,,,,,UNKNOWN,True,True,True,Alpha Vantage EARNINGS,primary_event_data,PRIMARY_EVENT_DATA,False,False,False,True
MSFT,Information Technology,2018-06-30,2018-07-19,1.13,1.08,0.05,4.6296,4.629629629629613,BEAT,True,,,,,UNKNOWN,True,True,True,Alpha Vantage EARNINGS,primary_event_data,PRIMARY_EVENT_DATA,False,False,False,True
MSFT,Information Technology,2018-03-31,2018-04-26,0.95,0.85,0.1,11.7647,11.764705882352938,LARGE_BEAT,True,,,,,UNKNOWN,True,True,True,Alpha Vantage EARNINGS,primary_event_data,PRIMARY_EVENT_DATA,False,False,False,True
MSFT,Information Technology,2017-12-31,2018-01-31,0.96,0.87,0.09,10.3448,10.344827586206893,LARGE_BEAT,True,,,,,UNKNOWN,True,True,True,Alpha Vantage EARNINGS,primary_event_data,PRIMARY_EVENT_DATA,False,False,False,True
MSFT,Information Technology,2017-09-30,2017-10-26,0.84,0.73,0.11,15.0685,15.068493150684931,LARGE_BEAT,True,,,,,UNKNOWN,True,True,True,Alpha Vantage EARNINGS,primary_event_data,PRIMARY_EVENT_DATA,False,False,False,True
MSFT,Information Technology,2017-06-30,2017-07-20,0.98,0.71,0.27,38.0282,38.02816901408451,LARGE_BEAT,True,,,,,UNKNOWN,True,True,True,Alpha Vantage EARNINGS,primary_event_data,PRIMARY_EVENT_DATA,False,False,False,True
MSFT,Information Technology,2017-03-31,2017-04-27,0.73,0.7,0.03,4.2857,4.28571428571429,BEAT,True,,,,,UNKNOWN,True,True,True,Alpha Vantage EARNINGS,primary_event_data,PRIMARY_EVENT_DATA,False,False,False,True
MSFT,Information Technology,2016-12-31,2017-01-26,0.84,0.79,0.05,6.3291,6.329113924050624,BEAT,True,,,,,UNKNOWN,True,True,True,Alpha Vantage EARNINGS,primary_event_data,PRIMARY_EVENT_DATA,False,False,False,True
MSFT,Information Technology,2016-09-30,2016-10-20,0.76,0.68,0.08,11.7647,11.764705882352935,LARGE_BEAT,True,,,,,UNKNOWN,True,True,True,Alpha Vantage EARNINGS,primary_event_data,PRIMARY_EVENT_DATA,False,False,False,True
MSFT,Information Technology,2016-06-30,2016-07-19,0.69,0.58,0.11,18.9655,18.96551724137931,LARGE_BEAT,True,,,,,UNKNOWN,True,True,True,Alpha Vantage EARNINGS,primary_event_data,PRIMARY_EVENT_DATA,False,False,False,True
MSFT,Information Technology,2016-03-31,2016-04-21,0.62,0.64,-0.02,-3.125,-3.1250000000000027,MISS,False,,,,,UNKNOWN,True,True,True,Alpha Vantage EARNINGS,primary_event_data,PRIMARY_EVENT_DATA,False,False,False,True
MSFT,Information Technology,2015-12-31,2016-01-28,0.78,0.71,0.07,9.8592,9.859154929577475,BEAT,True,,,,,UNKNOWN,True,True,True,Alpha Vantage EARNINGS,primary_event_data,PRIMARY_EVENT_DATA,False,False,False,True
MSFT,Information Technology,2015-09-30,2015-10-22,0.67,0.59,0.08,13.5593,13.559322033898319,LARGE_BEAT,True,,,,,UNKNOWN,True,True,True,Alpha Vantage EARNINGS,primary_event_data,PRIMARY_EVENT_DATA,False,False,False,True
MSFT,Information Technology,2015-06-30,2015-07-21,0.62,0.57,0.05,8.7719,8.771929824561413,BEAT,True,,,,,UNKNOWN,True,True,True,Alpha Vantage EARNINGS,primary_event_data,PRIMARY_EVENT_DATA,False,False,False,True
MSFT,Information Technology,2015-03-31,2015-04-23,0.62,0.53,0.09,16.9811,16.98113207547169,LARGE_BEAT,True,,,,,UNKNOWN,True,True,True,Alpha Vantage EARNINGS,primary_event_data,PRIMARY_EVENT_DATA,False,False,False,True
MSFT,Information Technology,2014-12-31,2015-01-26,0.77,0.74,0.03,4.0541,4.054054054054058,BEAT,True,,,,,UNKNOWN,True,True,True,Alpha Vantage EARNINGS,primary_event_data,PRIMARY_EVENT_DATA,False,False,False,True
MSFT,Information Technology,2014-09-30,2014-10-23,0.65,0.54,0.11,20.3704,20.370370370370367,LARGE_BEAT,True,,,,,UNKNOWN,True,True,True,Alpha Vantage EARNINGS,primary_event_data,PRIMARY_EVENT_DATA,False,False,False,True
MSFT,Information Technology,2014-06-30,2014-07-22,0.55,0.6,-0.05,-8.3333,-8.333333333333323,MISS,False,,,,,UNKNOWN,True,True,True,Alpha Vantage EARNINGS,primary_event_data,PRIMARY_EVENT_DATA,False,False,False,True
MSFT,Information Technology,2014-03-31,2014-04-24,0.68,0.63,0.05,7.9365,7.936507936507943,BEAT,True,,,,,UNKNOWN,True,True,True,Alpha Vantage EARNINGS,primary_event_data,PRIMARY_EVENT_DATA,False,False,False,True
MSFT,Information Technology,2013-12-31,2014-01-23,0.78,0.68,0.1,14.7059,14.705882352941172,LARGE_BEAT,True,,,,,UNKNOWN,True,True,True,Alpha Vantage EARNINGS,primary_event_data,PRIMARY_EVENT_DATA,False,False,False,True
MSFT,Information Technology,2013-09-30,2013-10-24,0.62,0.54,0.08,14.8148,14.814814814814806,LARGE_BEAT,True,,,,,UNKNOWN,True,True,True,Alpha Vantage EARNINGS,primary_event_data,PRIMARY_EVENT_DATA,False,False,False,True
MSFT,Information Technology,2013-06-30,2013-07-18,0.66,0.74,-0.08,-10.8108,-10.810810810810805,LARGE_MISS,False,,,,,UNKNOWN,True,True,True,Alpha Vantage EARNINGS,primary_event_data,PRIMARY_EVENT_DATA,False,False,False,True
MSFT,Information Technology,2013-03-31,2013-04-18,0.72,0.67,0.05,7.4627,7.462686567164169,BEAT,True,,,,,UNKNOWN,True,True,True,Alpha Vantage EARNINGS,primary_event_data,PRIMARY_EVENT_DATA,False,False,False,True
MSFT,Information Technology,2012-12-31,2013-01-24,0.76,0.76,0.0,0.0,0.0,IN_LINE,False,,,,,UNKNOWN,True,True,True,Alpha Vantage EARNINGS,primary_event_data,PRIMARY_EVENT_DATA,False,False,False,True
MSFT,Information Technology,2012-09-30,2012-10-18,0.53,0.56,-0.03,-5.3571,-5.357142857142862,MISS,False,,,,,UNKNOWN,True,True,True,Alpha Vantage EARNINGS,primary_event_data,PRIMARY_EVENT_DATA,False,False,False,True
MSFT,Information Technology,2012-06-30,2012-07-19,0.73,0.62,0.11,17.7419,17.741935483870964,LARGE_BEAT,True,,,,,UNKNOWN,True,True,True,Alpha Vantage EARNINGS,primary_event_data,PRIMARY_EVENT_DATA,False,False,False,True
MSFT,Information Technology,2012-03-31,2012-04-19,0.6,0.58,0.02,3.4483,3.448275862068969,BEAT,True,,,,,UNKNOWN,True,True,True,Alpha Vantage EARNINGS,primary_event_data,PRIMARY_EVENT_DATA,False,False,False,True
MSFT,Information Technology,2011-12-31,2012-01-19,0.78,0.76,0.02,2.6316,2.6315789473684235,IN_LINE,True,,,,,UNKNOWN,True,True,True,Alpha Vantage EARNINGS,primary_event_data,PRIMARY_EVENT_DATA,False,False,False,True
MSFT,Information Technology,2011-09-30,2011-10-20,0.68,0.68,0.0,0.0,0.0,IN_LINE,False,,,,,UNKNOWN,True,True,True,Alpha Vantage EARNINGS,primary_event_data,PRIMARY_EVENT_DATA,False,False,False,True
MSFT,Information Technology,2011-06-30,2011-07-21,0.69,0.58,0.11,18.9655,18.96551724137931,LARGE_BEAT,True,,,,,UNKNOWN,True,True,True,Alpha Vantage EARNINGS,primary_event_data,PRIMARY_EVENT_DATA,False,False,False,True
MSFT,Information Technology,2011-03-31,2011-04-28,0.61,0.56,0.05,8.9286,8.928571428571416,BEAT,True,,,,,UNKNOWN,True,True,True,Alpha Vantage EARNINGS,primary_event_data,PRIMARY_EVENT_DATA,False,False,False,True
MSFT,Information Technology,2010-12-31,2011-01-27,0.77,0.68,0.09,13.2353,13.235294117647053,LARGE_BEAT,True,,,,,UNKNOWN,True,True,True,Alpha Vantage EARNINGS,primary_event_data,PRIMARY_EVENT_DATA,False,False,False,True
MSFT,Information Technology,2010-09-30,2010-10-28,0.62,0.55,0.07,12.7273,12.727272727272718,LARGE_BEAT,True,,,,,UNKNOWN,True,True,True,Alpha Vantage EARNINGS,primary_event_data,PRIMARY_EVENT_DATA,False,False,False,True
MSFT,Information Technology,2010-06-30,2010-07-22,0.51,0.46,0.05,10.8696,10.869565217391301,LARGE_BEAT,True,,,,,UNKNOWN,True,True,True,Alpha Vantage EARNINGS,primary_event_data,PRIMARY_EVENT_DATA,False,False,False,True
MSFT,Information Technology,2010-03-31,2010-04-22,0.45,0.42,0.03,7.1429,7.1428571428571495,BEAT,True,,,,,UNKNOWN,True,True,True,Alpha Vantage EARNINGS,primary_event_data,PRIMARY_EVENT_DATA,False,False,False,True
MSFT,Information Technology,2009-12-31,2010-01-28,0.74,0.59,0.15,25.4237,25.423728813559325,LARGE_BEAT,True,,,,,UNKNOWN,True,True,True,Alpha Vantage EARNINGS,primary_event_data,PRIMARY_EVENT_DATA,False,False,False,True
MSFT,Information Technology,2009-09-30,2009-10-23,0.4,0.32,0.08,25.0,25.000000000000007,LARGE_BEAT,True,,,,,UNKNOWN,True,True,True,Alpha Vantage EARNINGS,primary_event_data,PRIMARY_EVENT_DATA,False,False,False,True
MSFT,Information Technology,2009-06-30,2009-07-23,0.36,0.36,0.0,0.0,0.0,IN_LINE,False,,,,,UNKNOWN,True,True,True,Alpha Vantage EARNINGS,primary_event_data,PRIMARY_EVENT_DATA,False,False,False,True
MSFT,Information Technology,2009-03-31,2009-04-23,0.39,0.39,0.0,0.0,0.0,IN_LINE,False,,,,,UNKNOWN,True,True,True,Alpha Vantage EARNINGS,primary_event_data,PRIMARY_EVENT_DATA,False,False,False,True
MSFT,Information Technology,2008-12-31,2009-01-22,0.47,0.49,-0.02,-4.0816,-4.081632653061228,MISS,False,,,,,UNKNOWN,True,True,True,Alpha Vantage EARNINGS,primary_event_data,PRIMARY_EVENT_DATA,False,False,False,True
MSFT,Information Technology,2008-09-30,2008-10-23,0.48,0.47,0.01,2.1277,2.1276595744680873,IN_LINE,True,,,,,UNKNOWN,True,True,True,Alpha Vantage EARNINGS,primary_event_data,PRIMARY_EVENT_DATA,False,False,False,True
MSFT,Information Technology,2008-06-30,2008-07-17,0.46,0.47,-0.01,-2.1277,-2.1276595744680753,IN_LINE,False,,,,,UNKNOWN,True,True,True,Alpha Vantage EARNINGS,primary_event_data,PRIMARY_EVENT_DATA,False,False,False,True
MSFT,Information Technology,2008-03-31,2008-04-24,0.47,0.44,0.03,6.8182,6.818181818181812,BEAT,True,,,,,UNKNOWN,True,True,True,Alpha Vantage EARNINGS,primary_event_data,PRIMARY_EVENT_DATA,False,False,False,True
MSFT,Information Technology,2007-12-31,2008-01-24,0.5,0.46,0.04,8.6957,8.69565217391304,BEAT,True,,,,,UNKNOWN,True,True,True,Alpha Vantage EARNINGS,primary_event_data,PRIMARY_EVENT_DATA,False,False,False,True
MSFT,Information Technology,2007-09-30,2007-10-25,0.45,0.39,0.06,15.3846,15.384615384615383,LARGE_BEAT,True,,,,,UNKNOWN,True,True,True,Alpha Vantage EARNINGS,primary_event_data,PRIMARY_EVENT_DATA,False,False,False,True
MSFT,Information Technology,2007-06-30,2007-07-19,0.31,0.34,-0.03,-8.8235,-8.823529411764714,MISS,False,,,,,UNKNOWN,True,True,True,Alpha Vantage EARNINGS,primary_event_data,PRIMARY_EVENT_DATA,False,False,False,True
MSFT,Information Technology,2007-03-31,2007-04-26,0.5,0.46,0.04,8.6957,8.69565217391304,BEAT,True,,,,,UNKNOWN,True,True,True,Alpha Vantage EARNINGS,primary_event_data,PRIMARY_EVENT_DATA,False,False,False,True
MSFT,Information Technology,2006-12-31,2007-01-25,0.26,0.24,0.02,8.3333,8.333333333333341,BEAT,True,,,,,UNKNOWN,True,True,True,Alpha Vantage EARNINGS,primary_event_data,PRIMARY_EVENT_DATA,False,False,False,True
MSFT,Information Technology,2006-09-30,2006-10-26,0.35,0.31,0.04,12.9032,12.903225806451607,LARGE_BEAT,True,,,,,UNKNOWN,True,True,True,Alpha Vantage EARNINGS,primary_event_data,PRIMARY_EVENT_DATA,False,False,False,True
MSFT,Information Technology,2006-06-30,2006-07-20,0.31,0.3,0.01,3.3333,3.3333333333333366,BEAT,True,,,,,UNKNOWN,True,True,True,Alpha Vantage EARNINGS,primary_event_data,PRIMARY_EVENT_DATA,False,False,False,True
MSFT,Information Technology,2006-03-31,2006-04-27,0.32,0.33,-0.01,-3.0303,-3.030303030303033,MISS,False,,,,,UNKNOWN,True,True,True,Alpha Vantage EARNINGS,primary_event_data,PRIMARY_EVENT_DATA,False,False,False,True
MSFT,Information Technology,2005-12-31,2006-01-26,0.36,0.36,0.0,0.0,0.0,IN_LINE,False,,,,,UNKNOWN,True,True,True,Alpha Vantage EARNINGS,primary_event_data,PRIMARY_EVENT_DATA,False,False,False,True
MSFT,Information Technology,2005-09-30,2005-10-27,0.34,0.34,0.0,0.0,0.0,IN_LINE,False,,,,,UNKNOWN,True,True,True,Alpha Vantage EARNINGS,primary_event_data,PRIMARY_EVENT_DATA,False,False,False,True
MSFT,Information Technology,2005-06-30,2005-07-21,0.33,0.31,0.02,6.4516,6.451612903225811,BEAT,True,,,,,UNKNOWN,True,True,True,Alpha Vantage EARNINGS,primary_event_data,PRIMARY_EVENT_DATA,False,False,False,True
MSFT,Information Technology,2005-03-31,2005-04-28,0.32,0.32,0.0,0.0,0.0,IN_LINE,False,,,,,UNKNOWN,True,True,True,Alpha Vantage EARNINGS,primary_event_data,PRIMARY_EVENT_DATA,False,False,False,True
MSFT,Information Technology,2004-12-31,2005-01-27,0.35,0.33,0.02,6.0606,6.060606060606049,BEAT,True,,,,,UNKNOWN,True,True,True,Alpha Vantage EARNINGS,primary_event_data,PRIMARY_EVENT_DATA,False,False,False,True
MSFT,Information Technology,2004-09-30,2004-10-21,0.31,0.3,0.01,3.3333,3.3333333333333366,BEAT,True,,,,,UNKNOWN,True,True,True,Alpha Vantage EARNINGS,primary_event_data,PRIMARY_EVENT_DATA,False,False,False,True
MSFT,Information Technology,2004-06-30,2004-07-22,0.28,0.28,0.0,0.0,0.0,IN_LINE,False,,,,,UNKNOWN,True,True,True,Alpha Vantage EARNINGS,primary_event_data,PRIMARY_EVENT_DATA,False,False,False,True
MSFT,Information Technology,2004-03-31,2004-04-22,0.34,0.29,0.05,17.2414,17.241379310344847,LARGE_BEAT,True,,,,,UNKNOWN,True,True,True,Alpha Vantage EARNINGS,primary_event_data,PRIMARY_EVENT_DATA,False,False,False,True
MSFT,Information Technology,2003-12-31,2004-01-22,0.34,0.3,0.04,13.3333,13.333333333333346,LARGE_BEAT,True,,,,,UNKNOWN,True,True,True,Alpha Vantage EARNINGS,primary_event_data,PRIMARY_EVENT_DATA,False,False,False,True
MSFT,Information Technology,2003-09-30,2003-10-23,0.3,0.29,0.01,3.4483,3.448275862068969,BEAT,True,,,,,UNKNOWN,True,True,True,Alpha Vantage EARNINGS,primary_event_data,PRIMARY_EVENT_DATA,False,False,False,True
MSFT,Information Technology,2003-06-30,2003-07-17,0.23,0.23,0.0,0.0,0.0,IN_LINE,False,,,,,UNKNOWN,True,True,True,Alpha Vantage EARNINGS,primary_event_data,PRIMARY_EVENT_DATA,False,False,False,True
MSFT,Information Technology,2003-03-31,2003-04-15,0.26,0.23,0.03,13.0435,13.043478260869565,LARGE_BEAT,True,,,,,UNKNOWN,True,True,True,Alpha Vantage EARNINGS,primary_event_data,PRIMARY_EVENT_DATA,False,False,False,True
MSFT,Information Technology,2002-12-31,2003-01-16,0.27,0.23,0.04,17.3913,17.39130434782609,LARGE_BEAT,True,,,,,UNKNOWN,True,True,True,Alpha Vantage EARNINGS,primary_event_data,PRIMARY_EVENT_DATA,False,False,False,True
MSFT,Information Technology,2002-09-30,2002-10-17,0.28,0.21,0.07,33.3333,33.33333333333336,LARGE_BEAT,True,,,,,UNKNOWN,True,True,True,Alpha Vantage EARNINGS,primary_event_data,PRIMARY_EVENT_DATA,False,False,False,True
MSFT,Information Technology,2002-06-30,2002-07-18,0.21,0.21,0.0,0.0,0.0,IN_LINE,False,,,,,UNKNOWN,True,True,True,Alpha Vantage EARNINGS,primary_event_data,PRIMARY_EVENT_DATA,False,False,False,True
MSFT,Information Technology,2002-03-31,2002-04-18,0.25,0.25,0.0,0.0,0.0,IN_LINE,False,,,,,UNKNOWN,True,True,True,Alpha Vantage EARNINGS,primary_event_data,PRIMARY_EVENT_DATA,False,False,False,True
MSFT,Information Technology,2001-12-31,2002-01-17,0.25,0.22,0.03,13.6364,13.636363636363635,LARGE_BEAT,True,,,,,UNKNOWN,True,True,True,Alpha Vantage EARNINGS,primary_event_data,PRIMARY_EVENT_DATA,False,False,False,True
MSFT,Information Technology,2001-09-30,2001-10-18,0.22,0.2,0.02,10.0,9.999999999999995,LARGE_BEAT,True,,,,,UNKNOWN,True,True,True,Alpha Vantage EARNINGS,primary_event_data,PRIMARY_EVENT_DATA,False,False,False,True
MSFT,Information Technology,2001-06-30,2001-07-19,0.22,0.21,0.01,4.7619,4.761904761904766,BEAT,True,,,,,UNKNOWN,True,True,True,Alpha Vantage EARNINGS,primary_event_data,PRIMARY_EVENT_DATA,False,False,False,True
MSFT,Information Technology,2001-03-31,2001-04-19,0.22,0.21,0.01,4.7619,4.761904761904766,BEAT,True,,,,,UNKNOWN,True,True,True,Alpha Vantage EARNINGS,primary_event_data,PRIMARY_EVENT_DATA,False,False,False,True
MSFT,Information Technology,2000-12-31,2001-01-18,0.24,0.23,0.01,4.3478,4.3478260869565135,BEAT,True,,,,,UNKNOWN,True,True,True,Alpha Vantage EARNINGS,primary_event_data,PRIMARY_EVENT_DATA,False,False,False,True
MSFT,Information Technology,2000-09-30,2000-10-18,0.23,0.21,0.02,9.5238,9.523809523809533,BEAT,True,,,,,UNKNOWN,True,True,True,Alpha Vantage EARNINGS,primary_event_data,PRIMARY_EVENT_DATA,False,False,False,True
MSFT,Information Technology,2000-06-30,2000-07-18,0.22,0.21,0.01,4.7619,4.761904761904766,BEAT,True,,,,,UNKNOWN,True,True,True,Alpha Vantage EARNINGS,primary_event_data,PRIMARY_EVENT_DATA,False,False,False,True
MSFT,Information Technology,2000-03-31,2000-04-20,0.22,0.2,0.02,10.0,9.999999999999995,LARGE_BEAT,True,,,,,UNKNOWN,True,True,True,Alpha Vantage EARNINGS,primary_event_data,PRIMARY_EVENT_DATA,False,False,False,True
MSFT,Information Technology,1999-12-31,2000-01-18,0.24,0.21,0.03,14.2857,14.285714285714285,LARGE_BEAT,True,,,,,UNKNOWN,True,True,True,Alpha Vantage EARNINGS,primary_event_data,PRIMARY_EVENT_DATA,False,False,False,True
MSFT,Information Technology,1999-09-30,1999-10-19,0.19,0.17,0.02,11.7647,11.764705882352935,LARGE_BEAT,True,,,,,UNKNOWN,True,True,True,Alpha Vantage EARNINGS,primary_event_data,PRIMARY_EVENT_DATA,False,False,False,True
MSFT,Information Technology,1999-06-30,1999-07-19,0.2,0.18,0.02,11.1111,11.111111111111121,LARGE_BEAT,True,,,,,UNKNOWN,True,True,True,Alpha Vantage EARNINGS,primary_event_data,PRIMARY_EVENT_DATA,False,False,False,True
MSFT,Information Technology,1999-03-31,1999-04-20,0.19,0.16,0.03,18.75,18.75,LARGE_BEAT,True,,,,,UNKNOWN,True,True,True,Alpha Vantage EARNINGS,primary_event_data,PRIMARY_EVENT_DATA,False,False,False,True
MSFT,Information Technology,1998-12-31,1999-01-19,0.18,0.15,0.03,20.0,20.0,LARGE_BEAT,True,,,,,UNKNOWN,True,True,True,Alpha Vantage EARNINGS,primary_event_data,PRIMARY_EVENT_DATA,False,False,False,True
MSFT,Information Technology,1998-09-30,1998-10-20,0.14,0.12,0.02,16.6667,16.666666666666682,LARGE_BEAT,True,,,,,UNKNOWN,True,True,True,Alpha Vantage EARNINGS,primary_event_data,PRIMARY_EVENT_DATA,False,False,False,True
MSFT,Information Technology,1998-06-30,1998-07-16,0.13,0.12,0.01,8.3333,8.333333333333341,BEAT,True,,,,,UNKNOWN,True,True,True,Alpha Vantage EARNINGS,primary_event_data,PRIMARY_EVENT_DATA,False,False,False,True
MSFT,Information Technology,1998-03-31,1998-04-22,0.13,0.12,0.01,8.3333,8.333333333333341,BEAT,True,,,,,UNKNOWN,True,True,True,Alpha Vantage EARNINGS,primary_event_data,PRIMARY_EVENT_DATA,False,False,False,True
MSFT,Information Technology,1997-12-31,1998-01-21,0.11,0.1,0.01,10.0,9.999999999999995,LARGE_BEAT,True,,,,,UNKNOWN,True,True,True,Alpha Vantage EARNINGS,primary_event_data,PRIMARY_EVENT_DATA,False,False,False,True
MSFT,Information Technology,1997-09-30,1997-10-20,0.09,0.09,0.0,0.0,0.0,IN_LINE,False,,,,,UNKNOWN,True,True,True,Alpha Vantage EARNINGS,primary_event_data,PRIMARY_EVENT_DATA,False,False,False,True
MSFT,Information Technology,1997-06-30,1997-07-17,0.1,0.1,0.0,0.0,0.0,IN_LINE,False,,,,,UNKNOWN,True,True,True,Alpha Vantage EARNINGS,primary_event_data,PRIMARY_EVENT_DATA,False,False,False,True
MSFT,Information Technology,1997-03-31,1997-04-17,0.1,0.08,0.02,25.0,25.000000000000007,LARGE_BEAT,True,,,,,UNKNOWN,True,True,True,Alpha Vantage EARNINGS,primary_event_data,PRIMARY_EVENT_DATA,False,False,False,True
MSFT,Information Technology,1996-12-31,1997-01-17,0.07,0.06,0.01,16.6667,16.666666666666682,LARGE_BEAT,True,,,,,UNKNOWN,True,True,True,Alpha Vantage EARNINGS,primary_event_data,PRIMARY_EVENT_DATA,False,False,False,True
MSFT,Information Technology,1996-09-30,1996-10-21,0.06,0.06,0.0,0.0,0.0,IN_LINE,False,,,,,UNKNOWN,True,True,True,Alpha Vantage EARNINGS,primary_event_data,PRIMARY_EVENT_DATA,False,False,False,True
MSFT,Information Technology,1996-06-30,1996-07-22,0.05,0.05,0.0,0.0,0.0,IN_LINE,False,,,,,UNKNOWN,True,True,True,Alpha Vantage EARNINGS,primary_event_data,PRIMARY_EVENT_DATA,False,False,False,True
MSFT,Information Technology,1996-03-31,1996-04-18,0.06,0.05,0.01,20.0,19.99999999999999,LARGE_BEAT,True,,,,,UNKNOWN,True,True,True,Alpha Vantage EARNINGS,primary_event_data,PRIMARY_EVENT_DATA,False,False,False,True
AAPL,Information Technology,2026-06-30,2026-07-30,2.02,1.88,0.14,7.4468,7.446808510638305,BEAT,True,,,,,UNKNOWN,True,True,True,Alpha Vantage EARNINGS,primary_event_data,PRIMARY_EVENT_DATA,False,False,False,True
AAPL,Information Technology,2026-03-31,2026-04-30,2.01,1.94,0.07,3.6082,3.6082474226804044,BEAT,True,,,,,UNKNOWN,True,True,True,Alpha Vantage EARNINGS,primary_event_data,PRIMARY_EVENT_DATA,False,False,False,True
AAPL,Information Technology,2025-12-31,2026-01-29,2.84,2.67,0.17,6.367,6.3670411985018704,BEAT,True,,,,,UNKNOWN,True,True,True,Alpha Vantage EARNINGS,primary_event_data,PRIMARY_EVENT_DATA,False,False,False,True
AAPL,Information Technology,2025-09-30,2025-10-30,1.85,1.77,0.08,4.5198,4.51977401129944,BEAT,True,,,,,UNKNOWN,True,True,True,Alpha Vantage EARNINGS,primary_event_data,PRIMARY_EVENT_DATA,False,False,False,True
AAPL,Information Technology,2025-06-30,2025-07-31,1.57,1.43,0.14,9.7902,9.790209790209799,BEAT,True,,,,,UNKNOWN,True,True,True,Alpha Vantage EARNINGS,primary_event_data,PRIMARY_EVENT_DATA,False,False,False,True
AAPL,Information Technology,2025-03-31,2025-05-01,1.65,1.62,0.03,1.8519,1.8518518518518396,IN_LINE,True,,,,,UNKNOWN,True,True,True,Alpha Vantage EARNINGS,primary_event_data,PRIMARY_EVENT_DATA,False,False,False,True
AAPL,Information Technology,2024-12-31,2025-01-30,2.4,2.34,0.06,2.5641,2.5641025641025665,IN_LINE,True,,,,,UNKNOWN,True,True,True,Alpha Vantage EARNINGS,primary_event_data,PRIMARY_EVENT_DATA,False,False,False,True
AAPL,Information Technology,2024-09-30,2024-10-31,0.97,0.95,0.02,2.1053,2.105263157894739,IN_LINE,True,,,,,UNKNOWN,True,True,True,Alpha Vantage EARNINGS,primary_event_data,PRIMARY_EVENT_DATA,False,False,False,True
AAPL,Information Technology,2024-06-30,2024-08-01,1.4,1.34,0.06,4.4776,4.477611940298495,BEAT,True,,,,,UNKNOWN,True,True,True,Alpha Vantage EARNINGS,primary_event_data,PRIMARY_EVENT_DATA,False,False,False,True
AAPL,Information Technology,2024-03-31,2024-05-02,1.53,1.5,0.03,2.0,2.0000000000000018,IN_LINE,True,,,,,UNKNOWN,True,True,True,Alpha Vantage EARNINGS,primary_event_data,PRIMARY_EVENT_DATA,False,False,False,True
AAPL,Information Technology,2023-12-31,2024-02-01,2.18,2.11,0.07,3.3175,3.31753554502371,BEAT,True,,,,,UNKNOWN,True,True,True,Alpha Vantage EARNINGS,primary_event_data,PRIMARY_EVENT_DATA,False,False,False,True
AAPL,Information Technology,2023-09-30,2023-11-02,1.46,1.39,0.07,5.036,5.035971223021588,BEAT,True,,,,,UNKNOWN,True,True,True,Alpha Vantage EARNINGS,primary_event_data,PRIMARY_EVENT_DATA,False,False,False,True
AAPL,Information Technology,2023-06-30,2023-08-03,1.26,1.19,0.07,5.8824,5.882352941176476,BEAT,True,,,,,UNKNOWN,True,True,True,Alpha Vantage EARNINGS,primary_event_data,PRIMARY_EVENT_DATA,False,False,False,True
AAPL,Information Technology,2023-03-31,2023-05-04,1.52,1.43,0.09,6.2937,6.2937062937062995,BEAT,True,,,,,UNKNOWN,True,True,True,Alpha Vantage EARNINGS,primary_event_data,PRIMARY_EVENT_DATA,False,False,False,True
AAPL,Information Technology,2022-12-31,2023-02-02,1.88,1.95,-0.07,-3.5897,-3.589743589743593,MISS,False,,,,,UNKNOWN,True,True,True,Alpha Vantage EARNINGS,primary_event_data,PRIMARY_EVENT_DATA,False,False,False,True
AAPL,Information Technology,2022-09-30,2022-10-27,1.29,1.27,0.02,1.5748,1.5748031496063006,IN_LINE,True,,,,,UNKNOWN,True,True,True,Alpha Vantage EARNINGS,primary_event_data,PRIMARY_EVENT_DATA,False,False,False,True
AAPL,Information Technology,2022-06-30,2022-07-28,1.2,1.15,0.05,4.3478,4.347826086956526,BEAT,True,,,,,UNKNOWN,True,True,True,Alpha Vantage EARNINGS,primary_event_data,PRIMARY_EVENT_DATA,False,False,False,True
AAPL,Information Technology,2022-03-31,2022-04-28,1.52,1.43,0.09,6.2937,6.2937062937062995,BEAT,True,,,,,UNKNOWN,True,True,True,Alpha Vantage EARNINGS,primary_event_data,PRIMARY_EVENT_DATA,False,False,False,True
AAPL,Information Technology,2021-12-31,2022-01-27,2.1,1.89,0.21,11.1111,11.111111111111121,LARGE_BEAT,True,,,,,UNKNOWN,True,True,True,Alpha Vantage EARNINGS,primary_event_data,PRIMARY_EVENT_DATA,False,False,False,True
AAPL,Information Technology,2021-09-30,2021-10-28,1.24,1.24,0.0,0.0,0.0,IN_LINE,False,,,,,UNKNOWN,True,True,True,Alpha Vantage EARNINGS,primary_event_data,PRIMARY_EVENT_DATA,False,False,False,True
AAPL,Information Technology,2021-06-30,2021-07-27,1.3,1.01,0.29,28.7129,28.712871287128717,LARGE_BEAT,True,,,,,UNKNOWN,True,True,True,Alpha Vantage EARNINGS,primary_event_data,PRIMARY_EVENT_DATA,False,False,False,True
AAPL,Information Technology,2021-03-31,2021-04-28,1.4,0.98,0.42,42.8571,42.85714285714285,LARGE_BEAT,True,,,,,UNKNOWN,True,True,True,Alpha Vantage EARNINGS,primary_event_data,PRIMARY_EVENT_DATA,False,False,False,True
AAPL,Information Technology,2020-12-31,2021-01-27,1.68,1.42,0.26,18.3099,18.30985915492958,LARGE_BEAT,True,,,,,UNKNOWN,True,True,True,Alpha Vantage EARNINGS,primary_event_data,PRIMARY_EVENT_DATA,False,False,False,True
AAPL,Information Technology,2020-09-30,2020-10-29,0.73,0.7,0.03,4.2857,4.28571428571429,BEAT,True,,,,,UNKNOWN,True,True,True,Alpha Vantage EARNINGS,primary_event_data,PRIMARY_EVENT_DATA,False,False,False,True
AAPL,Information Technology,2020-06-30,2020-07-30,0.65,0.51,0.14,27.451,27.450980392156865,LARGE_BEAT,True,,,,,UNKNOWN,True,True,True,Alpha Vantage EARNINGS,primary_event_data,PRIMARY_EVENT_DATA,False,False,False,True
AAPL,Information Technology,2020-03-31,2020-04-30,0.64,0.56,0.08,14.2857,14.285714285714276,LARGE_BEAT,True,,,,,UNKNOWN,True,True,True,Alpha Vantage EARNINGS,primary_event_data,PRIMARY_EVENT_DATA,False,False,False,True
AAPL,Information Technology,2019-12-31,2020-01-28,1.25,1.14,0.11,9.6491,9.649122807017553,BEAT,True,,,,,UNKNOWN,True,True,True,Alpha Vantage EARNINGS,primary_event_data,PRIMARY_EVENT_DATA,False,False,False,True
AAPL,Information Technology,2019-09-30,2019-10-30,0.76,0.71,0.05,7.0423,7.042253521126768,BEAT,True,,,,,UNKNOWN,True,True,True,Alpha Vantage EARNINGS,primary_event_data,PRIMARY_EVENT_DATA,False,False,False,True
AAPL,Information Technology,2019-06-30,2019-07-30,0.55,0.53,0.02,3.7736,3.7735849056603805,BEAT,True,,,,,UNKNOWN,True,True,True,Alpha Vantage EARNINGS,primary_event_data,PRIMARY_EVENT_DATA,False,False,False,True
AAPL,Information Technology,2019-03-31,2019-04-30,0.62,0.59,0.03,5.0847,5.084745762711869,BEAT,True,,,,,UNKNOWN,True,True,True,Alpha Vantage EARNINGS,primary_event_data,PRIMARY_EVENT_DATA,False,False,False,True
AAPL,Information Technology,2018-12-31,2019-01-29,1.05,1.04,0.01,0.9615,0.9615384615384623,IN_LINE,True,,,,,UNKNOWN,True,True,True,Alpha Vantage EARNINGS,primary_event_data,PRIMARY_EVENT_DATA,False,False,False,True
AAPL,Information Technology,2018-09-30,2018-11-01,0.73,0.7,0.03,4.2857,4.28571428571429,BEAT,True,,,,,UNKNOWN,True,True,True,Alpha Vantage EARNINGS,primary_event_data,PRIMARY_EVENT_DATA,False,False,False,True
AAPL,Information Technology,2018-06-30,2018-07-31,0.585,0.545,0.04,7.3394,7.339449541284389,BEAT,True,,,,,UNKNOWN,True,True,True,Alpha Vantage EARNINGS,primary_event_data,PRIMARY_EVENT_DATA,False,False,False,True
AAPL,Information Technology,2018-03-31,2018-05-01,0.6825,0.6725,0.01,1.487,1.4869888475836444,IN_LINE,True,,,,,UNKNOWN,True,True,True,Alpha Vantage EARNINGS,primary_event_data,PRIMARY_EVENT_DATA,False,False,False,True
AAPL,Information Technology,2017-12-31,2018-02-01,0.9725,0.965,0.0075,0.7772,0.7772020725388666,IN_LINE,True,,,,,UNKNOWN,True,True,True,Alpha Vantage EARNINGS,primary_event_data,PRIMARY_EVENT_DATA,False,False,False,True
AAPL,Information Technology,2017-09-30,2017-11-02,0.5175,0.4675,0.05,10.6952,10.695187165775385,LARGE_BEAT,True,,,,,UNKNOWN,True,True,True,Alpha Vantage EARNINGS,primary_event_data,PRIMARY_EVENT_DATA,False,False,False,True
AAPL,Information Technology,2017-06-30,2017-08-01,0.4175,0.3925,0.025,6.3694,6.369426751592348,BEAT,True,,,,,UNKNOWN,True,True,True,Alpha Vantage EARNINGS,primary_event_data,PRIMARY_EVENT_DATA,False,False,False,True
AAPL,Information Technology,2017-03-31,2017-05-02,0.525,0.505,0.02,3.9604,3.960396039603964,BEAT,True,,,,,UNKNOWN,True,True,True,Alpha Vantage EARNINGS,primary_event_data,PRIMARY_EVENT_DATA,False,False,False,True
AAPL,Information Technology,2016-12-31,2017-01-31,0.84,0.8025,0.0375,4.6729,4.67289719626168,BEAT,True,,,,,UNKNOWN,True,True,True,Alpha Vantage EARNINGS,primary_event_data,PRIMARY_EVENT_DATA,False,False,False,True
AAPL,Information Technology,2016-09-30,2016-10-25,0.4175,0.415,0.0025,0.6024,0.6024096385542175,IN_LINE,True,,,,,UNKNOWN,True,True,True,Alpha Vantage EARNINGS,primary_event_data,PRIMARY_EVENT_DATA,False,False,False,True
AAPL,Information Technology,2016-06-30,2016-07-26,0.355,0.345,0.01,2.8986,2.898550724637684,IN_LINE,True,,,,,UNKNOWN,True,True,True,Alpha Vantage EARNINGS,primary_event_data,PRIMARY_EVENT_DATA,False,False,False,True
AAPL,Information Technology,2016-03-31,2016-04-26,0.475,0.5,-0.025,-5.0,-5.000000000000004,MISS,False,,,,,UNKNOWN,True,True,True,Alpha Vantage EARNINGS,primary_event_data,PRIMARY_EVENT_DATA,False,False,False,True
AAPL,Information Technology,2015-12-31,2016-01-26,0.82,0.8075,0.0125,1.548,1.5479876160990658,IN_LINE,True,,,,,UNKNOWN,True,True,True,Alpha Vantage EARNINGS,primary_event_data,PRIMARY_EVENT_DATA,False,False,False,True
AAPL,Information Technology,2015-09-30,2015-10-27,0.49,0.47,0.02,4.2553,4.255319148936175,BEAT,True,,,,,UNKNOWN,True,True,True,Alpha Vantage EARNINGS,primary_event_data,PRIMARY_EVENT_DATA,False,False,False,True
AAPL,Information Technology,2015-06-30,2015-07-21,0.4625,0.4525,0.01,2.2099,2.2099447513812174,IN_LINE,True,,,,,UNKNOWN,True,True,True,Alpha Vantage EARNINGS,primary_event_data,PRIMARY_EVENT_DATA,False,False,False,True
AAPL,Information Technology,2015-03-31,2015-04-27,0.5825,0.54,0.0425,7.8704,7.870370370370367,BEAT,True,,,,,UNKNOWN,True,True,True,Alpha Vantage EARNINGS,primary_event_data,PRIMARY_EVENT_DATA,False,False,False,True
AAPL,Information Technology,2014-12-31,2015-01-27,0.765,0.65,0.115,17.6923,17.69230769230769,LARGE_BEAT,True,,,,,UNKNOWN,True,True,True,Alpha Vantage EARNINGS,primary_event_data,PRIMARY_EVENT_DATA,False,False,False,True
AAPL,Information Technology,2014-09-30,2014-10-20,0.355,0.3275,0.0275,8.3969,8.396946564885486,BEAT,True,,,,,UNKNOWN,True,True,True,Alpha Vantage EARNINGS,primary_event_data,PRIMARY_EVENT_DATA,False,False,False,True
AAPL,Information Technology,2014-06-30,2014-07-22,0.32,0.3075,0.0125,4.065,4.065040650406507,BEAT,True,,,,,UNKNOWN,True,True,True,Alpha Vantage EARNINGS,primary_event_data,PRIMARY_EVENT_DATA,False,False,False,True
AAPL,Information Technology,2014-03-31,2014-04-23,0.415,0.365,0.05,13.6986,13.698630136986298,LARGE_BEAT,True,,,,,UNKNOWN,True,True,True,Alpha Vantage EARNINGS,primary_event_data,PRIMARY_EVENT_DATA,False,False,False,True
AAPL,Information Technology,2013-12-31,2014-01-27,0.5175,0.5025,0.015,2.9851,2.985074626865675,IN_LINE,True,,,,,UNKNOWN,True,True,True,Alpha Vantage EARNINGS,primary_event_data,PRIMARY_EVENT_DATA,False,False,False,True
AAPL,Information Technology,2013-09-30,2013-10-28,0.295,0.285,0.01,3.5088,3.5087719298245648,BEAT,True,,,,,UNKNOWN,True,True,True,Alpha Vantage EARNINGS,primary_event_data,PRIMARY_EVENT_DATA,False,False,False,True
AAPL,Information Technology,2013-06-30,2013-07-23,0.2675,0.2625,0.005,1.9048,1.9047619047619064,IN_LINE,True,,,,,UNKNOWN,True,True,True,Alpha Vantage EARNINGS,primary_event_data,PRIMARY_EVENT_DATA,False,False,False,True
AAPL,Information Technology,2013-03-31,2013-04-23,0.36,0.3575,0.0025,0.6993,0.6993006993007,IN_LINE,True,,,,,UNKNOWN,True,True,True,Alpha Vantage EARNINGS,primary_event_data,PRIMARY_EVENT_DATA,False,False,False,True
AAPL,Information Technology,2012-12-31,2013-01-23,0.4925,0.48,0.0125,2.6042,2.604166666666669,IN_LINE,True,,,,,UNKNOWN,True,True,True,Alpha Vantage EARNINGS,primary_event_data,PRIMARY_EVENT_DATA,False,False,False,True
AAPL,Information Technology,2012-09-30,2012-10-25,0.31,0.3125,-0.0025,-0.8,-0.8000000000000007,IN_LINE,False,,,,,UNKNOWN,True,True,True,Alpha Vantage EARNINGS,primary_event_data,PRIMARY_EVENT_DATA,False,False,False,True
AAPL,Information Technology,2012-06-30,2012-07-24,0.3325,0.37,-0.0375,-10.1351,-10.135135135135128,LARGE_MISS,False,,,,,UNKNOWN,True,True,True,Alpha Vantage EARNINGS,primary_event_data,PRIMARY_EVENT_DATA,False,False,False,True
AAPL,Information Technology,2012-03-31,2012-04-24,0.44,0.3575,0.0825,23.0769,23.076923076923084,LARGE_BEAT,True,,,,,UNKNOWN,True,True,True,Alpha Vantage EARNINGS,primary_event_data,PRIMARY_EVENT_DATA,False,False,False,True
AAPL,Information Technology,2011-12-31,2012-01-24,0.495,0.3625,0.1325,36.5517,36.55172413793103,LARGE_BEAT,True,,,,,UNKNOWN,True,True,True,Alpha Vantage EARNINGS,primary_event_data,PRIMARY_EVENT_DATA,False,False,False,True
AAPL,Information Technology,2011-09-30,2011-10-18,0.2525,0.265,-0.0125,-4.717,-4.7169811320754755,MISS,False,,,,,UNKNOWN,True,True,True,Alpha Vantage EARNINGS,primary_event_data,PRIMARY_EVENT_DATA,False,False,False,True
AAPL,Information Technology,2011-06-30,2011-07-19,0.2775,0.2075,0.07,33.7349,33.734939759036166,LARGE_BEAT,True,,,,,UNKNOWN,True,True,True,Alpha Vantage EARNINGS,primary_event_data,PRIMARY_EVENT_DATA,False,False,False,True
AAPL,Information Technology,2011-03-31,2011-04-20,0.2275,0.1925,0.035,18.1818,18.181818181818183,LARGE_BEAT,True,,,,,UNKNOWN,True,True,True,Alpha Vantage EARNINGS,primary_event_data,PRIMARY_EVENT_DATA,False,False,False,True
AAPL,Information Technology,2010-12-31,2011-01-18,0.23,0.1925,0.0375,19.4805,19.480519480519483,LARGE_BEAT,True,,,,,UNKNOWN,True,True,True,Alpha Vantage EARNINGS,primary_event_data,PRIMARY_EVENT_DATA,False,False,False,True
AAPL,Information Technology,2010-09-30,2010-10-18,0.165,0.145,0.02,13.7931,13.793103448275875,LARGE_BEAT,True,,,,,UNKNOWN,True,True,True,Alpha Vantage EARNINGS,primary_event_data,PRIMARY_EVENT_DATA,False,False,False,True
AAPL,Information Technology,2010-06-30,2010-07-20,0.125,0.11,0.015,13.6364,13.636363636363635,LARGE_BEAT,True,,,,,UNKNOWN,True,True,True,Alpha Vantage EARNINGS,primary_event_data,PRIMARY_EVENT_DATA,False,False,False,True
AAPL,Information Technology,2010-03-31,2010-04-20,0.12,0.0875,0.0325,37.1429,37.142857142857146,LARGE_BEAT,True,,,,,UNKNOWN,True,True,True,Alpha Vantage EARNINGS,primary_event_data,PRIMARY_EVENT_DATA,False,False,False,True
AAPL,Information Technology,2009-12-31,2010-01-25,0.13,0.075,0.055,73.3333,73.33333333333336,LARGE_BEAT,True,,,,,UNKNOWN,True,True,True,Alpha Vantage EARNINGS,primary_event_data,PRIMARY_EVENT_DATA,False,False,False,True
AAPL,Information Technology,2009-09-30,2009-10-19,0.065,0.05,0.015,30.0,30.0,LARGE_BEAT,True,,,,,UNKNOWN,True,True,True,Alpha Vantage EARNINGS,primary_event_data,PRIMARY_EVENT_DATA,False,False,False,True
AAPL,Information Technology,2009-06-30,2009-07-21,0.0475,0.0425,0.005,11.7647,11.764705882352935,LARGE_BEAT,True,,,,,UNKNOWN,True,True,True,Alpha Vantage EARNINGS,primary_event_data,PRIMARY_EVENT_DATA,False,False,False,True
AAPL,Information Technology,2009-03-31,2009-04-22,0.0475,0.04,0.0075,18.75,18.75,LARGE_BEAT,True,,,,,UNKNOWN,True,True,True,Alpha Vantage EARNINGS,primary_event_data,PRIMARY_EVENT_DATA,False,False,False,True
AAPL,Information Technology,2008-12-31,2009-01-21,0.0625,0.05,0.0125,25.0,24.999999999999993,LARGE_BEAT,True,,,,,UNKNOWN,True,True,True,Alpha Vantage EARNINGS,primary_event_data,PRIMARY_EVENT_DATA,False,False,False,True
AAPL,Information Technology,2008-09-30,2008-10-21,0.045,0.04,0.005,12.5,12.499999999999993,LARGE_BEAT,True,,,,,UNKNOWN,True,True,True,Alpha Vantage EARNINGS,primary_event_data,PRIMARY_EVENT_DATA,False,False,False,True
AAPL,Information Technology,2008-06-30,2008-07-21,0.0425,0.0375,0.005,13.3333,13.333333333333346,LARGE_BEAT,True,,,,,UNKNOWN,True,True,True,Alpha Vantage EARNINGS,primary_event_data,PRIMARY_EVENT_DATA,False,False,False,True
AAPL,Information Technology,2008-03-31,2008-04-23,0.0425,0.0375,0.005,13.3333,13.333333333333346,LARGE_BEAT,True,,,,,UNKNOWN,True,True,True,Alpha Vantage EARNINGS,primary_event_data,PRIMARY_EVENT_DATA,False,False,False,True
AAPL,Information Technology,2007-12-31,2008-01-22,0.06,0.06,0.0,0.0,0.0,IN_LINE,False,,,,,UNKNOWN,True,True,True,Alpha Vantage EARNINGS,primary_event_data,PRIMARY_EVENT_DATA,False,False,False,True
AAPL,Information Technology,2007-09-30,2007-10-22,0.04,0.03,0.01,33.3333,33.33333333333334,LARGE_BEAT,True,,,,,UNKNOWN,True,True,True,Alpha Vantage EARNINGS,primary_event_data,PRIMARY_EVENT_DATA,False,False,False,True
AAPL,Information Technology,2007-06-30,2007-07-25,0.03,0.03,0.0,0.0,0.0,IN_LINE,False,,,,,UNKNOWN,True,True,True,Alpha Vantage EARNINGS,primary_event_data,PRIMARY_EVENT_DATA,False,False,False,True
AAPL,Information Technology,2007-03-31,2007-04-25,0.03,0.02,0.01,50.0,49.999999999999986,LARGE_BEAT,True,,,,,UNKNOWN,True,True,True,Alpha Vantage EARNINGS,primary_event_data,PRIMARY_EVENT_DATA,False,False,False,True
AAPL,Information Technology,2006-12-31,2007-01-17,0.04,0.03,0.01,33.3333,33.33333333333334,LARGE_BEAT,True,,,,,UNKNOWN,True,True,True,Alpha Vantage EARNINGS,primary_event_data,PRIMARY_EVENT_DATA,False,False,False,True
AAPL,Information Technology,2006-09-30,2006-10-18,0.02,0.02,0.0,0.0,0.0,IN_LINE,False,,,,,UNKNOWN,True,True,True,Alpha Vantage EARNINGS,primary_event_data,PRIMARY_EVENT_DATA,False,False,False,True
AAPL,Information Technology,2006-06-30,2006-07-19,0.02,0.02,0.0,0.0,0.0,IN_LINE,False,,,,,UNKNOWN,True,True,True,Alpha Vantage EARNINGS,primary_event_data,PRIMARY_EVENT_DATA,False,False,False,True
AAPL,Information Technology,2006-03-31,2006-04-19,0.02,0.01,0.01,100.0,100.0,LARGE_BEAT,True,,,,,UNKNOWN,True,True,True,Alpha Vantage EARNINGS,primary_event_data,PRIMARY_EVENT_DATA,False,False,False,True
AAPL,Information Technology,2005-12-31,2006-01-18,0.02,0.02,0.0,0.0,0.0,IN_LINE,False,,,,,UNKNOWN,True,True,True,Alpha Vantage EARNINGS,primary_event_data,PRIMARY_EVENT_DATA,False,False,False,True
AAPL,Information Technology,2005-09-30,2005-10-11,0.02,0.01,0.01,100.0,100.0,LARGE_BEAT,True,,,,,UNKNOWN,True,True,True,Alpha Vantage EARNINGS,primary_event_data,PRIMARY_EVENT_DATA,False,False,False,True
AAPL,Information Technology,2005-06-30,2005-07-13,0.01,0.01,0.0,0.0,0.0,IN_LINE,False,,,,,UNKNOWN,True,True,True,Alpha Vantage EARNINGS,primary_event_data,PRIMARY_EVENT_DATA,False,False,False,True
AAPL,Information Technology,2005-03-31,2005-04-13,0.01,0.01,0.0,0.0,0.0,IN_LINE,False,,,,,UNKNOWN,True,True,True,Alpha Vantage EARNINGS,primary_event_data,PRIMARY_EVENT_DATA,False,False,False,True
AAPL,Information Technology,2004-12-31,2005-01-12,0.01,0.01,0.0,0.0,0.0,IN_LINE,False,,,,,UNKNOWN,True,True,True,Alpha Vantage EARNINGS,primary_event_data,PRIMARY_EVENT_DATA,False,False,False,True
AAPL,Information Technology,2004-09-30,2004-10-13,0.02,0.01,0.01,100.0,100.0,LARGE_BEAT,True,,,,,UNKNOWN,True,True,True,Alpha Vantage EARNINGS,primary_event_data,PRIMARY_EVENT_DATA,False,False,False,True
AAPL,Information Technology,2004-06-30,2004-07-14,0.01,0.01,0.0,0.0,0.0,IN_LINE,False,,,,,UNKNOWN,True,True,True,Alpha Vantage EARNINGS,primary_event_data,PRIMARY_EVENT_DATA,False,False,False,True
AAPL,Information Technology,2004-03-31,2004-04-14,0.01,0.01,0.0,0.0,0.0,IN_LINE,False,,,,,UNKNOWN,True,True,True,Alpha Vantage EARNINGS,primary_event_data,PRIMARY_EVENT_DATA,False,False,False,True
AAPL,Information Technology,2003-12-31,2004-01-14,0.01,0.01,0.0,0.0,0.0,IN_LINE,False,,,,,UNKNOWN,True,True,True,Alpha Vantage EARNINGS,primary_event_data,PRIMARY_EVENT_DATA,False,False,False,True
AAPL,Information Technology,2003-09-30,2003-10-15,0.01,,0.0,,,UNKNOWN,,,,,,UNKNOWN,True,True,True,Alpha Vantage EARNINGS,primary_event_data,PRIMARY_EVENT_DATA,False,False,False,True
AAPL,Information Technology,2003-06-30,2003-07-16,0.0009,,0.0,,,UNKNOWN,,,,,,UNKNOWN,True,True,True,Alpha Vantage EARNINGS,primary_event_data,PRIMARY_EVENT_DATA,False,False,False,True
AAPL,Information Technology,2003-03-31,2003-04-16,0.0007,,0.0,,,UNKNOWN,,,,,,UNKNOWN,True,True,True,Alpha Vantage EARNINGS,primary_event_data,PRIMARY_EVENT_DATA,False,False,False,True
AAPL,Information Technology,2002-12-31,2003-01-15,-0.0004,,0.0,,,UNKNOWN,,,,,,UNKNOWN,True,True,True,Alpha Vantage EARNINGS,primary_event_data,PRIMARY_EVENT_DATA,False,False,False,True
AAPL,Information Technology,2002-09-30,2002-10-16,-0.0022,,0.0,,,UNKNOWN,,,,,,UNKNOWN,True,True,True,Alpha Vantage EARNINGS,primary_event_data,PRIMARY_EVENT_DATA,False,False,False,True
AAPL,Information Technology,2002-06-30,2002-07-16,0.01,0.01,0.0,0.0,0.0,IN_LINE,False,,,,,UNKNOWN,True,True,True,Alpha Vantage EARNINGS,primary_event_data,PRIMARY_EVENT_DATA,False,False,False,True
AAPL,Information Technology,2002-03-31,2002-04-17,0.002,,0.0,,,UNKNOWN,,,,,,UNKNOWN,True,True,True,Alpha Vantage EARNINGS,primary_event_data,PRIMARY_EVENT_DATA,False,False,False,True
AAPL,Information Technology,2001-12-31,2002-01-16,0.01,0.01,0.0,0.0,0.0,IN_LINE,False,,,,,UNKNOWN,True,True,True,Alpha Vantage EARNINGS,primary_event_data,PRIMARY_EVENT_DATA,False,False,False,True
AAPL,Information Technology,2001-09-30,2001-10-17,0.0034,,0.0,,,UNKNOWN,,,,,,UNKNOWN,True,True,True,Alpha Vantage EARNINGS,primary_event_data,PRIMARY_EVENT_DATA,False,False,False,True
AAPL,Information Technology,2001-06-30,2001-07-18,0.003,,0.0,,,UNKNOWN,,,,,,UNKNOWN,True,True,True,Alpha Vantage EARNINGS,primary_event_data,PRIMARY_EVENT_DATA,False,False,False,True
AAPL,Information Technology,2001-03-31,2001-04-18,0.01,,0.0,,,UNKNOWN,,,,,,UNKNOWN,True,True,True,Alpha Vantage EARNINGS,primary_event_data,PRIMARY_EVENT_DATA,False,False,False,True
AAPL,Information Technology,2000-12-31,2001-01-17,-0.01,-0.01,0.0,0.0,0.0,IN_LINE,False,,,,,UNKNOWN,True,True,True,Alpha Vantage EARNINGS,primary_event_data,PRIMARY_EVENT_DATA,False,False,False,True
AAPL,Information Technology,2000-09-30,2000-10-18,0.01,0.02,-0.01,-50.0,-50.0,LARGE_MISS,False,,,,,UNKNOWN,True,True,True,Alpha Vantage EARNINGS,primary_event_data,PRIMARY_EVENT_DATA,False,False,False,True
AAPL,Information Technology,2000-06-30,2000-07-18,0.01,0.01,0.0,0.0,0.0,IN_LINE,False,,,,,UNKNOWN,True,True,True,Alpha Vantage EARNINGS,primary_event_data,PRIMARY_EVENT_DATA,False,False,False,True
AAPL,Information Technology,2000-03-31,2000-04-19,0.01,0.01,0.0,0.0,0.0,IN_LINE,False,,,,,UNKNOWN,True,True,True,Alpha Vantage EARNINGS,primary_event_data,PRIMARY_EVENT_DATA,False,False,False,True
AAPL,Information Technology,1999-12-31,2000-01-19,0.01,0.01,0.0,0.0,0.0,IN_LINE,False,,,,,UNKNOWN,True,True,True,Alpha Vantage EARNINGS,primary_event_data,PRIMARY_EVENT_DATA,False,False,False,True
AAPL,Information Technology,1999-09-30,1999-10-13,0.02,0.02,0.0,0.0,0.0,IN_LINE,False,,,,,UNKNOWN,True,True,True,Alpha Vantage EARNINGS,primary_event_data,PRIMARY_EVENT_DATA,False,False,False,True
AAPL,Information Technology,1999-06-30,1999-07-14,0.01,0.01,0.0,0.0,0.0,IN_LINE,False,,,,,UNKNOWN,True,True,True,Alpha Vantage EARNINGS,primary_event_data,PRIMARY_EVENT_DATA,False,False,False,True
AAPL,Information Technology,1999-03-31,1999-04-14,0.01,0.01,0.0,0.0,0.0,IN_LINE,False,,,,,UNKNOWN,True,True,True,Alpha Vantage EARNINGS,primary_event_data,PRIMARY_EVENT_DATA,False,False,False,True
AAPL,Information Technology,1998-12-31,1999-01-13,0.01,0.01,0.0,0.0,0.0,IN_LINE,False,,,,,UNKNOWN,True,True,True,Alpha Vantage EARNINGS,primary_event_data,PRIMARY_EVENT_DATA,False,False,False,True
AAPL,Information Technology,1998-09-30,1998-10-14,0.01,0.02,-0.01,-50.0,-50.0,LARGE_MISS,False,,,,,UNKNOWN,True,True,True,Alpha Vantage EARNINGS,primary_event_data,PRIMARY_EVENT_DATA,False,False,False,True
AAPL,Information Technology,1998-06-30,1998-07-15,0.01,0.01,0.0,0.0,0.0,IN_LINE,False,,,,,UNKNOWN,True,True,True,Alpha Vantage EARNINGS,primary_event_data,PRIMARY_EVENT_DATA,False,False,False,True
AAPL,Information Technology,1998-03-31,1998-04-15,0.01,0.01,0.0,0.0,0.0,IN_LINE,False,,,,,UNKNOWN,True,True,True,Alpha Vantage EARNINGS,primary_event_data,PRIMARY_EVENT_DATA,False,False,False,True
AAPL,Information Technology,1997-12-31,1998-01-14,0.01,0.01,0.0,0.0,0.0,IN_LINE,False,,,,,UNKNOWN,True,True,True,Alpha Vantage EARNINGS,primary_event_data,PRIMARY_EVENT_DATA,False,False,False,True
AAPL,Information Technology,1997-09-30,1997-10-15,-0.0114,,0.0,,,UNKNOWN,,,,,,UNKNOWN,True,True,True,Alpha Vantage EARNINGS,primary_event_data,PRIMARY_EVENT_DATA,False,False,False,True
AAPL,Information Technology,1997-06-30,1997-07-16,-0.02,-0.02,0.0,0.0,0.0,IN_LINE,False,,,,,UNKNOWN,True,True,True,Alpha Vantage EARNINGS,primary_event_data,PRIMARY_EVENT_DATA,False,False,False,True
AAPL,Information Technology,1997-03-31,1997-04-16,-0.05,-0.04,-0.01,-25.0,-25.000000000000007,LARGE_MISS,False,,,,,UNKNOWN,True,True,True,Alpha Vantage EARNINGS,primary_event_data,PRIMARY_EVENT_DATA,False,False,False,True
AAPL,Information Technology,1996-12-31,1997-01-15,-0.03,-0.02,-0.01,-50.0,-49.999999999999986,LARGE_MISS,False,,,,,UNKNOWN,True,True,True,Alpha Vantage EARNINGS,primary_event_data,PRIMARY_EVENT_DATA,False,False,False,True
AAPL,Information Technology,1996-09-30,1996-10-16,0.0018,-0.01,0.0118,118.0,118.0,LARGE_BEAT,True,,,,,UNKNOWN,True,True,True,Alpha Vantage EARNINGS,primary_event_data,PRIMARY_EVENT_DATA,False,False,False,True
AAPL,Information Technology,1996-06-30,1996-07-17,-0.02,-0.04,0.02,50.0,50.0,LARGE_BEAT,True,,,,,UNKNOWN,True,True,True,Alpha Vantage EARNINGS,primary_event_data,PRIMARY_EVENT_DATA,False,False,False,True
AAPL,Information Technology,1996-03-31,1996-04-17,-0.07,-0.05,-0.02,-40.0,-40.00000000000001,LARGE_MISS,False,,,,,UNKNOWN,True,True,True,Alpha Vantage EARNINGS,primary_event_data,PRIMARY_EVENT_DATA,False,False,False,True
NVDA,Information Technology,2026-07-31,2026-08-26,2.22,2.09,0.13,6.2201,6.220095693779921,BEAT,True,,,,,UNKNOWN,True,True,True,Alpha Vantage EARNINGS,primary_event_data,PRIMARY_EVENT_DATA,False,False,False,True
NVDA,Information Technology,2026-04-30,2026-05-20,1.87,1.77,0.1,5.6497,5.649717514124299,BEAT,True,,,,,UNKNOWN,True,True,True,Alpha Vantage EARNINGS,primary_event_data,PRIMARY_EVENT_DATA,False,False,False,True
NVDA,Information Technology,2026-01-31,2026-02-25,1.62,1.54,0.08,5.1948,5.194805194805199,BEAT,True,,,,,UNKNOWN,True,True,True,Alpha Vantage EARNINGS,primary_event_data,PRIMARY_EVENT_DATA,False,False,False,True
NVDA,Information Technology,2025-10-31,2025-11-19,1.3,1.26,0.04,3.1746,3.174603174603177,BEAT,True,,,,,UNKNOWN,True,True,True,Alpha Vantage EARNINGS,primary_event_data,PRIMARY_EVENT_DATA,False,False,False,True
NVDA,Information Technology,2025-07-31,2025-08-27,1.05,1.01,0.04,3.9604,3.960396039603964,BEAT,True,,,,,UNKNOWN,True,True,True,Alpha Vantage EARNINGS,primary_event_data,PRIMARY_EVENT_DATA,False,False,False,True
NVDA,Information Technology,2025-04-30,2025-05-28,0.81,0.75,0.06,8.0,8.000000000000007,BEAT,True,,,,,UNKNOWN,True,True,True,Alpha Vantage EARNINGS,primary_event_data,PRIMARY_EVENT_DATA,False,False,False,True
NVDA,Information Technology,2025-01-31,2025-02-26,0.89,0.85,0.04,4.7059,4.70588235294118,BEAT,True,,,,,UNKNOWN,True,True,True,Alpha Vantage EARNINGS,primary_event_data,PRIMARY_EVENT_DATA,False,False,False,True
NVDA,Information Technology,2024-10-31,2024-11-20,0.81,0.75,0.06,8.0,8.000000000000007,BEAT,True,,,,,UNKNOWN,True,True,True,Alpha Vantage EARNINGS,primary_event_data,PRIMARY_EVENT_DATA,False,False,False,True
NVDA,Information Technology,2024-07-31,2024-08-28,0.68,0.63,0.05,7.9365,7.936507936507943,BEAT,True,,,,,UNKNOWN,True,True,True,Alpha Vantage EARNINGS,primary_event_data,PRIMARY_EVENT_DATA,False,False,False,True
NVDA,Information Technology,2024-04-30,2024-05-22,0.612,0.559,0.053,9.4812,9.481216457960631,BEAT,True,,,,,UNKNOWN,True,True,True,Alpha Vantage EARNINGS,primary_event_data,PRIMARY_EVENT_DATA,False,False,False,True
NVDA,Information Technology,2024-01-31,2024-02-21,0.516,0.461,0.055,11.9306,11.930585683297178,LARGE_BEAT,True,,,,,UNKNOWN,True,True,True,Alpha Vantage EARNINGS,primary_event_data,PRIMARY_EVENT_DATA,False,False,False,True
NVDA,Information Technology,2023-10-31,2023-11-21,0.402,0.336,0.066,19.6429,19.642857142857142,LARGE_BEAT,True,,,,,UNKNOWN,True,True,True,Alpha Vantage EARNINGS,primary_event_data,PRIMARY_EVENT_DATA,False,False,False,True
NVDA,Information Technology,2023-07-31,2023-08-23,0.27,0.207,0.063,30.4348,30.434782608695667,LARGE_BEAT,True,,,,,UNKNOWN,True,True,True,Alpha Vantage EARNINGS,primary_event_data,PRIMARY_EVENT_DATA,False,False,False,True
NVDA,Information Technology,2023-04-30,2023-05-24,0.109,0.092,0.017,18.4783,18.47826086956522,LARGE_BEAT,True,,,,,UNKNOWN,True,True,True,Alpha Vantage EARNINGS,primary_event_data,PRIMARY_EVENT_DATA,False,False,False,True
NVDA,Information Technology,2023-01-31,2023-02-22,0.088,0.081,0.007,8.642,8.641975308641966,BEAT,True,,,,,UNKNOWN,True,True,True,Alpha Vantage EARNINGS,primary_event_data,PRIMARY_EVENT_DATA,False,False,False,True
NVDA,Information Technology,2022-10-31,2022-11-16,0.058,0.071,-0.013,-18.3099,-18.309859154929566,LARGE_MISS,False,,,,,UNKNOWN,True,True,True,Alpha Vantage EARNINGS,primary_event_data,PRIMARY_EVENT_DATA,False,False,False,True
NVDA,Information Technology,2022-07-31,2022-08-24,0.051,0.0499,0.0011,2.2044,2.204408817635264,IN_LINE,True,,,,,UNKNOWN,True,True,True,Alpha Vantage EARNINGS,primary_event_data,PRIMARY_EVENT_DATA,False,False,False,True
NVDA,Information Technology,2022-04-30,2022-05-25,0.136,0.13,0.006,4.6154,4.615384615384619,BEAT,True,,,,,UNKNOWN,True,True,True,Alpha Vantage EARNINGS,primary_event_data,PRIMARY_EVENT_DATA,False,False,False,True
NVDA,Information Technology,2022-01-31,2022-02-16,0.132,0.123,0.009,7.3171,7.317073170731714,BEAT,True,,,,,UNKNOWN,True,True,True,Alpha Vantage EARNINGS,primary_event_data,PRIMARY_EVENT_DATA,False,False,False,True
NVDA,Information Technology,2021-10-31,2021-11-17,0.117,0.111,0.006,5.4054,5.40540540540541,BEAT,True,,,,,UNKNOWN,True,True,True,Alpha Vantage EARNINGS,primary_event_data,PRIMARY_EVENT_DATA,False,False,False,True
NVDA,Information Technology,2021-07-31,2021-08-18,0.104,0.102,0.002,1.9608,1.960784313725492,IN_LINE,True,,,,,UNKNOWN,True,True,True,Alpha Vantage EARNINGS,primary_event_data,PRIMARY_EVENT_DATA,False,False,False,True
NVDA,Information Technology,2021-04-30,2021-05-26,0.0915,0.0822,0.0093,11.3139,11.313868613138691,LARGE_BEAT,True,,,,,UNKNOWN,True,True,True,Alpha Vantage EARNINGS,primary_event_data,PRIMARY_EVENT_DATA,False,False,False,True
NVDA,Information Technology,2021-01-31,2021-02-24,0.0775,0.08,-0.0025,-3.125,-3.1250000000000027,MISS,False,,,,,UNKNOWN,True,True,True,Alpha Vantage EARNINGS,primary_event_data,PRIMARY_EVENT_DATA,False,False,False,True
NVDA,Information Technology,2020-10-31,2020-11-18,0.073,0.064,0.009,14.0625,14.062499999999991,LARGE_BEAT,True,,,,,UNKNOWN,True,True,True,Alpha Vantage EARNINGS,primary_event_data,PRIMARY_EVENT_DATA,False,False,False,True
NVDA,Information Technology,2020-07-31,2020-08-19,0.055,0.049,0.006,12.2449,12.24489795918367,LARGE_BEAT,True,,,,,UNKNOWN,True,True,True,Alpha Vantage EARNINGS,primary_event_data,PRIMARY_EVENT_DATA,False,False,False,True
NVDA,Information Technology,2020-04-30,2020-05-21,0.045,0.042,0.003,7.1429,7.142857142857133,BEAT,True,,,,,UNKNOWN,True,True,True,Alpha Vantage EARNINGS,primary_event_data,PRIMARY_EVENT_DATA,False,False,False,True
NVDA,Information Technology,2020-01-31,2020-02-13,0.0473,0.05,-0.0027,-5.4,-5.400000000000002,MISS,False,,,,,UNKNOWN,True,True,True,Alpha Vantage EARNINGS,primary_event_data,PRIMARY_EVENT_DATA,False,False,False,True
NVDA,Information Technology,2019-10-31,2019-11-14,0.045,0.039,0.006,15.3846,15.38461538461538,LARGE_BEAT,True,,,,,UNKNOWN,True,True,True,Alpha Vantage EARNINGS,primary_event_data,PRIMARY_EVENT_DATA,False,False,False,True
NVDA,Information Technology,2019-07-31,2019-08-15,0.031,0.029,0.002,6.8966,6.896551724137925,BEAT,True,,,,,UNKNOWN,True,True,True,Alpha Vantage EARNINGS,primary_event_data,PRIMARY_EVENT_DATA,False,False,False,True
NVDA,Information Technology,2019-04-30,2019-05-16,0.022,0.02,0.002,10.0,9.999999999999991,LARGE_BEAT,True,,,,,UNKNOWN,True,True,True,Alpha Vantage EARNINGS,primary_event_data,PRIMARY_EVENT_DATA,False,False,False,True
NVDA,Information Technology,2019-01-31,2019-02-14,0.02,0.019,0.001,5.2632,5.263157894736847,BEAT,True,,,,,UNKNOWN,True,True,True,Alpha Vantage EARNINGS,primary_event_data,PRIMARY_EVENT_DATA,False,False,False,True
NVDA,Information Technology,2018-10-31,2018-11-15,0.046,0.047,-0.001,-2.1277,-2.1276595744680873,IN_LINE,False,,,,,UNKNOWN,True,True,True,Alpha Vantage EARNINGS,primary_event_data,PRIMARY_EVENT_DATA,False,False,False,True
NVDA,Information Technology,2018-07-31,2018-08-16,0.049,0.044,0.005,11.3636,11.363636363636374,LARGE_BEAT,True,,,,,UNKNOWN,True,True,True,Alpha Vantage EARNINGS,primary_event_data,PRIMARY_EVENT_DATA,False,False,False,True
NVDA,Information Technology,2018-04-30,2018-05-10,0.051,0.04,0.011,27.5,27.499999999999993,LARGE_BEAT,True,,,,,UNKNOWN,True,True,True,Alpha Vantage EARNINGS,primary_event_data,PRIMARY_EVENT_DATA,False,False,False,True
NVDA,Information Technology,2018-01-31,2018-02-08,0.039,0.029,0.01,34.4828,34.482758620689644,LARGE_BEAT,True,,,,,UNKNOWN,True,True,True,Alpha Vantage EARNINGS,primary_event_data,PRIMARY_EVENT_DATA,False,False,False,True
NVDA,Information Technology,2017-10-31,2017-11-09,0.033,0.024,0.009,37.5,37.50000000000001,LARGE_BEAT,True,,,,,UNKNOWN,True,True,True,Alpha Vantage EARNINGS,primary_event_data,PRIMARY_EVENT_DATA,False,False,False,True
NVDA,Information Technology,2017-07-31,2017-08-10,0.023,0.017,0.006,35.2941,35.29411764705881,LARGE_BEAT,True,,,,,UNKNOWN,True,True,True,Alpha Vantage EARNINGS,primary_event_data,PRIMARY_EVENT_DATA,False,False,False,True
NVDA,Information Technology,2017-04-30,2017-05-09,0.02,0.016,0.004,25.0,25.0,LARGE_BEAT,True,,,,,UNKNOWN,True,True,True,Alpha Vantage EARNINGS,primary_event_data,PRIMARY_EVENT_DATA,False,False,False,True
NVDA,Information Technology,2017-01-31,2017-02-09,0.025,0.021,0.004,19.0476,19.047619047619047,LARGE_BEAT,True,,,,,UNKNOWN,True,True,True,Alpha Vantage EARNINGS,primary_event_data,PRIMARY_EVENT_DATA,False,False,False,True
NVDA,Information Technology,2016-10-31,2016-11-10,0.021,0.014,0.007,50.0,50.000000000000014,LARGE_BEAT,True,,,,,UNKNOWN,True,True,True,Alpha Vantage EARNINGS,primary_event_data,PRIMARY_EVENT_DATA,False,False,False,True
NVDA,Information Technology,2016-07-31,2016-08-11,0.01,0.009,0.001,11.1111,11.111111111111121,LARGE_BEAT,True,,,,,UNKNOWN,True,True,True,Alpha Vantage EARNINGS,primary_event_data,PRIMARY_EVENT_DATA,False,False,False,True
NVDA,Information Technology,2016-04-30,2016-05-12,0.008,0.008,0.0,0.0,0.0,IN_LINE,False,,,,,UNKNOWN,True,True,True,Alpha Vantage EARNINGS,primary_event_data,PRIMARY_EVENT_DATA,False,False,False,True
NVDA,Information Technology,2016-01-31,2016-02-17,0.009,0.008,0.001,12.5,12.49999999999999,LARGE_BEAT,True,,,,,UNKNOWN,True,True,True,Alpha Vantage EARNINGS,primary_event_data,PRIMARY_EVENT_DATA,False,False,False,True
NVDA,Information Technology,2015-10-31,2015-11-05,0.011,0.006,0.005,83.3333,83.33333333333331,LARGE_BEAT,True,,,,,UNKNOWN,True,True,True,Alpha Vantage EARNINGS,primary_event_data,PRIMARY_EVENT_DATA,False,False,False,True
NVDA,Information Technology,2015-07-31,2015-08-06,0.004,0.003,0.001,33.3333,33.33333333333333,LARGE_BEAT,True,,,,,UNKNOWN,True,True,True,Alpha Vantage EARNINGS,primary_event_data,PRIMARY_EVENT_DATA,False,False,False,True
NVDA,Information Technology,2015-04-30,2015-05-07,0.006,0.006,0.0,0.0,0.0,IN_LINE,False,,,,,UNKNOWN,True,True,True,Alpha Vantage EARNINGS,primary_event_data,PRIMARY_EVENT_DATA,False,False,False,True
NVDA,Information Technology,2015-01-31,2015-02-11,0.009,0.007,0.002,28.5714,28.57142857142856,LARGE_BEAT,True,,,,,UNKNOWN,True,True,True,Alpha Vantage EARNINGS,primary_event_data,PRIMARY_EVENT_DATA,False,False,False,True
NVDA,Information Technology,2014-10-31,2014-11-06,0.008,0.007,0.001,14.2857,14.285714285714285,LARGE_BEAT,True,,,,,UNKNOWN,True,True,True,Alpha Vantage EARNINGS,primary_event_data,PRIMARY_EVENT_DATA,False,False,False,True
NVDA,Information Technology,2014-07-31,2014-08-07,0.006,0.005,0.001,20.0,20.0,LARGE_BEAT,True,,,,,UNKNOWN,True,True,True,Alpha Vantage EARNINGS,primary_event_data,PRIMARY_EVENT_DATA,False,False,False,True
NVDA,Information Technology,2014-04-30,2014-05-06,0.006,0.004,0.002,50.0,50.0,LARGE_BEAT,True,,,,,UNKNOWN,True,True,True,Alpha Vantage EARNINGS,primary_event_data,PRIMARY_EVENT_DATA,False,False,False,True
NVDA,Information Technology,2014-01-31,2014-02-12,0.006,0.005,0.001,20.0,20.0,LARGE_BEAT,True,,,,,UNKNOWN,True,True,True,Alpha Vantage EARNINGS,primary_event_data,PRIMARY_EVENT_DATA,False,False,False,True
NVDA,Information Technology,2013-10-31,2013-11-07,0.005,0.005,0.0,0.0,0.0,IN_LINE,False,,,,,UNKNOWN,True,True,True,Alpha Vantage EARNINGS,primary_event_data,PRIMARY_EVENT_DATA,False,False,False,True
NVDA,Information Technology,2013-07-31,2013-08-08,0.004,0.003,0.001,33.3333,33.33333333333333,LARGE_BEAT,True,,,,,UNKNOWN,True,True,True,Alpha Vantage EARNINGS,primary_event_data,PRIMARY_EVENT_DATA,False,False,False,True
NVDA,Information Technology,2013-04-30,2013-05-09,0.0045,0.002,0.0025,125.0,124.99999999999997,LARGE_BEAT,True,,,,,UNKNOWN,True,True,True,Alpha Vantage EARNINGS,primary_event_data,PRIMARY_EVENT_DATA,False,False,False,True
NVDA,Information Technology,2013-01-31,2013-02-13,0.007,0.006,0.001,16.6667,16.666666666666664,LARGE_BEAT,True,,,,,UNKNOWN,True,True,True,Alpha Vantage EARNINGS,primary_event_data,PRIMARY_EVENT_DATA,False,False,False,True
NVDA,Information Technology,2012-10-31,2012-11-08,0.008,0.007,0.001,14.2857,14.285714285714285,LARGE_BEAT,True,,,,,UNKNOWN,True,True,True,Alpha Vantage EARNINGS,primary_event_data,PRIMARY_EVENT_DATA,False,False,False,True
NVDA,Information Technology,2012-07-31,2012-08-09,0.006,0.004,0.002,50.0,50.0,LARGE_BEAT,True,,,,,UNKNOWN,True,True,True,Alpha Vantage EARNINGS,primary_event_data,PRIMARY_EVENT_DATA,False,False,False,True
NVDA,Information Technology,2012-04-30,2012-05-11,0.003,0.002,0.001,50.0,50.0,LARGE_BEAT,True,,,,,UNKNOWN,True,True,True,Alpha Vantage EARNINGS,primary_event_data,PRIMARY_EVENT_DATA,False,False,False,True
NVDA,Information Technology,2012-01-31,2012-02-15,0.005,0.005,0.0,0.0,0.0,IN_LINE,False,,,,,UNKNOWN,True,True,True,Alpha Vantage EARNINGS,primary_event_data,PRIMARY_EVENT_DATA,False,False,False,True
NVDA,Information Technology,2011-10-31,2011-11-10,0.007,0.006,0.001,16.6667,16.666666666666664,LARGE_BEAT,True,,,,,UNKNOWN,True,True,True,Alpha Vantage EARNINGS,primary_event_data,PRIMARY_EVENT_DATA,False,False,False,True
NVDA,Information Technology,2011-07-31,2011-08-11,0.006,0.006,0.0,0.0,0.0,IN_LINE,False,,,,,UNKNOWN,True,True,True,Alpha Vantage EARNINGS,primary_event_data,PRIMARY_EVENT_DATA,False,False,False,True
NVDA,Information Technology,2011-04-30,2011-05-12,0.006,0.005,0.001,20.0,20.0,LARGE_BEAT,True,,,,,UNKNOWN,True,True,True,Alpha Vantage EARNINGS,primary_event_data,PRIMARY_EVENT_DATA,False,False,False,True
NVDA,Information Technology,2011-01-31,2011-02-16,0.006,0.004,0.002,50.0,50.0,LARGE_BEAT,True,,,,,UNKNOWN,True,True,True,Alpha Vantage EARNINGS,primary_event_data,PRIMARY_EVENT_DATA,False,False,False,True
NVDA,Information Technology,2010-10-31,2010-11-11,0.004,0.004,0.0,0.0,0.0,IN_LINE,False,,,,,UNKNOWN,True,True,True,Alpha Vantage EARNINGS,primary_event_data,PRIMARY_EVENT_DATA,False,False,False,True
NVDA,Information Technology,2010-07-31,2010-08-12,0.001,0.003,-0.002,-66.6667,-66.66666666666666,LARGE_MISS,False,,,,,UNKNOWN,True,True,True,Alpha Vantage EARNINGS,primary_event_data,PRIMARY_EVENT_DATA,False,False,False,True
NVDA,Information Technology,2010-04-30,2010-05-13,0.006,0.005,0.001,20.0,20.0,LARGE_BEAT,True,,,,,UNKNOWN,True,True,True,Alpha Vantage EARNINGS,primary_event_data,PRIMARY_EVENT_DATA,False,False,False,True
NVDA,Information Technology,2010-01-31,2010-02-17,0.006,0.005,0.001,20.0,20.0,LARGE_BEAT,True,,,,,UNKNOWN,True,True,True,Alpha Vantage EARNINGS,primary_event_data,PRIMARY_EVENT_DATA,False,False,False,True
NVDA,Information Technology,2009-10-31,2009-11-05,0.005,0.003,0.002,66.6667,66.66666666666666,LARGE_BEAT,True,,,,,UNKNOWN,True,True,True,Alpha Vantage EARNINGS,primary_event_data,PRIMARY_EVENT_DATA,False,False,False,True
NVDA,Information Technology,2009-07-31,2009-08-06,0.002,-0.001,0.003,300.0,300.0,LARGE_BEAT,True,,,,,UNKNOWN,True,True,True,Alpha Vantage EARNINGS,primary_event_data,PRIMARY_EVENT_DATA,False,False,False,True
NVDA,Information Technology,2009-04-30,2009-05-07,-0.002,-0.003,0.001,33.3333,33.33333333333333,LARGE_BEAT,True,,,,,UNKNOWN,True,True,True,Alpha Vantage EARNINGS,primary_event_data,PRIMARY_EVENT_DATA,False,False,False,True
NVDA,Information Technology,2009-01-31,2009-02-10,-0.004,-0.002,-0.002,-100.0,-100.0,LARGE_MISS,False,,,,,UNKNOWN,True,True,True,Alpha Vantage EARNINGS,primary_event_data,PRIMARY_EVENT_DATA,False,False,False,True
NVDA,Information Technology,2008-10-31,2008-11-06,0.005,0.003,0.002,66.6667,66.66666666666666,LARGE_BEAT,True,,,,,UNKNOWN,True,True,True,Alpha Vantage EARNINGS,primary_event_data,PRIMARY_EVENT_DATA,False,False,False,True
NVDA,Information Technology,2008-07-31,2008-08-12,0.003,0.003,0.0,0.0,0.0,IN_LINE,False,,,,,UNKNOWN,True,True,True,Alpha Vantage EARNINGS,primary_event_data,PRIMARY_EVENT_DATA,False,False,False,True
NVDA,Information Technology,2008-04-30,2008-05-08,0.009,0.01,-0.001,-10.0,-10.000000000000009,LARGE_MISS,False,,,,,UNKNOWN,True,True,True,Alpha Vantage EARNINGS,primary_event_data,PRIMARY_EVENT_DATA,False,False,False,True
NVDA,Information Technology,2008-01-31,2008-02-13,0.012,0.012,0.0,0.0,0.0,IN_LINE,False,,,,,UNKNOWN,True,True,True,Alpha Vantage EARNINGS,primary_event_data,PRIMARY_EVENT_DATA,False,False,False,True
NVDA,Information Technology,2007-10-31,2007-11-08,0.011,0.009,0.002,22.2222,22.222222222222225,LARGE_BEAT,True,,,,,UNKNOWN,True,True,True,Alpha Vantage EARNINGS,primary_event_data,PRIMARY_EVENT_DATA,False,False,False,True
NVDA,Information Technology,2007-07-31,2007-08-09,0.009,0.007,0.002,28.5714,28.57142857142856,LARGE_BEAT,True,,,,,UNKNOWN,True,True,True,Alpha Vantage EARNINGS,primary_event_data,PRIMARY_EVENT_DATA,False,False,False,True
NVDA,Information Technology,2007-04-30,2007-05-10,0.007,0.006,0.001,16.6667,16.666666666666664,LARGE_BEAT,True,,,,,UNKNOWN,True,True,True,Alpha Vantage EARNINGS,primary_event_data,PRIMARY_EVENT_DATA,False,False,False,True
NVDA,Information Technology,2007-01-31,2007-02-13,0.009,0.007,0.002,28.5714,28.57142857142856,LARGE_BEAT,True,,,,,UNKNOWN,True,True,True,Alpha Vantage EARNINGS,primary_event_data,PRIMARY_EVENT_DATA,False,False,False,True
NVDA,Information Technology,2006-10-31,2006-11-09,0.007,0.006,0.001,16.6667,16.666666666666664,LARGE_BEAT,True,,,,,UNKNOWN,True,True,True,Alpha Vantage EARNINGS,primary_event_data,PRIMARY_EVENT_DATA,False,False,False,True
NVDA,Information Technology,2006-07-31,2006-08-10,0.0038,,0.0,,,UNKNOWN,,,,,,UNKNOWN,True,True,True,Alpha Vantage EARNINGS,primary_event_data,PRIMARY_EVENT_DATA,False,False,False,True
NVDA,Information Technology,2006-04-30,2006-05-11,0.005,0.005,0.0,0.0,0.0,IN_LINE,False,,,,,UNKNOWN,True,True,True,Alpha Vantage EARNINGS,primary_event_data,PRIMARY_EVENT_DATA,False,False,False,True
NVDA,Information Technology,2006-01-31,2006-02-16,0.004,0.004,0.0,0.0,0.0,IN_LINE,False,,,,,UNKNOWN,True,True,True,Alpha Vantage EARNINGS,primary_event_data,PRIMARY_EVENT_DATA,False,False,False,True
NVDA,Information Technology,2005-10-31,2005-11-09,0.004,0.003,0.001,33.3333,33.33333333333333,LARGE_BEAT,True,,,,,UNKNOWN,True,True,True,Alpha Vantage EARNINGS,primary_event_data,PRIMARY_EVENT_DATA,False,False,False,True
NVDA,Information Technology,2005-07-31,2005-08-11,0.003,0.003,0.0,0.0,0.0,IN_LINE,False,,,,,UNKNOWN,True,True,True,Alpha Vantage EARNINGS,primary_event_data,PRIMARY_EVENT_DATA,False,False,False,True
NVDA,Information Technology,2005-04-30,2005-05-12,0.006,0.002,0.004,200.0,200.0,LARGE_BEAT,True,,,,,UNKNOWN,True,True,True,Alpha Vantage EARNINGS,primary_event_data,PRIMARY_EVENT_DATA,False,False,False,True
NVDA,Information Technology,2005-01-31,2005-02-17,0.003,0.002,0.001,50.0,50.0,LARGE_BEAT,True,,,,,UNKNOWN,True,True,True,Alpha Vantage EARNINGS,primary_event_data,PRIMARY_EVENT_DATA,False,False,False,True
NVDA,Information Technology,2004-10-31,2004-11-04,0.002,0.001,0.001,100.0,100.0,LARGE_BEAT,True,,,,,UNKNOWN,True,True,True,Alpha Vantage EARNINGS,primary_event_data,PRIMARY_EVENT_DATA,False,False,False,True
NVDA,Information Technology,2004-07-31,2004-08-05,0.002,0.001,0.001,100.0,100.0,LARGE_BEAT,True,,,,,UNKNOWN,True,True,True,Alpha Vantage EARNINGS,primary_event_data,PRIMARY_EVENT_DATA,False,False,False,True
NVDA,Information Technology,2004-04-30,2004-05-06,0.002,0.001,0.001,100.0,100.0,LARGE_BEAT,True,,,,,UNKNOWN,True,True,True,Alpha Vantage EARNINGS,primary_event_data,PRIMARY_EVENT_DATA,False,False,False,True
NVDA,Information Technology,2004-01-31,2004-02-12,0.003,0.001,0.002,200.0,200.0,LARGE_BEAT,True,,,,,UNKNOWN,True,True,True,Alpha Vantage EARNINGS,primary_event_data,PRIMARY_EVENT_DATA,False,False,False,True
NVDA,Information Technology,2003-10-31,2003-11-06,0.001,0.001,0.0,0.0,0.0,IN_LINE,False,,,,,UNKNOWN,True,True,True,Alpha Vantage EARNINGS,primary_event_data,PRIMARY_EVENT_DATA,False,False,False,True
NVDA,Information Technology,2003-07-31,2003-08-07,0.001,0.001,0.0,0.0,0.0,IN_LINE,False,,,,,UNKNOWN,True,True,True,Alpha Vantage EARNINGS,primary_event_data,PRIMARY_EVENT_DATA,False,False,False,True
NVDA,Information Technology,2003-04-30,2003-05-08,0.001,0.001,0.0,0.0,0.0,IN_LINE,False,,,,,UNKNOWN,True,True,True,Alpha Vantage EARNINGS,primary_event_data,PRIMARY_EVENT_DATA,False,False,False,True
NVDA,Information Technology,2003-01-31,2003-02-13,0.001,0.002,-0.001,-50.0,-50.0,LARGE_MISS,False,,,,,UNKNOWN,True,True,True,Alpha Vantage EARNINGS,primary_event_data,PRIMARY_EVENT_DATA,False,False,False,True
NVDA,Information Technology,2002-10-31,2002-11-07,0.001,0.001,0.0,0.0,0.0,IN_LINE,False,,,,,UNKNOWN,True,True,True,Alpha Vantage EARNINGS,primary_event_data,PRIMARY_EVENT_DATA,False,False,False,True
NVDA,Information Technology,2002-07-31,2002-08-15,0.001,0.001,0.0,0.0,0.0,IN_LINE,False,,,,,UNKNOWN,True,True,True,Alpha Vantage EARNINGS,primary_event_data,PRIMARY_EVENT_DATA,False,False,False,True
NVDA,Information Technology,2002-04-30,2002-05-22,0.004,0.004,0.0,0.0,0.0,IN_LINE,False,,,,,UNKNOWN,True,True,True,Alpha Vantage EARNINGS,primary_event_data,PRIMARY_EVENT_DATA,False,False,False,True
NVDA,Information Technology,2002-01-31,2002-02-14,0.004,0.003,0.001,33.3333,33.33333333333333,LARGE_BEAT,True,,,,,UNKNOWN,True,True,True,Alpha Vantage EARNINGS,primary_event_data,PRIMARY_EVENT_DATA,False,False,False,True
NVDA,Information Technology,2001-10-31,2001-11-08,0.002,0.002,0.0,0.0,0.0,IN_LINE,False,,,,,UNKNOWN,True,True,True,Alpha Vantage EARNINGS,primary_event_data,PRIMARY_EVENT_DATA,False,False,False,True
NVDA,Information Technology,2001-07-31,2001-08-14,0.002,0.002,0.0,0.0,0.0,IN_LINE,False,,,,,UNKNOWN,True,True,True,Alpha Vantage EARNINGS,primary_event_data,PRIMARY_EVENT_DATA,False,False,False,True
NVDA,Information Technology,2001-04-30,2001-05-22,0.002,0.002,0.0,0.0,0.0,IN_LINE,False,,,,,UNKNOWN,True,True,True,Alpha Vantage EARNINGS,primary_event_data,PRIMARY_EVENT_DATA,False,False,False,True
NVDA,Information Technology,2001-01-31,2001-02-15,0.001,0.002,-0.001,-50.0,-50.0,LARGE_MISS,False,,,,,UNKNOWN,True,True,True,Alpha Vantage EARNINGS,primary_event_data,PRIMARY_EVENT_DATA,False,False,False,True
NVDA,Information Technology,2000-10-31,2000-11-09,0.001,0.001,0.0,0.0,0.0,IN_LINE,False,,,,,UNKNOWN,True,True,True,Alpha Vantage EARNINGS,primary_event_data,PRIMARY_EVENT_DATA,False,False,False,True
NVDA,Information Technology,2000-07-31,2000-08-21,0.001,0.001,0.0,0.0,0.0,IN_LINE,False,,,,,UNKNOWN,True,True,True,Alpha Vantage EARNINGS,primary_event_data,PRIMARY_EVENT_DATA,False,False,False,True
NVDA,Information Technology,2000-04-30,2000-05-16,0.001,0.001,0.0,0.0,0.0,IN_LINE,False,,,,,UNKNOWN,True,True,True,Alpha Vantage EARNINGS,primary_event_data,PRIMARY_EVENT_DATA,False,False,False,True
NVDA,Information Technology,2000-01-31,2000-02-15,0.001,0.001,0.0,0.0,0.0,IN_LINE,False,,,,,UNKNOWN,True,True,True,Alpha Vantage EARNINGS,primary_event_data,PRIMARY_EVENT_DATA,False,False,False,True
NVDA,Information Technology,1999-10-31,1999-11-18,0.001,0.002,-0.001,-50.0,-50.0,LARGE_MISS,False,,,,,UNKNOWN,True,True,True,Alpha Vantage EARNINGS,primary_event_data,PRIMARY_EVENT_DATA,False,False,False,True
NVDA,Information Technology,1999-07-31,1999-08-18,0.002,0.002,0.0,0.0,0.0,IN_LINE,False,,,,,UNKNOWN,True,True,True,Alpha Vantage EARNINGS,primary_event_data,PRIMARY_EVENT_DATA,False,False,False,True
NVDA,Information Technology,1999-04-30,1999-05-18,0.002,0.001,0.001,100.0,100.0,LARGE_BEAT,True,,,,,UNKNOWN,True,True,True,Alpha Vantage EARNINGS,primary_event_data,PRIMARY_EVENT_DATA,False,False,False,True
AMZN,Consumer Discretionary,2026-06-30,2026-07-30,1.88,1.83,0.05,2.7322,2.73224043715846,IN_LINE,True,,,,,UNKNOWN,True,True,True,Alpha Vantage EARNINGS,primary_event_data,PRIMARY_EVENT_DATA,False,False,False,True
AMZN,Consumer Discretionary,2026-03-31,2026-04-29,2.78,1.64,1.14,69.5122,69.51219512195121,LARGE_BEAT,True,,,,,UNKNOWN,True,True,True,Alpha Vantage EARNINGS,primary_event_data,PRIMARY_EVENT_DATA,False,False,False,True
AMZN,Consumer Discretionary,2025-12-31,2026-02-05,1.95,1.95,0.0,0.0,0.0,IN_LINE,False,,,,,UNKNOWN,True,True,True,Alpha Vantage EARNINGS,primary_event_data,PRIMARY_EVENT_DATA,False,False,False,True
AMZN,Consumer Discretionary,2025-09-30,2025-10-30,1.95,1.56,0.39,25.0,24.999999999999993,LARGE_BEAT,True,,,,,UNKNOWN,True,True,True,Alpha Vantage EARNINGS,primary_event_data,PRIMARY_EVENT_DATA,False,False,False,True
AMZN,Consumer Discretionary,2025-06-30,2025-07-31,1.68,1.32,0.36,27.2727,27.27272727272726,LARGE_BEAT,True,,,,,UNKNOWN,True,True,True,Alpha Vantage EARNINGS,primary_event_data,PRIMARY_EVENT_DATA,False,False,False,True
AMZN,Consumer Discretionary,2025-03-31,2025-05-01,1.59,1.36,0.23,16.9118,16.91176470588235,LARGE_BEAT,True,,,,,UNKNOWN,True,True,True,Alpha Vantage EARNINGS,primary_event_data,PRIMARY_EVENT_DATA,False,False,False,True
AMZN,Consumer Discretionary,2024-12-31,2025-02-06,1.86,1.4837,0.3763,25.3623,25.362270000674,LARGE_BEAT,True,,,,,UNKNOWN,True,True,True,Alpha Vantage EARNINGS,primary_event_data,PRIMARY_EVENT_DATA,False,False,False,True
AMZN,Consumer Discretionary,2024-09-30,2024-10-31,1.43,1.14,0.29,25.4386,25.438596491228076,LARGE_BEAT,True,,,,,UNKNOWN,True,True,True,Alpha Vantage EARNINGS,primary_event_data,PRIMARY_EVENT_DATA,False,False,False,True
AMZN,Consumer Discretionary,2024-06-30,2024-08-01,1.26,1.02,0.24,23.5294,23.52941176470588,LARGE_BEAT,True,,,,,UNKNOWN,True,True,True,Alpha Vantage EARNINGS,primary_event_data,PRIMARY_EVENT_DATA,False,False,False,True
AMZN,Consumer Discretionary,2024-03-31,2024-04-30,0.98,0.82,0.16,19.5122,19.512195121951226,LARGE_BEAT,True,,,,,UNKNOWN,True,True,True,Alpha Vantage EARNINGS,primary_event_data,PRIMARY_EVENT_DATA,False,False,False,True
AMZN,Consumer Discretionary,2023-12-31,2024-02-01,1.0,0.8,0.2,25.0,24.999999999999993,LARGE_BEAT,True,,,,,UNKNOWN,True,True,True,Alpha Vantage EARNINGS,primary_event_data,PRIMARY_EVENT_DATA,False,False,False,True
AMZN,Consumer Discretionary,2023-09-30,2023-10-26,0.94,0.58,0.36,62.069,62.06896551724138,LARGE_BEAT,True,,,,,UNKNOWN,True,True,True,Alpha Vantage EARNINGS,primary_event_data,PRIMARY_EVENT_DATA,False,False,False,True
AMZN,Consumer Discretionary,2023-06-30,2023-08-03,0.65,0.34,0.31,91.1765,91.17647058823529,LARGE_BEAT,True,,,,,UNKNOWN,True,True,True,Alpha Vantage EARNINGS,primary_event_data,PRIMARY_EVENT_DATA,False,False,False,True
AMZN,Consumer Discretionary,2023-03-31,2023-04-27,0.31,0.21,0.1,47.619,47.61904761904762,LARGE_BEAT,True,,,,,UNKNOWN,True,True,True,Alpha Vantage EARNINGS,primary_event_data,PRIMARY_EVENT_DATA,False,False,False,True
AMZN,Consumer Discretionary,2022-12-31,2023-02-02,0.03,0.17,-0.14,-82.3529,-82.3529411764706,LARGE_MISS,False,,,,,UNKNOWN,True,True,True,Alpha Vantage EARNINGS,primary_event_data,PRIMARY_EVENT_DATA,False,False,False,True
AMZN,Consumer Discretionary,2022-09-30,2022-10-27,0.28,0.21,0.07,33.3333,33.33333333333336,LARGE_BEAT,True,,,,,UNKNOWN,True,True,True,Alpha Vantage EARNINGS,primary_event_data,PRIMARY_EVENT_DATA,False,False,False,True
AMZN,Consumer Discretionary,2022-06-30,2022-07-28,-0.2,0.12,-0.32,-266.6667,-266.6666666666667,LARGE_MISS,False,,,,,UNKNOWN,True,True,True,Alpha Vantage EARNINGS,primary_event_data,PRIMARY_EVENT_DATA,False,False,False,True
AMZN,Consumer Discretionary,2022-03-31,2022-04-28,-0.38,0.42,-0.8,-190.4762,-190.47619047619048,LARGE_MISS,False,,,,,UNKNOWN,True,True,True,Alpha Vantage EARNINGS,primary_event_data,PRIMARY_EVENT_DATA,False,False,False,True
AMZN,Consumer Discretionary,2021-12-31,2022-02-03,1.39,0.18,1.21,672.2222,672.2222222222223,LARGE_BEAT,True,,,,,UNKNOWN,True,True,True,Alpha Vantage EARNINGS,primary_event_data,PRIMARY_EVENT_DATA,False,False,False,True
AMZN,Consumer Discretionary,2021-09-30,2021-10-28,0.31,0.44,-0.13,-29.5455,-29.545454545454547,LARGE_MISS,False,,,,,UNKNOWN,True,True,True,Alpha Vantage EARNINGS,primary_event_data,PRIMARY_EVENT_DATA,False,False,False,True
AMZN,Consumer Discretionary,2021-06-30,2021-07-29,0.76,0.61,0.15,24.5902,24.590163934426236,LARGE_BEAT,True,,,,,UNKNOWN,True,True,True,Alpha Vantage EARNINGS,primary_event_data,PRIMARY_EVENT_DATA,False,False,False,True
AMZN,Consumer Discretionary,2021-03-31,2021-04-29,0.79,0.47,0.32,68.0851,68.08510638297875,LARGE_BEAT,True,,,,,UNKNOWN,True,True,True,Alpha Vantage EARNINGS,primary_event_data,PRIMARY_EVENT_DATA,False,False,False,True
AMZN,Consumer Discretionary,2020-12-31,2021-02-02,0.7,0.35,0.35,100.0,100.0,LARGE_BEAT,True,,,,,UNKNOWN,True,True,True,Alpha Vantage EARNINGS,primary_event_data,PRIMARY_EVENT_DATA,False,False,False,True
AMZN,Consumer Discretionary,2020-09-30,2020-10-29,0.62,0.38,0.24,63.1579,63.1578947368421,LARGE_BEAT,True,,,,,UNKNOWN,True,True,True,Alpha Vantage EARNINGS,primary_event_data,PRIMARY_EVENT_DATA,False,False,False,True
AMZN,Consumer Discretionary,2020-06-30,2020-07-30,0.52,0.08,0.44,550.0,550.0,LARGE_BEAT,True,,,,,UNKNOWN,True,True,True,Alpha Vantage EARNINGS,primary_event_data,PRIMARY_EVENT_DATA,False,False,False,True
AMZN,Consumer Discretionary,2020-03-31,2020-04-30,0.25,0.31,-0.06,-19.3548,-19.35483870967742,LARGE_MISS,False,,,,,UNKNOWN,True,True,True,Alpha Vantage EARNINGS,primary_event_data,PRIMARY_EVENT_DATA,False,False,False,True
AMZN,Consumer Discretionary,2019-12-31,2020-01-30,0.32,0.2,0.12,60.0,60.0,LARGE_BEAT,True,,,,,UNKNOWN,True,True,True,Alpha Vantage EARNINGS,primary_event_data,PRIMARY_EVENT_DATA,False,False,False,True
AMZN,Consumer Discretionary,2019-09-30,2019-10-24,0.21,0.22,-0.01,-4.5455,-4.545454545454549,MISS,False,,,,,UNKNOWN,True,True,True,Alpha Vantage EARNINGS,primary_event_data,PRIMARY_EVENT_DATA,False,False,False,True
AMZN,Consumer Discretionary,2019-06-30,2019-07-25,0.26,0.28,-0.02,-7.1429,-7.142857142857148,MISS,False,,,,,UNKNOWN,True,True,True,Alpha Vantage EARNINGS,primary_event_data,PRIMARY_EVENT_DATA,False,False,False,True
AMZN,Consumer Discretionary,2019-03-31,2019-04-25,0.35,0.23,0.12,52.1739,52.17391304347825,LARGE_BEAT,True,,,,,UNKNOWN,True,True,True,Alpha Vantage EARNINGS,primary_event_data,PRIMARY_EVENT_DATA,False,False,False,True
AMZN,Consumer Discretionary,2018-12-31,2019-01-31,0.3,0.28,0.02,7.1429,7.142857142857128,BEAT,True,,,,,UNKNOWN,True,True,True,Alpha Vantage EARNINGS,primary_event_data,PRIMARY_EVENT_DATA,False,False,False,True
AMZN,Consumer Discretionary,2018-09-30,2018-10-25,0.29,0.15,0.14,93.3333,93.33333333333333,LARGE_BEAT,True,,,,,UNKNOWN,True,True,True,Alpha Vantage EARNINGS,primary_event_data,PRIMARY_EVENT_DATA,False,False,False,True
AMZN,Consumer Discretionary,2018-06-30,2018-07-26,0.25,0.13,0.12,92.3077,92.3076923076923,LARGE_BEAT,True,,,,,UNKNOWN,True,True,True,Alpha Vantage EARNINGS,primary_event_data,PRIMARY_EVENT_DATA,False,False,False,True
AMZN,Consumer Discretionary,2018-03-31,2018-04-26,0.16,0.06,0.1,166.6667,166.66666666666669,LARGE_BEAT,True,,,,,UNKNOWN,True,True,True,Alpha Vantage EARNINGS,primary_event_data,PRIMARY_EVENT_DATA,False,False,False,True
AMZN,Consumer Discretionary,2017-12-31,2018-02-01,0.11,0.09,0.02,22.2222,22.222222222222225,LARGE_BEAT,True,,,,,UNKNOWN,True,True,True,Alpha Vantage EARNINGS,primary_event_data,PRIMARY_EVENT_DATA,False,False,False,True
AMZN,Consumer Discretionary,2017-09-30,2017-10-26,0.03,0.03,0.0,0.0,0.0,IN_LINE,False,,,,,UNKNOWN,True,True,True,Alpha Vantage EARNINGS,primary_event_data,PRIMARY_EVENT_DATA,False,False,False,True
AMZN,Consumer Discretionary,2017-06-30,2017-07-27,0.02,0.07,-0.05,-71.4286,-71.42857142857143,LARGE_MISS,False,,,,,UNKNOWN,True,True,True,Alpha Vantage EARNINGS,primary_event_data,PRIMARY_EVENT_DATA,False,False,False,True
AMZN,Consumer Discretionary,2017-03-31,2017-04-27,0.07,0.06,0.01,16.6667,16.666666666666682,LARGE_BEAT,True,,,,,UNKNOWN,True,True,True,Alpha Vantage EARNINGS,primary_event_data,PRIMARY_EVENT_DATA,False,False,False,True
AMZN,Consumer Discretionary,2016-12-31,2017-02-02,0.08,0.07,0.01,14.2857,14.285714285714276,LARGE_BEAT,True,,,,,UNKNOWN,True,True,True,Alpha Vantage EARNINGS,primary_event_data,PRIMARY_EVENT_DATA,False,False,False,True
AMZN,Consumer Discretionary,2016-09-30,2016-10-27,0.03,0.04,-0.01,-25.0,-25.000000000000007,LARGE_MISS,False,,,,,UNKNOWN,True,True,True,Alpha Vantage EARNINGS,primary_event_data,PRIMARY_EVENT_DATA,False,False,False,True
AMZN,Consumer Discretionary,2016-06-30,2016-07-28,0.09,0.05,0.04,80.0,79.99999999999999,LARGE_BEAT,True,,,,,UNKNOWN,True,True,True,Alpha Vantage EARNINGS,primary_event_data,PRIMARY_EVENT_DATA,False,False,False,True
AMZN,Consumer Discretionary,2016-03-31,2016-04-28,0.05,0.03,0.02,66.6667,66.66666666666669,LARGE_BEAT,True,,,,,UNKNOWN,True,True,True,Alpha Vantage EARNINGS,primary_event_data,PRIMARY_EVENT_DATA,False,False,False,True
AMZN,Consumer Discretionary,2015-12-31,2016-01-28,0.05,0.08,-0.03,-37.5,-37.5,LARGE_MISS,False,,,,,UNKNOWN,True,True,True,Alpha Vantage EARNINGS,primary_event_data,PRIMARY_EVENT_DATA,False,False,False,True
AMZN,Consumer Discretionary,2015-09-30,2015-10-22,0.01,-0.01,0.02,200.0,200.0,LARGE_BEAT,True,,,,,UNKNOWN,True,True,True,Alpha Vantage EARNINGS,primary_event_data,PRIMARY_EVENT_DATA,False,False,False,True
AMZN,Consumer Discretionary,2015-06-30,2015-07-23,0.01,-0.01,0.02,200.0,200.0,LARGE_BEAT,True,,,,,UNKNOWN,True,True,True,Alpha Vantage EARNINGS,primary_event_data,PRIMARY_EVENT_DATA,False,False,False,True
AMZN,Consumer Discretionary,2015-03-31,2015-04-23,-0.01,-0.01,0.0,0.0,0.0,IN_LINE,False,,,,,UNKNOWN,True,True,True,Alpha Vantage EARNINGS,primary_event_data,PRIMARY_EVENT_DATA,False,False,False,True
AMZN,Consumer Discretionary,2014-12-31,2015-01-29,0.02,0.01,0.01,100.0,100.0,LARGE_BEAT,True,,,,,UNKNOWN,True,True,True,Alpha Vantage EARNINGS,primary_event_data,PRIMARY_EVENT_DATA,False,False,False,True
AMZN,Consumer Discretionary,2014-09-30,2014-10-23,-0.05,-0.04,-0.01,-25.0,-25.000000000000007,LARGE_MISS,False,,,,,UNKNOWN,True,True,True,Alpha Vantage EARNINGS,primary_event_data,PRIMARY_EVENT_DATA,False,False,False,True
AMZN,Consumer Discretionary,2014-06-30,2014-07-24,-0.01,-0.01,0.0,0.0,0.0,IN_LINE,False,,,,,UNKNOWN,True,True,True,Alpha Vantage EARNINGS,primary_event_data,PRIMARY_EVENT_DATA,False,False,False,True
AMZN,Consumer Discretionary,2014-03-31,2014-04-24,0.01,0.01,0.0,0.0,0.0,IN_LINE,False,,,,,UNKNOWN,True,True,True,Alpha Vantage EARNINGS,primary_event_data,PRIMARY_EVENT_DATA,False,False,False,True
AMZN,Consumer Discretionary,2013-12-31,2014-01-30,0.03,0.03,0.0,0.0,0.0,IN_LINE,False,,,,,UNKNOWN,True,True,True,Alpha Vantage EARNINGS,primary_event_data,PRIMARY_EVENT_DATA,False,False,False,True
AMZN,Consumer Discretionary,2013-09-30,2013-10-24,-0.09,-0.09,0.0,0.0,0.0,IN_LINE,False,,,,,UNKNOWN,True,True,True,Alpha Vantage EARNINGS,primary_event_data,PRIMARY_EVENT_DATA,False,False,False,True
AMZN,Consumer Discretionary,2013-06-30,2013-07-25,-0.02,0.05,-0.07,-140.0,-140.0,LARGE_MISS,False,,,,,UNKNOWN,True,True,True,Alpha Vantage EARNINGS,primary_event_data,PRIMARY_EVENT_DATA,False,False,False,True
AMZN,Consumer Discretionary,2013-03-31,2013-04-25,0.01,0.08,-0.07,-87.5,-87.50000000000001,LARGE_MISS,False,,,,,UNKNOWN,True,True,True,Alpha Vantage EARNINGS,primary_event_data,PRIMARY_EVENT_DATA,False,False,False,True
AMZN,Consumer Discretionary,2012-12-31,2013-01-29,0.01,0.01,0.0,0.0,0.0,IN_LINE,False,,,,,UNKNOWN,True,True,True,Alpha Vantage EARNINGS,primary_event_data,PRIMARY_EVENT_DATA,False,False,False,True
AMZN,Consumer Discretionary,2012-09-30,2012-10-25,-0.03,-0.08,0.05,62.5,62.5,LARGE_BEAT,True,,,,,UNKNOWN,True,True,True,Alpha Vantage EARNINGS,primary_event_data,PRIMARY_EVENT_DATA,False,False,False,True
AMZN,Consumer Discretionary,2012-06-30,2012-07-26,0.01,0.02,-0.01,-50.0,-50.0,LARGE_MISS,False,,,,,UNKNOWN,True,True,True,Alpha Vantage EARNINGS,primary_event_data,PRIMARY_EVENT_DATA,False,False,False,True
AMZN,Consumer Discretionary,2012-03-31,2012-04-26,0.01,0.07,-0.06,-85.7143,-85.71428571428571,LARGE_MISS,False,,,,,UNKNOWN,True,True,True,Alpha Vantage EARNINGS,primary_event_data,PRIMARY_EVENT_DATA,False,False,False,True
AMZN,Consumer Discretionary,2011-12-31,2012-01-31,0.02,0.01,0.01,100.0,100.0,LARGE_BEAT,True,,,,,UNKNOWN,True,True,True,Alpha Vantage EARNINGS,primary_event_data,PRIMARY_EVENT_DATA,False,False,False,True
AMZN,Consumer Discretionary,2011-09-30,2011-10-25,0.01,0.01,0.0,0.0,0.0,IN_LINE,False,,,,,UNKNOWN,True,True,True,Alpha Vantage EARNINGS,primary_event_data,PRIMARY_EVENT_DATA,False,False,False,True
AMZN,Consumer Discretionary,2011-06-30,2011-07-26,0.02,0.02,0.0,0.0,0.0,IN_LINE,False,,,,,UNKNOWN,True,True,True,Alpha Vantage EARNINGS,primary_event_data,PRIMARY_EVENT_DATA,False,False,False,True
AMZN,Consumer Discretionary,2011-03-31,2011-04-26,0.02,0.03,-0.01,-33.3333,-33.33333333333333,LARGE_MISS,False,,,,,UNKNOWN,True,True,True,Alpha Vantage EARNINGS,primary_event_data,PRIMARY_EVENT_DATA,False,False,False,True
AMZN,Consumer Discretionary,2010-12-31,2011-01-27,0.05,0.04,0.01,25.0,25.000000000000007,LARGE_BEAT,True,,,,,UNKNOWN,True,True,True,Alpha Vantage EARNINGS,primary_event_data,PRIMARY_EVENT_DATA,False,False,False,True
AMZN,Consumer Discretionary,2010-09-30,2010-10-21,0.03,0.02,0.01,50.0,49.999999999999986,LARGE_BEAT,True,,,,,UNKNOWN,True,True,True,Alpha Vantage EARNINGS,primary_event_data,PRIMARY_EVENT_DATA,False,False,False,True
AMZN,Consumer Discretionary,2010-06-30,2010-07-22,0.02,0.03,-0.01,-33.3333,-33.33333333333333,LARGE_MISS,False,,,,,UNKNOWN,True,True,True,Alpha Vantage EARNINGS,primary_event_data,PRIMARY_EVENT_DATA,False,False,False,True
AMZN,Consumer Discretionary,2010-03-31,2010-04-22,0.03,0.03,0.0,0.0,0.0,IN_LINE,False,,,,,UNKNOWN,True,True,True,Alpha Vantage EARNINGS,primary_event_data,PRIMARY_EVENT_DATA,False,False,False,True
AMZN,Consumer Discretionary,2009-12-31,2010-01-28,0.04,0.04,0.0,0.0,0.0,IN_LINE,False,,,,,UNKNOWN,True,True,True,Alpha Vantage EARNINGS,primary_event_data,PRIMARY_EVENT_DATA,False,False,False,True
AMZN,Consumer Discretionary,2009-09-30,2009-10-22,0.02,0.02,0.0,0.0,0.0,IN_LINE,False,,,,,UNKNOWN,True,True,True,Alpha Vantage EARNINGS,primary_event_data,PRIMARY_EVENT_DATA,False,False,False,True
AMZN,Consumer Discretionary,2009-06-30,2009-07-23,0.02,0.02,0.0,0.0,0.0,IN_LINE,False,,,,,UNKNOWN,True,True,True,Alpha Vantage EARNINGS,primary_event_data,PRIMARY_EVENT_DATA,False,False,False,True
AMZN,Consumer Discretionary,2009-03-31,2009-04-23,0.02,0.02,0.0,0.0,0.0,IN_LINE,False,,,,,UNKNOWN,True,True,True,Alpha Vantage EARNINGS,primary_event_data,PRIMARY_EVENT_DATA,False,False,False,True
AMZN,Consumer Discretionary,2008-12-31,2009-01-29,0.03,0.02,0.01,50.0,49.999999999999986,LARGE_BEAT,True,,,,,UNKNOWN,True,True,True,Alpha Vantage EARNINGS,primary_event_data,PRIMARY_EVENT_DATA,False,False,False,True
AMZN,Consumer Discretionary,2008-09-30,2008-10-22,0.01,0.01,0.0,0.0,0.0,IN_LINE,False,,,,,UNKNOWN,True,True,True,Alpha Vantage EARNINGS,primary_event_data,PRIMARY_EVENT_DATA,False,False,False,True
AMZN,Consumer Discretionary,2008-06-30,2008-07-23,0.02,0.01,0.01,100.0,100.0,LARGE_BEAT,True,,,,,UNKNOWN,True,True,True,Alpha Vantage EARNINGS,primary_event_data,PRIMARY_EVENT_DATA,False,False,False,True
AMZN,Consumer Discretionary,2008-03-31,2008-04-23,0.02,0.02,0.0,0.0,0.0,IN_LINE,False,,,,,UNKNOWN,True,True,True,Alpha Vantage EARNINGS,primary_event_data,PRIMARY_EVENT_DATA,False,False,False,True
AMZN,Consumer Discretionary,2007-12-31,2008-01-30,0.02,0.02,0.0,0.0,0.0,IN_LINE,False,,,,,UNKNOWN,True,True,True,Alpha Vantage EARNINGS,primary_event_data,PRIMARY_EVENT_DATA,False,False,False,True
AMZN,Consumer Discretionary,2007-09-30,2007-10-23,0.01,0.01,0.0,0.0,0.0,IN_LINE,False,,,,,UNKNOWN,True,True,True,Alpha Vantage EARNINGS,primary_event_data,PRIMARY_EVENT_DATA,False,False,False,True
AMZN,Consumer Discretionary,2007-06-30,2007-07-24,0.01,0.01,0.0,0.0,0.0,IN_LINE,False,,,,,UNKNOWN,True,True,True,Alpha Vantage EARNINGS,primary_event_data,PRIMARY_EVENT_DATA,False,False,False,True
AMZN,Consumer Discretionary,2007-03-31,2007-04-24,0.01,0.01,0.0,0.0,0.0,IN_LINE,False,,,,,UNKNOWN,True,True,True,Alpha Vantage EARNINGS,primary_event_data,PRIMARY_EVENT_DATA,False,False,False,True
AMZN,Consumer Discretionary,2006-12-31,2007-02-01,0.01,0.01,0.0,0.0,0.0,IN_LINE,False,,,,,UNKNOWN,True,True,True,Alpha Vantage EARNINGS,primary_event_data,PRIMARY_EVENT_DATA,False,False,False,True
AMZN,Consumer Discretionary,2006-09-30,2006-10-24,0.05,0.03,0.02,66.6667,66.66666666666669,LARGE_BEAT,True,,,,,UNKNOWN,True,True,True,Alpha Vantage EARNINGS,primary_event_data,PRIMARY_EVENT_DATA,False,False,False,True
AMZN,Consumer Discretionary,2006-06-30,2006-07-25,0.05,0.06,-0.01,-16.6667,-16.66666666666666,LARGE_MISS,False,,,,,UNKNOWN,True,True,True,Alpha Vantage EARNINGS,primary_event_data,PRIMARY_EVENT_DATA,False,False,False,True
AMZN,Consumer Discretionary,2006-03-31,2006-04-25,0.01,0.01,0.0,0.0,0.0,IN_LINE,False,,,,,UNKNOWN,True,True,True,Alpha Vantage EARNINGS,primary_event_data,PRIMARY_EVENT_DATA,False,False,False,True
AMZN,Consumer Discretionary,2005-12-31,2006-02-02,0.01,0.01,0.0,0.0,0.0,IN_LINE,False,,,,,UNKNOWN,True,True,True,Alpha Vantage EARNINGS,primary_event_data,PRIMARY_EVENT_DATA,False,False,False,True
AMZN,Consumer Discretionary,2005-09-30,2005-10-25,0.01,0.01,0.0,0.0,0.0,IN_LINE,False,,,,,UNKNOWN,True,True,True,Alpha Vantage EARNINGS,primary_event_data,PRIMARY_EVENT_DATA,False,False,False,True
AMZN,Consumer Discretionary,2005-06-30,2005-07-26,0.01,0.01,0.0,0.0,0.0,IN_LINE,False,,,,,UNKNOWN,True,True,True,Alpha Vantage EARNINGS,primary_event_data,PRIMARY_EVENT_DATA,False,False,False,True
AMZN,Consumer Discretionary,2005-03-31,2005-04-26,0.01,0.01,0.0,0.0,0.0,IN_LINE,False,,,,,UNKNOWN,True,True,True,Alpha Vantage EARNINGS,primary_event_data,PRIMARY_EVENT_DATA,False,False,False,True
AMZN,Consumer Discretionary,2004-12-31,2005-02-02,0.02,0.02,0.0,0.0,0.0,IN_LINE,False,,,,,UNKNOWN,True,True,True,Alpha Vantage EARNINGS,primary_event_data,PRIMARY_EVENT_DATA,False,False,False,True
AMZN,Consumer Discretionary,2004-09-30,2004-10-21,0.01,0.01,0.0,0.0,0.0,IN_LINE,False,,,,,UNKNOWN,True,True,True,Alpha Vantage EARNINGS,primary_event_data,PRIMARY_EVENT_DATA,False,False,False,True
AMZN,Consumer Discretionary,2004-06-30,2004-07-22,0.01,0.01,0.0,0.0,0.0,IN_LINE,False,,,,,UNKNOWN,True,True,True,Alpha Vantage EARNINGS,primary_event_data,PRIMARY_EVENT_DATA,False,False,False,True
AMZN,Consumer Discretionary,2004-03-31,2004-04-22,0.01,0.01,0.0,0.0,0.0,IN_LINE,False,,,,,UNKNOWN,True,True,True,Alpha Vantage EARNINGS,primary_event_data,PRIMARY_EVENT_DATA,False,False,False,True
AMZN,Consumer Discretionary,2003-12-31,2004-01-27,0.01,0.01,0.0,0.0,0.0,IN_LINE,False,,,,,UNKNOWN,True,True,True,Alpha Vantage EARNINGS,primary_event_data,PRIMARY_EVENT_DATA,False,False,False,True
AMZN,Consumer Discretionary,2003-09-30,2003-10-21,0.01,0.1,-0.09,-90.0,-90.0,LARGE_MISS,False,,,,,UNKNOWN,True,True,True,Alpha Vantage EARNINGS,primary_event_data,PRIMARY_EVENT_DATA,False,False,False,True
AMZN,Consumer Discretionary,2003-06-30,2003-07-22,0.01,0.06,-0.05,-83.3333,-83.33333333333333,LARGE_MISS,False,,,,,UNKNOWN,True,True,True,Alpha Vantage EARNINGS,primary_event_data,PRIMARY_EVENT_DATA,False,False,False,True
AMZN,Consumer Discretionary,2003-03-31,2003-04-24,0.01,0.04,-0.03,-75.0,-75.0,LARGE_MISS,False,,,,,UNKNOWN,True,True,True,Alpha Vantage EARNINGS,primary_event_data,PRIMARY_EVENT_DATA,False,False,False,True
AMZN,Consumer Discretionary,2002-12-31,2003-01-23,0.01,0.01,0.0,0.0,0.0,IN_LINE,False,,,,,UNKNOWN,True,True,True,Alpha Vantage EARNINGS,primary_event_data,PRIMARY_EVENT_DATA,False,False,False,True
AMZN,Consumer Discretionary,2002-09-30,2002-10-24,-0.0924,-0.04,-0.0524,-131.0,-130.99999999999997,LARGE_MISS,False,,,,,UNKNOWN,True,True,True,Alpha Vantage EARNINGS,primary_event_data,PRIMARY_EVENT_DATA,False,False,False,True
AMZN,Consumer Discretionary,2002-06-30,2002-07-23,-0.01,-0.01,0.0,0.0,0.0,IN_LINE,False,,,,,UNKNOWN,True,True,True,Alpha Vantage EARNINGS,primary_event_data,PRIMARY_EVENT_DATA,False,False,False,True
AMZN,Consumer Discretionary,2002-03-31,2002-04-23,-0.01,-0.01,0.0,0.0,0.0,IN_LINE,False,,,,,UNKNOWN,True,True,True,Alpha Vantage EARNINGS,primary_event_data,PRIMARY_EVENT_DATA,False,False,False,True
AMZN,Consumer Discretionary,2001-12-31,2002-01-22,0.09,-0.07,0.16,228.5714,228.57142857142856,LARGE_BEAT,True,,,,,UNKNOWN,True,True,True,Alpha Vantage EARNINGS,primary_event_data,PRIMARY_EVENT_DATA,False,False,False,True
AMZN,Consumer Discretionary,2001-09-30,2001-10-23,-0.01,-0.01,0.0,0.0,0.0,IN_LINE,False,,,,,UNKNOWN,True,True,True,Alpha Vantage EARNINGS,primary_event_data,PRIMARY_EVENT_DATA,False,False,False,True
AMZN,Consumer Discretionary,2001-06-30,2001-07-23,-0.01,-0.01,0.0,0.0,0.0,IN_LINE,False,,,,,UNKNOWN,True,True,True,Alpha Vantage EARNINGS,primary_event_data,PRIMARY_EVENT_DATA,False,False,False,True
AMZN,Consumer Discretionary,2001-03-31,2001-04-24,-0.01,-0.01,0.0,0.0,0.0,IN_LINE,False,,,,,UNKNOWN,True,True,True,Alpha Vantage EARNINGS,primary_event_data,PRIMARY_EVENT_DATA,False,False,False,True
AMZN,Consumer Discretionary,2000-12-31,2001-01-30,-0.01,-0.01,0.0,0.0,0.0,IN_LINE,False,,,,,UNKNOWN,True,True,True,Alpha Vantage EARNINGS,primary_event_data,PRIMARY_EVENT_DATA,False,False,False,True
AMZN,Consumer Discretionary,2000-09-30,2000-10-24,-0.01,-0.01,0.0,0.0,0.0,IN_LINE,False,,,,,UNKNOWN,True,True,True,Alpha Vantage EARNINGS,primary_event_data,PRIMARY_EVENT_DATA,False,False,False,True
AMZN,Consumer Discretionary,2000-06-30,2000-07-26,-0.02,-0.02,0.0,0.0,0.0,IN_LINE,False,,,,,UNKNOWN,True,True,True,Alpha Vantage EARNINGS,primary_event_data,PRIMARY_EVENT_DATA,False,False,False,True
AMZN,Consumer Discretionary,2000-03-31,2000-04-26,-0.02,-0.02,0.0,0.0,0.0,IN_LINE,False,,,,,UNKNOWN,True,True,True,Alpha Vantage EARNINGS,primary_event_data,PRIMARY_EVENT_DATA,False,False,False,True
AMZN,Consumer Discretionary,1999-12-31,2000-02-02,-0.03,-0.02,-0.01,-50.0,-49.999999999999986,LARGE_MISS,False,,,,,UNKNOWN,True,True,True,Alpha Vantage EARNINGS,primary_event_data,PRIMARY_EVENT_DATA,False,False,False,True
AMZN,Consumer Discretionary,1999-09-30,1999-10-27,-0.01,-0.01,0.0,0.0,0.0,IN_LINE,False,,,,,UNKNOWN,True,True,True,Alpha Vantage EARNINGS,primary_event_data,PRIMARY_EVENT_DATA,False,False,False,True
AMZN,Consumer Discretionary,1999-06-30,1999-07-21,-0.01,-0.01,0.0,0.0,0.0,IN_LINE,False,,,,,UNKNOWN,True,True,True,Alpha Vantage EARNINGS,primary_event_data,PRIMARY_EVENT_DATA,False,False,False,True
AMZN,Consumer Discretionary,1999-03-31,1999-04-28,-0.01,-0.01,0.0,0.0,0.0,IN_LINE,False,,,,,UNKNOWN,True,True,True,Alpha Vantage EARNINGS,primary_event_data,PRIMARY_EVENT_DATA,False,False,False,True
AMZN,Consumer Discretionary,1998-12-31,1999-01-26,-0.07,-0.09,0.02,22.2222,22.222222222222214,LARGE_BEAT,True,,,,,UNKNOWN,True,True,True,Alpha Vantage EARNINGS,primary_event_data,PRIMARY_EVENT_DATA,False,False,False,True
AMZN,Consumer Discretionary,1998-09-30,1998-10-28,-0.08,-0.1,0.02,20.0,20.000000000000004,LARGE_BEAT,True,,,,,UNKNOWN,True,True,True,Alpha Vantage EARNINGS,primary_event_data,PRIMARY_EVENT_DATA,False,False,False,True
AMZN,Consumer Discretionary,1998-06-30,1998-07-22,-0.07,-0.07,0.0,0.0,0.0,IN_LINE,False,,,,,UNKNOWN,True,True,True,Alpha Vantage EARNINGS,primary_event_data,PRIMARY_EVENT_DATA,False,False,False,True
AMZN,Consumer Discretionary,1998-03-31,1998-04-27,-0.03,-0.04,0.01,25.0,25.000000000000007,LARGE_BEAT,True,,,,,UNKNOWN,True,True,True,Alpha Vantage EARNINGS,primary_event_data,PRIMARY_EVENT_DATA,False,False,False,True
AMZN,Consumer Discretionary,1997-12-31,1998-01-22,-0.03,-0.04,0.01,25.0,25.000000000000007,LARGE_BEAT,True,,,,,UNKNOWN,True,True,True,Alpha Vantage EARNINGS,primary_event_data,PRIMARY_EVENT_DATA,False,False,False,True
AMZN,Consumer Discretionary,1997-09-30,1997-10-27,-0.03,-0.03,0.0,0.0,0.0,IN_LINE,False,,,,,UNKNOWN,True,True,True,Alpha Vantage EARNINGS,primary_event_data,PRIMARY_EVENT_DATA,False,False,False,True
AMZN,Consumer Discretionary,1997-06-30,1997-07-10,-0.02,-0.03,0.01,33.3333,33.33333333333333,LARGE_BEAT,True,,,,,UNKNOWN,True,True,True,Alpha Vantage EARNINGS,primary_event_data,PRIMARY_EVENT_DATA,False,False,False,True
WMT,Consumer Staples,2026-07-31,2026-08-20,0.81,0.73,0.08,10.9589,10.958904109589051,LARGE_BEAT,True,,,,,UNKNOWN,True,True,True,Alpha Vantage EARNINGS,primary_event_data,PRIMARY_EVENT_DATA,False,False,False,True
WMT,Consumer Staples,2026-04-30,2026-05-21,0.66,0.66,0.0,0.0,0.0,IN_LINE,False,,,,,UNKNOWN,True,True,True,Alpha Vantage EARNINGS,primary_event_data,PRIMARY_EVENT_DATA,False,False,False,True
WMT,Consumer Staples,2026-01-31,2026-02-19,0.53,0.7,-0.17,-24.2857,-24.285714285714278,LARGE_MISS,False,,,,,UNKNOWN,True,True,True,Alpha Vantage EARNINGS,primary_event_data,PRIMARY_EVENT_DATA,False,False,False,True
WMT,Consumer Staples,2025-10-31,2025-11-20,0.77,0.6,0.17,28.3333,28.333333333333343,LARGE_BEAT,True,,,,,UNKNOWN,True,True,True,Alpha Vantage EARNINGS,primary_event_data,PRIMARY_EVENT_DATA,False,False,False,True
WMT,Consumer Staples,2025-07-31,2025-08-21,0.88,0.74,0.14,18.9189,18.91891891891892,LARGE_BEAT,True,,,,,UNKNOWN,True,True,True,Alpha Vantage EARNINGS,primary_event_data,PRIMARY_EVENT_DATA,False,False,False,True
WMT,Consumer Staples,2025-04-30,2025-05-15,0.61,0.57,0.04,7.0175,7.0175438596491295,BEAT,True,,,,,UNKNOWN,True,True,True,Alpha Vantage EARNINGS,primary_event_data,PRIMARY_EVENT_DATA,False,False,False,True
WMT,Consumer Staples,2025-01-31,2025-02-20,0.65,0.65,0.0,0.0,0.0,IN_LINE,False,,,,,UNKNOWN,True,True,True,Alpha Vantage EARNINGS,primary_event_data,PRIMARY_EVENT_DATA,False,False,False,True
WMT,Consumer Staples,2024-10-31,2024-11-19,0.57,0.53,0.04,7.5472,7.547169811320741,BEAT,True,,,,,UNKNOWN,True,True,True,Alpha Vantage EARNINGS,primary_event_data,PRIMARY_EVENT_DATA,False,False,False,True
WMT,Consumer Staples,2024-07-31,2024-08-15,0.56,0.65,-0.09,-13.8462,-13.846153846153841,LARGE_MISS,False,,,,,UNKNOWN,True,True,True,Alpha Vantage EARNINGS,primary_event_data,PRIMARY_EVENT_DATA,False,False,False,True
WMT,Consumer Staples,2024-04-30,2024-05-16,0.63,0.52,0.11,21.1538,21.15384615384615,LARGE_BEAT,True,,,,,UNKNOWN,True,True,True,Alpha Vantage EARNINGS,primary_event_data,PRIMARY_EVENT_DATA,False,False,False,True
WMT,Consumer Staples,2024-01-31,2024-02-20,0.68,1.64,-0.96,-58.5366,-58.536585365853654,LARGE_MISS,False,,,,,UNKNOWN,True,True,True,Alpha Vantage EARNINGS,primary_event_data,PRIMARY_EVENT_DATA,False,False,False,True
WMT,Consumer Staples,2023-10-31,2023-11-16,0.0559,1.51,-1.4541,-96.298,-96.2980132450331,LARGE_MISS,False,,,,,UNKNOWN,True,True,True,Alpha Vantage EARNINGS,primary_event_data,PRIMARY_EVENT_DATA,False,False,False,True
WMT,Consumer Staples,2023-07-31,2023-08-17,0.97,1.69,-0.72,-42.6036,-42.60355029585799,LARGE_MISS,False,,,,,UNKNOWN,True,True,True,Alpha Vantage EARNINGS,primary_event_data,PRIMARY_EVENT_DATA,False,False,False,True
WMT,Consumer Staples,2023-04-30,2023-05-18,0.21,1.3,-1.09,-83.8462,-83.84615384615385,LARGE_MISS,False,,,,,UNKNOWN,True,True,True,Alpha Vantage EARNINGS,primary_event_data,PRIMARY_EVENT_DATA,False,False,False,True
WMT,Consumer Staples,2023-01-31,2023-02-21,0.77,1.52,-0.75,-49.3421,-49.34210526315789,LARGE_MISS,False,,,,,UNKNOWN,True,True,True,Alpha Vantage EARNINGS,primary_event_data,PRIMARY_EVENT_DATA,False,False,False,True
WMT,Consumer Staples,2022-10-31,2022-11-15,-0.22,1.32,-1.54,-116.6667,-116.66666666666667,LARGE_MISS,False,,,,,UNKNOWN,True,True,True,Alpha Vantage EARNINGS,primary_event_data,PRIMARY_EVENT_DATA,False,False,False,True
WMT,Consumer Staples,2022-07-31,2022-08-16,0.63,0.59,0.04,6.7797,6.779661016949159,BEAT,True,,,,,UNKNOWN,True,True,True,Alpha Vantage EARNINGS,primary_event_data,PRIMARY_EVENT_DATA,False,False,False,True
WMT,Consumer Staples,2022-04-30,2022-05-17,0.25,0.43,-0.18,-41.8605,-41.860465116279066,LARGE_MISS,False,,,,,UNKNOWN,True,True,True,Alpha Vantage EARNINGS,primary_event_data,PRIMARY_EVENT_DATA,False,False,False,True
WMT,Consumer Staples,2022-01-31,2022-02-17,0.43,0.51,-0.08,-15.6863,-15.686274509803924,LARGE_MISS,False,,,,,UNKNOWN,True,True,True,Alpha Vantage EARNINGS,primary_event_data,PRIMARY_EVENT_DATA,False,False,False,True
WMT,Consumer Staples,2021-10-31,2021-11-16,0.37,0.48,-0.11,-22.9167,-22.916666666666664,LARGE_MISS,False,,,,,UNKNOWN,True,True,True,Alpha Vantage EARNINGS,primary_event_data,PRIMARY_EVENT_DATA,False,False,False,True
WMT,Consumer Staples,2021-07-31,2021-08-17,0.51,0.59,-0.08,-13.5593,-13.5593220338983,LARGE_MISS,False,,,,,UNKNOWN,True,True,True,Alpha Vantage EARNINGS,primary_event_data,PRIMARY_EVENT_DATA,False,False,False,True
WMT,Consumer Staples,2021-04-30,2021-05-18,0.32,0.56,-0.24,-42.8571,-42.85714285714286,LARGE_MISS,False,,,,,UNKNOWN,True,True,True,Alpha Vantage EARNINGS,primary_event_data,PRIMARY_EVENT_DATA,False,False,False,True
WMT,Consumer Staples,2021-01-31,2021-02-18,0.46,0.5,-0.04,-8.0,-7.9999999999999964,MISS,False,,,,,UNKNOWN,True,True,True,Alpha Vantage EARNINGS,primary_event_data,PRIMARY_EVENT_DATA,False,False,False,True
WMT,Consumer Staples,2020-10-31,2020-11-17,0.45,0.4,0.05,12.5,12.499999999999996,LARGE_BEAT,True,,,,,UNKNOWN,True,True,True,Alpha Vantage EARNINGS,primary_event_data,PRIMARY_EVENT_DATA,False,False,False,True
WMT,Consumer Staples,2020-07-31,2020-08-18,0.52,0.42,0.1,23.8095,23.80952380952382,LARGE_BEAT,True,,,,,UNKNOWN,True,True,True,Alpha Vantage EARNINGS,primary_event_data,PRIMARY_EVENT_DATA,False,False,False,True
WMT,Consumer Staples,2020-04-30,2020-05-19,0.39,0.36,0.03,8.3333,8.333333333333341,BEAT,True,,,,,UNKNOWN,True,True,True,Alpha Vantage EARNINGS,primary_event_data,PRIMARY_EVENT_DATA,False,False,False,True
WMT,Consumer Staples,2020-01-31,2020-02-18,0.46,0.48,-0.02,-4.1667,-4.166666666666659,MISS,False,,,,,UNKNOWN,True,True,True,Alpha Vantage EARNINGS,primary_event_data,PRIMARY_EVENT_DATA,False,False,False,True
WMT,Consumer Staples,2019-10-31,2019-11-14,0.39,0.36,0.03,8.3333,8.333333333333341,BEAT,True,,,,,UNKNOWN,True,True,True,Alpha Vantage EARNINGS,primary_event_data,PRIMARY_EVENT_DATA,False,False,False,True
WMT,Consumer Staples,2019-07-31,2019-08-15,0.42,0.41,0.01,2.439,2.4390243902439046,IN_LINE,True,,,,,UNKNOWN,True,True,True,Alpha Vantage EARNINGS,primary_event_data,PRIMARY_EVENT_DATA,False,False,False,True
WMT,Consumer Staples,2019-04-30,2019-05-16,0.38,0.34,0.04,11.7647,11.764705882352935,LARGE_BEAT,True,,,,,UNKNOWN,True,True,True,Alpha Vantage EARNINGS,primary_event_data,PRIMARY_EVENT_DATA,False,False,False,True
WMT,Consumer Staples,2019-01-31,2019-03-28,0.47,0.44,0.03,6.8182,6.818181818181812,BEAT,True,,,,,UNKNOWN,True,True,True,Alpha Vantage EARNINGS,primary_event_data,PRIMARY_EVENT_DATA,False,False,False,True
WMT,Consumer Staples,2018-10-31,2018-11-15,0.36,0.34,0.02,5.8824,5.8823529411764595,BEAT,True,,,,,UNKNOWN,True,True,True,Alpha Vantage EARNINGS,primary_event_data,PRIMARY_EVENT_DATA,False,False,False,True
WMT,Consumer Staples,2018-07-31,2018-08-16,0.43,0.41,0.02,4.878,4.878048780487809,BEAT,True,,,,,UNKNOWN,True,True,True,Alpha Vantage EARNINGS,primary_event_data,PRIMARY_EVENT_DATA,False,False,False,True
WMT,Consumer Staples,2018-04-30,2018-05-17,0.38,0.37,0.01,2.7027,2.7027027027027053,IN_LINE,True,,,,,UNKNOWN,True,True,True,Alpha Vantage EARNINGS,primary_event_data,PRIMARY_EVENT_DATA,False,False,False,True
WMT,Consumer Staples,2018-01-31,2018-03-30,0.44,0.46,-0.02,-4.3478,-4.347826086956525,MISS,False,,,,,UNKNOWN,True,True,True,Alpha Vantage EARNINGS,primary_event_data,PRIMARY_EVENT_DATA,False,False,False,True
WMT,Consumer Staples,2017-10-31,2017-11-16,0.33,0.32,0.01,3.125,3.1250000000000027,BEAT,True,,,,,UNKNOWN,True,True,True,Alpha Vantage EARNINGS,primary_event_data,PRIMARY_EVENT_DATA,False,False,False,True
WMT,Consumer Staples,2017-07-31,2017-08-17,0.36,0.36,0.0,0.0,0.0,IN_LINE,False,,,,,UNKNOWN,True,True,True,Alpha Vantage EARNINGS,primary_event_data,PRIMARY_EVENT_DATA,False,False,False,True
WMT,Consumer Staples,2017-04-30,2017-05-18,0.33,0.32,0.01,3.125,3.1250000000000027,BEAT,True,,,,,UNKNOWN,True,True,True,Alpha Vantage EARNINGS,primary_event_data,PRIMARY_EVENT_DATA,False,False,False,True
WMT,Consumer Staples,2017-01-31,2017-03-31,0.43,0.43,0.0,0.0,0.0,IN_LINE,False,,,,,UNKNOWN,True,True,True,Alpha Vantage EARNINGS,primary_event_data,PRIMARY_EVENT_DATA,False,False,False,True
WMT,Consumer Staples,2016-10-31,2016-11-17,0.33,0.32,0.01,3.125,3.1250000000000027,BEAT,True,,,,,UNKNOWN,True,True,True,Alpha Vantage EARNINGS,primary_event_data,PRIMARY_EVENT_DATA,False,False,False,True
WMT,Consumer Staples,2016-07-31,2016-08-18,0.36,0.34,0.02,5.8824,5.8823529411764595,BEAT,True,,,,,UNKNOWN,True,True,True,Alpha Vantage EARNINGS,primary_event_data,PRIMARY_EVENT_DATA,False,False,False,True
WMT,Consumer Staples,2016-04-30,2016-05-19,0.33,0.29,0.04,13.7931,13.793103448275875,LARGE_BEAT,True,,,,,UNKNOWN,True,True,True,Alpha Vantage EARNINGS,primary_event_data,PRIMARY_EVENT_DATA,False,False,False,True
WMT,Consumer Staples,2016-01-31,2016-03-30,0.5,0.49,0.01,2.0408,2.040816326530614,IN_LINE,True,,,,,UNKNOWN,True,True,True,Alpha Vantage EARNINGS,primary_event_data,PRIMARY_EVENT_DATA,False,False,False,True
WMT,Consumer Staples,2015-10-31,2015-11-17,0.33,0.33,0.0,0.0,0.0,IN_LINE,False,,,,,UNKNOWN,True,True,True,Alpha Vantage EARNINGS,primary_event_data,PRIMARY_EVENT_DATA,False,False,False,True
WMT,Consumer Staples,2015-07-31,2015-08-18,0.36,0.37,-0.01,-2.7027,-2.7027027027027053,IN_LINE,False,,,,,UNKNOWN,True,True,True,Alpha Vantage EARNINGS,primary_event_data,PRIMARY_EVENT_DATA,False,False,False,True
WMT,Consumer Staples,2015-04-30,2015-05-19,0.34,0.35,-0.01,-2.8571,-2.857142857142844,IN_LINE,False,,,,,UNKNOWN,True,True,True,Alpha Vantage EARNINGS,primary_event_data,PRIMARY_EVENT_DATA,False,False,False,True
WMT,Consumer Staples,2015-01-31,2015-04-01,0.54,0.51,0.03,5.8824,5.8823529411764754,BEAT,True,,,,,UNKNOWN,True,True,True,Alpha Vantage EARNINGS,primary_event_data,PRIMARY_EVENT_DATA,False,False,False,True
WMT,Consumer Staples,2014-10-31,2014-11-13,0.38,0.37,0.01,2.7027,2.7027027027027053,IN_LINE,True,,,,,UNKNOWN,True,True,True,Alpha Vantage EARNINGS,primary_event_data,PRIMARY_EVENT_DATA,False,False,False,True
WMT,Consumer Staples,2014-07-31,2014-08-14,0.4,0.4,0.0,0.0,0.0,IN_LINE,False,,,,,UNKNOWN,True,True,True,Alpha Vantage EARNINGS,primary_event_data,PRIMARY_EVENT_DATA,False,False,False,True
WMT,Consumer Staples,2014-04-30,2014-05-15,0.37,0.38,-0.01,-2.6316,-2.6315789473684235,IN_LINE,False,,,,,UNKNOWN,True,True,True,Alpha Vantage EARNINGS,primary_event_data,PRIMARY_EVENT_DATA,False,False,False,True
WMT,Consumer Staples,2014-01-31,2014-02-20,0.53,0.53,0.0,0.0,0.0,IN_LINE,False,,,,,UNKNOWN,True,True,True,Alpha Vantage EARNINGS,primary_event_data,PRIMARY_EVENT_DATA,False,False,False,True
WMT,Consumer Staples,2013-10-31,2013-11-14,0.38,0.38,0.0,0.0,0.0,IN_LINE,False,,,,,UNKNOWN,True,True,True,Alpha Vantage EARNINGS,primary_event_data,PRIMARY_EVENT_DATA,False,False,False,True
WMT,Consumer Staples,2013-07-31,2013-08-15,0.42,0.42,0.0,0.0,0.0,IN_LINE,False,,,,,UNKNOWN,True,True,True,Alpha Vantage EARNINGS,primary_event_data,PRIMARY_EVENT_DATA,False,False,False,True
WMT,Consumer Staples,2013-04-30,2013-05-16,0.38,0.38,0.0,0.0,0.0,IN_LINE,False,,,,,UNKNOWN,True,True,True,Alpha Vantage EARNINGS,primary_event_data,PRIMARY_EVENT_DATA,False,False,False,True
WMT,Consumer Staples,2013-01-31,2013-02-21,0.56,0.52,0.04,7.6923,7.692307692307699,BEAT,True,,,,,UNKNOWN,True,True,True,Alpha Vantage EARNINGS,primary_event_data,PRIMARY_EVENT_DATA,False,False,False,True
WMT,Consumer Staples,2012-10-31,2012-11-15,0.36,0.36,0.0,0.0,0.0,IN_LINE,False,,,,,UNKNOWN,True,True,True,Alpha Vantage EARNINGS,primary_event_data,PRIMARY_EVENT_DATA,False,False,False,True
WMT,Consumer Staples,2012-07-31,2012-08-16,0.39,0.39,0.0,0.0,0.0,IN_LINE,False,,,,,UNKNOWN,True,True,True,Alpha Vantage EARNINGS,primary_event_data,PRIMARY_EVENT_DATA,False,False,False,True
WMT,Consumer Staples,2012-04-30,2012-05-17,0.36,0.35,0.01,2.8571,2.85714285714286,IN_LINE,True,,,,,UNKNOWN,True,True,True,Alpha Vantage EARNINGS,primary_event_data,PRIMARY_EVENT_DATA,False,False,False,True
WMT,Consumer Staples,2012-01-31,2012-02-21,0.48,0.49,-0.01,-2.0408,-2.040816326530614,IN_LINE,False,,,,,UNKNOWN,True,True,True,Alpha Vantage EARNINGS,primary_event_data,PRIMARY_EVENT_DATA,False,False,False,True
WMT,Consumer Staples,2011-10-31,2011-11-15,0.32,0.33,-0.01,-3.0303,-3.030303030303033,MISS,False,,,,,UNKNOWN,True,True,True,Alpha Vantage EARNINGS,primary_event_data,PRIMARY_EVENT_DATA,False,False,False,True
WMT,Consumer Staples,2011-07-31,2011-08-16,0.36,0.36,0.0,0.0,0.0,IN_LINE,False,,,,,UNKNOWN,True,True,True,Alpha Vantage EARNINGS,primary_event_data,PRIMARY_EVENT_DATA,False,False,False,True
WMT,Consumer Staples,2011-04-30,2011-05-17,0.33,0.32,0.01,3.125,3.1250000000000027,BEAT,True,,,,,UNKNOWN,True,True,True,Alpha Vantage EARNINGS,primary_event_data,PRIMARY_EVENT_DATA,False,False,False,True
WMT,Consumer Staples,2011-01-31,2011-02-22,0.45,0.44,0.01,2.2727,2.2727272727272747,IN_LINE,True,,,,,UNKNOWN,True,True,True,Alpha Vantage EARNINGS,primary_event_data,PRIMARY_EVENT_DATA,False,False,False,True
WMT,Consumer Staples,2010-10-31,2010-11-16,0.3,0.3,0.0,0.0,0.0,IN_LINE,False,,,,,UNKNOWN,True,True,True,Alpha Vantage EARNINGS,primary_event_data,PRIMARY_EVENT_DATA,False,False,False,True
WMT,Consumer Staples,2010-07-31,2010-08-17,0.32,0.32,0.0,0.0,0.0,IN_LINE,False,,,,,UNKNOWN,True,True,True,Alpha Vantage EARNINGS,primary_event_data,PRIMARY_EVENT_DATA,False,False,False,True
WMT,Consumer Staples,2010-04-30,2010-05-18,0.29,0.29,0.0,0.0,0.0,IN_LINE,False,,,,,UNKNOWN,True,True,True,Alpha Vantage EARNINGS,primary_event_data,PRIMARY_EVENT_DATA,False,False,False,True
WMT,Consumer Staples,2010-01-31,2010-02-18,0.39,0.37,0.02,5.4054,5.405405405405411,BEAT,True,,,,,UNKNOWN,True,True,True,Alpha Vantage EARNINGS,primary_event_data,PRIMARY_EVENT_DATA,False,False,False,True
WMT,Consumer Staples,2009-10-31,2009-11-12,0.28,0.27,0.01,3.7037,3.703703703703707,BEAT,True,,,,,UNKNOWN,True,True,True,Alpha Vantage EARNINGS,primary_event_data,PRIMARY_EVENT_DATA,False,False,False,True
WMT,Consumer Staples,2009-07-31,2009-08-13,0.29,0.28,0.01,3.5714,3.5714285714285547,BEAT,True,,,,,UNKNOWN,True,True,True,Alpha Vantage EARNINGS,primary_event_data,PRIMARY_EVENT_DATA,False,False,False,True
WMT,Consumer Staples,2009-04-30,2009-05-14,0.26,0.26,0.0,0.0,0.0,IN_LINE,False,,,,,UNKNOWN,True,True,True,Alpha Vantage EARNINGS,primary_event_data,PRIMARY_EVENT_DATA,False,False,False,True
WMT,Consumer Staples,2009-01-31,2009-02-17,0.34,0.32,0.02,6.25,6.250000000000005,BEAT,True,,,,,UNKNOWN,True,True,True,Alpha Vantage EARNINGS,primary_event_data,PRIMARY_EVENT_DATA,False,False,False,True
WMT,Consumer Staples,2008-10-31,2008-11-13,0.26,0.25,0.01,4.0,4.0000000000000036,BEAT,True,,,,,UNKNOWN,True,True,True,Alpha Vantage EARNINGS,primary_event_data,PRIMARY_EVENT_DATA,False,False,False,True
WMT,Consumer Staples,2008-07-31,2008-08-14,0.29,0.28,0.01,3.5714,3.5714285714285547,BEAT,True,,,,,UNKNOWN,True,True,True,Alpha Vantage EARNINGS,primary_event_data,PRIMARY_EVENT_DATA,False,False,False,True
WMT,Consumer Staples,2008-04-30,2008-05-13,0.25,0.25,0.0,0.0,0.0,IN_LINE,False,,,,,UNKNOWN,True,True,True,Alpha Vantage EARNINGS,primary_event_data,PRIMARY_EVENT_DATA,False,False,False,True
WMT,Consumer Staples,2008-01-31,2008-02-19,0.35,0.34,0.01,2.9412,2.9411764705882213,IN_LINE,True,,,,,UNKNOWN,True,True,True,Alpha Vantage EARNINGS,primary_event_data,PRIMARY_EVENT_DATA,False,False,False,True
WMT,Consumer Staples,2007-10-31,2007-11-13,0.23,0.22,0.01,4.5455,4.545454545454549,BEAT,True,,,,,UNKNOWN,True,True,True,Alpha Vantage EARNINGS,primary_event_data,PRIMARY_EVENT_DATA,False,False,False,True
WMT,Consumer Staples,2007-07-31,2007-08-14,0.24,0.25,-0.01,-4.0,-4.0000000000000036,MISS,False,,,,,UNKNOWN,True,True,True,Alpha Vantage EARNINGS,primary_event_data,PRIMARY_EVENT_DATA,False,False,False,True
WMT,Consumer Staples,2007-04-30,2007-05-15,0.23,0.23,0.0,0.0,0.0,IN_LINE,False,,,,,UNKNOWN,True,True,True,Alpha Vantage EARNINGS,primary_event_data,PRIMARY_EVENT_DATA,False,False,False,True
WMT,Consumer Staples,2007-01-31,2007-02-20,0.31,0.3,0.01,3.3333,3.3333333333333366,BEAT,True,,,,,UNKNOWN,True,True,True,Alpha Vantage EARNINGS,primary_event_data,PRIMARY_EVENT_DATA,False,False,False,True
WMT,Consumer Staples,2006-10-31,2006-11-14,0.2,0.2,0.0,0.0,0.0,IN_LINE,False,,,,,UNKNOWN,True,True,True,Alpha Vantage EARNINGS,primary_event_data,PRIMARY_EVENT_DATA,False,False,False,True
WMT,Consumer Staples,2006-07-31,2006-08-15,0.24,0.24,0.0,0.0,0.0,IN_LINE,False,,,,,UNKNOWN,True,True,True,Alpha Vantage EARNINGS,primary_event_data,PRIMARY_EVENT_DATA,False,False,False,True
WMT,Consumer Staples,2006-04-30,2006-05-16,0.21,0.2,0.01,5.0,4.99999999999999,BEAT,True,,,,,UNKNOWN,True,True,True,Alpha Vantage EARNINGS,primary_event_data,PRIMARY_EVENT_DATA,False,False,False,True
WMT,Consumer Staples,2006-01-31,2006-02-21,0.28,0.28,0.0,0.0,0.0,IN_LINE,False,,,,,UNKNOWN,True,True,True,Alpha Vantage EARNINGS,primary_event_data,PRIMARY_EVENT_DATA,False,False,False,True
WMT,Consumer Staples,2005-10-31,2005-11-14,0.2,0.19,0.01,5.2632,5.263157894736847,BEAT,True,,,,,UNKNOWN,True,True,True,Alpha Vantage EARNINGS,primary_event_data,PRIMARY_EVENT_DATA,False,False,False,True
WMT,Consumer Staples,2005-07-31,2005-08-16,0.22,0.22,0.0,0.0,0.0,IN_LINE,False,,,,,UNKNOWN,True,True,True,Alpha Vantage EARNINGS,primary_event_data,PRIMARY_EVENT_DATA,False,False,False,True
WMT,Consumer Staples,2005-04-30,2005-05-12,0.18,0.19,-0.01,-5.2632,-5.263157894736847,MISS,False,,,,,UNKNOWN,True,True,True,Alpha Vantage EARNINGS,primary_event_data,PRIMARY_EVENT_DATA,False,False,False,True
WMT,Consumer Staples,2005-01-31,2005-02-17,0.25,0.25,0.0,0.0,0.0,IN_LINE,False,,,,,UNKNOWN,True,True,True,Alpha Vantage EARNINGS,primary_event_data,PRIMARY_EVENT_DATA,False,False,False,True
WMT,Consumer Staples,2004-10-31,2004-11-16,0.18,0.18,0.0,0.0,0.0,IN_LINE,False,,,,,UNKNOWN,True,True,True,Alpha Vantage EARNINGS,primary_event_data,PRIMARY_EVENT_DATA,False,False,False,True
WMT,Consumer Staples,2004-07-31,2004-08-12,0.21,0.2,0.01,5.0,4.99999999999999,BEAT,True,,,,,UNKNOWN,True,True,True,Alpha Vantage EARNINGS,primary_event_data,PRIMARY_EVENT_DATA,False,False,False,True
WMT,Consumer Staples,2004-04-30,2004-05-13,0.17,0.16,0.01,6.25,6.250000000000005,BEAT,True,,,,,UNKNOWN,True,True,True,Alpha Vantage EARNINGS,primary_event_data,PRIMARY_EVENT_DATA,False,False,False,True
WMT,Consumer Staples,2004-01-31,2004-02-19,0.21,0.21,0.0,0.0,0.0,IN_LINE,False,,,,,UNKNOWN,True,True,True,Alpha Vantage EARNINGS,primary_event_data,PRIMARY_EVENT_DATA,False,False,False,True
WMT,Consumer Staples,2003-10-31,2003-11-13,0.15,0.16,-0.01,-6.25,-6.250000000000005,MISS,False,,,,,UNKNOWN,True,True,True,Alpha Vantage EARNINGS,primary_event_data,PRIMARY_EVENT_DATA,False,False,False,True
WMT,Consumer Staples,2003-07-31,2003-08-13,0.17,0.17,0.0,0.0,0.0,IN_LINE,False,,,,,UNKNOWN,True,True,True,Alpha Vantage EARNINGS,primary_event_data,PRIMARY_EVENT_DATA,False,False,False,True
WMT,Consumer Staples,2003-04-30,2003-05-13,0.14,0.14,0.0,0.0,0.0,IN_LINE,False,,,,,UNKNOWN,True,True,True,Alpha Vantage EARNINGS,primary_event_data,PRIMARY_EVENT_DATA,False,False,False,True
WMT,Consumer Staples,2003-01-31,2003-02-18,0.19,0.19,0.0,0.0,0.0,IN_LINE,False,,,,,UNKNOWN,True,True,True,Alpha Vantage EARNINGS,primary_event_data,PRIMARY_EVENT_DATA,False,False,False,True
WMT,Consumer Staples,2002-10-31,2002-11-13,0.14,0.13,0.01,7.6923,7.692307692307699,BEAT,True,,,,,UNKNOWN,True,True,True,Alpha Vantage EARNINGS,primary_event_data,PRIMARY_EVENT_DATA,False,False,False,True
WMT,Consumer Staples,2002-07-31,2002-08-13,0.12,0.12,0.0,0.0,0.0,IN_LINE,False,,,,,UNKNOWN,True,True,True,Alpha Vantage EARNINGS,primary_event_data,PRIMARY_EVENT_DATA,False,False,False,True
WMT,Consumer Staples,2002-04-30,2002-05-14,0.1,0.1,0.0,0.0,0.0,IN_LINE,False,,,,,UNKNOWN,True,True,True,Alpha Vantage EARNINGS,primary_event_data,PRIMARY_EVENT_DATA,False,False,False,True
WMT,Consumer Staples,2002-01-31,2002-02-19,0.16,0.16,0.0,0.0,0.0,IN_LINE,False,,,,,UNKNOWN,True,True,True,Alpha Vantage EARNINGS,primary_event_data,PRIMARY_EVENT_DATA,False,False,False,True
WMT,Consumer Staples,2001-10-31,2001-11-13,0.33,0.33,0.0,0.0,0.0,IN_LINE,False,,,,,UNKNOWN,True,True,True,Alpha Vantage EARNINGS,primary_event_data,PRIMARY_EVENT_DATA,False,False,False,True
WMT,Consumer Staples,2001-07-31,2001-09-14,0.37,0.37,0.0,0.0,0.0,IN_LINE,False,,,,,UNKNOWN,True,True,True,Alpha Vantage EARNINGS,primary_event_data,PRIMARY_EVENT_DATA,False,False,False,True
WMT,Consumer Staples,2001-04-30,2001-06-15,0.31,0.31,0.0,0.0,0.0,IN_LINE,False,,,,,UNKNOWN,True,True,True,Alpha Vantage EARNINGS,primary_event_data,PRIMARY_EVENT_DATA,False,False,False,True
WMT,Consumer Staples,2001-01-31,2001-03-15,0.45,0.45,0.0,0.0,0.0,IN_LINE,False,,,,,UNKNOWN,True,True,True,Alpha Vantage EARNINGS,primary_event_data,PRIMARY_EVENT_DATA,False,False,False,True
WMT,Consumer Staples,2000-10-31,2000-11-14,0.31,0.31,0.0,0.0,0.0,IN_LINE,False,,,,,UNKNOWN,True,True,True,Alpha Vantage EARNINGS,primary_event_data,PRIMARY_EVENT_DATA,False,False,False,True
WMT,Consumer Staples,2000-07-31,2000-08-09,0.36,0.36,0.0,0.0,0.0,IN_LINE,False,,,,,UNKNOWN,True,True,True,Alpha Vantage EARNINGS,primary_event_data,PRIMARY_EVENT_DATA,False,False,False,True
WMT,Consumer Staples,2000-04-30,2000-05-09,0.3,0.28,0.02,7.1429,7.142857142857128,BEAT,True,,,,,UNKNOWN,True,True,True,Alpha Vantage EARNINGS,primary_event_data,PRIMARY_EVENT_DATA,False,False,False,True
WMT,Consumer Staples,2000-01-31,2000-02-15,0.43,0.42,0.01,2.381,2.380952380952383,IN_LINE,True,,,,,UNKNOWN,True,True,True,Alpha Vantage EARNINGS,primary_event_data,PRIMARY_EVENT_DATA,False,False,False,True
WMT,Consumer Staples,1999-10-31,1999-11-09,0.29,0.28,0.01,3.5714,3.5714285714285547,BEAT,True,,,,,UNKNOWN,True,True,True,Alpha Vantage EARNINGS,primary_event_data,PRIMARY_EVENT_DATA,False,False,False,True
WMT,Consumer Staples,1999-07-31,1999-08-10,0.31,0.28,0.03,10.7143,10.714285714285703,LARGE_BEAT,True,,,,,UNKNOWN,True,True,True,Alpha Vantage EARNINGS,primary_event_data,PRIMARY_EVENT_DATA,False,False,False,True
WMT,Consumer Staples,1999-04-30,1999-05-11,0.25,0.22,0.03,13.6364,13.636363636363635,LARGE_BEAT,True,,,,,UNKNOWN,True,True,True,Alpha Vantage EARNINGS,primary_event_data,PRIMARY_EVENT_DATA,False,False,False,True
WMT,Consumer Staples,1999-01-31,1999-02-16,0.35,0.33,0.02,6.0606,6.060606060606049,BEAT,True,,,,,UNKNOWN,True,True,True,Alpha Vantage EARNINGS,primary_event_data,PRIMARY_EVENT_DATA,False,False,False,True
WMT,Consumer Staples,1998-10-31,1998-11-10,0.23,0.22,0.01,4.5455,4.545454545454549,BEAT,True,,,,,UNKNOWN,True,True,True,Alpha Vantage EARNINGS,primary_event_data,PRIMARY_EVENT_DATA,False,False,False,True
WMT,Consumer Staples,1998-07-31,1998-08-11,0.23,0.22,0.01,4.5455,4.545454545454549,BEAT,True,,,,,UNKNOWN,True,True,True,Alpha Vantage EARNINGS,primary_event_data,PRIMARY_EVENT_DATA,False,False,False,True
WMT,Consumer Staples,1998-04-30,1998-05-12,0.19,0.17,0.02,11.7647,11.764705882352935,LARGE_BEAT,True,,,,,UNKNOWN,True,True,True,Alpha Vantage EARNINGS,primary_event_data,PRIMARY_EVENT_DATA,False,False,False,True
WMT,Consumer Staples,1998-01-31,1998-02-24,0.28,0.28,0.0,0.0,0.0,IN_LINE,False,,,,,UNKNOWN,True,True,True,Alpha Vantage EARNINGS,primary_event_data,PRIMARY_EVENT_DATA,False,False,False,True
WMT,Consumer Staples,1997-10-31,1997-11-11,0.18,0.17,0.01,5.8824,5.8823529411764595,BEAT,True,,,,,UNKNOWN,True,True,True,Alpha Vantage EARNINGS,primary_event_data,PRIMARY_EVENT_DATA,False,False,False,True
WMT,Consumer Staples,1997-07-31,1997-08-12,0.18,0.18,0.0,0.0,0.0,IN_LINE,False,,,,,UNKNOWN,True,True,True,Alpha Vantage EARNINGS,primary_event_data,PRIMARY_EVENT_DATA,False,False,False,True
WMT,Consumer Staples,1997-04-30,1997-05-12,0.14,0.14,0.0,0.0,0.0,IN_LINE,False,,,,,UNKNOWN,True,True,True,Alpha Vantage EARNINGS,primary_event_data,PRIMARY_EVENT_DATA,False,False,False,True
WMT,Consumer Staples,1997-01-31,1997-02-25,0.24,0.24,0.0,0.0,0.0,IN_LINE,False,,,,,UNKNOWN,True,True,True,Alpha Vantage EARNINGS,primary_event_data,PRIMARY_EVENT_DATA,False,False,False,True
WMT,Consumer Staples,1996-10-31,1996-11-12,0.15,0.15,0.0,0.0,0.0,IN_LINE,False,,,,,UNKNOWN,True,True,True,Alpha Vantage EARNINGS,primary_event_data,PRIMARY_EVENT_DATA,False,False,False,True
WMT,Consumer Staples,1996-07-31,1996-08-13,0.16,0.15,0.01,6.6667,6.666666666666673,BEAT,True,,,,,UNKNOWN,True,True,True,Alpha Vantage EARNINGS,primary_event_data,PRIMARY_EVENT_DATA,False,False,False,True
WMT,Consumer Staples,1996-04-30,1996-05-14,0.13,0.13,0.0,0.0,0.0,IN_LINE,False,,,,,UNKNOWN,True,True,True,Alpha Vantage EARNINGS,primary_event_data,PRIMARY_EVENT_DATA,False,False,False,True
JPM,Financials,2026-06-30,2026-07-14,6.14,5.59,0.55,9.839,9.83899821109123,BEAT,True,,,,,UNKNOWN,True,True,True,Alpha Vantage EARNINGS,primary_event_data,PRIMARY_EVENT_DATA,False,False,False,True
JPM,Financials,2026-03-31,2026-04-14,5.94,5.51,0.43,7.804,7.803992740471881,BEAT,True,,,,,UNKNOWN,True,True,True,Alpha Vantage EARNINGS,primary_event_data,PRIMARY_EVENT_DATA,False,False,False,True
JPM,Financials,2025-12-31,2026-01-13,4.63,4.82,-0.19,-3.9419,-3.9419087136929543,MISS,False,,,,,UNKNOWN,True,True,True,Alpha Vantage EARNINGS,primary_event_data,PRIMARY_EVENT_DATA,False,False,False,True
JPM,Financials,2025-09-30,2025-10-14,5.07,4.87,0.2,4.1068,4.106776180698155,BEAT,True,,,,,UNKNOWN,True,True,True,Alpha Vantage EARNINGS,primary_event_data,PRIMARY_EVENT_DATA,False,False,False,True
JPM,Financials,2025-06-30,2025-07-15,4.96,4.48,0.48,10.7143,10.714285714285703,LARGE_BEAT,True,,,,,UNKNOWN,True,True,True,Alpha Vantage EARNINGS,primary_event_data,PRIMARY_EVENT_DATA,False,False,False,True
JPM,Financials,2025-03-31,2025-04-11,5.07,4.64,0.43,9.2672,9.267241379310358,BEAT,True,,,,,UNKNOWN,True,True,True,Alpha Vantage EARNINGS,primary_event_data,PRIMARY_EVENT_DATA,False,False,False,True
JPM,Financials,2024-12-31,2025-01-15,4.81,4.04,0.77,19.0594,19.059405940594047,LARGE_BEAT,True,,,,,UNKNOWN,True,True,True,Alpha Vantage EARNINGS,primary_event_data,PRIMARY_EVENT_DATA,False,False,False,True
JPM,Financials,2024-09-30,2024-10-11,4.37,3.99,0.38,9.5238,9.52380952380952,BEAT,True,,,,,UNKNOWN,True,True,True,Alpha Vantage EARNINGS,primary_event_data,PRIMARY_EVENT_DATA,False,False,False,True
JPM,Financials,2024-06-30,2024-07-12,6.12,5.09,1.03,20.2358,20.23575638506877,LARGE_BEAT,True,,,,,UNKNOWN,True,True,True,Alpha Vantage EARNINGS,primary_event_data,PRIMARY_EVENT_DATA,False,False,False,True
JPM,Financials,2024-03-31,2024-04-12,4.44,4.13,0.31,7.5061,7.506053268765145,BEAT,True,,,,,UNKNOWN,True,True,True,Alpha Vantage EARNINGS,primary_event_data,PRIMARY_EVENT_DATA,False,False,False,True
JPM,Financials,2023-12-31,2024-01-12,3.04,3.6,-0.56,-15.5556,-15.555555555555555,LARGE_MISS,False,,,,,UNKNOWN,True,True,True,Alpha Vantage EARNINGS,primary_event_data,PRIMARY_EVENT_DATA,False,False,False,True
JPM,Financials,2023-09-30,2023-10-13,4.33,3.96,0.37,9.3434,9.343434343434346,BEAT,True,,,,,UNKNOWN,True,True,True,Alpha Vantage EARNINGS,primary_event_data,PRIMARY_EVENT_DATA,False,False,False,True
JPM,Financials,2023-06-30,2023-07-14,4.75,4.0,0.75,18.75,18.75,LARGE_BEAT,True,,,,,UNKNOWN,True,True,True,Alpha Vantage EARNINGS,primary_event_data,PRIMARY_EVENT_DATA,False,False,False,True
JPM,Financials,2023-03-31,2023-04-14,4.1,3.41,0.69,20.2346,20.234604105571833,LARGE_BEAT,True,,,,,UNKNOWN,True,True,True,Alpha Vantage EARNINGS,primary_event_data,PRIMARY_EVENT_DATA,False,False,False,True
JPM,Financials,2022-12-31,2023-01-13,3.57,3.1,0.47,15.1613,15.161290322580637,LARGE_BEAT,True,,,,,UNKNOWN,True,True,True,Alpha Vantage EARNINGS,primary_event_data,PRIMARY_EVENT_DATA,False,False,False,True
JPM,Financials,2022-09-30,2022-10-14,3.12,2.85,0.27,9.4737,9.473684210526317,BEAT,True,,,,,UNKNOWN,True,True,True,Alpha Vantage EARNINGS,primary_event_data,PRIMARY_EVENT_DATA,False,False,False,True
JPM,Financials,2022-06-30,2022-07-14,2.76,2.9,-0.14,-4.8276,-4.827586206896556,MISS,False,,,,,UNKNOWN,True,True,True,Alpha Vantage EARNINGS,primary_event_data,PRIMARY_EVENT_DATA,False,False,False,True
JPM,Financials,2022-03-31,2022-04-13,2.63,2.71,-0.08,-2.952,-2.9520295202952056,IN_LINE,False,,,,,UNKNOWN,True,True,True,Alpha Vantage EARNINGS,primary_event_data,PRIMARY_EVENT_DATA,False,False,False,True
JPM,Financials,2021-12-31,2022-01-14,3.33,3.03,0.3,9.901,9.90099009900991,BEAT,True,,,,,UNKNOWN,True,True,True,Alpha Vantage EARNINGS,primary_event_data,PRIMARY_EVENT_DATA,False,False,False,True
JPM,Financials,2021-09-30,2021-10-13,3.55,3.0,0.55,18.3333,18.333333333333325,LARGE_BEAT,True,,,,,UNKNOWN,True,True,True,Alpha Vantage EARNINGS,primary_event_data,PRIMARY_EVENT_DATA,False,False,False,True
JPM,Financials,2021-06-30,2021-07-13,3.78,3.17,0.61,19.2429,19.24290220820189,LARGE_BEAT,True,,,,,UNKNOWN,True,True,True,Alpha Vantage EARNINGS,primary_event_data,PRIMARY_EVENT_DATA,False,False,False,True
JPM,Financials,2021-03-31,2021-04-14,4.59,3.06,1.53,50.0,49.99999999999999,LARGE_BEAT,True,,,,,UNKNOWN,True,True,True,Alpha Vantage EARNINGS,primary_event_data,PRIMARY_EVENT_DATA,False,False,False,True
JPM,Financials,2020-12-31,2021-01-15,3.07,2.65,0.42,15.8491,15.849056603773581,LARGE_BEAT,True,,,,,UNKNOWN,True,True,True,Alpha Vantage EARNINGS,primary_event_data,PRIMARY_EVENT_DATA,False,False,False,True
JPM,Financials,2020-09-30,2020-10-13,3.09,2.24,0.85,37.9464,37.946428571428555,LARGE_BEAT,True,,,,,UNKNOWN,True,True,True,Alpha Vantage EARNINGS,primary_event_data,PRIMARY_EVENT_DATA,False,False,False,True
JPM,Financials,2020-06-30,2020-07-14,1.08,1.21,-0.13,-10.7438,-10.743801652892554,LARGE_MISS,False,,,,,UNKNOWN,True,True,True,Alpha Vantage EARNINGS,primary_event_data,PRIMARY_EVENT_DATA,False,False,False,True
JPM,Financials,2020-03-31,2020-04-14,2.89,2.2,0.69,31.3636,31.36363636363636,LARGE_BEAT,True,,,,,UNKNOWN,True,True,True,Alpha Vantage EARNINGS,primary_event_data,PRIMARY_EVENT_DATA,False,False,False,True
JPM,Financials,2019-12-31,2020-01-14,2.57,2.36,0.21,8.8983,8.898305084745761,BEAT,True,,,,,UNKNOWN,True,True,True,Alpha Vantage EARNINGS,primary_event_data,PRIMARY_EVENT_DATA,False,False,False,True
JPM,Financials,2019-09-30,2019-10-15,2.68,2.45,0.23,9.3878,9.387755102040815,BEAT,True,,,,,UNKNOWN,True,True,True,Alpha Vantage EARNINGS,primary_event_data,PRIMARY_EVENT_DATA,False,False,False,True
JPM,Financials,2019-06-30,2019-07-16,2.82,2.49,0.33,13.253,13.253012048192755,LARGE_BEAT,True,,,,,UNKNOWN,True,True,True,Alpha Vantage EARNINGS,primary_event_data,PRIMARY_EVENT_DATA,False,False,False,True
JPM,Financials,2019-03-31,2019-04-12,2.65,2.35,0.3,12.766,12.765957446808502,LARGE_BEAT,True,,,,,UNKNOWN,True,True,True,Alpha Vantage EARNINGS,primary_event_data,PRIMARY_EVENT_DATA,False,False,False,True
JPM,Financials,2018-12-31,2019-02-26,1.98,2.19,-0.21,-9.589,-9.589041095890408,MISS,False,,,,,UNKNOWN,True,True,True,Alpha Vantage EARNINGS,primary_event_data,PRIMARY_EVENT_DATA,False,False,False,True
JPM,Financials,2018-09-30,2018-10-12,2.34,2.26,0.08,3.5398,3.539823008849561,BEAT,True,,,,,UNKNOWN,True,True,True,Alpha Vantage EARNINGS,primary_event_data,PRIMARY_EVENT_DATA,False,False,False,True
JPM,Financials,2018-06-30,2018-07-13,2.29,2.22,0.07,3.1532,3.153153153153146,BEAT,True,,,,,UNKNOWN,True,True,True,Alpha Vantage EARNINGS,primary_event_data,PRIMARY_EVENT_DATA,False,False,False,True
JPM,Financials,2018-03-31,2018-04-13,2.26,2.29,-0.03,-1.31,-1.3100436681222816,IN_LINE,False,,,,,UNKNOWN,True,True,True,Alpha Vantage EARNINGS,primary_event_data,PRIMARY_EVENT_DATA,False,False,False,True
JPM,Financials,2017-12-31,2018-01-12,1.76,1.69,0.07,4.142,4.14201183431953,BEAT,True,,,,,UNKNOWN,True,True,True,Alpha Vantage EARNINGS,primary_event_data,PRIMARY_EVENT_DATA,False,False,False,True
JPM,Financials,2017-09-30,2017-10-12,1.76,1.66,0.1,6.0241,6.024096385542174,BEAT,True,,,,,UNKNOWN,True,True,True,Alpha Vantage EARNINGS,primary_event_data,PRIMARY_EVENT_DATA,False,False,False,True
JPM,Financials,2017-06-30,2017-07-14,1.71,1.59,0.12,7.5472,7.547169811320748,BEAT,True,,,,,UNKNOWN,True,True,True,Alpha Vantage EARNINGS,primary_event_data,PRIMARY_EVENT_DATA,False,False,False,True
JPM,Financials,2017-03-31,2017-04-13,1.65,1.51,0.14,9.2715,9.271523178807941,BEAT,True,,,,,UNKNOWN,True,True,True,Alpha Vantage EARNINGS,primary_event_data,PRIMARY_EVENT_DATA,False,False,False,True
JPM,Financials,2016-12-31,2017-01-13,1.58,1.42,0.16,11.2676,11.267605633802827,LARGE_BEAT,True,,,,,UNKNOWN,True,True,True,Alpha Vantage EARNINGS,primary_event_data,PRIMARY_EVENT_DATA,False,False,False,True
JPM,Financials,2016-09-30,2016-10-14,1.58,1.39,0.19,13.6691,13.669064748201452,LARGE_BEAT,True,,,,,UNKNOWN,True,True,True,Alpha Vantage EARNINGS,primary_event_data,PRIMARY_EVENT_DATA,False,False,False,True
JPM,Financials,2016-06-30,2016-07-14,1.55,1.43,0.12,8.3916,8.391608391608399,BEAT,True,,,,,UNKNOWN,True,True,True,Alpha Vantage EARNINGS,primary_event_data,PRIMARY_EVENT_DATA,False,False,False,True
JPM,Financials,2016-03-31,2016-04-13,1.35,1.26,0.09,7.1429,7.1428571428571495,BEAT,True,,,,,UNKNOWN,True,True,True,Alpha Vantage EARNINGS,primary_event_data,PRIMARY_EVENT_DATA,False,False,False,True
JPM,Financials,2015-12-31,2016-01-14,1.32,1.26,0.06,4.7619,4.761904761904765,BEAT,True,,,,,UNKNOWN,True,True,True,Alpha Vantage EARNINGS,primary_event_data,PRIMARY_EVENT_DATA,False,False,False,True
JPM,Financials,2015-09-30,2015-10-13,1.32,1.37,-0.05,-3.6496,-3.6496350364963535,MISS,False,,,,,UNKNOWN,True,True,True,Alpha Vantage EARNINGS,primary_event_data,PRIMARY_EVENT_DATA,False,False,False,True
JPM,Financials,2015-06-30,2015-07-14,1.54,1.44,0.1,6.9444,6.94444444444445,BEAT,True,,,,,UNKNOWN,True,True,True,Alpha Vantage EARNINGS,primary_event_data,PRIMARY_EVENT_DATA,False,False,False,True
JPM,Financials,2015-03-31,2015-04-14,1.45,1.41,0.04,2.8369,2.8368794326241162,IN_LINE,True,,,,,UNKNOWN,True,True,True,Alpha Vantage EARNINGS,primary_event_data,PRIMARY_EVENT_DATA,False,False,False,True
JPM,Financials,2014-12-31,2015-01-14,1.19,1.32,-0.13,-9.8485,-9.848484848484857,MISS,False,,,,,UNKNOWN,True,True,True,Alpha Vantage EARNINGS,primary_event_data,PRIMARY_EVENT_DATA,False,False,False,True
JPM,Financials,2014-09-30,2014-10-14,1.62,1.38,0.24,17.3913,17.391304347826104,LARGE_BEAT,True,,,,,UNKNOWN,True,True,True,Alpha Vantage EARNINGS,primary_event_data,PRIMARY_EVENT_DATA,False,False,False,True
JPM,Financials,2014-06-30,2014-07-15,1.46,1.3,0.16,12.3077,12.307692307692301,LARGE_BEAT,True,,,,,UNKNOWN,True,True,True,Alpha Vantage EARNINGS,primary_event_data,PRIMARY_EVENT_DATA,False,False,False,True
JPM,Financials,2014-03-31,2014-04-11,1.28,1.4,-0.12,-8.5714,-8.571428571428562,MISS,False,,,,,UNKNOWN,True,True,True,Alpha Vantage EARNINGS,primary_event_data,PRIMARY_EVENT_DATA,False,False,False,True
JPM,Financials,2013-12-31,2014-01-14,1.4,1.33,0.07,5.2632,5.26315789473683,BEAT,True,,,,,UNKNOWN,True,True,True,Alpha Vantage EARNINGS,primary_event_data,PRIMARY_EVENT_DATA,False,False,False,True
JPM,Financials,2013-09-30,2013-10-11,1.42,1.28,0.14,10.9375,10.937499999999991,LARGE_BEAT,True,,,,,UNKNOWN,True,True,True,Alpha Vantage EARNINGS,primary_event_data,PRIMARY_EVENT_DATA,False,False,False,True
JPM,Financials,2013-06-30,2013-07-12,1.6,1.45,0.15,10.3448,10.344827586206906,LARGE_BEAT,True,,,,,UNKNOWN,True,True,True,Alpha Vantage EARNINGS,primary_event_data,PRIMARY_EVENT_DATA,False,False,False,True
JPM,Financials,2013-03-31,2013-04-12,1.59,1.38,0.21,15.2174,15.21739130434784,LARGE_BEAT,True,,,,,UNKNOWN,True,True,True,Alpha Vantage EARNINGS,primary_event_data,PRIMARY_EVENT_DATA,False,False,False,True
JPM,Financials,2012-12-31,2013-01-16,1.39,1.21,0.18,14.876,14.876033057851235,LARGE_BEAT,True,,,,,UNKNOWN,True,True,True,Alpha Vantage EARNINGS,primary_event_data,PRIMARY_EVENT_DATA,False,False,False,True
JPM,Financials,2012-09-30,2012-10-12,1.4,1.23,0.17,13.8211,13.821138211382108,LARGE_BEAT,True,,,,,UNKNOWN,True,True,True,Alpha Vantage EARNINGS,primary_event_data,PRIMARY_EVENT_DATA,False,False,False,True
JPM,Financials,2012-06-30,2012-07-13,1.21,0.82,0.39,47.561,47.5609756097561,LARGE_BEAT,True,,,,,UNKNOWN,True,True,True,Alpha Vantage EARNINGS,primary_event_data,PRIMARY_EVENT_DATA,False,False,False,True
JPM,Financials,2012-03-31,2012-04-13,1.31,1.17,0.14,11.9658,11.965811965811977,LARGE_BEAT,True,,,,,UNKNOWN,True,True,True,Alpha Vantage EARNINGS,primary_event_data,PRIMARY_EVENT_DATA,False,False,False,True
JPM,Financials,2011-12-31,2012-01-13,0.9,0.91,-0.01,-1.0989,-1.0989010989010999,IN_LINE,False,,,,,UNKNOWN,True,True,True,Alpha Vantage EARNINGS,primary_event_data,PRIMARY_EVENT_DATA,False,False,False,True
JPM,Financials,2011-09-30,2011-10-13,1.02,0.91,0.11,12.0879,12.087912087912086,LARGE_BEAT,True,,,,,UNKNOWN,True,True,True,Alpha Vantage EARNINGS,primary_event_data,PRIMARY_EVENT_DATA,False,False,False,True
JPM,Financials,2011-06-30,2011-07-14,1.27,1.2,0.07,5.8333,5.833333333333339,BEAT,True,,,,,UNKNOWN,True,True,True,Alpha Vantage EARNINGS,primary_event_data,PRIMARY_EVENT_DATA,False,False,False,True
JPM,Financials,2011-03-31,2011-04-13,1.28,1.16,0.12,10.3448,10.344827586206906,LARGE_BEAT,True,,,,,UNKNOWN,True,True,True,Alpha Vantage EARNINGS,primary_event_data,PRIMARY_EVENT_DATA,False,False,False,True
JPM,Financials,2010-12-31,2011-01-14,1.12,1.01,0.11,10.8911,10.8910891089109,LARGE_BEAT,True,,,,,UNKNOWN,True,True,True,Alpha Vantage EARNINGS,primary_event_data,PRIMARY_EVENT_DATA,False,False,False,True
JPM,Financials,2010-09-30,2010-10-13,1.01,0.9,0.11,12.2222,12.22222222222222,LARGE_BEAT,True,,,,,UNKNOWN,True,True,True,Alpha Vantage EARNINGS,primary_event_data,PRIMARY_EVENT_DATA,False,False,False,True
JPM,Financials,2010-06-30,2010-07-15,1.09,0.74,0.35,47.2973,47.297297297297305,LARGE_BEAT,True,,,,,UNKNOWN,True,True,True,Alpha Vantage EARNINGS,primary_event_data,PRIMARY_EVENT_DATA,False,False,False,True
JPM,Financials,2010-03-31,2010-04-14,0.74,0.64,0.1,15.625,15.624999999999996,LARGE_BEAT,True,,,,,UNKNOWN,True,True,True,Alpha Vantage EARNINGS,primary_event_data,PRIMARY_EVENT_DATA,False,False,False,True
JPM,Financials,2009-12-31,2010-01-15,0.74,0.61,0.13,21.3115,21.311475409836067,LARGE_BEAT,True,,,,,UNKNOWN,True,True,True,Alpha Vantage EARNINGS,primary_event_data,PRIMARY_EVENT_DATA,False,False,False,True
JPM,Financials,2009-09-30,2009-10-14,0.82,0.53,0.29,54.717,54.71698113207546,LARGE_BEAT,True,,,,,UNKNOWN,True,True,True,Alpha Vantage EARNINGS,primary_event_data,PRIMARY_EVENT_DATA,False,False,False,True
JPM,Financials,2009-06-30,2009-07-16,0.28,0.06,0.22,366.6667,366.66666666666674,LARGE_BEAT,True,,,,,UNKNOWN,True,True,True,Alpha Vantage EARNINGS,primary_event_data,PRIMARY_EVENT_DATA,False,False,False,True
JPM,Financials,2009-03-31,2009-04-16,0.4,0.3,0.1,33.3333,33.33333333333335,LARGE_BEAT,True,,,,,UNKNOWN,True,True,True,Alpha Vantage EARNINGS,primary_event_data,PRIMARY_EVENT_DATA,False,False,False,True
JPM,Financials,2008-12-31,2009-01-15,-0.28,0.01,-0.29,-2900.0,-2900.0000000000005,LARGE_MISS,False,,,,,UNKNOWN,True,True,True,Alpha Vantage EARNINGS,primary_event_data,PRIMARY_EVENT_DATA,False,False,False,True
JPM,Financials,2008-09-30,2008-10-15,-0.06,-0.29,0.23,79.3103,79.3103448275862,LARGE_BEAT,True,,,,,UNKNOWN,True,True,True,Alpha Vantage EARNINGS,primary_event_data,PRIMARY_EVENT_DATA,False,False,False,True
JPM,Financials,2008-06-30,2008-07-17,0.54,0.44,0.1,22.7273,22.727272727272734,LARGE_BEAT,True,,,,,UNKNOWN,True,True,True,Alpha Vantage EARNINGS,primary_event_data,PRIMARY_EVENT_DATA,False,False,False,True
JPM,Financials,2008-03-31,2008-04-16,0.68,0.65,0.03,4.6154,4.615384615384619,BEAT,True,,,,,UNKNOWN,True,True,True,Alpha Vantage EARNINGS,primary_event_data,PRIMARY_EVENT_DATA,False,False,False,True
JPM,Financials,2007-12-31,2008-01-16,0.86,0.91,-0.05,-5.4945,-5.494505494505499,MISS,False,,,,,UNKNOWN,True,True,True,Alpha Vantage EARNINGS,primary_event_data,PRIMARY_EVENT_DATA,False,False,False,True
JPM,Financials,2007-09-30,2007-10-17,0.97,0.9,0.07,7.7778,7.777777777777772,BEAT,True,,,,,UNKNOWN,True,True,True,Alpha Vantage EARNINGS,primary_event_data,PRIMARY_EVENT_DATA,False,False,False,True
JPM,Financials,2007-06-30,2007-07-18,1.2,1.08,0.12,11.1111,11.1111111111111,LARGE_BEAT,True,,,,,UNKNOWN,True,True,True,Alpha Vantage EARNINGS,primary_event_data,PRIMARY_EVENT_DATA,False,False,False,True
JPM,Financials,2007-03-31,2007-04-18,1.23,1.02,0.21,20.5882,20.588235294117645,LARGE_BEAT,True,,,,,UNKNOWN,True,True,True,Alpha Vantage EARNINGS,primary_event_data,PRIMARY_EVENT_DATA,False,False,False,True
JPM,Financials,2006-12-31,2007-01-17,1.01,0.94,0.07,7.4468,7.446808510638305,BEAT,True,,,,,UNKNOWN,True,True,True,Alpha Vantage EARNINGS,primary_event_data,PRIMARY_EVENT_DATA,False,False,False,True
JPM,Financials,2006-09-30,2006-10-18,0.91,0.86,0.05,5.814,5.813953488372099,BEAT,True,,,,,UNKNOWN,True,True,True,Alpha Vantage EARNINGS,primary_event_data,PRIMARY_EVENT_DATA,False,False,False,True
JPM,Financials,2006-06-30,2006-07-19,0.92,0.87,0.05,5.7471,5.747126436781615,BEAT,True,,,,,UNKNOWN,True,True,True,Alpha Vantage EARNINGS,primary_event_data,PRIMARY_EVENT_DATA,False,False,False,True
JPM,Financials,2006-03-31,2006-04-19,0.86,0.83,0.03,3.6145,3.6144578313253044,BEAT,True,,,,,UNKNOWN,True,True,True,Alpha Vantage EARNINGS,primary_event_data,PRIMARY_EVENT_DATA,False,False,False,True
JPM,Financials,2005-12-31,2006-01-18,0.73,0.73,0.0,0.0,0.0,IN_LINE,False,,,,,UNKNOWN,True,True,True,Alpha Vantage EARNINGS,primary_event_data,PRIMARY_EVENT_DATA,False,False,False,True
JPM,Financials,2005-09-30,2005-10-19,0.75,0.72,0.03,4.1667,4.1666666666666705,BEAT,True,,,,,UNKNOWN,True,True,True,Alpha Vantage EARNINGS,primary_event_data,PRIMARY_EVENT_DATA,False,False,False,True
JPM,Financials,2005-06-30,2005-07-20,0.66,0.65,0.01,1.5385,1.5384615384615397,IN_LINE,True,,,,,UNKNOWN,True,True,True,Alpha Vantage EARNINGS,primary_event_data,PRIMARY_EVENT_DATA,False,False,False,True
JPM,Financials,2005-03-31,2005-04-20,0.81,0.7,0.11,15.7143,15.714285714285731,LARGE_BEAT,True,,,,,UNKNOWN,True,True,True,Alpha Vantage EARNINGS,primary_event_data,PRIMARY_EVENT_DATA,False,False,False,True
JPM,Financials,2004-12-31,2005-01-19,0.64,0.69,-0.05,-7.2464,-7.246376811594193,MISS,False,,,,,UNKNOWN,True,True,True,Alpha Vantage EARNINGS,primary_event_data,PRIMARY_EVENT_DATA,False,False,False,True
JPM,Financials,2004-09-30,2004-10-20,0.6,0.74,-0.14,-18.9189,-18.91891891891892,LARGE_MISS,False,,,,,UNKNOWN,True,True,True,Alpha Vantage EARNINGS,primary_event_data,PRIMARY_EVENT_DATA,False,False,False,True
JPM,Financials,2004-06-30,2004-07-21,0.85,0.83,0.02,2.4096,2.40963855421687,IN_LINE,True,,,,,UNKNOWN,True,True,True,Alpha Vantage EARNINGS,primary_event_data,PRIMARY_EVENT_DATA,False,False,False,True
JPM,Financials,2004-03-31,2004-04-21,0.92,0.87,0.05,5.7471,5.747126436781615,BEAT,True,,,,,UNKNOWN,True,True,True,Alpha Vantage EARNINGS,primary_event_data,PRIMARY_EVENT_DATA,False,False,False,True
JPM,Financials,2003-12-31,2004-01-21,0.89,0.77,0.12,15.5844,15.584415584415584,LARGE_BEAT,True,,,,,UNKNOWN,True,True,True,Alpha Vantage EARNINGS,primary_event_data,PRIMARY_EVENT_DATA,False,False,False,True
JPM,Financials,2003-09-30,2003-10-22,0.78,0.76,0.02,2.6316,2.6315789473684235,IN_LINE,True,,,,,UNKNOWN,True,True,True,Alpha Vantage EARNINGS,primary_event_data,PRIMARY_EVENT_DATA,False,False,False,True
JPM,Financials,2003-06-30,2003-07-16,0.89,0.62,0.27,43.5484,43.5483870967742,LARGE_BEAT,True,,,,,UNKNOWN,True,True,True,Alpha Vantage EARNINGS,primary_event_data,PRIMARY_EVENT_DATA,False,False,False,True
JPM,Financials,2003-03-31,2003-04-16,0.69,0.5,0.19,38.0,37.999999999999986,LARGE_BEAT,True,,,,,UNKNOWN,True,True,True,Alpha Vantage EARNINGS,primary_event_data,PRIMARY_EVENT_DATA,False,False,False,True
JPM,Financials,2002-12-31,2003-01-22,-0.07,-0.07,0.0,0.0,0.0,IN_LINE,False,,,,,UNKNOWN,True,True,True,Alpha Vantage EARNINGS,primary_event_data,PRIMARY_EVENT_DATA,False,False,False,True
JPM,Financials,2002-09-30,2002-10-16,0.16,0.07,0.09,128.5714,128.57142857142856,LARGE_BEAT,True,,,,,UNKNOWN,True,True,True,Alpha Vantage EARNINGS,primary_event_data,PRIMARY_EVENT_DATA,False,False,False,True
JPM,Financials,2002-06-30,2002-07-17,0.58,0.65,-0.07,-10.7692,-10.769230769230779,LARGE_MISS,False,,,,,UNKNOWN,True,True,True,Alpha Vantage EARNINGS,primary_event_data,PRIMARY_EVENT_DATA,False,False,False,True
JPM,Financials,2002-03-31,2002-04-17,0.57,0.53,0.04,7.5472,7.547169811320741,BEAT,True,,,,,UNKNOWN,True,True,True,Alpha Vantage EARNINGS,primary_event_data,PRIMARY_EVENT_DATA,False,False,False,True
JPM,Financials,2001-12-31,2002-01-16,0.12,0.35,-0.23,-65.7143,-65.71428571428571,LARGE_MISS,False,,,,,UNKNOWN,True,True,True,Alpha Vantage EARNINGS,primary_event_data,PRIMARY_EVENT_DATA,False,False,False,True
JPM,Financials,2001-09-30,2001-10-17,0.51,0.51,0.0,0.0,0.0,IN_LINE,False,,,,,UNKNOWN,True,True,True,Alpha Vantage EARNINGS,primary_event_data,PRIMARY_EVENT_DATA,False,False,False,True
JPM,Financials,2001-06-30,2001-07-18,0.33,0.64,-0.31,-48.4375,-48.4375,LARGE_MISS,False,,,,,UNKNOWN,True,True,True,Alpha Vantage EARNINGS,primary_event_data,PRIMARY_EVENT_DATA,False,False,False,True
JPM,Financials,2001-03-31,2001-04-18,0.7,0.65,0.05,7.6923,7.692307692307682,BEAT,True,,,,,UNKNOWN,True,True,True,Alpha Vantage EARNINGS,primary_event_data,PRIMARY_EVENT_DATA,False,False,False,True
JPM,Financials,2000-12-31,2001-01-17,0.37,0.89,-0.52,-58.427,-58.42696629213483,LARGE_MISS,False,,,,,UNKNOWN,True,True,True,Alpha Vantage EARNINGS,primary_event_data,PRIMARY_EVENT_DATA,False,False,False,True
JPM,Financials,2000-09-30,2000-10-18,0.68,0.94,-0.26,-27.6596,-27.659574468085097,LARGE_MISS,False,,,,,UNKNOWN,True,True,True,Alpha Vantage EARNINGS,primary_event_data,PRIMARY_EVENT_DATA,False,False,False,True
JPM,Financials,2000-06-30,2000-07-19,0.95,0.85,0.1,11.7647,11.764705882352938,LARGE_BEAT,True,,,,,UNKNOWN,True,True,True,Alpha Vantage EARNINGS,primary_event_data,PRIMARY_EVENT_DATA,False,False,False,True
JPM,Financials,2000-03-31,2000-04-19,1.06,1.02,0.04,3.9216,3.921568627450984,BEAT,True,,,,,UNKNOWN,True,True,True,Alpha Vantage EARNINGS,primary_event_data,PRIMARY_EVENT_DATA,False,False,False,True
JPM,Financials,1999-12-31,2000-01-19,1.32,0.87,0.45,51.7241,51.724137931034484,LARGE_BEAT,True,,,,,UNKNOWN,True,True,True,Alpha Vantage EARNINGS,primary_event_data,PRIMARY_EVENT_DATA,False,False,False,True
JPM,Financials,1999-09-30,1999-10-20,0.91,0.88,0.03,3.4091,3.4090909090909123,BEAT,True,,,,,UNKNOWN,True,True,True,Alpha Vantage EARNINGS,primary_event_data,PRIMARY_EVENT_DATA,False,False,False,True
JPM,Financials,1999-06-30,1999-07-21,1.03,0.9,0.13,14.4444,14.444444444444446,LARGE_BEAT,True,,,,,UNKNOWN,True,True,True,Alpha Vantage EARNINGS,primary_event_data,PRIMARY_EVENT_DATA,False,False,False,True
JPM,Financials,1999-03-31,1999-04-20,0.91,0.83,0.08,9.6386,9.63855421686748,BEAT,True,,,,,UNKNOWN,True,True,True,Alpha Vantage EARNINGS,primary_event_data,PRIMARY_EVENT_DATA,False,False,False,True
JPM,Financials,1998-12-31,1999-01-19,0.87,0.79,0.08,10.1266,10.126582278481006,LARGE_BEAT,True,,,,,UNKNOWN,True,True,True,Alpha Vantage EARNINGS,primary_event_data,PRIMARY_EVENT_DATA,False,False,False,True
JPM,Financials,1998-09-30,1998-10-20,0.55,0.52,0.03,5.7692,5.7692307692307745,BEAT,True,,,,,UNKNOWN,True,True,True,Alpha Vantage EARNINGS,primary_event_data,PRIMARY_EVENT_DATA,False,False,False,True
JPM,Financials,1998-06-30,1998-07-21,0.83,0.79,0.04,5.0633,5.063291139240497,BEAT,True,,,,,UNKNOWN,True,True,True,Alpha Vantage EARNINGS,primary_event_data,PRIMARY_EVENT_DATA,False,False,False,True
JPM,Financials,1998-03-31,1998-04-21,0.78,0.75,0.03,4.0,4.0000000000000036,BEAT,True,,,,,UNKNOWN,True,True,True,Alpha Vantage EARNINGS,primary_event_data,PRIMARY_EVENT_DATA,False,False,False,True
JPM,Financials,1997-12-31,1998-01-20,0.63,0.64,-0.01,-1.5625,-1.5625000000000013,IN_LINE,False,,,,,UNKNOWN,True,True,True,Alpha Vantage EARNINGS,primary_event_data,PRIMARY_EVENT_DATA,False,False,False,True
JPM,Financials,1997-09-30,1997-10-21,0.75,0.72,0.03,4.1667,4.1666666666666705,BEAT,True,,,,,UNKNOWN,True,True,True,Alpha Vantage EARNINGS,primary_event_data,PRIMARY_EVENT_DATA,False,False,False,True
JPM,Financials,1997-06-30,1997-07-15,0.7,0.69,0.01,1.4493,1.449275362318842,IN_LINE,True,,,,,UNKNOWN,True,True,True,Alpha Vantage EARNINGS,primary_event_data,PRIMARY_EVENT_DATA,False,False,False,True
JPM,Financials,1997-03-31,1997-04-15,0.67,0.66,0.01,1.5152,1.5151515151515165,IN_LINE,True,,,,,UNKNOWN,True,True,True,Alpha Vantage EARNINGS,primary_event_data,PRIMARY_EVENT_DATA,False,False,False,True
JPM,Financials,1996-12-31,1997-01-21,0.63,0.63,0.0,0.0,0.0,IN_LINE,False,,,,,UNKNOWN,True,True,True,Alpha Vantage EARNINGS,primary_event_data,PRIMARY_EVENT_DATA,False,False,False,True
JPM,Financials,1996-09-30,1996-10-15,0.61,0.61,0.0,0.0,0.0,IN_LINE,False,,,,,UNKNOWN,True,True,True,Alpha Vantage EARNINGS,primary_event_data,PRIMARY_EVENT_DATA,False,False,False,True
JPM,Financials,1996-06-30,1996-07-16,0.6,0.58,0.02,3.4483,3.448275862068969,BEAT,True,,,,,UNKNOWN,True,True,True,Alpha Vantage EARNINGS,primary_event_data,PRIMARY_EVENT_DATA,False,False,False,True
JPM,Financials,1996-03-31,1996-04-16,0.66,0.55,0.11,20.0,19.999999999999996,LARGE_BEAT,True,,,,,UNKNOWN,True,True,True,Alpha Vantage EARNINGS,primary_event_data,PRIMARY_EVENT_DATA,False,False,False,True
JNJ,Health Care,2026-06-30,2026-07-15,2.9,2.84,0.06,2.1127,2.1126760563380302,IN_LINE,True,,,,,UNKNOWN,True,True,True,Alpha Vantage EARNINGS,primary_event_data,PRIMARY_EVENT_DATA,False,False,False,True
JNJ,Health Care,2026-03-31,2026-04-14,2.7,2.68,0.02,0.7463,0.7462686567164185,IN_LINE,True,,,,,UNKNOWN,True,True,True,Alpha Vantage EARNINGS,primary_event_data,PRIMARY_EVENT_DATA,False,False,False,True
JNJ,Health Care,2025-12-31,2026-01-21,2.46,2.46,0.0,0.0,0.0,IN_LINE,False,,,,,UNKNOWN,True,True,True,Alpha Vantage EARNINGS,primary_event_data,PRIMARY_EVENT_DATA,False,False,False,True
JNJ,Health Care,2025-09-30,2025-10-14,2.8,2.76,0.04,1.4493,1.449275362318842,IN_LINE,True,,,,,UNKNOWN,True,True,True,Alpha Vantage EARNINGS,primary_event_data,PRIMARY_EVENT_DATA,False,False,False,True
JNJ,Health Care,2025-06-30,2025-07-16,2.77,2.68,0.09,3.3582,3.358208955223875,BEAT,True,,,,,UNKNOWN,True,True,True,Alpha Vantage EARNINGS,primary_event_data,PRIMARY_EVENT_DATA,False,False,False,True
JNJ,Health Care,2025-03-31,2025-04-15,2.77,2.58,0.19,7.3643,7.364341085271316,BEAT,True,,,,,UNKNOWN,True,True,True,Alpha Vantage EARNINGS,primary_event_data,PRIMARY_EVENT_DATA,False,False,False,True
JNJ,Health Care,2024-12-31,2025-01-22,2.04,2.01,0.03,1.4925,1.4925373134328483,IN_LINE,True,,,,,UNKNOWN,True,True,True,Alpha Vantage EARNINGS,primary_event_data,PRIMARY_EVENT_DATA,False,False,False,True
JNJ,Health Care,2024-09-30,2024-10-15,2.42,2.21,0.21,9.5023,9.502262443438912,BEAT,True,,,,,UNKNOWN,True,True,True,Alpha Vantage EARNINGS,primary_event_data,PRIMARY_EVENT_DATA,False,False,False,True
JNJ,Health Care,2024-06-30,2024-07-17,2.82,2.7,0.12,4.4444,4.444444444444431,BEAT,True,,,,,UNKNOWN,True,True,True,Alpha Vantage EARNINGS,primary_event_data,PRIMARY_EVENT_DATA,False,False,False,True
JNJ,Health Care,2024-03-31,2024-04-16,2.71,2.65,0.06,2.2642,2.264150943396228,IN_LINE,True,,,,,UNKNOWN,True,True,True,Alpha Vantage EARNINGS,primary_event_data,PRIMARY_EVENT_DATA,False,False,False,True
JNJ,Health Care,2023-12-31,2024-01-23,2.29,2.28,0.01,0.4386,0.4385964912280803,IN_LINE,True,,,,,UNKNOWN,True,True,True,Alpha Vantage EARNINGS,primary_event_data,PRIMARY_EVENT_DATA,False,False,False,True
JNJ,Health Care,2023-09-30,2023-10-17,2.66,2.52,0.14,5.5556,5.55555555555556,BEAT,True,,,,,UNKNOWN,True,True,True,Alpha Vantage EARNINGS,primary_event_data,PRIMARY_EVENT_DATA,False,False,False,True
JNJ,Health Care,2023-06-30,2023-07-20,2.8,2.62,0.18,6.8702,6.8702290076335775,BEAT,True,,,,,UNKNOWN,True,True,True,Alpha Vantage EARNINGS,primary_event_data,PRIMARY_EVENT_DATA,False,False,False,True
JNJ,Health Care,2023-03-31,2023-04-18,2.68,2.5,0.18,7.2,7.200000000000006,BEAT,True,,,,,UNKNOWN,True,True,True,Alpha Vantage EARNINGS,primary_event_data,PRIMARY_EVENT_DATA,False,False,False,True
JNJ,Health Care,2022-12-31,2023-01-24,2.35,2.24,0.11,4.9107,4.910714285714279,BEAT,True,,,,,UNKNOWN,True,True,True,Alpha Vantage EARNINGS,primary_event_data,PRIMARY_EVENT_DATA,False,False,False,True
JNJ,Health Care,2022-09-30,2022-10-18,2.55,2.49,0.06,2.4096,2.4096385542168517,IN_LINE,True,,,,,UNKNOWN,True,True,True,Alpha Vantage EARNINGS,primary_event_data,PRIMARY_EVENT_DATA,False,False,False,True
JNJ,Health Care,2022-06-30,2022-07-19,2.59,2.55,0.04,1.5686,1.5686274509803935,IN_LINE,True,,,,,UNKNOWN,True,True,True,Alpha Vantage EARNINGS,primary_event_data,PRIMARY_EVENT_DATA,False,False,False,True
JNJ,Health Care,2022-03-31,2022-04-19,2.67,2.57,0.1,3.8911,3.891050583657591,BEAT,True,,,,,UNKNOWN,True,True,True,Alpha Vantage EARNINGS,primary_event_data,PRIMARY_EVENT_DATA,False,False,False,True
JNJ,Health Care,2021-12-31,2022-01-25,2.13,2.12,0.01,0.4717,0.4716981132075371,IN_LINE,True,,,,,UNKNOWN,True,True,True,Alpha Vantage EARNINGS,primary_event_data,PRIMARY_EVENT_DATA,False,False,False,True
JNJ,Health Care,2021-09-30,2021-10-19,2.6,2.35,0.25,10.6383,10.638297872340425,LARGE_BEAT,True,,,,,UNKNOWN,True,True,True,Alpha Vantage EARNINGS,primary_event_data,PRIMARY_EVENT_DATA,False,False,False,True
JNJ,Health Care,2021-06-30,2021-07-21,2.48,2.28,0.2,8.7719,8.771929824561413,BEAT,True,,,,,UNKNOWN,True,True,True,Alpha Vantage EARNINGS,primary_event_data,PRIMARY_EVENT_DATA,False,False,False,True
JNJ,Health Care,2021-03-31,2021-04-20,2.59,2.35,0.24,10.2128,10.212765957446798,LARGE_BEAT,True,,,,,UNKNOWN,True,True,True,Alpha Vantage EARNINGS,primary_event_data,PRIMARY_EVENT_DATA,False,False,False,True
JNJ,Health Care,2020-12-31,2021-01-26,1.86,1.83,0.03,1.6393,1.6393442622950833,IN_LINE,True,,,,,UNKNOWN,True,True,True,Alpha Vantage EARNINGS,primary_event_data,PRIMARY_EVENT_DATA,False,False,False,True
JNJ,Health Care,2020-09-30,2020-10-13,2.2,1.98,0.22,11.1111,11.111111111111121,LARGE_BEAT,True,,,,,UNKNOWN,True,True,True,Alpha Vantage EARNINGS,primary_event_data,PRIMARY_EVENT_DATA,False,False,False,True
JNJ,Health Care,2020-06-30,2020-07-16,1.67,1.51,0.16,10.596,10.596026490066219,LARGE_BEAT,True,,,,,UNKNOWN,True,True,True,Alpha Vantage EARNINGS,primary_event_data,PRIMARY_EVENT_DATA,False,False,False,True
JNJ,Health Care,2020-03-31,2020-04-14,2.3,2.0,0.3,15.0,14.999999999999991,LARGE_BEAT,True,,,,,UNKNOWN,True,True,True,Alpha Vantage EARNINGS,primary_event_data,PRIMARY_EVENT_DATA,False,False,False,True
JNJ,Health Care,2019-12-31,2020-01-22,1.88,1.87,0.01,0.5348,0.5347593582887586,IN_LINE,True,,,,,UNKNOWN,True,True,True,Alpha Vantage EARNINGS,primary_event_data,PRIMARY_EVENT_DATA,False,False,False,True
JNJ,Health Care,2019-09-30,2019-10-15,2.12,2.01,0.11,5.4726,5.472636815920414,BEAT,True,,,,,UNKNOWN,True,True,True,Alpha Vantage EARNINGS,primary_event_data,PRIMARY_EVENT_DATA,False,False,False,True
JNJ,Health Care,2019-06-30,2019-07-16,2.58,2.44,0.14,5.7377,5.737704918032792,BEAT,True,,,,,UNKNOWN,True,True,True,Alpha Vantage EARNINGS,primary_event_data,PRIMARY_EVENT_DATA,False,False,False,True
JNJ,Health Care,2019-03-31,2019-04-16,2.1,2.04,0.06,2.9412,2.9411764705882377,IN_LINE,True,,,,,UNKNOWN,True,True,True,Alpha Vantage EARNINGS,primary_event_data,PRIMARY_EVENT_DATA,False,False,False,True
JNJ,Health Care,2018-12-31,2019-01-22,1.97,1.95,0.02,1.0256,1.0256410256410264,IN_LINE,True,,,,,UNKNOWN,True,True,True,Alpha Vantage EARNINGS,primary_event_data,PRIMARY_EVENT_DATA,False,False,False,True
JNJ,Health Care,2018-09-30,2018-10-16,2.05,2.03,0.02,0.9852,0.9852216748768483,IN_LINE,True,,,,,UNKNOWN,True,True,True,Alpha Vantage EARNINGS,primary_event_data,PRIMARY_EVENT_DATA,False,False,False,True
JNJ,Health Care,2018-06-30,2018-07-17,2.1,2.07,0.03,1.4493,1.4492753623188528,IN_LINE,True,,,,,UNKNOWN,True,True,True,Alpha Vantage EARNINGS,primary_event_data,PRIMARY_EVENT_DATA,False,False,False,True
JNJ,Health Care,2018-03-31,2018-04-17,2.06,2.0,0.06,3.0,3.0000000000000027,BEAT,True,,,,,UNKNOWN,True,True,True,Alpha Vantage EARNINGS,primary_event_data,PRIMARY_EVENT_DATA,False,False,False,True
JNJ,Health Care,2017-12-31,2018-01-23,1.74,1.72,0.02,1.1628,1.1627906976744196,IN_LINE,True,,,,,UNKNOWN,True,True,True,Alpha Vantage EARNINGS,primary_event_data,PRIMARY_EVENT_DATA,False,False,False,True
JNJ,Health Care,2017-09-30,2017-10-17,1.9,1.8,0.1,5.5556,5.555555555555548,BEAT,True,,,,,UNKNOWN,True,True,True,Alpha Vantage EARNINGS,primary_event_data,PRIMARY_EVENT_DATA,False,False,False,True
JNJ,Health Care,2017-06-30,2017-07-18,1.83,1.79,0.04,2.2346,2.2346368715083815,IN_LINE,True,,,,,UNKNOWN,True,True,True,Alpha Vantage EARNINGS,primary_event_data,PRIMARY_EVENT_DATA,False,False,False,True
JNJ,Health Care,2017-03-31,2017-04-18,1.83,1.77,0.06,3.3898,3.3898305084745792,BEAT,True,,,,,UNKNOWN,True,True,True,Alpha Vantage EARNINGS,primary_event_data,PRIMARY_EVENT_DATA,False,False,False,True
JNJ,Health Care,2016-12-31,2017-01-24,1.58,1.56,0.02,1.2821,1.2820512820512833,IN_LINE,True,,,,,UNKNOWN,True,True,True,Alpha Vantage EARNINGS,primary_event_data,PRIMARY_EVENT_DATA,False,False,False,True
JNJ,Health Care,2016-09-30,2016-10-18,1.68,1.66,0.02,1.2048,1.204819277108435,IN_LINE,True,,,,,UNKNOWN,True,True,True,Alpha Vantage EARNINGS,primary_event_data,PRIMARY_EVENT_DATA,False,False,False,True
JNJ,Health Care,2016-06-30,2016-07-19,1.74,1.68,0.06,3.5714,3.5714285714285747,BEAT,True,,,,,UNKNOWN,True,True,True,Alpha Vantage EARNINGS,primary_event_data,PRIMARY_EVENT_DATA,False,False,False,True
JNJ,Health Care,2016-03-31,2016-04-19,1.68,1.65,0.03,1.8182,1.81818181818182,IN_LINE,True,,,,,UNKNOWN,True,True,True,Alpha Vantage EARNINGS,primary_event_data,PRIMARY_EVENT_DATA,False,False,False,True
JNJ,Health Care,2015-12-31,2016-01-26,1.44,1.42,0.02,1.4085,1.4084507042253533,IN_LINE,True,,,,,UNKNOWN,True,True,True,Alpha Vantage EARNINGS,primary_event_data,PRIMARY_EVENT_DATA,False,False,False,True
JNJ,Health Care,2015-09-30,2015-10-13,1.49,1.45,0.04,2.7586,2.758620689655175,IN_LINE,True,,,,,UNKNOWN,True,True,True,Alpha Vantage EARNINGS,primary_event_data,PRIMARY_EVENT_DATA,False,False,False,True
JNJ,Health Care,2015-06-30,2015-07-14,1.71,1.68,0.03,1.7857,1.7857142857142874,IN_LINE,True,,,,,UNKNOWN,True,True,True,Alpha Vantage EARNINGS,primary_event_data,PRIMARY_EVENT_DATA,False,False,False,True
JNJ,Health Care,2015-03-31,2015-04-14,1.56,1.54,0.02,1.2987,1.2987012987012998,IN_LINE,True,,,,,UNKNOWN,True,True,True,Alpha Vantage EARNINGS,primary_event_data,PRIMARY_EVENT_DATA,False,False,False,True
JNJ,Health Care,2014-12-31,2015-01-20,1.27,1.26,0.01,0.7937,0.7936507936507943,IN_LINE,True,,,,,UNKNOWN,True,True,True,Alpha Vantage EARNINGS,primary_event_data,PRIMARY_EVENT_DATA,False,False,False,True
JNJ,Health Care,2014-09-30,2014-10-14,1.5,1.45,0.05,3.4483,3.448275862068969,BEAT,True,,,,,UNKNOWN,True,True,True,Alpha Vantage EARNINGS,primary_event_data,PRIMARY_EVENT_DATA,False,False,False,True
JNJ,Health Care,2014-06-30,2014-07-15,1.66,1.55,0.11,7.0968,7.096774193548379,BEAT,True,,,,,UNKNOWN,True,True,True,Alpha Vantage EARNINGS,primary_event_data,PRIMARY_EVENT_DATA,False,False,False,True
JNJ,Health Care,2014-03-31,2014-04-15,1.54,1.48,0.06,4.0541,4.054054054054058,BEAT,True,,,,,UNKNOWN,True,True,True,Alpha Vantage EARNINGS,primary_event_data,PRIMARY_EVENT_DATA,False,False,False,True
JNJ,Health Care,2013-12-31,2014-01-21,1.24,1.2,0.04,3.3333,3.3333333333333366,BEAT,True,,,,,UNKNOWN,True,True,True,Alpha Vantage EARNINGS,primary_event_data,PRIMARY_EVENT_DATA,False,False,False,True
JNJ,Health Care,2013-09-30,2013-10-15,1.36,1.32,0.04,3.0303,3.030303030303033,BEAT,True,,,,,UNKNOWN,True,True,True,Alpha Vantage EARNINGS,primary_event_data,PRIMARY_EVENT_DATA,False,False,False,True
JNJ,Health Care,2013-06-30,2013-07-16,1.48,1.39,0.09,6.4748,6.474820143884898,BEAT,True,,,,,UNKNOWN,True,True,True,Alpha Vantage EARNINGS,primary_event_data,PRIMARY_EVENT_DATA,False,False,False,True
JNJ,Health Care,2013-03-31,2013-04-16,1.44,1.4,0.04,2.8571,2.85714285714286,IN_LINE,True,,,,,UNKNOWN,True,True,True,Alpha Vantage EARNINGS,primary_event_data,PRIMARY_EVENT_DATA,False,False,False,True
JNJ,Health Care,2012-12-31,2013-01-22,1.19,1.17,0.02,1.7094,1.7094017094017109,IN_LINE,True,,,,,UNKNOWN,True,True,True,Alpha Vantage EARNINGS,primary_event_data,PRIMARY_EVENT_DATA,False,False,False,True
JNJ,Health Care,2012-09-30,2012-10-16,1.25,1.21,0.04,3.3058,3.305785123966945,BEAT,True,,,,,UNKNOWN,True,True,True,Alpha Vantage EARNINGS,primary_event_data,PRIMARY_EVENT_DATA,False,False,False,True
JNJ,Health Care,2012-06-30,2012-07-17,1.3,1.29,0.01,0.7752,0.7751937984496131,IN_LINE,True,,,,,UNKNOWN,True,True,True,Alpha Vantage EARNINGS,primary_event_data,PRIMARY_EVENT_DATA,False,False,False,True
JNJ,Health Care,2012-03-31,2012-04-17,1.37,1.36,0.01,0.7353,0.7352941176470594,IN_LINE,True,,,,,UNKNOWN,True,True,True,Alpha Vantage EARNINGS,primary_event_data,PRIMARY_EVENT_DATA,False,False,False,True
JNJ,Health Care,2011-12-31,2012-01-24,1.13,1.09,0.04,3.6697,3.6697247706421847,BEAT,True,,,,,UNKNOWN,True,True,True,Alpha Vantage EARNINGS,primary_event_data,PRIMARY_EVENT_DATA,False,False,False,True
JNJ,Health Care,2011-09-30,2011-10-18,1.24,1.21,0.03,2.4793,2.4793388429752086,IN_LINE,True,,,,,UNKNOWN,True,True,True,Alpha Vantage EARNINGS,primary_event_data,PRIMARY_EVENT_DATA,False,False,False,True
JNJ,Health Care,2011-06-30,2011-07-19,1.28,1.24,0.04,3.2258,3.2258064516129057,BEAT,True,,,,,UNKNOWN,True,True,True,Alpha Vantage EARNINGS,primary_event_data,PRIMARY_EVENT_DATA,False,False,False,True
JNJ,Health Care,2011-03-31,2011-04-19,1.35,1.26,0.09,7.1429,7.1428571428571495,BEAT,True,,,,,UNKNOWN,True,True,True,Alpha Vantage EARNINGS,primary_event_data,PRIMARY_EVENT_DATA,False,False,False,True
JNJ,Health Care,2010-12-31,2011-01-25,1.03,1.03,0.0,0.0,0.0,IN_LINE,False,,,,,UNKNOWN,True,True,True,Alpha Vantage EARNINGS,primary_event_data,PRIMARY_EVENT_DATA,False,False,False,True
JNJ,Health Care,2010-09-30,2010-10-19,1.23,1.15,0.08,6.9565,6.956521739130442,BEAT,True,,,,,UNKNOWN,True,True,True,Alpha Vantage EARNINGS,primary_event_data,PRIMARY_EVENT_DATA,False,False,False,True
JNJ,Health Care,2010-06-30,2010-07-20,1.21,1.2,0.01,0.8333,0.8333333333333341,IN_LINE,True,,,,,UNKNOWN,True,True,True,Alpha Vantage EARNINGS,primary_event_data,PRIMARY_EVENT_DATA,False,False,False,True
JNJ,Health Care,2010-03-31,2010-04-20,1.29,1.27,0.02,1.5748,1.5748031496063006,IN_LINE,True,,,,,UNKNOWN,True,True,True,Alpha Vantage EARNINGS,primary_event_data,PRIMARY_EVENT_DATA,False,False,False,True
JNJ,Health Care,2009-12-31,2010-01-26,1.02,0.97,0.05,5.1546,5.154639175257737,BEAT,True,,,,,UNKNOWN,True,True,True,Alpha Vantage EARNINGS,primary_event_data,PRIMARY_EVENT_DATA,False,False,False,True
JNJ,Health Care,2009-09-30,2009-10-13,1.2,1.13,0.07,6.1947,6.194690265486732,BEAT,True,,,,,UNKNOWN,True,True,True,Alpha Vantage EARNINGS,primary_event_data,PRIMARY_EVENT_DATA,False,False,False,True
JNJ,Health Care,2009-06-30,2009-07-14,1.15,1.11,0.04,3.6036,3.6036036036035863,BEAT,True,,,,,UNKNOWN,True,True,True,Alpha Vantage EARNINGS,primary_event_data,PRIMARY_EVENT_DATA,False,False,False,True
JNJ,Health Care,2009-03-31,2009-04-14,1.26,1.22,0.04,3.2787,3.2786885245901667,BEAT,True,,,,,UNKNOWN,True,True,True,Alpha Vantage EARNINGS,primary_event_data,PRIMARY_EVENT_DATA,False,False,False,True
JNJ,Health Care,2008-12-31,2009-01-20,0.94,0.92,0.02,2.1739,2.1739130434782505,IN_LINE,True,,,,,UNKNOWN,True,True,True,Alpha Vantage EARNINGS,primary_event_data,PRIMARY_EVENT_DATA,False,False,False,True
JNJ,Health Care,2008-09-30,2008-10-14,1.17,1.11,0.06,5.4054,5.40540540540539,BEAT,True,,,,,UNKNOWN,True,True,True,Alpha Vantage EARNINGS,primary_event_data,PRIMARY_EVENT_DATA,False,False,False,True
JNJ,Health Care,2008-06-30,2008-07-15,1.18,1.12,0.06,5.3571,5.357142857142842,BEAT,True,,,,,UNKNOWN,True,True,True,Alpha Vantage EARNINGS,primary_event_data,PRIMARY_EVENT_DATA,False,False,False,True
JNJ,Health Care,2008-03-31,2008-04-15,1.26,1.2,0.06,5.0,5.000000000000004,BEAT,True,,,,,UNKNOWN,True,True,True,Alpha Vantage EARNINGS,primary_event_data,PRIMARY_EVENT_DATA,False,False,False,True
JNJ,Health Care,2007-12-31,2008-01-22,0.88,0.86,0.02,2.3256,2.325581395348839,IN_LINE,True,,,,,UNKNOWN,True,True,True,Alpha Vantage EARNINGS,primary_event_data,PRIMARY_EVENT_DATA,False,False,False,True
JNJ,Health Care,2007-09-30,2007-10-16,1.06,0.99,0.07,7.0707,7.070707070707077,BEAT,True,,,,,UNKNOWN,True,True,True,Alpha Vantage EARNINGS,primary_event_data,PRIMARY_EVENT_DATA,False,False,False,True
JNJ,Health Care,2007-06-30,2007-07-16,1.05,1.0,0.05,5.0,5.000000000000004,BEAT,True,,,,,UNKNOWN,True,True,True,Alpha Vantage EARNINGS,primary_event_data,PRIMARY_EVENT_DATA,False,False,False,True
JNJ,Health Care,2007-03-31,2007-04-17,1.16,1.04,0.12,11.5385,11.538461538461526,LARGE_BEAT,True,,,,,UNKNOWN,True,True,True,Alpha Vantage EARNINGS,primary_event_data,PRIMARY_EVENT_DATA,False,False,False,True
JNJ,Health Care,2006-12-31,2007-01-23,0.81,0.79,0.02,2.5316,2.531645569620255,IN_LINE,True,,,,,UNKNOWN,True,True,True,Alpha Vantage EARNINGS,primary_event_data,PRIMARY_EVENT_DATA,False,False,False,True
JNJ,Health Care,2006-09-30,2006-10-17,0.98,0.93,0.05,5.3763,5.376344086021498,BEAT,True,,,,,UNKNOWN,True,True,True,Alpha Vantage EARNINGS,primary_event_data,PRIMARY_EVENT_DATA,False,False,False,True
JNJ,Health Care,2006-06-30,2006-07-18,0.98,0.97,0.01,1.0309,1.0309278350515474,IN_LINE,True,,,,,UNKNOWN,True,True,True,Alpha Vantage EARNINGS,primary_event_data,PRIMARY_EVENT_DATA,False,False,False,True
JNJ,Health Care,2006-03-31,2006-04-18,0.99,0.98,0.01,1.0204,1.020408163265307,IN_LINE,True,,,,,UNKNOWN,True,True,True,Alpha Vantage EARNINGS,primary_event_data,PRIMARY_EVENT_DATA,False,False,False,True
JNJ,Health Care,2005-12-31,2006-01-24,0.73,0.73,0.0,0.0,0.0,IN_LINE,False,,,,,UNKNOWN,True,True,True,Alpha Vantage EARNINGS,primary_event_data,PRIMARY_EVENT_DATA,False,False,False,True
JNJ,Health Care,2005-09-30,2005-10-18,0.87,0.86,0.01,1.1628,1.1627906976744196,IN_LINE,True,,,,,UNKNOWN,True,True,True,Alpha Vantage EARNINGS,primary_event_data,PRIMARY_EVENT_DATA,False,False,False,True
JNJ,Health Care,2005-06-30,2005-07-19,0.93,0.91,0.02,2.1978,2.1978021978021998,IN_LINE,True,,,,,UNKNOWN,True,True,True,Alpha Vantage EARNINGS,primary_event_data,PRIMARY_EVENT_DATA,False,False,False,True
JNJ,Health Care,2005-03-31,2005-04-19,0.97,0.92,0.05,5.4348,5.434782608695644,BEAT,True,,,,,UNKNOWN,True,True,True,Alpha Vantage EARNINGS,primary_event_data,PRIMARY_EVENT_DATA,False,False,False,True
JNJ,Health Care,2004-12-31,2005-01-25,0.67,0.64,0.03,4.6875,4.687500000000004,BEAT,True,,,,,UNKNOWN,True,True,True,Alpha Vantage EARNINGS,primary_event_data,PRIMARY_EVENT_DATA,False,False,False,True
JNJ,Health Care,2004-09-30,2004-10-12,0.78,0.76,0.02,2.6316,2.6315789473684235,IN_LINE,True,,,,,UNKNOWN,True,True,True,Alpha Vantage EARNINGS,primary_event_data,PRIMARY_EVENT_DATA,False,False,False,True
JNJ,Health Care,2004-06-30,2004-07-13,0.82,0.79,0.03,3.7975,3.797468354430369,BEAT,True,,,,,UNKNOWN,True,True,True,Alpha Vantage EARNINGS,primary_event_data,PRIMARY_EVENT_DATA,False,False,False,True
JNJ,Health Care,2004-03-31,2004-04-13,0.83,0.8,0.03,3.75,3.7499999999999893,BEAT,True,,,,,UNKNOWN,True,True,True,Alpha Vantage EARNINGS,primary_event_data,PRIMARY_EVENT_DATA,False,False,False,True
JNJ,Health Care,2003-12-31,2004-01-20,0.57,0.56,0.01,1.7857,1.7857142857142672,IN_LINE,True,,,,,UNKNOWN,True,True,True,Alpha Vantage EARNINGS,primary_event_data,PRIMARY_EVENT_DATA,False,False,False,True
JNJ,Health Care,2003-09-30,2003-10-14,0.69,0.68,0.01,1.4706,1.4705882352941024,IN_LINE,True,,,,,UNKNOWN,True,True,True,Alpha Vantage EARNINGS,primary_event_data,PRIMARY_EVENT_DATA,False,False,False,True
JNJ,Health Care,2003-06-30,2003-07-15,0.7,0.69,0.01,1.4493,1.449275362318842,IN_LINE,True,,,,,UNKNOWN,True,True,True,Alpha Vantage EARNINGS,primary_event_data,PRIMARY_EVENT_DATA,False,False,False,True
JNJ,Health Care,2003-03-31,2003-04-15,0.69,0.68,0.01,1.4706,1.4705882352941024,IN_LINE,True,,,,,UNKNOWN,True,True,True,Alpha Vantage EARNINGS,primary_event_data,PRIMARY_EVENT_DATA,False,False,False,True
JNJ,Health Care,2002-12-31,2003-01-21,0.48,0.47,0.01,2.1277,2.1276595744680873,IN_LINE,True,,,,,UNKNOWN,True,True,True,Alpha Vantage EARNINGS,primary_event_data,PRIMARY_EVENT_DATA,False,False,False,True
JNJ,Health Care,2002-09-30,2002-10-15,0.6,0.59,0.01,1.6949,1.6949152542372898,IN_LINE,True,,,,,UNKNOWN,True,True,True,Alpha Vantage EARNINGS,primary_event_data,PRIMARY_EVENT_DATA,False,False,False,True
JNJ,Health Care,2002-06-30,2002-07-16,0.6,0.59,0.01,1.6949,1.6949152542372898,IN_LINE,True,,,,,UNKNOWN,True,True,True,Alpha Vantage EARNINGS,primary_event_data,PRIMARY_EVENT_DATA,False,False,False,True
JNJ,Health Care,2002-03-31,2002-04-16,0.59,0.58,0.01,1.7241,1.7241379310344844,IN_LINE,True,,,,,UNKNOWN,True,True,True,Alpha Vantage EARNINGS,primary_event_data,PRIMARY_EVENT_DATA,False,False,False,True
JNJ,Health Care,2001-12-31,2002-01-22,0.39,0.38,0.01,2.6316,2.6315789473684235,IN_LINE,True,,,,,UNKNOWN,True,True,True,Alpha Vantage EARNINGS,primary_event_data,PRIMARY_EVENT_DATA,False,False,False,True
JNJ,Health Care,2001-09-30,2001-10-16,0.5,0.48,0.02,4.1667,4.1666666666666705,BEAT,True,,,,,UNKNOWN,True,True,True,Alpha Vantage EARNINGS,primary_event_data,PRIMARY_EVENT_DATA,False,False,False,True
JNJ,Health Care,2001-06-30,2001-07-17,0.51,0.52,-0.01,-1.9231,-1.9230769230769247,IN_LINE,False,,,,,UNKNOWN,True,True,True,Alpha Vantage EARNINGS,primary_event_data,PRIMARY_EVENT_DATA,False,False,False,True
JNJ,Health Care,2001-03-31,2001-04-17,0.5,0.52,-0.02,-3.8462,-3.8461538461538494,MISS,False,,,,,UNKNOWN,True,True,True,Alpha Vantage EARNINGS,primary_event_data,PRIMARY_EVENT_DATA,False,False,False,True
JNJ,Health Care,2000-12-31,2001-01-23,0.33,0.32,0.01,3.125,3.1250000000000027,BEAT,True,,,,,UNKNOWN,True,True,True,Alpha Vantage EARNINGS,primary_event_data,PRIMARY_EVENT_DATA,False,False,False,True
JNJ,Health Care,2000-09-30,2000-10-17,0.45,0.44,0.01,2.2727,2.2727272727272747,IN_LINE,True,,,,,UNKNOWN,True,True,True,Alpha Vantage EARNINGS,primary_event_data,PRIMARY_EVENT_DATA,False,False,False,True
JNJ,Health Care,2000-06-30,2000-07-18,0.47,0.46,0.01,2.1739,2.1739130434782505,IN_LINE,True,,,,,UNKNOWN,True,True,True,Alpha Vantage EARNINGS,primary_event_data,PRIMARY_EVENT_DATA,False,False,False,True
JNJ,Health Care,2000-03-31,2000-04-18,0.47,0.45,0.02,4.4444,4.444444444444437,BEAT,True,,,,,UNKNOWN,True,True,True,Alpha Vantage EARNINGS,primary_event_data,PRIMARY_EVENT_DATA,False,False,False,True
JNJ,Health Care,1999-12-31,2000-01-25,0.28,0.28,0.0,0.0,0.0,IN_LINE,False,,,,,UNKNOWN,True,True,True,Alpha Vantage EARNINGS,primary_event_data,PRIMARY_EVENT_DATA,False,False,False,True
JNJ,Health Care,1999-09-30,1999-10-19,0.4,0.39,0.01,2.5641,2.5641025641025665,IN_LINE,True,,,,,UNKNOWN,True,True,True,Alpha Vantage EARNINGS,primary_event_data,PRIMARY_EVENT_DATA,False,False,False,True
JNJ,Health Care,1999-06-30,1999-07-20,0.42,0.41,0.01,2.439,2.4390243902439046,IN_LINE,True,,,,,UNKNOWN,True,True,True,Alpha Vantage EARNINGS,primary_event_data,PRIMARY_EVENT_DATA,False,False,False,True
JNJ,Health Care,1999-03-31,1999-04-20,0.41,0.4,0.01,2.5,2.4999999999999885,IN_LINE,True,,,,,UNKNOWN,True,True,True,Alpha Vantage EARNINGS,primary_event_data,PRIMARY_EVENT_DATA,False,False,False,True
JNJ,Health Care,1998-12-31,1999-01-26,0.25,0.25,0.0,0.0,0.0,IN_LINE,False,,,,,UNKNOWN,True,True,True,Alpha Vantage EARNINGS,primary_event_data,PRIMARY_EVENT_DATA,False,False,False,True
JNJ,Health Care,1998-09-30,1998-10-13,0.35,0.35,0.0,0.0,0.0,IN_LINE,False,,,,,UNKNOWN,True,True,True,Alpha Vantage EARNINGS,primary_event_data,PRIMARY_EVENT_DATA,False,False,False,True
JNJ,Health Care,1998-06-30,1998-07-14,0.38,0.37,0.01,2.7027,2.7027027027027053,IN_LINE,True,,,,,UNKNOWN,True,True,True,Alpha Vantage EARNINGS,primary_event_data,PRIMARY_EVENT_DATA,False,False,False,True
JNJ,Health Care,1998-03-31,1998-04-14,0.37,0.37,0.0,0.0,0.0,IN_LINE,False,,,,,UNKNOWN,True,True,True,Alpha Vantage EARNINGS,primary_event_data,PRIMARY_EVENT_DATA,False,False,False,True
JNJ,Health Care,1997-12-31,1998-01-20,0.24,0.23,0.01,4.3478,4.3478260869565135,BEAT,True,,,,,UNKNOWN,True,True,True,Alpha Vantage EARNINGS,primary_event_data,PRIMARY_EVENT_DATA,False,False,False,True
JNJ,Health Care,1997-09-30,1997-10-14,0.32,0.32,0.0,0.0,0.0,IN_LINE,False,,,,,UNKNOWN,True,True,True,Alpha Vantage EARNINGS,primary_event_data,PRIMARY_EVENT_DATA,False,False,False,True
JNJ,Health Care,1997-06-30,1997-07-15,0.34,0.34,0.0,0.0,0.0,IN_LINE,False,,,,,UNKNOWN,True,True,True,Alpha Vantage EARNINGS,primary_event_data,PRIMARY_EVENT_DATA,False,False,False,True
JNJ,Health Care,1997-03-31,1997-04-15,0.34,0.34,0.0,0.0,0.0,IN_LINE,False,,,,,UNKNOWN,True,True,True,Alpha Vantage EARNINGS,primary_event_data,PRIMARY_EVENT_DATA,False,False,False,True
JNJ,Health Care,1996-12-31,1997-01-21,0.21,0.21,0.0,0.0,0.0,IN_LINE,False,,,,,UNKNOWN,True,True,True,Alpha Vantage EARNINGS,primary_event_data,PRIMARY_EVENT_DATA,False,False,False,True
JNJ,Health Care,1996-09-30,1996-10-16,0.28,0.28,0.0,0.0,0.0,IN_LINE,False,,,,,UNKNOWN,True,True,True,Alpha Vantage EARNINGS,primary_event_data,PRIMARY_EVENT_DATA,False,False,False,True
JNJ,Health Care,1996-06-30,1996-07-16,0.3,0.29,0.01,3.4483,3.448275862068969,BEAT,True,,,,,UNKNOWN,True,True,True,Alpha Vantage EARNINGS,primary_event_data,PRIMARY_EVENT_DATA,False,False,False,True
JNJ,Health Care,1996-03-31,1996-04-16,0.3,0.29,0.01,3.4483,3.448275862068969,BEAT,True,,,,,UNKNOWN,True,True,True,Alpha Vantage EARNINGS,primary_event_data,PRIMARY_EVENT_DATA,False,False,False,True
XOM,Energy,2026-06-30,2026-07-31,3.52,3.68,-0.16,-4.3478,-4.347826086956525,MISS,False,,,,,UNKNOWN,True,True,True,Alpha Vantage EARNINGS,primary_event_data,PRIMARY_EVENT_DATA,False,False,False,True
XOM,Energy,2026-03-31,2026-05-01,1.16,1.01,0.15,14.8515,14.851485148514843,LARGE_BEAT,True,,,,,UNKNOWN,True,True,True,Alpha Vantage EARNINGS,primary_event_data,PRIMARY_EVENT_DATA,False,False,False,True
XOM,Energy,2025-12-31,2026-01-30,1.71,1.69,0.02,1.1834,1.1834319526627228,IN_LINE,True,,,,,UNKNOWN,True,True,True,Alpha Vantage EARNINGS,primary_event_data,PRIMARY_EVENT_DATA,False,False,False,True
XOM,Energy,2025-09-30,2025-10-31,1.88,1.82,0.06,3.2967,3.296703296703287,BEAT,True,,,,,UNKNOWN,True,True,True,Alpha Vantage EARNINGS,primary_event_data,PRIMARY_EVENT_DATA,False,False,False,True
XOM,Energy,2025-06-30,2025-08-01,1.64,1.56,0.08,5.1282,5.128205128205118,BEAT,True,,,,,UNKNOWN,True,True,True,Alpha Vantage EARNINGS,primary_event_data,PRIMARY_EVENT_DATA,False,False,False,True
XOM,Energy,2025-03-31,2025-05-02,1.76,1.74,0.02,1.1494,1.1494252873563229,IN_LINE,True,,,,,UNKNOWN,True,True,True,Alpha Vantage EARNINGS,primary_event_data,PRIMARY_EVENT_DATA,False,False,False,True
XOM,Energy,2024-12-31,2025-01-31,1.67,1.55,0.12,7.7419,7.74193548387096,BEAT,True,,,,,UNKNOWN,True,True,True,Alpha Vantage EARNINGS,primary_event_data,PRIMARY_EVENT_DATA,False,False,False,True
XOM,Energy,2024-09-30,2024-11-01,1.92,1.87,0.05,2.6738,2.6737967914438405,IN_LINE,True,,,,,UNKNOWN,True,True,True,Alpha Vantage EARNINGS,primary_event_data,PRIMARY_EVENT_DATA,False,False,False,True
XOM,Energy,2024-06-30,2024-08-02,2.14,2.01,0.13,6.4677,6.467661691542307,BEAT,True,,,,,UNKNOWN,True,True,True,Alpha Vantage EARNINGS,primary_event_data,PRIMARY_EVENT_DATA,False,False,False,True
XOM,Energy,2024-03-31,2024-04-26,2.06,2.04,0.02,0.9804,0.980392156862746,IN_LINE,True,,,,,UNKNOWN,True,True,True,Alpha Vantage EARNINGS,primary_event_data,PRIMARY_EVENT_DATA,False,False,False,True
XOM,Energy,2023-12-31,2024-02-02,2.48,2.19,0.29,13.242,13.242009132420094,LARGE_BEAT,True,,,,,UNKNOWN,True,True,True,Alpha Vantage EARNINGS,primary_event_data,PRIMARY_EVENT_DATA,False,False,False,True
XOM,Energy,2023-09-30,2023-10-27,2.27,2.36,-0.09,-3.8136,-3.813559322033892,MISS,False,,,,,UNKNOWN,True,True,True,Alpha Vantage EARNINGS,primary_event_data,PRIMARY_EVENT_DATA,False,False,False,True
XOM,Energy,2023-06-30,2023-07-28,1.94,2.02,-0.08,-3.9604,-3.960396039603964,MISS,False,,,,,UNKNOWN,True,True,True,Alpha Vantage EARNINGS,primary_event_data,PRIMARY_EVENT_DATA,False,False,False,True
XOM,Energy,2023-03-31,2023-04-28,2.83,2.59,0.24,9.2664,9.266409266409276,BEAT,True,,,,,UNKNOWN,True,True,True,Alpha Vantage EARNINGS,primary_event_data,PRIMARY_EVENT_DATA,False,False,False,True
XOM,Energy,2022-12-31,2023-01-31,3.4,3.28,0.12,3.6585,3.658536585365857,BEAT,True,,,,,UNKNOWN,True,True,True,Alpha Vantage EARNINGS,primary_event_data,PRIMARY_EVENT_DATA,False,False,False,True
XOM,Energy,2022-09-30,2022-10-28,4.45,3.82,0.63,16.4921,16.492146596858646,LARGE_BEAT,True,,,,,UNKNOWN,True,True,True,Alpha Vantage EARNINGS,primary_event_data,PRIMARY_EVENT_DATA,False,False,False,True
XOM,Energy,2022-06-30,2022-07-29,4.14,3.89,0.25,6.4267,6.426735218508986,BEAT,True,,,,,UNKNOWN,True,True,True,Alpha Vantage EARNINGS,primary_event_data,PRIMARY_EVENT_DATA,False,False,False,True
XOM,Energy,2022-03-31,2022-04-29,2.07,2.22,-0.15,-6.7568,-6.756756756756772,MISS,False,,,,,UNKNOWN,True,True,True,Alpha Vantage EARNINGS,primary_event_data,PRIMARY_EVENT_DATA,False,False,False,True
XOM,Energy,2021-12-31,2022-02-01,2.05,1.93,0.12,6.2176,6.217616580310875,BEAT,True,,,,,UNKNOWN,True,True,True,Alpha Vantage EARNINGS,primary_event_data,PRIMARY_EVENT_DATA,False,False,False,True
XOM,Energy,2021-09-30,2021-10-29,1.58,1.52,0.06,3.9474,3.947368421052635,BEAT,True,,,,,UNKNOWN,True,True,True,Alpha Vantage EARNINGS,primary_event_data,PRIMARY_EVENT_DATA,False,False,False,True
XOM,Energy,2021-06-30,2021-07-30,1.1,0.99,0.11,11.1111,11.111111111111121,LARGE_BEAT,True,,,,,UNKNOWN,True,True,True,Alpha Vantage EARNINGS,primary_event_data,PRIMARY_EVENT_DATA,False,False,False,True
XOM,Energy,2021-03-31,2021-04-30,0.65,0.6,0.05,8.3333,8.333333333333341,BEAT,True,,,,,UNKNOWN,True,True,True,Alpha Vantage EARNINGS,primary_event_data,PRIMARY_EVENT_DATA,False,False,False,True
XOM,Energy,2020-12-31,2021-02-02,0.03,0.02,0.01,50.0,49.999999999999986,LARGE_BEAT,True,,,,,UNKNOWN,True,True,True,Alpha Vantage EARNINGS,primary_event_data,PRIMARY_EVENT_DATA,False,False,False,True
XOM,Energy,2020-09-30,2020-10-30,-0.18,-0.25,0.07,28.0,28.000000000000004,LARGE_BEAT,True,,,,,UNKNOWN,True,True,True,Alpha Vantage EARNINGS,primary_event_data,PRIMARY_EVENT_DATA,False,False,False,True
XOM,Energy,2020-06-30,2020-07-31,-0.7,-0.6,-0.1,-16.6667,-16.666666666666664,LARGE_MISS,False,,,,,UNKNOWN,True,True,True,Alpha Vantage EARNINGS,primary_event_data,PRIMARY_EVENT_DATA,False,False,False,True
XOM,Energy,2020-03-31,2020-05-01,0.53,0.05,0.48,960.0,960.0,LARGE_BEAT,True,,,,,UNKNOWN,True,True,True,Alpha Vantage EARNINGS,primary_event_data,PRIMARY_EVENT_DATA,False,False,False,True
XOM,Energy,2019-12-31,2020-01-31,0.41,0.45,-0.04,-8.8889,-8.888888888888896,MISS,False,,,,,UNKNOWN,True,True,True,Alpha Vantage EARNINGS,primary_event_data,PRIMARY_EVENT_DATA,False,False,False,True
XOM,Energy,2019-09-30,2019-11-01,0.68,0.66,0.02,3.0303,3.030303030303033,BEAT,True,,,,,UNKNOWN,True,True,True,Alpha Vantage EARNINGS,primary_event_data,PRIMARY_EVENT_DATA,False,False,False,True
XOM,Energy,2019-06-30,2019-08-02,0.61,0.71,-0.1,-14.0845,-14.084507042253518,LARGE_MISS,False,,,,,UNKNOWN,True,True,True,Alpha Vantage EARNINGS,primary_event_data,PRIMARY_EVENT_DATA,False,False,False,True
XOM,Energy,2019-03-31,2019-04-26,0.55,0.73,-0.18,-24.6575,-24.657534246575334,LARGE_MISS,False,,,,,UNKNOWN,True,True,True,Alpha Vantage EARNINGS,primary_event_data,PRIMARY_EVENT_DATA,False,False,False,True
XOM,Energy,2018-12-31,2019-02-01,1.5,1.09,0.41,37.6147,37.61467889908256,LARGE_BEAT,True,,,,,UNKNOWN,True,True,True,Alpha Vantage EARNINGS,primary_event_data,PRIMARY_EVENT_DATA,False,False,False,True
XOM,Energy,2018-09-30,2018-11-02,1.46,1.22,0.24,19.6721,19.672131147540984,LARGE_BEAT,True,,,,,UNKNOWN,True,True,True,Alpha Vantage EARNINGS,primary_event_data,PRIMARY_EVENT_DATA,False,False,False,True
XOM,Energy,2018-06-30,2018-07-27,0.92,1.27,-0.35,-27.5591,-27.55905511811023,LARGE_MISS,False,,,,,UNKNOWN,True,True,True,Alpha Vantage EARNINGS,primary_event_data,PRIMARY_EVENT_DATA,False,False,False,True
XOM,Energy,2018-03-31,2018-04-27,1.09,1.1,-0.01,-0.9091,-0.9090909090909097,IN_LINE,False,,,,,UNKNOWN,True,True,True,Alpha Vantage EARNINGS,primary_event_data,PRIMARY_EVENT_DATA,False,False,False,True
XOM,Energy,2017-12-31,2018-02-02,0.88,1.03,-0.15,-14.5631,-14.563106796116507,LARGE_MISS,False,,,,,UNKNOWN,True,True,True,Alpha Vantage EARNINGS,primary_event_data,PRIMARY_EVENT_DATA,False,False,False,True
XOM,Energy,2017-09-30,2017-10-27,0.93,0.87,0.06,6.8966,6.896551724137938,BEAT,True,,,,,UNKNOWN,True,True,True,Alpha Vantage EARNINGS,primary_event_data,PRIMARY_EVENT_DATA,False,False,False,True
XOM,Energy,2017-06-30,2017-07-28,0.78,0.85,-0.07,-8.2353,-8.235294117647053,MISS,False,,,,,UNKNOWN,True,True,True,Alpha Vantage EARNINGS,primary_event_data,PRIMARY_EVENT_DATA,False,False,False,True
XOM,Energy,2017-03-31,2017-04-28,0.95,0.87,0.08,9.1954,9.19540229885057,BEAT,True,,,,,UNKNOWN,True,True,True,Alpha Vantage EARNINGS,primary_event_data,PRIMARY_EVENT_DATA,False,False,False,True
XOM,Energy,2016-12-31,2017-01-31,0.89,0.7,0.19,27.1429,27.142857142857153,LARGE_BEAT,True,,,,,UNKNOWN,True,True,True,Alpha Vantage EARNINGS,primary_event_data,PRIMARY_EVENT_DATA,False,False,False,True
XOM,Energy,2016-09-30,2016-10-28,0.63,0.6,0.03,5.0,5.000000000000004,BEAT,True,,,,,UNKNOWN,True,True,True,Alpha Vantage EARNINGS,primary_event_data,PRIMARY_EVENT_DATA,False,False,False,True
XOM,Energy,2016-06-30,2016-07-29,0.41,0.64,-0.23,-35.9375,-35.93750000000001,LARGE_MISS,False,,,,,UNKNOWN,True,True,True,Alpha Vantage EARNINGS,primary_event_data,PRIMARY_EVENT_DATA,False,False,False,True
XOM,Energy,2016-03-31,2016-04-29,0.43,0.31,0.12,38.7097,38.70967741935484,LARGE_BEAT,True,,,,,UNKNOWN,True,True,True,Alpha Vantage EARNINGS,primary_event_data,PRIMARY_EVENT_DATA,False,False,False,True
XOM,Energy,2015-12-31,2016-02-02,0.67,0.64,0.03,4.6875,4.687500000000004,BEAT,True,,,,,UNKNOWN,True,True,True,Alpha Vantage EARNINGS,primary_event_data,PRIMARY_EVENT_DATA,False,False,False,True
XOM,Energy,2015-09-30,2015-10-30,1.01,0.9,0.11,12.2222,12.22222222222222,LARGE_BEAT,True,,,,,UNKNOWN,True,True,True,Alpha Vantage EARNINGS,primary_event_data,PRIMARY_EVENT_DATA,False,False,False,True
XOM,Energy,2015-06-30,2015-07-31,1.06,1.11,-0.05,-4.5045,-4.504504504504508,MISS,False,,,,,UNKNOWN,True,True,True,Alpha Vantage EARNINGS,primary_event_data,PRIMARY_EVENT_DATA,False,False,False,True
XOM,Energy,2015-03-31,2015-04-30,1.17,0.83,0.34,40.9639,40.963855421686745,LARGE_BEAT,True,,,,,UNKNOWN,True,True,True,Alpha Vantage EARNINGS,primary_event_data,PRIMARY_EVENT_DATA,False,False,False,True
XOM,Energy,2014-12-31,2015-02-02,1.32,1.34,-0.02,-1.4925,-1.492537313432837,IN_LINE,False,,,,,UNKNOWN,True,True,True,Alpha Vantage EARNINGS,primary_event_data,PRIMARY_EVENT_DATA,False,False,False,True
XOM,Energy,2014-09-30,2014-10-31,1.89,1.72,0.17,9.8837,9.883720930232553,BEAT,True,,,,,UNKNOWN,True,True,True,Alpha Vantage EARNINGS,primary_event_data,PRIMARY_EVENT_DATA,False,False,False,True
XOM,Energy,2014-06-30,2014-07-31,2.05,1.86,0.19,10.2151,10.215053763440844,LARGE_BEAT,True,,,,,UNKNOWN,True,True,True,Alpha Vantage EARNINGS,primary_event_data,PRIMARY_EVENT_DATA,False,False,False,True
XOM,Energy,2014-03-31,2014-05-01,2.1,1.88,0.22,11.7021,11.70212765957448,LARGE_BEAT,True,,,,,UNKNOWN,True,True,True,Alpha Vantage EARNINGS,primary_event_data,PRIMARY_EVENT_DATA,False,False,False,True
XOM,Energy,2013-12-31,2014-01-30,1.91,1.92,-0.01,-0.5208,-0.5208333333333338,IN_LINE,False,,,,,UNKNOWN,True,True,True,Alpha Vantage EARNINGS,primary_event_data,PRIMARY_EVENT_DATA,False,False,False,True
XOM,Energy,2013-09-30,2013-10-31,1.79,1.78,0.01,0.5618,0.5617977528089892,IN_LINE,True,,,,,UNKNOWN,True,True,True,Alpha Vantage EARNINGS,primary_event_data,PRIMARY_EVENT_DATA,False,False,False,True
XOM,Energy,2013-06-30,2013-08-01,1.55,1.9,-0.35,-18.4211,-18.42105263157894,LARGE_MISS,False,,,,,UNKNOWN,True,True,True,Alpha Vantage EARNINGS,primary_event_data,PRIMARY_EVENT_DATA,False,False,False,True
XOM,Energy,2013-03-31,2013-04-25,2.12,2.05,0.07,3.4146,3.4146341463414775,BEAT,True,,,,,UNKNOWN,True,True,True,Alpha Vantage EARNINGS,primary_event_data,PRIMARY_EVENT_DATA,False,False,False,True
XOM,Energy,2012-12-31,2013-02-01,2.2,2.0,0.2,10.0,10.000000000000009,LARGE_BEAT,True,,,,,UNKNOWN,True,True,True,Alpha Vantage EARNINGS,primary_event_data,PRIMARY_EVENT_DATA,False,False,False,True
XOM,Energy,2012-09-30,2012-11-01,2.09,1.93,0.16,8.2902,8.290155440414503,BEAT,True,,,,,UNKNOWN,True,True,True,Alpha Vantage EARNINGS,primary_event_data,PRIMARY_EVENT_DATA,False,False,False,True
XOM,Energy,2012-06-30,2012-07-26,1.8,1.96,-0.16,-8.1633,-8.163265306122446,MISS,False,,,,,UNKNOWN,True,True,True,Alpha Vantage EARNINGS,primary_event_data,PRIMARY_EVENT_DATA,False,False,False,True
XOM,Energy,2012-03-31,2012-04-26,2.0,2.11,-0.11,-5.2133,-5.213270142180089,MISS,False,,,,,UNKNOWN,True,True,True,Alpha Vantage EARNINGS,primary_event_data,PRIMARY_EVENT_DATA,False,False,False,True
XOM,Energy,2011-12-31,2012-01-31,1.97,1.98,-0.01,-0.5051,-0.5050505050505055,IN_LINE,False,,,,,UNKNOWN,True,True,True,Alpha Vantage EARNINGS,primary_event_data,PRIMARY_EVENT_DATA,False,False,False,True
XOM,Energy,2011-09-30,2011-10-27,2.13,2.13,0.0,0.0,0.0,IN_LINE,False,,,,,UNKNOWN,True,True,True,Alpha Vantage EARNINGS,primary_event_data,PRIMARY_EVENT_DATA,False,False,False,True
XOM,Energy,2011-06-30,2011-07-28,2.18,2.33,-0.15,-6.4378,-6.437768240343343,MISS,False,,,,,UNKNOWN,True,True,True,Alpha Vantage EARNINGS,primary_event_data,PRIMARY_EVENT_DATA,False,False,False,True
XOM,Energy,2011-03-31,2011-04-28,2.14,2.02,0.12,5.9406,5.940594059405946,BEAT,True,,,,,UNKNOWN,True,True,True,Alpha Vantage EARNINGS,primary_event_data,PRIMARY_EVENT_DATA,False,False,False,True
XOM,Energy,2010-12-31,2011-01-31,1.85,1.62,0.23,14.1975,14.19753086419753,LARGE_BEAT,True,,,,,UNKNOWN,True,True,True,Alpha Vantage EARNINGS,primary_event_data,PRIMARY_EVENT_DATA,False,False,False,True
XOM,Energy,2010-09-30,2010-10-28,1.44,1.39,0.05,3.5971,3.5971223021582768,BEAT,True,,,,,UNKNOWN,True,True,True,Alpha Vantage EARNINGS,primary_event_data,PRIMARY_EVENT_DATA,False,False,False,True
XOM,Energy,2010-06-30,2010-07-29,1.6,1.47,0.13,8.8435,8.843537414965995,BEAT,True,,,,,UNKNOWN,True,True,True,Alpha Vantage EARNINGS,primary_event_data,PRIMARY_EVENT_DATA,False,False,False,True
XOM,Energy,2010-03-31,2010-04-29,1.37,1.38,-0.01,-0.7246,-0.7246376811594049,IN_LINE,False,,,,,UNKNOWN,True,True,True,Alpha Vantage EARNINGS,primary_event_data,PRIMARY_EVENT_DATA,False,False,False,True
XOM,Energy,2009-12-31,2010-02-01,1.27,1.19,0.08,6.7227,6.722689075630258,BEAT,True,,,,,UNKNOWN,True,True,True,Alpha Vantage EARNINGS,primary_event_data,PRIMARY_EVENT_DATA,False,False,False,True
XOM,Energy,2009-09-30,2009-10-29,0.98,1.03,-0.05,-4.8544,-4.854368932038839,MISS,False,,,,,UNKNOWN,True,True,True,Alpha Vantage EARNINGS,primary_event_data,PRIMARY_EVENT_DATA,False,False,False,True
XOM,Energy,2009-06-30,2009-07-30,0.84,1.02,-0.18,-17.6471,-17.647058823529417,LARGE_MISS,False,,,,,UNKNOWN,True,True,True,Alpha Vantage EARNINGS,primary_event_data,PRIMARY_EVENT_DATA,False,False,False,True
XOM,Energy,2009-03-31,2009-04-30,0.92,0.95,-0.03,-3.1579,-3.1578947368420964,MISS,False,,,,,UNKNOWN,True,True,True,Alpha Vantage EARNINGS,primary_event_data,PRIMARY_EVENT_DATA,False,False,False,True
XOM,Energy,2008-12-31,2009-01-30,1.55,1.51,0.04,2.649,2.6490066225165587,IN_LINE,True,,,,,UNKNOWN,True,True,True,Alpha Vantage EARNINGS,primary_event_data,PRIMARY_EVENT_DATA,False,False,False,True
XOM,Energy,2008-09-30,2008-10-30,2.59,2.38,0.21,8.8235,8.823529411764705,BEAT,True,,,,,UNKNOWN,True,True,True,Alpha Vantage EARNINGS,primary_event_data,PRIMARY_EVENT_DATA,False,False,False,True
XOM,Energy,2008-06-30,2008-07-31,2.27,2.53,-0.26,-10.2767,-10.276679841897225,LARGE_MISS,False,,,,,UNKNOWN,True,True,True,Alpha Vantage EARNINGS,primary_event_data,PRIMARY_EVENT_DATA,False,False,False,True
XOM,Energy,2008-03-31,2008-05-01,2.03,2.11,-0.08,-3.7915,-3.7914691943128,MISS,False,,,,,UNKNOWN,True,True,True,Alpha Vantage EARNINGS,primary_event_data,PRIMARY_EVENT_DATA,False,False,False,True
XOM,Energy,2007-12-31,2008-02-01,2.13,1.98,0.15,7.5758,7.575757575757572,BEAT,True,,,,,UNKNOWN,True,True,True,Alpha Vantage EARNINGS,primary_event_data,PRIMARY_EVENT_DATA,False,False,False,True
XOM,Energy,2007-09-30,2007-11-01,1.7,1.74,-0.04,-2.2989,-2.2988505747126458,IN_LINE,False,,,,,UNKNOWN,True,True,True,Alpha Vantage EARNINGS,primary_event_data,PRIMARY_EVENT_DATA,False,False,False,True
XOM,Energy,2007-06-30,2007-07-26,1.83,1.96,-0.13,-6.6327,-6.6326530612244845,MISS,False,,,,,UNKNOWN,True,True,True,Alpha Vantage EARNINGS,primary_event_data,PRIMARY_EVENT_DATA,False,False,False,True
XOM,Energy,2007-03-31,2007-04-26,1.62,1.53,0.09,5.8824,5.8823529411764754,BEAT,True,,,,,UNKNOWN,True,True,True,Alpha Vantage EARNINGS,primary_event_data,PRIMARY_EVENT_DATA,False,False,False,True
XOM,Energy,2006-12-31,2007-02-01,1.69,1.52,0.17,11.1842,11.184210526315784,LARGE_BEAT,True,,,,,UNKNOWN,True,True,True,Alpha Vantage EARNINGS,primary_event_data,PRIMARY_EVENT_DATA,False,False,False,True
XOM,Energy,2006-09-30,2006-10-26,1.77,1.59,0.18,11.3208,11.320754716981128,LARGE_BEAT,True,,,,,UNKNOWN,True,True,True,Alpha Vantage EARNINGS,primary_event_data,PRIMARY_EVENT_DATA,False,False,False,True
XOM,Energy,2006-06-30,2006-07-27,1.72,1.64,0.08,4.878,4.878048780487809,BEAT,True,,,,,UNKNOWN,True,True,True,Alpha Vantage EARNINGS,primary_event_data,PRIMARY_EVENT_DATA,False,False,False,True
XOM,Energy,2006-03-31,2006-04-27,1.41,1.46,-0.05,-3.4247,-3.424657534246579,MISS,False,,,,,UNKNOWN,True,True,True,Alpha Vantage EARNINGS,primary_event_data,PRIMARY_EVENT_DATA,False,False,False,True
XOM,Energy,2005-12-31,2006-01-30,1.65,1.45,0.2,13.7931,13.79310344827586,LARGE_BEAT,True,,,,,UNKNOWN,True,True,True,Alpha Vantage EARNINGS,primary_event_data,PRIMARY_EVENT_DATA,False,False,False,True
XOM,Energy,2005-09-30,2005-10-27,1.32,1.39,-0.07,-5.036,-5.035971223021572,MISS,False,,,,,UNKNOWN,True,True,True,Alpha Vantage EARNINGS,primary_event_data,PRIMARY_EVENT_DATA,False,False,False,True
XOM,Energy,2005-06-30,2005-07-28,1.23,1.22,0.01,0.8197,0.8196721311475417,IN_LINE,True,,,,,UNKNOWN,True,True,True,Alpha Vantage EARNINGS,primary_event_data,PRIMARY_EVENT_DATA,False,False,False,True
XOM,Energy,2005-03-31,2005-04-28,1.15,1.2,-0.05,-4.1667,-4.1666666666666705,MISS,False,,,,,UNKNOWN,True,True,True,Alpha Vantage EARNINGS,primary_event_data,PRIMARY_EVENT_DATA,False,False,False,True
XOM,Energy,2004-12-31,2005-01-31,1.3,1.05,0.25,23.8095,23.809523809523807,LARGE_BEAT,True,,,,,UNKNOWN,True,True,True,Alpha Vantage EARNINGS,primary_event_data,PRIMARY_EVENT_DATA,False,False,False,True
XOM,Energy,2004-09-30,2004-10-28,0.96,0.87,0.09,10.3448,10.344827586206893,LARGE_BEAT,True,,,,,UNKNOWN,True,True,True,Alpha Vantage EARNINGS,primary_event_data,PRIMARY_EVENT_DATA,False,False,False,True
XOM,Energy,2004-06-30,2004-07-29,0.88,0.88,0.0,0.0,0.0,IN_LINE,False,,,,,UNKNOWN,True,True,True,Alpha Vantage EARNINGS,primary_event_data,PRIMARY_EVENT_DATA,False,False,False,True
XOM,Energy,2004-03-31,2004-04-29,0.83,0.75,0.08,10.6667,10.666666666666663,LARGE_BEAT,True,,,,,UNKNOWN,True,True,True,Alpha Vantage EARNINGS,primary_event_data,PRIMARY_EVENT_DATA,False,False,False,True
XOM,Energy,2003-12-31,2004-01-29,0.68,0.58,0.1,17.2414,17.241379310344847,LARGE_BEAT,True,,,,,UNKNOWN,True,True,True,Alpha Vantage EARNINGS,primary_event_data,PRIMARY_EVENT_DATA,False,False,False,True
XOM,Energy,2003-09-30,2003-10-30,0.55,0.62,-0.07,-11.2903,-11.290322580645155,LARGE_MISS,False,,,,,UNKNOWN,True,True,True,Alpha Vantage EARNINGS,primary_event_data,PRIMARY_EVENT_DATA,False,False,False,True
XOM,Energy,2003-06-30,2003-07-31,0.62,0.56,0.06,10.7143,10.714285714285703,LARGE_BEAT,True,,,,,UNKNOWN,True,True,True,Alpha Vantage EARNINGS,primary_event_data,PRIMARY_EVENT_DATA,False,False,False,True
XOM,Energy,2003-03-31,2003-05-01,0.71,0.69,0.02,2.8986,2.898550724637684,IN_LINE,True,,,,,UNKNOWN,True,True,True,Alpha Vantage EARNINGS,primary_event_data,PRIMARY_EVENT_DATA,False,False,False,True
XOM,Energy,2002-12-31,2003-01-30,0.56,0.5,0.06,12.0,12.00000000000001,LARGE_BEAT,True,,,,,UNKNOWN,True,True,True,Alpha Vantage EARNINGS,primary_event_data,PRIMARY_EVENT_DATA,False,False,False,True
XOM,Energy,2002-09-30,2002-10-31,0.44,0.42,0.02,4.7619,4.761904761904766,BEAT,True,,,,,UNKNOWN,True,True,True,Alpha Vantage EARNINGS,primary_event_data,PRIMARY_EVENT_DATA,False,False,False,True
XOM,Energy,2002-06-30,2002-08-01,0.39,0.45,-0.06,-13.3333,-13.333333333333334,LARGE_MISS,False,,,,,UNKNOWN,True,True,True,Alpha Vantage EARNINGS,primary_event_data,PRIMARY_EVENT_DATA,False,False,False,True
XOM,Energy,2002-03-31,2002-04-23,0.31,0.39,-0.08,-20.5128,-20.512820512820515,LARGE_MISS,False,,,,,UNKNOWN,True,True,True,Alpha Vantage EARNINGS,primary_event_data,PRIMARY_EVENT_DATA,False,False,False,True
XOM,Energy,2001-12-31,2002-01-23,0.42,0.38,0.04,10.5263,10.52631578947368,LARGE_BEAT,True,,,,,UNKNOWN,True,True,True,Alpha Vantage EARNINGS,primary_event_data,PRIMARY_EVENT_DATA,False,False,False,True
XOM,Energy,2001-09-30,2001-10-23,0.48,0.5,-0.02,-4.0,-4.0000000000000036,MISS,False,,,,,UNKNOWN,True,True,True,Alpha Vantage EARNINGS,primary_event_data,PRIMARY_EVENT_DATA,False,False,False,True
XOM,Energy,2001-06-30,2001-07-24,0.64,0.66,-0.02,-3.0303,-3.030303030303033,MISS,False,,,,,UNKNOWN,True,True,True,Alpha Vantage EARNINGS,primary_event_data,PRIMARY_EVENT_DATA,False,False,False,True
XOM,Energy,2001-03-31,2001-04-23,0.72,0.66,0.06,9.0909,9.090909090909081,BEAT,True,,,,,UNKNOWN,True,True,True,Alpha Vantage EARNINGS,primary_event_data,PRIMARY_EVENT_DATA,False,False,False,True
XOM,Energy,2000-12-31,2001-01-23,0.73,0.65,0.08,12.3077,12.307692307692301,LARGE_BEAT,True,,,,,UNKNOWN,True,True,True,Alpha Vantage EARNINGS,primary_event_data,PRIMARY_EVENT_DATA,False,False,False,True
XOM,Energy,2000-09-30,2000-10-24,0.61,0.57,0.04,7.0175,7.0175438596491295,BEAT,True,,,,,UNKNOWN,True,True,True,Alpha Vantage EARNINGS,primary_event_data,PRIMARY_EVENT_DATA,False,False,False,True
XOM,Energy,2000-06-30,2000-07-25,0.59,0.53,0.06,11.3208,11.32075471698112,LARGE_BEAT,True,,,,,UNKNOWN,True,True,True,Alpha Vantage EARNINGS,primary_event_data,PRIMARY_EVENT_DATA,False,False,False,True
XOM,Energy,2000-03-31,2000-04-25,0.48,0.44,0.04,9.0909,9.090909090909086,BEAT,True,,,,,UNKNOWN,True,True,True,Alpha Vantage EARNINGS,primary_event_data,PRIMARY_EVENT_DATA,False,False,False,True
XOM,Energy,1999-12-31,2000-01-25,0.39,0.38,0.01,2.6316,2.6315789473684235,IN_LINE,True,,,,,UNKNOWN,True,True,True,Alpha Vantage EARNINGS,primary_event_data,PRIMARY_EVENT_DATA,False,False,False,True
XOM,Energy,1999-09-30,1999-10-25,0.31,0.3,0.01,3.3333,3.3333333333333366,BEAT,True,,,,,UNKNOWN,True,True,True,Alpha Vantage EARNINGS,primary_event_data,PRIMARY_EVENT_DATA,False,False,False,True
XOM,Energy,1999-06-30,1999-07-21,0.25,0.27,-0.02,-7.4074,-7.407407407407414,MISS,False,,,,,UNKNOWN,True,True,True,Alpha Vantage EARNINGS,primary_event_data,PRIMARY_EVENT_DATA,False,False,False,True
XOM,Energy,1999-03-31,1999-04-21,0.24,0.23,0.01,4.3478,4.3478260869565135,BEAT,True,,,,,UNKNOWN,True,True,True,Alpha Vantage EARNINGS,primary_event_data,PRIMARY_EVENT_DATA,False,False,False,True
XOM,Energy,1998-12-31,1999-01-21,0.31,0.3,0.01,3.3333,3.3333333333333366,BEAT,True,,,,,UNKNOWN,True,True,True,Alpha Vantage EARNINGS,primary_event_data,PRIMARY_EVENT_DATA,False,False,False,True
XOM,Energy,1998-09-30,1998-10-21,0.29,0.29,0.0,0.0,0.0,IN_LINE,False,,,,,UNKNOWN,True,True,True,Alpha Vantage EARNINGS,primary_event_data,PRIMARY_EVENT_DATA,False,False,False,True
XOM,Energy,1998-06-30,1998-07-21,0.33,0.32,0.01,3.125,3.1250000000000027,BEAT,True,,,,,UNKNOWN,True,True,True,Alpha Vantage EARNINGS,primary_event_data,PRIMARY_EVENT_DATA,False,False,False,True
XOM,Energy,1998-03-31,1998-04-21,0.38,0.34,0.04,11.7647,11.764705882352935,LARGE_BEAT,True,,,,,UNKNOWN,True,True,True,Alpha Vantage EARNINGS,primary_event_data,PRIMARY_EVENT_DATA,False,False,False,True
XOM,Energy,1997-12-31,1998-01-21,0.5,0.37,0.13,35.1351,35.13513513513514,LARGE_BEAT,True,,,,,UNKNOWN,True,True,True,Alpha Vantage EARNINGS,primary_event_data,PRIMARY_EVENT_DATA,False,False,False,True
XOM,Energy,1997-09-30,1997-10-21,0.37,0.35,0.02,5.7143,5.71428571428572,BEAT,True,,,,,UNKNOWN,True,True,True,Alpha Vantage EARNINGS,primary_event_data,PRIMARY_EVENT_DATA,False,False,False,True
XOM,Energy,1997-06-30,1997-07-21,0.4,0.35,0.05,14.2857,14.285714285714299,LARGE_BEAT,True,,,,,UNKNOWN,True,True,True,Alpha Vantage EARNINGS,primary_event_data,PRIMARY_EVENT_DATA,False,False,False,True
XOM,Energy,1997-03-31,1997-04-21,0.44,0.41,0.03,7.3171,7.317073170731714,BEAT,True,,,,,UNKNOWN,True,True,True,Alpha Vantage EARNINGS,primary_event_data,PRIMARY_EVENT_DATA,False,False,False,True
XOM,Energy,1996-12-31,1997-01-21,0.42,0.38,0.04,10.5263,10.52631578947368,LARGE_BEAT,True,,,,,UNKNOWN,True,True,True,Alpha Vantage EARNINGS,primary_event_data,PRIMARY_EVENT_DATA,False,False,False,True
XOM,Energy,1996-09-30,1996-10-21,0.31,0.3,0.01,3.3333,3.3333333333333366,BEAT,True,,,,,UNKNOWN,True,True,True,Alpha Vantage EARNINGS,primary_event_data,PRIMARY_EVENT_DATA,False,False,False,True
XOM,Energy,1996-06-30,1996-07-22,0.32,0.33,-0.01,-3.0303,-3.030303030303033,MISS,False,,,,,UNKNOWN,True,True,True,Alpha Vantage EARNINGS,primary_event_data,PRIMARY_EVENT_DATA,False,False,False,True
XOM,Energy,1996-03-31,1996-04-22,0.35,0.33,0.02,6.0606,6.060606060606049,BEAT,True,,,,,UNKNOWN,True,True,True,Alpha Vantage EARNINGS,primary_event_data,PRIMARY_EVENT_DATA,False,False,False,True
CAT,Industrials,2026-06-30,2026-08-04,8.17,6.25,1.92,30.72,30.72,LARGE_BEAT,True,,,,,UNKNOWN,True,True,True,Alpha Vantage EARNINGS,primary_event_data,PRIMARY_EVENT_DATA,False,False,False,True
CAT,Industrials,2026-03-31,2026-04-30,5.54,4.64,0.9,19.3966,19.39655172413794,LARGE_BEAT,True,,,,,UNKNOWN,True,True,True,Alpha Vantage EARNINGS,primary_event_data,PRIMARY_EVENT_DATA,False,False,False,True
CAT,Industrials,2025-12-31,2026-01-29,5.16,4.71,0.45,9.5541,9.55414012738854,BEAT,True,,,,,UNKNOWN,True,True,True,Alpha Vantage EARNINGS,primary_event_data,PRIMARY_EVENT_DATA,False,False,False,True
CAT,Industrials,2025-09-30,2025-10-29,4.95,4.52,0.43,9.5133,9.513274336283201,BEAT,True,,,,,UNKNOWN,True,True,True,Alpha Vantage EARNINGS,primary_event_data,PRIMARY_EVENT_DATA,False,False,False,True
CAT,Industrials,2025-06-30,2025-08-05,4.72,4.9,-0.18,-3.6735,-3.673469387755114,MISS,False,,,,,UNKNOWN,True,True,True,Alpha Vantage EARNINGS,primary_event_data,PRIMARY_EVENT_DATA,False,False,False,True
CAT,Industrials,2025-03-31,2025-04-30,4.25,4.34,-0.09,-2.0737,-2.0737327188940062,IN_LINE,False,,,,,UNKNOWN,True,True,True,Alpha Vantage EARNINGS,primary_event_data,PRIMARY_EVENT_DATA,False,False,False,True
CAT,Industrials,2024-12-31,2025-01-30,5.14,5.03,0.11,2.1869,2.1868787276341837,IN_LINE,True,,,,,UNKNOWN,True,True,True,Alpha Vantage EARNINGS,primary_event_data,PRIMARY_EVENT_DATA,False,False,False,True
CAT,Industrials,2024-09-30,2024-10-30,5.17,5.35,-0.18,-3.3645,-3.3644859813084063,MISS,False,,,,,UNKNOWN,True,True,True,Alpha Vantage EARNINGS,primary_event_data,PRIMARY_EVENT_DATA,False,False,False,True
CAT,Industrials,2024-06-30,2024-08-06,5.99,5.54,0.45,8.1227,8.122743682310473,BEAT,True,,,,,UNKNOWN,True,True,True,Alpha Vantage EARNINGS,primary_event_data,PRIMARY_EVENT_DATA,False,False,False,True
CAT,Industrials,2024-03-31,2024-04-25,5.6,5.14,0.46,8.9494,8.949416342412452,BEAT,True,,,,,UNKNOWN,True,True,True,Alpha Vantage EARNINGS,primary_event_data,PRIMARY_EVENT_DATA,False,False,False,True
CAT,Industrials,2023-12-31,2024-02-05,5.23,4.75,0.48,10.1053,10.105263157894747,LARGE_BEAT,True,,,,,UNKNOWN,True,True,True,Alpha Vantage EARNINGS,primary_event_data,PRIMARY_EVENT_DATA,False,False,False,True
CAT,Industrials,2023-09-30,2023-10-31,5.52,4.79,0.73,15.2401,15.240083507306878,LARGE_BEAT,True,,,,,UNKNOWN,True,True,True,Alpha Vantage EARNINGS,primary_event_data,PRIMARY_EVENT_DATA,False,False,False,True
CAT,Industrials,2023-06-30,2023-08-01,5.55,4.58,0.97,21.179,21.179039301310038,LARGE_BEAT,True,,,,,UNKNOWN,True,True,True,Alpha Vantage EARNINGS,primary_event_data,PRIMARY_EVENT_DATA,False,False,False,True
CAT,Industrials,2023-03-31,2023-04-27,4.91,3.79,1.12,29.5515,29.551451187335093,LARGE_BEAT,True,,,,,UNKNOWN,True,True,True,Alpha Vantage EARNINGS,primary_event_data,PRIMARY_EVENT_DATA,False,False,False,True
CAT,Industrials,2022-12-31,2023-01-31,3.86,4.03,-0.17,-4.2184,-4.218362282878421,MISS,False,,,,,UNKNOWN,True,True,True,Alpha Vantage EARNINGS,primary_event_data,PRIMARY_EVENT_DATA,False,False,False,True
CAT,Industrials,2022-09-30,2022-10-27,3.95,3.17,0.78,24.6057,24.605678233438493,LARGE_BEAT,True,,,,,UNKNOWN,True,True,True,Alpha Vantage EARNINGS,primary_event_data,PRIMARY_EVENT_DATA,False,False,False,True
CAT,Industrials,2022-06-30,2022-08-02,3.18,3.02,0.16,5.298,5.298013245033117,BEAT,True,,,,,UNKNOWN,True,True,True,Alpha Vantage EARNINGS,primary_event_data,PRIMARY_EVENT_DATA,False,False,False,True
CAT,Industrials,2022-03-31,2022-04-28,2.88,2.6,0.28,10.7692,10.769230769230761,LARGE_BEAT,True,,,,,UNKNOWN,True,True,True,Alpha Vantage EARNINGS,primary_event_data,PRIMARY_EVENT_DATA,False,False,False,True
CAT,Industrials,2021-12-31,2022-01-28,2.69,2.26,0.43,19.0265,19.02654867256638,LARGE_BEAT,True,,,,,UNKNOWN,True,True,True,Alpha Vantage EARNINGS,primary_event_data,PRIMARY_EVENT_DATA,False,False,False,True
CAT,Industrials,2021-09-30,2021-10-28,2.66,2.2,0.46,20.9091,20.909090909090907,LARGE_BEAT,True,,,,,UNKNOWN,True,True,True,Alpha Vantage EARNINGS,primary_event_data,PRIMARY_EVENT_DATA,False,False,False,True
CAT,Industrials,2021-06-30,2021-07-30,2.6,2.41,0.19,7.8838,7.883817427385889,BEAT,True,,,,,UNKNOWN,True,True,True,Alpha Vantage EARNINGS,primary_event_data,PRIMARY_EVENT_DATA,False,False,False,True
CAT,Industrials,2021-03-31,2021-04-29,2.87,1.94,0.93,47.9381,47.938144329896915,LARGE_BEAT,True,,,,,UNKNOWN,True,True,True,Alpha Vantage EARNINGS,primary_event_data,PRIMARY_EVENT_DATA,False,False,False,True
CAT,Industrials,2020-12-31,2021-01-29,2.12,1.49,0.63,42.2819,42.281879194630875,LARGE_BEAT,True,,,,,UNKNOWN,True,True,True,Alpha Vantage EARNINGS,primary_event_data,PRIMARY_EVENT_DATA,False,False,False,True
CAT,Industrials,2020-09-30,2020-10-27,1.34,1.18,0.16,13.5593,13.559322033898319,LARGE_BEAT,True,,,,,UNKNOWN,True,True,True,Alpha Vantage EARNINGS,primary_event_data,PRIMARY_EVENT_DATA,False,False,False,True
CAT,Industrials,2020-06-30,2020-07-31,1.03,0.72,0.31,43.0556,43.055555555555564,LARGE_BEAT,True,,,,,UNKNOWN,True,True,True,Alpha Vantage EARNINGS,primary_event_data,PRIMARY_EVENT_DATA,False,False,False,True
CAT,Industrials,2020-03-31,2020-04-28,1.6,1.67,-0.07,-4.1916,-4.191616766467057,MISS,False,,,,,UNKNOWN,True,True,True,Alpha Vantage EARNINGS,primary_event_data,PRIMARY_EVENT_DATA,False,False,False,True
CAT,Industrials,2019-12-31,2020-01-31,2.63,2.38,0.25,10.5042,10.504201680672269,LARGE_BEAT,True,,,,,UNKNOWN,True,True,True,Alpha Vantage EARNINGS,primary_event_data,PRIMARY_EVENT_DATA,False,False,False,True
CAT,Industrials,2019-09-30,2019-10-23,2.66,2.89,-0.23,-7.9585,-7.9584775086505175,MISS,False,,,,,UNKNOWN,True,True,True,Alpha Vantage EARNINGS,primary_event_data,PRIMARY_EVENT_DATA,False,False,False,True
CAT,Industrials,2019-06-30,2019-07-24,2.83,3.12,-0.29,-9.2949,-9.294871794871796,MISS,False,,,,,UNKNOWN,True,True,True,Alpha Vantage EARNINGS,primary_event_data,PRIMARY_EVENT_DATA,False,False,False,True
CAT,Industrials,2019-03-31,2019-04-24,2.94,2.86,0.08,2.7972,2.7972027972028,IN_LINE,True,,,,,UNKNOWN,True,True,True,Alpha Vantage EARNINGS,primary_event_data,PRIMARY_EVENT_DATA,False,False,False,True
CAT,Industrials,2018-12-31,2019-01-28,2.55,2.99,-0.44,-14.7157,-14.715719063545162,LARGE_MISS,False,,,,,UNKNOWN,True,True,True,Alpha Vantage EARNINGS,primary_event_data,PRIMARY_EVENT_DATA,False,False,False,True
CAT,Industrials,2018-09-30,2018-10-23,2.86,2.85,0.01,0.3509,0.3508771929824486,IN_LINE,True,,,,,UNKNOWN,True,True,True,Alpha Vantage EARNINGS,primary_event_data,PRIMARY_EVENT_DATA,False,False,False,True
CAT,Industrials,2018-06-30,2018-07-30,2.97,2.74,0.23,8.3942,8.394160583941604,BEAT,True,,,,,UNKNOWN,True,True,True,Alpha Vantage EARNINGS,primary_event_data,PRIMARY_EVENT_DATA,False,False,False,True
CAT,Industrials,2018-03-31,2018-04-24,2.82,2.12,0.7,33.0189,33.01886792452829,LARGE_BEAT,True,,,,,UNKNOWN,True,True,True,Alpha Vantage EARNINGS,primary_event_data,PRIMARY_EVENT_DATA,False,False,False,True
CAT,Industrials,2017-12-31,2018-01-25,2.16,1.78,0.38,21.3483,21.348314606741578,LARGE_BEAT,True,,,,,UNKNOWN,True,True,True,Alpha Vantage EARNINGS,primary_event_data,PRIMARY_EVENT_DATA,False,False,False,True
CAT,Industrials,2017-09-30,2017-10-24,1.95,1.28,0.67,52.3438,52.343749999999986,LARGE_BEAT,True,,,,,UNKNOWN,True,True,True,Alpha Vantage EARNINGS,primary_event_data,PRIMARY_EVENT_DATA,False,False,False,True
CAT,Industrials,2017-06-30,2017-07-25,1.49,1.26,0.23,18.254,18.253968253968253,LARGE_BEAT,True,,,,,UNKNOWN,True,True,True,Alpha Vantage EARNINGS,primary_event_data,PRIMARY_EVENT_DATA,False,False,False,True
CAT,Industrials,2017-03-31,2017-04-25,1.28,0.63,0.65,103.1746,103.17460317460319,LARGE_BEAT,True,,,,,UNKNOWN,True,True,True,Alpha Vantage EARNINGS,primary_event_data,PRIMARY_EVENT_DATA,False,False,False,True
CAT,Industrials,2016-12-31,2017-01-26,0.83,0.67,0.16,23.8806,23.88059701492536,LARGE_BEAT,True,,,,,UNKNOWN,True,True,True,Alpha Vantage EARNINGS,primary_event_data,PRIMARY_EVENT_DATA,False,False,False,True
CAT,Industrials,2016-09-30,2016-10-25,0.85,0.76,0.09,11.8421,11.84210526315789,LARGE_BEAT,True,,,,,UNKNOWN,True,True,True,Alpha Vantage EARNINGS,primary_event_data,PRIMARY_EVENT_DATA,False,False,False,True
CAT,Industrials,2016-06-30,2016-07-26,1.09,0.96,0.13,13.5417,13.54166666666668,LARGE_BEAT,True,,,,,UNKNOWN,True,True,True,Alpha Vantage EARNINGS,primary_event_data,PRIMARY_EVENT_DATA,False,False,False,True
CAT,Industrials,2016-03-31,2016-04-22,0.67,0.68,-0.01,-1.4706,-1.4705882352941189,IN_LINE,False,,,,,UNKNOWN,True,True,True,Alpha Vantage EARNINGS,primary_event_data,PRIMARY_EVENT_DATA,False,False,False,True
CAT,Industrials,2015-12-31,2016-01-28,0.74,0.69,0.05,7.2464,7.24637681159421,BEAT,True,,,,,UNKNOWN,True,True,True,Alpha Vantage EARNINGS,primary_event_data,PRIMARY_EVENT_DATA,False,False,False,True
CAT,Industrials,2015-09-30,2015-10-22,0.75,0.79,-0.04,-5.0633,-5.06329113924051,MISS,False,,,,,UNKNOWN,True,True,True,Alpha Vantage EARNINGS,primary_event_data,PRIMARY_EVENT_DATA,False,False,False,True
CAT,Industrials,2015-06-30,2015-07-23,1.27,1.28,-0.01,-0.7813,-0.7812500000000007,IN_LINE,False,,,,,UNKNOWN,True,True,True,Alpha Vantage EARNINGS,primary_event_data,PRIMARY_EVENT_DATA,False,False,False,True
CAT,Industrials,2015-03-31,2015-04-23,1.86,1.36,0.5,36.7647,36.764705882352935,LARGE_BEAT,True,,,,,UNKNOWN,True,True,True,Alpha Vantage EARNINGS,primary_event_data,PRIMARY_EVENT_DATA,False,False,False,True
CAT,Industrials,2014-12-31,2015-01-27,1.35,1.57,-0.22,-14.0127,-14.012738853503182,LARGE_MISS,False,,,,,UNKNOWN,True,True,True,Alpha Vantage EARNINGS,primary_event_data,PRIMARY_EVENT_DATA,False,False,False,True
CAT,Industrials,2014-09-30,2014-10-23,1.72,1.35,0.37,27.4074,27.407407407407398,LARGE_BEAT,True,,,,,UNKNOWN,True,True,True,Alpha Vantage EARNINGS,primary_event_data,PRIMARY_EVENT_DATA,False,False,False,True
CAT,Industrials,2014-06-30,2014-07-24,1.69,1.53,0.16,10.4575,10.457516339869276,LARGE_BEAT,True,,,,,UNKNOWN,True,True,True,Alpha Vantage EARNINGS,primary_event_data,PRIMARY_EVENT_DATA,False,False,False,True
CAT,Industrials,2014-03-31,2014-04-24,1.61,1.22,0.39,31.9672,31.967213114754113,LARGE_BEAT,True,,,,,UNKNOWN,True,True,True,Alpha Vantage EARNINGS,primary_event_data,PRIMARY_EVENT_DATA,False,False,False,True
CAT,Industrials,2013-12-31,2014-01-27,1.58,1.28,0.3,23.4375,23.437500000000004,LARGE_BEAT,True,,,,,UNKNOWN,True,True,True,Alpha Vantage EARNINGS,primary_event_data,PRIMARY_EVENT_DATA,False,False,False,True
CAT,Industrials,2013-09-30,2013-10-23,1.45,1.68,-0.23,-13.6905,-13.69047619047619,LARGE_MISS,False,,,,,UNKNOWN,True,True,True,Alpha Vantage EARNINGS,primary_event_data,PRIMARY_EVENT_DATA,False,False,False,True
CAT,Industrials,2013-06-30,2013-07-24,1.45,1.7,-0.25,-14.7059,-14.705882352941178,LARGE_MISS,False,,,,,UNKNOWN,True,True,True,Alpha Vantage EARNINGS,primary_event_data,PRIMARY_EVENT_DATA,False,False,False,True
CAT,Industrials,2013-03-31,2013-04-22,1.31,1.39,-0.08,-5.7554,-5.7553956834532265,MISS,False,,,,,UNKNOWN,True,True,True,Alpha Vantage EARNINGS,primary_event_data,PRIMARY_EVENT_DATA,False,False,False,True
CAT,Industrials,2012-12-31,2013-01-28,1.46,1.71,-0.25,-14.6199,-14.619883040935672,LARGE_MISS,False,,,,,UNKNOWN,True,True,True,Alpha Vantage EARNINGS,primary_event_data,PRIMARY_EVENT_DATA,False,False,False,True
CAT,Industrials,2012-09-30,2012-10-22,2.26,2.24,0.02,0.8929,0.8928571428571237,IN_LINE,True,,,,,UNKNOWN,True,True,True,Alpha Vantage EARNINGS,primary_event_data,PRIMARY_EVENT_DATA,False,False,False,True
CAT,Industrials,2012-06-30,2012-07-25,2.54,2.3,0.24,10.4348,10.434782608695663,LARGE_BEAT,True,,,,,UNKNOWN,True,True,True,Alpha Vantage EARNINGS,primary_event_data,PRIMARY_EVENT_DATA,False,False,False,True
CAT,Industrials,2012-03-31,2012-04-25,2.37,2.15,0.22,10.2326,10.232558139534893,LARGE_BEAT,True,,,,,UNKNOWN,True,True,True,Alpha Vantage EARNINGS,primary_event_data,PRIMARY_EVENT_DATA,False,False,False,True
CAT,Industrials,2011-12-31,2012-01-26,2.25,1.77,0.48,27.1186,27.11864406779661,LARGE_BEAT,True,,,,,UNKNOWN,True,True,True,Alpha Vantage EARNINGS,primary_event_data,PRIMARY_EVENT_DATA,False,False,False,True
CAT,Industrials,2011-09-30,2011-10-24,1.71,1.68,0.03,1.7857,1.7857142857142874,IN_LINE,True,,,,,UNKNOWN,True,True,True,Alpha Vantage EARNINGS,primary_event_data,PRIMARY_EVENT_DATA,False,False,False,True
CAT,Industrials,2011-06-30,2011-07-22,1.72,1.74,-0.02,-1.1494,-1.1494252873563229,IN_LINE,False,,,,,UNKNOWN,True,True,True,Alpha Vantage EARNINGS,primary_event_data,PRIMARY_EVENT_DATA,False,False,False,True
CAT,Industrials,2011-03-31,2011-04-29,1.84,1.28,0.56,43.75,43.75000000000001,LARGE_BEAT,True,,,,,UNKNOWN,True,True,True,Alpha Vantage EARNINGS,primary_event_data,PRIMARY_EVENT_DATA,False,False,False,True
CAT,Industrials,2010-12-31,2011-01-27,1.47,1.27,0.2,15.748,15.748031496062989,LARGE_BEAT,True,,,,,UNKNOWN,True,True,True,Alpha Vantage EARNINGS,primary_event_data,PRIMARY_EVENT_DATA,False,False,False,True
CAT,Industrials,2010-09-30,2010-10-21,1.22,1.09,0.13,11.9266,11.926605504587146,LARGE_BEAT,True,,,,,UNKNOWN,True,True,True,Alpha Vantage EARNINGS,primary_event_data,PRIMARY_EVENT_DATA,False,False,False,True
CAT,Industrials,2010-06-30,2010-07-22,1.09,0.84,0.25,29.7619,29.761904761904777,LARGE_BEAT,True,,,,,UNKNOWN,True,True,True,Alpha Vantage EARNINGS,primary_event_data,PRIMARY_EVENT_DATA,False,False,False,True
CAT,Industrials,2010-03-31,2010-04-26,0.5,0.39,0.11,28.2051,28.2051282051282,LARGE_BEAT,True,,,,,UNKNOWN,True,True,True,Alpha Vantage EARNINGS,primary_event_data,PRIMARY_EVENT_DATA,False,False,False,True
CAT,Industrials,2009-12-31,2010-01-27,0.41,0.29,0.12,41.3793,41.37931034482759,LARGE_BEAT,True,,,,,UNKNOWN,True,True,True,Alpha Vantage EARNINGS,primary_event_data,PRIMARY_EVENT_DATA,False,False,False,True
CAT,Industrials,2009-09-30,2009-10-20,0.64,0.04,0.6,1500.0,1500.0,LARGE_BEAT,True,,,,,UNKNOWN,True,True,True,Alpha Vantage EARNINGS,primary_event_data,PRIMARY_EVENT_DATA,False,False,False,True
CAT,Industrials,2009-06-30,2009-07-21,0.72,0.22,0.5,227.2727,227.27272727272728,LARGE_BEAT,True,,,,,UNKNOWN,True,True,True,Alpha Vantage EARNINGS,primary_event_data,PRIMARY_EVENT_DATA,False,False,False,True
CAT,Industrials,2009-03-31,2009-04-21,0.39,0.02,0.37,1850.0,1850.0,LARGE_BEAT,True,,,,,UNKNOWN,True,True,True,Alpha Vantage EARNINGS,primary_event_data,PRIMARY_EVENT_DATA,False,False,False,True
CAT,Industrials,2008-12-31,2009-01-26,1.08,1.28,-0.2,-15.625,-15.624999999999996,LARGE_MISS,False,,,,,UNKNOWN,True,True,True,Alpha Vantage EARNINGS,primary_event_data,PRIMARY_EVENT_DATA,False,False,False,True
CAT,Industrials,2008-09-30,2008-10-21,1.39,1.41,-0.02,-1.4184,-1.4184397163120581,IN_LINE,False,,,,,UNKNOWN,True,True,True,Alpha Vantage EARNINGS,primary_event_data,PRIMARY_EVENT_DATA,False,False,False,True
CAT,Industrials,2008-06-30,2008-07-22,1.74,1.54,0.2,12.987,12.987012987012983,LARGE_BEAT,True,,,,,UNKNOWN,True,True,True,Alpha Vantage EARNINGS,primary_event_data,PRIMARY_EVENT_DATA,False,False,False,True
CAT,Industrials,2008-03-31,2008-04-18,1.45,1.33,0.12,9.0226,9.022556390977435,BEAT,True,,,,,UNKNOWN,True,True,True,Alpha Vantage EARNINGS,primary_event_data,PRIMARY_EVENT_DATA,False,False,False,True
CAT,Industrials,2007-12-31,2008-01-25,1.5,1.5,0.0,0.0,0.0,IN_LINE,False,,,,,UNKNOWN,True,True,True,Alpha Vantage EARNINGS,primary_event_data,PRIMARY_EVENT_DATA,False,False,False,True
CAT,Industrials,2007-09-30,2007-10-19,1.4,1.42,-0.02,-1.4085,-1.4084507042253533,IN_LINE,False,,,,,UNKNOWN,True,True,True,Alpha Vantage EARNINGS,primary_event_data,PRIMARY_EVENT_DATA,False,False,False,True
CAT,Industrials,2007-06-30,2007-07-20,1.24,1.49,-0.25,-16.7785,-16.778523489932887,LARGE_MISS,False,,,,,UNKNOWN,True,True,True,Alpha Vantage EARNINGS,primary_event_data,PRIMARY_EVENT_DATA,False,False,False,True
CAT,Industrials,2007-03-31,2007-04-20,1.23,1.08,0.15,13.8889,13.888888888888879,LARGE_BEAT,True,,,,,UNKNOWN,True,True,True,Alpha Vantage EARNINGS,primary_event_data,PRIMARY_EVENT_DATA,False,False,False,True
CAT,Industrials,2006-12-31,2007-01-26,1.32,1.34,-0.02,-1.4925,-1.492537313432837,IN_LINE,False,,,,,UNKNOWN,True,True,True,Alpha Vantage EARNINGS,primary_event_data,PRIMARY_EVENT_DATA,False,False,False,True
CAT,Industrials,2006-09-30,2006-10-20,1.14,1.35,-0.21,-15.5556,-15.55555555555557,LARGE_MISS,False,,,,,UNKNOWN,True,True,True,Alpha Vantage EARNINGS,primary_event_data,PRIMARY_EVENT_DATA,False,False,False,True
CAT,Industrials,2006-06-30,2006-07-21,1.52,1.42,0.1,7.0423,7.042253521126768,BEAT,True,,,,,UNKNOWN,True,True,True,Alpha Vantage EARNINGS,primary_event_data,PRIMARY_EVENT_DATA,False,False,False,True
CAT,Industrials,2006-03-31,2006-04-24,1.2,1.06,0.14,13.2075,13.20754716981131,LARGE_BEAT,True,,,,,UNKNOWN,True,True,True,Alpha Vantage EARNINGS,primary_event_data,PRIMARY_EVENT_DATA,False,False,False,True
CAT,Industrials,2005-12-31,2006-01-26,1.2,1.1,0.1,9.0909,9.09090909090908,BEAT,True,,,,,UNKNOWN,True,True,True,Alpha Vantage EARNINGS,primary_event_data,PRIMARY_EVENT_DATA,False,False,False,True
CAT,Industrials,2005-09-30,2005-10-21,0.94,1.06,-0.12,-11.3208,-11.320754716981142,LARGE_MISS,False,,,,,UNKNOWN,True,True,True,Alpha Vantage EARNINGS,primary_event_data,PRIMARY_EVENT_DATA,False,False,False,True
CAT,Industrials,2005-06-30,2005-07-21,1.08,1.33,-0.25,-18.797,-18.796992481203006,LARGE_MISS,False,,,,,UNKNOWN,True,True,True,Alpha Vantage EARNINGS,primary_event_data,PRIMARY_EVENT_DATA,False,False,False,True
CAT,Industrials,2005-03-31,2005-04-20,0.82,0.68,0.14,20.5882,20.58823529411763,LARGE_BEAT,True,,,,,UNKNOWN,True,True,True,Alpha Vantage EARNINGS,primary_event_data,PRIMARY_EVENT_DATA,False,False,False,True
CAT,Industrials,2004-12-31,2005-01-27,0.78,0.81,-0.03,-3.7037,-3.703703703703707,MISS,False,,,,,UNKNOWN,True,True,True,Alpha Vantage EARNINGS,primary_event_data,PRIMARY_EVENT_DATA,False,False,False,True
CAT,Industrials,2004-09-30,2004-10-21,0.71,0.68,0.03,4.4118,4.41176470588234,BEAT,True,,,,,UNKNOWN,True,True,True,Alpha Vantage EARNINGS,primary_event_data,PRIMARY_EVENT_DATA,False,False,False,True
CAT,Industrials,2004-06-30,2004-07-22,0.78,0.86,-0.08,-9.3023,-9.302325581395344,MISS,False,,,,,UNKNOWN,True,True,True,Alpha Vantage EARNINGS,primary_event_data,PRIMARY_EVENT_DATA,False,False,False,True
CAT,Industrials,2004-03-31,2004-04-22,0.58,0.35,0.23,65.7143,65.71428571428571,LARGE_BEAT,True,,,,,UNKNOWN,True,True,True,Alpha Vantage EARNINGS,primary_event_data,PRIMARY_EVENT_DATA,False,False,False,True
CAT,Industrials,2003-12-31,2004-01-27,0.49,0.47,0.02,4.2553,4.255319148936175,BEAT,True,,,,,UNKNOWN,True,True,True,Alpha Vantage EARNINGS,primary_event_data,PRIMARY_EVENT_DATA,False,False,False,True
CAT,Industrials,2003-09-30,2003-10-16,0.37,0.37,0.0,0.0,0.0,IN_LINE,False,,,,,UNKNOWN,True,True,True,Alpha Vantage EARNINGS,primary_event_data,PRIMARY_EVENT_DATA,False,False,False,True
CAT,Industrials,2003-06-30,2003-07-17,0.57,0.33,0.24,72.7273,72.7272727272727,LARGE_BEAT,True,,,,,UNKNOWN,True,True,True,Alpha Vantage EARNINGS,primary_event_data,PRIMARY_EVENT_DATA,False,False,False,True
CAT,Industrials,2003-03-31,2003-04-16,0.19,0.13,0.06,46.1538,46.15384615384615,LARGE_BEAT,True,,,,,UNKNOWN,True,True,True,Alpha Vantage EARNINGS,primary_event_data,PRIMARY_EVENT_DATA,False,False,False,True
CAT,Industrials,2002-12-31,2003-01-23,0.44,0.34,0.1,29.4118,29.411764705882344,LARGE_BEAT,True,,,,,UNKNOWN,True,True,True,Alpha Vantage EARNINGS,primary_event_data,PRIMARY_EVENT_DATA,False,False,False,True
CAT,Industrials,2002-09-30,2002-10-16,0.31,0.28,0.03,10.7143,10.714285714285703,LARGE_BEAT,True,,,,,UNKNOWN,True,True,True,Alpha Vantage EARNINGS,primary_event_data,PRIMARY_EVENT_DATA,False,False,False,True
CAT,Industrials,2002-06-30,2002-07-16,0.29,0.36,-0.07,-19.4444,-19.444444444444446,LARGE_MISS,False,,,,,UNKNOWN,True,True,True,Alpha Vantage EARNINGS,primary_event_data,PRIMARY_EVENT_DATA,False,False,False,True
CAT,Industrials,2002-03-31,2002-04-16,0.12,0.12,0.0,0.0,0.0,IN_LINE,False,,,,,UNKNOWN,True,True,True,Alpha Vantage EARNINGS,primary_event_data,PRIMARY_EVENT_DATA,False,False,False,True
CAT,Industrials,2001-12-31,2002-01-23,0.38,0.38,0.0,0.0,0.0,IN_LINE,False,,,,,UNKNOWN,True,True,True,Alpha Vantage EARNINGS,primary_event_data,PRIMARY_EVENT_DATA,False,False,False,True
CAT,Industrials,2001-09-30,2001-10-16,0.3,0.31,-0.01,-3.2258,-3.2258064516129057,MISS,False,,,,,UNKNOWN,True,True,True,Alpha Vantage EARNINGS,primary_event_data,PRIMARY_EVENT_DATA,False,False,False,True
CAT,Industrials,2001-06-30,2001-07-17,0.39,0.35,0.04,11.4286,11.42857142857144,LARGE_BEAT,True,,,,,UNKNOWN,True,True,True,Alpha Vantage EARNINGS,primary_event_data,PRIMARY_EVENT_DATA,False,False,False,True
CAT,Industrials,2001-03-31,2001-04-17,0.24,0.25,-0.01,-4.0,-4.0000000000000036,MISS,False,,,,,UNKNOWN,True,True,True,Alpha Vantage EARNINGS,primary_event_data,PRIMARY_EVENT_DATA,False,False,False,True
CAT,Industrials,2000-12-31,2001-01-18,0.38,0.32,0.06,18.75,18.75,LARGE_BEAT,True,,,,,UNKNOWN,True,True,True,Alpha Vantage EARNINGS,primary_event_data,PRIMARY_EVENT_DATA,False,False,False,True
CAT,Industrials,2000-09-30,2000-10-17,0.31,0.29,0.02,6.8966,6.896551724137938,BEAT,True,,,,,UNKNOWN,True,True,True,Alpha Vantage EARNINGS,primary_event_data,PRIMARY_EVENT_DATA,False,False,False,True
CAT,Industrials,2000-06-30,2000-07-20,0.45,0.43,0.02,4.6512,4.651162790697678,BEAT,True,,,,,UNKNOWN,True,True,True,Alpha Vantage EARNINGS,primary_event_data,PRIMARY_EVENT_DATA,False,False,False,True
CAT,Industrials,2000-03-31,2000-04-18,0.37,0.29,0.08,27.5862,27.58620689655173,LARGE_BEAT,True,,,,,UNKNOWN,True,True,True,Alpha Vantage EARNINGS,primary_event_data,PRIMARY_EVENT_DATA,False,False,False,True
CAT,Industrials,1999-12-31,2000-01-21,0.34,0.32,0.02,6.25,6.250000000000005,BEAT,True,,,,,UNKNOWN,True,True,True,Alpha Vantage EARNINGS,primary_event_data,PRIMARY_EVENT_DATA,False,False,False,True
CAT,Industrials,1999-09-30,1999-10-15,0.31,0.3,0.01,3.3333,3.3333333333333366,BEAT,True,,,,,UNKNOWN,True,True,True,Alpha Vantage EARNINGS,primary_event_data,PRIMARY_EVENT_DATA,False,False,False,True
CAT,Industrials,1999-06-30,1999-07-16,0.39,0.4,-0.01,-2.5,-2.500000000000002,IN_LINE,False,,,,,UNKNOWN,True,True,True,Alpha Vantage EARNINGS,primary_event_data,PRIMARY_EVENT_DATA,False,False,False,True
CAT,Industrials,1999-03-31,1999-04-16,0.29,0.21,0.08,38.0952,38.095238095238095,LARGE_BEAT,True,,,,,UNKNOWN,True,True,True,Alpha Vantage EARNINGS,primary_event_data,PRIMARY_EVENT_DATA,False,False,False,True
CAT,Industrials,1998-12-31,1999-01-20,0.42,0.42,0.0,0.0,0.0,IN_LINE,False,,,,,UNKNOWN,True,True,True,Alpha Vantage EARNINGS,primary_event_data,PRIMARY_EVENT_DATA,False,False,False,True
CAT,Industrials,1998-09-30,1998-10-16,0.46,0.5,-0.04,-8.0,-7.9999999999999964,MISS,False,,,,,UNKNOWN,True,True,True,Alpha Vantage EARNINGS,primary_event_data,PRIMARY_EVENT_DATA,False,False,False,True
CAT,Industrials,1998-06-30,1998-07-15,0.61,0.62,-0.01,-1.6129,-1.6129032258064528,IN_LINE,False,,,,,UNKNOWN,True,True,True,Alpha Vantage EARNINGS,primary_event_data,PRIMARY_EVENT_DATA,False,False,False,True
CAT,Industrials,1998-03-31,1998-04-17,0.57,0.55,0.02,3.6364,3.636363636363619,BEAT,True,,,,,UNKNOWN,True,True,True,Alpha Vantage EARNINGS,primary_event_data,PRIMARY_EVENT_DATA,False,False,False,True
CAT,Industrials,1997-12-31,1998-01-21,0.6,0.56,0.04,7.1429,7.142857142857128,BEAT,True,,,,,UNKNOWN,True,True,True,Alpha Vantage EARNINGS,primary_event_data,PRIMARY_EVENT_DATA,False,False,False,True
CAT,Industrials,1997-09-30,1997-10-15,0.52,0.46,0.06,13.0435,13.043478260869565,LARGE_BEAT,True,,,,,UNKNOWN,True,True,True,Alpha Vantage EARNINGS,primary_event_data,PRIMARY_EVENT_DATA,False,False,False,True
CAT,Industrials,1997-06-30,1997-07-22,0.57,0.55,0.02,3.6364,3.636363636363619,BEAT,True,,,,,UNKNOWN,True,True,True,Alpha Vantage EARNINGS,primary_event_data,PRIMARY_EVENT_DATA,False,False,False,True
CAT,Industrials,1997-03-31,1997-04-15,0.52,0.43,0.09,20.9302,20.93023255813954,LARGE_BEAT,True,,,,,UNKNOWN,True,True,True,Alpha Vantage EARNINGS,primary_event_data,PRIMARY_EVENT_DATA,False,False,False,True
CAT,Industrials,1996-12-31,1997-01-21,0.5,0.47,0.03,6.383,6.382978723404261,BEAT,True,,,,,UNKNOWN,True,True,True,Alpha Vantage EARNINGS,primary_event_data,PRIMARY_EVENT_DATA,False,False,False,True
CAT,Industrials,1996-09-30,1996-10-15,0.4,0.35,0.05,14.2857,14.285714285714299,LARGE_BEAT,True,,,,,UNKNOWN,True,True,True,Alpha Vantage EARNINGS,primary_event_data,PRIMARY_EVENT_DATA,False,False,False,True
CAT,Industrials,1996-06-30,1996-07-16,0.49,0.41,0.08,19.5122,19.512195121951226,LARGE_BEAT,True,,,,,UNKNOWN,True,True,True,Alpha Vantage EARNINGS,primary_event_data,PRIMARY_EVENT_DATA,False,False,False,True
CAT,Industrials,1996-03-31,1996-04-16,0.38,0.37,0.01,2.7027,2.7027027027027053,IN_LINE,True,,,,,UNKNOWN,True,True,True,Alpha Vantage EARNINGS,primary_event_data,PRIMARY_EVENT_DATA,False,False,False,True
PG,Consumer Staples,2026-06-30,2026-07-29,1.43,1.41,0.02,1.4184,1.4184397163120581,IN_LINE,True,,,,,UNKNOWN,True,True,True,Alpha Vantage EARNINGS,primary_event_data,PRIMARY_EVENT_DATA,False,False,False,True
PG,Consumer Staples,2026-03-31,2026-04-24,1.59,1.56,0.03,1.9231,1.9230769230769247,IN_LINE,True,,,,,UNKNOWN,True,True,True,Alpha Vantage EARNINGS,primary_event_data,PRIMARY_EVENT_DATA,False,False,False,True
PG,Consumer Staples,2025-12-31,2026-01-22,1.88,1.86,0.02,1.0753,1.0752688172042901,IN_LINE,True,,,,,UNKNOWN,True,True,True,Alpha Vantage EARNINGS,primary_event_data,PRIMARY_EVENT_DATA,False,False,False,True
PG,Consumer Staples,2025-09-30,2025-10-24,1.99,1.9,0.09,4.7368,4.736842105263162,BEAT,True,,,,,UNKNOWN,True,True,True,Alpha Vantage EARNINGS,primary_event_data,PRIMARY_EVENT_DATA,False,False,False,True
PG,Consumer Staples,2025-06-30,2025-07-29,1.48,1.42,0.06,4.2254,4.2253521126760605,BEAT,True,,,,,UNKNOWN,True,True,True,Alpha Vantage EARNINGS,primary_event_data,PRIMARY_EVENT_DATA,False,False,False,True
PG,Consumer Staples,2025-03-31,2025-04-24,1.54,1.53,0.01,0.6536,0.6535947712418306,IN_LINE,True,,,,,UNKNOWN,True,True,True,Alpha Vantage EARNINGS,primary_event_data,PRIMARY_EVENT_DATA,False,False,False,True
PG,Consumer Staples,2024-12-31,2025-01-22,1.88,1.86,0.02,1.0753,1.0752688172042901,IN_LINE,True,,,,,UNKNOWN,True,True,True,Alpha Vantage EARNINGS,primary_event_data,PRIMARY_EVENT_DATA,False,False,False,True
PG,Consumer Staples,2024-09-30,2024-10-18,1.93,1.9,0.03,1.5789,1.578947368421054,IN_LINE,True,,,,,UNKNOWN,True,True,True,Alpha Vantage EARNINGS,primary_event_data,PRIMARY_EVENT_DATA,False,False,False,True
PG,Consumer Staples,2024-06-30,2024-07-30,1.4,1.37,0.03,2.1898,2.1897810218977956,IN_LINE,True,,,,,UNKNOWN,True,True,True,Alpha Vantage EARNINGS,primary_event_data,PRIMARY_EVENT_DATA,False,False,False,True
PG,Consumer Staples,2024-03-31,2024-04-19,1.52,1.41,0.11,7.8014,7.801418439716319,BEAT,True,,,,,UNKNOWN,True,True,True,Alpha Vantage EARNINGS,primary_event_data,PRIMARY_EVENT_DATA,False,False,False,True
PG,Consumer Staples,2023-12-31,2024-01-23,1.84,1.7,0.14,8.2353,8.235294117647067,BEAT,True,,,,,UNKNOWN,True,True,True,Alpha Vantage EARNINGS,primary_event_data,PRIMARY_EVENT_DATA,False,False,False,True
PG,Consumer Staples,2023-09-30,2023-10-18,1.83,1.72,0.11,6.3953,6.395348837209308,BEAT,True,,,,,UNKNOWN,True,True,True,Alpha Vantage EARNINGS,primary_event_data,PRIMARY_EVENT_DATA,False,False,False,True
PG,Consumer Staples,2023-06-30,2023-07-28,1.37,1.32,0.05,3.7879,3.7878787878787907,BEAT,True,,,,,UNKNOWN,True,True,True,Alpha Vantage EARNINGS,primary_event_data,PRIMARY_EVENT_DATA,False,False,False,True
PG,Consumer Staples,2023-03-31,2023-04-21,1.37,1.32,0.05,3.7879,3.7878787878787907,BEAT,True,,,,,UNKNOWN,True,True,True,Alpha Vantage EARNINGS,primary_event_data,PRIMARY_EVENT_DATA,False,False,False,True
PG,Consumer Staples,2022-12-31,2023-01-19,1.59,1.59,0.0,0.0,0.0,IN_LINE,False,,,,,UNKNOWN,True,True,True,Alpha Vantage EARNINGS,primary_event_data,PRIMARY_EVENT_DATA,False,False,False,True
PG,Consumer Staples,2022-09-30,2022-10-19,1.57,1.55,0.02,1.2903,1.2903225806451624,IN_LINE,True,,,,,UNKNOWN,True,True,True,Alpha Vantage EARNINGS,primary_event_data,PRIMARY_EVENT_DATA,False,False,False,True
PG,Consumer Staples,2022-06-30,2022-07-29,1.21,1.23,-0.02,-1.626,-1.6260162601626031,IN_LINE,False,,,,,UNKNOWN,True,True,True,Alpha Vantage EARNINGS,primary_event_data,PRIMARY_EVENT_DATA,False,False,False,True
PG,Consumer Staples,2022-03-31,2022-04-20,1.33,1.29,0.04,3.1008,3.1007751937984525,BEAT,True,,,,,UNKNOWN,True,True,True,Alpha Vantage EARNINGS,primary_event_data,PRIMARY_EVENT_DATA,False,False,False,True
PG,Consumer Staples,2021-12-31,2022-01-19,1.66,1.65,0.01,0.6061,0.6060606060606066,IN_LINE,True,,,,,UNKNOWN,True,True,True,Alpha Vantage EARNINGS,primary_event_data,PRIMARY_EVENT_DATA,False,False,False,True
PG,Consumer Staples,2021-09-30,2021-10-19,1.61,1.59,0.02,1.2579,1.2578616352201268,IN_LINE,True,,,,,UNKNOWN,True,True,True,Alpha Vantage EARNINGS,primary_event_data,PRIMARY_EVENT_DATA,False,False,False,True
PG,Consumer Staples,2021-06-30,2021-07-30,1.13,1.09,0.04,3.6697,3.6697247706421847,BEAT,True,,,,,UNKNOWN,True,True,True,Alpha Vantage EARNINGS,primary_event_data,PRIMARY_EVENT_DATA,False,False,False,True
PG,Consumer Staples,2021-03-31,2021-04-20,1.26,1.19,0.07,5.8824,5.882352941176476,BEAT,True,,,,,UNKNOWN,True,True,True,Alpha Vantage EARNINGS,primary_event_data,PRIMARY_EVENT_DATA,False,False,False,True
PG,Consumer Staples,2020-12-31,2021-01-20,1.64,1.51,0.13,8.6093,8.609271523178801,BEAT,True,,,,,UNKNOWN,True,True,True,Alpha Vantage EARNINGS,primary_event_data,PRIMARY_EVENT_DATA,False,False,False,True
PG,Consumer Staples,2020-09-30,2020-10-20,1.63,1.42,0.21,14.7887,14.788732394366194,LARGE_BEAT,True,,,,,UNKNOWN,True,True,True,Alpha Vantage EARNINGS,primary_event_data,PRIMARY_EVENT_DATA,False,False,False,True
PG,Consumer Staples,2020-06-30,2020-07-30,1.16,1.01,0.15,14.8515,14.851485148514843,LARGE_BEAT,True,,,,,UNKNOWN,True,True,True,Alpha Vantage EARNINGS,primary_event_data,PRIMARY_EVENT_DATA,False,False,False,True
PG,Consumer Staples,2020-03-31,2020-04-17,1.17,1.13,0.04,3.5398,3.539823008849561,BEAT,True,,,,,UNKNOWN,True,True,True,Alpha Vantage EARNINGS,primary_event_data,PRIMARY_EVENT_DATA,False,False,False,True
PG,Consumer Staples,2019-12-31,2020-01-23,1.42,1.37,0.05,3.6496,3.649635036496337,BEAT,True,,,,,UNKNOWN,True,True,True,Alpha Vantage EARNINGS,primary_event_data,PRIMARY_EVENT_DATA,False,False,False,True
PG,Consumer Staples,2019-09-30,2019-10-22,1.37,1.24,0.13,10.4839,10.483870967741945,LARGE_BEAT,True,,,,,UNKNOWN,True,True,True,Alpha Vantage EARNINGS,primary_event_data,PRIMARY_EVENT_DATA,False,False,False,True
PG,Consumer Staples,2019-06-30,2019-07-30,1.1,1.05,0.05,4.7619,4.761904761904765,BEAT,True,,,,,UNKNOWN,True,True,True,Alpha Vantage EARNINGS,primary_event_data,PRIMARY_EVENT_DATA,False,False,False,True
PG,Consumer Staples,2019-03-31,2019-04-23,1.06,1.04,0.02,1.9231,1.9230769230769247,IN_LINE,True,,,,,UNKNOWN,True,True,True,Alpha Vantage EARNINGS,primary_event_data,PRIMARY_EVENT_DATA,False,False,False,True
PG,Consumer Staples,2018-12-31,2019-01-23,1.25,1.21,0.04,3.3058,3.305785123966945,BEAT,True,,,,,UNKNOWN,True,True,True,Alpha Vantage EARNINGS,primary_event_data,PRIMARY_EVENT_DATA,False,False,False,True
PG,Consumer Staples,2018-09-30,2018-10-19,1.12,1.09,0.03,2.7523,2.7522935779816535,IN_LINE,True,,,,,UNKNOWN,True,True,True,Alpha Vantage EARNINGS,primary_event_data,PRIMARY_EVENT_DATA,False,False,False,True
PG,Consumer Staples,2018-06-30,2018-07-31,0.94,0.9,0.04,4.4444,4.444444444444437,BEAT,True,,,,,UNKNOWN,True,True,True,Alpha Vantage EARNINGS,primary_event_data,PRIMARY_EVENT_DATA,False,False,False,True
PG,Consumer Staples,2018-03-31,2018-04-19,1.0,0.98,0.02,2.0408,2.040816326530614,IN_LINE,True,,,,,UNKNOWN,True,True,True,Alpha Vantage EARNINGS,primary_event_data,PRIMARY_EVENT_DATA,False,False,False,True
PG,Consumer Staples,2017-12-31,2018-01-23,1.19,1.14,0.05,4.386,4.3859649122807065,BEAT,True,,,,,UNKNOWN,True,True,True,Alpha Vantage EARNINGS,primary_event_data,PRIMARY_EVENT_DATA,False,False,False,True
PG,Consumer Staples,2017-09-30,2017-10-20,1.09,1.08,0.01,0.9259,0.9259259259259267,IN_LINE,True,,,,,UNKNOWN,True,True,True,Alpha Vantage EARNINGS,primary_event_data,PRIMARY_EVENT_DATA,False,False,False,True
PG,Consumer Staples,2017-06-30,2017-07-27,0.85,0.78,0.07,8.9744,8.974358974358967,BEAT,True,,,,,UNKNOWN,True,True,True,Alpha Vantage EARNINGS,primary_event_data,PRIMARY_EVENT_DATA,False,False,False,True
PG,Consumer Staples,2017-03-31,2017-04-26,0.96,0.94,0.02,2.1277,2.1276595744680873,IN_LINE,True,,,,,UNKNOWN,True,True,True,Alpha Vantage EARNINGS,primary_event_data,PRIMARY_EVENT_DATA,False,False,False,True
PG,Consumer Staples,2016-12-31,2017-01-20,1.08,1.06,0.02,1.8868,1.8867924528301903,IN_LINE,True,,,,,UNKNOWN,True,True,True,Alpha Vantage EARNINGS,primary_event_data,PRIMARY_EVENT_DATA,False,False,False,True
PG,Consumer Staples,2016-09-30,2016-10-25,1.03,0.98,0.05,5.102,5.102040816326536,BEAT,True,,,,,UNKNOWN,True,True,True,Alpha Vantage EARNINGS,primary_event_data,PRIMARY_EVENT_DATA,False,False,False,True
PG,Consumer Staples,2016-06-30,2016-08-02,0.79,0.74,0.05,6.7568,6.756756756756762,BEAT,True,,,,,UNKNOWN,True,True,True,Alpha Vantage EARNINGS,primary_event_data,PRIMARY_EVENT_DATA,False,False,False,True
PG,Consumer Staples,2016-03-31,2016-04-26,0.86,0.82,0.04,4.878,4.878048780487809,BEAT,True,,,,,UNKNOWN,True,True,True,Alpha Vantage EARNINGS,primary_event_data,PRIMARY_EVENT_DATA,False,False,False,True
PG,Consumer Staples,2015-12-31,2016-01-26,1.04,0.97,0.07,7.2165,7.216494845360831,BEAT,True,,,,,UNKNOWN,True,True,True,Alpha Vantage EARNINGS,primary_event_data,PRIMARY_EVENT_DATA,False,False,False,True
PG,Consumer Staples,2015-09-30,2015-10-23,0.98,0.94,0.04,4.2553,4.255319148936175,BEAT,True,,,,,UNKNOWN,True,True,True,Alpha Vantage EARNINGS,primary_event_data,PRIMARY_EVENT_DATA,False,False,False,True
PG,Consumer Staples,2015-06-30,2015-07-30,1.0,0.95,0.05,5.2632,5.263157894736848,BEAT,True,,,,,UNKNOWN,True,True,True,Alpha Vantage EARNINGS,primary_event_data,PRIMARY_EVENT_DATA,False,False,False,True
PG,Consumer Staples,2015-03-31,2015-04-23,0.92,0.92,0.0,0.0,0.0,IN_LINE,False,,,,,UNKNOWN,True,True,True,Alpha Vantage EARNINGS,primary_event_data,PRIMARY_EVENT_DATA,False,False,False,True
PG,Consumer Staples,2014-12-31,2015-01-27,1.06,1.13,-0.07,-6.1947,-6.194690265486712,MISS,False,,,,,UNKNOWN,True,True,True,Alpha Vantage EARNINGS,primary_event_data,PRIMARY_EVENT_DATA,False,False,False,True
PG,Consumer Staples,2014-09-30,2014-10-24,1.07,1.07,0.0,0.0,0.0,IN_LINE,False,,,,,UNKNOWN,True,True,True,Alpha Vantage EARNINGS,primary_event_data,PRIMARY_EVENT_DATA,False,False,False,True
PG,Consumer Staples,2014-06-30,2014-08-01,0.95,0.91,0.04,4.3956,4.395604395604387,BEAT,True,,,,,UNKNOWN,True,True,True,Alpha Vantage EARNINGS,primary_event_data,PRIMARY_EVENT_DATA,False,False,False,True
PG,Consumer Staples,2014-03-31,2014-04-23,1.04,1.02,0.02,1.9608,1.960784313725492,IN_LINE,True,,,,,UNKNOWN,True,True,True,Alpha Vantage EARNINGS,primary_event_data,PRIMARY_EVENT_DATA,False,False,False,True
PG,Consumer Staples,2013-12-31,2014-01-24,1.21,1.2,0.01,0.8333,0.8333333333333341,IN_LINE,True,,,,,UNKNOWN,True,True,True,Alpha Vantage EARNINGS,primary_event_data,PRIMARY_EVENT_DATA,False,False,False,True
PG,Consumer Staples,2013-09-30,2013-10-25,1.05,1.05,0.0,0.0,0.0,IN_LINE,False,,,,,UNKNOWN,True,True,True,Alpha Vantage EARNINGS,primary_event_data,PRIMARY_EVENT_DATA,False,False,False,True
PG,Consumer Staples,2013-06-30,2013-08-01,0.79,0.77,0.02,2.5974,2.5974025974025996,IN_LINE,True,,,,,UNKNOWN,True,True,True,Alpha Vantage EARNINGS,primary_event_data,PRIMARY_EVENT_DATA,False,False,False,True
PG,Consumer Staples,2013-03-31,2013-04-24,0.99,0.96,0.03,3.125,3.1250000000000027,BEAT,True,,,,,UNKNOWN,True,True,True,Alpha Vantage EARNINGS,primary_event_data,PRIMARY_EVENT_DATA,False,False,False,True
PG,Consumer Staples,2012-12-31,2013-01-25,1.22,1.11,0.11,9.9099,9.909909909909898,BEAT,True,,,,,UNKNOWN,True,True,True,Alpha Vantage EARNINGS,primary_event_data,PRIMARY_EVENT_DATA,False,False,False,True
PG,Consumer Staples,2012-09-30,2012-10-25,1.06,0.96,0.1,10.4167,10.416666666666677,LARGE_BEAT,True,,,,,UNKNOWN,True,True,True,Alpha Vantage EARNINGS,primary_event_data,PRIMARY_EVENT_DATA,False,False,False,True
PG,Consumer Staples,2012-06-30,2012-08-03,0.82,0.77,0.05,6.4935,6.493506493506485,BEAT,True,,,,,UNKNOWN,True,True,True,Alpha Vantage EARNINGS,primary_event_data,PRIMARY_EVENT_DATA,False,False,False,True
PG,Consumer Staples,2012-03-31,2012-04-27,0.94,0.93,0.01,1.0753,1.0752688172042901,IN_LINE,True,,,,,UNKNOWN,True,True,True,Alpha Vantage EARNINGS,primary_event_data,PRIMARY_EVENT_DATA,False,False,False,True
PG,Consumer Staples,2011-12-31,2012-01-27,1.1,1.08,0.02,1.8519,1.8518518518518534,IN_LINE,True,,,,,UNKNOWN,True,True,True,Alpha Vantage EARNINGS,primary_event_data,PRIMARY_EVENT_DATA,False,False,False,True
PG,Consumer Staples,2011-09-30,2011-10-27,1.03,1.03,0.0,0.0,0.0,IN_LINE,False,,,,,UNKNOWN,True,True,True,Alpha Vantage EARNINGS,primary_event_data,PRIMARY_EVENT_DATA,False,False,False,True
PG,Consumer Staples,2011-06-30,2011-08-05,0.84,0.82,0.02,2.439,2.4390243902439046,IN_LINE,True,,,,,UNKNOWN,True,True,True,Alpha Vantage EARNINGS,primary_event_data,PRIMARY_EVENT_DATA,False,False,False,True
PG,Consumer Staples,2011-03-31,2011-04-28,0.96,0.97,-0.01,-1.0309,-1.0309278350515474,IN_LINE,False,,,,,UNKNOWN,True,True,True,Alpha Vantage EARNINGS,primary_event_data,PRIMARY_EVENT_DATA,False,False,False,True
PG,Consumer Staples,2010-12-31,2011-01-27,1.13,1.1,0.03,2.7273,2.7272727272727093,IN_LINE,True,,,,,UNKNOWN,True,True,True,Alpha Vantage EARNINGS,primary_event_data,PRIMARY_EVENT_DATA,False,False,False,True
PG,Consumer Staples,2010-09-30,2010-10-27,1.02,1.0,0.02,2.0,2.0000000000000018,IN_LINE,True,,,,,UNKNOWN,True,True,True,Alpha Vantage EARNINGS,primary_event_data,PRIMARY_EVENT_DATA,False,False,False,True
PG,Consumer Staples,2010-06-30,2010-08-03,0.71,0.73,-0.02,-2.7397,-2.739726027397263,IN_LINE,False,,,,,UNKNOWN,True,True,True,Alpha Vantage EARNINGS,primary_event_data,PRIMARY_EVENT_DATA,False,False,False,True
PG,Consumer Staples,2010-03-31,2010-04-29,0.89,0.82,0.07,8.5366,8.536585365853666,BEAT,True,,,,,UNKNOWN,True,True,True,Alpha Vantage EARNINGS,primary_event_data,PRIMARY_EVENT_DATA,False,False,False,True
PG,Consumer Staples,2009-12-31,2010-01-28,1.49,1.43,0.06,4.1958,4.195804195804199,BEAT,True,,,,,UNKNOWN,True,True,True,Alpha Vantage EARNINGS,primary_event_data,PRIMARY_EVENT_DATA,False,False,False,True
PG,Consumer Staples,2009-09-30,2009-10-29,0.97,0.99,-0.02,-2.0202,-2.020202020202022,IN_LINE,False,,,,,UNKNOWN,True,True,True,Alpha Vantage EARNINGS,primary_event_data,PRIMARY_EVENT_DATA,False,False,False,True
PG,Consumer Staples,2009-06-30,2009-08-05,0.8,0.78,0.02,2.5641,2.5641025641025665,IN_LINE,True,,,,,UNKNOWN,True,True,True,Alpha Vantage EARNINGS,primary_event_data,PRIMARY_EVENT_DATA,False,False,False,True
PG,Consumer Staples,2009-03-31,2009-04-30,0.84,0.8,0.04,5.0,4.99999999999999,BEAT,True,,,,,UNKNOWN,True,True,True,Alpha Vantage EARNINGS,primary_event_data,PRIMARY_EVENT_DATA,False,False,False,True
PG,Consumer Staples,2008-12-31,2009-01-30,0.94,0.99,-0.05,-5.0505,-5.0505050505050555,MISS,False,,,,,UNKNOWN,True,True,True,Alpha Vantage EARNINGS,primary_event_data,PRIMARY_EVENT_DATA,False,False,False,True
PG,Consumer Staples,2008-09-30,2008-10-29,1.03,1.03,0.0,0.0,0.0,IN_LINE,False,,,,,UNKNOWN,True,True,True,Alpha Vantage EARNINGS,primary_event_data,PRIMARY_EVENT_DATA,False,False,False,True
PG,Consumer Staples,2008-06-30,2008-08-05,0.8,0.78,0.02,2.5641,2.5641025641025665,IN_LINE,True,,,,,UNKNOWN,True,True,True,Alpha Vantage EARNINGS,primary_event_data,PRIMARY_EVENT_DATA,False,False,False,True
PG,Consumer Staples,2008-03-31,2008-04-30,0.82,0.81,0.01,1.2346,1.2345679012345552,IN_LINE,True,,,,,UNKNOWN,True,True,True,Alpha Vantage EARNINGS,primary_event_data,PRIMARY_EVENT_DATA,False,False,False,True
PG,Consumer Staples,2007-12-31,2008-01-31,0.98,0.97,0.01,1.0309,1.0309278350515474,IN_LINE,True,,,,,UNKNOWN,True,True,True,Alpha Vantage EARNINGS,primary_event_data,PRIMARY_EVENT_DATA,False,False,False,True
PG,Consumer Staples,2007-09-30,2007-10-30,0.9,0.9,0.0,0.0,0.0,IN_LINE,False,,,,,UNKNOWN,True,True,True,Alpha Vantage EARNINGS,primary_event_data,PRIMARY_EVENT_DATA,False,False,False,True
PG,Consumer Staples,2007-06-30,2007-08-03,0.67,0.66,0.01,1.5152,1.5151515151515165,IN_LINE,True,,,,,UNKNOWN,True,True,True,Alpha Vantage EARNINGS,primary_event_data,PRIMARY_EVENT_DATA,False,False,False,True
PG,Consumer Staples,2007-03-31,2007-05-01,0.74,0.74,0.0,0.0,0.0,IN_LINE,False,,,,,UNKNOWN,True,True,True,Alpha Vantage EARNINGS,primary_event_data,PRIMARY_EVENT_DATA,False,False,False,True
PG,Consumer Staples,2006-12-31,2007-01-30,0.84,0.84,0.0,0.0,0.0,IN_LINE,False,,,,,UNKNOWN,True,True,True,Alpha Vantage EARNINGS,primary_event_data,PRIMARY_EVENT_DATA,False,False,False,True
PG,Consumer Staples,2006-09-30,2006-10-31,0.79,0.78,0.01,1.2821,1.2820512820512833,IN_LINE,True,,,,,UNKNOWN,True,True,True,Alpha Vantage EARNINGS,primary_event_data,PRIMARY_EVENT_DATA,False,False,False,True
PG,Consumer Staples,2006-06-30,2006-08-02,0.55,0.54,0.01,1.8519,1.8518518518518534,IN_LINE,True,,,,,UNKNOWN,True,True,True,Alpha Vantage EARNINGS,primary_event_data,PRIMARY_EVENT_DATA,False,False,False,True
PG,Consumer Staples,2006-03-31,2006-05-03,0.62,0.61,0.01,1.6393,1.6393442622950833,IN_LINE,True,,,,,UNKNOWN,True,True,True,Alpha Vantage EARNINGS,primary_event_data,PRIMARY_EVENT_DATA,False,False,False,True
PG,Consumer Staples,2005-12-31,2006-01-27,0.72,0.69,0.03,4.3478,4.347826086956526,BEAT,True,,,,,UNKNOWN,True,True,True,Alpha Vantage EARNINGS,primary_event_data,PRIMARY_EVENT_DATA,False,False,False,True
PG,Consumer Staples,2005-09-30,2005-11-01,0.77,0.76,0.01,1.3158,1.3157894736842117,IN_LINE,True,,,,,UNKNOWN,True,True,True,Alpha Vantage EARNINGS,primary_event_data,PRIMARY_EVENT_DATA,False,False,False,True
PG,Consumer Staples,2005-06-30,2005-08-01,0.56,0.55,0.01,1.8182,1.8181818181818195,IN_LINE,True,,,,,UNKNOWN,True,True,True,Alpha Vantage EARNINGS,primary_event_data,PRIMARY_EVENT_DATA,False,False,False,True
PG,Consumer Staples,2005-03-31,2005-04-28,0.63,0.61,0.02,3.2787,3.2786885245901667,BEAT,True,,,,,UNKNOWN,True,True,True,Alpha Vantage EARNINGS,primary_event_data,PRIMARY_EVENT_DATA,False,False,False,True
PG,Consumer Staples,2004-12-31,2005-01-27,0.74,0.72,0.02,2.7778,2.7777777777777803,IN_LINE,True,,,,,UNKNOWN,True,True,True,Alpha Vantage EARNINGS,primary_event_data,PRIMARY_EVENT_DATA,False,False,False,True
PG,Consumer Staples,2004-09-30,2004-10-27,0.73,0.72,0.01,1.3889,1.3888888888888902,IN_LINE,True,,,,,UNKNOWN,True,True,True,Alpha Vantage EARNINGS,primary_event_data,PRIMARY_EVENT_DATA,False,False,False,True
PG,Consumer Staples,2004-06-30,2004-08-02,0.5,0.49,0.01,2.0408,2.040816326530614,IN_LINE,True,,,,,UNKNOWN,True,True,True,Alpha Vantage EARNINGS,primary_event_data,PRIMARY_EVENT_DATA,False,False,False,True
PG,Consumer Staples,2004-03-31,2004-04-30,0.55,0.54,0.01,1.8519,1.8518518518518534,IN_LINE,True,,,,,UNKNOWN,True,True,True,Alpha Vantage EARNINGS,primary_event_data,PRIMARY_EVENT_DATA,False,False,False,True
PG,Consumer Staples,2003-12-31,2004-01-28,0.65,0.64,0.01,1.5625,1.5625000000000013,IN_LINE,True,,,,,UNKNOWN,True,True,True,Alpha Vantage EARNINGS,primary_event_data,PRIMARY_EVENT_DATA,False,False,False,True
PG,Consumer Staples,2003-09-30,2003-10-27,0.63,0.63,0.0,0.0,0.0,IN_LINE,False,,,,,UNKNOWN,True,True,True,Alpha Vantage EARNINGS,primary_event_data,PRIMARY_EVENT_DATA,False,False,False,True
PG,Consumer Staples,2003-06-30,2003-07-31,0.44,0.43,0.01,2.3256,2.325581395348839,IN_LINE,True,,,,,UNKNOWN,True,True,True,Alpha Vantage EARNINGS,primary_event_data,PRIMARY_EVENT_DATA,False,False,False,True
PG,Consumer Staples,2003-03-31,2003-04-28,0.48,0.48,0.0,0.0,0.0,IN_LINE,False,,,,,UNKNOWN,True,True,True,Alpha Vantage EARNINGS,primary_event_data,PRIMARY_EVENT_DATA,False,False,False,True
PG,Consumer Staples,2002-12-31,2003-01-28,0.56,0.56,0.0,0.0,0.0,IN_LINE,False,,,,,UNKNOWN,True,True,True,Alpha Vantage EARNINGS,primary_event_data,PRIMARY_EVENT_DATA,False,False,False,True
PG,Consumer Staples,2002-09-30,2002-10-29,0.56,0.55,0.01,1.8182,1.8181818181818195,IN_LINE,True,,,,,UNKNOWN,True,True,True,Alpha Vantage EARNINGS,primary_event_data,PRIMARY_EVENT_DATA,False,False,False,True
PG,Consumer Staples,2002-06-30,2002-08-05,0.39,0.37,0.02,5.4054,5.405405405405411,BEAT,True,,,,,UNKNOWN,True,True,True,Alpha Vantage EARNINGS,primary_event_data,PRIMARY_EVENT_DATA,False,False,False,True
PG,Consumer Staples,2002-03-31,2002-04-30,0.42,0.41,0.01,2.439,2.4390243902439046,IN_LINE,True,,,,,UNKNOWN,True,True,True,Alpha Vantage EARNINGS,primary_event_data,PRIMARY_EVENT_DATA,False,False,False,True
PG,Consumer Staples,2001-12-31,2002-01-31,0.52,0.51,0.01,1.9608,1.960784313725492,IN_LINE,True,,,,,UNKNOWN,True,True,True,Alpha Vantage EARNINGS,primary_event_data,PRIMARY_EVENT_DATA,False,False,False,True
PG,Consumer Staples,2001-09-30,2001-10-30,0.48,0.47,0.01,2.1277,2.1276595744680873,IN_LINE,True,,,,,UNKNOWN,True,True,True,Alpha Vantage EARNINGS,primary_event_data,PRIMARY_EVENT_DATA,False,False,False,True
PG,Consumer Staples,2001-06-30,2001-08-07,0.3,0.3,0.0,0.0,0.0,IN_LINE,False,,,,,UNKNOWN,True,True,True,Alpha Vantage EARNINGS,primary_event_data,PRIMARY_EVENT_DATA,False,False,False,True
PG,Consumer Staples,2001-03-31,2001-05-01,0.36,0.35,0.01,2.8571,2.85714285714286,IN_LINE,True,,,,,UNKNOWN,True,True,True,Alpha Vantage EARNINGS,primary_event_data,PRIMARY_EVENT_DATA,False,False,False,True
PG,Consumer Staples,2000-12-31,2001-01-30,0.47,0.46,0.01,2.1739,2.1739130434782505,IN_LINE,True,,,,,UNKNOWN,True,True,True,Alpha Vantage EARNINGS,primary_event_data,PRIMARY_EVENT_DATA,False,False,False,True
PG,Consumer Staples,2000-09-30,2000-10-31,0.44,0.44,0.0,0.0,0.0,IN_LINE,False,,,,,UNKNOWN,True,True,True,Alpha Vantage EARNINGS,primary_event_data,PRIMARY_EVENT_DATA,False,False,False,True
PG,Consumer Staples,2000-06-30,2000-08-01,0.28,0.27,0.01,3.7037,3.703703703703707,BEAT,True,,,,,UNKNOWN,True,True,True,Alpha Vantage EARNINGS,primary_event_data,PRIMARY_EVENT_DATA,False,False,False,True
PG,Consumer Staples,2000-03-31,2000-04-25,0.32,0.32,0.0,0.0,0.0,IN_LINE,False,,,,,UNKNOWN,True,True,True,Alpha Vantage EARNINGS,primary_event_data,PRIMARY_EVENT_DATA,False,False,False,True
PG,Consumer Staples,1999-12-31,2000-01-25,0.44,0.44,0.0,0.0,0.0,IN_LINE,False,,,,,UNKNOWN,True,True,True,Alpha Vantage EARNINGS,primary_event_data,PRIMARY_EVENT_DATA,False,False,False,True
PG,Consumer Staples,1999-09-30,1999-10-28,0.44,0.44,0.0,0.0,0.0,IN_LINE,False,,,,,UNKNOWN,True,True,True,Alpha Vantage EARNINGS,primary_event_data,PRIMARY_EVENT_DATA,False,False,False,True
PG,Consumer Staples,1999-06-30,1999-07-29,0.28,0.27,0.01,3.7037,3.703703703703707,BEAT,True,,,,,UNKNOWN,True,True,True,Alpha Vantage EARNINGS,primary_event_data,PRIMARY_EVENT_DATA,False,False,False,True
PG,Consumer Staples,1999-03-31,1999-04-22,0.38,0.35,0.03,8.5714,8.57142857142858,BEAT,True,,,,,UNKNOWN,True,True,True,Alpha Vantage EARNINGS,primary_event_data,PRIMARY_EVENT_DATA,False,False,False,True
PG,Consumer Staples,1998-12-31,1999-01-25,0.39,0.39,0.0,0.0,0.0,IN_LINE,False,,,,,UNKNOWN,True,True,True,Alpha Vantage EARNINGS,primary_event_data,PRIMARY_EVENT_DATA,False,False,False,True
PG,Consumer Staples,1998-09-30,1998-10-22,0.4,0.39,0.01,2.5641,2.5641025641025665,IN_LINE,True,,,,,UNKNOWN,True,True,True,Alpha Vantage EARNINGS,primary_event_data,PRIMARY_EVENT_DATA,False,False,False,True
PG,Consumer Staples,1998-06-30,1998-07-30,0.25,0.24,0.01,4.1667,4.1666666666666705,BEAT,True,,,,,UNKNOWN,True,True,True,Alpha Vantage EARNINGS,primary_event_data,PRIMARY_EVENT_DATA,False,False,False,True
PG,Consumer Staples,1998-03-31,1998-04-23,0.33,0.32,0.01,3.125,3.1250000000000027,BEAT,True,,,,,UNKNOWN,True,True,True,Alpha Vantage EARNINGS,primary_event_data,PRIMARY_EVENT_DATA,False,False,False,True
PG,Consumer Staples,1997-12-31,1998-01-27,0.38,0.38,0.0,0.0,0.0,IN_LINE,False,,,,,UNKNOWN,True,True,True,Alpha Vantage EARNINGS,primary_event_data,PRIMARY_EVENT_DATA,False,False,False,True
PG,Consumer Staples,1997-09-30,1997-10-22,0.4,0.39,0.01,2.5641,2.5641025641025665,IN_LINE,True,,,,,UNKNOWN,True,True,True,Alpha Vantage EARNINGS,primary_event_data,PRIMARY_EVENT_DATA,False,False,False,True
PG,Consumer Staples,1997-06-30,1997-07-31,0.22,0.21,0.01,4.7619,4.761904761904766,BEAT,True,,,,,UNKNOWN,True,True,True,Alpha Vantage EARNINGS,primary_event_data,PRIMARY_EVENT_DATA,False,False,False,True
PG,Consumer Staples,1997-03-31,1997-04-24,0.32,0.31,0.01,3.2258,3.2258064516129057,BEAT,True,,,,,UNKNOWN,True,True,True,Alpha Vantage EARNINGS,primary_event_data,PRIMARY_EVENT_DATA,False,False,False,True
PG,Consumer Staples,1996-12-31,1997-01-28,0.34,0.33,0.01,3.0303,3.030303030303033,BEAT,True,,,,,UNKNOWN,True,True,True,Alpha Vantage EARNINGS,primary_event_data,PRIMARY_EVENT_DATA,False,False,False,True
PG,Consumer Staples,1996-09-30,1996-10-24,0.35,0.34,0.01,2.9412,2.9411764705882213,IN_LINE,True,,,,,UNKNOWN,True,True,True,Alpha Vantage EARNINGS,primary_event_data,PRIMARY_EVENT_DATA,False,False,False,True
PG,Consumer Staples,1996-06-30,1996-08-08,0.19,0.19,0.0,0.0,0.0,IN_LINE,False,,,,,UNKNOWN,True,True,True,Alpha Vantage EARNINGS,primary_event_data,PRIMARY_EVENT_DATA,False,False,False,True
PG,Consumer Staples,1996-03-31,1996-04-25,0.27,0.27,0.0,0.0,0.0,IN_LINE,False,,,,,UNKNOWN,True,True,True,Alpha Vantage EARNINGS,primary_event_data,PRIMARY_EVENT_DATA,False,False,False,True
