ticker,sector,fiscal_date_ending,reported_date,eps_actual,eps_consensus,eps_surprise,eps_surprise_pct,calculated_eps_surprise_pct,eps_result_class,earnings_beat,revenue_actual,revenue_consensus,revenue_surprise,revenue_surprise_pct,revenue_result_class,point_in_time,point_in_time_safe,historical_analog_eligible,source,source_type,data_quality,revenue_data_available,guidance_data_available,earnings_estimate_revisions_used,research_only,market_event_reference_date,market_event_reference_close,sp500_date_1d,sp500_close_1d,sp500_reaction_1d,sp500_reaction_class_1d,sp500_date_3d,sp500_close_3d,sp500_reaction_3d,sp500_reaction_class_3d,sp500_date_5d,sp500_close_5d,sp500_reaction_5d,sp500_reaction_class_5d,sp500_date_20d,sp500_close_20d,sp500_reaction_20d,sp500_reaction_class_20d,sp500_date_1m,sp500_close_1m,sp500_reaction_1m,sp500_reaction_class_1m,sp500_reaction_3m,sp500_close_3m,sp500_reaction_class_3m,sp500_mfe_20d,sp500_mae_20d,market_reaction_available,market_reaction_reason,market_reaction_point_in_time_safe,historical_reaction_eligible,sp500_date_3m
MSFT,Information Technology,2026-06-30,2026-07-29,4.74,4.21,0.53,12.5891,12.58907363420428,LARGE_BEAT,True,,,,,UNKNOWN,True,True,True,Alpha Vantage EARNINGS,primary_event_data,PRIMARY_EVENT_DATA,False,False,False,True,2026-07-29,7316.14990234375,2026-07-30,7437.6298828125,1.6604359135647773,POSITIVE,2026-08-03,7600.5,3.886608413602319,STRONG_POSITIVE,2026-08-05,7723.5498046875,5.568501298930989,STRONG_POSITIVE,2026-08-26,7675.7001953125,4.914474112313733,STRONG_POSITIVE,2026-08-27,7730.990234375,5.67020000367071,STRONG_POSITIVE,,,UNAVAILABLE,6.841717291883224,0.7494389652600615,True,Measured from the event-date reference close to subsequent trading-session closes.,True,True,
MSFT,Information Technology,2026-03-31,2026-04-29,4.27,4.09,0.18,4.401,4.400977995110018,BEAT,True,,,,,UNKNOWN,True,True,True,Alpha Vantage EARNINGS,primary_event_data,PRIMARY_EVENT_DATA,False,False,False,True,2026-04-29,7135.9501953125,2026-04-30,7209.009765625,1.023823994182187,POSITIVE,2026-05-04,7200.75,0.9080753496579339,POSITIVE,2026-05-06,7365.1201171875,3.2114843237770683,STRONG_POSITIVE,2026-05-28,7563.6298828125,5.993310992850489,STRONG_POSITIVE,2026-05-29,7580.06005859375,6.2235560945055255,STRONG_POSITIVE,4.22760360208468,7437.6298828125,STRONG_POSITIVE,6.064644618953903,-0.13733690259200054,True,Measured from the event-date reference close to subsequent trading-session closes.,True,True,2026-07-30
MSFT,Information Technology,2025-12-31,2026-01-28,5.16,3.92,1.24,31.6327,31.6326530612245,LARGE_BEAT,True,,,,,UNKNOWN,True,True,True,Alpha Vantage EARNINGS,primary_event_data,PRIMARY_EVENT_DATA,False,False,False,True,2026-01-28,6978.02978515625,2026-01-29,6969.009765625,-0.12926312740076712,NEUTRAL,2026-02-02,6976.43994140625,-0.022783562107773384,NEUTRAL,2026-02-04,6882.72021484375,-1.3658521566537831,NEGATIVE,2026-02-26,6908.85986328125,-0.9912528894923766,NEGATIVE,2026-02-27,6878.8798828125,-1.4208867745830331,NEGATIVE,2.263108857634575,7135.9501953125,STRONG_POSITIVE,0.22141200006577563,-2.902392099086103,True,Measured from the event-date reference close to subsequent trading-session closes.,True,True,2026-04-29
MSFT,Information Technology,2025-09-30,2025-10-29,3.72,3.66,0.06,1.6393,1.6393442622950831,IN_LINE,True,,,,,UNKNOWN,True,True,True,Alpha Vantage EARNINGS,primary_event_data,PRIMARY_EVENT_DATA,False,False,False,True,2025-10-29,6890.58984375,2025-10-30,6822.33984375,-0.9904812439519249,NEGATIVE,2025-11-03,6851.97021484375,-0.5604691293776443,NEGATIVE,2025-11-05,6796.2900390625,-1.3685302249274514,NEGATIVE,2025-11-26,6812.60986328125,-1.1316880301543488,NEGATIVE,2025-11-28,6849.08984375,-0.602270646505566,NEGATIVE,0.7029868633116608,6939.02978515625,POSITIVE,-0.12001903637830352,-5.350339089031634,True,Measured from the event-date reference close to subsequent trading-session closes.,True,True,2026-01-30
MSFT,Information Technology,2025-06-30,2025-07-30,3.65,3.38,0.27,7.9882,7.988165680473373,BEAT,True,,,,,UNKNOWN,True,True,True,Alpha Vantage EARNINGS,primary_event_data,PRIMARY_EVENT_DATA,False,False,False,True,2025-07-30,6362.89990234375,2025-07-31,6339.39013671875,-0.3694819341152965,NEGATIVE,2025-08-04,6329.93994140625,-0.5180021915064125,NEGATIVE,2025-08-06,6345.06005859375,-0.2803728492322936,NEGATIVE,2025-08-27,6481.39990234375,1.8623583871930935,POSITIVE,2025-08-28,6501.85986328125,2.183909272033568,STRONG_POSITIVE,8.297949715985894,6890.89013671875,STRONG_POSITIVE,1.9513139944927638,-2.360715448032912,True,Measured from the event-date reference close to subsequent trading-session closes.,True,True,2025-10-28
MSFT,Information Technology,2025-03-31,2025-04-30,3.46,3.22,0.24,7.4534,7.453416149068315,BEAT,True,,,,,UNKNOWN,True,True,True,Alpha Vantage EARNINGS,primary_event_data,PRIMARY_EVENT_DATA,False,False,False,True,2025-04-30,5569.06005859375,2025-05-01,5604.14013671875,0.6299102138585683,POSITIVE,2025-05-05,5650.3798828125,1.4602073485141076,POSITIVE,2025-05-07,5631.27978515625,1.1172392810971261,POSITIVE,2025-05-29,5912.169921875,6.1610013120937515,STRONG_POSITIVE,2025-05-30,5911.68994140625,6.152382614078288,STRONG_POSITIVE,13.832317662588057,6339.39013671875,STRONG_POSITIVE,7.174456739265096,0.1720232503188173,True,Measured from the event-date reference close to subsequent trading-session closes.,True,True,2025-07-31
MSFT,Information Technology,2024-12-31,2025-01-29,3.23,3.12,0.11,3.5256,3.5256410256410216,BEAT,True,,,,,UNKNOWN,True,True,True,Alpha Vantage EARNINGS,primary_event_data,PRIMARY_EVENT_DATA,False,False,False,True,2025-01-29,6039.31005859375,2025-01-30,6071.169921875,0.5275414405311813,POSITIVE,2025-02-03,5994.56982421875,-0.7408169797696682,NEGATIVE,2025-02-05,6061.47998046875,0.36709361930263695,POSITIVE,2025-02-27,5861.56982421875,-2.9430552935774705,STRONG_NEGATIVE,2025-02-28,5954.5,-1.4043004543717363,NEGATIVE,-7.786485466677587,5569.06005859375,STRONG_NEGATIVE,1.7902726658924961,-2.989253270423019,True,Measured from the event-date reference close to subsequent trading-session closes.,True,True,2025-04-30
MSFT,Information Technology,2024-09-30,2024-10-30,3.3,3.11,0.19,6.1093,6.109324758842442,BEAT,True,,,,,UNKNOWN,True,True,True,Alpha Vantage EARNINGS,primary_event_data,PRIMARY_EVENT_DATA,False,False,False,True,2024-10-30,5813.669921875,2024-10-31,5705.4501953125,-1.8614700871699548,NEGATIVE,2024-11-04,5712.68994140625,-1.7369403806155952,NEGATIVE,2024-11-06,5929.0400390625,1.9844628046975759,POSITIVE,2024-11-27,5998.740234375,3.183364638636242,STRONG_POSITIVE,2024-11-29,6032.3798828125,3.761994813543914,STRONG_POSITIVE,3.111630085207984,5994.56982421875,STRONG_POSITIVE,3.6422776464011446,-2.0152529783151842,True,Measured from the event-date reference close to subsequent trading-session closes.,True,True,2025-02-03
MSFT,Information Technology,2024-06-30,2024-07-30,2.95,2.94,0.01,0.3401,0.3401360544217766,IN_LINE,True,,,,,UNKNOWN,True,True,True,Alpha Vantage EARNINGS,primary_event_data,PRIMARY_EVENT_DATA,False,False,False,True,2024-07-30,5436.43994140625,2024-07-31,5522.2998046875,1.5793398659167481,POSITIVE,2024-08-02,5346.56005859375,-1.6532856755748628,NEGATIVE,2024-08-06,5240.02978515625,-3.61284514069688,STRONG_NEGATIVE,2024-08-27,5625.7998046875,3.4831592976683945,STRONG_POSITIVE,2024-08-28,5592.18017578125,2.864746710228799,STRONG_POSITIVE,7.120102167906476,5823.52001953125,STRONG_POSITIVE,3.9581082123679106,-5.834336058152142,True,Measured from the event-date reference close to subsequent trading-session closes.,True,True,2024-10-28
MSFT,Information Technology,2024-03-31,2024-04-25,2.94,2.84,0.1,3.5211,3.521126760563384,BEAT,True,,,,,UNKNOWN,True,True,True,Alpha Vantage EARNINGS,primary_event_data,PRIMARY_EVENT_DATA,False,False,False,True,2024-04-25,5048.419921875,2024-04-26,5099.9599609375,1.0209142634743003,POSITIVE,2024-04-30,5035.68994140625,-0.25215771797410313,NEGATIVE,2024-05-02,5064.2001953125,0.3125784637906895,POSITIVE,2024-05-23,5267.83984375,4.3463088505028065,STRONG_POSITIVE,2024-05-24,5304.72021484375,5.076841802683466,STRONG_POSITIVE,8.13482598786517,5459.10009765625,STRONG_POSITIVE,5.812907117055112,-0.7402339299386295,True,Measured from the event-date reference close to subsequent trading-session closes.,True,True,2024-07-26
MSFT,Information Technology,2023-12-31,2024-01-30,2.93,2.78,0.15,5.3957,5.395683453237423,BEAT,True,,,,,UNKNOWN,True,True,True,Alpha Vantage EARNINGS,primary_event_data,PRIMARY_EVENT_DATA,False,False,False,True,2024-01-30,4924.97021484375,2024-01-31,4845.64990234375,-1.6105744611597923,NEGATIVE,2024-02-02,4958.60986328125,0.6830426778239359,POSITIVE,2024-02-06,4954.22998046875,0.5941105092739793,POSITIVE,2024-02-28,5069.759765625,2.939907135780386,STRONG_POSITIVE,2024-02-29,5096.27001953125,3.478189658309125,STRONG_POSITIVE,2.248129871502435,5035.68994140625,STRONG_POSITIVE,3.7784968361662243,-1.6207268068225744,True,Measured from the event-date reference close to subsequent trading-session closes.,True,True,2024-04-30
MSFT,Information Technology,2023-09-30,2023-10-24,2.99,2.65,0.34,12.8302,12.830188679245294,LARGE_BEAT,True,,,,,UNKNOWN,True,True,True,Alpha Vantage EARNINGS,primary_event_data,PRIMARY_EVENT_DATA,False,False,False,True,2023-10-24,4247.68017578125,2023-10-25,4186.77001953125,-1.4339628627712577,NEGATIVE,2023-10-27,4117.3701171875,-3.0677935532136167,STRONG_NEGATIVE,2023-10-31,4193.7998046875,-1.268465818141313,NEGATIVE,2023-11-21,4538.18994140625,6.839257043912641,STRONG_POSITIVE,2023-11-22,4556.6201171875,7.273145072637879,STRONG_POSITIVE,15.219601140282341,4894.16015625,STRONG_POSITIVE,7.284674803537639,-3.387740711870645,True,Measured from the event-date reference close to subsequent trading-session closes.,True,True,2024-01-25
MSFT,Information Technology,2023-06-30,2023-07-25,2.69,2.55,0.14,5.4902,5.490196078431378,BEAT,True,,,,,UNKNOWN,True,True,True,Alpha Vantage EARNINGS,primary_event_data,PRIMARY_EVENT_DATA,False,False,False,True,2023-07-25,4567.4599609375,2023-07-26,4566.75,-0.015543889679862154,NEUTRAL,2023-07-28,4582.22998046875,0.32337490985292316,POSITIVE,2023-08-01,4576.72998046875,0.20295787178279434,NEUTRAL,2023-08-22,4387.5498046875,-3.938954206247104,STRONG_NEGATIVE,2023-08-23,4436.009765625,-2.8779714860493057,STRONG_NEGATIVE,-7.672096195082443,4217.0400390625,STRONG_NEGATIVE,0.8672186208528869,-5.082691568818914,True,Measured from the event-date reference close to subsequent trading-session closes.,True,True,2023-10-23
MSFT,Information Technology,2023-03-31,2023-04-25,2.45,2.23,0.22,9.8655,9.865470852017946,BEAT,True,,,,,UNKNOWN,True,True,True,Alpha Vantage EARNINGS,primary_event_data,PRIMARY_EVENT_DATA,False,False,False,True,2023-04-25,4071.6298828125,2023-04-26,4055.989990234375,-0.3841187197329847,NEGATIVE,2023-04-28,4169.47998046875,2.4032169050851824,STRONG_POSITIVE,2023-05-02,4119.580078125,1.1776658658222183,POSITIVE,2023-05-23,4145.580078125,1.8162307832709617,POSITIVE,2023-05-24,4115.240234375,1.0710784825160955,POSITIVE,12.160243721501846,4566.75,STRONG_POSITIVE,3.469870236336656,-0.5734768185632817,True,Measured from the event-date reference close to subsequent trading-session closes.,True,True,2023-07-26
MSFT,Information Technology,2022-12-31,2023-01-24,2.2,2.32,-0.12,-5.1724,-5.172413793103434,MISS,False,,,,,UNKNOWN,True,True,True,Alpha Vantage EARNINGS,primary_event_data,PRIMARY_EVENT_DATA,False,False,False,True,2023-01-24,4016.949951171875,2023-01-25,4016.219970703125,-0.01817250594663349,NEUTRAL,2023-01-27,4070.56005859375,1.3345973455864242,POSITIVE,2023-01-31,4076.60009765625,1.4849611573321473,POSITIVE,2023-02-22,3991.050048828125,-0.6447653731955052,NEGATIVE,2023-02-23,4012.320068359375,-0.11525866313443393,NEUTRAL,1.3612300951041993,4071.6298828125,POSITIVE,4.443420814399335,-1.6900855973652176,True,Measured from the event-date reference close to subsequent trading-session closes.,True,True,2023-04-25
MSFT,Information Technology,2022-09-30,2022-10-25,2.35,2.31,0.04,1.7316,1.731601731601733,IN_LINE,True,,,,,UNKNOWN,True,True,True,Alpha Vantage EARNINGS,primary_event_data,PRIMARY_EVENT_DATA,False,False,False,True,2022-10-25,3859.110107421875,2022-10-26,3830.60009765625,-0.7387716072364532,NEGATIVE,2022-10-28,3901.06005859375,1.0870369075812707,POSITIVE,2022-11-01,3856.10009765625,-0.0779975093179156,NEUTRAL,2022-11-22,4003.580078125,3.743608414418626,STRONG_POSITIVE,2022-11-23,4027.260009765625,4.357219609265945,STRONG_POSITIVE,5.2167421663240425,4060.429931640625,STRONG_POSITIVE,4.398163715057619,-4.170915071030621,True,Measured from the event-date reference close to subsequent trading-session closes.,True,True,2023-01-26
MSFT,Information Technology,2022-06-30,2022-07-26,2.23,2.29,-0.06,-2.6201,-2.620087336244544,IN_LINE,False,,,,,UNKNOWN,True,True,True,Alpha Vantage EARNINGS,primary_event_data,PRIMARY_EVENT_DATA,False,False,False,True,2022-07-26,3921.050048828125,2022-07-27,4023.610107421875,2.6156273782937784,STRONG_POSITIVE,2022-07-29,4130.2900390625,5.336325413569002,STRONG_POSITIVE,2022-08-02,4091.18994140625,4.339141058119733,STRONG_POSITIVE,2022-08-23,4128.72998046875,5.296538658125361,STRONG_POSITIVE,2022-08-24,4140.77001953125,5.603600259292589,STRONG_POSITIVE,-3.1550212161783784,3797.340087890625,STRONG_NEGATIVE,10.309221542554301,0.7747894679788534,True,Measured from the event-date reference close to subsequent trading-session closes.,True,True,2022-10-24
MSFT,Information Technology,2022-03-31,2022-04-26,2.22,2.2,0.02,0.9091,0.9090909090909096,IN_LINE,True,,,,,UNKNOWN,True,True,True,Alpha Vantage EARNINGS,primary_event_data,PRIMARY_EVENT_DATA,False,False,False,True,2022-04-26,4175.2001953125,2022-04-27,4183.9599609375,0.20980468517017686,NEUTRAL,2022-04-29,4131.93017578125,-1.0363579590705443,NEGATIVE,2022-05-03,4175.47998046875,0.006701119543060833,NEUTRAL,2022-05-24,3941.47998046875,-5.597820557350707,STRONG_NEGATIVE,2022-05-25,3978.72998046875,-4.7056477690417635,STRONG_NEGATIVE,-3.6307262119027324,4023.610107421875,STRONG_NEGATIVE,3.191463732675618,-8.739224705027945,True,Measured from the event-date reference close to subsequent trading-session closes.,True,True,2022-07-27
MSFT,Information Technology,2021-12-31,2022-01-25,2.48,2.32,0.16,6.8966,6.896551724137938,BEAT,True,,,,,UNKNOWN,True,True,True,Alpha Vantage EARNINGS,primary_event_data,PRIMARY_EVENT_DATA,False,False,False,True,2022-01-25,4356.4501953125,2022-01-26,4349.93017578125,-0.1496635847751796,NEUTRAL,2022-01-28,4431.85009765625,1.7307647043659442,POSITIVE,2022-02-01,4546.5400390625,4.363411383757696,STRONG_POSITIVE,2022-02-23,4225.5,-3.0058921700379173,STRONG_NEGATIVE,2022-02-24,4288.7001953125,-1.5551652598461558,NEGATIVE,-4.160497466378092,4175.2001953125,STRONG_NEGATIVE,5.482901274488596,-3.0974858804238057,True,Measured from the event-date reference close to subsequent trading-session closes.,True,True,2022-04-26
MSFT,Information Technology,2021-09-30,2021-10-26,2.71,2.08,0.63,30.2885,30.28846153846153,LARGE_BEAT,True,,,,,UNKNOWN,True,True,True,Alpha Vantage EARNINGS,primary_event_data,PRIMARY_EVENT_DATA,False,False,False,True,2021-10-26,4574.7900390625,2021-10-27,4551.68017578125,-0.5051568068462842,NEGATIVE,2021-10-29,4605.3798828125,0.6686611514146931,POSITIVE,2021-11-02,4630.64990234375,1.22103665532806,POSITIVE,2021-11-23,4690.7001953125,2.5336716059159987,STRONG_POSITIVE,2021-11-24,4701.4599609375,2.7688685337121646,STRONG_POSITIVE,-4.915195262760736,4349.93017578125,STRONG_NEGATIVE,3.6950338183638465,-0.5055944123118696,True,Measured from the event-date reference close to subsequent trading-session closes.,True,True,2022-01-26
MSFT,Information Technology,2021-06-30,2021-07-27,2.17,1.93,0.24,12.4352,12.43523316062176,LARGE_BEAT,True,,,,,UNKNOWN,True,True,True,Alpha Vantage EARNINGS,primary_event_data,PRIMARY_EVENT_DATA,False,False,False,True,2021-07-27,4401.4599609375,2021-07-28,4400.64013671875,-0.018626188265390458,NEUTRAL,2021-07-30,4395.259765625,-0.14086678891836096,NEUTRAL,2021-08-03,4423.14990234375,0.4927897015705238,POSITIVE,2021-08-24,4486.22998046875,1.9259523040894413,POSITIVE,2021-08-25,4496.18994140625,2.152239968316621,STRONG_POSITIVE,3.74921096626541,4566.47998046875,STRONG_POSITIVE,2.075449929500044,-0.766336187721803,True,Measured from the event-date reference close to subsequent trading-session closes.,True,True,2021-10-25
MSFT,Information Technology,2021-03-31,2021-04-27,1.95,1.78,0.17,9.5506,9.550561797752804,BEAT,True,,,,,UNKNOWN,True,True,True,Alpha Vantage EARNINGS,primary_event_data,PRIMARY_EVENT_DATA,False,False,False,True,2021-04-27,4186.72021484375,2021-04-28,4183.18017578125,-0.08455399168898406,NEUTRAL,2021-04-30,4181.169921875,-0.1325689963487837,NEUTRAL,2021-05-04,4164.66015625,-0.5269054883471187,NEGATIVE,2021-05-25,4188.1298828125,0.03366998262153062,NEUTRAL,2021-05-26,4195.990234375,0.22141483202970513,NEUTRAL,5.129068461092859,4401.4599609375,STRONG_POSITIVE,1.225776301860316,-3.1012421506196994,True,Measured from the event-date reference close to subsequent trading-session closes.,True,True,2021-07-27
MSFT,Information Technology,2020-12-31,2021-01-26,2.03,1.64,0.39,23.7805,23.78048780487805,LARGE_BEAT,True,,,,,UNKNOWN,True,True,True,Alpha Vantage EARNINGS,primary_event_data,PRIMARY_EVENT_DATA,False,False,False,True,2021-01-26,3849.6201171875,2021-01-27,3750.77001953125,-2.5677883699462023,STRONG_NEGATIVE,2021-01-29,3714.239990234375,-3.5167139310367217,STRONG_NEGATIVE,2021-02-02,3826.31005859375,-0.6055158141364902,NEGATIVE,2021-02-24,3925.429931640625,1.9692804002830029,POSITIVE,2021-02-25,3829.340087890625,-0.5268059881111443,NEGATIVE,8.756710724551505,4186.72021484375,STRONG_POSITIVE,2.61869512794358,-4.039359606048791,True,Measured from the event-date reference close to subsequent trading-session closes.,True,True,2021-04-27
MSFT,Information Technology,2020-09-30,2020-10-27,1.82,1.55,0.27,17.4194,17.419354838709676,LARGE_BEAT,True,,,,,UNKNOWN,True,True,True,Alpha Vantage EARNINGS,primary_event_data,PRIMARY_EVENT_DATA,False,False,False,True,2020-10-27,3390.679931640625,2020-10-28,3271.030029296875,-3.5287878760604756,STRONG_NEGATIVE,2020-10-30,3269.9599609375,-3.560346984585863,STRONG_NEGATIVE,2020-11-03,3369.159912109375,-0.6346815377775057,NEGATIVE,2020-11-24,3635.409912109375,7.217725807293589,STRONG_POSITIVE,2020-11-25,3629.64990234375,7.047848087138566,STRONG_POSITIVE,11.699716846465261,3787.3798828125,STRONG_POSITIVE,7.529759922524297,-4.622671363691184,True,Measured from the event-date reference close to subsequent trading-session closes.,True,True,2021-01-28
MSFT,Information Technology,2020-06-30,2020-07-22,1.46,1.37,0.09,6.5693,6.56934306569342,BEAT,True,,,,,UNKNOWN,True,True,True,Alpha Vantage EARNINGS,primary_event_data,PRIMARY_EVENT_DATA,False,False,False,True,2020-07-22,3276.02001953125,2020-07-23,3235.659912109375,-1.2319859824192996,NEGATIVE,2020-07-27,3239.409912109375,-1.117517817461731,NEGATIVE,2020-07-29,3258.43994140625,-0.5366291420745178,NEGATIVE,2020-08-19,3374.85009765625,3.0167727161551694,STRONG_POSITIVE,2020-08-20,3385.510009765625,3.3421648702269344,STRONG_POSITIVE,5.10070441145105,3443.1201171875,STRONG_POSITIVE,3.7704293256707233,-2.318971503537856,True,Measured from the event-date reference close to subsequent trading-session closes.,True,True,2020-10-20
MSFT,Information Technology,2020-03-31,2020-04-29,1.4,1.27,0.13,10.2362,10.236220472440936,LARGE_BEAT,True,,,,,UNKNOWN,True,True,True,Alpha Vantage EARNINGS,primary_event_data,PRIMARY_EVENT_DATA,False,False,False,True,2020-04-29,2939.510009765625,2020-04-30,2912.429931640625,-0.9212446303987638,NEGATIVE,2020-05-04,2842.739990234375,-3.292045926353751,STRONG_NEGATIVE,2020-05-06,2848.419921875,-3.0988187687065523,STRONG_NEGATIVE,2020-05-28,3029.72998046875,3.0692180126414494,STRONG_POSITIVE,2020-05-29,3044.31005859375,3.565221702935483,STRONG_POSITIVE,10.849765116671746,3258.43994140625,STRONG_POSITIVE,4.3939265959388,-5.880916091906195,True,Measured from the event-date reference close to subsequent trading-session closes.,True,True,2020-07-29
MSFT,Information Technology,2019-12-31,2020-01-29,1.51,1.32,0.19,14.3939,14.39393939393939,LARGE_BEAT,True,,,,,UNKNOWN,True,True,True,Alpha Vantage EARNINGS,primary_event_data,PRIMARY_EVENT_DATA,False,False,False,True,2020-01-29,3273.39990234375,2020-01-30,3283.659912109375,0.3134358792605464,POSITIVE,2020-02-03,3248.919921875,-0.7478457016883995,NEGATIVE,2020-02-05,3334.68994140625,1.8723663741364571,POSITIVE,2020-02-27,2978.760009765625,-9.00103566225328,STRONG_NEGATIVE,2020-02-28,2954.219970703125,-9.750716110551986,STRONG_NEGATIVE,-10.200094780324893,2939.510009765625,STRONG_NEGATIVE,3.6695827204459244,-9.042891751590822,True,Measured from the event-date reference close to subsequent trading-session closes.,True,True,2020-04-29
MSFT,Information Technology,2019-09-30,2019-10-23,1.38,1.24,0.14,11.2903,11.290322580645157,LARGE_BEAT,True,,,,,UNKNOWN,True,True,True,Alpha Vantage EARNINGS,primary_event_data,PRIMARY_EVENT_DATA,False,False,False,True,2019-10-23,3004.52001953125,2019-10-24,3010.2900390625,0.1920446358733269,NEUTRAL,2019-10-28,3039.419921875,1.1615799567611103,POSITIVE,2019-10-30,3046.77001953125,1.4062146274728977,POSITIVE,2019-11-20,3108.4599609375,3.4594524493288676,STRONG_POSITIVE,2019-11-21,3103.5400390625,3.295701772248421,STRONG_POSITIVE,9.683741472199195,3295.469970703125,STRONG_POSITIVE,4.097821690204066,-0.13646431475233362,True,Measured from the event-date reference close to subsequent trading-session closes.,True,True,2020-01-24
MSFT,Information Technology,2019-06-30,2019-07-18,1.37,1.21,0.16,13.2231,13.22314049586778,LARGE_BEAT,True,,,,,UNKNOWN,True,True,True,Alpha Vantage EARNINGS,primary_event_data,PRIMARY_EVENT_DATA,False,False,False,True,2019-07-18,2995.110107421875,2019-07-19,2976.610107421875,-0.6176734522766641,NEGATIVE,2019-07-23,3005.469970703125,0.3458925685429155,POSITIVE,2019-07-25,3003.669921875,0.28579298076267057,POSITIVE,2019-08-15,2847.60009765625,-4.9250279447188126,STRONG_NEGATIVE,2019-08-16,2888.679931640625,-3.5534645460117247,STRONG_NEGATIVE,-0.1809671705288511,2989.68994140625,NEUTRAL,1.0974512411221058,-5.77574726904718,True,Measured from the event-date reference close to subsequent trading-session closes.,True,True,2019-10-16
MSFT,Information Technology,2019-03-31,2019-04-24,1.14,1.0,0.14,14.0,13.99999999999999,LARGE_BEAT,True,,,,,UNKNOWN,True,True,True,Alpha Vantage EARNINGS,primary_event_data,PRIMARY_EVENT_DATA,False,False,False,True,2019-04-24,2927.25,2019-04-25,2926.169921875,-0.036897365274575114,NEUTRAL,2019-04-29,2943.030029296875,0.5390735091596208,POSITIVE,2019-05-01,2923.72998046875,-0.12025004803996925,NEUTRAL,2019-05-22,2856.27001953125,-2.424800767571953,STRONG_NEGATIVE,2019-05-23,2822.239990234375,-3.5873263221667098,STRONG_NEGATIVE,3.1534736901101716,3019.56005859375,STRONG_POSITIVE,0.918263995644376,-4.298234464407721,True,Measured from the event-date reference close to subsequent trading-session closes.,True,True,2019-07-24
MSFT,Information Technology,2018-12-31,2019-01-30,1.1,1.09,0.01,0.9174,0.9174311926605512,IN_LINE,True,,,,,UNKNOWN,True,True,True,Alpha Vantage EARNINGS,primary_event_data,PRIMARY_EVENT_DATA,False,False,False,True,2019-01-30,2681.050048828125,2019-01-31,2704.10009765625,0.8597395948725415,POSITIVE,2019-02-04,2724.8701171875,1.6344367901124617,POSITIVE,2019-02-06,2731.610107421875,1.8858304646662443,POSITIVE,2019-02-28,2784.489990234375,3.8581876325458055,STRONG_POSITIVE,2019-03-01,2803.68994140625,4.5743231325252705,STRONG_POSITIVE,9.051674799830735,2923.72998046875,STRONG_POSITIVE,4.939853378124698,-0.08952262884551869,True,Measured from the event-date reference close to subsequent trading-session closes.,True,True,2019-05-01
MSFT,Information Technology,2018-09-30,2018-10-24,1.14,0.97,0.17,17.5258,17.525773195876283,LARGE_BEAT,True,,,,,UNKNOWN,True,True,True,Alpha Vantage EARNINGS,primary_event_data,PRIMARY_EVENT_DATA,False,False,False,True,2018-10-24,2656.10009765625,2018-10-25,2705.570068359375,1.8625040052811803,POSITIVE,2018-10-29,2641.25,-0.5590940518150564,NEGATIVE,2018-10-31,2711.739990234375,2.094796526201019,STRONG_POSITIVE,2018-11-21,2649.929931640625,-0.23230171261503177,NEUTRAL,2018-11-23,2632.56005859375,-0.886263250517998,NEGATIVE,-0.46120249800861923,2643.85009765625,NEGATIVE,5.988095284053714,-1.9788432913401548,True,Measured from the event-date reference close to subsequent trading-session closes.,True,True,2019-01-28
MSFT,Information Technology,2018-06-30,2018-07-19,1.13,1.08,0.05,4.6296,4.629629629629613,BEAT,True,,,,,UNKNOWN,True,True,True,Alpha Vantage EARNINGS,primary_event_data,PRIMARY_EVENT_DATA,False,False,False,True,2018-07-19,2804.489990234375,2018-07-20,2801.830078125,-0.09484477101495048,NEUTRAL,2018-07-24,2820.39990234375,0.5673014403608332,POSITIVE,2018-07-26,2837.43994140625,1.1748999385489456,POSITIVE,2018-08-16,2840.68994140625,1.2907855366903884,POSITIVE,2018-08-17,2850.1298828125,1.6273865386237591,POSITIVE,0.16830050096668542,2809.2099609375,NEUTRAL,2.101627804395348,-0.33339743371551844,True,Measured from the event-date reference close to subsequent trading-session closes.,True,True,2018-10-17
MSFT,Information Technology,2018-03-31,2018-04-26,0.95,0.85,0.1,11.7647,11.764705882352938,LARGE_BEAT,True,,,,,UNKNOWN,True,True,True,Alpha Vantage EARNINGS,primary_event_data,PRIMARY_EVENT_DATA,False,False,False,True,2018-04-26,2666.93994140625,2018-04-27,2669.909912109375,0.1113624891589784,NEUTRAL,2018-05-01,2654.800048828125,-0.4551993237509413,NEGATIVE,2018-05-03,2629.72998046875,-1.3952305546813166,NEGATIVE,2018-05-24,2727.760009765625,2.2805188604024282,STRONG_POSITIVE,2018-05-25,2721.330078125,2.0394211310986865,STRONG_POSITIVE,6.393094848251329,2837.43994140625,STRONG_POSITIVE,2.823462488188619,-2.711715516946231,True,Measured from the event-date reference close to subsequent trading-session closes.,True,True,2018-07-26
MSFT,Information Technology,2017-12-31,2018-01-31,0.96,0.87,0.09,10.3448,10.344827586206891,LARGE_BEAT,True,,,,,UNKNOWN,True,True,True,Alpha Vantage EARNINGS,primary_event_data,PRIMARY_EVENT_DATA,False,False,False,True,2018-01-31,2823.81005859375,2018-02-01,2821.97998046875,-0.06480882520516887,NEUTRAL,2018-02-05,2648.93994140625,-6.192701122205962,STRONG_NEGATIVE,2018-02-07,2681.659912109375,-5.033983998030143,STRONG_NEGATIVE,2018-03-01,2677.669921875,-5.175282107732395,STRONG_NEGATIVE,2018-03-02,2691.25,-4.694368808211009,STRONG_NEGATIVE,-6.662634271245683,2635.669921875,STRONG_NEGATIVE,0.4302662747012318,-10.309479431930244,True,Measured from the event-date reference close to subsequent trading-session closes.,True,True,2018-05-02
MSFT,Information Technology,2017-09-30,2017-10-26,0.84,0.73,0.11,15.0685,15.068493150684931,LARGE_BEAT,True,,,,,UNKNOWN,True,True,True,Alpha Vantage EARNINGS,primary_event_data,PRIMARY_EVENT_DATA,False,False,False,True,2017-10-26,2560.39990234375,2017-10-27,2581.070068359375,0.8073022498049565,POSITIVE,2017-10-31,2575.260009765625,0.5803822835750108,POSITIVE,2017-11-02,2579.85009765625,0.7596545873437816,POSITIVE,2017-11-24,2602.419921875,1.6411506457559826,POSITIVE,2017-11-27,2601.419921875,1.6020942468284318,POSITIVE,11.448607175964906,2853.530029296875,STRONG_POSITIVE,1.7110631254768818,-0.11521446978554643,True,Measured from the event-date reference close to subsequent trading-session closes.,True,True,2018-01-29
MSFT,Information Technology,2017-06-30,2017-07-20,0.98,0.71,0.27,38.0282,38.02816901408451,LARGE_BEAT,True,,,,,UNKNOWN,True,True,True,Alpha Vantage EARNINGS,primary_event_data,PRIMARY_EVENT_DATA,False,False,False,True,2017-07-20,2473.449951171875,2017-07-21,2472.5400390625,-0.03678716478350008,NEUTRAL,2017-07-25,2477.1298828125,0.14877728327923176,NEUTRAL,2017-07-27,2475.419921875,0.07964465592649911,NEUTRAL,2017-08-17,2430.010009765625,-1.7562490555213763,NEGATIVE,2017-08-18,2425.550048828125,-1.9365624245219075,NEGATIVE,3.5501045231235513,2561.260009765625,STRONG_POSITIVE,0.7042861735436226,-1.7562490555213763,True,Measured from the event-date reference close to subsequent trading-session closes.,True,True,2017-10-18
MSFT,Information Technology,2017-03-31,2017-04-27,0.73,0.7,0.03,4.2857,4.28571428571429,BEAT,True,,,,,UNKNOWN,True,True,True,Alpha Vantage EARNINGS,primary_event_data,PRIMARY_EVENT_DATA,False,False,False,True,2017-04-27,2388.77001953125,2017-04-28,2384.199951171875,-0.19131470681601184,NEUTRAL,2017-05-02,2391.169921875,0.10046602745880638,NEUTRAL,2017-05-04,2389.52001953125,0.03139691112446116,NEUTRAL,2017-05-25,2415.070068359375,1.1009870608341725,POSITIVE,2017-05-26,2415.820068359375,1.1323839719586337,POSITIVE,3.627385710439943,2475.419921875,STRONG_POSITIVE,1.2533622392048078,-1.5091469054521678,True,Measured from the event-date reference close to subsequent trading-session closes.,True,True,2017-07-27
MSFT,Information Technology,2016-12-31,2017-01-26,0.84,0.79,0.05,6.3291,6.329113924050624,BEAT,True,,,,,UNKNOWN,True,True,True,Alpha Vantage EARNINGS,primary_event_data,PRIMARY_EVENT_DATA,False,False,False,True,2017-01-26,2296.679931640625,2017-01-27,2294.68994140625,-0.08664638929262806,NEUTRAL,2017-01-31,2278.8701171875,-0.7754591402905072,NEGATIVE,2017-02-02,2280.85009765625,-0.6892485873321936,NEGATIVE,2017-02-24,2367.340087890625,3.076621834698759,STRONG_POSITIVE,2017-02-27,2369.75,3.1815520897236063,STRONG_POSITIVE,4.00970490584819,2388.77001953125,STRONG_POSITIVE,3.116676256837714,-1.2831553189944598,True,Measured from the event-date reference close to subsequent trading-session closes.,True,True,2017-04-27
MSFT,Information Technology,2016-09-30,2016-10-20,0.76,0.68,0.08,11.7647,11.764705882352937,LARGE_BEAT,True,,,,,UNKNOWN,True,True,True,Alpha Vantage EARNINGS,primary_event_data,PRIMARY_EVENT_DATA,False,False,False,True,2016-10-20,2141.340087890625,2016-10-21,2141.159912109375,-0.008414160005171631,NEUTRAL,2016-10-25,2143.159912109375,0.08498529631239747,NEUTRAL,2016-10-27,2133.0400390625,-0.38761002397807576,NEGATIVE,2016-11-17,2187.1201171875,2.137914923265255,STRONG_POSITIVE,2016-11-18,2181.89990234375,1.894132309131678,POSITIVE,5.784221945018595,2265.199951171875,STRONG_POSITIVE,2.181809931422316,-2.6875716357982147,True,Measured from the event-date reference close to subsequent trading-session closes.,True,True,2017-01-23
MSFT,Information Technology,2016-06-30,2016-07-19,0.69,0.58,0.11,18.9655,18.96551724137931,LARGE_BEAT,True,,,,,UNKNOWN,True,True,True,Alpha Vantage EARNINGS,primary_event_data,PRIMARY_EVENT_DATA,False,False,False,True,2016-07-19,2163.780029296875,2016-07-20,2173.02001953125,0.4270300173431934,POSITIVE,2016-07-22,2175.030029296875,0.5199234602260245,POSITIVE,2016-07-26,2169.179931640625,0.24955874768401065,NEUTRAL,2016-08-16,2178.14990234375,0.6641096993368832,POSITIVE,2016-08-17,2182.219970703125,0.8522096126491239,POSITIVE,-1.7229121626096726,2126.5,NEGATIVE,1.3878503771306792,-0.7486875261132347,True,Measured from the event-date reference close to subsequent trading-session closes.,True,True,2016-10-17
MSFT,Information Technology,2016-03-31,2016-04-21,0.62,0.64,-0.02,-3.125,-3.1250000000000027,MISS,False,,,,,UNKNOWN,True,True,True,Alpha Vantage EARNINGS,primary_event_data,PRIMARY_EVENT_DATA,False,False,False,True,2016-04-21,2091.47998046875,2016-04-22,2091.580078125,0.0047859724780901685,NEUTRAL,2016-04-26,2091.699951171875,0.010517466348193272,NEUTRAL,2016-04-28,2075.81005859375,-0.7492264817896082,NEGATIVE,2016-05-19,2040.0400390625,-2.459499583386932,STRONG_NEGATIVE,2016-05-20,2052.320068359375,-1.8723541451541097,NEGATIVE,3.523339553541141,2165.169921875,STRONG_POSITIVE,0.4021033998848098,-3.1350979641873855,True,Measured from the event-date reference close to subsequent trading-session closes.,True,True,2016-07-21
MSFT,Information Technology,2015-12-31,2016-01-28,0.78,0.71,0.07,9.8592,9.859154929577477,BEAT,True,,,,,UNKNOWN,True,True,True,Alpha Vantage EARNINGS,primary_event_data,PRIMARY_EVENT_DATA,False,False,False,True,2016-01-28,1893.3599853515625,2016-01-29,1940.239990234375,2.4760217415341508,STRONG_POSITIVE,2016-02-02,1903.030029296875,0.5107345681818108,POSITIVE,2016-02-04,1915.449951171875,1.1667071233794346,POSITIVE,2016-02-26,1948.050048828125,2.8885190296449386,STRONG_POSITIVE,2016-02-29,1932.22998046875,2.052963800751818,STRONG_POSITIVE,9.636311882249366,2075.81005859375,STRONG_POSITIVE,3.676003302299327,-4.397473824829203,True,Measured from the event-date reference close to subsequent trading-session closes.,True,True,2016-04-28
MSFT,Information Technology,2015-09-30,2015-10-22,0.67,0.59,0.08,13.5593,13.55932203389832,LARGE_BEAT,True,,,,,UNKNOWN,True,True,True,Alpha Vantage EARNINGS,primary_event_data,PRIMARY_EVENT_DATA,False,False,False,True,2015-10-22,2052.510009765625,2015-10-23,2075.14990234375,1.1030344539323458,POSITIVE,2015-10-27,2065.889892578125,0.6518790529078999,POSITIVE,2015-10-29,2089.409912109375,1.7977940262500147,POSITIVE,2015-11-19,2081.239990234375,1.399748616672065,POSITIVE,2015-11-20,2089.169921875,1.786101501817337,POSITIVE,-8.547098570835704,1877.0799560546875,STRONG_NEGATIVE,3.1166703401573033,-1.6136337927516102,True,Measured from the event-date reference close to subsequent trading-session closes.,True,True,2016-01-25
MSFT,Information Technology,2015-06-30,2015-07-21,0.62,0.57,0.05,8.7719,8.771929824561413,BEAT,True,,,,,UNKNOWN,True,True,True,Alpha Vantage EARNINGS,primary_event_data,PRIMARY_EVENT_DATA,False,False,False,True,2015-07-21,2119.2099609375,2015-07-22,2114.14990234375,-0.2387709895206194,NEUTRAL,2015-07-24,2079.64990234375,-1.8667361574805617,NEGATIVE,2015-07-28,2093.25,-1.2249829613869776,NEGATIVE,2015-08-18,2096.919921875,-1.051808903948304,NEGATIVE,2015-08-19,2079.610107421875,-1.8686139762247411,NEGATIVE,-4.036878286470811,2033.6600341796875,STRONG_NEGATIVE,-0.033028873248847616,-3.1672120405277058,True,Measured from the event-date reference close to subsequent trading-session closes.,True,True,2015-10-19
MSFT,Information Technology,2015-03-31,2015-04-23,0.62,0.53,0.09,16.9811,16.98113207547169,LARGE_BEAT,True,,,,,UNKNOWN,True,True,True,Alpha Vantage EARNINGS,primary_event_data,PRIMARY_EVENT_DATA,False,False,False,True,2015-04-23,2112.929931640625,2015-04-24,2117.68994140625,0.22528005753266978,NEUTRAL,2015-04-28,2114.760009765625,0.08661328980175886,NEUTRAL,2015-04-30,2085.510009765625,-1.2977203580863315,NEGATIVE,2015-05-21,2130.820068359375,0.8466980589772259,POSITIVE,2015-05-22,2126.06005859375,0.6214180014445563,POSITIVE,-0.5101934113122549,2102.14990234375,NEGATIVE,1.0312712568552005,-2.129744073673985,True,Measured from the event-date reference close to subsequent trading-session closes.,True,True,2015-07-23
MSFT,Information Technology,2014-12-31,2015-01-26,0.77,0.74,0.03,4.0541,4.054054054054058,BEAT,True,,,,,UNKNOWN,True,True,True,Alpha Vantage EARNINGS,primary_event_data,PRIMARY_EVENT_DATA,False,False,False,True,2015-01-26,2057.090087890625,2015-01-27,2029.550048828125,-1.338786241041102,NEGATIVE,2015-01-29,2021.25,-1.7422711869355239,NEGATIVE,2015-02-02,2020.8499755859375,-1.7617173170013534,NEGATIVE,2015-02-24,2115.47998046875,2.8384703675277043,STRONG_POSITIVE,2015-02-25,2113.860107421875,2.7597245188937225,STRONG_POSITIVE,2.5195704500001836,2108.919921875,STRONG_POSITIVE,2.9580548695376523,-3.703778649514037,True,Measured from the event-date reference close to subsequent trading-session closes.,True,True,2015-04-27
MSFT,Information Technology,2014-09-30,2014-10-23,0.65,0.54,0.11,20.3704,20.370370370370367,LARGE_BEAT,True,,,,,UNKNOWN,True,True,True,Alpha Vantage EARNINGS,primary_event_data,PRIMARY_EVENT_DATA,False,False,False,True,2014-10-23,1950.8199462890625,2014-10-24,1964.5799560546875,0.7053449392805272,POSITIVE,2014-10-28,1985.050048828125,1.7546520684380198,POSITIVE,2014-10-30,1994.6500244140625,2.246751588139928,STRONG_POSITIVE,2014-11-20,2052.75,5.224985212235165,STRONG_POSITIVE,2014-11-21,2063.5,5.776035554961521,STRONG_POSITIVE,5.447460274522738,2057.090087890625,STRONG_POSITIVE,5.395686671964168,-0.23323150690906022,True,Measured from the event-date reference close to subsequent trading-session closes.,True,True,2015-01-26
MSFT,Information Technology,2014-06-30,2014-07-22,0.55,0.6,-0.05,-8.3333,-8.333333333333323,MISS,False,,,,,UNKNOWN,True,True,True,Alpha Vantage EARNINGS,primary_event_data,PRIMARY_EVENT_DATA,False,False,False,True,2014-07-22,1983.530029296875,2014-07-23,1987.010009765625,0.1754438005651767,NEUTRAL,2014-07-25,1978.3399658203125,-0.26165792299107676,NEGATIVE,2014-07-29,1969.949951171875,-0.6846419224524616,NEGATIVE,2014-08-19,1981.5999755859375,-0.09730398241672543,NEUTRAL,2014-08-20,1986.510009765625,0.1502362164794827,NEUTRAL,-4.009015157660023,1904.010009765625,STRONG_NEGATIVE,0.3962624833236692,-3.9701944934968,True,Measured from the event-date reference close to subsequent trading-session closes.,True,True,2014-10-20
MSFT,Information Technology,2014-03-31,2014-04-24,0.68,0.63,0.05,7.9365,7.936507936507943,BEAT,True,,,,,UNKNOWN,True,True,True,Alpha Vantage EARNINGS,primary_event_data,PRIMARY_EVENT_DATA,False,False,False,True,2014-04-24,1878.6099853515625,2014-04-25,1863.4000244140625,-0.8096390978489137,NEGATIVE,2014-04-29,1878.3299560546875,-0.014906196552691878,NEUTRAL,2014-05-01,1883.6800537109375,0.26988403122035937,POSITIVE,2014-05-22,1892.489990234375,0.7388444110827506,POSITIVE,2014-05-23,1900.530029296875,1.1668224972843626,POSITIVE,5.8218574355506805,1987.97998046875,STRONG_POSITIVE,1.2541218654994521,-1.4904637055232137,True,Measured from the event-date reference close to subsequent trading-session closes.,True,True,2014-07-24
MSFT,Information Technology,2013-12-31,2014-01-23,0.78,0.68,0.1,14.7059,14.705882352941172,LARGE_BEAT,True,,,,,UNKNOWN,True,True,True,Alpha Vantage EARNINGS,primary_event_data,PRIMARY_EVENT_DATA,False,False,False,True,2014-01-23,1828.4599609375,2014-01-24,1790.2900390625,-2.0875448568985493,STRONG_NEGATIVE,2014-01-28,1792.5,-1.9666802503601102,NEGATIVE,2014-01-30,1794.18994140625,-1.8742559456253476,NEGATIVE,2014-02-21,1836.25,0.4260437323716862,POSITIVE,2014-02-24,1847.6099853515625,1.047330804238326,POSITIVE,2.742746654859713,1878.6099853515625,STRONG_POSITIVE,1.0413156136455766,-4.951703560725786,True,Measured from the event-date reference close to subsequent trading-session closes.,True,True,2014-04-24
MSFT,Information Technology,2013-09-30,2013-10-24,0.62,0.54,0.08,14.8148,14.814814814814806,LARGE_BEAT,True,,,,,UNKNOWN,True,True,True,Alpha Vantage EARNINGS,primary_event_data,PRIMARY_EVENT_DATA,False,False,False,True,2013-10-24,1752.0699462890625,2013-10-25,1759.77001953125,0.43948435155208787,POSITIVE,2013-10-29,1771.949951171875,1.1346581753153724,POSITIVE,2013-10-31,1756.5400390625,0.255132095776501,POSITIVE,2013-11-21,1795.8499755859375,2.4987603599732098,STRONG_POSITIVE,2013-11-22,1804.760009765625,3.0073036517840888,STRONG_POSITIVE,1.683158390288496,1781.56005859375,POSITIVE,2.8686074932155097,-0.33503200769012265,True,Measured from the event-date reference close to subsequent trading-session closes.,True,True,2014-01-27
MSFT,Information Technology,2013-06-30,2013-07-18,0.66,0.74,-0.08,-10.8108,-10.810810810810803,LARGE_MISS,False,,,,,UNKNOWN,True,True,True,Alpha Vantage EARNINGS,primary_event_data,PRIMARY_EVENT_DATA,False,False,False,True,2013-07-18,1689.3699951171875,2013-07-19,1692.0899658203125,0.16100503211176792,NEUTRAL,2013-07-23,1692.3900146484375,0.17876602165178793,NEUTRAL,2013-07-25,1690.25,0.05209071342310991,NEUTRAL,2013-08-15,1661.3199462890625,-1.66038516779619,NEGATIVE,2013-08-16,1655.8299560546875,-1.98535780553942,NEGATIVE,1.904262774779597,1721.5400390625,POSITIVE,1.2016342711660883,-1.8219827146118968,True,Measured from the event-date reference close to subsequent trading-session closes.,True,True,2013-10-16
MSFT,Information Technology,2013-03-31,2013-04-18,0.72,0.67,0.05,7.4627,7.462686567164169,BEAT,True,,,,,UNKNOWN,True,True,True,Alpha Vantage EARNINGS,primary_event_data,PRIMARY_EVENT_DATA,False,False,False,True,2013-04-18,1541.6099853515625,2013-04-19,1555.25,0.8847902373522126,POSITIVE,2013-04-23,1578.780029296875,2.41111852534063,STRONG_POSITIVE,2013-04-25,1585.1600341796875,2.824971895741416,STRONG_POSITIVE,2013-05-16,1650.469970703125,7.061447862037369,STRONG_POSITIVE,2013-05-17,1667.469970703125,8.16419110848327,STRONG_POSITIVE,9.584785462577845,1689.3699951171875,STRONG_POSITIVE,7.776286221671949,-0.1433540881610222,True,Measured from the event-date reference close to subsequent trading-session closes.,True,True,2013-07-18
MSFT,Information Technology,2012-12-31,2013-01-24,0.76,0.76,0.0,0.0,0.0,IN_LINE,False,,,,,UNKNOWN,True,True,True,Alpha Vantage EARNINGS,primary_event_data,PRIMARY_EVENT_DATA,False,False,False,True,2013-01-24,1494.8199462890625,2013-01-25,1502.9599609375,0.5445481690718231,POSITIVE,2013-01-29,1507.8399658203125,0.8710092184394922,POSITIVE,2013-01-31,1498.1099853515625,0.22009601026984055,NEUTRAL,2013-02-22,1515.5999755859375,1.390135939011389,POSITIVE,2013-02-25,1487.8499755859375,-0.4662749330063578,NEGATIVE,6.043543111322344,1585.1600341796875,STRONG_POSITIVE,2.416344202982876,0.0,True,Measured from the event-date reference close to subsequent trading-session closes.,True,True,2013-04-25
MSFT,Information Technology,2012-09-30,2012-10-18,0.53,0.56,-0.03,-5.3571,-5.357142857142862,MISS,False,,,,,UNKNOWN,True,True,True,Alpha Vantage EARNINGS,primary_event_data,PRIMARY_EVENT_DATA,False,False,False,True,2012-10-18,1457.3399658203125,2012-10-19,1433.18994140625,-1.657130455519269,NEGATIVE,2012-10-23,1413.1099853515625,-3.0349802726952375,STRONG_NEGATIVE,2012-10-25,1412.969970703125,-3.0445878214979416,STRONG_NEGATIVE,2012-11-19,1386.8900146484375,-4.8341466524058365,STRONG_NEGATIVE,2012-11-20,1387.81005859375,-4.771014921520064,STRONG_NEGATIVE,2.571129156699288,1494.81005859375,STRONG_POSITIVE,0.0,-7.82178440911774,True,Measured from the event-date reference close to subsequent trading-session closes.,True,True,2013-01-23
MSFT,Information Technology,2012-06-30,2012-07-19,0.73,0.62,0.11,17.7419,17.741935483870964,LARGE_BEAT,True,,,,,UNKNOWN,True,True,True,Alpha Vantage EARNINGS,primary_event_data,PRIMARY_EVENT_DATA,False,False,False,True,2012-07-19,1376.510009765625,2012-07-20,1362.6600341796875,-1.0061659913606948,NEGATIVE,2012-07-24,1338.31005859375,-2.7751306493135646,STRONG_NEGATIVE,2012-07-26,1360.02001953125,-1.1979564345618314,NEGATIVE,2012-08-16,1415.510009765625,2.833252190199506,STRONG_POSITIVE,2012-08-17,1418.1600341796875,3.025769817769371,STRONG_POSITIVE,6.131450103180367,1460.9100341796875,STRONG_POSITIVE,2.9734568837312008,-3.4340483684022427,True,Measured from the event-date reference close to subsequent trading-session closes.,True,True,2012-10-17
MSFT,Information Technology,2012-03-31,2012-04-19,0.6,0.58,0.02,3.4483,3.448275862068969,BEAT,True,,,,,UNKNOWN,True,True,True,Alpha Vantage EARNINGS,primary_event_data,PRIMARY_EVENT_DATA,False,False,False,True,2012-04-19,1376.9200439453125,2012-04-20,1378.530029296875,0.11692656800531288,NEUTRAL,2012-04-24,1371.969970703125,-0.3595033178545336,NEGATIVE,2012-04-26,1399.97998046875,1.6747476823246374,POSITIVE,2012-05-17,1304.8599853515625,-5.233423604414609,STRONG_NEGATIVE,2012-05-18,1295.219970703125,-5.9335379422679395,STRONG_NEGATIVE,-0.029779084231544926,1376.510009765625,NEUTRAL,2.788825866295192,-5.233423604414609,True,Measured from the event-date reference close to subsequent trading-session closes.,True,True,2012-07-19
MSFT,Information Technology,2011-12-31,2012-01-19,0.78,0.76,0.02,2.6316,2.6315789473684235,IN_LINE,True,,,,,UNKNOWN,True,True,True,Alpha Vantage EARNINGS,primary_event_data,PRIMARY_EVENT_DATA,False,False,False,True,2012-01-19,1314.5,2012-01-20,1315.3800048828125,0.0669459781523393,NEUTRAL,2012-01-24,1314.6500244140625,0.01141304024819323,NEUTRAL,2012-01-26,1318.4300537109375,0.2989770795692278,POSITIVE,2012-02-16,1358.0400390625,3.312289011981742,STRONG_POSITIVE,2012-02-17,1361.22998046875,3.554962378756181,STRONG_POSITIVE,4.748576945250095,1376.9200439453125,STRONG_POSITIVE,3.3868405881513888,-1.065805231314188,True,Measured from the event-date reference close to subsequent trading-session closes.,True,True,2012-04-19
MSFT,Information Technology,2011-09-30,2011-10-20,0.68,0.68,0.0,0.0,0.0,IN_LINE,False,,,,,UNKNOWN,True,True,True,Alpha Vantage EARNINGS,primary_event_data,PRIMARY_EVENT_DATA,False,False,False,True,2011-10-20,1215.3900146484375,2011-10-21,1238.25,1.8808765150316753,POSITIVE,2011-10-25,1229.050048828125,1.123921869938909,POSITIVE,2011-10-27,1284.5899658203125,5.693641574954992,STRONG_POSITIVE,2011-11-17,1216.1300048828125,0.06088500197107912,NEUTRAL,2011-11-18,1215.6500244140625,0.021393113526624635,NEUTRAL,8.277999994978142,1316.0,STRONG_POSITIVE,6.357631591502012,-0.49037435437742777,True,Measured from the event-date reference close to subsequent trading-session closes.,True,True,2012-01-23
MSFT,Information Technology,2011-06-30,2011-07-21,0.69,0.58,0.11,18.9655,18.96551724137931,LARGE_BEAT,True,,,,,UNKNOWN,True,True,True,Alpha Vantage EARNINGS,primary_event_data,PRIMARY_EVENT_DATA,False,False,False,True,2011-07-21,1343.800048828125,2011-07-22,1345.02001953125,0.09078513609140648,NEUTRAL,2011-07-26,1331.93994140625,-0.8825797731007475,NEGATIVE,2011-07-28,1300.6700439453125,-3.2095552400392067,STRONG_NEGATIVE,2011-08-18,1140.6500244140625,-15.117578287872636,STRONG_NEGATIVE,2011-08-19,1123.530029296875,-16.391576985232202,STRONG_NEGATIVE,-9.965771623694975,1209.8800048828125,STRONG_NEGATIVE,0.1711509654891124,-18.0279804258744,True,Measured from the event-date reference close to subsequent trading-session closes.,True,True,2011-10-19
MSFT,Information Technology,2011-03-31,2011-04-28,0.61,0.56,0.05,8.9286,8.928571428571416,BEAT,True,,,,,UNKNOWN,True,True,True,Alpha Vantage EARNINGS,primary_event_data,PRIMARY_EVENT_DATA,False,False,False,True,2011-04-28,1360.47998046875,2011-04-29,1363.6099853515625,0.2300662213150733,NEUTRAL,2011-05-03,1356.6199951171875,-0.28372231910627244,NEGATIVE,2011-05-05,1335.0999755859375,-1.8655184381373906,NEGATIVE,2011-05-26,1325.68994140625,-2.5571886071056467,STRONG_NEGATIVE,2011-05-27,1331.0999755859375,-2.1595323198133127,STRONG_NEGATIVE,-4.3962379000115925,1300.6700439453125,STRONG_NEGATIVE,0.7423832567133828,-3.5781439153446746,True,Measured from the event-date reference close to subsequent trading-session closes.,True,True,2011-07-28
MSFT,Information Technology,2010-12-31,2011-01-27,0.77,0.68,0.09,13.2353,13.235294117647053,LARGE_BEAT,True,,,,,UNKNOWN,True,True,True,Alpha Vantage EARNINGS,primary_event_data,PRIMARY_EVENT_DATA,False,False,False,True,2011-01-27,1299.5400390625,2011-01-28,1276.3399658203125,-1.7852526697772424,NEGATIVE,2011-02-01,1307.5899658203125,0.6194443045879363,POSITIVE,2011-02-03,1307.0999755859375,0.5817394074976948,POSITIVE,2011-02-25,1319.8800048828125,1.565166536537492,POSITIVE,2011-02-28,1327.219970703125,2.129979131739069,STRONG_POSITIVE,4.689346966963221,1360.47998046875,STRONG_POSITIVE,3.4265898616472628,-1.8806702942522482,True,Measured from the event-date reference close to subsequent trading-session closes.,True,True,2011-04-28
MSFT,Information Technology,2010-09-30,2010-10-28,0.62,0.55,0.07,12.7273,12.727272727272718,LARGE_BEAT,True,,,,,UNKNOWN,True,True,True,Alpha Vantage EARNINGS,primary_event_data,PRIMARY_EVENT_DATA,False,False,False,True,2010-10-28,1183.780029296875,2010-10-29,1183.260009765625,-0.04392872986367863,NEUTRAL,2010-11-02,1193.5699462890625,0.8270047432716344,POSITIVE,2010-11-04,1221.06005859375,3.149236207255335,STRONG_POSITIVE,2010-11-26,1189.4000244140625,0.4747499516887091,POSITIVE,2010-11-29,1187.760009765625,0.3362094620834221,POSITIVE,7.819014870390655,1276.3399658203125,STRONG_POSITIVE,3.6577679709237176,-0.9106446324557418,True,Measured from the event-date reference close to subsequent trading-session closes.,True,True,2011-01-28
MSFT,Information Technology,2010-06-30,2010-07-22,0.51,0.46,0.05,10.8696,10.8695652173913,LARGE_BEAT,True,,,,,UNKNOWN,True,True,True,Alpha Vantage EARNINGS,primary_event_data,PRIMARY_EVENT_DATA,False,False,False,True,2010-07-22,1093.6700439453125,2010-07-23,1102.6600341796875,0.8220020548377142,POSITIVE,2010-07-27,1113.8399658203125,1.8442419618844903,POSITIVE,2010-07-29,1101.530029296875,0.718679769559047,POSITIVE,2010-08-19,1075.6300048828125,-1.6494955825453759,NEGATIVE,2010-08-20,1071.68994140625,-2.0097562935683357,STRONG_NEGATIVE,7.726279097411696,1178.1700439453125,STRONG_POSITIVE,3.252347130286868,-2.2109093912557225,True,Measured from the event-date reference close to subsequent trading-session closes.,True,True,2010-10-20
MSFT,Information Technology,2010-03-31,2010-04-22,0.45,0.42,0.03,7.1429,7.1428571428571495,BEAT,True,,,,,UNKNOWN,True,True,True,Alpha Vantage EARNINGS,primary_event_data,PRIMARY_EVENT_DATA,False,False,False,True,2010-04-22,1208.6700439453125,2010-04-23,1217.280029296875,0.7123520099379635,POSITIVE,2010-04-27,1183.7099609375,-2.0650865910714873,STRONG_NEGATIVE,2010-04-29,1206.780029296875,-0.1563714313848764,NEUTRAL,2010-05-20,1071.5899658203125,-11.341397829100357,STRONG_NEGATIVE,2010-05-21,1087.68994140625,-10.009357238983279,STRONG_NEGATIVE,-9.514590071631103,1093.6700439453125,STRONG_NEGATIVE,0.9208472517844654,-11.821258051240099,True,Measured from the event-date reference close to subsequent trading-session closes.,True,True,2010-07-22
MSFT,Information Technology,2009-12-31,2010-01-28,0.74,0.59,0.15,25.4237,25.423728813559325,LARGE_BEAT,True,,,,,UNKNOWN,True,True,True,Alpha Vantage EARNINGS,primary_event_data,PRIMARY_EVENT_DATA,False,False,False,True,2010-01-28,1084.530029296875,2010-01-29,1073.8699951171875,-0.9829173828039264,NEGATIVE,2010-02-02,1103.3199462890625,1.7325400389668715,POSITIVE,2010-02-04,1063.1099853515625,-1.9750530982714782,NEGATIVE,2010-02-26,1104.489990234375,1.8404249212389707,POSITIVE,2010-03-01,1115.7099609375,2.874971720316462,STRONG_POSITIVE,11.27216367436662,1206.780029296875,STRONG_POSITIVE,2.5716221676701028,-3.6910023895629114,True,Measured from the event-date reference close to subsequent trading-session closes.,True,True,2010-04-29
MSFT,Information Technology,2009-09-30,2009-10-23,0.4,0.32,0.08,25.0,25.000000000000007,LARGE_BEAT,True,,,,,UNKNOWN,True,True,True,Alpha Vantage EARNINGS,primary_event_data,PRIMARY_EVENT_DATA,False,False,False,True,2009-10-23,1079.5999755859375,2009-10-26,1066.949951171875,-1.1717325583669895,NEGATIVE,2009-10-28,1042.6300048828125,-3.4244138142982146,STRONG_NEGATIVE,2009-10-30,1036.18994140625,-4.020936936028303,STRONG_NEGATIVE,2009-11-20,1091.3800048828125,1.091147606823681,POSITIVE,2009-11-23,1106.239990234375,2.4675819980432117,STRONG_POSITIVE,1.1643264768094101,1092.1700439453125,POSITIVE,3.1576478872936855,-4.651720251833909,True,Measured from the event-date reference close to subsequent trading-session closes.,True,True,2010-01-26
MSFT,Information Technology,2009-06-30,2009-07-23,0.36,0.36,0.0,0.0,0.0,IN_LINE,False,,,,,UNKNOWN,True,True,True,Alpha Vantage EARNINGS,primary_event_data,PRIMARY_EVENT_DATA,False,False,False,True,2009-07-23,976.2899780273438,2009-07-24,979.260009765625,0.3042161453180528,POSITIVE,2009-07-28,979.6199951171875,0.34108893513095995,POSITIVE,2009-07-30,986.75,1.0714052390245152,POSITIVE,2009-08-20,1007.3699951171875,3.1834821404848292,STRONG_POSITIVE,2009-08-21,1026.1300048828125,5.105043376167162,STRONG_POSITIVE,10.766273213118536,1081.4000244140625,STRONG_POSITIVE,4.27229848829689,-1.059108057342252,True,Measured from the event-date reference close to subsequent trading-session closes.,True,True,2009-10-21
MSFT,Information Technology,2009-03-31,2009-04-23,0.39,0.39,0.0,0.0,0.0,IN_LINE,False,,,,,UNKNOWN,True,True,True,Alpha Vantage EARNINGS,primary_event_data,PRIMARY_EVENT_DATA,False,False,False,True,2009-04-23,851.9199829101562,2009-04-24,866.22998046875,1.6797349335216718,POSITIVE,2009-04-28,855.1599731445312,0.3803162620164399,POSITIVE,2009-04-30,872.8099975585938,2.4521099478236525,STRONG_POSITIVE,2009-05-21,888.3300170898438,4.273879579078651,STRONG_POSITIVE,2009-05-22,887.0,4.117759624561278,STRONG_POSITIVE,14.598788338353085,976.2899780273438,STRONG_POSITIVE,9.185134938694386,-0.5634317646326367,True,Measured from the event-date reference close to subsequent trading-session closes.,True,True,2009-07-23
MSFT,Information Technology,2008-12-31,2009-01-22,0.47,0.49,-0.02,-4.0816,-4.081632653061228,MISS,False,,,,,UNKNOWN,True,True,True,Alpha Vantage EARNINGS,primary_event_data,PRIMARY_EVENT_DATA,False,False,False,True,2009-01-22,827.5,2009-01-23,831.9500122070312,0.5377658256231117,POSITIVE,2009-01-27,845.7100219726562,2.2006068849131424,STRONG_POSITIVE,2009-01-29,845.1400146484375,2.131723824584592,STRONG_POSITIVE,2009-02-20,770.0499877929688,-6.9425996624811175,STRONG_NEGATIVE,2009-02-23,743.3300170898438,-10.1715991432213,STRONG_NEGATIVE,2.951055336574773,851.9199829101562,STRONG_POSITIVE,6.085798834025679,-8.851963746223564,True,Measured from the event-date reference close to subsequent trading-session closes.,True,True,2009-04-23
MSFT,Information Technology,2008-09-30,2008-10-23,0.48,0.47,0.01,2.1277,2.1276595744680877,IN_LINE,True,,,,,UNKNOWN,True,True,True,Alpha Vantage EARNINGS,primary_event_data,PRIMARY_EVENT_DATA,False,False,False,True,2008-10-23,908.1099853515625,2008-10-24,876.77001953125,-3.451120054381921,STRONG_NEGATIVE,2008-10-28,940.510009765625,3.5678524558365328,STRONG_POSITIVE,2008-10-30,954.0900268554688,5.063267913093775,STRONG_POSITIVE,2008-11-20,752.4400024414062,-17.142194824549883,STRONG_NEGATIVE,2008-11-21,800.030029296875,-11.901637224355133,STRONG_NEGATIVE,-7.877897961847431,836.5700073242188,STRONG_NEGATIVE,10.945813394572589,-17.655345568369444,True,Measured from the event-date reference close to subsequent trading-session closes.,True,True,2009-01-26
MSFT,Information Technology,2008-06-30,2008-07-17,0.46,0.47,-0.01,-2.1277,-2.1276595744680757,IN_LINE,False,,,,,UNKNOWN,True,True,True,Alpha Vantage EARNINGS,primary_event_data,PRIMARY_EVENT_DATA,False,False,False,True,2008-07-17,1260.3199462890625,2008-07-18,1260.6800537109375,0.02857269877663327,NEUTRAL,2008-07-22,1277.0,1.3234777216730507,POSITIVE,2008-07-24,1252.5400390625,-0.6172962071631077,NEGATIVE,2008-08-14,1292.9300537109375,2.587446744605886,STRONG_POSITIVE,2008-08-15,1298.199951171875,3.005586398465559,STRONG_POSITIVE,-27.967495116732067,907.8400268554688,STRONG_NEGATIVE,4.191798938083543,-2.0589971021472047,True,Measured from the event-date reference close to subsequent trading-session closes.,True,True,2008-10-15
MSFT,Information Technology,2008-03-31,2008-04-24,0.47,0.44,0.03,6.8182,6.818181818181812,BEAT,True,,,,,UNKNOWN,True,True,True,Alpha Vantage EARNINGS,primary_event_data,PRIMARY_EVENT_DATA,False,False,False,True,2008-04-24,1388.8199462890625,2008-04-25,1397.8399658203125,0.6494736452591685,POSITIVE,2008-04-29,1390.93994140625,0.15264722564304634,NEUTRAL,2008-05-01,1409.3399658203125,1.4775147481197726,POSITIVE,2008-05-22,1394.3499755859375,0.3981818745944196,POSITIVE,2008-05-23,1375.9300537109375,-0.9281183361865512,NEGATIVE,-9.812640406749878,1252.5400390625,STRONG_NEGATIVE,3.702426947618894,-0.6365091345305743,True,Measured from the event-date reference close to subsequent trading-session closes.,True,True,2008-07-24
MSFT,Information Technology,2007-12-31,2008-01-24,0.5,0.46,0.04,8.6957,8.69565217391304,BEAT,True,,,,,UNKNOWN,True,True,True,Alpha Vantage EARNINGS,primary_event_data,PRIMARY_EVENT_DATA,False,False,False,True,2008-01-24,1352.0699462890625,2008-01-25,1330.6099853515625,-1.5871931031674613,NEGATIVE,2008-01-29,1362.300048828125,0.7566252446584136,POSITIVE,2008-01-31,1378.550048828125,1.9584861428020566,POSITIVE,2008-02-22,1353.1099853515625,0.07692198656989062,NEUTRAL,2008-02-25,1371.800048828125,1.459251615880851,POSITIVE,2.7180546465710087,1388.8199462890625,STRONG_POSITIVE,3.250576892328269,-2.6122869150374086,True,Measured from the event-date reference close to subsequent trading-session closes.,True,True,2008-04-24
MSFT,Information Technology,2007-09-30,2007-10-25,0.45,0.39,0.06,15.3846,15.384615384615383,LARGE_BEAT,True,,,,,UNKNOWN,True,True,True,Alpha Vantage EARNINGS,primary_event_data,PRIMARY_EVENT_DATA,False,False,False,True,2007-10-25,1514.4000244140625,2007-10-26,1535.280029296875,1.37876416707608,POSITIVE,2007-10-30,1531.02001953125,1.097464002195718,POSITIVE,2007-11-01,1508.43994140625,-0.39356067827049324,NEGATIVE,2007-11-23,1440.699951171875,-4.866618598391984,STRONG_NEGATIVE,2007-11-26,1407.219970703125,-7.077393818215673,STRONG_NEGATIVE,-10.594298790944517,1353.9599609375,STRONG_NEGATIVE,2.5330153680104694,-6.521395151445293,True,Measured from the event-date reference close to subsequent trading-session closes.,True,True,2008-01-28
MSFT,Information Technology,2007-06-30,2007-07-19,0.31,0.34,-0.03,-8.8235,-8.823529411764714,MISS,False,,,,,UNKNOWN,True,True,True,Alpha Vantage EARNINGS,primary_event_data,PRIMARY_EVENT_DATA,False,False,False,True,2007-07-19,1553.0799560546875,2007-07-20,1534.0999755859375,-1.222086499459122,NEGATIVE,2007-07-24,1511.0400390625,-2.706873965393394,STRONG_NEGATIVE,2007-07-26,1482.6600341796875,-4.534210978672907,STRONG_NEGATIVE,2007-08-16,1411.27001953125,-9.130884470602494,STRONG_NEGATIVE,2007-08-17,1445.93994140625,-6.898551116492863,STRONG_NEGATIVE,-0.7623539132131835,1541.239990234375,NEGATIVE,0.007081757196963475,-11.749554796412841,True,Measured from the event-date reference close to subsequent trading-session closes.,True,True,2007-10-17
MSFT,Information Technology,2007-03-31,2007-04-26,0.5,0.46,0.04,8.6957,8.69565217391304,BEAT,True,,,,,UNKNOWN,True,True,True,Alpha Vantage EARNINGS,primary_event_data,PRIMARY_EVENT_DATA,False,False,False,True,2007-04-26,1494.25,2007-04-27,1494.0699462890625,-0.012049771519993308,NEUTRAL,2007-05-01,1486.300048828125,-0.5320362169566671,NEGATIVE,2007-05-03,1502.3900146484375,0.5447558740798059,POSITIVE,2007-05-24,1507.510009765625,0.8874023600886732,POSITIVE,2007-05-25,1515.72998046875,1.4375091496570185,POSITIVE,-0.7756376657395014,1482.6600341796875,NEGATIVE,2.5551315851388656,-1.1745055263928392,True,Measured from the event-date reference close to subsequent trading-session closes.,True,True,2007-07-26
MSFT,Information Technology,2006-12-31,2007-01-25,0.26,0.24,0.02,8.3333,8.333333333333341,BEAT,True,,,,,UNKNOWN,True,True,True,Alpha Vantage EARNINGS,primary_event_data,PRIMARY_EVENT_DATA,False,False,False,True,2007-01-25,1423.9000244140625,2007-01-26,1422.1800537109375,-0.12079294006844134,NEUTRAL,2007-01-30,1428.8199462890625,0.3455243901006713,POSITIVE,2007-02-01,1445.93994140625,1.5478556509792156,POSITIVE,2007-02-23,1451.18994140625,1.9165613121902538,POSITIVE,2007-02-26,1449.3699951171875,1.7887471217374225,POSITIVE,4.9406541456368505,1494.25,STRONG_POSITIVE,2.6455454195600034,-0.4873982272328669,True,Measured from the event-date reference close to subsequent trading-session closes.,True,True,2007-04-26
MSFT,Information Technology,2006-09-30,2006-10-26,0.35,0.31,0.04,12.9032,12.903225806451609,LARGE_BEAT,True,,,,,UNKNOWN,True,True,True,Alpha Vantage EARNINGS,primary_event_data,PRIMARY_EVENT_DATA,False,False,False,True,2006-10-26,1389.0799560546875,2006-10-27,1377.3399658203125,-0.8451630291836707,NEGATIVE,2006-10-31,1377.93994140625,-0.8019707288900599,NEGATIVE,2006-11-02,1367.3399658203125,-1.565063993589085,NEGATIVE,2006-11-24,1400.949951171875,0.854522093235084,POSITIVE,2006-11-27,1381.9599609375,-0.5125691351425121,NEGATIVE,2.860885729518831,1428.8199462890625,STRONG_POSITIVE,1.3541379322162976,-2.0229199524085,True,Measured from the event-date reference close to subsequent trading-session closes.,True,True,2007-01-30
MSFT,Information Technology,2006-06-30,2006-07-20,0.31,0.3,0.01,3.3333,3.3333333333333366,BEAT,True,,,,,UNKNOWN,True,True,True,Alpha Vantage EARNINGS,primary_event_data,PRIMARY_EVENT_DATA,False,False,False,True,2006-07-20,1249.1300048828125,2006-07-21,1240.2900390625,-0.707689814971807,NEGATIVE,2006-07-25,1268.8800048828125,1.5811004397298785,POSITIVE,2006-07-27,1263.199951171875,1.1263796589677209,POSITIVE,2006-08-17,1297.47998046875,3.8706920334103625,STRONG_POSITIVE,2006-08-18,1302.300048828125,4.2565660689818,STRONG_POSITIVE,9.34010419165761,1365.800048828125,STRONG_POSITIVE,4.134879813323199,-0.8333827655244036,True,Measured from the event-date reference close to subsequent trading-session closes.,True,True,2006-10-18
MSFT,Information Technology,2006-03-31,2006-04-27,0.32,0.33,-0.01,-3.0303,-3.030303030303033,MISS,False,,,,,UNKNOWN,True,True,True,Alpha Vantage EARNINGS,primary_event_data,PRIMARY_EVENT_DATA,False,False,False,True,2006-04-27,1309.719970703125,2006-04-28,1310.6099853515625,0.06795457566090975,NEUTRAL,2006-05-02,1313.2099609375,0.2664684293163365,POSITIVE,2006-05-04,1312.25,0.19317330066493146,NEUTRAL,2006-05-25,1272.8800048828125,-2.8128124060393547,STRONG_NEGATIVE,2006-05-26,1280.1600341796875,-2.2569661595347137,STRONG_NEGATIVE,-3.551905794509315,1263.199951171875,STRONG_NEGATIVE,1.2964588498741663,-4.915554952426205,True,Measured from the event-date reference close to subsequent trading-session closes.,True,True,2006-07-27
MSFT,Information Technology,2005-12-31,2006-01-26,0.36,0.36,0.0,0.0,0.0,IN_LINE,False,,,,,UNKNOWN,True,True,True,Alpha Vantage EARNINGS,primary_event_data,PRIMARY_EVENT_DATA,False,False,False,True,2006-01-26,1273.8299560546875,2006-01-27,1283.719970703125,0.7763999112620104,POSITIVE,2006-01-31,1280.0799560546875,0.490646335509139,POSITIVE,2006-02-02,1270.8399658203125,-0.23472444027267286,NEUTRAL,2006-02-24,1289.4300537109375,1.2246609197798033,POSITIVE,2006-02-27,1294.1199951171875,1.5928373301364658,POSITIVE,2.817488666980029,1309.719970703125,STRONG_POSITIVE,1.5967663339950349,-1.587336724734469,True,Measured from the event-date reference close to subsequent trading-session closes.,True,True,2006-04-27
MSFT,Information Technology,2005-09-30,2005-10-27,0.34,0.34,0.0,0.0,0.0,IN_LINE,False,,,,,UNKNOWN,True,True,True,Alpha Vantage EARNINGS,primary_event_data,PRIMARY_EVENT_DATA,False,False,False,True,2005-10-27,1178.9000244140625,2005-10-28,1198.4100341796875,1.6549333583500327,POSITIVE,2005-11-01,1202.760009765625,2.0239193194877916,STRONG_POSITIVE,2005-11-03,1219.93994140625,3.481204185451195,STRONG_POSITIVE,2005-11-25,1268.25,7.579096932358303,STRONG_POSITIVE,2005-11-28,1257.4599609375,6.663833649717957,STRONG_POSITIVE,9.016024666299908,1285.18994140625,STRONG_POSITIVE,7.781829530453327,0.0,True,Measured from the event-date reference close to subsequent trading-session closes.,True,True,2006-01-30
MSFT,Information Technology,2005-06-30,2005-07-21,0.33,0.31,0.02,6.4516,6.451612903225811,BEAT,True,,,,,UNKNOWN,True,True,True,Alpha Vantage EARNINGS,primary_event_data,PRIMARY_EVENT_DATA,False,False,False,True,2005-07-21,1227.0400390625,2005-07-22,1233.6800537109375,0.541140829724733,POSITIVE,2005-07-26,1231.1600341796875,0.33576696652338384,POSITIVE,2005-07-28,1243.719970703125,1.3593632733752545,POSITIVE,2005-08-18,1219.02001953125,-0.6536069953656578,NEGATIVE,2005-08-19,1219.7099609375,-0.5973788867232422,NEGATIVE,-2.549226455623567,1195.760009765625,STRONG_NEGATIVE,1.533767904056462,-0.9054297331691722,True,Measured from the event-date reference close to subsequent trading-session closes.,True,True,2005-10-19
MSFT,Information Technology,2005-03-31,2005-04-28,0.32,0.32,0.0,0.0,0.0,IN_LINE,False,,,,,UNKNOWN,True,True,True,Alpha Vantage EARNINGS,primary_event_data,PRIMARY_EVENT_DATA,False,False,False,True,2005-04-28,1143.219970703125,2005-04-29,1156.8499755859375,1.1922469194121508,POSITIVE,2005-05-03,1161.1700439453125,1.5701329317355701,POSITIVE,2005-05-05,1172.6300048828125,2.5725612684669232,STRONG_POSITIVE,2005-05-26,1197.6199951171875,4.758491437181976,STRONG_POSITIVE,2005-05-27,1198.780029296875,4.85996221353432,STRONG_POSITIVE,8.790959095841247,1243.719970703125,STRONG_POSITIVE,4.8748256588339585,-0.35251564879472624,True,Measured from the event-date reference close to subsequent trading-session closes.,True,True,2005-07-28
MSFT,Information Technology,2004-12-31,2005-01-27,0.35,0.33,0.02,6.0606,6.060606060606049,BEAT,True,,,,,UNKNOWN,True,True,True,Alpha Vantage EARNINGS,primary_event_data,PRIMARY_EVENT_DATA,False,False,False,True,2005-01-27,1174.550048828125,2005-01-28,1171.3599853515625,-0.2715987692261643,NEGATIVE,2005-02-01,1189.4100341796875,1.265164082738632,POSITIVE,2005-02-03,1189.8900146484375,1.3060291330810065,POSITIVE,2005-02-25,1211.3699951171875,3.1348128865005447,STRONG_POSITIVE,2005-02-28,1203.5999755859375,2.4732813034911763,STRONG_POSITIVE,-2.6674110785026763,1143.219970703125,STRONG_NEGATIVE,3.225907028476871,-0.7066577398218276,True,Measured from the event-date reference close to subsequent trading-session closes.,True,True,2005-04-28
MSFT,Information Technology,2004-09-30,2004-10-21,0.31,0.3,0.01,3.3333,3.3333333333333366,BEAT,True,,,,,UNKNOWN,True,True,True,Alpha Vantage EARNINGS,primary_event_data,PRIMARY_EVENT_DATA,False,False,False,True,2004-10-21,1106.489990234375,2004-10-22,1095.739990234375,-0.9715406460860032,NEGATIVE,2004-10-26,1111.0899658203125,0.4157268142085172,POSITIVE,2004-10-28,1127.43994140625,1.8933701485575494,POSITIVE,2004-11-18,1183.550048828125,6.9643701501020585,STRONG_POSITIVE,2004-11-19,1170.3399658203125,5.7704973519383485,STRONG_POSITIVE,5.54727159075439,1167.8699951171875,STRONG_POSITIVE,7.408107748517658,-1.4640847467986178,True,Measured from the event-date reference close to subsequent trading-session closes.,True,True,2005-01-21
MSFT,Information Technology,2004-06-30,2004-07-22,0.28,0.28,0.0,0.0,0.0,IN_LINE,False,,,,,UNKNOWN,True,True,True,Alpha Vantage EARNINGS,primary_event_data,PRIMARY_EVENT_DATA,False,False,False,True,2004-07-22,1096.8399658203125,2004-07-23,1086.199951171875,-0.9700608092339132,NEGATIVE,2004-07-27,1094.8299560546875,-0.1832546067120867,NEUTRAL,2004-07-29,1100.4300537109375,0.3273119144541765,POSITIVE,2004-08-19,1091.22998046875,-0.5114679922669361,NEGATIVE,2004-08-20,1098.3499755859375,0.13766910512744518,NEUTRAL,0.621792474007305,1103.6600341796875,POSITIVE,1.072171887612596,-3.293096189303589,True,Measured from the event-date reference close to subsequent trading-session closes.,True,True,2004-10-20
MSFT,Information Technology,2004-03-31,2004-04-22,0.34,0.29,0.05,17.2414,17.241379310344847,LARGE_BEAT,True,,,,,UNKNOWN,True,True,True,Alpha Vantage EARNINGS,primary_event_data,PRIMARY_EVENT_DATA,False,False,False,True,2004-04-22,1139.9300537109375,2004-04-23,1140.5999755859375,0.05876868258882473,NEUTRAL,2004-04-27,1138.1099853515625,-0.1596649157068835,NEUTRAL,2004-04-29,1113.8900146484375,-2.284354112581649,STRONG_NEGATIVE,2004-05-20,1089.18994140625,-4.45116015140646,STRONG_NEGATIVE,2004-05-21,1093.56005859375,-4.067793016442916,STRONG_NEGATIVE,-4.713456090060008,1086.199951171875,STRONG_NEGATIVE,0.5816150614881264,-5.580176363874094,True,Measured from the event-date reference close to subsequent trading-session closes.,True,True,2004-07-23
MSFT,Information Technology,2003-12-31,2004-01-22,0.34,0.3,0.04,13.3333,13.333333333333346,LARGE_BEAT,True,,,,,UNKNOWN,True,True,True,Alpha Vantage EARNINGS,primary_event_data,PRIMARY_EVENT_DATA,False,False,False,True,2004-01-22,1143.93994140625,2004-01-23,1141.550048828125,-0.20891766181248078,NEUTRAL,2004-01-27,1144.050048828125,0.009625279954788929,NEUTRAL,2004-01-29,1134.1099853515625,-0.8593070054537562,NEGATIVE,2004-02-20,1144.1099853515625,0.014864761615322592,NEUTRAL,2004-02-23,1140.989990234375,-0.25787640286854685,NEGATIVE,-0.3505330612359884,1139.9300537109375,NEGATIVE,1.3147577524053595,-1.884708780859053,True,Measured from the event-date reference close to subsequent trading-session closes.,True,True,2004-04-22
MSFT,Information Technology,2003-09-30,2003-10-23,0.3,0.29,0.01,3.4483,3.448275862068969,BEAT,True,,,,,UNKNOWN,True,True,True,Alpha Vantage EARNINGS,primary_event_data,PRIMARY_EVENT_DATA,False,False,False,True,2003-10-23,1033.77001953125,2003-10-24,1028.9100341796875,-0.4701224895036325,NEGATIVE,2003-10-28,1046.7900390625,1.2594696388229332,POSITIVE,2003-10-30,1046.93994140625,1.2739701893242885,POSITIVE,2003-11-20,1033.6500244140625,-0.011607525360612632,NEUTRAL,2003-11-21,1035.280029296875,0.14606824894280596,NEUTRAL,11.76276863214465,1155.3699951171875,STRONG_POSITIVE,2.890391897451351,-1.4945308835747495,True,Measured from the event-date reference close to subsequent trading-session closes.,True,True,2004-01-26
MSFT,Information Technology,2003-06-30,2003-07-17,0.23,0.23,0.0,0.0,0.0,IN_LINE,False,,,,,UNKNOWN,True,True,True,Alpha Vantage EARNINGS,primary_event_data,PRIMARY_EVENT_DATA,False,False,False,True,2003-07-17,981.72998046875,2003-07-18,993.3200073242188,1.180571754560742,POSITIVE,2003-07-22,988.1099853515625,0.6498736933516299,POSITIVE,2003-07-24,981.5999755859375,-0.013242427693857951,NEUTRAL,2003-08-14,990.510009765625,0.8943425862050958,POSITIVE,2003-08-15,990.6699829101562,0.9106376110809651,POSITIVE,6.624023977125043,1046.760009765625,STRONG_POSITIVE,2.3285472422675415,-2.127871617336862,True,Measured from the event-date reference close to subsequent trading-session closes.,True,True,2003-10-15
MSFT,Information Technology,2003-03-31,2003-04-15,0.26,0.23,0.03,13.0435,13.043478260869565,LARGE_BEAT,True,,,,,UNKNOWN,True,True,True,Alpha Vantage EARNINGS,primary_event_data,PRIMARY_EVENT_DATA,False,False,False,True,2003-04-15,890.8099975585938,2003-04-16,879.9099731445312,-1.2236082266628965,NEGATIVE,2003-04-21,892.010009765625,0.13471023117388375,NEUTRAL,2003-04-23,919.02001953125,3.1667832702787684,STRONG_POSITIVE,2003-05-14,939.280029296875,5.441118967133403,STRONG_POSITIVE,2003-05-15,946.6699829101562,6.270695827915679,STRONG_POSITIVE,11.59394591213955,994.0900268554688,STRONG_POSITIVE,6.36499504523149,-1.445875654529271,True,Measured from the event-date reference close to subsequent trading-session closes.,True,True,2003-07-16
MSFT,Information Technology,2002-12-31,2003-01-16,0.27,0.23,0.04,17.3913,17.39130434782609,LARGE_BEAT,True,,,,,UNKNOWN,True,True,True,Alpha Vantage EARNINGS,primary_event_data,PRIMARY_EVENT_DATA,False,False,False,True,2003-01-16,914.5999755859375,2003-01-17,901.780029296875,-1.4016998284795947,NEGATIVE,2003-01-22,878.3599853515625,-3.962386967171947,STRONG_NEGATIVE,2003-01-24,861.4000244140625,-5.816745308547872,STRONG_NEGATIVE,2003-02-14,834.8900146484375,-8.715281332304201,STRONG_NEGATIVE,2003-02-18,851.1699829101562,-6.935271634480953,STRONG_NEGATIVE,-2.2982679922582916,893.5800170898438,STRONG_NEGATIVE,0.0,-11.842335496368788,True,Measured from the event-date reference close to subsequent trading-session closes.,True,True,2003-04-17
MSFT,Information Technology,2002-09-30,2002-10-17,0.28,0.21,0.07,33.3333,33.33333333333336,LARGE_BEAT,True,,,,,UNKNOWN,True,True,True,Alpha Vantage EARNINGS,primary_event_data,PRIMARY_EVENT_DATA,False,False,False,True,2002-10-17,879.2000122070312,2002-10-18,884.3900146484375,0.5903096416454695,POSITIVE,2002-10-22,890.1599731445312,1.2465833468299796,POSITIVE,2002-10-24,882.5,0.375339825654106,POSITIVE,2002-11-14,904.27001953125,2.8514566624363678,STRONG_POSITIVE,2002-11-15,909.8300170898438,3.4838494605934835,STRONG_POSITIVE,2.568245766189398,901.780029296875,STRONG_POSITIVE,5.284344892224564,-1.4353952390773834,True,Measured from the event-date reference close to subsequent trading-session closes.,True,True,2003-01-17
MSFT,Information Technology,2002-06-30,2002-07-18,0.21,0.21,0.0,0.0,0.0,IN_LINE,False,,,,,UNKNOWN,True,True,True,Alpha Vantage EARNINGS,primary_event_data,PRIMARY_EVENT_DATA,False,False,False,True,2002-07-18,881.5599975585938,2002-07-19,847.75,-3.8352463419651177,STRONG_NEGATIVE,2002-07-23,797.7000122070312,-9.512680428309551,STRONG_NEGATIVE,2002-07-25,838.6799926757812,-4.864105109302267,STRONG_NEGATIVE,2002-08-15,930.25,5.523163775154172,STRONG_POSITIVE,2002-08-16,928.77001953125,5.355281784949457,STRONG_POSITIVE,-2.443393312649951,860.02001953125,STRONG_NEGATIVE,5.868004516086463,-12.010527380556997,True,Measured from the event-date reference close to subsequent trading-session closes.,True,True,2002-10-16
MSFT,Information Technology,2002-03-31,2002-04-18,0.25,0.25,0.0,0.0,0.0,IN_LINE,False,,,,,UNKNOWN,True,True,True,Alpha Vantage EARNINGS,primary_event_data,PRIMARY_EVENT_DATA,False,False,False,True,2002-04-18,1124.469970703125,2002-04-19,1125.1700439453125,0.062258064726241465,NEUTRAL,2002-04-23,1100.9599609375,-2.0907636822817346,STRONG_NEGATIVE,2002-04-25,1091.47998046875,-2.9338258107281012,STRONG_NEGATIVE,2002-05-16,1098.22998046875,-2.333542995191528,STRONG_NEGATIVE,2002-05-17,1106.5899658203125,-1.590082914498128,NEGATIVE,-21.602175200164837,881.5599975585938,STRONG_NEGATIVE,0.38684675440621,-6.715164631600522,True,Measured from the event-date reference close to subsequent trading-session closes.,True,True,2002-07-18
MSFT,Information Technology,2001-12-31,2002-01-17,0.25,0.22,0.03,13.6364,13.636363636363637,LARGE_BEAT,True,,,,,UNKNOWN,True,True,True,Alpha Vantage EARNINGS,primary_event_data,PRIMARY_EVENT_DATA,False,False,False,True,2002-01-17,1138.8800048828125,2002-01-18,1127.5799560546875,-0.9922071491006413,NEGATIVE,2002-01-23,1128.1800537109375,-0.9395152365482081,NEGATIVE,2002-01-25,1133.280029296875,-0.4917090090201137,NEGATIVE,2002-02-15,1104.1800537109375,-3.046848748165135,STRONG_NEGATIVE,2002-02-19,1083.3399658203125,-4.876724398038309,STRONG_NEGATIVE,-1.2038108386063653,1125.1700439453125,NEGATIVE,0.05443902031200343,-5.364917754634257,True,Measured from the event-date reference close to subsequent trading-session closes.,True,True,2002-04-19
MSFT,Information Technology,2001-09-30,2001-10-18,0.22,0.2,0.02,10.0,9.999999999999996,LARGE_BEAT,True,,,,,UNKNOWN,True,True,True,Alpha Vantage EARNINGS,primary_event_data,PRIMARY_EVENT_DATA,False,False,False,True,2001-10-18,1068.6099853515625,2001-10-19,1073.47998046875,0.45573176219061046,POSITIVE,2001-10-23,1084.780029296875,1.5131848070830733,POSITIVE,2001-10-25,1100.0899658203125,2.9458811821221556,STRONG_POSITIVE,2001-11-15,1142.239990234375,6.890259860204181,STRONG_POSITIVE,2001-11-16,1138.6500244140625,6.5543126138258465,STRONG_POSITIVE,5.518381028764619,1127.5799560546875,STRONG_POSITIVE,7.455483762778224,-1.4036926666996419,True,Measured from the event-date reference close to subsequent trading-session closes.,True,True,2002-01-18
MSFT,Information Technology,2001-06-30,2001-07-19,0.22,0.21,0.01,4.7619,4.761904761904766,BEAT,True,,,,,UNKNOWN,True,True,True,Alpha Vantage EARNINGS,primary_event_data,PRIMARY_EVENT_DATA,False,False,False,True,2001-07-19,1215.02001953125,2001-07-20,1210.8499755859375,-0.3432078384125133,NEGATIVE,2001-07-24,1171.6500244140625,-3.5694881088395127,STRONG_NEGATIVE,2001-07-26,1202.9300537109375,-0.9950425199559068,NEGATIVE,2001-08-16,1181.6600341796875,-2.7456325669788266,STRONG_NEGATIVE,2001-08-17,1161.969970703125,-4.366187221227145,STRONG_NEGATIVE,-10.71916414057285,1084.780029296875,STRONG_NEGATIVE,0.9259106697139202,-4.072359275844622,True,Measured from the event-date reference close to subsequent trading-session closes.,True,True,2001-10-23
MSFT,Information Technology,2001-03-31,2001-04-19,0.22,0.21,0.01,4.7619,4.761904761904766,BEAT,True,,,,,UNKNOWN,True,True,True,Alpha Vantage EARNINGS,primary_event_data,PRIMARY_EVENT_DATA,False,False,False,True,2001-04-19,1253.68994140625,2001-04-20,1242.97998046875,-0.854275094963812,NEGATIVE,2001-04-24,1209.469970703125,-3.5271855697848187,STRONG_NEGATIVE,2001-04-26,1234.52001953125,-1.5290799775818025,NEGATIVE,2001-05-17,1288.489990234375,2.775809845701575,STRONG_POSITIVE,2001-05-18,1291.9599609375,3.052590458556519,STRONG_POSITIVE,-3.084488484578921,1215.02001953125,STRONG_NEGATIVE,3.4131277319257176,-3.6938907295923715,True,Measured from the event-date reference close to subsequent trading-session closes.,True,True,2001-07-19
MSFT,Information Technology,2000-12-31,2001-01-18,0.24,0.23,0.01,4.3478,4.3478260869565135,BEAT,True,,,,,UNKNOWN,True,True,True,Alpha Vantage EARNINGS,primary_event_data,PRIMARY_EVENT_DATA,False,False,False,True,2001-01-18,1347.969970703125,2001-01-19,1342.5400390625,-0.4028228935836494,NEGATIVE,2001-01-23,1360.4000244140625,0.9221313516690408,POSITIVE,2001-01-25,1357.510009765625,0.7077337974764932,POSITIVE,2001-02-15,1326.6099853515625,-1.5846039463639352,NEGATIVE,2001-02-16,1301.530029296875,-3.445176258787583,STRONG_NEGATIVE,-6.994223265055146,1253.68994140625,STRONG_NEGATIVE,2.6261730738406004,-3.2085284494460984,True,Measured from the event-date reference close to subsequent trading-session closes.,True,True,2001-04-19
MSFT,Information Technology,2000-09-30,2000-10-18,0.23,0.21,0.02,9.5238,9.523809523809533,BEAT,True,,,,,UNKNOWN,True,True,True,Alpha Vantage EARNINGS,primary_event_data,PRIMARY_EVENT_DATA,False,False,False,True,2000-10-18,1342.1300048828125,2000-10-19,1388.760009765625,3.4743284713975213,STRONG_POSITIVE,2000-10-23,1395.780029296875,3.997379107752451,STRONG_POSITIVE,2000-10-25,1364.9000244140625,1.696558414491162,POSITIVE,2000-11-15,1389.81005859375,3.552565961380221,STRONG_POSITIVE,2000-11-16,1372.3199462890625,2.2494051467753318,STRONG_POSITIVE,0.030551003121586717,1342.5400390625,NEUTRAL,7.177393822076014,-1.0066096217560252,True,Measured from the event-date reference close to subsequent trading-session closes.,True,True,2001-01-19
MSFT,Information Technology,2000-06-30,2000-07-18,0.22,0.21,0.01,4.7619,4.761904761904766,BEAT,True,,,,,UNKNOWN,True,True,True,Alpha Vantage EARNINGS,primary_event_data,PRIMARY_EVENT_DATA,False,False,False,True,2000-07-18,1493.739990234375,2000-07-19,1481.9599609375,-0.788626492822667,NEGATIVE,2000-07-21,1480.18994140625,-0.9071223182555977,NEGATIVE,2000-07-25,1474.469970703125,-1.290051793299478,NEGATIVE,2000-08-15,1484.4300537109375,-0.6232635253995393,NEGATIVE,2000-08-16,1479.8499755859375,-0.9298816888646122,NEGATIVE,-7.974613781244284,1374.6199951171875,STRONG_NEGATIVE,0.5476223281438699,-5.34564088181161,True,Measured from the event-date reference close to subsequent trading-session closes.,True,True,2000-10-16
MSFT,Information Technology,2000-03-31,2000-04-20,0.22,0.2,0.02,10.0,9.999999999999996,LARGE_BEAT,True,,,,,UNKNOWN,True,True,True,Alpha Vantage EARNINGS,primary_event_data,PRIMARY_EVENT_DATA,False,False,False,True,2000-04-20,1434.5400390625,2000-04-24,1429.8599853515625,-0.3262407171288162,NEGATIVE,2000-04-26,1460.989990234375,1.8437931637767715,POSITIVE,2000-04-28,1452.4300537109375,1.2470906465691243,POSITIVE,2000-05-19,1406.949951171875,-1.923270674874691,NEGATIVE,2000-05-22,1400.719970703125,-2.3575548565013964,STRONG_NEGATIVE,3.1821978544135376,1480.18994140625,STRONG_POSITIVE,3.3738969304321604,-4.140701743876147,True,Measured from the event-date reference close to subsequent trading-session closes.,True,True,2000-07-21
MSFT,Information Technology,1999-12-31,2000-01-18,0.24,0.21,0.03,14.2857,14.285714285714285,LARGE_BEAT,True,,,,,UNKNOWN,True,True,True,Alpha Vantage EARNINGS,primary_event_data,PRIMARY_EVENT_DATA,False,False,False,True,2000-01-18,1455.1400146484375,2000-01-19,1455.9000244140625,0.05222932212530894,NEUTRAL,2000-01-21,1441.3599853515625,-0.9469899224923907,NEGATIVE,2000-01-25,1410.030029296875,-3.1000443185847715,STRONG_NEGATIVE,2000-02-15,1402.050048828125,-3.6484438119955804,STRONG_NEGATIVE,2000-02-16,1387.6700439453125,-4.6366652022434955,STRONG_NEGATIVE,-3.6903715588607096,1401.43994140625,STRONG_NEGATIVE,0.7263868894167002,-7.215800468889452,True,Measured from the event-date reference close to subsequent trading-session closes.,True,True,2000-04-17
MSFT,Information Technology,1999-09-30,1999-10-19,0.19,0.17,0.02,11.7647,11.764705882352937,LARGE_BEAT,True,,,,,UNKNOWN,True,True,True,Alpha Vantage EARNINGS,primary_event_data,PRIMARY_EVENT_DATA,False,False,False,True,1999-10-19,1261.3199462890625,1999-10-20,1289.4300537109375,2.2286262501895675,STRONG_POSITIVE,1999-10-22,1301.6500244140625,3.19745027767581,STRONG_POSITIVE,1999-10-26,1281.9100341796875,1.6324238708190757,POSITIVE,1999-11-16,1420.0699462890625,12.58602152983146,STRONG_POSITIVE,1999-11-17,1410.7099609375,11.843942933587853,STRONG_POSITIVE,15.426702693275827,1455.9000244140625,STRONG_POSITIVE,12.609016414147156,0.0,True,Measured from the event-date reference close to subsequent trading-session closes.,True,True,2000-01-19
MSFT,Information Technology,1999-06-30,1999-07-19,0.2,0.18,0.02,11.1111,11.11111111111112,LARGE_BEAT,True,,,,,UNKNOWN,True,True,True,Alpha Vantage EARNINGS,primary_event_data,PRIMARY_EVENT_DATA,False,False,False,True,1999-07-19,1407.6500244140625,1999-07-20,1377.0999755859375,-2.1702872374716526,STRONG_NEGATIVE,1999-07-22,1360.969970703125,-3.3161689980695437,STRONG_NEGATIVE,1999-07-26,1347.760009765625,-4.254609711910946,STRONG_NEGATIVE,1999-08-16,1330.77001953125,-5.46158516317392,STRONG_NEGATIVE,1999-08-17,1344.1600341796875,-4.51035336434586,STRONG_NEGATIVE,-11.383510635115092,1247.4100341796875,STRONG_NEGATIVE,0.0,-9.939973822936174,True,Measured from the event-date reference close to subsequent trading-session closes.,True,True,1999-10-15
MSFT,Information Technology,1999-03-31,1999-04-20,0.19,0.16,0.03,18.75,18.75,LARGE_BEAT,True,,,,,UNKNOWN,True,True,True,Alpha Vantage EARNINGS,primary_event_data,PRIMARY_EVENT_DATA,False,False,False,True,1999-04-20,1306.1700439453125,1999-04-21,1336.1199951171875,2.29295958138885,STRONG_POSITIVE,1999-04-23,1356.8499755859375,3.88004087795072,STRONG_POSITIVE,1999-04-27,1362.800048828125,4.33557676087567,STRONG_POSITIVE,1999-05-18,1333.3199462890625,2.0785886546397268,STRONG_POSITIVE,1999-05-19,1344.22998046875,2.9138577094048728,STRONG_POSITIVE,5.430375008936795,1377.0999755859375,STRONG_POSITIVE,5.344628507370695,-0.3315095262727748,True,Measured from the event-date reference close to subsequent trading-session closes.,True,True,1999-07-20
MSFT,Information Technology,1998-12-31,1999-01-19,0.18,0.15,0.03,20.0,20.0,LARGE_BEAT,True,,,,,UNKNOWN,True,True,True,Alpha Vantage EARNINGS,primary_event_data,PRIMARY_EVENT_DATA,False,False,False,True,1999-01-19,1252.0,1999-01-20,1256.6199951171875,0.3690091946635383,POSITIVE,1999-01-22,1225.18994140625,-2.1413784819289137,STRONG_NEGATIVE,1999-01-26,1252.31005859375,0.024765063398562298,NEUTRAL,1999-02-17,1224.030029296875,-2.234023219099441,STRONG_NEGATIVE,1999-02-18,1237.280029296875,-1.1757165098342652,NEGATIVE,4.3266808263029155,1306.1700439453125,STRONG_POSITIVE,2.5359424920127793,-3.2036729514027558,True,Measured from the event-date reference close to subsequent trading-session closes.,True,True,1999-04-20
MSFT,Information Technology,1998-09-30,1998-10-20,0.14,0.12,0.02,16.6667,16.666666666666682,LARGE_BEAT,True,,,,,UNKNOWN,True,True,True,Alpha Vantage EARNINGS,primary_event_data,PRIMARY_EVENT_DATA,False,False,False,True,1998-10-20,1063.9300537109375,1998-10-21,1069.9200439453125,0.5630060184391068,POSITIVE,1998-10-23,1070.6700439453125,0.6334993744058863,POSITIVE,1998-10-27,1065.3399658203125,0.1325192482773932,NEUTRAL,1998-11-17,1139.3199462890625,7.085982045076049,STRONG_POSITIVE,1998-11-18,1144.47998046875,7.57097954671533,STRONG_POSITIVE,16.094101287157738,1235.1600341796875,STRONG_POSITIVE,8.250533662470607,-0.549857355363272,True,Measured from the event-date reference close to subsequent trading-session closes.,True,True,1999-01-21
MSFT,Information Technology,1998-06-30,1998-07-16,0.13,0.12,0.01,8.3333,8.333333333333341,BEAT,True,,,,,UNKNOWN,True,True,True,Alpha Vantage EARNINGS,primary_event_data,PRIMARY_EVENT_DATA,False,False,False,True,1998-07-16,1183.989990234375,1998-07-17,1186.75,0.23311090367230608,NEUTRAL,1998-07-21,1165.0699462890625,-1.5979901942893293,NEGATIVE,1998-07-23,1139.75,-3.7365172509285776,STRONG_NEGATIVE,1998-08-13,1074.9100341796875,-9.212912013985417,STRONG_NEGATIVE,1998-08-14,1062.75,-10.239950610593855,STRONG_NEGATIVE,-15.072759263967528,1005.530029296875,STRONG_NEGATIVE,0.5565896565568086,-10.978977128737636,True,Measured from the event-date reference close to subsequent trading-session closes.,True,True,1998-10-14
MSFT,Information Technology,1998-03-31,1998-04-22,0.13,0.12,0.01,8.3333,8.333333333333341,BEAT,True,,,,,UNKNOWN,True,True,True,Alpha Vantage EARNINGS,primary_event_data,PRIMARY_EVENT_DATA,False,False,False,True,1998-04-22,1130.5400390625,1998-04-23,1119.5799560546875,-0.9694555370989908,NEGATIVE,1998-04-27,1086.5400390625,-3.8919453075263912,STRONG_NEGATIVE,1998-04-29,1094.6199951171875,-3.177246510888653,STRONG_NEGATIVE,1998-05-20,1119.06005859375,-1.0154421844510497,NEGATIVE,1998-05-21,1114.6400146484375,-1.406409668360582,NEGATIVE,2.9667164216492914,1164.0799560546875,STRONG_POSITIVE,0.0,-4.762333577789238,True,Measured from the event-date reference close to subsequent trading-session closes.,True,True,1998-07-22
MSFT,Information Technology,1997-12-31,1998-01-21,0.11,0.1,0.01,10.0,9.999999999999996,LARGE_BEAT,True,,,,,UNKNOWN,True,True,True,Alpha Vantage EARNINGS,primary_event_data,PRIMARY_EVENT_DATA,False,False,False,True,1998-01-21,970.8099975585938,1998-01-22,963.0399780273438,-0.8003645976854535,NEGATIVE,1998-01-26,956.9500122070312,-1.427672292870673,NEGATIVE,1998-01-28,977.4600219726562,0.684997520708076,POSITIVE,1998-02-19,1028.280029296875,5.919802214934712,STRONG_POSITIVE,1998-02-20,1034.2099609375,6.530625306532209,STRONG_POSITIVE,16.453275296463524,1130.5400390625,STRONG_POSITIVE,6.398786200035446,-2.05498627509006,True,Measured from the event-date reference close to subsequent trading-session closes.,True,True,1998-04-22
MSFT,Information Technology,1997-09-30,1997-10-20,0.09,0.09,0.0,0.0,0.0,IN_LINE,False,,,,,UNKNOWN,True,True,True,Alpha Vantage EARNINGS,primary_event_data,PRIMARY_EVENT_DATA,False,False,False,True,1997-10-20,955.6099853515625,1997-10-21,972.280029296875,1.744440116872544,POSITIVE,1997-10-23,950.6900024414062,-0.5148526057255692,NEGATIVE,1997-10-27,876.989990234375,-8.227205274363445,STRONG_NEGATIVE,1997-11-17,946.2000122070312,-0.9847085410131398,NEGATIVE,1997-11-18,938.22998046875,-1.8187341226262421,NEGATIVE,1.5906083485972853,970.8099975585938,POSITIVE,1.7789684348835904,-10.500095997154958,True,Measured from the event-date reference close to subsequent trading-session closes.,True,True,1998-01-21
MSFT,Information Technology,1997-06-30,1997-07-17,0.1,0.1,0.0,0.0,0.0,IN_LINE,False,,,,,UNKNOWN,True,True,True,Alpha Vantage EARNINGS,primary_event_data,PRIMARY_EVENT_DATA,False,False,False,True,1997-07-17,931.6099853515625,1997-07-18,915.2999877929688,-1.7507323681635756,NEGATIVE,1997-07-22,933.97998046875,0.2543977795915458,POSITIVE,1997-07-24,940.2999877929688,0.9327940423617181,POSITIVE,1997-08-14,924.77001953125,-0.734209157035956,NEGATIVE,1997-08-15,900.8099975585938,-3.3061032274515316,STRONG_NEGATIVE,3.6614018621419544,965.719970703125,STRONG_POSITIVE,3.4950245350050166,-2.6287814234980735,True,Measured from the event-date reference close to subsequent trading-session closes.,True,True,1997-10-15
MSFT,Information Technology,1997-03-31,1997-04-17,0.1,0.08,0.02,25.0,25.000000000000007,LARGE_BEAT,True,,,,,UNKNOWN,True,True,True,Alpha Vantage EARNINGS,primary_event_data,PRIMARY_EVENT_DATA,False,False,False,True,1997-04-17,761.77001953125,1997-04-18,766.3400268554688,0.5999195566965044,POSITIVE,1997-04-22,774.6099853515625,1.6855436012319684,POSITIVE,1997-04-24,771.1799926757812,1.2352774332496852,POSITIVE,1997-05-15,841.8800048828125,10.516295377554716,STRONG_POSITIVE,1997-05-16,829.75,8.923950631528006,STRONG_POSITIVE,22.295438448053176,931.6099853515625,STRONG_POSITIVE,10.591122071911826,-0.7075645549498271,True,Measured from the event-date reference close to subsequent trading-session closes.,True,True,1997-07-17
MSFT,Information Technology,1996-12-31,1997-01-17,0.07,0.06,0.01,16.6667,16.666666666666682,LARGE_BEAT,True,,,,,UNKNOWN,True,True,True,Alpha Vantage EARNINGS,primary_event_data,PRIMARY_EVENT_DATA,False,False,False,True,1997-01-17,776.1699829101562,1997-01-20,776.7000122070312,0.06828778599343906,NEUTRAL,1997-01-22,786.22998046875,1.29610752542568,POSITIVE,1997-01-24,770.52001953125,-0.7279286114263772,NEGATIVE,1997-02-14,808.47998046875,4.162747628741231,STRONG_POSITIVE,1997-02-18,816.2899780273438,5.1689701998990465,STRONG_POSITIVE,-1.266469493941425,766.3400268554688,NEGATIVE,4.736077222130873,-1.857838260646238,True,Measured from the event-date reference close to subsequent trading-session closes.,True,True,1997-04-18
MSFT,Information Technology,1996-09-30,1996-10-21,0.06,0.06,0.0,0.0,0.0,IN_LINE,False,,,,,UNKNOWN,True,True,True,Alpha Vantage EARNINGS,primary_event_data,PRIMARY_EVENT_DATA,False,False,False,True,1996-10-21,709.8499755859375,1996-10-22,706.5700073242188,-0.462064996059391,NEGATIVE,1996-10-24,702.2899780273438,-1.0650134279927865,NEGATIVE,1996-10-28,697.260009765625,-1.7736093897756717,NEGATIVE,1996-11-18,737.02001953125,3.8275755271929537,STRONG_POSITIVE,1996-11-19,742.1599731445312,4.551665657510777,STRONG_POSITIVE,10.265548724860883,782.719970703125,STRONG_POSITIVE,4.517857072228104,-1.9201247237575474,True,Measured from the event-date reference close to subsequent trading-session closes.,True,True,1997-01-21
MSFT,Information Technology,1996-06-30,1996-07-22,0.05,0.05,0.0,0.0,0.0,IN_LINE,False,,,,,UNKNOWN,True,True,True,Alpha Vantage EARNINGS,primary_event_data,PRIMARY_EVENT_DATA,False,False,False,True,1996-07-22,633.77001953125,1996-07-23,626.8699951171875,-1.0887268569702786,NEGATIVE,1996-07-25,631.1699829101562,-0.41024922936821673,NEGATIVE,1996-07-29,630.9099731445312,-0.4512751153540053,NEGATIVE,1996-08-19,666.5800170898438,5.1769563954541,STRONG_POSITIVE,1996-08-20,665.6900024414062,5.036524595114954,STRONG_POSITIVE,12.15740496054966,710.8200073242188,STRONG_POSITIVE,5.262157337547122,-2.7360124841963667,True,Measured from the event-date reference close to subsequent trading-session closes.,True,True,1996-10-18
MSFT,Information Technology,1996-03-31,1996-04-18,0.06,0.05,0.01,20.0,19.99999999999999,LARGE_BEAT,True,,,,,UNKNOWN,True,True,True,Alpha Vantage EARNINGS,primary_event_data,PRIMARY_EVENT_DATA,False,False,False,True,1996-04-18,643.6099853515625,1996-04-19,645.0700073242188,0.22684886901789356,NEUTRAL,1996-04-23,651.5800170898438,1.238332518089777,POSITIVE,1996-04-25,652.8699951171875,1.4387610472772352,POSITIVE,1996-05-16,664.8499755859375,3.300133732818481,STRONG_POSITIVE,1996-05-17,668.9099731445312,3.930950166838851,STRONG_POSITIVE,-0.007766783316987368,643.5599975585938,NEUTRAL,4.072345452866057,-2.1037551211931143,True,Measured from the event-date reference close to subsequent trading-session closes.,True,True,1996-07-18
AAPL,Information Technology,2026-06-30,2026-07-30,2.02,1.88,0.14,7.4468,7.446808510638305,BEAT,True,,,,,UNKNOWN,True,True,True,Alpha Vantage EARNINGS,primary_event_data,PRIMARY_EVENT_DATA,False,False,False,True,2026-07-30,7437.6298828125,2026-07-31,7489.72021484375,0.7003619815987983,POSITIVE,2026-08-04,7736.52001953125,4.0186207357460795,STRONG_POSITIVE,2026-08-06,7709.9599609375,3.6615169404210772,STRONG_POSITIVE,2026-08-27,7730.990234375,3.9442719815948593,STRONG_POSITIVE,2026-08-28,7711.759765625,3.685715572456521,STRONG_POSITIVE,,,UNAVAILABLE,5.096654693398868,-0.5082237928355505,True,Measured from the event-date reference close to subsequent trading-session closes.,True,True,
AAPL,Information Technology,2026-03-31,2026-04-30,2.01,1.94,0.07,3.6082,3.608247422680405,BEAT,True,,,,,UNKNOWN,True,True,True,Alpha Vantage EARNINGS,primary_event_data,PRIMARY_EVENT_DATA,False,False,False,True,2026-04-30,7209.009765625,2026-05-01,7230.1201171875,0.29283288896571213,POSITIVE,2026-05-05,7259.22021484375,0.6964957858452409,POSITIVE,2026-05-07,7337.10986328125,1.7769444323279273,POSITIVE,2026-05-29,7580.06005859375,5.147035515724275,STRONG_POSITIVE,2026-06-01,7599.9599609375,5.423077621238397,STRONG_POSITIVE,3.8938836032276236,7489.72021484375,STRONG_POSITIVE,5.4150310497416285,-0.48397282805560426,True,Measured from the event-date reference close to subsequent trading-session closes.,True,True,2026-07-31
AAPL,Information Technology,2025-12-31,2026-01-29,2.84,2.67,0.17,6.367,6.3670411985018704,BEAT,True,,,,,UNKNOWN,True,True,True,Alpha Vantage EARNINGS,primary_event_data,PRIMARY_EVENT_DATA,False,False,False,True,2026-01-29,6969.009765625,2026-01-30,6939.02978515625,-0.4301899620894176,NEGATIVE,2026-02-03,6917.81005859375,-0.7346769304843738,NEGATIVE,2026-02-05,6798.39990234375,-2.448122029083557,STRONG_NEGATIVE,2026-02-27,6878.8798828125,-1.2932954012644708,NEGATIVE,2026-03-02,6881.6201171875,-1.2539751180799594,NEGATIVE,3.4438178173291187,7209.009765625,STRONG_POSITIVE,0.3511290078032405,-2.77671824452732,True,Measured from the event-date reference close to subsequent trading-session closes.,True,True,2026-04-30
AAPL,Information Technology,2025-09-30,2025-10-30,1.85,1.77,0.08,4.5198,4.51977401129944,BEAT,True,,,,,UNKNOWN,True,True,True,Alpha Vantage EARNINGS,primary_event_data,PRIMARY_EVENT_DATA,False,False,False,True,2025-10-30,6822.33984375,2025-10-31,6840.2001953125,0.26179217059762877,POSITIVE,2025-11-04,6771.5498046875,-0.74446656463514,NEGATIVE,2025-11-06,6720.31982421875,-1.4953816706259708,NEGATIVE,2025-11-28,6849.08984375,0.39209421712560816,POSITIVE,2025-12-01,6812.6298828125,-0.14232596381717005,NEUTRAL,2.258757276617088,6976.43994140625,STRONG_POSITIVE,0.879170223742198,-4.403473423421103,True,Measured from the event-date reference close to subsequent trading-session closes.,True,True,2026-02-02
AAPL,Information Technology,2025-06-30,2025-07-31,1.57,1.43,0.14,9.7902,9.7902097902098,BEAT,True,,,,,UNKNOWN,True,True,True,Alpha Vantage EARNINGS,primary_event_data,PRIMARY_EVENT_DATA,False,False,False,True,2025-07-31,6339.39013671875,2025-08-01,6238.009765625,-1.599213314014843,NEGATIVE,2025-08-05,6299.18994140625,-0.6341334804377178,NEGATIVE,2025-08-07,6340.0,0.009620220054253727,NEUTRAL,2025-08-28,6501.85986328125,2.5628605127400133,STRONG_POSITIVE,2025-08-29,6460.259765625,1.9066444295036207,POSITIVE,8.694838070283987,6890.58984375,STRONG_POSITIVE,2.6633452131625868,-1.9986180465315178,True,Measured from the event-date reference close to subsequent trading-session closes.,True,True,2025-10-29
AAPL,Information Technology,2025-03-31,2025-05-01,1.65,1.62,0.03,1.8519,1.85185185185184,IN_LINE,True,,,,,UNKNOWN,True,True,True,Alpha Vantage EARNINGS,primary_event_data,PRIMARY_EVENT_DATA,False,False,False,True,2025-05-01,5604.14013671875,2025-05-02,5686.669921875,1.4726574129634733,POSITIVE,2025-05-06,5606.91015625,0.049428091797716164,NEUTRAL,2025-05-08,5663.93994140625,1.067064763346783,POSITIVE,2025-05-30,5911.68994140625,5.487903535324008,STRONG_POSITIVE,2025-06-02,5935.93994140625,5.920619338433787,STRONG_POSITIVE,11.31073837274497,6238.009765625,STRONG_POSITIVE,6.503579811904895,-0.4550207414144067,True,Measured from the event-date reference close to subsequent trading-session closes.,True,True,2025-08-01
AAPL,Information Technology,2024-12-31,2025-01-30,2.4,2.34,0.06,2.5641,2.5641025641025665,IN_LINE,True,,,,,UNKNOWN,True,True,True,Alpha Vantage EARNINGS,primary_event_data,PRIMARY_EVENT_DATA,False,False,False,True,2025-01-30,6071.169921875,2025-01-31,6040.52978515625,-0.5046825754019945,NEGATIVE,2025-02-04,6037.8798828125,-0.5483298851931789,NEGATIVE,2025-02-06,6083.56982421875,0.20424238661270175,NEUTRAL,2025-02-28,5954.5,-1.9217041093616443,NEGATIVE,2025-03-03,5849.72021484375,-3.6475623295165196,STRONG_NEGATIVE,-7.692582997446628,5604.14013671875,STRONG_NEGATIVE,1.2561047522566793,-3.8462070511919326,True,Measured from the event-date reference close to subsequent trading-session closes.,True,True,2025-05-01
AAPL,Information Technology,2024-09-30,2024-10-31,0.97,0.95,0.02,2.1053,2.105263157894739,IN_LINE,True,,,,,UNKNOWN,True,True,True,Alpha Vantage EARNINGS,primary_event_data,PRIMARY_EVENT_DATA,False,False,False,True,2024-10-31,5705.4501953125,2024-11-01,5728.7998046875,0.4092509543626135,POSITIVE,2024-11-05,5782.759765625,1.3550126224222625,POSITIVE,2024-11-07,5973.10009765625,4.6911267854664045,STRONG_POSITIVE,2024-11-29,6032.3798828125,5.730129548209882,STRONG_POSITIVE,2024-12-02,6047.14990234375,5.989005167584928,STRONG_POSITIVE,5.826528601951841,6037.8798828125,STRONG_POSITIVE,5.936774749883652,-0.1566998112584578,True,Measured from the event-date reference close to subsequent trading-session closes.,True,True,2025-02-04
AAPL,Information Technology,2024-06-30,2024-08-01,1.4,1.34,0.06,4.4776,4.477611940298495,BEAT,True,,,,,UNKNOWN,True,True,True,Alpha Vantage EARNINGS,primary_event_data,PRIMARY_EVENT_DATA,False,False,False,True,2024-08-01,5446.68017578125,2024-08-02,5346.56005859375,-1.8381860868696804,NEGATIVE,2024-08-06,5240.02978515625,-3.794061409073994,STRONG_NEGATIVE,2024-08-08,5319.31005859375,-2.3384908435390286,STRONG_NEGATIVE,2024-08-29,5591.9599609375,2.6673089013421216,STRONG_POSITIVE,2024-08-30,5648.39990234375,3.7035353656241825,STRONG_POSITIVE,6.73786112365429,5813.669921875,STRONG_POSITIVE,3.762657890535205,-6.011375729607368,True,Measured from the event-date reference close to subsequent trading-session closes.,True,True,2024-10-30
AAPL,Information Technology,2024-03-31,2024-05-02,1.53,1.5,0.03,2.0,2.0000000000000018,IN_LINE,True,,,,,UNKNOWN,True,True,True,Alpha Vantage EARNINGS,primary_event_data,PRIMARY_EVENT_DATA,False,False,False,True,2024-05-02,5064.2001953125,2024-05-03,5127.7900390625,1.2556739721478571,POSITIVE,2024-05-07,5187.7001953125,2.4386871615840433,STRONG_POSITIVE,2024-05-09,5214.080078125,2.959596323842629,STRONG_POSITIVE,2024-05-31,5277.509765625,4.212107777846985,STRONG_POSITIVE,2024-06-03,5283.39990234375,4.328417096033141,STRONG_POSITIVE,5.57560626340575,5346.56005859375,STRONG_POSITIVE,5.483189384120803,0.7310141405056674,True,Measured from the event-date reference close to subsequent trading-session closes.,True,True,2024-08-02
AAPL,Information Technology,2023-12-31,2024-02-01,2.18,2.11,0.07,3.3175,3.31753554502371,BEAT,True,,,,,UNKNOWN,True,True,True,Alpha Vantage EARNINGS,primary_event_data,PRIMARY_EVENT_DATA,False,False,False,True,2024-02-01,4906.18994140625,2024-02-02,4958.60986328125,1.0684446077514682,POSITIVE,2024-02-06,4954.22998046875,0.9791720181288047,POSITIVE,2024-02-08,4997.91015625,1.8694794930312144,POSITIVE,2024-03-01,5137.080078125,4.706098611676874,STRONG_POSITIVE,2024-03-04,5130.9501953125,4.58115679560966,STRONG_POSITIVE,3.220630586938913,5064.2001953125,STRONG_POSITIVE,4.772341460788184,0.03669431861078713,True,Measured from the event-date reference close to subsequent trading-session closes.,True,True,2024-05-02
AAPL,Information Technology,2023-09-30,2023-11-02,1.46,1.39,0.07,5.036,5.035971223021588,BEAT,True,,,,,UNKNOWN,True,True,True,Alpha Vantage EARNINGS,primary_event_data,PRIMARY_EVENT_DATA,False,False,False,True,2023-11-02,4317.77978515625,2023-11-03,4358.33984375,0.9393730253031474,POSITIVE,2023-11-07,4378.3798828125,1.4035013518888164,POSITIVE,2023-11-09,4347.35009765625,0.6848499453737177,POSITIVE,2023-12-01,4594.6298828125,6.411862379086836,STRONG_POSITIVE,2023-12-04,4569.77978515625,5.836332850191449,STRONG_POSITIVE,14.475733004870737,4942.81005859375,STRONG_POSITIVE,6.522110102294372,0.38098736227940133,True,Measured from the event-date reference close to subsequent trading-session closes.,True,True,2024-02-05
AAPL,Information Technology,2023-06-30,2023-08-03,1.26,1.19,0.07,5.8824,5.882352941176476,BEAT,True,,,,,UNKNOWN,True,True,True,Alpha Vantage EARNINGS,primary_event_data,PRIMARY_EVENT_DATA,False,False,False,True,2023-08-03,4501.89013671875,2023-08-04,4478.02978515625,-0.5300074155050543,NEGATIVE,2023-08-08,4499.3798828125,-0.05575999924510874,NEUTRAL,2023-08-10,4468.830078125,-0.7343595154422442,NEGATIVE,2023-08-31,4507.66015625,0.12816882145097258,NEUTRAL,2023-09-01,4515.77001953125,0.3083123397279636,POSITIVE,-5.864875983622764,4237.85986328125,STRONG_NEGATIVE,0.8540791948173679,-3.700225306839976,True,Measured from the event-date reference close to subsequent trading-session closes.,True,True,2023-11-01
AAPL,Information Technology,2023-03-31,2023-05-04,1.52,1.43,0.09,6.2937,6.2937062937063,BEAT,True,,,,,UNKNOWN,True,True,True,Alpha Vantage EARNINGS,primary_event_data,PRIMARY_EVENT_DATA,False,False,False,True,2023-05-04,4061.219970703125,2023-05-05,4136.25,1.8474751389515338,POSITIVE,2023-05-09,4119.169921875,1.4269099332199442,POSITIVE,2023-05-11,4130.6201171875,1.7088497295151353,POSITIVE,2023-06-02,4282.3701171875,5.445411676287186,STRONG_POSITIVE,2023-06-05,4273.7900390625,5.234143185860785,STRONG_POSITIVE,10.263167655529925,4478.02978515625,STRONG_POSITIVE,5.649778953789346,0.5788903318515564,True,Measured from the event-date reference close to subsequent trading-session closes.,True,True,2023-08-04
AAPL,Information Technology,2022-12-31,2023-02-02,1.88,1.95,-0.07,-3.5897,-3.589743589743593,MISS,False,,,,,UNKNOWN,True,True,True,Alpha Vantage EARNINGS,primary_event_data,PRIMARY_EVENT_DATA,False,False,False,True,2023-02-02,4179.759765625,2023-02-03,4136.47998046875,-1.0354610691310477,NEGATIVE,2023-02-07,4164.0,-0.37704955568525217,NEGATIVE,2023-02-09,4081.5,-2.3508472049782316,STRONG_NEGATIVE,2023-03-03,4045.639892578125,-3.2087938199199364,STRONG_NEGATIVE,2023-03-06,4048.419921875,-3.1422821194212998,STRONG_NEGATIVE,-2.836043255326894,4061.219970703125,STRONG_NEGATIVE,0.06220686838592043,-6.019481205231498,True,Measured from the event-date reference close to subsequent trading-session closes.,True,True,2023-05-04
AAPL,Information Technology,2022-09-30,2022-10-27,1.29,1.27,0.02,1.5748,1.5748031496063006,IN_LINE,True,,,,,UNKNOWN,True,True,True,Alpha Vantage EARNINGS,primary_event_data,PRIMARY_EVENT_DATA,False,False,False,True,2022-10-27,3807.300048828125,2022-10-28,3901.06005859375,2.4626377895927596,STRONG_POSITIVE,2022-11-01,3856.10009765625,1.2817494865723942,POSITIVE,2022-11-03,3719.889892578125,-2.2958567785300916,STRONG_NEGATIVE,2022-11-25,4026.1201171875,5.7473817548666055,STRONG_POSITIVE,2022-11-28,3963.93994140625,4.114198790986759,STRONG_POSITIVE,5.5280636672674905,4017.77001953125,STRONG_POSITIVE,5.954875313095134,-2.8668648408199684,True,Measured from the event-date reference close to subsequent trading-session closes.,True,True,2023-01-30
AAPL,Information Technology,2022-06-30,2022-07-28,1.2,1.15,0.05,4.3478,4.347826086956526,BEAT,True,,,,,UNKNOWN,True,True,True,Alpha Vantage EARNINGS,primary_event_data,PRIMARY_EVENT_DATA,False,False,False,True,2022-07-28,4072.429931640625,2022-07-29,4130.2900390625,1.42077600825818,POSITIVE,2022-08-02,4091.18994140625,0.4606588714975709,POSITIVE,2022-08-04,4151.93994140625,1.952397244403748,POSITIVE,2022-08-25,4199.1201171875,3.1109236419897446,STRONG_POSITIVE,2022-08-26,4057.659912109375,-0.3626832082854211,NEGATIVE,-5.9382196389797945,3830.60009765625,STRONG_NEGATIVE,6.208820231653723,0.16673188186112156,True,Measured from the event-date reference close to subsequent trading-session closes.,True,True,2022-10-26
AAPL,Information Technology,2022-03-31,2022-04-28,1.52,1.43,0.09,6.2937,6.2937062937063,BEAT,True,,,,,UNKNOWN,True,True,True,Alpha Vantage EARNINGS,primary_event_data,PRIMARY_EVENT_DATA,False,False,False,True,2022-04-28,4287.5,2022-04-29,4131.93017578125,-3.6284507106413995,STRONG_NEGATIVE,2022-05-03,4175.47998046875,-2.612711825801749,STRONG_NEGATIVE,2022-05-05,4146.8701171875,-3.279997266763848,STRONG_NEGATIVE,2022-05-26,4057.840087890625,-5.356499407798833,STRONG_NEGATIVE,2022-05-27,4158.240234375,-3.014805029154519,STRONG_NEGATIVE,-3.6667046282798834,4130.2900390625,STRONG_NEGATIVE,0.4702077259475219,-11.129561087827987,True,Measured from the event-date reference close to subsequent trading-session closes.,True,True,2022-07-29
AAPL,Information Technology,2021-12-31,2022-01-27,2.1,1.89,0.21,11.1111,11.11111111111112,LARGE_BEAT,True,,,,,UNKNOWN,True,True,True,Alpha Vantage EARNINGS,primary_event_data,PRIMARY_EVENT_DATA,False,False,False,True,2022-01-27,4326.509765625,2022-01-28,4431.85009765625,2.434764688807601,STRONG_POSITIVE,2022-02-01,4546.5400390625,5.085629880826463,STRONG_POSITIVE,2022-02-03,4477.43994140625,3.4884972866679034,STRONG_POSITIVE,2022-02-25,4384.64990234375,1.3438115217186197,POSITIVE,2022-02-28,4373.93994140625,1.0962687790073282,POSITIVE,-0.9016451536742277,4287.5,NEGATIVE,6.212866895723269,-4.8967845852220115,True,Measured from the event-date reference close to subsequent trading-session closes.,True,True,2022-04-28
AAPL,Information Technology,2021-09-30,2021-10-28,1.24,1.24,0.0,0.0,0.0,IN_LINE,False,,,,,UNKNOWN,True,True,True,Alpha Vantage EARNINGS,primary_event_data,PRIMARY_EVENT_DATA,False,False,False,True,2021-10-28,4596.419921875,2021-10-29,4605.3798828125,0.1949334719149202,NEUTRAL,2021-11-02,4630.64990234375,0.7447096011799265,POSITIVE,2021-11-04,4680.06005859375,1.8196800584014308,POSITIVE,2021-11-26,4594.6201171875,-0.03915666362280086,NEUTRAL,2021-11-29,4655.27001953125,1.2803464143076708,POSITIVE,-3.580391413663912,4431.85009765625,STRONG_NEGATIVE,3.2070646014837467,-0.6272289872340353,True,Measured from the event-date reference close to subsequent trading-session closes.,True,True,2022-01-28
AAPL,Information Technology,2021-06-30,2021-07-27,1.3,1.01,0.29,28.7129,28.71287128712872,LARGE_BEAT,True,,,,,UNKNOWN,True,True,True,Alpha Vantage EARNINGS,primary_event_data,PRIMARY_EVENT_DATA,False,False,False,True,2021-07-27,4401.4599609375,2021-07-28,4400.64013671875,-0.018626188265390458,NEUTRAL,2021-07-30,4395.259765625,-0.14086678891836096,NEUTRAL,2021-08-03,4423.14990234375,0.4927897015705238,POSITIVE,2021-08-24,4486.22998046875,1.9259523040894413,POSITIVE,2021-08-25,4496.18994140625,2.152239968316621,STRONG_POSITIVE,3.74921096626541,4566.47998046875,STRONG_POSITIVE,2.075449929500044,-0.766336187721803,True,Measured from the event-date reference close to subsequent trading-session closes.,True,True,2021-10-25
AAPL,Information Technology,2021-03-31,2021-04-28,1.4,0.98,0.42,42.8571,42.85714285714285,LARGE_BEAT,True,,,,,UNKNOWN,True,True,True,Alpha Vantage EARNINGS,primary_event_data,PRIMARY_EVENT_DATA,False,False,False,True,2021-04-28,4183.18017578125,2021-04-29,4211.47021484375,0.6762806734045721,POSITIVE,2021-05-03,4192.66015625,0.22662137585263156,NEUTRAL,2021-05-05,4167.58984375,-0.37269090443464703,NEGATIVE,2021-05-26,4195.990234375,0.3062277515062472,POSITIVE,2021-05-27,4200.8798828125,0.4231160573413361,POSITIVE,5.198436400050285,4400.64013671875,STRONG_POSITIVE,1.3114391677141755,-3.0192410477553047,True,Measured from the event-date reference close to subsequent trading-session closes.,True,True,2021-07-28
AAPL,Information Technology,2020-12-31,2021-01-27,1.68,1.42,0.26,18.3099,18.30985915492958,LARGE_BEAT,True,,,,,UNKNOWN,True,True,True,Alpha Vantage EARNINGS,primary_event_data,PRIMARY_EVENT_DATA,False,False,False,True,2021-01-27,3750.77001953125,2021-01-28,3787.3798828125,0.9760625975629744,POSITIVE,2021-02-01,3773.860107421875,0.6156092687738468,POSITIVE,2021-02-03,3830.169921875,2.116896048819142,STRONG_POSITIVE,2021-02-25,3829.340087890625,2.0947716855536305,STRONG_POSITIVE,2021-02-26,3811.14990234375,1.6097996544199193,POSITIVE,11.528570240199375,4183.18017578125,STRONG_POSITIVE,5.323171270690901,-1.5103539286268952,True,Measured from the event-date reference close to subsequent trading-session closes.,True,True,2021-04-28
AAPL,Information Technology,2020-09-30,2020-10-29,0.73,0.7,0.03,4.2857,4.28571428571429,BEAT,True,,,,,UNKNOWN,True,True,True,Alpha Vantage EARNINGS,primary_event_data,PRIMARY_EVENT_DATA,False,False,False,True,2020-10-29,3310.110107421875,2020-10-30,3269.9599609375,-1.2129550130175728,NEGATIVE,2020-11-03,3369.159912109375,1.7839226723938724,POSITIVE,2020-11-05,3510.449951171875,6.0523619229705155,STRONG_POSITIVE,2020-11-27,3638.35009765625,9.916286153092027,STRONG_POSITIVE,2020-11-30,3621.6298828125,9.411160513728545,STRONG_POSITIVE,14.010107970734486,3773.860107421875,STRONG_POSITIVE,10.147090939947756,-2.3011369272834004,True,Measured from the event-date reference close to subsequent trading-session closes.,True,True,2021-02-01
AAPL,Information Technology,2020-06-30,2020-07-30,0.65,0.51,0.14,27.451,27.450980392156865,LARGE_BEAT,True,,,,,UNKNOWN,True,True,True,Alpha Vantage EARNINGS,primary_event_data,PRIMARY_EVENT_DATA,False,False,False,True,2020-07-30,3246.219970703125,2020-07-31,3271.1201171875,0.7670504990141404,POSITIVE,2020-08-04,3306.510009765625,1.8572382526942957,POSITIVE,2020-08-06,3349.159912109375,3.1710710406341747,STRONG_POSITIVE,2020-08-27,3484.550048828125,7.341772285178141,STRONG_POSITIVE,2020-08-28,3508.010009765625,8.06445778244032,STRONG_POSITIVE,0.7642753361651025,3271.030029296875,POSITIVE,7.860216325824274,-0.7996981465146097,True,Measured from the event-date reference close to subsequent trading-session closes.,True,True,2020-10-28
AAPL,Information Technology,2020-03-31,2020-04-30,0.64,0.56,0.08,14.2857,14.285714285714276,LARGE_BEAT,True,,,,,UNKNOWN,True,True,True,Alpha Vantage EARNINGS,primary_event_data,PRIMARY_EVENT_DATA,False,False,False,True,2020-04-30,2912.429931640625,2020-05-01,2830.7099609375,-2.80590340784922,STRONG_NEGATIVE,2020-05-05,2868.43994140625,-1.5104222682395876,NEGATIVE,2020-05-07,2881.18994140625,-1.0726434958995543,NEGATIVE,2020-05-29,3044.31005859375,4.528181966555827,STRONG_POSITIVE,2020-06-01,3055.72998046875,4.920291721744579,STRONG_POSITIVE,11.46087792314612,3246.219970703125,STRONG_POSITIVE,5.364592244331254,-5.0057870055048435,True,Measured from the event-date reference close to subsequent trading-session closes.,True,True,2020-07-30
AAPL,Information Technology,2019-12-31,2020-01-28,1.25,1.14,0.11,9.6491,9.649122807017552,BEAT,True,,,,,UNKNOWN,True,True,True,Alpha Vantage EARNINGS,primary_event_data,PRIMARY_EVENT_DATA,False,False,False,True,2020-01-28,3276.239990234375,2020-01-29,3273.39990234375,-0.08668741908683637,NEUTRAL,2020-01-31,3225.52001953125,-1.548115243520259,NEGATIVE,2020-02-04,3297.590087890625,0.6516646436124681,POSITIVE,2020-02-26,3116.389892578125,-4.879071683781464,STRONG_NEGATIVE,2020-02-27,2978.760009765625,-9.079920315833425,STRONG_NEGATIVE,-12.601338695786923,2863.389892578125,STRONG_NEGATIVE,3.5797142348074766,-5.104937382442343,True,Measured from the event-date reference close to subsequent trading-session closes.,True,True,2020-04-28
AAPL,Information Technology,2019-09-30,2019-10-30,0.76,0.71,0.05,7.0423,7.042253521126768,BEAT,True,,,,,UNKNOWN,True,True,True,Alpha Vantage EARNINGS,primary_event_data,PRIMARY_EVENT_DATA,False,False,False,True,2019-10-30,3046.77001953125,2019-10-31,3037.56005859375,-0.3022860563304665,NEGATIVE,2019-11-04,3078.27001953125,1.0338817763753079,POSITIVE,2019-11-06,3076.780029296875,0.9849778477944352,POSITIVE,2019-11-27,3153.6298828125,3.5073163578552786,STRONG_POSITIVE,2019-11-29,3140.97998046875,3.092125770359075,STRONG_POSITIVE,5.866868810383691,3225.52001953125,STRONG_POSITIVE,3.5279981601930195,-0.773936922506144,True,Measured from the event-date reference close to subsequent trading-session closes.,True,True,2020-01-31
AAPL,Information Technology,2019-06-30,2019-07-30,0.55,0.53,0.02,3.7736,3.773584905660381,BEAT,True,,,,,UNKNOWN,True,True,True,Alpha Vantage EARNINGS,primary_event_data,PRIMARY_EVENT_DATA,False,False,False,True,2019-07-30,3013.179931640625,2019-07-31,2980.3798828125,-1.0885526112695811,NEGATIVE,2019-08-02,2932.050048828125,-2.6925004365181127,STRONG_NEGATIVE,2019-08-06,2881.77001953125,-4.361170427609498,STRONG_NEGATIVE,2019-08-27,2869.159912109375,-4.779668748584608,STRONG_NEGATIVE,2019-08-28,2887.93994140625,-4.1564059590090245,STRONG_NEGATIVE,0.8708404685307914,3039.419921875,POSITIVE,0.14005040518198653,-6.340803363478403,True,Measured from the event-date reference close to subsequent trading-session closes.,True,True,2019-10-28
AAPL,Information Technology,2019-03-31,2019-04-30,0.62,0.59,0.03,5.0847,5.084745762711869,BEAT,True,,,,,UNKNOWN,True,True,True,Alpha Vantage EARNINGS,primary_event_data,PRIMARY_EVENT_DATA,False,False,False,True,2019-04-30,2945.830078125,2019-05-01,2923.72998046875,-0.7502163081421368,NEGATIVE,2019-05-03,2945.639892578125,-0.006456093590980366,NEUTRAL,2019-05-07,2884.050048828125,-2.0972027462017615,STRONG_NEGATIVE,2019-05-29,2783.02001953125,-5.526797346620123,STRONG_NEGATIVE,2019-05-30,2788.860107421875,-5.328548033667824,STRONG_NEGATIVE,2.2862776103668785,3013.179931640625,STRONG_POSITIVE,0.2817475708844268,-6.102525086771887,True,Measured from the event-date reference close to subsequent trading-session closes.,True,True,2019-07-30
AAPL,Information Technology,2018-12-31,2019-01-29,1.05,1.04,0.01,0.9615,0.9615384615384625,IN_LINE,True,,,,,UNKNOWN,True,True,True,Alpha Vantage EARNINGS,primary_event_data,PRIMARY_EVENT_DATA,False,False,False,True,2019-01-29,2640.0,2019-01-30,2681.050048828125,1.5549260919744317,POSITIVE,2019-02-01,2706.530029296875,2.520076867305871,STRONG_POSITIVE,2019-02-05,2737.699951171875,3.7007557262073867,STRONG_POSITIVE,2019-02-27,2792.3798828125,5.771965258049242,STRONG_POSITIVE,2019-02-28,2784.489990234375,5.473105690696023,STRONG_POSITIVE,11.58447265625,2945.830078125,STRONG_POSITIVE,6.571590539180871,0.3159124200994318,True,Measured from the event-date reference close to subsequent trading-session closes.,True,True,2019-04-30
AAPL,Information Technology,2018-09-30,2018-11-01,0.73,0.7,0.03,4.2857,4.28571428571429,BEAT,True,,,,,UNKNOWN,True,True,True,Alpha Vantage EARNINGS,primary_event_data,PRIMARY_EVENT_DATA,False,False,False,True,2018-11-01,2740.3701171875,2018-11-02,2723.06005859375,-0.6316686379398883,NEGATIVE,2018-11-06,2755.449951171875,0.5502845725033578,POSITIVE,2018-11-08,2806.830078125,2.4252184228935203,STRONG_POSITIVE,2018-11-30,2760.169921875,0.7225230111551851,POSITIVE,2018-12-03,2790.3701171875,1.8245710565299864,POSITIVE,-0.09743815256478741,2737.699951171875,NEUTRAL,2.7288206321924897,-3.9877835702365423,True,Measured from the event-date reference close to subsequent trading-session closes.,True,True,2019-02-05
AAPL,Information Technology,2018-06-30,2018-07-31,0.585,0.545,0.04,7.3394,7.339449541284389,BEAT,True,,,,,UNKNOWN,True,True,True,Alpha Vantage EARNINGS,primary_event_data,PRIMARY_EVENT_DATA,False,False,False,True,2018-07-31,2816.2900390625,2018-08-01,2813.360107421875,-0.10403515262939074,NEUTRAL,2018-08-03,2840.35009765625,0.8543174978440512,POSITIVE,2018-08-07,2858.449951171875,1.4970017833606863,POSITIVE,2018-08-28,2897.52001953125,2.884290301853648,STRONG_POSITIVE,2018-08-29,2914.0400390625,3.4708783060049977,STRONG_POSITIVE,-6.215270324954463,2641.25,STRONG_NEGATIVE,3.106213467199236,-0.708377010008388,True,Measured from the event-date reference close to subsequent trading-session closes.,True,True,2018-10-29
AAPL,Information Technology,2018-03-31,2018-05-01,0.6825,0.6725,0.01,1.487,1.4869888475836444,IN_LINE,True,,,,,UNKNOWN,True,True,True,Alpha Vantage EARNINGS,primary_event_data,PRIMARY_EVENT_DATA,False,False,False,True,2018-05-01,2654.800048828125,2018-05-02,2635.669921875,-0.7205863568357764,NEGATIVE,2018-05-04,2663.419921875,0.32469010427658995,POSITIVE,2018-05-08,2671.919921875,0.6448648761488462,POSITIVE,2018-05-30,2724.010009765625,2.6069745240531574,STRONG_POSITIVE,2018-05-31,2705.27001953125,1.9010836889732363,POSITIVE,6.082943621522815,2816.2900390625,STRONG_POSITIVE,3.2936545049728894,-2.2668348099205993,True,Measured from the event-date reference close to subsequent trading-session closes.,True,True,2018-07-31
AAPL,Information Technology,2017-12-31,2018-02-01,0.9725,0.965,0.0075,0.7772,0.7772020725388666,IN_LINE,True,,,,,UNKNOWN,True,True,True,Alpha Vantage EARNINGS,primary_event_data,PRIMARY_EVENT_DATA,False,False,False,True,2018-02-01,2821.97998046875,2018-02-02,2762.1298828125,-2.120854792396808,STRONG_NEGATIVE,2018-02-06,2695.139892578125,-4.494719621276548,STRONG_NEGATIVE,2018-02-08,2581.0,-8.539393692960273,STRONG_NEGATIVE,2018-03-02,2691.25,-4.632562292204315,STRONG_NEGATIVE,2018-03-05,2720.93994140625,-3.5804661890520064,STRONG_NEGATIVE,-6.812592623993952,2629.72998046875,STRONG_NEGATIVE,-0.4627977053040836,-10.251314363131907,True,Measured from the event-date reference close to subsequent trading-session closes.,True,True,2018-05-03
AAPL,Information Technology,2017-09-30,2017-11-02,0.5175,0.4675,0.05,10.6952,10.695187165775383,LARGE_BEAT,True,,,,,UNKNOWN,True,True,True,Alpha Vantage EARNINGS,primary_event_data,PRIMARY_EVENT_DATA,False,False,False,True,2017-11-02,2579.85009765625,2017-11-03,2587.840087890625,0.309707538497441,POSITIVE,2017-11-07,2590.639892578125,0.41823340556404215,POSITIVE,2017-11-09,2584.6201171875,0.18489522067904185,NEUTRAL,2017-12-01,2642.219970703125,2.4175774051188856,STRONG_POSITIVE,2017-12-04,2639.43994140625,2.3098180705978364,STRONG_POSITIVE,2.678056520135296,2648.93994140625,STRONG_POSITIVE,3.0191635029061046,-0.8682731800861279,True,Measured from the event-date reference close to subsequent trading-session closes.,True,True,2018-02-05
AAPL,Information Technology,2017-06-30,2017-08-01,0.4175,0.3925,0.025,6.3694,6.369426751592348,BEAT,True,,,,,UNKNOWN,True,True,True,Alpha Vantage EARNINGS,primary_event_data,PRIMARY_EVENT_DATA,False,False,False,True,2017-08-01,2476.35009765625,2017-08-02,2477.570068359375,0.04926487188865764,NEUTRAL,2017-08-04,2476.830078125,0.019382577172923937,NEUTRAL,2017-08-08,2474.919921875,-0.05775337593030948,NEUTRAL,2017-08-29,2446.300048828125,-1.2134814401471734,NEGATIVE,2017-08-30,2457.590087890625,-0.7575669443258639,NEGATIVE,3.896055753993097,2572.830078125,STRONG_POSITIVE,0.5863476067052281,-2.3825387232540645,True,Measured from the event-date reference close to subsequent trading-session closes.,True,True,2017-10-30
AAPL,Information Technology,2017-03-31,2017-05-02,0.525,0.505,0.02,3.9604,3.960396039603964,BEAT,True,,,,,UNKNOWN,True,True,True,Alpha Vantage EARNINGS,primary_event_data,PRIMARY_EVENT_DATA,False,False,False,True,2017-05-02,2391.169921875,2017-05-03,2388.1298828125,-0.1271360531382144,NEUTRAL,2017-05-05,2399.2900390625,0.33958762667659903,POSITIVE,2017-05-09,2396.919921875,0.24046806324375408,NEUTRAL,2017-05-31,2411.800048828125,0.8627628996331719,POSITIVE,2017-06-01,2430.06005859375,1.6264062358334985,POSITIVE,3.562280329892124,2476.35009765625,STRONG_POSITIVE,1.151739105220297,-1.607997441759599,True,Measured from the event-date reference close to subsequent trading-session closes.,True,True,2017-08-01
AAPL,Information Technology,2016-12-31,2017-01-31,0.84,0.8025,0.0375,4.6729,4.67289719626168,BEAT,True,,,,,UNKNOWN,True,True,True,Alpha Vantage EARNINGS,primary_event_data,PRIMARY_EVENT_DATA,False,False,False,True,2017-01-31,2278.8701171875,2017-02-01,2279.550048828125,0.029836348965080438,NEUTRAL,2017-02-03,2297.419921875,0.8139913085697708,POSITIVE,2017-02-07,2293.080078125,0.6235529102921156,POSITIVE,2017-03-01,2395.9599609375,5.138065696105055,STRONG_POSITIVE,2017-03-02,2381.919921875,4.521969194746403,STRONG_POSITIVE,4.927872099446211,2391.169921875,STRONG_POSITIVE,5.358351156579016,-0.3168331002848434,True,Measured from the event-date reference close to subsequent trading-session closes.,True,True,2017-05-02
AAPL,Information Technology,2016-09-30,2016-10-25,0.4175,0.415,0.0025,0.6024,0.6024096385542175,IN_LINE,True,,,,,UNKNOWN,True,True,True,Alpha Vantage EARNINGS,primary_event_data,PRIMARY_EVENT_DATA,False,False,False,True,2016-10-25,2143.159912109375,2016-10-26,2139.429931640625,-0.1740411645288204,NEUTRAL,2016-10-28,2126.409912109375,-0.7815562387742707,NEGATIVE,2016-11-01,2111.719970703125,-1.4669899912090871,NEGATIVE,2016-11-22,2202.93994140625,2.7893405881242592,STRONG_POSITIVE,2016-11-23,2204.719970703125,2.872396886761491,STRONG_POSITIVE,7.163255465157992,2296.679931640625,STRONG_POSITIVE,2.8761333379963028,-2.7702026671654676,True,Measured from the event-date reference close to subsequent trading-session closes.,True,True,2017-01-26
AAPL,Information Technology,2016-06-30,2016-07-26,0.355,0.345,0.01,2.8986,2.898550724637684,IN_LINE,True,,,,,UNKNOWN,True,True,True,Alpha Vantage EARNINGS,primary_event_data,PRIMARY_EVENT_DATA,False,False,False,True,2016-07-26,2169.179931640625,2016-07-27,2166.580078125,-0.11985421207813968,NEUTRAL,2016-07-29,2173.60009765625,0.203771293987672,NEUTRAL,2016-08-02,2157.030029296875,-0.5601150078205183,NEGATIVE,2016-08-23,2186.89990234375,0.8168972266732516,POSITIVE,2016-08-24,2175.43994140625,0.2885887737717701,POSITIVE,-0.8228848725391141,2151.330078125,NEGATIVE,1.1354579946946306,-0.9957612644557473,True,Measured from the event-date reference close to subsequent trading-session closes.,True,True,2016-10-24
AAPL,Information Technology,2016-03-31,2016-04-26,0.475,0.5,-0.025,-5.0,-5.000000000000004,MISS,False,,,,,UNKNOWN,True,True,True,Alpha Vantage EARNINGS,primary_event_data,PRIMARY_EVENT_DATA,False,False,False,True,2016-04-26,2091.699951171875,2016-04-27,2095.14990234375,0.16493528003106586,NEUTRAL,2016-04-29,2065.300048828125,-1.2621266414888739,NEGATIVE,2016-05-03,2063.3701171875,-1.3543928214227479,NEGATIVE,2016-05-24,2076.06005859375,-0.7477120496829743,NEGATIVE,2016-05-25,2090.5400390625,-0.05545308296848021,NEUTRAL,3.7041632297855074,2169.179931640625,STRONG_POSITIVE,0.391544752948987,-3.1452846262834537,True,Measured from the event-date reference close to subsequent trading-session closes.,True,True,2016-07-26
AAPL,Information Technology,2015-12-31,2016-01-26,0.82,0.8075,0.0125,1.548,1.5479876160990658,IN_LINE,True,,,,,UNKNOWN,True,True,True,Alpha Vantage EARNINGS,primary_event_data,PRIMARY_EVENT_DATA,False,False,False,True,2016-01-26,1903.6300048828125,2016-01-27,1882.949951171875,-1.0863483795639461,NEGATIVE,2016-01-29,1940.239990234375,1.9231670680572306,POSITIVE,2016-02-02,1903.030029296875,-0.03151744742405625,NEUTRAL,2016-02-24,1929.800048828125,1.3747442453725942,POSITIVE,2016-02-25,1951.699951171875,2.5251727576137717,STRONG_POSITIVE,9.879543073321125,2091.699951171875,STRONG_POSITIVE,2.2887822831803217,-4.913246222058404,True,Measured from the event-date reference close to subsequent trading-session closes.,True,True,2016-04-26
AAPL,Information Technology,2015-09-30,2015-10-27,0.49,0.47,0.02,4.2553,4.255319148936175,BEAT,True,,,,,UNKNOWN,True,True,True,Alpha Vantage EARNINGS,primary_event_data,PRIMARY_EVENT_DATA,False,False,False,True,2015-10-27,2065.889892578125,2015-10-28,2090.35009765625,1.184003327863709,POSITIVE,2015-10-30,2079.360107421875,0.6520296600580131,POSITIVE,2015-11-03,2109.7900390625,2.124999335254497,STRONG_POSITIVE,2015-11-24,2089.139892578125,1.1254229997216931,POSITIVE,2015-11-25,2088.8701171875,1.1123644436198317,POSITIVE,-8.351360246564447,1893.3599853515625,STRONG_NEGATIVE,2.448827891185002,-2.2508400905944717,True,Measured from the event-date reference close to subsequent trading-session closes.,True,True,2016-01-28
AAPL,Information Technology,2015-06-30,2015-07-21,0.4625,0.4525,0.01,2.2099,2.2099447513812174,IN_LINE,True,,,,,UNKNOWN,True,True,True,Alpha Vantage EARNINGS,primary_event_data,PRIMARY_EVENT_DATA,False,False,False,True,2015-07-21,2119.2099609375,2015-07-22,2114.14990234375,-0.2387709895206194,NEUTRAL,2015-07-24,2079.64990234375,-1.8667361574805617,NEGATIVE,2015-07-28,2093.25,-1.2249829613869776,NEGATIVE,2015-08-18,2096.919921875,-1.051808903948304,NEGATIVE,2015-08-19,2079.610107421875,-1.8686139762247411,NEGATIVE,-4.036878286470811,2033.6600341796875,STRONG_NEGATIVE,-0.033028873248847616,-3.1672120405277058,True,Measured from the event-date reference close to subsequent trading-session closes.,True,True,2015-10-19
AAPL,Information Technology,2015-03-31,2015-04-27,0.5825,0.54,0.0425,7.8704,7.870370370370367,BEAT,True,,,,,UNKNOWN,True,True,True,Alpha Vantage EARNINGS,primary_event_data,PRIMARY_EVENT_DATA,False,False,False,True,2015-04-27,2108.919921875,2015-04-28,2114.760009765625,0.2769231695356498,POSITIVE,2015-04-30,2085.510009765625,-1.1100427221798777,NEGATIVE,2015-05-04,2114.489990234375,0.2641194813325467,POSITIVE,2015-05-26,2104.199951171875,-0.22380985897883526,NEUTRAL,2015-05-27,2123.47998046875,0.6904035778089161,POSITIVE,-1.9574014579071226,2067.639892578125,NEGATIVE,1.223377358263403,-1.9436484908318186,True,Measured from the event-date reference close to subsequent trading-session closes.,True,True,2015-07-27
AAPL,Information Technology,2014-12-31,2015-01-27,0.765,0.65,0.115,17.6923,17.69230769230769,LARGE_BEAT,True,,,,,UNKNOWN,True,True,True,Alpha Vantage EARNINGS,primary_event_data,PRIMARY_EVENT_DATA,False,False,False,True,2015-01-27,2029.550048828125,2015-01-28,2002.1600341796875,-1.3495609366348302,NEGATIVE,2015-01-30,1994.989990234375,-1.7028433772158118,NEGATIVE,2015-02-03,2050.030029296875,1.0090896985060935,POSITIVE,2015-02-25,2113.860107421875,4.154125622200406,STRONG_POSITIVE,2015-02-26,2110.739990234375,4.000391192773471,STRONG_POSITIVE,4.198465614913058,2114.760009765625,STRONG_POSITIVE,4.436453248072876,-2.397084242497658,True,Measured from the event-date reference close to subsequent trading-session closes.,True,True,2015-04-28
AAPL,Information Technology,2014-09-30,2014-10-20,0.355,0.3275,0.0275,8.3969,8.396946564885486,BEAT,True,,,,,UNKNOWN,True,True,True,Alpha Vantage EARNINGS,primary_event_data,PRIMARY_EVENT_DATA,False,False,False,True,2014-10-20,1904.010009765625,2014-10-21,1941.280029296875,1.957448718236401,POSITIVE,2014-10-23,1950.8199462890625,2.458492144649995,STRONG_POSITIVE,2014-10-27,1961.6300048828125,3.0262443380893917,STRONG_POSITIVE,2014-11-17,2041.3199462890625,7.2116184168769015,STRONG_POSITIVE,2014-11-18,2051.800048828125,7.762041076700657,STRONG_POSITIVE,6.728430244299623,2032.1199951171875,STRONG_POSITIVE,7.466874817680869,0.2820360759473382,True,Measured from the event-date reference close to subsequent trading-session closes.,True,True,2015-01-21
AAPL,Information Technology,2014-06-30,2014-07-22,0.32,0.3075,0.0125,4.065,4.065040650406507,BEAT,True,,,,,UNKNOWN,True,True,True,Alpha Vantage EARNINGS,primary_event_data,PRIMARY_EVENT_DATA,False,False,False,True,2014-07-22,1983.530029296875,2014-07-23,1987.010009765625,0.1754438005651767,NEUTRAL,2014-07-25,1978.3399658203125,-0.26165792299107676,NEGATIVE,2014-07-29,1969.949951171875,-0.6846419224524616,NEGATIVE,2014-08-19,1981.5999755859375,-0.09730398241672543,NEUTRAL,2014-08-20,1986.510009765625,0.1502362164794827,NEUTRAL,-4.009015157660023,1904.010009765625,STRONG_NEGATIVE,0.3962624833236692,-3.9701944934968,True,Measured from the event-date reference close to subsequent trading-session closes.,True,True,2014-10-20
AAPL,Information Technology,2014-03-31,2014-04-23,0.415,0.365,0.05,13.6986,13.698630136986298,LARGE_BEAT,True,,,,,UNKNOWN,True,True,True,Alpha Vantage EARNINGS,primary_event_data,PRIMARY_EVENT_DATA,False,False,False,True,2014-04-23,1875.3900146484375,2014-04-24,1878.6099853515625,0.17169605671216176,NEUTRAL,2014-04-28,1869.4300537109375,-0.31779847876694917,NEGATIVE,2014-04-30,1883.949951171875,0.4564350058695473,POSITIVE,2014-05-21,1888.030029296875,0.6739939185826906,POSITIVE,2014-05-22,1892.489990234375,0.9118090345139798,POSITIVE,5.951828379448416,1987.010009765625,STRONG_POSITIVE,1.4279712000010416,-1.3213267162201612,True,Measured from the event-date reference close to subsequent trading-session closes.,True,True,2014-07-23
AAPL,Information Technology,2013-12-31,2014-01-27,0.5175,0.5025,0.015,2.9851,2.985074626865675,IN_LINE,True,,,,,UNKNOWN,True,True,True,Alpha Vantage EARNINGS,primary_event_data,PRIMARY_EVENT_DATA,False,False,False,True,2014-01-27,1781.56005859375,2014-01-28,1792.5,0.6140652600218987,POSITIVE,2014-01-30,1794.18994140625,0.708922651895846,POSITIVE,2014-02-03,1741.8900146484375,-2.2267025887763503,STRONG_NEGATIVE,2014-02-25,1845.1199951171875,3.567656123454388,STRONG_POSITIVE,2014-02-26,1845.1600341796875,3.569903539268795,STRONG_POSITIVE,4.932193820428735,1869.4300537109375,STRONG_POSITIVE,4.330468791753629,-2.4495393482768213,True,Measured from the event-date reference close to subsequent trading-session closes.,True,True,2014-04-28
AAPL,Information Technology,2013-09-30,2013-10-28,0.295,0.285,0.01,3.5088,3.5087719298245648,BEAT,True,,,,,UNKNOWN,True,True,True,Alpha Vantage EARNINGS,primary_event_data,PRIMARY_EVENT_DATA,False,False,False,True,2013-10-28,1762.1099853515625,2013-10-29,1771.949951171875,0.5584195028750891,POSITIVE,2013-10-31,1756.5400390625,-0.3160952684773095,NEGATIVE,2013-11-04,1767.9300537109375,0.33028973263628747,POSITIVE,2013-11-25,1802.47998046875,2.2910031412785616,STRONG_POSITIVE,2013-11-26,1802.75,2.306326789262778,STRONG_POSITIVE,0.6861073327327184,1774.199951171875,POSITIVE,2.6099386880892927,-0.9028967721622242,True,Measured from the event-date reference close to subsequent trading-session closes.,True,True,2014-01-29
AAPL,Information Technology,2013-06-30,2013-07-23,0.2675,0.2625,0.005,1.9048,1.9047619047619064,IN_LINE,True,,,,,UNKNOWN,True,True,True,Alpha Vantage EARNINGS,primary_event_data,PRIMARY_EVENT_DATA,False,False,False,True,2013-07-23,1692.3900146484375,2013-07-24,1685.93994140625,-0.3811221518892844,NEGATIVE,2013-07-26,1691.6500244140625,-0.043724568685115955,NEUTRAL,2013-07-30,1685.9599609375,-0.3799392371310595,NEGATIVE,2013-08-20,1652.3499755859375,-2.36588721960863,STRONG_NEGATIVE,2013-08-21,1642.800048828125,-2.9301736237562173,STRONG_NEGATIVE,3.088532730566135,1744.6600341796875,STRONG_POSITIVE,1.02104297161459,-2.7505509028777215,True,Measured from the event-date reference close to subsequent trading-session closes.,True,True,2013-10-21
AAPL,Information Technology,2013-03-31,2013-04-23,0.36,0.3575,0.0025,0.6993,0.6993006993007,IN_LINE,True,,,,,UNKNOWN,True,True,True,Alpha Vantage EARNINGS,primary_event_data,PRIMARY_EVENT_DATA,False,False,False,True,2013-04-23,1578.780029296875,2013-04-24,1578.7900390625,0.0006340190171684617,NEUTRAL,2013-04-26,1582.239990234375,0.21915408564174244,NEUTRAL,2013-04-30,1597.5699462890625,1.1901542104352416,POSITIVE,2013-05-21,1669.1600341796875,5.724673685102548,STRONG_POSITIVE,2013-05-22,1655.3499755859375,4.849943935708616,STRONG_POSITIVE,7.196061721287405,1692.3900146484375,STRONG_POSITIVE,6.090146988803998,-0.18875210057459132,True,Measured from the event-date reference close to subsequent trading-session closes.,True,True,2013-07-23
AAPL,Information Technology,2012-12-31,2013-01-23,0.4925,0.48,0.0125,2.6042,2.604166666666669,IN_LINE,True,,,,,UNKNOWN,True,True,True,Alpha Vantage EARNINGS,primary_event_data,PRIMARY_EVENT_DATA,False,False,False,True,2013-01-23,1494.81005859375,2013-01-24,1494.8199462890625,0.0006614683421251459,NEUTRAL,2013-01-28,1500.1800537109375,0.35924263998058387,POSITIVE,2013-01-30,1501.9599609375,0.4783151078389388,POSITIVE,2013-02-21,1502.4200439453125,0.50909380143733,POSITIVE,2013-02-22,1515.5999755859375,1.390806602662663,POSITIVE,5.618103784219554,1578.7900390625,STRONG_POSITIVE,2.4170216546769407,-0.3579115370205049,True,Measured from the event-date reference close to subsequent trading-session closes.,True,True,2013-04-24
AAPL,Information Technology,2012-09-30,2012-10-25,0.31,0.3125,-0.0025,-0.8,-0.8000000000000007,IN_LINE,False,,,,,UNKNOWN,True,True,True,Alpha Vantage EARNINGS,primary_event_data,PRIMARY_EVENT_DATA,False,False,False,True,2012-10-25,1412.969970703125,2012-10-26,1411.93994140625,-0.07289817322603358,NEUTRAL,2012-11-01,1427.5899658203125,1.0346996341268504,POSITIVE,2012-11-05,1417.260009765625,0.303618558883115,POSITIVE,2012-11-27,1398.93994140625,-0.9929460347903464,NEGATIVE,2012-11-28,1409.9300537109375,-0.21514377907654825,NEUTRAL,6.298080785828139,1501.9599609375,STRONG_POSITIVE,1.5074664904255273,-4.927209817668174,True,Measured from the event-date reference close to subsequent trading-session closes.,True,True,2013-01-30
AAPL,Information Technology,2012-06-30,2012-07-24,0.3325,0.37,-0.0375,-10.1351,-10.135135135135128,LARGE_MISS,False,,,,,UNKNOWN,True,True,True,Alpha Vantage EARNINGS,primary_event_data,PRIMARY_EVENT_DATA,False,False,False,True,2012-07-24,1338.31005859375,2012-07-25,1337.8900146484375,-0.031386145730225454,NEUTRAL,2012-07-27,1385.969970703125,3.561201068716049,STRONG_POSITIVE,2012-07-31,1379.3199462890625,3.064303928075103,STRONG_POSITIVE,2012-08-21,1413.1700439453125,5.593620467160113,STRONG_POSITIVE,2012-08-22,1413.489990234375,5.617527205886914,STRONG_POSITIVE,7.1366038895105515,1433.8199462890625,STRONG_POSITIVE,6.60310326069309,-0.5088550706183718,True,Measured from the event-date reference close to subsequent trading-session closes.,True,True,2012-10-22
AAPL,Information Technology,2012-03-31,2012-04-24,0.44,0.3575,0.0825,23.0769,23.076923076923084,LARGE_BEAT,True,,,,,UNKNOWN,True,True,True,Alpha Vantage EARNINGS,primary_event_data,PRIMARY_EVENT_DATA,False,False,False,True,2012-04-24,1371.969970703125,2012-04-25,1390.68994140625,1.3644592157896245,POSITIVE,2012-04-27,1403.3599853515625,2.2879520192668896,STRONG_POSITIVE,2012-05-01,1405.8199462890625,2.4672533881036496,STRONG_POSITIVE,2012-05-22,1316.6300048828125,-4.033613490239233,STRONG_NEGATIVE,2012-05-23,1318.8599853515625,-3.8710749131297684,STRONG_NEGATIVE,-2.4534000618194676,1338.31005859375,STRONG_NEGATIVE,3.1596883686689545,-5.830301824564038,True,Measured from the event-date reference close to subsequent trading-session closes.,True,True,2012-07-24
AAPL,Information Technology,2011-12-31,2012-01-24,0.495,0.3625,0.1325,36.5517,36.55172413793103,LARGE_BEAT,True,,,,,UNKNOWN,True,True,True,Alpha Vantage EARNINGS,primary_event_data,PRIMARY_EVENT_DATA,False,False,False,True,2012-01-24,1314.6500244140625,2012-01-25,1326.06005859375,0.8679141952454559,POSITIVE,2012-01-27,1316.3299560546875,0.12778546452876255,NEUTRAL,2012-01-31,1312.4100341796875,-0.170386809628164,NEUTRAL,2012-02-22,1357.6600341796875,3.271593881785724,STRONG_POSITIVE,2012-02-23,1363.4599609375,3.712770366028937,STRONG_POSITIVE,4.360091676460427,1371.969970703125,STRONG_POSITIVE,4.039857328206687,-1.0770953422374603,True,Measured from the event-date reference close to subsequent trading-session closes.,True,True,2012-04-24
AAPL,Information Technology,2011-09-30,2011-10-18,0.2525,0.265,-0.0125,-4.717,-4.716981132075476,MISS,False,,,,,UNKNOWN,True,True,True,Alpha Vantage EARNINGS,primary_event_data,PRIMARY_EVENT_DATA,False,False,False,True,2011-10-18,1225.3800048828125,2011-10-19,1209.8800048828125,-1.2649137360032507,NEGATIVE,2011-10-21,1238.25,1.0502860390984021,POSITIVE,2011-10-25,1229.050048828125,0.29950251601040934,POSITIVE,2011-11-15,1257.81005859375,2.6465303482766473,STRONG_POSITIVE,2011-11-16,1236.9100341796875,0.94093499575078,POSITIVE,7.272845546856329,1314.5,STRONG_POSITIVE,5.4905440784721495,-2.288272939885417,True,Measured from the event-date reference close to subsequent trading-session closes.,True,True,2012-01-19
AAPL,Information Technology,2011-06-30,2011-07-19,0.2775,0.2075,0.07,33.7349,33.734939759036166,LARGE_BEAT,True,,,,,UNKNOWN,True,True,True,Alpha Vantage EARNINGS,primary_event_data,PRIMARY_EVENT_DATA,False,False,False,True,2011-07-19,1326.72998046875,2011-07-20,1325.8399658203125,-0.06708332980634439,NEUTRAL,2011-07-22,1345.02001953125,1.3785803691598124,POSITIVE,2011-07-26,1331.93994140625,0.3926918826134657,POSITIVE,2011-08-16,1192.760009765625,-10.097757092652099,STRONG_NEGATIVE,2011-08-17,1193.8900146484375,-10.012584909958733,STRONG_NEGATIVE,-9.487235305613286,1200.8599853515625,STRONG_NEGATIVE,1.5278180058981068,-16.97330615282302,True,Measured from the event-date reference close to subsequent trading-session closes.,True,True,2011-10-17
AAPL,Information Technology,2011-03-31,2011-04-20,0.2275,0.1925,0.035,18.1818,18.181818181818183,LARGE_BEAT,True,,,,,UNKNOWN,True,True,True,Alpha Vantage EARNINGS,primary_event_data,PRIMARY_EVENT_DATA,False,False,False,True,2011-04-20,1330.3599853515625,2011-04-21,1337.3800048828125,0.5276781930114112,POSITIVE,2011-04-26,1347.239990234375,1.2688298707625192,POSITIVE,2011-04-28,1360.47998046875,2.26404848678818,STRONG_POSITIVE,2011-05-19,1343.5999755859375,0.9952186160256605,POSITIVE,2011-05-20,1333.27001953125,0.2187403568755483,NEUTRAL,1.0102576463926651,1343.800048828125,POSITIVE,3.0232396603913507,-0.8907345167034629,True,Measured from the event-date reference close to subsequent trading-session closes.,True,True,2011-07-21
AAPL,Information Technology,2010-12-31,2011-01-18,0.23,0.1925,0.0375,19.4805,19.480519480519483,LARGE_BEAT,True,,,,,UNKNOWN,True,True,True,Alpha Vantage EARNINGS,primary_event_data,PRIMARY_EVENT_DATA,False,False,False,True,2011-01-18,1295.02001953125,2011-01-19,1281.9200439453125,-1.0115654884377165,NEGATIVE,2011-01-21,1283.3499755859375,-0.9011477636875938,NEGATIVE,2011-01-25,1291.1800537109375,-0.29651787326827794,NEGATIVE,2011-02-15,1328.010009765625,2.5474502121068503,STRONG_POSITIVE,2011-02-16,1336.3199462890625,3.189134232284808,STRONG_POSITIVE,0.7814547238312631,1305.1400146484375,POSITIVE,2.92967991490841,-1.8347214257139637,True,Measured from the event-date reference close to subsequent trading-session closes.,True,True,2011-04-18
AAPL,Information Technology,2010-09-30,2010-10-18,0.165,0.145,0.02,13.7931,13.793103448275875,LARGE_BEAT,True,,,,,UNKNOWN,True,True,True,Alpha Vantage EARNINGS,primary_event_data,PRIMARY_EVENT_DATA,False,False,False,True,2010-10-18,1184.7099609375,2010-10-19,1165.9000244140625,-1.587725024997053,NEGATIVE,2010-10-21,1180.260009765625,-0.3756152407424352,NEGATIVE,2010-10-25,1185.6199951171875,0.07681493443064832,NEUTRAL,2010-11-15,1197.75,1.1006946419342154,POSITIVE,2010-11-16,1178.3399658203125,-0.5376839333862538,NEGATIVE,9.311144687806797,1295.02001953125,STRONG_POSITIVE,3.576402369712392,-2.1102211363375956,True,Measured from the event-date reference close to subsequent trading-session closes.,True,True,2011-01-18
AAPL,Information Technology,2010-06-30,2010-07-20,0.125,0.11,0.015,13.6364,13.636363636363637,LARGE_BEAT,True,,,,,UNKNOWN,True,True,True,Alpha Vantage EARNINGS,primary_event_data,PRIMARY_EVENT_DATA,False,False,False,True,2010-07-20,1083.47998046875,2010-07-21,1069.5899658203125,-1.2819816608358754,NEGATIVE,2010-07-23,1102.6600341796875,1.7702268668258698,POSITIVE,2010-07-27,1113.8399658203125,2.8020808781743938,STRONG_POSITIVE,2010-08-17,1092.5400390625,0.8361999074344053,POSITIVE,2010-08-18,1094.1600341796875,0.9857176785414115,POSITIVE,9.343041153834195,1184.7099609375,STRONG_POSITIVE,4.223429190249337,-1.6825396682330112,True,Measured from the event-date reference close to subsequent trading-session closes.,True,True,2010-10-18
AAPL,Information Technology,2010-03-31,2010-04-20,0.12,0.0875,0.0325,37.1429,37.142857142857146,LARGE_BEAT,True,,,,,UNKNOWN,True,True,True,Alpha Vantage EARNINGS,primary_event_data,PRIMARY_EVENT_DATA,False,False,False,True,2010-04-20,1207.1700439453125,2010-04-21,1205.93994140625,-0.10189969053922501,NEUTRAL,2010-04-23,1217.280029296875,0.8374947176887124,POSITIVE,2010-04-27,1183.7099609375,-1.9433950606610062,NEGATIVE,2010-05-18,1120.800048828125,-7.154749701617037,STRONG_NEGATIVE,2010-05-19,1115.050048828125,-7.631070335055526,STRONG_NEGATIVE,-10.246283371339683,1083.47998046875,STRONG_NEGATIVE,1.0462490306282541,-11.71168930109877,True,Measured from the event-date reference close to subsequent trading-session closes.,True,True,2010-07-20
AAPL,Information Technology,2009-12-31,2010-01-25,0.13,0.075,0.055,73.3333,73.33333333333336,LARGE_BEAT,True,,,,,UNKNOWN,True,True,True,Alpha Vantage EARNINGS,primary_event_data,PRIMARY_EVENT_DATA,False,False,False,True,2010-01-25,1096.780029296875,2010-01-26,1092.1700439453125,-0.4203199573681037,NEGATIVE,2010-01-28,1084.530029296875,-1.1169058218404326,NEGATIVE,2010-02-01,1089.18994140625,-0.6920337431281333,NEGATIVE,2010-02-23,1094.5999755859375,-0.19876854544252517,NEUTRAL,2010-02-24,1105.239990234375,0.7713452753988894,POSITIVE,10.509857624335798,1212.050048828125,STRONG_POSITIVE,1.4259937481232239,-4.766683190830046,True,Measured from the event-date reference close to subsequent trading-session closes.,True,True,2010-04-26
AAPL,Information Technology,2009-09-30,2009-10-19,0.065,0.05,0.015,30.0,30.0,LARGE_BEAT,True,,,,,UNKNOWN,True,True,True,Alpha Vantage EARNINGS,primary_event_data,PRIMARY_EVENT_DATA,False,False,False,True,2009-10-19,1097.9100341796875,2009-10-20,1091.06005859375,-0.6239104637617704,NEGATIVE,2009-10-22,1092.9100341796875,-0.4554107207641827,NEGATIVE,2009-10-26,1066.949951171875,-2.8199107435013633,STRONG_NEGATIVE,2009-11-16,1109.300048828125,1.0374269561119043,POSITIVE,2009-11-17,1110.3199462890625,1.1303214036701257,POSITIVE,3.655126889590363,1138.0400390625,STRONG_POSITIVE,1.4372677847281528,-6.24186200721608,True,Measured from the event-date reference close to subsequent trading-session closes.,True,True,2010-01-20
AAPL,Information Technology,2009-06-30,2009-07-21,0.0475,0.0425,0.005,11.7647,11.764705882352937,LARGE_BEAT,True,,,,,UNKNOWN,True,True,True,Alpha Vantage EARNINGS,primary_event_data,PRIMARY_EVENT_DATA,False,False,False,True,2009-07-21,954.5800170898438,2009-07-22,954.0700073242188,-0.05342765996504184,NEUTRAL,2009-07-24,979.260009765625,2.5854294280139327,STRONG_POSITIVE,2009-07-28,979.6199951171875,2.623140813661829,STRONG_POSITIVE,2009-08-18,989.6699829101562,3.675958556862382,STRONG_POSITIVE,2009-08-19,996.4600219726562,4.387270227014485,STRONG_POSITIVE,15.014981931719372,1097.9100341796875,STRONG_POSITIVE,6.643757649934888,-0.715499692803743,True,Measured from the event-date reference close to subsequent trading-session closes.,True,True,2009-10-19
AAPL,Information Technology,2009-03-31,2009-04-22,0.0475,0.04,0.0075,18.75,18.75,LARGE_BEAT,True,,,,,UNKNOWN,True,True,True,Alpha Vantage EARNINGS,primary_event_data,PRIMARY_EVENT_DATA,False,False,False,True,2009-04-22,843.5499877929688,2009-04-23,851.9199829101562,0.9922346320087596,POSITIVE,2009-04-27,857.510009765625,1.6549134224019972,POSITIVE,2009-04-29,873.6400146484375,3.5670709846366213,STRONG_POSITIVE,2009-05-20,903.469970703125,7.103311454834889,STRONG_POSITIVE,2009-05-21,888.3300170898438,5.308521124401379,STRONG_POSITIVE,13.101774776905664,954.0700073242188,STRONG_POSITIVE,10.268507660561607,-0.9602247291983205,True,Measured from the event-date reference close to subsequent trading-session closes.,True,True,2009-07-22
AAPL,Information Technology,2008-12-31,2009-01-21,0.0625,0.05,0.0125,25.0,24.999999999999996,LARGE_BEAT,True,,,,,UNKNOWN,True,True,True,Alpha Vantage EARNINGS,primary_event_data,PRIMARY_EVENT_DATA,False,False,False,True,2009-01-21,840.239990234375,2009-01-22,827.5,-1.5162323124874513,NEGATIVE,2009-01-26,836.5700073242188,-0.43677793878062765,NEGATIVE,2009-01-28,874.0900268554688,4.028615278314911,STRONG_POSITIVE,2009-02-19,778.9400024414062,-7.295533241148144,STRONG_NEGATIVE,2009-02-20,770.0499877929688,-8.353566035559385,STRONG_NEGATIVE,0.3939347801894629,843.5499877929688,POSITIVE,4.477291673143746,-7.5228460525746135,True,Measured from the event-date reference close to subsequent trading-session closes.,True,True,2009-04-22
AAPL,Information Technology,2008-09-30,2008-10-21,0.045,0.04,0.005,12.5,12.499999999999991,LARGE_BEAT,True,,,,,UNKNOWN,True,True,True,Alpha Vantage EARNINGS,primary_event_data,PRIMARY_EVENT_DATA,False,False,False,True,2008-10-21,955.0499877929688,2008-10-22,896.780029296875,-6.101246975642623,STRONG_NEGATIVE,2008-10-24,876.77001953125,-8.196426287865458,STRONG_NEGATIVE,2008-10-28,940.510009765625,-1.5224310992290864,NEGATIVE,2008-11-18,859.1199951171875,-10.04449964943369,STRONG_NEGATIVE,2008-11-19,806.5800170898438,-15.54578007442576,STRONG_NEGATIVE,-13.355320603450805,827.5,STRONG_NEGATIVE,5.49290850145828,-14.277785152029338,True,Measured from the event-date reference close to subsequent trading-session closes.,True,True,2009-01-22
AAPL,Information Technology,2008-06-30,2008-07-21,0.0425,0.0375,0.005,13.3333,13.333333333333346,LARGE_BEAT,True,,,,,UNKNOWN,True,True,True,Alpha Vantage EARNINGS,primary_event_data,PRIMARY_EVENT_DATA,False,False,False,True,2008-07-21,1260.0,2008-07-22,1277.0,1.3492063492063493,POSITIVE,2008-07-24,1252.5400390625,-0.5920603918650793,NEGATIVE,2008-07-28,1234.3699951171875,-2.0341273716517856,STRONG_NEGATIVE,2008-08-18,1278.5999755859375,1.4761885385664684,POSITIVE,2008-08-19,1266.68994140625,0.5309477306547619,POSITIVE,-25.353175571986608,940.5499877929688,STRONG_NEGATIVE,4.218255905877976,-2.0341273716517856,True,Measured from the event-date reference close to subsequent trading-session closes.,True,True,2008-10-17
AAPL,Information Technology,2008-03-31,2008-04-23,0.0425,0.0375,0.005,13.3333,13.333333333333346,LARGE_BEAT,True,,,,,UNKNOWN,True,True,True,Alpha Vantage EARNINGS,primary_event_data,PRIMARY_EVENT_DATA,False,False,False,True,2008-04-23,1379.9300537109375,2008-04-24,1388.8199462890625,0.6442277675030057,POSITIVE,2008-04-28,1396.3699951171875,1.1913604868623129,POSITIVE,2008-04-30,1385.5899658203125,0.41015934787087527,POSITIVE,2008-05-21,1390.7099609375,0.7811922928682467,POSITIVE,2008-05-22,1394.3499755859375,1.0449748402987264,POSITIVE,-7.082975839379879,1282.18994140625,STRONG_NEGATIVE,4.370506777589974,-0.6406185492411043,True,Measured from the event-date reference close to subsequent trading-session closes.,True,True,2008-07-23
AAPL,Information Technology,2007-12-31,2008-01-22,0.06,0.06,0.0,0.0,0.0,IN_LINE,False,,,,,UNKNOWN,True,True,True,Alpha Vantage EARNINGS,primary_event_data,PRIMARY_EVENT_DATA,False,False,False,True,2008-01-22,1310.5,2008-01-23,1338.5999755859375,2.1442179004912245,STRONG_POSITIVE,2008-01-25,1330.6099853515625,1.534527688024609,POSITIVE,2008-01-29,1362.300048828125,3.952693538964136,STRONG_POSITIVE,2008-02-20,1360.030029296875,3.77947571895269,STRONG_POSITIVE,2008-02-21,1342.530029296875,2.444107538868752,STRONG_POSITIVE,4.9935094548836325,1375.93994140625,STRONG_POSITIVE,6.525755019553606,-3.086604438906906,True,Measured from the event-date reference close to subsequent trading-session closes.,True,True,2008-04-22
AAPL,Information Technology,2007-09-30,2007-10-22,0.04,0.03,0.01,33.3333,33.33333333333334,LARGE_BEAT,True,,,,,UNKNOWN,True,True,True,Alpha Vantage EARNINGS,primary_event_data,PRIMARY_EVENT_DATA,False,False,False,True,2007-10-22,1506.3299560546875,2007-10-23,1519.5899658203125,0.8802858704579591,POSITIVE,2007-10-25,1514.4000244140625,0.5357437344279977,POSITIVE,2007-10-29,1540.97998046875,2.3002944524064506,STRONG_POSITIVE,2007-11-19,1433.27001953125,-4.850194755124757,STRONG_NEGATIVE,2007-11-20,1439.699951171875,-4.423333985691079,STRONG_NEGATIVE,-11.135009284955132,1338.5999755859375,STRONG_NEGATIVE,3.082329573564681,-5.0393947092571185,True,Measured from the event-date reference close to subsequent trading-session closes.,True,True,2008-01-23
AAPL,Information Technology,2007-06-30,2007-07-25,0.03,0.03,0.0,0.0,0.0,IN_LINE,False,,,,,UNKNOWN,True,True,True,Alpha Vantage EARNINGS,primary_event_data,PRIMARY_EVENT_DATA,False,False,False,True,2007-07-25,1518.0899658203125,2007-07-26,1482.6600341796875,-2.333849273648294,STRONG_NEGATIVE,2007-07-30,1473.9100341796875,-2.910231451055801,STRONG_NEGATIVE,2007-08-01,1465.81005859375,-3.4437950585038366,STRONG_NEGATIVE,2007-08-22,1464.0699462890625,-3.5584201692591937,STRONG_NEGATIVE,2007-08-23,1462.5,-3.661836061888071,STRONG_NEGATIVE,0.09880837326985839,1519.5899658203125,NEUTRAL,0.0,-9.715497339097261,True,Measured from the event-date reference close to subsequent trading-session closes.,True,True,2007-10-23
AAPL,Information Technology,2007-03-31,2007-04-25,0.03,0.02,0.01,50.0,49.99999999999999,LARGE_BEAT,True,,,,,UNKNOWN,True,True,True,Alpha Vantage EARNINGS,primary_event_data,PRIMARY_EVENT_DATA,False,False,False,True,2007-04-25,1495.4200439453125,2007-04-26,1494.25,-0.07824182576994324,NEUTRAL,2007-04-30,1482.3699951171875,-0.8726677752489882,NEGATIVE,2007-05-02,1495.9200439453125,0.0334354218418036,NEUTRAL,2007-05-23,1522.280029296875,1.796149881788315,POSITIVE,2007-05-24,1507.510009765625,0.808466214510271,POSITIVE,1.5159568020227123,1518.0899658203125,POSITIVE,2.474890577765885,-1.2518283975951638,True,Measured from the event-date reference close to subsequent trading-session closes.,True,True,2007-07-25
AAPL,Information Technology,2006-12-31,2007-01-17,0.04,0.03,0.01,33.3333,33.33333333333334,LARGE_BEAT,True,,,,,UNKNOWN,True,True,True,Alpha Vantage EARNINGS,primary_event_data,PRIMARY_EVENT_DATA,False,False,False,True,2007-01-17,1430.6199951171875,2007-01-18,1426.3699951171875,-0.2970739969038295,NEGATIVE,2007-01-22,1422.949951171875,-0.5361342614734123,NEGATIVE,2007-01-24,1440.1300048828125,0.664747438039687,POSITIVE,2007-02-14,1455.300048828125,1.7251299293433868,POSITIVE,2007-02-15,1456.81005859375,1.8306792555641005,POSITIVE,2.9274024566797663,1472.5,STRONG_POSITIVE,1.8893926681530036,-0.9548331650829859,True,Measured from the event-date reference close to subsequent trading-session closes.,True,True,2007-04-18
AAPL,Information Technology,2006-09-30,2006-10-18,0.02,0.02,0.0,0.0,0.0,IN_LINE,False,,,,,UNKNOWN,True,True,True,Alpha Vantage EARNINGS,primary_event_data,PRIMARY_EVENT_DATA,False,False,False,True,2006-10-18,1365.800048828125,2006-10-19,1366.9599609375,0.08492546990097272,NEUTRAL,2006-10-23,1377.02001953125,0.8214943843904449,POSITIVE,2006-10-25,1382.219970703125,1.2022200386570872,POSITIVE,2006-11-15,1396.5699462890625,2.2528844897420006,STRONG_POSITIVE,2006-11-16,1399.760009765625,2.4864518760735224,STRONG_POSITIVE,4.184353514468343,1422.949951171875,STRONG_POSITIVE,2.6028646571154264,-0.35291171379812764,True,Measured from the event-date reference close to subsequent trading-session closes.,True,True,2007-01-22
AAPL,Information Technology,2006-06-30,2006-07-19,0.02,0.02,0.0,0.0,0.0,IN_LINE,False,,,,,UNKNOWN,True,True,True,Alpha Vantage EARNINGS,primary_event_data,PRIMARY_EVENT_DATA,False,False,False,True,2006-07-19,1259.81005859375,2006-07-20,1249.1300048828125,-0.8477511064532219,NEGATIVE,2006-07-24,1260.9100341796875,0.0873128118349314,NEUTRAL,2006-07-26,1268.4000244140625,0.6818461054280643,POSITIVE,2006-08-16,1295.4300537109375,2.827409963447026,STRONG_POSITIVE,2006-08-17,1297.47998046875,2.990127092416508,STRONG_POSITIVE,8.274262419426291,1364.050048828125,STRONG_POSITIVE,2.889316694643716,-1.6740688603619018,True,Measured from the event-date reference close to subsequent trading-session closes.,True,True,2006-10-17
AAPL,Information Technology,2006-03-31,2006-04-19,0.02,0.01,0.01,100.0,100.0,LARGE_BEAT,True,,,,,UNKNOWN,True,True,True,Alpha Vantage EARNINGS,primary_event_data,PRIMARY_EVENT_DATA,False,False,False,True,2006-04-19,1309.9300537109375,2006-04-20,1311.4599609375,0.11679304724923159,NEUTRAL,2006-04-24,1308.1099853515625,-0.13894393477108777,NEUTRAL,2006-04-26,1305.4100341796875,-0.34505808294459006,NEGATIVE,2006-05-17,1270.3199462890625,-3.023833777205311,STRONG_NEGATIVE,2006-05-18,1261.81005859375,-3.6734782121279697,STRONG_NEGATIVE,-3.826158120061538,1259.81005859375,STRONG_NEGATIVE,1.2802132001956583,-3.253608465310657,True,Measured from the event-date reference close to subsequent trading-session closes.,True,True,2006-07-19
AAPL,Information Technology,2005-12-31,2006-01-18,0.02,0.02,0.0,0.0,0.0,IN_LINE,False,,,,,UNKNOWN,True,True,True,Alpha Vantage EARNINGS,primary_event_data,PRIMARY_EVENT_DATA,False,False,False,True,2006-01-18,1277.9300537109375,2006-01-19,1285.0400390625,0.5563673325403105,POSITIVE,2006-01-23,1263.8199462890625,-1.1041376936790195,NEGATIVE,2006-01-25,1264.6800537109375,-1.036832959794926,NEGATIVE,2006-02-15,1280.0,0.16197649339661851,NEUTRAL,2006-02-16,1289.3800048828125,0.8959763594749084,POSITIVE,2.5040494123349153,1309.9300537109375,STRONG_POSITIVE,0.7832891687808051,-1.9030829026011855,True,Measured from the event-date reference close to subsequent trading-session closes.,True,True,2006-04-19
AAPL,Information Technology,2005-09-30,2005-10-11,0.02,0.01,0.01,100.0,100.0,LARGE_BEAT,True,,,,,UNKNOWN,True,True,True,Alpha Vantage EARNINGS,primary_event_data,PRIMARY_EVENT_DATA,False,False,False,True,2005-10-11,1184.8699951171875,2005-10-12,1177.6800537109375,-0.6068126829001937,NEGATIVE,2005-10-14,1186.5699462890625,0.1434715351794244,NEUTRAL,2005-10-18,1178.1400146484375,-0.5679931550705175,NEGATIVE,2005-11-08,1218.5899658203125,2.845879365844688,STRONG_POSITIVE,2005-11-09,1220.6500244140625,3.0197430472814224,STRONG_POSITIVE,9.225489635505445,1294.1800537109375,STRONG_POSITIVE,3.361546517240331,-1.4069091135744203,True,Measured from the event-date reference close to subsequent trading-session closes.,True,True,2006-01-11
AAPL,Information Technology,2005-06-30,2005-07-13,0.01,0.01,0.0,0.0,0.0,IN_LINE,False,,,,,UNKNOWN,True,True,True,Alpha Vantage EARNINGS,primary_event_data,PRIMARY_EVENT_DATA,False,False,False,True,2005-07-13,1223.2900390625,2005-07-14,1226.5,0.26240391362624327,POSITIVE,2005-07-18,1221.1300048828125,-0.17657580056344593,NEUTRAL,2005-07-20,1235.199951171875,0.973596753759433,POSITIVE,2005-08-10,1229.1300048828125,0.47739829752787893,POSITIVE,2005-08-11,1237.81005859375,1.186964584652205,POSITIVE,-3.140714198470601,1184.8699951171875,STRONG_NEGATIVE,1.8450200335449116,-0.17657580056344593,True,Measured from the event-date reference close to subsequent trading-session closes.,True,True,2005-10-11
AAPL,Information Technology,2005-03-31,2005-04-13,0.01,0.01,0.0,0.0,0.0,IN_LINE,False,,,,,UNKNOWN,True,True,True,Alpha Vantage EARNINGS,primary_event_data,PRIMARY_EVENT_DATA,False,False,False,True,2005-04-13,1173.7900390625,2005-04-14,1162.050048828125,-1.0001780423824067,NEGATIVE,2005-04-18,1145.97998046875,-2.3692532453216035,STRONG_NEGATIVE,2005-04-20,1137.5,-3.0916976507557234,STRONG_NEGATIVE,2005-05-11,1171.1099853515625,-0.22832479589603988,NEUTRAL,2005-05-12,1159.3599853515625,-1.2293556113717499,NEGATIVE,4.21710854179129,1223.2900390625,STRONG_POSITIVE,0.4327823448514552,-3.206707621961112,True,Measured from the event-date reference close to subsequent trading-session closes.,True,True,2005-07-13
AAPL,Information Technology,2004-12-31,2005-01-12,0.01,0.01,0.0,0.0,0.0,IN_LINE,False,,,,,UNKNOWN,True,True,True,Alpha Vantage EARNINGS,primary_event_data,PRIMARY_EVENT_DATA,False,False,False,True,2005-01-12,1187.699951171875,2005-01-13,1177.449951171875,-0.8630125807352751,NEGATIVE,2005-01-18,1195.97998046875,0.6971482392253443,POSITIVE,2005-01-20,1175.4100341796875,-1.0347661444341505,NEGATIVE,2005-02-10,1197.010009765625,0.7838729457354939,POSITIVE,2005-02-11,1205.300048828125,1.4818639706842125,POSITIVE,-2.1596281382719478,1162.050048828125,STRONG_NEGATIVE,1.4658613198147763,-2.0164984555437724,True,Measured from the event-date reference close to subsequent trading-session closes.,True,True,2005-04-14
AAPL,Information Technology,2004-09-30,2004-10-13,0.02,0.01,0.01,100.0,100.0,LARGE_BEAT,True,,,,,UNKNOWN,True,True,True,Alpha Vantage EARNINGS,primary_event_data,PRIMARY_EVENT_DATA,False,False,False,True,2004-10-13,1113.6500244140625,2004-10-14,1103.2900390625,-0.9302729874237932,NEGATIVE,2004-10-18,1114.02001953125,0.03322364379080132,NEUTRAL,2004-10-20,1103.6600341796875,-0.8970493436329918,NEGATIVE,2004-11-10,1162.9100341796875,4.42329355593942,STRONG_POSITIVE,2004-11-11,1173.47998046875,5.372419947295967,STRONG_POSITIVE,6.64929961248582,1187.699951171875,STRONG_POSITIVE,5.138056790617932,-2.097605606739259,True,Measured from the event-date reference close to subsequent trading-session closes.,True,True,2005-01-12
AAPL,Information Technology,2004-06-30,2004-07-14,0.01,0.01,0.0,0.0,0.0,IN_LINE,False,,,,,UNKNOWN,True,True,True,Alpha Vantage EARNINGS,primary_event_data,PRIMARY_EVENT_DATA,False,False,False,True,2004-07-14,1111.469970703125,2004-07-15,1106.68994140625,-0.430063737471118,NEGATIVE,2004-07-19,1100.9000244140625,-0.9509880219594116,NEGATIVE,2004-07-21,1093.8800048828125,-1.5825857903461793,NEGATIVE,2004-08-11,1075.7900390625,-3.210157051571405,STRONG_NEGATIVE,2004-08-12,1063.22998046875,-4.34019735178792,STRONG_NEGATIVE,0.9329982267201836,1121.8399658203125,POSITIVE,0.4318649135512361,-4.4301682935460125,True,Measured from the event-date reference close to subsequent trading-session closes.,True,True,2004-10-12
AAPL,Information Technology,2004-03-31,2004-04-14,0.01,0.01,0.0,0.0,0.0,IN_LINE,False,,,,,UNKNOWN,True,True,True,Alpha Vantage EARNINGS,primary_event_data,PRIMARY_EVENT_DATA,False,False,False,True,2004-04-14,1128.1700439453125,2004-04-15,1128.8399658203125,0.0593812855247621,NEUTRAL,2004-04-19,1135.8199462890625,0.6780806124755451,POSITIVE,2004-04-21,1124.0899658203125,-0.3616545348723849,NEGATIVE,2004-05-12,1097.280029296875,-2.73806371780732,STRONG_NEGATIVE,2004-05-13,1096.43994140625,-2.812528369225216,STRONG_NEGATIVE,-1.9039773883682147,1106.68994140625,NEGATIVE,1.6300747167621965,-4.595947032499243,True,Measured from the event-date reference close to subsequent trading-session closes.,True,True,2004-07-15
AAPL,Information Technology,2003-12-31,2004-01-14,0.01,0.01,0.0,0.0,0.0,IN_LINE,False,,,,,UNKNOWN,True,True,True,Alpha Vantage EARNINGS,primary_event_data,PRIMARY_EVENT_DATA,False,False,False,True,2004-01-14,1130.52001953125,2004-01-15,1132.050048828125,0.13533854071061913,NEUTRAL,2004-01-20,1138.77001953125,0.7297526675751143,POSITIVE,2004-01-22,1143.93994140625,1.1870574287188944,POSITIVE,2004-02-12,1152.1099853515625,1.9097375939671015,POSITIVE,2004-02-13,1145.81005859375,1.3524783991741909,POSITIVE,-0.1486089305728619,1128.8399658203125,NEUTRAL,2.509464195861884,-0.7200239277330632,True,Measured from the event-date reference close to subsequent trading-session closes.,True,True,2004-04-15
AAPL,Information Technology,2003-09-30,2003-10-15,0.01,,0.0,,,UNKNOWN,,,,,,UNKNOWN,True,True,True,Alpha Vantage EARNINGS,primary_event_data,PRIMARY_EVENT_DATA,False,False,False,True,2003-10-15,1046.760009765625,2003-10-16,1050.0699462890625,0.3162077737549997,POSITIVE,2003-10-20,1044.6800537109375,-0.19870419535354747,NEUTRAL,2003-10-22,1030.3599853515625,-1.5667415893863341,NEGATIVE,2003-11-12,1058.530029296875,1.124423881447799,POSITIVE,2003-11-13,1058.4100341796875,1.1129604021337232,POSITIVE,8.148003197179541,1132.050048828125,STRONG_POSITIVE,1.4931794047340554,-2.7169553838586284,True,Measured from the event-date reference close to subsequent trading-session closes.,True,True,2004-01-15
AAPL,Information Technology,2003-06-30,2003-07-16,0.0009,,0.0,,,UNKNOWN,,,,,,UNKNOWN,True,True,True,Alpha Vantage EARNINGS,primary_event_data,PRIMARY_EVENT_DATA,False,False,False,True,2003-07-16,994.0900268554688,2003-07-17,981.72998046875,-1.2433528204499111,NEGATIVE,2003-07-21,978.7999877929688,-1.5380940004866406,NEGATIVE,2003-07-23,988.6099853515625,-0.5512620945651028,NEGATIVE,2003-08-13,984.030029296875,-1.011980533635952,NEGATIVE,2003-08-14,990.510009765625,-0.3601300680148811,NEGATIVE,5.571925290156283,1049.47998046875,STRONG_POSITIVE,1.0562423640053882,-3.3447674860170618,True,Measured from the event-date reference close to subsequent trading-session closes.,True,True,2003-10-14
AAPL,Information Technology,2003-03-31,2003-04-16,0.0007,,0.0,,,UNKNOWN,,,,,,UNKNOWN,True,True,True,Alpha Vantage EARNINGS,primary_event_data,PRIMARY_EVENT_DATA,False,False,False,True,2003-04-16,879.9099731445312,2003-04-17,893.5800170898438,1.5535730202556872,POSITIVE,2003-04-22,911.3699951171875,3.5753682686681767,STRONG_POSITIVE,2003-04-24,911.4299926757812,3.5821868706189357,STRONG_POSITIVE,2003-05-15,946.6699829101562,7.587140935230565,STRONG_POSITIVE,2003-05-16,944.2999877929688,7.317795753391352,STRONG_POSITIVE,11.571639193989919,981.72998046875,STRONG_POSITIVE,7.76443152247312,-0.08068563366350026,True,Measured from the event-date reference close to subsequent trading-session closes.,True,True,2003-07-17
AAPL,Information Technology,2002-12-31,2003-01-15,-0.0004,,0.0,,,UNKNOWN,,,,,,UNKNOWN,True,True,True,Alpha Vantage EARNINGS,primary_event_data,PRIMARY_EVENT_DATA,False,False,False,True,2003-01-15,918.219970703125,2003-01-16,914.5999755859375,-0.39424051237041774,NEGATIVE,2003-01-21,887.6199951171875,-3.3325321341579657,STRONG_NEGATIVE,2003-01-23,887.3400268554688,-3.3630224600767504,STRONG_NEGATIVE,2003-02-13,817.3699951171875,-10.983204330516994,STRONG_NEGATIVE,2003-02-14,834.8900146484375,-9.075162674895621,STRONG_NEGATIVE,-4.172202607318369,879.9099731445312,STRONG_NEGATIVE,0.8505650980090821,-12.189888724601698,True,Measured from the event-date reference close to subsequent trading-session closes.,True,True,2003-04-16
AAPL,Information Technology,2002-09-30,2002-10-16,-0.0022,,0.0,,,UNKNOWN,,,,,,UNKNOWN,True,True,True,Alpha Vantage EARNINGS,primary_event_data,PRIMARY_EVENT_DATA,False,False,False,True,2002-10-16,860.02001953125,2002-10-17,879.2000122070312,2.2301797911908166,STRONG_POSITIVE,2002-10-21,899.719970703125,4.6161659345457196,STRONG_POSITIVE,2002-10-23,896.1400146484375,4.199901664716426,STRONG_POSITIVE,2002-11-13,882.530029296875,2.617382067209782,STRONG_POSITIVE,2002-11-14,904.27001953125,5.145229063867404,STRONG_POSITIVE,6.3463587841171485,914.5999755859375,STRONG_POSITIVE,7.632375075298597,0.0,True,Measured from the event-date reference close to subsequent trading-session closes.,True,True,2003-01-16
AAPL,Information Technology,2002-06-30,2002-07-16,0.01,0.01,0.0,0.0,0.0,IN_LINE,False,,,,,UNKNOWN,True,True,True,Alpha Vantage EARNINGS,primary_event_data,PRIMARY_EVENT_DATA,False,False,False,True,2002-07-16,900.9400024414062,2002-07-17,906.0399780273438,0.5660727209489383,POSITIVE,2002-07-19,847.75,-5.903834028600093,STRONG_NEGATIVE,2002-07-23,797.7000122070312,-11.459141558218173,STRONG_NEGATIVE,2002-08-13,884.2100219726562,-1.8569472354889753,NEGATIVE,2002-08-14,919.6199951171875,2.0733891963017954,STRONG_POSITIVE,-6.604213359243048,841.4400024414062,STRONG_NEGATIVE,2.8392586654522955,-13.9032576449253,True,Measured from the event-date reference close to subsequent trading-session closes.,True,True,2002-10-14
AAPL,Information Technology,2002-03-31,2002-04-17,0.002,,0.0,,,UNKNOWN,,,,,,UNKNOWN,True,True,True,Alpha Vantage EARNINGS,primary_event_data,PRIMARY_EVENT_DATA,False,False,False,True,2002-04-17,1126.0699462890625,2002-04-18,1124.469970703125,-0.14208492032046344,NEUTRAL,2002-04-22,1107.8299560546875,-1.619791940499297,NEGATIVE,2002-04-24,1093.1400146484375,-2.9243238174631005,STRONG_NEGATIVE,2002-05-15,1091.0699462890625,-3.108155058692552,STRONG_NEGATIVE,2002-05-16,1098.22998046875,-2.47231230280663,STRONG_NEGATIVE,-19.539635969046365,906.0399780273438,STRONG_NEGATIVE,0.3925194842361838,-6.8477083156047875,True,Measured from the event-date reference close to subsequent trading-session closes.,True,True,2002-07-17
AAPL,Information Technology,2001-12-31,2002-01-16,0.01,0.01,0.0,0.0,0.0,IN_LINE,False,,,,,UNKNOWN,True,True,True,Alpha Vantage EARNINGS,primary_event_data,PRIMARY_EVENT_DATA,False,False,False,True,2002-01-16,1127.5699462890625,2002-01-17,1138.8800048828125,1.0030471839882265,POSITIVE,2002-01-22,1119.31005859375,-0.7325388302957664,NEGATIVE,2002-01-24,1132.1500244140625,0.40619015610281767,POSITIVE,2002-02-14,1116.47998046875,-0.9835279715294477,NEGATIVE,2002-02-15,1104.1800537109375,-2.074362894745759,STRONG_NEGATIVE,-0.2749253468611688,1124.469970703125,NEGATIVE,1.0580322533604603,-4.4156832271071735,True,Measured from the event-date reference close to subsequent trading-session closes.,True,True,2002-04-18
AAPL,Information Technology,2001-09-30,2001-10-17,0.0034,,0.0,,,UNKNOWN,,,,,,UNKNOWN,True,True,True,Alpha Vantage EARNINGS,primary_event_data,PRIMARY_EVENT_DATA,False,False,False,True,2001-10-17,1077.0899658203125,2001-10-18,1068.6099853515625,-0.7873047505638622,NEGATIVE,2001-10-22,1089.9000244140625,1.189321133819481,POSITIVE,2001-10-24,1085.199951171875,0.7529533844822266,POSITIVE,2001-11-14,1141.2099609375,5.953077008600081,STRONG_POSITIVE,2001-11-15,1142.239990234375,6.048707766434737,STRONG_POSITIVE,5.736757469042121,1138.8800048828125,STRONG_POSITIVE,6.609481634372491,-2.179946078215261,True,Measured from the event-date reference close to subsequent trading-session closes.,True,True,2002-01-17
AAPL,Information Technology,2001-06-30,2001-07-18,0.003,,0.0,,,UNKNOWN,,,,,,UNKNOWN,True,True,True,Alpha Vantage EARNINGS,primary_event_data,PRIMARY_EVENT_DATA,False,False,False,True,2001-07-18,1207.7099609375,2001-07-19,1215.02001953125,0.6052826282955781,POSITIVE,2001-07-23,1191.030029296875,-1.3811206481792195,NEGATIVE,2001-07-25,1190.489990234375,-1.4258366048217224,NEGATIVE,2001-08-15,1178.02001953125,-2.458366856824035,STRONG_NEGATIVE,2001-08-16,1181.6600341796875,-2.1569687756479974,STRONG_NEGATIVE,-9.754820307351448,1089.9000244140625,STRONG_NEGATIVE,1.536797674446812,-3.4917259308075153,True,Measured from the event-date reference close to subsequent trading-session closes.,True,True,2001-10-22
AAPL,Information Technology,2001-03-31,2001-04-18,0.01,,0.0,,,UNKNOWN,,,,,,UNKNOWN,True,True,True,Alpha Vantage EARNINGS,primary_event_data,PRIMARY_EVENT_DATA,False,False,False,True,2001-04-18,1238.1600341796875,2001-04-19,1253.68994140625,1.2542730178535813,POSITIVE,2001-04-23,1224.3599853515625,-1.1145609975424446,NEGATIVE,2001-04-25,1228.75,-0.7600014473025603,NEGATIVE,2001-05-16,1284.989990234375,3.7822215837966002,STRONG_POSITIVE,2001-05-17,1288.489990234375,4.064899097476714,STRONG_POSITIVE,-2.4593002844225587,1207.7099609375,STRONG_NEGATIVE,3.8952945610704988,-2.4859491864690617,True,Measured from the event-date reference close to subsequent trading-session closes.,True,True,2001-07-18
AAPL,Information Technology,2000-12-31,2001-01-17,-0.01,-0.01,0.0,0.0,0.0,IN_LINE,False,,,,,UNKNOWN,True,True,True,Alpha Vantage EARNINGS,primary_event_data,PRIMARY_EVENT_DATA,False,False,False,True,2001-01-17,1329.469970703125,2001-01-18,1347.969970703125,1.3915319945298044,POSITIVE,2001-01-22,1342.9000244140625,1.0101810501093653,POSITIVE,2001-01-24,1364.300048828125,2.6198469234005493,STRONG_POSITIVE,2001-02-14,1315.9200439453125,-1.0191976544341401,NEGATIVE,2001-02-15,1326.6099853515625,-0.21512222273436699,NEUTRAL,-6.868145842748584,1238.1600341796875,STRONG_NEGATIVE,4.054249106924623,-1.8616441548439273,True,Measured from the event-date reference close to subsequent trading-session closes.,True,True,2001-04-18
AAPL,Information Technology,2000-09-30,2000-10-18,0.01,0.02,-0.01,-50.0,-50.0,LARGE_MISS,False,,,,,UNKNOWN,True,True,True,Alpha Vantage EARNINGS,primary_event_data,PRIMARY_EVENT_DATA,False,False,False,True,2000-10-18,1342.1300048828125,2000-10-19,1388.760009765625,3.4743284713975213,STRONG_POSITIVE,2000-10-23,1395.780029296875,3.997379107752451,STRONG_POSITIVE,2000-10-25,1364.9000244140625,1.696558414491162,POSITIVE,2000-11-15,1389.81005859375,3.552565961380221,STRONG_POSITIVE,2000-11-16,1372.3199462890625,2.2494051467753318,STRONG_POSITIVE,0.030551003121586717,1342.5400390625,NEUTRAL,7.177393822076014,-1.0066096217560252,True,Measured from the event-date reference close to subsequent trading-session closes.,True,True,2001-01-19
AAPL,Information Technology,2000-06-30,2000-07-18,0.01,0.01,0.0,0.0,0.0,IN_LINE,False,,,,,UNKNOWN,True,True,True,Alpha Vantage EARNINGS,primary_event_data,PRIMARY_EVENT_DATA,False,False,False,True,2000-07-18,1493.739990234375,2000-07-19,1481.9599609375,-0.788626492822667,NEGATIVE,2000-07-21,1480.18994140625,-0.9071223182555977,NEGATIVE,2000-07-25,1474.469970703125,-1.290051793299478,NEGATIVE,2000-08-15,1484.4300537109375,-0.6232635253995393,NEGATIVE,2000-08-16,1479.8499755859375,-0.9298816888646122,NEGATIVE,-7.974613781244284,1374.6199951171875,STRONG_NEGATIVE,0.5476223281438699,-5.34564088181161,True,Measured from the event-date reference close to subsequent trading-session closes.,True,True,2000-10-16
AAPL,Information Technology,2000-03-31,2000-04-19,0.01,0.01,0.0,0.0,0.0,IN_LINE,False,,,,,UNKNOWN,True,True,True,Alpha Vantage EARNINGS,primary_event_data,PRIMARY_EVENT_DATA,False,False,False,True,2000-04-19,1427.469970703125,2000-04-20,1434.5400390625,0.49528666132938093,POSITIVE,2000-04-25,1477.43994140625,3.500596981280904,STRONG_POSITIVE,2000-04-27,1464.9200439453125,2.623527920782867,STRONG_POSITIVE,2000-05-18,1437.2099609375,0.6823254032851843,POSITIVE,2000-05-19,1406.949951171875,-1.437509716659224,NEGATIVE,4.770676580495327,1495.5699462890625,STRONG_POSITIVE,3.8858940532249733,-3.665923425969618,True,Measured from the event-date reference close to subsequent trading-session closes.,True,True,2000-07-20
AAPL,Information Technology,1999-12-31,2000-01-19,0.01,0.01,0.0,0.0,0.0,IN_LINE,False,,,,,UNKNOWN,True,True,True,Alpha Vantage EARNINGS,primary_event_data,PRIMARY_EVENT_DATA,False,False,False,True,2000-01-19,1455.9000244140625,2000-01-20,1445.5699462890625,-0.709532107409464,NEGATIVE,2000-01-24,1401.530029296875,-3.7344593863214683,STRONG_NEGATIVE,2000-01-26,1404.0899658203125,-3.5586274967335982,STRONG_NEGATIVE,2000-02-16,1387.6700439453125,-4.686446824960364,STRONG_NEGATIVE,2000-02-17,1388.260009765625,-4.645924411991112,STRONG_NEGATIVE,-0.9815261228703619,1441.6099853515625,NEGATIVE,0.6738056431715206,-7.2642357299354305,True,Measured from the event-date reference close to subsequent trading-session closes.,True,True,2000-04-18
AAPL,Information Technology,1999-09-30,1999-10-13,0.02,0.02,0.0,0.0,0.0,IN_LINE,False,,,,,UNKNOWN,True,True,True,Alpha Vantage EARNINGS,primary_event_data,PRIMARY_EVENT_DATA,False,False,False,True,1999-10-13,1285.550048828125,1999-10-14,1283.4200439453125,-0.16568821142001888,NEUTRAL,1999-10-18,1254.1300048828125,-2.444093403749953,STRONG_NEGATIVE,1999-10-20,1289.4300537109375,0.30181671155855927,POSITIVE,1999-11-10,1373.4599609375,6.838311133005787,STRONG_POSITIVE,1999-11-11,1381.4599609375,7.460612847924828,STRONG_POSITIVE,11.411453899099687,1432.25,STRONG_POSITIVE,7.9288964076927035,-4.03330058627552,True,Measured from the event-date reference close to subsequent trading-session closes.,True,True,2000-01-12
AAPL,Information Technology,1999-06-30,1999-07-14,0.01,0.01,0.0,0.0,0.0,IN_LINE,False,,,,,UNKNOWN,True,True,True,Alpha Vantage EARNINGS,primary_event_data,PRIMARY_EVENT_DATA,False,False,False,True,1999-07-14,1398.1700439453125,1999-07-15,1409.6199951171875,0.8189240801902667,POSITIVE,1999-07-19,1407.6500244140625,0.6780277198615762,POSITIVE,1999-07-21,1379.2900390625,-1.3503368180838355,NEGATIVE,1999-08-11,1301.9300537109375,-6.883282233883942,STRONG_NEGATIVE,1999-08-12,1298.1600341796875,-7.152921792217767,STRONG_NEGATIVE,-6.088673209060846,1313.0400390625,STRONG_NEGATIVE,1.5849225353766594,-9.329341880941092,True,Measured from the event-date reference close to subsequent trading-session closes.,True,True,1999-10-12
AAPL,Information Technology,1999-03-31,1999-04-14,0.01,0.01,0.0,0.0,0.0,IN_LINE,False,,,,,UNKNOWN,True,True,True,Alpha Vantage EARNINGS,primary_event_data,PRIMARY_EVENT_DATA,False,False,False,True,1999-04-14,1328.43994140625,1999-04-15,1322.8499755859375,-0.42079176077731567,NEGATIVE,1999-04-19,1289.47998046875,-2.9327604299715695,STRONG_NEGATIVE,1999-04-21,1336.1199951171875,0.5781257753216609,POSITIVE,1999-05-12,1364.0,2.676828472659976,STRONG_POSITIVE,1999-05-13,1367.56005859375,2.9448163946417116,STRONG_POSITIVE,5.24902183122017,1398.1700439453125,STRONG_POSITIVE,3.245921463476492,-3.3294678284009858,True,Measured from the event-date reference close to subsequent trading-session closes.,True,True,1999-07-14
AAPL,Information Technology,1998-12-31,1999-01-13,0.01,0.01,0.0,0.0,0.0,IN_LINE,False,,,,,UNKNOWN,True,True,True,Alpha Vantage EARNINGS,primary_event_data,PRIMARY_EVENT_DATA,False,False,False,True,1999-01-13,1234.4000244140625,1999-01-14,1212.18994140625,-1.7992613876004295,NEGATIVE,1999-01-19,1252.0,1.4257919019640126,POSITIVE,1999-01-21,1235.1600341796875,0.06156916320426653,NEUTRAL,1999-02-11,1254.0400390625,1.5910575388849415,POSITIVE,1999-02-12,1230.1300048828125,-0.34591862012291086,NEGATIVE,7.165420400397342,1322.8499755859375,STRONG_POSITIVE,3.9978916566663747,-2.0139326684931724,True,Measured from the event-date reference close to subsequent trading-session closes.,True,True,1999-04-15
AAPL,Information Technology,1998-09-30,1998-10-14,0.01,0.02,-0.01,-50.0,-50.0,LARGE_MISS,False,,,,,UNKNOWN,True,True,True,Alpha Vantage EARNINGS,primary_event_data,PRIMARY_EVENT_DATA,False,False,False,True,1998-10-14,1005.530029296875,1998-10-15,1047.489990234375,4.172919725414948,STRONG_POSITIVE,1998-10-19,1062.3900146484375,5.654727725170208,STRONG_POSITIVE,1998-10-21,1069.9200439453125,6.40358942770339,STRONG_POSITIVE,1998-11-11,1120.969970703125,11.480506602768722,STRONG_POSITIVE,1998-11-12,1117.68994140625,11.154307563325954,STRONG_POSITIVE,20.552336189689292,1212.18994140625,STRONG_POSITIVE,13.502333652450766,-0.538028106775738,True,Measured from the event-date reference close to subsequent trading-session closes.,True,True,1999-01-14
AAPL,Information Technology,1998-06-30,1998-07-15,0.01,0.01,0.0,0.0,0.0,IN_LINE,False,,,,,UNKNOWN,True,True,True,Alpha Vantage EARNINGS,primary_event_data,PRIMARY_EVENT_DATA,False,False,False,True,1998-07-15,1174.81005859375,1998-07-16,1183.989990234375,0.781397092531996,POSITIVE,1998-07-20,1184.0999755859375,0.7907590613675498,POSITIVE,1998-07-22,1164.0799560546875,-0.913347860836879,NEGATIVE,1998-08-12,1084.219970703125,-7.71104122134105,STRONG_NEGATIVE,1998-08-13,1074.9100341796875,-8.503504348068235,STRONG_NEGATIVE,-15.322482939604182,994.7999877929688,STRONG_NEGATIVE,1.3423359244824733,-10.283369444279348,True,Measured from the event-date reference close to subsequent trading-session closes.,True,True,1998-10-13
AAPL,Information Technology,1998-03-31,1998-04-15,0.01,0.01,0.0,0.0,0.0,IN_LINE,False,,,,,UNKNOWN,True,True,True,Alpha Vantage EARNINGS,primary_event_data,PRIMARY_EVENT_DATA,False,False,False,True,1998-04-15,1119.3199462890625,1998-04-16,1108.1700439453125,-0.9961318370780249,NEGATIVE,1998-04-20,1123.6500244140625,0.3868490094682691,POSITIVE,1998-04-22,1130.5400390625,1.0024026473070577,POSITIVE,1998-05-13,1118.8599853515625,-0.04109289207477554,NEUTRAL,1998-05-14,1117.3699951171875,-0.17420856104099378,NEUTRAL,4.957484451935003,1174.81005859375,STRONG_POSITIVE,1.2203869166251613,-3.807668688339532,True,Measured from the event-date reference close to subsequent trading-session closes.,True,True,1998-07-15
AAPL,Information Technology,1997-12-31,1998-01-14,0.01,0.01,0.0,0.0,0.0,IN_LINE,False,,,,,UNKNOWN,True,True,True,Alpha Vantage EARNINGS,primary_event_data,PRIMARY_EVENT_DATA,False,False,False,True,1998-01-14,957.9400024414062,1998-01-15,950.72998046875,-0.7526590344155987,NEGATIVE,1998-01-20,978.5999755859375,2.1567084673233436,STRONG_POSITIVE,1998-01-22,963.0399780273438,0.532389875455634,POSITIVE,1998-02-12,1024.1400146484375,6.910663719889959,STRONG_POSITIVE,1998-02-13,1020.0900268554688,6.487882775086845,STRONG_POSITIVE,15.682614894568545,1108.1700439453125,STRONG_POSITIVE,7.136151138118913,-0.8006746654914221,True,Measured from the event-date reference close to subsequent trading-session closes.,True,True,1998-04-16
AAPL,Information Technology,1997-09-30,1997-10-15,-0.0114,,0.0,,,UNKNOWN,,,,,,UNKNOWN,True,True,True,Alpha Vantage EARNINGS,primary_event_data,PRIMARY_EVENT_DATA,False,False,False,True,1997-10-15,965.719970703125,1997-10-16,955.25,-1.0841621816624527,NEGATIVE,1997-10-20,955.6099853515625,-1.0468858114429986,NEGATIVE,1997-10-22,968.489990234375,0.28683465344857617,POSITIVE,1997-11-12,905.9600219726562,-6.188123943109358,STRONG_NEGATIVE,1997-11-13,916.6599731445312,-5.080147356057467,STRONG_NEGATIVE,-1.5522087860998703,950.72998046875,NEGATIVE,0.7931941361956463,-11.437057793415848,True,Measured from the event-date reference close to subsequent trading-session closes.,True,True,1998-01-15
AAPL,Information Technology,1997-06-30,1997-07-16,-0.02,-0.02,0.0,0.0,0.0,IN_LINE,False,,,,,UNKNOWN,True,True,True,Alpha Vantage EARNINGS,primary_event_data,PRIMARY_EVENT_DATA,False,False,False,True,1997-07-16,936.5900268554688,1997-07-17,931.6099853515625,-0.531720535251306,NEGATIVE,1997-07-21,912.9400024414062,-2.525120248553756,STRONG_NEGATIVE,1997-07-23,936.5599975585938,-0.0032062370956288237,NEUTRAL,1997-08-13,922.02001953125,-1.5556440818760866,NEGATIVE,1997-08-14,924.77001953125,-1.2620257514276063,NEGATIVE,3.5970917344185187,970.280029296875,STRONG_POSITIVE,2.9447202365890175,-3.146524188093769,True,Measured from the event-date reference close to subsequent trading-session closes.,True,True,1997-10-14
AAPL,Information Technology,1997-03-31,1997-04-16,-0.05,-0.04,-0.01,-25.0,-25.000000000000007,LARGE_MISS,False,,,,,UNKNOWN,True,True,True,Alpha Vantage EARNINGS,primary_event_data,PRIMARY_EVENT_DATA,False,False,False,True,1997-04-16,763.530029296875,1997-04-17,761.77001953125,-0.23050956715425724,NEUTRAL,1997-04-21,760.3699951171875,-0.4138716302484573,NEGATIVE,1997-04-23,773.6400146484375,1.3241110321322471,POSITIVE,1997-05-14,836.0399780273438,9.496672815506972,STRONG_POSITIVE,1997-05-15,841.8800048828125,10.261544743444995,STRONG_POSITIVE,22.665774876983225,936.5900268554688,STRONG_POSITIVE,10.184268561391997,-0.9364431181111325,True,Measured from the event-date reference close to subsequent trading-session closes.,True,True,1997-07-16
AAPL,Information Technology,1996-12-31,1997-01-15,-0.03,-0.02,-0.01,-50.0,-49.99999999999999,LARGE_MISS,False,,,,,UNKNOWN,True,True,True,Alpha Vantage EARNINGS,primary_event_data,PRIMARY_EVENT_DATA,False,False,False,True,1997-01-15,767.2000122070312,1997-01-16,769.75,0.33237588013497427,POSITIVE,1997-01-20,776.7000122070312,1.2382690105375542,POSITIVE,1997-01-22,786.22998046875,2.480444207368372,STRONG_POSITIVE,1997-02-12,802.77001953125,4.636340818334094,STRONG_POSITIVE,1997-02-13,811.8200073242188,5.8159533898895015,STRONG_POSITIVE,-0.4783606428262014,763.530029296875,NEGATIVE,4.636340818334094,-0.7103769708440187,True,Measured from the event-date reference close to subsequent trading-session closes.,True,True,1997-04-16
AAPL,Information Technology,1996-09-30,1996-10-16,0.0018,-0.01,0.0118,118.0,118.0,LARGE_BEAT,True,,,,,UNKNOWN,True,True,True,Alpha Vantage EARNINGS,primary_event_data,PRIMARY_EVENT_DATA,False,False,False,True,1996-10-16,704.4099731445312,1996-10-17,706.989990234375,0.36626640567372837,POSITIVE,1996-10-21,709.8499755859375,0.772277884868911,POSITIVE,1996-10-23,707.27001953125,0.40602014391581076,POSITIVE,1996-11-13,731.1300048828125,3.79325006132456,STRONG_POSITIVE,1996-11-14,735.8800048828125,4.467573279491915,STRONG_POSITIVE,9.275852038804432,769.75,STRONG_POSITIVE,4.064395163942146,-1.1626755374921163,True,Measured from the event-date reference close to subsequent trading-session closes.,True,True,1997-01-16
AAPL,Information Technology,1996-06-30,1996-07-17,-0.02,-0.04,0.02,50.0,50.0,LARGE_BEAT,True,,,,,UNKNOWN,True,True,True,Alpha Vantage EARNINGS,primary_event_data,PRIMARY_EVENT_DATA,False,False,False,True,1996-07-17,634.0700073242188,1996-07-18,643.5599975585938,1.496678619829827,POSITIVE,1996-07-22,633.77001953125,-0.04731146237853155,NEUTRAL,1996-07-24,626.6500244140625,-1.1702150905179456,NEGATIVE,1996-08-14,662.0499877929688,4.412758866615656,STRONG_POSITIVE,1996-08-15,662.280029296875,4.4490390093836485,STRONG_POSITIVE,10.803223494054013,702.5700073242188,STRONG_POSITIVE,4.999449877909474,-2.7820294990577654,True,Measured from the event-date reference close to subsequent trading-session closes.,True,True,1996-10-15
AAPL,Information Technology,1996-03-31,1996-04-17,-0.07,-0.05,-0.02,-40.0,-40.00000000000001,LARGE_MISS,False,,,,,UNKNOWN,True,True,True,Alpha Vantage EARNINGS,primary_event_data,PRIMARY_EVENT_DATA,False,False,False,True,1996-04-17,641.6099853515625,1996-04-18,643.6099853515625,0.311715846957108,POSITIVE,1996-04-22,647.8900146484375,0.9787923255954212,POSITIVE,1996-04-24,650.1699829101562,1.334143444463914,POSITIVE,1996-05-15,665.4199829101562,3.710976777511863,STRONG_POSITIVE,1996-05-16,664.8499755859375,3.6221366195915614,STRONG_POSITIVE,-1.175165318415721,634.0700073242188,NEGATIVE,4.396755445942586,-1.798597012329937,True,Measured from the event-date reference close to subsequent trading-session closes.,True,True,1996-07-17
NVDA,Information Technology,2026-07-31,2026-08-26,2.22,2.09,0.13,6.2201,6.220095693779921,BEAT,True,,,,,UNKNOWN,True,True,True,Alpha Vantage EARNINGS,primary_event_data,PRIMARY_EVENT_DATA,False,False,False,True,2026-08-26,7675.7001953125,2026-08-27,7730.990234375,0.7203256726502327,POSITIVE,2026-08-31,7686.14013671875,0.1360128866500753,NEUTRAL,2026-09-02,7666.60009765625,-0.11855723158399763,NEUTRAL,,,,UNAVAILABLE,,,,UNAVAILABLE,,,UNAVAILABLE,1.348672002516057,-2.187815723753826,True,Measured from the event-date reference close to subsequent trading-session closes.,True,True,
NVDA,Information Technology,2026-04-30,2026-05-20,1.87,1.77,0.1,5.6497,5.649717514124299,BEAT,True,,,,,UNKNOWN,True,True,True,Alpha Vantage EARNINGS,primary_event_data,PRIMARY_EVENT_DATA,False,False,False,True,2026-05-20,7432.97021484375,2026-05-21,7445.72021484375,0.17153304306988967,NEUTRAL,2026-05-26,7519.1201171875,1.1590239144468437,POSITIVE,2026-05-28,7563.6298828125,1.7578392512298882,POSITIVE,2026-06-18,7500.580078125,0.9095941639350594,POSITIVE,2026-06-22,7472.7900390625,0.5357188723725709,POSITIVE,2.8008983675259675,7641.16015625,STRONG_POSITIVE,2.5283255827488946,-2.625062546300028,True,Measured from the event-date reference close to subsequent trading-session closes.,True,True,2026-08-20
NVDA,Information Technology,2026-01-31,2026-02-25,1.62,1.54,0.08,5.1948,5.194805194805199,BEAT,True,,,,,UNKNOWN,True,True,True,Alpha Vantage EARNINGS,primary_event_data,PRIMARY_EVENT_DATA,False,False,False,True,2026-02-25,6946.1298828125,2026-02-26,6908.85986328125,-0.5365580569328385,NEGATIVE,2026-03-02,6881.6201171875,-0.9287152229131639,NEGATIVE,2026-03-04,6869.5,-1.1032025617907453,NEGATIVE,2026-03-25,6591.89990234375,-5.099674011930823,STRONG_NEGATIVE,2026-03-26,6477.16015625,-6.751525446175696,STRONG_NEGATIVE,8.266905314995972,7520.35986328125,STRONG_POSITIVE,0.016125773724324066,-6.803930696007796,True,Measured from the event-date reference close to subsequent trading-session closes.,True,True,2026-05-27
NVDA,Information Technology,2025-10-31,2025-11-19,1.3,1.26,0.04,3.1746,3.174603174603177,BEAT,True,,,,,UNKNOWN,True,True,True,Alpha Vantage EARNINGS,primary_event_data,PRIMARY_EVENT_DATA,False,False,False,True,2025-11-19,6642.16015625,2025-11-20,6538.759765625,-1.5567283563270373,NEGATIVE,2025-11-24,6705.1201171875,0.9478838127421131,POSITIVE,2025-11-26,6812.60986328125,2.5661788186613332,STRONG_POSITIVE,2025-12-18,6774.759765625,1.9963326125195764,POSITIVE,2025-12-19,6834.5,2.8957423372126327,STRONG_POSITIVE,2.9446722022497154,6837.75,STRONG_POSITIVE,3.9339582084847446,-1.8102579815372093,True,Measured from the event-date reference close to subsequent trading-session closes.,True,True,2026-02-23
NVDA,Information Technology,2025-07-31,2025-08-27,1.05,1.01,0.04,3.9604,3.960396039603964,BEAT,True,,,,,UNKNOWN,True,True,True,Alpha Vantage EARNINGS,primary_event_data,PRIMARY_EVENT_DATA,False,False,False,True,2025-08-27,6481.39990234375,2025-08-28,6501.85986328125,0.31567194195348813,POSITIVE,2025-09-02,6415.5400390625,-1.0161363945069075,NEGATIVE,2025-09-04,6502.080078125,0.3190695851643378,POSITIVE,2025-09-25,6604.72021484375,1.902680198075819,POSITIVE,2025-09-26,6643.7001953125,2.5040931807040687,STRONG_POSITIVE,4.38917494299154,6765.8798828125,STRONG_POSITIVE,3.3653241656733015,-1.8641007504422022,True,Measured from the event-date reference close to subsequent trading-session closes.,True,True,2025-11-25
NVDA,Information Technology,2025-04-30,2025-05-28,0.81,0.75,0.06,8.0,8.000000000000007,BEAT,True,,,,,UNKNOWN,True,True,True,Alpha Vantage EARNINGS,primary_event_data,PRIMARY_EVENT_DATA,False,False,False,True,2025-05-28,5888.5498046875,2025-05-29,5912.169921875,0.40111942619042684,POSITIVE,2025-06-02,5935.93994140625,0.8047845104583429,POSITIVE,2025-06-04,5970.81005859375,1.3969526731482824,POSITIVE,2025-06-26,6141.02001953125,4.287476937747465,STRONG_POSITIVE,2025-06-27,6173.06982421875,4.831750243578847,STRONG_POSITIVE,10.06784551918572,6481.39990234375,STRONG_POSITIVE,4.380878542258339,-0.7623209436348183,True,Measured from the event-date reference close to subsequent trading-session closes.,True,True,2025-08-27
NVDA,Information Technology,2025-01-31,2025-02-26,0.89,0.85,0.04,4.7059,4.70588235294118,BEAT,True,,,,,UNKNOWN,True,True,True,Alpha Vantage EARNINGS,primary_event_data,PRIMARY_EVENT_DATA,False,False,False,True,2025-02-26,5956.06005859375,2025-02-27,5861.56982421875,-1.5864553655509903,NEGATIVE,2025-03-03,5849.72021484375,-1.7854058337871643,NEGATIVE,2025-03-05,5842.6298828125,-1.9044498320258934,NEGATIVE,2025-03-26,5712.2001953125,-4.094315048576362,STRONG_NEGATIVE,2025-03-27,5693.31005859375,-4.411473313149168,STRONG_NEGATIVE,-1.1334716782924692,5888.5498046875,NEGATIVE,0.631791527323594,-7.579006118292564,True,Measured from the event-date reference close to subsequent trading-session closes.,True,True,2025-05-28
NVDA,Information Technology,2024-10-31,2024-11-20,0.81,0.75,0.06,8.0,8.000000000000007,BEAT,True,,,,,UNKNOWN,True,True,True,Alpha Vantage EARNINGS,primary_event_data,PRIMARY_EVENT_DATA,False,False,False,True,2024-11-20,5917.10986328125,2024-11-21,5948.7099609375,0.5340461540581674,POSITIVE,2024-11-25,5987.3701171875,1.1874083045550918,POSITIVE,2024-11-27,5998.740234375,1.379564905500724,POSITIVE,2024-12-19,5867.080078125,-0.8455104994198416,NEGATIVE,2024-12-20,5930.85009765625,0.23221191920510575,NEUTRAL,0.64457374630526,5955.25,POSITIVE,3.090366002788689,-0.8625839344175447,True,Measured from the event-date reference close to subsequent trading-session closes.,True,True,2025-02-25
NVDA,Information Technology,2024-07-31,2024-08-28,0.68,0.63,0.05,7.9365,7.936507936507943,BEAT,True,,,,,UNKNOWN,True,True,True,Alpha Vantage EARNINGS,primary_event_data,PRIMARY_EVENT_DATA,False,False,False,True,2024-08-28,5592.18017578125,2024-08-29,5591.9599609375,-0.003937906806073806,NEUTRAL,2024-09-03,5528.93017578125,-1.1310436719103694,NEGATIVE,2024-09-05,5503.41015625,-1.5873955548803196,NEGATIVE,2024-09-26,5745.3701171875,2.7393599024167483,STRONG_POSITIVE,2024-09-27,5738.169921875,2.6106051934092886,STRONG_POSITIVE,7.6794683563866775,6021.6298828125,STRONG_POSITIVE,3.132766396994268,-3.389734461967111,True,Measured from the event-date reference close to subsequent trading-session closes.,True,True,2024-11-26
NVDA,Information Technology,2024-04-30,2024-05-22,0.612,0.559,0.053,9.4812,9.481216457960633,BEAT,True,,,,,UNKNOWN,True,True,True,Alpha Vantage EARNINGS,primary_event_data,PRIMARY_EVENT_DATA,False,False,False,True,2024-05-22,5307.009765625,2024-05-23,5267.83984375,-0.738078948501558,NEGATIVE,2024-05-28,5306.0400390625,-0.01827256035557335,NEUTRAL,2024-05-30,5235.47998046875,-1.3478359436903358,NEGATIVE,2024-06-21,5464.6201171875,2.969852299563998,STRONG_POSITIVE,2024-06-24,5447.8701171875,2.654232002264105,STRONG_POSITIVE,4.967587826978543,5570.64013671875,STRONG_POSITIVE,3.7407132886229113,-2.173155787102038,True,Measured from the event-date reference close to subsequent trading-session closes.,True,True,2024-08-22
NVDA,Information Technology,2024-01-31,2024-02-21,0.516,0.461,0.055,11.9306,11.930585683297178,LARGE_BEAT,True,,,,,UNKNOWN,True,True,True,Alpha Vantage EARNINGS,primary_event_data,PRIMARY_EVENT_DATA,False,False,False,True,2024-02-21,4981.7998046875,2024-02-22,5087.02978515625,2.1122884217414053,STRONG_POSITIVE,2024-02-26,5069.52978515625,1.7610097536677944,POSITIVE,2024-02-28,5069.759765625,1.765626166967534,POSITIVE,2024-03-20,5224.6201171875,4.874148340355313,STRONG_POSITIVE,2024-03-21,5241.52978515625,5.213577234162713,STRONG_POSITIVE,6.817021254907757,5321.41015625,STRONG_POSITIVE,4.905659526679439,1.144772485314219,True,Measured from the event-date reference close to subsequent trading-session closes.,True,True,2024-05-21
NVDA,Information Technology,2023-10-31,2023-11-21,0.402,0.336,0.066,19.6429,19.642857142857142,LARGE_BEAT,True,,,,,UNKNOWN,True,True,True,Alpha Vantage EARNINGS,primary_event_data,PRIMARY_EVENT_DATA,False,False,False,True,2023-11-21,4538.18994140625,2023-11-22,4556.6201171875,0.40611292209464106,POSITIVE,2023-11-27,4550.43017578125,0.2697162201899182,POSITIVE,2023-11-29,4550.580078125,0.27301935085843204,POSITIVE,2023-12-20,4698.35009765625,3.5291637925664068,STRONG_POSITIVE,2023-12-21,4746.75,4.595666141931544,STRONG_POSITIVE,12.132807802016158,5088.7998046875,STRONG_POSITIVE,5.284481859841172,-0.020927000489444344,True,Measured from the event-date reference close to subsequent trading-session closes.,True,True,2024-02-23
NVDA,Information Technology,2023-07-31,2023-08-23,0.27,0.207,0.063,30.4348,30.434782608695667,LARGE_BEAT,True,,,,,UNKNOWN,True,True,True,Alpha Vantage EARNINGS,primary_event_data,PRIMARY_EVENT_DATA,False,False,False,True,2023-08-23,4436.009765625,2023-08-24,4376.31005859375,-1.345797466314612,NEGATIVE,2023-08-28,4433.31005859375,-0.06085890640210599,NEUTRAL,2023-08-30,4514.8701171875,1.7777316942265382,POSITIVE,2023-09-21,4330.0,-2.389755010155259,STRONG_NEGATIVE,2023-09-22,4320.06005859375,-2.613828939912479,STRONG_NEGATIVE,2.303425402104668,4538.18994140625,STRONG_POSITIVE,2.3724076351345103,-2.40846728016495,True,Measured from the event-date reference close to subsequent trading-session closes.,True,True,2023-11-21
NVDA,Information Technology,2023-04-30,2023-05-24,0.109,0.092,0.017,18.4783,18.47826086956522,LARGE_BEAT,True,,,,,UNKNOWN,True,True,True,Alpha Vantage EARNINGS,primary_event_data,PRIMARY_EVENT_DATA,False,False,False,True,2023-05-24,4115.240234375,2023-05-25,4151.27978515625,0.8757581265902327,POSITIVE,2023-05-30,4205.52001953125,2.1937913709662493,STRONG_POSITIVE,2023-06-01,4221.02001953125,2.57044009904115,STRONG_POSITIVE,2023-06-23,4348.330078125,5.6640640758461185,STRONG_POSITIVE,2023-06-26,4328.81982421875,5.189966506929511,STRONG_POSITIVE,6.343975305208394,4376.31005859375,STRONG_POSITIVE,8.097461180643787,0.3520996410541418,True,Measured from the event-date reference close to subsequent trading-session closes.,True,True,2023-08-24
NVDA,Information Technology,2023-01-31,2023-02-22,0.088,0.081,0.007,8.642,8.641975308641966,BEAT,True,,,,,UNKNOWN,True,True,True,Alpha Vantage EARNINGS,primary_event_data,PRIMARY_EVENT_DATA,False,False,False,True,2023-02-22,3991.050048828125,2023-02-23,4012.320068359375,0.5329429416074455,POSITIVE,2023-02-27,3982.239990234375,-0.22074537993671267,NEUTRAL,2023-03-01,3951.389892578125,-0.9937273590854929,NEGATIVE,2023-03-22,3936.969970703125,-1.3550338247669758,NEGATIVE,2023-03-23,3948.719970703125,-1.0606250888141382,NEGATIVE,3.8719140929402527,4145.580078125,STRONG_POSITIVE,2.1909006486131295,-4.564962583211545,True,Measured from the event-date reference close to subsequent trading-session closes.,True,True,2023-05-23
NVDA,Information Technology,2022-10-31,2022-11-16,0.058,0.071,-0.013,-18.3099,-18.30985915492957,LARGE_MISS,False,,,,,UNKNOWN,True,True,True,Alpha Vantage EARNINGS,primary_event_data,PRIMARY_EVENT_DATA,False,False,False,True,2022-11-16,3958.7900390625,2022-11-17,3946.56005859375,-0.3089322835531394,NEGATIVE,2022-11-21,3949.93994140625,-0.22355562100853005,NEUTRAL,2022-11-23,4027.260009765625,1.7295681263091107,POSITIVE,2022-12-15,3895.75,-1.5924067313615051,NEGATIVE,2022-12-16,3852.360107421875,-2.688445979464705,STRONG_NEGATIVE,3.0388085157608873,4079.090087890625,STRONG_POSITIVE,3.5912468322939386,-2.004149932372112,True,Measured from the event-date reference close to subsequent trading-session closes.,True,True,2023-02-17
NVDA,Information Technology,2022-07-31,2022-08-24,0.051,0.0499,0.0011,2.2044,2.204408817635264,IN_LINE,True,,,,,UNKNOWN,True,True,True,Alpha Vantage EARNINGS,primary_event_data,PRIMARY_EVENT_DATA,False,False,False,True,2022-08-24,4140.77001953125,2022-08-25,4199.1201171875,1.4091605518061454,POSITIVE,2022-08-29,4030.610107421875,-2.6603726261002416,STRONG_NEGATIVE,2022-08-31,3955.0,-4.486364097861195,STRONG_NEGATIVE,2022-09-22,3757.989990234375,-9.244175056604739,STRONG_NEGATIVE,2022-09-23,3693.22998046875,-10.808135611288144,STRONG_NEGATIVE,-3.313150471027135,4003.580078125,STRONG_NEGATIVE,1.503827047566848,-9.45041783324334,True,Measured from the event-date reference close to subsequent trading-session closes.,True,True,2022-11-22
NVDA,Information Technology,2022-04-30,2022-05-25,0.136,0.13,0.006,4.6154,4.615384615384619,BEAT,True,,,,,UNKNOWN,True,True,True,Alpha Vantage EARNINGS,primary_event_data,PRIMARY_EVENT_DATA,False,False,False,True,2022-05-25,3978.72998046875,2022-05-26,4057.840087890625,1.9883256167224177,POSITIVE,2022-05-31,4132.14990234375,3.8560023582430945,STRONG_POSITIVE,2022-06-02,4176.81982421875,4.97872046412816,STRONG_POSITIVE,2022-06-24,3911.739990234375,-1.6837028540067613,NEGATIVE,2022-06-27,3900.110107421875,-1.9760042383578007,NEGATIVE,5.53920818453694,4199.1201171875,STRONG_POSITIVE,4.9960612087787615,-8.592185570757787,True,Measured from the event-date reference close to subsequent trading-session closes.,True,True,2022-08-25
NVDA,Information Technology,2022-01-31,2022-02-16,0.132,0.123,0.009,7.3171,7.317073170731714,BEAT,True,,,,,UNKNOWN,True,True,True,Alpha Vantage EARNINGS,primary_event_data,PRIMARY_EVENT_DATA,False,False,False,True,2022-02-16,4475.009765625,2022-02-17,4380.259765625,-2.1173138152195023,STRONG_NEGATIVE,2022-02-22,4304.759765625,-3.8044609714102404,STRONG_NEGATIVE,2022-02-24,4288.7001953125,-4.163333267865599,STRONG_NEGATIVE,2022-03-17,4411.669921875,-1.4154124139917643,NEGATIVE,2022-03-18,4463.1201171875,-0.26568988807199706,NEGATIVE,-12.320192867945034,3923.679931640625,STRONG_NEGATIVE,-0.42345621627047775,-8.052716801857537,True,Measured from the event-date reference close to subsequent trading-session closes.,True,True,2022-05-18
NVDA,Information Technology,2021-10-31,2021-11-17,0.117,0.111,0.006,5.4054,5.40540540540541,BEAT,True,,,,,UNKNOWN,True,True,True,Alpha Vantage EARNINGS,primary_event_data,PRIMARY_EVENT_DATA,False,False,False,True,2021-11-17,4688.669921875,2021-11-18,4704.5400390625,0.3384780215271272,POSITIVE,2021-11-22,4682.93994140625,-0.12220908198328834,NEUTRAL,2021-11-24,4701.4599609375,0.27278608380658326,POSITIVE,2021-12-16,4668.669921875,-0.42656020434899794,NEGATIVE,2021-12-17,4620.64013671875,-1.450939952903421,NEGATIVE,-6.577774963665319,4380.259765625,STRONG_NEGATIVE,1.1764563760961328,-4.128032211960432,True,Measured from the event-date reference close to subsequent trading-session closes.,True,True,2022-02-17
NVDA,Information Technology,2021-07-31,2021-08-18,0.104,0.102,0.002,1.9608,1.960784313725492,IN_LINE,True,,,,,UNKNOWN,True,True,True,Alpha Vantage EARNINGS,primary_event_data,PRIMARY_EVENT_DATA,False,False,False,True,2021-08-18,4400.27001953125,2021-08-19,4405.7998046875,0.12566922329096236,NEUTRAL,2021-08-23,4479.52978515625,1.8012477705503027,POSITIVE,2021-08-25,4496.18994140625,2.17986445034612,STRONG_POSITIVE,2021-09-16,4473.75,1.6698970777383713,POSITIVE,2021-09-17,4432.990234375,0.7435956134172785,POSITIVE,6.8320780651666775,4700.89990234375,STRONG_POSITIVE,3.3084351069098323,-0.739500960578924,True,Measured from the event-date reference close to subsequent trading-session closes.,True,True,2021-11-16
NVDA,Information Technology,2021-04-30,2021-05-26,0.0915,0.0822,0.0093,11.3139,11.313868613138691,LARGE_BEAT,True,,,,,UNKNOWN,True,True,True,Alpha Vantage EARNINGS,primary_event_data,PRIMARY_EVENT_DATA,False,False,False,True,2021-05-26,4195.990234375,2021-05-27,4200.8798828125,0.1165314541831464,NEUTRAL,2021-06-01,4202.0400390625,0.14418061886650527,NEUTRAL,2021-06-03,4192.85009765625,-0.07483660693547178,NEUTRAL,2021-06-24,4266.490234375,1.6801755023746163,POSITIVE,2021-06-25,4280.7001953125,2.018831222330471,STRONG_POSITIVE,7.154442462041747,4496.18994140625,STRONG_POSITIVE,1.7943214015240554,-0.7528695317842042,True,Measured from the event-date reference close to subsequent trading-session closes.,True,True,2021-08-25
NVDA,Information Technology,2021-01-31,2021-02-24,0.0775,0.08,-0.0025,-3.125,-3.1250000000000027,MISS,False,,,,,UNKNOWN,True,True,True,Alpha Vantage EARNINGS,primary_event_data,PRIMARY_EVENT_DATA,False,False,False,True,2021-02-24,3925.429931640625,2021-02-25,3829.340087890625,-2.447880752512616,STRONG_NEGATIVE,2021-03-01,3901.820068359375,-0.601459297259251,NEGATIVE,2021-03-03,3819.719970703125,-2.6929524352334764,STRONG_NEGATIVE,2021-03-24,3889.139892578125,-0.9244857173474665,NEGATIVE,2021-03-25,3909.52001953125,-0.40530368358213154,NEGATIVE,6.692259338382334,4188.1298828125,STRONG_POSITIVE,1.4887588509941903,-5.1482219086645875,True,Measured from the event-date reference close to subsequent trading-session closes.,True,True,2021-05-25
NVDA,Information Technology,2020-10-31,2020-11-18,0.073,0.064,0.009,14.0625,14.062499999999991,LARGE_BEAT,True,,,,,UNKNOWN,True,True,True,Alpha Vantage EARNINGS,primary_event_data,PRIMARY_EVENT_DATA,False,False,False,True,2020-11-18,3567.7900390625,2020-11-19,3581.8701171875,0.3946442467421595,POSITIVE,2020-11-23,3577.590087890625,0.2746812093993103,POSITIVE,2020-11-25,3629.64990234375,1.733842591743565,POSITIVE,2020-12-17,3722.47998046875,4.335735559340749,STRONG_POSITIVE,2020-12-18,3709.409912109375,3.9694004270522636,STRONG_POSITIVE,8.652694176438112,3876.5,STRONG_POSITIVE,4.409734777059394,-0.6712825281099858,True,Measured from the event-date reference close to subsequent trading-session closes.,True,True,2021-02-22
NVDA,Information Technology,2020-07-31,2020-08-19,0.055,0.049,0.006,12.2449,12.24489795918367,LARGE_BEAT,True,,,,,UNKNOWN,True,True,True,Alpha Vantage EARNINGS,primary_event_data,PRIMARY_EVENT_DATA,False,False,False,True,2020-08-19,3374.85009765625,2020-08-20,3385.510009765625,0.3158632769134856,POSITIVE,2020-08-24,3431.280029296875,1.6720722404771162,POSITIVE,2020-08-26,3478.72998046875,3.0780591672691484,STRONG_POSITIVE,2020-09-17,3357.010009765625,-0.5286186756269412,NEGATIVE,2020-09-18,3319.469970703125,-1.640965534782867,NEGATIVE,6.9537883120676796,3609.530029296875,STRONG_POSITIVE,6.31909577002335,-1.907644046111423,True,Measured from the event-date reference close to subsequent trading-session closes.,True,True,2020-11-17
NVDA,Information Technology,2020-04-30,2020-05-21,0.045,0.042,0.003,7.1429,7.142857142857133,BEAT,True,,,,,UNKNOWN,True,True,True,Alpha Vantage EARNINGS,primary_event_data,PRIMARY_EVENT_DATA,False,False,False,True,2020-05-21,2948.510009765625,2020-05-22,2955.449951171875,0.23537113264884765,NEUTRAL,2020-05-27,3036.1298828125,2.9716661214197417,STRONG_POSITIVE,2020-05-29,3044.31005859375,3.2491003425740477,STRONG_POSITIVE,2020-06-19,3097.739990234375,5.061199723741558,STRONG_POSITIVE,2020-06-22,3117.860107421875,5.743582253251754,STRONG_POSITIVE,14.821045156795545,3385.510009765625,STRONG_POSITIVE,9.65300684427723,-0.5060156426664454,True,Measured from the event-date reference close to subsequent trading-session closes.,True,True,2020-08-20
NVDA,Information Technology,2020-01-31,2020-02-13,0.0473,0.05,-0.0027,-5.4,-5.400000000000002,MISS,False,,,,,UNKNOWN,True,True,True,Alpha Vantage EARNINGS,primary_event_data,PRIMARY_EVENT_DATA,False,False,False,True,2020-02-13,3373.93994140625,2020-02-14,3380.159912109375,0.18435333204338342,NEUTRAL,2020-02-19,3386.14990234375,0.3618902870099969,POSITIVE,2020-02-21,3337.75,-1.0726314645413078,NEGATIVE,2020-03-13,2711.02001953125,-19.648243104134703,STRONG_NEGATIVE,2020-03-16,2386.1298828125,-29.277642037161844,STRONG_NEGATIVE,-15.454926598038824,2852.5,STRONG_NEGATIVE,0.5803327405063136,-26.529216569614096,True,Measured from the event-date reference close to subsequent trading-session closes.,True,True,2020-05-14
NVDA,Information Technology,2019-10-31,2019-11-14,0.045,0.039,0.006,15.3846,15.38461538461538,LARGE_BEAT,True,,,,,UNKNOWN,True,True,True,Alpha Vantage EARNINGS,primary_event_data,PRIMARY_EVENT_DATA,False,False,False,True,2019-11-14,3096.6298828125,2019-11-15,3120.4599609375,0.7695488006902665,POSITIVE,2019-11-19,3120.179931640625,0.7605057665701971,POSITIVE,2019-11-21,3103.5400390625,0.22315086114598498,NEUTRAL,2019-12-13,3168.800048828125,2.330603551176635,STRONG_POSITIVE,2019-12-16,3191.449951171875,3.062040732916234,STRONG_POSITIVE,8.837354369307107,3370.2900390625,STRONG_POSITIVE,2.7788289877888293,-0.849304104228734,True,Measured from the event-date reference close to subsequent trading-session closes.,True,True,2020-02-18
NVDA,Information Technology,2019-07-31,2019-08-15,0.031,0.029,0.002,6.8966,6.896551724137925,BEAT,True,,,,,UNKNOWN,True,True,True,Alpha Vantage EARNINGS,primary_event_data,PRIMARY_EVENT_DATA,False,False,False,True,2019-08-15,2847.60009765625,2019-08-16,2888.679931640625,1.4426124657807895,POSITIVE,2019-08-20,2900.510009765625,1.8580527565272633,POSITIVE,2019-08-22,2922.949951171875,2.6460826988186494,STRONG_POSITIVE,2019-09-13,3007.389892578125,5.611384655218681,STRONG_POSITIVE,2019-09-16,2997.9599609375,5.2802310059269,STRONG_POSITIVE,8.654303025522623,3094.0400390625,STRONG_POSITIVE,6.080203913485949,-0.44353583789803813,True,Measured from the event-date reference close to subsequent trading-session closes.,True,True,2019-11-13
NVDA,Information Technology,2019-04-30,2019-05-16,0.022,0.02,0.002,10.0,9.999999999999991,LARGE_BEAT,True,,,,,UNKNOWN,True,True,True,Alpha Vantage EARNINGS,primary_event_data,PRIMARY_EVENT_DATA,False,False,False,True,2019-05-16,2876.320068359375,2019-05-17,2859.530029296875,-0.5837333350761925,NEGATIVE,2019-05-21,2864.360107421875,-0.4158077214376857,NEGATIVE,2019-05-23,2822.239990234375,-1.880182901753585,NEGATIVE,2019-06-14,2886.97998046875,0.3706093847704268,POSITIVE,2019-06-17,2889.669921875,0.4641296239065504,POSITIVE,-0.9984970385964936,2847.60009765625,NEGATIVE,1.1921496303455097,-5.128428208956707,True,Measured from the event-date reference close to subsequent trading-session closes.,True,True,2019-08-15
NVDA,Information Technology,2019-01-31,2019-02-14,0.02,0.019,0.001,5.2632,5.263157894736847,BEAT,True,,,,,UNKNOWN,True,True,True,Alpha Vantage EARNINGS,primary_event_data,PRIMARY_EVENT_DATA,False,False,False,True,2019-02-14,2745.72998046875,2019-02-15,2775.60009765625,1.087875260858702,POSITIVE,2019-02-20,2784.699951171875,1.4192936297571423,POSITIVE,2019-02-22,2792.669921875,1.7095614550647267,POSITIVE,2019-03-15,2822.47998046875,2.795249370693664,STRONG_POSITIVE,2019-03-18,2832.93994140625,3.176203106563725,STRONG_POSITIVE,4.756115452704884,2876.320068359375,STRONG_POSITIVE,3.0957159154262075,-0.8544161699940692,True,Measured from the event-date reference close to subsequent trading-session closes.,True,True,2019-05-16
NVDA,Information Technology,2018-10-31,2018-11-15,0.046,0.047,-0.001,-2.1277,-2.1276595744680877,IN_LINE,False,,,,,UNKNOWN,True,True,True,Alpha Vantage EARNINGS,primary_event_data,PRIMARY_EVENT_DATA,False,False,False,True,2018-11-15,2730.199951171875,2018-11-16,2736.27001953125,0.22233054237546096,NEUTRAL,2018-11-20,2641.889892578125,-3.2345637745632865,STRONG_NEGATIVE,2018-11-23,2632.56005859375,-3.576290906320445,STRONG_NEGATIVE,2018-12-17,2545.93994140625,-6.7489565988211115,STRONG_NEGATIVE,2018-12-18,2546.159912109375,-6.740899654016369,STRONG_NEGATIVE,1.996190790956799,2784.699951171875,POSITIVE,2.5631815149184485,-7.31301427295373,True,Measured from the event-date reference close to subsequent trading-session closes.,True,True,2019-02-20
NVDA,Information Technology,2018-07-31,2018-08-16,0.049,0.044,0.005,11.3636,11.363636363636374,LARGE_BEAT,True,,,,,UNKNOWN,True,True,True,Alpha Vantage EARNINGS,primary_event_data,PRIMARY_EVENT_DATA,False,False,False,True,2018-08-16,2840.68994140625,2018-08-17,2850.1298828125,0.33231157222237595,POSITIVE,2018-08-21,2862.9599609375,0.783965163062657,POSITIVE,2018-08-23,2856.97998046875,0.5734536115700051,POSITIVE,2018-09-14,2904.97998046875,2.263183958425043,STRONG_POSITIVE,2018-09-17,2888.800048828125,1.6936064271082911,POSITIVE,-4.897044948607989,2701.580078125,STRONG_NEGATIVE,2.66871992922329,-0.24500952518790395,True,Measured from the event-date reference close to subsequent trading-session closes.,True,True,2018-11-14
NVDA,Information Technology,2018-04-30,2018-05-10,0.051,0.04,0.011,27.5,27.499999999999996,LARGE_BEAT,True,,,,,UNKNOWN,True,True,True,Alpha Vantage EARNINGS,primary_event_data,PRIMARY_EVENT_DATA,False,False,False,True,2018-05-10,2723.070068359375,2018-05-11,2727.719970703125,0.17075955546569993,NEUTRAL,2018-05-15,2711.449951171875,-0.42672854152816625,NEGATIVE,2018-05-17,2720.1298828125,-0.10797318736078043,NEUTRAL,2018-06-08,2779.030029296875,2.0550319871576193,STRONG_POSITIVE,2018-06-11,2782.0,2.164098982444831,STRONG_POSITIVE,4.7927525362671295,2853.580078125,STRONG_POSITIVE,2.0869765579926653,-1.6988181943293232,True,Measured from the event-date reference close to subsequent trading-session closes.,True,True,2018-08-09
NVDA,Information Technology,2018-01-31,2018-02-08,0.039,0.029,0.01,34.4828,34.482758620689644,LARGE_BEAT,True,,,,,UNKNOWN,True,True,True,Alpha Vantage EARNINGS,primary_event_data,PRIMARY_EVENT_DATA,False,False,False,True,2018-02-08,2581.0,2018-02-09,2619.550048828125,1.493609020849477,POSITIVE,2018-02-13,2662.93994140625,3.174736203264239,STRONG_POSITIVE,2018-02-15,2731.199951171875,5.819447933819256,STRONG_POSITIVE,2018-03-09,2786.570068359375,7.964744996488764,STRONG_POSITIVE,2018-03-12,2783.02001953125,7.827199516902364,STRONG_POSITIVE,5.504458285911468,2723.070068359375,STRONG_POSITIVE,8.064699819595118,-1.871757403864781,True,Measured from the event-date reference close to subsequent trading-session closes.,True,True,2018-05-10
NVDA,Information Technology,2017-10-31,2017-11-09,0.033,0.024,0.009,37.5,37.50000000000001,LARGE_BEAT,True,,,,,UNKNOWN,True,True,True,Alpha Vantage EARNINGS,primary_event_data,PRIMARY_EVENT_DATA,False,False,False,True,2017-11-09,2584.6201171875,2017-11-10,2582.300048828125,-0.0897643852551772,NEUTRAL,2017-11-14,2578.8701171875,-0.2224698307408117,NEUTRAL,2017-11-16,2585.639892578125,0.039455523225389366,NEUTRAL,2017-12-08,2651.5,2.5876097755238603,STRONG_POSITIVE,2017-12-11,2659.989990234375,2.916090939077347,STRONG_POSITIVE,2.7617165995818866,2656.0,STRONG_POSITIVE,3.117279157697785,-1.0512247364688432,True,Measured from the event-date reference close to subsequent trading-session closes.,True,True,2018-02-12
NVDA,Information Technology,2017-07-31,2017-08-10,0.023,0.017,0.006,35.2941,35.29411764705881,LARGE_BEAT,True,,,,,UNKNOWN,True,True,True,Alpha Vantage EARNINGS,primary_event_data,PRIMARY_EVENT_DATA,False,False,False,True,2017-08-10,2438.2099609375,2017-08-11,2441.320068359375,0.12755699762128578,NEUTRAL,2017-08-15,2464.610107421875,1.0827675592886208,POSITIVE,2017-08-17,2430.010009765625,-0.3363102974414103,NEGATIVE,2017-09-08,2461.429931640625,0.9523367993376929,POSITIVE,2017-09-11,2488.110107421875,2.0465893948357192,STRONG_POSITIVE,6.405105564204656,2594.3798828125,STRONG_POSITIVE,1.7295443194229887,-0.8555400730636549,True,Measured from the event-date reference close to subsequent trading-session closes.,True,True,2017-11-08
NVDA,Information Technology,2017-04-30,2017-05-09,0.02,0.016,0.004,25.0,25.0,LARGE_BEAT,True,,,,,UNKNOWN,True,True,True,Alpha Vantage EARNINGS,primary_event_data,PRIMARY_EVENT_DATA,False,False,False,True,2017-05-09,2396.919921875,2017-05-10,2399.6298828125,0.11306013658479348,NEUTRAL,2017-05-12,2390.89990234375,-0.2511564727844898,NEGATIVE,2017-05-16,2400.669921875,0.1564507835984169,NEUTRAL,2017-06-07,2433.139892578125,1.5111047462441625,POSITIVE,2017-06-08,2433.7900390625,1.5382289934266224,POSITIVE,3.2541762988470717,2474.919921875,STRONG_POSITIVE,1.8069046945828102,-1.8440311988937628,True,Measured from the event-date reference close to subsequent trading-session closes.,True,True,2017-08-08
NVDA,Information Technology,2017-01-31,2017-02-09,0.025,0.021,0.004,19.0476,19.047619047619047,LARGE_BEAT,True,,,,,UNKNOWN,True,True,True,Alpha Vantage EARNINGS,primary_event_data,PRIMARY_EVENT_DATA,False,False,False,True,2017-02-09,2307.8701171875,2017-02-10,2316.10009765625,0.35660501028452657,POSITIVE,2017-02-14,2337.580078125,1.2873324506539485,POSITIVE,2017-02-16,2347.219970703125,1.705028945198135,POSITIVE,2017-03-10,2372.60009765625,2.8047497121559677,STRONG_POSITIVE,2017-03-13,2373.469970703125,2.8424413066870793,STRONG_POSITIVE,3.7510700266030934,2394.43994140625,STRONG_POSITIVE,4.0344498846719725,0.13995503666758488,True,Measured from the event-date reference close to subsequent trading-session closes.,True,True,2017-05-11
NVDA,Information Technology,2016-10-31,2016-11-10,0.021,0.014,0.007,50.0,50.000000000000014,LARGE_BEAT,True,,,,,UNKNOWN,True,True,True,Alpha Vantage EARNINGS,primary_event_data,PRIMARY_EVENT_DATA,False,False,False,True,2016-11-10,2167.47998046875,2016-11-11,2164.449951171875,-0.1397950303660803,NEUTRAL,2016-11-15,2180.389892578125,0.5956185166971203,POSITIVE,2016-11-17,2187.1201171875,0.9061277103238816,POSITIVE,2016-12-09,2259.530029296875,4.246869620831182,STRONG_POSITIVE,2016-12-12,2256.9599609375,4.128295590965441,STRONG_POSITIVE,7.417370447706792,2328.25,STRONG_POSITIVE,4.2593273843945445,-0.6915860985776298,True,Measured from the event-date reference close to subsequent trading-session closes.,True,True,2017-02-13
NVDA,Information Technology,2016-07-31,2016-08-11,0.01,0.009,0.001,11.1111,11.11111111111112,LARGE_BEAT,True,,,,,UNKNOWN,True,True,True,Alpha Vantage EARNINGS,primary_event_data,PRIMARY_EVENT_DATA,False,False,False,True,2016-08-11,2185.7900390625,2016-08-12,2184.050048828125,-0.0796046373750195,NEUTRAL,2016-08-16,2178.14990234375,-0.3495366243880819,NEGATIVE,2016-08-18,2187.02001953125,0.05627166593171716,NEUTRAL,2016-09-09,2127.81005859375,-2.652586910571612,STRONG_NEGATIVE,2016-09-12,2159.0400390625,-1.2238137937289373,NEGATIVE,-1.0307499299675773,2163.260009765625,NEGATIVE,0.3669162814324948,-2.652586910571612,True,Measured from the event-date reference close to subsequent trading-session closes.,True,True,2016-11-09
NVDA,Information Technology,2016-04-30,2016-05-12,0.008,0.008,0.0,0.0,0.0,IN_LINE,False,,,,,UNKNOWN,True,True,True,Alpha Vantage EARNINGS,primary_event_data,PRIMARY_EVENT_DATA,False,False,False,True,2016-05-12,2064.110107421875,2016-05-13,2046.6099853515625,-0.8478289025080444,NEGATIVE,2016-05-17,2047.2099609375,-0.8187618685460393,NEGATIVE,2016-05-19,2040.0400390625,-1.1661232737937182,NEGATIVE,2016-06-10,2096.070068359375,1.5483651197958033,POSITIVE,2016-06-13,2079.06005859375,0.7242807017958873,POSITIVE,5.895031045248176,2185.7900390625,STRONG_POSITIVE,2.73434741699632,-1.8506800148321714,True,Measured from the event-date reference close to subsequent trading-session closes.,True,True,2016-08-11
NVDA,Information Technology,2016-01-31,2016-02-17,0.009,0.008,0.001,12.5,12.49999999999999,LARGE_BEAT,True,,,,,UNKNOWN,True,True,True,Alpha Vantage EARNINGS,primary_event_data,PRIMARY_EVENT_DATA,False,False,False,True,2016-02-17,1926.8199462890625,2016-02-18,1917.8299560546875,-0.4665713707027568,NEGATIVE,2016-02-22,1945.5,0.9694758322859457,POSITIVE,2016-02-24,1929.800048828125,0.1546642977618119,NEUTRAL,2016-03-16,2027.219970703125,5.210659387631253,STRONG_POSITIVE,2016-03-17,2040.5899658203125,5.904548567205987,STRONG_POSITIVE,6.248119596244647,2047.2099609375,STRONG_POSITIVE,5.459777051031489,-1.8590188646349406,True,Measured from the event-date reference close to subsequent trading-session closes.,True,True,2016-05-17
NVDA,Information Technology,2015-10-31,2015-11-05,0.011,0.006,0.005,83.3333,83.33333333333331,LARGE_BEAT,True,,,,,UNKNOWN,True,True,True,Alpha Vantage EARNINGS,primary_event_data,PRIMARY_EVENT_DATA,False,False,False,True,2015-11-05,2099.929931640625,2015-11-06,2099.199951171875,-0.03476213457177991,NEUTRAL,2015-11-10,2081.719970703125,-0.8671699309163613,NEGATIVE,2015-11-12,2045.969970703125,-2.5696076866404,STRONG_NEGATIVE,2015-12-04,2091.68994140625,-0.392393579910416,NEGATIVE,2015-12-07,2077.070068359375,-1.0886012402990102,NEGATIVE,-11.738010231693696,1853.43994140625,STRONG_NEGATIVE,0.2066777479205791,-3.8353621127379043,True,Measured from the event-date reference close to subsequent trading-session closes.,True,True,2016-02-08
NVDA,Information Technology,2015-07-31,2015-08-06,0.004,0.003,0.001,33.3333,33.33333333333333,LARGE_BEAT,True,,,,,UNKNOWN,True,True,True,Alpha Vantage EARNINGS,primary_event_data,PRIMARY_EVENT_DATA,False,False,False,True,2015-08-06,2083.56005859375,2015-08-07,2077.570068359375,-0.28748824444339766,NEGATIVE,2015-08-11,2084.070068359375,0.024477804876391188,NEUTRAL,2015-08-13,2083.389892578125,-0.008167079942003186,NEUTRAL,2015-09-03,1951.1300048828125,-6.355950871909018,STRONG_NEGATIVE,2015-09-04,1921.219970703125,-7.791476286994705,STRONG_NEGATIVE,0.8999020653455447,2102.31005859375,POSITIVE,1.0458080616695387,-10.393271263525774,True,Measured from the event-date reference close to subsequent trading-session closes.,True,True,2015-11-04
NVDA,Information Technology,2015-04-30,2015-05-07,0.006,0.006,0.0,0.0,0.0,IN_LINE,False,,,,,UNKNOWN,True,True,True,Alpha Vantage EARNINGS,primary_event_data,PRIMARY_EVENT_DATA,False,False,False,True,2015-05-07,2088.0,2015-05-08,2116.10009765625,1.3457901176364944,POSITIVE,2015-05-12,2099.1201171875,0.53257266223659,POSITIVE,2015-05-14,2121.10009765625,1.5852537191690614,POSITIVE,2015-06-05,2092.830078125,0.23132558069923373,NEUTRAL,2015-06-08,2079.280029296875,-0.41762311796575674,NEGATIVE,-0.2126408719468391,2083.56005859375,NEUTRAL,2.2375464896132664,-0.11637603642840039,True,Measured from the event-date reference close to subsequent trading-session closes.,True,True,2015-08-06
NVDA,Information Technology,2015-01-31,2015-02-11,0.009,0.007,0.002,28.5714,28.57142857142856,LARGE_BEAT,True,,,,,UNKNOWN,True,True,True,Alpha Vantage EARNINGS,primary_event_data,PRIMARY_EVENT_DATA,False,False,False,True,2015-02-11,2068.530029296875,2015-02-12,2088.47998046875,0.9644506431775755,POSITIVE,2015-02-17,2100.340087890625,1.53780985256292,POSITIVE,2015-02-19,2097.449951171875,1.3980905022118688,POSITIVE,2015-03-12,2065.949951171875,-0.12473002994677375,NEUTRAL,2015-03-13,2053.39990234375,-0.7314434278852583,NEGATIVE,1.4478857327517476,2098.47998046875,POSITIVE,2.4684223999932016,-1.3942310472731299,True,Measured from the event-date reference close to subsequent trading-session closes.,True,True,2015-05-13
NVDA,Information Technology,2014-10-31,2014-11-06,0.008,0.007,0.001,14.2857,14.285714285714285,LARGE_BEAT,True,,,,,UNKNOWN,True,True,True,Alpha Vantage EARNINGS,primary_event_data,PRIMARY_EVENT_DATA,False,False,False,True,2014-11-06,2031.2099609375,2014-11-07,2031.9200439453125,0.03495862178052548,NEUTRAL,2014-11-11,2039.6800537109375,0.41699740235264254,POSITIVE,2014-11-13,2039.3299560546875,0.39976148568313125,POSITIVE,2014-12-05,2075.3701171875,2.1740813160259407,STRONG_POSITIVE,2014-12-08,2060.31005859375,1.4326484320123618,POSITIVE,0.7645703593195827,2046.739990234375,POSITIVE,2.3759242369681326,-0.30228360270563026,True,Measured from the event-date reference close to subsequent trading-session closes.,True,True,2015-02-09
NVDA,Information Technology,2014-07-31,2014-08-07,0.006,0.005,0.001,20.0,20.0,LARGE_BEAT,True,,,,,UNKNOWN,True,True,True,Alpha Vantage EARNINGS,primary_event_data,PRIMARY_EVENT_DATA,False,False,False,True,2014-08-07,1909.5699462890625,2014-08-08,1931.5899658203125,1.1531402436471268,POSITIVE,2014-08-12,1933.75,1.2662565075412655,POSITIVE,2014-08-14,1955.1800537109375,2.388501532007812,STRONG_POSITIVE,2014-09-05,2007.7099609375,5.13937783945315,STRONG_POSITIVE,2014-09-08,2001.5400390625,4.816272530480822,STRONG_POSITIVE,5.969930571097455,2023.5699462890625,STRONG_POSITIVE,5.320574816004683,-0.02932265060652244,True,Measured from the event-date reference close to subsequent trading-session closes.,True,True,2014-11-05
NVDA,Information Technology,2014-04-30,2014-05-06,0.006,0.004,0.002,50.0,50.0,LARGE_BEAT,True,,,,,UNKNOWN,True,True,True,Alpha Vantage EARNINGS,primary_event_data,PRIMARY_EVENT_DATA,False,False,False,True,2014-05-06,1867.719970703125,2014-05-07,1878.2099609375,0.5616468420812527,POSITIVE,2014-05-09,1878.47998046875,0.5761040163624886,POSITIVE,2014-05-13,1897.449951171875,1.5917793317569873,POSITIVE,2014-06-04,1927.8800048828125,3.2210414367973774,STRONG_POSITIVE,2014-06-05,1940.4599609375,3.8945875921105655,STRONG_POSITIVE,2.810377950534765,1920.2099609375,STRONG_POSITIVE,3.261197349448333,-0.42457818971864847,True,Measured from the event-date reference close to subsequent trading-session closes.,True,True,2014-08-05
NVDA,Information Technology,2014-01-31,2014-02-12,0.006,0.005,0.001,20.0,20.0,LARGE_BEAT,True,,,,,UNKNOWN,True,True,True,Alpha Vantage EARNINGS,primary_event_data,PRIMARY_EVENT_DATA,False,False,False,True,2014-02-12,1819.260009765625,2014-02-13,1829.8299560546875,0.5810025082904023,POSITIVE,2014-02-18,1840.760009765625,1.1817991867347122,POSITIVE,2014-02-20,1839.780029296875,1.1279322043633329,POSITIVE,2014-03-13,1846.3399658203125,1.4885148856856478,POSITIVE,2014-03-14,1841.1300048828125,1.2021368578318286,POSITIVE,3.80759315102925,1888.530029296875,STRONG_POSITIVE,3.534950264295786,-0.5518748836673135,True,Measured from the event-date reference close to subsequent trading-session closes.,True,True,2014-05-14
NVDA,Information Technology,2013-10-31,2013-11-07,0.005,0.005,0.0,0.0,0.0,IN_LINE,False,,,,,UNKNOWN,True,True,True,Alpha Vantage EARNINGS,primary_event_data,PRIMARY_EVENT_DATA,False,False,False,True,2013-11-07,1747.1500244140625,2013-11-08,1770.6099853515625,1.3427559516743681,POSITIVE,2013-11-12,1767.68994140625,1.1756241138522676,POSITIVE,2013-11-14,1790.6199951171875,2.488050258746579,STRONG_POSITIVE,2013-12-06,1805.0899658203125,3.316254505716026,STRONG_POSITIVE,2013-12-09,1808.3699951171875,3.5039904900929266,STRONG_POSITIVE,3.015765141514994,1799.8399658203125,STRONG_POSITIVE,3.8004764036408902,0.027472195406400196,True,Measured from the event-date reference close to subsequent trading-session closes.,True,True,2014-02-10
NVDA,Information Technology,2013-07-31,2013-08-08,0.004,0.003,0.001,33.3333,33.33333333333333,LARGE_BEAT,True,,,,,UNKNOWN,True,True,True,Alpha Vantage EARNINGS,primary_event_data,PRIMARY_EVENT_DATA,False,False,False,True,2013-08-08,1697.47998046875,2013-08-09,1691.4200439453125,-0.3569960525698854,NEGATIVE,2013-08-13,1694.1600341796875,-0.1955808803203508,NEUTRAL,2013-08-15,1661.3199462890625,-2.130218594372,STRONG_NEGATIVE,2013-09-06,1655.1700439453125,-2.4925146104965457,STRONG_NEGATIVE,2013-09-09,1671.7099609375,-1.5181339295756375,NEGATIVE,4.301082228107555,1770.489990234375,STRONG_POSITIVE,0.11429080159323951,-4.124349657796382,True,Measured from the event-date reference close to subsequent trading-session closes.,True,True,2013-11-06
NVDA,Information Technology,2013-04-30,2013-05-09,0.0045,0.002,0.0025,125.0,124.99999999999996,LARGE_BEAT,True,,,,,UNKNOWN,True,True,True,Alpha Vantage EARNINGS,primary_event_data,PRIMARY_EVENT_DATA,False,False,False,True,2013-05-09,1626.6700439453125,2013-05-10,1633.699951171875,0.43216553060215085,POSITIVE,2013-05-14,1650.3399658203125,1.4551151269492344,POSITIVE,2013-05-16,1650.469970703125,1.4631072138076846,POSITIVE,2013-06-07,1643.3800048828125,1.027249564206137,POSITIVE,2013-06-10,1642.81005859375,0.9922119552464147,POSITIVE,4.353060830437109,1697.47998046875,STRONG_POSITIVE,3.7198699263474793,-1.7483609280456287,True,Measured from the event-date reference close to subsequent trading-session closes.,True,True,2013-08-08
NVDA,Information Technology,2013-01-31,2013-02-13,0.007,0.006,0.001,16.6667,16.666666666666664,LARGE_BEAT,True,,,,,UNKNOWN,True,True,True,Alpha Vantage EARNINGS,primary_event_data,PRIMARY_EVENT_DATA,False,False,False,True,2013-02-13,1520.3299560546875,2013-02-14,1521.3800048828125,0.06906716689644896,NEUTRAL,2013-02-19,1530.93994140625,0.6978738601649213,POSITIVE,2013-02-21,1502.4200439453125,-1.1780279693923736,NEGATIVE,2013-03-14,1563.22998046875,2.821757490419359,STRONG_POSITIVE,2013-03-15,1560.699951171875,2.655344318936472,STRONG_POSITIVE,9.106580626844357,1658.780029296875,STRONG_POSITIVE,2.827675009833761,-2.3231763702610366,True,Measured from the event-date reference close to subsequent trading-session closes.,True,True,2013-05-15
NVDA,Information Technology,2012-10-31,2012-11-08,0.008,0.007,0.001,14.2857,14.285714285714285,LARGE_BEAT,True,,,,,UNKNOWN,True,True,True,Alpha Vantage EARNINGS,primary_event_data,PRIMARY_EVENT_DATA,False,False,False,True,2012-11-08,1377.510009765625,2012-11-09,1379.8499755859375,0.16986924259887093,NEUTRAL,2012-11-13,1374.530029296875,-0.2163309484231643,NEUTRAL,2012-11-15,1353.3299560546875,-1.7553450457359354,NEGATIVE,2012-12-07,1418.0699462890625,2.9444386055923126,STRONG_POSITIVE,2012-12-10,1418.550048828125,2.9792915312087436,STRONG_POSITIVE,10.126968153482608,1517.010009765625,STRONG_POSITIVE,3.355327393300688,-2.4798392706779406,True,Measured from the event-date reference close to subsequent trading-session closes.,True,True,2013-02-11
NVDA,Information Technology,2012-07-31,2012-08-09,0.006,0.004,0.002,50.0,50.0,LARGE_BEAT,True,,,,,UNKNOWN,True,True,True,Alpha Vantage EARNINGS,primary_event_data,PRIMARY_EVENT_DATA,False,False,False,True,2012-08-09,1402.800048828125,2012-08-10,1405.8699951171875,0.2188441817939114,NEUTRAL,2012-08-14,1403.9300537109375,0.08055352462786744,NEUTRAL,2012-08-16,1415.510009765625,0.9060422366051158,POSITIVE,2012-09-07,1437.9200439453125,2.5035638647522247,STRONG_POSITIVE,2012-09-10,1429.0799560546875,1.8733893863573987,POSITIVE,-1.6360188511085096,1379.8499755859375,NEGATIVE,2.5035638647522247,-0.511837286927356,True,Measured from the event-date reference close to subsequent trading-session closes.,True,True,2012-11-09
NVDA,Information Technology,2012-04-30,2012-05-11,0.003,0.002,0.001,50.0,50.0,LARGE_BEAT,True,,,,,UNKNOWN,True,True,True,Alpha Vantage EARNINGS,primary_event_data,PRIMARY_EVENT_DATA,False,False,False,True,2012-05-11,1353.3900146484375,2012-05-14,1338.3499755859375,-1.1112863919279667,NEGATIVE,2012-05-16,1324.800048828125,-2.1124705746952888,STRONG_NEGATIVE,2012-05-18,1295.219970703125,-4.298099093070596,STRONG_NEGATIVE,2012-06-11,1308.9300537109375,-3.2850812002665113,STRONG_NEGATIVE,2012-06-12,1324.1800537109375,-2.1582811031074223,STRONG_NEGATIVE,3.87766866171112,1405.8699951171875,STRONG_POSITIVE,-0.10787436893268684,-6.402443011711675,True,Measured from the event-date reference close to subsequent trading-session closes.,True,True,2012-08-10
NVDA,Information Technology,2012-01-31,2012-02-15,0.005,0.005,0.0,0.0,0.0,IN_LINE,False,,,,,UNKNOWN,True,True,True,Alpha Vantage EARNINGS,primary_event_data,PRIMARY_EVENT_DATA,False,False,False,True,2012-02-15,1343.22998046875,2012-02-16,1358.0400390625,1.1025705805480683,POSITIVE,2012-02-21,1362.2099609375,1.4130104855258303,POSITIVE,2012-02-23,1363.4599609375,1.5060697544653,POSITIVE,2012-03-15,1402.5999755859375,4.419942674036282,STRONG_POSITIVE,2012-03-16,1404.1700439453125,4.536830205003026,STRONG_POSITIVE,-1.3720607720647708,1324.800048828125,NEGATIVE,4.422178277567445,-0.23822809335734943,True,Measured from the event-date reference close to subsequent trading-session closes.,True,True,2012-05-16
NVDA,Information Technology,2011-10-31,2011-11-10,0.007,0.006,0.001,16.6667,16.666666666666664,LARGE_BEAT,True,,,,,UNKNOWN,True,True,True,Alpha Vantage EARNINGS,primary_event_data,PRIMARY_EVENT_DATA,False,False,False,True,2011-11-10,1239.699951171875,2011-11-11,1263.8499755859375,1.948053994132511,POSITIVE,2011-11-15,1257.81005859375,1.4608460220358732,POSITIVE,2011-11-17,1216.1300048828125,-1.901262177737612,NEGATIVE,2011-12-09,1255.18994140625,1.2494951072420772,POSITIVE,2011-12-12,1236.469970703125,-0.2605453412897802,NEGATIVE,9.040096214687786,1351.77001953125,STRONG_POSITIVE,2.206994313100665,-6.537058980730082,True,Measured from the event-date reference close to subsequent trading-session closes.,True,True,2012-02-13
NVDA,Information Technology,2011-07-31,2011-08-11,0.006,0.006,0.0,0.0,0.0,IN_LINE,False,,,,,UNKNOWN,True,True,True,Alpha Vantage EARNINGS,primary_event_data,PRIMARY_EVENT_DATA,False,False,False,True,2011-08-11,1172.6400146484375,2011-08-12,1178.81005859375,0.5261669283187735,POSITIVE,2011-08-16,1192.760009765625,1.7157861633452411,POSITIVE,2011-08-18,1140.6500244140625,-2.7280316068666424,STRONG_NEGATIVE,2011-09-09,1154.22998046875,-1.5699646907586475,NEGATIVE,2011-09-12,1162.27001953125,-0.8843289490079757,NEGATIVE,4.814773522326623,1229.0999755859375,STRONG_POSITIVE,4.952069310586516,-4.396067692059778,True,Measured from the event-date reference close to subsequent trading-session closes.,True,True,2011-11-09
NVDA,Information Technology,2011-04-30,2011-05-12,0.006,0.005,0.001,20.0,20.0,LARGE_BEAT,True,,,,,UNKNOWN,True,True,True,Alpha Vantage EARNINGS,primary_event_data,PRIMARY_EVENT_DATA,False,False,False,True,2011-05-12,1348.6500244140625,2011-05-13,1337.77001953125,-0.8067330060324176,NEGATIVE,2011-05-17,1328.97998046875,-1.4584987646337968,NEGATIVE,2011-05-19,1343.5999755859375,-0.3744521363367828,NEGATIVE,2011-06-10,1270.97998046875,-5.759095579971327,STRONG_NEGATIVE,2011-06-13,1271.8299560546875,-5.696071402419647,STRONG_NEGATIVE,-13.050829094234043,1172.6400146484375,STRONG_NEGATIVE,0.13494577956599216,-5.959292156028784,True,Measured from the event-date reference close to subsequent trading-session closes.,True,True,2011-08-11
NVDA,Information Technology,2011-01-31,2011-02-16,0.006,0.004,0.002,50.0,50.0,LARGE_BEAT,True,,,,,UNKNOWN,True,True,True,Alpha Vantage EARNINGS,primary_event_data,PRIMARY_EVENT_DATA,False,False,False,True,2011-02-16,1336.3199462890625,2011-02-17,1340.4300537109375,0.30756911421465327,POSITIVE,2011-02-22,1315.43994140625,-1.5625004281943042,NEGATIVE,2011-02-24,1306.0999755859375,-2.261432285512563,STRONG_NEGATIVE,2011-03-17,1273.719970703125,-4.684505066303661,STRONG_NEGATIVE,2011-03-18,1279.2099609375,-4.273676039196747,STRONG_NEGATIVE,0.3262772088363227,1340.6800537109375,POSITIVE,0.5799509332717525,-6.530613997290432,True,Measured from the event-date reference close to subsequent trading-session closes.,True,True,2011-05-18
NVDA,Information Technology,2010-10-31,2010-11-11,0.004,0.004,0.0,0.0,0.0,IN_LINE,False,,,,,UNKNOWN,True,True,True,Alpha Vantage EARNINGS,primary_event_data,PRIMARY_EVENT_DATA,False,False,False,True,2010-11-11,1213.5400390625,2010-11-12,1199.2099609375,-1.1808492232419838,NEGATIVE,2010-11-16,1178.3399658203125,-2.900610784080987,STRONG_NEGATIVE,2010-11-18,1196.68994140625,-1.38850776355655,NEGATIVE,2010-12-10,1240.4000244140625,2.2133579846539497,STRONG_POSITIVE,2010-12-13,1240.4599609375,2.218296966600009,STRONG_POSITIVE,9.526672514313994,1329.1500244140625,STRONG_POSITIVE,2.2133579846539497,-3.34064289249315,True,Measured from the event-date reference close to subsequent trading-session closes.,True,True,2011-02-11
NVDA,Information Technology,2010-07-31,2010-08-12,0.001,0.003,-0.002,-66.6667,-66.66666666666666,LARGE_MISS,False,,,,,UNKNOWN,True,True,True,Alpha Vantage EARNINGS,primary_event_data,PRIMARY_EVENT_DATA,False,False,False,True,2010-08-12,1083.6099853515625,2010-08-13,1079.25,-0.40235743583960815,NEGATIVE,2010-08-17,1092.5400390625,0.8241021983606274,POSITIVE,2010-08-19,1075.6300048828125,-0.7364255199402767,NEGATIVE,2010-09-10,1109.550048828125,2.393856076192081,STRONG_POSITIVE,2010-09-13,1121.9000244140625,3.5335627744402265,STRONG_POSITIVE,12.467583116826498,1218.7099609375,STRONG_POSITIVE,2.5165899077981098,-4.052199109760094,True,Measured from the event-date reference close to subsequent trading-session closes.,True,True,2010-11-10
NVDA,Information Technology,2010-04-30,2010-05-13,0.006,0.005,0.001,20.0,20.0,LARGE_BEAT,True,,,,,UNKNOWN,True,True,True,Alpha Vantage EARNINGS,primary_event_data,PRIMARY_EVENT_DATA,False,False,False,True,2010-05-13,1157.43994140625,2010-05-14,1135.6800537109375,-1.8800014512092074,NEGATIVE,2010-05-18,1120.800048828125,-3.1655977357761462,STRONG_NEGATIVE,2010-05-20,1071.5899658203125,-7.417229396942421,STRONG_NEGATIVE,2010-06-11,1091.5999755859375,-5.688413149136636,STRONG_NEGATIVE,2010-06-14,1089.6300048828125,-5.85861383365177,STRONG_NEGATIVE,-6.378728901042298,1083.6099853515625,STRONG_NEGATIVE,-0.02159939285456648,-10.07913308811835,True,Measured from the event-date reference close to subsequent trading-session closes.,True,True,2010-08-12
NVDA,Information Technology,2010-01-31,2010-02-17,0.006,0.005,0.001,20.0,20.0,LARGE_BEAT,True,,,,,UNKNOWN,True,True,True,Alpha Vantage EARNINGS,primary_event_data,PRIMARY_EVENT_DATA,False,False,False,True,2010-02-17,1099.510009765625,2010-02-18,1106.75,0.658474244897352,POSITIVE,2010-02-22,1108.010009765625,0.7730716341374543,POSITIVE,2010-02-24,1105.239990234375,0.5211394546532069,POSITIVE,2010-03-17,1166.2099609375,6.066334146979978,STRONG_POSITIVE,2010-03-18,1165.8299560546875,6.03177285336397,STRONG_POSITIVE,1.9363206222231892,1120.800048828125,POSITIVE,6.396481653648542,-1.2269092699984212,True,Measured from the event-date reference close to subsequent trading-session closes.,True,True,2010-05-18
NVDA,Information Technology,2009-10-31,2009-11-05,0.005,0.003,0.002,66.6667,66.66666666666666,LARGE_BEAT,True,,,,,UNKNOWN,True,True,True,Alpha Vantage EARNINGS,primary_event_data,PRIMARY_EVENT_DATA,False,False,False,True,2009-11-05,1066.6300048828125,2009-11-06,1069.300048828125,0.25032522365671217,POSITIVE,2009-11-10,1093.010009765625,2.4732104630518803,STRONG_POSITIVE,2009-11-12,1087.239990234375,1.932252539044864,POSITIVE,2009-12-04,1105.97998046875,3.689187010097355,STRONG_POSITIVE,2009-12-07,1103.25,3.4332425442326486,STRONG_POSITIVE,-0.927220742259551,1056.739990234375,NEGATIVE,4.922044172737108,-0.6853415486425525,True,Measured from the event-date reference close to subsequent trading-session closes.,True,True,2010-02-08
NVDA,Information Technology,2009-07-31,2009-08-06,0.002,-0.001,0.003,300.0,300.0,LARGE_BEAT,True,,,,,UNKNOWN,True,True,True,Alpha Vantage EARNINGS,primary_event_data,PRIMARY_EVENT_DATA,False,False,False,True,2009-08-06,997.0800170898438,2009-08-07,1010.47998046875,1.3439205629670965,POSITIVE,2009-08-11,994.3499755859375,-0.27380365237630216,NEGATIVE,2009-08-13,1012.72998046875,1.569579483157577,POSITIVE,2009-09-03,1003.239990234375,0.6178012836432358,POSITIVE,2009-09-04,1016.4000244140625,1.9376586626023902,POSITIVE,4.956471101927938,1046.5,STRONG_POSITIVE,4.251409404132269,-1.8624390225388965,True,Measured from the event-date reference close to subsequent trading-session closes.,True,True,2009-11-04
NVDA,Information Technology,2009-04-30,2009-05-07,-0.002,-0.003,0.001,33.3333,33.33333333333333,LARGE_BEAT,True,,,,,UNKNOWN,True,True,True,Alpha Vantage EARNINGS,primary_event_data,PRIMARY_EVENT_DATA,False,False,False,True,2009-05-07,907.3900146484375,2009-05-08,929.22998046875,2.406899510435351,STRONG_POSITIVE,2009-05-12,908.3499755859375,0.10579364132323307,NEUTRAL,2009-05-14,893.0700073242188,-1.578153505443516,NEGATIVE,2009-06-05,940.0900268554688,3.6037438895225953,STRONG_POSITIVE,2009-06-08,939.1400146484375,3.4990466599195864,STRONG_POSITIVE,9.884393810103372,997.0800170898438,STRONG_POSITIVE,4.882133049494985,-3.1353675649664305,True,Measured from the event-date reference close to subsequent trading-session closes.,True,True,2009-08-06
NVDA,Information Technology,2009-01-31,2009-02-10,-0.004,-0.002,-0.002,-100.0,-100.0,LARGE_MISS,False,,,,,UNKNOWN,True,True,True,Alpha Vantage EARNINGS,primary_event_data,PRIMARY_EVENT_DATA,False,False,False,True,2009-02-10,827.1599731445312,2009-02-11,833.739990234375,0.7954951041488575,POSITIVE,2009-02-13,826.8400268554688,-0.03868009810075701,NEUTRAL,2009-02-18,788.4199829101562,-4.683494304868387,STRONG_NEGATIVE,2009-03-11,721.3599853515625,-12.79075284442978,STRONG_NEGATIVE,2009-03-12,750.739990234375,-9.238839570493003,STRONG_NEGATIVE,9.815513936530843,908.3499755859375,STRONG_POSITIVE,1.4833913547102981,-19.388026539476392,True,Measured from the event-date reference close to subsequent trading-session closes.,True,True,2009-05-12
NVDA,Information Technology,2008-10-31,2008-11-06,0.005,0.003,0.002,66.6667,66.66666666666666,LARGE_BEAT,True,,,,,UNKNOWN,True,True,True,Alpha Vantage EARNINGS,primary_event_data,PRIMARY_EVENT_DATA,False,False,False,True,2008-11-06,904.8800048828125,2008-11-07,930.989990234375,2.8854638416884795,STRONG_POSITIVE,2008-11-11,898.9500122070312,-0.6553347011518085,NEGATIVE,2008-11-13,911.2899780273438,0.7083782501483586,POSITIVE,2008-12-05,876.0700073242188,-3.18384729501508,STRONG_NEGATIVE,2008-12-08,909.7000122070312,0.5326681215420348,POSITIVE,-3.866809968787676,869.8900146484375,STRONG_NEGATIVE,5.201795494455047,-18.108476755742146,True,Measured from the event-date reference close to subsequent trading-session closes.,True,True,2009-02-09
NVDA,Information Technology,2008-07-31,2008-08-12,0.003,0.003,0.0,0.0,0.0,IN_LINE,False,,,,,UNKNOWN,True,True,True,Alpha Vantage EARNINGS,primary_event_data,PRIMARY_EVENT_DATA,False,False,False,True,2008-08-12,1289.5899658203125,2008-08-13,1285.8299560546875,-0.29156630132689076,NEGATIVE,2008-08-15,1298.199951171875,0.6676529423897665,POSITIVE,2008-08-19,1266.68994140625,-1.775760126940482,NEGATIVE,2008-09-10,1232.0400390625,-4.4626531132478835,STRONG_NEGATIVE,2008-09-11,1249.050048828125,-3.1436284452166876,STRONG_NEGATIVE,-28.720752616282674,919.2100219726562,STRONG_NEGATIVE,1.0429728517336798,-5.611084706721805,True,Measured from the event-date reference close to subsequent trading-session closes.,True,True,2008-11-10
NVDA,Information Technology,2008-04-30,2008-05-08,0.009,0.01,-0.001,-10.0,-10.000000000000009,LARGE_MISS,False,,,,,UNKNOWN,True,True,True,Alpha Vantage EARNINGS,primary_event_data,PRIMARY_EVENT_DATA,False,False,False,True,2008-05-08,1397.6800537109375,2008-05-09,1388.280029296875,-0.6725447922866741,NEGATIVE,2008-05-13,1403.0400390625,0.38349158216369816,POSITIVE,2008-05-15,1423.5699462890625,1.8523475747819065,POSITIVE,2008-06-06,1360.6800537109375,-2.6472439026200907,STRONG_NEGATIVE,2008-06-09,1361.760009765625,-2.5699761436776813,STRONG_NEGATIVE,-9.41632579447929,1266.0699462890625,STRONG_NEGATIVE,3.045041417772109,-2.70305276208002,True,Measured from the event-date reference close to subsequent trading-session closes.,True,True,2008-08-07
NVDA,Information Technology,2008-01-31,2008-02-13,0.012,0.012,0.0,0.0,0.0,IN_LINE,False,,,,,UNKNOWN,True,True,True,Alpha Vantage EARNINGS,primary_event_data,PRIMARY_EVENT_DATA,False,False,False,True,2008-02-13,1367.2099609375,2008-02-14,1348.8599853515625,-1.3421475932895388,NEGATIVE,2008-02-19,1348.780029296875,-1.3479957114990255,NEGATIVE,2008-02-21,1342.530029296875,-1.8051310585611806,NEGATIVE,2008-03-13,1315.47998046875,-3.783616412016088,STRONG_NEGATIVE,2008-03-14,1288.1400146484375,-5.783306774245852,STRONG_NEGATIVE,3.0317269787710632,1408.6600341796875,STRONG_POSITIVE,1.545483538484725,-6.915538173301439,True,Measured from the event-date reference close to subsequent trading-session closes.,True,True,2008-05-14
NVDA,Information Technology,2007-10-31,2007-11-08,0.011,0.009,0.002,22.2222,22.222222222222225,LARGE_BEAT,True,,,,,UNKNOWN,True,True,True,Alpha Vantage EARNINGS,primary_event_data,PRIMARY_EVENT_DATA,False,False,False,True,2007-11-08,1474.77001953125,2007-11-09,1453.699951171875,-1.4287019725334558,NEGATIVE,2007-11-13,1481.050048828125,0.4258310932352072,POSITIVE,2007-11-15,1451.1500244140625,-1.6016053218043464,NEGATIVE,2007-12-07,1504.6600341796875,2.026757681034086,STRONG_POSITIVE,2007-12-10,1515.9599609375,2.7929738780113027,STRONG_POSITIVE,-9.197367240456254,1339.1300048828125,STRONG_NEGATIVE,2.4315645745877354,-4.656322208607076,True,Measured from the event-date reference close to subsequent trading-session closes.,True,True,2008-02-11
NVDA,Information Technology,2007-07-31,2007-08-09,0.009,0.007,0.002,28.5714,28.57142857142856,LARGE_BEAT,True,,,,,UNKNOWN,True,True,True,Alpha Vantage EARNINGS,primary_event_data,PRIMARY_EVENT_DATA,False,False,False,True,2007-08-09,1453.0899658203125,2007-08-10,1453.6400146484375,0.037853735216902495,NEUTRAL,2007-08-14,1426.5400390625,-1.8271357852797696,NEGATIVE,2007-08-16,1411.27001953125,-2.8780011749275207,STRONG_NEGATIVE,2007-09-07,1453.550048828125,0.03166238970983255,NEUTRAL,2007-09-10,1451.699951171875,-0.09565922834329087,NEUTRAL,1.5504910106619674,1475.6199951171875,POSITIVE,2.980549010212192,-5.676867377430891,True,Measured from the event-date reference close to subsequent trading-session closes.,True,True,2007-11-07
NVDA,Information Technology,2007-04-30,2007-05-10,0.007,0.006,0.001,16.6667,16.666666666666664,LARGE_BEAT,True,,,,,UNKNOWN,True,True,True,Alpha Vantage EARNINGS,primary_event_data,PRIMARY_EVENT_DATA,False,False,False,True,2007-05-10,1491.469970703125,2007-05-11,1505.8499755859375,0.9641498096024905,POSITIVE,2007-05-15,1501.18994140625,0.6517040834917183,POSITIVE,2007-05-17,1512.75,1.4267822829073078,POSITIVE,2007-06-08,1507.6700439453125,1.086181657050077,POSITIVE,2007-06-11,1509.1199951171875,1.183397906814157,POSITIVE,-2.5733005448791557,1453.0899658203125,STRONG_NEGATIVE,3.2913896259998054,-0.2722104100777517,True,Measured from the event-date reference close to subsequent trading-session closes.,True,True,2007-08-09
NVDA,Information Technology,2007-01-31,2007-02-13,0.009,0.007,0.002,28.5714,28.57142857142856,LARGE_BEAT,True,,,,,UNKNOWN,True,True,True,Alpha Vantage EARNINGS,primary_event_data,PRIMARY_EVENT_DATA,False,False,False,True,2007-02-13,1444.260009765625,2007-02-14,1455.300048828125,0.7644080004881934,POSITIVE,2007-02-16,1455.5400390625,0.7810248307509067,POSITIVE,2007-02-21,1457.6300048828125,0.9257332493307204,POSITIVE,2007-03-14,1387.1700439453125,-3.9528869756337763,STRONG_NEGATIVE,2007-03-15,1392.280029296875,-3.5990735821305004,STRONG_NEGATIVE,3.941806271425019,1501.18994140625,STRONG_POSITIVE,1.1985332562276347,-5.558557929600424,True,Measured from the event-date reference close to subsequent trading-session closes.,True,True,2007-05-15
NVDA,Information Technology,2006-10-31,2006-11-09,0.007,0.006,0.001,16.6667,16.666666666666664,LARGE_BEAT,True,,,,,UNKNOWN,True,True,True,Alpha Vantage EARNINGS,primary_event_data,PRIMARY_EVENT_DATA,False,False,False,True,2006-11-09,1378.3299560546875,2006-11-10,1380.9000244140625,0.186462490210365,NEUTRAL,2006-11-14,1393.219970703125,1.080293915330584,POSITIVE,2006-11-16,1399.760009765625,1.5547840063114196,POSITIVE,2006-12-08,1409.8399658203125,2.286100626864326,STRONG_POSITIVE,2006-12-11,1413.0400390625,2.5182709593837864,STRONG_POSITIVE,4.783328797384247,1444.260009765625,STRONG_POSITIVE,2.897714244772448,-0.19806436454187343,True,Measured from the event-date reference close to subsequent trading-session closes.,True,True,2007-02-13
NVDA,Information Technology,2006-07-31,2006-08-10,0.0038,,0.0,,,UNKNOWN,,,,,,UNKNOWN,True,True,True,Alpha Vantage EARNINGS,primary_event_data,PRIMARY_EVENT_DATA,False,False,False,True,2006-08-10,1271.81005859375,2006-08-11,1266.739990234375,-0.3986498082096483,NEGATIVE,2006-08-15,1285.5799560546875,1.0827007828639899,POSITIVE,2006-08-17,1297.47998046875,2.0183770132611962,STRONG_POSITIVE,2006-09-08,1298.9200439453125,2.1316064587143,STRONG_POSITIVE,2006-09-11,1299.5400390625,2.1803554926599062,STRONG_POSITIVE,8.956519201878782,1385.719970703125,STRONG_POSITIVE,3.3699989288457988,-0.7650594106655476,True,Measured from the event-date reference close to subsequent trading-session closes.,True,True,2006-11-08
NVDA,Information Technology,2006-04-30,2006-05-11,0.005,0.005,0.0,0.0,0.0,IN_LINE,False,,,,,UNKNOWN,True,True,True,Alpha Vantage EARNINGS,primary_event_data,PRIMARY_EVENT_DATA,False,False,False,True,2006-05-11,1305.9200439453125,2006-05-12,1291.239990234375,-1.1241158123729855,NEGATIVE,2006-05-16,1292.0799560546875,-1.0597959618425594,NEGATIVE,2006-05-18,1261.81005859375,-3.3776941824326325,STRONG_NEGATIVE,2006-06-09,1252.300048828125,-4.105917155172551,STRONG_NEGATIVE,2006-06-12,1237.43994140625,-5.24382046638762,STRONG_NEGATIVE,-2.6119505179285625,1271.81005859375,STRONG_NEGATIVE,-0.0030659658442057495,-5.416869934905246,True,Measured from the event-date reference close to subsequent trading-session closes.,True,True,2006-08-10
NVDA,Information Technology,2006-01-31,2006-02-16,0.004,0.004,0.0,0.0,0.0,IN_LINE,False,,,,,UNKNOWN,True,True,True,Alpha Vantage EARNINGS,primary_event_data,PRIMARY_EVENT_DATA,False,False,False,True,2006-02-16,1289.3800048828125,2006-02-17,1287.239990234375,-0.16597237744756238,NEUTRAL,2006-02-22,1292.6700439453125,0.2551644239898866,POSITIVE,2006-02-24,1289.4300537109375,0.00388161968818097,NEUTRAL,2006-03-17,1307.25,1.3859370433475617,POSITIVE,2006-03-20,1305.0799560546875,1.217635694087091,POSITIVE,-2.1382328083774063,1261.81005859375,STRONG_NEGATIVE,1.6341145518987226,-1.6255844559498176,True,Measured from the event-date reference close to subsequent trading-session closes.,True,True,2006-05-18
NVDA,Information Technology,2005-10-31,2005-11-09,0.004,0.003,0.001,33.3333,33.33333333333333,LARGE_BEAT,True,,,,,UNKNOWN,True,True,True,Alpha Vantage EARNINGS,primary_event_data,PRIMARY_EVENT_DATA,False,False,False,True,2005-11-09,1220.6500244140625,2005-11-10,1230.9599609375,0.8446267412632449,POSITIVE,2005-11-14,1233.760009765625,1.0740167197273083,POSITIVE,2005-11-16,1231.2099609375,0.8651076321819998,POSITIVE,2005-12-08,1255.8399658203125,2.8828854055151396,STRONG_POSITIVE,2005-12-09,1259.3699951171875,3.1720779853923644,STRONG_POSITIVE,3.7963351405786154,1266.989990234375,STRONG_POSITIVE,4.279686166348236,-0.4587699564931075,True,Measured from the event-date reference close to subsequent trading-session closes.,True,True,2006-02-10
NVDA,Information Technology,2005-07-31,2005-08-11,0.003,0.003,0.0,0.0,0.0,IN_LINE,False,,,,,UNKNOWN,True,True,True,Alpha Vantage EARNINGS,primary_event_data,PRIMARY_EVENT_DATA,False,False,False,True,2005-08-11,1237.81005859375,2005-08-12,1230.3900146484375,-0.5994493172678089,NEGATIVE,2005-08-16,1219.3399658203125,-1.4921588853802807,NEGATIVE,2005-08-18,1219.02001953125,-1.5180066547404671,NEGATIVE,2005-09-09,1241.47998046875,0.29648505839169875,POSITIVE,2005-09-12,1240.56005859375,0.22216655785817552,NEUTRAL,-1.3863220823381137,1220.6500244140625,NEGATIVE,0.42978696546596,-2.9681542858382626,True,Measured from the event-date reference close to subsequent trading-session closes.,True,True,2005-11-09
NVDA,Information Technology,2005-04-30,2005-05-12,0.006,0.002,0.004,200.0,200.0,LARGE_BEAT,True,,,,,UNKNOWN,True,True,True,Alpha Vantage EARNINGS,primary_event_data,PRIMARY_EVENT_DATA,False,False,False,True,2005-05-12,1159.3599853515625,2005-05-13,1154.050048828125,-0.4580058472371136,NEGATIVE,2005-05-17,1173.800048828125,1.2455202576431614,POSITIVE,2005-05-19,1191.0799560546875,2.7359897791803025,STRONG_POSITIVE,2005-06-10,1198.1099853515625,3.342361345018261,STRONG_POSITIVE,2005-06-13,1200.8199462890625,3.5761076336378603,STRONG_POSITIVE,6.766670769510681,1237.81005859375,STRONG_POSITIVE,4.268733685798871,-1.136828233435048,True,Measured from the event-date reference close to subsequent trading-session closes.,True,True,2005-08-11
NVDA,Information Technology,2005-01-31,2005-02-17,0.003,0.002,0.001,50.0,50.0,LARGE_BEAT,True,,,,,UNKNOWN,True,True,True,Alpha Vantage EARNINGS,primary_event_data,PRIMARY_EVENT_DATA,False,False,False,True,2005-02-17,1200.75,2005-02-18,1201.5899658203125,0.0699534307984593,NEUTRAL,2005-02-23,1190.800048828125,-0.8286446947220487,NEGATIVE,2005-02-25,1211.3699951171875,0.8844468138403082,POSITIVE,2005-03-18,1189.6500244140625,-0.9244202028679992,NEGATIVE,2005-03-21,1183.780029296875,-1.41328092468249,NEGATIVE,-0.8053336619040183,1191.0799560546875,NEGATIVE,2.361855952659796,-1.496562207214241,True,Measured from the event-date reference close to subsequent trading-session closes.,True,True,2005-05-19
NVDA,Information Technology,2004-10-31,2004-11-04,0.002,0.001,0.001,100.0,100.0,LARGE_BEAT,True,,,,,UNKNOWN,True,True,True,Alpha Vantage EARNINGS,primary_event_data,PRIMARY_EVENT_DATA,False,False,False,True,2004-11-04,1161.6700439453125,2004-11-05,1166.1700439453125,0.3873733357810374,POSITIVE,2004-11-09,1164.0799560546875,0.20745237616615775,NEUTRAL,2004-11-11,1173.47998046875,1.0166343347658426,POSITIVE,2004-12-03,1191.1700439453125,2.5394474234534674,STRONG_POSITIVE,2004-12-06,1190.25,2.4602473140843895,STRONG_POSITIVE,3.5603901096643575,1203.030029296875,STRONG_POSITIVE,3.0809021183533565,-0.08694463379590667,True,Measured from the event-date reference close to subsequent trading-session closes.,True,True,2005-02-04
NVDA,Information Technology,2004-07-31,2004-08-05,0.002,0.001,0.001,100.0,100.0,LARGE_BEAT,True,,,,,UNKNOWN,True,True,True,Alpha Vantage EARNINGS,primary_event_data,PRIMARY_EVENT_DATA,False,False,False,True,2004-08-05,1080.699951171875,2004-08-06,1063.969970703125,-1.5480689575870312,NEGATIVE,2004-08-10,1079.0400390625,-0.15359601965143485,NEUTRAL,2004-08-12,1063.22998046875,-1.6165421941752793,NEGATIVE,2004-09-02,1118.31005859375,3.4801618507608754,STRONG_POSITIVE,2004-09-03,1113.6300048828125,3.047104210121343,STRONG_POSITIVE,5.783288870534979,1143.199951171875,STRONG_POSITIVE,3.554181171012078,-1.8487999788548501,True,Measured from the event-date reference close to subsequent trading-session closes.,True,True,2004-11-03
NVDA,Information Technology,2004-04-30,2004-05-06,0.002,0.001,0.001,100.0,100.0,LARGE_BEAT,True,,,,,UNKNOWN,True,True,True,Alpha Vantage EARNINGS,primary_event_data,PRIMARY_EVENT_DATA,False,False,False,True,2004-05-06,1113.989990234375,2004-05-07,1098.699951171875,-1.37254725774359,NEGATIVE,2004-05-11,1095.449951171875,-1.664291351361184,NEGATIVE,2004-05-13,1096.43994140625,-1.5754224887094905,NEGATIVE,2004-06-04,1122.5,0.7639215648458887,POSITIVE,2004-06-07,1140.4200439453125,2.372557558203626,STRONG_POSITIVE,-4.490167772578115,1063.969970703125,STRONG_NEGATIVE,1.3626741572196472,-3.3815424084185004,True,Measured from the event-date reference close to subsequent trading-session closes.,True,True,2004-08-06
NVDA,Information Technology,2004-01-31,2004-02-12,0.003,0.001,0.002,200.0,200.0,LARGE_BEAT,True,,,,,UNKNOWN,True,True,True,Alpha Vantage EARNINGS,primary_event_data,PRIMARY_EVENT_DATA,False,False,False,True,2004-02-12,1152.1099853515625,2004-02-13,1145.81005859375,-0.5468164357494132,NEGATIVE,2004-02-18,1151.8199462890625,-0.02517459844873192,NEUTRAL,2004-02-20,1144.1099853515625,-0.6943781498047539,NEGATIVE,2004-03-12,1120.5699462890625,-2.7375892461235516,STRONG_NEGATIVE,2004-03-15,1104.489990234375,-4.133285512898008,STRONG_NEGATIVE,-4.832007764286929,1096.43994140625,STRONG_NEGATIVE,0.965185204413819,-4.013504858241899,True,Measured from the event-date reference close to subsequent trading-session closes.,True,True,2004-05-13
NVDA,Information Technology,2003-10-31,2003-11-06,0.001,0.001,0.0,0.0,0.0,IN_LINE,False,,,,,UNKNOWN,True,True,True,Alpha Vantage EARNINGS,primary_event_data,PRIMARY_EVENT_DATA,False,False,False,True,2003-11-06,1058.050048828125,2003-11-07,1053.2099609375,-0.4574535860553841,NEGATIVE,2003-11-11,1046.5699462890625,-1.0850245271268246,NEGATIVE,2003-11-13,1058.4100341796875,0.034023471003211285,NEUTRAL,2003-12-05,1061.5,0.3260669167489852,POSITIVE,2003-12-08,1069.300048828125,1.0632767336914046,POSITIVE,7.727423656015208,1139.81005859375,STRONG_POSITIVE,1.5358441708875845,-2.5376963675762436,True,Measured from the event-date reference close to subsequent trading-session closes.,True,True,2004-02-09
NVDA,Information Technology,2003-07-31,2003-08-07,0.001,0.001,0.0,0.0,0.0,IN_LINE,False,,,,,UNKNOWN,True,True,True,Alpha Vantage EARNINGS,primary_event_data,PRIMARY_EVENT_DATA,False,False,False,True,2003-08-07,974.1199951171875,2003-08-08,977.5900268554688,0.35622220626564616,POSITIVE,2003-08-12,990.3499755859375,1.6661171673000634,POSITIVE,2003-08-14,990.510009765625,1.6825457572571196,POSITIVE,2003-09-05,1021.3900146484375,4.852586926476484,STRONG_POSITIVE,2003-09-08,1031.6400146484375,5.904818689645139,STRONG_POSITIVE,7.97540999732957,1051.81005859375,STRONG_POSITIVE,5.668703135128849,-0.02976820399922757,True,Measured from the event-date reference close to subsequent trading-session closes.,True,True,2003-11-05
NVDA,Information Technology,2003-04-30,2003-05-08,0.001,0.001,0.0,0.0,0.0,IN_LINE,False,,,,,UNKNOWN,True,True,True,Alpha Vantage EARNINGS,primary_event_data,PRIMARY_EVENT_DATA,False,False,False,True,2003-05-08,920.27001953125,2003-05-09,933.4099731445312,1.4278367581695464,POSITIVE,2003-05-13,942.2999877929688,2.3938591711310955,STRONG_POSITIVE,2003-05-15,946.6699829101562,2.8687192691937713,STRONG_POSITIVE,2003-06-06,987.760009765625,7.33371606180888,STRONG_POSITIVE,2003-06-09,975.9299926757812,6.048221930872233,STRONG_POSITIVE,5.851540791621854,974.1199951171875,STRONG_POSITIVE,9.49938399109042,-0.8932195511995725,True,Measured from the event-date reference close to subsequent trading-session closes.,True,True,2003-08-07
NVDA,Information Technology,2003-01-31,2003-02-13,0.001,0.002,-0.001,-50.0,-50.0,LARGE_MISS,False,,,,,UNKNOWN,True,True,True,Alpha Vantage EARNINGS,primary_event_data,PRIMARY_EVENT_DATA,False,False,False,True,2003-02-13,817.3699951171875,2003-02-14,834.8900146484375,2.14346252442728,STRONG_POSITIVE,2003-02-19,845.1300048828125,3.3962599473259365,STRONG_POSITIVE,2003-02-21,848.1699829101562,3.768181848729707,STRONG_POSITIVE,2003-03-14,833.27001953125,1.9452664654986376,POSITIVE,2003-03-17,862.7899780273438,5.556844902735183,STRONG_POSITIVE,15.819027926811874,946.6699829101562,STRONG_POSITIVE,4.343198332709817,-3.4831191349326716,True,Measured from the event-date reference close to subsequent trading-session closes.,True,True,2003-05-15
NVDA,Information Technology,2002-10-31,2002-11-07,0.001,0.001,0.0,0.0,0.0,IN_LINE,False,,,,,UNKNOWN,True,True,True,Alpha Vantage EARNINGS,primary_event_data,PRIMARY_EVENT_DATA,False,False,False,True,2002-11-07,902.6500244140625,2002-11-08,894.739990234375,-0.8763124096542448,NEGATIVE,2002-11-12,882.9500122070312,-2.1824640418991983,STRONG_NEGATIVE,2002-11-14,904.27001953125,0.17947101017795772,NEUTRAL,2002-12-06,912.22998046875,1.0613145511081263,POSITIVE,2002-12-09,892.0,-1.1798619759608109,NEGATIVE,-7.3871436223825,835.969970703125,STRONG_NEGATIVE,5.719825346077744,-3.390022244884684,True,Measured from the event-date reference close to subsequent trading-session closes.,True,True,2003-02-10
NVDA,Information Technology,2002-07-31,2002-08-15,0.001,0.001,0.0,0.0,0.0,IN_LINE,False,,,,,UNKNOWN,True,True,True,Alpha Vantage EARNINGS,primary_event_data,PRIMARY_EVENT_DATA,False,False,False,True,2002-08-15,930.25,2002-08-16,928.77001953125,-0.1590949173609245,NEUTRAL,2002-08-20,937.4299926757812,0.7718347407450954,POSITIVE,2002-08-22,962.7000122070312,3.488310906426364,STRONG_POSITIVE,2002-09-13,889.8099975585938,-4.34721875209957,STRONG_NEGATIVE,2002-09-16,891.0999755859375,-4.208548714223327,STRONG_NEGATIVE,-5.129800666823434,882.530029296875,STRONG_NEGATIVE,3.735554958344531,-6.423004568664338,True,Measured from the event-date reference close to subsequent trading-session closes.,True,True,2002-11-13
NVDA,Information Technology,2002-04-30,2002-05-22,0.004,0.004,0.0,0.0,0.0,IN_LINE,False,,,,,UNKNOWN,True,True,True,Alpha Vantage EARNINGS,primary_event_data,PRIMARY_EVENT_DATA,False,False,False,True,2002-05-22,1086.02001953125,2002-05-23,1097.0799560546875,1.0183915880492893,POSITIVE,2002-05-28,1074.550048828125,-1.0561472621909576,NEGATIVE,2002-05-30,1064.6600341796875,-1.9668132232757491,NEGATIVE,2002-06-20,1006.2899780273438,-7.341489113462152,STRONG_NEGATIVE,2002-06-21,989.1400146484375,-8.920646317793297,STRONG_NEGATIVE,-12.583564917953627,949.3599853515625,STRONG_NEGATIVE,1.0202349731517704,-9.612163014591067,True,Measured from the event-date reference close to subsequent trading-session closes.,True,True,2002-08-21
NVDA,Information Technology,2002-01-31,2002-02-14,0.004,0.003,0.001,33.3333,33.33333333333333,LARGE_BEAT,True,,,,,UNKNOWN,True,True,True,Alpha Vantage EARNINGS,primary_event_data,PRIMARY_EVENT_DATA,False,False,False,True,2002-02-14,1116.47998046875,2002-02-15,1104.1800537109375,-1.1016701573680185,NEGATIVE,2002-02-20,1097.97998046875,-1.6569934368400268,NEGATIVE,2002-02-22,1089.8399658203125,-2.386071861069357,STRONG_NEGATIVE,2002-03-15,1166.1600341796875,4.449703942750457,STRONG_POSITIVE,2002-03-18,1165.550048828125,4.395069254960856,STRONG_POSITIVE,-1.6346016336394857,1098.22998046875,NEGATIVE,5.065030257361414,-3.7725705658872246,True,Measured from the event-date reference close to subsequent trading-session closes.,True,True,2002-05-16
NVDA,Information Technology,2001-10-31,2001-11-08,0.002,0.002,0.0,0.0,0.0,IN_LINE,False,,,,,UNKNOWN,True,True,True,Alpha Vantage EARNINGS,primary_event_data,PRIMARY_EVENT_DATA,False,False,False,True,2001-11-08,1118.5400390625,2001-11-09,1120.31005859375,0.15824373463944438,NEUTRAL,2001-11-13,1139.0899658203125,1.8372097591639491,POSITIVE,2001-11-15,1142.239990234375,2.118829040017112,STRONG_POSITIVE,2001-12-07,1158.31005859375,3.555529363489132,STRONG_POSITIVE,2001-12-10,1139.9300537109375,1.9123155096321325,POSITIVE,-0.590063603067964,1111.93994140625,NEGATIVE,4.924272187954268,-1.8077218577159646,True,Measured from the event-date reference close to subsequent trading-session closes.,True,True,2002-02-11
NVDA,Information Technology,2001-07-31,2001-08-14,0.002,0.002,0.0,0.0,0.0,IN_LINE,False,,,,,UNKNOWN,True,True,True,Alpha Vantage EARNINGS,primary_event_data,PRIMARY_EVENT_DATA,False,False,False,True,2001-08-14,1186.72998046875,2001-08-15,1178.02001953125,-0.73394631304921,NEGATIVE,2001-08-17,1161.969970703125,-2.0864063580701795,STRONG_NEGATIVE,2001-08-21,1157.260009765625,-2.4832920030792995,STRONG_NEGATIVE,2001-09-18,1032.739990234375,-12.97599224497135,STRONG_NEGATIVE,2001-09-19,1016.0999755859375,-14.378165858371156,STRONG_NEGATIVE,-4.051465526782786,1138.6500244140625,STRONG_NEGATIVE,0.3775063024008578,-13.270076854934306,True,Measured from the event-date reference close to subsequent trading-session closes.,True,True,2001-11-16
NVDA,Information Technology,2001-04-30,2001-05-22,0.002,0.002,0.0,0.0,0.0,IN_LINE,False,,,,,UNKNOWN,True,True,True,Alpha Vantage EARNINGS,primary_event_data,PRIMARY_EVENT_DATA,False,False,False,True,2001-05-22,1309.3800048828125,2001-05-23,1289.050048828125,-1.5526398737474993,NEGATIVE,2001-05-25,1277.8900146484375,-2.4049542620893547,STRONG_NEGATIVE,2001-05-30,1248.0799560546875,-4.681608746088288,STRONG_NEGATIVE,2001-06-20,1223.1400146484375,-6.5863225276678445,STRONG_NEGATIVE,2001-06-21,1237.0400390625,-5.524749541809814,STRONG_NEGATIVE,-11.617711783433107,1157.260009765625,STRONG_NEGATIVE,0.0,-8.12216279379153,True,Measured from the event-date reference close to subsequent trading-session closes.,True,True,2001-08-21
NVDA,Information Technology,2001-01-31,2001-02-15,0.001,0.002,-0.001,-50.0,-50.0,LARGE_MISS,False,,,,,UNKNOWN,True,True,True,Alpha Vantage EARNINGS,primary_event_data,PRIMARY_EVENT_DATA,False,False,False,True,2001-02-15,1326.6099853515625,2001-02-16,1301.530029296875,-1.8905297209896323,NEGATIVE,2001-02-21,1255.27001953125,-5.377614114777436,STRONG_NEGATIVE,2001-02-23,1245.8599853515625,-6.0869434793678705,STRONG_NEGATIVE,2001-03-16,1150.530029296875,-13.272925577145031,STRONG_NEGATIVE,2001-03-19,1170.81005859375,-11.744214839188343,STRONG_NEGATIVE,-2.873489234824762,1288.489990234375,STRONG_NEGATIVE,0.0,-13.41539507981025,True,Measured from the event-date reference close to subsequent trading-session closes.,True,True,2001-05-17
NVDA,Information Technology,2000-10-31,2000-11-09,0.001,0.001,0.0,0.0,0.0,IN_LINE,False,,,,,UNKNOWN,True,True,True,Alpha Vantage EARNINGS,primary_event_data,PRIMARY_EVENT_DATA,False,False,False,True,2000-11-09,1400.1400146484375,2000-11-10,1365.97998046875,-2.43975844003464,STRONG_NEGATIVE,2000-11-14,1382.949951171875,-1.227738890162265,NEGATIVE,2000-11-16,1372.3199462890625,-1.986949024263146,NEGATIVE,2000-12-08,1369.8900146484375,-2.1604982132872976,STRONG_NEGATIVE,2000-12-11,1380.199951171875,-1.4241478186429284,NEGATIVE,-4.987355216201086,1330.31005859375,STRONG_NEGATIVE,0.0,-7.516390441908754,True,Measured from the event-date reference close to subsequent trading-session closes.,True,True,2001-02-12
NVDA,Information Technology,2000-07-31,2000-08-21,0.001,0.001,0.0,0.0,0.0,IN_LINE,False,,,,,UNKNOWN,True,True,True,Alpha Vantage EARNINGS,primary_event_data,PRIMARY_EVENT_DATA,False,False,False,True,2000-08-21,1499.47998046875,2000-08-22,1498.1300048828125,-0.09002958382381912,NEUTRAL,2000-08-24,1508.31005859375,0.5888760263567936,POSITIVE,2000-08-28,1514.0899658203125,0.974336806216999,POSITIVE,2000-09-19,1459.9000244140625,-2.639578825341468,STRONG_NEGATIVE,2000-09-20,1451.3399658203125,-3.2104473067648778,STRONG_NEGATIVE,-8.787046941729473,1367.719970703125,STRONG_NEGATIVE,2.041373392794051,-3.8386598869725344,True,Measured from the event-date reference close to subsequent trading-session closes.,True,True,2000-11-17
NVDA,Information Technology,2000-04-30,2000-05-16,0.001,0.001,0.0,0.0,0.0,IN_LINE,False,,,,,UNKNOWN,True,True,True,Alpha Vantage EARNINGS,primary_event_data,PRIMARY_EVENT_DATA,False,False,False,True,2000-05-16,1466.0400390625,2000-05-17,1447.800048828125,-1.2441672634015555,NEGATIVE,2000-05-19,1406.949951171875,-4.030591683458509,STRONG_NEGATIVE,2000-05-23,1373.8599853515625,-6.287690053123282,STRONG_NEGATIVE,2000-06-14,1470.5400390625,0.30694932471814684,POSITIVE,2000-06-15,1478.72998046875,0.8655930989691751,POSITIVE,1.2544005728654932,1484.4300537109375,POSITIVE,1.199145697680228,-7.158745357957668,True,Measured from the event-date reference close to subsequent trading-session closes.,True,True,2000-08-15
NVDA,Information Technology,2000-01-31,2000-02-15,0.001,0.001,0.0,0.0,0.0,IN_LINE,False,,,,,UNKNOWN,True,True,True,Alpha Vantage EARNINGS,primary_event_data,PRIMARY_EVENT_DATA,False,False,False,True,2000-02-15,1402.050048828125,2000-02-16,1387.6700439453125,-1.0256413381841636,NEGATIVE,2000-02-18,1346.0899658203125,-3.9913042372906444,STRONG_NEGATIVE,2000-02-23,1360.68994140625,-2.9499736800726195,STRONG_NEGATIVE,2000-03-15,1392.1400146484375,-0.7068245664960819,NEGATIVE,2000-03-16,1458.469970703125,4.024101844449665,STRONG_POSITIVE,4.56403038449731,1466.0400390625,STRONG_POSITIVE,0.8138020549916705,-5.490538843702816,True,Measured from the event-date reference close to subsequent trading-session closes.,True,True,2000-05-16
NVDA,Information Technology,1999-10-31,1999-11-18,0.001,0.002,-0.001,-50.0,-50.0,LARGE_MISS,False,,,,,UNKNOWN,True,True,True,Alpha Vantage EARNINGS,primary_event_data,PRIMARY_EVENT_DATA,False,False,False,True,1999-11-18,1424.93994140625,1999-11-19,1422.0,-0.2063203732887591,NEUTRAL,1999-11-23,1404.6400146484375,-1.4246163061285821,NEGATIVE,1999-11-26,1416.6199951171875,-0.5838804883840705,NEGATIVE,1999-12-17,1421.030029296875,-0.27439136175215717,NEGATIVE,1999-12-20,1418.0899658203125,-0.4807203017396909,NEGATIVE,-5.53356483980102,1346.0899658203125,STRONG_NEGATIVE,1.5776175462438966,-2.6660765924550685,True,Measured from the event-date reference close to subsequent trading-session closes.,True,True,2000-02-18
NVDA,Information Technology,1999-07-31,1999-08-18,0.002,0.002,0.0,0.0,0.0,IN_LINE,False,,,,,UNKNOWN,True,True,True,Alpha Vantage EARNINGS,primary_event_data,PRIMARY_EVENT_DATA,False,False,False,True,1999-08-18,1332.8399658203125,1999-08-19,1323.5899658203125,-0.6940068003068153,NEGATIVE,1999-08-23,1360.219970703125,2.054260495254668,STRONG_POSITIVE,1999-08-25,1381.7900390625,3.672614454658897,STRONG_POSITIVE,1999-09-16,1318.47998046875,-1.077397566085473,NEGATIVE,1999-09-17,1335.4200439453125,0.19357748800787644,NEUTRAL,6.544670230912775,1420.0699462890625,STRONG_POSITIVE,3.7513881097665687,-2.466162177014047,True,Measured from the event-date reference close to subsequent trading-session closes.,True,True,1999-11-16
NVDA,Information Technology,1999-04-30,1999-05-18,0.002,0.001,0.001,100.0,100.0,LARGE_BEAT,True,,,,,UNKNOWN,True,True,True,Alpha Vantage EARNINGS,primary_event_data,PRIMARY_EVENT_DATA,False,False,False,True,1999-05-18,1333.3199462890625,1999-05-19,1344.22998046875,0.8182607790465181,POSITIVE,1999-05-21,1330.2900390625,-0.227245323599593,NEUTRAL,1999-05-25,1284.4000244140625,-3.669030978735108,STRONG_NEGATIVE,1999-06-16,1330.4100341796875,-0.2182455994507513,NEUTRAL,1999-06-17,1339.9000244140625,0.49351081436334,POSITIVE,0.8130147546952604,1344.1600341796875,POSITIVE,1.2877662254360402,-4.200783754207005,True,Measured from the event-date reference close to subsequent trading-session closes.,True,True,1999-08-17
AMZN,Consumer Discretionary,2026-06-30,2026-07-30,1.88,1.83,0.05,2.7322,2.73224043715846,IN_LINE,True,,,,,UNKNOWN,True,True,True,Alpha Vantage EARNINGS,primary_event_data,PRIMARY_EVENT_DATA,False,False,False,True,2026-07-30,7437.6298828125,2026-07-31,7489.72021484375,0.7003619815987983,POSITIVE,2026-08-04,7736.52001953125,4.0186207357460795,STRONG_POSITIVE,2026-08-06,7709.9599609375,3.6615169404210772,STRONG_POSITIVE,2026-08-27,7730.990234375,3.9442719815948593,STRONG_POSITIVE,2026-08-28,7711.759765625,3.685715572456521,STRONG_POSITIVE,,,UNAVAILABLE,5.096654693398868,-0.5082237928355505,True,Measured from the event-date reference close to subsequent trading-session closes.,True,True,
AMZN,Consumer Discretionary,2026-03-31,2026-04-29,2.78,1.64,1.14,69.5122,69.51219512195121,LARGE_BEAT,True,,,,,UNKNOWN,True,True,True,Alpha Vantage EARNINGS,primary_event_data,PRIMARY_EVENT_DATA,False,False,False,True,2026-04-29,7135.9501953125,2026-04-30,7209.009765625,1.023823994182187,POSITIVE,2026-05-04,7200.75,0.9080753496579339,POSITIVE,2026-05-06,7365.1201171875,3.2114843237770683,STRONG_POSITIVE,2026-05-28,7563.6298828125,5.993310992850489,STRONG_POSITIVE,2026-05-29,7580.06005859375,6.2235560945055255,STRONG_POSITIVE,4.22760360208468,7437.6298828125,STRONG_POSITIVE,6.064644618953903,-0.13733690259200054,True,Measured from the event-date reference close to subsequent trading-session closes.,True,True,2026-07-30
AMZN,Consumer Discretionary,2025-12-31,2026-02-05,1.95,1.95,0.0,0.0,0.0,IN_LINE,False,,,,,UNKNOWN,True,True,True,Alpha Vantage EARNINGS,primary_event_data,PRIMARY_EVENT_DATA,False,False,False,True,2026-02-05,6798.39990234375,2026-02-06,6932.2998046875,1.9695796697335792,POSITIVE,2026-02-10,6941.81005859375,2.1094692620326634,STRONG_POSITIVE,2026-02-12,6832.759765625,0.5054110345789519,POSITIVE,2026-03-06,6740.02001953125,-0.8587297548114744,NEGATIVE,2026-03-09,6795.990234375,-0.0354446340810176,NEUTRAL,7.9240699087410205,7337.10986328125,STRONG_POSITIVE,2.8694998959644327,-1.294127761422491,True,Measured from the event-date reference close to subsequent trading-session closes.,True,True,2026-05-07
AMZN,Consumer Discretionary,2025-09-30,2025-10-30,1.95,1.56,0.39,25.0,24.999999999999996,LARGE_BEAT,True,,,,,UNKNOWN,True,True,True,Alpha Vantage EARNINGS,primary_event_data,PRIMARY_EVENT_DATA,False,False,False,True,2025-10-30,6822.33984375,2025-10-31,6840.2001953125,0.26179217059762877,POSITIVE,2025-11-04,6771.5498046875,-0.74446656463514,NEGATIVE,2025-11-06,6720.31982421875,-1.4953816706259708,NEGATIVE,2025-11-28,6849.08984375,0.39209421712560816,POSITIVE,2025-12-01,6812.6298828125,-0.14232596381717005,NEUTRAL,2.258757276617088,6976.43994140625,STRONG_POSITIVE,0.879170223742198,-4.403473423421103,True,Measured from the event-date reference close to subsequent trading-session closes.,True,True,2026-02-02
AMZN,Consumer Discretionary,2025-06-30,2025-07-31,1.68,1.32,0.36,27.2727,27.27272727272726,LARGE_BEAT,True,,,,,UNKNOWN,True,True,True,Alpha Vantage EARNINGS,primary_event_data,PRIMARY_EVENT_DATA,False,False,False,True,2025-07-31,6339.39013671875,2025-08-01,6238.009765625,-1.599213314014843,NEGATIVE,2025-08-05,6299.18994140625,-0.6341334804377178,NEGATIVE,2025-08-07,6340.0,0.009620220054253727,NEUTRAL,2025-08-28,6501.85986328125,2.5628605127400133,STRONG_POSITIVE,2025-08-29,6460.259765625,1.9066444295036207,POSITIVE,8.694838070283987,6890.58984375,STRONG_POSITIVE,2.6633452131625868,-1.9986180465315178,True,Measured from the event-date reference close to subsequent trading-session closes.,True,True,2025-10-29
AMZN,Consumer Discretionary,2025-03-31,2025-05-01,1.59,1.36,0.23,16.9118,16.91176470588235,LARGE_BEAT,True,,,,,UNKNOWN,True,True,True,Alpha Vantage EARNINGS,primary_event_data,PRIMARY_EVENT_DATA,False,False,False,True,2025-05-01,5604.14013671875,2025-05-02,5686.669921875,1.4726574129634733,POSITIVE,2025-05-06,5606.91015625,0.049428091797716164,NEUTRAL,2025-05-08,5663.93994140625,1.067064763346783,POSITIVE,2025-05-30,5911.68994140625,5.487903535324008,STRONG_POSITIVE,2025-06-02,5935.93994140625,5.920619338433787,STRONG_POSITIVE,11.31073837274497,6238.009765625,STRONG_POSITIVE,6.503579811904895,-0.4550207414144067,True,Measured from the event-date reference close to subsequent trading-session closes.,True,True,2025-08-01
AMZN,Consumer Discretionary,2024-12-31,2025-02-06,1.86,1.4837,0.3763,25.3623,25.362270000674,LARGE_BEAT,True,,,,,UNKNOWN,True,True,True,Alpha Vantage EARNINGS,primary_event_data,PRIMARY_EVENT_DATA,False,False,False,True,2025-02-06,6083.56982421875,2025-02-07,6025.990234375,-0.9464770111542913,NEGATIVE,2025-02-11,6068.5,-0.24771350792682423,NEUTRAL,2025-02-13,6115.06982421875,0.5177880900552534,POSITIVE,2025-03-07,5770.2001953125,-5.151081321672721,STRONG_NEGATIVE,2025-03-10,5614.56005859375,-7.709449865404151,STRONG_NEGATIVE,-6.897757319098227,5663.93994140625,STRONG_NEGATIVE,1.049718395739806,-6.859127078562577,True,Measured from the event-date reference close to subsequent trading-session closes.,True,True,2025-05-08
AMZN,Consumer Discretionary,2024-09-30,2024-10-31,1.43,1.14,0.29,25.4386,25.43859649122808,LARGE_BEAT,True,,,,,UNKNOWN,True,True,True,Alpha Vantage EARNINGS,primary_event_data,PRIMARY_EVENT_DATA,False,False,False,True,2024-10-31,5705.4501953125,2024-11-01,5728.7998046875,0.4092509543626135,POSITIVE,2024-11-05,5782.759765625,1.3550126224222625,POSITIVE,2024-11-07,5973.10009765625,4.6911267854664045,STRONG_POSITIVE,2024-11-29,6032.3798828125,5.730129548209882,STRONG_POSITIVE,2024-12-02,6047.14990234375,5.989005167584928,STRONG_POSITIVE,5.826528601951841,6037.8798828125,STRONG_POSITIVE,5.936774749883652,-0.1566998112584578,True,Measured from the event-date reference close to subsequent trading-session closes.,True,True,2025-02-04
AMZN,Consumer Discretionary,2024-06-30,2024-08-01,1.26,1.02,0.24,23.5294,23.52941176470588,LARGE_BEAT,True,,,,,UNKNOWN,True,True,True,Alpha Vantage EARNINGS,primary_event_data,PRIMARY_EVENT_DATA,False,False,False,True,2024-08-01,5446.68017578125,2024-08-02,5346.56005859375,-1.8381860868696804,NEGATIVE,2024-08-06,5240.02978515625,-3.794061409073994,STRONG_NEGATIVE,2024-08-08,5319.31005859375,-2.3384908435390286,STRONG_NEGATIVE,2024-08-29,5591.9599609375,2.6673089013421216,STRONG_POSITIVE,2024-08-30,5648.39990234375,3.7035353656241825,STRONG_POSITIVE,6.73786112365429,5813.669921875,STRONG_POSITIVE,3.762657890535205,-6.011375729607368,True,Measured from the event-date reference close to subsequent trading-session closes.,True,True,2024-10-30
AMZN,Consumer Discretionary,2024-03-31,2024-04-30,0.98,0.82,0.16,19.5122,19.512195121951223,LARGE_BEAT,True,,,,,UNKNOWN,True,True,True,Alpha Vantage EARNINGS,primary_event_data,PRIMARY_EVENT_DATA,False,False,False,True,2024-04-30,5035.68994140625,2024-05-01,5018.39013671875,-0.3435438815494052,NEGATIVE,2024-05-03,5127.7900390625,1.8289469512201624,POSITIVE,2024-05-07,5187.7001953125,3.0186579331729093,STRONG_POSITIVE,2024-05-29,5266.9501953125,4.5924244065286715,STRONG_POSITIVE,2024-05-30,5235.47998046875,3.967480948731869,STRONG_POSITIVE,9.663221305189433,5522.2998046875,STRONG_POSITIVE,6.0803970254122595,-0.4893100450078362,True,Measured from the event-date reference close to subsequent trading-session closes.,True,True,2024-07-31
AMZN,Consumer Discretionary,2023-12-31,2024-02-01,1.0,0.8,0.2,25.0,24.999999999999996,LARGE_BEAT,True,,,,,UNKNOWN,True,True,True,Alpha Vantage EARNINGS,primary_event_data,PRIMARY_EVENT_DATA,False,False,False,True,2024-02-01,4906.18994140625,2024-02-02,4958.60986328125,1.0684446077514682,POSITIVE,2024-02-06,4954.22998046875,0.9791720181288047,POSITIVE,2024-02-08,4997.91015625,1.8694794930312144,POSITIVE,2024-03-01,5137.080078125,4.706098611676874,STRONG_POSITIVE,2024-03-04,5130.9501953125,4.58115679560966,STRONG_POSITIVE,3.220630586938913,5064.2001953125,STRONG_POSITIVE,4.772341460788184,0.03669431861078713,True,Measured from the event-date reference close to subsequent trading-session closes.,True,True,2024-05-02
AMZN,Consumer Discretionary,2023-09-30,2023-10-26,0.94,0.58,0.36,62.069,62.06896551724138,LARGE_BEAT,True,,,,,UNKNOWN,True,True,True,Alpha Vantage EARNINGS,primary_event_data,PRIMARY_EVENT_DATA,False,False,False,True,2023-10-26,4137.22998046875,2023-10-27,4117.3701171875,-0.4800280229768582,NEGATIVE,2023-10-31,4193.7998046875,1.3673357412038432,POSITIVE,2023-11-02,4317.77978515625,4.364026306003024,STRONG_POSITIVE,2023-11-24,4559.33984375,10.202716921079276,STRONG_POSITIVE,2023-11-27,4550.43017578125,9.987363459685755,STRONG_POSITIVE,19.111826005449988,4927.93017578125,STRONG_POSITIVE,10.422437170477162,-0.8085167000725949,True,Measured from the event-date reference close to subsequent trading-session closes.,True,True,2024-01-29
AMZN,Consumer Discretionary,2023-06-30,2023-08-03,0.65,0.34,0.31,91.1765,91.17647058823528,LARGE_BEAT,True,,,,,UNKNOWN,True,True,True,Alpha Vantage EARNINGS,primary_event_data,PRIMARY_EVENT_DATA,False,False,False,True,2023-08-03,4501.89013671875,2023-08-04,4478.02978515625,-0.5300074155050543,NEGATIVE,2023-08-08,4499.3798828125,-0.05575999924510874,NEUTRAL,2023-08-10,4468.830078125,-0.7343595154422442,NEGATIVE,2023-08-31,4507.66015625,0.12816882145097258,NEUTRAL,2023-09-01,4515.77001953125,0.3083123397279636,POSITIVE,-5.864875983622764,4237.85986328125,STRONG_NEGATIVE,0.8540791948173679,-3.700225306839976,True,Measured from the event-date reference close to subsequent trading-session closes.,True,True,2023-11-01
AMZN,Consumer Discretionary,2023-03-31,2023-04-27,0.31,0.21,0.1,47.619,47.61904761904762,LARGE_BEAT,True,,,,,UNKNOWN,True,True,True,Alpha Vantage EARNINGS,primary_event_data,PRIMARY_EVENT_DATA,False,False,False,True,2023-04-27,4135.35009765625,2023-04-28,4169.47998046875,0.8253202753460569,POSITIVE,2023-05-02,4119.580078125,-0.3813466613186587,NEGATIVE,2023-05-04,4061.219970703125,-1.7925961575814096,NEGATIVE,2023-05-25,4151.27978515625,0.3852077121361092,POSITIVE,2023-05-26,4205.4501953125,1.6951429987990596,POSITIVE,10.806337365868334,4582.22998046875,STRONG_POSITIVE,1.8755379051874694,-2.1055065787228706,True,Measured from the event-date reference close to subsequent trading-session closes.,True,True,2023-07-28
AMZN,Consumer Discretionary,2022-12-31,2023-02-02,0.03,0.17,-0.14,-82.3529,-82.3529411764706,LARGE_MISS,False,,,,,UNKNOWN,True,True,True,Alpha Vantage EARNINGS,primary_event_data,PRIMARY_EVENT_DATA,False,False,False,True,2023-02-02,4179.759765625,2023-02-03,4136.47998046875,-1.0354610691310477,NEGATIVE,2023-02-07,4164.0,-0.37704955568525217,NEGATIVE,2023-02-09,4081.5,-2.3508472049782316,STRONG_NEGATIVE,2023-03-03,4045.639892578125,-3.2087938199199364,STRONG_NEGATIVE,2023-03-06,4048.419921875,-3.1422821194212998,STRONG_NEGATIVE,-2.836043255326894,4061.219970703125,STRONG_NEGATIVE,0.06220686838592043,-6.019481205231498,True,Measured from the event-date reference close to subsequent trading-session closes.,True,True,2023-05-04
AMZN,Consumer Discretionary,2022-09-30,2022-10-27,0.28,0.21,0.07,33.3333,33.33333333333336,LARGE_BEAT,True,,,,,UNKNOWN,True,True,True,Alpha Vantage EARNINGS,primary_event_data,PRIMARY_EVENT_DATA,False,False,False,True,2022-10-27,3807.300048828125,2022-10-28,3901.06005859375,2.4626377895927596,STRONG_POSITIVE,2022-11-01,3856.10009765625,1.2817494865723942,POSITIVE,2022-11-03,3719.889892578125,-2.2958567785300916,STRONG_NEGATIVE,2022-11-25,4026.1201171875,5.7473817548666055,STRONG_POSITIVE,2022-11-28,3963.93994140625,4.114198790986759,STRONG_POSITIVE,5.5280636672674905,4017.77001953125,STRONG_POSITIVE,5.954875313095134,-2.8668648408199684,True,Measured from the event-date reference close to subsequent trading-session closes.,True,True,2023-01-30
AMZN,Consumer Discretionary,2022-06-30,2022-07-28,-0.2,0.12,-0.32,-266.6667,-266.6666666666667,LARGE_MISS,False,,,,,UNKNOWN,True,True,True,Alpha Vantage EARNINGS,primary_event_data,PRIMARY_EVENT_DATA,False,False,False,True,2022-07-28,4072.429931640625,2022-07-29,4130.2900390625,1.42077600825818,POSITIVE,2022-08-02,4091.18994140625,0.4606588714975709,POSITIVE,2022-08-04,4151.93994140625,1.952397244403748,POSITIVE,2022-08-25,4199.1201171875,3.1109236419897446,STRONG_POSITIVE,2022-08-26,4057.659912109375,-0.3626832082854211,NEGATIVE,-5.9382196389797945,3830.60009765625,STRONG_NEGATIVE,6.208820231653723,0.16673188186112156,True,Measured from the event-date reference close to subsequent trading-session closes.,True,True,2022-10-26
AMZN,Consumer Discretionary,2022-03-31,2022-04-28,-0.38,0.42,-0.8,-190.4762,-190.47619047619048,LARGE_MISS,False,,,,,UNKNOWN,True,True,True,Alpha Vantage EARNINGS,primary_event_data,PRIMARY_EVENT_DATA,False,False,False,True,2022-04-28,4287.5,2022-04-29,4131.93017578125,-3.6284507106413995,STRONG_NEGATIVE,2022-05-03,4175.47998046875,-2.612711825801749,STRONG_NEGATIVE,2022-05-05,4146.8701171875,-3.279997266763848,STRONG_NEGATIVE,2022-05-26,4057.840087890625,-5.356499407798833,STRONG_NEGATIVE,2022-05-27,4158.240234375,-3.014805029154519,STRONG_NEGATIVE,-3.6667046282798834,4130.2900390625,STRONG_NEGATIVE,0.4702077259475219,-11.129561087827987,True,Measured from the event-date reference close to subsequent trading-session closes.,True,True,2022-07-29
AMZN,Consumer Discretionary,2021-12-31,2022-02-03,1.39,0.18,1.21,672.2222,672.2222222222223,LARGE_BEAT,True,,,,,UNKNOWN,True,True,True,Alpha Vantage EARNINGS,primary_event_data,PRIMARY_EVENT_DATA,False,False,False,True,2022-02-03,4477.43994140625,2022-02-04,4500.52978515625,0.5156929864423389,POSITIVE,2022-02-08,4521.5400390625,0.9849400155750448,POSITIVE,2022-02-10,4504.080078125,0.5949859086302565,POSITIVE,2022-03-04,4328.8701171875,-3.3181868693494523,STRONG_NEGATIVE,2022-03-07,4201.08984375,-6.172055935371307,STRONG_NEGATIVE,-7.383009678404004,4146.8701171875,STRONG_NEGATIVE,2.5146031040818024,-8.102622119115614,True,Measured from the event-date reference close to subsequent trading-session closes.,True,True,2022-05-05
AMZN,Consumer Discretionary,2021-09-30,2021-10-28,0.31,0.44,-0.13,-29.5455,-29.545454545454547,LARGE_MISS,False,,,,,UNKNOWN,True,True,True,Alpha Vantage EARNINGS,primary_event_data,PRIMARY_EVENT_DATA,False,False,False,True,2021-10-28,4596.419921875,2021-10-29,4605.3798828125,0.1949334719149202,NEUTRAL,2021-11-02,4630.64990234375,0.7447096011799265,POSITIVE,2021-11-04,4680.06005859375,1.8196800584014308,POSITIVE,2021-11-26,4594.6201171875,-0.03915666362280086,NEUTRAL,2021-11-29,4655.27001953125,1.2803464143076708,POSITIVE,-3.580391413663912,4431.85009765625,STRONG_NEGATIVE,3.2070646014837467,-0.6272289872340353,True,Measured from the event-date reference close to subsequent trading-session closes.,True,True,2022-01-28
AMZN,Consumer Discretionary,2021-06-30,2021-07-29,0.76,0.61,0.15,24.5902,24.59016393442624,LARGE_BEAT,True,,,,,UNKNOWN,True,True,True,Alpha Vantage EARNINGS,primary_event_data,PRIMARY_EVENT_DATA,False,False,False,True,2021-07-29,4419.14990234375,2021-07-30,4395.259765625,-0.5406048051476954,NEGATIVE,2021-08-03,4423.14990234375,0.0905151463153253,NEUTRAL,2021-08-05,4429.10009765625,0.22516084614425036,NEUTRAL,2021-08-26,4470.0,1.150676007376012,POSITIVE,2021-08-27,4509.3701171875,2.0415739867955285,STRONG_POSITIVE,2.9989992728513455,4551.68017578125,STRONG_POSITIVE,1.8682339458537776,-1.163570438009555,True,Measured from the event-date reference close to subsequent trading-session closes.,True,True,2021-10-27
AMZN,Consumer Discretionary,2021-03-31,2021-04-29,0.79,0.47,0.32,68.0851,68.08510638297875,LARGE_BEAT,True,,,,,UNKNOWN,True,True,True,Alpha Vantage EARNINGS,primary_event_data,PRIMARY_EVENT_DATA,False,False,False,True,2021-04-29,4211.47021484375,2021-04-30,4181.169921875,-0.7194706699326419,NEGATIVE,2021-05-04,4164.66015625,-1.111489722253365,NEGATIVE,2021-05-06,4201.6201171875,-0.2338873873910432,NEUTRAL,2021-05-27,4200.8798828125,-0.2514640135391035,NEGATIVE,2021-05-28,4204.10986328125,-0.17476917055136,NEUTRAL,4.931287101782463,4419.14990234375,STRONG_POSITIVE,0.6308918943579842,-3.670697503365472,True,Measured from the event-date reference close to subsequent trading-session closes.,True,True,2021-07-29
AMZN,Consumer Discretionary,2020-12-31,2021-02-02,0.7,0.35,0.35,100.0,100.0,LARGE_BEAT,True,,,,,UNKNOWN,True,True,True,Alpha Vantage EARNINGS,primary_event_data,PRIMARY_EVENT_DATA,False,False,False,True,2021-02-02,3826.31005859375,2021-02-03,3830.169921875,0.1008769080953304,NEUTRAL,2021-02-05,3886.830078125,1.5816810087129318,POSITIVE,2021-02-09,3911.22998046875,2.219368545010434,STRONG_POSITIVE,2021-03-03,3819.719970703125,-0.1722308905893266,NEUTRAL,2021-03-04,3768.469970703125,-1.5116414248949406,NEGATIVE,8.842725562616868,4164.66015625,STRONG_POSITIVE,3.2438529848909234,-0.9609785659859401,True,Measured from the event-date reference close to subsequent trading-session closes.,True,True,2021-05-04
AMZN,Consumer Discretionary,2020-09-30,2020-10-29,0.62,0.38,0.24,63.1579,63.1578947368421,LARGE_BEAT,True,,,,,UNKNOWN,True,True,True,Alpha Vantage EARNINGS,primary_event_data,PRIMARY_EVENT_DATA,False,False,False,True,2020-10-29,3310.110107421875,2020-10-30,3269.9599609375,-1.2129550130175728,NEGATIVE,2020-11-03,3369.159912109375,1.7839226723938724,POSITIVE,2020-11-05,3510.449951171875,6.0523619229705155,STRONG_POSITIVE,2020-11-27,3638.35009765625,9.916286153092027,STRONG_POSITIVE,2020-11-30,3621.6298828125,9.411160513728545,STRONG_POSITIVE,14.010107970734486,3773.860107421875,STRONG_POSITIVE,10.147090939947756,-2.3011369272834004,True,Measured from the event-date reference close to subsequent trading-session closes.,True,True,2021-02-01
AMZN,Consumer Discretionary,2020-06-30,2020-07-30,0.52,0.08,0.44,550.0,550.0,LARGE_BEAT,True,,,,,UNKNOWN,True,True,True,Alpha Vantage EARNINGS,primary_event_data,PRIMARY_EVENT_DATA,False,False,False,True,2020-07-30,3246.219970703125,2020-07-31,3271.1201171875,0.7670504990141404,POSITIVE,2020-08-04,3306.510009765625,1.8572382526942957,POSITIVE,2020-08-06,3349.159912109375,3.1710710406341747,STRONG_POSITIVE,2020-08-27,3484.550048828125,7.341772285178141,STRONG_POSITIVE,2020-08-28,3508.010009765625,8.06445778244032,STRONG_POSITIVE,0.7642753361651025,3271.030029296875,POSITIVE,7.860216325824274,-0.7996981465146097,True,Measured from the event-date reference close to subsequent trading-session closes.,True,True,2020-10-28
AMZN,Consumer Discretionary,2020-03-31,2020-04-30,0.25,0.31,-0.06,-19.3548,-19.35483870967742,LARGE_MISS,False,,,,,UNKNOWN,True,True,True,Alpha Vantage EARNINGS,primary_event_data,PRIMARY_EVENT_DATA,False,False,False,True,2020-04-30,2912.429931640625,2020-05-01,2830.7099609375,-2.80590340784922,STRONG_NEGATIVE,2020-05-05,2868.43994140625,-1.5104222682395876,NEGATIVE,2020-05-07,2881.18994140625,-1.0726434958995543,NEGATIVE,2020-05-29,3044.31005859375,4.528181966555827,STRONG_POSITIVE,2020-06-01,3055.72998046875,4.920291721744579,STRONG_POSITIVE,11.46087792314612,3246.219970703125,STRONG_POSITIVE,5.364592244331254,-5.0057870055048435,True,Measured from the event-date reference close to subsequent trading-session closes.,True,True,2020-07-30
AMZN,Consumer Discretionary,2019-12-31,2020-01-30,0.32,0.2,0.12,60.0,60.0,LARGE_BEAT,True,,,,,UNKNOWN,True,True,True,Alpha Vantage EARNINGS,primary_event_data,PRIMARY_EVENT_DATA,False,False,False,True,2020-01-30,3283.659912109375,2020-01-31,3225.52001953125,-1.7705820375526278,NEGATIVE,2020-02-04,3297.590087890625,0.424227117122536,POSITIVE,2020-02-06,3345.780029296875,1.891795096027315,POSITIVE,2020-02-28,2954.219970703125,-10.032705889892922,STRONG_NEGATIVE,2020-03-02,3090.22998046875,-5.890681033297643,STRONG_NEGATIVE,-11.305372371229435,2912.429931640625,STRONG_NEGATIVE,3.3456603412776222,-13.028749495069505,True,Measured from the event-date reference close to subsequent trading-session closes.,True,True,2020-04-30
AMZN,Consumer Discretionary,2019-09-30,2019-10-24,0.21,0.22,-0.01,-4.5455,-4.545454545454549,MISS,False,,,,,UNKNOWN,True,True,True,Alpha Vantage EARNINGS,primary_event_data,PRIMARY_EVENT_DATA,False,False,False,True,2019-10-24,3010.2900390625,2019-10-25,3022.550048828125,0.40727005061090915,POSITIVE,2019-10-29,3036.889892578125,0.8836309182987908,POSITIVE,2019-10-31,3037.56005859375,0.9058934247991184,POSITIVE,2019-11-21,3103.5400390625,3.0977081540302676,STRONG_POSITIVE,2019-11-22,3110.2900390625,3.32193903917455,STRONG_POSITIVE,7.751407363480147,3243.6298828125,STRONG_POSITIVE,3.898290596349695,-0.27738515385216783,True,Measured from the event-date reference close to subsequent trading-session closes.,True,True,2020-01-27
AMZN,Consumer Discretionary,2019-06-30,2019-07-25,0.26,0.28,-0.02,-7.1429,-7.142857142857148,MISS,False,,,,,UNKNOWN,True,True,True,Alpha Vantage EARNINGS,primary_event_data,PRIMARY_EVENT_DATA,False,False,False,True,2019-07-25,3003.669921875,2019-07-26,3025.860107421875,0.7387691099234726,POSITIVE,2019-07-30,3013.179931640625,0.31661301051643204,POSITIVE,2019-08-01,2953.56005859375,-1.668287947231219,NEGATIVE,2019-08-22,2922.949951171875,-2.6873782007557163,STRONG_NEGATIVE,2019-08-23,2847.110107421875,-5.212284256433699,STRONG_NEGATIVE,0.02830196653963023,3004.52001953125,NEUTRAL,0.8093452085632225,-6.044266161382008,True,Measured from the event-date reference close to subsequent trading-session closes.,True,True,2019-10-23
AMZN,Consumer Discretionary,2019-03-31,2019-04-25,0.35,0.23,0.12,52.1739,52.17391304347825,LARGE_BEAT,True,,,,,UNKNOWN,True,True,True,Alpha Vantage EARNINGS,primary_event_data,PRIMARY_EVENT_DATA,False,False,False,True,2019-04-25,2926.169921875,2019-04-26,2939.8798828125,0.46852921407636766,POSITIVE,2019-04-30,2945.830078125,0.6718733626173825,POSITIVE,2019-05-02,2917.52001953125,-0.29560492297752167,NEGATIVE,2019-05-23,2822.239990234375,-3.5517394551725103,STRONG_NEGATIVE,2019-05-24,2826.06005859375,-3.4211910433794173,STRONG_NEGATIVE,2.648513314986861,3003.669921875,STRONG_POSITIVE,0.9555139203804033,-4.262910000607396,True,Measured from the event-date reference close to subsequent trading-session closes.,True,True,2019-07-25
AMZN,Consumer Discretionary,2018-12-31,2019-01-31,0.3,0.28,0.02,7.1429,7.142857142857128,BEAT,True,,,,,UNKNOWN,True,True,True,Alpha Vantage EARNINGS,primary_event_data,PRIMARY_EVENT_DATA,False,False,False,True,2019-01-31,2704.10009765625,2019-02-01,2706.530029296875,0.08986100931437847,NEUTRAL,2019-02-05,2737.699951171875,1.2425521357270508,POSITIVE,2019-02-07,2706.050048828125,0.07211090941363818,NEUTRAL,2019-03-01,2803.68994140625,3.6829200160274556,STRONG_POSITIVE,2019-03-04,2792.81005859375,3.280572380230614,STRONG_POSITIVE,7.892456424227026,2917.52001953125,STRONG_POSITIVE,4.045334441315155,-0.8235649098401462,True,Measured from the event-date reference close to subsequent trading-session closes.,True,True,2019-05-02
AMZN,Consumer Discretionary,2018-09-30,2018-10-25,0.29,0.15,0.14,93.3333,93.33333333333331,LARGE_BEAT,True,,,,,UNKNOWN,True,True,True,Alpha Vantage EARNINGS,primary_event_data,PRIMARY_EVENT_DATA,False,False,False,True,2018-10-25,2705.570068359375,2018-10-26,2658.68994140625,-1.732726403997829,NEGATIVE,2018-10-30,2682.6298828125,-0.8478873201308607,NEGATIVE,2018-11-01,2740.3701171875,1.2862372050570225,POSITIVE,2018-11-23,2632.56005859375,-2.6985074465248426,STRONG_NEGATIVE,2018-11-26,2673.449951171875,-1.187184821532907,NEGATIVE,-2.4235213541941603,2640.0,STRONG_NEGATIVE,4.050156943480044,-3.771110217771768,True,Measured from the event-date reference close to subsequent trading-session closes.,True,True,2019-01-29
AMZN,Consumer Discretionary,2018-06-30,2018-07-26,0.25,0.13,0.12,92.3077,92.3076923076923,LARGE_BEAT,True,,,,,UNKNOWN,True,True,True,Alpha Vantage EARNINGS,primary_event_data,PRIMARY_EVENT_DATA,False,False,False,True,2018-07-26,2837.43994140625,2018-07-27,2818.820068359375,-0.656220869212368,NEGATIVE,2018-07-31,2816.2900390625,-0.7453867845839937,NEGATIVE,2018-08-02,2827.219970703125,-0.3601828026026845,NEGATIVE,2018-08-23,2856.97998046875,0.6886503138746913,POSITIVE,2018-08-24,2874.68994140625,1.3128031172190628,POSITIVE,-6.390966769154841,2656.10009765625,STRONG_NEGATIVE,1.2613496603125376,-1.4484836459747479,True,Measured from the event-date reference close to subsequent trading-session closes.,True,True,2018-10-24
AMZN,Consumer Discretionary,2018-03-31,2018-04-26,0.16,0.06,0.1,166.6667,166.66666666666669,LARGE_BEAT,True,,,,,UNKNOWN,True,True,True,Alpha Vantage EARNINGS,primary_event_data,PRIMARY_EVENT_DATA,False,False,False,True,2018-04-26,2666.93994140625,2018-04-27,2669.909912109375,0.1113624891589784,NEUTRAL,2018-05-01,2654.800048828125,-0.4551993237509413,NEGATIVE,2018-05-03,2629.72998046875,-1.3952305546813166,NEGATIVE,2018-05-24,2727.760009765625,2.2805188604024282,STRONG_POSITIVE,2018-05-25,2721.330078125,2.0394211310986865,STRONG_POSITIVE,6.393094848251329,2837.43994140625,STRONG_POSITIVE,2.823462488188619,-2.711715516946231,True,Measured from the event-date reference close to subsequent trading-session closes.,True,True,2018-07-26
AMZN,Consumer Discretionary,2017-12-31,2018-02-01,0.11,0.09,0.02,22.2222,22.222222222222225,LARGE_BEAT,True,,,,,UNKNOWN,True,True,True,Alpha Vantage EARNINGS,primary_event_data,PRIMARY_EVENT_DATA,False,False,False,True,2018-02-01,2821.97998046875,2018-02-02,2762.1298828125,-2.120854792396808,STRONG_NEGATIVE,2018-02-06,2695.139892578125,-4.494719621276548,STRONG_NEGATIVE,2018-02-08,2581.0,-8.539393692960273,STRONG_NEGATIVE,2018-03-02,2691.25,-4.632562292204315,STRONG_NEGATIVE,2018-03-05,2720.93994140625,-3.5804661890520064,STRONG_NEGATIVE,-6.812592623993952,2629.72998046875,STRONG_NEGATIVE,-0.4627977053040836,-10.251314363131907,True,Measured from the event-date reference close to subsequent trading-session closes.,True,True,2018-05-03
AMZN,Consumer Discretionary,2017-09-30,2017-10-26,0.03,0.03,0.0,0.0,0.0,IN_LINE,False,,,,,UNKNOWN,True,True,True,Alpha Vantage EARNINGS,primary_event_data,PRIMARY_EVENT_DATA,False,False,False,True,2017-10-26,2560.39990234375,2017-10-27,2581.070068359375,0.8073022498049565,POSITIVE,2017-10-31,2575.260009765625,0.5803822835750108,POSITIVE,2017-11-02,2579.85009765625,0.7596545873437816,POSITIVE,2017-11-24,2602.419921875,1.6411506457559826,POSITIVE,2017-11-27,2601.419921875,1.6020942468284318,POSITIVE,11.448607175964906,2853.530029296875,STRONG_POSITIVE,1.7110631254768818,-0.11521446978554643,True,Measured from the event-date reference close to subsequent trading-session closes.,True,True,2018-01-29
AMZN,Consumer Discretionary,2017-06-30,2017-07-27,0.02,0.07,-0.05,-71.4286,-71.42857142857143,LARGE_MISS,False,,,,,UNKNOWN,True,True,True,Alpha Vantage EARNINGS,primary_event_data,PRIMARY_EVENT_DATA,False,False,False,True,2017-07-27,2475.419921875,2017-07-28,2472.10009765625,-0.13411155777705014,NEUTRAL,2017-08-01,2476.35009765625,0.03757648441907347,NEUTRAL,2017-08-03,2472.159912109375,-0.1316952221648,NEUTRAL,2017-08-24,2438.969970703125,-1.4724754717278872,NEGATIVE,2017-08-25,2443.050048828125,-1.307651795189421,NEGATIVE,3.301661255389908,2557.14990234375,STRONG_POSITIVE,0.6241444199413767,-2.3458575131271133,True,Measured from the event-date reference close to subsequent trading-session closes.,True,True,2017-10-25
AMZN,Consumer Discretionary,2017-03-31,2017-04-27,0.07,0.06,0.01,16.6667,16.666666666666682,LARGE_BEAT,True,,,,,UNKNOWN,True,True,True,Alpha Vantage EARNINGS,primary_event_data,PRIMARY_EVENT_DATA,False,False,False,True,2017-04-27,2388.77001953125,2017-04-28,2384.199951171875,-0.19131470681601184,NEUTRAL,2017-05-02,2391.169921875,0.10046602745880638,NEUTRAL,2017-05-04,2389.52001953125,0.03139691112446116,NEUTRAL,2017-05-25,2415.070068359375,1.1009870608341725,POSITIVE,2017-05-26,2415.820068359375,1.1323839719586337,POSITIVE,3.627385710439943,2475.419921875,STRONG_POSITIVE,1.2533622392048078,-1.5091469054521678,True,Measured from the event-date reference close to subsequent trading-session closes.,True,True,2017-07-27
AMZN,Consumer Discretionary,2016-12-31,2017-02-02,0.08,0.07,0.01,14.2857,14.285714285714276,LARGE_BEAT,True,,,,,UNKNOWN,True,True,True,Alpha Vantage EARNINGS,primary_event_data,PRIMARY_EVENT_DATA,False,False,False,True,2017-02-02,2280.85009765625,2017-02-03,2297.419921875,0.7264758098647858,POSITIVE,2017-02-07,2293.080078125,0.5362027290314805,POSITIVE,2017-02-09,2307.8701171875,1.1846468805212216,POSITIVE,2017-03-03,2383.1201171875,4.483855367625447,STRONG_POSITIVE,2017-03-06,2375.31005859375,4.141436608857588,STRONG_POSITIVE,4.764448219839908,2389.52001953125,STRONG_POSITIVE,5.2668907498981525,0.19860073929911945,True,Measured from the event-date reference close to subsequent trading-session closes.,True,True,2017-05-04
AMZN,Consumer Discretionary,2016-09-30,2016-10-27,0.03,0.04,-0.01,-25.0,-25.000000000000007,LARGE_MISS,False,,,,,UNKNOWN,True,True,True,Alpha Vantage EARNINGS,primary_event_data,PRIMARY_EVENT_DATA,False,False,False,True,2016-10-27,2133.0400390625,2016-10-28,2126.409912109375,-0.3108299343522417,NEGATIVE,2016-11-01,2111.719970703125,-0.9995156194416988,NEGATIVE,2016-11-03,2088.659912109375,-2.080604495948921,STRONG_NEGATIVE,2016-11-25,2213.35009765625,3.7650516222399353,STRONG_POSITIVE,2016-11-28,2201.719970703125,3.219814461186146,STRONG_POSITIVE,6.931884098445542,2280.89990234375,STRONG_POSITIVE,3.7650516222399353,-2.3089111830102373,True,Measured from the event-date reference close to subsequent trading-session closes.,True,True,2017-01-30
AMZN,Consumer Discretionary,2016-06-30,2016-07-28,0.09,0.05,0.04,80.0,79.99999999999999,LARGE_BEAT,True,,,,,UNKNOWN,True,True,True,Alpha Vantage EARNINGS,primary_event_data,PRIMARY_EVENT_DATA,False,False,False,True,2016-07-28,2170.06005859375,2016-07-29,2173.60009765625,0.16313092573087717,NEUTRAL,2016-08-02,2157.030029296875,-0.60044556118501,NEGATIVE,2016-08-04,2164.25,-0.2677372255547183,NEGATIVE,2016-08-25,2172.469970703125,0.11105278399237853,NEUTRAL,2016-08-26,2169.0400390625,-0.047004207427834815,NEUTRAL,-1.411487522284247,2139.429931640625,NEGATIVE,1.0944397555241194,-1.0359151296170832,True,Measured from the event-date reference close to subsequent trading-session closes.,True,True,2016-10-26
AMZN,Consumer Discretionary,2016-03-31,2016-04-28,0.05,0.03,0.02,66.6667,66.66666666666669,LARGE_BEAT,True,,,,,UNKNOWN,True,True,True,Alpha Vantage EARNINGS,primary_event_data,PRIMARY_EVENT_DATA,False,False,False,True,2016-04-28,2075.81005859375,2016-04-29,2065.300048828125,-0.506308836982174,NEGATIVE,2016-05-03,2063.3701171875,-0.5992812952586516,NEGATIVE,2016-05-05,2050.6298828125,-1.213028893323131,NEGATIVE,2016-05-26,2090.10009765625,0.6884078340087019,POSITIVE,2016-05-27,2099.06005859375,1.12004467382486,POSITIVE,4.5403961508814215,2170.06005859375,STRONG_POSITIVE,0.9114476440979014,-2.4038820029548895,True,Measured from the event-date reference close to subsequent trading-session closes.,True,True,2016-07-28
AMZN,Consumer Discretionary,2015-12-31,2016-01-28,0.05,0.08,-0.03,-37.5,-37.5,LARGE_MISS,False,,,,,UNKNOWN,True,True,True,Alpha Vantage EARNINGS,primary_event_data,PRIMARY_EVENT_DATA,False,False,False,True,2016-01-28,1893.3599853515625,2016-01-29,1940.239990234375,2.4760217415341508,STRONG_POSITIVE,2016-02-02,1903.030029296875,0.5107345681818108,POSITIVE,2016-02-04,1915.449951171875,1.1667071233794346,POSITIVE,2016-02-26,1948.050048828125,2.8885190296449386,STRONG_POSITIVE,2016-02-29,1932.22998046875,2.052963800751818,STRONG_POSITIVE,9.636311882249366,2075.81005859375,STRONG_POSITIVE,3.676003302299327,-4.397473824829203,True,Measured from the event-date reference close to subsequent trading-session closes.,True,True,2016-04-28
AMZN,Consumer Discretionary,2015-09-30,2015-10-22,0.01,-0.01,0.02,200.0,200.0,LARGE_BEAT,True,,,,,UNKNOWN,True,True,True,Alpha Vantage EARNINGS,primary_event_data,PRIMARY_EVENT_DATA,False,False,False,True,2015-10-22,2052.510009765625,2015-10-23,2075.14990234375,1.1030344539323458,POSITIVE,2015-10-27,2065.889892578125,0.6518790529078999,POSITIVE,2015-10-29,2089.409912109375,1.7977940262500147,POSITIVE,2015-11-19,2081.239990234375,1.399748616672065,POSITIVE,2015-11-20,2089.169921875,1.786101501817337,POSITIVE,-8.547098570835704,1877.0799560546875,STRONG_NEGATIVE,3.1166703401573033,-1.6136337927516102,True,Measured from the event-date reference close to subsequent trading-session closes.,True,True,2016-01-25
AMZN,Consumer Discretionary,2015-06-30,2015-07-23,0.01,-0.01,0.02,200.0,200.0,LARGE_BEAT,True,,,,,UNKNOWN,True,True,True,Alpha Vantage EARNINGS,primary_event_data,PRIMARY_EVENT_DATA,False,False,False,True,2015-07-23,2102.14990234375,2015-07-24,2079.64990234375,-1.0703328042835611,NEGATIVE,2015-07-28,2093.25,-0.42337144148603445,NEGATIVE,2015-07-30,2108.6298828125,0.30825491852532855,POSITIVE,2015-08-20,2035.72998046875,-3.159618721811724,STRONG_NEGATIVE,2015-08-21,1970.8900146484375,-6.244078386083072,STRONG_NEGATIVE,-3.95832670375822,2018.93994140625,STRONG_NEGATIVE,0.5751296744892169,-3.159618721811724,True,Measured from the event-date reference close to subsequent trading-session closes.,True,True,2015-10-21
AMZN,Consumer Discretionary,2015-03-31,2015-04-23,-0.01,-0.01,0.0,0.0,0.0,IN_LINE,False,,,,,UNKNOWN,True,True,True,Alpha Vantage EARNINGS,primary_event_data,PRIMARY_EVENT_DATA,False,False,False,True,2015-04-23,2112.929931640625,2015-04-24,2117.68994140625,0.22528005753266978,NEUTRAL,2015-04-28,2114.760009765625,0.08661328980175886,NEUTRAL,2015-04-30,2085.510009765625,-1.2977203580863315,NEGATIVE,2015-05-21,2130.820068359375,0.8466980589772259,POSITIVE,2015-05-22,2126.06005859375,0.6214180014445563,POSITIVE,-0.5101934113122549,2102.14990234375,NEGATIVE,1.0312712568552005,-2.129744073673985,True,Measured from the event-date reference close to subsequent trading-session closes.,True,True,2015-07-23
AMZN,Consumer Discretionary,2014-12-31,2015-01-29,0.02,0.01,0.01,100.0,100.0,LARGE_BEAT,True,,,,,UNKNOWN,True,True,True,Alpha Vantage EARNINGS,primary_event_data,PRIMARY_EVENT_DATA,False,False,False,True,2015-01-29,2021.25,2015-01-30,1994.989990234375,-1.2991965252009896,NEGATIVE,2015-02-03,2050.030029296875,1.4238728161719232,POSITIVE,2015-02-05,2062.52001953125,2.0418067795299937,STRONG_POSITIVE,2015-02-27,2104.5,4.1187384044526905,STRONG_POSITIVE,2015-03-02,2117.389892578125,4.756457270408164,STRONG_POSITIVE,3.179221262368584,2085.510009765625,STRONG_POSITIVE,4.865310470779221,-1.996288216991342,True,Measured from the event-date reference close to subsequent trading-session closes.,True,True,2015-04-30
AMZN,Consumer Discretionary,2014-09-30,2014-10-23,-0.05,-0.04,-0.01,-25.0,-25.000000000000007,LARGE_MISS,False,,,,,UNKNOWN,True,True,True,Alpha Vantage EARNINGS,primary_event_data,PRIMARY_EVENT_DATA,False,False,False,True,2014-10-23,1950.8199462890625,2014-10-24,1964.5799560546875,0.7053449392805272,POSITIVE,2014-10-28,1985.050048828125,1.7546520684380198,POSITIVE,2014-10-30,1994.6500244140625,2.246751588139928,STRONG_POSITIVE,2014-11-20,2052.75,5.224985212235165,STRONG_POSITIVE,2014-11-21,2063.5,5.776035554961521,STRONG_POSITIVE,5.447460274522738,2057.090087890625,STRONG_POSITIVE,5.395686671964168,-0.23323150690906022,True,Measured from the event-date reference close to subsequent trading-session closes.,True,True,2015-01-26
AMZN,Consumer Discretionary,2014-06-30,2014-07-24,-0.01,-0.01,0.0,0.0,0.0,IN_LINE,False,,,,,UNKNOWN,True,True,True,Alpha Vantage EARNINGS,primary_event_data,PRIMARY_EVENT_DATA,False,False,False,True,2014-07-24,1987.97998046875,2014-07-25,1978.3399658203125,-0.484915076768754,NEGATIVE,2014-07-29,1969.949951171875,-0.9069522567638565,NEGATIVE,2014-07-31,1930.6700439453125,-2.8828226182601835,STRONG_NEGATIVE,2014-08-21,1992.3699951171875,0.22082791031941723,NEUTRAL,2014-08-22,1988.4000244140625,0.021129183867005387,NEUTRAL,-3.0619018156729543,1927.1099853515625,STRONG_NEGATIVE,0.3410511858009919,-4.185150353086408,True,Measured from the event-date reference close to subsequent trading-session closes.,True,True,2014-10-22
AMZN,Consumer Discretionary,2014-03-31,2014-04-24,0.01,0.01,0.0,0.0,0.0,IN_LINE,False,,,,,UNKNOWN,True,True,True,Alpha Vantage EARNINGS,primary_event_data,PRIMARY_EVENT_DATA,False,False,False,True,2014-04-24,1878.6099853515625,2014-04-25,1863.4000244140625,-0.8096390978489137,NEGATIVE,2014-04-29,1878.3299560546875,-0.014906196552691878,NEUTRAL,2014-05-01,1883.6800537109375,0.26988403122035937,POSITIVE,2014-05-22,1892.489990234375,0.7388444110827506,POSITIVE,2014-05-23,1900.530029296875,1.1668224972843626,POSITIVE,5.8218574355506805,1987.97998046875,STRONG_POSITIVE,1.2541218654994521,-1.4904637055232137,True,Measured from the event-date reference close to subsequent trading-session closes.,True,True,2014-07-24
AMZN,Consumer Discretionary,2013-12-31,2014-01-30,0.03,0.03,0.0,0.0,0.0,IN_LINE,False,,,,,UNKNOWN,True,True,True,Alpha Vantage EARNINGS,primary_event_data,PRIMARY_EVENT_DATA,False,False,False,True,2014-01-30,1794.18994140625,2014-01-31,1782.5899658203125,-0.6465299642046635,NEGATIVE,2014-02-04,1755.199951171875,-2.1731250039120957,STRONG_NEGATIVE,2014-02-06,1773.4300537109375,-1.157061870441728,NEGATIVE,2014-02-28,1859.449951171875,3.6372966016338,STRONG_POSITIVE,2014-03-03,1845.72998046875,2.8726077363974047,STRONG_POSITIVE,4.98777248938019,1883.6800537109375,STRONG_POSITIVE,4.109381110523579,-3.136228565456915,True,Measured from the event-date reference close to subsequent trading-session closes.,True,True,2014-05-01
AMZN,Consumer Discretionary,2013-09-30,2013-10-24,-0.09,-0.09,0.0,0.0,0.0,IN_LINE,False,,,,,UNKNOWN,True,True,True,Alpha Vantage EARNINGS,primary_event_data,PRIMARY_EVENT_DATA,False,False,False,True,2013-10-24,1752.0699462890625,2013-10-25,1759.77001953125,0.43948435155208787,POSITIVE,2013-10-29,1771.949951171875,1.1346581753153724,POSITIVE,2013-10-31,1756.5400390625,0.255132095776501,POSITIVE,2013-11-21,1795.8499755859375,2.4987603599732098,STRONG_POSITIVE,2013-11-22,1804.760009765625,3.0073036517840888,STRONG_POSITIVE,1.683158390288496,1781.56005859375,POSITIVE,2.8686074932155097,-0.33503200769012265,True,Measured from the event-date reference close to subsequent trading-session closes.,True,True,2014-01-27
AMZN,Consumer Discretionary,2013-06-30,2013-07-25,-0.02,0.05,-0.07,-140.0,-140.0,LARGE_MISS,False,,,,,UNKNOWN,True,True,True,Alpha Vantage EARNINGS,primary_event_data,PRIMARY_EVENT_DATA,False,False,False,True,2013-07-25,1690.25,2013-07-26,1691.6500244140625,0.08282942843144504,NEUTRAL,2013-07-30,1685.9599609375,-0.25381091924271554,NEGATIVE,2013-08-01,1706.8699951171875,0.9832862071993788,POSITIVE,2013-08-22,1656.9599609375,-1.9695334454962286,NEGATIVE,2013-08-23,1663.5,-1.5826061233545334,NEGATIVE,3.320810819867623,1746.3800048828125,STRONG_POSITIVE,1.148945064062269,-3.0066526424530395,True,Measured from the event-date reference close to subsequent trading-session closes.,True,True,2013-10-23
AMZN,Consumer Discretionary,2013-03-31,2013-04-25,0.01,0.08,-0.07,-87.5,-87.50000000000001,LARGE_MISS,False,,,,,UNKNOWN,True,True,True,Alpha Vantage EARNINGS,primary_event_data,PRIMARY_EVENT_DATA,False,False,False,True,2013-04-25,1585.1600341796875,2013-04-26,1582.239990234375,-0.18421130247733053,NEUTRAL,2013-04-30,1597.5699462890625,0.7828807086848532,POSITIVE,2013-05-02,1597.5899658203125,0.7841436430774907,POSITIVE,2013-05-23,1650.510009765625,4.1226105993617095,STRONG_POSITIVE,2013-05-24,1649.5999755859375,4.065200990232974,STRONG_POSITIVE,6.629612376941868,1690.25,STRONG_POSITIVE,6.43594446815869,-0.47944531921475364,True,Measured from the event-date reference close to subsequent trading-session closes.,True,True,2013-07-25
AMZN,Consumer Discretionary,2012-12-31,2013-01-29,0.01,0.01,0.0,0.0,0.0,IN_LINE,False,,,,,UNKNOWN,True,True,True,Alpha Vantage EARNINGS,primary_event_data,PRIMARY_EVENT_DATA,False,False,False,True,2013-01-29,1507.8399658203125,2013-01-30,1501.9599609375,-0.38996213232838617,NEGATIVE,2013-02-01,1513.1700439453125,0.353490970250299,POSITIVE,2013-02-05,1511.2900390625,0.22880897975870745,NEUTRAL,2013-02-27,1515.989990234375,0.5405099081339596,POSITIVE,2013-02-28,1514.6800537109375,0.45363487145028525,POSITIVE,5.950895486440702,1597.5699462890625,STRONG_POSITIVE,1.531991199965998,-1.5140834950788218,True,Measured from the event-date reference close to subsequent trading-session closes.,True,True,2013-04-30
AMZN,Consumer Discretionary,2012-09-30,2012-10-25,-0.03,-0.08,0.05,62.5,62.5,LARGE_BEAT,True,,,,,UNKNOWN,True,True,True,Alpha Vantage EARNINGS,primary_event_data,PRIMARY_EVENT_DATA,False,False,False,True,2012-10-25,1412.969970703125,2012-10-26,1411.93994140625,-0.07289817322603358,NEUTRAL,2012-11-01,1427.5899658203125,1.0346996341268504,POSITIVE,2012-11-05,1417.260009765625,0.303618558883115,POSITIVE,2012-11-27,1398.93994140625,-0.9929460347903464,NEGATIVE,2012-11-28,1409.9300537109375,-0.21514377907654825,NEUTRAL,6.298080785828139,1501.9599609375,STRONG_POSITIVE,1.5074664904255273,-4.927209817668174,True,Measured from the event-date reference close to subsequent trading-session closes.,True,True,2013-01-30
AMZN,Consumer Discretionary,2012-06-30,2012-07-26,0.01,0.02,-0.01,-50.0,-50.0,LARGE_MISS,False,,,,,UNKNOWN,True,True,True,Alpha Vantage EARNINGS,primary_event_data,PRIMARY_EVENT_DATA,False,False,False,True,2012-07-26,1360.02001953125,2012-07-27,1385.969970703125,1.9080565579335378,POSITIVE,2012-07-31,1379.3199462890625,1.4190913722332184,POSITIVE,2012-08-02,1365.0,0.3661696443605602,POSITIVE,2012-08-23,1402.0799560546875,3.092596867650084,STRONG_POSITIVE,2012-08-24,1411.1300048828125,3.7580318390591247,STRONG_POSITIVE,3.5830340560387834,1408.75,STRONG_POSITIVE,4.9014009516317865,-0.39484676990551537,True,Measured from the event-date reference close to subsequent trading-session closes.,True,True,2012-10-24
AMZN,Consumer Discretionary,2012-03-31,2012-04-26,0.01,0.07,-0.06,-85.7143,-85.71428571428571,LARGE_MISS,False,,,,,UNKNOWN,True,True,True,Alpha Vantage EARNINGS,primary_event_data,PRIMARY_EVENT_DATA,False,False,False,True,2012-04-26,1399.97998046875,2012-04-27,1403.3599853515625,0.24143237260298434,NEUTRAL,2012-05-01,1405.8199462890625,0.4171463807901829,POSITIVE,2012-05-03,1391.5699462890625,-0.6007253172914373,NEGATIVE,2012-05-24,1320.6800537109375,-5.664361481173525,STRONG_NEGATIVE,2012-05-25,1317.8199462890625,-5.868657789819121,STRONG_NEGATIVE,-2.854323739980936,1360.02001953125,STRONG_NEGATIVE,1.0957275128445962,-7.7143960275659635,True,Measured from the event-date reference close to subsequent trading-session closes.,True,True,2012-07-26
AMZN,Consumer Discretionary,2011-12-31,2012-01-31,0.02,0.01,0.01,100.0,100.0,LARGE_BEAT,True,,,,,UNKNOWN,True,True,True,Alpha Vantage EARNINGS,primary_event_data,PRIMARY_EVENT_DATA,False,False,False,True,2012-01-31,1312.4100341796875,2012-02-01,1324.0899658203125,0.8899605562620875,POSITIVE,2012-02-03,1344.9000244140625,2.4755975181706558,STRONG_POSITIVE,2012-02-07,1347.050048828125,2.6394201313836336,STRONG_POSITIVE,2012-02-29,1365.6800537109375,4.058946376811729,STRONG_POSITIVE,2012-03-01,1374.0899658203125,4.699745508969504,STRONG_POSITIVE,7.117433551760384,1405.8199462890625,STRONG_POSITIVE,5.000724100973067,0.0030415031238655403,True,Measured from the event-date reference close to subsequent trading-session closes.,True,True,2012-05-01
AMZN,Consumer Discretionary,2011-09-30,2011-10-25,0.01,0.01,0.0,0.0,0.0,IN_LINE,False,,,,,UNKNOWN,True,True,True,Alpha Vantage EARNINGS,primary_event_data,PRIMARY_EVENT_DATA,False,False,False,True,2011-10-25,1229.050048828125,2011-10-26,1242.0,1.0536553156824269,POSITIVE,2011-10-28,1285.0899658203125,4.559612283130411,STRONG_POSITIVE,2011-11-01,1218.280029296875,-0.876288117112806,NEGATIVE,2011-11-22,1188.0400390625,-3.336724147623381,STRONG_NEGATIVE,2011-11-23,1161.7900390625,-5.472520002725364,STRONG_NEGATIVE,7.272283579341181,1318.4300537109375,STRONG_POSITIVE,5.175540687884384,-3.856639073344286,True,Measured from the event-date reference close to subsequent trading-session closes.,True,True,2012-01-26
AMZN,Consumer Discretionary,2011-06-30,2011-07-26,0.02,0.02,0.0,0.0,0.0,IN_LINE,False,,,,,UNKNOWN,True,True,True,Alpha Vantage EARNINGS,primary_event_data,PRIMARY_EVENT_DATA,False,False,False,True,2011-07-26,1331.93994140625,2011-07-27,1304.8900146484375,-2.030866851943297,STRONG_NEGATIVE,2011-07-29,1292.280029296875,-2.9776051364224747,STRONG_NEGATIVE,2011-08-02,1254.050048828125,-5.847853206946371,STRONG_NEGATIVE,2011-08-23,1162.3499755859375,-12.732553514482115,STRONG_NEGATIVE,2011-08-24,1177.5999755859375,-11.58760699505428,STRONG_NEGATIVE,-5.837350287574698,1254.18994140625,STRONG_NEGATIVE,-0.0022453885218671516,-17.29806991901571,True,Measured from the event-date reference close to subsequent trading-session closes.,True,True,2011-10-24
AMZN,Consumer Discretionary,2011-03-31,2011-04-26,0.02,0.03,-0.01,-33.3333,-33.33333333333333,LARGE_MISS,False,,,,,UNKNOWN,True,True,True,Alpha Vantage EARNINGS,primary_event_data,PRIMARY_EVENT_DATA,False,False,False,True,2011-04-26,1347.239990234375,2011-04-27,1355.6600341796875,0.6249847099511715,POSITIVE,2011-04-29,1363.6099853515625,1.2150763958795243,POSITIVE,2011-05-03,1356.6199951171875,0.6962386026843437,POSITIVE,2011-05-24,1316.280029296875,-2.2980286483415617,STRONG_NEGATIVE,2011-05-25,1320.469970703125,-1.9870267899777014,NEGATIVE,-1.1356587496681492,1331.93994140625,NEGATIVE,1.732428222847818,-2.5503982661311144,True,Measured from the event-date reference close to subsequent trading-session closes.,True,True,2011-07-26
AMZN,Consumer Discretionary,2010-12-31,2011-01-27,0.05,0.04,0.01,25.0,25.000000000000007,LARGE_BEAT,True,,,,,UNKNOWN,True,True,True,Alpha Vantage EARNINGS,primary_event_data,PRIMARY_EVENT_DATA,False,False,False,True,2011-01-27,1299.5400390625,2011-01-28,1276.3399658203125,-1.7852526697772424,NEGATIVE,2011-02-01,1307.5899658203125,0.6194443045879363,POSITIVE,2011-02-03,1307.0999755859375,0.5817394074976948,POSITIVE,2011-02-25,1319.8800048828125,1.565166536537492,POSITIVE,2011-02-28,1327.219970703125,2.129979131739069,STRONG_POSITIVE,4.689346966963221,1360.47998046875,STRONG_POSITIVE,3.4265898616472628,-1.8806702942522482,True,Measured from the event-date reference close to subsequent trading-session closes.,True,True,2011-04-28
AMZN,Consumer Discretionary,2010-09-30,2010-10-21,0.03,0.02,0.01,50.0,49.99999999999999,LARGE_BEAT,True,,,,,UNKNOWN,True,True,True,Alpha Vantage EARNINGS,primary_event_data,PRIMARY_EVENT_DATA,False,False,False,True,2010-10-21,1180.260009765625,2010-10-22,1183.0799560546875,0.238925852416408,NEUTRAL,2010-10-26,1185.6400146484375,0.45583217581699276,POSITIVE,2010-10-28,1183.780029296875,0.2982410233444241,POSITIVE,2010-11-18,1196.68994140625,1.3920603515057366,POSITIVE,2010-11-19,1199.72998046875,1.649634024878241,POSITIVE,8.734513155349898,1283.3499755859375,STRONG_POSITIVE,3.96691795889619,-0.7252688833751004,True,Measured from the event-date reference close to subsequent trading-session closes.,True,True,2011-01-21
AMZN,Consumer Discretionary,2010-06-30,2010-07-22,0.02,0.03,-0.01,-33.3333,-33.33333333333333,LARGE_MISS,False,,,,,UNKNOWN,True,True,True,Alpha Vantage EARNINGS,primary_event_data,PRIMARY_EVENT_DATA,False,False,False,True,2010-07-22,1093.6700439453125,2010-07-23,1102.6600341796875,0.8220020548377142,POSITIVE,2010-07-27,1113.8399658203125,1.8442419618844903,POSITIVE,2010-07-29,1101.530029296875,0.718679769559047,POSITIVE,2010-08-19,1075.6300048828125,-1.6494955825453759,NEGATIVE,2010-08-20,1071.68994140625,-2.0097562935683357,STRONG_NEGATIVE,7.726279097411696,1178.1700439453125,STRONG_POSITIVE,3.252347130286868,-2.2109093912557225,True,Measured from the event-date reference close to subsequent trading-session closes.,True,True,2010-10-20
AMZN,Consumer Discretionary,2010-03-31,2010-04-22,0.03,0.03,0.0,0.0,0.0,IN_LINE,False,,,,,UNKNOWN,True,True,True,Alpha Vantage EARNINGS,primary_event_data,PRIMARY_EVENT_DATA,False,False,False,True,2010-04-22,1208.6700439453125,2010-04-23,1217.280029296875,0.7123520099379635,POSITIVE,2010-04-27,1183.7099609375,-2.0650865910714873,STRONG_NEGATIVE,2010-04-29,1206.780029296875,-0.1563714313848764,NEUTRAL,2010-05-20,1071.5899658203125,-11.341397829100357,STRONG_NEGATIVE,2010-05-21,1087.68994140625,-10.009357238983279,STRONG_NEGATIVE,-9.514590071631103,1093.6700439453125,STRONG_NEGATIVE,0.9208472517844654,-11.821258051240099,True,Measured from the event-date reference close to subsequent trading-session closes.,True,True,2010-07-22
AMZN,Consumer Discretionary,2009-12-31,2010-01-28,0.04,0.04,0.0,0.0,0.0,IN_LINE,False,,,,,UNKNOWN,True,True,True,Alpha Vantage EARNINGS,primary_event_data,PRIMARY_EVENT_DATA,False,False,False,True,2010-01-28,1084.530029296875,2010-01-29,1073.8699951171875,-0.9829173828039264,NEGATIVE,2010-02-02,1103.3199462890625,1.7325400389668715,POSITIVE,2010-02-04,1063.1099853515625,-1.9750530982714782,NEGATIVE,2010-02-26,1104.489990234375,1.8404249212389707,POSITIVE,2010-03-01,1115.7099609375,2.874971720316462,STRONG_POSITIVE,11.27216367436662,1206.780029296875,STRONG_POSITIVE,2.5716221676701028,-3.6910023895629114,True,Measured from the event-date reference close to subsequent trading-session closes.,True,True,2010-04-29
AMZN,Consumer Discretionary,2009-09-30,2009-10-22,0.02,0.02,0.0,0.0,0.0,IN_LINE,False,,,,,UNKNOWN,True,True,True,Alpha Vantage EARNINGS,primary_event_data,PRIMARY_EVENT_DATA,False,False,False,True,2009-10-22,1092.9100341796875,2009-10-23,1079.5999755859375,-1.2178549173757212,NEGATIVE,2009-10-27,1063.4100341796875,-2.6992157705041113,STRONG_NEGATIVE,2009-10-29,1066.1099853515625,-2.4521733710900078,STRONG_NEGATIVE,2009-11-19,1094.9000244140625,0.18208179741607367,NEUTRAL,2009-11-20,1091.3800048828125,-0.13999590533757006,NEUTRAL,0.35410006278259004,1096.780029296875,POSITIVE,1.9013373998491476,-5.81292396538011,True,Measured from the event-date reference close to subsequent trading-session closes.,True,True,2010-01-25
AMZN,Consumer Discretionary,2009-06-30,2009-07-23,0.02,0.02,0.0,0.0,0.0,IN_LINE,False,,,,,UNKNOWN,True,True,True,Alpha Vantage EARNINGS,primary_event_data,PRIMARY_EVENT_DATA,False,False,False,True,2009-07-23,976.2899780273438,2009-07-24,979.260009765625,0.3042161453180528,POSITIVE,2009-07-28,979.6199951171875,0.34108893513095995,POSITIVE,2009-07-30,986.75,1.0714052390245152,POSITIVE,2009-08-20,1007.3699951171875,3.1834821404848292,STRONG_POSITIVE,2009-08-21,1026.1300048828125,5.105043376167162,STRONG_POSITIVE,10.766273213118536,1081.4000244140625,STRONG_POSITIVE,4.27229848829689,-1.059108057342252,True,Measured from the event-date reference close to subsequent trading-session closes.,True,True,2009-10-21
AMZN,Consumer Discretionary,2009-03-31,2009-04-23,0.02,0.02,0.0,0.0,0.0,IN_LINE,False,,,,,UNKNOWN,True,True,True,Alpha Vantage EARNINGS,primary_event_data,PRIMARY_EVENT_DATA,False,False,False,True,2009-04-23,851.9199829101562,2009-04-24,866.22998046875,1.6797349335216718,POSITIVE,2009-04-28,855.1599731445312,0.3803162620164399,POSITIVE,2009-04-30,872.8099975585938,2.4521099478236525,STRONG_POSITIVE,2009-05-21,888.3300170898438,4.273879579078651,STRONG_POSITIVE,2009-05-22,887.0,4.117759624561278,STRONG_POSITIVE,14.598788338353085,976.2899780273438,STRONG_POSITIVE,9.185134938694386,-0.5634317646326367,True,Measured from the event-date reference close to subsequent trading-session closes.,True,True,2009-07-23
AMZN,Consumer Discretionary,2008-12-31,2009-01-29,0.03,0.02,0.01,50.0,49.99999999999999,LARGE_BEAT,True,,,,,UNKNOWN,True,True,True,Alpha Vantage EARNINGS,primary_event_data,PRIMARY_EVENT_DATA,False,False,False,True,2009-01-29,845.1400146484375,2009-01-30,825.8800048828125,-2.278913485552664,STRONG_NEGATIVE,2009-02-03,838.510009765625,-0.7844859748559484,NEGATIVE,2009-02-05,845.8499755859375,0.08400512639261679,NEUTRAL,2009-02-27,735.0900268554688,-13.02150955883298,STRONG_NEGATIVE,2009-03-02,700.8200073242188,-17.076461275384432,STRONG_NEGATIVE,3.2740116939873505,872.8099975585938,STRONG_POSITIVE,3.534325034842051,-13.088954871365704,True,Measured from the event-date reference close to subsequent trading-session closes.,True,True,2009-04-30
AMZN,Consumer Discretionary,2008-09-30,2008-10-22,0.01,0.01,0.0,0.0,0.0,IN_LINE,False,,,,,UNKNOWN,True,True,True,Alpha Vantage EARNINGS,primary_event_data,PRIMARY_EVENT_DATA,False,False,False,True,2008-10-22,896.780029296875,2008-10-23,908.1099853515625,1.2634041442215,POSITIVE,2008-10-27,848.9199829101562,-5.336876917770311,STRONG_NEGATIVE,2008-10-29,930.0900268554688,3.7144000167700684,STRONG_POSITIVE,2008-11-19,806.5800170898438,-10.058209288821143,STRONG_NEGATIVE,2008-11-20,752.4400024414062,-16.095365880152272,STRONG_NEGATIVE,-7.229199466080223,831.9500122070312,STRONG_NEGATIVE,12.34750739883987,-10.102816037521395,True,Measured from the event-date reference close to subsequent trading-session closes.,True,True,2009-01-23
AMZN,Consumer Discretionary,2008-06-30,2008-07-23,0.02,0.01,0.01,100.0,100.0,LARGE_BEAT,True,,,,,UNKNOWN,True,True,True,Alpha Vantage EARNINGS,primary_event_data,PRIMARY_EVENT_DATA,False,False,False,True,2008-07-23,1282.18994140625,2008-07-24,1252.5400390625,-2.3124422822433996,STRONG_NEGATIVE,2008-07-28,1234.3699951171875,-3.7295524434246983,STRONG_NEGATIVE,2008-07-30,1284.260009765625,0.16144787075030703,NEUTRAL,2008-08-20,1274.5400390625,-0.5966278549463523,NEGATIVE,2008-08-21,1277.719970703125,-0.348620010091682,NEGATIVE,-25.51415691613431,955.0499877929688,STRONG_NEGATIVE,2.414625322505403,-3.7295524434246983,True,Measured from the event-date reference close to subsequent trading-session closes.,True,True,2008-10-21
AMZN,Consumer Discretionary,2008-03-31,2008-04-23,0.02,0.02,0.0,0.0,0.0,IN_LINE,False,,,,,UNKNOWN,True,True,True,Alpha Vantage EARNINGS,primary_event_data,PRIMARY_EVENT_DATA,False,False,False,True,2008-04-23,1379.9300537109375,2008-04-24,1388.8199462890625,0.6442277675030057,POSITIVE,2008-04-28,1396.3699951171875,1.1913604868623129,POSITIVE,2008-04-30,1385.5899658203125,0.41015934787087527,POSITIVE,2008-05-21,1390.7099609375,0.7811922928682467,POSITIVE,2008-05-22,1394.3499755859375,1.0449748402987264,POSITIVE,-7.082975839379879,1282.18994140625,STRONG_NEGATIVE,4.370506777589974,-0.6406185492411043,True,Measured from the event-date reference close to subsequent trading-session closes.,True,True,2008-07-23
AMZN,Consumer Discretionary,2007-12-31,2008-01-30,0.02,0.02,0.0,0.0,0.0,IN_LINE,False,,,,,UNKNOWN,True,True,True,Alpha Vantage EARNINGS,primary_event_data,PRIMARY_EVENT_DATA,False,False,False,True,2008-01-30,1355.81005859375,2008-01-31,1378.550048828125,1.6772253672436226,POSITIVE,2008-02-04,1380.8199462890625,1.8446453864822945,POSITIVE,2008-02-06,1326.449951171875,-2.165502994743038,STRONG_NEGATIVE,2008-02-28,1367.6800537109375,0.8754910056869686,POSITIVE,2008-02-29,1330.6300048828125,-1.857196260739821,NEGATIVE,2.19646601954335,1385.5899658203125,STRONG_POSITIVE,2.9657517793610326,-2.8809388414084496,True,Measured from the event-date reference close to subsequent trading-session closes.,True,True,2008-04-30
AMZN,Consumer Discretionary,2007-09-30,2007-10-23,0.01,0.01,0.0,0.0,0.0,IN_LINE,False,,,,,UNKNOWN,True,True,True,Alpha Vantage EARNINGS,primary_event_data,PRIMARY_EVENT_DATA,False,False,False,True,2007-10-23,1519.5899658203125,2007-10-24,1515.8800048828125,-0.24414223711310643,NEUTRAL,2007-10-26,1535.280029296875,1.0325195499756155,POSITIVE,2007-10-30,1531.02001953125,0.7521801254305646,POSITIVE,2007-11-20,1439.699951171875,-5.257340232916771,STRONG_NEGATIVE,2007-11-21,1416.77001953125,-6.7662954219073,STRONG_NEGATIVE,-11.024027750855707,1352.0699462890625,STRONG_NEGATIVE,2.1828285716144804,-6.601118642507467,True,Measured from the event-date reference close to subsequent trading-session closes.,True,True,2008-01-24
AMZN,Consumer Discretionary,2007-06-30,2007-07-24,0.01,0.01,0.0,0.0,0.0,IN_LINE,False,,,,,UNKNOWN,True,True,True,Alpha Vantage EARNINGS,primary_event_data,PRIMARY_EVENT_DATA,False,False,False,True,2007-07-24,1511.0400390625,2007-07-25,1518.0899658203125,0.46656121449875754,POSITIVE,2007-07-27,1458.949951171875,-3.4473003060159435,STRONG_NEGATIVE,2007-07-31,1455.27001953125,-3.6908366482367727,STRONG_NEGATIVE,2007-08-21,1447.1199951171875,-4.2302018671173425,STRONG_NEGATIVE,2007-08-22,1464.0699462890625,-3.1084611631191006,STRONG_NEGATIVE,-0.3117113303453424,1506.3299560546875,NEGATIVE,0.878204361777413,-9.294264866978391,True,Measured from the event-date reference close to subsequent trading-session closes.,True,True,2007-10-22
AMZN,Consumer Discretionary,2007-03-31,2007-04-24,0.01,0.01,0.0,0.0,0.0,IN_LINE,False,,,,,UNKNOWN,True,True,True,Alpha Vantage EARNINGS,primary_event_data,PRIMARY_EVENT_DATA,False,False,False,True,2007-04-24,1480.4100341796875,2007-04-25,1495.4200439453125,1.0139089454322852,POSITIVE,2007-04-27,1494.0699462890625,0.922711397112633,POSITIVE,2007-05-01,1486.300048828125,0.3978637345363054,POSITIVE,2007-05-22,1524.1199951171875,2.952557732541998,STRONG_POSITIVE,2007-05-23,1522.280029296875,2.828270151545423,STRONG_POSITIVE,2.0690217018006734,1511.0400390625,STRONG_POSITIVE,3.3409636381522057,-0.2506118522675578,True,Measured from the event-date reference close to subsequent trading-session closes.,True,True,2007-07-24
AMZN,Consumer Discretionary,2006-12-31,2007-02-01,0.01,0.01,0.0,0.0,0.0,IN_LINE,False,,,,,UNKNOWN,True,True,True,Alpha Vantage EARNINGS,primary_event_data,PRIMARY_EVENT_DATA,False,False,False,True,2007-02-01,1445.93994140625,2007-02-02,1448.3900146484375,0.169445021333644,NEUTRAL,2007-02-06,1448.0,0.14247193363691776,NEUTRAL,2007-02-08,1448.31005859375,0.16391532729879088,NEUTRAL,2007-03-02,1387.1700439453125,-4.064477076674485,STRONG_NEGATIVE,2007-03-05,1374.1199951171875,-4.967007565972205,STRONG_NEGATIVE,3.904039969135021,1502.3900146484375,STRONG_POSITIVE,1.0809580975826372,-4.500183197497033,True,Measured from the event-date reference close to subsequent trading-session closes.,True,True,2007-05-03
AMZN,Consumer Discretionary,2006-09-30,2006-10-24,0.05,0.03,0.02,66.6667,66.66666666666669,LARGE_BEAT,True,,,,,UNKNOWN,True,True,True,Alpha Vantage EARNINGS,primary_event_data,PRIMARY_EVENT_DATA,False,False,False,True,2006-10-24,1377.3800048828125,2006-10-25,1382.219970703125,0.35138929004013564,POSITIVE,2006-10-27,1377.3399658203125,-0.0029069002278283053,NEUTRAL,2006-10-31,1377.93994140625,0.040652290686123284,NEUTRAL,2006-11-21,1402.81005859375,1.8462627322008416,POSITIVE,2006-11-22,1406.0899658203125,2.084389263364008,STRONG_POSITIVE,3.2525554799190357,1422.1800537109375,STRONG_POSITIVE,1.9595166285771157,-1.1906681058186128,True,Measured from the event-date reference close to subsequent trading-session closes.,True,True,2007-01-26
AMZN,Consumer Discretionary,2006-06-30,2006-07-25,0.05,0.06,-0.01,-16.6667,-16.66666666666666,LARGE_MISS,False,,,,,UNKNOWN,True,True,True,Alpha Vantage EARNINGS,primary_event_data,PRIMARY_EVENT_DATA,False,False,False,True,2006-07-25,1268.8800048828125,2006-07-26,1268.4000244140625,-0.03782709688094807,NEUTRAL,2006-07-28,1278.550048828125,0.7620928620595276,POSITIVE,2006-08-01,1270.9200439453125,0.16077478206368365,NEUTRAL,2006-08-22,1298.8199462890625,2.359556560985852,STRONG_POSITIVE,2006-08-23,1292.989990234375,1.9000997146132175,POSITIVE,8.522477636364423,1377.02001953125,STRONG_POSITIVE,2.64879147139422,-0.597373748937556,True,Measured from the event-date reference close to subsequent trading-session closes.,True,True,2006-10-23
AMZN,Consumer Discretionary,2006-03-31,2006-04-25,0.01,0.01,0.0,0.0,0.0,IN_LINE,False,,,,,UNKNOWN,True,True,True,Alpha Vantage EARNINGS,primary_event_data,PRIMARY_EVENT_DATA,False,False,False,True,2006-04-25,1301.739990234375,2006-04-26,1305.4100341796875,0.28193371739710615,POSITIVE,2006-04-28,1310.6099853515625,0.6813953004232803,POSITIVE,2006-05-02,1313.2099609375,0.8811260919363675,POSITIVE,2006-05-23,1256.5799560546875,-3.4692054111018398,STRONG_NEGATIVE,2006-05-24,1258.5699462890625,-3.3163338507822786,STRONG_NEGATIVE,-2.5243125046535706,1268.8800048828125,STRONG_NEGATIVE,1.9174306024819918,-3.7457564591563233,True,Measured from the event-date reference close to subsequent trading-session closes.,True,True,2006-07-25
AMZN,Consumer Discretionary,2005-12-31,2006-02-02,0.01,0.01,0.0,0.0,0.0,IN_LINE,False,,,,,UNKNOWN,True,True,True,Alpha Vantage EARNINGS,primary_event_data,PRIMARY_EVENT_DATA,False,False,False,True,2006-02-02,1270.8399658203125,2006-02-03,1264.030029296875,-0.535861060919796,NEGATIVE,2006-02-07,1254.780029296875,-1.2637261146466225,NEGATIVE,2006-02-09,1263.780029296875,-0.5555330893988994,NEGATIVE,2006-03-03,1287.22998046875,1.2896993397479386,POSITIVE,2006-03-06,1278.260009765625,0.5838692632335455,POSITIVE,3.2584774868138338,1312.25,STRONG_POSITIVE,2.1033317481085123,-1.3557946659025826,True,Measured from the event-date reference close to subsequent trading-session closes.,True,True,2006-05-04
AMZN,Consumer Discretionary,2005-09-30,2005-10-25,0.01,0.01,0.0,0.0,0.0,IN_LINE,False,,,,,UNKNOWN,True,True,True,Alpha Vantage EARNINGS,primary_event_data,PRIMARY_EVENT_DATA,False,False,False,True,2005-10-25,1196.5400390625,2005-10-26,1191.3800048828125,-0.431246260988511,NEGATIVE,2005-10-28,1198.4100341796875,0.1562835388820468,NEUTRAL,2005-11-01,1202.760009765625,0.5198297173572565,POSITIVE,2005-11-22,1261.22998046875,5.406416776235516,STRONG_POSITIVE,2005-11-23,1265.6099853515625,5.77247263227225,STRONG_POSITIVE,6.459450956003517,1273.8299560546875,STRONG_POSITIVE,5.46241523206968,-1.475088491638897,True,Measured from the event-date reference close to subsequent trading-session closes.,True,True,2006-01-26
AMZN,Consumer Discretionary,2005-06-30,2005-07-26,0.01,0.01,0.0,0.0,0.0,IN_LINE,False,,,,,UNKNOWN,True,True,True,Alpha Vantage EARNINGS,primary_event_data,PRIMARY_EVENT_DATA,False,False,False,True,2005-07-26,1231.1600341796875,2005-07-27,1236.7900390625,0.4572926935988244,POSITIVE,2005-07-29,1234.1800537109375,0.24529869776533283,NEUTRAL,2005-08-02,1244.1199951171875,1.0526625765703255,POSITIVE,2005-08-23,1217.5899658203125,-1.1022180693525057,NEGATIVE,2005-08-24,1209.5899658203125,-1.752011741816081,NEGATIVE,-2.5813077434770526,1199.3800048828125,STRONG_NEGATIVE,1.1939919071259866,-1.3580763108979548,True,Measured from the event-date reference close to subsequent trading-session closes.,True,True,2005-10-24
AMZN,Consumer Discretionary,2005-03-31,2005-04-26,0.01,0.01,0.0,0.0,0.0,IN_LINE,False,,,,,UNKNOWN,True,True,True,Alpha Vantage EARNINGS,primary_event_data,PRIMARY_EVENT_DATA,False,False,False,True,2005-04-26,1151.8299560546875,2005-04-27,1156.3800048828125,0.39502782543615045,POSITIVE,2005-04-29,1156.8499755859375,0.43582991611408095,POSITIVE,2005-05-03,1161.1700439453125,0.8108912119821222,POSITIVE,2005-05-24,1194.0699462890625,3.6672071265673436,STRONG_POSITIVE,2005-05-25,1190.010009765625,3.3147300528381773,STRONG_POSITIVE,6.887308122869615,1231.1600341796875,STRONG_POSITIVE,3.9597846115921813,-1.0973854762149775,True,Measured from the event-date reference close to subsequent trading-session closes.,True,True,2005-07-26
AMZN,Consumer Discretionary,2004-12-31,2005-02-02,0.02,0.02,0.0,0.0,0.0,IN_LINE,False,,,,,UNKNOWN,True,True,True,Alpha Vantage EARNINGS,primary_event_data,PRIMARY_EVENT_DATA,False,False,False,True,2005-02-02,1193.18994140625,2005-02-03,1189.8900146484375,-0.2765634073250171,NEGATIVE,2005-02-07,1201.719970703125,0.7148928264364867,POSITIVE,2005-02-09,1191.989990234375,-0.10056665164816772,NEUTRAL,2005-03-03,1210.469970703125,1.4482211672442855,POSITIVE,2005-03-04,1222.1199951171875,2.42459751855112,STRONG_POSITIVE,-1.4700020829471288,1175.6500244140625,NEGATIVE,1.8940905275830897,-0.7567870724689635,True,Measured from the event-date reference close to subsequent trading-session closes.,True,True,2005-05-04
AMZN,Consumer Discretionary,2004-09-30,2004-10-21,0.01,0.01,0.0,0.0,0.0,IN_LINE,False,,,,,UNKNOWN,True,True,True,Alpha Vantage EARNINGS,primary_event_data,PRIMARY_EVENT_DATA,False,False,False,True,2004-10-21,1106.489990234375,2004-10-22,1095.739990234375,-0.9715406460860032,NEGATIVE,2004-10-26,1111.0899658203125,0.4157268142085172,POSITIVE,2004-10-28,1127.43994140625,1.8933701485575494,POSITIVE,2004-11-18,1183.550048828125,6.9643701501020585,STRONG_POSITIVE,2004-11-19,1170.3399658203125,5.7704973519383485,STRONG_POSITIVE,5.54727159075439,1167.8699951171875,STRONG_POSITIVE,7.408107748517658,-1.4640847467986178,True,Measured from the event-date reference close to subsequent trading-session closes.,True,True,2005-01-21
AMZN,Consumer Discretionary,2004-06-30,2004-07-22,0.01,0.01,0.0,0.0,0.0,IN_LINE,False,,,,,UNKNOWN,True,True,True,Alpha Vantage EARNINGS,primary_event_data,PRIMARY_EVENT_DATA,False,False,False,True,2004-07-22,1096.8399658203125,2004-07-23,1086.199951171875,-0.9700608092339132,NEGATIVE,2004-07-27,1094.8299560546875,-0.1832546067120867,NEUTRAL,2004-07-29,1100.4300537109375,0.3273119144541765,POSITIVE,2004-08-19,1091.22998046875,-0.5114679922669361,NEGATIVE,2004-08-20,1098.3499755859375,0.13766910512744518,NEUTRAL,0.621792474007305,1103.6600341796875,POSITIVE,1.072171887612596,-3.293096189303589,True,Measured from the event-date reference close to subsequent trading-session closes.,True,True,2004-10-20
AMZN,Consumer Discretionary,2004-03-31,2004-04-22,0.01,0.01,0.0,0.0,0.0,IN_LINE,False,,,,,UNKNOWN,True,True,True,Alpha Vantage EARNINGS,primary_event_data,PRIMARY_EVENT_DATA,False,False,False,True,2004-04-22,1139.9300537109375,2004-04-23,1140.5999755859375,0.05876868258882473,NEUTRAL,2004-04-27,1138.1099853515625,-0.1596649157068835,NEUTRAL,2004-04-29,1113.8900146484375,-2.284354112581649,STRONG_NEGATIVE,2004-05-20,1089.18994140625,-4.45116015140646,STRONG_NEGATIVE,2004-05-21,1093.56005859375,-4.067793016442916,STRONG_NEGATIVE,-4.713456090060008,1086.199951171875,STRONG_NEGATIVE,0.5816150614881264,-5.580176363874094,True,Measured from the event-date reference close to subsequent trading-session closes.,True,True,2004-07-23
AMZN,Consumer Discretionary,2003-12-31,2004-01-27,0.01,0.01,0.0,0.0,0.0,IN_LINE,False,,,,,UNKNOWN,True,True,True,Alpha Vantage EARNINGS,primary_event_data,PRIMARY_EVENT_DATA,False,False,False,True,2004-01-27,1144.050048828125,2004-01-28,1128.47998046875,-1.360960420859538,NEGATIVE,2004-01-30,1131.1300048828125,-1.1293250639293952,NEGATIVE,2004-02-03,1136.030029296875,-0.7010199894196131,NEGATIVE,2004-02-25,1143.6700439453125,-0.03321575688071926,NEUTRAL,2004-02-26,1144.9100341796875,0.07517025609529945,NEUTRAL,-0.519213602818079,1138.1099853515625,NEGATIVE,1.3050068618866848,-1.8941517434057709,True,Measured from the event-date reference close to subsequent trading-session closes.,True,True,2004-04-27
AMZN,Consumer Discretionary,2003-09-30,2003-10-21,0.01,0.1,-0.09,-90.0,-90.0,LARGE_MISS,False,,,,,UNKNOWN,True,True,True,Alpha Vantage EARNINGS,primary_event_data,PRIMARY_EVENT_DATA,False,False,False,True,2003-10-21,1046.030029296875,2003-10-22,1030.3599853515625,-1.498049148344781,NEGATIVE,2003-10-24,1028.9100341796875,-1.6366638277770376,NEGATIVE,2003-10-28,1046.7900390625,0.07265659152594947,NEUTRAL,2003-11-18,1034.1500244140625,-1.1357231198035542,NEGATIVE,2003-11-19,1042.43994140625,-0.34321078650468584,NEGATIVE,9.360143530027385,1143.93994140625,STRONG_POSITIVE,1.6844636027353235,-2.6490656287642618,True,Measured from the event-date reference close to subsequent trading-session closes.,True,True,2004-01-22
AMZN,Consumer Discretionary,2003-06-30,2003-07-22,0.01,0.06,-0.05,-83.3333,-83.33333333333333,LARGE_MISS,False,,,,,UNKNOWN,True,True,True,Alpha Vantage EARNINGS,primary_event_data,PRIMARY_EVENT_DATA,False,False,False,True,2003-07-22,988.1099853515625,2003-07-23,988.6099853515625,0.05060165441219619,NEUTRAL,2003-07-25,998.6799926757812,1.0697197155089992,POSITIVE,2003-07-29,989.280029296875,0.11841231873557138,NEUTRAL,2003-08-19,1002.3499755859375,1.4411341293457847,POSITIVE,2003-08-20,1000.2999877929688,1.2336685816477337,POSITIVE,5.725078098390815,1044.6800537109375,STRONG_POSITIVE,1.6678347297586278,-2.7598100313085383,True,Measured from the event-date reference close to subsequent trading-session closes.,True,True,2003-10-20
AMZN,Consumer Discretionary,2003-03-31,2003-04-24,0.01,0.04,-0.03,-75.0,-75.0,LARGE_MISS,False,,,,,UNKNOWN,True,True,True,Alpha Vantage EARNINGS,primary_event_data,PRIMARY_EVENT_DATA,False,False,False,True,2003-04-24,911.4299926757812,2003-04-25,898.8099975585938,-1.3846368035506105,NEGATIVE,2003-04-29,917.8400268554688,0.7032941894822756,POSITIVE,2003-05-01,916.2999877929688,0.5343246498713676,POSITIVE,2003-05-22,931.8699951171875,2.242629999633694,STRONG_POSITIVE,2003-05-23,933.219970703125,2.3907462122650376,STRONG_POSITIVE,7.698888940899434,981.5999755859375,STRONG_POSITIVE,4.083696173856477,-1.5261702222124898,True,Measured from the event-date reference close to subsequent trading-session closes.,True,True,2003-07-24
AMZN,Consumer Discretionary,2002-12-31,2003-01-23,0.01,0.01,0.0,0.0,0.0,IN_LINE,False,,,,,UNKNOWN,True,True,True,Alpha Vantage EARNINGS,primary_event_data,PRIMARY_EVENT_DATA,False,False,False,True,2003-01-23,887.3400268554688,2003-01-24,861.4000244140625,-2.9233441134546494,STRONG_NEGATIVE,2003-01-28,858.5399780273438,-3.2456609593264742,STRONG_NEGATIVE,2003-01-30,844.6099853515625,-4.815520568291256,STRONG_NEGATIVE,2003-02-21,848.1699829101562,-4.414321766157921,STRONG_NEGATIVE,2003-02-24,832.5800170898438,-6.171254322841946,STRONG_NEGATIVE,2.7148517018534437,911.4299926757812,STRONG_POSITIVE,0.0,-9.134046292867904,True,Measured from the event-date reference close to subsequent trading-session closes.,True,True,2003-04-24
AMZN,Consumer Discretionary,2002-09-30,2002-10-24,-0.0924,-0.04,-0.0524,-131.0,-130.99999999999997,LARGE_MISS,False,,,,,UNKNOWN,True,True,True,Alpha Vantage EARNINGS,primary_event_data,PRIMARY_EVENT_DATA,False,False,False,True,2002-10-24,882.5,2002-10-25,897.6500244140625,1.716716647485836,POSITIVE,2002-10-29,882.1500244140625,-0.03965729019121813,NEUTRAL,2002-10-31,885.760009765625,0.36940620573654387,POSITIVE,2002-11-21,933.760009765625,5.8084996901558075,STRONG_POSITIVE,2002-11-22,930.5499877929688,5.4447578235658645,STRONG_POSITIVE,-3.9682741678470252,847.47998046875,STRONG_NEGATIVE,5.963739930063739,-1.6532608334808783,True,Measured from the event-date reference close to subsequent trading-session closes.,True,True,2003-01-27
AMZN,Consumer Discretionary,2002-06-30,2002-07-23,-0.01,-0.01,0.0,0.0,0.0,IN_LINE,False,,,,,UNKNOWN,True,True,True,Alpha Vantage EARNINGS,primary_event_data,PRIMARY_EVENT_DATA,False,False,False,True,2002-07-23,797.7000122070312,2002-07-24,843.4299926757812,5.73272906718741,STRONG_POSITIVE,2002-07-26,852.8400268554688,6.912374803139245,STRONG_POSITIVE,2002-07-30,902.780029296875,13.17287394782837,STRONG_POSITIVE,2002-08-20,937.4299926757812,17.516607537983234,STRONG_POSITIVE,2002-08-21,949.3599853515625,19.012156302333132,STRONG_POSITIVE,12.789263750144709,899.719970703125,STRONG_POSITIVE,19.239058337044895,-2.7604386604340467,True,Measured from the event-date reference close to subsequent trading-session closes.,True,True,2002-10-21
AMZN,Consumer Discretionary,2002-03-31,2002-04-23,-0.01,-0.01,0.0,0.0,0.0,IN_LINE,False,,,,,UNKNOWN,True,True,True,Alpha Vantage EARNINGS,primary_event_data,PRIMARY_EVENT_DATA,False,False,False,True,2002-04-23,1100.9599609375,2002-04-24,1093.1400146484375,-0.7102843487971701,NEGATIVE,2002-04-26,1076.3199462890625,-2.2380482054457094,STRONG_NEGATIVE,2002-04-30,1076.9200439453125,-2.1835414406639093,STRONG_NEGATIVE,2002-05-21,1079.8800048828125,-1.9146887082739408,NEGATIVE,2002-05-22,1086.02001953125,-1.35699225551565,NEGATIVE,-27.5450479118454,797.7000122070312,STRONG_NEGATIVE,0.6812236835219264,-4.723150872418691,True,Measured from the event-date reference close to subsequent trading-session closes.,True,True,2002-07-23
AMZN,Consumer Discretionary,2001-12-31,2002-01-22,0.09,-0.07,0.16,228.5714,228.57142857142856,LARGE_BEAT,True,,,,,UNKNOWN,True,True,True,Alpha Vantage EARNINGS,primary_event_data,PRIMARY_EVENT_DATA,False,False,False,True,2002-01-22,1119.31005859375,2002-01-23,1128.1800537109375,0.7924520153362471,POSITIVE,2002-01-25,1133.280029296875,1.2480876586310885,POSITIVE,2002-01-29,1100.6400146484375,-1.6679957266504593,NEGATIVE,2002-02-20,1097.97998046875,-1.9056451750105896,NEGATIVE,2002-02-21,1080.949951171875,-3.4271207631305383,STRONG_NEGATIVE,-1.6394114852594306,1100.9599609375,NEGATIVE,1.8037845055744177,-4.01587325130096,True,Measured from the event-date reference close to subsequent trading-session closes.,True,True,2002-04-23
AMZN,Consumer Discretionary,2001-09-30,2001-10-23,-0.01,-0.01,0.0,0.0,0.0,IN_LINE,False,,,,,UNKNOWN,True,True,True,Alpha Vantage EARNINGS,primary_event_data,PRIMARY_EVENT_DATA,False,False,False,True,2001-10-23,1084.780029296875,2001-10-24,1085.199951171875,0.03871032501143867,NEUTRAL,2001-10-26,1104.6099853515625,1.8280163276549937,POSITIVE,2001-10-30,1059.7900390625,-2.3036919522359605,STRONG_NEGATIVE,2001-11-20,1142.6600341796875,5.335644399752524,STRONG_POSITIVE,2001-11-21,1137.030029296875,4.8166447195628255,STRONG_POSITIVE,4.3667834803237895,1132.1500244140625,STRONG_POSITIVE,6.238123863587516,-2.8733976569900608,True,Measured from the event-date reference close to subsequent trading-session closes.,True,True,2002-01-24
AMZN,Consumer Discretionary,2001-06-30,2001-07-23,-0.01,-0.01,0.0,0.0,0.0,IN_LINE,False,,,,,UNKNOWN,True,True,True,Alpha Vantage EARNINGS,primary_event_data,PRIMARY_EVENT_DATA,False,False,False,True,2001-07-23,1191.030029296875,2001-07-24,1171.6500244140625,-1.6271634136927253,NEGATIVE,2001-07-26,1202.9300537109375,0.9991372275548487,POSITIVE,2001-07-30,1204.52001953125,1.1326322512908276,POSITIVE,2001-08-20,1171.4100341796875,-1.647313219194832,NEGATIVE,2001-08-21,1157.260009765625,-2.835362560185501,STRONG_NEGATIVE,-7.635413149931157,1100.0899658203125,STRONG_NEGATIVE,2.958782681170427,-2.9352814075100353,True,Measured from the event-date reference close to subsequent trading-session closes.,True,True,2001-10-25
AMZN,Consumer Discretionary,2001-03-31,2001-04-24,-0.01,-0.01,0.0,0.0,0.0,IN_LINE,False,,,,,UNKNOWN,True,True,True,Alpha Vantage EARNINGS,primary_event_data,PRIMARY_EVENT_DATA,False,False,False,True,2001-04-24,1209.469970703125,2001-04-25,1228.75,1.5940891269641495,POSITIVE,2001-04-27,1253.050048828125,3.6032377140926233,STRONG_POSITIVE,2001-05-01,1266.43994140625,4.710325355990899,STRONG_POSITIVE,2001-05-22,1309.3800048828125,8.260646117704338,STRONG_POSITIVE,2001-05-23,1289.050048828125,6.579748158504187,STRONG_POSITIVE,-3.1269851426799695,1171.6500244140625,STRONG_NEGATIVE,8.802209694046555,-0.1728001414617594,True,Measured from the event-date reference close to subsequent trading-session closes.,True,True,2001-07-24
AMZN,Consumer Discretionary,2000-12-31,2001-01-30,-0.01,-0.01,0.0,0.0,0.0,IN_LINE,False,,,,,UNKNOWN,True,True,True,Alpha Vantage EARNINGS,primary_event_data,PRIMARY_EVENT_DATA,False,False,False,True,2001-01-30,1373.72998046875,2001-01-31,1366.010009765625,-0.5619714800495771,NEGATIVE,2001-02-02,1349.469970703125,-1.7659955093465236,NEGATIVE,2001-02-06,1352.260009765625,-1.5628959845368537,NEGATIVE,2001-02-28,1239.93994140625,-9.73918025847027,STRONG_NEGATIVE,2001-03-01,1241.22998046875,-9.645272497786484,STRONG_NEGATIVE,-7.810125758912974,1266.43994140625,STRONG_NEGATIVE,0.7017401371081742,-11.522645739193054,True,Measured from the event-date reference close to subsequent trading-session closes.,True,True,2001-05-01
AMZN,Consumer Discretionary,2000-09-30,2000-10-24,-0.01,-0.01,0.0,0.0,0.0,IN_LINE,False,,,,,UNKNOWN,True,True,True,Alpha Vantage EARNINGS,primary_event_data,PRIMARY_EVENT_DATA,False,False,False,True,2000-10-24,1398.1300048828125,2000-10-25,1364.9000244140625,-2.3767446770112945,STRONG_NEGATIVE,2000-10-27,1379.5799560546875,-1.3267756763205876,NEGATIVE,2000-10-31,1429.4000244140625,2.23656022129866,STRONG_POSITIVE,2000-11-21,1347.3499755859375,-3.63199624638134,STRONG_NEGATIVE,2000-11-22,1322.3599853515625,-5.419382980597776,STRONG_NEGATIVE,-2.90530887509221,1357.510009765625,STRONG_NEGATIVE,2.8845640901661254,-4.971641372609777,True,Measured from the event-date reference close to subsequent trading-session closes.,True,True,2001-01-25
AMZN,Consumer Discretionary,2000-06-30,2000-07-26,-0.02,-0.02,0.0,0.0,0.0,IN_LINE,False,,,,,UNKNOWN,True,True,True,Alpha Vantage EARNINGS,primary_event_data,PRIMARY_EVENT_DATA,False,False,False,True,2000-07-26,1452.4200439453125,2000-07-27,1449.6199951171875,-0.19278505827549908,NEUTRAL,2000-07-31,1430.8299560546875,-1.4864906320060345,NEGATIVE,2000-08-02,1438.699951171875,-0.9446367000119766,NEGATIVE,2000-08-23,1505.969970703125,3.686944901445384,STRONG_POSITIVE,2000-08-24,1508.31005859375,3.8480613704985407,STRONG_POSITIVE,-3.7379020820332447,1398.1300048828125,STRONG_NEGATIVE,3.857693059258839,-2.6528158611893793,True,Measured from the event-date reference close to subsequent trading-session closes.,True,True,2000-10-24
AMZN,Consumer Discretionary,2000-03-31,2000-04-26,-0.02,-0.02,0.0,0.0,0.0,IN_LINE,False,,,,,UNKNOWN,True,True,True,Alpha Vantage EARNINGS,primary_event_data,PRIMARY_EVENT_DATA,False,False,False,True,2000-04-26,1460.989990234375,2000-04-27,1464.9200439453125,0.26899935914735684,POSITIVE,2000-05-01,1468.25,0.4969239908659699,POSITIVE,2000-05-03,1415.0999755859375,-3.1410218382862247,STRONG_NEGATIVE,2000-05-24,1399.050048828125,-4.2395869800800945,STRONG_NEGATIVE,2000-05-25,1381.52001953125,-5.439460313508121,STRONG_NEGATIVE,-0.5865848737052396,1452.4200439453125,NEGATIVE,1.4045284135011862,-6.837830860020905,True,Measured from the event-date reference close to subsequent trading-session closes.,True,True,2000-07-26
AMZN,Consumer Discretionary,1999-12-31,2000-02-02,-0.03,-0.02,-0.01,-50.0,-49.99999999999999,LARGE_MISS,False,,,,,UNKNOWN,True,True,True,Alpha Vantage EARNINGS,primary_event_data,PRIMARY_EVENT_DATA,False,False,False,True,2000-02-02,1409.1199951171875,2000-02-03,1424.969970703125,1.1248137590027851,POSITIVE,2000-02-07,1424.239990234375,1.0730097628009365,POSITIVE,2000-02-09,1411.7099609375,0.1838002320091348,NEUTRAL,2000-03-02,1381.760009765625,-1.941636301121903,NEGATIVE,2000-03-03,1409.1700439453125,0.0035517790038056877,NEUTRAL,0.4243769508254464,1415.0999755859375,POSITIVE,2.5143390082965227,-5.964719052981367,True,Measured from the event-date reference close to subsequent trading-session closes.,True,True,2000-05-03
AMZN,Consumer Discretionary,1999-09-30,1999-10-27,-0.01,-0.01,0.0,0.0,0.0,IN_LINE,False,,,,,UNKNOWN,True,True,True,Alpha Vantage EARNINGS,primary_event_data,PRIMARY_EVENT_DATA,False,False,False,True,1999-10-27,1296.7099609375,1999-10-28,1342.43994140625,3.526615962422929,STRONG_POSITIVE,1999-11-01,1354.1199951171875,4.427361237988871,STRONG_POSITIVE,1999-11-03,1354.9300537109375,4.4898315372965385,STRONG_POSITIVE,1999-11-24,1417.0799560546875,9.282723102563505,STRONG_POSITIVE,1999-11-26,1416.6199951171875,9.2472517210398,STRONG_POSITIVE,7.8545010622586755,1398.56005859375,STRONG_POSITIVE,9.917414189004473,0.0,True,Measured from the event-date reference close to subsequent trading-session closes.,True,True,2000-01-27
AMZN,Consumer Discretionary,1999-06-30,1999-07-21,-0.01,-0.01,0.0,0.0,0.0,IN_LINE,False,,,,,UNKNOWN,True,True,True,Alpha Vantage EARNINGS,primary_event_data,PRIMARY_EVENT_DATA,False,False,False,True,1999-07-21,1379.2900390625,1999-07-22,1360.969970703125,-1.3282245097504732,NEGATIVE,1999-07-26,1347.760009765625,-2.2859607772057777,STRONG_NEGATIVE,1999-07-28,1365.4000244140625,-1.0070408873450944,NEGATIVE,1999-08-18,1332.8399658203125,-3.3676798879631944,STRONG_NEGATIVE,1999-08-19,1323.5899658203125,-4.0383147608349805,STRONG_NEGATIVE,-8.552957639976976,1261.3199462890625,STRONG_NEGATIVE,0.0,-8.088223320279837,True,Measured from the event-date reference close to subsequent trading-session closes.,True,True,1999-10-19
AMZN,Consumer Discretionary,1999-03-31,1999-04-28,-0.01,-0.01,0.0,0.0,0.0,IN_LINE,False,,,,,UNKNOWN,True,True,True,Alpha Vantage EARNINGS,primary_event_data,PRIMARY_EVENT_DATA,False,False,False,True,1999-04-28,1350.9100341796875,1999-04-29,1342.8299560546875,-0.5981211124770764,NEGATIVE,1999-05-03,1354.6300048828125,0.2753677601768556,POSITIVE,1999-05-05,1347.31005859375,-0.2664852206922507,NEGATIVE,1999-05-26,1304.760009765625,-3.4162174568557524,STRONG_NEGATIVE,1999-05-27,1281.4100341796875,-5.144680122403743,STRONG_NEGATIVE,1.072609564498035,1365.4000244140625,POSITIVE,1.8557820768786955,-5.365270716399852,True,Measured from the event-date reference close to subsequent trading-session closes.,True,True,1999-07-28
AMZN,Consumer Discretionary,1998-12-31,1999-01-26,-0.07,-0.09,0.02,22.2222,22.22222222222221,LARGE_BEAT,True,,,,,UNKNOWN,True,True,True,Alpha Vantage EARNINGS,primary_event_data,PRIMARY_EVENT_DATA,False,False,False,True,1999-01-26,1252.31005859375,1999-01-27,1243.1700439453125,-0.7298523704825185,NEGATIVE,1999-01-29,1279.6400146484375,2.1823633745605293,STRONG_POSITIVE,1999-02-02,1261.989990234375,0.7729660537498864,POSITIVE,1999-02-24,1253.4100341796875,0.08783572234281099,NEUTRAL,1999-02-25,1245.02001953125,-0.5821273264135692,NEGATIVE,8.822894096885795,1362.800048828125,STRONG_POSITIVE,2.517739677182519,-3.22763868803395,True,Measured from the event-date reference close to subsequent trading-session closes.,True,True,1999-04-27
AMZN,Consumer Discretionary,1998-09-30,1998-10-28,-0.08,-0.1,0.02,20.0,20.000000000000004,LARGE_BEAT,True,,,,,UNKNOWN,True,True,True,Alpha Vantage EARNINGS,primary_event_data,PRIMARY_EVENT_DATA,False,False,False,True,1998-10-28,1068.0899658203125,1998-10-29,1085.9300537109375,1.670279514041075,POSITIVE,1998-11-02,1111.5999755859375,4.073627798966215,STRONG_POSITIVE,1998-11-04,1118.6700439453125,4.735563458472675,STRONG_POSITIVE,1998-11-25,1186.8699951171875,11.120788800375049,STRONG_POSITIVE,1998-11-27,1192.3299560546875,11.631978036508977,STRONG_POSITIVE,19.806388562563708,1279.6400146484375,STRONG_POSITIVE,11.53555289822285,-0.20035902563637792,True,Measured from the event-date reference close to subsequent trading-session closes.,True,True,1999-01-29
AMZN,Consumer Discretionary,1998-06-30,1998-07-22,-0.07,-0.07,0.0,0.0,0.0,IN_LINE,False,,,,,UNKNOWN,True,True,True,Alpha Vantage EARNINGS,primary_event_data,PRIMARY_EVENT_DATA,False,False,False,True,1998-07-22,1164.0799560546875,1998-07-23,1139.75,-2.0900588424481468,STRONG_NEGATIVE,1998-07-27,1147.27001953125,-1.4440534291484513,NEGATIVE,1998-07-29,1125.2099609375,-3.339117293018781,STRONG_NEGATIVE,1998-08-19,1098.06005859375,-5.67142292224435,STRONG_NEGATIVE,1998-08-20,1091.5999755859375,-6.226374751301443,STRONG_NEGATIVE,-8.603352529424107,1063.9300537109375,STRONG_NEGATIVE,0.02319596088271747,-9.456391331379994,True,Measured from the event-date reference close to subsequent trading-session closes.,True,True,1998-10-20
AMZN,Consumer Discretionary,1998-03-31,1998-04-27,-0.03,-0.04,0.01,25.0,25.000000000000007,LARGE_BEAT,True,,,,,UNKNOWN,True,True,True,Alpha Vantage EARNINGS,primary_event_data,PRIMARY_EVENT_DATA,False,False,False,True,1998-04-27,1086.5400390625,1998-04-28,1085.1099853515625,-0.13161537168675294,NEUTRAL,1998-04-30,1111.75,2.3202054255867024,STRONG_POSITIVE,1998-05-04,1122.0699462890625,3.2700044130190355,STRONG_POSITIVE,1998-05-26,1094.02001953125,0.688421981688218,POSITIVE,1998-05-27,1092.22998046875,0.5236752629161697,POSITIVE,5.589299821951309,1147.27001953125,STRONG_POSITIVE,4.047709139802825,-0.46478258016909685,True,Measured from the event-date reference close to subsequent trading-session closes.,True,True,1998-07-27
AMZN,Consumer Discretionary,1997-12-31,1998-01-22,-0.03,-0.04,0.01,25.0,25.000000000000007,LARGE_BEAT,True,,,,,UNKNOWN,True,True,True,Alpha Vantage EARNINGS,primary_event_data,PRIMARY_EVENT_DATA,False,False,False,True,1998-01-22,963.0399780273438,1998-01-23,957.5900268554688,-0.5659112078647537,NEGATIVE,1998-01-27,969.02001953125,0.6209546478180014,POSITIVE,1998-01-29,985.489990234375,2.3311609818127224,STRONG_POSITIVE,1998-02-20,1034.2099609375,7.39013795210644,STRONG_POSITIVE,1998-02-23,1038.1400146484375,7.798226276641801,STRONG_POSITIVE,16.254774630228184,1119.5799560546875,STRONG_POSITIVE,7.39013795210644,-1.2647442425734294,True,Measured from the event-date reference close to subsequent trading-session closes.,True,True,1998-04-23
AMZN,Consumer Discretionary,1997-09-30,1997-10-27,-0.03,-0.03,0.0,0.0,0.0,IN_LINE,False,,,,,UNKNOWN,True,True,True,Alpha Vantage EARNINGS,primary_event_data,PRIMARY_EVENT_DATA,False,False,False,True,1997-10-27,876.989990234375,1997-10-28,921.8499755859375,5.115222049407166,STRONG_POSITIVE,1997-10-30,903.6799926757812,3.043364546757639,STRONG_POSITIVE,1997-11-03,938.989990234375,7.06963599247359,STRONG_POSITIVE,1997-11-24,946.6699829101562,7.945357809290312,STRONG_POSITIVE,1997-11-25,950.8200073242188,8.418570099085478,STRONG_POSITIVE,11.456234718418019,977.4600219726562,STRONG_POSITIVE,9.984150165179582,-2.4766497844884583,True,Measured from the event-date reference close to subsequent trading-session closes.,True,True,1998-01-28
AMZN,Consumer Discretionary,1997-06-30,1997-07-10,-0.02,-0.03,0.01,33.3333,33.33333333333333,LARGE_BEAT,True,,,,,UNKNOWN,True,True,True,Alpha Vantage EARNINGS,primary_event_data,PRIMARY_EVENT_DATA,False,False,False,True,1997-07-10,913.780029296875,1997-07-11,916.6799926757812,0.31735902360852436,POSITIVE,1997-07-15,925.760009765625,1.311035488263868,POSITIVE,1997-07-17,931.6099853515625,1.9512306554135452,POSITIVE,1997-08-07,951.1900024414062,4.093980164276193,STRONG_POSITIVE,1997-08-08,933.5399780273438,2.1624404229619034,STRONG_POSITIVE,6.5726975456891985,973.8400268554688,STRONG_POSITIVE,5.514451180559805,-0.7288443570836394,True,Measured from the event-date reference close to subsequent trading-session closes.,True,True,1997-10-08
WMT,Consumer Staples,2026-07-31,2026-08-20,0.81,0.73,0.08,10.9589,10.958904109589051,LARGE_BEAT,True,,,,,UNKNOWN,True,True,True,Alpha Vantage EARNINGS,primary_event_data,PRIMARY_EVENT_DATA,False,False,False,True,2026-08-20,7641.16015625,2026-08-21,7674.3701171875,0.4346193543703738,POSITIVE,2026-08-25,7677.27978515625,0.4726982312588535,POSITIVE,2026-08-27,7730.990234375,1.17560784341792,POSITIVE,2026-09-18,7650.5,0.12223070265528437,NEUTRAL,2026-09-21,7764.7001953125,1.6167707067552015,POSITIVE,,,UNAVAILABLE,1.7054978766824613,-1.7456791114323793,True,Measured from the event-date reference close to subsequent trading-session closes.,True,True,
WMT,Consumer Staples,2026-04-30,2026-05-21,0.66,0.66,0.0,0.0,0.0,IN_LINE,False,,,,,UNKNOWN,True,True,True,Alpha Vantage EARNINGS,primary_event_data,PRIMARY_EVENT_DATA,False,False,False,True,2026-05-21,7445.72021484375,2026-05-22,7473.47021484375,0.37269732409066003,POSITIVE,2026-05-27,7520.35986328125,1.0024503511251843,POSITIVE,2026-05-29,7580.06005859375,1.8042558661038697,POSITIVE,2026-06-22,7472.7900390625,0.36356219999757355,POSITIVE,2026-06-23,7365.4599609375,-1.0779380851061737,NEGATIVE,3.070890333589418,7674.3701171875,STRONG_POSITIVE,2.3527567843707407,-2.7918067183493034,True,Measured from the event-date reference close to subsequent trading-session closes.,True,True,2026-08-21
WMT,Consumer Staples,2026-01-31,2026-02-19,0.53,0.7,-0.17,-24.2857,-24.28571428571428,LARGE_MISS,False,,,,,UNKNOWN,True,True,True,Alpha Vantage EARNINGS,primary_event_data,PRIMARY_EVENT_DATA,False,False,False,True,2026-02-19,6861.89013671875,2026-02-20,6909.509765625,0.6939724763506775,POSITIVE,2026-02-24,6890.06982421875,0.4106694648054376,POSITIVE,2026-02-26,6908.85986328125,0.6845012908492907,POSITIVE,2026-03-19,6606.490234375,-3.7220051218406462,STRONG_NEGATIVE,2026-03-20,6506.47998046875,-5.179478965251281,STRONG_NEGATIVE,8.322489383341857,7432.97021484375,STRONG_POSITIVE,1.3206219729653512,-4.431290889850967,True,Measured from the event-date reference close to subsequent trading-session closes.,True,True,2026-05-20
WMT,Consumer Staples,2025-10-31,2025-11-20,0.77,0.6,0.17,28.3333,28.333333333333343,LARGE_BEAT,True,,,,,UNKNOWN,True,True,True,Alpha Vantage EARNINGS,primary_event_data,PRIMARY_EVENT_DATA,False,False,False,True,2025-11-20,6538.759765625,2025-11-21,6602.990234375,0.9823035415319407,POSITIVE,2025-11-25,6765.8798828125,3.473443364313461,STRONG_POSITIVE,2025-11-28,6849.08984375,4.746008253070259,STRONG_POSITIVE,2025-12-19,6834.5,4.5228796434721446,STRONG_POSITIVE,2025-12-22,6878.490234375,5.195640777873527,STRONG_POSITIVE,5.372732309888899,6890.06982421875,STRONG_POSITIVE,5.577513295866445,-0.25753880481324554,True,Measured from the event-date reference close to subsequent trading-session closes.,True,True,2026-02-24
WMT,Consumer Staples,2025-07-31,2025-08-21,0.88,0.74,0.14,18.9189,18.91891891891892,LARGE_BEAT,True,,,,,UNKNOWN,True,True,True,Alpha Vantage EARNINGS,primary_event_data,PRIMARY_EVENT_DATA,False,False,False,True,2025-08-21,6370.169921875,2025-08-22,6466.91015625,1.5186444876893552,POSITIVE,2025-08-26,6465.93994140625,1.503413891713912,POSITIVE,2025-08-28,6501.85986328125,2.0672908732627384,STRONG_POSITIVE,2025-09-19,6664.35986328125,4.618243233920798,STRONG_POSITIVE,2025-09-22,6693.75,5.079614548645465,STRONG_POSITIVE,4.2697484951067395,6642.16015625,STRONG_POSITIVE,4.7353509567757675,-0.15054298186095041,True,Measured from the event-date reference close to subsequent trading-session closes.,True,True,2025-11-19
WMT,Consumer Staples,2025-04-30,2025-05-15,0.61,0.57,0.04,7.0175,7.0175438596491295,BEAT,True,,,,,UNKNOWN,True,True,True,Alpha Vantage EARNINGS,primary_event_data,PRIMARY_EVENT_DATA,False,False,False,True,2025-05-15,5916.93017578125,2025-05-16,5958.3798828125,0.7005272294898618,POSITIVE,2025-05-20,5940.4599609375,0.3976687988065232,POSITIVE,2025-05-22,5842.009765625,-1.2662040607291396,NEGATIVE,2025-06-13,5976.97021484375,1.0147160314355497,POSITIVE,2025-06-16,6033.10986328125,1.9635129036259087,POSITIVE,9.005846157984987,6449.7998046875,STRONG_POSITIVE,2.4078318034856445,-2.526986377889915,True,Measured from the event-date reference close to subsequent trading-session closes.,True,True,2025-08-15
WMT,Consumer Staples,2025-01-31,2025-02-20,0.65,0.65,0.0,0.0,0.0,IN_LINE,False,,,,,UNKNOWN,True,True,True,Alpha Vantage EARNINGS,primary_event_data,PRIMARY_EVENT_DATA,False,False,False,True,2025-02-20,6117.52001953125,2025-02-21,6013.1298828125,-1.7064126702563502,NEGATIVE,2025-02-25,5955.25,-2.652545786743233,STRONG_NEGATIVE,2025-02-27,5861.56982421875,-4.183888152312282,STRONG_NEGATIVE,2025-03-20,5662.89013671875,-7.431604332491186,STRONG_NEGATIVE,2025-03-21,5667.56005859375,-7.355267485859046,STRONG_NEGATIVE,-4.461124040112443,5844.60986328125,STRONG_NEGATIVE,-0.044138724579227455,-10.018277263185167,True,Measured from the event-date reference close to subsequent trading-session closes.,True,True,2025-05-21
WMT,Consumer Staples,2024-10-31,2024-11-19,0.57,0.53,0.04,7.5472,7.547169811320741,BEAT,True,,,,,UNKNOWN,True,True,True,Alpha Vantage EARNINGS,primary_event_data,PRIMARY_EVENT_DATA,False,False,False,True,2024-11-19,5916.97998046875,2024-11-20,5917.10986328125,0.0021950862252150217,NEUTRAL,2024-11-22,5969.33984375,0.8849085758965503,POSITIVE,2024-11-26,6021.6298828125,1.7686370866419512,POSITIVE,2024-12-18,5872.16015625,-0.7574780439801204,NEGATIVE,2024-12-19,5867.080078125,-0.843333972879132,NEGATIVE,1.1199973592947667,5983.25,POSITIVE,3.0926289252123396,-0.9535256509441552,True,Measured from the event-date reference close to subsequent trading-session closes.,True,True,2025-02-24
WMT,Consumer Staples,2024-07-31,2024-08-15,0.56,0.65,-0.09,-13.8462,-13.84615384615384,LARGE_MISS,False,,,,,UNKNOWN,True,True,True,Alpha Vantage EARNINGS,primary_event_data,PRIMARY_EVENT_DATA,False,False,False,True,2024-08-15,5543.22021484375,2024-08-16,5554.25,0.19897793572613648,NEUTRAL,2024-08-20,5597.1201171875,0.9723572265704999,POSITIVE,2024-08-22,5570.64013671875,0.49465691082548663,POSITIVE,2024-09-13,5626.02001953125,1.4937130671045138,POSITIVE,2024-09-16,5633.08984375,1.6212530879721365,POSITIVE,7.976584924133551,5985.3798828125,STRONG_POSITIVE,1.95554024813004,-2.5364335567933627,True,Measured from the event-date reference close to subsequent trading-session closes.,True,True,2024-11-13
WMT,Consumer Staples,2024-04-30,2024-05-16,0.63,0.52,0.11,21.1538,21.15384615384615,LARGE_BEAT,True,,,,,UNKNOWN,True,True,True,Alpha Vantage EARNINGS,primary_event_data,PRIMARY_EVENT_DATA,False,False,False,True,2024-05-16,5297.10009765625,2024-05-17,5303.27001953125,0.11647735102702586,NEUTRAL,2024-05-21,5321.41015625,0.45893145580741823,POSITIVE,2024-05-23,5267.83984375,-0.5523824992319187,NEGATIVE,2024-06-14,5431.60009765625,2.5391251348924055,STRONG_POSITIVE,2024-06-17,5473.22998046875,3.325024627917269,STRONG_POSITIVE,4.854541118781733,5554.25,STRONG_POSITIVE,2.8345679631424217,-1.99014403978592,True,Measured from the event-date reference close to subsequent trading-session closes.,True,True,2024-08-16
WMT,Consumer Staples,2024-01-31,2024-02-20,0.68,1.64,-0.96,-58.5366,-58.53658536585365,LARGE_MISS,False,,,,,UNKNOWN,True,True,True,Alpha Vantage EARNINGS,primary_event_data,PRIMARY_EVENT_DATA,False,False,False,True,2024-02-20,4975.509765625,2024-02-21,4981.7998046875,0.1264199922982138,NEUTRAL,2024-02-23,5088.7998046875,2.276953405763621,STRONG_POSITIVE,2024-02-27,5078.18017578125,2.0635153982730254,STRONG_POSITIVE,2024-03-19,5178.509765625,4.079983952649324,STRONG_POSITIVE,2024-03-20,5224.6201171875,5.006730230610008,STRONG_POSITIVE,6.685146504696244,5308.1298828125,STRONG_POSITIVE,4.296042216151689,-0.593100345795284,True,Measured from the event-date reference close to subsequent trading-session closes.,True,True,2024-05-20
WMT,Consumer Staples,2023-10-31,2023-11-16,0.0559,1.51,-1.4541,-96.298,-96.2980132450331,LARGE_MISS,False,,,,,UNKNOWN,True,True,True,Alpha Vantage EARNINGS,primary_event_data,PRIMARY_EVENT_DATA,False,False,False,True,2023-11-16,4508.240234375,2023-11-17,4514.02001953125,0.12820490603361293,NEUTRAL,2023-11-21,4538.18994140625,0.6643325438357452,POSITIVE,2023-11-24,4559.33984375,1.1334713040660354,POSITIVE,2023-12-15,4719.18994140625,4.679202883261944,STRONG_POSITIVE,2023-12-18,4740.56005859375,5.1532263619699865,STRONG_POSITIVE,10.364787743277393,4975.509765625,STRONG_POSITIVE,5.109079771026926,-0.1903198959890721,True,Measured from the event-date reference close to subsequent trading-session closes.,True,True,2024-02-20
WMT,Consumer Staples,2023-07-31,2023-08-17,0.97,1.69,-0.72,-42.6036,-42.60355029585799,LARGE_MISS,False,,,,,UNKNOWN,True,True,True,Alpha Vantage EARNINGS,primary_event_data,PRIMARY_EVENT_DATA,False,False,False,True,2023-08-17,4370.35986328125,2023-08-18,4369.7099609375,-0.014870682600083548,NEUTRAL,2023-08-22,4387.5498046875,0.3933301134004067,POSITIVE,2023-08-24,4376.31005859375,0.13614886413570107,NEUTRAL,2023-09-15,4450.31982421875,1.8295967251874392,POSITIVE,2023-09-18,4453.52978515625,1.9030451605089638,POSITIVE,3.0322450250527986,4502.8798828125,STRONG_POSITIVE,3.910207444346386,-0.8019889845223119,True,Measured from the event-date reference close to subsequent trading-session closes.,True,True,2023-11-15
WMT,Consumer Staples,2023-04-30,2023-05-18,0.21,1.3,-1.09,-83.8462,-83.84615384615385,LARGE_MISS,False,,,,,UNKNOWN,True,True,True,Alpha Vantage EARNINGS,primary_event_data,PRIMARY_EVENT_DATA,False,False,False,True,2023-05-18,4198.0498046875,2023-05-19,4191.97998046875,-0.1445867605470639,NEUTRAL,2023-05-23,4145.580078125,-1.2498595539269886,NEGATIVE,2023-05-25,4151.27978515625,-1.1140892011101695,NEGATIVE,2023-06-16,4409.58984375,5.03900737019119,STRONG_POSITIVE,2023-06-20,4388.7099609375,4.541636357841939,STRONG_POSITIVE,4.089045252829683,4369.7099609375,STRONG_POSITIVE,5.9651605342231315,-2.240798194288038,True,Measured from the event-date reference close to subsequent trading-session closes.,True,True,2023-08-18
WMT,Consumer Staples,2023-01-31,2023-02-21,0.77,1.52,-0.75,-49.3421,-49.34210526315789,LARGE_MISS,False,,,,,UNKNOWN,True,True,True,Alpha Vantage EARNINGS,primary_event_data,PRIMARY_EVENT_DATA,False,False,False,True,2023-02-21,3997.340087890625,2023-02-22,3991.050048828125,-0.15735561458868064,NEUTRAL,2023-02-24,3970.0400390625,-0.6829553710185088,NEGATIVE,2023-02-28,3970.14990234375,-0.6802069613552225,NEGATIVE,2023-03-21,4002.8701171875,0.1383427272957695,NEUTRAL,2023-03-22,3936.969970703125,-1.51025721755281,NEGATIVE,4.885493618956209,4192.6298828125,STRONG_POSITIVE,2.030097528843796,-4.71513497287167,True,Measured from the event-date reference close to subsequent trading-session closes.,True,True,2023-05-22
WMT,Consumer Staples,2022-10-31,2022-11-15,-0.22,1.32,-1.54,-116.6667,-116.66666666666669,LARGE_MISS,False,,,,,UNKNOWN,True,True,True,Alpha Vantage EARNINGS,primary_event_data,PRIMARY_EVENT_DATA,False,False,False,True,2022-11-15,3991.72998046875,2022-11-16,3958.7900390625,-0.8252046497990291,NEGATIVE,2022-11-18,3965.340087890625,-0.6611141712302401,NEGATIVE,2022-11-22,4003.580078125,0.2968662137527258,POSITIVE,2022-12-14,3995.320068359375,0.08993814481918977,NEUTRAL,2022-12-15,3895.75,-2.4044707667696263,STRONG_NEGATIVE,2.4721093892487436,4090.409912109375,STRONG_POSITIVE,2.7364070466490595,-2.134160923285851,True,Measured from the event-date reference close to subsequent trading-session closes.,True,True,2023-02-16
WMT,Consumer Staples,2022-07-31,2022-08-16,0.63,0.59,0.04,6.7797,6.779661016949159,BEAT,True,,,,,UNKNOWN,True,True,True,Alpha Vantage EARNINGS,primary_event_data,PRIMARY_EVENT_DATA,False,False,False,True,2022-08-16,4305.2001953125,2022-08-17,4274.0400390625,-0.7237794954094623,NEGATIVE,2022-08-19,4228.47998046875,-1.782035941726541,NEGATIVE,2022-08-23,4128.72998046875,-4.099001366670258,STRONG_NEGATIVE,2022-09-14,3946.010009765625,-8.34317033474915,STRONG_NEGATIVE,2022-09-15,3901.35009765625,-9.380518427365162,STRONG_NEGATIVE,-8.082090948786727,3957.25,STRONG_NEGATIVE,-0.07014817881264142,-9.719645459649202,True,Measured from the event-date reference close to subsequent trading-session closes.,True,True,2022-11-14
WMT,Consumer Staples,2022-04-30,2022-05-17,0.25,0.43,-0.18,-41.8605,-41.860465116279066,LARGE_MISS,False,,,,,UNKNOWN,True,True,True,Alpha Vantage EARNINGS,primary_event_data,PRIMARY_EVENT_DATA,False,False,False,True,2022-05-17,4088.85009765625,2022-05-18,3923.679931640625,-4.039526078745253,STRONG_NEGATIVE,2022-05-20,3901.360107421875,-4.585396523630084,STRONG_NEGATIVE,2022-05-24,3941.47998046875,-3.604194667639523,STRONG_NEGATIVE,2022-06-15,3789.989990234375,-7.309148055908999,STRONG_NEGATIVE,2022-06-16,3666.77001953125,-10.322708537711826,STRONG_NEGATIVE,4.5291447958046165,4274.0400390625,STRONG_POSITIVE,2.1683276679565773,-9.37109839842894,True,Measured from the event-date reference close to subsequent trading-session closes.,True,True,2022-08-17
WMT,Consumer Staples,2022-01-31,2022-02-17,0.43,0.51,-0.08,-15.6863,-15.686274509803924,LARGE_MISS,False,,,,,UNKNOWN,True,True,True,Alpha Vantage EARNINGS,primary_event_data,PRIMARY_EVENT_DATA,False,False,False,True,2022-02-17,4380.259765625,2022-02-18,4348.8701171875,-0.716616139614294,NEGATIVE,2022-02-23,4225.5,-3.533118442872029,STRONG_NEGATIVE,2022-02-25,4384.64990234375,0.10022548783984256,NEUTRAL,2022-03-18,4463.1201171875,1.8916766583745521,POSITIVE,2022-03-21,4461.18017578125,1.847388385302848,POSITIVE,-10.946148224478339,3900.7900390625,STRONG_NEGATIVE,1.9437234610354606,-6.063792503030954,True,Measured from the event-date reference close to subsequent trading-session closes.,True,True,2022-05-19
WMT,Consumer Staples,2021-10-31,2021-11-16,0.37,0.48,-0.11,-22.9167,-22.916666666666664,LARGE_MISS,False,,,,,UNKNOWN,True,True,True,Alpha Vantage EARNINGS,primary_event_data,PRIMARY_EVENT_DATA,False,False,False,True,2021-11-16,4700.89990234375,2021-11-17,4688.669921875,-0.2601625374463396,NEGATIVE,2021-11-19,4697.9599609375,-0.0625399703742728,NEUTRAL,2021-11-23,4690.7001953125,-0.21697349960939785,NEUTRAL,2021-12-15,4709.85009765625,0.1903932331772829,NEUTRAL,2021-12-16,4668.669921875,-0.6856129919439669,NEGATIVE,-4.805253066676167,4475.009765625,STRONG_NEGATIVE,0.9132331398897922,-4.3774551560575325,True,Measured from the event-date reference close to subsequent trading-session closes.,True,True,2022-02-16
WMT,Consumer Staples,2021-07-31,2021-08-17,0.51,0.59,-0.08,-13.5593,-13.5593220338983,LARGE_MISS,False,,,,,UNKNOWN,True,True,True,Alpha Vantage EARNINGS,primary_event_data,PRIMARY_EVENT_DATA,False,False,False,True,2021-08-17,4448.080078125,2021-08-18,4400.27001953125,-1.0748470745585899,NEGATIVE,2021-08-20,4441.669921875,-0.1441106305959778,NEUTRAL,2021-08-24,4486.22998046875,0.8576712126062114,POSITIVE,2021-09-15,4480.7001953125,0.7333527412854124,POSITIVE,2021-09-16,4473.75,0.577101163291571,POSITIVE,5.276877269292361,4682.7998046875,STRONG_POSITIVE,2.1980274143909524,-1.8063995306963985,True,Measured from the event-date reference close to subsequent trading-session closes.,True,True,2021-11-15
WMT,Consumer Staples,2021-04-30,2021-05-18,0.32,0.56,-0.24,-42.8571,-42.85714285714286,LARGE_MISS,False,,,,,UNKNOWN,True,True,True,Alpha Vantage EARNINGS,primary_event_data,PRIMARY_EVENT_DATA,False,False,False,True,2021-05-18,4127.830078125,2021-05-19,4115.68017578125,-0.2943411456817742,NEGATIVE,2021-05-21,4155.85986328125,0.6790440649384016,POSITIVE,2021-05-25,4188.1298828125,1.4608112142758118,POSITIVE,2021-06-16,4223.7001953125,2.3225306122835234,STRONG_POSITIVE,2021-06-17,4221.85986328125,2.277947090277551,STRONG_POSITIVE,7.758313543407009,4448.080078125,STRONG_POSITIVE,3.1331250482031976,-1.6090818846350208,True,Measured from the event-date reference close to subsequent trading-session closes.,True,True,2021-08-17
WMT,Consumer Staples,2021-01-31,2021-02-18,0.46,0.5,-0.04,-8.0,-7.9999999999999964,MISS,False,,,,,UNKNOWN,True,True,True,Alpha Vantage EARNINGS,primary_event_data,PRIMARY_EVENT_DATA,False,False,False,True,2021-02-18,3913.969970703125,2021-02-19,3906.7099609375,-0.1854896644575118,NEUTRAL,2021-02-23,3881.3701171875,-0.8329101592409152,NEGATIVE,2021-02-25,3829.340087890625,-2.1622517149076814,STRONG_NEGATIVE,2021-03-18,3915.4599609375,0.038068514718505385,NEUTRAL,2021-03-19,3913.10009765625,-0.02222482679699077,NEUTRAL,5.15359613354133,4115.68017578125,STRONG_POSITIVE,1.7859142253924292,-4.870499371211433,True,Measured from the event-date reference close to subsequent trading-session closes.,True,True,2021-05-19
WMT,Consumer Staples,2020-10-31,2020-11-17,0.45,0.4,0.05,12.5,12.499999999999996,LARGE_BEAT,True,,,,,UNKNOWN,True,True,True,Alpha Vantage EARNINGS,primary_event_data,PRIMARY_EVENT_DATA,False,False,False,True,2020-11-17,3609.530029296875,2020-11-18,3567.7900390625,-1.1563829610944063,NEGATIVE,2020-11-20,3557.5400390625,-1.4403534480222202,NEGATIVE,2020-11-24,3635.409912109375,0.7169876023317451,POSITIVE,2020-12-16,3701.169921875,2.538831699260753,STRONG_POSITIVE,2020-12-17,3722.47998046875,3.1292148910000144,STRONG_POSITIVE,8.23320291640612,3906.7099609375,STRONG_POSITIVE,2.8496746791517005,-1.8199028924285245,True,Measured from the event-date reference close to subsequent trading-session closes.,True,True,2021-02-19
WMT,Consumer Staples,2020-07-31,2020-08-18,0.52,0.42,0.1,23.8095,23.80952380952382,LARGE_BEAT,True,,,,,UNKNOWN,True,True,True,Alpha Vantage EARNINGS,primary_event_data,PRIMARY_EVENT_DATA,False,False,False,True,2020-08-18,3389.780029296875,2020-08-19,3374.85009765625,-0.4404395421410822,NEGATIVE,2020-08-21,3397.159912109375,0.21770978496297214,NEUTRAL,2020-08-25,3443.6201171875,1.5883062448094243,POSITIVE,2020-09-16,3385.489990234375,-0.12655803696471304,NEUTRAL,2020-09-17,3357.010009765625,-0.9667299720934198,NEGATIVE,6.995435714502296,3626.909912109375,STRONG_POSITIVE,5.850824431405321,-2.3396815695501303,True,Measured from the event-date reference close to subsequent trading-session closes.,True,True,2020-11-16
WMT,Consumer Staples,2020-04-30,2020-05-19,0.39,0.36,0.03,8.3333,8.333333333333341,BEAT,True,,,,,UNKNOWN,True,True,True,Alpha Vantage EARNINGS,primary_event_data,PRIMARY_EVENT_DATA,False,False,False,True,2020-05-19,2922.93994140625,2020-05-20,2971.610107421875,1.6651100259080036,POSITIVE,2020-05-22,2955.449951171875,1.1122366664155328,POSITIVE,2020-05-27,3036.1298828125,3.8724689413834965,STRONG_POSITIVE,2020-06-17,3113.489990234375,6.519122960030778,STRONG_POSITIVE,2020-06-18,3115.340087890625,6.5824187407631,STRONG_POSITIVE,15.971593575269441,3389.780029296875,STRONG_POSITIVE,10.612258466625049,0.3643641914602983,True,Measured from the event-date reference close to subsequent trading-session closes.,True,True,2020-08-18
WMT,Consumer Staples,2020-01-31,2020-02-18,0.46,0.48,-0.02,-4.1667,-4.166666666666659,MISS,False,,,,,UNKNOWN,True,True,True,Alpha Vantage EARNINGS,primary_event_data,PRIMARY_EVENT_DATA,False,False,False,True,2020-02-18,3370.2900390625,2020-02-19,3386.14990234375,0.47057858811646003,POSITIVE,2020-02-21,3337.75,-0.9654966986625142,NEGATIVE,2020-02-25,3128.2099609375,-7.182766922704921,STRONG_NEGATIVE,2020-03-17,2529.18994140625,-24.956312006019978,STRONG_NEGATIVE,2020-03-18,2398.10009765625,-28.845883592756906,STRONG_NEGATIVE,-12.354430097326215,2953.909912109375,STRONG_NEGATIVE,0.6892576068975889,-29.767467736369362,True,Measured from the event-date reference close to subsequent trading-session closes.,True,True,2020-05-18
WMT,Consumer Staples,2019-10-31,2019-11-14,0.39,0.36,0.03,8.3333,8.333333333333341,BEAT,True,,,,,UNKNOWN,True,True,True,Alpha Vantage EARNINGS,primary_event_data,PRIMARY_EVENT_DATA,False,False,False,True,2019-11-14,3096.6298828125,2019-11-15,3120.4599609375,0.7695488006902665,POSITIVE,2019-11-19,3120.179931640625,0.7605057665701971,POSITIVE,2019-11-21,3103.5400390625,0.22315086114598498,NEUTRAL,2019-12-13,3168.800048828125,2.330603551176635,STRONG_POSITIVE,2019-12-16,3191.449951171875,3.062040732916234,STRONG_POSITIVE,8.837354369307107,3370.2900390625,STRONG_POSITIVE,2.7788289877888293,-0.849304104228734,True,Measured from the event-date reference close to subsequent trading-session closes.,True,True,2020-02-18
WMT,Consumer Staples,2019-07-31,2019-08-15,0.42,0.41,0.01,2.439,2.4390243902439046,IN_LINE,True,,,,,UNKNOWN,True,True,True,Alpha Vantage EARNINGS,primary_event_data,PRIMARY_EVENT_DATA,False,False,False,True,2019-08-15,2847.60009765625,2019-08-16,2888.679931640625,1.4426124657807895,POSITIVE,2019-08-20,2900.510009765625,1.8580527565272633,POSITIVE,2019-08-22,2922.949951171875,2.6460826988186494,STRONG_POSITIVE,2019-09-13,3007.389892578125,5.611384655218681,STRONG_POSITIVE,2019-09-16,2997.9599609375,5.2802310059269,STRONG_POSITIVE,8.654303025522623,3094.0400390625,STRONG_POSITIVE,6.080203913485949,-0.44353583789803813,True,Measured from the event-date reference close to subsequent trading-session closes.,True,True,2019-11-13
WMT,Consumer Staples,2019-04-30,2019-05-16,0.38,0.34,0.04,11.7647,11.764705882352937,LARGE_BEAT,True,,,,,UNKNOWN,True,True,True,Alpha Vantage EARNINGS,primary_event_data,PRIMARY_EVENT_DATA,False,False,False,True,2019-05-16,2876.320068359375,2019-05-17,2859.530029296875,-0.5837333350761925,NEGATIVE,2019-05-21,2864.360107421875,-0.4158077214376857,NEGATIVE,2019-05-23,2822.239990234375,-1.880182901753585,NEGATIVE,2019-06-14,2886.97998046875,0.3706093847704268,POSITIVE,2019-06-17,2889.669921875,0.4641296239065504,POSITIVE,-0.9984970385964936,2847.60009765625,NEGATIVE,1.1921496303455097,-5.128428208956707,True,Measured from the event-date reference close to subsequent trading-session closes.,True,True,2019-08-15
WMT,Consumer Staples,2019-01-31,2019-03-28,0.47,0.44,0.03,6.8182,6.818181818181812,BEAT,True,,,,,UNKNOWN,True,True,True,Alpha Vantage EARNINGS,primary_event_data,PRIMARY_EVENT_DATA,False,False,False,True,2019-03-28,2815.43994140625,2019-03-29,2834.39990234375,0.6734280017363794,POSITIVE,2019-04-02,2867.239990234375,1.8398562891116768,POSITIVE,2019-04-04,2879.389892578125,2.271401717059303,STRONG_POSITIVE,2019-04-26,2939.8798828125,4.419911061718298,STRONG_POSITIVE,2019-04-29,2943.030029296875,4.531799311865149,STRONG_POSITIVE,3.8885567707783237,2924.919921875,STRONG_POSITIVE,4.419911061718298,0.13461622841817608,True,Measured from the event-date reference close to subsequent trading-session closes.,True,True,2019-06-27
WMT,Consumer Staples,2018-10-31,2018-11-15,0.36,0.34,0.02,5.8824,5.88235294117646,BEAT,True,,,,,UNKNOWN,True,True,True,Alpha Vantage EARNINGS,primary_event_data,PRIMARY_EVENT_DATA,False,False,False,True,2018-11-15,2730.199951171875,2018-11-16,2736.27001953125,0.22233054237546096,NEUTRAL,2018-11-20,2641.889892578125,-3.2345637745632865,STRONG_NEGATIVE,2018-11-23,2632.56005859375,-3.576290906320445,STRONG_NEGATIVE,2018-12-17,2545.93994140625,-6.7489565988211115,STRONG_NEGATIVE,2018-12-18,2546.159912109375,-6.740899654016369,STRONG_NEGATIVE,1.996190790956799,2784.699951171875,POSITIVE,2.5631815149184485,-7.31301427295373,True,Measured from the event-date reference close to subsequent trading-session closes.,True,True,2019-02-20
WMT,Consumer Staples,2018-07-31,2018-08-16,0.43,0.41,0.02,4.878,4.878048780487809,BEAT,True,,,,,UNKNOWN,True,True,True,Alpha Vantage EARNINGS,primary_event_data,PRIMARY_EVENT_DATA,False,False,False,True,2018-08-16,2840.68994140625,2018-08-17,2850.1298828125,0.33231157222237595,POSITIVE,2018-08-21,2862.9599609375,0.783965163062657,POSITIVE,2018-08-23,2856.97998046875,0.5734536115700051,POSITIVE,2018-09-14,2904.97998046875,2.263183958425043,STRONG_POSITIVE,2018-09-17,2888.800048828125,1.6936064271082911,POSITIVE,-4.897044948607989,2701.580078125,STRONG_NEGATIVE,2.66871992922329,-0.24500952518790395,True,Measured from the event-date reference close to subsequent trading-session closes.,True,True,2018-11-14
WMT,Consumer Staples,2018-04-30,2018-05-17,0.38,0.37,0.01,2.7027,2.7027027027027053,IN_LINE,True,,,,,UNKNOWN,True,True,True,Alpha Vantage EARNINGS,primary_event_data,PRIMARY_EVENT_DATA,False,False,False,True,2018-05-17,2720.1298828125,2018-05-18,2712.969970703125,-0.2632194938416673,NEGATIVE,2018-05-22,2724.43994140625,0.15845047036112778,NEUTRAL,2018-05-24,2727.760009765625,0.2805059788261202,POSITIVE,2018-06-15,2779.659912109375,2.18849951515269,STRONG_POSITIVE,2018-06-18,2773.75,1.9712337093278447,POSITIVE,4.432143455925567,2840.68994140625,STRONG_POSITIVE,2.6226721136147493,-1.5925645496736034,True,Measured from the event-date reference close to subsequent trading-session closes.,True,True,2018-08-16
WMT,Consumer Staples,2018-01-31,2018-03-30,0.44,0.46,-0.02,-4.3478,-4.347826086956525,MISS,False,,,,,UNKNOWN,True,True,True,Alpha Vantage EARNINGS,primary_event_data,PRIMARY_EVENT_DATA,False,False,False,True,2018-03-29,2640.8701171875,2018-04-02,2581.8798828125,-2.2337423560165086,STRONG_NEGATIVE,2018-04-04,2644.68994140625,0.14464263857164145,NEUTRAL,2018-04-06,2604.469970703125,-1.3783391408563777,NEGATIVE,2018-04-27,2669.909912109375,1.0996298050735676,POSITIVE,2018-04-30,2648.050048828125,0.2718774995368403,POSITIVE,2.8566320212140073,2716.31005859375,STRONG_POSITIVE,2.90131167558041,-3.2970219850154443,True,Measured from the event-date reference close to subsequent trading-session closes.,True,True,2018-06-28
WMT,Consumer Staples,2017-10-31,2017-11-16,0.33,0.32,0.01,3.125,3.1250000000000027,BEAT,True,,,,,UNKNOWN,True,True,True,Alpha Vantage EARNINGS,primary_event_data,PRIMARY_EVENT_DATA,False,False,False,True,2017-11-16,2585.639892578125,2017-11-17,2578.85009765625,-0.26259630899741954,NEGATIVE,2017-11-21,2599.030029296875,0.517865490750871,POSITIVE,2017-11-24,2602.419921875,0.6489700806767698,POSITIVE,2017-12-15,2675.81005859375,3.487344323331773,STRONG_POSITIVE,2017-12-18,2690.159912109375,4.042327001190942,STRONG_POSITIVE,5.051752085138952,2716.260009765625,STRONG_POSITIVE,3.635076582170852,-0.3101659830375116,True,Measured from the event-date reference close to subsequent trading-session closes.,True,True,2018-02-20
WMT,Consumer Staples,2017-07-31,2017-08-17,0.36,0.36,0.0,0.0,0.0,IN_LINE,False,,,,,UNKNOWN,True,True,True,Alpha Vantage EARNINGS,primary_event_data,PRIMARY_EVENT_DATA,False,False,False,True,2017-08-17,2430.010009765625,2017-08-18,2425.550048828125,-0.183536731107135,NEUTRAL,2017-08-22,2452.510009765625,0.9259221118257915,POSITIVE,2017-08-24,2438.969970703125,0.36872115347229334,POSITIVE,2017-09-15,2500.22998046875,2.8896988251458984,STRONG_POSITIVE,2017-09-18,2503.8701171875,3.0394980730552144,STRONG_POSITIVE,5.539487774984852,2564.6201171875,STRONG_POSITIVE,2.8896988251458984,-0.5209818913707295,True,Measured from the event-date reference close to subsequent trading-session closes.,True,True,2017-11-15
WMT,Consumer Staples,2017-04-30,2017-05-18,0.33,0.32,0.01,3.125,3.1250000000000027,BEAT,True,,,,,UNKNOWN,True,True,True,Alpha Vantage EARNINGS,primary_event_data,PRIMARY_EVENT_DATA,False,False,False,True,2017-05-18,2365.719970703125,2017-05-19,2381.72998046875,0.6767499942466395,POSITIVE,2017-05-23,2398.419921875,1.3822409911920437,POSITIVE,2017-05-25,2415.070068359375,2.0860498396850606,STRONG_POSITIVE,2017-06-16,2433.14990234375,2.8502921933141514,STRONG_POSITIVE,2017-06-19,2453.4599609375,3.708807099781022,STRONG_POSITIVE,2.7175675844420466,2430.010009765625,STRONG_POSITIVE,3.401923366476474,0.19909207327273537,True,Measured from the event-date reference close to subsequent trading-session closes.,True,True,2017-08-17
WMT,Consumer Staples,2017-01-31,2017-03-31,0.43,0.43,0.0,0.0,0.0,IN_LINE,False,,,,,UNKNOWN,True,True,True,Alpha Vantage EARNINGS,primary_event_data,PRIMARY_EVENT_DATA,False,False,False,True,2017-03-31,2362.719970703125,2017-04-03,2358.840087890625,-0.1642125542006309,NEUTRAL,2017-04-05,2352.949951171875,-0.4135072988925779,NEGATIVE,2017-04-07,2355.5400390625,-0.30388415595811447,NEGATIVE,2017-05-01,2388.330078125,1.0839247875089342,POSITIVE,2017-05-02,2391.169921875,1.2041186228010143,POSITIVE,2.568647243803048,2423.409912109375,STRONG_POSITIVE,1.499963679390384,-1.4292857363541196,True,Measured from the event-date reference close to subsequent trading-session closes.,True,True,2017-06-30
WMT,Consumer Staples,2016-10-31,2016-11-17,0.33,0.32,0.01,3.125,3.1250000000000027,BEAT,True,,,,,UNKNOWN,True,True,True,Alpha Vantage EARNINGS,primary_event_data,PRIMARY_EVENT_DATA,False,False,False,True,2016-11-17,2187.1201171875,2016-11-18,2181.89990234375,-0.23867984216901952,NEUTRAL,2016-11-22,2202.93994140625,0.7233175761326409,POSITIVE,2016-11-25,2213.35009765625,1.1992930915234834,POSITIVE,2016-12-16,2258.070068359375,3.24398969285291,STRONG_POSITIVE,2016-12-19,2262.530029296875,3.4479090342028145,STRONG_POSITIVE,8.150433267205779,2365.3798828125,STRONG_POSITIVE,4.133742422233147,-0.3081785185016505,True,Measured from the event-date reference close to subsequent trading-session closes.,True,True,2017-02-21
WMT,Consumer Staples,2016-07-31,2016-08-18,0.36,0.34,0.02,5.8824,5.88235294117646,BEAT,True,,,,,UNKNOWN,True,True,True,Alpha Vantage EARNINGS,primary_event_data,PRIMARY_EVENT_DATA,False,False,False,True,2016-08-18,2187.02001953125,2016-08-19,2183.8701171875,-0.1440271380974888,NEUTRAL,2016-08-23,2186.89990234375,-0.005492276541928731,NEUTRAL,2016-08-25,2172.469970703125,-0.6652910672140785,NEGATIVE,2016-09-16,2139.159912109375,-2.1883707965386154,STRONG_NEGATIVE,2016-09-19,2139.1201171875,-2.190190392222222,STRONG_NEGATIVE,-0.4609047029738892,2176.93994140625,NEGATIVE,0.29263117331325156,-3.1046767627807617,True,Measured from the event-date reference close to subsequent trading-session closes.,True,True,2016-11-16
WMT,Consumer Staples,2016-04-30,2016-05-19,0.33,0.29,0.04,13.7931,13.793103448275875,LARGE_BEAT,True,,,,,UNKNOWN,True,True,True,Alpha Vantage EARNINGS,primary_event_data,PRIMARY_EVENT_DATA,False,False,False,True,2016-05-19,2040.0400390625,2016-05-20,2052.320068359375,0.601950405959595,POSITIVE,2016-05-24,2076.06005859375,1.7656525774760279,POSITIVE,2016-05-26,2090.10009765625,2.4538762786614274,STRONG_POSITIVE,2016-06-17,2071.219970703125,1.528398023744364,POSITIVE,2016-06-20,2083.25,2.1180937682653096,STRONG_POSITIVE,7.204759595615321,2187.02001953125,STRONG_POSITIVE,3.9464916484003596,0.0901926327464659,True,Measured from the event-date reference close to subsequent trading-session closes.,True,True,2016-08-18
WMT,Consumer Staples,2016-01-31,2016-03-30,0.5,0.49,0.01,2.0408,2.040816326530614,IN_LINE,True,,,,,UNKNOWN,True,True,True,Alpha Vantage EARNINGS,primary_event_data,PRIMARY_EVENT_DATA,False,False,False,True,2016-03-30,2063.949951171875,2016-03-31,2059.739990234375,-0.2039759217567101,NEUTRAL,2016-04-04,2066.1298828125,0.10561940416177595,NEUTRAL,2016-04-06,2066.659912109375,0.1312997408663583,NEUTRAL,2016-04-27,2095.14990234375,1.5116621967582213,POSITIVE,2016-04-28,2075.81005859375,0.5746315415807944,POSITIVE,-1.3498382233418056,2036.0899658203125,NEGATIVE,2.2820368114792404,-1.4607865043738784,True,Measured from the event-date reference close to subsequent trading-session closes.,True,True,2016-06-28
WMT,Consumer Staples,2015-10-31,2015-11-17,0.33,0.33,0.0,0.0,0.0,IN_LINE,False,,,,,UNKNOWN,True,True,True,Alpha Vantage EARNINGS,primary_event_data,PRIMARY_EVENT_DATA,False,False,False,True,2015-11-17,2050.43994140625,2015-11-18,2083.580078125,1.6162451798525517,POSITIVE,2015-11-20,2089.169921875,1.8888619796485175,POSITIVE,2015-11-24,2089.139892578125,1.887397450194687,POSITIVE,2015-12-16,2073.070068359375,1.103671777755393,POSITIVE,2015-12-17,2041.8900146484375,-0.416980111690017,NEGATIVE,-6.4698267640257265,1917.780029296875,STRONG_NEGATIVE,2.62529406679826,-2.78866649473329,True,Measured from the event-date reference close to subsequent trading-session closes.,True,True,2016-02-19
WMT,Consumer Staples,2015-07-31,2015-08-18,0.36,0.37,-0.01,-2.7027,-2.7027027027027053,IN_LINE,False,,,,,UNKNOWN,True,True,True,Alpha Vantage EARNINGS,primary_event_data,PRIMARY_EVENT_DATA,False,False,False,True,2015-08-18,2096.919921875,2015-08-19,2079.610107421875,-0.8254876246131091,NEGATIVE,2015-08-21,1970.8900146484375,-6.010239395020412,STRONG_NEGATIVE,2015-08-25,1867.6099853515625,-10.93556001501458,STRONG_NEGATIVE,2015-09-16,1995.31005859375,-4.845672084148719,STRONG_NEGATIVE,2015-09-17,1990.199951171875,-5.089367962497078,STRONG_NEGATIVE,-2.0854387433950277,2053.18994140625,STRONG_NEGATIVE,-0.03576674493746874,-10.964172246682494,True,Measured from the event-date reference close to subsequent trading-session closes.,True,True,2015-11-16
WMT,Consumer Staples,2015-04-30,2015-05-19,0.34,0.35,-0.01,-2.8571,-2.857142857142844,IN_LINE,False,,,,,UNKNOWN,True,True,True,Alpha Vantage EARNINGS,primary_event_data,PRIMARY_EVENT_DATA,False,False,False,True,2015-05-19,2127.830078125,2015-05-20,2125.85009765625,-0.09305162517933377,NEUTRAL,2015-05-22,2126.06005859375,-0.0831842518557546,NEUTRAL,2015-05-27,2123.47998046875,-0.204438206836667,NEUTRAL,2015-06-17,2100.43994140625,-1.2872332711306358,NEGATIVE,2015-06-18,2121.239990234375,-0.3097093117713633,NEGATIVE,-1.4526609322694317,2096.919921875,NEGATIVE,0.3237990029822415,-2.617228984560085,True,Measured from the event-date reference close to subsequent trading-session closes.,True,True,2015-08-18
WMT,Consumer Staples,2015-01-31,2015-04-01,0.54,0.51,0.03,5.8824,5.8823529411764754,BEAT,True,,,,,UNKNOWN,True,True,True,Alpha Vantage EARNINGS,primary_event_data,PRIMARY_EVENT_DATA,False,False,False,True,2015-04-01,2059.68994140625,2015-04-02,2066.9599609375,0.35296669586522356,POSITIVE,2015-04-07,2076.330078125,0.8078952265693434,POSITIVE,2015-04-09,2091.179931640625,1.5288704188590279,POSITIVE,2015-04-30,2085.510009765625,1.2535900593730331,POSITIVE,2015-05-01,2108.2900390625,2.3595831915879706,STRONG_POSITIVE,0.8608082271181499,2077.419921875,POSITIVE,3.215531577705894,-0.15390286718765744,True,Measured from the event-date reference close to subsequent trading-session closes.,True,True,2015-07-01
WMT,Consumer Staples,2014-10-31,2014-11-13,0.38,0.37,0.01,2.7027,2.7027027027027053,IN_LINE,True,,,,,UNKNOWN,True,True,True,Alpha Vantage EARNINGS,primary_event_data,PRIMARY_EVENT_DATA,False,False,False,True,2014-11-13,2039.3299560546875,2014-11-14,2039.8199462890625,0.024027020881061397,NEUTRAL,2014-11-18,2051.800048828125,0.6114798998766385,POSITIVE,2014-11-20,2052.75,0.6580614336325976,POSITIVE,2014-12-12,2002.3299560546875,-1.8143214093505815,NEGATIVE,2014-12-15,1989.6300048828125,-2.4370725798597657,STRONG_NEGATIVE,2.9916753615471054,2100.340087890625,STRONG_POSITIVE,1.968294268873138,-1.8143214093505815,True,Measured from the event-date reference close to subsequent trading-session closes.,True,True,2015-02-17
WMT,Consumer Staples,2014-07-31,2014-08-14,0.4,0.4,0.0,0.0,0.0,IN_LINE,False,,,,,UNKNOWN,True,True,True,Alpha Vantage EARNINGS,primary_event_data,PRIMARY_EVENT_DATA,False,False,False,True,2014-08-14,1955.1800537109375,2014-08-15,1955.06005859375,-0.006137292417634321,NEUTRAL,2014-08-19,1981.5999755859375,1.3512782019668679,POSITIVE,2014-08-21,1992.3699951171875,1.902123609314824,POSITIVE,2014-09-12,1985.5400390625,1.5527974159688853,POSITIVE,2014-09-15,1984.1300048828125,1.480679547488627,POSITIVE,4.248710809595029,2038.25,STRONG_POSITIVE,2.8636743776158022,-0.6996825527640136,True,Measured from the event-date reference close to subsequent trading-session closes.,True,True,2014-11-12
WMT,Consumer Staples,2014-04-30,2014-05-15,0.37,0.38,-0.01,-2.6316,-2.6315789473684235,IN_LINE,False,,,,,UNKNOWN,True,True,True,Alpha Vantage EARNINGS,primary_event_data,PRIMARY_EVENT_DATA,False,False,False,True,2014-05-15,1870.8499755859375,2014-05-16,1877.8599853515625,0.3746965206779615,POSITIVE,2014-05-20,1872.8299560546875,0.10583320386926716,NEUTRAL,2014-05-22,1892.489990234375,1.1566942796500823,POSITIVE,2014-06-13,1936.1600341796875,3.490929761660624,STRONG_POSITIVE,2014-06-16,1937.780029296875,3.5775211579953363,STRONG_POSITIVE,4.507581004649419,1955.1800537109375,STRONG_POSITIVE,4.527357850575913,-0.3223149571352687,True,Measured from the event-date reference close to subsequent trading-session closes.,True,True,2014-08-14
WMT,Consumer Staples,2014-01-31,2014-02-20,0.53,0.53,0.0,0.0,0.0,IN_LINE,False,,,,,UNKNOWN,True,True,True,Alpha Vantage EARNINGS,primary_event_data,PRIMARY_EVENT_DATA,False,False,False,True,2014-02-20,1839.780029296875,2014-02-21,1836.25,-0.19187235651340898,NEUTRAL,2014-02-25,1845.1199951171875,0.2902502329234067,POSITIVE,2014-02-27,1854.2900390625,0.7886817736123822,POSITIVE,2014-03-20,1872.010009765625,1.751838804395959,POSITIVE,2014-03-21,1866.52001953125,1.4534340958464724,POSITIVE,2.622596138215509,1888.030029296875,STRONG_POSITIVE,2.3801713408598677,-0.2902568679727363,True,Measured from the event-date reference close to subsequent trading-session closes.,True,True,2014-05-21
WMT,Consumer Staples,2013-10-31,2013-11-14,0.38,0.38,0.0,0.0,0.0,IN_LINE,False,,,,,UNKNOWN,True,True,True,Alpha Vantage EARNINGS,primary_event_data,PRIMARY_EVENT_DATA,False,False,False,True,2013-11-14,1790.6199951171875,2013-11-15,1798.1800537109375,0.4222034052096704,POSITIVE,2013-11-19,1787.8699951171875,-0.15357809068919873,NEUTRAL,2013-11-21,1795.8499755859375,0.29207651444815474,POSITIVE,2013-12-13,1775.3199462890625,-0.8544553768999819,NEGATIVE,2013-12-16,1786.5400390625,-0.2278515858089972,NEUTRAL,2.8001482606674495,1840.760009765625,STRONG_POSITIVE,1.280565043027839,-1.0242243396322757,True,Measured from the event-date reference close to subsequent trading-session closes.,True,True,2014-02-18
WMT,Consumer Staples,2013-07-31,2013-08-15,0.42,0.42,0.0,0.0,0.0,IN_LINE,False,,,,,UNKNOWN,True,True,True,Alpha Vantage EARNINGS,primary_event_data,PRIMARY_EVENT_DATA,False,False,False,True,2013-08-15,1661.3199462890625,2013-08-16,1655.8299560546875,-0.3304595389129076,NEGATIVE,2013-08-20,1652.3499755859375,-0.5399303561701934,NEGATIVE,2013-08-22,1656.9599609375,-0.2624410404089545,NEGATIVE,2013-09-13,1687.989990234375,1.6053526597863423,POSITIVE,2013-09-16,1697.5999755859375,2.1838074825932674,STRONG_POSITIVE,7.264106711082592,1782.0,STRONG_POSITIVE,1.7245338249299222,-2.0375350131411563,True,Measured from the event-date reference close to subsequent trading-session closes.,True,True,2013-11-13
WMT,Consumer Staples,2013-04-30,2013-05-16,0.38,0.38,0.0,0.0,0.0,IN_LINE,False,,,,,UNKNOWN,True,True,True,Alpha Vantage EARNINGS,primary_event_data,PRIMARY_EVENT_DATA,False,False,False,True,2013-05-16,1650.469970703125,2013-05-17,1667.469970703125,1.0300096519028301,POSITIVE,2013-05-21,1669.1600341796875,1.1324085750315258,POSITIVE,2013-05-23,1650.510009765625,0.002425918872243568,NEUTRAL,2013-06-14,1626.72998046875,-1.438377592793246,NEGATIVE,2013-06-17,1639.0400390625,-0.6925258770843118,NEGATIVE,0.6573870339073935,1661.3199462890625,POSITIVE,2.2242199894235855,-3.165158479806814,True,Measured from the event-date reference close to subsequent trading-session closes.,True,True,2013-08-15
WMT,Consumer Staples,2013-01-31,2013-02-21,0.56,0.52,0.04,7.6923,7.692307692307699,BEAT,True,,,,,UNKNOWN,True,True,True,Alpha Vantage EARNINGS,primary_event_data,PRIMARY_EVENT_DATA,False,False,False,True,2013-02-21,1502.4200439453125,2013-02-22,1515.5999755859375,0.8772467921830217,POSITIVE,2013-02-26,1496.93994140625,-0.364751692520815,NEGATIVE,2013-02-28,1514.6800537109375,0.8160174523118423,POSITIVE,2013-03-21,1545.800048828125,2.8873419958441073,STRONG_POSITIVE,2013-03-22,1556.8900146484375,3.6254821627704326,STRONG_POSITIVE,10.178906508664204,1655.3499755859375,STRONG_POSITIVE,4.073424833388515,-1.1587993816941662,True,Measured from the event-date reference close to subsequent trading-session closes.,True,True,2013-05-22
WMT,Consumer Staples,2012-10-31,2012-11-15,0.36,0.36,0.0,0.0,0.0,IN_LINE,False,,,,,UNKNOWN,True,True,True,Alpha Vantage EARNINGS,primary_event_data,PRIMARY_EVENT_DATA,False,False,False,True,2012-11-15,1353.3299560546875,2012-11-16,1359.8800048828125,0.4839949635948438,POSITIVE,2012-11-20,1387.81005859375,2.547797186103902,STRONG_POSITIVE,2012-11-23,1409.1500244140625,4.124645886218699,STRONG_POSITIVE,2012-12-14,1413.5799560546875,4.4519815533858855,STRONG_POSITIVE,2012-12-17,1430.3599853515625,5.691888290231732,STRONG_POSITIVE,13.123923294311926,1530.93994140625,STRONG_POSITIVE,6.300016443453327,-0.7374388207473265,True,Measured from the event-date reference close to subsequent trading-session closes.,True,True,2013-02-19
WMT,Consumer Staples,2012-07-31,2012-08-16,0.39,0.39,0.0,0.0,0.0,IN_LINE,False,,,,,UNKNOWN,True,True,True,Alpha Vantage EARNINGS,primary_event_data,PRIMARY_EVENT_DATA,False,False,False,True,2012-08-16,1415.510009765625,2012-08-17,1418.1600341796875,0.1872133998191423,NEUTRAL,2012-08-21,1413.1700439453125,-0.16530902672316272,NEUTRAL,2012-08-23,1402.0799560546875,-0.9487784345065281,NEGATIVE,2012-09-14,1465.77001953125,3.5506643837825544,STRONG_POSITIVE,2012-09-17,1461.18994140625,3.227100573325407,STRONG_POSITIVE,-3.9300326030208375,1359.8800048828125,STRONG_NEGATIVE,4.168108992021116,-1.3387366419975133,True,Measured from the event-date reference close to subsequent trading-session closes.,True,True,2012-11-16
WMT,Consumer Staples,2012-04-30,2012-05-17,0.36,0.35,0.01,2.8571,2.85714285714286,IN_LINE,True,,,,,UNKNOWN,True,True,True,Alpha Vantage EARNINGS,primary_event_data,PRIMARY_EVENT_DATA,False,False,False,True,2012-05-17,1304.8599853515625,2012-05-18,1295.219970703125,-0.7387777046316762,NEGATIVE,2012-05-22,1316.6300048828125,0.9020139833684039,POSITIVE,2012-05-24,1320.6800537109375,1.2123958537292927,POSITIVE,2012-06-15,1342.8399658203125,2.9106556178529166,STRONG_POSITIVE,2012-06-18,1344.780029296875,3.05933543778316,STRONG_POSITIVE,8.47983888357574,1415.510009765625,STRONG_POSITIVE,2.9474396769962956,-2.9213858609448433,True,Measured from the event-date reference close to subsequent trading-session closes.,True,True,2012-08-16
WMT,Consumer Staples,2012-01-31,2012-02-21,0.48,0.49,-0.01,-2.0408,-2.040816326530614,IN_LINE,False,,,,,UNKNOWN,True,True,True,Alpha Vantage EARNINGS,primary_event_data,PRIMARY_EVENT_DATA,False,False,False,True,2012-02-21,1362.2099609375,2012-02-22,1357.6600341796875,-0.33401068031253783,NEGATIVE,2012-02-24,1365.739990234375,0.25913988284490036,POSITIVE,2012-02-28,1372.1800537109375,0.7319057310795087,POSITIVE,2012-03-20,1405.52001953125,3.179396703570069,STRONG_POSITIVE,2012-03-21,1402.8900146484375,2.9863277231463408,STRONG_POSITIVE,-3.393013707763192,1315.989990234375,STRONG_NEGATIVE,3.8019131079365374,-1.6282314971005154,True,Measured from the event-date reference close to subsequent trading-session closes.,True,True,2012-05-21
WMT,Consumer Staples,2011-10-31,2011-11-15,0.32,0.33,-0.01,-3.0303,-3.030303030303033,MISS,False,,,,,UNKNOWN,True,True,True,Alpha Vantage EARNINGS,primary_event_data,PRIMARY_EVENT_DATA,False,False,False,True,2011-11-15,1257.81005859375,2011-11-16,1236.9100341796875,-1.661620073020328,NEGATIVE,2011-11-18,1215.6500244140625,-3.351860155008065,STRONG_NEGATIVE,2011-11-22,1188.0400390625,-5.546943996397508,STRONG_NEGATIVE,2011-12-14,1211.8199462890625,-3.6563638516379107,STRONG_NEGATIVE,2011-12-15,1215.75,-3.3439117700150818,STRONG_NEGATIVE,7.968610187519774,1358.0400390625,STRONG_POSITIVE,0.7354051541249109,-7.882750160617548,True,Measured from the event-date reference close to subsequent trading-session closes.,True,True,2012-02-16
WMT,Consumer Staples,2011-07-31,2011-08-16,0.36,0.36,0.0,0.0,0.0,IN_LINE,False,,,,,UNKNOWN,True,True,True,Alpha Vantage EARNINGS,primary_event_data,PRIMARY_EVENT_DATA,False,False,False,True,2011-08-16,1192.760009765625,2011-08-17,1193.8900146484375,0.09473866272851852,NEUTRAL,2011-08-19,1123.530029296875,-5.804183566009524,STRONG_NEGATIVE,2011-08-23,1162.3499755859375,-2.549551790025473,STRONG_NEGATIVE,2011-09-14,1188.6800537109375,-0.3420600976963675,NEGATIVE,2011-09-15,1209.1099853515625,1.3707682561515655,POSITIVE,4.948188994267784,1251.780029296875,STRONG_POSITIVE,3.181692114185828,-6.008756443753972,True,Measured from the event-date reference close to subsequent trading-session closes.,True,True,2011-11-14
WMT,Consumer Staples,2011-04-30,2011-05-17,0.33,0.32,0.01,3.125,3.1250000000000027,BEAT,True,,,,,UNKNOWN,True,True,True,Alpha Vantage EARNINGS,primary_event_data,PRIMARY_EVENT_DATA,False,False,False,True,2011-05-17,1328.97998046875,2011-05-18,1340.6800537109375,0.8803799465858559,POSITIVE,2011-05-20,1333.27001953125,0.3228068989411596,POSITIVE,2011-05-24,1316.280029296875,-0.9556164395640894,NEGATIVE,2011-06-15,1265.4200439453125,-4.782610532704865,STRONG_NEGATIVE,2011-06-16,1267.6400146484375,-4.615567331471541,STRONG_NEGATIVE,-10.249964085619883,1192.760009765625,STRONG_NEGATIVE,1.3423803279579947,-5.04747678975777,True,Measured from the event-date reference close to subsequent trading-session closes.,True,True,2011-08-16
WMT,Consumer Staples,2011-01-31,2011-02-22,0.45,0.44,0.01,2.2727,2.2727272727272747,IN_LINE,True,,,,,UNKNOWN,True,True,True,Alpha Vantage EARNINGS,primary_event_data,PRIMARY_EVENT_DATA,False,False,False,True,2011-02-22,1315.43994140625,2011-02-23,1307.4000244140625,-0.6111960522950638,NEGATIVE,2011-02-25,1319.8800048828125,0.3375344884097043,POSITIVE,2011-03-01,1306.3299560546875,-0.6925428569413528,NEGATIVE,2011-03-22,1293.77001953125,-1.6473516724628354,NEGATIVE,2011-03-23,1297.5400390625,-1.3607540549980863,NEGATIVE,0.14672305820927156,1317.3699951171875,NEUTRAL,1.2801867542977579,-5.046972536591214,True,Measured from the event-date reference close to subsequent trading-session closes.,True,True,2011-05-23
WMT,Consumer Staples,2010-10-31,2010-11-16,0.3,0.3,0.0,0.0,0.0,IN_LINE,False,,,,,UNKNOWN,True,True,True,Alpha Vantage EARNINGS,primary_event_data,PRIMARY_EVENT_DATA,False,False,False,True,2010-11-16,1178.3399658203125,2010-11-17,1178.5899658203125,0.02121628793486268,NEUTRAL,2010-11-19,1199.72998046875,1.815266838848722,POSITIVE,2010-11-23,1180.72998046875,0.20282895579915844,NEUTRAL,2010-12-15,1235.22998046875,4.8279797255992225,STRONG_POSITIVE,2010-12-16,1242.8699951171875,5.476350728030497,STRONG_POSITIVE,13.40699501427593,1336.3199462890625,STRONG_POSITIVE,5.8039289706029065,-0.39886206936918117,True,Measured from the event-date reference close to subsequent trading-session closes.,True,True,2011-02-16
WMT,Consumer Staples,2010-07-31,2010-08-17,0.32,0.32,0.0,0.0,0.0,IN_LINE,False,,,,,UNKNOWN,True,True,True,Alpha Vantage EARNINGS,primary_event_data,PRIMARY_EVENT_DATA,False,False,False,True,2010-08-17,1092.5400390625,2010-08-18,1094.1600341796875,0.14827787168126166,NEUTRAL,2010-08-20,1071.68994140625,-1.9084058167919689,NEGATIVE,2010-08-24,1051.8699951171875,-3.7225220578836766,STRONG_NEGATIVE,2010-09-15,1125.0699462890625,2.9774567579670728,STRONG_POSITIVE,2010-09-16,1124.6600341796875,2.939937573798157,STRONG_POSITIVE,9.629849449524967,1197.75,STRONG_POSITIVE,3.1870636355754267,-4.836444066248287,True,Measured from the event-date reference close to subsequent trading-session closes.,True,True,2010-11-15
WMT,Consumer Staples,2010-04-30,2010-05-18,0.29,0.29,0.0,0.0,0.0,IN_LINE,False,,,,,UNKNOWN,True,True,True,Alpha Vantage EARNINGS,primary_event_data,PRIMARY_EVENT_DATA,False,False,False,True,2010-05-18,1120.800048828125,2010-05-19,1115.050048828125,-0.5130263873571408,NEGATIVE,2010-05-21,1087.68994140625,-2.9541493557654586,STRONG_NEGATIVE,2010-05-25,1074.030029296875,-4.172913766389583,STRONG_NEGATIVE,2010-06-16,1114.6099853515625,-0.5522897222421292,NEGATIVE,2010-06-17,1116.0400390625,-0.42469749805970514,NEGATIVE,-2.521414037693237,1092.5400390625,STRONG_NEGATIVE,0.3095976580972759,-7.139544615020006,True,Measured from the event-date reference close to subsequent trading-session closes.,True,True,2010-08-17
WMT,Consumer Staples,2010-01-31,2010-02-18,0.39,0.37,0.02,5.4054,5.405405405405411,BEAT,True,,,,,UNKNOWN,True,True,True,Alpha Vantage EARNINGS,primary_event_data,PRIMARY_EVENT_DATA,False,False,False,True,2010-02-18,1106.75,2010-02-19,1109.1700439453125,0.21866220422972668,NEUTRAL,2010-02-23,1094.5999755859375,-1.0978111058561102,NEGATIVE,2010-02-25,1102.93994140625,-0.34425648012197874,NEGATIVE,2010-03-18,1165.8299560546875,5.338148276908742,STRONG_POSITIVE,2010-03-19,1159.9000244140625,4.802351426615089,STRONG_POSITIVE,0.7499479401965213,1115.050048828125,POSITIVE,5.700471273576914,-1.8730499632934268,True,Measured from the event-date reference close to subsequent trading-session closes.,True,True,2010-05-19
WMT,Consumer Staples,2009-10-31,2009-11-12,0.28,0.27,0.01,3.7037,3.703703703703707,BEAT,True,,,,,UNKNOWN,True,True,True,Alpha Vantage EARNINGS,primary_event_data,PRIMARY_EVENT_DATA,False,False,False,True,2009-11-12,1087.239990234375,2009-11-13,1093.47998046875,0.573929425924616,POSITIVE,2009-11-17,1110.3199462890625,2.122802349250618,STRONG_POSITIVE,2009-11-19,1094.9000244140625,0.704539406983755,POSITIVE,2009-12-11,1106.4100341796875,1.763184220365187,POSITIVE,2009-12-14,1114.1099853515625,2.4713950331605417,STRONG_POSITIVE,0.701777431969524,1094.8699951171875,POSITIVE,2.9331164172468496,-0.3219160471871081,True,Measured from the event-date reference close to subsequent trading-session closes.,True,True,2010-02-16
WMT,Consumer Staples,2009-07-31,2009-08-13,0.29,0.28,0.01,3.5714,3.5714285714285547,BEAT,True,,,,,UNKNOWN,True,True,True,Alpha Vantage EARNINGS,primary_event_data,PRIMARY_EVENT_DATA,False,False,False,True,2009-08-13,1012.72998046875,2009-08-14,1004.0900268554688,-0.8531349698250446,NEGATIVE,2009-08-18,989.6699829101562,-2.2770134195020324,STRONG_NEGATIVE,2009-08-20,1007.3699951171875,-0.5292610522976311,NEGATIVE,2009-09-11,1042.72998046875,2.962290104822834,STRONG_POSITIVE,2009-09-14,1049.3399658203125,3.614979911488083,STRONG_POSITIVE,8.470177732584853,1098.510009765625,STRONG_POSITIVE,3.500446706019225,-3.3789826867064816,True,Measured from the event-date reference close to subsequent trading-session closes.,True,True,2009-11-11
WMT,Consumer Staples,2009-04-30,2009-05-14,0.26,0.26,0.0,0.0,0.0,IN_LINE,False,,,,,UNKNOWN,True,True,True,Alpha Vantage EARNINGS,primary_event_data,PRIMARY_EVENT_DATA,False,False,False,True,2009-05-14,893.0700073242188,2009-05-15,882.8800048828125,-1.1410082477114123,NEGATIVE,2009-05-19,908.1300048828125,1.6863176945910348,POSITIVE,2009-05-21,888.3300170898438,-0.5307523705310373,NEGATIVE,2009-06-12,946.2100219726562,5.950263049103342,STRONG_POSITIVE,2009-06-15,923.719970703125,3.431977686804024,STRONG_POSITIVE,13.398722626801874,1012.72998046875,STRONG_POSITIVE,7.072230914323131,-1.5821833413875657,True,Measured from the event-date reference close to subsequent trading-session closes.,True,True,2009-08-13
WMT,Consumer Staples,2009-01-31,2009-02-17,0.34,0.32,0.02,6.25,6.250000000000005,BEAT,True,,,,,UNKNOWN,True,True,True,Alpha Vantage EARNINGS,primary_event_data,PRIMARY_EVENT_DATA,False,False,False,True,2009-02-17,789.1699829101562,2009-02-18,788.4199829101562,-0.09503655945380583,NEUTRAL,2009-02-20,770.0499877929688,-2.422798070281423,STRONG_NEGATIVE,2009-02-24,773.1400146484375,-2.031244042329939,STRONG_NEGATIVE,2009-03-17,778.1199951171875,-1.4002037624670711,NEGATIVE,2009-03-18,794.3499755859375,0.6563849092028847,POSITIVE,15.27428078523648,909.7100219726562,STRONG_POSITIVE,1.0656809511018803,-15.50743281333661,True,Measured from the event-date reference close to subsequent trading-session closes.,True,True,2009-05-18
WMT,Consumer Staples,2008-10-31,2008-11-13,0.26,0.25,0.01,4.0,4.000000000000004,BEAT,True,,,,,UNKNOWN,True,True,True,Alpha Vantage EARNINGS,primary_event_data,PRIMARY_EVENT_DATA,False,False,False,True,2008-11-13,911.2899780273438,2008-11-14,873.2899780273438,-4.169913081043429,STRONG_NEGATIVE,2008-11-18,859.1199951171875,-5.724849846707176,STRONG_NEGATIVE,2008-11-20,752.4400024414062,-17.4313313452429,STRONG_NEGATIVE,2008-12-12,879.72998046875,-3.4632222804547044,STRONG_NEGATIVE,2008-12-15,868.5700073242188,-4.687856964651395,STRONG_NEGATIVE,-13.400783292003155,789.1699829101562,STRONG_NEGATIVE,0.7988707735636437,-18.684498085304817,True,Measured from the event-date reference close to subsequent trading-session closes.,True,True,2009-02-17
WMT,Consumer Staples,2008-07-31,2008-08-14,0.29,0.28,0.01,3.5714,3.5714285714285547,BEAT,True,,,,,UNKNOWN,True,True,True,Alpha Vantage EARNINGS,primary_event_data,PRIMARY_EVENT_DATA,False,False,False,True,2008-08-14,1292.9300537109375,2008-08-15,1298.199951171875,0.40759339190948224,POSITIVE,2008-08-19,1266.68994140625,-2.029507491868856,STRONG_NEGATIVE,2008-08-21,1277.719970703125,-1.1764041654192257,NEGATIVE,2008-09-12,1251.699951171875,-3.188888866859025,STRONG_NEGATIVE,2008-09-15,1192.699951171875,-7.752167431748099,STRONG_NEGATIVE,-34.07996160761231,852.2999877929688,STRONG_NEGATIVE,0.7819437194258929,-6.295005241376654,True,Measured from the event-date reference close to subsequent trading-session closes.,True,True,2008-11-12
WMT,Consumer Staples,2008-04-30,2008-05-13,0.25,0.25,0.0,0.0,0.0,IN_LINE,False,,,,,UNKNOWN,True,True,True,Alpha Vantage EARNINGS,primary_event_data,PRIMARY_EVENT_DATA,False,False,False,True,2008-05-13,1403.0400390625,2008-05-14,1408.6600341796875,0.4005584274660284,POSITIVE,2008-05-16,1425.3499755859375,1.5901140311252142,POSITIVE,2008-05-20,1413.4000244140625,0.7383955598647747,POSITIVE,2008-06-11,1335.489990234375,-4.81454890433928,STRONG_NEGATIVE,2008-06-12,1339.8699951171875,-4.502369297138677,STRONG_NEGATIVE,-8.08601822354221,1289.5899658203125,STRONG_NEGATIVE,2.651382008793684,-4.815975772475087,True,Measured from the event-date reference close to subsequent trading-session closes.,True,True,2008-08-12
WMT,Consumer Staples,2008-01-31,2008-02-19,0.35,0.34,0.01,2.9412,2.9411764705882213,IN_LINE,True,,,,,UNKNOWN,True,True,True,Alpha Vantage EARNINGS,primary_event_data,PRIMARY_EVENT_DATA,False,False,False,True,2008-02-19,1348.780029296875,2008-02-20,1360.030029296875,0.8340870828184397,POSITIVE,2008-02-22,1353.1099853515625,0.32102759238989664,POSITIVE,2008-02-26,1381.2900390625,2.410327040694146,STRONG_POSITIVE,2008-03-18,1330.739990234375,-1.3375078716063398,NEGATIVE,2008-03-19,1298.4200439453125,-3.733743402014588,STRONG_NEGATIVE,5.771880803018787,1426.6300048828125,STRONG_POSITIVE,2.933016182339256,-6.806154215968098,True,Measured from the event-date reference close to subsequent trading-session closes.,True,True,2008-05-19
WMT,Consumer Staples,2007-10-31,2007-11-13,0.23,0.22,0.01,4.5455,4.545454545454549,BEAT,True,,,,,UNKNOWN,True,True,True,Alpha Vantage EARNINGS,primary_event_data,PRIMARY_EVENT_DATA,False,False,False,True,2007-11-13,1481.050048828125,2007-11-14,1470.5799560546875,-0.70693713434748,NEGATIVE,2007-11-16,1458.739990234375,-1.5063676350034725,NEGATIVE,2007-11-20,1439.699951171875,-2.7919446536575925,STRONG_NEGATIVE,2007-12-12,1486.5899658203125,0.3740533276759241,POSITIVE,2007-12-13,1488.4100341796875,0.49694372971298706,POSITIVE,-8.925428521551812,1348.8599853515625,STRONG_NEGATIVE,2.87092914210301,-5.060603677876481,True,Measured from the event-date reference close to subsequent trading-session closes.,True,True,2008-02-14
WMT,Consumer Staples,2007-07-31,2007-08-14,0.24,0.25,-0.01,-4.0,-4.000000000000004,MISS,False,,,,,UNKNOWN,True,True,True,Alpha Vantage EARNINGS,primary_event_data,PRIMARY_EVENT_DATA,False,False,False,True,2007-08-14,1426.5400390625,2007-08-15,1406.699951171875,-1.3907838088907478,NEGATIVE,2007-08-17,1445.93994140625,1.3599269429899294,POSITIVE,2007-08-21,1447.1199951171875,1.4426483303064055,POSITIVE,2007-09-12,1471.56005859375,3.155888954987654,STRONG_POSITIVE,2007-09-13,1483.949951171875,4.024416457816628,STRONG_POSITIVE,0.8860609798757784,1439.1800537109375,POSITIVE,4.897162605928215,-3.9213805392609546,True,Measured from the event-date reference close to subsequent trading-session closes.,True,True,2007-11-12
WMT,Consumer Staples,2007-04-30,2007-05-15,0.23,0.23,0.0,0.0,0.0,IN_LINE,False,,,,,UNKNOWN,True,True,True,Alpha Vantage EARNINGS,primary_event_data,PRIMARY_EVENT_DATA,False,False,False,True,2007-05-15,1501.18994140625,2007-05-16,1514.1400146484375,0.8626538777668887,POSITIVE,2007-05-18,1522.75,1.4361979120079547,POSITIVE,2007-05-22,1524.1199951171875,1.5274585233003635,POSITIVE,2007-06-13,1515.6700439453125,0.9645749774674193,POSITIVE,2007-06-14,1522.969970703125,1.450851001337806,POSITIVE,-4.972715329668489,1426.5400390625,STRONG_NEGATIVE,2.622593990379377,-0.9179322913430978,True,Measured from the event-date reference close to subsequent trading-session closes.,True,True,2007-08-14
WMT,Consumer Staples,2007-01-31,2007-02-20,0.31,0.3,0.01,3.3333,3.3333333333333366,BEAT,True,,,,,UNKNOWN,True,True,True,Alpha Vantage EARNINGS,primary_event_data,PRIMARY_EVENT_DATA,False,False,False,True,2007-02-20,1459.6800537109375,2007-02-21,1457.6300048828125,-0.14044508061291724,NEUTRAL,2007-02-23,1451.18994140625,-0.5816420031981069,NEGATIVE,2007-02-27,1399.0400390625,-4.154336047428523,STRONG_NEGATIVE,2007-03-20,1410.93994140625,-3.3390955902134687,STRONG_NEGATIVE,2007-03-21,1435.0400390625,-1.6880421559365226,NEGATIVE,4.4817987139499,1525.0999755859375,STRONG_POSITIVE,0.12947307002793765,-6.556236279237335,True,Measured from the event-date reference close to subsequent trading-session closes.,True,True,2007-05-21
WMT,Consumer Staples,2006-10-31,2006-11-14,0.2,0.2,0.0,0.0,0.0,IN_LINE,False,,,,,UNKNOWN,True,True,True,Alpha Vantage EARNINGS,primary_event_data,PRIMARY_EVENT_DATA,False,False,False,True,2006-11-14,1393.219970703125,2006-11-15,1396.5699462890625,0.24044843286640852,NEUTRAL,2006-11-17,1401.199951171875,0.572772472154752,POSITIVE,2006-11-21,1402.81005859375,0.6883398237383226,POSITIVE,2006-12-13,1413.2099609375,1.4348050311313385,POSITIVE,2006-12-14,1425.489990234375,2.316218559152873,STRONG_POSITIVE,4.4730961133096265,1455.5400390625,STRONG_POSITIVE,1.7979966807023902,-1.1046363799013394,True,Measured from the event-date reference close to subsequent trading-session closes.,True,True,2007-02-16
WMT,Consumer Staples,2006-07-31,2006-08-15,0.24,0.24,0.0,0.0,0.0,IN_LINE,False,,,,,UNKNOWN,True,True,True,Alpha Vantage EARNINGS,primary_event_data,PRIMARY_EVENT_DATA,False,False,False,True,2006-08-15,1285.5799560546875,2006-08-16,1295.4300537109375,0.7661987579892685,POSITIVE,2006-08-18,1302.300048828125,1.3005875437533845,POSITIVE,2006-08-22,1298.8199462890625,1.0298846191571909,POSITIVE,2006-09-13,1318.0699462890625,2.5272632854422707,STRONG_POSITIVE,2006-09-14,1316.280029296875,2.3880329727917404,STRONG_POSITIVE,7.688365661359178,1384.4200439453125,STRONG_POSITIVE,2.671174805494883,-0.024108692888201468,True,Measured from the event-date reference close to subsequent trading-session closes.,True,True,2006-11-13
WMT,Consumer Staples,2006-04-30,2006-05-16,0.21,0.2,0.01,5.0,4.99999999999999,BEAT,True,,,,,UNKNOWN,True,True,True,Alpha Vantage EARNINGS,primary_event_data,PRIMARY_EVENT_DATA,False,False,False,True,2006-05-16,1292.0799560546875,2006-05-17,1270.3199462890625,-1.6841070603763786,NEGATIVE,2006-05-19,1267.030029296875,-1.938728841077406,NEGATIVE,2006-05-23,1256.5799560546875,-2.7475079876943354,STRONG_NEGATIVE,2006-06-14,1230.0400390625,-4.801554013857146,STRONG_NEGATIVE,2006-06-15,1256.1600341796875,-2.780007669547014,STRONG_NEGATIVE,-0.5030648428172727,1285.5799560546875,NEGATIVE,-0.027086217404543287,-5.633545869285713,True,Measured from the event-date reference close to subsequent trading-session closes.,True,True,2006-08-15
WMT,Consumer Staples,2006-01-31,2006-02-21,0.28,0.28,0.0,0.0,0.0,IN_LINE,False,,,,,UNKNOWN,True,True,True,Alpha Vantage EARNINGS,primary_event_data,PRIMARY_EVENT_DATA,False,False,False,True,2006-02-21,1283.030029296875,2006-02-22,1292.6700439453125,0.7513475466915153,POSITIVE,2006-02-24,1289.4300537109375,0.4988210928757323,POSITIVE,2006-02-28,1280.6600341796875,-0.18471860073971166,NEUTRAL,2006-03-21,1297.22998046875,1.106751272194061,POSITIVE,2006-03-22,1305.0400390625,1.7154711318554956,POSITIVE,-1.6336393170235484,1262.0699462890625,NEGATIVE,2.1706409787773886,-1.1387095405373364,True,Measured from the event-date reference close to subsequent trading-session closes.,True,True,2006-05-22
WMT,Consumer Staples,2005-10-31,2005-11-14,0.2,0.19,0.01,5.2632,5.263157894736847,BEAT,True,,,,,UNKNOWN,True,True,True,Alpha Vantage EARNINGS,primary_event_data,PRIMARY_EVENT_DATA,False,False,False,True,2005-11-14,1233.760009765625,2005-11-15,1229.010009765625,-0.3850019422255669,NEGATIVE,2005-11-17,1242.800048828125,0.7327226519699985,POSITIVE,2005-11-21,1254.8499755859375,1.709405853113923,POSITIVE,2005-12-13,1267.4300537109375,2.7290594344769477,STRONG_POSITIVE,2005-12-14,1272.739990234375,3.1594459343965084,STRONG_POSITIVE,3.74789179973171,1280.0,STRONG_POSITIVE,3.171605869300785,-0.5957378686097761,True,Measured from the event-date reference close to subsequent trading-session closes.,True,True,2006-02-15
WMT,Consumer Staples,2005-07-31,2005-08-16,0.22,0.22,0.0,0.0,0.0,IN_LINE,False,,,,,UNKNOWN,True,True,True,Alpha Vantage EARNINGS,primary_event_data,PRIMARY_EVENT_DATA,False,False,False,True,2005-08-16,1219.3399658203125,2005-08-17,1220.239990234375,0.07381242633648996,NEUTRAL,2005-08-19,1219.7099609375,0.03034388501639781,NEUTRAL,2005-08-23,1217.5899658203125,-0.14352026908448665,NEUTRAL,2005-09-14,1227.1600341796875,0.6413361801123315,POSITIVE,2005-09-15,1227.72998046875,0.6880783771237341,POSITIVE,1.182610621280784,1233.760009765625,POSITIVE,1.9510587473031133,-1.498353211030758,True,Measured from the event-date reference close to subsequent trading-session closes.,True,True,2005-11-14
WMT,Consumer Staples,2005-04-30,2005-05-12,0.18,0.19,-0.01,-5.2632,-5.263157894736847,MISS,False,,,,,UNKNOWN,True,True,True,Alpha Vantage EARNINGS,primary_event_data,PRIMARY_EVENT_DATA,False,False,False,True,2005-05-12,1159.3599853515625,2005-05-13,1154.050048828125,-0.4580058472371136,NEGATIVE,2005-05-17,1173.800048828125,1.2455202576431614,POSITIVE,2005-05-19,1191.0799560546875,2.7359897791803025,STRONG_POSITIVE,2005-06-10,1198.1099853515625,3.342361345018261,STRONG_POSITIVE,2005-06-13,1200.8199462890625,3.5761076336378603,STRONG_POSITIVE,6.766670769510681,1237.81005859375,STRONG_POSITIVE,4.268733685798871,-1.136828233435048,True,Measured from the event-date reference close to subsequent trading-session closes.,True,True,2005-08-11
WMT,Consumer Staples,2005-01-31,2005-02-17,0.25,0.25,0.0,0.0,0.0,IN_LINE,False,,,,,UNKNOWN,True,True,True,Alpha Vantage EARNINGS,primary_event_data,PRIMARY_EVENT_DATA,False,False,False,True,2005-02-17,1200.75,2005-02-18,1201.5899658203125,0.0699534307984593,NEUTRAL,2005-02-23,1190.800048828125,-0.8286446947220487,NEGATIVE,2005-02-25,1211.3699951171875,0.8844468138403082,POSITIVE,2005-03-18,1189.6500244140625,-0.9244202028679992,NEGATIVE,2005-03-21,1183.780029296875,-1.41328092468249,NEGATIVE,-0.8053336619040183,1191.0799560546875,NEGATIVE,2.361855952659796,-1.496562207214241,True,Measured from the event-date reference close to subsequent trading-session closes.,True,True,2005-05-19
WMT,Consumer Staples,2004-10-31,2004-11-16,0.18,0.18,0.0,0.0,0.0,IN_LINE,False,,,,,UNKNOWN,True,True,True,Alpha Vantage EARNINGS,primary_event_data,PRIMARY_EVENT_DATA,False,False,False,True,2004-11-16,1175.4300537109375,2004-11-17,1181.93994140625,0.5538302917098473,POSITIVE,2004-11-19,1170.3399658203125,-0.4330404752333104,NEGATIVE,2004-11-23,1176.93994140625,0.12845406585833413,NEUTRAL,2004-12-15,1205.719970703125,2.5769221142984673,STRONG_POSITIVE,2004-12-16,1203.2099609375,2.3633824181080665,STRONG_POSITIVE,2.9699693315787945,1210.3399658203125,STRONG_POSITIVE,2.6526403287194484,-0.6414706718358463,True,Measured from the event-date reference close to subsequent trading-session closes.,True,True,2005-02-16
WMT,Consumer Staples,2004-07-31,2004-08-12,0.21,0.2,0.01,5.0,4.99999999999999,BEAT,True,,,,,UNKNOWN,True,True,True,Alpha Vantage EARNINGS,primary_event_data,PRIMARY_EVENT_DATA,False,False,False,True,2004-08-12,1063.22998046875,2004-08-13,1064.800048828125,0.14766968466058475,NEUTRAL,2004-08-17,1081.7099609375,1.738098135701804,POSITIVE,2004-08-19,1091.22998046875,2.6334848070833687,STRONG_POSITIVE,2004-09-10,1123.9200439453125,5.708084289516164,STRONG_POSITIVE,2004-09-13,1125.8199462890625,5.886775859416439,STRONG_POSITIVE,9.375210964893146,1162.9100341796875,STRONG_POSITIVE,5.834112133437735,-0.23607402083586876,True,Measured from the event-date reference close to subsequent trading-session closes.,True,True,2004-11-10
WMT,Consumer Staples,2004-04-30,2004-05-13,0.17,0.16,0.01,6.25,6.250000000000005,BEAT,True,,,,,UNKNOWN,True,True,True,Alpha Vantage EARNINGS,primary_event_data,PRIMARY_EVENT_DATA,False,False,False,True,2004-05-13,1096.43994140625,2004-05-14,1095.699951171875,-0.06749026612674454,NEUTRAL,2004-05-18,1091.489990234375,-0.4514566630550134,NEGATIVE,2004-05-20,1089.18994140625,-0.6612309280434858,NEGATIVE,2004-06-14,1125.2900390625,2.631251978949984,STRONG_POSITIVE,2004-06-15,1132.010009765625,3.2441419740468644,STRONG_POSITIVE,-2.8856931769144545,1064.800048828125,STRONG_NEGATIVE,4.171693366626453,-1.557764854204548,True,Measured from the event-date reference close to subsequent trading-session closes.,True,True,2004-08-13
WMT,Consumer Staples,2004-01-31,2004-02-19,0.21,0.21,0.0,0.0,0.0,IN_LINE,False,,,,,UNKNOWN,True,True,True,Alpha Vantage EARNINGS,primary_event_data,PRIMARY_EVENT_DATA,False,False,False,True,2004-02-19,1147.06005859375,2004-02-20,1144.1099853515625,-0.25718559547825004,NEGATIVE,2004-02-24,1139.0899658203125,-0.6948278526242573,NEGATIVE,2004-02-26,1144.9100341796875,-0.18743782402277562,NEUTRAL,2004-03-18,1122.3199462890625,-2.156827981179808,STRONG_NEGATIVE,2004-03-19,1109.780029296875,-3.250050336734663,STRONG_NEGATIVE,-5.089533407203112,1088.6800537109375,STRONG_NEGATIVE,1.4096839789560522,-3.875130417903446,True,Measured from the event-date reference close to subsequent trading-session closes.,True,True,2004-05-19
WMT,Consumer Staples,2003-10-31,2003-11-13,0.15,0.16,-0.01,-6.25,-6.250000000000005,MISS,False,,,,,UNKNOWN,True,True,True,Alpha Vantage EARNINGS,primary_event_data,PRIMARY_EVENT_DATA,False,False,False,True,2003-11-13,1058.4100341796875,2003-11-14,1050.3499755859375,-0.7615251493715179,NEGATIVE,2003-11-18,1034.1500244140625,-2.2921182700641656,STRONG_NEGATIVE,2003-11-20,1033.6500244140625,-2.3393589408678515,STRONG_NEGATIVE,2003-12-12,1074.1400146484375,1.4861896581452385,POSITIVE,2003-12-15,1068.0400390625,0.909855781013656,POSITIVE,9.313966503642526,1156.989990234375,STRONG_POSITIVE,1.5447676286071326,-2.570845147826047,True,Measured from the event-date reference close to subsequent trading-session closes.,True,True,2004-02-17
WMT,Consumer Staples,2003-07-31,2003-08-13,0.17,0.17,0.0,0.0,0.0,IN_LINE,False,,,,,UNKNOWN,True,True,True,Alpha Vantage EARNINGS,primary_event_data,PRIMARY_EVENT_DATA,False,False,False,True,2003-08-13,984.030029296875,2003-08-14,990.510009765625,0.6585145042148948,POSITIVE,2003-08-18,999.739990234375,1.5964920246108072,POSITIVE,2003-08-20,1000.2999877929688,1.6534006088939401,POSITIVE,2003-09-11,1016.4199829101562,3.2915615020839395,STRONG_POSITIVE,2003-09-12,1018.6300048828125,3.5161503771038807,STRONG_POSITIVE,6.355488667035347,1046.5699462890625,STRONG_POSITIVE,4.9165171226920545,-0.37296056380869586,True,Measured from the event-date reference close to subsequent trading-session closes.,True,True,2003-11-11
WMT,Consumer Staples,2003-04-30,2003-05-13,0.14,0.14,0.0,0.0,0.0,IN_LINE,False,,,,,UNKNOWN,True,True,True,Alpha Vantage EARNINGS,primary_event_data,PRIMARY_EVENT_DATA,False,False,False,True,2003-05-13,942.2999877929688,2003-05-14,939.280029296875,-0.3204880118025917,NEGATIVE,2003-05-16,944.2999877929688,0.21224663333428978,NEUTRAL,2003-05-20,919.72998046875,-2.3952040344478465,STRONG_NEGATIVE,2003-06-11,997.47998046875,5.85588383642267,STRONG_POSITIVE,2003-06-12,998.510009765625,5.965193961671372,STRONG_POSITIVE,5.099224070405669,990.3499755859375,STRONG_POSITIVE,6.9394052314053765,-3.210230329181133,True,Measured from the event-date reference close to subsequent trading-session closes.,True,True,2003-08-12
WMT,Consumer Staples,2003-01-31,2003-02-18,0.19,0.19,0.0,0.0,0.0,IN_LINE,False,,,,,UNKNOWN,True,True,True,Alpha Vantage EARNINGS,primary_event_data,PRIMARY_EVENT_DATA,False,False,False,True,2003-02-18,851.1699829101562,2003-02-19,845.1300048828125,-0.7096089087508728,NEGATIVE,2003-02-21,848.1699829101562,-0.3524560381867531,NEGATIVE,2003-02-25,838.5700073242188,-1.4803124920897814,NEGATIVE,2003-03-18,866.4500122070312,1.7951795297846938,POSITIVE,2003-03-19,874.02001953125,2.6845444599643087,STRONG_POSITIVE,8.176984388374544,920.77001953125,STRONG_POSITIVE,1.8527462020373637,-7.3158076231955835,True,Measured from the event-date reference close to subsequent trading-session closes.,True,True,2003-05-19
WMT,Consumer Staples,2002-10-31,2002-11-13,0.14,0.13,0.01,7.6923,7.692307692307699,BEAT,True,,,,,UNKNOWN,True,True,True,Alpha Vantage EARNINGS,primary_event_data,PRIMARY_EVENT_DATA,False,False,False,True,2002-11-13,882.530029296875,2002-11-14,904.27001953125,2.4633711616244467,STRONG_POSITIVE,2002-11-18,900.3599853515625,2.0203228743267685,STRONG_POSITIVE,2002-11-20,914.1500244140625,3.5828803629922517,STRONG_POSITIVE,2002-12-12,901.5800170898438,2.158565392743198,STRONG_POSITIVE,2002-12-13,889.47998046875,0.7875030810466733,POSITIVE,-5.3981182585246446,834.8900146484375,STRONG_NEGATIVE,8.130034969706845,0.0,True,Measured from the event-date reference close to subsequent trading-session closes.,True,True,2003-02-14
WMT,Consumer Staples,2002-07-31,2002-08-13,0.12,0.12,0.0,0.0,0.0,IN_LINE,False,,,,,UNKNOWN,True,True,True,Alpha Vantage EARNINGS,primary_event_data,PRIMARY_EVENT_DATA,False,False,False,True,2002-08-13,884.2100219726562,2002-08-14,919.6199951171875,4.00470162796077,STRONG_POSITIVE,2002-08-16,928.77001953125,5.039526407898117,STRONG_POSITIVE,2002-08-20,937.4299926757812,6.0189286912166216,STRONG_POSITIVE,2002-09-11,909.4500122070312,2.8545243332647425,STRONG_POSITIVE,2002-09-12,886.9099731445312,0.30535179479774033,POSITIVE,-0.9070265357722913,876.1900024414062,NEGATIVE,9.136967012328451,-1.5505390836974957,True,Measured from the event-date reference close to subsequent trading-session closes.,True,True,2002-11-11
WMT,Consumer Staples,2002-04-30,2002-05-14,0.1,0.1,0.0,0.0,0.0,IN_LINE,False,,,,,UNKNOWN,True,True,True,Alpha Vantage EARNINGS,primary_event_data,PRIMARY_EVENT_DATA,False,False,False,True,2002-05-14,1097.280029296875,2002-05-15,1091.0699462890625,-0.565952431649727,NEGATIVE,2002-05-17,1106.5899658203125,0.8484558430725477,POSITIVE,2002-05-21,1079.8800048828125,-1.5857414652130544,NEGATIVE,2002-06-12,1020.260009765625,-7.0191762790582795,STRONG_NEGATIVE,2002-06-13,1009.5599975585938,-7.994315889854596,STRONG_NEGATIVE,-19.41801560543772,884.2100219726562,STRONG_NEGATIVE,0.8484558430725477,-8.630432494767446,True,Measured from the event-date reference close to subsequent trading-session closes.,True,True,2002-08-13
WMT,Consumer Staples,2002-01-31,2002-02-19,0.16,0.16,0.0,0.0,0.0,IN_LINE,False,,,,,UNKNOWN,True,True,True,Alpha Vantage EARNINGS,primary_event_data,PRIMARY_EVENT_DATA,False,False,False,True,2002-02-19,1083.3399658203125,2002-02-20,1097.97998046875,1.3513776940142683,POSITIVE,2002-02-22,1089.8399658203125,0.5999963266450855,POSITIVE,2002-02-26,1109.3800048828125,2.403681197414544,STRONG_POSITIVE,2002-03-19,1170.2900390625,8.026111468743636,STRONG_POSITIVE,2002-03-20,1151.8499755859375,6.32396218427599,STRONG_POSITIVE,0.7883064718316216,1091.8800048828125,POSITIVE,8.363023468568759,-0.8289161991684021,True,Measured from the event-date reference close to subsequent trading-session closes.,True,True,2002-05-20
WMT,Consumer Staples,2001-10-31,2001-11-13,0.33,0.33,0.0,0.0,0.0,IN_LINE,False,,,,,UNKNOWN,True,True,True,Alpha Vantage EARNINGS,primary_event_data,PRIMARY_EVENT_DATA,False,False,False,True,2001-11-13,1139.0899658203125,2001-11-14,1141.2099609375,0.18611305347254037,NEUTRAL,2001-11-16,1138.6500244140625,-0.03862218257125787,NEUTRAL,2001-11-20,1142.6600341796875,0.31341408198640613,POSITIVE,2001-12-12,1137.0699462890625,-0.17733625893151367,NEUTRAL,2001-12-13,1119.3800048828125,-1.7303252182812379,NEGATIVE,-1.9849165588321183,1116.47998046875,NEGATIVE,3.031369806862296,-1.1921759002510335,True,Measured from the event-date reference close to subsequent trading-session closes.,True,True,2002-02-14
WMT,Consumer Staples,2001-07-31,2001-09-14,0.37,0.37,0.0,0.0,0.0,IN_LINE,False,,,,,UNKNOWN,True,True,True,Alpha Vantage EARNINGS,primary_event_data,PRIMARY_EVENT_DATA,False,False,False,True,2001-09-10,1092.5400390625,2001-09-17,1038.77001953125,-4.921560547784558,STRONG_NEGATIVE,2001-09-19,1016.0999755859375,-6.996545732287772,STRONG_NEGATIVE,2001-09-21,965.7999877929688,-11.600494877815727,STRONG_NEGATIVE,2001-10-12,1091.6500244140625,-0.08146288617497392,NEUTRAL,2001-10-15,1089.97998046875,-0.23432171840098107,NEUTRAL,2.456657409402008,1119.3800048828125,STRONG_POSITIVE,0.6059270031758347,-13.527196604100428,True,Measured from the event-date reference close to subsequent trading-session closes.,True,True,2001-12-13
WMT,Consumer Staples,2001-04-30,2001-06-15,0.31,0.31,0.0,0.0,0.0,IN_LINE,False,,,,,UNKNOWN,True,True,True,Alpha Vantage EARNINGS,primary_event_data,PRIMARY_EVENT_DATA,False,False,False,True,2001-06-15,1214.3599853515625,2001-06-18,1208.4300537109375,-0.48831744393391374,NEGATIVE,2001-06-20,1223.1400146484375,0.7230170133062432,POSITIVE,2001-06-22,1225.3499755859375,0.905002665349958,POSITIVE,2001-07-16,1202.449951171875,-0.9807663562168094,NEGATIVE,2001-07-17,1214.43994140625,0.006584213548863962,NEUTRAL,-18.925195995953775,984.5399780273438,STRONG_NEGATIVE,2.131164168368091,-3.7797708231282217,True,Measured from the event-date reference close to subsequent trading-session closes.,True,True,2001-09-20
WMT,Consumer Staples,2001-01-31,2001-03-15,0.45,0.45,0.0,0.0,0.0,IN_LINE,False,,,,,UNKNOWN,True,True,True,Alpha Vantage EARNINGS,primary_event_data,PRIMARY_EVENT_DATA,False,False,False,True,2001-03-15,1173.56005859375,2001-03-16,1150.530029296875,-1.962407388376131,NEGATIVE,2001-03-20,1142.6199951171875,-2.6364277865452634,STRONG_NEGATIVE,2001-03-22,1117.5799560546875,-4.77010972971781,STRONG_NEGATIVE,2001-04-12,1183.5,0.8469904316751206,POSITIVE,2001-04-16,1179.6800537109375,0.5214897245668833,POSITIVE,3.9461070768657236,1219.8699951171875,STRONG_POSITIVE,0.8478433718848439,-7.87093225532786,True,Measured from the event-date reference close to subsequent trading-session closes.,True,True,2001-06-14
WMT,Consumer Staples,2000-10-31,2000-11-14,0.31,0.31,0.0,0.0,0.0,IN_LINE,False,,,,,UNKNOWN,True,True,True,Alpha Vantage EARNINGS,primary_event_data,PRIMARY_EVENT_DATA,False,False,False,True,2000-11-14,1382.949951171875,2000-11-15,1389.81005859375,0.4960488567255762,POSITIVE,2000-11-17,1367.719970703125,-1.101267652950457,NEGATIVE,2000-11-21,1347.3499755859375,-2.5742056359863947,STRONG_NEGATIVE,2000-12-13,1359.989990234375,-1.6602163308978999,NEGATIVE,2000-12-14,1340.9300537109375,-3.0384250294329855,STRONG_NEGATIVE,-4.073897668716898,1326.6099853515625,STRONG_NEGATIVE,0.9407433547830609,-6.366819470451649,True,Measured from the event-date reference close to subsequent trading-session closes.,True,True,2001-02-15
WMT,Consumer Staples,2000-07-31,2000-08-09,0.36,0.36,0.0,0.0,0.0,IN_LINE,False,,,,,UNKNOWN,True,True,True,Alpha Vantage EARNINGS,primary_event_data,PRIMARY_EVENT_DATA,False,False,False,True,2000-08-09,1472.8699951171875,2000-08-10,1460.25,-0.8568302130551178,NEGATIVE,2000-08-14,1491.56005859375,1.2689554094063435,POSITIVE,2000-08-16,1479.8499755859375,0.47390336498739283,POSITIVE,2000-09-07,1502.510009765625,2.012398565161837,STRONG_POSITIVE,2000-09-08,1494.5,1.468561716547938,POSITIVE,-2.783680850035775,1431.8699951171875,STRONG_NEGATIVE,3.8849301630706616,-1.3449888034321278,True,Measured from the event-date reference close to subsequent trading-session closes.,True,True,2000-11-07
WMT,Consumer Staples,2000-04-30,2000-05-09,0.3,0.28,0.02,7.1429,7.142857142857128,BEAT,True,,,,,UNKNOWN,True,True,True,Alpha Vantage EARNINGS,primary_event_data,PRIMARY_EVENT_DATA,False,False,False,True,2000-05-09,1412.1400146484375,2000-05-10,1383.050048828125,-2.0599916097947735,STRONG_NEGATIVE,2000-05-12,1420.9599609375,0.6245801547701549,POSITIVE,2000-05-16,1466.0400390625,3.816903696159428,STRONG_POSITIVE,2000-06-07,1471.3599853515625,4.1936330738328556,STRONG_POSITIVE,2000-06-08,1461.6700439453125,3.5074446431011914,STRONG_POSITIVE,5.003755537461972,1482.800048828125,STRONG_POSITIVE,5.034200934955509,-3.6150840779647675,True,Measured from the event-date reference close to subsequent trading-session closes.,True,True,2000-08-08
WMT,Consumer Staples,2000-01-31,2000-02-15,0.43,0.42,0.01,2.381,2.380952380952383,IN_LINE,True,,,,,UNKNOWN,True,True,True,Alpha Vantage EARNINGS,primary_event_data,PRIMARY_EVENT_DATA,False,False,False,True,2000-02-15,1402.050048828125,2000-02-16,1387.6700439453125,-1.0256413381841636,NEGATIVE,2000-02-18,1346.0899658203125,-3.9913042372906444,STRONG_NEGATIVE,2000-02-23,1360.68994140625,-2.9499736800726195,STRONG_NEGATIVE,2000-03-15,1392.1400146484375,-0.7068245664960819,NEGATIVE,2000-03-16,1458.469970703125,4.024101844449665,STRONG_POSITIVE,4.56403038449731,1466.0400390625,STRONG_POSITIVE,0.8138020549916705,-5.490538843702816,True,Measured from the event-date reference close to subsequent trading-session closes.,True,True,2000-05-16
WMT,Consumer Staples,1999-10-31,1999-11-09,0.29,0.28,0.01,3.5714,3.5714285714285547,BEAT,True,,,,,UNKNOWN,True,True,True,Alpha Vantage EARNINGS,primary_event_data,PRIMARY_EVENT_DATA,False,False,False,True,1999-11-09,1365.280029296875,1999-11-10,1373.4599609375,0.5991394779895594,POSITIVE,1999-11-12,1396.06005859375,2.2544846944495953,STRONG_POSITIVE,1999-11-16,1420.0699462890625,4.013090048669689,STRONG_POSITIVE,1999-12-08,1403.8800048828125,2.8272570284219753,STRONG_POSITIVE,1999-12-09,1408.1099853515625,3.137082146931067,STRONG_POSITIVE,3.4007625281486473,1411.7099609375,STRONG_POSITIVE,6.016349238678893,-0.3882023258521219,True,Measured from the event-date reference close to subsequent trading-session closes.,True,True,2000-02-09
WMT,Consumer Staples,1999-07-31,1999-08-10,0.31,0.28,0.03,10.7143,10.714285714285705,LARGE_BEAT,True,,,,,UNKNOWN,True,True,True,Alpha Vantage EARNINGS,primary_event_data,PRIMARY_EVENT_DATA,False,False,False,True,1999-08-10,1281.4300537109375,1999-08-11,1301.9300537109375,1.5997751840323506,POSITIVE,1999-08-13,1327.6800537109375,3.6092488908046936,STRONG_POSITIVE,1999-08-17,1344.1600341796875,4.895310538962941,STRONG_POSITIVE,1999-09-08,1344.1500244140625,4.8945293987363625,STRONG_POSITIVE,1999-09-09,1347.6600341796875,5.168442887456269,STRONG_POSITIVE,7.4588508188874,1377.010009765625,STRONG_POSITIVE,7.913807844267312,0.0,True,Measured from the event-date reference close to subsequent trading-session closes.,True,True,1999-11-08
WMT,Consumer Staples,1999-04-30,1999-05-11,0.25,0.22,0.03,13.6364,13.636363636363637,LARGE_BEAT,True,,,,,UNKNOWN,True,True,True,Alpha Vantage EARNINGS,primary_event_data,PRIMARY_EVENT_DATA,False,False,False,True,1999-05-11,1355.6099853515625,1999-05-12,1364.0,0.6189106556530448,POSITIVE,1999-05-14,1337.800048828125,-1.3137950233391567,NEGATIVE,1999-05-18,1333.3199462890625,-1.6442811209242698,NEGATIVE,1999-06-09,1318.6400146484375,-2.7271834157770125,STRONG_NEGATIVE,1999-06-10,1302.8199462890625,-3.894190780013286,STRONG_NEGATIVE,-5.472070318321479,1281.4300537109375,STRONG_NEGATIVE,1.5026442219592213,-5.775992180929995,True,Measured from the event-date reference close to subsequent trading-session closes.,True,True,1999-08-10
WMT,Consumer Staples,1999-01-31,1999-02-16,0.35,0.33,0.02,6.0606,6.060606060606049,BEAT,True,,,,,UNKNOWN,True,True,True,Alpha Vantage EARNINGS,primary_event_data,PRIMARY_EVENT_DATA,False,False,False,True,1999-02-16,1241.8699951171875,1999-02-17,1224.030029296875,-1.436540530849129,NEGATIVE,1999-02-19,1239.219970703125,-0.21338984148758935,NEUTRAL,1999-02-23,1271.1800537109375,2.3601551457875583,STRONG_POSITIVE,1999-03-16,1306.3800048828125,5.194586391431222,STRONG_POSITIVE,1999-03-17,1297.8199462890625,4.505298573269367,STRONG_POSITIVE,7.860725800688639,1339.489990234375,STRONG_POSITIVE,5.575462045674214,-2.080730343909641,True,Measured from the event-date reference close to subsequent trading-session closes.,True,True,1999-05-17
WMT,Consumer Staples,1998-10-31,1998-11-10,0.23,0.22,0.01,4.5455,4.545454545454549,BEAT,True,,,,,UNKNOWN,True,True,True,Alpha Vantage EARNINGS,primary_event_data,PRIMARY_EVENT_DATA,False,False,False,True,1998-11-10,1128.260009765625,1998-11-11,1120.969970703125,-0.646131122205986,NEGATIVE,1998-11-13,1125.719970703125,-0.22512887459581643,NEUTRAL,1998-11-17,1139.3199462890625,0.9802648704827354,POSITIVE,1998-12-09,1183.489990234375,4.895146507959899,STRONG_POSITIVE,1998-12-10,1165.02001953125,3.2581151017894543,STRONG_POSITIVE,11.148142113359443,1254.0400390625,STRONG_POSITIVE,5.785015773519141,-1.126509920363149,True,Measured from the event-date reference close to subsequent trading-session closes.,True,True,1999-02-11
WMT,Consumer Staples,1998-07-31,1998-08-11,0.23,0.22,0.01,4.5455,4.545454545454549,BEAT,True,,,,,UNKNOWN,True,True,True,Alpha Vantage EARNINGS,primary_event_data,PRIMARY_EVENT_DATA,False,False,False,True,1998-08-11,1068.97998046875,1998-08-12,1084.219970703125,1.4256572164889592,POSITIVE,1998-08-14,1062.75,-0.5827967391885244,NEGATIVE,1998-08-18,1101.199951171875,3.014085510656287,STRONG_POSITIVE,1998-09-09,1006.2000122070312,-5.8728853120513635,STRONG_NEGATIVE,1998-09-10,980.1900024414062,-8.306046853039208,STRONG_NEGATIVE,5.726952031064222,1130.199951171875,STRONG_POSITIVE,3.522987789085956,-12.06757865974564,True,Measured from the event-date reference close to subsequent trading-session closes.,True,True,1998-11-09
WMT,Consumer Staples,1998-04-30,1998-05-12,0.19,0.17,0.02,11.7647,11.764705882352937,LARGE_BEAT,True,,,,,UNKNOWN,True,True,True,Alpha Vantage EARNINGS,primary_event_data,PRIMARY_EVENT_DATA,False,False,False,True,1998-05-12,1115.7900390625,1998-05-13,1118.8599853515625,0.2751365563042582,POSITIVE,1998-05-15,1108.72998046875,-0.6327407797690993,NEGATIVE,1998-05-19,1109.52001953125,-0.5619354279697768,NEGATIVE,1998-06-10,1112.280029296875,-0.3145761875212788,NEGATIVE,1998-06-11,1094.5799560546875,-1.9009027025938916,NEGATIVE,-4.195238974626478,1068.97998046875,STRONG_NEGATIVE,0.9150432052681283,-3.7103776664691583,True,Measured from the event-date reference close to subsequent trading-session closes.,True,True,1998-08-11
WMT,Consumer Staples,1998-01-31,1998-02-24,0.28,0.28,0.0,0.0,0.0,IN_LINE,False,,,,,UNKNOWN,True,True,True,Alpha Vantage EARNINGS,primary_event_data,PRIMARY_EVENT_DATA,False,False,False,True,1998-02-24,1030.56005859375,1998-02-25,1042.9000244140625,1.1974038502084965,POSITIVE,1998-02-27,1049.3399658203125,1.8223010944348657,POSITIVE,1998-03-03,1052.02001953125,2.0823590783038086,STRONG_POSITIVE,1998-03-24,1105.6500244140625,7.286326031573206,STRONG_POSITIVE,1998-03-25,1101.9300537109375,6.925360101241977,STRONG_POSITIVE,6.157812968619631,1094.02001953125,STRONG_POSITIVE,7.3930617406437165,0.0,True,Measured from the event-date reference close to subsequent trading-session closes.,True,True,1998-05-26
WMT,Consumer Staples,1997-10-31,1997-11-11,0.18,0.17,0.01,5.8824,5.88235294117646,BEAT,True,,,,,UNKNOWN,True,True,True,Alpha Vantage EARNINGS,primary_event_data,PRIMARY_EVENT_DATA,False,False,False,True,1997-11-11,923.780029296875,1997-11-12,905.9600219726562,-1.9290314532759767,NEGATIVE,1997-11-14,928.3499755859375,0.49470070191286386,POSITIVE,1997-11-18,938.22998046875,1.564219913140298,POSITIVE,1997-12-10,969.7899780273438,4.9806173841502845,STRONG_POSITIVE,1997-12-11,954.9400024414062,3.373094476641622,STRONG_POSITIVE,10.864056611826777,1024.1400146484375,STRONG_POSITIVE,6.762429227948706,-2.5081776191836624,True,Measured from the event-date reference close to subsequent trading-session closes.,True,True,1998-02-12
WMT,Consumer Staples,1997-07-31,1997-08-12,0.18,0.18,0.0,0.0,0.0,IN_LINE,False,,,,,UNKNOWN,True,True,True,Alpha Vantage EARNINGS,primary_event_data,PRIMARY_EVENT_DATA,False,False,False,True,1997-08-12,926.530029296875,1997-08-13,922.02001953125,-0.48676347479504317,NEGATIVE,1997-08-15,900.8099975585938,-2.775952308615368,STRONG_NEGATIVE,1997-08-19,926.010009765625,-0.05612549132861159,NEUTRAL,1997-09-10,919.030029296875,-0.8094718749365953,NEGATIVE,1997-09-11,912.5900268554688,-1.5045386550487778,NEGATIVE,-0.5828223849539415,921.1300048828125,NEGATIVE,1.4937417442169005,-3.5821831340527055,True,Measured from the event-date reference close to subsequent trading-session closes.,True,True,1997-11-10
WMT,Consumer Staples,1997-04-30,1997-05-12,0.14,0.14,0.0,0.0,0.0,IN_LINE,False,,,,,UNKNOWN,True,True,True,Alpha Vantage EARNINGS,primary_event_data,PRIMARY_EVENT_DATA,False,False,False,True,1997-05-12,837.6599731445312,1997-05-13,833.1300048828125,-0.5407884352780388,NEGATIVE,1997-05-15,841.8800048828125,0.5037881567194232,POSITIVE,1997-05-19,833.27001953125,-0.5240734610729454,NEGATIVE,1997-06-10,865.27001953125,3.2960923610892015,STRONG_POSITIVE,1997-06-11,869.5700073242188,3.8094256861646283,STRONG_POSITIVE,11.85923048018536,937.0,STRONG_POSITIVE,3.866725841852882,-1.3430270468538796,True,Measured from the event-date reference close to subsequent trading-session closes.,True,True,1997-08-11
WMT,Consumer Staples,1997-01-31,1997-02-25,0.24,0.24,0.0,0.0,0.0,IN_LINE,False,,,,,UNKNOWN,True,True,True,Alpha Vantage EARNINGS,primary_event_data,PRIMARY_EVENT_DATA,False,False,False,True,1997-02-25,812.030029296875,1997-02-26,805.6799926757812,-0.7819952947543276,NEGATIVE,1997-02-28,790.8200073242188,-2.611975075727396,STRONG_NEGATIVE,1997-03-04,790.9500122070312,-2.595965214254038,STRONG_NEGATIVE,1997-03-25,789.0700073242188,-2.827484347165954,STRONG_NEGATIVE,1997-03-26,790.5,-2.651383387325902,STRONG_NEGATIVE,4.640221582495885,849.7100219726562,STRONG_POSITIVE,0.3534346038498831,-4.185812105860511,True,Measured from the event-date reference close to subsequent trading-session closes.,True,True,1997-05-27
WMT,Consumer Staples,1996-10-31,1996-11-12,0.15,0.15,0.0,0.0,0.0,IN_LINE,False,,,,,UNKNOWN,True,True,True,Alpha Vantage EARNINGS,primary_event_data,PRIMARY_EVENT_DATA,False,False,False,True,1996-11-12,729.5599975585938,1996-11-13,731.1300048828125,0.21519920629867823,NEUTRAL,1996-11-15,737.6199951171875,1.104775150168019,POSITIVE,1996-11-19,742.1599731445312,1.7270650293467533,POSITIVE,1996-12-11,740.72998046875,1.531057479513074,POSITIVE,1996-12-12,729.2999877929688,-0.035639257428463605,NEUTRAL,10.034818550584864,802.77001953125,STRONG_POSITIVE,4.462963658582272,-0.36597167047139445,True,Measured from the event-date reference close to subsequent trading-session closes.,True,True,1997-02-12
WMT,Consumer Staples,1996-07-31,1996-08-13,0.16,0.15,0.01,6.6667,6.666666666666673,BEAT,True,,,,,UNKNOWN,True,True,True,Alpha Vantage EARNINGS,primary_event_data,PRIMARY_EVENT_DATA,False,False,False,True,1996-08-13,660.2000122070312,1996-08-14,662.0499877929688,0.28021441256159335,POSITIVE,1996-08-16,665.2100219726562,0.7588624163875232,POSITIVE,1996-08-20,665.6900024414062,0.8315646974955525,POSITIVE,1996-09-11,667.280029296875,1.072404871089814,POSITIVE,1996-09-12,671.1500244140625,1.6585901248964912,POSITIVE,10.855798483033254,731.8699951171875,STRONG_POSITIVE,1.5873947705204825,-2.458352196881919,True,Measured from the event-date reference close to subsequent trading-session closes.,True,True,1996-11-11
WMT,Consumer Staples,1996-04-30,1996-05-14,0.13,0.13,0.0,0.0,0.0,IN_LINE,False,,,,,UNKNOWN,True,True,True,Alpha Vantage EARNINGS,primary_event_data,PRIMARY_EVENT_DATA,False,False,False,True,1996-05-14,665.5999755859375,1996-05-15,665.4199829101562,-0.0270421698292281,NEUTRAL,1996-05-17,668.9099731445312,0.49729532451979286,POSITIVE,1996-05-21,672.760009765625,1.0757263284729564,POSITIVE,1996-06-12,669.0399780273438,0.5168273088318498,POSITIVE,1996-06-13,667.9199829101562,0.3485588054861951,POSITIVE,-0.8112926047139023,660.2000122070312,NEGATIVE,2.328726046955624,-0.4687492835979933,True,Measured from the event-date reference close to subsequent trading-session closes.,True,True,1996-08-13
JPM,Financials,2026-06-30,2026-07-14,6.14,5.59,0.55,9.839,9.83899821109123,BEAT,True,,,,,UNKNOWN,True,True,True,Alpha Vantage EARNINGS,primary_event_data,PRIMARY_EVENT_DATA,False,False,False,True,2026-07-14,7543.58984375,2026-07-15,7572.39990234375,0.38191443583878903,POSITIVE,2026-07-17,7457.68994140625,-1.1387138500765603,NEGATIVE,2026-07-21,7509.2001953125,-0.45587908608250277,NEGATIVE,2026-08-11,7728.2001953125,2.4472479997763004,STRONG_POSITIVE,2026-08-12,7748.5,2.7163480583421666,STRONG_POSITIVE,,,UNAVAILABLE,3.3152694832481426,-3.044570643846519,True,Measured from the event-date reference close to subsequent trading-session closes.,True,True,
JPM,Financials,2026-03-31,2026-04-14,5.94,5.51,0.43,7.804,7.803992740471881,BEAT,True,,,,,UNKNOWN,True,True,True,Alpha Vantage EARNINGS,primary_event_data,PRIMARY_EVENT_DATA,False,False,False,True,2026-04-14,6967.3798828125,2026-04-15,7022.9501953125,0.7975783355387838,POSITIVE,2026-04-17,7126.06005859375,2.277472714997077,STRONG_POSITIVE,2026-04-21,7064.009765625,1.3868898271338943,POSITIVE,2026-05-12,7400.9599609375,6.223000402125026,STRONG_POSITIVE,2026-05-13,7444.25,6.8443249142172995,STRONG_POSITIVE,8.683608899002985,7572.39990234375,STRONG_POSITIVE,6.625020305982245,-0.003588149407738097,True,Measured from the event-date reference close to subsequent trading-session closes.,True,True,2026-07-15
JPM,Financials,2025-12-31,2026-01-13,4.63,4.82,-0.19,-3.9419,-3.941908713692954,MISS,False,,,,,UNKNOWN,True,True,True,Alpha Vantage EARNINGS,primary_event_data,PRIMARY_EVENT_DATA,False,False,False,True,2026-01-13,6963.740234375,2026-01-14,6926.60009765625,-0.5333360445499638,NEGATIVE,2026-01-16,6940.009765625,-0.3407718833746794,NEGATIVE,2026-01-21,6875.6201171875,-1.2654136171322714,NEGATIVE,2026-02-11,6941.47021484375,-0.3197996878361266,NEGATIVE,2026-02-12,6832.759765625,-1.8808925138166872,NEGATIVE,0.8502609078555632,7022.9501953125,POSITIVE,0.5534317691950632,-2.636662847590827,True,Measured from the event-date reference close to subsequent trading-session closes.,True,True,2026-04-15
JPM,Financials,2025-09-30,2025-10-14,5.07,4.87,0.2,4.1068,4.106776180698155,BEAT,True,,,,,UNKNOWN,True,True,True,Alpha Vantage EARNINGS,primary_event_data,PRIMARY_EVENT_DATA,False,False,False,True,2025-10-14,6644.31005859375,2025-10-15,6671.06005859375,0.402600115950362,POSITIVE,2025-10-17,6664.009765625,0.29648988168109947,POSITIVE,2025-10-21,6735.35009765625,1.3701955245864665,POSITIVE,2025-11-11,6846.60986328125,3.0447074700531993,STRONG_POSITIVE,2025-11-12,6850.919921875,3.1095758846175583,STRONG_POSITIVE,4.248598222736251,6926.60009765625,STRONG_POSITIVE,4.154378448959243,-0.7573370865446947,True,Measured from the event-date reference close to subsequent trading-session closes.,True,True,2026-01-14
JPM,Financials,2025-06-30,2025-07-15,4.96,4.48,0.48,10.7143,10.714285714285705,LARGE_BEAT,True,,,,,UNKNOWN,True,True,True,Alpha Vantage EARNINGS,primary_event_data,PRIMARY_EVENT_DATA,False,False,False,True,2025-07-15,6243.759765625,2025-07-16,6263.7001953125,0.3193657417327613,POSITIVE,2025-07-18,6296.7900390625,0.8493323802984543,POSITIVE,2025-07-22,6309.6201171875,1.0548187956412731,POSITIVE,2025-08-12,6445.759765625,3.2352301751279797,STRONG_POSITIVE,2025-08-13,6466.580078125,3.5686881120368623,STRONG_POSITIVE,6.581938842062622,6654.72021484375,STRONG_POSITIVE,3.247883433615751,-0.6753930877860864,True,Measured from the event-date reference close to subsequent trading-session closes.,True,True,2025-10-13
JPM,Financials,2025-03-31,2025-04-11,5.07,4.64,0.43,9.2672,9.267241379310358,BEAT,True,,,,,UNKNOWN,True,True,True,Alpha Vantage EARNINGS,primary_event_data,PRIMARY_EVENT_DATA,False,False,False,True,2025-04-11,5363.35986328125,2025-04-14,5405.97021484375,0.7944712390868999,POSITIVE,2025-04-16,5275.7001953125,-1.6344170483298632,NEGATIVE,2025-04-21,5158.2001953125,-3.8252079517042765,STRONG_NEGATIVE,2025-05-12,5844.18994140625,8.965090733830285,STRONG_POSITIVE,2025-05-13,5886.5498046875,9.754891611657914,STRONG_POSITIVE,16.415081679884334,6243.759765625,STRONG_POSITIVE,8.987095145455351,-4.879963066819578,True,Measured from the event-date reference close to subsequent trading-session closes.,True,True,2025-07-15
JPM,Financials,2024-12-31,2025-01-15,4.81,4.04,0.77,19.0594,19.059405940594047,LARGE_BEAT,True,,,,,UNKNOWN,True,True,True,Alpha Vantage EARNINGS,primary_event_data,PRIMARY_EVENT_DATA,False,False,False,True,2025-01-15,5949.91015625,2025-01-16,5937.33984375,-0.21126894641922772,NEUTRAL,2025-01-21,6049.240234375,1.6694382858984873,POSITIVE,2025-01-23,6118.7099609375,2.8370143456735493,STRONG_POSITIVE,2025-02-13,6115.06982421875,2.7758346534906972,STRONG_POSITIVE,2025-02-14,6114.6298828125,2.7684405686272835,STRONG_POSITIVE,-11.331430949915866,5275.7001953125,STRONG_NEGATIVE,2.9961800237267235,-0.43664492045244907,True,Measured from the event-date reference close to subsequent trading-session closes.,True,True,2025-04-16
JPM,Financials,2024-09-30,2024-10-11,4.37,3.99,0.38,9.5238,9.52380952380952,BEAT,True,,,,,UNKNOWN,True,True,True,Alpha Vantage EARNINGS,primary_event_data,PRIMARY_EVENT_DATA,False,False,False,True,2024-10-11,5815.02978515625,2024-10-14,5859.85009765625,0.770766688322228,POSITIVE,2024-10-16,5842.47021484375,0.47188803327449635,POSITIVE,2024-10-18,5864.669921875,0.8536523208438935,POSITIVE,2024-11-08,5995.5400390625,3.1042017079092172,STRONG_POSITIVE,2024-11-11,6001.35009765625,3.204116219242952,STRONG_POSITIVE,0.47945362489662385,5842.91015625,POSITIVE,3.3950025614691723,-2.0381670242479313,True,Measured from the event-date reference close to subsequent trading-session closes.,True,True,2025-01-14
JPM,Financials,2024-06-30,2024-07-12,6.12,5.09,1.03,20.2358,20.23575638506877,LARGE_BEAT,True,,,,,UNKNOWN,True,True,True,Alpha Vantage EARNINGS,primary_event_data,PRIMARY_EVENT_DATA,False,False,False,True,2024-07-12,5615.35009765625,2024-07-15,5631.22021484375,0.2826202625215463,POSITIVE,2024-07-17,5588.27001953125,-0.48225093100255234,NEGATIVE,2024-07-19,5505.0,-1.965150805152972,NEGATIVE,2024-08-09,5344.16015625,-4.8294396019838555,STRONG_NEGATIVE,2024-08-12,5344.39013671875,-4.825344034214252,STRONG_NEGATIVE,2.933026510671041,5780.0498046875,STRONG_POSITIVE,0.967345281666804,-8.834539670791132,True,Measured from the event-date reference close to subsequent trading-session closes.,True,True,2024-10-10
JPM,Financials,2024-03-31,2024-04-12,4.44,4.13,0.31,7.5061,7.506053268765145,BEAT,True,,,,,UNKNOWN,True,True,True,Alpha Vantage EARNINGS,primary_event_data,PRIMARY_EVENT_DATA,False,False,False,True,2024-04-12,5123.41015625,2024-04-15,5061.81982421875,-1.2021354947761997,NEGATIVE,2024-04-17,5022.2099609375,-1.9752507065835208,NEGATIVE,2024-04-19,4967.22998046875,-3.0483637073390906,STRONG_NEGATIVE,2024-05-10,5222.68017578125,1.937577053247463,POSITIVE,2024-05-13,5221.419921875,1.912979102511221,POSITIVE,9.911563648174395,5631.22021484375,STRONG_POSITIVE,2.268996556096289,-3.3151766592227925,True,Measured from the event-date reference close to subsequent trading-session closes.,True,True,2024-07-15
JPM,Financials,2023-12-31,2024-01-12,3.04,3.6,-0.56,-15.5556,-15.555555555555555,LARGE_MISS,False,,,,,UNKNOWN,True,True,True,Alpha Vantage EARNINGS,primary_event_data,PRIMARY_EVENT_DATA,False,False,False,True,2024-01-12,4783.830078125,2024-01-16,4765.97998046875,-0.37313402367431625,NEGATIVE,2024-01-18,4780.93994140625,-0.060414702686989584,NEUTRAL,2024-01-22,4850.43017578125,1.3921919585060514,POSITIVE,2024-02-12,5021.83984375,4.975297235437903,STRONG_POSITIVE,2024-02-13,4953.169921875,3.539838183725204,STRONG_POSITIVE,5.811028852486056,5061.81982421875,STRONG_POSITIVE,5.530297988707891,-1.44257326826496,True,Measured from the event-date reference close to subsequent trading-session closes.,True,True,2024-04-15
JPM,Financials,2023-09-30,2023-10-13,4.33,3.96,0.37,9.3434,9.343434343434346,BEAT,True,,,,,UNKNOWN,True,True,True,Alpha Vantage EARNINGS,primary_event_data,PRIMARY_EVENT_DATA,False,False,False,True,2023-10-13,4327.77978515625,2023-10-16,4373.6298828125,1.0594369383929878,POSITIVE,2023-10-18,4314.60009765625,-0.3045369254971036,NEGATIVE,2023-10-20,4224.16015625,-2.394290699856137,STRONG_NEGATIVE,2023-11-10,4415.240234375,2.020908030457754,STRONG_POSITIVE,2023-11-13,4411.5498046875,1.9356349835213615,POSITIVE,10.12528864836128,4765.97998046875,STRONG_POSITIVE,2.0853648863915475,-5.175864094755752,True,Measured from the event-date reference close to subsequent trading-session closes.,True,True,2024-01-16
JPM,Financials,2023-06-30,2023-07-14,4.75,4.0,0.75,18.75,18.75,LARGE_BEAT,True,,,,,UNKNOWN,True,True,True,Alpha Vantage EARNINGS,primary_event_data,PRIMARY_EVENT_DATA,False,False,False,True,2023-07-14,4505.419921875,2023-07-17,4522.7900390625,0.38553825145495335,POSITIVE,2023-07-19,4565.72021484375,1.338394511818448,POSITIVE,2023-07-21,4536.33984375,0.6862827974119713,POSITIVE,2023-08-11,4464.0498046875,-0.9182299964235783,NEGATIVE,2023-08-14,4489.72021484375,-0.3484626805821981,NEGATIVE,-3.4582804998320165,4349.60986328125,STRONG_NEGATIVE,2.256169327307605,-1.3636895666027244,True,Measured from the event-date reference close to subsequent trading-session closes.,True,True,2023-10-12
JPM,Financials,2023-03-31,2023-04-14,4.1,3.41,0.69,20.2346,20.234604105571837,LARGE_BEAT,True,,,,,UNKNOWN,True,True,True,Alpha Vantage EARNINGS,primary_event_data,PRIMARY_EVENT_DATA,False,False,False,True,2023-04-14,4137.64013671875,2023-04-17,4151.31982421875,0.3306156902965546,POSITIVE,2023-04-19,4154.52001953125,0.4079591809520235,POSITIVE,2023-04-21,4133.52001953125,-0.099576498954966,NEUTRAL,2023-05-12,4124.080078125,-0.3277244551408344,NEGATIVE,2023-05-15,4136.27978515625,-0.03287747405647491,NEUTRAL,9.308443692959322,4522.7900390625,STRONG_POSITIVE,1.191011869759415,-2.15968775604395,True,Measured from the event-date reference close to subsequent trading-session closes.,True,True,2023-07-17
JPM,Financials,2022-12-31,2023-01-13,3.57,3.1,0.47,15.1613,15.161290322580635,LARGE_BEAT,True,,,,,UNKNOWN,True,True,True,Alpha Vantage EARNINGS,primary_event_data,PRIMARY_EVENT_DATA,False,False,False,True,2023-01-13,3999.090087890625,2023-01-17,3990.969970703125,-0.2030491189005214,NEUTRAL,2023-01-19,3898.85009765625,-2.506569945445964,STRONG_NEGATIVE,2023-01-23,4019.81005859375,0.5181171278402991,POSITIVE,2023-02-13,4137.2900390625,3.455784894427584,STRONG_POSITIVE,2023-02-14,4136.1298828125,3.4267743889250197,STRONG_POSITIVE,3.806609328183969,4151.31982421875,STRONG_POSITIVE,4.909863223891323,-2.839397121159092,True,Measured from the event-date reference close to subsequent trading-session closes.,True,True,2023-04-17
JPM,Financials,2022-09-30,2022-10-14,3.12,2.85,0.27,9.4737,9.473684210526317,BEAT,True,,,,,UNKNOWN,True,True,True,Alpha Vantage EARNINGS,primary_event_data,PRIMARY_EVENT_DATA,False,False,False,True,2022-10-14,3583.070068359375,2022-10-17,3677.949951171875,2.648005230217109,STRONG_POSITIVE,2022-10-19,3695.159912109375,3.1283184981454735,STRONG_POSITIVE,2022-10-21,3752.75,4.735601827577948,STRONG_POSITIVE,2022-11-11,3992.929931640625,11.438790072808084,STRONG_POSITIVE,2022-11-14,3957.25,10.442997890129329,STRONG_POSITIVE,11.384089469691009,3990.969970703125,STRONG_POSITIVE,11.677413618119882,1.5511790984825489,True,Measured from the event-date reference close to subsequent trading-session closes.,True,True,2023-01-17
JPM,Financials,2022-06-30,2022-07-14,2.76,2.9,-0.14,-4.8276,-4.827586206896556,MISS,False,,,,,UNKNOWN,True,True,True,Alpha Vantage EARNINGS,primary_event_data,PRIMARY_EVENT_DATA,False,False,False,True,2022-07-14,3790.3798828125,2022-07-15,3863.159912109375,1.920124935943663,POSITIVE,2022-07-19,3936.68994140625,3.860036806790629,STRONG_POSITIVE,2022-07-21,3998.949951171875,5.502616487205866,STRONG_POSITIVE,2022-08-11,4207.27001953125,10.998637329443964,STRONG_POSITIVE,2022-08-12,4280.14990234375,12.92139665873901,STRONG_POSITIVE,-5.6287195508571894,3577.030029296875,STRONG_NEGATIVE,12.334654781108322,0.7070544287565999,True,Measured from the event-date reference close to subsequent trading-session closes.,True,True,2022-10-12
JPM,Financials,2022-03-31,2022-04-13,2.63,2.71,-0.08,-2.952,-2.9520295202952056,IN_LINE,False,,,,,UNKNOWN,True,True,True,Alpha Vantage EARNINGS,primary_event_data,PRIMARY_EVENT_DATA,False,False,False,True,2022-04-13,4446.58984375,2022-04-14,4392.58984375,-1.2144137844397962,NEGATIVE,2022-04-19,4462.2099609375,0.35128306716787006,POSITIVE,2022-04-21,4393.66015625,-1.1903433723350145,NEGATIVE,2022-05-12,3930.080078125,-11.615862577273491,STRONG_NEGATIVE,2022-05-13,4023.889892578125,-9.506160136762109,STRONG_NEGATIVE,-13.120839837761908,3863.159912109375,STRONG_NEGATIVE,1.492156910975493,-13.217313654160886,True,Measured from the event-date reference close to subsequent trading-session closes.,True,True,2022-07-15
JPM,Financials,2021-12-31,2022-01-14,3.33,3.03,0.3,9.901,9.90099009900991,BEAT,True,,,,,UNKNOWN,True,True,True,Alpha Vantage EARNINGS,primary_event_data,PRIMARY_EVENT_DATA,False,False,False,True,2022-01-14,4662.85009765625,2022-01-18,4577.10986328125,-1.838794569400735,NEGATIVE,2022-01-20,4482.72998046875,-3.862875996765072,STRONG_NEGATIVE,2022-01-24,4410.1298828125,-5.41986573771218,STRONG_NEGATIVE,2022-02-14,4401.669921875,-5.601298997635169,STRONG_NEGATIVE,2022-02-15,4471.06982421875,-4.112941000052673,STRONG_NEGATIVE,-5.815330764896276,4391.68994140625,STRONG_NEGATIVE,-0.6564625205651762,-9.441220953897458,True,Measured from the event-date reference close to subsequent trading-session closes.,True,True,2022-04-18
JPM,Financials,2021-09-30,2021-10-13,3.55,3.0,0.55,18.3333,18.333333333333325,LARGE_BEAT,True,,,,,UNKNOWN,True,True,True,Alpha Vantage EARNINGS,primary_event_data,PRIMARY_EVENT_DATA,False,False,False,True,2021-10-13,4363.7998046875,2021-10-14,4438.259765625,1.7063101945583459,POSITIVE,2021-10-18,4486.4599609375,2.810856632750226,STRONG_POSITIVE,2021-10-20,4536.18994140625,3.950459334398709,STRONG_POSITIVE,2021-11-10,4646.7099609375,6.483114920764788,STRONG_POSITIVE,2021-11-11,4649.27001953125,6.541780732862769,STRONG_POSITIVE,8.308133030743212,4726.35009765625,STRONG_POSITIVE,8.128241697327375,0.5259222773658726,True,Measured from the event-date reference close to subsequent trading-session closes.,True,True,2022-01-12
JPM,Financials,2021-06-30,2021-07-13,3.78,3.17,0.61,19.2429,19.24290220820189,LARGE_BEAT,True,,,,,UNKNOWN,True,True,True,Alpha Vantage EARNINGS,primary_event_data,PRIMARY_EVENT_DATA,False,False,False,True,2021-07-13,4369.2099609375,2021-07-14,4374.2998046875,0.11649345752447826,NEUTRAL,2021-07-16,4327.16015625,-0.9624120851010187,NEGATIVE,2021-07-20,4323.06005859375,-1.0562527952730298,NEGATIVE,2021-08-10,4436.75,1.545818115090261,POSITIVE,2021-08-11,4442.41015625,1.6753645617157171,POSITIVE,-0.18355765923249767,4361.18994140625,NEUTRAL,1.739444903757674,-3.1145236631247024,True,Measured from the event-date reference close to subsequent trading-session closes.,True,True,2021-10-11
JPM,Financials,2021-03-31,2021-04-14,4.59,3.06,1.53,50.0,49.99999999999999,LARGE_BEAT,True,,,,,UNKNOWN,True,True,True,Alpha Vantage EARNINGS,primary_event_data,PRIMARY_EVENT_DATA,False,False,False,True,2021-04-14,4124.66015625,2021-04-15,4170.419921875,1.1094190525166372,POSITIVE,2021-04-19,4163.259765625,0.9358252052962696,POSITIVE,2021-04-21,4173.419921875,1.182152317473125,POSITIVE,2021-05-12,4063.0400390625,-1.4939441033494236,NEGATIVE,2021-05-13,4112.5,-0.2948159554811807,NEGATIVE,6.052368897816392,4374.2998046875,STRONG_POSITIVE,2.748829685779037,-1.6432935289176287,True,Measured from the event-date reference close to subsequent trading-session closes.,True,True,2021-07-14
JPM,Financials,2020-12-31,2021-01-15,3.07,2.65,0.42,15.8491,15.84905660377358,LARGE_BEAT,True,,,,,UNKNOWN,True,True,True,Alpha Vantage EARNINGS,primary_event_data,PRIMARY_EVENT_DATA,False,False,False,True,2021-01-15,3768.25,2021-01-19,3798.909912109375,0.8136379515524447,POSITIVE,2021-01-21,3853.070068359375,2.2509140412492536,STRONG_POSITIVE,2021-01-25,3855.360107421875,2.3116859927519404,STRONG_POSITIVE,2021-02-16,3932.590087890625,4.361177944420487,STRONG_POSITIVE,2021-02-17,3931.330078125,4.327740413321834,STRONG_POSITIVE,10.4825785344656,4163.259765625,STRONG_POSITIVE,4.834603108621376,-1.9672230561268493,True,Measured from the event-date reference close to subsequent trading-session closes.,True,True,2021-04-19
JPM,Financials,2020-09-30,2020-10-13,3.09,2.24,0.85,37.9464,37.94642857142856,LARGE_BEAT,True,,,,,UNKNOWN,True,True,True,Alpha Vantage EARNINGS,primary_event_data,PRIMARY_EVENT_DATA,False,False,False,True,2020-10-13,3511.929931640625,2020-10-14,3488.669921875,-0.6623141753502726,NEGATIVE,2020-10-16,3483.81005859375,-0.8006957312425247,NEGATIVE,2020-10-20,3443.1201171875,-1.9593162674797433,NEGATIVE,2020-11-10,3545.530029296875,0.9567416864878467,POSITIVE,2020-11-11,3572.659912109375,1.7292480673263184,POSITIVE,8.482804670047303,3809.840087890625,STRONG_POSITIVE,3.817276005023335,-7.915590448711198,True,Measured from the event-date reference close to subsequent trading-session closes.,True,True,2021-01-13
JPM,Financials,2020-06-30,2020-07-14,1.08,1.21,-0.13,-10.7438,-10.743801652892554,LARGE_MISS,False,,,,,UNKNOWN,True,True,True,Alpha Vantage EARNINGS,primary_event_data,PRIMARY_EVENT_DATA,False,False,False,True,2020-07-14,3197.52001953125,2020-07-15,3226.56005859375,0.9082050740923028,POSITIVE,2020-07-17,3224.72998046875,0.8509707764547139,POSITIVE,2020-07-21,3257.300048828125,1.8695748246054338,POSITIVE,2020-08-11,3333.68994140625,4.258610455704426,STRONG_POSITIVE,2020-08-12,3380.35009765625,5.7178712567311,STRONG_POSITIVE,10.530034186345283,3534.219970703125,STRONG_POSITIVE,5.738509504665252,0.03346557184439051,True,Measured from the event-date reference close to subsequent trading-session closes.,True,True,2020-10-12
JPM,Financials,2020-03-31,2020-04-14,2.89,2.2,0.69,31.3636,31.36363636363636,LARGE_BEAT,True,,,,,UNKNOWN,True,True,True,Alpha Vantage EARNINGS,primary_event_data,PRIMARY_EVENT_DATA,False,False,False,True,2020-04-14,2846.06005859375,2020-04-15,2783.360107421875,-2.2030438529415752,STRONG_NEGATIVE,2020-04-17,2874.56005859375,1.0013843493549452,POSITIVE,2020-04-21,2736.56005859375,-3.8474240791005796,STRONG_NEGATIVE,2020-05-12,2870.1201171875,0.8453812673804983,POSITIVE,2020-05-13,2820.0,-0.9156538533001437,NEGATIVE,12.349000151147822,3197.52001953125,STRONG_POSITIVE,3.8228303896680083,-4.179812037989058,True,Measured from the event-date reference close to subsequent trading-session closes.,True,True,2020-07-14
JPM,Financials,2019-12-31,2020-01-14,2.57,2.36,0.21,8.8983,8.898305084745761,BEAT,True,,,,,UNKNOWN,True,True,True,Alpha Vantage EARNINGS,primary_event_data,PRIMARY_EVENT_DATA,False,False,False,True,2020-01-14,3283.14990234375,2020-01-15,3289.2900390625,0.18701968845122563,NEUTRAL,2020-01-17,3329.6201171875,1.4154155681583773,POSITIVE,2020-01-22,3321.75,1.1757031754381502,POSITIVE,2020-02-12,3379.449951171875,2.933160278773109,STRONG_POSITIVE,2020-02-13,3373.93994140625,2.7653333464209933,STRONG_POSITIVE,-15.222874671823206,2783.360107421875,STRONG_NEGATIVE,2.994687153613882,-2.0854963294318725,True,Measured from the event-date reference close to subsequent trading-session closes.,True,True,2020-04-15
JPM,Financials,2019-09-30,2019-10-15,2.68,2.45,0.23,9.3878,9.387755102040815,BEAT,True,,,,,UNKNOWN,True,True,True,Alpha Vantage EARNINGS,primary_event_data,PRIMARY_EVENT_DATA,False,False,False,True,2019-10-15,2995.679931640625,2019-10-16,2989.68994140625,-0.19995427986508893,NEUTRAL,2019-10-18,2986.199951171875,-0.3164550514433015,NEGATIVE,2019-10-22,2995.989990234375,0.010350190969173138,NEUTRAL,2019-11-12,3091.840087890625,3.209960958590679,STRONG_POSITIVE,2019-11-13,3094.0400390625,3.2833984159317966,STRONG_POSITIVE,9.801117413136836,3289.2900390625,STRONG_POSITIVE,3.5694793242710756,-0.6465935443332501,True,Measured from the event-date reference close to subsequent trading-session closes.,True,True,2020-01-15
JPM,Financials,2019-06-30,2019-07-16,2.82,2.49,0.33,13.253,13.253012048192756,LARGE_BEAT,True,,,,,UNKNOWN,True,True,True,Alpha Vantage EARNINGS,primary_event_data,PRIMARY_EVENT_DATA,False,False,False,True,2019-07-16,3004.0400390625,2019-07-17,2984.419921875,-0.6531243569450905,NEGATIVE,2019-07-19,2976.610107421875,-0.9131013995800578,NEGATIVE,2019-07-23,3005.469970703125,0.04760028568298486,NEUTRAL,2019-08-13,2926.320068359375,-2.587181585215483,STRONG_NEGATIVE,2019-08-14,2840.60009765625,-5.440671205476219,STRONG_NEGATIVE,-1.2613059821457888,2966.14990234375,NEGATIVE,0.7969248443746166,-6.055842116264653,True,Measured from the event-date reference close to subsequent trading-session closes.,True,True,2019-10-14
JPM,Financials,2019-03-31,2019-04-12,2.65,2.35,0.3,12.766,12.765957446808502,LARGE_BEAT,True,,,,,UNKNOWN,True,True,True,Alpha Vantage EARNINGS,primary_event_data,PRIMARY_EVENT_DATA,False,False,False,True,2019-04-12,2907.409912109375,2019-04-15,2905.580078125,-0.06293691084816536,NEUTRAL,2019-04-17,2900.449951171875,-0.23938698525143404,NEUTRAL,2019-04-22,2907.969970703125,0.01926314522824434,NEUTRAL,2019-05-13,2811.8701171875,-3.2860792874080578,STRONG_NEGATIVE,2019-05-14,2834.409912109375,-2.5108258624267146,STRONG_NEGATIVE,3.676472872763903,3014.300048828125,STRONG_POSITIVE,1.606927544290749,-3.645168162471447,True,Measured from the event-date reference close to subsequent trading-session closes.,True,True,2019-07-15
JPM,Financials,2018-12-31,2019-02-26,1.98,2.19,-0.21,-9.589,-9.589041095890408,MISS,False,,,,,UNKNOWN,True,True,True,Alpha Vantage EARNINGS,primary_event_data,PRIMARY_EVENT_DATA,False,False,False,True,2019-02-26,2793.89990234375,2019-02-27,2792.3798828125,-0.054404938773034935,NEUTRAL,2019-03-01,2803.68994140625,0.35040765255359796,POSITIVE,2019-03-05,2789.64990234375,-0.15211711759733249,NEUTRAL,2019-03-26,2818.4599609375,0.8790600756006696,POSITIVE,2019-03-27,2805.3701171875,0.41054494594197355,POSITIVE,0.3038759630312062,2802.389892578125,POSITIVE,2.3769697759855237,-2.563795601711108,True,Measured from the event-date reference close to subsequent trading-session closes.,True,True,2019-05-28
JPM,Financials,2018-09-30,2018-10-12,2.34,2.26,0.08,3.5398,3.539823008849561,BEAT,True,,,,,UNKNOWN,True,True,True,Alpha Vantage EARNINGS,primary_event_data,PRIMARY_EVENT_DATA,False,False,False,True,2018-10-12,2767.1298828125,2018-10-15,2750.7900390625,-0.5904978964482956,NEGATIVE,2018-10-17,2809.2099609375,1.5207120701623869,POSITIVE,2018-10-19,2767.780029296875,0.02349533675355324,NEUTRAL,2018-11-09,2781.010009765625,0.5016073527787317,POSITIVE,2018-11-12,2726.219970703125,-1.4784239931590897,NEGATIVE,-5.6675993041921755,2610.300048828125,STRONG_NEGATIVE,1.8000621836775963,-5.911896104556101,True,Measured from the event-date reference close to subsequent trading-session closes.,True,True,2019-01-15
JPM,Financials,2018-06-30,2018-07-13,2.29,2.22,0.07,3.1532,3.153153153153146,BEAT,True,,,,,UNKNOWN,True,True,True,Alpha Vantage EARNINGS,primary_event_data,PRIMARY_EVENT_DATA,False,False,False,True,2018-07-13,2801.31005859375,2018-07-16,2798.429931640625,-0.10281357268144804,NEUTRAL,2018-07-18,2815.6201171875,0.510834512939764,POSITIVE,2018-07-20,2801.830078125,0.018563440689284085,NEUTRAL,2018-08-10,2833.280029296875,1.1412507017939257,POSITIVE,2018-08-13,2821.929931640625,0.7360796418667814,POSITIVE,-2.603779655968024,2728.3701171875,STRONG_NEGATIVE,2.217529361175357,-0.43087227428991354,True,Measured from the event-date reference close to subsequent trading-session closes.,True,True,2018-10-11
JPM,Financials,2018-03-31,2018-04-13,2.26,2.29,-0.03,-1.31,-1.3100436681222816,IN_LINE,False,,,,,UNKNOWN,True,True,True,Alpha Vantage EARNINGS,primary_event_data,PRIMARY_EVENT_DATA,False,False,False,True,2018-04-13,2656.300048828125,2018-04-16,2677.840087890625,0.810903838668481,POSITIVE,2018-04-18,2708.639892578125,1.9704040502913318,POSITIVE,2018-04-20,2670.139892578125,0.5210195947594737,POSITIVE,2018-05-11,2727.719970703125,2.6886993397642787,STRONG_POSITIVE,2018-05-14,2730.1298828125,2.779423733284437,STRONG_POSITIVE,5.459097507813502,2801.31005859375,STRONG_POSITIVE,2.882206723127,-2.322024263329597,True,Measured from the event-date reference close to subsequent trading-session closes.,True,True,2018-07-13
JPM,Financials,2017-12-31,2018-01-12,1.76,1.69,0.07,4.142,4.14201183431953,BEAT,True,,,,,UNKNOWN,True,True,True,Alpha Vantage EARNINGS,primary_event_data,PRIMARY_EVENT_DATA,False,False,False,True,2018-01-12,2786.239990234375,2018-01-16,2776.419921875,-0.35244876226720684,NEGATIVE,2018-01-18,2798.030029296875,0.42315231652059654,POSITIVE,2018-01-22,2832.969970703125,1.677169972168088,POSITIVE,2018-02-12,2656.0,-4.674399574008676,STRONG_NEGATIVE,2018-02-13,2662.93994140625,-4.425320477068925,STRONG_NEGATIVE,-3.8905443437638527,2677.840087890625,STRONG_NEGATIVE,3.1092126757479277,-9.100079308200465,True,Measured from the event-date reference close to subsequent trading-session closes.,True,True,2018-04-16
JPM,Financials,2017-09-30,2017-10-12,1.76,1.66,0.1,6.0241,6.024096385542174,BEAT,True,,,,,UNKNOWN,True,True,True,Alpha Vantage EARNINGS,primary_event_data,PRIMARY_EVENT_DATA,False,False,False,True,2017-10-12,2550.929931640625,2017-10-13,2553.169921875,0.08781073155287943,NEUTRAL,2017-10-17,2559.360107421875,0.33047461150091845,POSITIVE,2017-10-19,2562.10009765625,0.43788603822767225,POSITIVE,2017-11-09,2584.6201171875,1.3207021145111277,POSITIVE,2017-11-10,2582.300048828125,1.2297522091218074,POSITIVE,9.224481459685208,2786.239990234375,STRONG_POSITIVE,1.8067955265624351,-0.27166295532735507,True,Measured from the event-date reference close to subsequent trading-session closes.,True,True,2018-01-12
JPM,Financials,2017-06-30,2017-07-14,1.71,1.59,0.12,7.5472,7.547169811320748,BEAT,True,,,,,UNKNOWN,True,True,True,Alpha Vantage EARNINGS,primary_event_data,PRIMARY_EVENT_DATA,False,False,False,True,2017-07-14,2459.27001953125,2017-07-17,2459.139892578125,-0.005291283677332954,NEUTRAL,2017-07-19,2473.830078125,0.5920479848945268,POSITIVE,2017-07-21,2472.5400390625,0.5395918067500102,POSITIVE,2017-08-11,2441.320068359375,-0.7298893992655738,NEGATIVE,2017-08-14,2465.840087890625,0.26715522521708657,POSITIVE,3.7271186726720584,2550.929931640625,STRONG_POSITIVE,1.2849381078647537,-0.8750572064206202,True,Measured from the event-date reference close to subsequent trading-session closes.,True,True,2017-10-12
JPM,Financials,2017-03-31,2017-04-13,1.65,1.51,0.14,9.2715,9.27152317880794,BEAT,True,,,,,UNKNOWN,True,True,True,Alpha Vantage EARNINGS,primary_event_data,PRIMARY_EVENT_DATA,False,False,False,True,2017-04-13,2328.949951171875,2017-04-17,2349.010009765625,0.8613348940219274,POSITIVE,2017-04-19,2338.169921875,0.3958853086768017,POSITIVE,2017-04-21,2348.68994140625,0.8475918610634927,POSITIVE,2017-05-12,2390.89990234375,2.6599949535499117,STRONG_POSITIVE,2017-05-15,2402.320068359375,3.15035182059545,STRONG_POSITIVE,5.595657746693993,2459.27001953125,STRONG_POSITIVE,3.2169075156779074,0.1528611034324142,True,Measured from the event-date reference close to subsequent trading-session closes.,True,True,2017-07-14
JPM,Financials,2016-12-31,2017-01-13,1.58,1.42,0.16,11.2676,11.267605633802829,LARGE_BEAT,True,,,,,UNKNOWN,True,True,True,Alpha Vantage EARNINGS,primary_event_data,PRIMARY_EVENT_DATA,False,False,False,True,2017-01-13,2274.639892578125,2017-01-17,2267.889892578125,-0.2967502689996968,NEGATIVE,2017-01-19,2263.68994140625,-0.4813927341907336,NEGATIVE,2017-01-23,2265.199951171875,-0.4150081706142316,NEGATIVE,2017-02-13,2328.25,2.356861303488007,STRONG_POSITIVE,2017-02-14,2337.580078125,2.767039554359405,STRONG_POSITIVE,3.2695336712488294,2349.010009765625,STRONG_POSITIVE,2.5032615374707854,-0.7746225283556538,True,Measured from the event-date reference close to subsequent trading-session closes.,True,True,2017-04-17
JPM,Financials,2016-09-30,2016-10-14,1.58,1.39,0.19,13.6691,13.669064748201452,LARGE_BEAT,True,,,,,UNKNOWN,True,True,True,Alpha Vantage EARNINGS,primary_event_data,PRIMARY_EVENT_DATA,False,False,False,True,2016-10-14,2132.97998046875,2016-10-17,2126.5,-0.30379940403031536,NEGATIVE,2016-10-19,2144.2900390625,0.5302468235667391,POSITIVE,2016-10-21,2141.159912109375,0.3834978159910978,POSITIVE,2016-11-11,2164.449951171875,1.475399253217982,POSITIVE,2016-11-14,2164.199951171875,1.4636785618711716,POSITIVE,6.324949757837239,2267.889892578125,STRONG_POSITIVE,2.3122611937753055,-2.3061604823613897,True,Measured from the event-date reference close to subsequent trading-session closes.,True,True,2017-01-17
JPM,Financials,2016-06-30,2016-07-14,1.55,1.43,0.12,8.3916,8.391608391608399,BEAT,True,,,,,UNKNOWN,True,True,True,Alpha Vantage EARNINGS,primary_event_data,PRIMARY_EVENT_DATA,False,False,False,True,2016-07-14,2163.75,2016-07-15,2161.739990234375,-0.09289473209127673,NEUTRAL,2016-07-19,2163.780029296875,0.0013878357885615251,NEUTRAL,2016-07-21,2165.169921875,0.0656231946851531,NEUTRAL,2016-08-11,2185.7900390625,1.0186037694974004,POSITIVE,2016-08-12,2184.050048828125,0.9381882762853841,POSITIVE,-1.1355317554881572,2139.179931640625,NEGATIVE,1.1415344273541306,-0.7473100808781051,True,Measured from the event-date reference close to subsequent trading-session closes.,True,True,2016-10-12
JPM,Financials,2016-03-31,2016-04-13,1.35,1.26,0.09,7.1429,7.1428571428571495,BEAT,True,,,,,UNKNOWN,True,True,True,Alpha Vantage EARNINGS,primary_event_data,PRIMARY_EVENT_DATA,False,False,False,True,2016-04-13,2082.419921875,2016-04-14,2082.780029296875,0.017292738034832146,NEUTRAL,2016-04-18,2094.340087890625,0.5724189386784267,POSITIVE,2016-04-20,2102.39990234375,0.9594597256234529,POSITIVE,2016-05-11,2064.4599609375,-0.8624562581656895,NEGATIVE,2016-05-12,2064.110107421875,-0.8792565928124113,NEGATIVE,3.3619544756654247,2152.429931640625,STRONG_POSITIVE,1.3748488790554108,-2.0634632934377164,True,Measured from the event-date reference close to subsequent trading-session closes.,True,True,2016-07-13
JPM,Financials,2015-12-31,2016-01-14,1.32,1.26,0.06,4.7619,4.761904761904765,BEAT,True,,,,,UNKNOWN,True,True,True,Alpha Vantage EARNINGS,primary_event_data,PRIMARY_EVENT_DATA,False,False,False,True,2016-01-14,1921.8399658203125,2016-01-15,1880.3299560546875,-2.159909800185001,STRONG_NEGATIVE,2016-01-20,1859.3299560546875,-3.2526126460765643,STRONG_NEGATIVE,2016-01-22,1906.9000244140625,-0.7773769758125038,NEGATIVE,2016-02-12,1864.780029296875,-2.9690264297881956,STRONG_NEGATIVE,2016-02-16,1895.5799560546875,-1.366399400192318,NEGATIVE,8.267598628099991,2080.72998046875,STRONG_POSITIVE,1.319568007877176,-5.8142193013808114,True,Measured from the event-date reference close to subsequent trading-session closes.,True,True,2016-04-15
JPM,Financials,2015-09-30,2015-10-13,1.32,1.37,-0.05,-3.6496,-3.6496350364963535,MISS,False,,,,,UNKNOWN,True,True,True,Alpha Vantage EARNINGS,primary_event_data,PRIMARY_EVENT_DATA,False,False,False,True,2015-10-13,2003.68994140625,2015-10-14,1994.239990234375,-0.4716274198213891,NEGATIVE,2015-10-16,2033.1099853515625,1.468293239255602,POSITIVE,2015-10-20,2030.77001953125,1.351510409140168,POSITIVE,2015-11-10,2081.719970703125,3.894316564872865,STRONG_POSITIVE,2015-11-11,2075.0,3.558936795565408,STRONG_POSITIVE,-5.660052973554406,1890.280029296875,STRONG_NEGATIVE,5.629116398285682,-0.6468047111323176,True,Measured from the event-date reference close to subsequent trading-session closes.,True,True,2016-01-13
JPM,Financials,2015-06-30,2015-07-14,1.54,1.44,0.1,6.9444,6.94444444444445,BEAT,True,,,,,UNKNOWN,True,True,True,Alpha Vantage EARNINGS,primary_event_data,PRIMARY_EVENT_DATA,False,False,False,True,2015-07-14,2108.949951171875,2015-07-15,2107.39990234375,-0.0734986066057987,NEUTRAL,2015-07-17,2126.639892578125,0.8388032820039316,POSITIVE,2015-07-21,2119.2099609375,0.4864984946619452,POSITIVE,2015-08-11,2084.070068359375,-1.1797284614874364,NEGATIVE,2015-08-12,2086.050048828125,-1.0858438025532693,NEGATIVE,-4.338177403571715,2017.4599609375,STRONG_NEGATIVE,1.1318484430716884,-2.1541493488444834,True,Measured from the event-date reference close to subsequent trading-session closes.,True,True,2015-10-12
JPM,Financials,2015-03-31,2015-04-14,1.45,1.41,0.04,2.8369,2.836879432624116,IN_LINE,True,,,,,UNKNOWN,True,True,True,Alpha Vantage EARNINGS,primary_event_data,PRIMARY_EVENT_DATA,False,False,False,True,2015-04-14,2095.840087890625,2015-04-15,2106.6298828125,0.5148195696902846,POSITIVE,2015-04-17,2081.179931640625,-0.6994883023138865,NEGATIVE,2015-04-21,2097.2900390625,0.06918233792036657,NEUTRAL,2015-05-12,2099.1201171875,0.15650188751643793,NEUTRAL,2015-05-13,2098.47998046875,0.12595868326871926,NEUTRAL,0.625518299654461,2108.949951171875,POSITIVE,1.4352160815212334,-1.331693024255987,True,Measured from the event-date reference close to subsequent trading-session closes.,True,True,2015-07-14
JPM,Financials,2014-12-31,2015-01-14,1.19,1.32,-0.13,-9.8485,-9.848484848484857,MISS,False,,,,,UNKNOWN,True,True,True,Alpha Vantage EARNINGS,primary_event_data,PRIMARY_EVENT_DATA,False,False,False,True,2015-01-14,2011.27001953125,2015-01-15,1992.6700439453125,-0.9247875921837906,NEGATIVE,2015-01-20,2022.550048828125,0.5608411196575158,POSITIVE,2015-01-22,2063.14990234375,2.579458864732206,STRONG_POSITIVE,2015-02-12,2088.47998046875,3.8388659994790104,STRONG_POSITIVE,2015-02-13,2096.989990234375,4.261982223704754,STRONG_POSITIVE,4.659740849961436,2104.989990234375,STRONG_POSITIVE,3.841354418619104,-1.50999094215433,True,Measured from the event-date reference close to subsequent trading-session closes.,True,True,2015-04-16
JPM,Financials,2014-09-30,2014-10-14,1.62,1.38,0.24,17.3913,17.391304347826104,LARGE_BEAT,True,,,,,UNKNOWN,True,True,True,Alpha Vantage EARNINGS,primary_event_data,PRIMARY_EVENT_DATA,False,False,False,True,2014-10-14,1877.699951171875,2014-10-15,1862.489990234375,-0.8100314924121632,NEGATIVE,2014-10-17,1886.760009765625,0.4825083255764908,POSITIVE,2014-10-21,1941.280029296875,3.386061659389169,STRONG_POSITIVE,2014-11-11,2039.6800537109375,8.62651684247904,STRONG_POSITIVE,2014-11-12,2038.25,8.550356979448475,STRONG_POSITIVE,7.11349373343775,2011.27001953125,STRONG_POSITIVE,8.711726174509907,-3.037754618707255,True,Measured from the event-date reference close to subsequent trading-session closes.,True,True,2015-01-14
JPM,Financials,2014-06-30,2014-07-15,1.46,1.3,0.16,12.3077,12.3076923076923,LARGE_BEAT,True,,,,,UNKNOWN,True,True,True,Alpha Vantage EARNINGS,primary_event_data,PRIMARY_EVENT_DATA,False,False,False,True,2014-07-15,1973.280029296875,2014-07-16,1981.5699462890625,0.4201084929208647,POSITIVE,2014-07-18,1978.219970703125,0.2503416308333194,POSITIVE,2014-07-22,1983.530029296875,0.5194397068748682,POSITIVE,2014-08-12,1933.75,-2.003265056655971,STRONG_NEGATIVE,2014-08-13,1946.719970703125,-1.3459852732211535,NEGATIVE,-4.99371795181103,1874.739990234375,STRONG_NEGATIVE,0.9177605348803689,-3.4713775532613145,True,Measured from the event-date reference close to subsequent trading-session closes.,True,True,2014-10-13
JPM,Financials,2014-03-31,2014-04-11,1.28,1.4,-0.12,-8.5714,-8.571428571428562,MISS,False,,,,,UNKNOWN,True,True,True,Alpha Vantage EARNINGS,primary_event_data,PRIMARY_EVENT_DATA,False,False,False,True,2014-04-11,1815.68994140625,2014-04-14,1830.6099853515625,0.8217286225508822,POSITIVE,2014-04-16,1862.31005859375,2.5676254587494585,STRONG_POSITIVE,2014-04-21,1871.8900146484375,3.09524616293576,STRONG_POSITIVE,2014-05-12,1896.6500244140625,4.458915653027686,STRONG_POSITIVE,2014-05-13,1897.449951171875,4.502972005358027,STRONG_POSITIVE,8.889735548938251,1977.0999755859375,STRONG_POSITIVE,4.485350809042168,0.006064219411257074,True,Measured from the event-date reference close to subsequent trading-session closes.,True,True,2014-07-14
JPM,Financials,2013-12-31,2014-01-14,1.4,1.33,0.07,5.2632,5.26315789473683,BEAT,True,,,,,UNKNOWN,True,True,True,Alpha Vantage EARNINGS,primary_event_data,PRIMARY_EVENT_DATA,False,False,False,True,2014-01-14,1838.8800048828125,2014-01-15,1848.3800048828125,0.5166188100786605,POSITIVE,2014-01-17,1838.699951171875,-0.009791487778397721,NEUTRAL,2014-01-22,1844.8599853515625,0.3251968835851848,POSITIVE,2014-02-12,1819.260009765625,-1.0669535295990038,NEGATIVE,2014-02-13,1829.8299560546875,-0.49215004807786455,NEGATIVE,0.22296047458511473,1842.97998046875,NEUTRAL,0.6503937671703696,-5.490296303696768,True,Measured from the event-date reference close to subsequent trading-session closes.,True,True,2014-04-15
JPM,Financials,2013-09-30,2013-10-11,1.42,1.28,0.14,10.9375,10.937499999999991,LARGE_BEAT,True,,,,,UNKNOWN,True,True,True,Alpha Vantage EARNINGS,primary_event_data,PRIMARY_EVENT_DATA,False,False,False,True,2013-10-11,1703.199951171875,2013-10-14,1710.1400146484375,0.40747203355586276,POSITIVE,2013-10-16,1721.5400390625,1.076801809324045,POSITIVE,2013-10-18,1744.5,2.4248502825348712,STRONG_POSITIVE,2013-11-08,1770.6099853515625,3.957846178501032,STRONG_POSITIVE,2013-11-11,1771.8900146484375,4.033000554591419,STRONG_POSITIVE,6.810709448423069,1819.199951171875,STRONG_POSITIVE,4.228512306009469,-0.6499498946935679,True,Measured from the event-date reference close to subsequent trading-session closes.,True,True,2014-01-13
JPM,Financials,2013-06-30,2013-07-12,1.6,1.45,0.15,10.3448,10.344827586206906,LARGE_BEAT,True,,,,,UNKNOWN,True,True,True,Alpha Vantage EARNINGS,primary_event_data,PRIMARY_EVENT_DATA,False,False,False,True,2013-07-12,1680.18994140625,2013-07-15,1682.5,0.13748794328673195,NEUTRAL,2013-07-17,1680.9100341796875,0.04285781956501965,NEUTRAL,2013-07-19,1692.0899658203125,0.7082547110181285,POSITIVE,2013-08-09,1691.4200439453125,0.6683829168542317,POSITIVE,2013-08-12,1689.469970703125,0.5523202507157017,POSITIVE,0.7362332604578457,1692.56005859375,POSITIVE,1.754569636001324,-0.49696616913138486,True,Measured from the event-date reference close to subsequent trading-session closes.,True,True,2013-10-10
JPM,Financials,2013-03-31,2013-04-12,1.59,1.38,0.21,15.2174,15.21739130434784,LARGE_BEAT,True,,,,,UNKNOWN,True,True,True,Alpha Vantage EARNINGS,primary_event_data,PRIMARY_EVENT_DATA,False,False,False,True,2013-04-12,1588.8499755859375,2013-04-15,1552.3599853515625,-2.2966290584432425,STRONG_NEGATIVE,2013-04-17,1552.010009765625,-2.3186560333820454,STRONG_NEGATIVE,2013-04-19,1555.25,-2.114735569892083,STRONG_NEGATIVE,2013-05-10,1633.699951171875,2.822794868936426,STRONG_POSITIVE,2013-05-13,1633.77001953125,2.827204873685248,STRONG_POSITIVE,5.74880997097464,1680.18994140625,STRONG_POSITIVE,2.905248128456216,-3.3244137017771935,True,Measured from the event-date reference close to subsequent trading-session closes.,True,True,2013-07-12
JPM,Financials,2012-12-31,2013-01-16,1.39,1.21,0.18,14.876,14.876033057851236,LARGE_BEAT,True,,,,,UNKNOWN,True,True,True,Alpha Vantage EARNINGS,primary_event_data,PRIMARY_EVENT_DATA,False,False,False,True,2013-01-16,1472.6300048828125,2013-01-17,1480.93994140625,0.5642922184040913,POSITIVE,2013-01-22,1492.56005859375,1.353364636388994,POSITIVE,2013-01-24,1494.8199462890625,1.506823936268758,POSITIVE,2013-02-14,1521.3800048828125,3.3104038243387133,STRONG_POSITIVE,2013-02-15,1519.7900390625,3.2024360513719365,STRONG_POSITIVE,4.684135203006353,1541.6099853515625,STRONG_POSITIVE,3.535167445374731,0.0,True,Measured from the event-date reference close to subsequent trading-session closes.,True,True,2013-04-18
JPM,Financials,2012-09-30,2012-10-12,1.4,1.23,0.17,13.8211,13.821138211382108,LARGE_BEAT,True,,,,,UNKNOWN,True,True,True,Alpha Vantage EARNINGS,primary_event_data,PRIMARY_EVENT_DATA,False,False,False,True,2012-10-12,1428.5899658203125,2012-10-15,1440.1300048828125,0.8077922524027794,POSITIVE,2012-10-17,1460.9100341796875,2.26237542840478,STRONG_POSITIVE,2012-10-19,1433.18994140625,0.3219941127961194,POSITIVE,2012-11-13,1374.530029296875,-3.784146453275393,STRONG_NEGATIVE,2012-11-14,1355.489990234375,-5.116931893327605,STRONG_NEGATIVE,3.082762732216988,1472.6300048828125,STRONG_POSITIVE,2.480071578172759,-4.003944626548608,True,Measured from the event-date reference close to subsequent trading-session closes.,True,True,2013-01-16
JPM,Financials,2012-06-30,2012-07-13,1.21,0.82,0.39,47.561,47.5609756097561,LARGE_BEAT,True,,,,,UNKNOWN,True,True,True,Alpha Vantage EARNINGS,primary_event_data,PRIMARY_EVENT_DATA,False,False,False,True,2012-07-13,1356.780029296875,2012-07-16,1353.6400146484375,-0.23143137285597812,NEUTRAL,2012-07-18,1372.780029296875,1.1792626405543196,POSITIVE,2012-07-20,1362.6600341796875,0.4333793802861101,POSITIVE,2012-08-10,1405.8699951171875,3.618122669873938,STRONG_POSITIVE,2012-08-13,1404.1099853515625,3.488403059648168,STRONG_POSITIVE,5.605915099063928,1432.8399658203125,STRONG_POSITIVE,3.7117280814975286,-2.0298086991133037,True,Measured from the event-date reference close to subsequent trading-session closes.,True,True,2012-10-11
JPM,Financials,2012-03-31,2012-04-13,1.31,1.17,0.14,11.9658,11.965811965811977,LARGE_BEAT,True,,,,,UNKNOWN,True,True,True,Alpha Vantage EARNINGS,primary_event_data,PRIMARY_EVENT_DATA,False,False,False,True,2012-04-13,1370.260009765625,2012-04-16,1369.5699462890625,-0.05036003909072201,NEUTRAL,2012-04-18,1385.1400146484375,1.085925647451219,POSITIVE,2012-04-20,1378.530029296875,0.6035365165961852,POSITIVE,2012-05-11,1353.3900146484375,-1.2311528466829456,NEGATIVE,2012-05-14,1338.3499755859375,-2.3287576045618907,STRONG_NEGATIVE,-0.9837534754484787,1356.780029296875,NEGATIVE,3.2884223579687433,-1.9799165625108572,True,Measured from the event-date reference close to subsequent trading-session closes.,True,True,2012-07-13
JPM,Financials,2011-12-31,2012-01-13,0.9,0.91,-0.01,-1.0989,-1.0989010989011,IN_LINE,False,,,,,UNKNOWN,True,True,True,Alpha Vantage EARNINGS,primary_event_data,PRIMARY_EVENT_DATA,False,False,False,True,2012-01-13,1289.0899658203125,2012-01-17,1293.6700439453125,0.35529546008726137,POSITIVE,2012-01-19,1314.5,1.9711606523535246,POSITIVE,2012-01-23,1316.0,2.0875218094311436,STRONG_POSITIVE,2012-02-13,1351.77001953125,4.862349050328,STRONG_POSITIVE,2012-02-14,1350.5,4.763828422216383,STRONG_POSITIVE,6.243162432618623,1369.5699462890625,STRONG_POSITIVE,5.060157335662829,0.08765911711161457,True,Measured from the event-date reference close to subsequent trading-session closes.,True,True,2012-04-16
JPM,Financials,2011-09-30,2011-10-13,1.02,0.91,0.11,12.0879,12.087912087912086,LARGE_BEAT,True,,,,,UNKNOWN,True,True,True,Alpha Vantage EARNINGS,primary_event_data,PRIMARY_EVENT_DATA,False,False,False,True,2011-10-13,1203.6600341796875,2011-10-14,1224.5799560546875,1.738025794738399,POSITIVE,2011-10-18,1225.3800048828125,1.8044938011028577,POSITIVE,2011-10-20,1215.3900146484375,0.9745260402156792,POSITIVE,2011-11-10,1239.699951171875,2.994194038913093,STRONG_POSITIVE,2011-11-11,1263.8499755859375,5.0005765496127275,STRONG_POSITIVE,7.097513352168977,1289.0899658203125,STRONG_POSITIVE,7.394114407117858,-1.0119180968933965,True,Measured from the event-date reference close to subsequent trading-session closes.,True,True,2012-01-13
JPM,Financials,2011-06-30,2011-07-14,1.27,1.2,0.07,5.8333,5.833333333333339,BEAT,True,,,,,UNKNOWN,True,True,True,Alpha Vantage EARNINGS,primary_event_data,PRIMARY_EVENT_DATA,False,False,False,True,2011-07-14,1308.8699951171875,2011-07-15,1316.1400146484375,0.5554424471774289,POSITIVE,2011-07-19,1326.72998046875,1.364534706899094,POSITIVE,2011-07-21,1343.800048828125,2.66871834798307,STRONG_POSITIVE,2011-08-11,1172.6400146484375,-10.408213266173382,STRONG_NEGATIVE,2011-08-12,1178.81005859375,-9.936810913890099,STRONG_NEGATIVE,-7.763948711200238,1207.25,STRONG_NEGATIVE,2.913200319745934,-15.840378099287436,True,Measured from the event-date reference close to subsequent trading-session closes.,True,True,2011-10-12
JPM,Financials,2011-03-31,2011-04-13,1.28,1.16,0.12,10.3448,10.344827586206906,LARGE_BEAT,True,,,,,UNKNOWN,True,True,True,Alpha Vantage EARNINGS,primary_event_data,PRIMARY_EVENT_DATA,False,False,False,True,2011-04-13,1314.4100341796875,2011-04-14,1314.52001953125,0.008367659155245339,NEUTRAL,2011-04-18,1305.1400146484375,-0.7052608615419877,NEGATIVE,2011-04-20,1330.3599853515625,1.2134684578719939,POSITIVE,2011-05-12,1348.6500244140625,2.6049702409449345,STRONG_POSITIVE,2011-05-13,1337.77001953125,1.7772220801814917,POSITIVE,-0.4214848425101603,1308.8699951171875,NEGATIVE,4.27339417794807,-1.499538385684449,True,Measured from the event-date reference close to subsequent trading-session closes.,True,True,2011-07-14
JPM,Financials,2010-12-31,2011-01-14,1.12,1.01,0.11,10.8911,10.8910891089109,LARGE_BEAT,True,,,,,UNKNOWN,True,True,True,Alpha Vantage EARNINGS,primary_event_data,PRIMARY_EVENT_DATA,False,False,False,True,2011-01-14,1293.239990234375,2011-01-18,1295.02001953125,0.13764106510133545,NEUTRAL,2011-01-20,1280.260009765625,-1.003679175308956,NEGATIVE,2011-01-24,1290.8399658203125,-0.18558229193233822,NEUTRAL,2011-02-14,1332.3199462890625,3.0218641821928975,STRONG_POSITIVE,2011-02-15,1328.010009765625,2.6885976148130557,STRONG_POSITIVE,2.0444823602903544,1319.6800537109375,STRONG_POSITIVE,3.0713534226486856,-1.6996056907246233,True,Measured from the event-date reference close to subsequent trading-session closes.,True,True,2011-04-15
JPM,Financials,2010-09-30,2010-10-13,1.01,0.9,0.11,12.2222,12.22222222222222,LARGE_BEAT,True,,,,,UNKNOWN,True,True,True,Alpha Vantage EARNINGS,primary_event_data,PRIMARY_EVENT_DATA,False,False,False,True,2010-10-13,1178.0999755859375,2010-10-14,1173.81005859375,-0.36413861990395807,NEGATIVE,2010-10-18,1184.7099609375,0.5610716822462347,POSITIVE,2010-10-20,1178.1700439453125,0.005947573281304156,NEUTRAL,2010-11-10,1218.7099609375,3.4470746280564852,STRONG_POSITIVE,2010-11-11,1213.5400390625,3.0082390468547544,STRONG_POSITIVE,9.155418689989995,1285.9599609375,STRONG_POSITIVE,4.157540232898266,-1.560989307320126,True,Measured from the event-date reference close to subsequent trading-session closes.,True,True,2011-01-12
JPM,Financials,2010-06-30,2010-07-15,1.09,0.74,0.35,47.2973,47.297297297297305,LARGE_BEAT,True,,,,,UNKNOWN,True,True,True,Alpha Vantage EARNINGS,primary_event_data,PRIMARY_EVENT_DATA,False,False,False,True,2010-07-15,1096.47998046875,2010-07-16,1064.8800048828125,-2.8819473359129066,STRONG_NEGATIVE,2010-07-20,1083.47998046875,-1.1856121617872533,NEGATIVE,2010-07-22,1093.6700439453125,-0.2562688396952072,NEGATIVE,2010-08-12,1083.6099853515625,-1.1737555948523128,NEGATIVE,2010-08-13,1079.25,-1.5713903377774494,NEGATIVE,7.4438199119964406,1178.0999755859375,STRONG_POSITIVE,2.9877435383380146,-3.6115548200896783,True,Measured from the event-date reference close to subsequent trading-session closes.,True,True,2010-10-13
JPM,Financials,2010-03-31,2010-04-14,0.74,0.64,0.1,15.625,15.624999999999996,LARGE_BEAT,True,,,,,UNKNOWN,True,True,True,Alpha Vantage EARNINGS,primary_event_data,PRIMARY_EVENT_DATA,False,False,False,True,2010-04-14,1210.6500244140625,2010-04-15,1211.6700439453125,0.08425387276919068,NEUTRAL,2010-04-19,1197.52001953125,-1.0845417435288318,NEGATIVE,2010-04-21,1205.93994140625,-0.3890540546672118,NEGATIVE,2010-05-12,1171.6700439453125,-3.2197563030336336,STRONG_NEGATIVE,2010-05-13,1157.43994140625,-4.395166392828136,STRONG_NEGATIVE,-9.538675764256535,1095.1700439453125,STRONG_NEGATIVE,0.7557943443226693,-11.965471641705264,True,Measured from the event-date reference close to subsequent trading-session closes.,True,True,2010-07-14
JPM,Financials,2009-12-31,2010-01-15,0.74,0.61,0.13,21.3115,21.311475409836067,LARGE_BEAT,True,,,,,UNKNOWN,True,True,True,Alpha Vantage EARNINGS,primary_event_data,PRIMARY_EVENT_DATA,False,False,False,True,2010-01-15,1136.030029296875,2010-01-19,1150.22998046875,1.2499626599363574,POSITIVE,2010-01-21,1116.47998046875,-1.7209095115403898,NEGATIVE,2010-01-25,1096.780029296875,-3.45501430312481,STRONG_NEGATIVE,2010-02-16,1094.8699951171875,-3.62314667026564,STRONG_NEGATIVE,2010-02-17,1099.510009765625,-3.2147054733978644,STRONG_NEGATIVE,5.412708172197974,1197.52001953125,STRONG_POSITIVE,1.2693257663201867,-8.057007907927034,True,Measured from the event-date reference close to subsequent trading-session closes.,True,True,2010-04-19
JPM,Financials,2009-09-30,2009-10-14,0.82,0.53,0.29,54.717,54.71698113207546,LARGE_BEAT,True,,,,,UNKNOWN,True,True,True,Alpha Vantage EARNINGS,primary_event_data,PRIMARY_EVENT_DATA,False,False,False,True,2009-10-14,1092.02001953125,2009-10-15,1096.56005859375,0.4157468710554238,POSITIVE,2009-10-19,1097.9100341796875,0.5393687426138754,POSITIVE,2009-10-21,1081.4000244140625,-0.9725091964656598,NEGATIVE,2009-11-11,1098.510009765625,0.5943105545959525,POSITIVE,2009-11-12,1087.239990234375,-0.4377235958482546,NEGATIVE,5.168398051024456,1148.4599609375,STRONG_POSITIVE,1.222502824780445,-5.73615991722622,True,Measured from the event-date reference close to subsequent trading-session closes.,True,True,2010-01-14
JPM,Financials,2009-06-30,2009-07-16,0.28,0.06,0.22,366.6667,366.66666666666674,LARGE_BEAT,True,,,,,UNKNOWN,True,True,True,Alpha Vantage EARNINGS,primary_event_data,PRIMARY_EVENT_DATA,False,False,False,True,2009-07-16,940.739990234375,2009-07-17,940.3800048828125,-0.03826618994615224,NEUTRAL,2009-07-21,954.5800170898438,1.4711851307629285,POSITIVE,2009-07-23,976.2899780273438,3.7789387250468502,STRONG_POSITIVE,2009-08-13,1012.72998046875,7.65248538190021,STRONG_POSITIVE,2009-08-14,1004.0900268554688,6.734064383221424,STRONG_POSITIVE,16.08096082523134,1092.02001953125,STRONG_POSITIVE,8.212684755367583,-0.6473590879022005,True,Measured from the event-date reference close to subsequent trading-session closes.,True,True,2009-10-14
JPM,Financials,2009-03-31,2009-04-16,0.4,0.3,0.1,33.3333,33.33333333333335,LARGE_BEAT,True,,,,,UNKNOWN,True,True,True,Alpha Vantage EARNINGS,primary_event_data,PRIMARY_EVENT_DATA,False,False,False,True,2009-04-16,865.2999877929688,2009-04-17,869.5999755859375,0.4969360746134164,POSITIVE,2009-04-21,850.0800170898438,-1.7589241786475702,NEGATIVE,2009-04-23,851.9199829101562,-1.5462851117032252,NEGATIVE,2009-05-14,893.0700073242188,3.2092938776157984,STRONG_POSITIVE,2009-05-15,882.8800048828125,2.031667322067493,STRONG_POSITIVE,8.718363978465234,940.739990234375,STRONG_POSITIVE,7.496821452944278,-4.445853605204177,True,Measured from the event-date reference close to subsequent trading-session closes.,True,True,2009-07-16
JPM,Financials,2008-12-31,2009-01-15,-0.28,0.01,-0.29,-2900.0,-2900.0000000000005,LARGE_MISS,False,,,,,UNKNOWN,True,True,True,Alpha Vantage EARNINGS,primary_event_data,PRIMARY_EVENT_DATA,False,False,False,True,2009-01-15,843.739990234375,2009-01-16,850.1199951171875,0.7561576974726841,POSITIVE,2009-01-21,840.239990234375,-0.4148197359980254,NEGATIVE,2009-01-23,831.9500122070312,-1.39734730649293,NEGATIVE,2009-02-13,826.8400268554688,-2.0029823849183397,STRONG_NEGATIVE,2009-02-17,789.1699829101562,-6.4676331518979255,STRONG_NEGATIVE,3.064923513270846,869.5999755859375,STRONG_POSITIVE,4.043899247647325,-4.674426114430177,True,Measured from the event-date reference close to subsequent trading-session closes.,True,True,2009-04-17
JPM,Financials,2008-09-30,2008-10-15,-0.06,-0.29,0.23,79.3103,79.3103448275862,LARGE_BEAT,True,,,,,UNKNOWN,True,True,True,Alpha Vantage EARNINGS,primary_event_data,PRIMARY_EVENT_DATA,False,False,False,True,2008-10-15,907.8400268554688,2008-10-16,946.4299926757812,4.250745139975653,STRONG_POSITIVE,2008-10-20,985.4000244140625,8.543355135732693,STRONG_POSITIVE,2008-10-22,896.780029296875,-1.2182760432917705,NEGATIVE,2008-11-12,852.2999877929688,-6.117822239549938,STRONG_NEGATIVE,2008-11-13,911.2899780273438,0.38001752179012965,POSITIVE,-7.06071936959205,843.739990234375,STRONG_NEGATIVE,10.978804630964355,-6.892184247586619,True,Measured from the event-date reference close to subsequent trading-session closes.,True,True,2009-01-15
JPM,Financials,2008-06-30,2008-07-17,0.54,0.44,0.1,22.7273,22.727272727272734,LARGE_BEAT,True,,,,,UNKNOWN,True,True,True,Alpha Vantage EARNINGS,primary_event_data,PRIMARY_EVENT_DATA,False,False,False,True,2008-07-17,1260.3199462890625,2008-07-18,1260.6800537109375,0.02857269877663327,NEUTRAL,2008-07-22,1277.0,1.3234777216730507,POSITIVE,2008-07-24,1252.5400390625,-0.6172962071631077,NEGATIVE,2008-08-14,1292.9300537109375,2.587446744605886,STRONG_POSITIVE,2008-08-15,1298.199951171875,3.005586398465559,STRONG_POSITIVE,-27.967495116732067,907.8400268554688,STRONG_NEGATIVE,4.191798938083543,-2.0589971021472047,True,Measured from the event-date reference close to subsequent trading-session closes.,True,True,2008-10-15
JPM,Financials,2008-03-31,2008-04-16,0.68,0.65,0.03,4.6154,4.615384615384619,BEAT,True,,,,,UNKNOWN,True,True,True,Alpha Vantage EARNINGS,primary_event_data,PRIMARY_EVENT_DATA,False,False,False,True,2008-04-16,1364.7099609375,2008-04-17,1365.56005859375,0.06229145243917012,NEUTRAL,2008-04-21,1388.1700439453125,1.7190526690152081,POSITIVE,2008-04-23,1379.9300537109375,1.1152620856509259,POSITIVE,2008-05-14,1408.6600341796875,3.2204698800612253,STRONG_POSITIVE,2008-05-15,1423.5699462890625,4.313003278083212,STRONG_POSITIVE,-8.745446212171629,1245.3599853515625,STRONG_NEGATIVE,4.2507207704246905,-0.5466334350175998,True,Measured from the event-date reference close to subsequent trading-session closes.,True,True,2008-07-16
JPM,Financials,2007-12-31,2008-01-16,0.86,0.91,-0.05,-5.4945,-5.494505494505499,MISS,False,,,,,UNKNOWN,True,True,True,Alpha Vantage EARNINGS,primary_event_data,PRIMARY_EVENT_DATA,False,False,False,True,2008-01-16,1373.199951171875,2008-01-17,1333.25,-2.9092595829021195,STRONG_NEGATIVE,2008-01-22,1310.5,-4.565973885912791,STRONG_NEGATIVE,2008-01-24,1352.0699462890625,-1.5387420356941002,NEGATIVE,2008-02-14,1348.8599853515625,-1.7724997586506623,NEGATIVE,2008-02-15,1349.989990234375,-1.6902098574714377,NEGATIVE,-0.5563568926437256,1365.56005859375,NEGATIVE,1.6618168635893544,-7.511644772177782,True,Measured from the event-date reference close to subsequent trading-session closes.,True,True,2008-04-17
JPM,Financials,2007-09-30,2007-10-17,0.97,0.9,0.07,7.7778,7.777777777777772,BEAT,True,,,,,UNKNOWN,True,True,True,Alpha Vantage EARNINGS,primary_event_data,PRIMARY_EVENT_DATA,False,False,False,True,2007-10-17,1541.239990234375,2007-10-18,1540.0799560546875,-0.07526629123548077,NEUTRAL,2007-10-22,1506.3299560546875,-2.265061534925444,STRONG_NEGATIVE,2007-10-24,1515.8800048828125,-1.645427416382184,NEGATIVE,2007-11-14,1470.5799560546875,-4.584622422685924,STRONG_NEGATIVE,2007-11-15,1451.1500244140625,-5.845291219481828,STRONG_NEGATIVE,-13.494977521492038,1333.25,STRONG_NEGATIVE,0.7474513770887921,-6.664112116756131,True,Measured from the event-date reference close to subsequent trading-session closes.,True,True,2008-01-17
JPM,Financials,2007-06-30,2007-07-18,1.2,1.08,0.12,11.1111,11.1111111111111,LARGE_BEAT,True,,,,,UNKNOWN,True,True,True,Alpha Vantage EARNINGS,primary_event_data,PRIMARY_EVENT_DATA,False,False,False,True,2007-07-18,1546.1700439453125,2007-07-19,1553.0799560546875,0.44690505655789314,POSITIVE,2007-07-23,1541.5699462890625,-0.2975156370583974,NEGATIVE,2007-07-25,1518.0899658203125,-1.8161054299919668,NEGATIVE,2007-08-15,1406.699951171875,-9.020359262526917,STRONG_NEGATIVE,2007-08-16,1411.27001953125,-8.724785798452181,STRONG_NEGATIVE,-0.4941251240997219,1538.530029296875,NEGATIVE,0.5840177321972411,-9.171698750022204,True,Measured from the event-date reference close to subsequent trading-session closes.,True,True,2007-10-16
JPM,Financials,2007-03-31,2007-04-18,1.23,1.02,0.21,20.5882,20.588235294117645,LARGE_BEAT,True,,,,,UNKNOWN,True,True,True,Alpha Vantage EARNINGS,primary_event_data,PRIMARY_EVENT_DATA,False,False,False,True,2007-04-18,1472.5,2007-04-19,1470.72998046875,-0.12020506154499151,NEUTRAL,2007-04-23,1480.9300537109375,0.5724994031196944,POSITIVE,2007-04-25,1495.4200439453125,1.5565394869482174,POSITIVE,2007-05-16,1514.1400146484375,2.8278447978565366,STRONG_POSITIVE,2007-05-17,1512.75,2.733446519524618,STRONG_POSITIVE,5.003059011566214,1546.1700439453125,STRONG_POSITIVE,2.8746999018463497,-0.5453330592105263,True,Measured from the event-date reference close to subsequent trading-session closes.,True,True,2007-07-18
JPM,Financials,2006-12-31,2007-01-17,1.01,0.94,0.07,7.4468,7.446808510638305,BEAT,True,,,,,UNKNOWN,True,True,True,Alpha Vantage EARNINGS,primary_event_data,PRIMARY_EVENT_DATA,False,False,False,True,2007-01-17,1430.6199951171875,2007-01-18,1426.3699951171875,-0.2970739969038295,NEGATIVE,2007-01-22,1422.949951171875,-0.5361342614734123,NEGATIVE,2007-01-24,1440.1300048828125,0.664747438039687,POSITIVE,2007-02-14,1455.300048828125,1.7251299293433868,POSITIVE,2007-02-15,1456.81005859375,1.8306792555641005,POSITIVE,2.9274024566797663,1472.5,STRONG_POSITIVE,1.8893926681530036,-0.9548331650829859,True,Measured from the event-date reference close to subsequent trading-session closes.,True,True,2007-04-18
JPM,Financials,2006-09-30,2006-10-18,0.91,0.86,0.05,5.814,5.813953488372099,BEAT,True,,,,,UNKNOWN,True,True,True,Alpha Vantage EARNINGS,primary_event_data,PRIMARY_EVENT_DATA,False,False,False,True,2006-10-18,1365.800048828125,2006-10-19,1366.9599609375,0.08492546990097272,NEUTRAL,2006-10-23,1377.02001953125,0.8214943843904449,POSITIVE,2006-10-25,1382.219970703125,1.2022200386570872,POSITIVE,2006-11-15,1396.5699462890625,2.2528844897420006,STRONG_POSITIVE,2006-11-16,1399.760009765625,2.4864518760735224,STRONG_POSITIVE,4.184353514468343,1422.949951171875,STRONG_POSITIVE,2.6028646571154264,-0.35291171379812764,True,Measured from the event-date reference close to subsequent trading-session closes.,True,True,2007-01-22
JPM,Financials,2006-06-30,2006-07-19,0.92,0.87,0.05,5.7471,5.747126436781615,BEAT,True,,,,,UNKNOWN,True,True,True,Alpha Vantage EARNINGS,primary_event_data,PRIMARY_EVENT_DATA,False,False,False,True,2006-07-19,1259.81005859375,2006-07-20,1249.1300048828125,-0.8477511064532219,NEGATIVE,2006-07-24,1260.9100341796875,0.0873128118349314,NEUTRAL,2006-07-26,1268.4000244140625,0.6818461054280643,POSITIVE,2006-08-16,1295.4300537109375,2.827409963447026,STRONG_POSITIVE,2006-08-17,1297.47998046875,2.990127092416508,STRONG_POSITIVE,8.274262419426291,1364.050048828125,STRONG_POSITIVE,2.889316694643716,-1.6740688603619018,True,Measured from the event-date reference close to subsequent trading-session closes.,True,True,2006-10-17
JPM,Financials,2006-03-31,2006-04-19,0.86,0.83,0.03,3.6145,3.614457831325304,BEAT,True,,,,,UNKNOWN,True,True,True,Alpha Vantage EARNINGS,primary_event_data,PRIMARY_EVENT_DATA,False,False,False,True,2006-04-19,1309.9300537109375,2006-04-20,1311.4599609375,0.11679304724923159,NEUTRAL,2006-04-24,1308.1099853515625,-0.13894393477108777,NEUTRAL,2006-04-26,1305.4100341796875,-0.34505808294459006,NEGATIVE,2006-05-17,1270.3199462890625,-3.023833777205311,STRONG_NEGATIVE,2006-05-18,1261.81005859375,-3.6734782121279697,STRONG_NEGATIVE,-3.826158120061538,1259.81005859375,STRONG_NEGATIVE,1.2802132001956583,-3.253608465310657,True,Measured from the event-date reference close to subsequent trading-session closes.,True,True,2006-07-19
JPM,Financials,2005-12-31,2006-01-18,0.73,0.73,0.0,0.0,0.0,IN_LINE,False,,,,,UNKNOWN,True,True,True,Alpha Vantage EARNINGS,primary_event_data,PRIMARY_EVENT_DATA,False,False,False,True,2006-01-18,1277.9300537109375,2006-01-19,1285.0400390625,0.5563673325403105,POSITIVE,2006-01-23,1263.8199462890625,-1.1041376936790195,NEGATIVE,2006-01-25,1264.6800537109375,-1.036832959794926,NEGATIVE,2006-02-15,1280.0,0.16197649339661851,NEUTRAL,2006-02-16,1289.3800048828125,0.8959763594749084,POSITIVE,2.5040494123349153,1309.9300537109375,STRONG_POSITIVE,0.7832891687808051,-1.9030829026011855,True,Measured from the event-date reference close to subsequent trading-session closes.,True,True,2006-04-19
JPM,Financials,2005-09-30,2005-10-19,0.75,0.72,0.03,4.1667,4.166666666666671,BEAT,True,,,,,UNKNOWN,True,True,True,Alpha Vantage EARNINGS,primary_event_data,PRIMARY_EVENT_DATA,False,False,False,True,2005-10-19,1195.760009765625,2005-10-20,1177.800048828125,-1.5019703611780966,NEGATIVE,2005-10-24,1199.3800048828125,0.3027359242342481,POSITIVE,2005-10-26,1191.3800048828125,-0.3662946449991251,NEGATIVE,2005-11-16,1231.2099609375,2.9646376264768524,STRONG_POSITIVE,2005-11-17,1242.800048828125,3.9339030138430613,STRONG_POSITIVE,5.496920781088289,1261.489990234375,STRONG_POSITIVE,3.5274579594690145,-1.878300056371869,True,Measured from the event-date reference close to subsequent trading-session closes.,True,True,2006-01-20
JPM,Financials,2005-06-30,2005-07-20,0.66,0.65,0.01,1.5385,1.5384615384615397,IN_LINE,True,,,,,UNKNOWN,True,True,True,Alpha Vantage EARNINGS,primary_event_data,PRIMARY_EVENT_DATA,False,False,False,True,2005-07-20,1235.199951171875,2005-07-21,1227.0400390625,-0.6606146722749966,NEGATIVE,2005-07-25,1229.030029296875,-0.4995079435638247,NEGATIVE,2005-07-27,1236.7900390625,0.12873121385055358,NEUTRAL,2005-08-17,1220.239990234375,-1.211136781806621,NEGATIVE,2005-08-18,1219.02001953125,-1.309903843930253,NEGATIVE,-4.619489862293377,1178.1400146484375,STRONG_NEGATIVE,0.8630209359686238,-1.386820398313706,True,Measured from the event-date reference close to subsequent trading-session closes.,True,True,2005-10-18
JPM,Financials,2005-03-31,2005-04-20,0.81,0.7,0.11,15.7143,15.714285714285731,LARGE_BEAT,True,,,,,UNKNOWN,True,True,True,Alpha Vantage EARNINGS,primary_event_data,PRIMARY_EVENT_DATA,False,False,False,True,2005-04-20,1137.5,2005-04-21,1159.949951171875,1.9736220810439562,POSITIVE,2005-04-25,1162.0999755859375,2.1626352163461537,STRONG_POSITIVE,2005-04-27,1156.3800048828125,1.6597806490384615,POSITIVE,2005-05-18,1185.56005859375,4.225060096153846,STRONG_POSITIVE,2005-05-19,1191.0799560546875,4.7103258070054945,STRONG_POSITIVE,8.589006696428571,1235.199951171875,STRONG_POSITIVE,4.43077137706044,0.0,True,Measured from the event-date reference close to subsequent trading-session closes.,True,True,2005-07-20
JPM,Financials,2004-12-31,2005-01-19,0.64,0.69,-0.05,-7.2464,-7.246376811594193,MISS,False,,,,,UNKNOWN,True,True,True,Alpha Vantage EARNINGS,primary_event_data,PRIMARY_EVENT_DATA,False,False,False,True,2005-01-19,1184.6300048828125,2005-01-20,1175.4100341796875,-0.778299609593045,NEGATIVE,2005-01-24,1163.75,-1.7625760614495005,NEGATIVE,2005-01-26,1174.0699462890625,-0.8914225159099052,NEGATIVE,2005-02-16,1210.3399658203125,2.170294592533414,STRONG_POSITIVE,2005-02-17,1200.75,1.3607620143626316,POSITIVE,-3.9784578044243233,1137.5,STRONG_NEGATIVE,2.3475630710694815,-1.7625760614495005,True,Measured from the event-date reference close to subsequent trading-session closes.,True,True,2005-04-20
JPM,Financials,2004-09-30,2004-10-20,0.6,0.74,-0.14,-18.9189,-18.91891891891892,LARGE_MISS,False,,,,,UNKNOWN,True,True,True,Alpha Vantage EARNINGS,primary_event_data,PRIMARY_EVENT_DATA,False,False,False,True,2004-10-20,1103.6600341796875,2004-10-21,1106.489990234375,0.2564155597779627,POSITIVE,2004-10-25,1094.800048828125,-0.8027821138008157,NEGATIVE,2004-10-27,1125.4000244140625,1.9698085969502,POSITIVE,2004-11-17,1181.93994140625,7.092755450254684,STRONG_POSITIVE,2004-11-18,1183.550048828125,7.238643438585416,STRONG_POSITIVE,6.50109615080239,1175.4100341796875,STRONG_POSITIVE,7.683518849247936,-1.2114233281197826,True,Measured from the event-date reference close to subsequent trading-session closes.,True,True,2005-01-20
JPM,Financials,2004-06-30,2004-07-21,0.85,0.83,0.02,2.4096,2.40963855421687,IN_LINE,True,,,,,UNKNOWN,True,True,True,Alpha Vantage EARNINGS,primary_event_data,PRIMARY_EVENT_DATA,False,False,False,True,2004-07-21,1093.8800048828125,2004-07-22,1096.8399658203125,0.27059283690052466,POSITIVE,2004-07-26,1084.0699462890625,-0.8968130462171628,NEGATIVE,2004-07-28,1095.4200439453125,0.1407868372788279,NEUTRAL,2004-08-18,1095.1700439453125,0.11793241093553054,NEUTRAL,2004-08-19,1091.22998046875,-0.24225915111652463,NEUTRAL,0.8547533133617489,1103.22998046875,POSITIVE,1.345665944840262,-3.031414234803564,True,Measured from the event-date reference close to subsequent trading-session closes.,True,True,2004-10-19
JPM,Financials,2004-03-31,2004-04-21,0.92,0.87,0.05,5.7471,5.747126436781615,BEAT,True,,,,,UNKNOWN,True,True,True,Alpha Vantage EARNINGS,primary_event_data,PRIMARY_EVENT_DATA,False,False,False,True,2004-04-21,1124.0899658203125,2004-04-22,1139.9300537109375,1.409147699229357,POSITIVE,2004-04-26,1135.530029296875,1.0177177827767578,POSITIVE,2004-04-28,1122.4100341796875,-0.1494481484317012,NEUTRAL,2004-05-19,1088.6800537109375,-3.150095916347262,STRONG_NEGATIVE,2004-05-20,1089.18994140625,-3.1047358730396604,STRONG_NEGATIVE,-2.424183190721227,1096.8399658203125,STRONG_NEGATIVE,1.9989585759748147,-4.249661591489209,True,Measured from the event-date reference close to subsequent trading-session closes.,True,True,2004-07-22
JPM,Financials,2003-12-31,2004-01-21,0.89,0.77,0.12,15.5844,15.584415584415584,LARGE_BEAT,True,,,,,UNKNOWN,True,True,True,Alpha Vantage EARNINGS,primary_event_data,PRIMARY_EVENT_DATA,False,False,False,True,2004-01-21,1147.6199951171875,2004-01-22,1143.93994140625,-0.320668315870683,NEGATIVE,2004-01-26,1155.3699951171875,0.675310645768996,POSITIVE,2004-01-28,1128.47998046875,-1.667800729324435,NEGATIVE,2004-02-19,1147.06005859375,-0.048791109062222546,NEUTRAL,2004-02-20,1144.1099853515625,-0.30585122083609045,NEGATIVE,-2.050332810249813,1124.0899658203125,STRONG_NEGATIVE,0.989873424992259,-2.1993334328230882,True,Measured from the event-date reference close to subsequent trading-session closes.,True,True,2004-04-21
JPM,Financials,2003-09-30,2003-10-22,0.78,0.76,0.02,2.6316,2.6315789473684235,IN_LINE,True,,,,,UNKNOWN,True,True,True,Alpha Vantage EARNINGS,primary_event_data,PRIMARY_EVENT_DATA,False,False,False,True,2003-10-22,1030.3599853515625,2003-10-23,1033.77001953125,0.33095561048248434,POSITIVE,2003-10-27,1031.1300048828125,0.07473305856178669,NEUTRAL,2003-10-29,1048.1099853515625,1.7226988870247748,POSITIVE,2003-11-19,1042.43994140625,1.1724015127165266,POSITIVE,2003-11-20,1033.6500244140625,0.31930966936545263,POSITIVE,10.791380202776804,1141.550048828125,STRONG_POSITIVE,3.230913422083382,-1.168521506901849,True,Measured from the event-date reference close to subsequent trading-session closes.,True,True,2004-01-23
JPM,Financials,2003-06-30,2003-07-16,0.89,0.62,0.27,43.5484,43.5483870967742,LARGE_BEAT,True,,,,,UNKNOWN,True,True,True,Alpha Vantage EARNINGS,primary_event_data,PRIMARY_EVENT_DATA,False,False,False,True,2003-07-16,994.0900268554688,2003-07-17,981.72998046875,-1.2433528204499111,NEGATIVE,2003-07-21,978.7999877929688,-1.5380940004866406,NEGATIVE,2003-07-23,988.6099853515625,-0.5512620945651028,NEGATIVE,2003-08-13,984.030029296875,-1.011980533635952,NEGATIVE,2003-08-14,990.510009765625,-0.3601300680148811,NEGATIVE,5.571925290156283,1049.47998046875,STRONG_POSITIVE,1.0562423640053882,-3.3447674860170618,True,Measured from the event-date reference close to subsequent trading-session closes.,True,True,2003-10-14
JPM,Financials,2003-03-31,2003-04-16,0.69,0.5,0.19,38.0,37.99999999999999,LARGE_BEAT,True,,,,,UNKNOWN,True,True,True,Alpha Vantage EARNINGS,primary_event_data,PRIMARY_EVENT_DATA,False,False,False,True,2003-04-16,879.9099731445312,2003-04-17,893.5800170898438,1.5535730202556872,POSITIVE,2003-04-22,911.3699951171875,3.5753682686681767,STRONG_POSITIVE,2003-04-24,911.4299926757812,3.5821868706189357,STRONG_POSITIVE,2003-05-15,946.6699829101562,7.587140935230565,STRONG_POSITIVE,2003-05-16,944.2999877929688,7.317795753391352,STRONG_POSITIVE,11.571639193989919,981.72998046875,STRONG_POSITIVE,7.76443152247312,-0.08068563366350026,True,Measured from the event-date reference close to subsequent trading-session closes.,True,True,2003-07-17
JPM,Financials,2002-12-31,2003-01-22,-0.07,-0.07,0.0,0.0,0.0,IN_LINE,False,,,,,UNKNOWN,True,True,True,Alpha Vantage EARNINGS,primary_event_data,PRIMARY_EVENT_DATA,False,False,False,True,2003-01-22,878.3599853515625,2003-01-23,887.3400268554688,1.0223645946612652,POSITIVE,2003-01-27,847.47998046875,-3.515643403365286,STRONG_NEGATIVE,2003-01-29,864.3599853515625,-1.5938795292907746,NEGATIVE,2003-02-20,837.0999755859375,-4.697391781697653,STRONG_NEGATIVE,2003-02-21,848.1699829101562,-3.4370876343282806,STRONG_NEGATIVE,4.62908543851908,919.02001953125,STRONG_POSITIVE,1.353660782222284,-8.20506495356489,True,Measured from the event-date reference close to subsequent trading-session closes.,True,True,2003-04-23
JPM,Financials,2002-09-30,2002-10-16,0.16,0.07,0.09,128.5714,128.57142857142856,LARGE_BEAT,True,,,,,UNKNOWN,True,True,True,Alpha Vantage EARNINGS,primary_event_data,PRIMARY_EVENT_DATA,False,False,False,True,2002-10-16,860.02001953125,2002-10-17,879.2000122070312,2.2301797911908166,STRONG_POSITIVE,2002-10-21,899.719970703125,4.6161659345457196,STRONG_POSITIVE,2002-10-23,896.1400146484375,4.199901664716426,STRONG_POSITIVE,2002-11-13,882.530029296875,2.617382067209782,STRONG_POSITIVE,2002-11-14,904.27001953125,5.145229063867404,STRONG_POSITIVE,6.3463587841171485,914.5999755859375,STRONG_POSITIVE,7.632375075298597,0.0,True,Measured from the event-date reference close to subsequent trading-session closes.,True,True,2003-01-16
JPM,Financials,2002-06-30,2002-07-17,0.58,0.65,-0.07,-10.7692,-10.76923076923078,LARGE_MISS,False,,,,,UNKNOWN,True,True,True,Alpha Vantage EARNINGS,primary_event_data,PRIMARY_EVENT_DATA,False,False,False,True,2002-07-17,906.0399780273438,2002-07-18,881.5599975585938,-2.701865377071828,STRONG_NEGATIVE,2002-07-22,819.8499755859375,-9.512825540994516,STRONG_NEGATIVE,2002-07-24,843.4299926757812,-6.9102894872121166,STRONG_NEGATIVE,2002-08-14,919.6199951171875,1.4988319962890106,POSITIVE,2002-08-15,930.25,2.6720699483224797,STRONG_POSITIVE,-2.7338703696081508,881.27001953125,STRONG_NEGATIVE,1.563953499730103,-14.387884476729823,True,Measured from the event-date reference close to subsequent trading-session closes.,True,True,2002-10-15
JPM,Financials,2002-03-31,2002-04-17,0.57,0.53,0.04,7.5472,7.547169811320741,BEAT,True,,,,,UNKNOWN,True,True,True,Alpha Vantage EARNINGS,primary_event_data,PRIMARY_EVENT_DATA,False,False,False,True,2002-04-17,1126.0699462890625,2002-04-18,1124.469970703125,-0.14208492032046344,NEUTRAL,2002-04-22,1107.8299560546875,-1.619791940499297,NEGATIVE,2002-04-24,1093.1400146484375,-2.9243238174631005,STRONG_NEGATIVE,2002-05-15,1091.0699462890625,-3.108155058692552,STRONG_NEGATIVE,2002-05-16,1098.22998046875,-2.47231230280663,STRONG_NEGATIVE,-19.539635969046365,906.0399780273438,STRONG_NEGATIVE,0.3925194842361838,-6.8477083156047875,True,Measured from the event-date reference close to subsequent trading-session closes.,True,True,2002-07-17
JPM,Financials,2001-12-31,2002-01-16,0.12,0.35,-0.23,-65.7143,-65.71428571428571,LARGE_MISS,False,,,,,UNKNOWN,True,True,True,Alpha Vantage EARNINGS,primary_event_data,PRIMARY_EVENT_DATA,False,False,False,True,2002-01-16,1127.5699462890625,2002-01-17,1138.8800048828125,1.0030471839882265,POSITIVE,2002-01-22,1119.31005859375,-0.7325388302957664,NEGATIVE,2002-01-24,1132.1500244140625,0.40619015610281767,POSITIVE,2002-02-14,1116.47998046875,-0.9835279715294477,NEGATIVE,2002-02-15,1104.1800537109375,-2.074362894745759,STRONG_NEGATIVE,-0.2749253468611688,1124.469970703125,NEGATIVE,1.0580322533604603,-4.4156832271071735,True,Measured from the event-date reference close to subsequent trading-session closes.,True,True,2002-04-18
JPM,Financials,2001-09-30,2001-10-17,0.51,0.51,0.0,0.0,0.0,IN_LINE,False,,,,,UNKNOWN,True,True,True,Alpha Vantage EARNINGS,primary_event_data,PRIMARY_EVENT_DATA,False,False,False,True,2001-10-17,1077.0899658203125,2001-10-18,1068.6099853515625,-0.7873047505638622,NEGATIVE,2001-10-22,1089.9000244140625,1.189321133819481,POSITIVE,2001-10-24,1085.199951171875,0.7529533844822266,POSITIVE,2001-11-14,1141.2099609375,5.953077008600081,STRONG_POSITIVE,2001-11-15,1142.239990234375,6.048707766434737,STRONG_POSITIVE,5.736757469042121,1138.8800048828125,STRONG_POSITIVE,6.609481634372491,-2.179946078215261,True,Measured from the event-date reference close to subsequent trading-session closes.,True,True,2002-01-17
JPM,Financials,2001-06-30,2001-07-18,0.33,0.64,-0.31,-48.4375,-48.4375,LARGE_MISS,False,,,,,UNKNOWN,True,True,True,Alpha Vantage EARNINGS,primary_event_data,PRIMARY_EVENT_DATA,False,False,False,True,2001-07-18,1207.7099609375,2001-07-19,1215.02001953125,0.6052826282955781,POSITIVE,2001-07-23,1191.030029296875,-1.3811206481792195,NEGATIVE,2001-07-25,1190.489990234375,-1.4258366048217224,NEGATIVE,2001-08-15,1178.02001953125,-2.458366856824035,STRONG_NEGATIVE,2001-08-16,1181.6600341796875,-2.1569687756479974,STRONG_NEGATIVE,-9.754820307351448,1089.9000244140625,STRONG_NEGATIVE,1.536797674446812,-3.4917259308075153,True,Measured from the event-date reference close to subsequent trading-session closes.,True,True,2001-10-22
JPM,Financials,2001-03-31,2001-04-18,0.7,0.65,0.05,7.6923,7.692307692307682,BEAT,True,,,,,UNKNOWN,True,True,True,Alpha Vantage EARNINGS,primary_event_data,PRIMARY_EVENT_DATA,False,False,False,True,2001-04-18,1238.1600341796875,2001-04-19,1253.68994140625,1.2542730178535813,POSITIVE,2001-04-23,1224.3599853515625,-1.1145609975424446,NEGATIVE,2001-04-25,1228.75,-0.7600014473025603,NEGATIVE,2001-05-16,1284.989990234375,3.7822215837966002,STRONG_POSITIVE,2001-05-17,1288.489990234375,4.064899097476714,STRONG_POSITIVE,-2.4593002844225587,1207.7099609375,STRONG_NEGATIVE,3.8952945610704988,-2.4859491864690617,True,Measured from the event-date reference close to subsequent trading-session closes.,True,True,2001-07-18
JPM,Financials,2000-12-31,2001-01-17,0.37,0.89,-0.52,-58.427,-58.42696629213483,LARGE_MISS,False,,,,,UNKNOWN,True,True,True,Alpha Vantage EARNINGS,primary_event_data,PRIMARY_EVENT_DATA,False,False,False,True,2001-01-17,1329.469970703125,2001-01-18,1347.969970703125,1.3915319945298044,POSITIVE,2001-01-22,1342.9000244140625,1.0101810501093653,POSITIVE,2001-01-24,1364.300048828125,2.6198469234005493,STRONG_POSITIVE,2001-02-14,1315.9200439453125,-1.0191976544341401,NEGATIVE,2001-02-15,1326.6099853515625,-0.21512222273436699,NEUTRAL,-6.868145842748584,1238.1600341796875,STRONG_NEGATIVE,4.054249106924623,-1.8616441548439273,True,Measured from the event-date reference close to subsequent trading-session closes.,True,True,2001-04-18
JPM,Financials,2000-09-30,2000-10-18,0.68,0.94,-0.26,-27.6596,-27.659574468085097,LARGE_MISS,False,,,,,UNKNOWN,True,True,True,Alpha Vantage EARNINGS,primary_event_data,PRIMARY_EVENT_DATA,False,False,False,True,2000-10-18,1342.1300048828125,2000-10-19,1388.760009765625,3.4743284713975213,STRONG_POSITIVE,2000-10-23,1395.780029296875,3.997379107752451,STRONG_POSITIVE,2000-10-25,1364.9000244140625,1.696558414491162,POSITIVE,2000-11-15,1389.81005859375,3.552565961380221,STRONG_POSITIVE,2000-11-16,1372.3199462890625,2.2494051467753318,STRONG_POSITIVE,0.030551003121586717,1342.5400390625,NEUTRAL,7.177393822076014,-1.0066096217560252,True,Measured from the event-date reference close to subsequent trading-session closes.,True,True,2001-01-19
JPM,Financials,2000-06-30,2000-07-19,0.95,0.85,0.1,11.7647,11.764705882352938,LARGE_BEAT,True,,,,,UNKNOWN,True,True,True,Alpha Vantage EARNINGS,primary_event_data,PRIMARY_EVENT_DATA,False,False,False,True,2000-07-19,1481.9599609375,2000-07-20,1495.5699462890625,0.9183773995454447,POSITIVE,2000-07-24,1464.2900390625,-1.1923346339142566,NEGATIVE,2000-07-26,1452.4200439453125,-1.9933006134322486,NEGATIVE,2000-08-16,1479.8499755859375,-0.14237802688189402,NEUTRAL,2000-08-17,1496.0699462890625,0.9521165027047295,POSITIVE,-8.906447793021146,1349.969970703125,STRONG_NEGATIVE,1.3468705993369476,-4.593237879787312,True,Measured from the event-date reference close to subsequent trading-session closes.,True,True,2000-10-17
JPM,Financials,2000-03-31,2000-04-19,1.06,1.02,0.04,3.9216,3.921568627450984,BEAT,True,,,,,UNKNOWN,True,True,True,Alpha Vantage EARNINGS,primary_event_data,PRIMARY_EVENT_DATA,False,False,False,True,2000-04-19,1427.469970703125,2000-04-20,1434.5400390625,0.49528666132938093,POSITIVE,2000-04-25,1477.43994140625,3.500596981280904,STRONG_POSITIVE,2000-04-27,1464.9200439453125,2.623527920782867,STRONG_POSITIVE,2000-05-18,1437.2099609375,0.6823254032851843,POSITIVE,2000-05-19,1406.949951171875,-1.437509716659224,NEGATIVE,4.770676580495327,1495.5699462890625,STRONG_POSITIVE,3.8858940532249733,-3.665923425969618,True,Measured from the event-date reference close to subsequent trading-session closes.,True,True,2000-07-20
JPM,Financials,1999-12-31,2000-01-19,1.32,0.87,0.45,51.7241,51.72413793103448,LARGE_BEAT,True,,,,,UNKNOWN,True,True,True,Alpha Vantage EARNINGS,primary_event_data,PRIMARY_EVENT_DATA,False,False,False,True,2000-01-19,1455.9000244140625,2000-01-20,1445.5699462890625,-0.709532107409464,NEGATIVE,2000-01-24,1401.530029296875,-3.7344593863214683,STRONG_NEGATIVE,2000-01-26,1404.0899658203125,-3.5586274967335982,STRONG_NEGATIVE,2000-02-16,1387.6700439453125,-4.686446824960364,STRONG_NEGATIVE,2000-02-17,1388.260009765625,-4.645924411991112,STRONG_NEGATIVE,-0.9815261228703619,1441.6099853515625,NEGATIVE,0.6738056431715206,-7.2642357299354305,True,Measured from the event-date reference close to subsequent trading-session closes.,True,True,2000-04-18
JPM,Financials,1999-09-30,1999-10-20,0.91,0.88,0.03,3.4091,3.4090909090909123,BEAT,True,,,,,UNKNOWN,True,True,True,Alpha Vantage EARNINGS,primary_event_data,PRIMARY_EVENT_DATA,False,False,False,True,1999-10-20,1289.4300537109375,1999-10-21,1283.6099853515625,-0.4513675125397484,NEGATIVE,1999-10-25,1293.6300048828125,0.32572152012338146,POSITIVE,1999-10-27,1296.7099609375,0.5645833370806865,POSITIVE,1999-11-17,1410.7099609375,9.40569881068949,STRONG_POSITIVE,1999-11-18,1424.93994140625,10.509285657280865,STRONG_POSITIVE,12.109217722105942,1445.5699462890625,STRONG_POSITIVE,10.392955190522853,-1.8473331136358753,True,Measured from the event-date reference close to subsequent trading-session closes.,True,True,2000-01-20
JPM,Financials,1999-06-30,1999-07-21,1.03,0.9,0.13,14.4444,14.444444444444446,LARGE_BEAT,True,,,,,UNKNOWN,True,True,True,Alpha Vantage EARNINGS,primary_event_data,PRIMARY_EVENT_DATA,False,False,False,True,1999-07-21,1379.2900390625,1999-07-22,1360.969970703125,-1.3282245097504732,NEGATIVE,1999-07-26,1347.760009765625,-2.2859607772057777,STRONG_NEGATIVE,1999-07-28,1365.4000244140625,-1.0070408873450944,NEGATIVE,1999-08-18,1332.8399658203125,-3.3676798879631944,STRONG_NEGATIVE,1999-08-19,1323.5899658203125,-4.0383147608349805,STRONG_NEGATIVE,-8.552957639976976,1261.3199462890625,STRONG_NEGATIVE,0.0,-8.088223320279837,True,Measured from the event-date reference close to subsequent trading-session closes.,True,True,1999-10-19
JPM,Financials,1999-03-31,1999-04-20,0.91,0.83,0.08,9.6386,9.63855421686748,BEAT,True,,,,,UNKNOWN,True,True,True,Alpha Vantage EARNINGS,primary_event_data,PRIMARY_EVENT_DATA,False,False,False,True,1999-04-20,1306.1700439453125,1999-04-21,1336.1199951171875,2.29295958138885,STRONG_POSITIVE,1999-04-23,1356.8499755859375,3.88004087795072,STRONG_POSITIVE,1999-04-27,1362.800048828125,4.33557676087567,STRONG_POSITIVE,1999-05-18,1333.3199462890625,2.0785886546397268,STRONG_POSITIVE,1999-05-19,1344.22998046875,2.9138577094048728,STRONG_POSITIVE,5.430375008936795,1377.0999755859375,STRONG_POSITIVE,5.344628507370695,-0.3315095262727748,True,Measured from the event-date reference close to subsequent trading-session closes.,True,True,1999-07-20
JPM,Financials,1998-12-31,1999-01-19,0.87,0.79,0.08,10.1266,10.126582278481006,LARGE_BEAT,True,,,,,UNKNOWN,True,True,True,Alpha Vantage EARNINGS,primary_event_data,PRIMARY_EVENT_DATA,False,False,False,True,1999-01-19,1252.0,1999-01-20,1256.6199951171875,0.3690091946635383,POSITIVE,1999-01-22,1225.18994140625,-2.1413784819289137,STRONG_NEGATIVE,1999-01-26,1252.31005859375,0.024765063398562298,NEUTRAL,1999-02-17,1224.030029296875,-2.234023219099441,STRONG_NEGATIVE,1999-02-18,1237.280029296875,-1.1757165098342652,NEGATIVE,4.3266808263029155,1306.1700439453125,STRONG_POSITIVE,2.5359424920127793,-3.2036729514027558,True,Measured from the event-date reference close to subsequent trading-session closes.,True,True,1999-04-20
JPM,Financials,1998-09-30,1998-10-20,0.55,0.52,0.03,5.7692,5.769230769230775,BEAT,True,,,,,UNKNOWN,True,True,True,Alpha Vantage EARNINGS,primary_event_data,PRIMARY_EVENT_DATA,False,False,False,True,1998-10-20,1063.9300537109375,1998-10-21,1069.9200439453125,0.5630060184391068,POSITIVE,1998-10-23,1070.6700439453125,0.6334993744058863,POSITIVE,1998-10-27,1065.3399658203125,0.1325192482773932,NEUTRAL,1998-11-17,1139.3199462890625,7.085982045076049,STRONG_POSITIVE,1998-11-18,1144.47998046875,7.57097954671533,STRONG_POSITIVE,16.094101287157738,1235.1600341796875,STRONG_POSITIVE,8.250533662470607,-0.549857355363272,True,Measured from the event-date reference close to subsequent trading-session closes.,True,True,1999-01-21
JPM,Financials,1998-06-30,1998-07-21,0.83,0.79,0.04,5.0633,5.063291139240497,BEAT,True,,,,,UNKNOWN,True,True,True,Alpha Vantage EARNINGS,primary_event_data,PRIMARY_EVENT_DATA,False,False,False,True,1998-07-21,1165.0699462890625,1998-07-22,1164.0799560546875,-0.08497260078918696,NEUTRAL,1998-07-24,1140.800048828125,-2.0831279304938795,STRONG_NEGATIVE,1998-07-28,1130.239990234375,-2.9895163089243337,STRONG_NEGATIVE,1998-08-18,1101.199951171875,-5.482073872098738,STRONG_NEGATIVE,1998-08-19,1098.06005859375,-5.751576367474751,STRONG_NEGATIVE,-8.813198895712425,1062.3900146484375,STRONG_NEGATIVE,0.22317094905174875,-9.533328590514104,True,Measured from the event-date reference close to subsequent trading-session closes.,True,True,1998-10-19
JPM,Financials,1998-03-31,1998-04-21,0.78,0.75,0.03,4.0,4.000000000000004,BEAT,True,,,,,UNKNOWN,True,True,True,Alpha Vantage EARNINGS,primary_event_data,PRIMARY_EVENT_DATA,False,False,False,True,1998-04-21,1126.6700439453125,1998-04-22,1130.5400390625,0.34348966123531244,POSITIVE,1998-04-24,1107.9000244140625,-1.6659730710086296,NEGATIVE,1998-04-28,1085.1099853515625,-3.688751539733605,STRONG_NEGATIVE,1998-05-19,1109.52001953125,-1.522186953156886,NEGATIVE,1998-05-20,1119.06005859375,-0.6754404621351485,NEGATIVE,3.4082651393910584,1165.0699462890625,STRONG_POSITIVE,0.5600518587803847,-4.435202040027169,True,Measured from the event-date reference close to subsequent trading-session closes.,True,True,1998-07-21
JPM,Financials,1997-12-31,1998-01-20,0.63,0.64,-0.01,-1.5625,-1.562500000000001,IN_LINE,False,,,,,UNKNOWN,True,True,True,Alpha Vantage EARNINGS,primary_event_data,PRIMARY_EVENT_DATA,False,False,False,True,1998-01-20,978.5999755859375,1998-01-21,970.8099975585938,-0.7960329268023428,NEGATIVE,1998-01-23,957.5900268554688,-2.146939429248302,STRONG_NEGATIVE,1998-01-27,969.02001953125,-0.9789450535139749,NEGATIVE,1998-02-18,1032.0799560546875,5.464948068972597,STRONG_POSITIVE,1998-02-19,1028.280029296875,5.076645713299914,STRONG_POSITIVE,15.130806463664372,1126.6700439453125,STRONG_POSITIVE,5.464948068972597,-2.8346608345014173,True,Measured from the event-date reference close to subsequent trading-session closes.,True,True,1998-04-21
JPM,Financials,1997-09-30,1997-10-21,0.75,0.72,0.03,4.1667,4.166666666666671,BEAT,True,,,,,UNKNOWN,True,True,True,Alpha Vantage EARNINGS,primary_event_data,PRIMARY_EVENT_DATA,False,False,False,True,1997-10-21,972.280029296875,1997-10-22,968.489990234375,-0.38980941172275724,NEGATIVE,1997-10-24,941.6400146484375,-3.1513569882326475,STRONG_NEGATIVE,1997-10-28,921.8499755859375,-5.186782839446684,STRONG_NEGATIVE,1997-11-18,938.22998046875,-3.5020825073152038,STRONG_NEGATIVE,1997-11-19,944.5900268554688,-2.8479452016957363,STRONG_NEGATIVE,-0.9503487669301807,963.0399780273438,NEGATIVE,0.0339363192439646,-12.034599728459225,True,Measured from the event-date reference close to subsequent trading-session closes.,True,True,1998-01-22
JPM,Financials,1997-06-30,1997-07-15,0.7,0.69,0.01,1.4493,1.449275362318842,IN_LINE,True,,,,,UNKNOWN,True,True,True,Alpha Vantage EARNINGS,primary_event_data,PRIMARY_EVENT_DATA,False,False,False,True,1997-07-15,925.760009765625,1997-07-16,936.5900268554688,1.169851470748406,POSITIVE,1997-07-18,915.2999877929688,-1.1298848364928205,NEGATIVE,1997-07-22,933.97998046875,0.8879159411094083,POSITIVE,1997-08-12,926.530029296875,0.08317701381861874,NEUTRAL,1997-08-13,922.02001953125,-0.40399133629911865,NEGATIVE,4.5735358379794055,968.0999755859375,STRONG_POSITIVE,4.149020560334585,-2.0134823768372323,True,Measured from the event-date reference close to subsequent trading-session closes.,True,True,1997-10-13
JPM,Financials,1997-03-31,1997-04-15,0.67,0.66,0.01,1.5152,1.5151515151515165,IN_LINE,True,,,,,UNKNOWN,True,True,True,Alpha Vantage EARNINGS,primary_event_data,PRIMARY_EVENT_DATA,False,False,False,True,1997-04-15,754.719970703125,1997-04-16,763.530029296875,1.1673281396730795,POSITIVE,1997-04-18,766.3400268554688,1.5396513413469206,POSITIVE,1997-04-22,774.6099853515625,2.6354165015545075,STRONG_POSITIVE,1997-05-13,833.1300048828125,10.389288374950224,STRONG_POSITIVE,1997-05-14,836.0399780273438,10.774858289288149,STRONG_POSITIVE,22.662715404649063,925.760009765625,STRONG_POSITIVE,11.108759554535212,-0.3617209792668729,True,Measured from the event-date reference close to subsequent trading-session closes.,True,True,1997-07-15
JPM,Financials,1996-12-31,1997-01-21,0.63,0.63,0.0,0.0,0.0,IN_LINE,False,,,,,UNKNOWN,True,True,True,Alpha Vantage EARNINGS,primary_event_data,PRIMARY_EVENT_DATA,False,False,False,True,1997-01-21,782.719970703125,1997-01-22,786.22998046875,0.44843748684116547,POSITIVE,1997-01-24,770.52001953125,-1.5586610318522554,NEGATIVE,1997-01-28,765.02001953125,-2.261338899526859,STRONG_NEGATIVE,1997-02-19,812.489990234375,3.8034061536091,STRONG_POSITIVE,1997-02-20,802.7999877929688,2.565415198465637,STRONG_POSITIVE,-1.0361285843105832,774.6099853515625,NEGATIVE,4.466478853382433,-2.679115327067415,True,Measured from the event-date reference close to subsequent trading-session closes.,True,True,1997-04-22
JPM,Financials,1996-09-30,1996-10-15,0.61,0.61,0.0,0.0,0.0,IN_LINE,False,,,,,UNKNOWN,True,True,True,Alpha Vantage EARNINGS,primary_event_data,PRIMARY_EVENT_DATA,False,False,False,True,1996-10-15,702.5700073242188,1996-10-16,704.4099731445312,0.2618907441437934,POSITIVE,1996-10-18,710.8200073242188,1.17426020382234,POSITIVE,1996-10-22,706.5700073242188,0.5693382806411346,POSITIVE,1996-11-12,729.5599975585938,3.841608658640019,STRONG_POSITIVE,1996-11-13,731.1300048828125,4.065074976281191,STRONG_POSITIVE,9.19908396445215,767.2000122070312,STRONG_POSITIVE,4.336930182825732,-0.9038297329654388,True,Measured from the event-date reference close to subsequent trading-session closes.,True,True,1997-01-15
JPM,Financials,1996-06-30,1996-07-16,0.6,0.58,0.02,3.4483,3.448275862068969,BEAT,True,,,,,UNKNOWN,True,True,True,Alpha Vantage EARNINGS,primary_event_data,PRIMARY_EVENT_DATA,False,False,False,True,1996-07-16,628.3699951171875,1996-07-17,634.0700073242188,0.9071108186774942,POSITIVE,1996-07-19,638.72998046875,1.64870783647625,POSITIVE,1996-07-23,626.8699951171875,-0.238712862112434,NEUTRAL,1996-08-13,660.2000122070312,5.065489653736193,STRONG_POSITIVE,1996-08-14,662.0499877929688,5.359898298374371,STRONG_POSITIVE,11.962694510284098,703.5399780273438,STRONG_POSITIVE,5.951911247303844,-1.9001547709450235,True,Measured from the event-date reference close to subsequent trading-session closes.,True,True,1996-10-14
JPM,Financials,1996-03-31,1996-04-16,0.66,0.55,0.11,20.0,20.0,LARGE_BEAT,True,,,,,UNKNOWN,True,True,True,Alpha Vantage EARNINGS,primary_event_data,PRIMARY_EVENT_DATA,False,False,False,True,1996-04-16,645.0,1996-04-17,641.6099853515625,-0.5255836664244187,NEGATIVE,1996-04-19,645.0700073242188,0.01085384871608527,NEUTRAL,1996-04-23,651.5800170898438,1.0201576883478682,POSITIVE,1996-05-14,665.5999755859375,3.1937946644864343,STRONG_POSITIVE,1996-05-15,665.4199829101562,3.1658888232800386,STRONG_POSITIVE,-2.5782953306686047,628.3699951171875,STRONG_NEGATIVE,3.4046545694040695,-2.314727546632752,True,Measured from the event-date reference close to subsequent trading-session closes.,True,True,1996-07-16
JNJ,Health Care,2026-06-30,2026-07-15,2.9,2.84,0.06,2.1127,2.1126760563380302,IN_LINE,True,,,,,UNKNOWN,True,True,True,Alpha Vantage EARNINGS,primary_event_data,PRIMARY_EVENT_DATA,False,False,False,True,2026-07-15,7572.39990234375,2026-07-16,7533.77001953125,-0.5101405539945609,NEGATIVE,2026-07-20,7443.27978515625,-1.7051412874739453,NEGATIVE,2026-07-22,7498.9599609375,-0.9698370708541084,NEGATIVE,2026-08-12,7748.5,2.3255520036883537,STRONG_POSITIVE,2026-08-13,7798.990234375,2.99231861699641,STRONG_POSITIVE,,,UNAVAILABLE,2.922194763763217,-3.4134486266203043,True,Measured from the event-date reference close to subsequent trading-session closes.,True,True,
JNJ,Health Care,2026-03-31,2026-04-14,2.7,2.68,0.02,0.7463,0.7462686567164185,IN_LINE,True,,,,,UNKNOWN,True,True,True,Alpha Vantage EARNINGS,primary_event_data,PRIMARY_EVENT_DATA,False,False,False,True,2026-04-14,6967.3798828125,2026-04-15,7022.9501953125,0.7975783355387838,POSITIVE,2026-04-17,7126.06005859375,2.277472714997077,STRONG_POSITIVE,2026-04-21,7064.009765625,1.3868898271338943,POSITIVE,2026-05-12,7400.9599609375,6.223000402125026,STRONG_POSITIVE,2026-05-13,7444.25,6.8443249142172995,STRONG_POSITIVE,8.683608899002985,7572.39990234375,STRONG_POSITIVE,6.625020305982245,-0.003588149407738097,True,Measured from the event-date reference close to subsequent trading-session closes.,True,True,2026-07-15
JNJ,Health Care,2025-12-31,2026-01-21,2.46,2.46,0.0,0.0,0.0,IN_LINE,False,,,,,UNKNOWN,True,True,True,Alpha Vantage EARNINGS,primary_event_data,PRIMARY_EVENT_DATA,False,False,False,True,2026-01-21,6875.6201171875,2026-01-22,6913.35009765625,0.5487502192628932,POSITIVE,2026-01-26,6950.22998046875,1.0851364969210873,POSITIVE,2026-01-28,6978.02978515625,1.4894608227808996,POSITIVE,2026-02-19,6861.89013671875,-0.19969079493539998,NEUTRAL,2026-02-20,6909.509765625,0.49289588226062,POSITIVE,3.8146346174741343,7137.89990234375,STRONG_POSITIVE,1.8421562827784712,-1.4561612695445794,True,Measured from the event-date reference close to subsequent trading-session closes.,True,True,2026-04-22
JNJ,Health Care,2025-09-30,2025-10-14,2.8,2.76,0.04,1.4493,1.449275362318842,IN_LINE,True,,,,,UNKNOWN,True,True,True,Alpha Vantage EARNINGS,primary_event_data,PRIMARY_EVENT_DATA,False,False,False,True,2025-10-14,6644.31005859375,2025-10-15,6671.06005859375,0.402600115950362,POSITIVE,2025-10-17,6664.009765625,0.29648988168109947,POSITIVE,2025-10-21,6735.35009765625,1.3701955245864665,POSITIVE,2025-11-11,6846.60986328125,3.0447074700531993,STRONG_POSITIVE,2025-11-12,6850.919921875,3.1095758846175583,STRONG_POSITIVE,4.248598222736251,6926.60009765625,STRONG_POSITIVE,4.154378448959243,-0.7573370865446947,True,Measured from the event-date reference close to subsequent trading-session closes.,True,True,2026-01-14
JNJ,Health Care,2025-06-30,2025-07-16,2.77,2.68,0.09,3.3582,3.358208955223875,BEAT,True,,,,,UNKNOWN,True,True,True,Alpha Vantage EARNINGS,primary_event_data,PRIMARY_EVENT_DATA,False,False,False,True,2025-07-16,6263.7001953125,2025-07-17,6297.35986328125,0.5373767408909439,POSITIVE,2025-07-21,6305.60009765625,0.6689321173945425,POSITIVE,2025-07-23,6358.91015625,1.5200274273783296,POSITIVE,2025-08-13,6466.580078125,3.238978183603473,STRONG_POSITIVE,2025-08-14,6468.5400390625,3.2702689682257438,STRONG_POSITIVE,6.076438070361078,6644.31005859375,STRONG_POSITIVE,3.4576940640586438,-0.8143789184613914,True,Measured from the event-date reference close to subsequent trading-session closes.,True,True,2025-10-14
JNJ,Health Care,2025-03-31,2025-04-15,2.77,2.58,0.19,7.3643,7.364341085271316,BEAT,True,,,,,UNKNOWN,True,True,True,Alpha Vantage EARNINGS,primary_event_data,PRIMARY_EVENT_DATA,False,False,False,True,2025-04-15,5396.6298828125,2025-04-16,5275.7001953125,-2.2408371544089745,STRONG_NEGATIVE,2025-04-21,5158.2001953125,-4.418121914555688,STRONG_NEGATIVE,2025-04-23,5375.85986328125,-0.38487018717736343,NEGATIVE,2025-05-14,5892.580078125,9.189998315282487,STRONG_POSITIVE,2025-05-15,5916.93017578125,9.641207647495571,STRONG_POSITIVE,16.690601357292394,6297.35986328125,STRONG_POSITIVE,9.450532368924543,-5.466374504198131,True,Measured from the event-date reference close to subsequent trading-session closes.,True,True,2025-07-17
JNJ,Health Care,2024-12-31,2025-01-22,2.04,2.01,0.03,1.4925,1.4925373134328483,IN_LINE,True,,,,,UNKNOWN,True,True,True,Alpha Vantage EARNINGS,primary_event_data,PRIMARY_EVENT_DATA,False,False,False,True,2025-01-22,6086.3701171875,2025-01-23,6118.7099609375,0.5313486220411483,POSITIVE,2025-01-27,6012.27978515625,-1.2173155855577018,NEGATIVE,2025-01-29,6039.31005859375,-0.7732040228847661,NEGATIVE,2025-02-20,6117.52001953125,0.5117977011582777,POSITIVE,2025-02-21,6013.1298828125,-1.2033483499167181,NEGATIVE,-11.673793085632713,5375.85986328125,STRONG_NEGATIVE,1.0032261827344429,-2.668913297722899,True,Measured from the event-date reference close to subsequent trading-session closes.,True,True,2025-04-23
JNJ,Health Care,2024-09-30,2024-10-15,2.42,2.21,0.21,9.5023,9.502262443438912,BEAT,True,,,,,UNKNOWN,True,True,True,Alpha Vantage EARNINGS,primary_event_data,PRIMARY_EVENT_DATA,False,False,False,True,2024-10-15,5815.259765625,2024-10-16,5842.47021484375,0.467914595657371,POSITIVE,2024-10-18,5864.669921875,0.8496637853062374,POSITIVE,2024-10-22,5851.2001953125,0.6180365303704928,POSITIVE,2024-11-12,5983.990234375,2.901512151656488,STRONG_POSITIVE,2024-11-13,5985.3798828125,2.925408735704452,STRONG_POSITIVE,2.0993056724075565,5937.33984375,STRONG_POSITIVE,3.474484392994858,-2.042041194822485,True,Measured from the event-date reference close to subsequent trading-session closes.,True,True,2025-01-16
JNJ,Health Care,2024-06-30,2024-07-17,2.82,2.7,0.12,4.4444,4.444444444444431,BEAT,True,,,,,UNKNOWN,True,True,True,Alpha Vantage EARNINGS,primary_event_data,PRIMARY_EVENT_DATA,False,False,False,True,2024-07-17,5588.27001953125,2024-07-18,5544.58984375,-0.7816403936922492,NEGATIVE,2024-07-22,5564.41015625,-0.4269633213473709,NEGATIVE,2024-07-24,5427.1298828125,-2.883542422888624,STRONG_NEGATIVE,2024-08-14,5455.2099609375,-2.3810599367729055,STRONG_NEGATIVE,2024-08-15,5543.22021484375,-0.8061493902415049,NEGATIVE,4.06189653149205,5815.259765625,STRONG_POSITIVE,0.4613196045672187,-8.392762917093098,True,Measured from the event-date reference close to subsequent trading-session closes.,True,True,2024-10-15
JNJ,Health Care,2024-03-31,2024-04-16,2.71,2.65,0.06,2.2642,2.264150943396228,IN_LINE,True,,,,,UNKNOWN,True,True,True,Alpha Vantage EARNINGS,primary_event_data,PRIMARY_EVENT_DATA,False,False,False,True,2024-04-16,5051.41015625,2024-04-17,5022.2099609375,-0.5780602724641402,NEGATIVE,2024-04-19,4967.22998046875,-1.666468831027227,NEGATIVE,2024-04-23,5070.5498046875,0.3788971365514425,POSITIVE,2024-05-14,5246.68017578125,3.8656536193095827,STRONG_POSITIVE,2024-05-15,5308.14990234375,5.082536126592125,STRONG_POSITIVE,10.627920653344788,5588.27001953125,STRONG_POSITIVE,3.938701368197773,-1.9370847868130883,True,Measured from the event-date reference close to subsequent trading-session closes.,True,True,2024-07-17
JNJ,Health Care,2023-12-31,2024-01-23,2.29,2.28,0.01,0.4386,0.4385964912280803,IN_LINE,True,,,,,UNKNOWN,True,True,True,Alpha Vantage EARNINGS,primary_event_data,PRIMARY_EVENT_DATA,False,False,False,True,2024-01-23,4864.60009765625,2024-01-24,4868.5498046875,0.08119284117831098,NEUTRAL,2024-01-26,4890.97021484375,0.5420819113210363,POSITIVE,2024-01-30,4924.97021484375,1.2410088388680942,POSITIVE,2024-02-21,4981.7998046875,2.4092362101402016,STRONG_POSITIVE,2024-02-22,5087.02978515625,4.5724146494008,STRONG_POSITIVE,4.233641057781419,5070.5498046875,STRONG_POSITIVE,3.7781119798737306,-0.39983133088105327,True,Measured from the event-date reference close to subsequent trading-session closes.,True,True,2024-04-23
JNJ,Health Care,2023-09-30,2023-10-17,2.66,2.52,0.14,5.5556,5.55555555555556,BEAT,True,,,,,UNKNOWN,True,True,True,Alpha Vantage EARNINGS,primary_event_data,PRIMARY_EVENT_DATA,False,False,False,True,2023-10-17,4373.2001953125,2023-10-18,4314.60009765625,-1.3399820506516409,NEGATIVE,2023-10-20,4224.16015625,-3.4080314736620445,STRONG_NEGATIVE,2023-10-24,4247.68017578125,-2.8702097760306304,STRONG_NEGATIVE,2023-11-14,4495.7001953125,2.8011523490578822,STRONG_POSITIVE,2023-11-15,4502.8798828125,2.9653270307405477,STRONG_POSITIVE,9.32360120469202,4780.93994140625,STRONG_POSITIVE,3.097725247238987,-6.160715222802595,True,Measured from the event-date reference close to subsequent trading-session closes.,True,True,2024-01-18
JNJ,Health Care,2023-06-30,2023-07-20,2.8,2.62,0.18,6.8702,6.8702290076335775,BEAT,True,,,,,UNKNOWN,True,True,True,Alpha Vantage EARNINGS,primary_event_data,PRIMARY_EVENT_DATA,False,False,False,True,2023-07-20,4534.8701171875,2023-07-21,4536.33984375,0.03240945218981301,NEUTRAL,2023-07-25,4567.4599609375,0.7186499923444782,POSITIVE,2023-07-27,4537.41015625,0.056011285811098765,NEUTRAL,2023-08-17,4370.35986328125,-3.627672891506721,STRONG_NEGATIVE,2023-08-18,4369.7099609375,-3.6420041143853394,STRONG_NEGATIVE,-4.85725089890469,4314.60009765625,STRONG_NEGATIVE,1.5921008797497342,-3.7496121094634094,True,Measured from the event-date reference close to subsequent trading-session closes.,True,True,2023-10-18
JNJ,Health Care,2023-03-31,2023-04-18,2.68,2.5,0.18,7.2,7.200000000000006,BEAT,True,,,,,UNKNOWN,True,True,True,Alpha Vantage EARNINGS,primary_event_data,PRIMARY_EVENT_DATA,False,False,False,True,2023-04-18,4154.8701171875,2023-04-19,4154.52001953125,-0.008426199769801393,NEUTRAL,2023-04-21,4133.52001953125,-0.5138571616939552,NEGATIVE,2023-04-25,4071.6298828125,-2.003437701473727,STRONG_NEGATIVE,2023-05-16,4109.89990234375,-1.082349473638687,NEGATIVE,2023-05-17,4158.77001953125,0.09386339966722974,NEUTRAL,9.88839809833481,4565.72021484375,STRONG_POSITIVE,0.7713792196516371,-2.5654252692446997,True,Measured from the event-date reference close to subsequent trading-session closes.,True,True,2023-07-19
JNJ,Health Care,2022-12-31,2023-01-24,2.35,2.24,0.11,4.9107,4.910714285714279,BEAT,True,,,,,UNKNOWN,True,True,True,Alpha Vantage EARNINGS,primary_event_data,PRIMARY_EVENT_DATA,False,False,False,True,2023-01-24,4016.949951171875,2023-01-25,4016.219970703125,-0.01817250594663349,NEUTRAL,2023-01-27,4070.56005859375,1.3345973455864242,POSITIVE,2023-01-31,4076.60009765625,1.4849611573321473,POSITIVE,2023-02-22,3991.050048828125,-0.6447653731955052,NEGATIVE,2023-02-23,4012.320068359375,-0.11525866313443393,NEUTRAL,1.3612300951041993,4071.6298828125,POSITIVE,4.443420814399335,-1.6900855973652176,True,Measured from the event-date reference close to subsequent trading-session closes.,True,True,2023-04-25
JNJ,Health Care,2022-09-30,2022-10-18,2.55,2.49,0.06,2.4096,2.409638554216852,IN_LINE,True,,,,,UNKNOWN,True,True,True,Alpha Vantage EARNINGS,primary_event_data,PRIMARY_EVENT_DATA,False,False,False,True,2022-10-18,3719.97998046875,2022-10-19,3695.159912109375,-0.6672097293450341,NEGATIVE,2022-10-21,3752.75,0.8809192442783171,POSITIVE,2022-10-25,3859.110107421875,3.7400773037384303,STRONG_POSITIVE,2022-11-15,3991.72998046875,7.305146840219208,STRONG_POSITIVE,2022-11-16,3958.7900390625,6.4196597790200425,STRONG_POSITIVE,4.808362360191003,3898.85009765625,STRONG_POSITIVE,8.302735741684177,-1.9505497065768294,True,Measured from the event-date reference close to subsequent trading-session closes.,True,True,2023-01-19
JNJ,Health Care,2022-06-30,2022-07-19,2.59,2.55,0.04,1.5686,1.5686274509803937,IN_LINE,True,,,,,UNKNOWN,True,True,True,Alpha Vantage EARNINGS,primary_event_data,PRIMARY_EVENT_DATA,False,False,False,True,2022-07-19,3936.68994140625,2022-07-20,3959.89990234375,0.5895806193263222,POSITIVE,2022-07-22,3961.6298828125,0.633525672010152,POSITIVE,2022-07-26,3921.050048828125,-0.3972853542165979,NEGATIVE,2022-08-16,4305.2001953125,9.360916388924755,STRONG_POSITIVE,2022-08-17,4274.0400390625,8.569384500109832,STRONG_POSITIVE,-6.5725265155616714,3677.949951171875,STRONG_NEGATIVE,9.870979161015391,-0.6591819919301354,True,Measured from the event-date reference close to subsequent trading-session closes.,True,True,2022-10-17
JNJ,Health Care,2022-03-31,2022-04-19,2.67,2.57,0.1,3.8911,3.891050583657591,BEAT,True,,,,,UNKNOWN,True,True,True,Alpha Vantage EARNINGS,primary_event_data,PRIMARY_EVENT_DATA,False,False,False,True,2022-04-19,4462.2099609375,2022-04-20,4459.4501953125,-0.061847507158093916,NEUTRAL,2022-04-22,4271.77978515625,-4.267620247551979,STRONG_NEGATIVE,2022-04-26,4175.2001953125,-6.432009433386229,STRONG_NEGATIVE,2022-05-17,4088.85009765625,-8.367151401428183,STRONG_NEGATIVE,2022-05-18,3923.679931640625,-12.068684217264646,STRONG_NEGATIVE,-11.256979456166508,3959.89990234375,STRONG_NEGATIVE,1.136880176254453,-13.521099388681382,True,Measured from the event-date reference close to subsequent trading-session closes.,True,True,2022-07-20
JNJ,Health Care,2021-12-31,2022-01-25,2.13,2.12,0.01,0.4717,0.4716981132075371,IN_LINE,True,,,,,UNKNOWN,True,True,True,Alpha Vantage EARNINGS,primary_event_data,PRIMARY_EVENT_DATA,False,False,False,True,2022-01-25,4356.4501953125,2022-01-26,4349.93017578125,-0.1496635847751796,NEUTRAL,2022-01-28,4431.85009765625,1.7307647043659442,POSITIVE,2022-02-01,4546.5400390625,4.363411383757696,STRONG_POSITIVE,2022-02-23,4225.5,-3.0058921700379173,STRONG_NEGATIVE,2022-02-24,4288.7001953125,-1.5551652598461558,NEGATIVE,-4.160497466378092,4175.2001953125,STRONG_NEGATIVE,5.482901274488596,-3.0974858804238057,True,Measured from the event-date reference close to subsequent trading-session closes.,True,True,2022-04-26
JNJ,Health Care,2021-09-30,2021-10-19,2.6,2.35,0.25,10.6383,10.638297872340424,LARGE_BEAT,True,,,,,UNKNOWN,True,True,True,Alpha Vantage EARNINGS,primary_event_data,PRIMARY_EVENT_DATA,False,False,False,True,2021-10-19,4519.6298828125,2021-10-20,4536.18994140625,0.36640298040168096,POSITIVE,2021-10-22,4544.89990234375,0.5591170114913222,POSITIVE,2021-10-26,4574.7900390625,1.2204573754980714,POSITIVE,2021-11-16,4700.89990234375,4.010727077909493,STRONG_POSITIVE,2021-11-17,4688.669921875,3.740130131127216,STRONG_POSITIVE,0.2905079210674097,4532.759765625,POSITIVE,4.400141656372668,0.09669192612693629,True,Measured from the event-date reference close to subsequent trading-session closes.,True,True,2022-01-19
JNJ,Health Care,2021-06-30,2021-07-21,2.48,2.28,0.2,8.7719,8.771929824561413,BEAT,True,,,,,UNKNOWN,True,True,True,Alpha Vantage EARNINGS,primary_event_data,PRIMARY_EVENT_DATA,False,False,False,True,2021-07-21,4358.68994140625,2021-07-22,4367.47998046875,0.2016669958327905,NEUTRAL,2021-07-26,4422.2998046875,1.459380321526781,POSITIVE,2021-07-28,4400.64013671875,0.96244963226188,POSITIVE,2021-08-18,4400.27001953125,0.9539581544904514,POSITIVE,2021-08-19,4405.7998046875,1.0808262095846828,POSITIVE,3.6923925209125046,4519.6298828125,STRONG_POSITIVE,2.7891367785506613,-0.19799258328789793,True,Measured from the event-date reference close to subsequent trading-session closes.,True,True,2021-10-19
JNJ,Health Care,2021-03-31,2021-04-20,2.59,2.35,0.24,10.2128,10.212765957446798,LARGE_BEAT,True,,,,,UNKNOWN,True,True,True,Alpha Vantage EARNINGS,primary_event_data,PRIMARY_EVENT_DATA,False,False,False,True,2021-04-20,4134.93994140625,2021-04-21,4173.419921875,0.9306055472153572,POSITIVE,2021-04-23,4180.169921875,1.0938485470085875,POSITIVE,2021-04-27,4186.72021484375,1.2522618023779584,POSITIVE,2021-05-18,4127.830078125,-0.17194598668903543,NEUTRAL,2021-05-19,4115.68017578125,-0.4657810245836353,NEGATIVE,4.549524777946891,4323.06005859375,STRONG_POSITIVE,2.4933880326490723,-1.8878160190931959,True,Measured from the event-date reference close to subsequent trading-session closes.,True,True,2021-07-20
JNJ,Health Care,2020-12-31,2021-01-26,1.86,1.83,0.03,1.6393,1.6393442622950831,IN_LINE,True,,,,,UNKNOWN,True,True,True,Alpha Vantage EARNINGS,primary_event_data,PRIMARY_EVENT_DATA,False,False,False,True,2021-01-26,3849.6201171875,2021-01-27,3750.77001953125,-2.5677883699462023,STRONG_NEGATIVE,2021-01-29,3714.239990234375,-3.5167139310367217,STRONG_NEGATIVE,2021-02-02,3826.31005859375,-0.6055158141364902,NEGATIVE,2021-02-24,3925.429931640625,1.9692804002830029,POSITIVE,2021-02-25,3829.340087890625,-0.5268059881111443,NEGATIVE,8.756710724551505,4186.72021484375,STRONG_POSITIVE,2.61869512794358,-4.039359606048791,True,Measured from the event-date reference close to subsequent trading-session closes.,True,True,2021-04-27
JNJ,Health Care,2020-09-30,2020-10-13,2.2,1.98,0.22,11.1111,11.11111111111112,LARGE_BEAT,True,,,,,UNKNOWN,True,True,True,Alpha Vantage EARNINGS,primary_event_data,PRIMARY_EVENT_DATA,False,False,False,True,2020-10-13,3511.929931640625,2020-10-14,3488.669921875,-0.6623141753502726,NEGATIVE,2020-10-16,3483.81005859375,-0.8006957312425247,NEGATIVE,2020-10-20,3443.1201171875,-1.9593162674797433,NEGATIVE,2020-11-10,3545.530029296875,0.9567416864878467,POSITIVE,2020-11-11,3572.659912109375,1.7292480673263184,POSITIVE,8.482804670047303,3809.840087890625,STRONG_POSITIVE,3.817276005023335,-7.915590448711198,True,Measured from the event-date reference close to subsequent trading-session closes.,True,True,2021-01-13
JNJ,Health Care,2020-06-30,2020-07-16,1.67,1.51,0.16,10.596,10.59602649006622,LARGE_BEAT,True,,,,,UNKNOWN,True,True,True,Alpha Vantage EARNINGS,primary_event_data,PRIMARY_EVENT_DATA,False,False,False,True,2020-07-16,3215.570068359375,2020-07-17,3224.72998046875,0.2848612194617331,POSITIVE,2020-07-21,3257.300048828125,1.297747509201103,POSITIVE,2020-07-23,3235.659912109375,0.6247677184111275,POSITIVE,2020-08-13,3373.429931640625,4.909234130351018,STRONG_POSITIVE,2020-08-14,3372.85009765625,4.891202056036095,STRONG_POSITIVE,8.493046262710239,3488.669921875,STRONG_POSITIVE,5.358919897729667,-0.4826521954525007,True,Measured from the event-date reference close to subsequent trading-session closes.,True,True,2020-10-14
JNJ,Health Care,2020-03-31,2020-04-14,2.3,2.0,0.3,15.0,14.999999999999991,LARGE_BEAT,True,,,,,UNKNOWN,True,True,True,Alpha Vantage EARNINGS,primary_event_data,PRIMARY_EVENT_DATA,False,False,False,True,2020-04-14,2846.06005859375,2020-04-15,2783.360107421875,-2.2030438529415752,STRONG_NEGATIVE,2020-04-17,2874.56005859375,1.0013843493549452,POSITIVE,2020-04-21,2736.56005859375,-3.8474240791005796,STRONG_NEGATIVE,2020-05-12,2870.1201171875,0.8453812673804983,POSITIVE,2020-05-13,2820.0,-0.9156538533001437,NEGATIVE,12.349000151147822,3197.52001953125,STRONG_POSITIVE,3.8228303896680083,-4.179812037989058,True,Measured from the event-date reference close to subsequent trading-session closes.,True,True,2020-07-14
JNJ,Health Care,2019-12-31,2020-01-22,1.88,1.87,0.01,0.5348,0.5347593582887586,IN_LINE,True,,,,,UNKNOWN,True,True,True,Alpha Vantage EARNINGS,primary_event_data,PRIMARY_EVENT_DATA,False,False,False,True,2020-01-22,3321.75,2020-01-23,3325.5400390625,0.11409766124783623,NEUTRAL,2020-01-27,3243.6298828125,-2.351775937006096,STRONG_NEGATIVE,2020-01-29,3273.39990234375,-1.455561004177015,NEGATIVE,2020-02-20,3373.22998046875,1.5497849166478512,POSITIVE,2020-02-21,3337.75,0.48167381651238056,POSITIVE,-15.727852529728306,2799.31005859375,STRONG_NEGATIVE,2.16060870117408,-3.223303028806352,True,Measured from the event-date reference close to subsequent trading-session closes.,True,True,2020-04-22
JNJ,Health Care,2019-09-30,2019-10-15,2.12,2.01,0.11,5.4726,5.472636815920414,BEAT,True,,,,,UNKNOWN,True,True,True,Alpha Vantage EARNINGS,primary_event_data,PRIMARY_EVENT_DATA,False,False,False,True,2019-10-15,2995.679931640625,2019-10-16,2989.68994140625,-0.19995427986508893,NEUTRAL,2019-10-18,2986.199951171875,-0.3164550514433015,NEGATIVE,2019-10-22,2995.989990234375,0.010350190969173138,NEUTRAL,2019-11-12,3091.840087890625,3.209960958590679,STRONG_POSITIVE,2019-11-13,3094.0400390625,3.2833984159317966,STRONG_POSITIVE,9.801117413136836,3289.2900390625,STRONG_POSITIVE,3.5694793242710756,-0.6465935443332501,True,Measured from the event-date reference close to subsequent trading-session closes.,True,True,2020-01-15
JNJ,Health Care,2019-06-30,2019-07-16,2.58,2.44,0.14,5.7377,5.737704918032792,BEAT,True,,,,,UNKNOWN,True,True,True,Alpha Vantage EARNINGS,primary_event_data,PRIMARY_EVENT_DATA,False,False,False,True,2019-07-16,3004.0400390625,2019-07-17,2984.419921875,-0.6531243569450905,NEGATIVE,2019-07-19,2976.610107421875,-0.9131013995800578,NEGATIVE,2019-07-23,3005.469970703125,0.04760028568298486,NEUTRAL,2019-08-13,2926.320068359375,-2.587181585215483,STRONG_NEGATIVE,2019-08-14,2840.60009765625,-5.440671205476219,STRONG_NEGATIVE,-1.2613059821457888,2966.14990234375,NEGATIVE,0.7969248443746166,-6.055842116264653,True,Measured from the event-date reference close to subsequent trading-session closes.,True,True,2019-10-14
JNJ,Health Care,2019-03-31,2019-04-16,2.1,2.04,0.06,2.9412,2.9411764705882377,IN_LINE,True,,,,,UNKNOWN,True,True,True,Alpha Vantage EARNINGS,primary_event_data,PRIMARY_EVENT_DATA,False,False,False,True,2019-04-16,2907.06005859375,2019-04-17,2900.449951171875,-0.22738117853239498,NEUTRAL,2019-04-22,2907.969970703125,0.03130007949733097,NEUTRAL,2019-04-24,2927.25,0.694514079492964,POSITIVE,2019-05-15,2850.9599609375,-1.9297880513479189,NEGATIVE,2019-05-16,2876.320068359375,-1.0574253580865145,NEGATIVE,2.6611030292463846,2984.419921875,STRONG_POSITIVE,1.6191555478740047,-3.6335722284396876,True,Measured from the event-date reference close to subsequent trading-session closes.,True,True,2019-07-17
JNJ,Health Care,2018-12-31,2019-01-22,1.97,1.95,0.02,1.0256,1.0256410256410264,IN_LINE,True,,,,,UNKNOWN,True,True,True,Alpha Vantage EARNINGS,primary_event_data,PRIMARY_EVENT_DATA,False,False,False,True,2019-01-22,2632.89990234375,2019-01-23,2638.699951171875,0.2202912774223556,NEUTRAL,2019-01-25,2664.760009765625,1.2100766684488775,POSITIVE,2019-01-29,2640.0,0.26966834743431184,POSITIVE,2019-02-20,2784.699951171875,5.765507784515314,STRONG_POSITIVE,2019-02-21,2774.8798828125,5.392532406657865,STRONG_POSITIVE,11.4239067360338,2933.679931640625,STRONG_POSITIVE,5.962246431359197,-0.7611301479420473,True,Measured from the event-date reference close to subsequent trading-session closes.,True,True,2019-04-23
JNJ,Health Care,2018-09-30,2018-10-16,2.05,2.03,0.02,0.9852,0.9852216748768484,IN_LINE,True,,,,,UNKNOWN,True,True,True,Alpha Vantage EARNINGS,primary_event_data,PRIMARY_EVENT_DATA,False,False,False,True,2018-10-16,2809.919921875,2018-10-17,2809.2099609375,-0.025266233815882486,NEUTRAL,2018-10-19,2767.780029296875,-1.4996830425689123,NEGATIVE,2018-10-23,2740.68994140625,-2.463770583987116,STRONG_NEGATIVE,2018-11-13,2722.179931640625,-3.122508565149001,STRONG_NEGATIVE,2018-11-14,2701.580078125,-3.8556203294828104,STRONG_NEGATIVE,-6.190922366976928,2635.9599609375,STRONG_NEGATIVE,0.2498298786595203,-7.344689121061752,True,Measured from the event-date reference close to subsequent trading-session closes.,True,True,2019-01-17
JNJ,Health Care,2018-06-30,2018-07-17,2.1,2.07,0.03,1.4493,1.4492753623188528,IN_LINE,True,,,,,UNKNOWN,True,True,True,Alpha Vantage EARNINGS,primary_event_data,PRIMARY_EVENT_DATA,False,False,False,True,2018-07-17,2809.550048828125,2018-07-18,2815.6201171875,0.2160512627958648,NEUTRAL,2018-07-20,2801.830078125,-0.27477605199967986,NEGATIVE,2018-07-24,2820.39990234375,0.3861776201548899,POSITIVE,2018-08-14,2839.9599609375,1.0823765934356322,POSITIVE,2018-08-15,2818.3701171875,0.3139317045821585,POSITIVE,-2.091438441900476,2750.7900390625,STRONG_NEGATIVE,1.9177406302113578,-0.5128990763489171,True,Measured from the event-date reference close to subsequent trading-session closes.,True,True,2018-10-15
JNJ,Health Care,2018-03-31,2018-04-17,2.06,2.0,0.06,3.0,3.0000000000000027,BEAT,True,,,,,UNKNOWN,True,True,True,Alpha Vantage EARNINGS,primary_event_data,PRIMARY_EVENT_DATA,False,False,False,True,2018-04-17,2706.389892578125,2018-04-18,2708.639892578125,0.0831365800681673,NEUTRAL,2018-04-20,2670.139892578125,-1.3394226788760288,NEGATIVE,2018-04-24,2634.56005859375,-2.6540829974778477,STRONG_NEGATIVE,2018-05-15,2711.449951171875,0.18696709619062885,NEUTRAL,2018-05-16,2722.4599609375,0.5937824554933785,POSITIVE,3.8117255955212337,2809.550048828125,STRONG_POSITIVE,1.3194774772125395,-4.1298475026505646,True,Measured from the event-date reference close to subsequent trading-session closes.,True,True,2018-07-17
JNJ,Health Care,2017-12-31,2018-01-23,1.74,1.72,0.02,1.1628,1.1627906976744196,IN_LINE,True,,,,,UNKNOWN,True,True,True,Alpha Vantage EARNINGS,primary_event_data,PRIMARY_EVENT_DATA,False,False,False,True,2018-01-23,2839.1298828125,2018-01-24,2837.5400390625,-0.05599757022827953,NEUTRAL,2018-01-26,2872.8701171875,1.1884005229650232,POSITIVE,2018-01-30,2822.429931640625,-0.5882066640548226,NEGATIVE,2018-02-21,2701.330078125,-4.853592839190319,STRONG_NEGATIVE,2018-02-22,2703.9599609375,-4.760962951828675,STRONG_NEGATIVE,-7.205370400881376,2634.56005859375,STRONG_NEGATIVE,1.1884005229650232,-10.793445670146106,True,Measured from the event-date reference close to subsequent trading-session closes.,True,True,2018-04-24
JNJ,Health Care,2017-09-30,2017-10-17,1.9,1.8,0.1,5.5556,5.555555555555548,BEAT,True,,,,,UNKNOWN,True,True,True,Alpha Vantage EARNINGS,primary_event_data,PRIMARY_EVENT_DATA,False,False,False,True,2017-10-17,2559.360107421875,2017-10-18,2561.260009765625,0.07423349056041324,NEUTRAL,2017-10-20,2575.2099609375,0.6192896993925198,POSITIVE,2017-10-24,2569.1298828125,0.38172726699512427,POSITIVE,2017-11-14,2578.8701171875,0.7623002995572223,POSITIVE,2017-11-15,2564.6201171875,0.2055205029714859,NEUTRAL,9.325374775627797,2798.030029296875,STRONG_POSITIVE,1.4714581195575105,-0.6001542095359034,True,Measured from the event-date reference close to subsequent trading-session closes.,True,True,2018-01-18
JNJ,Health Care,2017-06-30,2017-07-18,1.83,1.79,0.04,2.2346,2.234636871508381,IN_LINE,True,,,,,UNKNOWN,True,True,True,Alpha Vantage EARNINGS,primary_event_data,PRIMARY_EVENT_DATA,False,False,False,True,2017-07-18,2460.610107421875,2017-07-19,2473.830078125,0.537263935608894,POSITIVE,2017-07-21,2472.5400390625,0.484836325943759,POSITIVE,2017-07-25,2477.1298828125,0.671369077969599,POSITIVE,2017-08-15,2464.610107421875,0.16256130899954052,NEUTRAL,2017-08-16,2468.110107421875,0.30480245437413844,POSITIVE,3.9433222217360466,2557.639892578125,STRONG_POSITIVE,1.2297766994597197,-0.9290422465925279,True,Measured from the event-date reference close to subsequent trading-session closes.,True,True,2017-10-16
JNJ,Health Care,2017-03-31,2017-04-18,1.83,1.77,0.06,3.3898,3.3898305084745792,BEAT,True,,,,,UNKNOWN,True,True,True,Alpha Vantage EARNINGS,primary_event_data,PRIMARY_EVENT_DATA,False,False,False,True,2017-04-18,2342.18994140625,2017-04-19,2338.169921875,-0.17163507793208188,NEUTRAL,2017-04-21,2348.68994140625,0.27751805628955106,POSITIVE,2017-04-25,2388.610107421875,1.981912960814542,POSITIVE,2017-05-16,2400.669921875,2.4968077710059093,STRONG_POSITIVE,2017-05-17,2357.030029296875,0.6335988225495929,POSITIVE,5.055959122791108,2460.610107421875,STRONG_POSITIVE,2.714556876921201,-0.3048383246765295,True,Measured from the event-date reference close to subsequent trading-session closes.,True,True,2017-07-18
JNJ,Health Care,2016-12-31,2017-01-24,1.58,1.56,0.02,1.2821,1.2820512820512833,IN_LINE,True,,,,,UNKNOWN,True,True,True,Alpha Vantage EARNINGS,primary_event_data,PRIMARY_EVENT_DATA,False,False,False,True,2017-01-24,2280.070068359375,2017-01-25,2298.3701171875,0.802609054961754,POSITIVE,2017-01-27,2294.68994140625,0.6412027967804838,POSITIVE,2017-01-31,2278.8701171875,-0.05262782001863764,NEUTRAL,2017-02-22,2362.820068359375,3.629274431006534,STRONG_POSITIVE,2017-02-23,2363.81005859375,3.6726937209710457,STRONG_POSITIVE,4.760381734259597,2388.610107421875,STRONG_POSITIVE,3.799878511648844,-0.564022465815206,True,Measured from the event-date reference close to subsequent trading-session closes.,True,True,2017-04-25
JNJ,Health Care,2016-09-30,2016-10-18,1.68,1.66,0.02,1.2048,1.204819277108435,IN_LINE,True,,,,,UNKNOWN,True,True,True,Alpha Vantage EARNINGS,primary_event_data,PRIMARY_EVENT_DATA,False,False,False,True,2016-10-18,2139.60009765625,2016-10-19,2144.2900390625,0.219197101897099,NEUTRAL,2016-10-21,2141.159912109375,0.0729021490900867,NEUTRAL,2016-10-25,2143.159912109375,0.16637756078925564,NEUTRAL,2016-11-15,2180.389892578125,1.9064214367234675,POSITIVE,2016-11-16,2176.93994140625,1.7451786336569446,POSITIVE,5.799674616108397,2263.68994140625,STRONG_POSITIVE,1.9956977576627133,-2.608434102002761,True,Measured from the event-date reference close to subsequent trading-session closes.,True,True,2017-01-19
JNJ,Health Care,2016-06-30,2016-07-19,1.74,1.68,0.06,3.5714,3.5714285714285747,BEAT,True,,,,,UNKNOWN,True,True,True,Alpha Vantage EARNINGS,primary_event_data,PRIMARY_EVENT_DATA,False,False,False,True,2016-07-19,2163.780029296875,2016-07-20,2173.02001953125,0.4270300173431934,POSITIVE,2016-07-22,2175.030029296875,0.5199234602260245,POSITIVE,2016-07-26,2169.179931640625,0.24955874768401065,NEUTRAL,2016-08-16,2178.14990234375,0.6641096993368832,POSITIVE,2016-08-17,2182.219970703125,0.8522096126491239,POSITIVE,-1.7229121626096726,2126.5,NEGATIVE,1.3878503771306792,-0.7486875261132347,True,Measured from the event-date reference close to subsequent trading-session closes.,True,True,2016-10-17
JNJ,Health Care,2016-03-31,2016-04-19,1.68,1.65,0.03,1.8182,1.81818181818182,IN_LINE,True,,,,,UNKNOWN,True,True,True,Alpha Vantage EARNINGS,primary_event_data,PRIMARY_EVENT_DATA,False,False,False,True,2016-04-19,2100.800048828125,2016-04-20,2102.39990234375,0.07615448773991773,NEUTRAL,2016-04-22,2091.580078125,-0.438879021745459,NEGATIVE,2016-04-26,2091.699951171875,-0.43317295529035454,NEGATIVE,2016-05-17,2047.2099609375,-2.5509371022967557,STRONG_NEGATIVE,2016-05-18,2047.6300048828125,-2.530942627070672,STRONG_NEGATIVE,2.9979045604022,2163.780029296875,STRONG_POSITIVE,0.4879093565195644,-2.9203206507193538,True,Measured from the event-date reference close to subsequent trading-session closes.,True,True,2016-07-19
JNJ,Health Care,2015-12-31,2016-01-26,1.44,1.42,0.02,1.4085,1.4084507042253531,IN_LINE,True,,,,,UNKNOWN,True,True,True,Alpha Vantage EARNINGS,primary_event_data,PRIMARY_EVENT_DATA,False,False,False,True,2016-01-26,1903.6300048828125,2016-01-27,1882.949951171875,-1.0863483795639461,NEGATIVE,2016-01-29,1940.239990234375,1.9231670680572306,POSITIVE,2016-02-02,1903.030029296875,-0.03151744742405625,NEUTRAL,2016-02-24,1929.800048828125,1.3747442453725942,POSITIVE,2016-02-25,1951.699951171875,2.5251727576137717,STRONG_POSITIVE,9.879543073321125,2091.699951171875,STRONG_POSITIVE,2.2887822831803217,-4.913246222058404,True,Measured from the event-date reference close to subsequent trading-session closes.,True,True,2016-04-26
JNJ,Health Care,2015-09-30,2015-10-13,1.49,1.45,0.04,2.7586,2.758620689655175,IN_LINE,True,,,,,UNKNOWN,True,True,True,Alpha Vantage EARNINGS,primary_event_data,PRIMARY_EVENT_DATA,False,False,False,True,2015-10-13,2003.68994140625,2015-10-14,1994.239990234375,-0.4716274198213891,NEGATIVE,2015-10-16,2033.1099853515625,1.468293239255602,POSITIVE,2015-10-20,2030.77001953125,1.351510409140168,POSITIVE,2015-11-10,2081.719970703125,3.894316564872865,STRONG_POSITIVE,2015-11-11,2075.0,3.558936795565408,STRONG_POSITIVE,-5.660052973554406,1890.280029296875,STRONG_NEGATIVE,5.629116398285682,-0.6468047111323176,True,Measured from the event-date reference close to subsequent trading-session closes.,True,True,2016-01-13
JNJ,Health Care,2015-06-30,2015-07-14,1.71,1.68,0.03,1.7857,1.7857142857142874,IN_LINE,True,,,,,UNKNOWN,True,True,True,Alpha Vantage EARNINGS,primary_event_data,PRIMARY_EVENT_DATA,False,False,False,True,2015-07-14,2108.949951171875,2015-07-15,2107.39990234375,-0.0734986066057987,NEUTRAL,2015-07-17,2126.639892578125,0.8388032820039316,POSITIVE,2015-07-21,2119.2099609375,0.4864984946619452,POSITIVE,2015-08-11,2084.070068359375,-1.1797284614874364,NEGATIVE,2015-08-12,2086.050048828125,-1.0858438025532693,NEGATIVE,-4.338177403571715,2017.4599609375,STRONG_NEGATIVE,1.1318484430716884,-2.1541493488444834,True,Measured from the event-date reference close to subsequent trading-session closes.,True,True,2015-10-12
JNJ,Health Care,2015-03-31,2015-04-14,1.56,1.54,0.02,1.2987,1.2987012987012998,IN_LINE,True,,,,,UNKNOWN,True,True,True,Alpha Vantage EARNINGS,primary_event_data,PRIMARY_EVENT_DATA,False,False,False,True,2015-04-14,2095.840087890625,2015-04-15,2106.6298828125,0.5148195696902846,POSITIVE,2015-04-17,2081.179931640625,-0.6994883023138865,NEGATIVE,2015-04-21,2097.2900390625,0.06918233792036657,NEUTRAL,2015-05-12,2099.1201171875,0.15650188751643793,NEUTRAL,2015-05-13,2098.47998046875,0.12595868326871926,NEUTRAL,0.625518299654461,2108.949951171875,POSITIVE,1.4352160815212334,-1.331693024255987,True,Measured from the event-date reference close to subsequent trading-session closes.,True,True,2015-07-14
JNJ,Health Care,2014-12-31,2015-01-20,1.27,1.26,0.01,0.7937,0.7936507936507943,IN_LINE,True,,,,,UNKNOWN,True,True,True,Alpha Vantage EARNINGS,primary_event_data,PRIMARY_EVENT_DATA,False,False,False,True,2015-01-20,2022.550048828125,2015-01-21,2032.1199951171875,0.4731623968765258,POSITIVE,2015-01-23,2051.820068359375,1.4471839422816353,POSITIVE,2015-01-27,2029.550048828125,0.34609773953706774,POSITIVE,2015-02-18,2099.679931640625,3.8134968703093115,STRONG_POSITIVE,2015-02-19,2097.449951171875,3.7032409846741423,STRONG_POSITIVE,3.6953345247342435,2097.2900390625,STRONG_POSITIVE,3.893599569792012,-2.0592827573386736,True,Measured from the event-date reference close to subsequent trading-session closes.,True,True,2015-04-21
JNJ,Health Care,2014-09-30,2014-10-14,1.5,1.45,0.05,3.4483,3.448275862068969,BEAT,True,,,,,UNKNOWN,True,True,True,Alpha Vantage EARNINGS,primary_event_data,PRIMARY_EVENT_DATA,False,False,False,True,2014-10-14,1877.699951171875,2014-10-15,1862.489990234375,-0.8100314924121632,NEGATIVE,2014-10-17,1886.760009765625,0.4825083255764908,POSITIVE,2014-10-21,1941.280029296875,3.386061659389169,STRONG_POSITIVE,2014-11-11,2039.6800537109375,8.62651684247904,STRONG_POSITIVE,2014-11-12,2038.25,8.550356979448475,STRONG_POSITIVE,7.11349373343775,2011.27001953125,STRONG_POSITIVE,8.711726174509907,-3.037754618707255,True,Measured from the event-date reference close to subsequent trading-session closes.,True,True,2015-01-14
JNJ,Health Care,2014-06-30,2014-07-15,1.66,1.55,0.11,7.0968,7.096774193548379,BEAT,True,,,,,UNKNOWN,True,True,True,Alpha Vantage EARNINGS,primary_event_data,PRIMARY_EVENT_DATA,False,False,False,True,2014-07-15,1973.280029296875,2014-07-16,1981.5699462890625,0.4201084929208647,POSITIVE,2014-07-18,1978.219970703125,0.2503416308333194,POSITIVE,2014-07-22,1983.530029296875,0.5194397068748682,POSITIVE,2014-08-12,1933.75,-2.003265056655971,STRONG_NEGATIVE,2014-08-13,1946.719970703125,-1.3459852732211535,NEGATIVE,-4.99371795181103,1874.739990234375,STRONG_NEGATIVE,0.9177605348803689,-3.4713775532613145,True,Measured from the event-date reference close to subsequent trading-session closes.,True,True,2014-10-13
JNJ,Health Care,2014-03-31,2014-04-15,1.54,1.48,0.06,4.0541,4.054054054054058,BEAT,True,,,,,UNKNOWN,True,True,True,Alpha Vantage EARNINGS,primary_event_data,PRIMARY_EVENT_DATA,False,False,False,True,2014-04-15,1842.97998046875,2014-04-16,1862.31005859375,1.048849055868937,POSITIVE,2014-04-21,1871.8900146484375,1.5686569841271103,POSITIVE,2014-04-23,1875.3900146484375,1.7585668061051982,POSITIVE,2014-05-14,1888.530029296875,2.47154333258355,STRONG_POSITIVE,2014-05-15,1870.8499755859375,1.5122245174957867,POSITIVE,7.519884496252804,1981.5699462890625,STRONG_POSITIVE,3.2116498336302,0.16440923553083478,True,Measured from the event-date reference close to subsequent trading-session closes.,True,True,2014-07-16
JNJ,Health Care,2013-12-31,2014-01-21,1.24,1.2,0.04,3.3333,3.3333333333333366,BEAT,True,,,,,UNKNOWN,True,True,True,Alpha Vantage EARNINGS,primary_event_data,PRIMARY_EVENT_DATA,False,False,False,True,2014-01-21,1843.800048828125,2014-01-22,1844.8599853515625,0.057486522148167324,NEUTRAL,2014-01-24,1790.2900390625,-2.902159038320596,STRONG_NEGATIVE,2014-01-28,1792.5,-2.782300003773732,STRONG_NEGATIVE,2014-02-19,1828.75,-0.8162516774902164,NEGATIVE,2014-02-20,1839.780029296875,-0.21802903920113398,NEUTRAL,1.9389304183347777,1879.550048828125,POSITIVE,0.20066987058746422,-5.742488452048111,True,Measured from the event-date reference close to subsequent trading-session closes.,True,True,2014-04-22
JNJ,Health Care,2013-09-30,2013-10-15,1.36,1.32,0.04,3.0303,3.030303030303033,BEAT,True,,,,,UNKNOWN,True,True,True,Alpha Vantage EARNINGS,primary_event_data,PRIMARY_EVENT_DATA,False,False,False,True,2013-10-15,1698.06005859375,2013-10-16,1721.5400390625,1.3827532394934823,POSITIVE,2013-10-18,1744.5,2.734882148085462,STRONG_POSITIVE,2013-10-22,1754.6700439453125,3.333803481511962,STRONG_POSITIVE,2013-11-12,1767.68994140625,4.1005547748507825,STRONG_POSITIVE,2013-11-13,1782.0,4.943284601827626,STRONG_POSITIVE,8.852451686164157,1848.3800048828125,STRONG_POSITIVE,4.544003712876625,0.1431004532688526,True,Measured from the event-date reference close to subsequent trading-session closes.,True,True,2014-01-15
JNJ,Health Care,2013-06-30,2013-07-16,1.48,1.39,0.09,6.4748,6.474820143884898,BEAT,True,,,,,UNKNOWN,True,True,True,Alpha Vantage EARNINGS,primary_event_data,PRIMARY_EVENT_DATA,False,False,False,True,2013-07-16,1676.260009765625,2013-07-17,1680.9100341796875,0.27740472164056856,POSITIVE,2013-07-19,1692.0899658203125,0.9443616123074396,POSITIVE,2013-07-23,1692.3900146484375,0.9622615100784871,POSITIVE,2013-08-13,1694.1600341796875,1.067854885863756,POSITIVE,2013-08-14,1685.3900146484375,0.5446651969039731,POSITIVE,2.021166447056719,1710.1400146484375,STRONG_POSITIVE,1.993129585210286,-0.013719856550306652,True,Measured from the event-date reference close to subsequent trading-session closes.,True,True,2013-10-14
JNJ,Health Care,2013-03-31,2013-04-16,1.44,1.4,0.04,2.8571,2.85714285714286,IN_LINE,True,,,,,UNKNOWN,True,True,True,Alpha Vantage EARNINGS,primary_event_data,PRIMARY_EVENT_DATA,False,False,False,True,2013-04-16,1574.5699462890625,2013-04-17,1552.010009765625,-1.4327681394279517,NEGATIVE,2013-04-19,1555.25,-1.2269982883006016,NEGATIVE,2013-04-23,1578.780029296875,0.26737986570458805,POSITIVE,2013-05-14,1650.3399658203125,4.81210883707163,STRONG_POSITIVE,2013-05-15,1658.780029296875,5.348132244380654,STRONG_POSITIVE,6.458275398703313,1676.260009765625,STRONG_POSITIVE,4.860376604878083,-2.4476471866504346,True,Measured from the event-date reference close to subsequent trading-session closes.,True,True,2013-07-16
JNJ,Health Care,2012-12-31,2013-01-22,1.19,1.17,0.02,1.7094,1.7094017094017109,IN_LINE,True,,,,,UNKNOWN,True,True,True,Alpha Vantage EARNINGS,primary_event_data,PRIMARY_EVENT_DATA,False,False,False,True,2013-01-22,1492.56005859375,2013-01-23,1494.81005859375,0.15074770271689364,NEUTRAL,2013-01-25,1502.9599609375,0.6967828385779337,POSITIVE,2013-01-29,1507.8399658203125,1.0237381831695818,POSITIVE,2013-02-20,1511.949951171875,1.2991030053687511,POSITIVE,2013-02-21,1502.4200439453125,0.6606089513645644,POSITIVE,5.776650005250652,1578.780029296875,STRONG_POSITIVE,2.5714129620124293,-0.20770337772342834,True,Measured from the event-date reference close to subsequent trading-session closes.,True,True,2013-04-23
JNJ,Health Care,2012-09-30,2012-10-16,1.25,1.21,0.04,3.3058,3.305785123966945,BEAT,True,,,,,UNKNOWN,True,True,True,Alpha Vantage EARNINGS,primary_event_data,PRIMARY_EVENT_DATA,False,False,False,True,2012-10-16,1454.9200439453125,2012-10-17,1460.9100341796875,0.41170580193066275,POSITIVE,2012-10-19,1433.18994140625,-1.4935599127589785,NEGATIVE,2012-10-23,1413.1099853515625,-2.873701463372069,STRONG_NEGATIVE,2012-11-15,1353.3299560546875,-6.982520332536127,STRONG_NEGATIVE,2012-11-16,1359.8800048828125,-6.532320415682744,STRONG_NEGATIVE,2.1348208551180683,1485.97998046875,STRONG_POSITIVE,0.6254622461081133,-7.345420496605966,True,Measured from the event-date reference close to subsequent trading-session closes.,True,True,2013-01-18
JNJ,Health Care,2012-06-30,2012-07-17,1.3,1.29,0.01,0.7752,0.7751937984496131,IN_LINE,True,,,,,UNKNOWN,True,True,True,Alpha Vantage EARNINGS,primary_event_data,PRIMARY_EVENT_DATA,False,False,False,True,2012-07-17,1363.6700439453125,2012-07-18,1372.780029296875,0.6680490923747123,POSITIVE,2012-07-20,1362.6600341796875,-0.07406555347530276,NEUTRAL,2012-07-24,1338.31005859375,-1.8596863269205548,NEGATIVE,2012-08-14,1403.9300537109375,2.9523277969167996,STRONG_POSITIVE,2012-08-15,1405.530029296875,3.0696564419978722,STRONG_POSITIVE,5.606925317233579,1440.1300048828125,STRONG_POSITIVE,3.399648291564413,-2.5248082454994702,True,Measured from the event-date reference close to subsequent trading-session closes.,True,True,2012-10-15
JNJ,Health Care,2012-03-31,2012-04-17,1.37,1.36,0.01,0.7353,0.7352941176470594,IN_LINE,True,,,,,UNKNOWN,True,True,True,Alpha Vantage EARNINGS,primary_event_data,PRIMARY_EVENT_DATA,False,False,False,True,2012-04-17,1390.780029296875,2012-04-18,1385.1400146484375,-0.40552887801307264,NEGATIVE,2012-04-20,1378.530029296875,-0.8808006832103513,NEGATIVE,2012-04-24,1371.969970703125,-1.3524826498450402,NEGATIVE,2012-05-15,1330.6600341796875,-4.322753695822183,STRONG_NEGATIVE,2012-05-16,1324.800048828125,-4.744098928578011,STRONG_NEGATIVE,-1.9492647852635812,1363.6700439453125,NEGATIVE,1.7644714818484948,-4.484533413146533,True,Measured from the event-date reference close to subsequent trading-session closes.,True,True,2012-07-17
JNJ,Health Care,2011-12-31,2012-01-24,1.13,1.09,0.04,3.6697,3.6697247706421847,BEAT,True,,,,,UNKNOWN,True,True,True,Alpha Vantage EARNINGS,primary_event_data,PRIMARY_EVENT_DATA,False,False,False,True,2012-01-24,1314.6500244140625,2012-01-25,1326.06005859375,0.8679141952454559,POSITIVE,2012-01-27,1316.3299560546875,0.12778546452876255,NEUTRAL,2012-01-31,1312.4100341796875,-0.170386809628164,NEUTRAL,2012-02-22,1357.6600341796875,3.271593881785724,STRONG_POSITIVE,2012-02-23,1363.4599609375,3.712770366028937,STRONG_POSITIVE,4.360091676460427,1371.969970703125,STRONG_POSITIVE,4.039857328206687,-1.0770953422374603,True,Measured from the event-date reference close to subsequent trading-session closes.,True,True,2012-04-24
JNJ,Health Care,2011-09-30,2011-10-18,1.24,1.21,0.03,2.4793,2.479338842975209,IN_LINE,True,,,,,UNKNOWN,True,True,True,Alpha Vantage EARNINGS,primary_event_data,PRIMARY_EVENT_DATA,False,False,False,True,2011-10-18,1225.3800048828125,2011-10-19,1209.8800048828125,-1.2649137360032507,NEGATIVE,2011-10-21,1238.25,1.0502860390984021,POSITIVE,2011-10-25,1229.050048828125,0.29950251601040934,POSITIVE,2011-11-15,1257.81005859375,2.6465303482766473,STRONG_POSITIVE,2011-11-16,1236.9100341796875,0.94093499575078,POSITIVE,7.272845546856329,1314.5,STRONG_POSITIVE,5.4905440784721495,-2.288272939885417,True,Measured from the event-date reference close to subsequent trading-session closes.,True,True,2012-01-19
JNJ,Health Care,2011-06-30,2011-07-19,1.28,1.24,0.04,3.2258,3.2258064516129057,BEAT,True,,,,,UNKNOWN,True,True,True,Alpha Vantage EARNINGS,primary_event_data,PRIMARY_EVENT_DATA,False,False,False,True,2011-07-19,1326.72998046875,2011-07-20,1325.8399658203125,-0.06708332980634439,NEUTRAL,2011-07-22,1345.02001953125,1.3785803691598124,POSITIVE,2011-07-26,1331.93994140625,0.3926918826134657,POSITIVE,2011-08-16,1192.760009765625,-10.097757092652099,STRONG_NEGATIVE,2011-08-17,1193.8900146484375,-10.012584909958733,STRONG_NEGATIVE,-9.487235305613286,1200.8599853515625,STRONG_NEGATIVE,1.5278180058981068,-16.97330615282302,True,Measured from the event-date reference close to subsequent trading-session closes.,True,True,2011-10-17
JNJ,Health Care,2011-03-31,2011-04-19,1.35,1.26,0.09,7.1429,7.1428571428571495,BEAT,True,,,,,UNKNOWN,True,True,True,Alpha Vantage EARNINGS,primary_event_data,PRIMARY_EVENT_DATA,False,False,False,True,2011-04-19,1312.6199951171875,2011-04-20,1330.3599853515625,1.3514947433656317,POSITIVE,2011-04-25,1335.25,1.7240332287329014,POSITIVE,2011-04-27,1355.6600341796875,3.2789412947086407,STRONG_POSITIVE,2011-05-18,1340.6800537109375,2.1377137860257007,STRONG_POSITIVE,2011-05-19,1343.5999755859375,2.360163686671875,STRONG_POSITIVE,1.0071437851245557,1325.8399658203125,POSITIVE,4.415593328846517,0.4487219964915782,True,Measured from the event-date reference close to subsequent trading-session closes.,True,True,2011-07-20
JNJ,Health Care,2010-12-31,2011-01-25,1.03,1.03,0.0,0.0,0.0,IN_LINE,False,,,,,UNKNOWN,True,True,True,Alpha Vantage EARNINGS,primary_event_data,PRIMARY_EVENT_DATA,False,False,False,True,2011-01-25,1291.1800537109375,2011-01-26,1296.6300048828125,0.4220907189676201,POSITIVE,2011-01-28,1276.3399658203125,-1.1493430252406394,NEGATIVE,2011-02-01,1307.5899658203125,1.2709236068363834,POSITIVE,2011-02-23,1307.4000244140625,1.2562129237132904,POSITIVE,2011-02-24,1306.0999755859375,1.1555260501522735,POSITIVE,4.341759800449016,1347.239990234375,STRONG_POSITIVE,4.096244549791172,-1.245378448868133,True,Measured from the event-date reference close to subsequent trading-session closes.,True,True,2011-04-26
JNJ,Health Care,2010-09-30,2010-10-19,1.23,1.15,0.08,6.9565,6.956521739130442,BEAT,True,,,,,UNKNOWN,True,True,True,Alpha Vantage EARNINGS,primary_event_data,PRIMARY_EVENT_DATA,False,False,False,True,2010-10-19,1165.9000244140625,2010-10-20,1178.1700439453125,1.0524075198828862,POSITIVE,2010-10-22,1183.0799560546875,1.4735338606120185,POSITIVE,2010-10-26,1185.6400146484375,1.6931117438045835,POSITIVE,2010-11-16,1178.3399658203125,1.0669818291239719,POSITIVE,2010-11-17,1178.5899658203125,1.0884244909959142,POSITIVE,9.951112196738936,1281.9200439453125,STRONG_POSITIVE,5.247442350073861,0.07204441227579828,True,Measured from the event-date reference close to subsequent trading-session closes.,True,True,2011-01-19
JNJ,Health Care,2010-06-30,2010-07-20,1.21,1.2,0.01,0.8333,0.8333333333333341,IN_LINE,True,,,,,UNKNOWN,True,True,True,Alpha Vantage EARNINGS,primary_event_data,PRIMARY_EVENT_DATA,False,False,False,True,2010-07-20,1083.47998046875,2010-07-21,1069.5899658203125,-1.2819816608358754,NEGATIVE,2010-07-23,1102.6600341796875,1.7702268668258698,POSITIVE,2010-07-27,1113.8399658203125,2.8020808781743938,STRONG_POSITIVE,2010-08-17,1092.5400390625,0.8361999074344053,POSITIVE,2010-08-18,1094.1600341796875,0.9857176785414115,POSITIVE,9.343041153834195,1184.7099609375,STRONG_POSITIVE,4.223429190249337,-1.6825396682330112,True,Measured from the event-date reference close to subsequent trading-session closes.,True,True,2010-10-18
JNJ,Health Care,2010-03-31,2010-04-20,1.29,1.27,0.02,1.5748,1.5748031496063006,IN_LINE,True,,,,,UNKNOWN,True,True,True,Alpha Vantage EARNINGS,primary_event_data,PRIMARY_EVENT_DATA,False,False,False,True,2010-04-20,1207.1700439453125,2010-04-21,1205.93994140625,-0.10189969053922501,NEUTRAL,2010-04-23,1217.280029296875,0.8374947176887124,POSITIVE,2010-04-27,1183.7099609375,-1.9433950606610062,NEGATIVE,2010-05-18,1120.800048828125,-7.154749701617037,STRONG_NEGATIVE,2010-05-19,1115.050048828125,-7.631070335055526,STRONG_NEGATIVE,-10.246283371339683,1083.47998046875,STRONG_NEGATIVE,1.0462490306282541,-11.71168930109877,True,Measured from the event-date reference close to subsequent trading-session closes.,True,True,2010-07-20
JNJ,Health Care,2009-12-31,2010-01-26,1.02,0.97,0.05,5.1546,5.154639175257737,BEAT,True,,,,,UNKNOWN,True,True,True,Alpha Vantage EARNINGS,primary_event_data,PRIMARY_EVENT_DATA,False,False,False,True,2010-01-26,1092.1700439453125,2010-01-27,1097.5,0.48801522109448947,POSITIVE,2010-01-29,1073.8699951171875,-1.6755677313780386,NEGATIVE,2010-02-02,1103.3199462890625,1.0208943566582844,POSITIVE,2010-02-24,1105.239990234375,1.1966951814434623,POSITIVE,2010-02-25,1102.93994140625,0.986100792696414,POSITIVE,8.38147113626302,1183.7099609375,STRONG_POSITIVE,1.8541068867673471,-4.364708976370666,True,Measured from the event-date reference close to subsequent trading-session closes.,True,True,2010-04-27
JNJ,Health Care,2009-09-30,2009-10-13,1.2,1.13,0.07,6.1947,6.194690265486732,BEAT,True,,,,,UNKNOWN,True,True,True,Alpha Vantage EARNINGS,primary_event_data,PRIMARY_EVENT_DATA,False,False,False,True,2009-10-13,1073.18994140625,2009-10-14,1092.02001953125,1.7545895091344303,POSITIVE,2009-10-16,1087.6800537109375,1.3501908418653683,POSITIVE,2009-10-20,1091.06005859375,1.6651402047324415,POSITIVE,2009-11-10,1093.010009765625,1.846836947931496,POSITIVE,2009-11-11,1098.510009765625,2.3593277743730017,STRONG_POSITIVE,6.7546395570666995,1145.6800537109375,STRONG_POSITIVE,2.6248889277139513,-4.0822164682266155,True,Measured from the event-date reference close to subsequent trading-session closes.,True,True,2010-01-13
JNJ,Health Care,2009-06-30,2009-07-14,1.15,1.11,0.04,3.6036,3.6036036036035854,BEAT,True,,,,,UNKNOWN,True,True,True,Alpha Vantage EARNINGS,primary_event_data,PRIMARY_EVENT_DATA,False,False,False,True,2009-07-14,905.8400268554688,2009-07-15,932.6799926757812,2.9629918114222336,STRONG_POSITIVE,2009-07-17,940.3800048828125,3.8130328759312793,STRONG_POSITIVE,2009-07-21,954.5800170898438,5.3806399352401,STRONG_POSITIVE,2009-08-11,994.3499755859375,9.7710352939163,STRONG_POSITIVE,2009-08-12,1005.8099975585938,11.03616176579882,STRONG_POSITIVE,18.805739369028945,1076.18994140625,STRONG_POSITIVE,12.381874262487953,0.4758011824179891,True,Measured from the event-date reference close to subsequent trading-session closes.,True,True,2009-10-12
JNJ,Health Care,2009-03-31,2009-04-14,1.26,1.22,0.04,3.2787,3.2786885245901667,BEAT,True,,,,,UNKNOWN,True,True,True,Alpha Vantage EARNINGS,primary_event_data,PRIMARY_EVENT_DATA,False,False,False,True,2009-04-14,841.5,2009-04-15,852.0599975585938,1.2549016706587939,POSITIVE,2009-04-17,869.5999755859375,3.3392722027257875,STRONG_POSITIVE,2009-04-21,850.0800170898438,1.019609874015894,POSITIVE,2009-05-12,908.3499755859375,7.944144454656862,STRONG_POSITIVE,2009-05-13,883.9199829101562,5.040996186590166,STRONG_POSITIVE,7.6458736607806,905.8400268554688,STRONG_POSITIVE,10.537134035669192,-1.7433134771427512,True,Measured from the event-date reference close to subsequent trading-session closes.,True,True,2009-07-14
JNJ,Health Care,2008-12-31,2009-01-20,0.94,0.92,0.02,2.1739,2.1739130434782505,IN_LINE,True,,,,,UNKNOWN,True,True,True,Alpha Vantage EARNINGS,primary_event_data,PRIMARY_EVENT_DATA,False,False,False,True,2009-01-20,805.219970703125,2009-01-21,840.239990234375,4.349124562903006,STRONG_POSITIVE,2009-01-23,831.9500122070312,3.319594952490479,STRONG_POSITIVE,2009-01-27,845.7100219726562,5.0284459828008226,STRONG_POSITIVE,2009-02-18,788.4199829101562,-2.0863848891252483,STRONG_NEGATIVE,2009-02-19,778.9400024414062,-3.263700506430666,STRONG_NEGATIVE,5.571154221069128,850.0800170898438,STRONG_POSITIVE,9.021139227956258,-3.0786591154336285,True,Measured from the event-date reference close to subsequent trading-session closes.,True,True,2009-04-21
JNJ,Health Care,2008-09-30,2008-10-14,1.17,1.11,0.06,5.4054,5.40540540540539,BEAT,True,,,,,UNKNOWN,True,True,True,Alpha Vantage EARNINGS,primary_event_data,PRIMARY_EVENT_DATA,False,False,False,True,2008-10-14,998.010009765625,2008-10-15,907.8400268554688,-9.034977808622578,STRONG_NEGATIVE,2008-10-17,940.5499877929688,-5.757459485416414,STRONG_NEGATIVE,2008-10-21,955.0499877929688,-4.304568246038442,STRONG_NEGATIVE,2008-11-11,898.9500122070312,-9.925751905219592,STRONG_NEGATIVE,2008-11-12,852.2999877929688,-14.600056166458202,STRONG_NEGATIVE,-15.569985584105481,842.6199951171875,STRONG_NEGATIVE,0.951894260282119,-15.304454738910367,True,Measured from the event-date reference close to subsequent trading-session closes.,True,True,2009-01-14
JNJ,Health Care,2008-06-30,2008-07-15,1.18,1.12,0.06,5.3571,5.357142857142842,BEAT,True,,,,,UNKNOWN,True,True,True,Alpha Vantage EARNINGS,primary_event_data,PRIMARY_EVENT_DATA,False,False,False,True,2008-07-15,1214.9100341796875,2008-07-16,1245.3599853515625,2.5063544061050527,STRONG_POSITIVE,2008-07-18,1260.6800537109375,3.7673587544409504,STRONG_POSITIVE,2008-07-22,1277.0,5.110663676610089,STRONG_POSITIVE,2008-08-12,1289.5899658203125,6.146951588151892,STRONG_POSITIVE,2008-08-13,1285.8299560546875,5.837462847435073,STRONG_POSITIVE,-17.413639910925276,1003.3499755859375,STRONG_NEGATIVE,8.086194653969342,-0.2897349953675156,True,Measured from the event-date reference close to subsequent trading-session closes.,True,True,2008-10-13
JNJ,Health Care,2008-03-31,2008-04-15,1.26,1.2,0.06,5.0,5.000000000000004,BEAT,True,,,,,UNKNOWN,True,True,True,Alpha Vantage EARNINGS,primary_event_data,PRIMARY_EVENT_DATA,False,False,False,True,2008-04-15,1334.4300537109375,2008-04-16,1364.7099609375,2.269126593960967,STRONG_POSITIVE,2008-04-18,1390.3299560546875,4.189047015862471,STRONG_POSITIVE,2008-04-22,1375.93994140625,3.110682915142461,STRONG_POSITIVE,2008-05-13,1403.0400390625,5.141519794219556,STRONG_POSITIVE,2008-05-14,1408.6600341796875,5.562673012521165,STRONG_POSITIVE,-8.956634272352822,1214.9100341796875,STRONG_NEGATIVE,6.616301599822387,0.19408779149645375,True,Measured from the event-date reference close to subsequent trading-session closes.,True,True,2008-07-15
JNJ,Health Care,2007-12-31,2008-01-22,0.88,0.86,0.02,2.3256,2.325581395348839,IN_LINE,True,,,,,UNKNOWN,True,True,True,Alpha Vantage EARNINGS,primary_event_data,PRIMARY_EVENT_DATA,False,False,False,True,2008-01-22,1310.5,2008-01-23,1338.5999755859375,2.1442179004912245,STRONG_POSITIVE,2008-01-25,1330.6099853515625,1.534527688024609,POSITIVE,2008-01-29,1362.300048828125,3.952693538964136,STRONG_POSITIVE,2008-02-20,1360.030029296875,3.77947571895269,STRONG_POSITIVE,2008-02-21,1342.530029296875,2.444107538868752,STRONG_POSITIVE,4.9935094548836325,1375.93994140625,STRONG_POSITIVE,6.525755019553606,-3.086604438906906,True,Measured from the event-date reference close to subsequent trading-session closes.,True,True,2008-04-22
JNJ,Health Care,2007-09-30,2007-10-16,1.06,0.99,0.07,7.0707,7.070707070707077,BEAT,True,,,,,UNKNOWN,True,True,True,Alpha Vantage EARNINGS,primary_event_data,PRIMARY_EVENT_DATA,False,False,False,True,2007-10-16,1538.530029296875,2007-10-17,1541.239990234375,0.17613961937021674,NEUTRAL,2007-10-19,1500.6300048828125,-2.463391919063369,STRONG_NEGATIVE,2007-10-23,1519.5899658203125,-1.2310493208389515,NEGATIVE,2007-11-13,1481.050048828125,-3.7360324058815397,STRONG_NEGATIVE,2007-11-14,1470.5799560546875,-4.416558139800588,STRONG_NEGATIVE,-10.745976677527553,1373.199951171875,STRONG_NEGATIVE,0.9249075544695904,-6.499710639102774,True,Measured from the event-date reference close to subsequent trading-session closes.,True,True,2008-01-16
JNJ,Health Care,2007-06-30,2007-07-16,1.05,1.0,0.05,5.0,5.000000000000004,BEAT,True,,,,,UNKNOWN,True,True,True,Alpha Vantage EARNINGS,primary_event_data,PRIMARY_EVENT_DATA,False,False,False,True,2007-07-16,1549.52001953125,2007-07-17,1549.3699951171875,-0.009681992628135539,NEUTRAL,2007-07-19,1553.0799560546875,0.22974446787169794,NEUTRAL,2007-07-23,1541.5699462890625,-0.5130668298556414,NEGATIVE,2007-08-13,1452.9200439453125,-6.234186997800793,STRONG_NEGATIVE,2007-08-14,1426.5400390625,-7.9366499895853595,STRONG_NEGATIVE,0.7925053656673549,1561.800048828125,POSITIVE,0.3743047320916224,-7.8817958686173295,True,Measured from the event-date reference close to subsequent trading-session closes.,True,True,2007-10-12
JNJ,Health Care,2007-03-31,2007-04-17,1.16,1.04,0.12,11.5385,11.538461538461526,LARGE_BEAT,True,,,,,UNKNOWN,True,True,True,Alpha Vantage EARNINGS,primary_event_data,PRIMARY_EVENT_DATA,False,False,False,True,2007-04-17,1471.47998046875,2007-04-18,1472.5,0.06931929382587086,NEUTRAL,2007-04-20,1484.3499755859375,0.8746293043747476,POSITIVE,2007-04-24,1480.4100341796875,0.6068756510090453,POSITIVE,2007-05-15,1501.18994140625,2.0190530168161507,STRONG_POSITIVE,2007-05-16,1514.1400146484375,2.899124333726773,STRONG_POSITIVE,5.2933112024823545,1549.3699951171875,STRONG_POSITIVE,2.9460119173437933,-0.47639178641029917,True,Measured from the event-date reference close to subsequent trading-session closes.,True,True,2007-07-17
JNJ,Health Care,2006-12-31,2007-01-23,0.81,0.79,0.02,2.5316,2.531645569620255,IN_LINE,True,,,,,UNKNOWN,True,True,True,Alpha Vantage EARNINGS,primary_event_data,PRIMARY_EVENT_DATA,False,False,False,True,2007-01-23,1427.989990234375,2007-01-24,1440.1300048828125,0.8501470410478835,POSITIVE,2007-01-26,1422.1800537109375,-0.40686115191073,NEGATIVE,2007-01-30,1428.8199462890625,0.058120579301209244,NEUTRAL,2007-02-21,1457.6300048828125,2.0756458274313747,STRONG_POSITIVE,2007-02-22,1456.3800048828125,1.9881101998325539,POSITIVE,3.670897156408557,1480.4100341796875,STRONG_POSITIVE,2.2787301931408654,-0.7724164295482666,True,Measured from the event-date reference close to subsequent trading-session closes.,True,True,2007-04-24
JNJ,Health Care,2006-09-30,2006-10-17,0.98,0.93,0.05,5.3763,5.376344086021498,BEAT,True,,,,,UNKNOWN,True,True,True,Alpha Vantage EARNINGS,primary_event_data,PRIMARY_EVENT_DATA,False,False,False,True,2006-10-17,1364.050048828125,2006-10-18,1365.800048828125,0.12829441276758505,NEUTRAL,2006-10-20,1368.5999755859375,0.33356010373090106,POSITIVE,2006-10-24,1377.3800048828125,0.9772336481450558,POSITIVE,2006-11-14,1393.219970703125,2.138478855673976,STRONG_POSITIVE,2006-11-15,1396.5699462890625,2.3840692274360324,STRONG_POSITIVE,4.871518550874516,1430.5,STRONG_POSITIVE,2.2315853756540234,-0.2272715476175774,True,Measured from the event-date reference close to subsequent trading-session closes.,True,True,2007-01-19
JNJ,Health Care,2006-06-30,2006-07-18,0.98,0.97,0.01,1.0309,1.0309278350515474,IN_LINE,True,,,,,UNKNOWN,True,True,True,Alpha Vantage EARNINGS,primary_event_data,PRIMARY_EVENT_DATA,False,False,False,True,2006-07-18,1236.8599853515625,2006-07-19,1259.81005859375,1.8555110128867351,POSITIVE,2006-07-21,1240.2900390625,0.277319482525142,POSITIVE,2006-07-25,1268.8800048828125,2.5888152184136426,STRONG_POSITIVE,2006-08-15,1285.5799560546875,3.9390045179023994,STRONG_POSITIVE,2006-08-16,1295.4300537109375,4.735383879584977,STRONG_POSITIVE,10.688362046461647,1369.06005859375,STRONG_POSITIVE,4.532449853474369,-0.009701592630421531,True,Measured from the event-date reference close to subsequent trading-session closes.,True,True,2006-10-16
JNJ,Health Care,2006-03-31,2006-04-18,0.99,0.98,0.01,1.0204,1.020408163265307,IN_LINE,True,,,,,UNKNOWN,True,True,True,Alpha Vantage EARNINGS,primary_event_data,PRIMARY_EVENT_DATA,False,False,False,True,2006-04-18,1307.280029296875,2006-04-19,1309.9300537109375,0.20271283540434903,NEUTRAL,2006-04-21,1311.280029296875,0.3059788194080662,POSITIVE,2006-04-25,1301.739990234375,-0.42378365295458,NEGATIVE,2006-05-16,1292.0799560546875,-1.162725116390167,NEGATIVE,2006-05-17,1270.3199462890625,-2.827250640988649,STRONG_NEGATIVE,-5.386760477262715,1236.8599853515625,STRONG_NEGATIVE,1.4855211920773448,-1.741785923517621,True,Measured from the event-date reference close to subsequent trading-session closes.,True,True,2006-07-18
JNJ,Health Care,2005-12-31,2006-01-24,0.73,0.73,0.0,0.0,0.0,IN_LINE,False,,,,,UNKNOWN,True,True,True,Alpha Vantage EARNINGS,primary_event_data,PRIMARY_EVENT_DATA,False,False,False,True,2006-01-24,1266.8599853515625,2006-01-25,1264.6800537109375,-0.17207360448913805,NEUTRAL,2006-01-27,1283.719970703125,1.3308483610273425,POSITIVE,2006-01-31,1280.0799560546875,1.0435226351755331,POSITIVE,2006-02-22,1292.6700439453125,2.0373252681579905,STRONG_POSITIVE,2006-02-23,1287.7900390625,1.6521205147330675,POSITIVE,2.7532643927602667,1301.739990234375,STRONG_POSITIVE,2.1557282501247577,-1.04589300737311,True,Measured from the event-date reference close to subsequent trading-session closes.,True,True,2006-04-25
JNJ,Health Care,2005-09-30,2005-10-18,0.87,0.86,0.01,1.1628,1.1627906976744196,IN_LINE,True,,,,,UNKNOWN,True,True,True,Alpha Vantage EARNINGS,primary_event_data,PRIMARY_EVENT_DATA,False,False,False,True,2005-10-18,1178.1400146484375,2005-10-19,1195.760009765625,1.49557734209082,POSITIVE,2005-10-21,1179.5899658203125,0.1230712100299617,NEUTRAL,2005-10-25,1196.5400390625,1.5617858815832815,POSITIVE,2005-11-15,1229.010009765625,4.31782254101329,STRONG_POSITIVE,2005-11-16,1231.2099609375,4.5045534171843595,STRONG_POSITIVE,9.073626486234064,1285.0400390625,STRONG_POSITIVE,5.075791163553432,-0.6442329201913561,True,Measured from the event-date reference close to subsequent trading-session closes.,True,True,2006-01-19
JNJ,Health Care,2005-06-30,2005-07-19,0.93,0.91,0.02,2.1978,2.1978021978022,IN_LINE,True,,,,,UNKNOWN,True,True,True,Alpha Vantage EARNINGS,primary_event_data,PRIMARY_EVENT_DATA,False,False,False,True,2005-07-19,1229.3499755859375,2005-07-20,1235.199951171875,0.47585925099557286,POSITIVE,2005-07-22,1233.6800537109375,0.3522250141125339,POSITIVE,2005-07-26,1231.1600341796875,0.14723704638195345,NEUTRAL,2005-08-16,1219.3399658203125,-0.8142522442280109,NEGATIVE,2005-08-17,1220.239990234375,-0.741040837229485,NEGATIVE,-3.1927441964842043,1190.0999755859375,STRONG_NEGATIVE,1.342986951926032,-0.8378351944004643,True,Measured from the event-date reference close to subsequent trading-session closes.,True,True,2005-10-17
JNJ,Health Care,2005-03-31,2005-04-19,0.97,0.92,0.05,5.4348,5.434782608695644,BEAT,True,,,,,UNKNOWN,True,True,True,Alpha Vantage EARNINGS,primary_event_data,PRIMARY_EVENT_DATA,False,False,False,True,2005-04-19,1152.780029296875,2005-04-20,1137.5,-1.325493928463948,NEGATIVE,2005-04-22,1152.1199951171875,-0.057255865205270796,NEUTRAL,2005-04-26,1151.8299560546875,-0.08241583112495332,NEUTRAL,2005-05-17,1173.800048828125,1.8234198196572613,POSITIVE,2005-05-18,1185.56005859375,2.8435632526414256,STRONG_POSITIVE,6.642199235162451,1229.3499755859375,STRONG_POSITIVE,2.2632215303231593,-1.4426000156296759,True,Measured from the event-date reference close to subsequent trading-session closes.,True,True,2005-07-19
JNJ,Health Care,2004-12-31,2005-01-25,0.67,0.64,0.03,4.6875,4.687500000000004,BEAT,True,,,,,UNKNOWN,True,True,True,Alpha Vantage EARNINGS,primary_event_data,PRIMARY_EVENT_DATA,False,False,False,True,2005-01-25,1168.4100341796875,2005-01-26,1174.0699462890625,0.4844114603439441,POSITIVE,2005-01-28,1171.3599853515625,0.2524756793916178,POSITIVE,2005-02-01,1189.4100341796875,1.7973142463419183,POSITIVE,2005-02-23,1190.800048828125,1.9162805858781409,POSITIVE,2005-02-24,1200.199951171875,2.7207843190516963,STRONG_POSITIVE,-1.4190290771202143,1151.8299560546875,NEGATIVE,3.768360929686369,-0.18486953351132487,True,Measured from the event-date reference close to subsequent trading-session closes.,True,True,2005-04-26
JNJ,Health Care,2004-09-30,2004-10-12,0.78,0.76,0.02,2.6316,2.6315789473684235,IN_LINE,True,,,,,UNKNOWN,True,True,True,Alpha Vantage EARNINGS,primary_event_data,PRIMARY_EVENT_DATA,False,False,False,True,2004-10-12,1121.8399658203125,2004-10-13,1113.6500244140625,-0.7300454303445453,NEGATIVE,2004-10-15,1108.199951171875,-1.2158610019267446,NEGATIVE,2004-10-19,1103.22998046875,-1.6588805817730423,NEGATIVE,2004-11-09,1164.0799560546875,3.7652420595916505,STRONG_POSITIVE,2004-11-10,1162.9100341796875,3.6609560731190136,STRONG_POSITIVE,5.450868776042253,1182.989990234375,STRONG_POSITIVE,4.3705012114649735,-2.812337563205153,True,Measured from the event-date reference close to subsequent trading-session closes.,True,True,2005-01-11
JNJ,Health Care,2004-06-30,2004-07-13,0.82,0.79,0.03,3.7975,3.797468354430369,BEAT,True,,,,,UNKNOWN,True,True,True,Alpha Vantage EARNINGS,primary_event_data,PRIMARY_EVENT_DATA,False,False,False,True,2004-07-13,1115.1400146484375,2004-07-14,1111.469970703125,-0.3291105957191868,NEGATIVE,2004-07-16,1101.3900146484375,-1.2330290205158558,NEGATIVE,2004-07-20,1108.6700439453125,-0.5801935737338546,NEGATIVE,2004-08-10,1079.0400390625,-3.2372594572636233,STRONG_NEGATIVE,2004-08-11,1075.7900390625,-3.5287026802946437,STRONG_NEGATIVE,0.8294922501652121,1124.3900146484375,POSITIVE,0.39994627391306203,-4.744698736002947,True,Measured from the event-date reference close to subsequent trading-session closes.,True,True,2004-10-11
JNJ,Health Care,2004-03-31,2004-04-13,0.83,0.8,0.03,3.75,3.749999999999989,BEAT,True,,,,,UNKNOWN,True,True,True,Alpha Vantage EARNINGS,primary_event_data,PRIMARY_EVENT_DATA,False,False,False,True,2004-04-13,1129.43994140625,2004-04-14,1128.1700439453125,-0.11243603261952717,NEUTRAL,2004-04-16,1134.6099853515625,0.45775288758385413,POSITIVE,2004-04-20,1118.1500244140625,-0.9996031287976748,NEGATIVE,2004-05-11,1095.449951171875,-3.009455305082848,STRONG_NEGATIVE,2004-05-12,1097.280029296875,-2.84742118021195,STRONG_NEGATIVE,-1.5910514622628662,1111.469970703125,NEGATIVE,1.5158058928024079,-4.410144771524535,True,Measured from the event-date reference close to subsequent trading-session closes.,True,True,2004-07-14
JNJ,Health Care,2003-12-31,2004-01-20,0.57,0.56,0.01,1.7857,1.7857142857142672,IN_LINE,True,,,,,UNKNOWN,True,True,True,Alpha Vantage EARNINGS,primary_event_data,PRIMARY_EVENT_DATA,False,False,False,True,2004-01-20,1138.77001953125,2004-01-21,1147.6199951171875,0.7771521408317722,POSITIVE,2004-01-23,1141.550048828125,0.24412561352988013,NEUTRAL,2004-01-27,1144.050048828125,0.46366072221047844,POSITIVE,2004-02-18,1151.8199462890625,1.145966835620086,POSITIVE,2004-02-19,1147.06005859375,0.7279818506209371,POSITIVE,-1.8107251476180655,1118.1500244140625,NEGATIVE,1.7747183883378834,-1.4392734588485299,True,Measured from the event-date reference close to subsequent trading-session closes.,True,True,2004-04-20
JNJ,Health Care,2003-09-30,2003-10-14,0.69,0.68,0.01,1.4706,1.4705882352941024,IN_LINE,True,,,,,UNKNOWN,True,True,True,Alpha Vantage EARNINGS,primary_event_data,PRIMARY_EVENT_DATA,False,False,False,True,2003-10-14,1049.47998046875,2003-10-15,1046.760009765625,-0.2591731861250108,NEGATIVE,2003-10-17,1039.3199462890625,-0.968101761707691,NEGATIVE,2003-10-21,1046.030029296875,-0.3287295838015014,NEGATIVE,2003-11-11,1046.5699462890625,-0.2772834388310803,NEGATIVE,2003-11-12,1058.530029296875,0.8623364901236894,POSITIVE,7.721923292553277,1130.52001953125,STRONG_POSITIVE,1.230136297971233,-2.9690869501496975,True,Measured from the event-date reference close to subsequent trading-session closes.,True,True,2004-01-14
JNJ,Health Care,2003-06-30,2003-07-15,0.7,0.69,0.01,1.4493,1.449275362318842,IN_LINE,True,,,,,UNKNOWN,True,True,True,Alpha Vantage EARNINGS,primary_event_data,PRIMARY_EVENT_DATA,False,False,False,True,2003-07-15,1000.4199829101562,2003-07-16,994.0900268554688,-0.6327298697367152,NEGATIVE,2003-07-18,993.3200073242188,-0.7096994969336914,NEGATIVE,2003-07-22,988.1099853515625,-1.2304829740390404,NEGATIVE,2003-08-12,990.3499755859375,-1.0065779868696503,NEGATIVE,2003-08-13,984.030029296875,-1.6383073002604314,NEGATIVE,4.491113076838274,1045.3499755859375,STRONG_POSITIVE,0.4168293333347976,-3.9563340127965057,True,Measured from the event-date reference close to subsequent trading-session closes.,True,True,2003-10-13
JNJ,Health Care,2003-03-31,2003-04-15,0.69,0.68,0.01,1.4706,1.4705882352941024,IN_LINE,True,,,,,UNKNOWN,True,True,True,Alpha Vantage EARNINGS,primary_event_data,PRIMARY_EVENT_DATA,False,False,False,True,2003-04-15,890.8099975585938,2003-04-16,879.9099731445312,-1.2236082266628965,NEGATIVE,2003-04-21,892.010009765625,0.13471023117388375,NEUTRAL,2003-04-23,919.02001953125,3.1667832702787684,STRONG_POSITIVE,2003-05-14,939.280029296875,5.441118967133403,STRONG_POSITIVE,2003-05-15,946.6699829101562,6.270695827915679,STRONG_POSITIVE,11.59394591213955,994.0900268554688,STRONG_POSITIVE,6.36499504523149,-1.445875654529271,True,Measured from the event-date reference close to subsequent trading-session closes.,True,True,2003-07-16
JNJ,Health Care,2002-12-31,2003-01-21,0.48,0.47,0.01,2.1277,2.1276595744680877,IN_LINE,True,,,,,UNKNOWN,True,True,True,Alpha Vantage EARNINGS,primary_event_data,PRIMARY_EVENT_DATA,False,False,False,True,2003-01-21,887.6199951171875,2003-01-22,878.3599853515625,-1.0432403299344841,NEGATIVE,2003-01-24,861.4000244140625,-2.953963503229028,STRONG_NEGATIVE,2003-01-28,858.5399780273438,-3.2761786856778143,STRONG_NEGATIVE,2003-02-19,845.1300048828125,-4.786957309221643,STRONG_NEGATIVE,2003-02-20,837.0999755859375,-5.691627026110439,STRONG_NEGATIVE,2.675694568694841,911.3699951171875,STRONG_POSITIVE,0.29629851707715027,-9.162706736806465,True,Measured from the event-date reference close to subsequent trading-session closes.,True,True,2003-04-22
JNJ,Health Care,2002-09-30,2002-10-15,0.6,0.59,0.01,1.6949,1.6949152542372898,IN_LINE,True,,,,,UNKNOWN,True,True,True,Alpha Vantage EARNINGS,primary_event_data,PRIMARY_EVENT_DATA,False,False,False,True,2002-10-15,881.27001953125,2002-10-16,860.02001953125,-2.4112927399144857,STRONG_NEGATIVE,2002-10-18,884.3900146484375,0.3540339564537818,POSITIVE,2002-10-22,890.1599731445312,1.0087661461591353,POSITIVE,2002-11-12,882.9500122070312,0.19063313610451002,NEUTRAL,2002-11-13,882.530029296875,0.14297658353284304,NEUTRAL,4.192807011808797,918.219970703125,STRONG_POSITIVE,5.037043429310393,-2.83567915400858,True,Measured from the event-date reference close to subsequent trading-session closes.,True,True,2003-01-15
JNJ,Health Care,2002-06-30,2002-07-16,0.6,0.59,0.01,1.6949,1.6949152542372898,IN_LINE,True,,,,,UNKNOWN,True,True,True,Alpha Vantage EARNINGS,primary_event_data,PRIMARY_EVENT_DATA,False,False,False,True,2002-07-16,900.9400024414062,2002-07-17,906.0399780273438,0.5660727209489383,POSITIVE,2002-07-19,847.75,-5.903834028600093,STRONG_NEGATIVE,2002-07-23,797.7000122070312,-11.459141558218173,STRONG_NEGATIVE,2002-08-13,884.2100219726562,-1.8569472354889753,NEGATIVE,2002-08-14,919.6199951171875,2.0733891963017954,STRONG_POSITIVE,-6.604213359243048,841.4400024414062,STRONG_NEGATIVE,2.8392586654522955,-13.9032576449253,True,Measured from the event-date reference close to subsequent trading-session closes.,True,True,2002-10-14
JNJ,Health Care,2002-03-31,2002-04-16,0.59,0.58,0.01,1.7241,1.7241379310344844,IN_LINE,True,,,,,UNKNOWN,True,True,True,Alpha Vantage EARNINGS,primary_event_data,PRIMARY_EVENT_DATA,False,False,False,True,2002-04-16,1128.3699951171875,2002-04-17,1126.0699462890625,-0.20383817702332002,NEUTRAL,2002-04-19,1125.1700439453125,-0.2835905940181144,NEGATIVE,2002-04-23,1100.9599609375,-2.429170777165234,STRONG_NEGATIVE,2002-05-14,1097.280029296875,-2.7552988784572947,STRONG_NEGATIVE,2002-05-15,1091.0699462890625,-3.305657629105175,STRONG_NEGATIVE,-20.15562215053063,900.9400024414062,STRONG_NEGATIVE,0.4103268345354795,-7.037588248829704,True,Measured from the event-date reference close to subsequent trading-session closes.,True,True,2002-07-16
JNJ,Health Care,2001-12-31,2002-01-22,0.39,0.38,0.01,2.6316,2.6315789473684235,IN_LINE,True,,,,,UNKNOWN,True,True,True,Alpha Vantage EARNINGS,primary_event_data,PRIMARY_EVENT_DATA,False,False,False,True,2002-01-22,1119.31005859375,2002-01-23,1128.1800537109375,0.7924520153362471,POSITIVE,2002-01-25,1133.280029296875,1.2480876586310885,POSITIVE,2002-01-29,1100.6400146484375,-1.6679957266504593,NEGATIVE,2002-02-20,1097.97998046875,-1.9056451750105896,NEGATIVE,2002-02-21,1080.949951171875,-3.4271207631305383,STRONG_NEGATIVE,-1.6394114852594306,1100.9599609375,NEGATIVE,1.8037845055744177,-4.01587325130096,True,Measured from the event-date reference close to subsequent trading-session closes.,True,True,2002-04-23
JNJ,Health Care,2001-09-30,2001-10-16,0.5,0.48,0.02,4.1667,4.166666666666671,BEAT,True,,,,,UNKNOWN,True,True,True,Alpha Vantage EARNINGS,primary_event_data,PRIMARY_EVENT_DATA,False,False,False,True,2001-10-16,1097.5400390625,2001-10-17,1077.0899658203125,-1.8632644381389132,NEGATIVE,2001-10-19,1073.47998046875,-2.1921804888595857,STRONG_NEGATIVE,2001-10-23,1084.780029296875,-1.1626008447513572,NEGATIVE,2001-11-13,1139.0899658203125,3.785732208303192,STRONG_POSITIVE,2001-11-14,1141.2099609375,3.9788910035848994,STRONG_POSITIVE,2.73611040670676,1127.5699462890625,STRONG_POSITIVE,3.790292299629587,-4.0025923563081856,True,Measured from the event-date reference close to subsequent trading-session closes.,True,True,2002-01-16
JNJ,Health Care,2001-06-30,2001-07-17,0.51,0.52,-0.01,-1.9231,-1.923076923076925,IN_LINE,False,,,,,UNKNOWN,True,True,True,Alpha Vantage EARNINGS,primary_event_data,PRIMARY_EVENT_DATA,False,False,False,True,2001-07-17,1214.43994140625,2001-07-18,1207.7099609375,-0.5541633010651048,NEGATIVE,2001-07-20,1210.8499755859375,-0.295606698850462,NEGATIVE,2001-07-24,1171.6500244140625,-3.5234280044050013,STRONG_NEGATIVE,2001-08-14,1186.72998046875,-2.2817069821841907,STRONG_NEGATIVE,2001-08-15,1178.02001953125,-2.998906790963073,STRONG_NEGATIVE,-11.606993160507933,1073.47998046875,STRONG_NEGATIVE,0.9741180046583009,-4.026539368190311,True,Measured from the event-date reference close to subsequent trading-session closes.,True,True,2001-10-19
JNJ,Health Care,2001-03-31,2001-04-17,0.5,0.52,-0.02,-3.8462,-3.84615384615385,MISS,False,,,,,UNKNOWN,True,True,True,Alpha Vantage EARNINGS,primary_event_data,PRIMARY_EVENT_DATA,False,False,False,True,2001-04-17,1191.81005859375,2001-04-18,1238.1600341796875,3.889040476854771,STRONG_POSITIVE,2001-04-20,1242.97998046875,4.293462830425917,STRONG_POSITIVE,2001-04-24,1209.469970703125,1.481772366497093,POSITIVE,2001-05-15,1249.43994140625,4.835492232755537,STRONG_POSITIVE,2001-05-16,1284.989990234375,7.818354188969558,STRONG_POSITIVE,1.8987826666945262,1214.43994140625,POSITIVE,6.806453304556202,0.0,True,Measured from the event-date reference close to subsequent trading-session closes.,True,True,2001-07-17
JNJ,Health Care,2000-12-31,2001-01-23,0.33,0.32,0.01,3.125,3.1250000000000027,BEAT,True,,,,,UNKNOWN,True,True,True,Alpha Vantage EARNINGS,primary_event_data,PRIMARY_EVENT_DATA,False,False,False,True,2001-01-23,1360.4000244140625,2001-01-24,1364.300048828125,0.28668217760009806,POSITIVE,2001-01-26,1354.949951171875,-0.40062284213313654,NEGATIVE,2001-01-30,1373.72998046875,0.979855617132089,POSITIVE,2001-02-21,1255.27001953125,-7.727874374898884,STRONG_NEGATIVE,2001-02-22,1252.8199462890625,-7.907973845511786,STRONG_NEGATIVE,-11.094534769355398,1209.469970703125,STRONG_NEGATIVE,1.6884717943913878,-7.882974736093841,True,Measured from the event-date reference close to subsequent trading-session closes.,True,True,2001-04-24
JNJ,Health Care,2000-09-30,2000-10-17,0.45,0.44,0.01,2.2727,2.2727272727272747,IN_LINE,True,,,,,UNKNOWN,True,True,True,Alpha Vantage EARNINGS,primary_event_data,PRIMARY_EVENT_DATA,False,False,False,True,2000-10-17,1349.969970703125,2000-10-18,1342.1300048828125,-0.5807511270957453,NEGATIVE,2000-10-20,1396.9300537109375,3.478602045003533,STRONG_POSITIVE,2000-10-24,1398.1300048828125,3.567489294195455,STRONG_POSITIVE,2000-11-14,1382.949951171875,2.4430158584618398,STRONG_POSITIVE,2000-11-15,1389.81005859375,2.9511832674229406,STRONG_POSITIVE,-0.14815144361754284,1347.969970703125,NEUTRAL,6.554959899462463,-3.272660325741476,True,Measured from the event-date reference close to subsequent trading-session closes.,True,True,2001-01-18
JNJ,Health Care,2000-06-30,2000-07-18,0.47,0.46,0.01,2.1739,2.1739130434782505,IN_LINE,True,,,,,UNKNOWN,True,True,True,Alpha Vantage EARNINGS,primary_event_data,PRIMARY_EVENT_DATA,False,False,False,True,2000-07-18,1493.739990234375,2000-07-19,1481.9599609375,-0.788626492822667,NEGATIVE,2000-07-21,1480.18994140625,-0.9071223182555977,NEGATIVE,2000-07-25,1474.469970703125,-1.290051793299478,NEGATIVE,2000-08-15,1484.4300537109375,-0.6232635253995393,NEGATIVE,2000-08-16,1479.8499755859375,-0.9298816888646122,NEGATIVE,-7.974613781244284,1374.6199951171875,STRONG_NEGATIVE,0.5476223281438699,-5.34564088181161,True,Measured from the event-date reference close to subsequent trading-session closes.,True,True,2000-10-16
JNJ,Health Care,2000-03-31,2000-04-18,0.47,0.45,0.02,4.4444,4.444444444444437,BEAT,True,,,,,UNKNOWN,True,True,True,Alpha Vantage EARNINGS,primary_event_data,PRIMARY_EVENT_DATA,False,False,False,True,2000-04-18,1441.6099853515625,2000-04-19,1427.469970703125,-0.9808488281932373,NEGATIVE,2000-04-24,1429.8599853515625,-0.8150609470934368,NEGATIVE,2000-04-26,1460.989990234375,1.3443306497413263,POSITIVE,2000-05-17,1447.800048828125,0.42938544678940616,POSITIVE,2000-05-18,1437.2099609375,-0.30521600563064044,NEGATIVE,2.798952282235853,1481.9599609375,STRONG_POSITIVE,2.866930478745848,-4.61081508719677,True,Measured from the event-date reference close to subsequent trading-session closes.,True,True,2000-07-19
JNJ,Health Care,1999-12-31,2000-01-25,0.28,0.28,0.0,0.0,0.0,IN_LINE,False,,,,,UNKNOWN,True,True,True,Alpha Vantage EARNINGS,primary_event_data,PRIMARY_EVENT_DATA,False,False,False,True,2000-01-25,1410.030029296875,2000-01-26,1404.0899658203125,-0.4212721256386695,NEGATIVE,2000-01-28,1360.1600341796875,-3.5368037616940433,STRONG_NEGATIVE,2000-02-01,1409.280029296875,-0.053190356546803104,NEUTRAL,2000-02-23,1360.68994140625,-3.4992224892705948,STRONG_NEGATIVE,2000-02-24,1353.4300537109375,-4.014097175941822,STRONG_NEGATIVE,4.7807430131817545,1477.43994140625,STRONG_POSITIVE,2.4481761958263926,-5.542436883633801,True,Measured from the event-date reference close to subsequent trading-session closes.,True,True,2000-04-25
JNJ,Health Care,1999-09-30,1999-10-19,0.4,0.39,0.01,2.5641,2.5641025641025665,IN_LINE,True,,,,,UNKNOWN,True,True,True,Alpha Vantage EARNINGS,primary_event_data,PRIMARY_EVENT_DATA,False,False,False,True,1999-10-19,1261.3199462890625,1999-10-20,1289.4300537109375,2.2286262501895675,STRONG_POSITIVE,1999-10-22,1301.6500244140625,3.19745027767581,STRONG_POSITIVE,1999-10-26,1281.9100341796875,1.6324238708190757,POSITIVE,1999-11-16,1420.0699462890625,12.58602152983146,STRONG_POSITIVE,1999-11-17,1410.7099609375,11.843942933587853,STRONG_POSITIVE,15.426702693275827,1455.9000244140625,STRONG_POSITIVE,12.609016414147156,0.0,True,Measured from the event-date reference close to subsequent trading-session closes.,True,True,2000-01-19
JNJ,Health Care,1999-06-30,1999-07-20,0.42,0.41,0.01,2.439,2.4390243902439046,IN_LINE,True,,,,,UNKNOWN,True,True,True,Alpha Vantage EARNINGS,primary_event_data,PRIMARY_EVENT_DATA,False,False,False,True,1999-07-20,1377.0999755859375,1999-07-21,1379.2900390625,0.15903445758400056,NEUTRAL,1999-07-23,1356.93994140625,-1.4639484813809307,NEGATIVE,1999-07-27,1362.8399658203125,-1.0355101313219877,NEGATIVE,1999-08-17,1344.1600341796875,-2.391978940543841,STRONG_NEGATIVE,1999-08-18,1332.8399658203125,-3.2140012018221817,STRONG_NEGATIVE,-8.92963277054761,1254.1300048828125,STRONG_NEGATIVE,0.6942167426647672,-7.942051924781427,True,Measured from the event-date reference close to subsequent trading-session closes.,True,True,1999-10-18
JNJ,Health Care,1999-03-31,1999-04-20,0.41,0.4,0.01,2.5,2.4999999999999885,IN_LINE,True,,,,,UNKNOWN,True,True,True,Alpha Vantage EARNINGS,primary_event_data,PRIMARY_EVENT_DATA,False,False,False,True,1999-04-20,1306.1700439453125,1999-04-21,1336.1199951171875,2.29295958138885,STRONG_POSITIVE,1999-04-23,1356.8499755859375,3.88004087795072,STRONG_POSITIVE,1999-04-27,1362.800048828125,4.33557676087567,STRONG_POSITIVE,1999-05-18,1333.3199462890625,2.0785886546397268,STRONG_POSITIVE,1999-05-19,1344.22998046875,2.9138577094048728,STRONG_POSITIVE,5.430375008936795,1377.0999755859375,STRONG_POSITIVE,5.344628507370695,-0.3315095262727748,True,Measured from the event-date reference close to subsequent trading-session closes.,True,True,1999-07-20
JNJ,Health Care,1998-12-31,1999-01-26,0.25,0.25,0.0,0.0,0.0,IN_LINE,False,,,,,UNKNOWN,True,True,True,Alpha Vantage EARNINGS,primary_event_data,PRIMARY_EVENT_DATA,False,False,False,True,1999-01-26,1252.31005859375,1999-01-27,1243.1700439453125,-0.7298523704825185,NEGATIVE,1999-01-29,1279.6400146484375,2.1823633745605293,STRONG_POSITIVE,1999-02-02,1261.989990234375,0.7729660537498864,POSITIVE,1999-02-24,1253.4100341796875,0.08783572234281099,NEUTRAL,1999-02-25,1245.02001953125,-0.5821273264135692,NEGATIVE,8.822894096885795,1362.800048828125,STRONG_POSITIVE,2.517739677182519,-3.22763868803395,True,Measured from the event-date reference close to subsequent trading-session closes.,True,True,1999-04-27
JNJ,Health Care,1998-09-30,1998-10-13,0.35,0.35,0.0,0.0,0.0,IN_LINE,False,,,,,UNKNOWN,True,True,True,Alpha Vantage EARNINGS,primary_event_data,PRIMARY_EVENT_DATA,False,False,False,True,1998-10-13,994.7999877929688,1998-10-14,1005.530029296875,1.0786129509019773,POSITIVE,1998-10-16,1056.4200439453125,6.1942156120299146,STRONG_POSITIVE,1998-10-20,1063.9300537109375,6.949142216149247,STRONG_POSITIVE,1998-11-10,1128.260009765625,13.415764335577283,STRONG_POSITIVE,1998-11-11,1120.969970703125,12.682949784717321,STRONG_POSITIVE,24.085247241775974,1234.4000244140625,STRONG_POSITIVE,14.726584522802073,-0.7036590355745757,True,Measured from the event-date reference close to subsequent trading-session closes.,True,True,1999-01-13
JNJ,Health Care,1998-06-30,1998-07-14,0.38,0.37,0.01,2.7027,2.7027027027027053,IN_LINE,True,,,,,UNKNOWN,True,True,True,Alpha Vantage EARNINGS,primary_event_data,PRIMARY_EVENT_DATA,False,False,False,True,1998-07-14,1177.5799560546875,1998-07-15,1174.81005859375,-0.23521948099538342,NEUTRAL,1998-07-17,1186.75,0.7787194320150808,POSITIVE,1998-07-21,1165.0699462890625,-1.0623490745832658,NEGATIVE,1998-08-11,1068.97998046875,-9.222301638844646,STRONG_NEGATIVE,1998-08-12,1084.219970703125,-7.928122831196255,STRONG_NEGATIVE,-15.27454107529646,997.7100219726562,STRONG_NEGATIVE,1.1039590078923076,-10.49440043703906,True,Measured from the event-date reference close to subsequent trading-session closes.,True,True,1998-10-12
JNJ,Health Care,1998-03-31,1998-04-14,0.37,0.37,0.0,0.0,0.0,IN_LINE,False,,,,,UNKNOWN,True,True,True,Alpha Vantage EARNINGS,primary_event_data,PRIMARY_EVENT_DATA,False,False,False,True,1998-04-14,1115.75,1998-04-15,1119.3199462890625,0.31995933578870717,POSITIVE,1998-04-17,1122.719970703125,0.6246892855142281,POSITIVE,1998-04-21,1126.6700439453125,0.9787178082287697,POSITIVE,1998-05-12,1115.7900390625,0.0035885334976473223,NEUTRAL,1998-05-13,1118.8599853515625,0.2787349631693928,POSITIVE,5.541560031789156,1177.5799560546875,STRONG_POSITIVE,1.5442509942863545,-3.499892343995071,True,Measured from the event-date reference close to subsequent trading-session closes.,True,True,1998-07-14
JNJ,Health Care,1997-12-31,1998-01-20,0.24,0.23,0.01,4.3478,4.3478260869565135,BEAT,True,,,,,UNKNOWN,True,True,True,Alpha Vantage EARNINGS,primary_event_data,PRIMARY_EVENT_DATA,False,False,False,True,1998-01-20,978.5999755859375,1998-01-21,970.8099975585938,-0.7960329268023428,NEGATIVE,1998-01-23,957.5900268554688,-2.146939429248302,STRONG_NEGATIVE,1998-01-27,969.02001953125,-0.9789450535139749,NEGATIVE,1998-02-18,1032.0799560546875,5.464948068972597,STRONG_POSITIVE,1998-02-19,1028.280029296875,5.076645713299914,STRONG_POSITIVE,15.130806463664372,1126.6700439453125,STRONG_POSITIVE,5.464948068972597,-2.8346608345014173,True,Measured from the event-date reference close to subsequent trading-session closes.,True,True,1998-04-21
JNJ,Health Care,1997-09-30,1997-10-14,0.32,0.32,0.0,0.0,0.0,IN_LINE,False,,,,,UNKNOWN,True,True,True,Alpha Vantage EARNINGS,primary_event_data,PRIMARY_EVENT_DATA,False,False,False,True,1997-10-14,970.280029296875,1997-10-15,965.719970703125,-0.46997345674057633,NEGATIVE,1997-10-17,944.1599731445312,-2.6920121370808756,STRONG_NEGATIVE,1997-10-21,972.280029296875,0.20612606047857376,NEUTRAL,1997-11-11,923.780029296875,-4.792430906126841,STRONG_NEGATIVE,1997-11-12,905.9600219726562,-6.6290148598471115,STRONG_NEGATIVE,-1.2718005609587881,957.9400024414062,NEGATIVE,0.31949287755452765,-11.853280114295291,True,Measured from the event-date reference close to subsequent trading-session closes.,True,True,1998-01-14
JNJ,Health Care,1997-06-30,1997-07-15,0.34,0.34,0.0,0.0,0.0,IN_LINE,False,,,,,UNKNOWN,True,True,True,Alpha Vantage EARNINGS,primary_event_data,PRIMARY_EVENT_DATA,False,False,False,True,1997-07-15,925.760009765625,1997-07-16,936.5900268554688,1.169851470748406,POSITIVE,1997-07-18,915.2999877929688,-1.1298848364928205,NEGATIVE,1997-07-22,933.97998046875,0.8879159411094083,POSITIVE,1997-08-12,926.530029296875,0.08317701381861874,NEUTRAL,1997-08-13,922.02001953125,-0.40399133629911865,NEGATIVE,4.5735358379794055,968.0999755859375,STRONG_POSITIVE,4.149020560334585,-2.0134823768372323,True,Measured from the event-date reference close to subsequent trading-session closes.,True,True,1997-10-13
JNJ,Health Care,1997-03-31,1997-04-15,0.34,0.34,0.0,0.0,0.0,IN_LINE,False,,,,,UNKNOWN,True,True,True,Alpha Vantage EARNINGS,primary_event_data,PRIMARY_EVENT_DATA,False,False,False,True,1997-04-15,754.719970703125,1997-04-16,763.530029296875,1.1673281396730795,POSITIVE,1997-04-18,766.3400268554688,1.5396513413469206,POSITIVE,1997-04-22,774.6099853515625,2.6354165015545075,STRONG_POSITIVE,1997-05-13,833.1300048828125,10.389288374950224,STRONG_POSITIVE,1997-05-14,836.0399780273438,10.774858289288149,STRONG_POSITIVE,22.662715404649063,925.760009765625,STRONG_POSITIVE,11.108759554535212,-0.3617209792668729,True,Measured from the event-date reference close to subsequent trading-session closes.,True,True,1997-07-15
JNJ,Health Care,1996-12-31,1997-01-21,0.21,0.21,0.0,0.0,0.0,IN_LINE,False,,,,,UNKNOWN,True,True,True,Alpha Vantage EARNINGS,primary_event_data,PRIMARY_EVENT_DATA,False,False,False,True,1997-01-21,782.719970703125,1997-01-22,786.22998046875,0.44843748684116547,POSITIVE,1997-01-24,770.52001953125,-1.5586610318522554,NEGATIVE,1997-01-28,765.02001953125,-2.261338899526859,STRONG_NEGATIVE,1997-02-19,812.489990234375,3.8034061536091,STRONG_POSITIVE,1997-02-20,802.7999877929688,2.565415198465637,STRONG_POSITIVE,-1.0361285843105832,774.6099853515625,NEGATIVE,4.466478853382433,-2.679115327067415,True,Measured from the event-date reference close to subsequent trading-session closes.,True,True,1997-04-22
JNJ,Health Care,1996-09-30,1996-10-16,0.28,0.28,0.0,0.0,0.0,IN_LINE,False,,,,,UNKNOWN,True,True,True,Alpha Vantage EARNINGS,primary_event_data,PRIMARY_EVENT_DATA,False,False,False,True,1996-10-16,704.4099731445312,1996-10-17,706.989990234375,0.36626640567372837,POSITIVE,1996-10-21,709.8499755859375,0.772277884868911,POSITIVE,1996-10-23,707.27001953125,0.40602014391581076,POSITIVE,1996-11-13,731.1300048828125,3.79325006132456,STRONG_POSITIVE,1996-11-14,735.8800048828125,4.467573279491915,STRONG_POSITIVE,9.275852038804432,769.75,STRONG_POSITIVE,4.064395163942146,-1.1626755374921163,True,Measured from the event-date reference close to subsequent trading-session closes.,True,True,1997-01-16
JNJ,Health Care,1996-06-30,1996-07-16,0.3,0.29,0.01,3.4483,3.448275862068969,BEAT,True,,,,,UNKNOWN,True,True,True,Alpha Vantage EARNINGS,primary_event_data,PRIMARY_EVENT_DATA,False,False,False,True,1996-07-16,628.3699951171875,1996-07-17,634.0700073242188,0.9071108186774942,POSITIVE,1996-07-19,638.72998046875,1.64870783647625,POSITIVE,1996-07-23,626.8699951171875,-0.238712862112434,NEUTRAL,1996-08-13,660.2000122070312,5.065489653736193,STRONG_POSITIVE,1996-08-14,662.0499877929688,5.359898298374371,STRONG_POSITIVE,11.962694510284098,703.5399780273438,STRONG_POSITIVE,5.951911247303844,-1.9001547709450235,True,Measured from the event-date reference close to subsequent trading-session closes.,True,True,1996-10-14
JNJ,Health Care,1996-03-31,1996-04-16,0.3,0.29,0.01,3.4483,3.448275862068969,BEAT,True,,,,,UNKNOWN,True,True,True,Alpha Vantage EARNINGS,primary_event_data,PRIMARY_EVENT_DATA,False,False,False,True,1996-04-16,645.0,1996-04-17,641.6099853515625,-0.5255836664244187,NEGATIVE,1996-04-19,645.0700073242188,0.01085384871608527,NEUTRAL,1996-04-23,651.5800170898438,1.0201576883478682,POSITIVE,1996-05-14,665.5999755859375,3.1937946644864343,STRONG_POSITIVE,1996-05-15,665.4199829101562,3.1658888232800386,STRONG_POSITIVE,-2.5782953306686047,628.3699951171875,STRONG_NEGATIVE,3.4046545694040695,-2.314727546632752,True,Measured from the event-date reference close to subsequent trading-session closes.,True,True,1996-07-16
XOM,Energy,2026-06-30,2026-07-31,3.52,3.68,-0.16,-4.3478,-4.347826086956525,MISS,False,,,,,UNKNOWN,True,True,True,Alpha Vantage EARNINGS,primary_event_data,PRIMARY_EVENT_DATA,False,False,False,True,2026-07-31,7489.72021484375,2026-08-03,7600.5,1.4790911005820675,POSITIVE,2026-08-05,7723.5498046875,3.1220070060871845,STRONG_POSITIVE,2026-08-07,7757.64013671875,3.5771686283289204,STRONG_POSITIVE,2026-08-28,7711.759765625,2.964590724513228,STRONG_POSITIVE,2026-08-31,7686.14013671875,2.622526826645923,STRONG_POSITIVE,,,UNAVAILABLE,4.365716890474946,0.2010698648349199,True,Measured from the event-date reference close to subsequent trading-session closes.,True,True,
XOM,Energy,2026-03-31,2026-05-01,1.16,1.01,0.15,14.8515,14.851485148514843,LARGE_BEAT,True,,,,,UNKNOWN,True,True,True,Alpha Vantage EARNINGS,primary_event_data,PRIMARY_EVENT_DATA,False,False,False,True,2026-05-01,7230.1201171875,2026-05-04,7200.75,-0.4062189384334172,NEGATIVE,2026-05-06,7365.1201171875,1.8671888960610339,POSITIVE,2026-05-08,7398.93017578125,2.3348167922197223,STRONG_POSITIVE,2026-06-01,7599.9599609375,5.115265552377391,STRONG_POSITIVE,2026-06-02,7609.77978515625,5.251083824544215,STRONG_POSITIVE,5.1227348482362,7600.5,STRONG_POSITIVE,5.360077464567105,-0.7745376161438362,True,Measured from the event-date reference close to subsequent trading-session closes.,True,True,2026-08-03
XOM,Energy,2025-12-31,2026-01-30,1.71,1.69,0.02,1.1834,1.1834319526627228,IN_LINE,True,,,,,UNKNOWN,True,True,True,Alpha Vantage EARNINGS,primary_event_data,PRIMARY_EVENT_DATA,False,False,False,True,2026-01-30,6939.02978515625,2026-02-02,6976.43994140625,0.5391266129167885,POSITIVE,2026-02-04,6882.72021484375,-0.8114905405501447,NEGATIVE,2026-02-06,6932.2998046875,-0.09698734084045234,NEUTRAL,2026-03-02,6881.6201171875,-0.8273443081561477,NEGATIVE,2026-03-03,6816.6298828125,-1.7639339523456716,NEGATIVE,4.194971646525298,7230.1201171875,STRONG_POSITIVE,0.7846946474992529,-2.356666424837485,True,Measured from the event-date reference close to subsequent trading-session closes.,True,True,2026-05-01
XOM,Energy,2025-09-30,2025-10-31,1.88,1.82,0.06,3.2967,3.296703296703287,BEAT,True,,,,,UNKNOWN,True,True,True,Alpha Vantage EARNINGS,primary_event_data,PRIMARY_EVENT_DATA,False,False,False,True,2025-10-31,6840.2001953125,2025-11-03,6851.97021484375,0.17207127269923828,NEUTRAL,2025-11-05,6796.2900390625,-0.6419425601035925,NEGATIVE,2025-11-07,6728.7998046875,-1.62861301488429,NEGATIVE,2025-12-01,6812.6298828125,-0.4030629471765106,NEGATIVE,2025-12-02,6829.3701171875,-0.15832984146314477,NEUTRAL,1.1346139157511066,6917.81005859375,POSITIVE,0.6157660258995641,-4.653084183933876,True,Measured from the event-date reference close to subsequent trading-session closes.,True,True,2026-02-03
XOM,Energy,2025-06-30,2025-08-01,1.64,1.56,0.08,5.1282,5.128205128205118,BEAT,True,,,,,UNKNOWN,True,True,True,Alpha Vantage EARNINGS,primary_event_data,PRIMARY_EVENT_DATA,False,False,False,True,2025-08-01,6238.009765625,2025-08-04,6329.93994140625,1.4737100330916093,POSITIVE,2025-08-06,6345.06005859375,1.716096912169941,POSITIVE,2025-08-08,6389.4501953125,2.4277042739179944,STRONG_POSITIVE,2025-08-29,6460.259765625,3.5628350764169134,STRONG_POSITIVE,2025-09-02,6415.5400390625,2.8459441409629287,STRONG_POSITIVE,9.367251737004208,6822.33984375,STRONG_POSITIVE,4.331833789886285,0.5402395407940421,True,Measured from the event-date reference close to subsequent trading-session closes.,True,True,2025-10-30
XOM,Energy,2025-03-31,2025-05-02,1.76,1.74,0.02,1.1494,1.1494252873563229,IN_LINE,True,,,,,UNKNOWN,True,True,True,Alpha Vantage EARNINGS,primary_event_data,PRIMARY_EVENT_DATA,False,False,False,True,2025-05-02,5686.669921875,2025-05-05,5650.3798828125,-0.6381597588933825,NEGATIVE,2025-05-07,5631.27978515625,-0.9740346719559001,NEGATIVE,2025-05-09,5659.91015625,-0.4705700522912856,NEGATIVE,2025-06-02,5935.93994140625,4.3834093231326685,STRONG_POSITIVE,2025-06-03,5970.3701171875,4.988863415848811,STRONG_POSITIVE,11.311893047577342,6329.93994140625,STRONG_POSITIVE,4.957909378944385,-1.8997020512952612,True,Measured from the event-date reference close to subsequent trading-session closes.,True,True,2025-08-04
XOM,Energy,2024-12-31,2025-01-31,1.67,1.55,0.12,7.7419,7.74193548387096,BEAT,True,,,,,UNKNOWN,True,True,True,Alpha Vantage EARNINGS,primary_event_data,PRIMARY_EVENT_DATA,False,False,False,True,2025-01-31,6040.52978515625,2025-02-03,5994.56982421875,-0.7608597684666686,NEGATIVE,2025-02-05,6061.47998046875,0.34682711711780895,POSITIVE,2025-02-07,6025.990234375,-0.24069992696632167,NEUTRAL,2025-03-03,5849.72021484375,-3.1588217772121183,STRONG_NEGATIVE,2025-03-04,5778.14990234375,-4.3436568007207175,STRONG_NEGATIVE,-5.85809317836344,5686.669921875,STRONG_NEGATIVE,1.7697187900255478,-3.8013160612254215,True,Measured from the event-date reference close to subsequent trading-session closes.,True,True,2025-05-02
XOM,Energy,2024-09-30,2024-11-01,1.92,1.87,0.05,2.6738,2.6737967914438405,IN_LINE,True,,,,,UNKNOWN,True,True,True,Alpha Vantage EARNINGS,primary_event_data,PRIMARY_EVENT_DATA,False,False,False,True,2024-11-01,5728.7998046875,2024-11-04,5712.68994140625,-0.28120834783000026,NEGATIVE,2024-11-06,5929.0400390625,3.4953260927560534,STRONG_POSITIVE,2024-11-08,5995.5400390625,4.656127696358738,STRONG_POSITIVE,2024-12-02,6047.14990234375,5.55701208821724,STRONG_POSITIVE,2024-12-03,6049.8798828125,5.60466570785527,STRONG_POSITIVE,5.807153105769898,6061.47998046875,STRONG_POSITIVE,5.669255071049152,-0.5636440469795992,True,Measured from the event-date reference close to subsequent trading-session closes.,True,True,2025-02-05
XOM,Energy,2024-06-30,2024-08-02,2.14,2.01,0.13,6.4677,6.467661691542307,BEAT,True,,,,,UNKNOWN,True,True,True,Alpha Vantage EARNINGS,primary_event_data,PRIMARY_EVENT_DATA,False,False,False,True,2024-08-02,5346.56005859375,2024-08-05,5186.330078125,-2.9968798388639746,STRONG_NEGATIVE,2024-08-07,5199.5,-2.750554692776231,STRONG_NEGATIVE,2024-08-09,5344.16015625,-0.04488684906648596,NEUTRAL,2024-08-30,5648.39990234375,5.645496177768361,STRONG_POSITIVE,2024-09-03,5528.93017578125,3.410980428329218,STRONG_POSITIVE,6.712542883379583,5705.4501953125,STRONG_POSITIVE,5.705725835874867,-4.25133713037415,True,Measured from the event-date reference close to subsequent trading-session closes.,True,True,2024-10-31
XOM,Energy,2024-03-31,2024-04-26,2.06,2.04,0.02,0.9804,0.980392156862746,IN_LINE,True,,,,,UNKNOWN,True,True,True,Alpha Vantage EARNINGS,primary_event_data,PRIMARY_EVENT_DATA,False,False,False,True,2024-04-26,5099.9599609375,2024-04-29,5116.169921875,0.3178448666589179,POSITIVE,2024-05-01,5018.39013671875,-1.599420874742621,NEGATIVE,2024-05-03,5127.7900390625,0.5456920904901406,POSITIVE,2024-05-24,5304.72021484375,4.014938459803319,STRONG_POSITIVE,2024-05-28,5306.0400390625,4.040817569224942,STRONG_POSITIVE,7.129077108639985,5463.5400390625,STRONG_POSITIVE,4.743565120666733,-1.7433500837456788,True,Measured from the event-date reference close to subsequent trading-session closes.,True,True,2024-07-29
XOM,Energy,2023-12-31,2024-02-02,2.48,2.19,0.29,13.242,13.242009132420094,LARGE_BEAT,True,,,,,UNKNOWN,True,True,True,Alpha Vantage EARNINGS,primary_event_data,PRIMARY_EVENT_DATA,False,False,False,True,2024-02-02,4958.60986328125,2024-02-05,4942.81005859375,-0.31863375266722094,NEGATIVE,2024-02-07,4995.06005859375,0.7350889930344287,POSITIVE,2024-02-09,5026.60986328125,1.3713520900997545,POSITIVE,2024-03-04,5130.9501953125,3.4755775667579467,STRONG_POSITIVE,2024-03-05,5078.64990234375,2.4208405656472873,STRONG_POSITIVE,3.4118468773685446,5127.7900390625,STRONG_POSITIVE,3.8530972159870682,-0.8171649040450377,True,Measured from the event-date reference close to subsequent trading-session closes.,True,True,2024-05-03
XOM,Energy,2023-09-30,2023-10-27,2.27,2.36,-0.09,-3.8136,-3.813559322033892,MISS,False,,,,,UNKNOWN,True,True,True,Alpha Vantage EARNINGS,primary_event_data,PRIMARY_EVENT_DATA,False,False,False,True,2023-10-27,4117.3701171875,2023-10-30,4166.81982421875,1.2010022325859835,POSITIVE,2023-11-01,4237.85986328125,2.9263763680311143,STRONG_POSITIVE,2023-11-03,4358.33984375,5.8525155549315055,STRONG_POSITIVE,2023-11-27,4550.43017578125,10.517880255311256,STRONG_POSITIVE,2023-11-28,4554.89013671875,10.626200877712492,STRONG_POSITIVE,19.61446444382092,4924.97021484375,STRONG_POSITIVE,10.955052515460059,0.3781497357683613,True,Measured from the event-date reference close to subsequent trading-session closes.,True,True,2024-01-30
XOM,Energy,2023-06-30,2023-07-28,1.94,2.02,-0.08,-3.9604,-3.960396039603964,MISS,False,,,,,UNKNOWN,True,True,True,Alpha Vantage EARNINGS,primary_event_data,PRIMARY_EVENT_DATA,False,False,False,True,2023-07-28,4582.22998046875,2023-07-31,4588.9599609375,0.14687129405193106,NEUTRAL,2023-08-02,4513.39013671875,-1.5023218835244465,NEGATIVE,2023-08-04,4478.02978515625,-2.2740062318269016,STRONG_NEGATIVE,2023-08-25,4405.7099609375,-3.8522732443296634,STRONG_NEGATIVE,2023-08-28,4433.31005859375,-3.249944295894242,STRONG_NEGATIVE,-9.711428756233612,4137.22998046875,STRONG_NEGATIVE,0.26166810540079943,-5.388640965806363,True,Measured from the event-date reference close to subsequent trading-session closes.,True,True,2023-10-26
XOM,Energy,2023-03-31,2023-04-28,2.83,2.59,0.24,9.2664,9.266409266409276,BEAT,True,,,,,UNKNOWN,True,True,True,Alpha Vantage EARNINGS,primary_event_data,PRIMARY_EVENT_DATA,False,False,False,True,2023-04-28,4169.47998046875,2023-05-01,4167.8701171875,-0.0386106490207686,NEUTRAL,2023-05-03,4090.75,-1.8882445973490165,NEGATIVE,2023-05-05,4136.25,-0.796981413135701,NEGATIVE,2023-05-26,4205.4501953125,0.8627026634555536,POSITIVE,2023-05-30,4205.52001953125,0.864377313989363,POSITIVE,10.060726575825658,4588.9599609375,STRONG_POSITIVE,1.0416209211866128,-2.906836145985025,True,Measured from the event-date reference close to subsequent trading-session closes.,True,True,2023-07-31
XOM,Energy,2022-12-31,2023-01-31,3.4,3.28,0.12,3.6585,3.658536585365857,BEAT,True,,,,,UNKNOWN,True,True,True,Alpha Vantage EARNINGS,primary_event_data,PRIMARY_EVENT_DATA,False,False,False,True,2023-01-31,4076.60009765625,2023-02-01,4119.2099609375,1.045230394459039,POSITIVE,2023-02-03,4136.47998046875,1.4688682082632192,POSITIVE,2023-02-07,4164.0,2.1439410354230874,STRONG_POSITIVE,2023-03-01,3951.389892578125,-3.0714370327889604,STRONG_NEGATIVE,2023-03-02,3981.35009765625,-2.336505855817495,STRONG_NEGATIVE,1.0543094598231595,4119.580078125,POSITIVE,2.9151705073628467,-3.374136425773191,True,Measured from the event-date reference close to subsequent trading-session closes.,True,True,2023-05-02
XOM,Energy,2022-09-30,2022-10-28,4.45,3.82,0.63,16.4921,16.492146596858646,LARGE_BEAT,True,,,,,UNKNOWN,True,True,True,Alpha Vantage EARNINGS,primary_event_data,PRIMARY_EVENT_DATA,False,False,False,True,2022-10-28,3901.06005859375,2022-10-31,3871.97998046875,-0.7454404107657536,NEGATIVE,2022-11-02,3759.68994140625,-3.6238897905730005,STRONG_NEGATIVE,2022-11-04,3770.550048828125,-3.345501166487324,STRONG_NEGATIVE,2022-11-28,3963.93994140625,1.6118665662165397,POSITIVE,2022-11-29,3957.6298828125,1.4501141579230705,POSITIVE,4.499803551493603,4076.60009765625,STRONG_POSITIVE,3.408303357047757,-5.201410724323605,True,Measured from the event-date reference close to subsequent trading-session closes.,True,True,2023-01-31
XOM,Energy,2022-06-30,2022-07-29,4.14,3.89,0.25,6.4267,6.426735218508986,BEAT,True,,,,,UNKNOWN,True,True,True,Alpha Vantage EARNINGS,primary_event_data,PRIMARY_EVENT_DATA,False,False,False,True,2022-07-29,4130.2900390625,2022-08-01,4118.6298828125,-0.2823084127197673,NEGATIVE,2022-08-03,4155.169921875,0.60237616673882,POSITIVE,2022-08-05,4145.18994140625,0.3607471195202554,POSITIVE,2022-08-26,4057.659912109375,-1.7584752224715605,NEGATIVE,2022-08-29,4030.610107421875,-2.4133881809242266,STRONG_NEGATIVE,-7.820031697040042,3807.300048828125,STRONG_NEGATIVE,4.720969816880198,-1.7584752224715605,True,Measured from the event-date reference close to subsequent trading-session closes.,True,True,2022-10-27
XOM,Energy,2022-03-31,2022-04-29,2.07,2.22,-0.15,-6.7568,-6.756756756756772,MISS,False,,,,,UNKNOWN,True,True,True,Alpha Vantage EARNINGS,primary_event_data,PRIMARY_EVENT_DATA,False,False,False,True,2022-04-29,4131.93017578125,2022-05-02,4155.3798828125,0.5675242812353725,POSITIVE,2022-05-04,4300.169921875,4.071698671963639,STRONG_POSITIVE,2022-05-06,4123.33984375,-0.20790119062517246,NEUTRAL,2022-05-27,4158.240234375,0.6367498354150041,POSITIVE,2022-05-31,4132.14990234375,0.0053177704644647075,NEUTRAL,-0.32189055484789814,4118.6298828125,NEGATIVE,4.252975558463391,-7.783531999329252,True,Measured from the event-date reference close to subsequent trading-session closes.,True,True,2022-08-01
XOM,Energy,2021-12-31,2022-02-01,2.05,1.93,0.12,6.2176,6.217616580310875,BEAT,True,,,,,UNKNOWN,True,True,True,Alpha Vantage EARNINGS,primary_event_data,PRIMARY_EVENT_DATA,False,False,False,True,2022-02-01,4546.5400390625,2022-02-02,4589.3798828125,0.9422515447336435,POSITIVE,2022-02-04,4500.52978515625,-1.011983915481746,NEGATIVE,2022-02-08,4521.5400390625,-0.5498686866321982,NEGATIVE,2022-03-02,4386.5400390625,-3.519159594446068,STRONG_NEGATIVE,2022-03-03,4363.490234375,-4.026134227671841,STRONG_NEGATIVE,-8.161372283224473,4175.47998046875,STRONG_NEGATIVE,1.0726842634670037,-9.499314489877584,True,Measured from the event-date reference close to subsequent trading-session closes.,True,True,2022-05-03
XOM,Energy,2021-09-30,2021-10-29,1.58,1.52,0.06,3.9474,3.947368421052635,BEAT,True,,,,,UNKNOWN,True,True,True,Alpha Vantage EARNINGS,primary_event_data,PRIMARY_EVENT_DATA,False,False,False,True,2021-10-29,4605.3798828125,2021-11-01,4613.669921875,0.1800077143134017,NEUTRAL,2021-11-03,4660.56982421875,1.1983797821374416,POSITIVE,2021-11-05,4697.52978515625,2.0009185927887922,STRONG_POSITIVE,2021-11-29,4655.27001953125,1.0833012257021923,POSITIVE,2021-11-30,4567.0,-0.8333706184746144,NEGATIVE,-1.9505465436249936,4515.5498046875,NEGATIVE,3.006270901325704,-0.43318265895291874,True,Measured from the event-date reference close to subsequent trading-session closes.,True,True,2022-01-31
XOM,Energy,2021-06-30,2021-07-30,1.1,0.99,0.11,11.1111,11.11111111111112,LARGE_BEAT,True,,,,,UNKNOWN,True,True,True,Alpha Vantage EARNINGS,primary_event_data,PRIMARY_EVENT_DATA,False,False,False,True,2021-07-30,4395.259765625,2021-08-02,4387.16015625,-0.18428056148913982,NEUTRAL,2021-08-04,4402.66015625,0.16837208764946965,NEUTRAL,2021-08-06,4436.52001953125,0.9387443770432723,POSITIVE,2021-08-27,4509.3701171875,2.596214049848625,STRONG_POSITIVE,2021-08-30,4528.7900390625,3.038051914060469,STRONG_POSITIVE,4.57675238727091,4596.419921875,STRONG_POSITIVE,2.6863102250160305,-0.626351720359247,True,Measured from the event-date reference close to subsequent trading-session closes.,True,True,2021-10-28
XOM,Energy,2021-03-31,2021-04-30,0.65,0.6,0.05,8.3333,8.333333333333341,BEAT,True,,,,,UNKNOWN,True,True,True,Alpha Vantage EARNINGS,primary_event_data,PRIMARY_EVENT_DATA,False,False,False,True,2021-04-30,4181.169921875,2021-05-03,4192.66015625,0.2748090747253661,POSITIVE,2021-05-05,4167.58984375,-0.32479134736791954,NEGATIVE,2021-05-07,4232.60009765625,1.2300427091512869,POSITIVE,2021-05-28,4204.10986328125,0.5486488670607014,POSITIVE,2021-06-01,4202.0400390625,0.49914539656262097,POSITIVE,5.120333489197056,4395.259765625,STRONG_POSITIVE,1.360148433336027,-2.972613918708271,True,Measured from the event-date reference close to subsequent trading-session closes.,True,True,2021-07-30
XOM,Energy,2020-12-31,2021-02-02,0.03,0.02,0.01,50.0,49.99999999999999,LARGE_BEAT,True,,,,,UNKNOWN,True,True,True,Alpha Vantage EARNINGS,primary_event_data,PRIMARY_EVENT_DATA,False,False,False,True,2021-02-02,3826.31005859375,2021-02-03,3830.169921875,0.1008769080953304,NEUTRAL,2021-02-05,3886.830078125,1.5816810087129318,POSITIVE,2021-02-09,3911.22998046875,2.219368545010434,STRONG_POSITIVE,2021-03-03,3819.719970703125,-0.1722308905893266,NEUTRAL,2021-03-04,3768.469970703125,-1.5116414248949406,NEGATIVE,8.842725562616868,4164.66015625,STRONG_POSITIVE,3.2438529848909234,-0.9609785659859401,True,Measured from the event-date reference close to subsequent trading-session closes.,True,True,2021-05-04
XOM,Energy,2020-09-30,2020-10-30,-0.18,-0.25,0.07,28.0,28.000000000000004,LARGE_BEAT,True,,,,,UNKNOWN,True,True,True,Alpha Vantage EARNINGS,primary_event_data,PRIMARY_EVENT_DATA,False,False,False,True,2020-10-30,3269.9599609375,2020-11-02,3310.239990234375,1.2318202601271817,POSITIVE,2020-11-04,3443.43994140625,5.305263139032845,STRONG_POSITIVE,2020-11-06,3509.43994140625,7.323636476579086,STRONG_POSITIVE,2020-11-30,3621.6298828125,10.754563544385906,STRONG_POSITIVE,2020-12-01,3662.449951171875,12.002898962770413,STRONG_POSITIVE,17.01397277955489,3826.31005859375,STRONG_POSITIVE,11.499530079538555,0.29908712686717603,True,Measured from the event-date reference close to subsequent trading-session closes.,True,True,2021-02-02
XOM,Energy,2020-06-30,2020-07-31,-0.7,-0.6,-0.1,-16.6667,-16.666666666666664,LARGE_MISS,False,,,,,UNKNOWN,True,True,True,Alpha Vantage EARNINGS,primary_event_data,PRIMARY_EVENT_DATA,False,False,False,True,2020-07-31,3271.1201171875,2020-08-03,3294.610107421875,0.718102343932623,POSITIVE,2020-08-05,3327.77001953125,1.7318196921627393,POSITIVE,2020-08-07,3351.280029296875,2.4505340445368993,STRONG_POSITIVE,2020-08-28,3508.010009765625,7.241858571118516,STRONG_POSITIVE,2020-08-31,3500.31005859375,7.006466690171771,STRONG_POSITIVE,1.191946148033796,3310.110107421875,POSITIVE,7.2791537684643695,0.4099486301012023,True,Measured from the event-date reference close to subsequent trading-session closes.,True,True,2020-10-29
XOM,Energy,2020-03-31,2020-05-01,0.53,0.05,0.48,960.0,960.0,LARGE_BEAT,True,,,,,UNKNOWN,True,True,True,Alpha Vantage EARNINGS,primary_event_data,PRIMARY_EVENT_DATA,False,False,False,True,2020-05-01,2830.7099609375,2020-05-04,2842.739990234375,0.4249827591976532,POSITIVE,2020-05-06,2848.419921875,0.6256367194763626,POSITIVE,2020-05-08,2929.800048828125,3.5005383546185516,STRONG_POSITIVE,2020-06-01,3055.72998046875,7.949243215886584,STRONG_POSITIVE,2020-06-02,3080.820068359375,8.835596400665551,STRONG_POSITIVE,15.558293231290325,3271.1201171875,STRONG_POSITIVE,8.40637028241107,-2.2633921964281956,True,Measured from the event-date reference close to subsequent trading-session closes.,True,True,2020-07-31
XOM,Energy,2019-12-31,2020-01-31,0.41,0.45,-0.04,-8.8889,-8.888888888888896,MISS,False,,,,,UNKNOWN,True,True,True,Alpha Vantage EARNINGS,primary_event_data,PRIMARY_EVENT_DATA,False,False,False,True,2020-01-31,3225.52001953125,2020-02-03,3248.919921875,0.7254613892351721,POSITIVE,2020-02-05,3334.68994140625,3.3845681072804243,STRONG_POSITIVE,2020-02-07,3327.7099609375,3.168169497862884,STRONG_POSITIVE,2020-03-02,3090.22998046875,-4.194363645033618,STRONG_NEGATIVE,2020-03-03,3003.3701171875,-6.887258519512585,STRONG_NEGATIVE,-12.240198671937739,2830.7099609375,STRONG_NEGATIVE,5.208462479932606,-11.461095556751461,True,Measured from the event-date reference close to subsequent trading-session closes.,True,True,2020-05-01
XOM,Energy,2019-09-30,2019-11-01,0.68,0.66,0.02,3.0303,3.030303030303033,BEAT,True,,,,,UNKNOWN,True,True,True,Alpha Vantage EARNINGS,primary_event_data,PRIMARY_EVENT_DATA,False,False,False,True,2019-11-01,3066.909912109375,2019-11-04,3078.27001953125,0.3704089049704654,POSITIVE,2019-11-06,3076.780029296875,0.3218261204389757,POSITIVE,2019-11-08,3093.080078125,0.8533072951473017,POSITIVE,2019-12-02,3113.8701171875,1.5311895824754262,POSITIVE,2019-12-03,3093.199951171875,0.8572158888233564,POSITIVE,7.521583039346325,3297.590087890625,STRONG_POSITIVE,2.848146837028281,-0.033258868388098356,True,Measured from the event-date reference close to subsequent trading-session closes.,True,True,2020-02-04
XOM,Energy,2019-06-30,2019-08-02,0.61,0.71,-0.1,-14.0845,-14.084507042253518,LARGE_MISS,False,,,,,UNKNOWN,True,True,True,Alpha Vantage EARNINGS,primary_event_data,PRIMARY_EVENT_DATA,False,False,False,True,2019-08-02,2932.050048828125,2019-08-05,2844.739990234375,-2.977782000298592,STRONG_NEGATIVE,2019-08-07,2883.97998046875,-1.6394695710800549,NEGATIVE,2019-08-09,2918.64990234375,-0.45702311560918746,NEGATIVE,2019-08-30,2926.4599609375,-0.1906545862973667,NEUTRAL,2019-09-03,2906.27001953125,-0.8792492920500694,NEGATIVE,3.598506437766811,3037.56005859375,STRONG_POSITIVE,0.3840319768799777,-3.7492515410697558,True,Measured from the event-date reference close to subsequent trading-session closes.,True,True,2019-10-31
XOM,Energy,2019-03-31,2019-04-26,0.55,0.73,-0.18,-24.6575,-24.65753424657533,LARGE_MISS,False,,,,,UNKNOWN,True,True,True,Alpha Vantage EARNINGS,primary_event_data,PRIMARY_EVENT_DATA,False,False,False,True,2019-04-26,2939.8798828125,2019-04-29,2943.030029296875,0.10715221743554176,NEUTRAL,2019-05-01,2923.72998046875,-0.5493388501403617,NEGATIVE,2019-05-03,2945.639892578125,0.19592670432897283,NEUTRAL,2019-05-24,2826.06005859375,-3.8715807704994325,STRONG_NEGATIVE,2019-05-28,2802.389892578125,-4.676721353079303,STRONG_NEGATIVE,2.9246169243867253,3025.860107421875,STRONG_POSITIVE,0.48471368110344115,-4.709374419727102,True,Measured from the event-date reference close to subsequent trading-session closes.,True,True,2019-07-26
XOM,Energy,2018-12-31,2019-02-01,1.5,1.09,0.41,37.6147,37.61467889908256,LARGE_BEAT,True,,,,,UNKNOWN,True,True,True,Alpha Vantage EARNINGS,primary_event_data,PRIMARY_EVENT_DATA,False,False,False,True,2019-02-01,2706.530029296875,2019-02-04,2724.8701171875,0.6776236617403998,POSITIVE,2019-02-06,2731.610107421875,0.9266506505939456,POSITIVE,2019-02-08,2707.8798828125,0.049873953032609664,NEUTRAL,2019-03-04,2792.81005859375,3.187846739660581,STRONG_POSITIVE,2019-03-05,2789.64990234375,3.071086304129002,STRONG_POSITIVE,8.834554233391158,2945.639892578125,STRONG_POSITIVE,4.077170854235547,-0.9126058423335418,True,Measured from the event-date reference close to subsequent trading-session closes.,True,True,2019-05-03
XOM,Energy,2018-09-30,2018-11-02,1.46,1.22,0.24,19.6721,19.672131147540984,LARGE_BEAT,True,,,,,UNKNOWN,True,True,True,Alpha Vantage EARNINGS,primary_event_data,PRIMARY_EVENT_DATA,False,False,False,True,2018-11-02,2723.06005859375,2018-11-05,2738.31005859375,0.5600317169601998,POSITIVE,2018-11-07,2813.889892578125,3.335579532949471,STRONG_POSITIVE,2018-11-09,2781.010009765625,2.1281187313144194,STRONG_POSITIVE,2018-12-03,2790.3701171875,2.471853618554063,STRONG_POSITIVE,2018-12-04,2700.06005859375,-0.8446379993498095,NEGATIVE,0.3139867885448123,2731.610107421875,POSITIVE,3.3818513645841977,-3.377449219780352,True,Measured from the event-date reference close to subsequent trading-session closes.,True,True,2019-02-06
XOM,Energy,2018-06-30,2018-07-27,0.92,1.27,-0.35,-27.5591,-27.55905511811023,LARGE_MISS,False,,,,,UNKNOWN,True,True,True,Alpha Vantage EARNINGS,primary_event_data,PRIMARY_EVENT_DATA,False,False,False,True,2018-07-27,2818.820068359375,2018-07-30,2802.60009765625,-0.5754170294581958,NEGATIVE,2018-08-01,2813.360107421875,-0.1936966817707466,NEUTRAL,2018-08-03,2840.35009765625,0.7637958001840829,POSITIVE,2018-08-24,2874.68994140625,1.982030484102261,POSITIVE,2018-08-27,2896.739990234375,2.7642744121781204,STRONG_POSITIVE,-4.017638488926837,2705.570068359375,STRONG_NEGATIVE,2.0341789244949307,-0.7974961126849761,True,Measured from the event-date reference close to subsequent trading-session closes.,True,True,2018-10-25
XOM,Energy,2018-03-31,2018-04-27,1.09,1.1,-0.01,-0.9091,-0.9090909090909096,IN_LINE,False,,,,,UNKNOWN,True,True,True,Alpha Vantage EARNINGS,primary_event_data,PRIMARY_EVENT_DATA,False,False,False,True,2018-04-27,2669.909912109375,2018-04-30,2648.050048828125,-0.8187490964434644,NEGATIVE,2018-05-02,2635.669921875,-1.282439908518244,NEGATIVE,2018-05-04,2663.419921875,-0.24307899697063381,NEUTRAL,2018-05-25,2721.330078125,1.9259138962857458,POSITIVE,2018-05-29,2689.860107421875,0.7472235382181212,POSITIVE,5.577347594187282,2818.820068359375,STRONG_POSITIVE,2.709083096659815,-2.8199376533417166,True,Measured from the event-date reference close to subsequent trading-session closes.,True,True,2018-07-27
XOM,Energy,2017-12-31,2018-02-02,0.88,1.03,-0.15,-14.5631,-14.563106796116507,LARGE_MISS,False,,,,,UNKNOWN,True,True,True,Alpha Vantage EARNINGS,primary_event_data,PRIMARY_EVENT_DATA,False,False,False,True,2018-02-02,2762.1298828125,2018-02-05,2648.93994140625,-4.097922480422823,STRONG_NEGATIVE,2018-02-07,2681.659912109375,-2.9133304412603356,STRONG_NEGATIVE,2018-02-09,2619.550048828125,-5.161952552325131,STRONG_NEGATIVE,2018-03-05,2720.93994140625,-1.4912383976784218,NEGATIVE,2018-03-06,2728.1201171875,-1.231287704341044,NEGATIVE,-3.5736900553347613,2663.419921875,STRONG_NEGATIVE,0.978231317049336,-8.306631155687219,True,Measured from the event-date reference close to subsequent trading-session closes.,True,True,2018-05-04
XOM,Energy,2017-09-30,2017-10-27,0.93,0.87,0.06,6.8966,6.896551724137938,BEAT,True,,,,,UNKNOWN,True,True,True,Alpha Vantage EARNINGS,primary_event_data,PRIMARY_EVENT_DATA,False,False,False,True,2017-10-27,2581.070068359375,2017-10-30,2572.830078125,-0.3192470570786421,NEGATIVE,2017-11-01,2579.360107421875,-0.06625007815409348,NEUTRAL,2017-11-03,2587.840087890625,0.26229506956210913,POSITIVE,2017-11-27,2601.419921875,0.7884270080494223,POSITIVE,2017-11-28,2627.0400390625,1.7810431133450493,POSITIVE,9.351155020548024,2822.429931640625,STRONG_POSITIVE,0.9817572975113751,-0.9151288636853563,True,Measured from the event-date reference close to subsequent trading-session closes.,True,True,2018-01-30
XOM,Energy,2017-06-30,2017-07-28,0.78,0.85,-0.07,-8.2353,-8.235294117647053,MISS,False,,,,,UNKNOWN,True,True,True,Alpha Vantage EARNINGS,primary_event_data,PRIMARY_EVENT_DATA,False,False,False,True,2017-07-28,2472.10009765625,2017-07-31,2470.300048828125,-0.07281456077897458,NEUTRAL,2017-08-02,2477.570068359375,0.22126817228440598,NEUTRAL,2017-08-04,2476.830078125,0.19133450434448032,NEUTRAL,2017-08-25,2443.050048828125,-1.1751162040593253,NEGATIVE,2017-08-28,2444.239990234375,-1.1269813648844003,NEGATIVE,3.571853937921661,2560.39990234375,STRONG_POSITIVE,0.7592742522459139,-2.2147161456733655,True,Measured from the event-date reference close to subsequent trading-session closes.,True,True,2017-10-26
XOM,Energy,2017-03-31,2017-04-28,0.95,0.87,0.08,9.1954,9.19540229885057,BEAT,True,,,,,UNKNOWN,True,True,True,Alpha Vantage EARNINGS,primary_event_data,PRIMARY_EVENT_DATA,False,False,False,True,2017-04-28,2384.199951171875,2017-05-01,2388.330078125,0.17322905115801937,NEUTRAL,2017-05-03,2388.1298828125,0.16483230102799773,NEUTRAL,2017-05-05,2399.2900390625,0.6329204009591546,POSITIVE,2017-05-26,2415.820068359375,1.3262359632193672,POSITIVE,2017-05-30,2412.909912109375,1.2041758881585651,POSITIVE,3.6867774634912887,2472.10009765625,STRONG_POSITIVE,1.4474461233279843,-1.320358238128352,True,Measured from the event-date reference close to subsequent trading-session closes.,True,True,2017-07-28
XOM,Energy,2016-12-31,2017-01-31,0.89,0.7,0.19,27.1429,27.142857142857157,LARGE_BEAT,True,,,,,UNKNOWN,True,True,True,Alpha Vantage EARNINGS,primary_event_data,PRIMARY_EVENT_DATA,False,False,False,True,2017-01-31,2278.8701171875,2017-02-01,2279.550048828125,0.029836348965080438,NEUTRAL,2017-02-03,2297.419921875,0.8139913085697708,POSITIVE,2017-02-07,2293.080078125,0.6235529102921156,POSITIVE,2017-03-01,2395.9599609375,5.138065696105055,STRONG_POSITIVE,2017-03-02,2381.919921875,4.521969194746403,STRONG_POSITIVE,4.927872099446211,2391.169921875,STRONG_POSITIVE,5.358351156579016,-0.3168331002848434,True,Measured from the event-date reference close to subsequent trading-session closes.,True,True,2017-05-02
XOM,Energy,2016-09-30,2016-10-28,0.63,0.6,0.03,5.0,5.000000000000004,BEAT,True,,,,,UNKNOWN,True,True,True,Alpha Vantage EARNINGS,primary_event_data,PRIMARY_EVENT_DATA,False,False,False,True,2016-10-28,2126.409912109375,2016-10-31,2126.14990234375,-0.012227640782913449,NEUTRAL,2016-11-02,2097.93994140625,-1.3388749996412077,NEGATIVE,2016-11-04,2085.179931640625,-1.9389479062317911,NEGATIVE,2016-11-28,2201.719970703125,3.5416529129627348,STRONG_POSITIVE,2016-11-29,2204.659912109375,3.679911363956015,STRONG_POSITIVE,7.169840782339383,2278.8701171875,STRONG_POSITIVE,4.088590118573672,-2.0043112479943512,True,Measured from the event-date reference close to subsequent trading-session closes.,True,True,2017-01-31
XOM,Energy,2016-06-30,2016-07-29,0.41,0.64,-0.23,-35.9375,-35.93750000000001,LARGE_MISS,False,,,,,UNKNOWN,True,True,True,Alpha Vantage EARNINGS,primary_event_data,PRIMARY_EVENT_DATA,False,False,False,True,2016-07-29,2173.60009765625,2016-08-01,2170.840087890625,-0.12697872845152447,NEUTRAL,2016-08-03,2163.7900390625,-0.4513276662219509,NEGATIVE,2016-08-05,2182.8701171875,0.42648229272926874,POSITIVE,2016-08-26,2169.0400390625,-0.20979289606524315,NEUTRAL,2016-08-29,2180.3798828125,0.31191501893841966,POSITIVE,-1.8660313199969538,2133.0400390625,NEGATIVE,0.9297920514124011,-1.197093226086384,True,Measured from the event-date reference close to subsequent trading-session closes.,True,True,2016-10-27
XOM,Energy,2016-03-31,2016-04-29,0.43,0.31,0.12,38.7097,38.70967741935484,LARGE_BEAT,True,,,,,UNKNOWN,True,True,True,Alpha Vantage EARNINGS,primary_event_data,PRIMARY_EVENT_DATA,False,False,False,True,2016-04-29,2065.300048828125,2016-05-02,2081.429931640625,0.7809946463542806,POSITIVE,2016-05-04,2051.1201171875,-0.6865797368605524,NEGATIVE,2016-05-06,2057.139892578125,-0.3951075416199291,NEGATIVE,2016-05-27,2099.06005859375,1.6346297858648102,POSITIVE,2016-05-31,2096.949951171875,1.5324602525288527,POSITIVE,5.243792488630197,2173.60009765625,STRONG_POSITIVE,1.6346297858648102,-1.9072296381723248,True,Measured from the event-date reference close to subsequent trading-session closes.,True,True,2016-07-29
XOM,Energy,2015-12-31,2016-02-02,0.67,0.64,0.03,4.6875,4.687500000000004,BEAT,True,,,,,UNKNOWN,True,True,True,Alpha Vantage EARNINGS,primary_event_data,PRIMARY_EVENT_DATA,False,False,False,True,2016-02-02,1903.030029296875,2016-02-03,1912.530029296875,0.4992038934619454,POSITIVE,2016-02-05,1880.050048828125,-1.2075469180715221,NEGATIVE,2016-02-09,1852.2099609375,-2.6704816832633917,STRONG_NEGATIVE,2016-03-02,1986.449951171875,4.383531557083296,STRONG_POSITIVE,2016-03-03,1993.4000244140625,4.748742464698632,STRONG_POSITIVE,8.425515384529529,2063.3701171875,STRONG_POSITIVE,4.3866875027502275,-4.883267856013443,True,Measured from the event-date reference close to subsequent trading-session closes.,True,True,2016-05-03
XOM,Energy,2015-09-30,2015-10-30,1.01,0.9,0.11,12.2222,12.22222222222222,LARGE_BEAT,True,,,,,UNKNOWN,True,True,True,Alpha Vantage EARNINGS,primary_event_data,PRIMARY_EVENT_DATA,False,False,False,True,2015-10-30,2079.360107421875,2015-11-02,2104.050048828125,1.1873817006551206,POSITIVE,2015-11-04,2102.31005859375,1.103702580902633,POSITIVE,2015-11-06,2099.199951171875,0.9541321716803888,POSITIVE,2015-11-30,2080.409912109375,0.05048691103349172,NEUTRAL,2015-12-01,2102.6298828125,1.119083477054697,POSITIVE,-8.480016400027287,1903.030029296875,STRONG_NEGATIVE,1.7851584684337631,-2.8840647927882146,True,Measured from the event-date reference close to subsequent trading-session closes.,True,True,2016-02-02
XOM,Energy,2015-06-30,2015-07-31,1.06,1.11,-0.05,-4.5045,-4.504504504504508,MISS,False,,,,,UNKNOWN,True,True,True,Alpha Vantage EARNINGS,primary_event_data,PRIMARY_EVENT_DATA,False,False,False,True,2015-07-31,2103.840087890625,2015-08-03,2098.0400390625,-0.27568867336967173,NEGATIVE,2015-08-05,2099.840087890625,-0.19012851894131,NEUTRAL,2015-08-07,2077.570068359375,-1.2486699765089624,NEGATIVE,2015-08-28,1988.8699951171875,-5.46477336538967,STRONG_NEGATIVE,2015-08-31,1972.1800537109375,-6.258081825586559,STRONG_NEGATIVE,-0.6858969873379559,2089.409912109375,NEGATIVE,0.4192250290084085,-11.257037998665249,True,Measured from the event-date reference close to subsequent trading-session closes.,True,True,2015-10-29
XOM,Energy,2015-03-31,2015-04-30,1.17,0.83,0.34,40.9639,40.963855421686745,LARGE_BEAT,True,,,,,UNKNOWN,True,True,True,Alpha Vantage EARNINGS,primary_event_data,PRIMARY_EVENT_DATA,False,False,False,True,2015-04-30,2085.510009765625,2015-05-01,2108.2900390625,1.0923001659164935,POSITIVE,2015-05-05,2089.4599609375,0.189399770481989,NEUTRAL,2015-05-07,2088.0,0.11939478701686172,NEUTRAL,2015-05-29,2107.389892578125,1.0491382304589811,POSITIVE,2015-06-01,2111.72998046875,1.2572450182615844,POSITIVE,1.1085956403284427,2108.6298828125,POSITIVE,2.359612790495805,-0.8429630182871045,True,Measured from the event-date reference close to subsequent trading-session closes.,True,True,2015-07-30
XOM,Energy,2014-12-31,2015-02-02,1.32,1.34,-0.02,-1.4925,-1.492537313432837,IN_LINE,False,,,,,UNKNOWN,True,True,True,Alpha Vantage EARNINGS,primary_event_data,PRIMARY_EVENT_DATA,False,False,False,True,2015-02-02,2020.8499755859375,2015-02-03,2050.030029296875,1.4439495293299474,POSITIVE,2015-02-05,2062.52001953125,2.062005811848078,STRONG_POSITIVE,2015-02-09,2046.739990234375,1.2811448133813492,POSITIVE,2015-03-03,2107.780029296875,4.301657953888065,STRONG_POSITIVE,2015-03-04,2098.530029296875,3.8439297646731285,STRONG_POSITIVE,4.633694523577237,2114.489990234375,STRONG_POSITIVE,4.886068411686929,0.09203975426346057,True,Measured from the event-date reference close to subsequent trading-session closes.,True,True,2015-05-04
XOM,Energy,2014-09-30,2014-10-31,1.89,1.72,0.17,9.8837,9.883720930232553,BEAT,True,,,,,UNKNOWN,True,True,True,Alpha Vantage EARNINGS,primary_event_data,PRIMARY_EVENT_DATA,False,False,False,True,2014-10-31,2018.050048828125,2014-11-03,2017.81005859375,-0.011892184463629211,NEUTRAL,2014-11-05,2023.5699462890625,0.27352629158741065,POSITIVE,2014-11-07,2031.9200439453125,0.6872968846952909,POSITIVE,2014-12-01,2053.43994140625,1.7536677347856557,POSITIVE,2014-12-02,2066.550048828125,2.40331006796208,STRONG_POSITIVE,1.5846970934799496,2050.030029296875,POSITIVE,2.8596892812946826,-0.8443813904613067,True,Measured from the event-date reference close to subsequent trading-session closes.,True,True,2015-02-03
XOM,Energy,2014-06-30,2014-07-31,2.05,1.86,0.19,10.2151,10.215053763440844,LARGE_BEAT,True,,,,,UNKNOWN,True,True,True,Alpha Vantage EARNINGS,primary_event_data,PRIMARY_EVENT_DATA,False,False,False,True,2014-07-31,1930.6700439453125,2014-08-01,1925.1500244140625,-0.2859121137017216,NEGATIVE,2014-08-05,1920.2099609375,-0.5417851196591512,NEGATIVE,2014-08-07,1909.5699462890625,-1.0928898867220251,NEGATIVE,2014-08-28,1996.739990234375,3.42212520965255,STRONG_POSITIVE,2014-08-29,2003.3699951171875,3.7655295579825276,STRONG_POSITIVE,2.674201376083243,1982.300048828125,STRONG_POSITIVE,3.8520303016258994,-1.3409859820237024,True,Measured from the event-date reference close to subsequent trading-session closes.,True,True,2014-10-29
XOM,Energy,2014-03-31,2014-05-01,2.1,1.88,0.22,11.7021,11.70212765957448,LARGE_BEAT,True,,,,,UNKNOWN,True,True,True,Alpha Vantage EARNINGS,primary_event_data,PRIMARY_EVENT_DATA,False,False,False,True,2014-05-01,1883.6800537109375,2014-05-02,1881.1400146484375,-0.13484450597095854,NEUTRAL,2014-05-06,1867.719970703125,-0.8472820517672517,NEGATIVE,2014-05-08,1875.6300048828125,-0.4273575447309127,NEGATIVE,2014-05-30,1923.5699462890625,2.1176575342261574,STRONG_POSITIVE,2014-06-02,1924.969970703125,2.1919814307554213,STRONG_POSITIVE,2.4945844779638944,1930.6700439453125,STRONG_POSITIVE,2.142082223913035,-1.268262866688696,True,Measured from the event-date reference close to subsequent trading-session closes.,True,True,2014-07-31
XOM,Energy,2013-12-31,2014-01-30,1.91,1.92,-0.01,-0.5208,-0.5208333333333338,IN_LINE,False,,,,,UNKNOWN,True,True,True,Alpha Vantage EARNINGS,primary_event_data,PRIMARY_EVENT_DATA,False,False,False,True,2014-01-30,1794.18994140625,2014-01-31,1782.5899658203125,-0.6465299642046635,NEGATIVE,2014-02-04,1755.199951171875,-2.1731250039120957,STRONG_NEGATIVE,2014-02-06,1773.4300537109375,-1.157061870441728,NEGATIVE,2014-02-28,1859.449951171875,3.6372966016338,STRONG_POSITIVE,2014-03-03,1845.72998046875,2.8726077363974047,STRONG_POSITIVE,4.98777248938019,1883.6800537109375,STRONG_POSITIVE,4.109381110523579,-3.136228565456915,True,Measured from the event-date reference close to subsequent trading-session closes.,True,True,2014-05-01
XOM,Energy,2013-09-30,2013-10-31,1.79,1.78,0.01,0.5618,0.5617977528089892,IN_LINE,True,,,,,UNKNOWN,True,True,True,Alpha Vantage EARNINGS,primary_event_data,PRIMARY_EVENT_DATA,False,False,False,True,2013-10-31,1756.5400390625,2013-11-01,1761.6400146484375,0.29034211987900127,POSITIVE,2013-11-05,1762.969970703125,0.366056651009036,POSITIVE,2013-11-07,1747.1500244140625,-0.5345744725209416,NEGATIVE,2013-11-29,1805.81005859375,2.8049471367328684,STRONG_POSITIVE,2013-12-02,1800.9000244140625,2.525418400097404,STRONG_POSITIVE,-0.834027354245879,1741.8900146484375,NEGATIVE,3.2455855544319028,-0.5886622371639025,True,Measured from the event-date reference close to subsequent trading-session closes.,True,True,2014-02-03
XOM,Energy,2013-06-30,2013-08-01,1.55,1.9,-0.35,-18.4211,-18.42105263157894,LARGE_MISS,False,,,,,UNKNOWN,True,True,True,Alpha Vantage EARNINGS,primary_event_data,PRIMARY_EVENT_DATA,False,False,False,True,2013-08-01,1706.8699951171875,2013-08-02,1709.6700439453125,0.1640458169711255,NEUTRAL,2013-08-06,1697.3699951171875,-0.556574315980507,NEGATIVE,2013-08-08,1697.47998046875,-0.550130629473794,NEGATIVE,2013-08-29,1638.1700439453125,-4.02490824540848,STRONG_NEGATIVE,2013-08-30,1632.969970703125,-4.329563740968379,STRONG_NEGATIVE,3.3066410235120176,1763.31005859375,STRONG_POSITIVE,0.1640458169711255,-4.6517909765360415,True,Measured from the event-date reference close to subsequent trading-session closes.,True,True,2013-10-30
XOM,Energy,2013-03-31,2013-04-25,2.12,2.05,0.07,3.4146,3.414634146341477,BEAT,True,,,,,UNKNOWN,True,True,True,Alpha Vantage EARNINGS,primary_event_data,PRIMARY_EVENT_DATA,False,False,False,True,2013-04-25,1585.1600341796875,2013-04-26,1582.239990234375,-0.18421130247733053,NEUTRAL,2013-04-30,1597.5699462890625,0.7828807086848532,POSITIVE,2013-05-02,1597.5899658203125,0.7841436430774907,POSITIVE,2013-05-23,1650.510009765625,4.1226105993617095,STRONG_POSITIVE,2013-05-24,1649.5999755859375,4.065200990232974,STRONG_POSITIVE,6.629612376941868,1690.25,STRONG_POSITIVE,6.43594446815869,-0.47944531921475364,True,Measured from the event-date reference close to subsequent trading-session closes.,True,True,2013-07-25
XOM,Energy,2012-12-31,2013-02-01,2.2,2.0,0.2,10.0,10.000000000000009,LARGE_BEAT,True,,,,,UNKNOWN,True,True,True,Alpha Vantage EARNINGS,primary_event_data,PRIMARY_EVENT_DATA,False,False,False,True,2013-02-01,1513.1700439453125,2013-02-04,1495.7099609375,-1.1538744820964433,NEGATIVE,2013-02-06,1512.1199951171875,-0.06939397408285924,NEUTRAL,2013-02-08,1517.9300537109375,0.3145720327118128,POSITIVE,2013-03-04,1525.199951171875,0.7950135726449309,POSITIVE,2013-03-05,1539.7900390625,1.7592203350643105,POSITIVE,6.691250623492999,1614.4200439453125,STRONG_POSITIVE,1.1743490119990587,-1.8609960124683274,True,Measured from the event-date reference close to subsequent trading-session closes.,True,True,2013-05-03
XOM,Energy,2012-09-30,2012-11-01,2.09,1.93,0.16,8.2902,8.290155440414503,BEAT,True,,,,,UNKNOWN,True,True,True,Alpha Vantage EARNINGS,primary_event_data,PRIMARY_EVENT_DATA,False,False,False,True,2012-11-01,1427.5899658203125,2012-11-02,1414.199951171875,-0.9379454163327224,NEGATIVE,2012-11-06,1428.3900146484375,0.0560419201087114,NEUTRAL,2012-11-08,1377.510009765625,-3.508007008574824,STRONG_NEGATIVE,2012-11-30,1416.1800537109375,-0.7992429466831332,NEGATIVE,2012-12-03,1409.4599609375,-1.2699728435254694,NEGATIVE,4.771677915096919,1495.7099609375,STRONG_POSITIVE,0.4679252355979577,-5.900853343835991,True,Measured from the event-date reference close to subsequent trading-session closes.,True,True,2013-02-04
XOM,Energy,2012-06-30,2012-07-26,1.8,1.96,-0.16,-8.1633,-8.163265306122446,MISS,False,,,,,UNKNOWN,True,True,True,Alpha Vantage EARNINGS,primary_event_data,PRIMARY_EVENT_DATA,False,False,False,True,2012-07-26,1360.02001953125,2012-07-27,1385.969970703125,1.9080565579335378,POSITIVE,2012-07-31,1379.3199462890625,1.4190913722332184,POSITIVE,2012-08-02,1365.0,0.3661696443605602,POSITIVE,2012-08-23,1402.0799560546875,3.092596867650084,STRONG_POSITIVE,2012-08-24,1411.1300048828125,3.7580318390591247,STRONG_POSITIVE,3.5830340560387834,1408.75,STRONG_POSITIVE,4.9014009516317865,-0.39484676990551537,True,Measured from the event-date reference close to subsequent trading-session closes.,True,True,2012-10-24
XOM,Energy,2012-03-31,2012-04-26,2.0,2.11,-0.11,-5.2133,-5.213270142180089,MISS,False,,,,,UNKNOWN,True,True,True,Alpha Vantage EARNINGS,primary_event_data,PRIMARY_EVENT_DATA,False,False,False,True,2012-04-26,1399.97998046875,2012-04-27,1403.3599853515625,0.24143237260298434,NEUTRAL,2012-05-01,1405.8199462890625,0.4171463807901829,POSITIVE,2012-05-03,1391.5699462890625,-0.6007253172914373,NEGATIVE,2012-05-24,1320.6800537109375,-5.664361481173525,STRONG_NEGATIVE,2012-05-25,1317.8199462890625,-5.868657789819121,STRONG_NEGATIVE,-2.854323739980936,1360.02001953125,STRONG_NEGATIVE,1.0957275128445962,-7.7143960275659635,True,Measured from the event-date reference close to subsequent trading-session closes.,True,True,2012-07-26
XOM,Energy,2011-12-31,2012-01-31,1.97,1.98,-0.01,-0.5051,-0.5050505050505055,IN_LINE,False,,,,,UNKNOWN,True,True,True,Alpha Vantage EARNINGS,primary_event_data,PRIMARY_EVENT_DATA,False,False,False,True,2012-01-31,1312.4100341796875,2012-02-01,1324.0899658203125,0.8899605562620875,POSITIVE,2012-02-03,1344.9000244140625,2.4755975181706558,STRONG_POSITIVE,2012-02-07,1347.050048828125,2.6394201313836336,STRONG_POSITIVE,2012-02-29,1365.6800537109375,4.058946376811729,STRONG_POSITIVE,2012-03-01,1374.0899658203125,4.699745508969504,STRONG_POSITIVE,7.117433551760384,1405.8199462890625,STRONG_POSITIVE,5.000724100973067,0.0030415031238655403,True,Measured from the event-date reference close to subsequent trading-session closes.,True,True,2012-05-01
XOM,Energy,2011-09-30,2011-10-27,2.13,2.13,0.0,0.0,0.0,IN_LINE,False,,,,,UNKNOWN,True,True,True,Alpha Vantage EARNINGS,primary_event_data,PRIMARY_EVENT_DATA,False,False,False,True,2011-10-27,1284.5899658203125,2011-10-28,1285.0899658203125,0.03892292585990351,NEUTRAL,2011-11-01,1218.280029296875,-5.1619534861533305,STRONG_NEGATIVE,2011-11-03,1261.1500244140625,-1.824702203031902,NEGATIVE,2011-11-25,1158.6700439453125,-9.802343566850933,STRONG_NEGATIVE,2011-11-28,1192.550048828125,-7.164925730477173,STRONG_NEGATIVE,2.212382526837196,1313.010009765625,STRONG_POSITIVE,0.19383541056892375,-9.803122785581527,True,Measured from the event-date reference close to subsequent trading-session closes.,True,True,2012-01-30
XOM,Energy,2011-06-30,2011-07-28,2.18,2.33,-0.15,-6.4378,-6.437768240343343,MISS,False,,,,,UNKNOWN,True,True,True,Alpha Vantage EARNINGS,primary_event_data,PRIMARY_EVENT_DATA,False,False,False,True,2011-07-28,1300.6700439453125,2011-07-29,1292.280029296875,-0.6450532698506789,NEGATIVE,2011-08-02,1254.050048828125,-3.5843060531920474,STRONG_NEGATIVE,2011-08-04,1200.0699462890625,-7.734482555706481,STRONG_NEGATIVE,2011-08-25,1159.27001953125,-10.87132167549234,STRONG_NEGATIVE,2011-08-26,1176.800048828125,-9.5235525484583,STRONG_NEGATIVE,-4.510755377078502,1242.0,STRONG_NEGATIVE,0.5158849447433053,-15.309801729483441,True,Measured from the event-date reference close to subsequent trading-session closes.,True,True,2011-10-26
XOM,Energy,2011-03-31,2011-04-28,2.14,2.02,0.12,5.9406,5.940594059405946,BEAT,True,,,,,UNKNOWN,True,True,True,Alpha Vantage EARNINGS,primary_event_data,PRIMARY_EVENT_DATA,False,False,False,True,2011-04-28,1360.47998046875,2011-04-29,1363.6099853515625,0.2300662213150733,NEUTRAL,2011-05-03,1356.6199951171875,-0.28372231910627244,NEGATIVE,2011-05-05,1335.0999755859375,-1.8655184381373906,NEGATIVE,2011-05-26,1325.68994140625,-2.5571886071056467,STRONG_NEGATIVE,2011-05-27,1331.0999755859375,-2.1595323198133127,STRONG_NEGATIVE,-4.3962379000115925,1300.6700439453125,STRONG_NEGATIVE,0.7423832567133828,-3.5781439153446746,True,Measured from the event-date reference close to subsequent trading-session closes.,True,True,2011-07-28
XOM,Energy,2010-12-31,2011-01-31,1.85,1.62,0.23,14.1975,14.19753086419753,LARGE_BEAT,True,,,,,UNKNOWN,True,True,True,Alpha Vantage EARNINGS,primary_event_data,PRIMARY_EVENT_DATA,False,False,False,True,2011-01-31,1286.1199951171875,2011-02-01,1307.5899658203125,1.6693598408108663,POSITIVE,2011-02-03,1307.0999755859375,1.631261511243231,POSITIVE,2011-02-07,1319.050048828125,2.560418455195311,STRONG_POSITIVE,2011-03-01,1306.3299560546875,1.5713899958190547,POSITIVE,2011-03-02,1308.43994140625,1.73544819875293,POSITIVE,5.839266621392867,1361.219970703125,STRONG_POSITIVE,4.505796612437766,0.23481631128632166,True,Measured from the event-date reference close to subsequent trading-session closes.,True,True,2011-05-02
XOM,Energy,2010-09-30,2010-10-28,1.44,1.39,0.05,3.5971,3.5971223021582768,BEAT,True,,,,,UNKNOWN,True,True,True,Alpha Vantage EARNINGS,primary_event_data,PRIMARY_EVENT_DATA,False,False,False,True,2010-10-28,1183.780029296875,2010-10-29,1183.260009765625,-0.04392872986367863,NEUTRAL,2010-11-02,1193.5699462890625,0.8270047432716344,POSITIVE,2010-11-04,1221.06005859375,3.149236207255335,STRONG_POSITIVE,2010-11-26,1189.4000244140625,0.4747499516887091,POSITIVE,2010-11-29,1187.760009765625,0.3362094620834221,POSITIVE,7.819014870390655,1276.3399658203125,STRONG_POSITIVE,3.6577679709237176,-0.9106446324557418,True,Measured from the event-date reference close to subsequent trading-session closes.,True,True,2011-01-28
XOM,Energy,2010-06-30,2010-07-29,1.6,1.47,0.13,8.8435,8.843537414965995,BEAT,True,,,,,UNKNOWN,True,True,True,Alpha Vantage EARNINGS,primary_event_data,PRIMARY_EVENT_DATA,False,False,False,True,2010-07-29,1101.530029296875,2010-07-30,1101.5999755859375,0.006349921218865716,NEUTRAL,2010-08-03,1120.4599609375,1.7185125359413296,POSITIVE,2010-08-05,1125.81005859375,2.204209476919422,STRONG_POSITIVE,2010-08-26,1047.219970703125,-4.930420156445214,STRONG_NEGATIVE,2010-08-27,1064.5899658203125,-3.3535230537602283,STRONG_NEGATIVE,7.346138527576278,1182.449951171875,STRONG_POSITIVE,2.515588336269664,-5.60130651014314,True,Measured from the event-date reference close to subsequent trading-session closes.,True,True,2010-10-27
XOM,Energy,2010-03-31,2010-04-29,1.37,1.38,-0.01,-0.7246,-0.7246376811594049,IN_LINE,False,,,,,UNKNOWN,True,True,True,Alpha Vantage EARNINGS,primary_event_data,PRIMARY_EVENT_DATA,False,False,False,True,2010-04-29,1206.780029296875,2010-04-30,1186.68994140625,-1.6647680109796317,NEGATIVE,2010-05-04,1173.5999755859375,-2.7494699038290937,STRONG_NEGATIVE,2010-05-06,1128.1500244140625,-6.515686618432517,STRONG_NEGATIVE,2010-05-27,1103.06005859375,-8.594770230292673,STRONG_NEGATIVE,2010-05-28,1089.4100341796875,-9.725881458742121,STRONG_NEGATIVE,-8.72155632715628,1101.530029296875,STRONG_NEGATIVE,0.10026358641391987,-13.755613779647907,True,Measured from the event-date reference close to subsequent trading-session closes.,True,True,2010-07-29
XOM,Energy,2009-12-31,2010-02-01,1.27,1.19,0.08,6.7227,6.722689075630258,BEAT,True,,,,,UNKNOWN,True,True,True,Alpha Vantage EARNINGS,primary_event_data,PRIMARY_EVENT_DATA,False,False,False,True,2010-02-01,1089.18994140625,2010-02-02,1103.3199462890625,1.2972948377185058,POSITIVE,2010-02-04,1063.1099853515625,-2.3944359990155384,STRONG_NEGATIVE,2010-02-08,1056.739990234375,-2.9792738564936583,STRONG_NEGATIVE,2010-03-02,1118.31005859375,2.673557299831754,STRONG_POSITIVE,2010-03-03,1118.7900390625,2.7176249551142018,STRONG_POSITIVE,10.381115732063275,1202.260009765625,STRONG_POSITIVE,3.146376791453296,-4.103043895957297,True,Measured from the event-date reference close to subsequent trading-session closes.,True,True,2010-05-03
XOM,Energy,2009-09-30,2009-10-29,0.98,1.03,-0.05,-4.8544,-4.854368932038839,MISS,False,,,,,UNKNOWN,True,True,True,Alpha Vantage EARNINGS,primary_event_data,PRIMARY_EVENT_DATA,False,False,False,True,2009-10-29,1066.1099853515625,2009-10-30,1036.18994140625,-2.8064687843108427,STRONG_NEGATIVE,2009-11-03,1045.4100341796875,-1.9416337391351741,NEGATIVE,2009-11-05,1066.6300048828125,0.04877728737138855,NEUTRAL,2009-11-27,1091.489990234375,2.3806178754102127,STRONG_POSITIVE,2009-11-30,1095.6300048828125,2.7689469132507396,STRONG_POSITIVE,2.1648757043652123,1089.18994140625,STRONG_POSITIVE,4.462950043470181,-3.445233697594329,True,Measured from the event-date reference close to subsequent trading-session closes.,True,True,2010-02-01
XOM,Energy,2009-06-30,2009-07-30,0.84,1.02,-0.18,-17.6471,-17.647058823529417,LARGE_MISS,False,,,,,UNKNOWN,True,True,True,Alpha Vantage EARNINGS,primary_event_data,PRIMARY_EVENT_DATA,False,False,False,True,2009-07-30,986.75,2009-07-31,987.47998046875,0.07397825880415505,NEUTRAL,2009-08-04,1005.6500244140625,1.9153812428743349,POSITIVE,2009-08-06,997.0800170898438,1.046872773229668,POSITIVE,2009-08-27,1030.97998046875,4.482389710539651,STRONG_POSITIVE,2009-08-28,1028.9300537109375,4.2746444095198886,STRONG_POSITIVE,5.663035711458069,1042.6300048828125,STRONG_POSITIVE,5.168482391689891,-0.835063616354193,True,Measured from the event-date reference close to subsequent trading-session closes.,True,True,2009-10-28
XOM,Energy,2009-03-31,2009-04-30,0.92,0.95,-0.03,-3.1579,-3.1578947368420964,MISS,False,,,,,UNKNOWN,True,True,True,Alpha Vantage EARNINGS,primary_event_data,PRIMARY_EVENT_DATA,False,False,False,True,2009-04-30,872.8099975585938,2009-05-01,877.52001953125,0.5396388659423044,POSITIVE,2009-05-05,903.7999877929688,3.550599823679789,STRONG_POSITIVE,2009-05-07,907.3900146484375,3.9619180791432576,STRONG_POSITIVE,2009-05-29,919.1400146484375,5.308144638516644,STRONG_POSITIVE,2009-06-01,942.8699951171875,8.026947188341579,STRONG_POSITIVE,13.054387869079969,986.75,STRONG_POSITIVE,6.57187538089718,-0.7687838122186256,True,Measured from the event-date reference close to subsequent trading-session closes.,True,True,2009-07-30
XOM,Energy,2008-12-31,2009-01-30,1.55,1.51,0.04,2.649,2.6490066225165587,IN_LINE,True,,,,,UNKNOWN,True,True,True,Alpha Vantage EARNINGS,primary_event_data,PRIMARY_EVENT_DATA,False,False,False,True,2009-01-30,825.8800048828125,2009-02-02,825.4400024414062,-0.05327680035899208,NEUTRAL,2009-02-04,832.22998046875,0.768873873734057,POSITIVE,2009-02-06,868.5999755859375,5.172660731650321,STRONG_POSITIVE,2009-03-02,700.8200073242188,-15.142635348865122,STRONG_NEGATIVE,2009-03-03,696.3300170898438,-15.686296680757048,STRONG_NEGATIVE,6.252726103444642,877.52001953125,STRONG_POSITIVE,5.948806678009326,-15.278247678812063,True,Measured from the event-date reference close to subsequent trading-session closes.,True,True,2009-05-01
XOM,Energy,2008-09-30,2008-10-30,2.59,2.38,0.21,8.8235,8.823529411764705,BEAT,True,,,,,UNKNOWN,True,True,True,Alpha Vantage EARNINGS,primary_event_data,PRIMARY_EVENT_DATA,False,False,False,True,2008-10-30,954.0900268554688,2008-10-31,968.75,1.5365398161479817,POSITIVE,2008-11-04,1005.75,5.4145805626744075,STRONG_POSITIVE,2008-11-06,904.8800048828125,-5.157796495876261,STRONG_NEGATIVE,2008-11-28,896.239990234375,-6.06337295147696,STRONG_NEGATIVE,2008-12-01,816.2100219726562,-14.451466947751607,STRONG_NEGATIVE,-13.484055046469024,825.4400024414062,STRONG_NEGATIVE,5.599050551468412,-22.33227487205417,True,Measured from the event-date reference close to subsequent trading-session closes.,True,True,2009-02-02
XOM,Energy,2008-06-30,2008-07-31,2.27,2.53,-0.26,-10.2767,-10.276679841897224,LARGE_MISS,False,,,,,UNKNOWN,True,True,True,Alpha Vantage EARNINGS,primary_event_data,PRIMARY_EVENT_DATA,False,False,False,True,2008-07-31,1267.3800048828125,2008-08-01,1260.31005859375,-0.5578395005305625,NEGATIVE,2008-08-05,1284.8800048828125,1.380801332873965,POSITIVE,2008-08-07,1266.0699462890625,-0.10336746585102816,NEUTRAL,2008-08-28,1300.6800537109375,2.6274715318081783,STRONG_POSITIVE,2008-08-29,1282.8299560546875,1.2190464669121532,POSITIVE,-26.613168641439238,930.0900268554688,STRONG_NEGATIVE,3.6113887985381385,-1.572539698760698,True,Measured from the event-date reference close to subsequent trading-session closes.,True,True,2008-10-29
XOM,Energy,2008-03-31,2008-05-01,2.03,2.11,-0.08,-3.7915,-3.7914691943128,MISS,False,,,,,UNKNOWN,True,True,True,Alpha Vantage EARNINGS,primary_event_data,PRIMARY_EVENT_DATA,False,False,False,True,2008-05-01,1409.3399658203125,2008-05-02,1413.9000244140625,0.32355987230489114,POSITIVE,2008-05-06,1418.260009765625,0.6329235075740259,POSITIVE,2008-05-08,1397.6800537109375,-0.8273314027952295,NEGATIVE,2008-05-30,1400.3800048828125,-0.6357558257623678,NEGATIVE,2008-06-02,1385.6700439453125,-1.679504055022155,NEGATIVE,-10.072797506659196,1267.3800048828125,STRONG_NEGATIVE,2.1925174310995295,-2.5735465119048744,True,Measured from the event-date reference close to subsequent trading-session closes.,True,True,2008-07-31
XOM,Energy,2007-12-31,2008-02-01,2.13,1.98,0.15,7.5758,7.575757575757572,BEAT,True,,,,,UNKNOWN,True,True,True,Alpha Vantage EARNINGS,primary_event_data,PRIMARY_EVENT_DATA,False,False,False,True,2008-02-01,1395.4200439453125,2008-02-04,1380.8199462890625,-1.0462869384454814,NEGATIVE,2008-02-06,1326.449951171875,-4.942604420274508,STRONG_NEGATIVE,2008-02-08,1331.2900390625,-4.595749155322137,STRONG_NEGATIVE,2008-03-03,1331.3399658203125,-4.592171253597913,STRONG_NEGATIVE,2008-03-04,1326.75,-4.921102018225254,STRONG_NEGATIVE,1.3243310176698482,1413.9000244140625,POSITIVE,-0.0028693197201608463,-5.6377321141873775,True,Measured from the event-date reference close to subsequent trading-session closes.,True,True,2008-05-02
XOM,Energy,2007-09-30,2007-11-01,1.7,1.74,-0.04,-2.2989,-2.2988505747126458,IN_LINE,False,,,,,UNKNOWN,True,True,True,Alpha Vantage EARNINGS,primary_event_data,PRIMARY_EVENT_DATA,False,False,False,True,2007-11-01,1508.43994140625,2007-11-02,1509.6500244140625,0.0802208277967232,NEUTRAL,2007-11-06,1520.27001953125,0.7842591408691655,POSITIVE,2007-11-08,1474.77001953125,-2.232102250197052,STRONG_NEGATIVE,2007-11-30,1481.1400146484375,-1.8098119791472782,NEGATIVE,2007-12-03,1472.4200439453125,-2.3878907255238673,STRONG_NEGATIVE,-8.460396175814145,1380.8199462890625,STRONG_NEGATIVE,0.8174059693424206,-6.784490586009384,True,Measured from the event-date reference close to subsequent trading-session closes.,True,True,2008-02-04
XOM,Energy,2007-06-30,2007-07-26,1.83,1.96,-0.13,-6.6327,-6.6326530612244845,MISS,False,,,,,UNKNOWN,True,True,True,Alpha Vantage EARNINGS,primary_event_data,PRIMARY_EVENT_DATA,False,False,False,True,2007-07-26,1482.6600341796875,2007-07-27,1458.949951171875,-1.5991584355971797,NEGATIVE,2007-07-31,1455.27001953125,-1.8473563741529995,NEGATIVE,2007-08-02,1472.199951171875,-0.7054943659825402,NEGATIVE,2007-08-23,1462.5,-1.3597206180067745,NEGATIVE,2007-08-24,1479.3699951171875,-0.22190110926678364,NEUTRAL,2.2405656008327384,1515.8800048828125,STRONG_POSITIVE,1.431884584418297,-7.55804135880344,True,Measured from the event-date reference close to subsequent trading-session closes.,True,True,2007-10-24
XOM,Energy,2007-03-31,2007-04-26,1.62,1.53,0.09,5.8824,5.8823529411764754,BEAT,True,,,,,UNKNOWN,True,True,True,Alpha Vantage EARNINGS,primary_event_data,PRIMARY_EVENT_DATA,False,False,False,True,2007-04-26,1494.25,2007-04-27,1494.0699462890625,-0.012049771519993308,NEUTRAL,2007-05-01,1486.300048828125,-0.5320362169566671,NEGATIVE,2007-05-03,1502.3900146484375,0.5447558740798059,POSITIVE,2007-05-24,1507.510009765625,0.8874023600886732,POSITIVE,2007-05-25,1515.72998046875,1.4375091496570185,POSITIVE,-0.7756376657395014,1482.6600341796875,NEGATIVE,2.5551315851388656,-1.1745055263928392,True,Measured from the event-date reference close to subsequent trading-session closes.,True,True,2007-07-26
XOM,Energy,2006-12-31,2007-02-01,1.69,1.52,0.17,11.1842,11.184210526315784,LARGE_BEAT,True,,,,,UNKNOWN,True,True,True,Alpha Vantage EARNINGS,primary_event_data,PRIMARY_EVENT_DATA,False,False,False,True,2007-02-01,1445.93994140625,2007-02-02,1448.3900146484375,0.169445021333644,NEUTRAL,2007-02-06,1448.0,0.14247193363691776,NEUTRAL,2007-02-08,1448.31005859375,0.16391532729879088,NEUTRAL,2007-03-02,1387.1700439453125,-4.064477076674485,STRONG_NEGATIVE,2007-03-05,1374.1199951171875,-4.967007565972205,STRONG_NEGATIVE,3.904039969135021,1502.3900146484375,STRONG_POSITIVE,1.0809580975826372,-4.500183197497033,True,Measured from the event-date reference close to subsequent trading-session closes.,True,True,2007-05-03
XOM,Energy,2006-09-30,2006-10-26,1.77,1.59,0.18,11.3208,11.320754716981128,LARGE_BEAT,True,,,,,UNKNOWN,True,True,True,Alpha Vantage EARNINGS,primary_event_data,PRIMARY_EVENT_DATA,False,False,False,True,2006-10-26,1389.0799560546875,2006-10-27,1377.3399658203125,-0.8451630291836707,NEGATIVE,2006-10-31,1377.93994140625,-0.8019707288900599,NEGATIVE,2006-11-02,1367.3399658203125,-1.565063993589085,NEGATIVE,2006-11-24,1400.949951171875,0.854522093235084,POSITIVE,2006-11-27,1381.9599609375,-0.5125691351425121,NEGATIVE,2.860885729518831,1428.8199462890625,STRONG_POSITIVE,1.3541379322162976,-2.0229199524085,True,Measured from the event-date reference close to subsequent trading-session closes.,True,True,2007-01-30
XOM,Energy,2006-06-30,2006-07-27,1.72,1.64,0.08,4.878,4.878048780487809,BEAT,True,,,,,UNKNOWN,True,True,True,Alpha Vantage EARNINGS,primary_event_data,PRIMARY_EVENT_DATA,False,False,False,True,2006-07-27,1263.199951171875,2006-07-28,1278.550048828125,1.2151756055729468,POSITIVE,2006-08-01,1270.9200439453125,0.6111536630662108,POSITIVE,2006-08-03,1280.27001953125,1.3513354195065508,POSITIVE,2006-08-24,1296.06005859375,2.6013385601693986,STRONG_POSITIVE,2006-08-25,1295.0899658203125,2.5245421058521273,STRONG_POSITIVE,9.422104506957487,1382.219970703125,STRONG_POSITIVE,3.110357867418416,-0.1504039278965657,True,Measured from the event-date reference close to subsequent trading-session closes.,True,True,2006-10-25
XOM,Energy,2006-03-31,2006-04-27,1.41,1.46,-0.05,-3.4247,-3.424657534246579,MISS,False,,,,,UNKNOWN,True,True,True,Alpha Vantage EARNINGS,primary_event_data,PRIMARY_EVENT_DATA,False,False,False,True,2006-04-27,1309.719970703125,2006-04-28,1310.6099853515625,0.06795457566090975,NEUTRAL,2006-05-02,1313.2099609375,0.2664684293163365,POSITIVE,2006-05-04,1312.25,0.19317330066493146,NEUTRAL,2006-05-25,1272.8800048828125,-2.8128124060393547,STRONG_NEGATIVE,2006-05-26,1280.1600341796875,-2.2569661595347137,STRONG_NEGATIVE,-3.551905794509315,1263.199951171875,STRONG_NEGATIVE,1.2964588498741663,-4.915554952426205,True,Measured from the event-date reference close to subsequent trading-session closes.,True,True,2006-07-27
XOM,Energy,2005-12-31,2006-01-30,1.65,1.45,0.2,13.7931,13.79310344827586,LARGE_BEAT,True,,,,,UNKNOWN,True,True,True,Alpha Vantage EARNINGS,primary_event_data,PRIMARY_EVENT_DATA,False,False,False,True,2006-01-30,1285.18994140625,2006-01-31,1280.0799560546875,-0.3976054579116277,NEGATIVE,2006-02-02,1270.8399658203125,-1.1165645733451517,NEGATIVE,2006-02-06,1265.02001953125,-1.5694117441450055,NEGATIVE,2006-02-28,1280.6600341796875,-0.35246986306210054,NEGATIVE,2006-03-01,1291.239990234375,0.47075133668608227,POSITIVE,1.5561902062597903,1305.18994140625,POSITIVE,0.9632821176040598,-2.4572209163209626,True,Measured from the event-date reference close to subsequent trading-session closes.,True,True,2006-05-01
XOM,Energy,2005-09-30,2005-10-27,1.32,1.39,-0.07,-5.036,-5.035971223021572,MISS,False,,,,,UNKNOWN,True,True,True,Alpha Vantage EARNINGS,primary_event_data,PRIMARY_EVENT_DATA,False,False,False,True,2005-10-27,1178.9000244140625,2005-10-28,1198.4100341796875,1.6549333583500327,POSITIVE,2005-11-01,1202.760009765625,2.0239193194877916,STRONG_POSITIVE,2005-11-03,1219.93994140625,3.481204185451195,STRONG_POSITIVE,2005-11-25,1268.25,7.579096932358303,STRONG_POSITIVE,2005-11-28,1257.4599609375,6.663833649717957,STRONG_POSITIVE,9.016024666299908,1285.18994140625,STRONG_POSITIVE,7.781829530453327,0.0,True,Measured from the event-date reference close to subsequent trading-session closes.,True,True,2006-01-30
XOM,Energy,2005-06-30,2005-07-28,1.23,1.22,0.01,0.8197,0.8196721311475417,IN_LINE,True,,,,,UNKNOWN,True,True,True,Alpha Vantage EARNINGS,primary_event_data,PRIMARY_EVENT_DATA,False,False,False,True,2005-07-28,1243.719970703125,2005-07-29,1234.1800537109375,-0.7670470215891284,NEGATIVE,2005-08-02,1244.1199951171875,0.03216354352148499,NEUTRAL,2005-08-04,1235.8599853515625,-0.6319738797085435,NEGATIVE,2005-08-25,1212.3699951171875,-2.5206619113958664,STRONG_NEGATIVE,2005-08-26,1205.0999755859375,-3.1052002079981125,STRONG_NEGATIVE,-4.208340064743241,1191.3800048828125,STRONG_NEGATIVE,0.17206563365125216,-2.761873765403805,True,Measured from the event-date reference close to subsequent trading-session closes.,True,True,2005-10-26
XOM,Energy,2005-03-31,2005-04-28,1.15,1.2,-0.05,-4.1667,-4.166666666666671,MISS,False,,,,,UNKNOWN,True,True,True,Alpha Vantage EARNINGS,primary_event_data,PRIMARY_EVENT_DATA,False,False,False,True,2005-04-28,1143.219970703125,2005-04-29,1156.8499755859375,1.1922469194121508,POSITIVE,2005-05-03,1161.1700439453125,1.5701329317355701,POSITIVE,2005-05-05,1172.6300048828125,2.5725612684669232,STRONG_POSITIVE,2005-05-26,1197.6199951171875,4.758491437181976,STRONG_POSITIVE,2005-05-27,1198.780029296875,4.85996221353432,STRONG_POSITIVE,8.790959095841247,1243.719970703125,STRONG_POSITIVE,4.8748256588339585,-0.35251564879472624,True,Measured from the event-date reference close to subsequent trading-session closes.,True,True,2005-07-28
XOM,Energy,2004-12-31,2005-01-31,1.3,1.05,0.25,23.8095,23.809523809523807,LARGE_BEAT,True,,,,,UNKNOWN,True,True,True,Alpha Vantage EARNINGS,primary_event_data,PRIMARY_EVENT_DATA,False,False,False,True,2005-01-31,1181.27001953125,2005-02-01,1189.4100341796875,0.6890900906523988,POSITIVE,2005-02-03,1189.8900146484375,0.7297226692173289,POSITIVE,2005-02-07,1201.719970703125,1.731183457952308,POSITIVE,2005-03-01,1210.4100341796875,2.4668377396051078,STRONG_POSITIVE,2005-03-02,1210.0799560546875,2.4388950914770375,STRONG_POSITIVE,-1.6177491204886163,1162.1600341796875,NEGATIVE,2.638678825300993,-0.02709527492300271,True,Measured from the event-date reference close to subsequent trading-session closes.,True,True,2005-05-02
XOM,Energy,2004-09-30,2004-10-28,0.96,0.87,0.09,10.3448,10.344827586206891,LARGE_BEAT,True,,,,,UNKNOWN,True,True,True,Alpha Vantage EARNINGS,primary_event_data,PRIMARY_EVENT_DATA,False,False,False,True,2004-10-28,1127.43994140625,2004-10-29,1130.199951171875,0.24480326306184028,NEUTRAL,2004-11-02,1130.56005859375,0.27674353842815735,POSITIVE,2004-11-04,1161.6700439453125,3.0360909953542596,STRONG_POSITIVE,2004-11-26,1182.6500244140625,4.896942265407881,STRONG_POSITIVE,2004-11-29,1178.5699462890625,4.5350535319015135,STRONG_POSITIVE,3.895555083007903,1171.3599853515625,STRONG_POSITIVE,5.412263420004444,-0.25011942414823407,True,Measured from the event-date reference close to subsequent trading-session closes.,True,True,2005-01-28
XOM,Energy,2004-06-30,2004-07-29,0.88,0.88,0.0,0.0,0.0,IN_LINE,False,,,,,UNKNOWN,True,True,True,Alpha Vantage EARNINGS,primary_event_data,PRIMARY_EVENT_DATA,False,False,False,True,2004-07-29,1100.4300537109375,2004-07-30,1101.719970703125,0.11721935327352821,NEUTRAL,2004-08-03,1099.68994140625,-0.06725664227286851,NEUTRAL,2004-08-05,1080.699951171875,-1.7929447194328656,NEGATIVE,2004-08-26,1105.0899658203125,0.42346281743765174,POSITIVE,2004-08-27,1107.77001953125,0.6670088476373595,POSITIVE,2.2691102100419505,1125.4000244140625,STRONG_POSITIVE,0.7424299116012772,-3.6085967366939613,True,Measured from the event-date reference close to subsequent trading-session closes.,True,True,2004-10-27
XOM,Energy,2004-03-31,2004-04-29,0.83,0.75,0.08,10.6667,10.666666666666664,LARGE_BEAT,True,,,,,UNKNOWN,True,True,True,Alpha Vantage EARNINGS,primary_event_data,PRIMARY_EVENT_DATA,False,False,False,True,2004-04-29,1113.8900146484375,2004-04-30,1107.300048828125,-0.5916172812081814,NEGATIVE,2004-05-04,1119.550048828125,0.508132230763726,POSITIVE,2004-05-06,1113.989990234375,0.008975355252560909,NEUTRAL,2004-05-27,1121.280029296875,0.6634420410681133,POSITIVE,2004-05-28,1120.6800537109375,0.6095789506330256,POSITIVE,-1.0925714195538032,1101.719970703125,NEGATIVE,1.243388072772049,-3.372870558610111,True,Measured from the event-date reference close to subsequent trading-session closes.,True,True,2004-07-30
XOM,Energy,2003-12-31,2004-01-29,0.68,0.58,0.1,17.2414,17.241379310344847,LARGE_BEAT,True,,,,,UNKNOWN,True,True,True,Alpha Vantage EARNINGS,primary_event_data,PRIMARY_EVENT_DATA,False,False,False,True,2004-01-29,1134.1099853515625,2004-01-30,1131.1300048828125,-0.2627593890575116,NEGATIVE,2004-02-03,1136.030029296875,0.1692996243849582,NEUTRAL,2004-02-05,1128.5899658203125,-0.4867270020146106,NEGATIVE,2004-02-27,1144.93994140625,0.9549299622232251,POSITIVE,2004-03-01,1155.969970703125,1.9275013564743573,POSITIVE,-1.782893278808141,1113.8900146484375,NEGATIVE,2.1929085748661366,-0.852654863303658,True,Measured from the event-date reference close to subsequent trading-session closes.,True,True,2004-04-29
XOM,Energy,2003-09-30,2003-10-30,0.55,0.62,-0.07,-11.2903,-11.290322580645157,LARGE_MISS,False,,,,,UNKNOWN,True,True,True,Alpha Vantage EARNINGS,primary_event_data,PRIMARY_EVENT_DATA,False,False,False,True,2003-10-30,1046.93994140625,2003-10-31,1050.7099609375,0.36009893043015523,POSITIVE,2003-11-04,1053.25,0.602714477133648,POSITIVE,2003-11-06,1058.050048828125,1.0611981626139795,POSITIVE,2003-11-28,1058.199951171875,1.0755163042591107,POSITIVE,2003-12-01,1070.1199951171875,2.214076738709772,STRONG_POSITIVE,8.43602052671173,1135.260009765625,STRONG_POSITIVE,1.596088022524722,-1.5034281921877046,True,Measured from the event-date reference close to subsequent trading-session closes.,True,True,2004-02-02
XOM,Energy,2003-06-30,2003-07-31,0.62,0.56,0.06,10.7143,10.714285714285705,LARGE_BEAT,True,,,,,UNKNOWN,True,True,True,Alpha Vantage EARNINGS,primary_event_data,PRIMARY_EVENT_DATA,False,False,False,True,2003-07-31,990.3099975585938,2003-08-01,980.1500244140625,-1.0259386625984368,NEGATIVE,2003-08-05,965.4600219726562,-2.5093128058082845,STRONG_NEGATIVE,2003-08-07,974.1199951171875,-1.634841865811653,NEGATIVE,2003-08-28,1002.8400268554688,1.2652633344877076,POSITIVE,2003-08-29,1008.010009765625,1.7873203593487899,POSITIVE,5.836555011608765,1048.1099853515625,STRONG_POSITIVE,2.090255804552401,-2.975832898362853,True,Measured from the event-date reference close to subsequent trading-session closes.,True,True,2003-10-29
XOM,Energy,2003-03-31,2003-05-01,0.71,0.69,0.02,2.8986,2.898550724637684,IN_LINE,True,,,,,UNKNOWN,True,True,True,Alpha Vantage EARNINGS,primary_event_data,PRIMARY_EVENT_DATA,False,False,False,True,2003-05-01,916.2999877929688,2003-05-02,930.0800170898438,1.5038774943199602,POSITIVE,2003-05-06,934.3900146484375,1.9742472003127496,POSITIVE,2003-05-08,920.27001953125,0.4332676842923029,POSITIVE,2003-05-30,963.5900268554688,5.160977812125087,STRONG_POSITIVE,2003-06-02,967.0,5.533123745766823,STRONG_POSITIVE,8.077050174789155,990.3099975585938,STRONG_POSITIVE,5.356326284371076,-0.4638218985723981,True,Measured from the event-date reference close to subsequent trading-session closes.,True,True,2003-07-31
XOM,Energy,2002-12-31,2003-01-30,0.56,0.5,0.06,12.0,12.00000000000001,LARGE_BEAT,True,,,,,UNKNOWN,True,True,True,Alpha Vantage EARNINGS,primary_event_data,PRIMARY_EVENT_DATA,False,False,False,True,2003-01-30,844.6099853515625,2003-01-31,855.7000122070312,1.313035252697446,POSITIVE,2003-02-04,848.2000122070312,0.4250514341213274,POSITIVE,2003-02-06,838.1500244140625,-0.7648454374845084,NEGATIVE,2003-02-28,841.1500244140625,-0.40965191005406093,NEGATIVE,2003-03-03,834.8099975585938,-1.1602974109866317,NEGATIVE,8.487941616220157,916.2999877929688,STRONG_POSITIVE,2.371512253497412,-4.53700619088328,True,Measured from the event-date reference close to subsequent trading-session closes.,True,True,2003-05-01
XOM,Energy,2002-09-30,2002-10-31,0.44,0.42,0.02,4.7619,4.761904761904766,BEAT,True,,,,,UNKNOWN,True,True,True,Alpha Vantage EARNINGS,primary_event_data,PRIMARY_EVENT_DATA,False,False,False,True,2002-10-31,885.760009765625,2002-11-01,900.9600219726562,1.7160418216502258,POSITIVE,2002-11-05,915.3900146484375,3.3451504421217546,STRONG_POSITIVE,2002-11-07,902.6500244140625,1.9068386992213222,POSITIVE,2002-11-29,936.3099975585938,5.706962070498581,STRONG_POSITIVE,2002-12-02,934.530029296875,5.506008285941324,STRONG_POSITIVE,-2.872110070552605,860.3200073242188,STRONG_NEGATIVE,6.32902783378394,-1.5478258017410345,True,Measured from the event-date reference close to subsequent trading-session closes.,True,True,2003-02-03
XOM,Energy,2002-06-30,2002-08-01,0.39,0.45,-0.06,-13.3333,-13.333333333333334,LARGE_MISS,False,,,,,UNKNOWN,True,True,True,Alpha Vantage EARNINGS,primary_event_data,PRIMARY_EVENT_DATA,False,False,False,True,2002-08-01,884.6599731445312,2002-08-02,864.239990234375,-2.308229549210105,STRONG_NEGATIVE,2002-08-06,859.5700073242188,-2.836114053078496,STRONG_NEGATIVE,2002-08-08,905.4600219726562,2.3511913570805123,STRONG_POSITIVE,2002-08-29,917.7999877929688,3.7460737067871444,STRONG_POSITIVE,2002-08-30,916.0700073242188,3.550520554020351,STRONG_POSITIVE,0.683884092395415,890.7100219726562,POSITIVE,9.081458333635178,-5.78979181357818,True,Measured from the event-date reference close to subsequent trading-session closes.,True,True,2002-10-30
XOM,Energy,2002-03-31,2002-04-23,0.31,0.39,-0.08,-20.5128,-20.512820512820515,LARGE_MISS,False,,,,,UNKNOWN,True,True,True,Alpha Vantage EARNINGS,primary_event_data,PRIMARY_EVENT_DATA,False,False,False,True,2002-04-23,1100.9599609375,2002-04-24,1093.1400146484375,-0.7102843487971701,NEGATIVE,2002-04-26,1076.3199462890625,-2.2380482054457094,STRONG_NEGATIVE,2002-04-30,1076.9200439453125,-2.1835414406639093,STRONG_NEGATIVE,2002-05-21,1079.8800048828125,-1.9146887082739408,NEGATIVE,2002-05-22,1086.02001953125,-1.35699225551565,NEGATIVE,-27.5450479118454,797.7000122070312,STRONG_NEGATIVE,0.6812236835219264,-4.723150872418691,True,Measured from the event-date reference close to subsequent trading-session closes.,True,True,2002-07-23
XOM,Energy,2001-12-31,2002-01-23,0.42,0.38,0.04,10.5263,10.52631578947368,LARGE_BEAT,True,,,,,UNKNOWN,True,True,True,Alpha Vantage EARNINGS,primary_event_data,PRIMARY_EVENT_DATA,False,False,False,True,2002-01-23,1128.1800537109375,2002-01-24,1132.1500244140625,0.3518915877006089,POSITIVE,2002-01-28,1133.06005859375,0.4325555009380494,POSITIVE,2002-01-30,1113.5699462890625,-1.2950155760880349,NEGATIVE,2002-02-21,1080.949951171875,-4.186397586423187,STRONG_NEGATIVE,2002-02-22,1089.8399658203125,-3.398401502004263,STRONG_NEGATIVE,-3.1058906729685867,1093.1400146484375,STRONG_NEGATIVE,1.003381175888339,-4.770521175440386,True,Measured from the event-date reference close to subsequent trading-session closes.,True,True,2002-04-24
XOM,Energy,2001-09-30,2001-10-23,0.48,0.5,-0.02,-4.0,-4.000000000000004,MISS,False,,,,,UNKNOWN,True,True,True,Alpha Vantage EARNINGS,primary_event_data,PRIMARY_EVENT_DATA,False,False,False,True,2001-10-23,1084.780029296875,2001-10-24,1085.199951171875,0.03871032501143867,NEUTRAL,2001-10-26,1104.6099853515625,1.8280163276549937,POSITIVE,2001-10-30,1059.7900390625,-2.3036919522359605,STRONG_NEGATIVE,2001-11-20,1142.6600341796875,5.335644399752524,STRONG_POSITIVE,2001-11-21,1137.030029296875,4.8166447195628255,STRONG_POSITIVE,4.3667834803237895,1132.1500244140625,STRONG_POSITIVE,6.238123863587516,-2.8733976569900608,True,Measured from the event-date reference close to subsequent trading-session closes.,True,True,2002-01-24
XOM,Energy,2001-06-30,2001-07-24,0.64,0.66,-0.02,-3.0303,-3.030303030303033,MISS,False,,,,,UNKNOWN,True,True,True,Alpha Vantage EARNINGS,primary_event_data,PRIMARY_EVENT_DATA,False,False,False,True,2001-07-24,1171.6500244140625,2001-07-25,1190.489990234375,1.6079857831039854,POSITIVE,2001-07-27,1205.8199462890625,2.9163932200733953,STRONG_POSITIVE,2001-07-31,1211.22998046875,3.378138115473627,STRONG_POSITIVE,2001-08-21,1157.260009765625,-1.2281837023503575,NEGATIVE,2001-08-22,1165.31005859375,-0.5411142993389252,NEGATIVE,-5.721848475702158,1104.6099853515625,STRONG_NEGATIVE,4.6618012187131335,-1.3297552853115446,True,Measured from the event-date reference close to subsequent trading-session closes.,True,True,2001-10-26
XOM,Energy,2001-03-31,2001-04-23,0.72,0.66,0.06,9.0909,9.09090909090908,BEAT,True,,,,,UNKNOWN,True,True,True,Alpha Vantage EARNINGS,primary_event_data,PRIMARY_EVENT_DATA,False,False,False,True,2001-04-23,1224.3599853515625,2001-04-24,1209.469970703125,-1.216146789064001,NEGATIVE,2001-04-26,1234.52001953125,0.8298240959557455,POSITIVE,2001-04-30,1249.4599609375,2.0500486692016726,STRONG_POSITIVE,2001-05-21,1312.8299560546875,7.225813630108284,STRONG_POSITIVE,2001-05-22,1309.3800048828125,6.944037746123937,STRONG_POSITIVE,-2.7222350006086766,1191.030029296875,STRONG_NEGATIVE,7.235614270330372,-1.3868454271538753,True,Measured from the event-date reference close to subsequent trading-session closes.,True,True,2001-07-23
XOM,Energy,2000-12-31,2001-01-23,0.73,0.65,0.08,12.3077,12.3076923076923,LARGE_BEAT,True,,,,,UNKNOWN,True,True,True,Alpha Vantage EARNINGS,primary_event_data,PRIMARY_EVENT_DATA,False,False,False,True,2001-01-23,1360.4000244140625,2001-01-24,1364.300048828125,0.28668217760009806,POSITIVE,2001-01-26,1354.949951171875,-0.40062284213313654,NEGATIVE,2001-01-30,1373.72998046875,0.979855617132089,POSITIVE,2001-02-21,1255.27001953125,-7.727874374898884,STRONG_NEGATIVE,2001-02-22,1252.8199462890625,-7.907973845511786,STRONG_NEGATIVE,-11.094534769355398,1209.469970703125,STRONG_NEGATIVE,1.6884717943913878,-7.882974736093841,True,Measured from the event-date reference close to subsequent trading-session closes.,True,True,2001-04-24
XOM,Energy,2000-09-30,2000-10-24,0.61,0.57,0.04,7.0175,7.0175438596491295,BEAT,True,,,,,UNKNOWN,True,True,True,Alpha Vantage EARNINGS,primary_event_data,PRIMARY_EVENT_DATA,False,False,False,True,2000-10-24,1398.1300048828125,2000-10-25,1364.9000244140625,-2.3767446770112945,STRONG_NEGATIVE,2000-10-27,1379.5799560546875,-1.3267756763205876,NEGATIVE,2000-10-31,1429.4000244140625,2.23656022129866,STRONG_POSITIVE,2000-11-21,1347.3499755859375,-3.63199624638134,STRONG_NEGATIVE,2000-11-22,1322.3599853515625,-5.419382980597776,STRONG_NEGATIVE,-2.90530887509221,1357.510009765625,STRONG_NEGATIVE,2.8845640901661254,-4.971641372609777,True,Measured from the event-date reference close to subsequent trading-session closes.,True,True,2001-01-25
XOM,Energy,2000-06-30,2000-07-25,0.59,0.53,0.06,11.3208,11.32075471698112,LARGE_BEAT,True,,,,,UNKNOWN,True,True,True,Alpha Vantage EARNINGS,primary_event_data,PRIMARY_EVENT_DATA,False,False,False,True,2000-07-25,1474.469970703125,2000-07-26,1452.4200439453125,-1.495447665665082,NEGATIVE,2000-07-28,1419.8900146484375,-3.7016661674472866,STRONG_NEGATIVE,2000-08-01,1438.0999755859375,-2.4666487510657054,STRONG_NEGATIVE,2000-08-22,1498.1300048828125,1.6046467306760293,POSITIVE,2000-08-23,1505.969970703125,2.136360904317279,STRONG_POSITIVE,-5.336829028042221,1395.780029296875,STRONG_NEGATIVE,2.304555612790547,-4.108592053983911,True,Measured from the event-date reference close to subsequent trading-session closes.,True,True,2000-10-23
XOM,Energy,2000-03-31,2000-04-25,0.48,0.44,0.04,9.0909,9.090909090909086,BEAT,True,,,,,UNKNOWN,True,True,True,Alpha Vantage EARNINGS,primary_event_data,PRIMARY_EVENT_DATA,False,False,False,True,2000-04-25,1477.43994140625,2000-04-26,1460.989990234375,-1.113409128239601,NEGATIVE,2000-04-28,1452.4300537109375,-1.6927854049693352,NEGATIVE,2000-05-02,1446.2900390625,-2.108370125292609,STRONG_NEGATIVE,2000-05-23,1373.8599853515625,-7.01077269889553,STRONG_NEGATIVE,2000-05-24,1399.050048828125,-5.305792159883826,STRONG_NEGATIVE,-0.20102141683662186,1474.469970703125,NEUTRAL,0.3722655551578642,-7.357995265379667,True,Measured from the event-date reference close to subsequent trading-session closes.,True,True,2000-07-25
XOM,Energy,1999-12-31,2000-01-25,0.39,0.38,0.01,2.6316,2.6315789473684235,IN_LINE,True,,,,,UNKNOWN,True,True,True,Alpha Vantage EARNINGS,primary_event_data,PRIMARY_EVENT_DATA,False,False,False,True,2000-01-25,1410.030029296875,2000-01-26,1404.0899658203125,-0.4212721256386695,NEGATIVE,2000-01-28,1360.1600341796875,-3.5368037616940433,STRONG_NEGATIVE,2000-02-01,1409.280029296875,-0.053190356546803104,NEUTRAL,2000-02-23,1360.68994140625,-3.4992224892705948,STRONG_NEGATIVE,2000-02-24,1353.4300537109375,-4.014097175941822,STRONG_NEGATIVE,4.7807430131817545,1477.43994140625,STRONG_POSITIVE,2.4481761958263926,-5.542436883633801,True,Measured from the event-date reference close to subsequent trading-session closes.,True,True,2000-04-25
XOM,Energy,1999-09-30,1999-10-25,0.31,0.3,0.01,3.3333,3.3333333333333366,BEAT,True,,,,,UNKNOWN,True,True,True,Alpha Vantage EARNINGS,primary_event_data,PRIMARY_EVENT_DATA,False,False,False,True,1999-10-25,1293.6300048828125,1999-10-26,1281.9100341796875,-0.9059754844034164,NEGATIVE,1999-10-28,1342.43994140625,3.7730986711195755,STRONG_POSITIVE,1999-11-01,1354.1199951171875,4.675988497951907,STRONG_POSITIVE,1999-11-22,1420.93994140625,9.841294345593838,STRONG_POSITIVE,1999-11-23,1404.6400146484375,8.581279759020525,STRONG_POSITIVE,8.997937893733916,1410.030029296875,STRONG_POSITIVE,10.179112513926743,-1.0165212900464329,True,Measured from the event-date reference close to subsequent trading-session closes.,True,True,2000-01-25
XOM,Energy,1999-06-30,1999-07-21,0.25,0.27,-0.02,-7.4074,-7.407407407407414,MISS,False,,,,,UNKNOWN,True,True,True,Alpha Vantage EARNINGS,primary_event_data,PRIMARY_EVENT_DATA,False,False,False,True,1999-07-21,1379.2900390625,1999-07-22,1360.969970703125,-1.3282245097504732,NEGATIVE,1999-07-26,1347.760009765625,-2.2859607772057777,STRONG_NEGATIVE,1999-07-28,1365.4000244140625,-1.0070408873450944,NEGATIVE,1999-08-18,1332.8399658203125,-3.3676798879631944,STRONG_NEGATIVE,1999-08-19,1323.5899658203125,-4.0383147608349805,STRONG_NEGATIVE,-8.552957639976976,1261.3199462890625,STRONG_NEGATIVE,0.0,-8.088223320279837,True,Measured from the event-date reference close to subsequent trading-session closes.,True,True,1999-10-19
XOM,Energy,1999-03-31,1999-04-21,0.24,0.23,0.01,4.3478,4.3478260869565135,BEAT,True,,,,,UNKNOWN,True,True,True,Alpha Vantage EARNINGS,primary_event_data,PRIMARY_EVENT_DATA,False,False,False,True,1999-04-21,1336.1199951171875,1999-04-22,1358.8199462890625,1.6989455479172026,POSITIVE,1999-04-26,1360.0400390625,1.790261655594379,POSITIVE,1999-04-28,1350.9100341796875,1.1069394303318398,POSITIVE,1999-05-19,1344.22998046875,0.6069803147322255,POSITIVE,1999-05-20,1338.8299560546875,0.20282317062864677,NEUTRAL,3.2310005166509144,1379.2900390625,STRONG_POSITIVE,2.983263890760537,-1.6121335764165987,True,Measured from the event-date reference close to subsequent trading-session closes.,True,True,1999-07-21
XOM,Energy,1998-12-31,1999-01-21,0.31,0.3,0.01,3.3333,3.3333333333333366,BEAT,True,,,,,UNKNOWN,True,True,True,Alpha Vantage EARNINGS,primary_event_data,PRIMARY_EVENT_DATA,False,False,False,True,1999-01-21,1235.1600341796875,1999-01-22,1225.18994140625,-0.8071903638024511,NEGATIVE,1999-01-26,1252.31005859375,1.388486021202299,POSITIVE,1999-01-28,1265.3699951171875,2.4458337463585016,STRONG_POSITIVE,1999-02-19,1239.219970703125,0.3286972061182213,POSITIVE,1999-02-22,1272.1400146484375,2.9939424402854553,STRONG_POSITIVE,10.011651015854138,1358.8199462890625,STRONG_POSITIVE,3.9339004238898303,-1.8839679788299195,True,Measured from the event-date reference close to subsequent trading-session closes.,True,True,1999-04-22
XOM,Energy,1998-09-30,1998-10-21,0.29,0.29,0.0,0.0,0.0,IN_LINE,False,,,,,UNKNOWN,True,True,True,Alpha Vantage EARNINGS,primary_event_data,PRIMARY_EVENT_DATA,False,False,False,True,1998-10-21,1069.9200439453125,1998-10-22,1078.47998046875,0.8000538518628808,POSITIVE,1998-10-26,1072.3199462890625,0.22430670005025793,NEUTRAL,1998-10-28,1068.0899658203125,-0.1710481204045507,NEUTRAL,1998-11-18,1144.47998046875,6.968739107690605,STRONG_POSITIVE,1998-11-19,1152.6099853515625,7.728609429666558,STRONG_POSITIVE,14.51228980516921,1225.18994140625,STRONG_POSITIVE,7.64448871250122,-0.9598866372649186,True,Measured from the event-date reference close to subsequent trading-session closes.,True,True,1999-01-22
XOM,Energy,1998-06-30,1998-07-21,0.33,0.32,0.01,3.125,3.1250000000000027,BEAT,True,,,,,UNKNOWN,True,True,True,Alpha Vantage EARNINGS,primary_event_data,PRIMARY_EVENT_DATA,False,False,False,True,1998-07-21,1165.0699462890625,1998-07-22,1164.0799560546875,-0.08497260078918696,NEUTRAL,1998-07-24,1140.800048828125,-2.0831279304938795,STRONG_NEGATIVE,1998-07-28,1130.239990234375,-2.9895163089243337,STRONG_NEGATIVE,1998-08-18,1101.199951171875,-5.482073872098738,STRONG_NEGATIVE,1998-08-19,1098.06005859375,-5.751576367474751,STRONG_NEGATIVE,-8.813198895712425,1062.3900146484375,STRONG_NEGATIVE,0.22317094905174875,-9.533328590514104,True,Measured from the event-date reference close to subsequent trading-session closes.,True,True,1998-10-19
XOM,Energy,1998-03-31,1998-04-21,0.38,0.34,0.04,11.7647,11.764705882352937,LARGE_BEAT,True,,,,,UNKNOWN,True,True,True,Alpha Vantage EARNINGS,primary_event_data,PRIMARY_EVENT_DATA,False,False,False,True,1998-04-21,1126.6700439453125,1998-04-22,1130.5400390625,0.34348966123531244,POSITIVE,1998-04-24,1107.9000244140625,-1.6659730710086296,NEGATIVE,1998-04-28,1085.1099853515625,-3.688751539733605,STRONG_NEGATIVE,1998-05-19,1109.52001953125,-1.522186953156886,NEGATIVE,1998-05-20,1119.06005859375,-0.6754404621351485,NEGATIVE,3.4082651393910584,1165.0699462890625,STRONG_POSITIVE,0.5600518587803847,-4.435202040027169,True,Measured from the event-date reference close to subsequent trading-session closes.,True,True,1998-07-21
XOM,Energy,1997-12-31,1998-01-21,0.5,0.37,0.13,35.1351,35.13513513513514,LARGE_BEAT,True,,,,,UNKNOWN,True,True,True,Alpha Vantage EARNINGS,primary_event_data,PRIMARY_EVENT_DATA,False,False,False,True,1998-01-21,970.8099975585938,1998-01-22,963.0399780273438,-0.8003645976854535,NEGATIVE,1998-01-26,956.9500122070312,-1.427672292870673,NEGATIVE,1998-01-28,977.4600219726562,0.684997520708076,POSITIVE,1998-02-19,1028.280029296875,5.919802214934712,STRONG_POSITIVE,1998-02-20,1034.2099609375,6.530625306532209,STRONG_POSITIVE,16.453275296463524,1130.5400390625,STRONG_POSITIVE,6.398786200035446,-2.05498627509006,True,Measured from the event-date reference close to subsequent trading-session closes.,True,True,1998-04-22
XOM,Energy,1997-09-30,1997-10-21,0.37,0.35,0.02,5.7143,5.71428571428572,BEAT,True,,,,,UNKNOWN,True,True,True,Alpha Vantage EARNINGS,primary_event_data,PRIMARY_EVENT_DATA,False,False,False,True,1997-10-21,972.280029296875,1997-10-22,968.489990234375,-0.38980941172275724,NEGATIVE,1997-10-24,941.6400146484375,-3.1513569882326475,STRONG_NEGATIVE,1997-10-28,921.8499755859375,-5.186782839446684,STRONG_NEGATIVE,1997-11-18,938.22998046875,-3.5020825073152038,STRONG_NEGATIVE,1997-11-19,944.5900268554688,-2.8479452016957363,STRONG_NEGATIVE,-0.9503487669301807,963.0399780273438,NEGATIVE,0.0339363192439646,-12.034599728459225,True,Measured from the event-date reference close to subsequent trading-session closes.,True,True,1998-01-22
XOM,Energy,1997-06-30,1997-07-21,0.4,0.35,0.05,14.2857,14.2857142857143,LARGE_BEAT,True,,,,,UNKNOWN,True,True,True,Alpha Vantage EARNINGS,primary_event_data,PRIMARY_EVENT_DATA,False,False,False,True,1997-07-21,912.9400024414062,1997-07-22,933.97998046875,2.3046397321924914,STRONG_POSITIVE,1997-07-24,940.2999877929688,2.996909465944724,STRONG_POSITIVE,1997-07-28,936.4500122070312,2.5751976803244423,STRONG_POSITIVE,1997-08-18,912.489990234375,-0.049292637613404654,NEUTRAL,1997-08-19,926.010009765625,1.4316392412717835,POSITIVE,3.4197176834880496,944.1599731445312,STRONG_POSITIVE,5.611538582135688,-2.1469073031659005,True,Measured from the event-date reference close to subsequent trading-session closes.,True,True,1997-10-17
XOM,Energy,1997-03-31,1997-04-21,0.44,0.41,0.03,7.3171,7.317073170731714,BEAT,True,,,,,UNKNOWN,True,True,True,Alpha Vantage EARNINGS,primary_event_data,PRIMARY_EVENT_DATA,False,False,False,True,1997-04-21,760.3699951171875,1997-04-22,774.6099853515625,1.8727711937371156,POSITIVE,1997-04-24,771.1799926757812,1.421675977223131,POSITIVE,1997-04-28,772.9600219726562,1.6557763899571531,POSITIVE,1997-05-19,833.27001953125,9.58744096718693,STRONG_POSITIVE,1997-05-20,841.6599731445312,10.690845055612092,STRONG_POSITIVE,20.065232492597872,912.9400024414062,STRONG_POSITIVE,10.794746980671384,-0.061808159993552686,True,Measured from the event-date reference close to subsequent trading-session closes.,True,True,1997-07-21
XOM,Energy,1996-12-31,1997-01-21,0.42,0.38,0.04,10.5263,10.52631578947368,LARGE_BEAT,True,,,,,UNKNOWN,True,True,True,Alpha Vantage EARNINGS,primary_event_data,PRIMARY_EVENT_DATA,False,False,False,True,1997-01-21,782.719970703125,1997-01-22,786.22998046875,0.44843748684116547,POSITIVE,1997-01-24,770.52001953125,-1.5586610318522554,NEGATIVE,1997-01-28,765.02001953125,-2.261338899526859,STRONG_NEGATIVE,1997-02-19,812.489990234375,3.8034061536091,STRONG_POSITIVE,1997-02-20,802.7999877929688,2.565415198465637,STRONG_POSITIVE,-1.0361285843105832,774.6099853515625,NEGATIVE,4.466478853382433,-2.679115327067415,True,Measured from the event-date reference close to subsequent trading-session closes.,True,True,1997-04-22
XOM,Energy,1996-09-30,1996-10-21,0.31,0.3,0.01,3.3333,3.3333333333333366,BEAT,True,,,,,UNKNOWN,True,True,True,Alpha Vantage EARNINGS,primary_event_data,PRIMARY_EVENT_DATA,False,False,False,True,1996-10-21,709.8499755859375,1996-10-22,706.5700073242188,-0.462064996059391,NEGATIVE,1996-10-24,702.2899780273438,-1.0650134279927865,NEGATIVE,1996-10-28,697.260009765625,-1.7736093897756717,NEGATIVE,1996-11-18,737.02001953125,3.8275755271929537,STRONG_POSITIVE,1996-11-19,742.1599731445312,4.551665657510777,STRONG_POSITIVE,10.265548724860883,782.719970703125,STRONG_POSITIVE,4.517857072228104,-1.9201247237575474,True,Measured from the event-date reference close to subsequent trading-session closes.,True,True,1997-01-21
XOM,Energy,1996-06-30,1996-07-22,0.32,0.33,-0.01,-3.0303,-3.030303030303033,MISS,False,,,,,UNKNOWN,True,True,True,Alpha Vantage EARNINGS,primary_event_data,PRIMARY_EVENT_DATA,False,False,False,True,1996-07-22,633.77001953125,1996-07-23,626.8699951171875,-1.0887268569702786,NEGATIVE,1996-07-25,631.1699829101562,-0.41024922936821673,NEGATIVE,1996-07-29,630.9099731445312,-0.4512751153540053,NEGATIVE,1996-08-19,666.5800170898438,5.1769563954541,STRONG_POSITIVE,1996-08-20,665.6900024414062,5.036524595114954,STRONG_POSITIVE,12.15740496054966,710.8200073242188,STRONG_POSITIVE,5.262157337547122,-2.7360124841963667,True,Measured from the event-date reference close to subsequent trading-session closes.,True,True,1996-10-18
XOM,Energy,1996-03-31,1996-04-22,0.35,0.33,0.02,6.0606,6.060606060606049,BEAT,True,,,,,UNKNOWN,True,True,True,Alpha Vantage EARNINGS,primary_event_data,PRIMARY_EVENT_DATA,False,False,False,True,1996-04-22,647.8900146484375,1996-04-23,651.5800170898438,0.5695414897555636,POSITIVE,1996-04-25,652.8699951171875,0.7686459670862917,POSITIVE,1996-04-29,654.1599731445312,0.9677504444170201,POSITIVE,1996-05-20,673.1500244140625,3.8988114023229326,STRONG_POSITIVE,1996-05-21,672.760009765625,3.838613739198099,STRONG_POSITIVE,-2.179381499628357,633.77001953125,STRONG_NEGATIVE,3.977520553403994,-2.7504679685314124,True,Measured from the event-date reference close to subsequent trading-session closes.,True,True,1996-07-22
CAT,Industrials,2026-06-30,2026-08-04,8.17,6.25,1.92,30.72,30.72,LARGE_BEAT,True,,,,,UNKNOWN,True,True,True,Alpha Vantage EARNINGS,primary_event_data,PRIMARY_EVENT_DATA,False,False,False,True,2026-08-04,7736.52001953125,2026-08-05,7723.5498046875,-0.1676492119325745,NEUTRAL,2026-08-07,7757.64013671875,0.27299247121678943,POSITIVE,2026-08-11,7728.2001953125,-0.1075396198516409,NEUTRAL,2026-09-01,7631.47021484375,-1.3578431183826354,NEGATIVE,2026-09-02,7666.60009765625,-0.9037645052101396,NEGATIVE,,,UNAVAILABLE,1.0363855529208346,-1.619847475381354,True,Measured from the event-date reference close to subsequent trading-session closes.,True,True,
CAT,Industrials,2026-03-31,2026-04-30,5.54,4.64,0.9,19.3966,19.39655172413794,LARGE_BEAT,True,,,,,UNKNOWN,True,True,True,Alpha Vantage EARNINGS,primary_event_data,PRIMARY_EVENT_DATA,False,False,False,True,2026-04-30,7209.009765625,2026-05-01,7230.1201171875,0.29283288896571213,POSITIVE,2026-05-05,7259.22021484375,0.6964957858452409,POSITIVE,2026-05-07,7337.10986328125,1.7769444323279273,POSITIVE,2026-05-29,7580.06005859375,5.147035515724275,STRONG_POSITIVE,2026-06-01,7599.9599609375,5.423077621238397,STRONG_POSITIVE,3.8938836032276236,7489.72021484375,STRONG_POSITIVE,5.4150310497416285,-0.48397282805560426,True,Measured from the event-date reference close to subsequent trading-session closes.,True,True,2026-07-31
CAT,Industrials,2025-12-31,2026-01-29,5.16,4.71,0.45,9.5541,9.55414012738854,BEAT,True,,,,,UNKNOWN,True,True,True,Alpha Vantage EARNINGS,primary_event_data,PRIMARY_EVENT_DATA,False,False,False,True,2026-01-29,6969.009765625,2026-01-30,6939.02978515625,-0.4301899620894176,NEGATIVE,2026-02-03,6917.81005859375,-0.7346769304843738,NEGATIVE,2026-02-05,6798.39990234375,-2.448122029083557,STRONG_NEGATIVE,2026-02-27,6878.8798828125,-1.2932954012644708,NEGATIVE,2026-03-02,6881.6201171875,-1.2539751180799594,NEGATIVE,3.4438178173291187,7209.009765625,STRONG_POSITIVE,0.3511290078032405,-2.77671824452732,True,Measured from the event-date reference close to subsequent trading-session closes.,True,True,2026-04-30
CAT,Industrials,2025-09-30,2025-10-29,4.95,4.52,0.43,9.5133,9.5132743362832,BEAT,True,,,,,UNKNOWN,True,True,True,Alpha Vantage EARNINGS,primary_event_data,PRIMARY_EVENT_DATA,False,False,False,True,2025-10-29,6890.58984375,2025-10-30,6822.33984375,-0.9904812439519249,NEGATIVE,2025-11-03,6851.97021484375,-0.5604691293776443,NEGATIVE,2025-11-05,6796.2900390625,-1.3685302249274514,NEGATIVE,2025-11-26,6812.60986328125,-1.1316880301543488,NEGATIVE,2025-11-28,6849.08984375,-0.602270646505566,NEGATIVE,0.7029868633116608,6939.02978515625,POSITIVE,-0.12001903637830352,-5.350339089031634,True,Measured from the event-date reference close to subsequent trading-session closes.,True,True,2026-01-30
CAT,Industrials,2025-06-30,2025-08-05,4.72,4.9,-0.18,-3.6735,-3.673469387755114,MISS,False,,,,,UNKNOWN,True,True,True,Alpha Vantage EARNINGS,primary_event_data,PRIMARY_EVENT_DATA,False,False,False,True,2025-08-05,6299.18994140625,2025-08-06,6345.06005859375,0.7281907295092583,POSITIVE,2025-08-08,6389.4501953125,1.4328866845710646,POSITIVE,2025-08-12,6445.759765625,2.3268043285265554,STRONG_POSITIVE,2025-09-03,6448.259765625,2.3664919712751384,STRONG_POSITIVE,2025-09-04,6502.080078125,3.220892505321981,STRONG_POSITIVE,8.775418404260654,6851.97021484375,STRONG_POSITIVE,3.318522556184951,0.030478869392076006,True,Measured from the event-date reference close to subsequent trading-session closes.,True,True,2025-11-03
CAT,Industrials,2025-03-31,2025-04-30,4.25,4.34,-0.09,-2.0737,-2.0737327188940062,IN_LINE,False,,,,,UNKNOWN,True,True,True,Alpha Vantage EARNINGS,primary_event_data,PRIMARY_EVENT_DATA,False,False,False,True,2025-04-30,5569.06005859375,2025-05-01,5604.14013671875,0.6299102138585683,POSITIVE,2025-05-05,5650.3798828125,1.4602073485141076,POSITIVE,2025-05-07,5631.27978515625,1.1172392810971261,POSITIVE,2025-05-29,5912.169921875,6.1610013120937515,STRONG_POSITIVE,2025-05-30,5911.68994140625,6.152382614078288,STRONG_POSITIVE,13.832317662588057,6339.39013671875,STRONG_POSITIVE,7.174456739265096,0.1720232503188173,True,Measured from the event-date reference close to subsequent trading-session closes.,True,True,2025-07-31
CAT,Industrials,2024-12-31,2025-01-30,5.14,5.03,0.11,2.1869,2.186878727634184,IN_LINE,True,,,,,UNKNOWN,True,True,True,Alpha Vantage EARNINGS,primary_event_data,PRIMARY_EVENT_DATA,False,False,False,True,2025-01-30,6071.169921875,2025-01-31,6040.52978515625,-0.5046825754019945,NEGATIVE,2025-02-04,6037.8798828125,-0.5483298851931789,NEGATIVE,2025-02-06,6083.56982421875,0.20424238661270175,NEUTRAL,2025-02-28,5954.5,-1.9217041093616443,NEGATIVE,2025-03-03,5849.72021484375,-3.6475623295165196,STRONG_NEGATIVE,-7.692582997446628,5604.14013671875,STRONG_NEGATIVE,1.2561047522566793,-3.8462070511919326,True,Measured from the event-date reference close to subsequent trading-session closes.,True,True,2025-05-01
CAT,Industrials,2024-09-30,2024-10-30,5.17,5.35,-0.18,-3.3645,-3.3644859813084063,MISS,False,,,,,UNKNOWN,True,True,True,Alpha Vantage EARNINGS,primary_event_data,PRIMARY_EVENT_DATA,False,False,False,True,2024-10-30,5813.669921875,2024-10-31,5705.4501953125,-1.8614700871699548,NEGATIVE,2024-11-04,5712.68994140625,-1.7369403806155952,NEGATIVE,2024-11-06,5929.0400390625,1.9844628046975759,POSITIVE,2024-11-27,5998.740234375,3.183364638636242,STRONG_POSITIVE,2024-11-29,6032.3798828125,3.761994813543914,STRONG_POSITIVE,3.111630085207984,5994.56982421875,STRONG_POSITIVE,3.6422776464011446,-2.0152529783151842,True,Measured from the event-date reference close to subsequent trading-session closes.,True,True,2025-02-03
CAT,Industrials,2024-06-30,2024-08-06,5.99,5.54,0.45,8.1227,8.122743682310473,BEAT,True,,,,,UNKNOWN,True,True,True,Alpha Vantage EARNINGS,primary_event_data,PRIMARY_EVENT_DATA,False,False,False,True,2024-08-06,5240.02978515625,2024-08-07,5199.5,-0.7734647858502861,NEGATIVE,2024-08-09,5344.16015625,1.9872095267230427,POSITIVE,2024-08-13,5434.43017578125,3.7099100309637505,STRONG_POSITIVE,2024-09-04,5520.06982421875,5.3442451769222075,STRONG_POSITIVE,2024-09-05,5503.41015625,5.026314389277777,STRONG_POSITIVE,9.020180717081667,5712.68994140625,STRONG_POSITIVE,7.854732681046716,-0.8490361299048109,True,Measured from the event-date reference close to subsequent trading-session closes.,True,True,2024-11-04
CAT,Industrials,2024-03-31,2024-04-25,5.6,5.14,0.46,8.9494,8.949416342412452,BEAT,True,,,,,UNKNOWN,True,True,True,Alpha Vantage EARNINGS,primary_event_data,PRIMARY_EVENT_DATA,False,False,False,True,2024-04-25,5048.419921875,2024-04-26,5099.9599609375,1.0209142634743003,POSITIVE,2024-04-30,5035.68994140625,-0.25215771797410313,NEGATIVE,2024-05-02,5064.2001953125,0.3125784637906895,POSITIVE,2024-05-23,5267.83984375,4.3463088505028065,STRONG_POSITIVE,2024-05-24,5304.72021484375,5.076841802683466,STRONG_POSITIVE,8.13482598786517,5459.10009765625,STRONG_POSITIVE,5.812907117055112,-0.7402339299386295,True,Measured from the event-date reference close to subsequent trading-session closes.,True,True,2024-07-26
CAT,Industrials,2023-12-31,2024-02-05,5.23,4.75,0.48,10.1053,10.105263157894749,LARGE_BEAT,True,,,,,UNKNOWN,True,True,True,Alpha Vantage EARNINGS,primary_event_data,PRIMARY_EVENT_DATA,False,False,False,True,2024-02-05,4942.81005859375,2024-02-06,4954.22998046875,0.2310410826963684,NEUTRAL,2024-02-08,4997.91015625,1.114752478915328,POSITIVE,2024-02-12,5021.83984375,1.5988837163355272,POSITIVE,2024-03-05,5078.64990234375,2.7482311102330117,STRONG_POSITIVE,2024-03-06,5104.759765625,3.2764703703246365,STRONG_POSITIVE,4.8136621266191675,5180.740234375,STRONG_POSITIVE,4.185066001506489,-0.45520664830890434,True,Measured from the event-date reference close to subsequent trading-session closes.,True,True,2024-05-06
CAT,Industrials,2023-09-30,2023-10-31,5.52,4.79,0.73,15.2401,15.240083507306878,LARGE_BEAT,True,,,,,UNKNOWN,True,True,True,Alpha Vantage EARNINGS,primary_event_data,PRIMARY_EVENT_DATA,False,False,False,True,2023-10-31,4193.7998046875,2023-11-01,4237.85986328125,1.050599948631385,POSITIVE,2023-11-03,4358.33984375,3.9234118633557586,STRONG_POSITIVE,2023-11-07,4378.3798828125,4.401261069226311,STRONG_POSITIVE,2023-11-29,4550.580078125,8.507327246253363,STRONG_POSITIVE,2023-11-30,4567.7998046875,8.917926878197004,STRONG_POSITIVE,16.986746385044327,4906.18994140625,STRONG_POSITIVE,9.391014124971969,0.093958459416582,True,Measured from the event-date reference close to subsequent trading-session closes.,True,True,2024-02-01
CAT,Industrials,2023-06-30,2023-08-01,5.55,4.58,0.97,21.179,21.17903930131004,LARGE_BEAT,True,,,,,UNKNOWN,True,True,True,Alpha Vantage EARNINGS,primary_event_data,PRIMARY_EVENT_DATA,False,False,False,True,2023-08-01,4576.72998046875,2023-08-02,4513.39013671875,-1.3839541336347903,NEGATIVE,2023-08-04,4478.02978515625,-2.1565658392281013,STRONG_NEGATIVE,2023-08-08,4499.3798828125,-1.6900734364129513,NEGATIVE,2023-08-29,4497.6298828125,-1.7283103437128826,NEGATIVE,2023-08-30,4514.8701171875,-1.3516170616409033,NEGATIVE,-8.956398083332347,4166.81982421875,STRONG_NEGATIVE,-0.5637169943955832,-5.274943527480589,True,Measured from the event-date reference close to subsequent trading-session closes.,True,True,2023-10-30
CAT,Industrials,2023-03-31,2023-04-27,4.91,3.79,1.12,29.5515,29.551451187335093,LARGE_BEAT,True,,,,,UNKNOWN,True,True,True,Alpha Vantage EARNINGS,primary_event_data,PRIMARY_EVENT_DATA,False,False,False,True,2023-04-27,4135.35009765625,2023-04-28,4169.47998046875,0.8253202753460569,POSITIVE,2023-05-02,4119.580078125,-0.3813466613186587,NEGATIVE,2023-05-04,4061.219970703125,-1.7925961575814096,NEGATIVE,2023-05-25,4151.27978515625,0.3852077121361092,POSITIVE,2023-05-26,4205.4501953125,1.6951429987990596,POSITIVE,10.806337365868334,4582.22998046875,STRONG_POSITIVE,1.8755379051874694,-2.1055065787228706,True,Measured from the event-date reference close to subsequent trading-session closes.,True,True,2023-07-28
CAT,Industrials,2022-12-31,2023-01-31,3.86,4.03,-0.17,-4.2184,-4.218362282878421,MISS,False,,,,,UNKNOWN,True,True,True,Alpha Vantage EARNINGS,primary_event_data,PRIMARY_EVENT_DATA,False,False,False,True,2023-01-31,4076.60009765625,2023-02-01,4119.2099609375,1.045230394459039,POSITIVE,2023-02-03,4136.47998046875,1.4688682082632192,POSITIVE,2023-02-07,4164.0,2.1439410354230874,STRONG_POSITIVE,2023-03-01,3951.389892578125,-3.0714370327889604,STRONG_NEGATIVE,2023-03-02,3981.35009765625,-2.336505855817495,STRONG_NEGATIVE,1.0543094598231595,4119.580078125,POSITIVE,2.9151705073628467,-3.374136425773191,True,Measured from the event-date reference close to subsequent trading-session closes.,True,True,2023-05-02
CAT,Industrials,2022-09-30,2022-10-27,3.95,3.17,0.78,24.6057,24.605678233438493,LARGE_BEAT,True,,,,,UNKNOWN,True,True,True,Alpha Vantage EARNINGS,primary_event_data,PRIMARY_EVENT_DATA,False,False,False,True,2022-10-27,3807.300048828125,2022-10-28,3901.06005859375,2.4626377895927596,STRONG_POSITIVE,2022-11-01,3856.10009765625,1.2817494865723942,POSITIVE,2022-11-03,3719.889892578125,-2.2958567785300916,STRONG_NEGATIVE,2022-11-25,4026.1201171875,5.7473817548666055,STRONG_POSITIVE,2022-11-28,3963.93994140625,4.114198790986759,STRONG_POSITIVE,5.5280636672674905,4017.77001953125,STRONG_POSITIVE,5.954875313095134,-2.8668648408199684,True,Measured from the event-date reference close to subsequent trading-session closes.,True,True,2023-01-30
CAT,Industrials,2022-06-30,2022-08-02,3.18,3.02,0.16,5.298,5.298013245033117,BEAT,True,,,,,UNKNOWN,True,True,True,Alpha Vantage EARNINGS,primary_event_data,PRIMARY_EVENT_DATA,False,False,False,True,2022-08-02,4091.18994140625,2022-08-03,4155.169921875,1.5638477163140068,POSITIVE,2022-08-05,4145.18994140625,1.3199093851271735,POSITIVE,2022-08-09,4122.47021484375,0.764576416287046,POSITIVE,2022-08-30,3986.159912109375,-2.5672244701690237,STRONG_NEGATIVE,2022-08-31,3955.0,-3.328858922630171,STRONG_NEGATIVE,-5.358097865829024,3871.97998046875,STRONG_NEGATIVE,5.721803365344049,-3.079299232571132,True,Measured from the event-date reference close to subsequent trading-session closes.,True,True,2022-10-31
CAT,Industrials,2022-03-31,2022-04-28,2.88,2.6,0.28,10.7692,10.76923076923076,LARGE_BEAT,True,,,,,UNKNOWN,True,True,True,Alpha Vantage EARNINGS,primary_event_data,PRIMARY_EVENT_DATA,False,False,False,True,2022-04-28,4287.5,2022-04-29,4131.93017578125,-3.6284507106413995,STRONG_NEGATIVE,2022-05-03,4175.47998046875,-2.612711825801749,STRONG_NEGATIVE,2022-05-05,4146.8701171875,-3.279997266763848,STRONG_NEGATIVE,2022-05-26,4057.840087890625,-5.356499407798833,STRONG_NEGATIVE,2022-05-27,4158.240234375,-3.014805029154519,STRONG_NEGATIVE,-3.6667046282798834,4130.2900390625,STRONG_NEGATIVE,0.4702077259475219,-11.129561087827987,True,Measured from the event-date reference close to subsequent trading-session closes.,True,True,2022-07-29
CAT,Industrials,2021-12-31,2022-01-28,2.69,2.26,0.43,19.0265,19.02654867256638,LARGE_BEAT,True,,,,,UNKNOWN,True,True,True,Alpha Vantage EARNINGS,primary_event_data,PRIMARY_EVENT_DATA,False,False,False,True,2022-01-28,4431.85009765625,2022-01-31,4515.5498046875,1.888595173277949,POSITIVE,2022-02-02,4589.3798828125,3.5544926314082335,STRONG_POSITIVE,2022-02-04,4500.52978515625,1.549684352733878,POSITIVE,2022-02-28,4373.93994140625,-1.3066812950335425,NEGATIVE,2022-03-01,4306.259765625,-2.8338127252469003,STRONG_NEGATIVE,-6.767375142801205,4131.93017578125,STRONG_NEGATIVE,3.6883007623372586,-7.157286197027488,True,Measured from the event-date reference close to subsequent trading-session closes.,True,True,2022-04-29
CAT,Industrials,2021-09-30,2021-10-28,2.66,2.2,0.46,20.9091,20.909090909090907,LARGE_BEAT,True,,,,,UNKNOWN,True,True,True,Alpha Vantage EARNINGS,primary_event_data,PRIMARY_EVENT_DATA,False,False,False,True,2021-10-28,4596.419921875,2021-10-29,4605.3798828125,0.1949334719149202,NEUTRAL,2021-11-02,4630.64990234375,0.7447096011799265,POSITIVE,2021-11-04,4680.06005859375,1.8196800584014308,POSITIVE,2021-11-26,4594.6201171875,-0.03915666362280086,NEUTRAL,2021-11-29,4655.27001953125,1.2803464143076708,POSITIVE,-3.580391413663912,4431.85009765625,STRONG_NEGATIVE,3.2070646014837467,-0.6272289872340353,True,Measured from the event-date reference close to subsequent trading-session closes.,True,True,2022-01-28
CAT,Industrials,2021-06-30,2021-07-30,2.6,2.41,0.19,7.8838,7.883817427385889,BEAT,True,,,,,UNKNOWN,True,True,True,Alpha Vantage EARNINGS,primary_event_data,PRIMARY_EVENT_DATA,False,False,False,True,2021-07-30,4395.259765625,2021-08-02,4387.16015625,-0.18428056148913982,NEUTRAL,2021-08-04,4402.66015625,0.16837208764946965,NEUTRAL,2021-08-06,4436.52001953125,0.9387443770432723,POSITIVE,2021-08-27,4509.3701171875,2.596214049848625,STRONG_POSITIVE,2021-08-30,4528.7900390625,3.038051914060469,STRONG_POSITIVE,4.57675238727091,4596.419921875,STRONG_POSITIVE,2.6863102250160305,-0.626351720359247,True,Measured from the event-date reference close to subsequent trading-session closes.,True,True,2021-10-28
CAT,Industrials,2021-03-31,2021-04-29,2.87,1.94,0.93,47.9381,47.93814432989692,LARGE_BEAT,True,,,,,UNKNOWN,True,True,True,Alpha Vantage EARNINGS,primary_event_data,PRIMARY_EVENT_DATA,False,False,False,True,2021-04-29,4211.47021484375,2021-04-30,4181.169921875,-0.7194706699326419,NEGATIVE,2021-05-04,4164.66015625,-1.111489722253365,NEGATIVE,2021-05-06,4201.6201171875,-0.2338873873910432,NEUTRAL,2021-05-27,4200.8798828125,-0.2514640135391035,NEGATIVE,2021-05-28,4204.10986328125,-0.17476917055136,NEUTRAL,4.931287101782463,4419.14990234375,STRONG_POSITIVE,0.6308918943579842,-3.670697503365472,True,Measured from the event-date reference close to subsequent trading-session closes.,True,True,2021-07-29
CAT,Industrials,2020-12-31,2021-01-29,2.12,1.49,0.63,42.2819,42.28187919463088,LARGE_BEAT,True,,,,,UNKNOWN,True,True,True,Alpha Vantage EARNINGS,primary_event_data,PRIMARY_EVENT_DATA,False,False,False,True,2021-01-29,3714.239990234375,2021-02-01,3773.860107421875,1.6051767614439438,POSITIVE,2021-02-03,3830.169921875,3.121228890578759,STRONG_POSITIVE,2021-02-05,3886.830078125,4.646713414976027,STRONG_POSITIVE,2021-03-01,3901.820068359375,5.0502950433518805,STRONG_POSITIVE,2021-03-02,3870.2900390625,4.201399189024347,STRONG_POSITIVE,12.57134522454918,4181.169921875,STRONG_POSITIVE,6.359038242742791,0.306391805134996,True,Measured from the event-date reference close to subsequent trading-session closes.,True,True,2021-04-30
CAT,Industrials,2020-09-30,2020-10-27,1.34,1.18,0.16,13.5593,13.55932203389832,LARGE_BEAT,True,,,,,UNKNOWN,True,True,True,Alpha Vantage EARNINGS,primary_event_data,PRIMARY_EVENT_DATA,False,False,False,True,2020-10-27,3390.679931640625,2020-10-28,3271.030029296875,-3.5287878760604756,STRONG_NEGATIVE,2020-10-30,3269.9599609375,-3.560346984585863,STRONG_NEGATIVE,2020-11-03,3369.159912109375,-0.6346815377775057,NEGATIVE,2020-11-24,3635.409912109375,7.217725807293589,STRONG_POSITIVE,2020-11-25,3629.64990234375,7.047848087138566,STRONG_POSITIVE,11.699716846465261,3787.3798828125,STRONG_POSITIVE,7.529759922524297,-4.622671363691184,True,Measured from the event-date reference close to subsequent trading-session closes.,True,True,2021-01-28
CAT,Industrials,2020-06-30,2020-07-31,1.03,0.72,0.31,43.0556,43.05555555555557,LARGE_BEAT,True,,,,,UNKNOWN,True,True,True,Alpha Vantage EARNINGS,primary_event_data,PRIMARY_EVENT_DATA,False,False,False,True,2020-07-31,3271.1201171875,2020-08-03,3294.610107421875,0.718102343932623,POSITIVE,2020-08-05,3327.77001953125,1.7318196921627393,POSITIVE,2020-08-07,3351.280029296875,2.4505340445368993,STRONG_POSITIVE,2020-08-28,3508.010009765625,7.241858571118516,STRONG_POSITIVE,2020-08-31,3500.31005859375,7.006466690171771,STRONG_POSITIVE,1.191946148033796,3310.110107421875,POSITIVE,7.2791537684643695,0.4099486301012023,True,Measured from the event-date reference close to subsequent trading-session closes.,True,True,2020-10-29
CAT,Industrials,2020-03-31,2020-04-28,1.6,1.67,-0.07,-4.1916,-4.191616766467057,MISS,False,,,,,UNKNOWN,True,True,True,Alpha Vantage EARNINGS,primary_event_data,PRIMARY_EVENT_DATA,False,False,False,True,2020-04-28,2863.389892578125,2020-04-29,2939.510009765625,2.6583916282166986,STRONG_POSITIVE,2020-05-01,2830.7099609375,-1.1413021930869778,NEGATIVE,2020-05-05,2868.43994140625,0.17636609115701188,NEUTRAL,2020-05-27,3036.1298828125,6.0327093659901205,STRONG_POSITIVE,2020-05-28,3029.72998046875,5.809201475557928,STRONG_POSITIVE,12.399640361531302,3218.43994140625,STRONG_POSITIVE,6.036904295496973,-3.378862244739179,True,Measured from the event-date reference close to subsequent trading-session closes.,True,True,2020-07-28
CAT,Industrials,2019-12-31,2020-01-31,2.63,2.38,0.25,10.5042,10.504201680672267,LARGE_BEAT,True,,,,,UNKNOWN,True,True,True,Alpha Vantage EARNINGS,primary_event_data,PRIMARY_EVENT_DATA,False,False,False,True,2020-01-31,3225.52001953125,2020-02-03,3248.919921875,0.7254613892351721,POSITIVE,2020-02-05,3334.68994140625,3.3845681072804243,STRONG_POSITIVE,2020-02-07,3327.7099609375,3.168169497862884,STRONG_POSITIVE,2020-03-02,3090.22998046875,-4.194363645033618,STRONG_NEGATIVE,2020-03-03,3003.3701171875,-6.887258519512585,STRONG_NEGATIVE,-12.240198671937739,2830.7099609375,STRONG_NEGATIVE,5.208462479932606,-11.461095556751461,True,Measured from the event-date reference close to subsequent trading-session closes.,True,True,2020-05-01
CAT,Industrials,2019-09-30,2019-10-23,2.66,2.89,-0.23,-7.9585,-7.958477508650517,MISS,False,,,,,UNKNOWN,True,True,True,Alpha Vantage EARNINGS,primary_event_data,PRIMARY_EVENT_DATA,False,False,False,True,2019-10-23,3004.52001953125,2019-10-24,3010.2900390625,0.1920446358733269,NEUTRAL,2019-10-28,3039.419921875,1.1615799567611103,POSITIVE,2019-10-30,3046.77001953125,1.4062146274728977,POSITIVE,2019-11-20,3108.4599609375,3.4594524493288676,STRONG_POSITIVE,2019-11-21,3103.5400390625,3.295701772248421,STRONG_POSITIVE,9.683741472199195,3295.469970703125,STRONG_POSITIVE,4.097821690204066,-0.13646431475233362,True,Measured from the event-date reference close to subsequent trading-session closes.,True,True,2020-01-24
CAT,Industrials,2019-06-30,2019-07-24,2.83,3.12,-0.29,-9.2949,-9.294871794871796,MISS,False,,,,,UNKNOWN,True,True,True,Alpha Vantage EARNINGS,primary_event_data,PRIMARY_EVENT_DATA,False,False,False,True,2019-07-24,3019.56005859375,2019-07-25,3003.669921875,-0.5262401280453501,NEGATIVE,2019-07-29,3020.969970703125,0.046692633430567204,NEUTRAL,2019-07-31,2980.3798828125,-1.2975458351868894,NEGATIVE,2019-08-21,2924.429931640625,-3.1504631504971092,STRONG_NEGATIVE,2019-08-22,2922.949951171875,-3.1994762663163465,STRONG_NEGATIVE,-0.7805795513917315,2995.989990234375,NEGATIVE,0.2788459812560003,-6.538698935440299,True,Measured from the event-date reference close to subsequent trading-session closes.,True,True,2019-10-22
CAT,Industrials,2019-03-31,2019-04-24,2.94,2.86,0.08,2.7972,2.7972027972028,IN_LINE,True,,,,,UNKNOWN,True,True,True,Alpha Vantage EARNINGS,primary_event_data,PRIMARY_EVENT_DATA,False,False,False,True,2019-04-24,2927.25,2019-04-25,2926.169921875,-0.036897365274575114,NEUTRAL,2019-04-29,2943.030029296875,0.5390735091596208,POSITIVE,2019-05-01,2923.72998046875,-0.12025004803996925,NEUTRAL,2019-05-22,2856.27001953125,-2.424800767571953,STRONG_NEGATIVE,2019-05-23,2822.239990234375,-3.5873263221667098,STRONG_NEGATIVE,3.1534736901101716,3019.56005859375,STRONG_POSITIVE,0.918263995644376,-4.298234464407721,True,Measured from the event-date reference close to subsequent trading-session closes.,True,True,2019-07-24
CAT,Industrials,2018-12-31,2019-01-28,2.55,2.99,-0.44,-14.7157,-14.715719063545162,LARGE_MISS,False,,,,,UNKNOWN,True,True,True,Alpha Vantage EARNINGS,primary_event_data,PRIMARY_EVENT_DATA,False,False,False,True,2019-01-28,2643.85009765625,2019-01-29,2640.0,-0.14562465775435143,NEUTRAL,2019-01-31,2704.10009765625,2.2788735281705685,STRONG_POSITIVE,2019-02-04,2724.8701171875,3.0644710001929965,STRONG_POSITIVE,2019-02-26,2793.89990234375,5.6754278474607105,STRONG_POSITIVE,2019-02-27,2792.3798828125,5.617935195642157,STRONG_POSITIVE,11.316070147314532,2943.030029296875,STRONG_POSITIVE,6.41639602519482,-0.4841442727585853,True,Measured from the event-date reference close to subsequent trading-session closes.,True,True,2019-04-29
CAT,Industrials,2018-09-30,2018-10-23,2.86,2.85,0.01,0.3509,0.3508771929824486,IN_LINE,True,,,,,UNKNOWN,True,True,True,Alpha Vantage EARNINGS,primary_event_data,PRIMARY_EVENT_DATA,False,False,False,True,2018-10-23,2740.68994140625,2018-10-24,2656.10009765625,-3.08644339777439,STRONG_NEGATIVE,2018-10-26,2658.68994140625,-2.991947347313784,STRONG_NEGATIVE,2018-10-30,2682.6298828125,-2.118446808468941,STRONG_NEGATIVE,2018-11-20,2641.889892578125,-3.6049334634851333,STRONG_NEGATIVE,2018-11-21,2649.929931640625,-3.311575249517498,STRONG_NEGATIVE,-2.770467775047377,2664.760009765625,STRONG_NEGATIVE,2.7168327147322087,-5.004210810996676,True,Measured from the event-date reference close to subsequent trading-session closes.,True,True,2019-01-25
CAT,Industrials,2018-06-30,2018-07-30,2.97,2.74,0.23,8.3942,8.394160583941604,BEAT,True,,,,,UNKNOWN,True,True,True,Alpha Vantage EARNINGS,primary_event_data,PRIMARY_EVENT_DATA,False,False,False,True,2018-07-30,2802.60009765625,2018-07-31,2816.2900390625,0.48847287979824816,POSITIVE,2018-08-02,2827.219970703125,0.8784654317062228,POSITIVE,2018-08-06,2850.39990234375,1.7055520952658882,POSITIVE,2018-08-27,2896.739990234375,3.359019813667031,STRONG_POSITIVE,2018-08-28,2897.52001953125,3.386852157551102,STRONG_POSITIVE,-5.134880155408142,2658.68994140625,STRONG_NEGATIVE,3.4128987015928467,-0.22336435979075656,True,Measured from the event-date reference close to subsequent trading-session closes.,True,True,2018-10-26
CAT,Industrials,2018-03-31,2018-04-24,2.82,2.12,0.7,33.0189,33.01886792452829,LARGE_BEAT,True,,,,,UNKNOWN,True,True,True,Alpha Vantage EARNINGS,primary_event_data,PRIMARY_EVENT_DATA,False,False,False,True,2018-04-24,2634.56005859375,2018-04-25,2639.39990234375,0.18370595630237274,NEUTRAL,2018-04-27,2669.909912109375,1.341774441630824,POSITIVE,2018-05-01,2654.800048828125,0.7682493389495363,POSITIVE,2018-05-22,2724.43994140625,3.4115708434627683,STRONG_POSITIVE,2018-05-23,2733.2900390625,3.747494013154103,STRONG_POSITIVE,7.0539232212149985,2820.39990234375,STRONG_POSITIVE,4.087207322884161,-1.5160004144133559,True,Measured from the event-date reference close to subsequent trading-session closes.,True,True,2018-07-24
CAT,Industrials,2017-12-31,2018-01-25,2.16,1.78,0.38,21.3483,21.348314606741575,LARGE_BEAT,True,,,,,UNKNOWN,True,True,True,Alpha Vantage EARNINGS,primary_event_data,PRIMARY_EVENT_DATA,False,False,False,True,2018-01-25,2839.25,2018-01-26,2872.8701171875,1.1841196508761116,POSITIVE,2018-01-30,2822.429931640625,-0.592412375077045,NEGATIVE,2018-02-01,2821.97998046875,-0.6082599112881922,NEGATIVE,2018-02-23,2747.300048828125,-3.238529582526195,STRONG_NEGATIVE,2018-02-26,2779.60009765625,-2.100903490138241,STRONG_NEGATIVE,-6.068858275733028,2666.93994140625,STRONG_NEGATIVE,1.1841196508761116,-10.797219638769041,True,Measured from the event-date reference close to subsequent trading-session closes.,True,True,2018-04-26
CAT,Industrials,2017-09-30,2017-10-24,1.95,1.28,0.67,52.3438,52.34374999999999,LARGE_BEAT,True,,,,,UNKNOWN,True,True,True,Alpha Vantage EARNINGS,primary_event_data,PRIMARY_EVENT_DATA,False,False,False,True,2017-10-24,2569.1298828125,2017-10-25,2557.14990234375,-0.46630497542752386,NEGATIVE,2017-10-27,2581.070068359375,0.4647560104592196,POSITIVE,2017-10-31,2575.260009765625,0.23860712508680854,NEUTRAL,2017-11-21,2599.030029296875,1.1638238566452879,POSITIVE,2017-11-22,2597.080078125,1.0879245731983826,POSITIVE,10.51407011356669,2839.25,STRONG_POSITIVE,1.2478955932991964,-0.9781476203526774,True,Measured from the event-date reference close to subsequent trading-session closes.,True,True,2018-01-25
CAT,Industrials,2017-06-30,2017-07-25,1.49,1.26,0.23,18.254,18.253968253968253,LARGE_BEAT,True,,,,,UNKNOWN,True,True,True,Alpha Vantage EARNINGS,primary_event_data,PRIMARY_EVENT_DATA,False,False,False,True,2017-07-25,2477.1298828125,2017-07-26,2477.830078125,0.028266394804660287,NEUTRAL,2017-07-28,2472.10009765625,-0.20304890717071522,NEUTRAL,2017-08-01,2476.35009765625,-0.031479381103934785,NEUTRAL,2017-08-22,2452.510009765625,-0.9938870471709753,NEGATIVE,2017-08-23,2444.0400390625,-1.335813837602663,NEGATIVE,3.546446969365457,2564.97998046875,STRONG_POSITIVE,0.5546836470035847,-2.4132680959133577,True,Measured from the event-date reference close to subsequent trading-session closes.,True,True,2017-10-23
CAT,Industrials,2017-03-31,2017-04-25,1.28,0.63,0.65,103.1746,103.1746031746032,LARGE_BEAT,True,,,,,UNKNOWN,True,True,True,Alpha Vantage EARNINGS,primary_event_data,PRIMARY_EVENT_DATA,False,False,False,True,2017-04-25,2388.610107421875,2017-04-26,2387.449951171875,-0.0485703483542655,NEUTRAL,2017-04-28,2384.199951171875,-0.184632738356787,NEUTRAL,2017-05-02,2391.169921875,0.1071675299862108,NEUTRAL,2017-05-23,2398.419921875,0.41069132306875883,POSITIVE,2017-05-24,2404.389892578125,0.66062624064175,POSITIVE,3.7059114468107155,2477.1298828125,STRONG_POSITIVE,0.7184057396414687,-1.5025531629139632,True,Measured from the event-date reference close to subsequent trading-session closes.,True,True,2017-07-25
CAT,Industrials,2016-12-31,2017-01-26,0.83,0.67,0.16,23.8806,23.88059701492536,LARGE_BEAT,True,,,,,UNKNOWN,True,True,True,Alpha Vantage EARNINGS,primary_event_data,PRIMARY_EVENT_DATA,False,False,False,True,2017-01-26,2296.679931640625,2017-01-27,2294.68994140625,-0.08664638929262806,NEUTRAL,2017-01-31,2278.8701171875,-0.7754591402905072,NEGATIVE,2017-02-02,2280.85009765625,-0.6892485873321936,NEGATIVE,2017-02-24,2367.340087890625,3.076621834698759,STRONG_POSITIVE,2017-02-27,2369.75,3.1815520897236063,STRONG_POSITIVE,4.00970490584819,2388.77001953125,STRONG_POSITIVE,3.116676256837714,-1.2831553189944598,True,Measured from the event-date reference close to subsequent trading-session closes.,True,True,2017-04-27
CAT,Industrials,2016-09-30,2016-10-25,0.85,0.76,0.09,11.8421,11.84210526315789,LARGE_BEAT,True,,,,,UNKNOWN,True,True,True,Alpha Vantage EARNINGS,primary_event_data,PRIMARY_EVENT_DATA,False,False,False,True,2016-10-25,2143.159912109375,2016-10-26,2139.429931640625,-0.1740411645288204,NEUTRAL,2016-10-28,2126.409912109375,-0.7815562387742707,NEGATIVE,2016-11-01,2111.719970703125,-1.4669899912090871,NEGATIVE,2016-11-22,2202.93994140625,2.7893405881242592,STRONG_POSITIVE,2016-11-23,2204.719970703125,2.872396886761491,STRONG_POSITIVE,7.163255465157992,2296.679931640625,STRONG_POSITIVE,2.8761333379963028,-2.7702026671654676,True,Measured from the event-date reference close to subsequent trading-session closes.,True,True,2017-01-26
CAT,Industrials,2016-06-30,2016-07-26,1.09,0.96,0.13,13.5417,13.54166666666668,LARGE_BEAT,True,,,,,UNKNOWN,True,True,True,Alpha Vantage EARNINGS,primary_event_data,PRIMARY_EVENT_DATA,False,False,False,True,2016-07-26,2169.179931640625,2016-07-27,2166.580078125,-0.11985421207813968,NEUTRAL,2016-07-29,2173.60009765625,0.203771293987672,NEUTRAL,2016-08-02,2157.030029296875,-0.5601150078205183,NEGATIVE,2016-08-23,2186.89990234375,0.8168972266732516,POSITIVE,2016-08-24,2175.43994140625,0.2885887737717701,POSITIVE,-0.8228848725391141,2151.330078125,NEGATIVE,1.1354579946946306,-0.9957612644557473,True,Measured from the event-date reference close to subsequent trading-session closes.,True,True,2016-10-24
CAT,Industrials,2016-03-31,2016-04-22,0.67,0.68,-0.01,-1.4706,-1.4705882352941189,IN_LINE,False,,,,,UNKNOWN,True,True,True,Alpha Vantage EARNINGS,primary_event_data,PRIMARY_EVENT_DATA,False,False,False,True,2016-04-22,2091.580078125,2016-04-25,2087.7900390625,-0.18120458796383193,NEUTRAL,2016-04-27,2095.14990234375,0.17067595240963349,NEUTRAL,2016-04-29,2065.300048828125,-1.256467757162507,NEGATIVE,2016-05-20,2052.320068359375,-1.8770502825222783,NEGATIVE,2016-05-23,2048.0400390625,-2.0816816682214494,STRONG_NEGATIVE,3.989804265428069,2175.030029296875,STRONG_POSITIVE,0.39729841281402645,-3.1397336698761498,True,Measured from the event-date reference close to subsequent trading-session closes.,True,True,2016-07-22
CAT,Industrials,2015-12-31,2016-01-28,0.74,0.69,0.05,7.2464,7.24637681159421,BEAT,True,,,,,UNKNOWN,True,True,True,Alpha Vantage EARNINGS,primary_event_data,PRIMARY_EVENT_DATA,False,False,False,True,2016-01-28,1893.3599853515625,2016-01-29,1940.239990234375,2.4760217415341508,STRONG_POSITIVE,2016-02-02,1903.030029296875,0.5107345681818108,POSITIVE,2016-02-04,1915.449951171875,1.1667071233794346,POSITIVE,2016-02-26,1948.050048828125,2.8885190296449386,STRONG_POSITIVE,2016-02-29,1932.22998046875,2.052963800751818,STRONG_POSITIVE,9.636311882249366,2075.81005859375,STRONG_POSITIVE,3.676003302299327,-4.397473824829203,True,Measured from the event-date reference close to subsequent trading-session closes.,True,True,2016-04-28
CAT,Industrials,2015-09-30,2015-10-22,0.75,0.79,-0.04,-5.0633,-5.06329113924051,MISS,False,,,,,UNKNOWN,True,True,True,Alpha Vantage EARNINGS,primary_event_data,PRIMARY_EVENT_DATA,False,False,False,True,2015-10-22,2052.510009765625,2015-10-23,2075.14990234375,1.1030344539323458,POSITIVE,2015-10-27,2065.889892578125,0.6518790529078999,POSITIVE,2015-10-29,2089.409912109375,1.7977940262500147,POSITIVE,2015-11-19,2081.239990234375,1.399748616672065,POSITIVE,2015-11-20,2089.169921875,1.786101501817337,POSITIVE,-8.547098570835704,1877.0799560546875,STRONG_NEGATIVE,3.1166703401573033,-1.6136337927516102,True,Measured from the event-date reference close to subsequent trading-session closes.,True,True,2016-01-25
CAT,Industrials,2015-06-30,2015-07-23,1.27,1.28,-0.01,-0.7813,-0.7812500000000007,IN_LINE,False,,,,,UNKNOWN,True,True,True,Alpha Vantage EARNINGS,primary_event_data,PRIMARY_EVENT_DATA,False,False,False,True,2015-07-23,2102.14990234375,2015-07-24,2079.64990234375,-1.0703328042835611,NEGATIVE,2015-07-28,2093.25,-0.42337144148603445,NEGATIVE,2015-07-30,2108.6298828125,0.30825491852532855,POSITIVE,2015-08-20,2035.72998046875,-3.159618721811724,STRONG_NEGATIVE,2015-08-21,1970.8900146484375,-6.244078386083072,STRONG_NEGATIVE,-3.95832670375822,2018.93994140625,STRONG_NEGATIVE,0.5751296744892169,-3.159618721811724,True,Measured from the event-date reference close to subsequent trading-session closes.,True,True,2015-10-21
CAT,Industrials,2015-03-31,2015-04-23,1.86,1.36,0.5,36.7647,36.764705882352935,LARGE_BEAT,True,,,,,UNKNOWN,True,True,True,Alpha Vantage EARNINGS,primary_event_data,PRIMARY_EVENT_DATA,False,False,False,True,2015-04-23,2112.929931640625,2015-04-24,2117.68994140625,0.22528005753266978,NEUTRAL,2015-04-28,2114.760009765625,0.08661328980175886,NEUTRAL,2015-04-30,2085.510009765625,-1.2977203580863315,NEGATIVE,2015-05-21,2130.820068359375,0.8466980589772259,POSITIVE,2015-05-22,2126.06005859375,0.6214180014445563,POSITIVE,-0.5101934113122549,2102.14990234375,NEGATIVE,1.0312712568552005,-2.129744073673985,True,Measured from the event-date reference close to subsequent trading-session closes.,True,True,2015-07-23
CAT,Industrials,2014-12-31,2015-01-27,1.35,1.57,-0.22,-14.0127,-14.012738853503182,LARGE_MISS,False,,,,,UNKNOWN,True,True,True,Alpha Vantage EARNINGS,primary_event_data,PRIMARY_EVENT_DATA,False,False,False,True,2015-01-27,2029.550048828125,2015-01-28,2002.1600341796875,-1.3495609366348302,NEGATIVE,2015-01-30,1994.989990234375,-1.7028433772158118,NEGATIVE,2015-02-03,2050.030029296875,1.0090896985060935,POSITIVE,2015-02-25,2113.860107421875,4.154125622200406,STRONG_POSITIVE,2015-02-26,2110.739990234375,4.000391192773471,STRONG_POSITIVE,4.198465614913058,2114.760009765625,STRONG_POSITIVE,4.436453248072876,-2.397084242497658,True,Measured from the event-date reference close to subsequent trading-session closes.,True,True,2015-04-28
CAT,Industrials,2014-09-30,2014-10-23,1.72,1.35,0.37,27.4074,27.4074074074074,LARGE_BEAT,True,,,,,UNKNOWN,True,True,True,Alpha Vantage EARNINGS,primary_event_data,PRIMARY_EVENT_DATA,False,False,False,True,2014-10-23,1950.8199462890625,2014-10-24,1964.5799560546875,0.7053449392805272,POSITIVE,2014-10-28,1985.050048828125,1.7546520684380198,POSITIVE,2014-10-30,1994.6500244140625,2.246751588139928,STRONG_POSITIVE,2014-11-20,2052.75,5.224985212235165,STRONG_POSITIVE,2014-11-21,2063.5,5.776035554961521,STRONG_POSITIVE,5.447460274522738,2057.090087890625,STRONG_POSITIVE,5.395686671964168,-0.23323150690906022,True,Measured from the event-date reference close to subsequent trading-session closes.,True,True,2015-01-26
CAT,Industrials,2014-06-30,2014-07-24,1.69,1.53,0.16,10.4575,10.457516339869276,LARGE_BEAT,True,,,,,UNKNOWN,True,True,True,Alpha Vantage EARNINGS,primary_event_data,PRIMARY_EVENT_DATA,False,False,False,True,2014-07-24,1987.97998046875,2014-07-25,1978.3399658203125,-0.484915076768754,NEGATIVE,2014-07-29,1969.949951171875,-0.9069522567638565,NEGATIVE,2014-07-31,1930.6700439453125,-2.8828226182601835,STRONG_NEGATIVE,2014-08-21,1992.3699951171875,0.22082791031941723,NEUTRAL,2014-08-22,1988.4000244140625,0.021129183867005387,NEUTRAL,-3.0619018156729543,1927.1099853515625,STRONG_NEGATIVE,0.3410511858009919,-4.185150353086408,True,Measured from the event-date reference close to subsequent trading-session closes.,True,True,2014-10-22
CAT,Industrials,2014-03-31,2014-04-24,1.61,1.22,0.39,31.9672,31.967213114754117,LARGE_BEAT,True,,,,,UNKNOWN,True,True,True,Alpha Vantage EARNINGS,primary_event_data,PRIMARY_EVENT_DATA,False,False,False,True,2014-04-24,1878.6099853515625,2014-04-25,1863.4000244140625,-0.8096390978489137,NEGATIVE,2014-04-29,1878.3299560546875,-0.014906196552691878,NEUTRAL,2014-05-01,1883.6800537109375,0.26988403122035937,POSITIVE,2014-05-22,1892.489990234375,0.7388444110827506,POSITIVE,2014-05-23,1900.530029296875,1.1668224972843626,POSITIVE,5.8218574355506805,1987.97998046875,STRONG_POSITIVE,1.2541218654994521,-1.4904637055232137,True,Measured from the event-date reference close to subsequent trading-session closes.,True,True,2014-07-24
CAT,Industrials,2013-12-31,2014-01-27,1.58,1.28,0.3,23.4375,23.437500000000004,LARGE_BEAT,True,,,,,UNKNOWN,True,True,True,Alpha Vantage EARNINGS,primary_event_data,PRIMARY_EVENT_DATA,False,False,False,True,2014-01-27,1781.56005859375,2014-01-28,1792.5,0.6140652600218987,POSITIVE,2014-01-30,1794.18994140625,0.708922651895846,POSITIVE,2014-02-03,1741.8900146484375,-2.2267025887763503,STRONG_NEGATIVE,2014-02-25,1845.1199951171875,3.567656123454388,STRONG_POSITIVE,2014-02-26,1845.1600341796875,3.569903539268795,STRONG_POSITIVE,4.932193820428735,1869.4300537109375,STRONG_POSITIVE,4.330468791753629,-2.4495393482768213,True,Measured from the event-date reference close to subsequent trading-session closes.,True,True,2014-04-28
CAT,Industrials,2013-09-30,2013-10-23,1.45,1.68,-0.23,-13.6905,-13.69047619047619,LARGE_MISS,False,,,,,UNKNOWN,True,True,True,Alpha Vantage EARNINGS,primary_event_data,PRIMARY_EVENT_DATA,False,False,False,True,2013-10-23,1746.3800048828125,2013-10-24,1752.0699462890625,0.32581347646795883,POSITIVE,2013-10-28,1762.1099853515625,0.9007192263292966,POSITIVE,2013-10-30,1763.31005859375,0.9694369875743944,POSITIVE,2013-11-20,1781.3699951171875,2.003572540715326,STRONG_POSITIVE,2013-11-21,1795.8499755859375,2.8327151344386006,STRONG_POSITIVE,2.514345907357889,1790.2900390625,STRONG_POSITIVE,3.2037672794833343,-0.05039022895086062,True,Measured from the event-date reference close to subsequent trading-session closes.,True,True,2014-01-24
CAT,Industrials,2013-06-30,2013-07-24,1.45,1.7,-0.25,-14.7059,-14.705882352941178,LARGE_MISS,False,,,,,UNKNOWN,True,True,True,Alpha Vantage EARNINGS,primary_event_data,PRIMARY_EVENT_DATA,False,False,False,True,2013-07-24,1685.93994140625,2013-07-25,1690.25,0.2556472201586826,POSITIVE,2013-07-29,1685.3299560546875,-0.0361807284222538,NEUTRAL,2013-07-31,1685.72998046875,-0.012453642762913053,NEUTRAL,2013-08-21,1642.800048828125,-2.558803639359883,STRONG_NEGATIVE,2013-08-22,1656.9599609375,-1.7189212828410523,NEGATIVE,4.076663755989696,1754.6700439453125,STRONG_POSITIVE,1.407529530338377,-2.7586918461946155,True,Measured from the event-date reference close to subsequent trading-session closes.,True,True,2013-10-22
CAT,Industrials,2013-03-31,2013-04-22,1.31,1.39,-0.08,-5.7554,-5.7553956834532265,MISS,False,,,,,UNKNOWN,True,True,True,Alpha Vantage EARNINGS,primary_event_data,PRIMARY_EVENT_DATA,False,False,False,True,2013-04-22,1562.5,2013-04-23,1578.780029296875,1.041921875,POSITIVE,2013-04-25,1585.1600341796875,1.4502421875,POSITIVE,2013-04-29,1593.6099853515625,1.9910390625,POSITIVE,2013-05-20,1666.2900390625,6.6425625,STRONG_POSITIVE,2013-05-21,1669.1600341796875,6.826242187500001,STRONG_POSITIVE,8.513921875,1695.530029296875,STRONG_POSITIVE,7.0617578125,0.0,True,Measured from the event-date reference close to subsequent trading-session closes.,True,True,2013-07-22
CAT,Industrials,2012-12-31,2013-01-28,1.46,1.71,-0.25,-14.6199,-14.619883040935672,LARGE_MISS,False,,,,,UNKNOWN,True,True,True,Alpha Vantage EARNINGS,primary_event_data,PRIMARY_EVENT_DATA,False,False,False,True,2013-01-28,1500.1800537109375,2013-01-29,1507.8399658203125,0.5105995170664328,POSITIVE,2013-01-31,1498.1099853515625,-0.13798799379143534,NEUTRAL,2013-02-04,1495.7099609375,-0.29797041777618655,NEGATIVE,2013-02-26,1496.93994140625,-0.21598156145807693,NEUTRAL,2013-02-27,1515.989990234375,1.0538692661810207,POSITIVE,6.227914536625852,1593.6099853515625,STRONG_POSITIVE,2.0504130567009575,-1.011214881026244,True,Measured from the event-date reference close to subsequent trading-session closes.,True,True,2013-04-29
CAT,Industrials,2012-09-30,2012-10-22,2.26,2.24,0.02,0.8929,0.8928571428571237,IN_LINE,True,,,,,UNKNOWN,True,True,True,Alpha Vantage EARNINGS,primary_event_data,PRIMARY_EVENT_DATA,False,False,False,True,2012-10-22,1433.8199462890625,2012-10-23,1413.1099853515625,-1.4443906287606358,NEGATIVE,2012-10-25,1412.969970703125,-1.4541557773624445,NEGATIVE,2012-10-31,1412.1600341796875,-1.5106437991348947,NEGATIVE,2012-11-21,1391.030029296875,-2.9843298737009567,STRONG_NEGATIVE,2012-11-23,1409.1500244140625,-1.7205732099661044,NEGATIVE,4.8220848668887655,1502.9599609375,STRONG_POSITIVE,0.03138980200075721,-6.3097162888042275,True,Measured from the event-date reference close to subsequent trading-session closes.,True,True,2013-01-25
CAT,Industrials,2012-06-30,2012-07-25,2.54,2.3,0.24,10.4348,10.434782608695665,LARGE_BEAT,True,,,,,UNKNOWN,True,True,True,Alpha Vantage EARNINGS,primary_event_data,PRIMARY_EVENT_DATA,False,False,False,True,2012-07-25,1337.8900146484375,2012-07-26,1360.02001953125,1.6540974699349773,POSITIVE,2012-07-30,1385.300048828125,3.5436421275739636,STRONG_POSITIVE,2012-08-01,1375.3199462890625,2.797683758067408,STRONG_POSITIVE,2012-08-22,1413.489990234375,5.650686884437447,STRONG_POSITIVE,2012-08-23,1402.0799560546875,4.79784890412815,STRONG_POSITIVE,5.622283586808206,1413.1099853515625,STRONG_POSITIVE,6.636572370699074,0.020930666482968284,True,Measured from the event-date reference close to subsequent trading-session closes.,True,True,2012-10-23
CAT,Industrials,2012-03-31,2012-04-25,2.37,2.15,0.22,10.2326,10.232558139534891,LARGE_BEAT,True,,,,,UNKNOWN,True,True,True,Alpha Vantage EARNINGS,primary_event_data,PRIMARY_EVENT_DATA,False,False,False,True,2012-04-25,1390.68994140625,2012-04-26,1399.97998046875,0.6680165568110759,POSITIVE,2012-04-30,1397.9100341796875,0.51917343747641,POSITIVE,2012-05-02,1402.31005859375,0.8355649121722897,POSITIVE,2012-05-23,1318.8599853515625,-5.165059005320327,STRONG_NEGATIVE,2012-05-24,1320.6800537109375,-5.034183796894316,STRONG_NEGATIVE,-3.7966713633106317,1337.8900146484375,STRONG_NEGATIVE,1.7710637108590084,-7.097912913477004,True,Measured from the event-date reference close to subsequent trading-session closes.,True,True,2012-07-25
CAT,Industrials,2011-12-31,2012-01-26,2.25,1.77,0.48,27.1186,27.11864406779661,LARGE_BEAT,True,,,,,UNKNOWN,True,True,True,Alpha Vantage EARNINGS,primary_event_data,PRIMARY_EVENT_DATA,False,False,False,True,2012-01-26,1318.4300537109375,2012-01-27,1316.3299560546875,-0.15928775670267306,NEUTRAL,2012-01-31,1312.4100341796875,-0.4566051505201712,NEGATIVE,2012-02-02,1325.5400390625,0.5392766443354564,POSITIVE,2012-02-24,1365.739990234375,3.58835392065555,STRONG_POSITIVE,2012-02-27,1367.5899658203125,3.728670472203388,STRONG_POSITIVE,6.185381357795726,1399.97998046875,STRONG_POSITIVE,3.8295539526167994,-1.360714087642894,True,Measured from the event-date reference close to subsequent trading-session closes.,True,True,2012-04-26
CAT,Industrials,2011-09-30,2011-10-24,1.71,1.68,0.03,1.7857,1.7857142857142874,IN_LINE,True,,,,,UNKNOWN,True,True,True,Alpha Vantage EARNINGS,primary_event_data,PRIMARY_EVENT_DATA,False,False,False,True,2011-10-24,1254.18994140625,2011-10-25,1229.050048828125,-2.0044725083616206,STRONG_NEGATIVE,2011-10-27,1284.5899658203125,2.4238772302683858,STRONG_POSITIVE,2011-10-31,1253.300048828125,-0.07095357319858707,NEUTRAL,2011-11-21,1192.97998046875,-4.88043787601014,STRONG_NEGATIVE,2011-11-22,1188.0400390625,-5.274312937766027,STRONG_NEGATIVE,5.730401338326492,1326.06005859375,STRONG_POSITIVE,3.0673258892750512,-5.6634090963064825,True,Measured from the event-date reference close to subsequent trading-session closes.,True,True,2012-01-25
CAT,Industrials,2011-06-30,2011-07-22,1.72,1.74,-0.02,-1.1494,-1.1494252873563229,IN_LINE,False,,,,,UNKNOWN,True,True,True,Alpha Vantage EARNINGS,primary_event_data,PRIMARY_EVENT_DATA,False,False,False,True,2011-07-22,1345.02001953125,2011-07-25,1337.4300537109375,-0.5643013271250537,NEGATIVE,2011-07-27,1304.8900146484375,-2.9835990765994786,STRONG_NEGATIVE,2011-07-29,1292.280029296875,-3.9211305012958317,STRONG_NEGATIVE,2011-08-19,1123.530029296875,-16.46741215878452,STRONG_NEGATIVE,2011-08-22,1123.8199462890625,-16.44585731291029,STRONG_NEGATIVE,-9.63777512605274,1215.3900146484375,STRONG_NEGATIVE,-0.05204928045840396,-18.102331335826857,True,Measured from the event-date reference close to subsequent trading-session closes.,True,True,2011-10-20
CAT,Industrials,2011-03-31,2011-04-29,1.84,1.28,0.56,43.75,43.75000000000001,LARGE_BEAT,True,,,,,UNKNOWN,True,True,True,Alpha Vantage EARNINGS,primary_event_data,PRIMARY_EVENT_DATA,False,False,False,True,2011-04-29,1363.6099853515625,2011-05-02,1361.219970703125,-0.17527113134341799,NEUTRAL,2011-05-04,1347.3199462890625,-1.1946259735183842,NEGATIVE,2011-05-06,1340.199951171875,-1.7167690491538885,NEGATIVE,2011-05-27,1331.0999755859375,-2.384113501284119,STRONG_NEGATIVE,2011-05-31,1345.199951171875,-1.3500952895223242,NEGATIVE,-5.230964632185309,1292.280029296875,STRONG_NEGATIVE,0.5111410724473405,-3.7994688422643073,True,Measured from the event-date reference close to subsequent trading-session closes.,True,True,2011-07-29
CAT,Industrials,2010-12-31,2011-01-27,1.47,1.27,0.2,15.748,15.748031496062987,LARGE_BEAT,True,,,,,UNKNOWN,True,True,True,Alpha Vantage EARNINGS,primary_event_data,PRIMARY_EVENT_DATA,False,False,False,True,2011-01-27,1299.5400390625,2011-01-28,1276.3399658203125,-1.7852526697772424,NEGATIVE,2011-02-01,1307.5899658203125,0.6194443045879363,POSITIVE,2011-02-03,1307.0999755859375,0.5817394074976948,POSITIVE,2011-02-25,1319.8800048828125,1.565166536537492,POSITIVE,2011-02-28,1327.219970703125,2.129979131739069,STRONG_POSITIVE,4.689346966963221,1360.47998046875,STRONG_POSITIVE,3.4265898616472628,-1.8806702942522482,True,Measured from the event-date reference close to subsequent trading-session closes.,True,True,2011-04-28
CAT,Industrials,2010-09-30,2010-10-21,1.22,1.09,0.13,11.9266,11.926605504587146,LARGE_BEAT,True,,,,,UNKNOWN,True,True,True,Alpha Vantage EARNINGS,primary_event_data,PRIMARY_EVENT_DATA,False,False,False,True,2010-10-21,1180.260009765625,2010-10-22,1183.0799560546875,0.238925852416408,NEUTRAL,2010-10-26,1185.6400146484375,0.45583217581699276,POSITIVE,2010-10-28,1183.780029296875,0.2982410233444241,POSITIVE,2010-11-18,1196.68994140625,1.3920603515057366,POSITIVE,2010-11-19,1199.72998046875,1.649634024878241,POSITIVE,8.734513155349898,1283.3499755859375,STRONG_POSITIVE,3.96691795889619,-0.7252688833751004,True,Measured from the event-date reference close to subsequent trading-session closes.,True,True,2011-01-21
CAT,Industrials,2010-06-30,2010-07-22,1.09,0.84,0.25,29.7619,29.761904761904777,LARGE_BEAT,True,,,,,UNKNOWN,True,True,True,Alpha Vantage EARNINGS,primary_event_data,PRIMARY_EVENT_DATA,False,False,False,True,2010-07-22,1093.6700439453125,2010-07-23,1102.6600341796875,0.8220020548377142,POSITIVE,2010-07-27,1113.8399658203125,1.8442419618844903,POSITIVE,2010-07-29,1101.530029296875,0.718679769559047,POSITIVE,2010-08-19,1075.6300048828125,-1.6494955825453759,NEGATIVE,2010-08-20,1071.68994140625,-2.0097562935683357,STRONG_NEGATIVE,7.726279097411696,1178.1700439453125,STRONG_POSITIVE,3.252347130286868,-2.2109093912557225,True,Measured from the event-date reference close to subsequent trading-session closes.,True,True,2010-10-20
CAT,Industrials,2010-03-31,2010-04-26,0.5,0.39,0.11,28.2051,28.2051282051282,LARGE_BEAT,True,,,,,UNKNOWN,True,True,True,Alpha Vantage EARNINGS,primary_event_data,PRIMARY_EVENT_DATA,False,False,False,True,2010-04-26,1212.050048828125,2010-04-27,1183.7099609375,-2.338194525714983,STRONG_NEGATIVE,2010-04-29,1206.780029296875,-0.4348021384385354,NEGATIVE,2010-05-03,1202.260009765625,-0.8077256440000588,NEGATIVE,2010-05-24,1073.6500244140625,-11.418672401183025,STRONG_NEGATIVE,2010-05-25,1074.030029296875,-11.387320157669658,STRONG_NEGATIVE,-8.006273268692453,1115.010009765625,STRONG_NEGATIVE,-0.05528187107127584,-12.88313337927231,True,Measured from the event-date reference close to subsequent trading-session closes.,True,True,2010-07-26
CAT,Industrials,2009-12-31,2010-01-27,0.41,0.29,0.12,41.3793,41.37931034482759,LARGE_BEAT,True,,,,,UNKNOWN,True,True,True,Alpha Vantage EARNINGS,primary_event_data,PRIMARY_EVENT_DATA,False,False,False,True,2010-01-27,1097.5,2010-01-28,1084.530029296875,-1.1817740959567198,NEGATIVE,2010-02-01,1089.18994140625,-0.7571807374715263,NEGATIVE,2010-02-03,1097.280029296875,-0.020042888667425967,NEUTRAL,2010-02-25,1102.93994140625,0.4956666429384966,POSITIVE,2010-02-26,1104.489990234375,0.6369011603075171,POSITIVE,8.55216267440205,1191.3599853515625,STRONG_POSITIVE,1.3594573070899774,-4.829157175398633,True,Measured from the event-date reference close to subsequent trading-session closes.,True,True,2010-04-28
CAT,Industrials,2009-09-30,2009-10-20,0.64,0.04,0.6,1500.0,1500.0,LARGE_BEAT,True,,,,,UNKNOWN,True,True,True,Alpha Vantage EARNINGS,primary_event_data,PRIMARY_EVENT_DATA,False,False,False,True,2009-10-20,1091.06005859375,2009-10-21,1081.4000244140625,-0.8853806079326343,NEGATIVE,2009-10-23,1079.5999755859375,-1.050362252521939,NEGATIVE,2009-10-27,1063.4100341796875,-2.534234866016466,STRONG_NEGATIVE,2009-11-17,1110.3199462890625,1.7652454183077937,POSITIVE,2009-11-18,1109.800048828125,1.7175947452909857,POSITIVE,2.3298370859403774,1116.47998046875,STRONG_POSITIVE,2.074118893296057,-5.653222590737667,True,Measured from the event-date reference close to subsequent trading-session closes.,True,True,2010-01-21
CAT,Industrials,2009-06-30,2009-07-21,0.72,0.22,0.5,227.2727,227.27272727272728,LARGE_BEAT,True,,,,,UNKNOWN,True,True,True,Alpha Vantage EARNINGS,primary_event_data,PRIMARY_EVENT_DATA,False,False,False,True,2009-07-21,954.5800170898438,2009-07-22,954.0700073242188,-0.05342765996504184,NEUTRAL,2009-07-24,979.260009765625,2.5854294280139327,STRONG_POSITIVE,2009-07-28,979.6199951171875,2.623140813661829,STRONG_POSITIVE,2009-08-18,989.6699829101562,3.675958556862382,STRONG_POSITIVE,2009-08-19,996.4600219726562,4.387270227014485,STRONG_POSITIVE,15.014981931719372,1097.9100341796875,STRONG_POSITIVE,6.643757649934888,-0.715499692803743,True,Measured from the event-date reference close to subsequent trading-session closes.,True,True,2009-10-19
CAT,Industrials,2009-03-31,2009-04-21,0.39,0.02,0.37,1850.0,1850.0,LARGE_BEAT,True,,,,,UNKNOWN,True,True,True,Alpha Vantage EARNINGS,primary_event_data,PRIMARY_EVENT_DATA,False,False,False,True,2009-04-21,850.0800170898438,2009-04-22,843.5499877929688,-0.7681664273476094,NEGATIVE,2009-04-24,866.22998046875,1.8998168471473884,POSITIVE,2009-04-28,855.1599731445312,0.5975856334181546,POSITIVE,2009-05-19,908.1300048828125,6.828767483759535,STRONG_POSITIVE,2009-05-20,903.469970703125,6.280579773661301,STRONG_POSITIVE,12.292960415390583,954.5800170898438,STRONG_POSITIVE,9.421462004775947,-1.7210150325491387,True,Measured from the event-date reference close to subsequent trading-session closes.,True,True,2009-07-21
CAT,Industrials,2008-12-31,2009-01-26,1.08,1.28,-0.2,-15.625,-15.624999999999996,LARGE_MISS,False,,,,,UNKNOWN,True,True,True,Alpha Vantage EARNINGS,primary_event_data,PRIMARY_EVENT_DATA,False,False,False,True,2009-01-26,836.5700073242188,2009-01-27,845.7100219726562,1.0925582519593273,POSITIVE,2009-01-29,845.1400146484375,1.024422014797069,POSITIVE,2009-02-02,825.4400024414062,-1.3304331718049491,NEGATIVE,2009-02-24,773.1400146484375,-7.58214998391623,STRONG_NEGATIVE,2009-02-25,764.9000244140625,-8.567123167539048,STRONG_NEGATIVE,2.5030783147943767,857.510009765625,STRONG_POSITIVE,4.935627343300334,-11.260266490826195,True,Measured from the event-date reference close to subsequent trading-session closes.,True,True,2009-04-27
CAT,Industrials,2008-09-30,2008-10-21,1.39,1.41,-0.02,-1.4184,-1.418439716312058,IN_LINE,False,,,,,UNKNOWN,True,True,True,Alpha Vantage EARNINGS,primary_event_data,PRIMARY_EVENT_DATA,False,False,False,True,2008-10-21,955.0499877929688,2008-10-22,896.780029296875,-6.101246975642623,STRONG_NEGATIVE,2008-10-24,876.77001953125,-8.196426287865458,STRONG_NEGATIVE,2008-10-28,940.510009765625,-1.5224310992290864,NEGATIVE,2008-11-18,859.1199951171875,-10.04449964943369,STRONG_NEGATIVE,2008-11-19,806.5800170898438,-15.54578007442576,STRONG_NEGATIVE,-13.355320603450805,827.5,STRONG_NEGATIVE,5.49290850145828,-14.277785152029338,True,Measured from the event-date reference close to subsequent trading-session closes.,True,True,2009-01-22
CAT,Industrials,2008-06-30,2008-07-22,1.74,1.54,0.2,12.987,12.987012987012983,LARGE_BEAT,True,,,,,UNKNOWN,True,True,True,Alpha Vantage EARNINGS,primary_event_data,PRIMARY_EVENT_DATA,False,False,False,True,2008-07-22,1277.0,2008-07-23,1282.18994140625,0.4064167115309319,POSITIVE,2008-07-25,1257.760009765625,-1.5066554607967895,NEGATIVE,2008-07-29,1263.199951171875,-1.0806616153582616,NEGATIVE,2008-08-19,1266.68994140625,-0.8073655907400156,NEGATIVE,2008-08-20,1274.5400390625,-0.19263593872357088,NEUTRAL,-22.834767077990406,985.4000244140625,STRONG_NEGATIVE,2.830855474867854,-3.3382932562891545,True,Measured from the event-date reference close to subsequent trading-session closes.,True,True,2008-10-20
CAT,Industrials,2008-03-31,2008-04-18,1.45,1.33,0.12,9.0226,9.022556390977435,BEAT,True,,,,,UNKNOWN,True,True,True,Alpha Vantage EARNINGS,primary_event_data,PRIMARY_EVENT_DATA,False,False,False,True,2008-04-18,1390.3299560546875,2008-04-21,1388.1700439453125,-0.1553524830540328,NEUTRAL,2008-04-23,1379.9300537109375,-0.7480168501340215,NEGATIVE,2008-04-25,1397.8399658203125,0.5401602499406695,POSITIVE,2008-05-16,1425.3499755859375,2.518827950066302,STRONG_POSITIVE,2008-05-19,1426.6300048828125,2.610894534066787,STRONG_POSITIVE,-9.325117521861863,1260.6800537109375,STRONG_NEGATIVE,2.5526307679570004,-1.4737501803182786,True,Measured from the event-date reference close to subsequent trading-session closes.,True,True,2008-07-18
CAT,Industrials,2007-12-31,2008-01-25,1.5,1.5,0.0,0.0,0.0,IN_LINE,False,,,,,UNKNOWN,True,True,True,Alpha Vantage EARNINGS,primary_event_data,PRIMARY_EVENT_DATA,False,False,False,True,2008-01-25,1330.6099853515625,2008-01-28,1353.9599609375,1.7548324334698395,POSITIVE,2008-01-30,1355.81005859375,1.893873751107418,POSITIVE,2008-02-01,1395.4200439453125,4.870702858631144,STRONG_POSITIVE,2008-02-25,1371.800048828125,3.0955775118191085,STRONG_POSITIVE,2008-02-26,1381.2900390625,3.808783510485023,STRONG_POSITIVE,5.052568461748547,1397.8399658203125,STRONG_POSITIVE,4.9157931249407705,-1.0416264348039244,True,Measured from the event-date reference close to subsequent trading-session closes.,True,True,2008-04-25
CAT,Industrials,2007-09-30,2007-10-19,1.4,1.42,-0.02,-1.4085,-1.4084507042253531,IN_LINE,False,,,,,UNKNOWN,True,True,True,Alpha Vantage EARNINGS,primary_event_data,PRIMARY_EVENT_DATA,False,False,False,True,2007-10-19,1500.6300048828125,2007-10-22,1506.3299560546875,0.3798372119262084,POSITIVE,2007-10-24,1515.8800048828125,1.016239842624692,POSITIVE,2007-10-26,1535.280029296875,2.3090318267205645,STRONG_POSITIVE,2007-11-16,1458.739990234375,-2.791495206155683,STRONG_NEGATIVE,2007-11-19,1433.27001953125,-4.488780387729404,STRONG_NEGATIVE,-12.670012212481396,1310.5,STRONG_NEGATIVE,3.473874620205495,-4.1382602896033,True,Measured from the event-date reference close to subsequent trading-session closes.,True,True,2008-01-22
CAT,Industrials,2007-06-30,2007-07-20,1.24,1.49,-0.25,-16.7785,-16.778523489932887,LARGE_MISS,False,,,,,UNKNOWN,True,True,True,Alpha Vantage EARNINGS,primary_event_data,PRIMARY_EVENT_DATA,False,False,False,True,2007-07-20,1534.0999755859375,2007-07-23,1541.5699462890625,0.48692854585776935,POSITIVE,2007-07-25,1518.0899658203125,-1.0436092836459436,NEGATIVE,2007-07-27,1458.949951171875,-4.8986393070868495,STRONG_NEGATIVE,2007-08-17,1445.93994140625,-5.7466941909060045,STRONG_NEGATIVE,2007-08-20,1445.550048828125,-5.772109260610056,STRONG_NEGATIVE,0.3898038305141093,1540.0799560546875,POSITIVE,0.8558767415270702,-10.657714790560012,True,Measured from the event-date reference close to subsequent trading-session closes.,True,True,2007-10-18
CAT,Industrials,2007-03-31,2007-04-20,1.23,1.08,0.15,13.8889,13.88888888888888,LARGE_BEAT,True,,,,,UNKNOWN,True,True,True,Alpha Vantage EARNINGS,primary_event_data,PRIMARY_EVENT_DATA,False,False,False,True,2007-04-20,1484.3499755859375,2007-04-23,1480.9300537109375,-0.23039862102938413,NEUTRAL,2007-04-25,1495.4200439453125,0.7457855991815652,POSITIVE,2007-04-27,1494.0699462890625,0.6548301184353849,POSITIVE,2007-05-18,1522.75,2.5869926261092395,STRONG_POSITIVE,2007-05-21,1525.0999755859375,2.7453094398384184,STRONG_POSITIVE,3.351635451091075,1534.0999755859375,STRONG_POSITIVE,2.5869926261092395,-0.7147900108513343,True,Measured from the event-date reference close to subsequent trading-session closes.,True,True,2007-07-20
CAT,Industrials,2006-12-31,2007-01-26,1.32,1.34,-0.02,-1.4925,-1.492537313432837,IN_LINE,False,,,,,UNKNOWN,True,True,True,Alpha Vantage EARNINGS,primary_event_data,PRIMARY_EVENT_DATA,False,False,False,True,2007-01-26,1422.1800537109375,2007-01-29,1420.6199951171875,-0.10969487229688615,NEUTRAL,2007-01-31,1438.239990234375,1.1292477687007225,POSITIVE,2007-02-02,1448.3900146484375,1.842942521174415,POSITIVE,2007-02-26,1449.3699951171875,1.911849440955276,POSITIVE,2007-02-27,1399.0400390625,-1.6270805224737586,NEGATIVE,5.054907948577997,1494.0699462890625,STRONG_POSITIVE,2.769683942292944,-0.2615767788143667,True,Measured from the event-date reference close to subsequent trading-session closes.,True,True,2007-04-27
CAT,Industrials,2006-09-30,2006-10-20,1.14,1.35,-0.21,-15.5556,-15.55555555555557,LARGE_MISS,False,,,,,UNKNOWN,True,True,True,Alpha Vantage EARNINGS,primary_event_data,PRIMARY_EVENT_DATA,False,False,False,True,2006-10-20,1368.5999755859375,2006-10-23,1377.02001953125,0.6152304614580775,POSITIVE,2006-10-25,1382.219970703125,0.9951772146829377,POSITIVE,2006-10-27,1377.3399658203125,0.6386080951545506,POSITIVE,2006-11-17,1401.199951171875,2.3819944591172817,STRONG_POSITIVE,2006-11-20,1400.5,2.330850868268149,STRONG_POSITIVE,5.226511075031323,1440.1300048828125,STRONG_POSITIVE,2.5690512061155393,-0.5567729981819676,True,Measured from the event-date reference close to subsequent trading-session closes.,True,True,2007-01-24
CAT,Industrials,2006-06-30,2006-07-21,1.52,1.42,0.1,7.0423,7.042253521126768,BEAT,True,,,,,UNKNOWN,True,True,True,Alpha Vantage EARNINGS,primary_event_data,PRIMARY_EVENT_DATA,False,False,False,True,2006-07-21,1240.2900390625,2006-07-24,1260.9100341796875,1.6625139659086168,POSITIVE,2006-07-26,1268.4000244140625,2.2664041850090193,STRONG_POSITIVE,2006-07-28,1278.550048828125,3.0847631248046348,STRONG_POSITIVE,2006-08-18,1302.300048828125,4.999637811531294,STRONG_POSITIVE,2006-08-21,1297.52001953125,4.6142417230092825,STRONG_POSITIVE,10.21292745128762,1366.9599609375,STRONG_POSITIVE,4.999637811531294,-0.0032282015689059623,True,Measured from the event-date reference close to subsequent trading-session closes.,True,True,2006-10-19
CAT,Industrials,2006-03-31,2006-04-24,1.2,1.06,0.14,13.2075,13.20754716981131,LARGE_BEAT,True,,,,,UNKNOWN,True,True,True,Alpha Vantage EARNINGS,primary_event_data,PRIMARY_EVENT_DATA,False,False,False,True,2006-04-24,1308.1099853515625,2006-04-25,1301.739990234375,-0.48696173781408186,NEGATIVE,2006-04-27,1309.719970703125,0.12307721595212857,NEUTRAL,2006-05-01,1305.18994140625,-0.22322617960352323,NEUTRAL,2006-05-22,1262.0699462890625,-3.5195847121468504,STRONG_NEGATIVE,2006-05-23,1256.5799560546875,-3.9392734459576797,STRONG_NEGATIVE,-3.608255551935851,1260.9100341796875,STRONG_NEGATIVE,1.4211317112846849,-4.2144777962226145,True,Measured from the event-date reference close to subsequent trading-session closes.,True,True,2006-07-24
CAT,Industrials,2005-12-31,2006-01-26,1.2,1.1,0.1,9.0909,9.09090909090908,BEAT,True,,,,,UNKNOWN,True,True,True,Alpha Vantage EARNINGS,primary_event_data,PRIMARY_EVENT_DATA,False,False,False,True,2006-01-26,1273.8299560546875,2006-01-27,1283.719970703125,0.7763999112620104,POSITIVE,2006-01-31,1280.0799560546875,0.490646335509139,POSITIVE,2006-02-02,1270.8399658203125,-0.23472444027267286,NEUTRAL,2006-02-24,1289.4300537109375,1.2246609197798033,POSITIVE,2006-02-27,1294.1199951171875,1.5928373301364658,POSITIVE,2.817488666980029,1309.719970703125,STRONG_POSITIVE,1.5967663339950349,-1.587336724734469,True,Measured from the event-date reference close to subsequent trading-session closes.,True,True,2006-04-27
CAT,Industrials,2005-09-30,2005-10-21,0.94,1.06,-0.12,-11.3208,-11.320754716981142,LARGE_MISS,False,,,,,UNKNOWN,True,True,True,Alpha Vantage EARNINGS,primary_event_data,PRIMARY_EVENT_DATA,False,False,False,True,2005-10-21,1179.5899658203125,2005-10-24,1199.3800048828125,1.677704934420799,POSITIVE,2005-10-26,1191.3800048828125,0.9995031667042835,POSITIVE,2005-10-28,1198.4100341796875,1.595475453734223,POSITIVE,2005-11-18,1248.27001953125,5.82236672920288,STRONG_POSITIVE,2005-11-21,1254.8499755859375,6.380183957676136,STRONG_POSITIVE,7.398335189343573,1266.8599853515625,STRONG_POSITIVE,5.933416887426848,-0.05933851526010894,True,Measured from the event-date reference close to subsequent trading-session closes.,True,True,2006-01-24
CAT,Industrials,2005-06-30,2005-07-21,1.08,1.33,-0.25,-18.797,-18.79699248120301,LARGE_MISS,False,,,,,UNKNOWN,True,True,True,Alpha Vantage EARNINGS,primary_event_data,PRIMARY_EVENT_DATA,False,False,False,True,2005-07-21,1227.0400390625,2005-07-22,1233.6800537109375,0.541140829724733,POSITIVE,2005-07-26,1231.1600341796875,0.33576696652338384,POSITIVE,2005-07-28,1243.719970703125,1.3593632733752545,POSITIVE,2005-08-18,1219.02001953125,-0.6536069953656578,NEGATIVE,2005-08-19,1219.7099609375,-0.5973788867232422,NEGATIVE,-2.549226455623567,1195.760009765625,STRONG_NEGATIVE,1.533767904056462,-0.9054297331691722,True,Measured from the event-date reference close to subsequent trading-session closes.,True,True,2005-10-19
CAT,Industrials,2005-03-31,2005-04-20,0.82,0.68,0.14,20.5882,20.58823529411763,LARGE_BEAT,True,,,,,UNKNOWN,True,True,True,Alpha Vantage EARNINGS,primary_event_data,PRIMARY_EVENT_DATA,False,False,False,True,2005-04-20,1137.5,2005-04-21,1159.949951171875,1.9736220810439562,POSITIVE,2005-04-25,1162.0999755859375,2.1626352163461537,STRONG_POSITIVE,2005-04-27,1156.3800048828125,1.6597806490384615,POSITIVE,2005-05-18,1185.56005859375,4.225060096153846,STRONG_POSITIVE,2005-05-19,1191.0799560546875,4.7103258070054945,STRONG_POSITIVE,8.589006696428571,1235.199951171875,STRONG_POSITIVE,4.43077137706044,0.0,True,Measured from the event-date reference close to subsequent trading-session closes.,True,True,2005-07-20
CAT,Industrials,2004-12-31,2005-01-27,0.78,0.81,-0.03,-3.7037,-3.703703703703707,MISS,False,,,,,UNKNOWN,True,True,True,Alpha Vantage EARNINGS,primary_event_data,PRIMARY_EVENT_DATA,False,False,False,True,2005-01-27,1174.550048828125,2005-01-28,1171.3599853515625,-0.2715987692261643,NEGATIVE,2005-02-01,1189.4100341796875,1.265164082738632,POSITIVE,2005-02-03,1189.8900146484375,1.3060291330810065,POSITIVE,2005-02-25,1211.3699951171875,3.1348128865005447,STRONG_POSITIVE,2005-02-28,1203.5999755859375,2.4732813034911763,STRONG_POSITIVE,-2.6674110785026763,1143.219970703125,STRONG_NEGATIVE,3.225907028476871,-0.7066577398218276,True,Measured from the event-date reference close to subsequent trading-session closes.,True,True,2005-04-28
CAT,Industrials,2004-09-30,2004-10-21,0.71,0.68,0.03,4.4118,4.41176470588234,BEAT,True,,,,,UNKNOWN,True,True,True,Alpha Vantage EARNINGS,primary_event_data,PRIMARY_EVENT_DATA,False,False,False,True,2004-10-21,1106.489990234375,2004-10-22,1095.739990234375,-0.9715406460860032,NEGATIVE,2004-10-26,1111.0899658203125,0.4157268142085172,POSITIVE,2004-10-28,1127.43994140625,1.8933701485575494,POSITIVE,2004-11-18,1183.550048828125,6.9643701501020585,STRONG_POSITIVE,2004-11-19,1170.3399658203125,5.7704973519383485,STRONG_POSITIVE,5.54727159075439,1167.8699951171875,STRONG_POSITIVE,7.408107748517658,-1.4640847467986178,True,Measured from the event-date reference close to subsequent trading-session closes.,True,True,2005-01-21
CAT,Industrials,2004-06-30,2004-07-22,0.78,0.86,-0.08,-9.3023,-9.302325581395344,MISS,False,,,,,UNKNOWN,True,True,True,Alpha Vantage EARNINGS,primary_event_data,PRIMARY_EVENT_DATA,False,False,False,True,2004-07-22,1096.8399658203125,2004-07-23,1086.199951171875,-0.9700608092339132,NEGATIVE,2004-07-27,1094.8299560546875,-0.1832546067120867,NEUTRAL,2004-07-29,1100.4300537109375,0.3273119144541765,POSITIVE,2004-08-19,1091.22998046875,-0.5114679922669361,NEGATIVE,2004-08-20,1098.3499755859375,0.13766910512744518,NEUTRAL,0.621792474007305,1103.6600341796875,POSITIVE,1.072171887612596,-3.293096189303589,True,Measured from the event-date reference close to subsequent trading-session closes.,True,True,2004-10-20
CAT,Industrials,2004-03-31,2004-04-22,0.58,0.35,0.23,65.7143,65.71428571428571,LARGE_BEAT,True,,,,,UNKNOWN,True,True,True,Alpha Vantage EARNINGS,primary_event_data,PRIMARY_EVENT_DATA,False,False,False,True,2004-04-22,1139.9300537109375,2004-04-23,1140.5999755859375,0.05876868258882473,NEUTRAL,2004-04-27,1138.1099853515625,-0.1596649157068835,NEUTRAL,2004-04-29,1113.8900146484375,-2.284354112581649,STRONG_NEGATIVE,2004-05-20,1089.18994140625,-4.45116015140646,STRONG_NEGATIVE,2004-05-21,1093.56005859375,-4.067793016442916,STRONG_NEGATIVE,-4.713456090060008,1086.199951171875,STRONG_NEGATIVE,0.5816150614881264,-5.580176363874094,True,Measured from the event-date reference close to subsequent trading-session closes.,True,True,2004-07-23
CAT,Industrials,2003-12-31,2004-01-27,0.49,0.47,0.02,4.2553,4.255319148936175,BEAT,True,,,,,UNKNOWN,True,True,True,Alpha Vantage EARNINGS,primary_event_data,PRIMARY_EVENT_DATA,False,False,False,True,2004-01-27,1144.050048828125,2004-01-28,1128.47998046875,-1.360960420859538,NEGATIVE,2004-01-30,1131.1300048828125,-1.1293250639293952,NEGATIVE,2004-02-03,1136.030029296875,-0.7010199894196131,NEGATIVE,2004-02-25,1143.6700439453125,-0.03321575688071926,NEUTRAL,2004-02-26,1144.9100341796875,0.07517025609529945,NEUTRAL,-0.519213602818079,1138.1099853515625,NEGATIVE,1.3050068618866848,-1.8941517434057709,True,Measured from the event-date reference close to subsequent trading-session closes.,True,True,2004-04-27
CAT,Industrials,2003-09-30,2003-10-16,0.37,0.37,0.0,0.0,0.0,IN_LINE,False,,,,,UNKNOWN,True,True,True,Alpha Vantage EARNINGS,primary_event_data,PRIMARY_EVENT_DATA,False,False,False,True,2003-10-16,1050.0699462890625,2003-10-17,1039.3199462890625,-1.0237413267554605,NEGATIVE,2003-10-21,1046.030029296875,-0.38472837037804286,NEGATIVE,2003-10-23,1033.77001953125,-1.5522705716334697,NEGATIVE,2003-11-13,1058.4100341796875,0.794241176037729,POSITIVE,2003-11-14,1050.3499755859375,0.026667680364019647,NEUTRAL,8.548002929027351,1139.8299560546875,STRONG_POSITIVE,1.1732616863204215,-3.0236022921185146,True,Measured from the event-date reference close to subsequent trading-session closes.,True,True,2004-01-16
CAT,Industrials,2003-06-30,2003-07-17,0.57,0.33,0.24,72.7273,72.7272727272727,LARGE_BEAT,True,,,,,UNKNOWN,True,True,True,Alpha Vantage EARNINGS,primary_event_data,PRIMARY_EVENT_DATA,False,False,False,True,2003-07-17,981.72998046875,2003-07-18,993.3200073242188,1.180571754560742,POSITIVE,2003-07-22,988.1099853515625,0.6498736933516299,POSITIVE,2003-07-24,981.5999755859375,-0.013242427693857951,NEUTRAL,2003-08-14,990.510009765625,0.8943425862050958,POSITIVE,2003-08-15,990.6699829101562,0.9106376110809651,POSITIVE,6.624023977125043,1046.760009765625,STRONG_POSITIVE,2.3285472422675415,-2.127871617336862,True,Measured from the event-date reference close to subsequent trading-session closes.,True,True,2003-10-15
CAT,Industrials,2003-03-31,2003-04-16,0.19,0.13,0.06,46.1538,46.15384615384615,LARGE_BEAT,True,,,,,UNKNOWN,True,True,True,Alpha Vantage EARNINGS,primary_event_data,PRIMARY_EVENT_DATA,False,False,False,True,2003-04-16,879.9099731445312,2003-04-17,893.5800170898438,1.5535730202556872,POSITIVE,2003-04-22,911.3699951171875,3.5753682686681767,STRONG_POSITIVE,2003-04-24,911.4299926757812,3.5821868706189357,STRONG_POSITIVE,2003-05-15,946.6699829101562,7.587140935230565,STRONG_POSITIVE,2003-05-16,944.2999877929688,7.317795753391352,STRONG_POSITIVE,11.571639193989919,981.72998046875,STRONG_POSITIVE,7.76443152247312,-0.08068563366350026,True,Measured from the event-date reference close to subsequent trading-session closes.,True,True,2003-07-17
CAT,Industrials,2002-12-31,2003-01-23,0.44,0.34,0.1,29.4118,29.411764705882344,LARGE_BEAT,True,,,,,UNKNOWN,True,True,True,Alpha Vantage EARNINGS,primary_event_data,PRIMARY_EVENT_DATA,False,False,False,True,2003-01-23,887.3400268554688,2003-01-24,861.4000244140625,-2.9233441134546494,STRONG_NEGATIVE,2003-01-28,858.5399780273438,-3.2456609593264742,STRONG_NEGATIVE,2003-01-30,844.6099853515625,-4.815520568291256,STRONG_NEGATIVE,2003-02-21,848.1699829101562,-4.414321766157921,STRONG_NEGATIVE,2003-02-24,832.5800170898438,-6.171254322841946,STRONG_NEGATIVE,2.7148517018534437,911.4299926757812,STRONG_POSITIVE,0.0,-9.134046292867904,True,Measured from the event-date reference close to subsequent trading-session closes.,True,True,2003-04-24
CAT,Industrials,2002-09-30,2002-10-16,0.31,0.28,0.03,10.7143,10.714285714285705,LARGE_BEAT,True,,,,,UNKNOWN,True,True,True,Alpha Vantage EARNINGS,primary_event_data,PRIMARY_EVENT_DATA,False,False,False,True,2002-10-16,860.02001953125,2002-10-17,879.2000122070312,2.2301797911908166,STRONG_POSITIVE,2002-10-21,899.719970703125,4.6161659345457196,STRONG_POSITIVE,2002-10-23,896.1400146484375,4.199901664716426,STRONG_POSITIVE,2002-11-13,882.530029296875,2.617382067209782,STRONG_POSITIVE,2002-11-14,904.27001953125,5.145229063867404,STRONG_POSITIVE,6.3463587841171485,914.5999755859375,STRONG_POSITIVE,7.632375075298597,0.0,True,Measured from the event-date reference close to subsequent trading-session closes.,True,True,2003-01-16
CAT,Industrials,2002-06-30,2002-07-16,0.29,0.36,-0.07,-19.4444,-19.444444444444446,LARGE_MISS,False,,,,,UNKNOWN,True,True,True,Alpha Vantage EARNINGS,primary_event_data,PRIMARY_EVENT_DATA,False,False,False,True,2002-07-16,900.9400024414062,2002-07-17,906.0399780273438,0.5660727209489383,POSITIVE,2002-07-19,847.75,-5.903834028600093,STRONG_NEGATIVE,2002-07-23,797.7000122070312,-11.459141558218173,STRONG_NEGATIVE,2002-08-13,884.2100219726562,-1.8569472354889753,NEGATIVE,2002-08-14,919.6199951171875,2.0733891963017954,STRONG_POSITIVE,-6.604213359243048,841.4400024414062,STRONG_NEGATIVE,2.8392586654522955,-13.9032576449253,True,Measured from the event-date reference close to subsequent trading-session closes.,True,True,2002-10-14
CAT,Industrials,2002-03-31,2002-04-16,0.12,0.12,0.0,0.0,0.0,IN_LINE,False,,,,,UNKNOWN,True,True,True,Alpha Vantage EARNINGS,primary_event_data,PRIMARY_EVENT_DATA,False,False,False,True,2002-04-16,1128.3699951171875,2002-04-17,1126.0699462890625,-0.20383817702332002,NEUTRAL,2002-04-19,1125.1700439453125,-0.2835905940181144,NEGATIVE,2002-04-23,1100.9599609375,-2.429170777165234,STRONG_NEGATIVE,2002-05-14,1097.280029296875,-2.7552988784572947,STRONG_NEGATIVE,2002-05-15,1091.0699462890625,-3.305657629105175,STRONG_NEGATIVE,-20.15562215053063,900.9400024414062,STRONG_NEGATIVE,0.4103268345354795,-7.037588248829704,True,Measured from the event-date reference close to subsequent trading-session closes.,True,True,2002-07-16
CAT,Industrials,2001-12-31,2002-01-23,0.38,0.38,0.0,0.0,0.0,IN_LINE,False,,,,,UNKNOWN,True,True,True,Alpha Vantage EARNINGS,primary_event_data,PRIMARY_EVENT_DATA,False,False,False,True,2002-01-23,1128.1800537109375,2002-01-24,1132.1500244140625,0.3518915877006089,POSITIVE,2002-01-28,1133.06005859375,0.4325555009380494,POSITIVE,2002-01-30,1113.5699462890625,-1.2950155760880349,NEGATIVE,2002-02-21,1080.949951171875,-4.186397586423187,STRONG_NEGATIVE,2002-02-22,1089.8399658203125,-3.398401502004263,STRONG_NEGATIVE,-3.1058906729685867,1093.1400146484375,STRONG_NEGATIVE,1.003381175888339,-4.770521175440386,True,Measured from the event-date reference close to subsequent trading-session closes.,True,True,2002-04-24
CAT,Industrials,2001-09-30,2001-10-16,0.3,0.31,-0.01,-3.2258,-3.2258064516129057,MISS,False,,,,,UNKNOWN,True,True,True,Alpha Vantage EARNINGS,primary_event_data,PRIMARY_EVENT_DATA,False,False,False,True,2001-10-16,1097.5400390625,2001-10-17,1077.0899658203125,-1.8632644381389132,NEGATIVE,2001-10-19,1073.47998046875,-2.1921804888595857,STRONG_NEGATIVE,2001-10-23,1084.780029296875,-1.1626008447513572,NEGATIVE,2001-11-13,1139.0899658203125,3.785732208303192,STRONG_POSITIVE,2001-11-14,1141.2099609375,3.9788910035848994,STRONG_POSITIVE,2.73611040670676,1127.5699462890625,STRONG_POSITIVE,3.790292299629587,-4.0025923563081856,True,Measured from the event-date reference close to subsequent trading-session closes.,True,True,2002-01-16
CAT,Industrials,2001-06-30,2001-07-17,0.39,0.35,0.04,11.4286,11.42857142857144,LARGE_BEAT,True,,,,,UNKNOWN,True,True,True,Alpha Vantage EARNINGS,primary_event_data,PRIMARY_EVENT_DATA,False,False,False,True,2001-07-17,1214.43994140625,2001-07-18,1207.7099609375,-0.5541633010651048,NEGATIVE,2001-07-20,1210.8499755859375,-0.295606698850462,NEGATIVE,2001-07-24,1171.6500244140625,-3.5234280044050013,STRONG_NEGATIVE,2001-08-14,1186.72998046875,-2.2817069821841907,STRONG_NEGATIVE,2001-08-15,1178.02001953125,-2.998906790963073,STRONG_NEGATIVE,-11.606993160507933,1073.47998046875,STRONG_NEGATIVE,0.9741180046583009,-4.026539368190311,True,Measured from the event-date reference close to subsequent trading-session closes.,True,True,2001-10-19
CAT,Industrials,2001-03-31,2001-04-17,0.24,0.25,-0.01,-4.0,-4.000000000000004,MISS,False,,,,,UNKNOWN,True,True,True,Alpha Vantage EARNINGS,primary_event_data,PRIMARY_EVENT_DATA,False,False,False,True,2001-04-17,1191.81005859375,2001-04-18,1238.1600341796875,3.889040476854771,STRONG_POSITIVE,2001-04-20,1242.97998046875,4.293462830425917,STRONG_POSITIVE,2001-04-24,1209.469970703125,1.481772366497093,POSITIVE,2001-05-15,1249.43994140625,4.835492232755537,STRONG_POSITIVE,2001-05-16,1284.989990234375,7.818354188969558,STRONG_POSITIVE,1.8987826666945262,1214.43994140625,POSITIVE,6.806453304556202,0.0,True,Measured from the event-date reference close to subsequent trading-session closes.,True,True,2001-07-17
CAT,Industrials,2000-12-31,2001-01-18,0.38,0.32,0.06,18.75,18.75,LARGE_BEAT,True,,,,,UNKNOWN,True,True,True,Alpha Vantage EARNINGS,primary_event_data,PRIMARY_EVENT_DATA,False,False,False,True,2001-01-18,1347.969970703125,2001-01-19,1342.5400390625,-0.4028228935836494,NEGATIVE,2001-01-23,1360.4000244140625,0.9221313516690408,POSITIVE,2001-01-25,1357.510009765625,0.7077337974764932,POSITIVE,2001-02-15,1326.6099853515625,-1.5846039463639352,NEGATIVE,2001-02-16,1301.530029296875,-3.445176258787583,STRONG_NEGATIVE,-6.994223265055146,1253.68994140625,STRONG_NEGATIVE,2.6261730738406004,-3.2085284494460984,True,Measured from the event-date reference close to subsequent trading-session closes.,True,True,2001-04-19
CAT,Industrials,2000-09-30,2000-10-17,0.31,0.29,0.02,6.8966,6.896551724137938,BEAT,True,,,,,UNKNOWN,True,True,True,Alpha Vantage EARNINGS,primary_event_data,PRIMARY_EVENT_DATA,False,False,False,True,2000-10-17,1349.969970703125,2000-10-18,1342.1300048828125,-0.5807511270957453,NEGATIVE,2000-10-20,1396.9300537109375,3.478602045003533,STRONG_POSITIVE,2000-10-24,1398.1300048828125,3.567489294195455,STRONG_POSITIVE,2000-11-14,1382.949951171875,2.4430158584618398,STRONG_POSITIVE,2000-11-15,1389.81005859375,2.9511832674229406,STRONG_POSITIVE,-0.14815144361754284,1347.969970703125,NEUTRAL,6.554959899462463,-3.272660325741476,True,Measured from the event-date reference close to subsequent trading-session closes.,True,True,2001-01-18
CAT,Industrials,2000-06-30,2000-07-20,0.45,0.43,0.02,4.6512,4.651162790697678,BEAT,True,,,,,UNKNOWN,True,True,True,Alpha Vantage EARNINGS,primary_event_data,PRIMARY_EVENT_DATA,False,False,False,True,2000-07-20,1495.5699462890625,2000-07-21,1480.18994140625,-1.028370817491666,NEGATIVE,2000-07-25,1474.469970703125,-1.4108317460037616,NEGATIVE,2000-07-27,1449.6199951171875,-3.0724040213491848,STRONG_NEGATIVE,2000-08-17,1496.0699462890625,0.033432070578888216,NEUTRAL,2000-08-18,1491.719970703125,-0.257425311032118,NEGATIVE,-10.259629901428445,1342.1300048828125,STRONG_NEGATIVE,0.25074052934166163,-5.4614584789762795,True,Measured from the event-date reference close to subsequent trading-session closes.,True,True,2000-10-18
CAT,Industrials,2000-03-31,2000-04-18,0.37,0.29,0.08,27.5862,27.58620689655173,LARGE_BEAT,True,,,,,UNKNOWN,True,True,True,Alpha Vantage EARNINGS,primary_event_data,PRIMARY_EVENT_DATA,False,False,False,True,2000-04-18,1441.6099853515625,2000-04-19,1427.469970703125,-0.9808488281932373,NEGATIVE,2000-04-24,1429.8599853515625,-0.8150609470934368,NEGATIVE,2000-04-26,1460.989990234375,1.3443306497413263,POSITIVE,2000-05-17,1447.800048828125,0.42938544678940616,POSITIVE,2000-05-18,1437.2099609375,-0.30521600563064044,NEGATIVE,2.798952282235853,1481.9599609375,STRONG_POSITIVE,2.866930478745848,-4.61081508719677,True,Measured from the event-date reference close to subsequent trading-session closes.,True,True,2000-07-19
CAT,Industrials,1999-12-31,2000-01-21,0.34,0.32,0.02,6.25,6.250000000000005,BEAT,True,,,,,UNKNOWN,True,True,True,Alpha Vantage EARNINGS,primary_event_data,PRIMARY_EVENT_DATA,False,False,False,True,2000-01-21,1441.3599853515625,2000-01-24,1401.530029296875,-2.7633593591799737,STRONG_NEGATIVE,2000-01-26,1404.0899658203125,-2.5857537263433508,STRONG_NEGATIVE,2000-01-28,1360.1600341796875,-5.633564966219698,STRONG_NEGATIVE,2000-02-18,1346.0899658203125,-6.609731121959284,STRONG_NEGATIVE,2000-02-22,1352.1700439453125,-6.1879018643975785,STRONG_NEGATIVE,-0.4731605121810736,1434.5400390625,NEGATIVE,0.8831923043600399,-6.663154245889159,True,Measured from the event-date reference close to subsequent trading-session closes.,True,True,2000-04-20
CAT,Industrials,1999-09-30,1999-10-15,0.31,0.3,0.01,3.3333,3.3333333333333366,BEAT,True,,,,,UNKNOWN,True,True,True,Alpha Vantage EARNINGS,primary_event_data,PRIMARY_EVENT_DATA,False,False,False,True,1999-10-15,1247.4100341796875,1999-10-18,1254.1300048828125,0.5387138566304813,POSITIVE,1999-10-20,1289.4300537109375,3.3685811705757915,STRONG_POSITIVE,1999-10-22,1301.6500244140625,4.348208588048108,STRONG_POSITIVE,1999-11-12,1396.06005859375,11.91669301520543,STRONG_POSITIVE,1999-11-15,1394.3900146484375,11.782812101989053,STRONG_POSITIVE,17.455366260346267,1465.1500244140625,STRONG_POSITIVE,11.921497892655124,-1.0990839124384968,True,Measured from the event-date reference close to subsequent trading-session closes.,True,True,2000-01-14
CAT,Industrials,1999-06-30,1999-07-16,0.39,0.4,-0.01,-2.5,-2.500000000000002,IN_LINE,False,,,,,UNKNOWN,True,True,True,Alpha Vantage EARNINGS,primary_event_data,PRIMARY_EVENT_DATA,False,False,False,True,1999-07-16,1418.780029296875,1999-07-19,1407.6500244140625,-0.7844771319714977,NEGATIVE,1999-07-21,1379.2900390625,-2.783376522007123,STRONG_NEGATIVE,1999-07-23,1356.93994140625,-4.358680458821511,STRONG_NEGATIVE,1999-08-13,1327.6800537109375,-6.421007746428825,STRONG_NEGATIVE,1999-08-16,1330.77001953125,-6.20321740849717,STRONG_NEGATIVE,-9.54058998269413,1283.4200439453125,STRONG_NEGATIVE,0.109243626623404,-10.646474133342785,True,Measured from the event-date reference close to subsequent trading-session closes.,True,True,1999-10-14
CAT,Industrials,1999-03-31,1999-04-16,0.29,0.21,0.08,38.0952,38.095238095238095,LARGE_BEAT,True,,,,,UNKNOWN,True,True,True,Alpha Vantage EARNINGS,primary_event_data,PRIMARY_EVENT_DATA,False,False,False,True,1999-04-16,1319.0,1999-04-19,1289.47998046875,-2.2380606164708112,STRONG_NEGATIVE,1999-04-21,1336.1199951171875,1.297952624502464,POSITIVE,1999-04-23,1356.8499755859375,2.869596329487301,STRONG_POSITIVE,1999-05-14,1337.800048828125,1.4253259157031843,POSITIVE,1999-05-17,1339.489990234375,1.553448842636467,POSITIVE,7.564824055866186,1418.780029296875,STRONG_POSITIVE,4.319937867228962,-2.6376072071645185,True,Measured from the event-date reference close to subsequent trading-session closes.,True,True,1999-07-16
CAT,Industrials,1998-12-31,1999-01-20,0.42,0.42,0.0,0.0,0.0,IN_LINE,False,,,,,UNKNOWN,True,True,True,Alpha Vantage EARNINGS,primary_event_data,PRIMARY_EVENT_DATA,False,False,False,True,1999-01-20,1256.6199951171875,1999-01-21,1235.1600341796875,-1.7077526237753942,NEGATIVE,1999-01-25,1233.97998046875,-1.8016595897255465,NEGATIVE,1999-01-27,1243.1700439453125,-1.0703276427350426,NEGATIVE,1999-02-18,1237.280029296875,-1.5390464814710296,NEGATIVE,1999-02-19,1239.219970703125,-1.3846687528189332,NEGATIVE,6.326494907681789,1336.1199951171875,STRONG_POSITIVE,2.1589665124087465,-3.559547090015757,True,Measured from the event-date reference close to subsequent trading-session closes.,True,True,1999-04-21
CAT,Industrials,1998-09-30,1998-10-16,0.46,0.5,-0.04,-8.0,-7.9999999999999964,MISS,False,,,,,UNKNOWN,True,True,True,Alpha Vantage EARNINGS,primary_event_data,PRIMARY_EVENT_DATA,False,False,False,True,1998-10-16,1056.4200439453125,1998-10-19,1062.3900146484375,0.5651133502569217,POSITIVE,1998-10-21,1069.9200439453125,1.2779007817366679,POSITIVE,1998-10-23,1070.6700439453125,1.3488952696109273,POSITIVE,1998-11-13,1125.719970703125,6.559883746526106,STRONG_POSITIVE,1998-11-16,1135.8699951171875,7.520678126776234,STRONG_POSITIVE,18.51346509143025,1252.0,STRONG_POSITIVE,8.03468330322654,-0.20730991324089953,True,Measured from the event-date reference close to subsequent trading-session closes.,True,True,1999-01-19
CAT,Industrials,1998-06-30,1998-07-15,0.61,0.62,-0.01,-1.6129,-1.6129032258064528,IN_LINE,False,,,,,UNKNOWN,True,True,True,Alpha Vantage EARNINGS,primary_event_data,PRIMARY_EVENT_DATA,False,False,False,True,1998-07-15,1174.81005859375,1998-07-16,1183.989990234375,0.781397092531996,POSITIVE,1998-07-20,1184.0999755859375,0.7907590613675498,POSITIVE,1998-07-22,1164.0799560546875,-0.913347860836879,NEGATIVE,1998-08-12,1084.219970703125,-7.71104122134105,STRONG_NEGATIVE,1998-08-13,1074.9100341796875,-8.503504348068235,STRONG_NEGATIVE,-15.322482939604182,994.7999877929688,STRONG_NEGATIVE,1.3423359244824733,-10.283369444279348,True,Measured from the event-date reference close to subsequent trading-session closes.,True,True,1998-10-13
CAT,Industrials,1998-03-31,1998-04-17,0.57,0.55,0.02,3.6364,3.636363636363619,BEAT,True,,,,,UNKNOWN,True,True,True,Alpha Vantage EARNINGS,primary_event_data,PRIMARY_EVENT_DATA,False,False,False,True,1998-04-17,1122.719970703125,1998-04-20,1123.6500244140625,0.08283933083999885,NEUTRAL,1998-04-22,1130.5400390625,0.6965288374159347,POSITIVE,1998-04-24,1107.9000244140625,-1.3200038011064525,NEGATIVE,1998-05-15,1108.72998046875,-1.2460801089708504,NEGATIVE,1998-05-18,1105.8199462890625,-1.5052751224758685,NEGATIVE,5.7031166246000735,1186.75,STRONG_POSITIVE,0.91385296720067,-4.0989757670765465,True,Measured from the event-date reference close to subsequent trading-session closes.,True,True,1998-07-17
CAT,Industrials,1997-12-31,1998-01-21,0.6,0.56,0.04,7.1429,7.142857142857128,BEAT,True,,,,,UNKNOWN,True,True,True,Alpha Vantage EARNINGS,primary_event_data,PRIMARY_EVENT_DATA,False,False,False,True,1998-01-21,970.8099975585938,1998-01-22,963.0399780273438,-0.8003645976854535,NEGATIVE,1998-01-26,956.9500122070312,-1.427672292870673,NEGATIVE,1998-01-28,977.4600219726562,0.684997520708076,POSITIVE,1998-02-19,1028.280029296875,5.919802214934712,STRONG_POSITIVE,1998-02-20,1034.2099609375,6.530625306532209,STRONG_POSITIVE,16.453275296463524,1130.5400390625,STRONG_POSITIVE,6.398786200035446,-2.05498627509006,True,Measured from the event-date reference close to subsequent trading-session closes.,True,True,1998-04-22
CAT,Industrials,1997-09-30,1997-10-15,0.52,0.46,0.06,13.0435,13.043478260869565,LARGE_BEAT,True,,,,,UNKNOWN,True,True,True,Alpha Vantage EARNINGS,primary_event_data,PRIMARY_EVENT_DATA,False,False,False,True,1997-10-15,965.719970703125,1997-10-16,955.25,-1.0841621816624527,NEGATIVE,1997-10-20,955.6099853515625,-1.0468858114429986,NEGATIVE,1997-10-22,968.489990234375,0.28683465344857617,POSITIVE,1997-11-12,905.9600219726562,-6.188123943109358,STRONG_NEGATIVE,1997-11-13,916.6599731445312,-5.080147356057467,STRONG_NEGATIVE,-1.5522087860998703,950.72998046875,NEGATIVE,0.7931941361956463,-11.437057793415848,True,Measured from the event-date reference close to subsequent trading-session closes.,True,True,1998-01-15
CAT,Industrials,1997-06-30,1997-07-22,0.57,0.55,0.02,3.6364,3.636363636363619,BEAT,True,,,,,UNKNOWN,True,True,True,Alpha Vantage EARNINGS,primary_event_data,PRIMARY_EVENT_DATA,False,False,False,True,1997-07-22,933.97998046875,1997-07-23,936.5599975585938,0.2762390140898823,POSITIVE,1997-07-25,938.7899780273438,0.5150000705774964,POSITIVE,1997-07-29,942.2899780273438,0.889740436879931,POSITIVE,1997-08-19,926.010009765625,-0.8533342116310669,NEGATIVE,1997-08-20,939.3499755859375,0.5749582677877509,POSITIVE,2.3158959865453155,955.6099853515625,STRONG_POSITIVE,3.232403592446849,-4.351266029587133,True,Measured from the event-date reference close to subsequent trading-session closes.,True,True,1997-10-20
CAT,Industrials,1997-03-31,1997-04-15,0.52,0.43,0.09,20.9302,20.93023255813954,LARGE_BEAT,True,,,,,UNKNOWN,True,True,True,Alpha Vantage EARNINGS,primary_event_data,PRIMARY_EVENT_DATA,False,False,False,True,1997-04-15,754.719970703125,1997-04-16,763.530029296875,1.1673281396730795,POSITIVE,1997-04-18,766.3400268554688,1.5396513413469206,POSITIVE,1997-04-22,774.6099853515625,2.6354165015545075,STRONG_POSITIVE,1997-05-13,833.1300048828125,10.389288374950224,STRONG_POSITIVE,1997-05-14,836.0399780273438,10.774858289288149,STRONG_POSITIVE,22.662715404649063,925.760009765625,STRONG_POSITIVE,11.108759554535212,-0.3617209792668729,True,Measured from the event-date reference close to subsequent trading-session closes.,True,True,1997-07-15
CAT,Industrials,1996-12-31,1997-01-21,0.5,0.47,0.03,6.383,6.382978723404261,BEAT,True,,,,,UNKNOWN,True,True,True,Alpha Vantage EARNINGS,primary_event_data,PRIMARY_EVENT_DATA,False,False,False,True,1997-01-21,782.719970703125,1997-01-22,786.22998046875,0.44843748684116547,POSITIVE,1997-01-24,770.52001953125,-1.5586610318522554,NEGATIVE,1997-01-28,765.02001953125,-2.261338899526859,STRONG_NEGATIVE,1997-02-19,812.489990234375,3.8034061536091,STRONG_POSITIVE,1997-02-20,802.7999877929688,2.565415198465637,STRONG_POSITIVE,-1.0361285843105832,774.6099853515625,NEGATIVE,4.466478853382433,-2.679115327067415,True,Measured from the event-date reference close to subsequent trading-session closes.,True,True,1997-04-22
CAT,Industrials,1996-09-30,1996-10-15,0.4,0.35,0.05,14.2857,14.2857142857143,LARGE_BEAT,True,,,,,UNKNOWN,True,True,True,Alpha Vantage EARNINGS,primary_event_data,PRIMARY_EVENT_DATA,False,False,False,True,1996-10-15,702.5700073242188,1996-10-16,704.4099731445312,0.2618907441437934,POSITIVE,1996-10-18,710.8200073242188,1.17426020382234,POSITIVE,1996-10-22,706.5700073242188,0.5693382806411346,POSITIVE,1996-11-12,729.5599975585938,3.841608658640019,STRONG_POSITIVE,1996-11-13,731.1300048828125,4.065074976281191,STRONG_POSITIVE,9.19908396445215,767.2000122070312,STRONG_POSITIVE,4.336930182825732,-0.9038297329654388,True,Measured from the event-date reference close to subsequent trading-session closes.,True,True,1997-01-15
CAT,Industrials,1996-06-30,1996-07-16,0.49,0.41,0.08,19.5122,19.512195121951223,LARGE_BEAT,True,,,,,UNKNOWN,True,True,True,Alpha Vantage EARNINGS,primary_event_data,PRIMARY_EVENT_DATA,False,False,False,True,1996-07-16,628.3699951171875,1996-07-17,634.0700073242188,0.9071108186774942,POSITIVE,1996-07-19,638.72998046875,1.64870783647625,POSITIVE,1996-07-23,626.8699951171875,-0.238712862112434,NEUTRAL,1996-08-13,660.2000122070312,5.065489653736193,STRONG_POSITIVE,1996-08-14,662.0499877929688,5.359898298374371,STRONG_POSITIVE,11.962694510284098,703.5399780273438,STRONG_POSITIVE,5.951911247303844,-1.9001547709450235,True,Measured from the event-date reference close to subsequent trading-session closes.,True,True,1996-10-14
CAT,Industrials,1996-03-31,1996-04-16,0.38,0.37,0.01,2.7027,2.7027027027027053,IN_LINE,True,,,,,UNKNOWN,True,True,True,Alpha Vantage EARNINGS,primary_event_data,PRIMARY_EVENT_DATA,False,False,False,True,1996-04-16,645.0,1996-04-17,641.6099853515625,-0.5255836664244187,NEGATIVE,1996-04-19,645.0700073242188,0.01085384871608527,NEUTRAL,1996-04-23,651.5800170898438,1.0201576883478682,POSITIVE,1996-05-14,665.5999755859375,3.1937946644864343,STRONG_POSITIVE,1996-05-15,665.4199829101562,3.1658888232800386,STRONG_POSITIVE,-2.5782953306686047,628.3699951171875,STRONG_NEGATIVE,3.4046545694040695,-2.314727546632752,True,Measured from the event-date reference close to subsequent trading-session closes.,True,True,1996-07-16
PG,Consumer Staples,2026-06-30,2026-07-29,1.43,1.41,0.02,1.4184,1.418439716312058,IN_LINE,True,,,,,UNKNOWN,True,True,True,Alpha Vantage EARNINGS,primary_event_data,PRIMARY_EVENT_DATA,False,False,False,True,2026-07-29,7316.14990234375,2026-07-30,7437.6298828125,1.6604359135647773,POSITIVE,2026-08-03,7600.5,3.886608413602319,STRONG_POSITIVE,2026-08-05,7723.5498046875,5.568501298930989,STRONG_POSITIVE,2026-08-26,7675.7001953125,4.914474112313733,STRONG_POSITIVE,2026-08-27,7730.990234375,5.67020000367071,STRONG_POSITIVE,,,UNAVAILABLE,6.841717291883224,0.7494389652600615,True,Measured from the event-date reference close to subsequent trading-session closes.,True,True,
PG,Consumer Staples,2026-03-31,2026-04-24,1.59,1.56,0.03,1.9231,1.923076923076925,IN_LINE,True,,,,,UNKNOWN,True,True,True,Alpha Vantage EARNINGS,primary_event_data,PRIMARY_EVENT_DATA,False,False,False,True,2026-04-24,7165.080078125,2026-04-27,7173.91015625,0.12323767534654974,NEUTRAL,2026-04-29,7135.9501953125,-0.40655348572353817,NEGATIVE,2026-05-01,7230.1201171875,0.9077363874978499,POSITIVE,2026-05-22,7473.47021484375,4.304071041163455,STRONG_POSITIVE,2026-05-26,7519.1201171875,4.941187470372937,STRONG_POSITIVE,3.462628399837428,7413.18017578125,STRONG_POSITIVE,4.913274314090065,-0.7985983997365695,True,Measured from the event-date reference close to subsequent trading-session closes.,True,True,2026-07-27
PG,Consumer Staples,2025-12-31,2026-01-22,1.88,1.86,0.02,1.0753,1.07526881720429,IN_LINE,True,,,,,UNKNOWN,True,True,True,Alpha Vantage EARNINGS,primary_event_data,PRIMARY_EVENT_DATA,False,False,False,True,2026-01-22,6913.35009765625,2026-01-23,6915.60986328125,0.03268698377890773,NEUTRAL,2026-01-27,6978.60009765625,0.9438260623040184,POSITIVE,2026-01-29,6969.009765625,0.8051041417332477,POSITIVE,2026-02-20,6909.509765625,-0.055549508950110044,NEUTRAL,2026-02-23,6837.75,-1.0935378157961333,NEGATIVE,2.821350024695341,7108.39990234375,STRONG_POSITIVE,1.2863472302689944,-1.9939695763850245,True,Measured from the event-date reference close to subsequent trading-session closes.,True,True,2026-04-23
PG,Consumer Staples,2025-09-30,2025-10-24,1.99,1.9,0.09,4.7368,4.736842105263162,BEAT,True,,,,,UNKNOWN,True,True,True,Alpha Vantage EARNINGS,primary_event_data,PRIMARY_EVENT_DATA,False,False,False,True,2025-10-24,6791.68994140625,2025-10-27,6875.16015625,1.2290050865671163,POSITIVE,2025-10-29,6890.58984375,1.4561898908369826,POSITIVE,2025-10-31,6840.2001953125,0.714258959474904,POSITIVE,2025-11-21,6602.990234375,-2.778391072902525,STRONG_NEGATIVE,2025-11-24,6705.1201171875,-1.2746433504122145,NEGATIVE,2.752041949242745,6978.60009765625,STRONG_POSITIVE,1.894225199525414,-3.9720602951346287,True,Measured from the event-date reference close to subsequent trading-session closes.,True,True,2026-01-27
PG,Consumer Staples,2025-06-30,2025-07-29,1.48,1.42,0.06,4.2254,4.2253521126760605,BEAT,True,,,,,UNKNOWN,True,True,True,Alpha Vantage EARNINGS,primary_event_data,PRIMARY_EVENT_DATA,False,False,False,True,2025-07-29,6370.85986328125,2025-07-30,6362.89990234375,-0.12494327466497275,NEUTRAL,2025-08-01,6238.009765625,-2.085277348854238,STRONG_NEGATIVE,2025-08-05,6299.18994140625,-1.1249646580373391,NEGATIVE,2025-08-26,6465.93994140625,1.4924214339260309,POSITIVE,2025-08-27,6481.39990234375,1.7350882209731644,POSITIVE,7.915733571151179,6875.16015625,STRONG_POSITIVE,1.7341455131591663,-2.482709167511591,True,Measured from the event-date reference close to subsequent trading-session closes.,True,True,2025-10-27
PG,Consumer Staples,2025-03-31,2025-04-24,1.54,1.53,0.01,0.6536,0.6535947712418306,IN_LINE,True,,,,,UNKNOWN,True,True,True,Alpha Vantage EARNINGS,primary_event_data,PRIMARY_EVENT_DATA,False,False,False,True,2025-04-24,5484.77001953125,2025-04-25,5525.2099609375,0.7373133469998466,POSITIVE,2025-04-29,5560.830078125,1.3867501886660762,POSITIVE,2025-05-01,5604.14013671875,2.1763923876921614,STRONG_POSITIVE,2025-05-22,5842.009765625,6.513304018611906,STRONG_POSITIVE,2025-05-23,5802.81982421875,5.79878105289603,STRONG_POSITIVE,16.479635681511187,6388.64013671875,STRONG_POSITIVE,8.821515615550839,-0.9395067609535602,True,Measured from the event-date reference close to subsequent trading-session closes.,True,True,2025-07-25
PG,Consumer Staples,2024-12-31,2025-01-22,1.88,1.86,0.02,1.0753,1.07526881720429,IN_LINE,True,,,,,UNKNOWN,True,True,True,Alpha Vantage EARNINGS,primary_event_data,PRIMARY_EVENT_DATA,False,False,False,True,2025-01-22,6086.3701171875,2025-01-23,6118.7099609375,0.5313486220411483,POSITIVE,2025-01-27,6012.27978515625,-1.2173155855577018,NEGATIVE,2025-01-29,6039.31005859375,-0.7732040228847661,NEGATIVE,2025-02-20,6117.52001953125,0.5117977011582777,POSITIVE,2025-02-21,6013.1298828125,-1.2033483499167181,NEGATIVE,-11.673793085632713,5375.85986328125,STRONG_NEGATIVE,1.0032261827344429,-2.668913297722899,True,Measured from the event-date reference close to subsequent trading-session closes.,True,True,2025-04-23
PG,Consumer Staples,2024-09-30,2024-10-18,1.93,1.9,0.03,1.5789,1.578947368421054,IN_LINE,True,,,,,UNKNOWN,True,True,True,Alpha Vantage EARNINGS,primary_event_data,PRIMARY_EVENT_DATA,False,False,False,True,2024-10-18,5864.669921875,2024-10-21,5853.97998046875,-0.1822769490636961,NEUTRAL,2024-10-23,5797.419921875,-1.1466971013860474,NEGATIVE,2024-10-25,5808.1201171875,-0.9642453103212397,NEGATIVE,2024-11-15,5870.6201171875,0.10145831550222449,NEUTRAL,2024-11-18,5893.6201171875,0.49363724980525925,POSITIVE,3.7802672318448227,6086.3701171875,STRONG_POSITIVE,2.6027063543577786,-2.8673422117546443,True,Measured from the event-date reference close to subsequent trading-session closes.,True,True,2025-01-22
PG,Consumer Staples,2024-06-30,2024-07-30,1.4,1.37,0.03,2.1898,2.189781021897796,IN_LINE,True,,,,,UNKNOWN,True,True,True,Alpha Vantage EARNINGS,primary_event_data,PRIMARY_EVENT_DATA,False,False,False,True,2024-07-30,5436.43994140625,2024-07-31,5522.2998046875,1.5793398659167481,POSITIVE,2024-08-02,5346.56005859375,-1.6532856755748628,NEGATIVE,2024-08-06,5240.02978515625,-3.61284514069688,STRONG_NEGATIVE,2024-08-27,5625.7998046875,3.4831592976683945,STRONG_POSITIVE,2024-08-28,5592.18017578125,2.864746710228799,STRONG_POSITIVE,7.120102167906476,5823.52001953125,STRONG_POSITIVE,3.9581082123679106,-5.834336058152142,True,Measured from the event-date reference close to subsequent trading-session closes.,True,True,2024-10-28
PG,Consumer Staples,2024-03-31,2024-04-19,1.52,1.41,0.11,7.8014,7.801418439716319,BEAT,True,,,,,UNKNOWN,True,True,True,Alpha Vantage EARNINGS,primary_event_data,PRIMARY_EVENT_DATA,False,False,False,True,2024-04-19,4967.22998046875,2024-04-22,5010.60009765625,0.8731248071466832,POSITIVE,2024-04-24,5071.6298828125,2.1017730758240014,STRONG_POSITIVE,2024-04-26,5099.9599609375,2.6721126460954494,STRONG_POSITIVE,2024-05-17,5303.27001953125,6.76513953217017,STRONG_POSITIVE,2024-05-20,5308.1298828125,6.862978031703292,STRONG_POSITIVE,12.022398361448426,5564.41015625,STRONG_POSITIVE,7.212475671852052,0.04368474750579654,True,Measured from the event-date reference close to subsequent trading-session closes.,True,True,2024-07-22
PG,Consumer Staples,2023-12-31,2024-01-23,1.84,1.7,0.14,8.2353,8.235294117647067,BEAT,True,,,,,UNKNOWN,True,True,True,Alpha Vantage EARNINGS,primary_event_data,PRIMARY_EVENT_DATA,False,False,False,True,2024-01-23,4864.60009765625,2024-01-24,4868.5498046875,0.08119284117831098,NEUTRAL,2024-01-26,4890.97021484375,0.5420819113210363,POSITIVE,2024-01-30,4924.97021484375,1.2410088388680942,POSITIVE,2024-02-21,4981.7998046875,2.4092362101402016,STRONG_POSITIVE,2024-02-22,5087.02978515625,4.5724146494008,STRONG_POSITIVE,4.233641057781419,5070.5498046875,STRONG_POSITIVE,3.7781119798737306,-0.39983133088105327,True,Measured from the event-date reference close to subsequent trading-session closes.,True,True,2024-04-23
PG,Consumer Staples,2023-09-30,2023-10-18,1.83,1.72,0.11,6.3953,6.395348837209308,BEAT,True,,,,,UNKNOWN,True,True,True,Alpha Vantage EARNINGS,primary_event_data,PRIMARY_EVENT_DATA,False,False,False,True,2023-10-18,4314.60009765625,2023-10-19,4278.0,-0.8482848196321063,NEGATIVE,2023-10-23,4217.0400390625,-2.2611610899176022,STRONG_NEGATIVE,2023-10-25,4186.77001953125,-2.9627329354217338,STRONG_NEGATIVE,2023-11-15,4502.8798828125,4.363782990190126,STRONG_POSITIVE,2023-11-16,4508.240234375,4.48802049635928,STRONG_POSITIVE,12.172853776710413,4839.81005859375,STRONG_POSITIVE,4.787693402476896,-4.886207475277268,True,Measured from the event-date reference close to subsequent trading-session closes.,True,True,2024-01-19
PG,Consumer Staples,2023-06-30,2023-07-28,1.37,1.32,0.05,3.7879,3.787878787878791,BEAT,True,,,,,UNKNOWN,True,True,True,Alpha Vantage EARNINGS,primary_event_data,PRIMARY_EVENT_DATA,False,False,False,True,2023-07-28,4582.22998046875,2023-07-31,4588.9599609375,0.14687129405193106,NEUTRAL,2023-08-02,4513.39013671875,-1.5023218835244465,NEGATIVE,2023-08-04,4478.02978515625,-2.2740062318269016,STRONG_NEGATIVE,2023-08-25,4405.7099609375,-3.8522732443296634,STRONG_NEGATIVE,2023-08-28,4433.31005859375,-3.249944295894242,STRONG_NEGATIVE,-9.711428756233612,4137.22998046875,STRONG_NEGATIVE,0.26166810540079943,-5.388640965806363,True,Measured from the event-date reference close to subsequent trading-session closes.,True,True,2023-10-26
PG,Consumer Staples,2023-03-31,2023-04-21,1.37,1.32,0.05,3.7879,3.787878787878791,BEAT,True,,,,,UNKNOWN,True,True,True,Alpha Vantage EARNINGS,primary_event_data,PRIMARY_EVENT_DATA,False,False,False,True,2023-04-21,4133.52001953125,2023-04-24,4137.0400390625,0.08515791660903042,NEUTRAL,2023-04-26,4055.989990234375,-1.875641799980131,NEGATIVE,2023-04-28,4169.47998046875,0.8699597623232979,POSITIVE,2023-05-19,4191.97998046875,1.4142900158042415,POSITIVE,2023-05-22,4192.6298828125,1.4300127494714103,POSITIVE,10.187929783759845,4554.64013671875,STRONG_POSITIVE,1.9206423664001757,-2.062164688488467,True,Measured from the event-date reference close to subsequent trading-session closes.,True,True,2023-07-24
PG,Consumer Staples,2022-12-31,2023-01-19,1.59,1.59,0.0,0.0,0.0,IN_LINE,False,,,,,UNKNOWN,True,True,True,Alpha Vantage EARNINGS,primary_event_data,PRIMARY_EVENT_DATA,False,False,False,True,2023-01-19,3898.85009765625,2023-01-20,3972.610107421875,1.891840104598148,POSITIVE,2023-01-24,4016.949951171875,3.0290944908761537,STRONG_POSITIVE,2023-01-26,4060.429931640625,4.144294598079236,STRONG_POSITIVE,2023-02-16,4090.409912109375,4.913238766688646,STRONG_POSITIVE,2023-02-17,4079.090087890625,4.622901258571707,STRONG_POSITIVE,5.923283420028818,4129.7900390625,STRONG_POSITIVE,7.607110720370902,-0.025391851689043433,True,Measured from the event-date reference close to subsequent trading-session closes.,True,True,2023-04-20
PG,Consumer Staples,2022-09-30,2022-10-19,1.57,1.55,0.02,1.2903,1.2903225806451624,IN_LINE,True,,,,,UNKNOWN,True,True,True,Alpha Vantage EARNINGS,primary_event_data,PRIMARY_EVENT_DATA,False,False,False,True,2022-10-19,3695.159912109375,2022-10-20,3665.780029296875,-0.7950909706564918,NEGATIVE,2022-10-24,3797.340087890625,2.7652436758256735,STRONG_POSITIVE,2022-10-26,3830.60009765625,3.6653403037585788,STRONG_POSITIVE,2022-11-16,3958.7900390625,7.134471395654221,STRONG_POSITIVE,2022-11-17,3946.56005859375,6.803498426699041,STRONG_POSITIVE,7.508476004063329,3972.610107421875,STRONG_POSITIVE,9.030195816093094,-1.291960060454399,True,Measured from the event-date reference close to subsequent trading-session closes.,True,True,2023-01-20
PG,Consumer Staples,2022-06-30,2022-07-29,1.21,1.23,-0.02,-1.626,-1.6260162601626031,IN_LINE,False,,,,,UNKNOWN,True,True,True,Alpha Vantage EARNINGS,primary_event_data,PRIMARY_EVENT_DATA,False,False,False,True,2022-07-29,4130.2900390625,2022-08-01,4118.6298828125,-0.2823084127197673,NEGATIVE,2022-08-03,4155.169921875,0.60237616673882,POSITIVE,2022-08-05,4145.18994140625,0.3607471195202554,POSITIVE,2022-08-26,4057.659912109375,-1.7584752224715605,NEGATIVE,2022-08-29,4030.610107421875,-2.4133881809242266,STRONG_NEGATIVE,-7.820031697040042,3807.300048828125,STRONG_NEGATIVE,4.720969816880198,-1.7584752224715605,True,Measured from the event-date reference close to subsequent trading-session closes.,True,True,2022-10-27
PG,Consumer Staples,2022-03-31,2022-04-20,1.33,1.29,0.04,3.1008,3.1007751937984525,BEAT,True,,,,,UNKNOWN,True,True,True,Alpha Vantage EARNINGS,primary_event_data,PRIMARY_EVENT_DATA,False,False,False,True,2022-04-20,4459.4501953125,2022-04-21,4393.66015625,-1.4752948498371938,NEGATIVE,2022-04-25,4296.1201171875,-3.6625608757035235,STRONG_NEGATIVE,2022-04-27,4183.9599609375,-6.177672634724756,STRONG_NEGATIVE,2022-05-18,3923.679931640625,-12.014267234894646,STRONG_NEGATIVE,2022-05-19,3900.7900390625,-12.527556801446718,STRONG_NEGATIVE,-10.326390563228502,3998.949951171875,STRONG_NEGATIVE,1.1994695254131358,-13.467581244797685,True,Measured from the event-date reference close to subsequent trading-session closes.,True,True,2022-07-21
PG,Consumer Staples,2021-12-31,2022-01-19,1.66,1.65,0.01,0.6061,0.6060606060606066,IN_LINE,True,,,,,UNKNOWN,True,True,True,Alpha Vantage EARNINGS,primary_event_data,PRIMARY_EVENT_DATA,False,False,False,True,2022-01-19,4532.759765625,2022-01-20,4482.72998046875,-1.1037378494148284,NEGATIVE,2022-01-24,4410.1298828125,-2.7054132394680566,STRONG_NEGATIVE,2022-01-26,4349.93017578125,-4.033515987991932,STRONG_NEGATIVE,2022-02-16,4475.009765625,-1.27405825558984,NEGATIVE,2022-02-17,4380.259765625,-3.3643962593497942,STRONG_NEGATIVE,-1.61732750251748,4459.4501953125,NEGATIVE,1.5299751419031504,-6.84218146281433,True,Measured from the event-date reference close to subsequent trading-session closes.,True,True,2022-04-20
PG,Consumer Staples,2021-09-30,2021-10-19,1.61,1.59,0.02,1.2579,1.2578616352201268,IN_LINE,True,,,,,UNKNOWN,True,True,True,Alpha Vantage EARNINGS,primary_event_data,PRIMARY_EVENT_DATA,False,False,False,True,2021-10-19,4519.6298828125,2021-10-20,4536.18994140625,0.36640298040168096,POSITIVE,2021-10-22,4544.89990234375,0.5591170114913222,POSITIVE,2021-10-26,4574.7900390625,1.2204573754980714,POSITIVE,2021-11-16,4700.89990234375,4.010727077909493,STRONG_POSITIVE,2021-11-17,4688.669921875,3.740130131127216,STRONG_POSITIVE,0.2905079210674097,4532.759765625,POSITIVE,4.400141656372668,0.09669192612693629,True,Measured from the event-date reference close to subsequent trading-session closes.,True,True,2022-01-19
PG,Consumer Staples,2021-06-30,2021-07-30,1.13,1.09,0.04,3.6697,3.6697247706421847,BEAT,True,,,,,UNKNOWN,True,True,True,Alpha Vantage EARNINGS,primary_event_data,PRIMARY_EVENT_DATA,False,False,False,True,2021-07-30,4395.259765625,2021-08-02,4387.16015625,-0.18428056148913982,NEUTRAL,2021-08-04,4402.66015625,0.16837208764946965,NEUTRAL,2021-08-06,4436.52001953125,0.9387443770432723,POSITIVE,2021-08-27,4509.3701171875,2.596214049848625,STRONG_POSITIVE,2021-08-30,4528.7900390625,3.038051914060469,STRONG_POSITIVE,4.57675238727091,4596.419921875,STRONG_POSITIVE,2.6863102250160305,-0.626351720359247,True,Measured from the event-date reference close to subsequent trading-session closes.,True,True,2021-10-28
PG,Consumer Staples,2021-03-31,2021-04-20,1.26,1.19,0.07,5.8824,5.882352941176476,BEAT,True,,,,,UNKNOWN,True,True,True,Alpha Vantage EARNINGS,primary_event_data,PRIMARY_EVENT_DATA,False,False,False,True,2021-04-20,4134.93994140625,2021-04-21,4173.419921875,0.9306055472153572,POSITIVE,2021-04-23,4180.169921875,1.0938485470085875,POSITIVE,2021-04-27,4186.72021484375,1.2522618023779584,POSITIVE,2021-05-18,4127.830078125,-0.17194598668903543,NEUTRAL,2021-05-19,4115.68017578125,-0.4657810245836353,NEGATIVE,4.549524777946891,4323.06005859375,STRONG_POSITIVE,2.4933880326490723,-1.8878160190931959,True,Measured from the event-date reference close to subsequent trading-session closes.,True,True,2021-07-20
PG,Consumer Staples,2020-12-31,2021-01-20,1.64,1.51,0.13,8.6093,8.609271523178801,BEAT,True,,,,,UNKNOWN,True,True,True,Alpha Vantage EARNINGS,primary_event_data,PRIMARY_EVENT_DATA,False,False,False,True,2021-01-20,3851.85009765625,2021-01-21,3853.070068359375,0.031672330755221245,NEUTRAL,2021-01-25,3855.360107421875,0.09112529503058152,NEUTRAL,2021-01-27,3750.77001953125,-2.624195531038567,STRONG_NEGATIVE,2021-02-18,3913.969970703125,1.6127282077948286,POSITIVE,2021-02-19,3906.7099609375,1.4242470991960667,POSITIVE,8.34845116154486,4173.419921875,STRONG_POSITIVE,2.559285317057334,-4.0949148193675695,True,Measured from the event-date reference close to subsequent trading-session closes.,True,True,2021-04-21
PG,Consumer Staples,2020-09-30,2020-10-20,1.63,1.42,0.21,14.7887,14.788732394366194,LARGE_BEAT,True,,,,,UNKNOWN,True,True,True,Alpha Vantage EARNINGS,primary_event_data,PRIMARY_EVENT_DATA,False,False,False,True,2020-10-20,3443.1201171875,2020-10-21,3435.56005859375,-0.21956999281005063,NEUTRAL,2020-10-23,3465.389892578125,0.6467905455710904,POSITIVE,2020-10-27,3390.679931640625,-1.5230425823688827,NEGATIVE,2020-11-17,3609.530029296875,4.833113758613403,STRONG_POSITIVE,2020-11-18,3567.7900390625,3.6208414935240825,STRONG_POSITIVE,11.906350554703886,3853.070068359375,STRONG_POSITIVE,5.892035890185223,-6.075308692748078,True,Measured from the event-date reference close to subsequent trading-session closes.,True,True,2021-01-21
PG,Consumer Staples,2020-06-30,2020-07-30,1.16,1.01,0.15,14.8515,14.851485148514843,LARGE_BEAT,True,,,,,UNKNOWN,True,True,True,Alpha Vantage EARNINGS,primary_event_data,PRIMARY_EVENT_DATA,False,False,False,True,2020-07-30,3246.219970703125,2020-07-31,3271.1201171875,0.7670504990141404,POSITIVE,2020-08-04,3306.510009765625,1.8572382526942957,POSITIVE,2020-08-06,3349.159912109375,3.1710710406341747,STRONG_POSITIVE,2020-08-27,3484.550048828125,7.341772285178141,STRONG_POSITIVE,2020-08-28,3508.010009765625,8.06445778244032,STRONG_POSITIVE,0.7642753361651025,3271.030029296875,POSITIVE,7.860216325824274,-0.7996981465146097,True,Measured from the event-date reference close to subsequent trading-session closes.,True,True,2020-10-28
PG,Consumer Staples,2020-03-31,2020-04-17,1.17,1.13,0.04,3.5398,3.539823008849561,BEAT,True,,,,,UNKNOWN,True,True,True,Alpha Vantage EARNINGS,primary_event_data,PRIMARY_EVENT_DATA,False,False,False,True,2020-04-17,2874.56005859375,2020-04-20,2823.159912109375,-1.7881048034014715,NEGATIVE,2020-04-22,2799.31005859375,-2.617791886971834,STRONG_NEGATIVE,2020-04-24,2836.739990234375,-1.3156819683175023,NEGATIVE,2020-05-15,2863.699951171875,-0.3778006790780994,NEGATIVE,2020-05-18,2953.909912109375,2.7604173124997557,STRONG_POSITIVE,12.18168744911543,3224.72998046875,STRONG_POSITIVE,2.7934726424678775,-5.129827101599616,True,Measured from the event-date reference close to subsequent trading-session closes.,True,True,2020-07-17
PG,Consumer Staples,2019-12-31,2020-01-23,1.42,1.37,0.05,3.6496,3.649635036496337,BEAT,True,,,,,UNKNOWN,True,True,True,Alpha Vantage EARNINGS,primary_event_data,PRIMARY_EVENT_DATA,False,False,False,True,2020-01-23,3325.5400390625,2020-01-24,3295.469970703125,-0.9042160974207373,NEGATIVE,2020-01-28,3276.239990234375,-1.4824674563841105,NEGATIVE,2020-01-30,3283.659912109375,-1.2593481498100196,NEGATIVE,2020-02-21,3337.75,0.3671572374435191,POSITIVE,2020-02-24,3225.889892578125,-2.9965102002641135,STRONG_NEGATIVE,-15.869301949019675,2797.800048828125,STRONG_NEGATIVE,2.0441786798607957,-3.3335971336892243,True,Measured from the event-date reference close to subsequent trading-session closes.,True,True,2020-04-23
PG,Consumer Staples,2019-09-30,2019-10-22,1.37,1.24,0.13,10.4839,10.483870967741945,LARGE_BEAT,True,,,,,UNKNOWN,True,True,True,Alpha Vantage EARNINGS,primary_event_data,PRIMARY_EVENT_DATA,False,False,False,True,2019-10-22,2995.989990234375,2019-10-23,3004.52001953125,0.28471487971185444,POSITIVE,2019-10-25,3022.550048828125,0.8865202714403001,POSITIVE,2019-10-29,3036.889892578125,1.3651548395377122,POSITIVE,2019-11-19,3120.179931640625,4.145205485033502,STRONG_POSITIVE,2019-11-20,3108.4599609375,3.754016904920517,STRONG_POSITIVE,10.99970460189503,3325.5400390625,STRONG_POSITIVE,4.394203678011991,-0.15954757233688424,True,Measured from the event-date reference close to subsequent trading-session closes.,True,True,2020-01-23
PG,Consumer Staples,2019-06-30,2019-07-30,1.1,1.05,0.05,4.7619,4.761904761904765,BEAT,True,,,,,UNKNOWN,True,True,True,Alpha Vantage EARNINGS,primary_event_data,PRIMARY_EVENT_DATA,False,False,False,True,2019-07-30,3013.179931640625,2019-07-31,2980.3798828125,-1.0885526112695811,NEGATIVE,2019-08-02,2932.050048828125,-2.6925004365181127,STRONG_NEGATIVE,2019-08-06,2881.77001953125,-4.361170427609498,STRONG_NEGATIVE,2019-08-27,2869.159912109375,-4.779668748584608,STRONG_NEGATIVE,2019-08-28,2887.93994140625,-4.1564059590090245,STRONG_NEGATIVE,0.8708404685307914,3039.419921875,POSITIVE,0.14005040518198653,-6.340803363478403,True,Measured from the event-date reference close to subsequent trading-session closes.,True,True,2019-10-28
PG,Consumer Staples,2019-03-31,2019-04-23,1.06,1.04,0.02,1.9231,1.923076923076925,IN_LINE,True,,,,,UNKNOWN,True,True,True,Alpha Vantage EARNINGS,primary_event_data,PRIMARY_EVENT_DATA,False,False,False,True,2019-04-23,2933.679931640625,2019-04-24,2927.25,-0.2191763174733632,NEUTRAL,2019-04-26,2939.8798828125,0.21133700050256513,NEUTRAL,2019-04-30,2945.830078125,0.41416060263875404,POSITIVE,2019-05-21,2864.360107421875,-2.3628966292851086,STRONG_NEGATIVE,2019-05-22,2856.27001953125,-2.6386624960168863,STRONG_NEGATIVE,2.4470985497846143,3005.469970703125,STRONG_POSITIVE,0.6970750609606758,-4.507990069865624,True,Measured from the event-date reference close to subsequent trading-session closes.,True,True,2019-07-23
PG,Consumer Staples,2018-12-31,2019-01-23,1.25,1.21,0.04,3.3058,3.305785123966945,BEAT,True,,,,,UNKNOWN,True,True,True,Alpha Vantage EARNINGS,primary_event_data,PRIMARY_EVENT_DATA,False,False,False,True,2019-01-23,2638.699951171875,2019-01-24,2642.330078125,0.137572555436355,NEUTRAL,2019-01-28,2643.85009765625,0.19517741992937715,NEUTRAL,2019-01-30,2681.050048828125,1.604960717016797,POSITIVE,2019-02-21,2774.8798828125,5.160872177988483,STRONG_POSITIVE,2019-02-22,2792.669921875,5.835069297467689,STRONG_POSITIVE,10.935311106515798,2927.25,STRONG_POSITIVE,5.729333931032377,-0.5548145999556815,True,Measured from the event-date reference close to subsequent trading-session closes.,True,True,2019-04-24
PG,Consumer Staples,2018-09-30,2018-10-19,1.12,1.09,0.03,2.7523,2.752293577981653,IN_LINE,True,,,,,UNKNOWN,True,True,True,Alpha Vantage EARNINGS,primary_event_data,PRIMARY_EVENT_DATA,False,False,False,True,2018-10-19,2767.780029296875,2018-10-22,2755.8798828125,-0.4299527548581274,NEGATIVE,2018-10-24,2656.10009765625,-4.035000269475754,STRONG_NEGATIVE,2018-10-26,2658.68994140625,-3.941429114160426,STRONG_NEGATIVE,2018-11-16,2736.27001953125,-1.1384578771467537,NEGATIVE,2018-11-19,2690.72998046875,-2.783821257923403,STRONG_NEGATIVE,-4.663668238035211,2638.699951171875,STRONG_NEGATIVE,1.711475353729928,-5.93399722867783,True,Measured from the event-date reference close to subsequent trading-session closes.,True,True,2019-01-23
PG,Consumer Staples,2018-06-30,2018-07-31,0.94,0.9,0.04,4.4444,4.444444444444437,BEAT,True,,,,,UNKNOWN,True,True,True,Alpha Vantage EARNINGS,primary_event_data,PRIMARY_EVENT_DATA,False,False,False,True,2018-07-31,2816.2900390625,2018-08-01,2813.360107421875,-0.10403515262939074,NEUTRAL,2018-08-03,2840.35009765625,0.8543174978440512,POSITIVE,2018-08-07,2858.449951171875,1.4970017833606863,POSITIVE,2018-08-28,2897.52001953125,2.884290301853648,STRONG_POSITIVE,2018-08-29,2914.0400390625,3.4708783060049977,STRONG_POSITIVE,-6.215270324954463,2641.25,STRONG_NEGATIVE,3.106213467199236,-0.708377010008388,True,Measured from the event-date reference close to subsequent trading-session closes.,True,True,2018-10-29
PG,Consumer Staples,2018-03-31,2018-04-19,1.0,0.98,0.02,2.0408,2.040816326530614,IN_LINE,True,,,,,UNKNOWN,True,True,True,Alpha Vantage EARNINGS,primary_event_data,PRIMARY_EVENT_DATA,False,False,False,True,2018-04-19,2693.1298828125,2018-04-20,2670.139892578125,-0.8536532300612996,NEGATIVE,2018-04-24,2634.56005859375,-2.1747864665771015,STRONG_NEGATIVE,2018-04-26,2666.93994140625,-0.9724722737434117,NEGATIVE,2018-05-17,2720.1298828125,1.0025509787817308,POSITIVE,2018-05-18,2712.969970703125,0.7366925753282096,POSITIVE,4.134969803445906,2804.489990234375,STRONG_POSITIVE,1.8183384008427113,-3.657817109144543,True,Measured from the event-date reference close to subsequent trading-session closes.,True,True,2018-07-19
PG,Consumer Staples,2017-12-31,2018-01-23,1.19,1.14,0.05,4.386,4.3859649122807065,BEAT,True,,,,,UNKNOWN,True,True,True,Alpha Vantage EARNINGS,primary_event_data,PRIMARY_EVENT_DATA,False,False,False,True,2018-01-23,2839.1298828125,2018-01-24,2837.5400390625,-0.05599757022827953,NEUTRAL,2018-01-26,2872.8701171875,1.1884005229650232,POSITIVE,2018-01-30,2822.429931640625,-0.5882066640548226,NEGATIVE,2018-02-21,2701.330078125,-4.853592839190319,STRONG_NEGATIVE,2018-02-22,2703.9599609375,-4.760962951828675,STRONG_NEGATIVE,-7.205370400881376,2634.56005859375,STRONG_NEGATIVE,1.1884005229650232,-10.793445670146106,True,Measured from the event-date reference close to subsequent trading-session closes.,True,True,2018-04-24
PG,Consumer Staples,2017-09-30,2017-10-20,1.09,1.08,0.01,0.9259,0.9259259259259268,IN_LINE,True,,,,,UNKNOWN,True,True,True,Alpha Vantage EARNINGS,primary_event_data,PRIMARY_EVENT_DATA,False,False,False,True,2017-10-20,2575.2099609375,2017-10-23,2564.97998046875,-0.39724840397191524,NEGATIVE,2017-10-25,2557.14990234375,-0.7013043156751099,NEGATIVE,2017-10-27,2581.070068359375,0.22755843254588995,NEUTRAL,2017-11-17,2578.85009765625,0.1413530070932475,NEUTRAL,2017-11-20,2582.139892578125,0.2691016167901965,POSITIVE,10.248481711328909,2839.1298828125,STRONG_POSITIVE,0.8469235101051757,-1.2119384986433523,True,Measured from the event-date reference close to subsequent trading-session closes.,True,True,2018-01-23
PG,Consumer Staples,2017-06-30,2017-07-27,0.85,0.78,0.07,8.9744,8.974358974358967,BEAT,True,,,,,UNKNOWN,True,True,True,Alpha Vantage EARNINGS,primary_event_data,PRIMARY_EVENT_DATA,False,False,False,True,2017-07-27,2475.419921875,2017-07-28,2472.10009765625,-0.13411155777705014,NEUTRAL,2017-08-01,2476.35009765625,0.03757648441907347,NEUTRAL,2017-08-03,2472.159912109375,-0.1316952221648,NEUTRAL,2017-08-24,2438.969970703125,-1.4724754717278872,NEGATIVE,2017-08-25,2443.050048828125,-1.307651795189421,NEGATIVE,3.301661255389908,2557.14990234375,STRONG_POSITIVE,0.6241444199413767,-2.3458575131271133,True,Measured from the event-date reference close to subsequent trading-session closes.,True,True,2017-10-25
PG,Consumer Staples,2017-03-31,2017-04-26,0.96,0.94,0.02,2.1277,2.1276595744680877,IN_LINE,True,,,,,UNKNOWN,True,True,True,Alpha Vantage EARNINGS,primary_event_data,PRIMARY_EVENT_DATA,False,False,False,True,2017-04-26,2387.449951171875,2017-04-27,2388.77001953125,0.05529198041312017,NEUTRAL,2017-05-01,2388.330078125,0.036864728941982276,NEUTRAL,2017-05-03,2388.1298828125,0.028479409182640955,NEUTRAL,2017-05-24,2404.389892578125,0.7095412156361671,POSITIVE,2017-05-25,2415.070068359375,1.15688779879732,POSITIVE,3.7856344133522923,2477.830078125,STRONG_POSITIVE,0.7673487919770897,-1.4546893622504153,True,Measured from the event-date reference close to subsequent trading-session closes.,True,True,2017-07-26
PG,Consumer Staples,2016-12-31,2017-01-20,1.08,1.06,0.02,1.8868,1.8867924528301905,IN_LINE,True,,,,,UNKNOWN,True,True,True,Alpha Vantage EARNINGS,primary_event_data,PRIMARY_EVENT_DATA,False,False,False,True,2017-01-20,2271.31005859375,2017-01-23,2265.199951171875,-0.2690124758069353,NEGATIVE,2017-01-25,2298.3701171875,1.1913854954045269,POSITIVE,2017-01-27,2294.68994140625,1.0293567240650239,POSITIVE,2017-02-17,2351.159912109375,3.515585783345798,STRONG_POSITIVE,2017-02-21,2365.3798828125,4.141654894840382,STRONG_POSITIVE,3.4068392608805107,2348.68994140625,STRONG_POSITIVE,3.5221963508377576,-0.6291540429908313,True,Measured from the event-date reference close to subsequent trading-session closes.,True,True,2017-04-21
PG,Consumer Staples,2016-09-30,2016-10-25,1.03,0.98,0.05,5.102,5.102040816326536,BEAT,True,,,,,UNKNOWN,True,True,True,Alpha Vantage EARNINGS,primary_event_data,PRIMARY_EVENT_DATA,False,False,False,True,2016-10-25,2143.159912109375,2016-10-26,2139.429931640625,-0.1740411645288204,NEUTRAL,2016-10-28,2126.409912109375,-0.7815562387742707,NEGATIVE,2016-11-01,2111.719970703125,-1.4669899912090871,NEGATIVE,2016-11-22,2202.93994140625,2.7893405881242592,STRONG_POSITIVE,2016-11-23,2204.719970703125,2.872396886761491,STRONG_POSITIVE,7.163255465157992,2296.679931640625,STRONG_POSITIVE,2.8761333379963028,-2.7702026671654676,True,Measured from the event-date reference close to subsequent trading-session closes.,True,True,2017-01-26
PG,Consumer Staples,2016-06-30,2016-08-02,0.79,0.74,0.05,6.7568,6.756756756756762,BEAT,True,,,,,UNKNOWN,True,True,True,Alpha Vantage EARNINGS,primary_event_data,PRIMARY_EVENT_DATA,False,False,False,True,2016-08-02,2157.030029296875,2016-08-03,2163.7900390625,0.31339432802558403,POSITIVE,2016-08-05,2182.8701171875,1.1979475269080082,POSITIVE,2016-08-09,2181.739990234375,1.1455547953384164,POSITIVE,2016-08-30,2176.1201171875,0.8850172520244318,POSITIVE,2016-08-31,2170.949951171875,0.6453281449928383,POSITIVE,-1.4316039430935028,2126.14990234375,NEGATIVE,1.7051236560143834,-0.20722802382969474,True,Measured from the event-date reference close to subsequent trading-session closes.,True,True,2016-10-31
PG,Consumer Staples,2016-03-31,2016-04-26,0.86,0.82,0.04,4.878,4.878048780487809,BEAT,True,,,,,UNKNOWN,True,True,True,Alpha Vantage EARNINGS,primary_event_data,PRIMARY_EVENT_DATA,False,False,False,True,2016-04-26,2091.699951171875,2016-04-27,2095.14990234375,0.16493528003106586,NEUTRAL,2016-04-29,2065.300048828125,-1.2621266414888739,NEGATIVE,2016-05-03,2063.3701171875,-1.3543928214227479,NEGATIVE,2016-05-24,2076.06005859375,-0.7477120496829743,NEGATIVE,2016-05-25,2090.5400390625,-0.05545308296848021,NEUTRAL,3.7041632297855074,2169.179931640625,STRONG_POSITIVE,0.391544752948987,-3.1452846262834537,True,Measured from the event-date reference close to subsequent trading-session closes.,True,True,2016-07-26
PG,Consumer Staples,2015-12-31,2016-01-26,1.04,0.97,0.07,7.2165,7.216494845360831,BEAT,True,,,,,UNKNOWN,True,True,True,Alpha Vantage EARNINGS,primary_event_data,PRIMARY_EVENT_DATA,False,False,False,True,2016-01-26,1903.6300048828125,2016-01-27,1882.949951171875,-1.0863483795639461,NEGATIVE,2016-01-29,1940.239990234375,1.9231670680572306,POSITIVE,2016-02-02,1903.030029296875,-0.03151744742405625,NEUTRAL,2016-02-24,1929.800048828125,1.3747442453725942,POSITIVE,2016-02-25,1951.699951171875,2.5251727576137717,STRONG_POSITIVE,9.879543073321125,2091.699951171875,STRONG_POSITIVE,2.2887822831803217,-4.913246222058404,True,Measured from the event-date reference close to subsequent trading-session closes.,True,True,2016-04-26
PG,Consumer Staples,2015-09-30,2015-10-23,0.98,0.94,0.04,4.2553,4.255319148936175,BEAT,True,,,,,UNKNOWN,True,True,True,Alpha Vantage EARNINGS,primary_event_data,PRIMARY_EVENT_DATA,False,False,False,True,2015-10-23,2075.14990234375,2015-10-26,2071.179931640625,-0.19131006866738495,NEUTRAL,2015-10-28,2090.35009765625,0.7324866167659668,POSITIVE,2015-10-30,2079.360107421875,0.20288679258157882,NEUTRAL,2015-11-20,2089.169921875,0.6756147840411566,POSITIVE,2015-11-23,2086.590087890625,0.5512944165601741,POSITIVE,-8.265422043352949,1903.6300048828125,STRONG_NEGATIVE,1.991667111774446,-2.6870293867606985,True,Measured from the event-date reference close to subsequent trading-session closes.,True,True,2016-01-26
PG,Consumer Staples,2015-06-30,2015-07-30,1.0,0.95,0.05,5.2632,5.263157894736848,BEAT,True,,,,,UNKNOWN,True,True,True,Alpha Vantage EARNINGS,primary_event_data,PRIMARY_EVENT_DATA,False,False,False,True,2015-07-30,2108.6298828125,2015-07-31,2103.840087890625,-0.2271519985995053,NEUTRAL,2015-08-04,2093.320068359375,-0.7260550833465711,NEGATIVE,2015-08-06,2083.56005859375,-1.1889153437070594,NEGATIVE,2015-08-27,1987.6600341796875,-5.736893402623242,STRONG_NEGATIVE,2015-08-28,1988.8699951171875,-5.679512022070759,STRONG_NEGATIVE,-0.8669034478382874,2090.35009765625,NEGATIVE,0.26605462948254405,-11.45861941046768,True,Measured from the event-date reference close to subsequent trading-session closes.,True,True,2015-10-28
PG,Consumer Staples,2015-03-31,2015-04-23,0.92,0.92,0.0,0.0,0.0,IN_LINE,False,,,,,UNKNOWN,True,True,True,Alpha Vantage EARNINGS,primary_event_data,PRIMARY_EVENT_DATA,False,False,False,True,2015-04-23,2112.929931640625,2015-04-24,2117.68994140625,0.22528005753266978,NEUTRAL,2015-04-28,2114.760009765625,0.08661328980175886,NEUTRAL,2015-04-30,2085.510009765625,-1.2977203580863315,NEGATIVE,2015-05-21,2130.820068359375,0.8466980589772259,POSITIVE,2015-05-22,2126.06005859375,0.6214180014445563,POSITIVE,-0.5101934113122549,2102.14990234375,NEGATIVE,1.0312712568552005,-2.129744073673985,True,Measured from the event-date reference close to subsequent trading-session closes.,True,True,2015-07-23
PG,Consumer Staples,2014-12-31,2015-01-27,1.06,1.13,-0.07,-6.1947,-6.194690265486712,MISS,False,,,,,UNKNOWN,True,True,True,Alpha Vantage EARNINGS,primary_event_data,PRIMARY_EVENT_DATA,False,False,False,True,2015-01-27,2029.550048828125,2015-01-28,2002.1600341796875,-1.3495609366348302,NEGATIVE,2015-01-30,1994.989990234375,-1.7028433772158118,NEGATIVE,2015-02-03,2050.030029296875,1.0090896985060935,POSITIVE,2015-02-25,2113.860107421875,4.154125622200406,STRONG_POSITIVE,2015-02-26,2110.739990234375,4.000391192773471,STRONG_POSITIVE,4.198465614913058,2114.760009765625,STRONG_POSITIVE,4.436453248072876,-2.397084242497658,True,Measured from the event-date reference close to subsequent trading-session closes.,True,True,2015-04-28
PG,Consumer Staples,2014-09-30,2014-10-24,1.07,1.07,0.0,0.0,0.0,IN_LINE,False,,,,,UNKNOWN,True,True,True,Alpha Vantage EARNINGS,primary_event_data,PRIMARY_EVENT_DATA,False,False,False,True,2014-10-24,1964.5799560546875,2014-10-27,1961.6300048828125,-0.15015683952101175,NEUTRAL,2014-10-29,1982.300048828125,0.9019787012905995,POSITIVE,2014-10-31,2018.050048828125,2.7217061137494913,STRONG_POSITIVE,2014-11-21,2063.5,5.035175261788067,STRONG_POSITIVE,2014-11-24,2069.409912109375,5.335998452575548,STRONG_POSITIVE,3.3070729737013025,2029.550048828125,STRONG_POSITIVE,5.440348943468367,-0.6724063786148227,True,Measured from the event-date reference close to subsequent trading-session closes.,True,True,2015-01-27
PG,Consumer Staples,2014-06-30,2014-08-01,0.95,0.91,0.04,4.3956,4.395604395604387,BEAT,True,,,,,UNKNOWN,True,True,True,Alpha Vantage EARNINGS,primary_event_data,PRIMARY_EVENT_DATA,False,False,False,True,2014-08-01,1925.1500244140625,2014-08-04,1938.989990234375,0.7189032358413119,POSITIVE,2014-08-06,1920.239990234375,-0.25504683361920927,NEGATIVE,2014-08-08,1931.5899658203125,0.3345163402634066,POSITIVE,2014-08-29,2003.3699951171875,4.063058447973788,STRONG_POSITIVE,2014-09-02,2002.280029296875,4.00644125936563,STRONG_POSITIVE,3.610108257466998,1994.6500244140625,STRONG_POSITIVE,4.14980721685588,-1.0580991018290795,True,Measured from the event-date reference close to subsequent trading-session closes.,True,True,2014-10-30
PG,Consumer Staples,2014-03-31,2014-04-23,1.04,1.02,0.02,1.9608,1.960784313725492,IN_LINE,True,,,,,UNKNOWN,True,True,True,Alpha Vantage EARNINGS,primary_event_data,PRIMARY_EVENT_DATA,False,False,False,True,2014-04-23,1875.3900146484375,2014-04-24,1878.6099853515625,0.17169605671216176,NEUTRAL,2014-04-28,1869.4300537109375,-0.31779847876694917,NEGATIVE,2014-04-30,1883.949951171875,0.4564350058695473,POSITIVE,2014-05-21,1888.030029296875,0.6739939185826906,POSITIVE,2014-05-22,1892.489990234375,0.9118090345139798,POSITIVE,5.951828379448416,1987.010009765625,STRONG_POSITIVE,1.4279712000010416,-1.3213267162201612,True,Measured from the event-date reference close to subsequent trading-session closes.,True,True,2014-07-23
PG,Consumer Staples,2013-12-31,2014-01-24,1.21,1.2,0.01,0.8333,0.8333333333333341,IN_LINE,True,,,,,UNKNOWN,True,True,True,Alpha Vantage EARNINGS,primary_event_data,PRIMARY_EVENT_DATA,False,False,False,True,2014-01-24,1790.2900390625,2014-01-27,1781.56005859375,-0.48762939402386024,NEGATIVE,2014-01-29,1774.199951171875,-0.8987419658018488,NEGATIVE,2014-01-31,1782.5899658203125,-0.43010199879231337,NEGATIVE,2014-02-24,1847.6099853515625,3.2017128531351577,STRONG_POSITIVE,2014-02-25,1845.1199951171875,3.0626297894948715,STRONG_POSITIVE,4.083695030211258,1863.4000244140625,STRONG_POSITIVE,3.8217227590021476,-2.9252240684203032,True,Measured from the event-date reference close to subsequent trading-session closes.,True,True,2014-04-25
PG,Consumer Staples,2013-09-30,2013-10-25,1.05,1.05,0.0,0.0,0.0,IN_LINE,False,,,,,UNKNOWN,True,True,True,Alpha Vantage EARNINGS,primary_event_data,PRIMARY_EVENT_DATA,False,False,False,True,2013-10-25,1759.77001953125,2013-10-28,1762.1099853515625,0.1329699787098201,NEUTRAL,2013-10-30,1763.31005859375,0.20116486945509848,NEUTRAL,2013-11-01,1761.6400146484375,0.10626360810974667,NEUTRAL,2013-11-22,1804.760009765625,2.5565835157459373,STRONG_POSITIVE,2013-11-25,1802.47998046875,2.427019466377581,STRONG_POSITIVE,1.8599010157854767,1792.5,POSITIVE,2.561127067107768,-0.7711273750981199,True,Measured from the event-date reference close to subsequent trading-session closes.,True,True,2014-01-28
PG,Consumer Staples,2013-06-30,2013-08-01,0.79,0.77,0.02,2.5974,2.5974025974026,IN_LINE,True,,,,,UNKNOWN,True,True,True,Alpha Vantage EARNINGS,primary_event_data,PRIMARY_EVENT_DATA,False,False,False,True,2013-08-01,1706.8699951171875,2013-08-02,1709.6700439453125,0.1640458169711255,NEUTRAL,2013-08-06,1697.3699951171875,-0.556574315980507,NEGATIVE,2013-08-08,1697.47998046875,-0.550130629473794,NEGATIVE,2013-08-29,1638.1700439453125,-4.02490824540848,STRONG_NEGATIVE,2013-08-30,1632.969970703125,-4.329563740968379,STRONG_NEGATIVE,3.3066410235120176,1763.31005859375,STRONG_POSITIVE,0.1640458169711255,-4.6517909765360415,True,Measured from the event-date reference close to subsequent trading-session closes.,True,True,2013-10-30
PG,Consumer Staples,2013-03-31,2013-04-24,0.99,0.96,0.03,3.125,3.1250000000000027,BEAT,True,,,,,UNKNOWN,True,True,True,Alpha Vantage EARNINGS,primary_event_data,PRIMARY_EVENT_DATA,False,False,False,True,2013-04-24,1578.7900390625,2013-04-25,1585.1600341796875,0.4034732269384003,POSITIVE,2013-04-29,1593.6099853515625,0.9386901312008986,POSITIVE,2013-05-01,1582.699951171875,0.24765244349379995,NEUTRAL,2013-05-22,1655.3499755859375,4.8492791713393055,STRONG_POSITIVE,2013-05-23,1650.510009765625,4.542717456319459,STRONG_POSITIVE,6.786836735261935,1685.93994140625,STRONG_POSITIVE,6.865385007926735,-0.07790652577719413,True,Measured from the event-date reference close to subsequent trading-session closes.,True,True,2013-07-24
PG,Consumer Staples,2012-12-31,2013-01-25,1.22,1.11,0.11,9.9099,9.909909909909898,BEAT,True,,,,,UNKNOWN,True,True,True,Alpha Vantage EARNINGS,primary_event_data,PRIMARY_EVENT_DATA,False,False,False,True,2013-01-25,1502.9599609375,2013-01-28,1500.1800537109375,-0.1849621612560111,NEUTRAL,2013-01-30,1501.9599609375,-0.06653537193207934,NEUTRAL,2013-02-01,1513.1700439453125,0.679331670382208,POSITIVE,2013-02-25,1487.8499755859375,-1.0053484952544816,NEGATIVE,2013-02-26,1496.93994140625,-0.4005442385501007,NEGATIVE,5.274926236053725,1582.239990234375,STRONG_POSITIVE,1.861658407140597,-1.0053484952544816,True,Measured from the event-date reference close to subsequent trading-session closes.,True,True,2013-04-26
PG,Consumer Staples,2012-09-30,2012-10-25,1.06,0.96,0.1,10.4167,10.416666666666677,LARGE_BEAT,True,,,,,UNKNOWN,True,True,True,Alpha Vantage EARNINGS,primary_event_data,PRIMARY_EVENT_DATA,False,False,False,True,2012-10-25,1412.969970703125,2012-10-26,1411.93994140625,-0.07289817322603358,NEUTRAL,2012-11-01,1427.5899658203125,1.0346996341268504,POSITIVE,2012-11-05,1417.260009765625,0.303618558883115,POSITIVE,2012-11-27,1398.93994140625,-0.9929460347903464,NEGATIVE,2012-11-28,1409.9300537109375,-0.21514377907654825,NEUTRAL,6.298080785828139,1501.9599609375,STRONG_POSITIVE,1.5074664904255273,-4.927209817668174,True,Measured from the event-date reference close to subsequent trading-session closes.,True,True,2013-01-30
PG,Consumer Staples,2012-06-30,2012-08-03,0.82,0.77,0.05,6.4935,6.493506493506485,BEAT,True,,,,,UNKNOWN,True,True,True,Alpha Vantage EARNINGS,primary_event_data,PRIMARY_EVENT_DATA,False,False,False,True,2012-08-03,1390.989990234375,2012-08-06,1394.22998046875,0.23292692665811904,NEUTRAL,2012-08-08,1402.219970703125,0.8073372596202366,POSITIVE,2012-08-10,1405.8699951171875,1.0697420533058828,POSITIVE,2012-08-31,1406.5799560546875,1.1207820278912048,POSITIVE,2012-09-04,1404.93994140625,1.0028793355676486,POSITIVE,1.888584369095541,1417.260009765625,POSITIVE,2.565803041512103,0.0035980724862417603,True,Measured from the event-date reference close to subsequent trading-session closes.,True,True,2012-11-05
PG,Consumer Staples,2012-03-31,2012-04-27,0.94,0.93,0.01,1.0753,1.07526881720429,IN_LINE,True,,,,,UNKNOWN,True,True,True,Alpha Vantage EARNINGS,primary_event_data,PRIMARY_EVENT_DATA,False,False,False,True,2012-04-27,1403.3599853515625,2012-04-30,1397.9100341796875,-0.3883501901694672,NEGATIVE,2012-05-02,1402.31005859375,-0.07481521268753276,NEUTRAL,2012-05-04,1369.0999755859375,-2.4412844974372248,STRONG_NEGATIVE,2012-05-25,1317.8199462890625,-6.09537395646,STRONG_NEGATIVE,2012-05-29,1332.4200439453125,-5.055006708665595,STRONG_NEGATIVE,-1.239169908644719,1385.969970703125,NEGATIVE,0.852237562873353,-7.936666717407519,True,Measured from the event-date reference close to subsequent trading-session closes.,True,True,2012-07-27
PG,Consumer Staples,2011-12-31,2012-01-27,1.1,1.08,0.02,1.8519,1.8518518518518532,IN_LINE,True,,,,,UNKNOWN,True,True,True,Alpha Vantage EARNINGS,primary_event_data,PRIMARY_EVENT_DATA,False,False,False,True,2012-01-27,1316.3299560546875,2012-01-30,1313.010009765625,-0.25221231757218865,NEGATIVE,2012-02-01,1324.0899658203125,0.589518587640697,POSITIVE,2012-02-03,1344.9000244140625,2.1704336536566706,STRONG_POSITIVE,2012-02-27,1367.5899658203125,3.8941611508456306,STRONG_POSITIVE,2012-02-28,1372.1800537109375,4.2428645948045025,STRONG_POSITIVE,6.611566415894838,1403.3599853515625,STRONG_POSITIVE,4.224623552459225,-1.2033431091842766,True,Measured from the event-date reference close to subsequent trading-session closes.,True,True,2012-04-27
PG,Consumer Staples,2011-09-30,2011-10-27,1.03,1.03,0.0,0.0,0.0,IN_LINE,False,,,,,UNKNOWN,True,True,True,Alpha Vantage EARNINGS,primary_event_data,PRIMARY_EVENT_DATA,False,False,False,True,2011-10-27,1284.5899658203125,2011-10-28,1285.0899658203125,0.03892292585990351,NEUTRAL,2011-11-01,1218.280029296875,-5.1619534861533305,STRONG_NEGATIVE,2011-11-03,1261.1500244140625,-1.824702203031902,NEGATIVE,2011-11-25,1158.6700439453125,-9.802343566850933,STRONG_NEGATIVE,2011-11-28,1192.550048828125,-7.164925730477173,STRONG_NEGATIVE,2.212382526837196,1313.010009765625,STRONG_POSITIVE,0.19383541056892375,-9.803122785581527,True,Measured from the event-date reference close to subsequent trading-session closes.,True,True,2012-01-30
PG,Consumer Staples,2011-06-30,2011-08-05,0.84,0.82,0.02,2.439,2.4390243902439046,IN_LINE,True,,,,,UNKNOWN,True,True,True,Alpha Vantage EARNINGS,primary_event_data,PRIMARY_EVENT_DATA,False,False,False,True,2011-08-05,1199.3800048828125,2011-08-08,1119.4599609375,-6.663446415643824,STRONG_NEGATIVE,2011-08-10,1120.760009765625,-6.555053010481796,STRONG_NEGATIVE,2011-08-12,1178.81005859375,-1.7150482920608903,NEGATIVE,2011-09-02,1173.969970703125,-2.1185974483683534,STRONG_NEGATIVE,2011-09-06,1165.239990234375,-2.846471886262037,STRONG_NEGATIVE,5.150162523952144,1261.1500244140625,STRONG_POSITIVE,2.6121792865596962,-8.157545183511052,True,Measured from the event-date reference close to subsequent trading-session closes.,True,True,2011-11-03
PG,Consumer Staples,2011-03-31,2011-04-28,0.96,0.97,-0.01,-1.0309,-1.0309278350515474,IN_LINE,False,,,,,UNKNOWN,True,True,True,Alpha Vantage EARNINGS,primary_event_data,PRIMARY_EVENT_DATA,False,False,False,True,2011-04-28,1360.47998046875,2011-04-29,1363.6099853515625,0.2300662213150733,NEUTRAL,2011-05-03,1356.6199951171875,-0.28372231910627244,NEGATIVE,2011-05-05,1335.0999755859375,-1.8655184381373906,NEGATIVE,2011-05-26,1325.68994140625,-2.5571886071056467,STRONG_NEGATIVE,2011-05-27,1331.0999755859375,-2.1595323198133127,STRONG_NEGATIVE,-4.3962379000115925,1300.6700439453125,STRONG_NEGATIVE,0.7423832567133828,-3.5781439153446746,True,Measured from the event-date reference close to subsequent trading-session closes.,True,True,2011-07-28
PG,Consumer Staples,2010-12-31,2011-01-27,1.13,1.1,0.03,2.7273,2.7272727272727093,IN_LINE,True,,,,,UNKNOWN,True,True,True,Alpha Vantage EARNINGS,primary_event_data,PRIMARY_EVENT_DATA,False,False,False,True,2011-01-27,1299.5400390625,2011-01-28,1276.3399658203125,-1.7852526697772424,NEGATIVE,2011-02-01,1307.5899658203125,0.6194443045879363,POSITIVE,2011-02-03,1307.0999755859375,0.5817394074976948,POSITIVE,2011-02-25,1319.8800048828125,1.565166536537492,POSITIVE,2011-02-28,1327.219970703125,2.129979131739069,STRONG_POSITIVE,4.689346966963221,1360.47998046875,STRONG_POSITIVE,3.4265898616472628,-1.8806702942522482,True,Measured from the event-date reference close to subsequent trading-session closes.,True,True,2011-04-28
PG,Consumer Staples,2010-09-30,2010-10-27,1.02,1.0,0.02,2.0,2.0000000000000018,IN_LINE,True,,,,,UNKNOWN,True,True,True,Alpha Vantage EARNINGS,primary_event_data,PRIMARY_EVENT_DATA,False,False,False,True,2010-10-27,1182.449951171875,2010-10-28,1183.780029296875,0.11248494058305107,NEUTRAL,2010-11-01,1184.3800048828125,0.16322498123702464,NEUTRAL,2010-11-03,1197.9599609375,1.3116842493209713,POSITIVE,2010-11-24,1198.3499755859375,1.3446678566229948,POSITIVE,2010-11-26,1189.4000244140625,0.5877689144728353,POSITIVE,9.902329293056512,1299.5400390625,STRONG_POSITIVE,3.774367349635529,-0.7991840299464312,True,Measured from the event-date reference close to subsequent trading-session closes.,True,True,2011-01-27
PG,Consumer Staples,2010-06-30,2010-08-03,0.71,0.73,-0.02,-2.7397,-2.739726027397263,IN_LINE,False,,,,,UNKNOWN,True,True,True,Alpha Vantage EARNINGS,primary_event_data,PRIMARY_EVENT_DATA,False,False,False,True,2010-08-03,1120.4599609375,2010-08-04,1127.239990234375,0.6051112519185498,POSITIVE,2010-08-06,1121.6400146484375,0.10531868626078679,NEUTRAL,2010-08-10,1121.06005859375,0.05355815264901499,NEUTRAL,2010-08-31,1049.3299560546875,-6.348286182693876,STRONG_NEGATIVE,2010-09-01,1080.2900390625,-3.5851278292344713,STRONG_NEGATIVE,5.704803935325807,1184.3800048828125,STRONG_POSITIVE,0.7836093749863817,-7.207755081051919,True,Measured from the event-date reference close to subsequent trading-session closes.,True,True,2010-11-01
PG,Consumer Staples,2010-03-31,2010-04-29,0.89,0.82,0.07,8.5366,8.536585365853666,BEAT,True,,,,,UNKNOWN,True,True,True,Alpha Vantage EARNINGS,primary_event_data,PRIMARY_EVENT_DATA,False,False,False,True,2010-04-29,1206.780029296875,2010-04-30,1186.68994140625,-1.6647680109796317,NEGATIVE,2010-05-04,1173.5999755859375,-2.7494699038290937,STRONG_NEGATIVE,2010-05-06,1128.1500244140625,-6.515686618432517,STRONG_NEGATIVE,2010-05-27,1103.06005859375,-8.594770230292673,STRONG_NEGATIVE,2010-05-28,1089.4100341796875,-9.725881458742121,STRONG_NEGATIVE,-8.72155632715628,1101.530029296875,STRONG_NEGATIVE,0.10026358641391987,-13.755613779647907,True,Measured from the event-date reference close to subsequent trading-session closes.,True,True,2010-07-29
PG,Consumer Staples,2009-12-31,2010-01-28,1.49,1.43,0.06,4.1958,4.195804195804199,BEAT,True,,,,,UNKNOWN,True,True,True,Alpha Vantage EARNINGS,primary_event_data,PRIMARY_EVENT_DATA,False,False,False,True,2010-01-28,1084.530029296875,2010-01-29,1073.8699951171875,-0.9829173828039264,NEGATIVE,2010-02-02,1103.3199462890625,1.7325400389668715,POSITIVE,2010-02-04,1063.1099853515625,-1.9750530982714782,NEGATIVE,2010-02-26,1104.489990234375,1.8404249212389707,POSITIVE,2010-03-01,1115.7099609375,2.874971720316462,STRONG_POSITIVE,11.27216367436662,1206.780029296875,STRONG_POSITIVE,2.5716221676701028,-3.6910023895629114,True,Measured from the event-date reference close to subsequent trading-session closes.,True,True,2010-04-29
PG,Consumer Staples,2009-09-30,2009-10-29,0.97,0.99,-0.02,-2.0202,-2.020202020202022,IN_LINE,False,,,,,UNKNOWN,True,True,True,Alpha Vantage EARNINGS,primary_event_data,PRIMARY_EVENT_DATA,False,False,False,True,2009-10-29,1066.1099853515625,2009-10-30,1036.18994140625,-2.8064687843108427,STRONG_NEGATIVE,2009-11-03,1045.4100341796875,-1.9416337391351741,NEGATIVE,2009-11-05,1066.6300048828125,0.04877728737138855,NEUTRAL,2009-11-27,1091.489990234375,2.3806178754102127,STRONG_POSITIVE,2009-11-30,1095.6300048828125,2.7689469132507396,STRONG_POSITIVE,2.1648757043652123,1089.18994140625,STRONG_POSITIVE,4.462950043470181,-3.445233697594329,True,Measured from the event-date reference close to subsequent trading-session closes.,True,True,2010-02-01
PG,Consumer Staples,2009-06-30,2009-08-05,0.8,0.78,0.02,2.5641,2.5641025641025665,IN_LINE,True,,,,,UNKNOWN,True,True,True,Alpha Vantage EARNINGS,primary_event_data,PRIMARY_EVENT_DATA,False,False,False,True,2009-08-05,1002.719970703125,2009-08-06,997.0800170898438,-0.5624654717235177,NEGATIVE,2009-08-10,1007.0999755859375,0.43681237142820273,POSITIVE,2009-08-12,1005.8099975585938,0.308164487170029,POSITIVE,2009-09-02,994.75,-0.794835142012412,NEGATIVE,2009-09-03,1003.239990234375,0.051860893015360315,NEUTRAL,4.257426272923184,1045.4100341796875,STRONG_POSITIVE,3.665031222448901,-2.414428917828728,True,Measured from the event-date reference close to subsequent trading-session closes.,True,True,2009-11-03
PG,Consumer Staples,2009-03-31,2009-04-30,0.84,0.8,0.04,5.0,4.99999999999999,BEAT,True,,,,,UNKNOWN,True,True,True,Alpha Vantage EARNINGS,primary_event_data,PRIMARY_EVENT_DATA,False,False,False,True,2009-04-30,872.8099975585938,2009-05-01,877.52001953125,0.5396388659423044,POSITIVE,2009-05-05,903.7999877929688,3.550599823679789,STRONG_POSITIVE,2009-05-07,907.3900146484375,3.9619180791432576,STRONG_POSITIVE,2009-05-29,919.1400146484375,5.308144638516644,STRONG_POSITIVE,2009-06-01,942.8699951171875,8.026947188341579,STRONG_POSITIVE,13.054387869079969,986.75,STRONG_POSITIVE,6.57187538089718,-0.7687838122186256,True,Measured from the event-date reference close to subsequent trading-session closes.,True,True,2009-07-30
PG,Consumer Staples,2008-12-31,2009-01-30,0.94,0.99,-0.05,-5.0505,-5.050505050505056,MISS,False,,,,,UNKNOWN,True,True,True,Alpha Vantage EARNINGS,primary_event_data,PRIMARY_EVENT_DATA,False,False,False,True,2009-01-30,825.8800048828125,2009-02-02,825.4400024414062,-0.05327680035899208,NEUTRAL,2009-02-04,832.22998046875,0.768873873734057,POSITIVE,2009-02-06,868.5999755859375,5.172660731650321,STRONG_POSITIVE,2009-03-02,700.8200073242188,-15.142635348865122,STRONG_NEGATIVE,2009-03-03,696.3300170898438,-15.686296680757048,STRONG_NEGATIVE,6.252726103444642,877.52001953125,STRONG_POSITIVE,5.948806678009326,-15.278247678812063,True,Measured from the event-date reference close to subsequent trading-session closes.,True,True,2009-05-01
PG,Consumer Staples,2008-09-30,2008-10-29,1.03,1.03,0.0,0.0,0.0,IN_LINE,False,,,,,UNKNOWN,True,True,True,Alpha Vantage EARNINGS,primary_event_data,PRIMARY_EVENT_DATA,False,False,False,True,2008-10-29,930.0900268554688,2008-10-30,954.0900268554688,2.5803953710955634,STRONG_POSITIVE,2008-11-03,966.2999877929688,3.893167316278174,STRONG_POSITIVE,2008-11-05,952.77001953125,2.4384728382111343,STRONG_POSITIVE,2008-11-26,887.6799926757812,-4.5597773285529275,STRONG_NEGATIVE,2008-11-28,896.239990234375,-3.639436575353568,STRONG_NEGATIVE,-11.204294096667049,825.8800048828125,STRONG_NEGATIVE,8.323923563819367,-20.328140488017432,True,Measured from the event-date reference close to subsequent trading-session closes.,True,True,2009-01-30
PG,Consumer Staples,2008-06-30,2008-08-05,0.8,0.78,0.02,2.5641,2.5641025641025665,IN_LINE,True,,,,,UNKNOWN,True,True,True,Alpha Vantage EARNINGS,primary_event_data,PRIMARY_EVENT_DATA,False,False,False,True,2008-08-05,1284.8800048828125,2008-08-06,1289.18994140625,0.3354349438903898,POSITIVE,2008-08-08,1296.3199462890625,0.8903509559473128,POSITIVE,2008-08-12,1289.5899658203125,0.3665681557500439,POSITIVE,2008-09-03,1274.97998046875,-0.7705018660451045,NEGATIVE,2008-09-04,1236.8299560546875,-3.7396526247995747,STRONG_NEGATIVE,-24.79453457748374,966.2999877929688,STRONG_NEGATIVE,2.2002069783807063,-1.8460845069566152,True,Measured from the event-date reference close to subsequent trading-session closes.,True,True,2008-11-03
PG,Consumer Staples,2008-03-31,2008-04-30,0.82,0.81,0.01,1.2346,1.2345679012345552,IN_LINE,True,,,,,UNKNOWN,True,True,True,Alpha Vantage EARNINGS,primary_event_data,PRIMARY_EVENT_DATA,False,False,False,True,2008-04-30,1385.5899658203125,2008-05-01,1409.3399658203125,1.714071304344302,POSITIVE,2008-05-05,1407.489990234375,1.5805559331614385,POSITIVE,2008-05-07,1392.5699462890625,0.5037551253207606,POSITIVE,2008-05-29,1398.260009765625,0.9144151053238495,POSITIVE,2008-05-30,1400.3800048828125,1.0674181704068444,POSITIVE,-7.313127155528801,1284.260009765625,STRONG_NEGATIVE,3.9441700475730554,-0.9035876298250873,True,Measured from the event-date reference close to subsequent trading-session closes.,True,True,2008-07-30
PG,Consumer Staples,2007-12-31,2008-01-31,0.98,0.97,0.01,1.0309,1.0309278350515474,IN_LINE,True,,,,,UNKNOWN,True,True,True,Alpha Vantage EARNINGS,primary_event_data,PRIMARY_EVENT_DATA,False,False,False,True,2008-01-31,1378.550048828125,2008-02-01,1395.4200439453125,1.2237491944183174,POSITIVE,2008-02-05,1336.6400146484375,-3.040153254886487,STRONG_NEGATIVE,2008-02-07,1336.9100341796875,-3.020566042113216,STRONG_NEGATIVE,2008-02-29,1330.6300048828125,-3.4761192737288193,STRONG_NEGATIVE,2008-03-03,1331.3399658203125,-3.424618717901809,STRONG_NEGATIVE,2.2335001198078612,1409.3399658203125,STRONG_POSITIVE,1.2672714144818926,-4.482974621099891,True,Measured from the event-date reference close to subsequent trading-session closes.,True,True,2008-05-01
PG,Consumer Staples,2007-09-30,2007-10-30,0.9,0.9,0.0,0.0,0.0,IN_LINE,False,,,,,UNKNOWN,True,True,True,Alpha Vantage EARNINGS,primary_event_data,PRIMARY_EVENT_DATA,False,False,False,True,2007-10-30,1531.02001953125,2007-10-31,1549.3800048828125,1.1991995609034392,POSITIVE,2007-11-02,1509.6500244140625,-1.395801155084198,NEGATIVE,2007-11-06,1520.27001953125,-0.7021462726066319,NEGATIVE,2007-11-28,1469.02001953125,-4.04958780480104,STRONG_NEGATIVE,2007-11-29,1469.719970703125,-4.0038698414206975,STRONG_NEGATIVE,-9.958718289641077,1378.550048828125,STRONG_NEGATIVE,1.4199677311228822,-8.159269137679798,True,Measured from the event-date reference close to subsequent trading-session closes.,True,True,2008-01-31
PG,Consumer Staples,2007-06-30,2007-08-03,0.67,0.66,0.01,1.5152,1.5151515151515165,IN_LINE,True,,,,,UNKNOWN,True,True,True,Alpha Vantage EARNINGS,primary_event_data,PRIMARY_EVENT_DATA,False,False,False,True,2007-08-03,1433.06005859375,2007-08-06,1467.6700439453125,2.4151105980530216,STRONG_POSITIVE,2007-08-08,1497.489990234375,4.495968696793459,STRONG_POSITIVE,2007-08-10,1453.6400146484375,1.4360846868401622,POSITIVE,2007-08-31,1473.989990234375,2.8561211649977327,STRONG_POSITIVE,2007-09-04,1489.4200439453125,3.9328418242894916,STRONG_POSITIVE,5.260064458601244,1508.43994140625,STRONG_POSITIVE,4.942567175041662,-4.358511189622022,True,Measured from the event-date reference close to subsequent trading-session closes.,True,True,2007-11-01
PG,Consumer Staples,2007-03-31,2007-05-01,0.74,0.74,0.0,0.0,0.0,IN_LINE,False,,,,,UNKNOWN,True,True,True,Alpha Vantage EARNINGS,primary_event_data,PRIMARY_EVENT_DATA,False,False,False,True,2007-05-01,1486.300048828125,2007-05-02,1495.9200439453125,0.647244486385666,POSITIVE,2007-05-04,1505.6199951171875,1.2998685093427356,POSITIVE,2007-05-08,1507.719970703125,1.4411573148967172,POSITIVE,2007-05-30,1530.22998046875,2.95565701388906,STRONG_POSITIVE,2007-05-31,1530.6199951171875,2.9818976541114033,STRONG_POSITIVE,-2.0877365456147743,1455.27001953125,STRONG_NEGATIVE,3.1036805064484625,-0.011440754876282978,True,Measured from the event-date reference close to subsequent trading-session closes.,True,True,2007-07-31
PG,Consumer Staples,2006-12-31,2007-01-30,0.84,0.84,0.0,0.0,0.0,IN_LINE,False,,,,,UNKNOWN,True,True,True,Alpha Vantage EARNINGS,primary_event_data,PRIMARY_EVENT_DATA,False,False,False,True,2007-01-30,1428.8199462890625,2007-01-31,1438.239990234375,0.6592883847806212,POSITIVE,2007-02-02,1448.3900146484375,1.3696665146789466,POSITIVE,2007-02-06,1448.0,1.3423702378142202,POSITIVE,2007-02-28,1406.8199462890625,-1.5397321444971772,NEGATIVE,2007-03-01,1403.1700439453125,-1.7951808700856984,NEGATIVE,4.022907343108562,1486.300048828125,STRONG_POSITIVE,2.292101260558298,-2.757513460396434,True,Measured from the event-date reference close to subsequent trading-session closes.,True,True,2007-05-01
PG,Consumer Staples,2006-09-30,2006-10-31,0.79,0.78,0.01,1.2821,1.2820512820512833,IN_LINE,True,,,,,UNKNOWN,True,True,True,Alpha Vantage EARNINGS,primary_event_data,PRIMARY_EVENT_DATA,False,False,False,True,2006-10-31,1377.93994140625,2006-11-01,1367.81005859375,-0.7351469035843461,NEGATIVE,2006-11-03,1364.300048828125,-0.9898756954678934,NEGATIVE,2006-11-07,1382.8399658203125,0.3556050787715612,POSITIVE,2006-11-29,1399.47998046875,1.5632059435418801,POSITIVE,2006-11-30,1400.6300048828125,1.6466656343095958,POSITIVE,5.11271000463852,1448.3900146484375,STRONG_POSITIVE,2.173539814196989,-1.2308200399642668,True,Measured from the event-date reference close to subsequent trading-session closes.,True,True,2007-02-02
PG,Consumer Staples,2006-06-30,2006-08-02,0.55,0.54,0.01,1.8519,1.8518518518518532,IN_LINE,True,,,,,UNKNOWN,True,True,True,Alpha Vantage EARNINGS,primary_event_data,PRIMARY_EVENT_DATA,False,False,False,True,2006-08-02,1277.4100341796875,2006-08-03,1280.27001953125,0.22388937577111587,NEUTRAL,2006-08-07,1275.77001953125,-0.12838592186968892,NEUTRAL,2006-08-09,1265.949951171875,-0.8971342561256616,NEGATIVE,2006-08-30,1305.3699951171875,2.1888007913962415,STRONG_POSITIVE,2006-08-31,1303.8199462890625,2.067457699777238,STRONG_POSITIVE,7.869822886675509,1377.93994140625,STRONG_POSITIVE,2.2960486664348365,-1.2611444188245966,True,Measured from the event-date reference close to subsequent trading-session closes.,True,True,2006-10-31
PG,Consumer Staples,2006-03-31,2006-05-03,0.62,0.61,0.01,1.6393,1.6393442622950831,IN_LINE,True,,,,,UNKNOWN,True,True,True,Alpha Vantage EARNINGS,primary_event_data,PRIMARY_EVENT_DATA,False,False,False,True,2006-05-03,1308.1199951171875,2006-05-04,1312.25,0.315720644759544,POSITIVE,2006-05-08,1324.6600341796875,1.264412983842378,POSITIVE,2006-05-10,1322.8499755859375,1.1260419933746535,POSITIVE,2006-06-01,1285.7099609375,-1.7131482022549396,NEGATIVE,2006-06-02,1288.219970703125,-1.5212690340598123,NEGATIVE,-2.3476409696458203,1277.4100341796875,STRONG_NEGATIVE,1.4203556343485921,-4.799256148611264,True,Measured from the event-date reference close to subsequent trading-session closes.,True,True,2006-08-02
PG,Consumer Staples,2005-12-31,2006-01-27,0.72,0.69,0.03,4.3478,4.347826086956526,BEAT,True,,,,,UNKNOWN,True,True,True,Alpha Vantage EARNINGS,primary_event_data,PRIMARY_EVENT_DATA,False,False,False,True,2006-01-27,1283.719970703125,2006-01-30,1285.18994140625,0.11450867297171212,NEUTRAL,2006-02-01,1282.4599609375,-0.09815300800647836,NEUTRAL,2006-02-03,1264.030029296875,-1.5338190458675607,NEGATIVE,2006-02-27,1294.1199951171875,0.8101474349087325,POSITIVE,2006-02-28,1280.6600341796875,-0.2383647986532061,NEUTRAL,2.094694735777085,1310.6099853515625,STRONG_POSITIVE,1.078893832145614,-2.345525974412513,True,Measured from the event-date reference close to subsequent trading-session closes.,True,True,2006-04-28
PG,Consumer Staples,2005-09-30,2005-11-01,0.77,0.76,0.01,1.3158,1.3157894736842115,IN_LINE,True,,,,,UNKNOWN,True,True,True,Alpha Vantage EARNINGS,primary_event_data,PRIMARY_EVENT_DATA,False,False,False,True,2005-11-01,1202.760009765625,2005-11-02,1214.760009765625,0.9977052697602052,POSITIVE,2005-11-04,1220.1400146484375,1.4450102050033442,POSITIVE,2005-11-08,1218.5899658203125,1.3161358813195154,POSITIVE,2005-11-30,1249.47998046875,3.884396747795851,STRONG_POSITIVE,2005-12-01,1264.6700439453125,5.14733061267572,STRONG_POSITIVE,5.660310910067076,1270.8399658203125,STRONG_POSITIVE,5.643686548577541,-0.1405154363996383,True,Measured from the event-date reference close to subsequent trading-session closes.,True,True,2006-02-02
PG,Consumer Staples,2005-06-30,2005-08-01,0.56,0.55,0.01,1.8182,1.8181818181818197,IN_LINE,True,,,,,UNKNOWN,True,True,True,Alpha Vantage EARNINGS,primary_event_data,PRIMARY_EVENT_DATA,False,False,False,True,2005-08-01,1235.3499755859375,2005-08-02,1244.1199951171875,0.70992186057156,POSITIVE,2005-08-04,1235.8599853515625,0.04128463801386306,NEUTRAL,2005-08-08,1223.1300048828125,-0.9891909940200515,NEGATIVE,2005-08-29,1212.280029296875,-1.8674826360942955,NEGATIVE,2005-08-30,1208.4100341796875,-2.180753789505856,STRONG_NEGATIVE,-2.9902409953688673,1198.4100341796875,STRONG_NEGATIVE,0.8507718438768747,-2.7376813823970325,True,Measured from the event-date reference close to subsequent trading-session closes.,True,True,2005-10-28
PG,Consumer Staples,2005-03-31,2005-04-28,0.63,0.61,0.02,3.2787,3.2786885245901667,BEAT,True,,,,,UNKNOWN,True,True,True,Alpha Vantage EARNINGS,primary_event_data,PRIMARY_EVENT_DATA,False,False,False,True,2005-04-28,1143.219970703125,2005-04-29,1156.8499755859375,1.1922469194121508,POSITIVE,2005-05-03,1161.1700439453125,1.5701329317355701,POSITIVE,2005-05-05,1172.6300048828125,2.5725612684669232,STRONG_POSITIVE,2005-05-26,1197.6199951171875,4.758491437181976,STRONG_POSITIVE,2005-05-27,1198.780029296875,4.85996221353432,STRONG_POSITIVE,8.790959095841247,1243.719970703125,STRONG_POSITIVE,4.8748256588339585,-0.35251564879472624,True,Measured from the event-date reference close to subsequent trading-session closes.,True,True,2005-07-28
PG,Consumer Staples,2004-12-31,2005-01-27,0.74,0.72,0.02,2.7778,2.7777777777777803,IN_LINE,True,,,,,UNKNOWN,True,True,True,Alpha Vantage EARNINGS,primary_event_data,PRIMARY_EVENT_DATA,False,False,False,True,2005-01-27,1174.550048828125,2005-01-28,1171.3599853515625,-0.2715987692261643,NEGATIVE,2005-02-01,1189.4100341796875,1.265164082738632,POSITIVE,2005-02-03,1189.8900146484375,1.3060291330810065,POSITIVE,2005-02-25,1211.3699951171875,3.1348128865005447,STRONG_POSITIVE,2005-02-28,1203.5999755859375,2.4732813034911763,STRONG_POSITIVE,-2.6674110785026763,1143.219970703125,STRONG_NEGATIVE,3.225907028476871,-0.7066577398218276,True,Measured from the event-date reference close to subsequent trading-session closes.,True,True,2005-04-28
PG,Consumer Staples,2004-09-30,2004-10-27,0.73,0.72,0.01,1.3889,1.3888888888888902,IN_LINE,True,,,,,UNKNOWN,True,True,True,Alpha Vantage EARNINGS,primary_event_data,PRIMARY_EVENT_DATA,False,False,False,True,2004-10-27,1125.4000244140625,2004-10-28,1127.43994140625,0.18126150239330047,NEUTRAL,2004-11-01,1130.510009765625,0.4540594669191521,POSITIVE,2004-11-03,1143.199951171875,1.5816533118594873,POSITIVE,2004-11-24,1181.760009765625,5.007995746304184,STRONG_POSITIVE,2004-11-26,1182.6500244140625,5.087080038922792,STRONG_POSITIVE,4.367338132914327,1174.550048828125,STRONG_POSITIVE,5.603335272386327,-0.4265193463652302,True,Measured from the event-date reference close to subsequent trading-session closes.,True,True,2005-01-27
PG,Consumer Staples,2004-06-30,2004-08-02,0.5,0.49,0.01,2.0408,2.040816326530614,IN_LINE,True,,,,,UNKNOWN,True,True,True,Alpha Vantage EARNINGS,primary_event_data,PRIMARY_EVENT_DATA,False,False,False,True,2004-08-02,1106.6199951171875,2004-08-03,1099.68994140625,-0.6262360829838096,NEGATIVE,2004-08-05,1080.699951171875,-2.3422714264771307,STRONG_NEGATIVE,2004-08-09,1065.219970703125,-3.741123836252242,STRONG_NEGATIVE,2004-08-30,1099.1500244140625,-0.6750258206145963,NEGATIVE,2004-08-31,1104.239990234375,-0.2150697523372027,NEUTRAL,2.130808783388236,1130.199951171875,STRONG_POSITIVE,0.27652298054003166,-4.147767491694548,True,Measured from the event-date reference close to subsequent trading-session closes.,True,True,2004-10-29
PG,Consumer Staples,2004-03-31,2004-04-30,0.55,0.54,0.01,1.8519,1.8518518518518532,IN_LINE,True,,,,,UNKNOWN,True,True,True,Alpha Vantage EARNINGS,primary_event_data,PRIMARY_EVENT_DATA,False,False,False,True,2004-04-30,1107.300048828125,2004-05-03,1117.489990234375,0.9202511475578993,POSITIVE,2004-05-05,1121.530029296875,1.2851060996348584,POSITIVE,2004-05-07,1098.699951171875,-0.7766727424379357,NEGATIVE,2004-05-28,1120.6800537109375,1.2083450097354185,POSITIVE,2004-06-01,1121.199951171875,1.2552968238789937,POSITIVE,-0.061415486403817346,1106.6199951171875,NEUTRAL,1.8459261722133895,-2.797805578700126,True,Measured from the event-date reference close to subsequent trading-session closes.,True,True,2004-08-02
PG,Consumer Staples,2003-12-31,2004-01-28,0.65,0.64,0.01,1.5625,1.562500000000001,IN_LINE,True,,,,,UNKNOWN,True,True,True,Alpha Vantage EARNINGS,primary_event_data,PRIMARY_EVENT_DATA,False,False,False,True,2004-01-28,1128.47998046875,2004-01-29,1134.1099853515625,0.4989016181282984,POSITIVE,2004-02-02,1135.260009765625,0.6008107732720875,POSITIVE,2004-02-04,1126.52001953125,-0.17368149824739185,NEUTRAL,2004-02-26,1144.9100341796875,1.4559455192207091,POSITIVE,2004-02-27,1144.93994140625,1.4585957413850472,POSITIVE,-0.5378869270273766,1122.4100341796875,NEGATIVE,2.7027506493585167,-0.5405479664250386,True,Measured from the event-date reference close to subsequent trading-session closes.,True,True,2004-04-28
PG,Consumer Staples,2003-09-30,2003-10-27,0.63,0.63,0.0,0.0,0.0,IN_LINE,False,,,,,UNKNOWN,True,True,True,Alpha Vantage EARNINGS,primary_event_data,PRIMARY_EVENT_DATA,False,False,False,True,2003-10-27,1031.1300048828125,2003-10-28,1046.7900390625,1.5187254861686676,POSITIVE,2003-10-30,1046.93994140625,1.5332631626052131,POSITIVE,2003-11-03,1059.02001953125,2.704800996612177,STRONG_POSITIVE,2003-11-24,1052.0799560546875,2.0317468284957876,STRONG_POSITIVE,2003-11-25,1053.8900146484375,2.2072880876172025,STRONG_POSITIVE,9.44109618815731,1128.47998046875,STRONG_POSITIVE,3.1538234148220607,0.0,True,Measured from the event-date reference close to subsequent trading-session closes.,True,True,2004-01-28
PG,Consumer Staples,2003-06-30,2003-07-31,0.44,0.43,0.01,2.3256,2.325581395348839,IN_LINE,True,,,,,UNKNOWN,True,True,True,Alpha Vantage EARNINGS,primary_event_data,PRIMARY_EVENT_DATA,False,False,False,True,2003-07-31,990.3099975585938,2003-08-01,980.1500244140625,-1.0259386625984368,NEGATIVE,2003-08-05,965.4600219726562,-2.5093128058082845,STRONG_NEGATIVE,2003-08-07,974.1199951171875,-1.634841865811653,NEGATIVE,2003-08-28,1002.8400268554688,1.2652633344877076,POSITIVE,2003-08-29,1008.010009765625,1.7873203593487899,POSITIVE,5.836555011608765,1048.1099853515625,STRONG_POSITIVE,2.090255804552401,-2.975832898362853,True,Measured from the event-date reference close to subsequent trading-session closes.,True,True,2003-10-29
PG,Consumer Staples,2003-03-31,2003-04-28,0.48,0.48,0.0,0.0,0.0,IN_LINE,False,,,,,UNKNOWN,True,True,True,Alpha Vantage EARNINGS,primary_event_data,PRIMARY_EVENT_DATA,False,False,False,True,2003-04-28,914.8400268554688,2003-04-29,917.8400268554688,0.32792618511804095,POSITIVE,2003-05-01,916.2999877929688,0.1595864735519112,NEUTRAL,2003-05-05,926.5499877929688,1.2800009393718845,POSITIVE,2003-05-27,951.47998046875,4.0050667371017665,STRONG_POSITIVE,2003-05-28,953.219970703125,4.19526285700218,STRONG_POSITIVE,8.92833613287949,996.52001953125,STRONG_POSITIVE,4.144985111822949,-1.312798895223941,True,Measured from the event-date reference close to subsequent trading-session closes.,True,True,2003-07-28
PG,Consumer Staples,2002-12-31,2003-01-28,0.56,0.56,0.0,0.0,0.0,IN_LINE,False,,,,,UNKNOWN,True,True,True,Alpha Vantage EARNINGS,primary_event_data,PRIMARY_EVENT_DATA,False,False,False,True,2003-01-28,858.5399780273438,2003-01-29,864.3599853515625,0.677895901550363,POSITIVE,2003-01-31,855.7000122070312,-0.3307901662119279,NEGATIVE,2003-02-04,848.2000122070312,-1.2043662595736666,NEGATIVE,2003-02-26,827.5499877929688,-3.609615280301833,STRONG_NEGATIVE,2003-02-27,837.280029296875,-2.4762910609378332,STRONG_NEGATIVE,6.907080665524505,917.8400268554688,STRONG_POSITIVE,1.1857330976213463,-6.085913450420113,True,Measured from the event-date reference close to subsequent trading-session closes.,True,True,2003-04-29
PG,Consumer Staples,2002-09-30,2002-10-29,0.56,0.55,0.01,1.8182,1.8181818181818197,IN_LINE,True,,,,,UNKNOWN,True,True,True,Alpha Vantage EARNINGS,primary_event_data,PRIMARY_EVENT_DATA,False,False,False,True,2002-10-29,882.1500244140625,2002-10-30,890.7100219726562,0.9703562117202719,POSITIVE,2002-11-01,900.9600219726562,2.1322900910293163,STRONG_POSITIVE,2002-11-05,915.3900146484375,3.7680654440216683,STRONG_POSITIVE,2002-11-26,913.3099975585938,3.5322759487795943,STRONG_POSITIVE,2002-11-27,938.8699951171875,6.429742009109988,STRONG_POSITIVE,-4.255516411444263,844.6099853515625,STRONG_NEGATIVE,6.249504433152478,-1.1449341202254513,True,Measured from the event-date reference close to subsequent trading-session closes.,True,True,2003-01-30
PG,Consumer Staples,2002-06-30,2002-08-05,0.39,0.37,0.02,5.4054,5.405405405405411,BEAT,True,,,,,UNKNOWN,True,True,True,Alpha Vantage EARNINGS,primary_event_data,PRIMARY_EVENT_DATA,False,False,False,True,2002-08-05,834.5999755859375,2002-08-06,859.5700073242188,2.991856274708233,STRONG_POSITIVE,2002-08-08,905.4600219726562,8.490300558296914,STRONG_POSITIVE,2002-08-12,903.7999877929688,8.29139878160778,STRONG_POSITIVE,2002-09-03,878.02001953125,5.202497629457647,STRONG_POSITIVE,2002-09-04,893.4000244140625,7.045297214014889,STRONG_POSITIVE,7.951120096802082,900.9600219726562,STRONG_POSITIVE,15.624254520558084,0.0,True,Measured from the event-date reference close to subsequent trading-session closes.,True,True,2002-11-01
PG,Consumer Staples,2002-03-31,2002-04-30,0.42,0.41,0.01,2.439,2.4390243902439046,IN_LINE,True,,,,,UNKNOWN,True,True,True,Alpha Vantage EARNINGS,primary_event_data,PRIMARY_EVENT_DATA,False,False,False,True,2002-04-30,1076.9200439453125,2002-05-01,1086.4599609375,0.885851929845959,POSITIVE,2002-05-03,1073.4300537109375,-0.3240714344576009,NEGATIVE,2002-05-07,1049.489990234375,-2.547083589460095,STRONG_NEGATIVE,2002-05-29,1067.6600341796875,-0.8598604713216049,NEGATIVE,2002-05-30,1064.6600341796875,-1.138432684446124,NEGATIVE,-16.170189758050466,902.780029296875,STRONG_NEGATIVE,2.7550719333167764,-2.5963007342105286,True,Measured from the event-date reference close to subsequent trading-session closes.,True,True,2002-07-30
PG,Consumer Staples,2001-12-31,2002-01-31,0.52,0.51,0.01,1.9608,1.960784313725492,IN_LINE,True,,,,,UNKNOWN,True,True,True,Alpha Vantage EARNINGS,primary_event_data,PRIMARY_EVENT_DATA,False,False,False,True,2002-01-31,1130.199951171875,2002-02-01,1122.199951171875,-0.7078393510550949,NEGATIVE,2002-02-05,1090.02001953125,-3.5551170922422597,STRONG_NEGATIVE,2002-02-07,1080.1700439453125,-4.4266421330745755,STRONG_NEGATIVE,2002-03-01,1131.780029296875,0.1398051843270439,NEUTRAL,2002-03-04,1153.8399658203125,2.0916665784603676,STRONG_POSITIVE,-4.0382139930905305,1084.56005859375,STRONG_NEGATIVE,0.1406908475775706,-4.940715646148585,True,Measured from the event-date reference close to subsequent trading-session closes.,True,True,2002-05-02
PG,Consumer Staples,2001-09-30,2001-10-30,0.48,0.47,0.01,2.1277,2.1276595744680877,IN_LINE,True,,,,,UNKNOWN,True,True,True,Alpha Vantage EARNINGS,primary_event_data,PRIMARY_EVENT_DATA,False,False,False,True,2001-10-30,1059.7900390625,2001-10-31,1059.780029296875,-0.0009445045958211431,NEUTRAL,2001-11-02,1087.199951171875,2.5863530604252576,STRONG_POSITIVE,2001-11-06,1118.8599853515625,5.5737404685664265,STRONG_POSITIVE,2001-11-28,1128.52001953125,6.485244995277477,STRONG_POSITIVE,2001-11-29,1140.199951171875,7.587343638415997,STRONG_POSITIVE,6.643760510493216,1130.199951171875,STRONG_POSITIVE,9.774574397014444,-0.5170817111658873,True,Measured from the event-date reference close to subsequent trading-session closes.,True,True,2002-01-31
PG,Consumer Staples,2001-06-30,2001-08-07,0.3,0.3,0.0,0.0,0.0,IN_LINE,False,,,,,UNKNOWN,True,True,True,Alpha Vantage EARNINGS,primary_event_data,PRIMARY_EVENT_DATA,False,False,False,True,2001-08-07,1204.4000244140625,2001-08-08,1183.530029296875,-1.7328125783906971,NEGATIVE,2001-08-10,1190.1600341796875,-1.1823306165493244,NEGATIVE,2001-08-14,1186.72998046875,-1.4671241769451915,NEGATIVE,2001-09-05,1131.739990234375,-6.032882157656583,STRONG_NEGATIVE,2001-09-06,1106.4000244140625,-8.136831452463374,STRONG_NEGATIVE,-6.981896721666213,1120.31005859375,STRONG_NEGATIVE,0.19844026901280043,-7.434410266311726,True,Measured from the event-date reference close to subsequent trading-session closes.,True,True,2001-11-09
PG,Consumer Staples,2001-03-31,2001-05-01,0.36,0.35,0.01,2.8571,2.85714285714286,IN_LINE,True,,,,,UNKNOWN,True,True,True,Alpha Vantage EARNINGS,primary_event_data,PRIMARY_EVENT_DATA,False,False,False,True,2001-05-01,1266.43994140625,2001-05-02,1267.4300537109375,0.07818075475320868,NEUTRAL,2001-05-04,1266.6099853515625,0.0134269253324152,NEUTRAL,2001-05-08,1261.199951171875,-0.41375749951131,NEGATIVE,2001-05-30,1248.0799560546875,-1.4497320205469548,NEGATIVE,2001-05-31,1255.8199462890625,-0.8385707659689805,NEGATIVE,-4.3594614424585405,1211.22998046875,STRONG_NEGATIVE,3.907813603046495,-2.7194295031478575,True,Measured from the event-date reference close to subsequent trading-session closes.,True,True,2001-07-31
PG,Consumer Staples,2000-12-31,2001-01-30,0.47,0.46,0.01,2.1739,2.1739130434782505,IN_LINE,True,,,,,UNKNOWN,True,True,True,Alpha Vantage EARNINGS,primary_event_data,PRIMARY_EVENT_DATA,False,False,False,True,2001-01-30,1373.72998046875,2001-01-31,1366.010009765625,-0.5619714800495771,NEGATIVE,2001-02-02,1349.469970703125,-1.7659955093465236,NEGATIVE,2001-02-06,1352.260009765625,-1.5628959845368537,NEGATIVE,2001-02-28,1239.93994140625,-9.73918025847027,STRONG_NEGATIVE,2001-03-01,1241.22998046875,-9.645272497786484,STRONG_NEGATIVE,-7.810125758912974,1266.43994140625,STRONG_NEGATIVE,0.7017401371081742,-11.522645739193054,True,Measured from the event-date reference close to subsequent trading-session closes.,True,True,2001-05-01
PG,Consumer Staples,2000-09-30,2000-10-31,0.44,0.44,0.0,0.0,0.0,IN_LINE,False,,,,,UNKNOWN,True,True,True,Alpha Vantage EARNINGS,primary_event_data,PRIMARY_EVENT_DATA,False,False,False,True,2000-10-31,1429.4000244140625,2000-11-01,1421.219970703125,-0.5722718323228415,NEGATIVE,2000-11-03,1426.68994140625,-0.18959584171851496,NEUTRAL,2000-11-07,1431.8699951171875,0.17279772358598403,NEUTRAL,2000-11-29,1341.9300537109375,-6.119348622439023,STRONG_NEGATIVE,2000-11-30,1314.949951171875,-8.006861010730898,STRONG_NEGATIVE,-3.9128342490314605,1373.469970703125,STRONG_NEGATIVE,0.63382792561175,-7.521338178911487,True,Measured from the event-date reference close to subsequent trading-session closes.,True,True,2001-02-01
PG,Consumer Staples,2000-06-30,2000-08-01,0.28,0.27,0.01,3.7037,3.703703703703707,BEAT,True,,,,,UNKNOWN,True,True,True,Alpha Vantage EARNINGS,primary_event_data,PRIMARY_EVENT_DATA,False,False,False,True,2000-08-01,1438.0999755859375,2000-08-02,1438.699951171875,0.041720019200545966,NEUTRAL,2000-08-04,1462.9300537109375,1.7265891486357383,POSITIVE,2000-08-08,1482.800048828125,3.1082729991685705,STRONG_POSITIVE,2000-08-29,1509.8399658203125,4.988525933681721,STRONG_POSITIVE,2000-08-30,1502.5899658203125,4.484388521604646,STRONG_POSITIVE,-2.7425034473128784,1398.6600341796875,STRONG_NEGATIVE,5.969680623279261,-0.8810181552112039,True,Measured from the event-date reference close to subsequent trading-session closes.,True,True,2000-10-30
PG,Consumer Staples,2000-03-31,2000-04-25,0.32,0.32,0.0,0.0,0.0,IN_LINE,False,,,,,UNKNOWN,True,True,True,Alpha Vantage EARNINGS,primary_event_data,PRIMARY_EVENT_DATA,False,False,False,True,2000-04-25,1477.43994140625,2000-04-26,1460.989990234375,-1.113409128239601,NEGATIVE,2000-04-28,1452.4300537109375,-1.6927854049693352,NEGATIVE,2000-05-02,1446.2900390625,-2.108370125292609,STRONG_NEGATIVE,2000-05-23,1373.8599853515625,-7.01077269889553,STRONG_NEGATIVE,2000-05-24,1399.050048828125,-5.305792159883826,STRONG_NEGATIVE,-0.20102141683662186,1474.469970703125,NEUTRAL,0.3722655551578642,-7.357995265379667,True,Measured from the event-date reference close to subsequent trading-session closes.,True,True,2000-07-25
PG,Consumer Staples,1999-12-31,2000-01-25,0.44,0.44,0.0,0.0,0.0,IN_LINE,False,,,,,UNKNOWN,True,True,True,Alpha Vantage EARNINGS,primary_event_data,PRIMARY_EVENT_DATA,False,False,False,True,2000-01-25,1410.030029296875,2000-01-26,1404.0899658203125,-0.4212721256386695,NEGATIVE,2000-01-28,1360.1600341796875,-3.5368037616940433,STRONG_NEGATIVE,2000-02-01,1409.280029296875,-0.053190356546803104,NEUTRAL,2000-02-23,1360.68994140625,-3.4992224892705948,STRONG_NEGATIVE,2000-02-24,1353.4300537109375,-4.014097175941822,STRONG_NEGATIVE,4.7807430131817545,1477.43994140625,STRONG_POSITIVE,2.4481761958263926,-5.542436883633801,True,Measured from the event-date reference close to subsequent trading-session closes.,True,True,2000-04-25
PG,Consumer Staples,1999-09-30,1999-10-28,0.44,0.44,0.0,0.0,0.0,IN_LINE,False,,,,,UNKNOWN,True,True,True,Alpha Vantage EARNINGS,primary_event_data,PRIMARY_EVENT_DATA,False,False,False,True,1999-10-28,1342.43994140625,1999-10-29,1362.9300537109375,1.5263336312255007,POSITIVE,1999-11-02,1347.739990234375,0.3948071466476947,POSITIVE,1999-11-04,1362.6400146484375,1.5047282652382392,POSITIVE,1999-11-26,1416.6199951171875,5.525763307759709,STRONG_POSITIVE,1999-11-29,1407.8299560546875,4.870982502199637,STRONG_POSITIVE,1.3199914742461492,1360.1600341796875,POSITIVE,6.173096809134778,0.0,True,Measured from the event-date reference close to subsequent trading-session closes.,True,True,2000-01-28
PG,Consumer Staples,1999-06-30,1999-07-29,0.28,0.27,0.01,3.7037,3.703703703703707,BEAT,True,,,,,UNKNOWN,True,True,True,Alpha Vantage EARNINGS,primary_event_data,PRIMARY_EVENT_DATA,False,False,False,True,1999-07-29,1341.030029296875,1999-07-30,1328.719970703125,-0.9179554763739611,NEGATIVE,1999-08-03,1322.1800537109375,-1.405634115130208,NEGATIVE,1999-08-05,1313.7099609375,-2.037245084936642,STRONG_NEGATIVE,1999-08-26,1362.010009765625,1.5644676114933955,POSITIVE,1999-08-27,1348.27001953125,0.5398827823543259,POSITIVE,-3.3049273611428944,1296.7099609375,STRONG_NEGATIVE,3.117747970592364,-5.465951337909821,True,Measured from the event-date reference close to subsequent trading-session closes.,True,True,1999-10-27
PG,Consumer Staples,1999-03-31,1999-04-22,0.38,0.35,0.03,8.5714,8.57142857142858,BEAT,True,,,,,UNKNOWN,True,True,True,Alpha Vantage EARNINGS,primary_event_data,PRIMARY_EVENT_DATA,False,False,False,True,1999-04-22,1358.8199462890625,1999-04-23,1356.8499755859375,-0.1449765812243918,NEUTRAL,1999-04-27,1362.800048828125,0.2929087514451168,POSITIVE,1999-04-29,1342.8299560546875,-1.1767556310932634,NEGATIVE,1999-05-20,1338.8299560546875,-1.4711287017067762,NEGATIVE,1999-05-21,1330.2900390625,-2.099609098650464,STRONG_NEGATIVE,0.15822732216539925,1360.969970703125,NEUTRAL,1.2628629883268607,-3.2557654423011986,True,Measured from the event-date reference close to subsequent trading-session closes.,True,True,1999-07-22
PG,Consumer Staples,1998-12-31,1999-01-25,0.39,0.39,0.0,0.0,0.0,IN_LINE,False,,,,,UNKNOWN,True,True,True,Alpha Vantage EARNINGS,primary_event_data,PRIMARY_EVENT_DATA,False,False,False,True,1999-01-25,1233.97998046875,1999-01-26,1252.31005859375,1.485443719924612,POSITIVE,1999-01-28,1265.3699951171875,2.5438025855584323,STRONG_POSITIVE,1999-02-01,1273.0,3.1621274371426615,STRONG_POSITIVE,1999-02-23,1271.1800537109375,3.0146415526171153,STRONG_POSITIVE,1999-02-24,1253.4100341796875,1.5745841924888144,POSITIVE,10.215729638163479,1360.0400390625,STRONG_POSITIVE,4.033292299632279,-1.7901397243025954,True,Measured from the event-date reference close to subsequent trading-session closes.,True,True,1999-04-26
PG,Consumer Staples,1998-09-30,1998-10-22,0.4,0.39,0.01,2.5641,2.5641025641025665,IN_LINE,True,,,,,UNKNOWN,True,True,True,Alpha Vantage EARNINGS,primary_event_data,PRIMARY_EVENT_DATA,False,False,False,True,1998-10-22,1078.47998046875,1998-10-23,1070.6700439453125,-0.724161474007426,NEGATIVE,1998-10-27,1065.3399658203125,-1.2183828060235602,NEGATIVE,1998-10-29,1085.9300537109375,0.6907938373551824,POSITIVE,1998-11-19,1152.6099853515625,6.8735633693072975,STRONG_POSITIVE,1998-11-20,1163.550048828125,7.887959897262088,STRONG_POSITIVE,14.418441029606646,1233.97998046875,STRONG_POSITIVE,7.1044429664689215,-1.745971774691938,True,Measured from the event-date reference close to subsequent trading-session closes.,True,True,1999-01-25
PG,Consumer Staples,1998-06-30,1998-07-30,0.25,0.24,0.01,4.1667,4.166666666666671,BEAT,True,,,,,UNKNOWN,True,True,True,Alpha Vantage EARNINGS,primary_event_data,PRIMARY_EVENT_DATA,False,False,False,True,1998-07-30,1142.949951171875,1998-07-31,1120.6700439453125,-1.9493335822551763,NEGATIVE,1998-08-04,1072.1199951171875,-6.19711790372492,STRONG_NEGATIVE,1998-08-06,1089.6300048828125,-4.6651164588959615,STRONG_NEGATIVE,1998-08-27,1042.5899658203125,-8.780785654582921,STRONG_NEGATIVE,1998-08-28,1027.1400146484375,-10.13254660929787,STRONG_NEGATIVE,-6.549716833603083,1068.0899658203125,STRONG_NEGATIVE,0.0017515667444120214,-9.216498562540439,True,Measured from the event-date reference close to subsequent trading-session closes.,True,True,1998-10-28
PG,Consumer Staples,1998-03-31,1998-04-23,0.33,0.32,0.01,3.125,3.1250000000000027,BEAT,True,,,,,UNKNOWN,True,True,True,Alpha Vantage EARNINGS,primary_event_data,PRIMARY_EVENT_DATA,False,False,False,True,1998-04-23,1119.5799560546875,1998-04-24,1107.9000244140625,-1.0432422961361483,NEGATIVE,1998-04-28,1085.1099853515625,-3.0788306379291113,STRONG_NEGATIVE,1998-04-30,1111.75,-0.6993655086752049,NEGATIVE,1998-05-21,1114.6400146484375,-0.44123167617773085,NEGATIVE,1998-05-22,1110.469970703125,-0.8136967174426182,NEGATIVE,1.8015724411850103,1139.75,POSITIVE,0.9771578543719585,-3.8300082679148963,True,Measured from the event-date reference close to subsequent trading-session closes.,True,True,1998-07-23
PG,Consumer Staples,1997-12-31,1998-01-27,0.38,0.38,0.0,0.0,0.0,IN_LINE,False,,,,,UNKNOWN,True,True,True,Alpha Vantage EARNINGS,primary_event_data,PRIMARY_EVENT_DATA,False,False,False,True,1998-01-27,969.02001953125,1998-01-28,977.4600219726562,0.8709832894359587,POSITIVE,1998-01-30,980.280029296875,1.1619997047194002,POSITIVE,1998-02-03,1006.0,3.81622461078137,STRONG_POSITIVE,1998-02-25,1042.9000244140625,7.624197993200483,STRONG_POSITIVE,1998-02-26,1048.6700439453125,8.21964694316554,STRONG_POSITIVE,11.980141119939855,1085.1099853515625,STRONG_POSITIVE,7.9224389572866025,0.0,True,Measured from the event-date reference close to subsequent trading-session closes.,True,True,1998-04-28
PG,Consumer Staples,1997-09-30,1997-10-22,0.4,0.39,0.01,2.5641,2.5641025641025665,IN_LINE,True,,,,,UNKNOWN,True,True,True,Alpha Vantage EARNINGS,primary_event_data,PRIMARY_EVENT_DATA,False,False,False,True,1997-10-22,968.489990234375,1997-10-23,950.6900024414062,-1.8379113849861417,NEGATIVE,1997-10-27,876.989990234375,-9.447697025537348,STRONG_NEGATIVE,1997-10-29,919.1599731445312,-5.093497876824299,STRONG_NEGATIVE,1997-11-19,944.5900268554688,-2.4677553325174224,STRONG_NEGATIVE,1997-11-20,958.97998046875,-0.981941977874606,NEGATIVE,-1.1254595802552854,957.5900268554688,NEGATIVE,0.0,-11.690360442003714,True,Measured from the event-date reference close to subsequent trading-session closes.,True,True,1998-01-23
PG,Consumer Staples,1997-06-30,1997-07-31,0.22,0.21,0.01,4.7619,4.761904761904766,BEAT,True,,,,,UNKNOWN,True,True,True,Alpha Vantage EARNINGS,primary_event_data,PRIMARY_EVENT_DATA,False,False,False,True,1997-07-31,954.3099975585938,1997-08-01,947.1400146484375,-0.7513263958775639,NEGATIVE,1997-08-05,952.3699951171875,-0.20328849602009283,NEUTRAL,1997-08-07,951.1900024414062,-0.32693727668885025,NEGATIVE,1997-08-28,903.6699829101562,-5.3064533304680435,STRONG_NEGATIVE,1997-08-29,899.469970703125,-5.746563170852836,STRONG_NEGATIVE,-3.6832920648412593,919.1599731445312,STRONG_NEGATIVE,1.0332057064043392,-6.388906210676212,True,Measured from the event-date reference close to subsequent trading-session closes.,True,True,1997-10-29
PG,Consumer Staples,1997-03-31,1997-04-24,0.32,0.31,0.01,3.2258,3.2258064516129057,BEAT,True,,,,,UNKNOWN,True,True,True,Alpha Vantage EARNINGS,primary_event_data,PRIMARY_EVENT_DATA,False,False,False,True,1997-04-24,771.1799926757812,1997-04-25,765.3699951171875,-0.7533905980152138,NEGATIVE,1997-04-29,794.0499877929688,2.965584602089448,STRONG_POSITIVE,1997-05-01,798.530029296875,3.546517918105822,STRONG_POSITIVE,1997-05-22,835.6599731445312,8.361210233816143,STRONG_POSITIVE,1997-05-23,847.030029296875,9.835581490893599,STRONG_POSITIVE,21.93002888085671,940.2999877929688,STRONG_POSITIVE,9.81482963254569,-1.0218113744718742,True,Measured from the event-date reference close to subsequent trading-session closes.,True,True,1997-07-24
PG,Consumer Staples,1996-12-31,1997-01-28,0.34,0.33,0.01,3.0303,3.030303030303033,BEAT,True,,,,,UNKNOWN,True,True,True,Alpha Vantage EARNINGS,primary_event_data,PRIMARY_EVENT_DATA,False,False,False,True,1997-01-28,765.02001953125,1997-01-29,772.5,0.9777496376282023,POSITIVE,1997-01-31,786.1599731445312,2.763320314968269,STRONG_POSITIVE,1997-02-04,789.260009765625,3.1685432557997038,STRONG_POSITIVE,1997-02-26,805.6799926757812,5.314890082150373,STRONG_POSITIVE,1997-02-27,795.0700073242188,3.9280001863717566,STRONG_POSITIVE,3.79466778915227,794.0499877929688,STRONG_POSITIVE,6.883476484288287,0.0,True,Measured from the event-date reference close to subsequent trading-session closes.,True,True,1997-04-29
PG,Consumer Staples,1996-09-30,1996-10-24,0.35,0.34,0.01,2.9412,2.9411764705882213,IN_LINE,True,,,,,UNKNOWN,True,True,True,Alpha Vantage EARNINGS,primary_event_data,PRIMARY_EVENT_DATA,False,False,False,True,1996-10-24,702.2899780273438,1996-10-25,700.9199829101562,-0.19507541899368513,NEUTRAL,1996-10-29,701.5,-0.11248601746570731,NEUTRAL,1996-10-31,705.27001953125,0.42433205615105923,POSITIVE,1996-11-21,742.75,5.761156109091013,STRONG_POSITIVE,1996-11-22,748.72998046875,6.612653447205835,STRONG_POSITIVE,9.71536596543169,770.52001953125,STRONG_POSITIVE,6.364893933498628,-0.864316381285796,True,Measured from the event-date reference close to subsequent trading-session closes.,True,True,1997-01-24
PG,Consumer Staples,1996-06-30,1996-08-08,0.19,0.19,0.0,0.0,0.0,IN_LINE,False,,,,,UNKNOWN,True,True,True,Alpha Vantage EARNINGS,primary_event_data,PRIMARY_EVENT_DATA,False,False,False,True,1996-08-08,662.5900268554688,1996-08-09,662.0999755859375,-0.07395995256024963,NEUTRAL,1996-08-13,660.2000122070312,-0.3607079116146787,NEGATIVE,1996-08-15,662.280029296875,-0.04678572662268127,NEUTRAL,1996-09-06,655.6799926757812,-1.0428823102697848,NEGATIVE,1996-09-09,663.760009765625,0.176577198982118,NEUTRAL,9.357219017352355,724.5900268554688,STRONG_POSITIVE,1.2209610003799787,-2.8101926376270914,True,Measured from the event-date reference close to subsequent trading-session closes.,True,True,1996-11-06
PG,Consumer Staples,1996-03-31,1996-04-25,0.27,0.27,0.0,0.0,0.0,IN_LINE,False,,,,,UNKNOWN,True,True,True,Alpha Vantage EARNINGS,primary_event_data,PRIMARY_EVENT_DATA,False,False,False,True,1996-04-25,652.8699951171875,1996-04-26,653.4600219726562,0.09037432565159356,NEUTRAL,1996-04-30,654.1699829101562,0.19911893680079562,NEUTRAL,1996-05-02,643.3800048828125,-1.4535803920153485,NEGATIVE,1996-05-23,676.0,3.5428194059769527,STRONG_POSITIVE,1996-05-24,678.510009765625,3.927277228268887,STRONG_POSITIVE,-3.323787640621497,631.1699829101562,STRONG_NEGATIVE,4.323981907559228,-3.492270737434678,True,Measured from the event-date reference close to subsequent trading-session closes.,True,True,1996-07-25
