indicator,agency,release_date,release_time,reference_period,actual,previous,revision,consensus,consensus_source,vintage_date,source,source_url,mom,yoy,level,notes,price_adjusted,source_series,units,publication_status,verification_status,release_time_verification,original_release_date,value_source_url,latest_official_period,metadata_provider,metadata_verification,metadata_source_url,metadata_series,metadata_release_id,source_alternate_reason,fred_vintage_date,fred_last_updated,retrieved_at,ingestion_event_type,source_snapshot_history,available_as_of,observation_date,event_id,source_discovery_url,archive_release_date,source_distribution,yoy_source_series,yoy_source_url,yoy_method,yoy_verification_status,metadata_only
INITIAL_JOBLESS_CLAIMS,DOL,2020-01-02,08:30 ET,"Week ending December 28, 2019",222000.0,,,,,2020-01-02,DOL Initial Jobless Claims — immutable first-release PIT reconstruction,https://github.com/0xkoa1a/investment-research/blob/main/data/raw/fred_first_release/initial_claims.csv,,,,,,,,,,,,,,,,,,,,,,,,,,,,,,,,,,,
ISM_MANUFACTURING_PMI,ISM,2020-01-03,10:00 ET,January 2020,50.9,,,,,2020-01-03,Institute for Supply Management — Manufacturing PMI,https://www.ismworld.org/supply-management-news-and-reports/reports/ism-pmi-reports/,,,,,,,,,,,,,,,,,,,,,,,,,,,,,,,,,,,
INITIAL_JOBLESS_CLAIMS,DOL,2020-01-09,08:30 ET,"Week ending January 4, 2020",214000.0,,,,,2020-01-09,DOL Initial Jobless Claims — immutable first-release PIT reconstruction,https://github.com/0xkoa1a/investment-research/blob/main/data/raw/fred_first_release/initial_claims.csv,,,,,,,,,,,,,,,,,,,,,,,,,,,,,,,,,,,
INITIAL_JOBLESS_CLAIMS,DOL,2020-01-16,08:30 ET,"Week ending January 11, 2020",204000.0,,,,,2020-01-16,DOL Initial Jobless Claims — immutable first-release PIT reconstruction,https://github.com/0xkoa1a/investment-research/blob/main/data/raw/fred_first_release/initial_claims.csv,,,,,,,,,,,,,,,,,,,,,,,,,,,,,,,,,,,
INITIAL_JOBLESS_CLAIMS,DOL,2020-01-23,08:30 ET,"Week ending January 18, 2020",211000.0,,,,,2020-01-23,DOL Initial Jobless Claims — immutable first-release PIT reconstruction,https://github.com/0xkoa1a/investment-research/blob/main/data/raw/fred_first_release/initial_claims.csv,,,,,,,,,,,,,,,,,,,,,,,,,,,,,,,,,,,
INITIAL_JOBLESS_CLAIMS,DOL,2020-01-30,08:30 ET,"Week ending January 25, 2020",216000.0,,,,,2020-01-30,DOL Initial Jobless Claims — immutable first-release PIT reconstruction,https://github.com/0xkoa1a/investment-research/blob/main/data/raw/fred_first_release/initial_claims.csv,,,,,,,,,,,,,,,,,,,,,,,,,,,,,,,,,,,
ISM_MANUFACTURING_PMI,ISM,2020-02-03,10:00 ET,February 2020,50.1,,,,,2020-02-03,Institute for Supply Management — Manufacturing PMI,https://www.ismworld.org/supply-management-news-and-reports/reports/ism-pmi-reports/,,,,,,,,,,,,,,,,,,,,,,,,,,,,,,,,,,,
INITIAL_JOBLESS_CLAIMS,DOL,2020-02-06,08:30 ET,"Week ending February 1, 2020",202000.0,,,,,2020-02-06,DOL Initial Jobless Claims — immutable first-release PIT reconstruction,https://github.com/0xkoa1a/investment-research/blob/main/data/raw/fred_first_release/initial_claims.csv,,,,,,,,,,,,,,,,,,,,,,,,,,,,,,,,,,,
NFP,BLS,2020-02-07,08:30 ET,January 2020,225000.0,,,,,2020-02-07,U.S. Bureau of Labor Statistics — Employment Situation,https://www.bls.gov/news.release/archives/empsit_20200207.htm,,,,,,,,,,,,,,,,,,,,,,,,,,,,,,,,,,,
UNEMPLOYMENT_RATE,BLS,2020-02-07,08:30 ET,January 2020,3.6,,,,,2020-02-07,U.S. Bureau of Labor Statistics — Employment Situation,https://www.bls.gov/news.release/archives/empsit_20200207.htm,,,,,,,,,,,,,,,,,,,,,,,,,,,,,,,,,,,
CORE_CPI,BLS,2020-02-13,08:30 ET,January 2020,0.2,,,,,2020-02-13,U.S. Bureau of Labor Statistics — Consumer Price Index,https://www.bls.gov/news.release/archives/cpi_20200213.htm,,,,,,,,,,,,,,,,,,,,,,,,,,,,,,,,,,,
CPI,BLS,2020-02-13,08:30 ET,January 2020,0.1,,,,,2020-02-13,U.S. Bureau of Labor Statistics — Consumer Price Index,https://www.bls.gov/news.release/archives/cpi_20200213.htm,,,,,,,,,,,,,,,,,,,,,,,,,,,,,,,,,,,
INITIAL_JOBLESS_CLAIMS,DOL,2020-02-13,08:30 ET,"Week ending February 8, 2020",205000.0,,,,,2020-02-13,DOL Initial Jobless Claims — immutable first-release PIT reconstruction,https://github.com/0xkoa1a/investment-research/blob/main/data/raw/fred_first_release/initial_claims.csv,,,,,,,,,,,,,,,,,,,,,,,,,,,,,,,,,,,
INITIAL_JOBLESS_CLAIMS,DOL,2020-02-20,08:30 ET,"Week ending February 15, 2020",210000.0,,,,,2020-02-20,DOL Initial Jobless Claims — immutable first-release PIT reconstruction,https://github.com/0xkoa1a/investment-research/blob/main/data/raw/fred_first_release/initial_claims.csv,,,,,,,,,,,,,,,,,,,,,,,,,,,,,,,,,,,
INITIAL_JOBLESS_CLAIMS,DOL,2020-02-27,08:30 ET,"Week ending February 22, 2020",219000.0,,,,,2020-02-27,DOL Initial Jobless Claims — immutable first-release PIT reconstruction,https://github.com/0xkoa1a/investment-research/blob/main/data/raw/fred_first_release/initial_claims.csv,,,,,,,,,,,,,,,,,,,,,,,,,,,,,,,,,,,
ISM_MANUFACTURING_PMI,ISM,2020-03-02,10:00 ET,March 2020,49.1,,,,,2020-03-02,Institute for Supply Management — Manufacturing PMI,https://www.ismworld.org/supply-management-news-and-reports/reports/ism-pmi-reports/,,,,,,,,,,,,,,,,,,,,,,,,,,,,,,,,,,,
INITIAL_JOBLESS_CLAIMS,DOL,2020-03-05,08:30 ET,"Week ending February 29, 2020",216000.0,,,,,2020-03-05,DOL Initial Jobless Claims — immutable first-release PIT reconstruction,https://github.com/0xkoa1a/investment-research/blob/main/data/raw/fred_first_release/initial_claims.csv,,,,,,,,,,,,,,,,,,,,,,,,,,,,,,,,,,,
NFP,BLS,2020-03-06,08:30 ET,February 2020,273000.0,,,,,2020-03-06,U.S. Bureau of Labor Statistics — Employment Situation,https://www.bls.gov/news.release/archives/empsit_20200306.htm,,,,,,,,,,,,,,,,,,,,,,,,,,,,,,,,,,,
UNEMPLOYMENT_RATE,BLS,2020-03-06,08:30 ET,February 2020,3.5,,,,,2020-03-06,U.S. Bureau of Labor Statistics — Employment Situation,https://www.bls.gov/news.release/archives/empsit_20200306.htm,,,,,,,,,,,,,,,,,,,,,,,,,,,,,,,,,,,
CORE_CPI,BLS,2020-03-11,08:30 ET,February 2020,0.2,,,,,2020-03-11,U.S. Bureau of Labor Statistics — Consumer Price Index,https://www.bls.gov/news.release/archives/cpi_20200311.htm,,,,,,,,,,,,,,,,,,,,,,,,,,,,,,,,,,,
CPI,BLS,2020-03-11,08:30 ET,February 2020,0.1,,,,,2020-03-11,U.S. Bureau of Labor Statistics — Consumer Price Index,https://www.bls.gov/news.release/archives/cpi_20200311.htm,,,,,,,,,,,,,,,,,,,,,,,,,,,,,,,,,,,
INITIAL_JOBLESS_CLAIMS,DOL,2020-03-12,08:30 ET,"Week ending March 7, 2020",211000.0,,,,,2020-03-12,DOL Initial Jobless Claims — immutable first-release PIT reconstruction,https://github.com/0xkoa1a/investment-research/blob/main/data/raw/fred_first_release/initial_claims.csv,,,,,,,,,,,,,,,,,,,,,,,,,,,,,,,,,,,
INITIAL_JOBLESS_CLAIMS,DOL,2020-03-19,08:30 ET,"Week ending March 14, 2020",281000.0,,,,,2020-03-19,DOL Initial Jobless Claims — immutable first-release PIT reconstruction,https://github.com/0xkoa1a/investment-research/blob/main/data/raw/fred_first_release/initial_claims.csv,,,,,,,,,,,,,,,,,,,,,,,,,,,,,,,,,,,
INITIAL_JOBLESS_CLAIMS,DOL,2020-03-26,08:30 ET,"Week ending March 21, 2020",3283000.0,,,,,2020-03-26,DOL Initial Jobless Claims — immutable first-release PIT reconstruction,https://github.com/0xkoa1a/investment-research/blob/main/data/raw/fred_first_release/initial_claims.csv,,,,,,,,,,,,,,,,,,,,,,,,,,,,,,,,,,,
ISM_MANUFACTURING_PMI,ISM,2020-04-01,10:00 ET,April 2020,41.5,,,,,2020-04-01,Institute for Supply Management — Manufacturing PMI,https://www.ismworld.org/supply-management-news-and-reports/reports/ism-pmi-reports/,,,,,,,,,,,,,,,,,,,,,,,,,,,,,,,,,,,
INITIAL_JOBLESS_CLAIMS,DOL,2020-04-02,08:30 ET,"Week ending March 28, 2020",6648000.0,,,,,2020-04-02,DOL Initial Jobless Claims — immutable first-release PIT reconstruction,https://github.com/0xkoa1a/investment-research/blob/main/data/raw/fred_first_release/initial_claims.csv,,,,,,,,,,,,,,,,,,,,,,,,,,,,,,,,,,,
NFP,BLS,2020-04-03,08:30 ET,March 2020,-701000.0,,,,,2020-04-03,U.S. Bureau of Labor Statistics — Employment Situation,https://www.bls.gov/news.release/archives/empsit_20200403.htm,,,,,,,,,,,,,,,,,,,,,,,,,,,,,,,,,,,
UNEMPLOYMENT_RATE,BLS,2020-04-03,08:30 ET,March 2020,4.4,,,,,2020-04-03,U.S. Bureau of Labor Statistics — Employment Situation,https://www.bls.gov/news.release/archives/empsit_20200403.htm,,,,,,,,,,,,,,,,,,,,,,,,,,,,,,,,,,,
INITIAL_JOBLESS_CLAIMS,DOL,2020-04-09,08:30 ET,"Week ending April 4, 2020",6606000.0,,,,,2020-04-09,DOL Initial Jobless Claims — immutable first-release PIT reconstruction,https://github.com/0xkoa1a/investment-research/blob/main/data/raw/fred_first_release/initial_claims.csv,,,,,,,,,,,,,,,,,,,,,,,,,,,,,,,,,,,
CORE_CPI,BLS,2020-04-10,08:30 ET,March 2020,0.1,,,,,2020-04-10,U.S. Bureau of Labor Statistics — Consumer Price Index,https://www.bls.gov/news.release/archives/cpi_20200410.htm,,,,,,,,,,,,,,,,,,,,,,,,,,,,,,,,,,,
CPI,BLS,2020-04-10,08:30 ET,March 2020,-0.4,,,,,2020-04-10,U.S. Bureau of Labor Statistics — Consumer Price Index,https://www.bls.gov/news.release/archives/cpi_20200410.htm,,,,,,,,,,,,,,,,,,,,,,,,,,,,,,,,,,,
INITIAL_JOBLESS_CLAIMS,DOL,2020-04-16,08:30 ET,"Week ending April 11, 2020",5245000.0,,,,,2020-04-16,DOL Initial Jobless Claims — immutable first-release PIT reconstruction,https://github.com/0xkoa1a/investment-research/blob/main/data/raw/fred_first_release/initial_claims.csv,,,,,,,,,,,,,,,,,,,,,,,,,,,,,,,,,,,
INITIAL_JOBLESS_CLAIMS,DOL,2020-04-23,08:30 ET,"Week ending April 18, 2020",4427000.0,,,,,2020-04-23,DOL Initial Jobless Claims — immutable first-release PIT reconstruction,https://github.com/0xkoa1a/investment-research/blob/main/data/raw/fred_first_release/initial_claims.csv,,,,,,,,,,,,,,,,,,,,,,,,,,,,,,,,,,,
INITIAL_JOBLESS_CLAIMS,DOL,2020-04-30,08:30 ET,"Week ending April 25, 2020",3839000.0,,,,,2020-04-30,DOL Initial Jobless Claims — immutable first-release PIT reconstruction,https://github.com/0xkoa1a/investment-research/blob/main/data/raw/fred_first_release/initial_claims.csv,,,,,,,,,,,,,,,,,,,,,,,,,,,,,,,,,,,
ISM_MANUFACTURING_PMI,ISM,2020-05-01,10:00 ET,May 2020,43.1,,,,,2020-05-01,Institute for Supply Management — Manufacturing PMI,https://www.ismworld.org/supply-management-news-and-reports/reports/ism-pmi-reports/,,,,,,,,,,,,,,,,,,,,,,,,,,,,,,,,,,,
INITIAL_JOBLESS_CLAIMS,DOL,2020-05-07,08:30 ET,"Week ending May 2, 2020",3169000.0,,,,,2020-05-07,DOL Initial Jobless Claims — immutable first-release PIT reconstruction,https://github.com/0xkoa1a/investment-research/blob/main/data/raw/fred_first_release/initial_claims.csv,,,,,,,,,,,,,,,,,,,,,,,,,,,,,,,,,,,
NFP,BLS,2020-05-08,08:30 ET,April 2020,-20500000.0,,,,,2020-05-08,U.S. Bureau of Labor Statistics — Employment Situation,https://www.bls.gov/news.release/archives/empsit_20200508.htm,,,,,,,,,,,,,,,,,,,,,,,,,,,,,,,,,,,
UNEMPLOYMENT_RATE,BLS,2020-05-08,08:30 ET,April 2020,14.7,,,,,2020-05-08,U.S. Bureau of Labor Statistics — Employment Situation,https://www.bls.gov/news.release/archives/empsit_20200508.htm,,,,,,,,,,,,,,,,,,,,,,,,,,,,,,,,,,,
CORE_CPI,BLS,2020-05-12,08:30 ET,April 2020,-0.4,,,,,2020-05-12,U.S. Bureau of Labor Statistics — Consumer Price Index,https://www.bls.gov/news.release/archives/cpi_20200512.htm,,,,,,,,,,,,,,,,,,,,,,,,,,,,,,,,,,,
CPI,BLS,2020-05-12,08:30 ET,April 2020,-0.8,,,,,2020-05-12,U.S. Bureau of Labor Statistics — Consumer Price Index,https://www.bls.gov/news.release/archives/cpi_20200512.htm,,,,,,,,,,,,,,,,,,,,,,,,,,,,,,,,,,,
INITIAL_JOBLESS_CLAIMS,DOL,2020-05-14,08:30 ET,"Week ending May 9, 2020",2981000.0,,,,,2020-05-14,DOL Initial Jobless Claims — immutable first-release PIT reconstruction,https://github.com/0xkoa1a/investment-research/blob/main/data/raw/fred_first_release/initial_claims.csv,,,,,,,,,,,,,,,,,,,,,,,,,,,,,,,,,,,
INITIAL_JOBLESS_CLAIMS,DOL,2020-05-21,08:30 ET,"Week ending May 16, 2020",2438000.0,,,,,2020-05-21,DOL Initial Jobless Claims — immutable first-release PIT reconstruction,https://github.com/0xkoa1a/investment-research/blob/main/data/raw/fred_first_release/initial_claims.csv,,,,,,,,,,,,,,,,,,,,,,,,,,,,,,,,,,,
INITIAL_JOBLESS_CLAIMS,DOL,2020-05-28,08:30 ET,"Week ending May 23, 2020",2123000.0,,,,,2020-05-28,DOL Initial Jobless Claims — immutable first-release PIT reconstruction,https://github.com/0xkoa1a/investment-research/blob/main/data/raw/fred_first_release/initial_claims.csv,,,,,,,,,,,,,,,,,,,,,,,,,,,,,,,,,,,
ISM_MANUFACTURING_PMI,ISM,2020-06-01,10:00 ET,June 2020,52.6,,,,,2020-06-01,Institute for Supply Management — Manufacturing PMI,https://www.ismworld.org/supply-management-news-and-reports/reports/ism-pmi-reports/,,,,,,,,,,,,,,,,,,,,,,,,,,,,,,,,,,,
INITIAL_JOBLESS_CLAIMS,DOL,2020-06-04,08:30 ET,"Week ending May 30, 2020",1877000.0,,,,,2020-06-04,DOL Initial Jobless Claims — immutable first-release PIT reconstruction,https://github.com/0xkoa1a/investment-research/blob/main/data/raw/fred_first_release/initial_claims.csv,,,,,,,,,,,,,,,,,,,,,,,,,,,,,,,,,,,
NFP,BLS,2020-06-05,08:30 ET,May 2020,2509000.0,,,,,2020-06-05,U.S. Bureau of Labor Statistics — Employment Situation,https://www.bls.gov/news.release/archives/empsit_20200605.htm,,,,,,,,,,,,,,,,,,,,,,,,,,,,,,,,,,,
UNEMPLOYMENT_RATE,BLS,2020-06-05,08:30 ET,May 2020,13.3,,,,,2020-06-05,U.S. Bureau of Labor Statistics — Employment Situation,https://www.bls.gov/news.release/archives/empsit_20200605.htm,,,,,,,,,,,,,,,,,,,,,,,,,,,,,,,,,,,
CORE_CPI,BLS,2020-06-10,08:30 ET,May 2020,-0.1,,,,,2020-06-10,U.S. Bureau of Labor Statistics — Consumer Price Index,https://www.bls.gov/news.release/archives/cpi_20200610.htm,,,,,,,,,,,,,,,,,,,,,,,,,,,,,,,,,,,
CPI,BLS,2020-06-10,08:30 ET,May 2020,-0.1,,,,,2020-06-10,U.S. Bureau of Labor Statistics — Consumer Price Index,https://www.bls.gov/news.release/archives/cpi_20200610.htm,,,,,,,,,,,,,,,,,,,,,,,,,,,,,,,,,,,
INITIAL_JOBLESS_CLAIMS,DOL,2020-06-11,08:30 ET,"Week ending June 6, 2020",1542000.0,,,,,2020-06-11,DOL Initial Jobless Claims — immutable first-release PIT reconstruction,https://github.com/0xkoa1a/investment-research/blob/main/data/raw/fred_first_release/initial_claims.csv,,,,,,,,,,,,,,,,,,,,,,,,,,,,,,,,,,,
INITIAL_JOBLESS_CLAIMS,DOL,2020-06-18,08:30 ET,"Week ending June 13, 2020",1508000.0,,,,,2020-06-18,DOL Initial Jobless Claims — immutable first-release PIT reconstruction,https://github.com/0xkoa1a/investment-research/blob/main/data/raw/fred_first_release/initial_claims.csv,,,,,,,,,,,,,,,,,,,,,,,,,,,,,,,,,,,
INITIAL_JOBLESS_CLAIMS,DOL,2020-06-25,08:30 ET,"Week ending June 20, 2020",1480000.0,,,,,2020-06-25,DOL Initial Jobless Claims — immutable first-release PIT reconstruction,https://github.com/0xkoa1a/investment-research/blob/main/data/raw/fred_first_release/initial_claims.csv,,,,,,,,,,,,,,,,,,,,,,,,,,,,,,,,,,,
ISM_MANUFACTURING_PMI,ISM,2020-07-01,10:00 ET,July 2020,54.2,,,,,2020-07-01,Institute for Supply Management — Manufacturing PMI,https://www.ismworld.org/supply-management-news-and-reports/reports/ism-pmi-reports/,,,,,,,,,,,,,,,,,,,,,,,,,,,,,,,,,,,
INITIAL_JOBLESS_CLAIMS,DOL,2020-07-02,08:30 ET,"Week ending June 27, 2020",1427000.0,,,,,2020-07-02,DOL Initial Jobless Claims — immutable first-release PIT reconstruction,https://github.com/0xkoa1a/investment-research/blob/main/data/raw/fred_first_release/initial_claims.csv,,,,,,,,,,,,,,,,,,,,,,,,,,,,,,,,,,,
NFP,BLS,2020-07-02,08:30 ET,June 2020,4800000.0,,,,,2020-07-02,U.S. Bureau of Labor Statistics — Employment Situation,https://www.bls.gov/news.release/archives/empsit_20200702.htm,,,,,,,,,,,,,,,,,,,,,,,,,,,,,,,,,,,
UNEMPLOYMENT_RATE,BLS,2020-07-02,08:30 ET,June 2020,11.1,,,,,2020-07-02,U.S. Bureau of Labor Statistics — Employment Situation,https://www.bls.gov/news.release/archives/empsit_20200702.htm,,,,,,,,,,,,,,,,,,,,,,,,,,,,,,,,,,,
INITIAL_JOBLESS_CLAIMS,DOL,2020-07-09,08:30 ET,"Week ending July 4, 2020",1314000.0,,,,,2020-07-09,DOL Initial Jobless Claims — immutable first-release PIT reconstruction,https://github.com/0xkoa1a/investment-research/blob/main/data/raw/fred_first_release/initial_claims.csv,,,,,,,,,,,,,,,,,,,,,,,,,,,,,,,,,,,
CORE_CPI,BLS,2020-07-14,08:30 ET,June 2020,0.2,,,,,2020-07-14,U.S. Bureau of Labor Statistics — Consumer Price Index,https://www.bls.gov/news.release/archives/cpi_20200714.htm,,,,,,,,,,,,,,,,,,,,,,,,,,,,,,,,,,,
CPI,BLS,2020-07-14,08:30 ET,June 2020,0.6,,,,,2020-07-14,U.S. Bureau of Labor Statistics — Consumer Price Index,https://www.bls.gov/news.release/archives/cpi_20200714.htm,,,,,,,,,,,,,,,,,,,,,,,,,,,,,,,,,,,
INITIAL_JOBLESS_CLAIMS,DOL,2020-07-16,08:30 ET,"Week ending July 11, 2020",1300000.0,,,,,2020-07-16,DOL Initial Jobless Claims — immutable first-release PIT reconstruction,https://github.com/0xkoa1a/investment-research/blob/main/data/raw/fred_first_release/initial_claims.csv,,,,,,,,,,,,,,,,,,,,,,,,,,,,,,,,,,,
INITIAL_JOBLESS_CLAIMS,DOL,2020-07-23,08:30 ET,"Week ending July 18, 2020",1416000.0,,,,,2020-07-23,DOL Initial Jobless Claims — immutable first-release PIT reconstruction,https://github.com/0xkoa1a/investment-research/blob/main/data/raw/fred_first_release/initial_claims.csv,,,,,,,,,,,,,,,,,,,,,,,,,,,,,,,,,,,
INITIAL_JOBLESS_CLAIMS,DOL,2020-07-30,08:30 ET,"Week ending July 25, 2020",1434000.0,,,,,2020-07-30,DOL Initial Jobless Claims — immutable first-release PIT reconstruction,https://github.com/0xkoa1a/investment-research/blob/main/data/raw/fred_first_release/initial_claims.csv,,,,,,,,,,,,,,,,,,,,,,,,,,,,,,,,,,,
ISM_MANUFACTURING_PMI,ISM,2020-08-03,10:00 ET,August 2020,56.0,,,,,2020-08-03,Institute for Supply Management — Manufacturing PMI,https://www.ismworld.org/supply-management-news-and-reports/reports/ism-pmi-reports/,,,,,,,,,,,,,,,,,,,,,,,,,,,,,,,,,,,
INITIAL_JOBLESS_CLAIMS,DOL,2020-08-06,08:30 ET,"Week ending August 1, 2020",1186000.0,,,,,2020-08-06,DOL Initial Jobless Claims — immutable first-release PIT reconstruction,https://github.com/0xkoa1a/investment-research/blob/main/data/raw/fred_first_release/initial_claims.csv,,,,,,,,,,,,,,,,,,,,,,,,,,,,,,,,,,,
NFP,BLS,2020-08-07,08:30 ET,July 2020,1763000.0,,,,,2020-08-07,U.S. Bureau of Labor Statistics — Employment Situation,https://www.bls.gov/news.release/archives/empsit_20200807.htm,,,,,,,,,,,,,,,,,,,,,,,,,,,,,,,,,,,
UNEMPLOYMENT_RATE,BLS,2020-08-07,08:30 ET,July 2020,10.2,,,,,2020-08-07,U.S. Bureau of Labor Statistics — Employment Situation,https://www.bls.gov/news.release/archives/empsit_20200807.htm,,,,,,,,,,,,,,,,,,,,,,,,,,,,,,,,,,,
CORE_CPI,BLS,2020-08-12,08:30 ET,July 2020,0.6,,,,,2020-08-12,U.S. Bureau of Labor Statistics — Consumer Price Index,https://www.bls.gov/news.release/archives/cpi_20200812.htm,,,,,,,,,,,,,,,,,,,,,,,,,,,,,,,,,,,
CPI,BLS,2020-08-12,08:30 ET,July 2020,0.6,,,,,2020-08-12,U.S. Bureau of Labor Statistics — Consumer Price Index,https://www.bls.gov/news.release/archives/cpi_20200812.htm,,,,,,,,,,,,,,,,,,,,,,,,,,,,,,,,,,,
INITIAL_JOBLESS_CLAIMS,DOL,2020-08-13,08:30 ET,"Week ending August 8, 2020",963000.0,,,,,2020-08-13,DOL Initial Jobless Claims — immutable first-release PIT reconstruction,https://github.com/0xkoa1a/investment-research/blob/main/data/raw/fred_first_release/initial_claims.csv,,,,,,,,,,,,,,,,,,,,,,,,,,,,,,,,,,,
INITIAL_JOBLESS_CLAIMS,DOL,2020-08-20,08:30 ET,"Week ending August 15, 2020",1106000.0,,,,,2020-08-20,DOL Initial Jobless Claims — immutable first-release PIT reconstruction,https://github.com/0xkoa1a/investment-research/blob/main/data/raw/fred_first_release/initial_claims.csv,,,,,,,,,,,,,,,,,,,,,,,,,,,,,,,,,,,
INITIAL_JOBLESS_CLAIMS,DOL,2020-08-27,08:30 ET,"Week ending August 22, 2020",1006000.0,,,,,2020-08-27,DOL Initial Jobless Claims — immutable first-release PIT reconstruction,https://github.com/0xkoa1a/investment-research/blob/main/data/raw/fred_first_release/initial_claims.csv,,,,,,,,,,,,,,,,,,,,,,,,,,,,,,,,,,,
ISM_MANUFACTURING_PMI,ISM,2020-09-01,10:00 ET,September 2020,55.4,,,,,2020-09-01,Institute for Supply Management — Manufacturing PMI,https://www.ismworld.org/supply-management-news-and-reports/reports/ism-pmi-reports/,,,,,,,,,,,,,,,,,,,,,,,,,,,,,,,,,,,
INITIAL_JOBLESS_CLAIMS,DOL,2020-09-03,08:30 ET,"Week ending August 29, 2020",881000.0,,,,,2020-09-03,DOL Initial Jobless Claims — immutable first-release PIT reconstruction,https://github.com/0xkoa1a/investment-research/blob/main/data/raw/fred_first_release/initial_claims.csv,,,,,,,,,,,,,,,,,,,,,,,,,,,,,,,,,,,
NFP,BLS,2020-09-04,08:30 ET,August 2020,1371000.0,,,,,2020-09-04,U.S. Bureau of Labor Statistics — Employment Situation,https://www.bls.gov/news.release/archives/empsit_20200904.htm,,,,,,,,,,,,,,,,,,,,,,,,,,,,,,,,,,,
UNEMPLOYMENT_RATE,BLS,2020-09-04,08:30 ET,August 2020,8.4,,,,,2020-09-04,U.S. Bureau of Labor Statistics — Employment Situation,https://www.bls.gov/news.release/archives/empsit_20200904.htm,,,,,,,,,,,,,,,,,,,,,,,,,,,,,,,,,,,
INITIAL_JOBLESS_CLAIMS,DOL,2020-09-10,08:30 ET,"Week ending September 5, 2020",884000.0,,,,,2020-09-10,DOL Initial Jobless Claims — immutable first-release PIT reconstruction,https://github.com/0xkoa1a/investment-research/blob/main/data/raw/fred_first_release/initial_claims.csv,,,,,,,,,,,,,,,,,,,,,,,,,,,,,,,,,,,
CORE_CPI,BLS,2020-09-11,08:30 ET,August 2020,0.4,,,,,2020-09-11,U.S. Bureau of Labor Statistics — Consumer Price Index,https://www.bls.gov/news.release/archives/cpi_20200911.htm,,,,,,,,,,,,,,,,,,,,,,,,,,,,,,,,,,,
CPI,BLS,2020-09-11,08:30 ET,August 2020,0.4,,,,,2020-09-11,U.S. Bureau of Labor Statistics — Consumer Price Index,https://www.bls.gov/news.release/archives/cpi_20200911.htm,,,,,,,,,,,,,,,,,,,,,,,,,,,,,,,,,,,
INITIAL_JOBLESS_CLAIMS,DOL,2020-09-17,08:30 ET,"Week ending September 12, 2020",860000.0,,,,,2020-09-17,DOL Initial Jobless Claims — immutable first-release PIT reconstruction,https://github.com/0xkoa1a/investment-research/blob/main/data/raw/fred_first_release/initial_claims.csv,,,,,,,,,,,,,,,,,,,,,,,,,,,,,,,,,,,
INITIAL_JOBLESS_CLAIMS,DOL,2020-09-24,08:30 ET,"Week ending September 19, 2020",870000.0,,,,,2020-09-24,DOL Initial Jobless Claims — immutable first-release PIT reconstruction,https://github.com/0xkoa1a/investment-research/blob/main/data/raw/fred_first_release/initial_claims.csv,,,,,,,,,,,,,,,,,,,,,,,,,,,,,,,,,,,
INITIAL_JOBLESS_CLAIMS,DOL,2020-10-01,08:30 ET,"Week ending September 26, 2020",837000.0,,,,,2020-10-01,DOL Initial Jobless Claims — immutable first-release PIT reconstruction,https://github.com/0xkoa1a/investment-research/blob/main/data/raw/fred_first_release/initial_claims.csv,,,,,,,,,,,,,,,,,,,,,,,,,,,,,,,,,,,
ISM_MANUFACTURING_PMI,ISM,2020-10-01,10:00 ET,October 2020,59.3,,,,,2020-10-01,Institute for Supply Management — Manufacturing PMI,https://www.ismworld.org/supply-management-news-and-reports/reports/ism-pmi-reports/,,,,,,,,,,,,,,,,,,,,,,,,,,,,,,,,,,,
NFP,BLS,2020-10-02,08:30 ET,September 2020,661000.0,,,,,2020-10-02,U.S. Bureau of Labor Statistics — Employment Situation,https://www.bls.gov/news.release/archives/empsit_20201002.htm,,,,,,,,,,,,,,,,,,,,,,,,,,,,,,,,,,,
UNEMPLOYMENT_RATE,BLS,2020-10-02,08:30 ET,September 2020,7.9,,,,,2020-10-02,U.S. Bureau of Labor Statistics — Employment Situation,https://www.bls.gov/news.release/archives/empsit_20201002.htm,,,,,,,,,,,,,,,,,,,,,,,,,,,,,,,,,,,
INITIAL_JOBLESS_CLAIMS,DOL,2020-10-08,08:30 ET,"Week ending October 3, 2020",840000.0,,,,,2020-10-08,DOL Initial Jobless Claims — immutable first-release PIT reconstruction,https://github.com/0xkoa1a/investment-research/blob/main/data/raw/fred_first_release/initial_claims.csv,,,,,,,,,,,,,,,,,,,,,,,,,,,,,,,,,,,
CORE_CPI,BLS,2020-10-13,08:30 ET,September 2020,0.2,,,,,2020-10-13,U.S. Bureau of Labor Statistics — Consumer Price Index,https://www.bls.gov/news.release/archives/cpi_20201013.htm,,,,,,,,,,,,,,,,,,,,,,,,,,,,,,,,,,,
CPI,BLS,2020-10-13,08:30 ET,September 2020,0.2,,,,,2020-10-13,U.S. Bureau of Labor Statistics — Consumer Price Index,https://www.bls.gov/news.release/archives/cpi_20201013.htm,,,,,,,,,,,,,,,,,,,,,,,,,,,,,,,,,,,
INITIAL_JOBLESS_CLAIMS,DOL,2020-10-15,08:30 ET,"Week ending October 10, 2020",898000.0,,,,,2020-10-15,DOL Initial Jobless Claims — immutable first-release PIT reconstruction,https://github.com/0xkoa1a/investment-research/blob/main/data/raw/fred_first_release/initial_claims.csv,,,,,,,,,,,,,,,,,,,,,,,,,,,,,,,,,,,
INITIAL_JOBLESS_CLAIMS,DOL,2020-10-22,08:30 ET,"Week ending October 17, 2020",787000.0,,,,,2020-10-22,DOL Initial Jobless Claims — immutable first-release PIT reconstruction,https://github.com/0xkoa1a/investment-research/blob/main/data/raw/fred_first_release/initial_claims.csv,,,,,,,,,,,,,,,,,,,,,,,,,,,,,,,,,,,
INITIAL_JOBLESS_CLAIMS,DOL,2020-10-29,08:30 ET,"Week ending October 24, 2020",751000.0,,,,,2020-10-29,DOL Initial Jobless Claims — immutable first-release PIT reconstruction,https://github.com/0xkoa1a/investment-research/blob/main/data/raw/fred_first_release/initial_claims.csv,,,,,,,,,,,,,,,,,,,,,,,,,,,,,,,,,,,
ISM_MANUFACTURING_PMI,ISM,2020-11-02,10:00 ET,November 2020,57.5,,,,,2020-11-02,Institute for Supply Management — Manufacturing PMI,https://www.ismworld.org/supply-management-news-and-reports/reports/ism-pmi-reports/,,,,,,,,,,,,,,,,,,,,,,,,,,,,,,,,,,,
INITIAL_JOBLESS_CLAIMS,DOL,2020-11-05,08:30 ET,"Week ending October 31, 2020",751000.0,,,,,2020-11-05,DOL Initial Jobless Claims — immutable first-release PIT reconstruction,https://github.com/0xkoa1a/investment-research/blob/main/data/raw/fred_first_release/initial_claims.csv,,,,,,,,,,,,,,,,,,,,,,,,,,,,,,,,,,,
NFP,BLS,2020-11-06,08:30 ET,October 2020,638000.0,,,,,2020-11-06,U.S. Bureau of Labor Statistics — Employment Situation,https://www.bls.gov/news.release/archives/empsit_20201106.htm,,,,,,,,,,,,,,,,,,,,,,,,,,,,,,,,,,,
UNEMPLOYMENT_RATE,BLS,2020-11-06,08:30 ET,October 2020,6.9,,,,,2020-11-06,U.S. Bureau of Labor Statistics — Employment Situation,https://www.bls.gov/news.release/archives/empsit_20201106.htm,,,,,,,,,,,,,,,,,,,,,,,,,,,,,,,,,,,
CORE_CPI,BLS,2020-11-12,08:30 ET,October 2020,0.0,,,,,2020-11-12,U.S. Bureau of Labor Statistics — Consumer Price Index,https://www.bls.gov/news.release/archives/cpi_20201112.htm,,,,,,,,,,,,,,,,,,,,,,,,,,,,,,,,,,,
CPI,BLS,2020-11-12,08:30 ET,October 2020,0.0,,,,,2020-11-12,U.S. Bureau of Labor Statistics — Consumer Price Index,https://www.bls.gov/news.release/archives/cpi_20201112.htm,,,,,,,,,,,,,,,,,,,,,,,,,,,,,,,,,,,
INITIAL_JOBLESS_CLAIMS,DOL,2020-11-12,08:30 ET,"Week ending November 7, 2020",709000.0,,,,,2020-11-12,DOL Initial Jobless Claims — immutable first-release PIT reconstruction,https://github.com/0xkoa1a/investment-research/blob/main/data/raw/fred_first_release/initial_claims.csv,,,,,,,,,,,,,,,,,,,,,,,,,,,,,,,,,,,
INITIAL_JOBLESS_CLAIMS,DOL,2020-11-19,08:30 ET,"Week ending November 14, 2020",742000.0,,,,,2020-11-19,DOL Initial Jobless Claims — immutable first-release PIT reconstruction,https://github.com/0xkoa1a/investment-research/blob/main/data/raw/fred_first_release/initial_claims.csv,,,,,,,,,,,,,,,,,,,,,,,,,,,,,,,,,,,
INITIAL_JOBLESS_CLAIMS,DOL,2020-11-25,08:30 ET,"Week ending November 21, 2020",778000.0,,,,,2020-11-25,DOL Initial Jobless Claims — immutable first-release PIT reconstruction,https://github.com/0xkoa1a/investment-research/blob/main/data/raw/fred_first_release/initial_claims.csv,,,,,,,,,,,,,,,,,,,,,,,,,,,,,,,,,,,
ISM_MANUFACTURING_PMI,ISM,2020-12-01,10:00 ET,December 2020,60.7,,,,,2020-12-01,Institute for Supply Management — Manufacturing PMI,https://www.ismworld.org/supply-management-news-and-reports/reports/ism-pmi-reports/,,,,,,,,,,,,,,,,,,,,,,,,,,,,,,,,,,,
INITIAL_JOBLESS_CLAIMS,DOL,2020-12-03,08:30 ET,"Week ending November 28, 2020",712000.0,,,,,2020-12-03,DOL Initial Jobless Claims — immutable first-release PIT reconstruction,https://github.com/0xkoa1a/investment-research/blob/main/data/raw/fred_first_release/initial_claims.csv,,,,,,,,,,,,,,,,,,,,,,,,,,,,,,,,,,,
NFP,BLS,2020-12-04,08:30 ET,November 2020,245000.0,,,,,2020-12-04,U.S. Bureau of Labor Statistics — Employment Situation,https://www.bls.gov/news.release/archives/empsit_20201204.htm,,,,,,,,,,,,,,,,,,,,,,,,,,,,,,,,,,,
UNEMPLOYMENT_RATE,BLS,2020-12-04,08:30 ET,November 2020,6.7,,,,,2020-12-04,U.S. Bureau of Labor Statistics — Employment Situation,https://www.bls.gov/news.release/archives/empsit_20201204.htm,,,,,,,,,,,,,,,,,,,,,,,,,,,,,,,,,,,
CORE_CPI,BLS,2020-12-10,08:30 ET,November 2020,0.2,,,,,2020-12-10,U.S. Bureau of Labor Statistics — Consumer Price Index,https://www.bls.gov/news.release/archives/cpi_20201210.htm,,,,,,,,,,,,,,,,,,,,,,,,,,,,,,,,,,,
CPI,BLS,2020-12-10,08:30 ET,November 2020,0.2,,,,,2020-12-10,U.S. Bureau of Labor Statistics — Consumer Price Index,https://www.bls.gov/news.release/archives/cpi_20201210.htm,,,,,,,,,,,,,,,,,,,,,,,,,,,,,,,,,,,
INITIAL_JOBLESS_CLAIMS,DOL,2020-12-10,08:30 ET,"Week ending December 5, 2020",853000.0,,,,,2020-12-10,DOL Initial Jobless Claims — immutable first-release PIT reconstruction,https://github.com/0xkoa1a/investment-research/blob/main/data/raw/fred_first_release/initial_claims.csv,,,,,,,,,,,,,,,,,,,,,,,,,,,,,,,,,,,
INITIAL_JOBLESS_CLAIMS,DOL,2020-12-17,08:30 ET,"Week ending December 12, 2020",885000.0,,,,,2020-12-17,DOL Initial Jobless Claims — immutable first-release PIT reconstruction,https://github.com/0xkoa1a/investment-research/blob/main/data/raw/fred_first_release/initial_claims.csv,,,,,,,,,,,,,,,,,,,,,,,,,,,,,,,,,,,
INITIAL_JOBLESS_CLAIMS,DOL,2020-12-23,08:30 ET,"Week ending December 19, 2020",803000.0,,,,,2020-12-23,DOL Initial Jobless Claims — immutable first-release PIT reconstruction,https://github.com/0xkoa1a/investment-research/blob/main/data/raw/fred_first_release/initial_claims.csv,,,,,,,,,,,,,,,,,,,,,,,,,,,,,,,,,,,
INITIAL_JOBLESS_CLAIMS,DOL,2020-12-31,08:30 ET,"Week ending December 26, 2020",787000.0,,,,,2020-12-31,DOL Initial Jobless Claims — immutable first-release PIT reconstruction,https://github.com/0xkoa1a/investment-research/blob/main/data/raw/fred_first_release/initial_claims.csv,,,,,,,,,,,,,,,,,,,,,,,,,,,,,,,,,,,
ISM_MANUFACTURING_PMI,ISM,2021-01-04,10:00 ET,January 2021,60.8,,,,,2021-01-04,Institute for Supply Management — Manufacturing PMI,https://www.ismworld.org/supply-management-news-and-reports/reports/ism-pmi-reports/,,,,,,,,,,,,,,,,,,,,,,,,,,,,,,,,,,,
INITIAL_JOBLESS_CLAIMS,DOL,2021-01-07,08:30 ET,"Week ending January 2, 2021",787000.0,,,,,2021-01-07,DOL Initial Jobless Claims — immutable first-release PIT reconstruction,https://github.com/0xkoa1a/investment-research/blob/main/data/raw/fred_first_release/initial_claims.csv,,,,,,,,,,,,,,,,,,,,,,,,,,,,,,,,,,,
NFP,BLS,2021-01-08,08:30 ET,December 2020,-140000.0,,,,,2021-01-08,U.S. Bureau of Labor Statistics — Employment Situation,https://www.bls.gov/news.release/archives/empsit_20210108.htm,,,,,,,,,,,,,,,,,,,,,,,,,,,,,,,,,,,
UNEMPLOYMENT_RATE,BLS,2021-01-08,08:30 ET,December 2020,6.7,,,,,2021-01-08,U.S. Bureau of Labor Statistics — Employment Situation,https://www.bls.gov/news.release/archives/empsit_20210108.htm,,,,,,,,,,,,,,,,,,,,,,,,,,,,,,,,,,,
CORE_CPI,BLS,2021-01-13,08:30 ET,December 2020,0.1,,,,,2021-01-13,U.S. Bureau of Labor Statistics — Consumer Price Index,https://www.bls.gov/news.release/archives/cpi_20210113.htm,,,,,,,,,,,,,,,,,,,,,,,,,,,,,,,,,,,
CPI,BLS,2021-01-13,08:30 ET,December 2020,0.4,,,,,2021-01-13,U.S. Bureau of Labor Statistics — Consumer Price Index,https://www.bls.gov/news.release/archives/cpi_20210113.htm,,,,,,,,,,,,,,,,,,,,,,,,,,,,,,,,,,,
INITIAL_JOBLESS_CLAIMS,DOL,2021-01-14,08:30 ET,"Week ending January 9, 2021",965000.0,,,,,2021-01-14,DOL Initial Jobless Claims — immutable first-release PIT reconstruction,https://github.com/0xkoa1a/investment-research/blob/main/data/raw/fred_first_release/initial_claims.csv,,,,,,,,,,,,,,,,,,,,,,,,,,,,,,,,,,,
INITIAL_JOBLESS_CLAIMS,DOL,2021-01-21,08:30 ET,"Week ending January 16, 2021",900000.0,,,,,2021-01-21,DOL Initial Jobless Claims — immutable first-release PIT reconstruction,https://github.com/0xkoa1a/investment-research/blob/main/data/raw/fred_first_release/initial_claims.csv,,,,,,,,,,,,,,,,,,,,,,,,,,,,,,,,,,,
INITIAL_JOBLESS_CLAIMS,DOL,2021-01-28,08:30 ET,"Week ending January 23, 2021",847000.0,,,,,2021-01-28,DOL Initial Jobless Claims — immutable first-release PIT reconstruction,https://github.com/0xkoa1a/investment-research/blob/main/data/raw/fred_first_release/initial_claims.csv,,,,,,,,,,,,,,,,,,,,,,,,,,,,,,,,,,,
ISM_MANUFACTURING_PMI,ISM,2021-02-01,10:00 ET,February 2021,60.8,,,,,2021-02-01,Institute for Supply Management — Manufacturing PMI,https://www.ismworld.org/supply-management-news-and-reports/reports/ism-pmi-reports/,,,,,,,,,,,,,,,,,,,,,,,,,,,,,,,,,,,
INITIAL_JOBLESS_CLAIMS,DOL,2021-02-04,08:30 ET,"Week ending January 30, 2021",779000.0,,,,,2021-02-04,DOL Initial Jobless Claims — immutable first-release PIT reconstruction,https://github.com/0xkoa1a/investment-research/blob/main/data/raw/fred_first_release/initial_claims.csv,,,,,,,,,,,,,,,,,,,,,,,,,,,,,,,,,,,
NFP,BLS,2021-02-05,08:30 ET,January 2021,49000.0,,,,,2021-02-05,U.S. Bureau of Labor Statistics — Employment Situation,https://www.bls.gov/news.release/archives/empsit_20210205.htm,,,,,,,,,,,,,,,,,,,,,,,,,,,,,,,,,,,
UNEMPLOYMENT_RATE,BLS,2021-02-05,08:30 ET,January 2021,6.3,,,,,2021-02-05,U.S. Bureau of Labor Statistics — Employment Situation,https://www.bls.gov/news.release/archives/empsit_20210205.htm,,,,,,,,,,,,,,,,,,,,,,,,,,,,,,,,,,,
CORE_CPI,BLS,2021-02-10,08:30 ET,January 2021,0.0,,,,,2021-02-10,U.S. Bureau of Labor Statistics — Consumer Price Index,https://www.bls.gov/news.release/archives/cpi_20210210.htm,,,,,,,,,,,,,,,,,,,,,,,,,,,,,,,,,,,
CPI,BLS,2021-02-10,08:30 ET,January 2021,0.3,,,,,2021-02-10,U.S. Bureau of Labor Statistics — Consumer Price Index,https://www.bls.gov/news.release/archives/cpi_20210210.htm,,,,,,,,,,,,,,,,,,,,,,,,,,,,,,,,,,,
INITIAL_JOBLESS_CLAIMS,DOL,2021-02-11,08:30 ET,"Week ending February 6, 2021",793000.0,,,,,2021-02-11,DOL Initial Jobless Claims — immutable first-release PIT reconstruction,https://github.com/0xkoa1a/investment-research/blob/main/data/raw/fred_first_release/initial_claims.csv,,,,,,,,,,,,,,,,,,,,,,,,,,,,,,,,,,,
INITIAL_JOBLESS_CLAIMS,DOL,2021-02-18,08:30 ET,"Week ending February 13, 2021",861000.0,,,,,2021-02-18,DOL Initial Jobless Claims — immutable first-release PIT reconstruction,https://github.com/0xkoa1a/investment-research/blob/main/data/raw/fred_first_release/initial_claims.csv,,,,,,,,,,,,,,,,,,,,,,,,,,,,,,,,,,,
INITIAL_JOBLESS_CLAIMS,DOL,2021-02-25,08:30 ET,"Week ending February 20, 2021",730000.0,,,,,2021-02-25,DOL Initial Jobless Claims — immutable first-release PIT reconstruction,https://github.com/0xkoa1a/investment-research/blob/main/data/raw/fred_first_release/initial_claims.csv,,,,,,,,,,,,,,,,,,,,,,,,,,,,,,,,,,,
ISM_MANUFACTURING_PMI,ISM,2021-03-01,10:00 ET,March 2021,64.7,,,,,2021-03-01,Institute for Supply Management — Manufacturing PMI,https://www.ismworld.org/supply-management-news-and-reports/reports/ism-pmi-reports/,,,,,,,,,,,,,,,,,,,,,,,,,,,,,,,,,,,
INITIAL_JOBLESS_CLAIMS,DOL,2021-03-04,08:30 ET,"Week ending February 27, 2021",745000.0,,,,,2021-03-04,DOL Initial Jobless Claims — immutable first-release PIT reconstruction,https://github.com/0xkoa1a/investment-research/blob/main/data/raw/fred_first_release/initial_claims.csv,,,,,,,,,,,,,,,,,,,,,,,,,,,,,,,,,,,
NFP,BLS,2021-03-05,08:30 ET,February 2021,379000.0,,,,,2021-03-05,U.S. Bureau of Labor Statistics — Employment Situation,https://www.bls.gov/news.release/archives/empsit_20210305.htm,,,,,,,,,,,,,,,,,,,,,,,,,,,,,,,,,,,
UNEMPLOYMENT_RATE,BLS,2021-03-05,08:30 ET,February 2021,6.2,,,,,2021-03-05,U.S. Bureau of Labor Statistics — Employment Situation,https://www.bls.gov/news.release/archives/empsit_20210305.htm,,,,,,,,,,,,,,,,,,,,,,,,,,,,,,,,,,,
CORE_CPI,BLS,2021-03-10,08:30 ET,February 2021,0.1,,,,,2021-03-10,U.S. Bureau of Labor Statistics — Consumer Price Index,https://www.bls.gov/news.release/archives/cpi_20210310.htm,,,,,,,,,,,,,,,,,,,,,,,,,,,,,,,,,,,
CPI,BLS,2021-03-10,08:30 ET,February 2021,0.4,,,,,2021-03-10,U.S. Bureau of Labor Statistics — Consumer Price Index,https://www.bls.gov/news.release/archives/cpi_20210310.htm,,,,,,,,,,,,,,,,,,,,,,,,,,,,,,,,,,,
INITIAL_JOBLESS_CLAIMS,DOL,2021-03-11,08:30 ET,"Week ending March 6, 2021",712000.0,,,,,2021-03-11,DOL Initial Jobless Claims — immutable first-release PIT reconstruction,https://github.com/0xkoa1a/investment-research/blob/main/data/raw/fred_first_release/initial_claims.csv,,,,,,,,,,,,,,,,,,,,,,,,,,,,,,,,,,,
INITIAL_JOBLESS_CLAIMS,DOL,2021-03-18,08:30 ET,"Week ending March 13, 2021",770000.0,,,,,2021-03-18,DOL Initial Jobless Claims — immutable first-release PIT reconstruction,https://github.com/0xkoa1a/investment-research/blob/main/data/raw/fred_first_release/initial_claims.csv,,,,,,,,,,,,,,,,,,,,,,,,,,,,,,,,,,,
INITIAL_JOBLESS_CLAIMS,DOL,2021-03-25,08:30 ET,"Week ending March 20, 2021",684000.0,,,,,2021-03-25,DOL Initial Jobless Claims — immutable first-release PIT reconstruction,https://github.com/0xkoa1a/investment-research/blob/main/data/raw/fred_first_release/initial_claims.csv,,,,,,,,,,,,,,,,,,,,,,,,,,,,,,,,,,,
INITIAL_JOBLESS_CLAIMS,DOL,2021-04-01,08:30 ET,"Week ending March 27, 2021",719000.0,,,,,2021-04-01,DOL Initial Jobless Claims — immutable first-release PIT reconstruction,https://github.com/0xkoa1a/investment-research/blob/main/data/raw/fred_first_release/initial_claims.csv,,,,,,,,,,,,,,,,,,,,,,,,,,,,,,,,,,,
ISM_MANUFACTURING_PMI,ISM,2021-04-01,10:00 ET,April 2021,60.7,,,,,2021-04-01,Institute for Supply Management — Manufacturing PMI,https://www.ismworld.org/supply-management-news-and-reports/reports/ism-pmi-reports/,,,,,,,,,,,,,,,,,,,,,,,,,,,,,,,,,,,
NFP,BLS,2021-04-02,08:30 ET,March 2021,916000.0,,,,,2021-04-02,U.S. Bureau of Labor Statistics — Employment Situation,https://www.bls.gov/news.release/archives/empsit_20210402.htm,,,,,,,,,,,,,,,,,,,,,,,,,,,,,,,,,,,
UNEMPLOYMENT_RATE,BLS,2021-04-02,08:30 ET,March 2021,6.0,,,,,2021-04-02,U.S. Bureau of Labor Statistics — Employment Situation,https://www.bls.gov/news.release/archives/empsit_20210402.htm,,,,,,,,,,,,,,,,,,,,,,,,,,,,,,,,,,,
INITIAL_JOBLESS_CLAIMS,DOL,2021-04-08,08:30 ET,"Week ending April 3, 2021",744000.0,,,,,2021-04-08,DOL Initial Jobless Claims — immutable first-release PIT reconstruction,https://github.com/0xkoa1a/investment-research/blob/main/data/raw/fred_first_release/initial_claims.csv,,,,,,,,,,,,,,,,,,,,,,,,,,,,,,,,,,,
CORE_CPI,BLS,2021-04-13,08:30 ET,March 2021,0.3,,,,,2021-04-13,U.S. Bureau of Labor Statistics — Consumer Price Index,https://www.bls.gov/news.release/archives/cpi_20210413.htm,,,,,,,,,,,,,,,,,,,,,,,,,,,,,,,,,,,
CPI,BLS,2021-04-13,08:30 ET,March 2021,0.6,,,,,2021-04-13,U.S. Bureau of Labor Statistics — Consumer Price Index,https://www.bls.gov/news.release/archives/cpi_20210413.htm,,,,,,,,,,,,,,,,,,,,,,,,,,,,,,,,,,,
INITIAL_JOBLESS_CLAIMS,DOL,2021-04-15,08:30 ET,"Week ending April 10, 2021",576000.0,,,,,2021-04-15,DOL Initial Jobless Claims — immutable first-release PIT reconstruction,https://github.com/0xkoa1a/investment-research/blob/main/data/raw/fred_first_release/initial_claims.csv,,,,,,,,,,,,,,,,,,,,,,,,,,,,,,,,,,,
INITIAL_JOBLESS_CLAIMS,DOL,2021-04-22,08:30 ET,"Week ending April 17, 2021",547000.0,,,,,2021-04-22,DOL Initial Jobless Claims — immutable first-release PIT reconstruction,https://github.com/0xkoa1a/investment-research/blob/main/data/raw/fred_first_release/initial_claims.csv,,,,,,,,,,,,,,,,,,,,,,,,,,,,,,,,,,,
INITIAL_JOBLESS_CLAIMS,DOL,2021-04-29,08:30 ET,"Week ending April 24, 2021",553000.0,,,,,2021-04-29,DOL Initial Jobless Claims — immutable first-release PIT reconstruction,https://github.com/0xkoa1a/investment-research/blob/main/data/raw/fred_first_release/initial_claims.csv,,,,,,,,,,,,,,,,,,,,,,,,,,,,,,,,,,,
ISM_MANUFACTURING_PMI,ISM,2021-05-03,10:00 ET,May 2021,61.2,,,,,2021-05-03,Institute for Supply Management — Manufacturing PMI,https://www.ismworld.org/supply-management-news-and-reports/reports/ism-pmi-reports/,,,,,,,,,,,,,,,,,,,,,,,,,,,,,,,,,,,
INITIAL_JOBLESS_CLAIMS,DOL,2021-05-06,08:30 ET,"Week ending May 1, 2021",498000.0,,,,,2021-05-06,DOL Initial Jobless Claims — immutable first-release PIT reconstruction,https://github.com/0xkoa1a/investment-research/blob/main/data/raw/fred_first_release/initial_claims.csv,,,,,,,,,,,,,,,,,,,,,,,,,,,,,,,,,,,
NFP,BLS,2021-05-07,08:30 ET,April 2021,266000.0,,,,,2021-05-07,U.S. Bureau of Labor Statistics — Employment Situation,https://www.bls.gov/news.release/archives/empsit_20210507.htm,,,,,,,,,,,,,,,,,,,,,,,,,,,,,,,,,,,
UNEMPLOYMENT_RATE,BLS,2021-05-07,08:30 ET,April 2021,6.1,,,,,2021-05-07,U.S. Bureau of Labor Statistics — Employment Situation,https://www.bls.gov/news.release/archives/empsit_20210507.htm,,,,,,,,,,,,,,,,,,,,,,,,,,,,,,,,,,,
CORE_CPI,BLS,2021-05-12,08:30 ET,April 2021,0.9,,,,,2021-05-12,U.S. Bureau of Labor Statistics — Consumer Price Index,https://www.bls.gov/news.release/archives/cpi_20210512.htm,,,,,,,,,,,,,,,,,,,,,,,,,,,,,,,,,,,
CPI,BLS,2021-05-12,08:30 ET,April 2021,0.8,,,,,2021-05-12,U.S. Bureau of Labor Statistics — Consumer Price Index,https://www.bls.gov/news.release/archives/cpi_20210512.htm,,,,,,,,,,,,,,,,,,,,,,,,,,,,,,,,,,,
INITIAL_JOBLESS_CLAIMS,DOL,2021-05-13,08:30 ET,"Week ending May 8, 2021",473000.0,,,,,2021-05-13,DOL Initial Jobless Claims — immutable first-release PIT reconstruction,https://github.com/0xkoa1a/investment-research/blob/main/data/raw/fred_first_release/initial_claims.csv,,,,,,,,,,,,,,,,,,,,,,,,,,,,,,,,,,,
INITIAL_JOBLESS_CLAIMS,DOL,2021-05-20,08:30 ET,"Week ending May 15, 2021",444000.0,,,,,2021-05-20,DOL Initial Jobless Claims — immutable first-release PIT reconstruction,https://github.com/0xkoa1a/investment-research/blob/main/data/raw/fred_first_release/initial_claims.csv,,,,,,,,,,,,,,,,,,,,,,,,,,,,,,,,,,,
INITIAL_JOBLESS_CLAIMS,DOL,2021-05-27,08:30 ET,"Week ending May 22, 2021",406000.0,,,,,2021-05-27,DOL Initial Jobless Claims — immutable first-release PIT reconstruction,https://github.com/0xkoa1a/investment-research/blob/main/data/raw/fred_first_release/initial_claims.csv,,,,,,,,,,,,,,,,,,,,,,,,,,,,,,,,,,,
ISM_MANUFACTURING_PMI,ISM,2021-06-01,10:00 ET,June 2021,60.6,,,,,2021-06-01,Institute for Supply Management — Manufacturing PMI,https://www.ismworld.org/supply-management-news-and-reports/reports/ism-pmi-reports/,,,,,,,,,,,,,,,,,,,,,,,,,,,,,,,,,,,
INITIAL_JOBLESS_CLAIMS,DOL,2021-06-03,08:30 ET,"Week ending May 29, 2021",385000.0,,,,,2021-06-03,DOL Initial Jobless Claims — immutable first-release PIT reconstruction,https://github.com/0xkoa1a/investment-research/blob/main/data/raw/fred_first_release/initial_claims.csv,,,,,,,,,,,,,,,,,,,,,,,,,,,,,,,,,,,
NFP,BLS,2021-06-04,08:30 ET,May 2021,559000.0,,,,,2021-06-04,U.S. Bureau of Labor Statistics — Employment Situation,https://www.bls.gov/news.release/archives/empsit_20210604.htm,,,,,,,,,,,,,,,,,,,,,,,,,,,,,,,,,,,
UNEMPLOYMENT_RATE,BLS,2021-06-04,08:30 ET,May 2021,5.8,,,,,2021-06-04,U.S. Bureau of Labor Statistics — Employment Situation,https://www.bls.gov/news.release/archives/empsit_20210604.htm,,,,,,,,,,,,,,,,,,,,,,,,,,,,,,,,,,,
CORE_CPI,BLS,2021-06-10,08:30 ET,May 2021,0.7,,,,,2021-06-10,U.S. Bureau of Labor Statistics — Consumer Price Index,https://www.bls.gov/news.release/archives/cpi_20210610.htm,,,,,,,,,,,,,,,,,,,,,,,,,,,,,,,,,,,
CPI,BLS,2021-06-10,08:30 ET,May 2021,0.6,,,,,2021-06-10,U.S. Bureau of Labor Statistics — Consumer Price Index,https://www.bls.gov/news.release/archives/cpi_20210610.htm,,,,,,,,,,,,,,,,,,,,,,,,,,,,,,,,,,,
INITIAL_JOBLESS_CLAIMS,DOL,2021-06-10,08:30 ET,"Week ending June 5, 2021",376000.0,,,,,2021-06-10,DOL Initial Jobless Claims — immutable first-release PIT reconstruction,https://github.com/0xkoa1a/investment-research/blob/main/data/raw/fred_first_release/initial_claims.csv,,,,,,,,,,,,,,,,,,,,,,,,,,,,,,,,,,,
INITIAL_JOBLESS_CLAIMS,DOL,2021-06-17,08:30 ET,"Week ending June 12, 2021",412000.0,,,,,2021-06-17,DOL Initial Jobless Claims — immutable first-release PIT reconstruction,https://github.com/0xkoa1a/investment-research/blob/main/data/raw/fred_first_release/initial_claims.csv,,,,,,,,,,,,,,,,,,,,,,,,,,,,,,,,,,,
INITIAL_JOBLESS_CLAIMS,DOL,2021-06-24,08:30 ET,"Week ending June 19, 2021",411000.0,,,,,2021-06-24,DOL Initial Jobless Claims — immutable first-release PIT reconstruction,https://github.com/0xkoa1a/investment-research/blob/main/data/raw/fred_first_release/initial_claims.csv,,,,,,,,,,,,,,,,,,,,,,,,,,,,,,,,,,,
INITIAL_JOBLESS_CLAIMS,DOL,2021-07-01,08:30 ET,"Week ending June 26, 2021",364000.0,,,,,2021-07-01,DOL Initial Jobless Claims — immutable first-release PIT reconstruction,https://github.com/0xkoa1a/investment-research/blob/main/data/raw/fred_first_release/initial_claims.csv,,,,,,,,,,,,,,,,,,,,,,,,,,,,,,,,,,,
ISM_MANUFACTURING_PMI,ISM,2021-07-01,10:00 ET,July 2021,59.5,,,,,2021-07-01,Institute for Supply Management — Manufacturing PMI,https://www.ismworld.org/supply-management-news-and-reports/reports/ism-pmi-reports/,,,,,,,,,,,,,,,,,,,,,,,,,,,,,,,,,,,
NFP,BLS,2021-07-02,08:30 ET,June 2021,850000.0,,,,,2021-07-02,U.S. Bureau of Labor Statistics — Employment Situation,https://www.bls.gov/news.release/archives/empsit_20210702.htm,,,,,,,,,,,,,,,,,,,,,,,,,,,,,,,,,,,
UNEMPLOYMENT_RATE,BLS,2021-07-02,08:30 ET,June 2021,5.9,,,,,2021-07-02,U.S. Bureau of Labor Statistics — Employment Situation,https://www.bls.gov/news.release/archives/empsit_20210702.htm,,,,,,,,,,,,,,,,,,,,,,,,,,,,,,,,,,,
INITIAL_JOBLESS_CLAIMS,DOL,2021-07-08,08:30 ET,"Week ending July 3, 2021",373000.0,,,,,2021-07-08,DOL Initial Jobless Claims — immutable first-release PIT reconstruction,https://github.com/0xkoa1a/investment-research/blob/main/data/raw/fred_first_release/initial_claims.csv,,,,,,,,,,,,,,,,,,,,,,,,,,,,,,,,,,,
CORE_CPI,BLS,2021-07-13,08:30 ET,June 2021,0.9,,,,,2021-07-13,U.S. Bureau of Labor Statistics — Consumer Price Index,https://www.bls.gov/news.release/archives/cpi_20210713.htm,,,,,,,,,,,,,,,,,,,,,,,,,,,,,,,,,,,
CPI,BLS,2021-07-13,08:30 ET,June 2021,0.9,,,,,2021-07-13,U.S. Bureau of Labor Statistics — Consumer Price Index,https://www.bls.gov/news.release/archives/cpi_20210713.htm,,,,,,,,,,,,,,,,,,,,,,,,,,,,,,,,,,,
INITIAL_JOBLESS_CLAIMS,DOL,2021-07-15,08:30 ET,"Week ending July 10, 2021",360000.0,,,,,2021-07-15,DOL Initial Jobless Claims — immutable first-release PIT reconstruction,https://github.com/0xkoa1a/investment-research/blob/main/data/raw/fred_first_release/initial_claims.csv,,,,,,,,,,,,,,,,,,,,,,,,,,,,,,,,,,,
INITIAL_JOBLESS_CLAIMS,DOL,2021-07-22,08:30 ET,"Week ending July 17, 2021",419000.0,,,,,2021-07-22,DOL Initial Jobless Claims — immutable first-release PIT reconstruction,https://github.com/0xkoa1a/investment-research/blob/main/data/raw/fred_first_release/initial_claims.csv,,,,,,,,,,,,,,,,,,,,,,,,,,,,,,,,,,,
INITIAL_JOBLESS_CLAIMS,DOL,2021-07-29,08:30 ET,"Week ending July 24, 2021",400000.0,,,,,2021-07-29,DOL Initial Jobless Claims — immutable first-release PIT reconstruction,https://github.com/0xkoa1a/investment-research/blob/main/data/raw/fred_first_release/initial_claims.csv,,,,,,,,,,,,,,,,,,,,,,,,,,,,,,,,,,,
ISM_MANUFACTURING_PMI,ISM,2021-08-02,10:00 ET,August 2021,59.9,,,,,2021-08-02,Institute for Supply Management — Manufacturing PMI,https://www.ismworld.org/supply-management-news-and-reports/reports/ism-pmi-reports/,,,,,,,,,,,,,,,,,,,,,,,,,,,,,,,,,,,
INITIAL_JOBLESS_CLAIMS,DOL,2021-08-05,08:30 ET,"Week ending July 31, 2021",385000.0,,,,,2021-08-05,DOL Initial Jobless Claims — immutable first-release PIT reconstruction,https://github.com/0xkoa1a/investment-research/blob/main/data/raw/fred_first_release/initial_claims.csv,,,,,,,,,,,,,,,,,,,,,,,,,,,,,,,,,,,
NFP,BLS,2021-08-06,08:30 ET,July 2021,943000.0,,,,,2021-08-06,U.S. Bureau of Labor Statistics — Employment Situation,https://www.bls.gov/news.release/archives/empsit_20210806.htm,,,,,,,,,,,,,,,,,,,,,,,,,,,,,,,,,,,
UNEMPLOYMENT_RATE,BLS,2021-08-06,08:30 ET,July 2021,5.4,,,,,2021-08-06,U.S. Bureau of Labor Statistics — Employment Situation,https://www.bls.gov/news.release/archives/empsit_20210806.htm,,,,,,,,,,,,,,,,,,,,,,,,,,,,,,,,,,,
CORE_CPI,BLS,2021-08-11,08:30 ET,July 2021,0.3,,,,,2021-08-11,U.S. Bureau of Labor Statistics — Consumer Price Index,https://www.bls.gov/news.release/archives/cpi_20210811.htm,,,,,,,,,,,,,,,,,,,,,,,,,,,,,,,,,,,
CPI,BLS,2021-08-11,08:30 ET,July 2021,0.5,,,,,2021-08-11,U.S. Bureau of Labor Statistics — Consumer Price Index,https://www.bls.gov/news.release/archives/cpi_20210811.htm,,,,,,,,,,,,,,,,,,,,,,,,,,,,,,,,,,,
INITIAL_JOBLESS_CLAIMS,DOL,2021-08-12,08:30 ET,"Week ending August 7, 2021",375000.0,,,,,2021-08-12,DOL Initial Jobless Claims — immutable first-release PIT reconstruction,https://github.com/0xkoa1a/investment-research/blob/main/data/raw/fred_first_release/initial_claims.csv,,,,,,,,,,,,,,,,,,,,,,,,,,,,,,,,,,,
INITIAL_JOBLESS_CLAIMS,DOL,2021-08-19,08:30 ET,"Week ending August 14, 2021",348000.0,,,,,2021-08-19,DOL Initial Jobless Claims — immutable first-release PIT reconstruction,https://github.com/0xkoa1a/investment-research/blob/main/data/raw/fred_first_release/initial_claims.csv,,,,,,,,,,,,,,,,,,,,,,,,,,,,,,,,,,,
INITIAL_JOBLESS_CLAIMS,DOL,2021-08-26,08:30 ET,"Week ending August 21, 2021",353000.0,,,,,2021-08-26,DOL Initial Jobless Claims — immutable first-release PIT reconstruction,https://github.com/0xkoa1a/investment-research/blob/main/data/raw/fred_first_release/initial_claims.csv,,,,,,,,,,,,,,,,,,,,,,,,,,,,,,,,,,,
ISM_MANUFACTURING_PMI,ISM,2021-09-01,10:00 ET,September 2021,61.1,,,,,2021-09-01,Institute for Supply Management — Manufacturing PMI,https://www.ismworld.org/supply-management-news-and-reports/reports/ism-pmi-reports/,,,,,,,,,,,,,,,,,,,,,,,,,,,,,,,,,,,
INITIAL_JOBLESS_CLAIMS,DOL,2021-09-02,08:30 ET,"Week ending August 28, 2021",340000.0,,,,,2021-09-02,DOL Initial Jobless Claims — immutable first-release PIT reconstruction,https://github.com/0xkoa1a/investment-research/blob/main/data/raw/fred_first_release/initial_claims.csv,,,,,,,,,,,,,,,,,,,,,,,,,,,,,,,,,,,
NFP,BLS,2021-09-03,08:30 ET,August 2021,235000.0,,,,,2021-09-03,U.S. Bureau of Labor Statistics — Employment Situation,https://www.bls.gov/news.release/archives/empsit_20210903.htm,,,,,,,,,,,,,,,,,,,,,,,,,,,,,,,,,,,
UNEMPLOYMENT_RATE,BLS,2021-09-03,08:30 ET,August 2021,5.2,,,,,2021-09-03,U.S. Bureau of Labor Statistics — Employment Situation,https://www.bls.gov/news.release/archives/empsit_20210903.htm,,,,,,,,,,,,,,,,,,,,,,,,,,,,,,,,,,,
INITIAL_JOBLESS_CLAIMS,DOL,2021-09-09,08:30 ET,"Week ending September 4, 2021",310000.0,,,,,2021-09-09,DOL Initial Jobless Claims — immutable first-release PIT reconstruction,https://github.com/0xkoa1a/investment-research/blob/main/data/raw/fred_first_release/initial_claims.csv,,,,,,,,,,,,,,,,,,,,,,,,,,,,,,,,,,,
CORE_CPI,BLS,2021-09-14,08:30 ET,August 2021,0.1,,,,,2021-09-14,U.S. Bureau of Labor Statistics — Consumer Price Index,https://www.bls.gov/news.release/archives/cpi_20210914.htm,,,,,,,,,,,,,,,,,,,,,,,,,,,,,,,,,,,
CPI,BLS,2021-09-14,08:30 ET,August 2021,0.3,,,,,2021-09-14,U.S. Bureau of Labor Statistics — Consumer Price Index,https://www.bls.gov/news.release/archives/cpi_20210914.htm,,,,,,,,,,,,,,,,,,,,,,,,,,,,,,,,,,,
INITIAL_JOBLESS_CLAIMS,DOL,2021-09-16,08:30 ET,"Week ending September 11, 2021",332000.0,,,,,2021-09-16,DOL Initial Jobless Claims — immutable first-release PIT reconstruction,https://github.com/0xkoa1a/investment-research/blob/main/data/raw/fred_first_release/initial_claims.csv,,,,,,,,,,,,,,,,,,,,,,,,,,,,,,,,,,,
INITIAL_JOBLESS_CLAIMS,DOL,2021-09-23,08:30 ET,"Week ending September 18, 2021",351000.0,,,,,2021-09-23,DOL Initial Jobless Claims — immutable first-release PIT reconstruction,https://github.com/0xkoa1a/investment-research/blob/main/data/raw/fred_first_release/initial_claims.csv,,,,,,,,,,,,,,,,,,,,,,,,,,,,,,,,,,,
INITIAL_JOBLESS_CLAIMS,DOL,2021-09-30,08:30 ET,"Week ending September 25, 2021",362000.0,,,,,2021-09-30,DOL Initial Jobless Claims — immutable first-release PIT reconstruction,https://github.com/0xkoa1a/investment-research/blob/main/data/raw/fred_first_release/initial_claims.csv,,,,,,,,,,,,,,,,,,,,,,,,,,,,,,,,,,,
ISM_MANUFACTURING_PMI,ISM,2021-10-01,10:00 ET,October 2021,60.8,,,,,2021-10-01,Institute for Supply Management — Manufacturing PMI,https://www.ismworld.org/supply-management-news-and-reports/reports/ism-pmi-reports/,,,,,,,,,,,,,,,,,,,,,,,,,,,,,,,,,,,
INITIAL_JOBLESS_CLAIMS,DOL,2021-10-07,08:30 ET,"Week ending October 2, 2021",326000.0,,,,,2021-10-07,DOL Initial Jobless Claims — immutable first-release PIT reconstruction,https://github.com/0xkoa1a/investment-research/blob/main/data/raw/fred_first_release/initial_claims.csv,,,,,,,,,,,,,,,,,,,,,,,,,,,,,,,,,,,
NFP,BLS,2021-10-08,08:30 ET,September 2021,194000.0,,,,,2021-10-08,U.S. Bureau of Labor Statistics — Employment Situation,https://www.bls.gov/news.release/archives/empsit_20211008.htm,,,,,,,,,,,,,,,,,,,,,,,,,,,,,,,,,,,
UNEMPLOYMENT_RATE,BLS,2021-10-08,08:30 ET,September 2021,4.8,,,,,2021-10-08,U.S. Bureau of Labor Statistics — Employment Situation,https://www.bls.gov/news.release/archives/empsit_20211008.htm,,,,,,,,,,,,,,,,,,,,,,,,,,,,,,,,,,,
CORE_CPI,BLS,2021-10-13,08:30 ET,September 2021,0.2,,,,,2021-10-13,U.S. Bureau of Labor Statistics — Consumer Price Index,https://www.bls.gov/news.release/archives/cpi_20211013.htm,,,,,,,,,,,,,,,,,,,,,,,,,,,,,,,,,,,
CPI,BLS,2021-10-13,08:30 ET,September 2021,0.2,,,,,2021-10-13,U.S. Bureau of Labor Statistics — Consumer Price Index,https://www.bls.gov/news.release/archives/cpi_20211013.htm,,,,,,,,,,,,,,,,,,,,,,,,,,,,,,,,,,,
INITIAL_JOBLESS_CLAIMS,DOL,2021-10-14,08:30 ET,"Week ending October 9, 2021",293000.0,,,,,2021-10-14,DOL Initial Jobless Claims — immutable first-release PIT reconstruction,https://github.com/0xkoa1a/investment-research/blob/main/data/raw/fred_first_release/initial_claims.csv,,,,,,,,,,,,,,,,,,,,,,,,,,,,,,,,,,,
INITIAL_JOBLESS_CLAIMS,DOL,2021-10-21,08:30 ET,"Week ending October 16, 2021",290000.0,,,,,2021-10-21,DOL Initial Jobless Claims — immutable first-release PIT reconstruction,https://github.com/0xkoa1a/investment-research/blob/main/data/raw/fred_first_release/initial_claims.csv,,,,,,,,,,,,,,,,,,,,,,,,,,,,,,,,,,,
INITIAL_JOBLESS_CLAIMS,DOL,2021-10-28,08:30 ET,"Week ending October 23, 2021",281000.0,,,,,2021-10-28,DOL Initial Jobless Claims — immutable first-release PIT reconstruction,https://github.com/0xkoa1a/investment-research/blob/main/data/raw/fred_first_release/initial_claims.csv,,,,,,,,,,,,,,,,,,,,,,,,,,,,,,,,,,,
ISM_MANUFACTURING_PMI,ISM,2021-11-01,10:00 ET,November 2021,61.1,,,,,2021-11-01,Institute for Supply Management — Manufacturing PMI,https://www.ismworld.org/supply-management-news-and-reports/reports/ism-pmi-reports/,,,,,,,,,,,,,,,,,,,,,,,,,,,,,,,,,,,
INITIAL_JOBLESS_CLAIMS,DOL,2021-11-04,08:30 ET,"Week ending October 30, 2021",269000.0,,,,,2021-11-04,DOL Initial Jobless Claims — immutable first-release PIT reconstruction,https://github.com/0xkoa1a/investment-research/blob/main/data/raw/fred_first_release/initial_claims.csv,,,,,,,,,,,,,,,,,,,,,,,,,,,,,,,,,,,
NFP,BLS,2021-11-05,08:30 ET,October 2021,531000.0,,,,,2021-11-05,U.S. Bureau of Labor Statistics — Employment Situation,https://www.bls.gov/news.release/archives/empsit_20211105.htm,,,,,,,,,,,,,,,,,,,,,,,,,,,,,,,,,,,
UNEMPLOYMENT_RATE,BLS,2021-11-05,08:30 ET,October 2021,4.6,,,,,2021-11-05,U.S. Bureau of Labor Statistics — Employment Situation,https://www.bls.gov/news.release/archives/empsit_20211105.htm,,,,,,,,,,,,,,,,,,,,,,,,,,,,,,,,,,,
CORE_CPI,BLS,2021-11-10,08:30 ET,October 2021,0.6,,,,,2021-11-10,U.S. Bureau of Labor Statistics — Consumer Price Index,https://www.bls.gov/news.release/archives/cpi_20211110.htm,,,,,,,,,,,,,,,,,,,,,,,,,,,,,,,,,,,
CPI,BLS,2021-11-10,08:30 ET,October 2021,0.9,,,,,2021-11-10,U.S. Bureau of Labor Statistics — Consumer Price Index,https://www.bls.gov/news.release/archives/cpi_20211110.htm,,,,,,,,,,,,,,,,,,,,,,,,,,,,,,,,,,,
INITIAL_JOBLESS_CLAIMS,DOL,2021-11-10,08:30 ET,"Week ending November 6, 2021",267000.0,,,,,2021-11-10,DOL Initial Jobless Claims — immutable first-release PIT reconstruction,https://github.com/0xkoa1a/investment-research/blob/main/data/raw/fred_first_release/initial_claims.csv,,,,,,,,,,,,,,,,,,,,,,,,,,,,,,,,,,,
INITIAL_JOBLESS_CLAIMS,DOL,2021-11-18,08:30 ET,"Week ending November 13, 2021",268000.0,,,,,2021-11-18,DOL Initial Jobless Claims — immutable first-release PIT reconstruction,https://github.com/0xkoa1a/investment-research/blob/main/data/raw/fred_first_release/initial_claims.csv,,,,,,,,,,,,,,,,,,,,,,,,,,,,,,,,,,,
INITIAL_JOBLESS_CLAIMS,DOL,2021-11-24,08:30 ET,"Week ending November 20, 2021",199000.0,,,,,2021-11-24,DOL Initial Jobless Claims — immutable first-release PIT reconstruction,https://github.com/0xkoa1a/investment-research/blob/main/data/raw/fred_first_release/initial_claims.csv,,,,,,,,,,,,,,,,,,,,,,,,,,,,,,,,,,,
ISM_MANUFACTURING_PMI,ISM,2021-12-01,10:00 ET,December 2021,58.7,,,,,2021-12-01,Institute for Supply Management — Manufacturing PMI,https://www.ismworld.org/supply-management-news-and-reports/reports/ism-pmi-reports/,,,,,,,,,,,,,,,,,,,,,,,,,,,,,,,,,,,
INITIAL_JOBLESS_CLAIMS,DOL,2021-12-02,08:30 ET,"Week ending November 27, 2021",222000.0,,,,,2021-12-02,DOL Initial Jobless Claims — immutable first-release PIT reconstruction,https://github.com/0xkoa1a/investment-research/blob/main/data/raw/fred_first_release/initial_claims.csv,,,,,,,,,,,,,,,,,,,,,,,,,,,,,,,,,,,
NFP,BLS,2021-12-03,08:30 ET,November 2021,210000.0,,,,,2021-12-03,U.S. Bureau of Labor Statistics — Employment Situation,https://www.bls.gov/news.release/archives/empsit_20211203.htm,,,,,,,,,,,,,,,,,,,,,,,,,,,,,,,,,,,
UNEMPLOYMENT_RATE,BLS,2021-12-03,08:30 ET,November 2021,4.2,,,,,2021-12-03,U.S. Bureau of Labor Statistics — Employment Situation,https://www.bls.gov/news.release/archives/empsit_20211203.htm,,,,,,,,,,,,,,,,,,,,,,,,,,,,,,,,,,,
INITIAL_JOBLESS_CLAIMS,DOL,2021-12-09,08:30 ET,"Week ending December 4, 2021",184000.0,,,,,2021-12-09,DOL Initial Jobless Claims — immutable first-release PIT reconstruction,https://github.com/0xkoa1a/investment-research/blob/main/data/raw/fred_first_release/initial_claims.csv,,,,,,,,,,,,,,,,,,,,,,,,,,,,,,,,,,,
CORE_CPI,BLS,2021-12-10,08:30 ET,November 2021,0.5,,,,,2021-12-10,U.S. Bureau of Labor Statistics — Consumer Price Index,https://www.bls.gov/news.release/archives/cpi_20211210.htm,,,,,,,,,,,,,,,,,,,,,,,,,,,,,,,,,,,
CPI,BLS,2021-12-10,08:30 ET,November 2021,0.8,,,,,2021-12-10,U.S. Bureau of Labor Statistics — Consumer Price Index,https://www.bls.gov/news.release/archives/cpi_20211210.htm,,,,,,,,,,,,,,,,,,,,,,,,,,,,,,,,,,,
INITIAL_JOBLESS_CLAIMS,DOL,2021-12-16,08:30 ET,"Week ending December 11, 2021",206000.0,,,,,2021-12-16,DOL Initial Jobless Claims — immutable first-release PIT reconstruction,https://github.com/0xkoa1a/investment-research/blob/main/data/raw/fred_first_release/initial_claims.csv,,,,,,,,,,,,,,,,,,,,,,,,,,,,,,,,,,,
INITIAL_JOBLESS_CLAIMS,DOL,2021-12-23,08:30 ET,"Week ending December 18, 2021",205000.0,,,,,2021-12-23,DOL Initial Jobless Claims — immutable first-release PIT reconstruction,https://github.com/0xkoa1a/investment-research/blob/main/data/raw/fred_first_release/initial_claims.csv,,,,,,,,,,,,,,,,,,,,,,,,,,,,,,,,,,,
INITIAL_JOBLESS_CLAIMS,DOL,2021-12-30,08:30 ET,"Week ending December 25, 2021",198000.0,,,,,2021-12-30,DOL Initial Jobless Claims — immutable first-release PIT reconstruction,https://github.com/0xkoa1a/investment-research/blob/main/data/raw/fred_first_release/initial_claims.csv,,,,,,,,,,,,,,,,,,,,,,,,,,,,,,,,,,,
NFP,BLS,2022-01-07,08:30 ET,December 2021,199000.0,,,,,2022-01-07,U.S. Bureau of Labor Statistics — Employment Situation,https://www.bls.gov/news.release/archives/empsit_20220107.htm,,,,,,,,,,,,,,,,,,,,,,,,,,,,,,,,,,,
UNEMPLOYMENT_RATE,BLS,2022-01-07,08:30 ET,December 2021,3.9,,,,,2022-01-07,U.S. Bureau of Labor Statistics — Employment Situation,https://www.bls.gov/news.release/archives/empsit_20220107.htm,,,,,,,,,,,,,,,,,,,,,,,,,,,,,,,,,,,
CORE_CPI,BLS,2022-01-12,08:30 ET,December 2021,0.6,,,,,2022-01-12,U.S. Bureau of Labor Statistics — Consumer Price Index,https://www.bls.gov/news.release/archives/cpi_20220112.htm,,,,,,,,,,,,,,,,,,,,,,,,,,,,,,,,,,,
CPI,BLS,2022-01-12,08:30 ET,December 2021,0.5,,,,,2022-01-12,U.S. Bureau of Labor Statistics — Consumer Price Index,https://www.bls.gov/news.release/archives/cpi_20220112.htm,,,,,,,,,,,,,,,,,,,,,,,,,,,,,,,,,,,
GDP,BEA,2022-06-29,08:30 ET,Q1 2022 — Third Estimate,-1.6,-1.5,,,,2022-06-29,U.S. Bureau of Economic Analysis — GDP,https://www.bea.gov/news/2022/gross-domestic-product-third-estimate-corporate-profits-revised-estimate-first-quarter-2022,,,,,,,,,,,,,,,,,,,,,,,,,,,,,,,,,,,
INITIAL_JOBLESS_CLAIMS,DOL,2022-07-07,08:30 ET,"Week ending July 2, 2022",235000.0,231000.0,,,,2022-07-07,DOL Unemployment Insurance Weekly Claims Report,https://www.dol.gov/newsroom/releases/eta/eta20220707,,,,,,,,,,,,,,,,,,,,,,,,,,,,,,,,,,,
INITIAL_JOBLESS_CLAIMS,DOL,2022-07-14,08:30 ET,"Week ending July 9, 2022",244000.0,235000.0,,,,2022-07-14,DOL Unemployment Insurance Weekly Claims Report,https://www.dol.gov/newsroom/releases/eta/eta20220714,,,,,,,,,,,,,,,,,,,,,,,,,,,,,,,,,,,
INITIAL_JOBLESS_CLAIMS,DOL,2022-07-21,08:30 ET,"Week ending July 16, 2022",251000.0,244000.0,,,,2022-07-21,DOL Unemployment Insurance Weekly Claims Report,https://www.dol.gov/newsroom/releases/eta/eta20220721,,,,,,,,,,,,,,,,,,,,,,,,,,,,,,,,,,,
INITIAL_JOBLESS_CLAIMS,DOL,2022-07-28,08:30 ET,"Week ending July 23, 2022",256000.0,261000.0,10000.0,,,2022-07-28,DOL Unemployment Insurance Weekly Claims Report,https://www.dol.gov/newsroom/releases/eta/eta20220728,,,,,,,,,,,,,,,,,,,,,,,,,,,,,,,,,,,
ISM_MANUFACTURING_PMI,ISM,2022-08-01,10:00 ET,July 2022,52.8,53.0,,,,2022-08-01,ISM Manufacturing ISM Report On Business,https://www.ismworld.org/supply-management-news-and-reports/reports/ism-report-on-business/pmi/august/,,,,,,,,,,,,,,,,,,,,,,,,,,,,,,,,,,,
NFP,BLS,2022-08-05,08:30 ET,July 2022,528000.0,398000.0,,,,2022-08-05,BLS Employment Situation,https://www.bls.gov/news.release/archives/empsit_20220805.htm,,,,,,,,,,,,,,,,,,,,,,,,,,,,,,,,,,,
UNEMPLOYMENT_RATE,BLS,2022-08-05,08:30 ET,July 2022,3.5,3.6,,,,2022-08-05,BLS Employment Situation,https://www.bls.gov/news.release/archives/empsit_20220805.htm,,,,,,,,,,,,,,,,,,,,,,,,,,,,,,,,,,,
CORE_CPI,BLS,2022-08-10,08:30 ET,July 2022,0.3,0.7,,,,2022-08-10,BLS CPI News Release,https://www.bls.gov/news.release/archives/cpi_20220810.htm,,,,,,,,,,,,,,,,,,,,,,,,,,,,,,,,,,,
CPI,BLS,2022-08-10,08:30 ET,July 2022,0.0,1.3,,,,2022-08-10,BLS CPI News Release,https://www.bls.gov/news.release/archives/cpi_20220810.htm,,,,,,,,,,,,,,,,,,,,,,,,,,,,,,,,,,,
INITIAL_JOBLESS_CLAIMS,DOL,2022-08-11,08:30 ET,"Week ending August 6, 2022",262000.0,248000.0,12000.0,,,2022-08-11,DOL Unemployment Insurance Weekly Claims Report,https://www.dol.gov/newsroom/releases/eta/eta20220811,,,,,,,,,,,,,,,,,,,,,,,,,,,,,,,,,,,
INITIAL_JOBLESS_CLAIMS,DOL,2022-08-18,08:30 ET,"Week ending August 13, 2022",250000.0,252000.0,10000.0,,,2022-08-18,DOL Unemployment Insurance Weekly Claims Report,https://www.dol.gov/newsroom/releases/eta/eta20220818,,,,,,,,,,,,,,,,,,,,,,,,,,,,,,,,,,,
INITIAL_JOBLESS_CLAIMS,DOL,2022-08-25,08:30 ET,"Week ending August 20, 2022",243000.0,245000.0,5000.0,,,2022-08-25,DOL Unemployment Insurance Weekly Claims Report,https://www.dol.gov/newsroom/releases/eta/eta20220825,,,,,,,,,,,,,,,,,,,,,,,,,,,,,,,,,,,
INITIAL_JOBLESS_CLAIMS,DOL,2022-09-01,08:30 ET,"Week ending August 27, 2022",232000.0,237000.0,6000.0,,,2022-09-01,DOL Unemployment Insurance Weekly Claims Report,https://www.dol.gov/newsroom/releases/eta/eta20220901,,,,,,,,,,,,,,,,,,,,,,,,,,,,,,,,,,,
ISM_MANUFACTURING_PMI,ISM,2022-09-01,10:00 ET,August 2022,52.8,52.8,,,,2022-09-01,ISM Manufacturing ISM Report On Business,https://www.ismworld.org/supply-management-news-and-reports/reports/ism-report-on-business/pmi/september/,,,,,,,,,,,,,,,,,,,,,,,,,,,,,,,,,,,
NFP,BLS,2022-09-02,08:30 ET,August 2022,315000.0,526000.0,,,,2022-09-02,BLS Employment Situation,https://www.bls.gov/news.release/archives/empsit_20220902.htm,,,,,,,,,,,,,,,,,,,,,,,,,,,,,,,,,,,
UNEMPLOYMENT_RATE,BLS,2022-09-02,08:30 ET,August 2022,3.7,3.5,,,,2022-09-02,BLS Employment Situation,https://www.bls.gov/news.release/archives/empsit_20220902.htm,,,,,,,,,,,,,,,,,,,,,,,,,,,,,,,,,,,
INITIAL_JOBLESS_CLAIMS,DOL,2022-09-08,08:30 ET,"Week ending September 3, 2022",222000.0,228000.0,4000.0,,,2022-09-08,DOL Unemployment Insurance Weekly Claims Report,https://www.dol.gov/newsroom/releases/eta/eta20220908,,,,,,,,,,,,,,,,,,,,,,,,,,,,,,,,,,,
INITIAL_JOBLESS_CLAIMS,DOL,2022-09-15,08:30 ET,"Week ending September 10, 2022",213000.0,218000.0,4000.0,,,2022-09-15,DOL Unemployment Insurance Weekly Claims Report,https://www.dol.gov/newsroom/releases/eta/eta20220915,,,,,,,,,,,,,,,,,,,,,,,,,,,,,,,,,,,
INITIAL_JOBLESS_CLAIMS,DOL,2022-09-22,08:30 ET,"Week ending September 17, 2022",213000.0,208000.0,5000.0,,,2022-09-22,DOL Unemployment Insurance Weekly Claims Report,https://www.dol.gov/newsroom/releases/eta/eta20220922,,,,,,,,,,,,,,,,,,,,,,,,,,,,,,,,,,,
GDP,BEA,2022-09-29,08:30 ET,Q2 2022 — Third Estimate,-0.6,-0.6,,,,2022-09-29,U.S. Bureau of Economic Analysis — GDP,https://www.bea.gov/news/2022/gross-domestic-product-third-estimate-corporate-profits-second-quarter-2022,,,,,,,,,,,,,,,,,,,,,,,,,,,,,,,,,,,
INITIAL_JOBLESS_CLAIMS,DOL,2022-09-29,08:30 ET,"Week ending September 24, 2022",193000.0,209000.0,4000.0,,,2022-09-29,DOL Unemployment Insurance Weekly Claims Report,https://www.dol.gov/newsroom/releases/eta/eta20220929,,,,,,,,,,,,,,,,,,,,,,,,,,,,,,,,,,,
ISM_MANUFACTURING_PMI,ISM,2022-10-03,10:00 ET,September 2022,50.9,52.8,,,,2022-10-03,ISM Manufacturing ISM Report On Business,https://www.ismworld.org/supply-management-news-and-reports/reports/ism-report-on-business/pmi/october/,,,,,,,,,,,,,,,,,,,,,,,,,,,,,,,,,,,
CORE_CPI,BLS,2022-10-13,08:30 ET,September 2022,0.6,0.6,,,,2022-10-13,BLS CPI News Release,https://www.bls.gov/news.release/archives/cpi_20221013.htm,,,,,,,,,,,,,,,,,,,,,,,,,,,,,,,,,,,
CPI,BLS,2022-10-13,08:30 ET,September 2022,0.4,0.1,,,,2022-10-13,BLS CPI News Release,https://www.bls.gov/news.release/archives/cpi_20221013.htm,,,,,,,,,,,,,,,,,,,,,,,,,,,,,,,,,,,
GDP,BEA,2022-10-27,08:30 ET,Q3 2022 — Advance Estimate,2.6,,,,,2022-10-27,U.S. Bureau of Economic Analysis — GDP,https://www.bea.gov/news/2022/gross-domestic-product-third-quarter-2022-advance-estimate,,,,,,,,,,,,,,,,,,,,,,,,,,,,,,,,,,,
ISM_MANUFACTURING_PMI,ISM,2022-11-01,10:00 ET,October 2022,50.2,50.9,,,,2022-11-01,ISM Manufacturing ISM Report On Business,https://www.ismworld.org/supply-management-news-and-reports/reports/ism-report-on-business/pmi/november/,,,,,,,,,,,,,,,,,,,,,,,,,,,,,,,,,,,
NFP,BLS,2022-11-04,08:30 ET,October 2022,261000.0,315000.0,,,,2022-11-04,BLS Employment Situation,https://www.bls.gov/news.release/archives/empsit_20221104.htm,,,,,,,,,,,,,,,,,,,,,,,,,,,,,,,,,,,
UNEMPLOYMENT_RATE,BLS,2022-11-04,08:30 ET,October 2022,3.7,3.5,,,,2022-11-04,BLS Employment Situation,https://www.bls.gov/news.release/archives/empsit_20221104.htm,,,,,,,,,,,,,,,,,,,,,,,,,,,,,,,,,,,
CORE_CPI,BLS,2022-11-10,08:30 ET,October 2022,0.3,0.6,,,,2022-11-10,BLS CPI News Release,https://www.bls.gov/news.release/archives/cpi_20221110.htm,,,,,,,,,,,,,,,,,,,,,,,,,,,,,,,,,,,
CPI,BLS,2022-11-10,08:30 ET,October 2022,0.4,0.4,,,,2022-11-10,BLS CPI News Release,https://www.bls.gov/news.release/archives/cpi_20221110.htm,,,,,,,,,,,,,,,,,,,,,,,,,,,,,,,,,,,
GDP,BEA,2022-11-30,08:30 ET,Q3 2022 — Second Estimate,2.9,2.6,0.3,,,2022-11-30,U.S. Bureau of Economic Analysis — GDP,https://www.bea.gov/news/2022/gross-domestic-product-second-estimate-corporate-profits-third-quarter-2022,,,,,,,,,,,,,,,,,,,,,,,,,,,,,,,,,,,
ISM_MANUFACTURING_PMI,ISM,2022-12-01,10:00 ET,November 2022,49.0,50.2,,,,2022-12-01,ISM Manufacturing ISM Report On Business,https://www.ismworld.org/supply-management-news-and-reports/reports/ism-report-on-business/pmi/december/,,,,,,,,,,,,,,,,,,,,,,,,,,,,,,,,,,,
GDP,BEA,2022-12-22,08:30 ET,Q3 2022 — Third Estimate,3.2,2.9,0.3,,,2022-12-22,U.S. Bureau of Economic Analysis — GDP,https://www.bea.gov/news/2022/gross-domestic-product-third-estimate-corporate-profits-third-quarter-2022,,,,,,,,,,,,,,,,,,,,,,,,,,,,,,,,,,,
ISM_MANUFACTURING_PMI,ISM,2023-01-04,10:00 ET,December 2022,48.4,49.0,,,,2023-01-04,ISM Manufacturing ISM Report On Business,https://www.ismworld.org/supply-management-news-and-reports/reports/ism-report-on-business/pmi/january/,,,,,,,,,,,,,,,,,,,,,,,,,,,,,,,,,,,
CORE_CPI,BLS,2023-01-12,08:30 ET,December 2022,0.3,0.2,,,,2023-01-12,BLS CPI News Release,https://www.bls.gov/news.release/archives/cpi_20230112.htm,,,,,,,,,,,,,,,,,,,,,,,,,,,,,,,,,,,
CPI,BLS,2023-01-12,08:30 ET,December 2022,-0.1,0.1,,,,2023-01-12,BLS CPI News Release,https://www.bls.gov/news.release/archives/cpi_20230112.htm,,,,,,,,,,,,,,,,,,,,,,,,,,,,,,,,,,,
GDP,BEA,2023-01-26,08:30 ET,Q4 2022 — Advance Estimate,2.9,,,,,2023-01-26,U.S. Bureau of Economic Analysis — GDP,https://www.bea.gov/news/2023/gross-domestic-product-fourth-quarter-and-year-2022-advance-estimate,,,,,,,,,,,,,,,,,,,,,,,,,,,,,,,,,,,
ISM_MANUFACTURING_PMI,ISM,2023-02-01,10:00 ET,January 2023,47.4,48.4,,,,2023-02-01,ISM Manufacturing ISM Report On Business,https://www.ismworld.org/supply-management-news-and-reports/reports/ism-report-on-business/pmi/february/,,,,,,,,,,,,,,,,,,,,,,,,,,,,,,,,,,,
NFP,BLS,2023-02-03,08:30 ET,January 2023,517000.0,260000.0,,,,2023-02-03,BLS Employment Situation,https://www.bls.gov/news.release/archives/empsit_20230203.htm,,,,,,,,,,,,,,,,,,,,,,,,,,,,,,,,,,,
UNEMPLOYMENT_RATE,BLS,2023-02-03,08:30 ET,January 2023,3.4,3.5,,,,2023-02-03,BLS Employment Situation,https://www.bls.gov/news.release/archives/empsit_20230203.htm,,,,,,,,,,,,,,,,,,,,,,,,,,,,,,,,,,,
CORE_CPI,BLS,2023-02-14,08:30 ET,January 2023,0.4,0.4,,,,2023-02-14,BLS CPI News Release,https://www.bls.gov/news.release/archives/cpi_20230214.htm,,,,,,,,,,,,,,,,,,,,,,,,,,,,,,,,,,,
CPI,BLS,2023-02-14,08:30 ET,January 2023,0.5,0.1,,,,2023-02-14,BLS CPI News Release,https://www.bls.gov/news.release/archives/cpi_20230214.htm,,,,,,,,,,,,,,,,,,,,,,,,,,,,,,,,,,,
GDP,BEA,2023-02-23,08:30 ET,Q4 2022 — Second Estimate,2.7,2.9,-0.2,,,2023-02-23,U.S. Bureau of Economic Analysis — GDP,https://www.bea.gov/news/2023/gross-domestic-product-fourth-quarter-and-year-2022-second-estimate,,,,,,,,,,,,,,,,,,,,,,,,,,,,,,,,,,,
ISM_MANUFACTURING_PMI,ISM,2023-03-01,10:00 ET,February 2023,47.7,47.4,,,,2023-03-01,ISM Manufacturing ISM Report On Business,https://www.ismworld.org/supply-management-news-and-reports/reports/ism-report-on-business/pmi/march/,,,,,,,,,,,,,,,,,,,,,,,,,,,,,,,,,,,
NFP,BLS,2023-03-10,08:30 ET,February 2023,311000.0,,,,,2023-03-10,BLS Employment Situation,https://www.bls.gov/news.release/archives/empsit_20230310.htm,,,,,,,,,,,,,,,,,,,,,,,,,,,,,,,,,,,
UNEMPLOYMENT_RATE,BLS,2023-03-10,08:30 ET,February 2023,3.6,3.4,,,,2023-03-10,BLS Employment Situation,https://www.bls.gov/news.release/archives/empsit_20230310.htm,,,,,,,,,,,,,,,,,,,,,,,,,,,,,,,,,,,
CORE_CPI,BLS,2023-03-14,08:30 ET,February 2023,0.5,0.4,,,,2023-03-14,BLS CPI News Release,https://www.bls.gov/news.release/archives/cpi_20230314.htm,,,,,,,,,,,,,,,,,,,,,,,,,,,,,,,,,,,
CPI,BLS,2023-03-14,08:30 ET,February 2023,0.4,0.5,,,,2023-03-14,BLS CPI News Release,https://www.bls.gov/news.release/archives/cpi_20230314.htm,,,,,,,,,,,,,,,,,,,,,,,,,,,,,,,,,,,
GDP,BEA,2023-03-30,08:30 ET,Q4 2022 — Third Estimate,2.6,2.7,-0.1,,,2023-03-30,U.S. Bureau of Economic Analysis — GDP,https://www.bea.gov/news/2023/gross-domestic-product-fourth-quarter-and-year-2022-third-estimate-gdp-industry-and,,,,,,,,,,,,,,,,,,,,,,,,,,,,,,,,,,,
ISM_MANUFACTURING_PMI,ISM,2023-04-03,10:00 ET,March 2023,46.3,47.7,,,,2023-04-03,ISM Manufacturing ISM Report On Business,https://www.ismworld.org/supply-management-news-and-reports/reports/ism-report-on-business/pmi/april/,,,,,,,,,,,,,,,,,,,,,,,,,,,,,,,,,,,
NFP,BLS,2023-04-07,08:30 ET,March 2023,236000.0,,,,,2023-04-07,BLS Employment Situation,https://www.bls.gov/news.release/archives/empsit_20230407.htm,,,,,,,,,,,,,,,,,,,,,,,,,,,,,,,,,,,
UNEMPLOYMENT_RATE,BLS,2023-04-07,08:30 ET,March 2023,3.5,3.6,,,,2023-04-07,BLS Employment Situation,https://www.bls.gov/news.release/archives/empsit_20230407.htm,,,,,,,,,,,,,,,,,,,,,,,,,,,,,,,,,,,
CORE_CPI,BLS,2023-04-12,08:30 ET,March 2023,0.4,0.5,,,,2023-04-12,BLS CPI News Release,https://www.bls.gov/news.release/archives/cpi_20230412.htm,,,,,,,,,,,,,,,,,,,,,,,,,,,,,,,,,,,
CPI,BLS,2023-04-12,08:30 ET,March 2023,0.1,0.4,,,,2023-04-12,BLS CPI News Release,https://www.bls.gov/news.release/archives/cpi_20230412.htm,,,,,,,,,,,,,,,,,,,,,,,,,,,,,,,,,,,
GDP,BEA,2023-04-27,08:30 ET,Q1 2023 — Advance Estimate,1.1,,,,,2023-04-27,U.S. Bureau of Economic Analysis — GDP,https://www.bea.gov/news/2023/gross-domestic-product-first-quarter-2023-advance-estimate,,,,,,,,,,,,,,,,,,,,,,,,,,,,,,,,,,,
ISM_MANUFACTURING_PMI,ISM,2023-05-01,10:00 ET,April 2023,47.1,46.3,,,,2023-05-01,ISM Manufacturing ISM Report On Business,https://www.ismworld.org/supply-management-news-and-reports/reports/ism-report-on-business/pmi/may/,,,,,,,,,,,,,,,,,,,,,,,,,,,,,,,,,,,
NFP,BLS,2023-05-05,08:30 ET,April 2023,253000.0,,,,,2023-05-05,BLS Employment Situation,https://www.bls.gov/news.release/archives/empsit_20230505.htm,,,,,,,,,,,,,,,,,,,,,,,,,,,,,,,,,,,
UNEMPLOYMENT_RATE,BLS,2023-05-05,08:30 ET,April 2023,3.4,3.5,,,,2023-05-05,BLS Employment Situation,https://www.bls.gov/news.release/archives/empsit_20230505.htm,,,,,,,,,,,,,,,,,,,,,,,,,,,,,,,,,,,
CORE_CPI,BLS,2023-05-10,08:30 ET,April 2023,0.4,0.4,,,,2023-05-10,BLS CPI News Release,https://www.bls.gov/news.release/archives/cpi_20230510.htm,,,,,,,,,,,,,,,,,,,,,,,,,,,,,,,,,,,
CPI,BLS,2023-05-10,08:30 ET,April 2023,0.4,0.1,,,,2023-05-10,BLS CPI News Release,https://www.bls.gov/news.release/archives/cpi_20230510.htm,,,,,,,,,,,,,,,,,,,,,,,,,,,,,,,,,,,
GDP,BEA,2023-05-25,08:30 ET,Q1 2023 — Second Estimate,1.3,1.1,0.2,,,2023-05-25,U.S. Bureau of Economic Analysis — GDP,https://www.bea.gov/news/2023/gross-domestic-product-second-estimate-corporate-profits-first-quarter-2023,,,,,,,,,,,,,,,,,,,,,,,,,,,,,,,,,,,
ISM_MANUFACTURING_PMI,ISM,2023-06-01,10:00 ET,May 2023,46.9,47.1,,,,2023-06-01,ISM Manufacturing ISM Report On Business,https://www.ismworld.org/supply-management-news-and-reports/reports/ism-report-on-business/pmi/june/,,,,,,,,,,,,,,,,,,,,,,,,,,,,,,,,,,,
NFP,BLS,2023-06-02,08:30 ET,May 2023,339000.0,,,,,2023-06-02,BLS Employment Situation,https://www.bls.gov/news.release/archives/empsit_20230602.htm,,,,,,,,,,,,,,,,,,,,,,,,,,,,,,,,,,,
UNEMPLOYMENT_RATE,BLS,2023-06-02,08:30 ET,May 2023,3.7,3.4,,,,2023-06-02,BLS Employment Situation,https://www.bls.gov/news.release/archives/empsit_20230602.htm,,,,,,,,,,,,,,,,,,,,,,,,,,,,,,,,,,,
CORE_CPI,BLS,2023-06-13,08:30 ET,May 2023,0.4,0.4,,,,2023-06-13,BLS CPI News Release,https://www.bls.gov/news.release/archives/cpi_20230613.htm,,,,,,,,,,,,,,,,,,,,,,,,,,,,,,,,,,,
CPI,BLS,2023-06-13,08:30 ET,May 2023,0.1,0.4,,,,2023-06-13,BLS CPI News Release,https://www.bls.gov/news.release/archives/cpi_20230613.htm,,,,,,,,,,,,,,,,,,,,,,,,,,,,,,,,,,,
GDP,BEA,2023-06-29,08:30 ET,Q1 2023 — Third Estimate,2.0,1.3,0.7,,,2023-06-29,U.S. Bureau of Economic Analysis — GDP,https://www.bea.gov/news/2023/gross-domestic-product-third-estimate-corporate-profits-revised-estimate-and-gdp-industry,,,,,,,,,,,,,,,,,,,,,,,,,,,,,,,,,,,
ISM_MANUFACTURING_PMI,ISM,2023-07-03,10:00 ET,June 2023,46.0,46.9,,,,2023-07-03,ISM Manufacturing ISM Report On Business,https://www.ismworld.org/supply-management-news-and-reports/reports/ism-report-on-business/pmi/july/,,,,,,,,,,,,,,,,,,,,,,,,,,,,,,,,,,,
NFP,BLS,2023-07-07,08:30 ET,June 2023,209000.0,,,,,2023-07-07,BLS Employment Situation,https://www.bls.gov/news.release/archives/empsit_20230707.htm,,,,,,,,,,,,,,,,,,,,,,,,,,,,,,,,,,,
UNEMPLOYMENT_RATE,BLS,2023-07-07,08:30 ET,June 2023,3.6,3.7,,,,2023-07-07,BLS Employment Situation,https://www.bls.gov/news.release/archives/empsit_20230707.htm,,,,,,,,,,,,,,,,,,,,,,,,,,,,,,,,,,,
CORE_CPI,BLS,2023-07-12,08:30 ET,June 2023,0.2,0.4,,,,2023-07-12,BLS CPI News Release,https://www.bls.gov/news.release/archives/cpi_20230712.htm,,,,,,,,,,,,,,,,,,,,,,,,,,,,,,,,,,,
CPI,BLS,2023-07-12,08:30 ET,June 2023,0.2,0.1,,,,2023-07-12,BLS CPI News Release,https://www.bls.gov/news.release/archives/cpi_20230712.htm,,,,,,,,,,,,,,,,,,,,,,,,,,,,,,,,,,,
GDP,BEA,2023-07-27,08:30 ET,Q2 2023 — Advance Estimate,2.4,,,,,2023-07-27,U.S. Bureau of Economic Analysis — GDP,https://www.bea.gov/news/2023/gross-domestic-product-second-quarter-2023-advance-estimate,,,,,,,,,,,,,,,,,,,,,,,,,,,,,,,,,,,
ISM_MANUFACTURING_PMI,ISM,2023-08-01,10:00 ET,July 2023,46.4,46.0,,,,2023-08-01,ISM Manufacturing ISM Report On Business,https://www.ismworld.org/supply-management-news-and-reports/reports/ism-report-on-business/pmi/august/,,,,,,,,,,,,,,,,,,,,,,,,,,,,,,,,,,,
NFP,BLS,2023-08-04,08:30 ET,July 2023,187000.0,,,,,2023-08-04,BLS Employment Situation,https://www.bls.gov/news.release/archives/empsit_20230804.htm,,,,,,,,,,,,,,,,,,,,,,,,,,,,,,,,,,,
UNEMPLOYMENT_RATE,BLS,2023-08-04,08:30 ET,July 2023,3.5,3.6,,,,2023-08-04,BLS Employment Situation,https://www.bls.gov/news.release/archives/empsit_20230804.htm,,,,,,,,,,,,,,,,,,,,,,,,,,,,,,,,,,,
CORE_CPI,BLS,2023-08-10,08:30 ET,July 2023,0.2,0.2,,,,2023-08-10,BLS CPI News Release,https://www.bls.gov/news.release/archives/cpi_20230810.htm,,,,,,,,,,,,,,,,,,,,,,,,,,,,,,,,,,,
CPI,BLS,2023-08-10,08:30 ET,July 2023,0.2,0.2,,,,2023-08-10,BLS CPI News Release,https://www.bls.gov/news.release/archives/cpi_20230810.htm,,,,,,,,,,,,,,,,,,,,,,,,,,,,,,,,,,,
GDP,BEA,2023-08-30,08:30 ET,Q2 2023 — Second Estimate,2.1,2.4,-0.3,,,2023-08-30,U.S. Bureau of Economic Analysis — GDP,https://www.bea.gov/news/2023/gross-domestic-product-second-estimate-corporate-profits-second-quarter-2023,,,,,,,,,,,,,,,,,,,,,,,,,,,,,,,,,,,
ISM_MANUFACTURING_PMI,ISM,2023-09-01,10:00 ET,August 2023,47.6,46.4,,,,2023-09-01,ISM Manufacturing ISM Report On Business,https://www.ismworld.org/supply-management-news-and-reports/reports/ism-report-on-business/pmi/september/,,,,,,,,,,,,,,,,,,,,,,,,,,,,,,,,,,,
NFP,BLS,2023-09-01,08:30 ET,August 2023,187000.0,,,,,2023-09-01,BLS Employment Situation,https://www.bls.gov/news.release/archives/empsit_20230901.htm,,,,,,,,,,,,,,,,,,,,,,,,,,,,,,,,,,,
UNEMPLOYMENT_RATE,BLS,2023-09-01,08:30 ET,August 2023,3.8,3.5,,,,2023-09-01,BLS Employment Situation,https://www.bls.gov/news.release/archives/empsit_20230901.htm,,,,,,,,,,,,,,,,,,,,,,,,,,,,,,,,,,,
CORE_CPI,BLS,2023-09-13,08:30 ET,August 2023,0.3,0.2,,,,2023-09-13,BLS CPI News Release,https://www.bls.gov/news.release/archives/cpi_20230913.htm,,,,,,,,,,,,,,,,,,,,,,,,,,,,,,,,,,,
CPI,BLS,2023-09-13,08:30 ET,August 2023,0.6,0.2,,,,2023-09-13,BLS CPI News Release,https://www.bls.gov/news.release/archives/cpi_20230913.htm,,,,,,,,,,,,,,,,,,,,,,,,,,,,,,,,,,,
GDP,BEA,2023-09-28,08:30 ET,Q2 2023 — Third Estimate,2.1,2.1,0.0,,,2023-09-28,U.S. Bureau of Economic Analysis — GDP,https://www.bea.gov/news/2023/gross-domestic-product-third-estimate-corporate-profits-revised-estimate-second-quarter,,,,,,,,,,,,,,,,,,,,,,,,,,,,,,,,,,,
ISM_MANUFACTURING_PMI,ISM,2023-10-02,10:00 ET,September 2023,49.0,47.6,,,,2023-10-02,ISM Manufacturing ISM Report On Business,https://www.ismworld.org/supply-management-news-and-reports/reports/ism-report-on-business/pmi/october/,,,,,,,,,,,,,,,,,,,,,,,,,,,,,,,,,,,
NFP,BLS,2023-10-06,08:30 ET,September 2023,336000.0,,,,,2023-10-06,BLS Employment Situation,https://www.bls.gov/news.release/archives/empsit_20231006.htm,,,,,,,,,,,,,,,,,,,,,,,,,,,,,,,,,,,
UNEMPLOYMENT_RATE,BLS,2023-10-06,08:30 ET,September 2023,3.8,3.8,,,,2023-10-06,BLS Employment Situation,https://www.bls.gov/news.release/archives/empsit_20231006.htm,,,,,,,,,,,,,,,,,,,,,,,,,,,,,,,,,,,
CORE_CPI,BLS,2023-10-12,08:30 ET,September 2023,0.2,0.3,,,,2023-10-12,BLS CPI News Release,https://www.bls.gov/news.release/archives/cpi_20231012.htm,,,,,,,,,,,,,,,,,,,,,,,,,,,,,,,,,,,
CPI,BLS,2023-10-12,08:30 ET,September 2023,0.4,0.6,,,,2023-10-12,BLS CPI News Release,https://www.bls.gov/news.release/archives/cpi_20231012.htm,,,,,,,,,,,,,,,,,,,,,,,,,,,,,,,,,,,
GDP,BEA,2023-10-26,08:30 ET,Q3 2023 — Advance Estimate,4.9,,,,,2023-10-26,U.S. Bureau of Economic Analysis — GDP,https://www.bea.gov/news/2023/gross-domestic-product-third-quarter-2023-advance-estimate,,,,,,,,,,,,,,,,,,,,,,,,,,,,,,,,,,,
ISM_MANUFACTURING_PMI,ISM,2023-11-01,10:00 ET,October 2023,46.7,49.0,,,,2023-11-01,ISM Manufacturing ISM Report On Business,https://www.ismworld.org/supply-management-news-and-reports/reports/ism-report-on-business/pmi/november/,,,,,,,,,,,,,,,,,,,,,,,,,,,,,,,,,,,
NFP,BLS,2023-11-03,08:30 ET,October 2023,150000.0,,,,,2023-11-03,BLS Employment Situation,https://www.bls.gov/news.release/archives/empsit_20231103.htm,,,,,,,,,,,,,,,,,,,,,,,,,,,,,,,,,,,
UNEMPLOYMENT_RATE,BLS,2023-11-03,08:30 ET,October 2023,3.9,3.8,,,,2023-11-03,BLS Employment Situation,https://www.bls.gov/news.release/archives/empsit_20231103.htm,,,,,,,,,,,,,,,,,,,,,,,,,,,,,,,,,,,
CORE_CPI,BLS,2023-11-14,08:30 ET,October 2023,0.2,0.2,,,,2023-11-14,BLS CPI News Release,https://www.bls.gov/news.release/archives/cpi_20231114.htm,,,,,,,,,,,,,,,,,,,,,,,,,,,,,,,,,,,
CPI,BLS,2023-11-14,08:30 ET,October 2023,0.0,0.4,,,,2023-11-14,BLS CPI News Release,https://www.bls.gov/news.release/archives/cpi_20231114.htm,,,,,,,,,,,,,,,,,,,,,,,,,,,,,,,,,,,
GDP,BEA,2023-11-29,08:30 ET,Q3 2023 — Second Estimate,5.2,4.9,0.3,,,2023-11-29,U.S. Bureau of Economic Analysis — GDP,https://www.bea.gov/news/2023/gross-domestic-product-second-estimate-corporate-profits-preliminary-estimate-third,,,,,,,,,,,,,,,,,,,,,,,,,,,,,,,,,,,
ISM_MANUFACTURING_PMI,ISM,2023-12-01,10:00 ET,November 2023,46.7,46.7,,,,2023-12-01,ISM Manufacturing ISM Report On Business,https://www.ismworld.org/supply-management-news-and-reports/reports/ism-report-on-business/pmi/december/,,,,,,,,,,,,,,,,,,,,,,,,,,,,,,,,,,,
NFP,BLS,2023-12-08,08:30 ET,November 2023,199000.0,,,,,2023-12-08,BLS Employment Situation,https://www.bls.gov/news.release/archives/empsit_20231208.htm,,,,,,,,,,,,,,,,,,,,,,,,,,,,,,,,,,,
UNEMPLOYMENT_RATE,BLS,2023-12-08,08:30 ET,November 2023,3.7,3.9,,,,2023-12-08,BLS Employment Situation,https://www.bls.gov/news.release/archives/empsit_20231208.htm,,,,,,,,,,,,,,,,,,,,,,,,,,,,,,,,,,,
CORE_CPI,BLS,2023-12-12,08:30 ET,November 2023,0.3,0.2,,,,2023-12-12,BLS CPI News Release,https://www.bls.gov/news.release/archives/cpi_20231212.htm,,,,,,,,,,,,,,,,,,,,,,,,,,,,,,,,,,,
CPI,BLS,2023-12-12,08:30 ET,November 2023,0.1,0.0,,,,2023-12-12,BLS CPI News Release,https://www.bls.gov/news.release/archives/cpi_20231212.htm,,,,,,,,,,,,,,,,,,,,,,,,,,,,,,,,,,,
GDP,BEA,2023-12-21,08:30 ET,Q3 2023 — Third Estimate,4.9,5.2,-0.3,,,2023-12-21,U.S. Bureau of Economic Analysis — GDP,https://www.bea.gov/news/2023/gross-domestic-product-third-estimate-corporate-profits-revised-estimate-and-gdp,,,,,,,,,,,,,,,,,,,,,,,,,,,,,,,,,,,
ISM_MANUFACTURING_PMI,ISM,2024-01-03,10:00 ET,December 2023,47.4,46.7,,,,2024-01-03,ISM Manufacturing ISM Report On Business,https://www.ismworld.org/supply-management-news-and-reports/reports/ism-report-on-business/pmi/january/,,,,,,,,,,,,,,,,,,,,,,,,,,,,,,,,,,,
NFP,BLS,2024-01-05,08:30 ET,December 2023,216000.0,,,,,2024-01-05,BLS Employment Situation,https://www.bls.gov/news.release/archives/empsit_20240105.htm,,,,,,,,,,,,,,,,,,,,,,,,,,,,,,,,,,,
UNEMPLOYMENT_RATE,BLS,2024-01-05,08:30 ET,December 2023,3.7,3.7,,,,2024-01-05,BLS Employment Situation,https://www.bls.gov/news.release/archives/empsit_20240105.htm,,,,,,,,,,,,,,,,,,,,,,,,,,,,,,,,,,,
CORE_CPI,BLS,2024-01-11,08:30 ET,December 2023,0.3,0.3,,,,2024-01-11,BLS CPI News Release,https://www.bls.gov/news.release/archives/cpi_20240111.htm,,,,,,,,,,,,,,,,,,,,,,,,,,,,,,,,,,,
CPI,BLS,2024-01-11,08:30 ET,December 2023,0.3,0.1,,,,2024-01-11,BLS CPI News Release,https://www.bls.gov/news.release/archives/cpi_20240111.htm,,,,,,,,,,,,,,,,,,,,,,,,,,,,,,,,,,,
NFP,BLS,2024-02-02,08:30 ET,January 2024,353000.0,216000.0,,,,2024-02-02,BLS News Release,https://www.bls.gov/news.release/archives/empsit_02022024.htm,,,,,,,,,,,,,,,,,,,,,,,,,,,,,,,,,,,
UNEMPLOYMENT_RATE,BLS,2024-02-02,08:30 ET,January 2024,3.7,3.7,,,,2024-02-02,BLS News Release,https://www.bls.gov/news.release/archives/empsit_02022024.htm,,,,,,,,,,,,,,,,,,,,,,,,,,,,,,,,,,,
CORE_CPI,BLS,2024-02-13,08:30 ET,January 2024,0.4,0.3,,,,2024-02-13,BLS News Release,https://www.bls.gov/news.release/archives/cpi_02132024.htm,,,,,,,,,,,,,,,,,,,,,,,,,,,,,,,,,,,
CPI,BLS,2024-02-13,08:30 ET,January 2024,0.3,0.3,,,,2024-02-13,BLS News Release,https://www.bls.gov/news.release/archives/cpi_02132024.htm,,,,,,,,,,,,,,,,,,,,,,,,,,,,,,,,,,,
CORE_PCE,BEA,2024-02-29,8:30 EST,January 2024,0.4,,,,,2024-02-29,U.S. Bureau of Economic Analysis — Personal Income and Outlays,https://www.bea.gov/news/2024/personal-income-and-outlays-january-2024,0.4,,,Original BEA Personal Income and Outlays release; monthly change as published.,,,,,,,,,,,,,,,,,,,,,,,,,,,,,,,
PCE_PRICE_INDEX,BEA,2024-02-29,8:30 EST,January 2024,0.3,,,,,2024-02-29,U.S. Bureau of Economic Analysis — Personal Income and Outlays,https://www.bea.gov/news/2024/personal-income-and-outlays-january-2024,0.3,,,Original BEA Personal Income and Outlays release; monthly change as published.,,,,,,,,,,,,,,,,,,,,,,,,,,,,,,,
NFP,BLS,2024-03-08,08:30 ET,February 2024,275000.0,353000.0,,,,2024-03-08,BLS News Release,https://www.bls.gov/news.release/archives/empsit_03082024.htm,,,,,,,,,,,,,,,,,,,,,,,,,,,,,,,,,,,
UNEMPLOYMENT_RATE,BLS,2024-03-08,08:30 ET,February 2024,3.9,3.7,,,,2024-03-08,BLS News Release,https://www.bls.gov/news.release/archives/empsit_03082024.htm,,,,,,,,,,,,,,,,,,,,,,,,,,,,,,,,,,,
CORE_CPI,BLS,2024-03-12,08:30 ET,February 2024,0.4,0.4,,,,2024-03-12,BLS News Release,https://www.bls.gov/news.release/archives/cpi_03122024.htm,,,,,,,,,,,,,,,,,,,,,,,,,,,,,,,,,,,
CPI,BLS,2024-03-12,08:30 ET,February 2024,0.4,0.3,,,,2024-03-12,BLS News Release,https://www.bls.gov/news.release/archives/cpi_03122024.htm,,,,,,,,,,,,,,,,,,,,,,,,,,,,,,,,,,,
CORE_PCE,BEA,2024-03-29,8:30 EDT,February 2024,0.3,,,,,2024-03-29,U.S. Bureau of Economic Analysis — Personal Income and Outlays,https://www.bea.gov/news/2024/personal-income-and-outlays-february-2024,0.3,,,Original BEA Personal Income and Outlays release; monthly change as published.,,,,,,,,,,,,,,,,,,,,,,,,,,,,,,,
PCE_PRICE_INDEX,BEA,2024-03-29,8:30 EDT,February 2024,0.3,,,,,2024-03-29,U.S. Bureau of Economic Analysis — Personal Income and Outlays,https://www.bea.gov/news/2024/personal-income-and-outlays-february-2024,0.3,,,Original BEA Personal Income and Outlays release; monthly change as published.,,,,,,,,,,,,,,,,,,,,,,,,,,,,,,,
NFP,BLS,2024-04-05,08:30 ET,March 2024,303000.0,275000.0,,,,2024-04-05,BLS News Release,https://www.bls.gov/news.release/archives/empsit_04052024.htm,,,,,,,,,,,,,,,,,,,,,,,,,,,,,,,,,,,
UNEMPLOYMENT_RATE,BLS,2024-04-05,08:30 ET,March 2024,3.8,3.9,,,,2024-04-05,BLS News Release,https://www.bls.gov/news.release/archives/empsit_04052024.htm,,,,,,,,,,,,,,,,,,,,,,,,,,,,,,,,,,,
CORE_CPI,BLS,2024-04-10,08:30 ET,March 2024,0.4,0.4,,,,2024-04-10,BLS News Release,https://www.bls.gov/news.release/archives/cpi_04102024.htm,,,,,,,,,,,,,,,,,,,,,,,,,,,,,,,,,,,
CPI,BLS,2024-04-10,08:30 ET,March 2024,0.4,0.4,,,,2024-04-10,BLS News Release,https://www.bls.gov/news.release/archives/cpi_04102024.htm,,,,,,,,,,,,,,,,,,,,,,,,,,,,,,,,,,,
GDP,BEA,2024-04-25,08:30 ET,Q1 2024 — Advance Estimate,1.6,,,,,2024-04-25,BEA GDP News Release,https://www.bea.gov/news/2024/gross-domestic-product-first-quarter-2024-advance-estimate,,,,,,,,,,,,,,,,,,,,,,,,,,,,,,,,,,,
CORE_PCE,BEA,2024-04-26,8:30 EDT,March 2024,0.3,,,,,2024-04-26,U.S. Bureau of Economic Analysis — Personal Income and Outlays,https://www.bea.gov/news/2024/personal-income-and-outlays-march-2024,0.3,,,Original BEA Personal Income and Outlays release; monthly change as published.,,,,,,,,,,,,,,,,,,,,,,,,,,,,,,,
PCE_PRICE_INDEX,BEA,2024-04-26,8:30 EDT,March 2024,0.3,,,,,2024-04-26,U.S. Bureau of Economic Analysis — Personal Income and Outlays,https://www.bea.gov/news/2024/personal-income-and-outlays-march-2024,0.3,,,Original BEA Personal Income and Outlays release; monthly change as published.,,,,,,,,,,,,,,,,,,,,,,,,,,,,,,,
NFP,BLS,2024-05-03,08:30 ET,April 2024,175000.0,303000.0,,,,2024-05-03,BLS News Release,https://www.bls.gov/news.release/archives/empsit_05032024.htm,,,,,,,,,,,,,,,,,,,,,,,,,,,,,,,,,,,
UNEMPLOYMENT_RATE,BLS,2024-05-03,08:30 ET,April 2024,3.9,3.8,,,,2024-05-03,BLS News Release,https://www.bls.gov/news.release/archives/empsit_05032024.htm,,,,,,,,,,,,,,,,,,,,,,,,,,,,,,,,,,,
CORE_CPI,BLS,2024-05-15,08:30 ET,April 2024,0.3,0.4,,,,2024-05-15,BLS News Release,https://www.bls.gov/news.release/archives/cpi_05152024.htm,,,,,,,,,,,,,,,,,,,,,,,,,,,,,,,,,,,
CPI,BLS,2024-05-15,08:30 ET,April 2024,0.3,0.4,,,,2024-05-15,BLS News Release,https://www.bls.gov/news.release/archives/cpi_05152024.htm,,,,,,,,,,,,,,,,,,,,,,,,,,,,,,,,,,,
GDP,BEA,2024-05-30,08:30 ET,Q1 2024 — Second Estimate,1.3,1.6,-0.3,,,2024-05-30,BEA GDP News Release,https://www.bea.gov/news/2024/gross-domestic-product-first-quarter-2024-second-estimate-corporate-profits-preliminary,,,,,,,,,,,,,,,,,,,,,,,,,,,,,,,,,,,
CORE_PCE,BEA,2024-05-31,8:30 EDT,April 2024,0.2,,,,,2024-05-31,U.S. Bureau of Economic Analysis — Personal Income and Outlays,https://www.bea.gov/news/2024/personal-income-and-outlays-april-2024,0.2,,,Original BEA Personal Income and Outlays release; monthly change as published.,,,,,,,,,,,,,,,,,,,,,,,,,,,,,,,
PCE_PRICE_INDEX,BEA,2024-05-31,8:30 EDT,April 2024,0.3,,,,,2024-05-31,U.S. Bureau of Economic Analysis — Personal Income and Outlays,https://www.bea.gov/news/2024/personal-income-and-outlays-april-2024,0.3,,,Original BEA Personal Income and Outlays release; monthly change as published.,,,,,,,,,,,,,,,,,,,,,,,,,,,,,,,
NFP,BLS,2024-06-07,08:30 ET,May 2024,272000.0,175000.0,,,,2024-06-07,BLS News Release,https://www.bls.gov/news.release/archives/empsit_06072024.htm,,,,,,,,,,,,,,,,,,,,,,,,,,,,,,,,,,,
UNEMPLOYMENT_RATE,BLS,2024-06-07,08:30 ET,May 2024,4.0,3.9,,,,2024-06-07,BLS News Release,https://www.bls.gov/news.release/archives/empsit_06072024.htm,,,,,,,,,,,,,,,,,,,,,,,,,,,,,,,,,,,
CORE_CPI,BLS,2024-06-12,08:30 ET,May 2024,0.2,0.3,,,,2024-06-12,BLS News Release,https://www.bls.gov/news.release/archives/cpi_06122024.htm,,,,,,,,,,,,,,,,,,,,,,,,,,,,,,,,,,,
CPI,BLS,2024-06-12,08:30 ET,May 2024,0.0,0.3,,,,2024-06-12,BLS News Release,https://www.bls.gov/news.release/archives/cpi_06122024.htm,,,,,,,,,,,,,,,,,,,,,,,,,,,,,,,,,,,
GDP,BEA,2024-06-27,08:30 ET,Q1 2024 — Third Estimate,1.4,1.3,0.1,,,2024-06-27,BEA GDP News Release,https://www.bea.gov/news/2024/gross-domestic-product-third-estimate-corporate-profits-revised-estimate-and-gdp-industry,,,,,,,,,,,,,,,,,,,,,,,,,,,,,,,,,,,
NFP,BLS,2024-07-05,08:30 ET,June 2024,206000.0,272000.0,,,,2024-07-05,BLS News Release,https://www.bls.gov/news.release/archives/empsit_07052024.htm,,,,,,,,,,,,,,,,,,,,,,,,,,,,,,,,,,,
UNEMPLOYMENT_RATE,BLS,2024-07-05,08:30 ET,June 2024,4.1,4.0,,,,2024-07-05,BLS News Release,https://www.bls.gov/news.release/archives/empsit_07052024.htm,,,,,,,,,,,,,,,,,,,,,,,,,,,,,,,,,,,
CORE_CPI,BLS,2024-07-11,08:30 ET,June 2024,0.1,0.2,,,,2024-07-11,BLS News Release,https://www.bls.gov/news.release/archives/cpi_07112024.htm,,,,,,,,,,,,,,,,,,,,,,,,,,,,,,,,,,,
CPI,BLS,2024-07-11,08:30 ET,June 2024,0.1,0.0,,,,2024-07-11,BLS News Release,https://www.bls.gov/news.release/archives/cpi_07112024.htm,,,,,,,,,,,,,,,,,,,,,,,,,,,,,,,,,,,
GDP,BEA,2024-07-25,08:30 ET,Q2 2024 — Advance Estimate,2.8,,,,,2024-07-25,BEA GDP News Release,https://www.bea.gov/news/2024/gross-domestic-product-second-quarter-2024-advance-estimate,,,,,,,,,,,,,,,,,,,,,,,,,,,,,,,,,,,
CORE_PCE,BEA,2024-07-26,8:30 EDT,June 2024,0.2,,,,,2024-07-26,U.S. Bureau of Economic Analysis — Personal Income and Outlays,https://www.bea.gov/news/2024/personal-income-and-outlays-june-2024,0.2,,,Original BEA Personal Income and Outlays release; monthly change as published.,,,,,,,,,,,,,,,,,,,,,,,,,,,,,,,
PCE_PRICE_INDEX,BEA,2024-07-26,8:30 EDT,June 2024,0.1,,,,,2024-07-26,U.S. Bureau of Economic Analysis — Personal Income and Outlays,https://www.bea.gov/news/2024/personal-income-and-outlays-june-2024,0.1,,,Original BEA Personal Income and Outlays release; monthly change as published.,,,,,,,,,,,,,,,,,,,,,,,,,,,,,,,
NFP,BLS,2024-08-02,08:30 ET,July 2024,114000.0,206000.0,,,,2024-08-02,BLS News Release,https://www.bls.gov/news.release/archives/empsit_08022024.htm,,,,,,,,,,,,,,,,,,,,,,,,,,,,,,,,,,,
UNEMPLOYMENT_RATE,BLS,2024-08-02,08:30 ET,July 2024,4.3,4.1,,,,2024-08-02,BLS News Release,https://www.bls.gov/news.release/archives/empsit_08022024.htm,,,,,,,,,,,,,,,,,,,,,,,,,,,,,,,,,,,
CORE_CPI,BLS,2024-08-14,08:30 ET,July 2024,0.2,0.1,,,,2024-08-14,BLS News Release,https://www.bls.gov/news.release/archives/cpi_08142024.htm,,,,,,,,,,,,,,,,,,,,,,,,,,,,,,,,,,,
CPI,BLS,2024-08-14,08:30 ET,July 2024,0.2,0.1,,,,2024-08-14,BLS News Release,https://www.bls.gov/news.release/archives/cpi_08142024.htm,,,,,,,,,,,,,,,,,,,,,,,,,,,,,,,,,,,
GDP,BEA,2024-08-29,08:30 ET,Q2 2024 — Second Estimate,3.0,2.8,0.2,,,2024-08-29,BEA GDP News Release,https://www.bea.gov/news/2024/gross-domestic-product-second-quarter-2024-second-estimate-corporate-profits-preliminary,,,,,,,,,,,,,,,,,,,,,,,,,,,,,,,,,,,
CORE_PCE,BEA,2024-08-30,8:30 EDT,July 2024,0.2,,,,,2024-08-30,U.S. Bureau of Economic Analysis — Personal Income and Outlays,https://www.bea.gov/news/2024/personal-income-and-outlays-july-2024,0.2,,,Original BEA Personal Income and Outlays release; monthly change as published.,,,,,,,,,,,,,,,,,,,,,,,,,,,,,,,
PCE_PRICE_INDEX,BEA,2024-08-30,8:30 EDT,July 2024,0.2,,,,,2024-08-30,U.S. Bureau of Economic Analysis — Personal Income and Outlays,https://www.bea.gov/news/2024/personal-income-and-outlays-july-2024,0.2,,,Original BEA Personal Income and Outlays release; monthly change as published.,,,,,,,,,,,,,,,,,,,,,,,,,,,,,,,
NFP,BLS,2024-09-06,08:30 ET,August 2024,142000.0,114000.0,,,,2024-09-06,BLS News Release,https://www.bls.gov/news.release/archives/empsit_09062024.htm,,,,,,,,,,,,,,,,,,,,,,,,,,,,,,,,,,,
UNEMPLOYMENT_RATE,BLS,2024-09-06,08:30 ET,August 2024,4.2,4.3,,,,2024-09-06,BLS News Release,https://www.bls.gov/news.release/archives/empsit_09062024.htm,,,,,,,,,,,,,,,,,,,,,,,,,,,,,,,,,,,
CORE_CPI,BLS,2024-09-11,08:30 ET,August 2024,0.3,0.2,,,,2024-09-11,BLS News Release,https://www.bls.gov/news.release/archives/cpi_09112024.htm,,,,,,,,,,,,,,,,,,,,,,,,,,,,,,,,,,,
CPI,BLS,2024-09-11,08:30 ET,August 2024,0.2,0.2,,,,2024-09-11,BLS News Release,https://www.bls.gov/news.release/archives/cpi_09112024.htm,,,,,,,,,,,,,,,,,,,,,,,,,,,,,,,,,,,
GDP,BEA,2024-09-26,08:30 ET,Q2 2024 — Third Estimate,3.0,3.0,0.0,,,2024-09-26,BEA GDP News Release,https://www.bea.gov/news/2024/gross-domestic-product-third-estimate-corporate-profits-revised-estimate-and-gdp-0,,,,,,,,,,,,,,,,,,,,,,,,,,,,,,,,,,,
CORE_PCE,BEA,2024-09-27,8:30 EDT,August 2024,0.1,,,,,2024-09-27,U.S. Bureau of Economic Analysis — Personal Income and Outlays,https://www.bea.gov/news/2024/personal-income-and-outlays-august-2024,0.1,,,Original BEA Personal Income and Outlays release; monthly change as published.,,,,,,,,,,,,,,,,,,,,,,,,,,,,,,,
PCE_PRICE_INDEX,BEA,2024-09-27,8:30 EDT,August 2024,0.1,,,,,2024-09-27,U.S. Bureau of Economic Analysis — Personal Income and Outlays,https://www.bea.gov/news/2024/personal-income-and-outlays-august-2024,0.1,,,Original BEA Personal Income and Outlays release; monthly change as published.,,,,,,,,,,,,,,,,,,,,,,,,,,,,,,,
NFP,BLS,2024-10-04,08:30 ET,September 2024,254000.0,142000.0,,,,2024-10-04,BLS News Release,https://www.bls.gov/news.release/archives/empsit_10042024.htm,,,,,,,,,,,,,,,,,,,,,,,,,,,,,,,,,,,
UNEMPLOYMENT_RATE,BLS,2024-10-04,08:30 ET,September 2024,4.1,4.2,,,,2024-10-04,BLS News Release,https://www.bls.gov/news.release/archives/empsit_10042024.htm,,,,,,,,,,,,,,,,,,,,,,,,,,,,,,,,,,,
CORE_CPI,BLS,2024-10-10,08:30 ET,September 2024,0.2,0.2,,,,2024-10-10,BLS News Release,https://www.bls.gov/news.release/archives/cpi_10102024.htm,,,,,,,,,,,,,,,,,,,,,,,,,,,,,,,,,,,
CPI,BLS,2024-10-10,08:30 ET,September 2024,0.2,0.2,,,,2024-10-10,BLS News Release,https://www.bls.gov/news.release/archives/cpi_10102024.htm,,,,,,,,,,,,,,,,,,,,,,,,,,,,,,,,,,,
GDP,BEA,2024-10-30,08:30 ET,Q3 2024 — Advance Estimate,2.8,,,,,2024-10-30,BEA GDP News Release,https://www.bea.gov/news/2024/gross-domestic-product-third-quarter-2024-advance-estimate,,,,,,,,,,,,,,,,,,,,,,,,,,,,,,,,,,,
CORE_PCE,BEA,2024-10-31,8:30 EDT,September 2024,0.3,,,,,2024-10-31,U.S. Bureau of Economic Analysis — Personal Income and Outlays,https://www.bea.gov/news/2024/personal-income-and-outlays-september-2024,0.3,,,Original BEA Personal Income and Outlays release; monthly change as published.,,,,,,,,,,,,,,,,,,,,,,,,,,,,,,,
PCE_PRICE_INDEX,BEA,2024-10-31,8:30 EDT,September 2024,0.2,,,,,2024-10-31,U.S. Bureau of Economic Analysis — Personal Income and Outlays,https://www.bea.gov/news/2024/personal-income-and-outlays-september-2024,0.2,,,Original BEA Personal Income and Outlays release; monthly change as published.,,,,,,,,,,,,,,,,,,,,,,,,,,,,,,,
NFP,BLS,2024-11-01,08:30 ET,October 2024,12000.0,254000.0,,,,2024-11-01,BLS News Release,https://www.bls.gov/news.release/archives/empsit_11012024.htm,,,,,,,,,,,,,,,,,,,,,,,,,,,,,,,,,,,
UNEMPLOYMENT_RATE,BLS,2024-11-01,08:30 ET,October 2024,4.1,4.1,,,,2024-11-01,BLS News Release,https://www.bls.gov/news.release/archives/empsit_11012024.htm,,,,,,,,,,,,,,,,,,,,,,,,,,,,,,,,,,,
CORE_CPI,BLS,2024-11-13,08:30 ET,October 2024,0.3,0.2,,,,2024-11-13,BLS News Release,https://www.bls.gov/news.release/archives/cpi_11132024.htm,,,,,,,,,,,,,,,,,,,,,,,,,,,,,,,,,,,
CPI,BLS,2024-11-13,08:30 ET,October 2024,0.2,0.2,,,,2024-11-13,BLS News Release,https://www.bls.gov/news.release/archives/cpi_11132024.htm,,,,,,,,,,,,,,,,,,,,,,,,,,,,,,,,,,,
CORE_PCE,BEA,2024-11-27,10:00 EST,October 2024,0.3,,,,,2024-11-27,U.S. Bureau of Economic Analysis — Personal Income and Outlays,https://www.bea.gov/news/2024/personal-income-and-outlays-october-2024,0.3,,,Original BEA Personal Income and Outlays release; monthly change as published.,,,,,,,,,,,,,,,,,,,,,,,,,,,,,,,
GDP,BEA,2024-11-27,08:30 ET,Q3 2024 — Second Estimate,2.8,2.8,0.0,,,2024-11-27,BEA GDP News Release,https://www.bea.gov/news/2024/gross-domestic-product-third-quarter-2024-second-estimate-and-corporate-profits,,,,,,,,,,,,,,,,,,,,,,,,,,,,,,,,,,,
PCE_PRICE_INDEX,BEA,2024-11-27,10:00 EST,October 2024,0.2,,,,,2024-11-27,U.S. Bureau of Economic Analysis — Personal Income and Outlays,https://www.bea.gov/news/2024/personal-income-and-outlays-october-2024,0.2,,,Original BEA Personal Income and Outlays release; monthly change as published.,,,,,,,,,,,,,,,,,,,,,,,,,,,,,,,
NFP,BLS,2024-12-06,08:30 ET,November 2024,227000.0,12000.0,,,,2024-12-06,BLS News Release,https://www.bls.gov/news.release/archives/empsit_12062024.htm,,,,,,,,,,,,,,,,,,,,,,,,,,,,,,,,,,,
UNEMPLOYMENT_RATE,BLS,2024-12-06,08:30 ET,November 2024,4.2,4.1,,,,2024-12-06,BLS News Release,https://www.bls.gov/news.release/archives/empsit_12062024.htm,,,,,,,,,,,,,,,,,,,,,,,,,,,,,,,,,,,
CORE_CPI,BLS,2024-12-11,08:30 ET,November 2024,0.3,0.3,,,,2024-12-11,BLS News Release,https://www.bls.gov/news.release/archives/cpi_12112024.htm,,,,,,,,,,,,,,,,,,,,,,,,,,,,,,,,,,,
CPI,BLS,2024-12-11,08:30 ET,November 2024,0.3,0.2,,,,2024-12-11,BLS News Release,https://www.bls.gov/news.release/archives/cpi_12112024.htm,,,,,,,,,,,,,,,,,,,,,,,,,,,,,,,,,,,
GDP,BEA,2024-12-19,08:30 ET,Q3 2024 — Third Estimate,3.1,2.8,0.3,,,2024-12-19,BEA GDP News Release,https://www.bea.gov/news/2024/gross-domestic-product-third-estimate-corporate-profits-revised-estimate-and-gdp-1,,,,,,,,,,,,,,,,,,,,,,,,,,,,,,,,,,,
CORE_PCE,BEA,2024-12-20,8:30 EST,November 2024,0.1,,,,,2024-12-20,U.S. Bureau of Economic Analysis — Personal Income and Outlays,https://www.bea.gov/news/2024/personal-income-and-outlays-november-2024,0.1,,,Original BEA Personal Income and Outlays release; monthly change as published.,,,,,,,,,,,,,,,,,,,,,,,,,,,,,,,
PCE_PRICE_INDEX,BEA,2024-12-20,8:30 EST,November 2024,0.1,,,,,2024-12-20,U.S. Bureau of Economic Analysis — Personal Income and Outlays,https://www.bea.gov/news/2024/personal-income-and-outlays-november-2024,0.1,,,Original BEA Personal Income and Outlays release; monthly change as published.,,,,,,,,,,,,,,,,,,,,,,,,,,,,,,,
ISM_MANUFACTURING_PMI,ISM,2025-01-03,10:00 ET,January 2025,50.9,,,,,2025-01-03,Institute for Supply Management — Manufacturing PMI,https://www.ismworld.org/supply-management-news-and-reports/reports/ism-pmi-reports/,,,,,,,,,,,,,,,,,,,,,,,,,,,,,,,,,,,
INITIAL_JOBLESS_CLAIMS,DOL,2025-01-08,08:30 ET,"Week ending January 4, 2025",201000.0,,,,,2025-01-08,DOL Unemployment Insurance Weekly Claims Report,https://www.dol.gov/newsroom/releases/eta/eta20250108,,,,,,,,,,,,,,,,,,,,,,,,,,,,,,,,,,,
NFP,BLS,2025-01-10,08:30 ET,December 2024,256000.0,227000.0,,,,2025-01-10,BLS News Release,https://www.bls.gov/news.release/archives/empsit_01102025.htm,,,,,,,,,,,,,,,,,,,,,,,,,,,,,,,,,,,
UNEMPLOYMENT_RATE,BLS,2025-01-10,08:30 ET,December 2024,4.1,4.2,,,,2025-01-10,BLS News Release,https://www.bls.gov/news.release/archives/empsit_01102025.htm,,,,,,,,,,,,,,,,,,,,,,,,,,,,,,,,,,,
CORE_CPI,BLS,2025-01-15,08:30 ET,December 2024,0.2,0.3,,,,2025-01-15,BLS News Release,https://www.bls.gov/news.release/archives/cpi_01152025.htm,,,,,,,,,,,,,,,,,,,,,,,,,,,,,,,,,,,
CPI,BLS,2025-01-15,08:30 ET,December 2024,0.4,0.3,,,,2025-01-15,BLS News Release,https://www.bls.gov/news.release/archives/cpi_01152025.htm,,,,,,,,,,,,,,,,,,,,,,,,,,,,,,,,,,,
INITIAL_JOBLESS_CLAIMS,DOL,2025-01-16,08:30 ET,"Week ending January 11, 2025",217000.0,,,,,2025-01-16,DOL Unemployment Insurance Weekly Claims Report,https://www.dol.gov/newsroom/releases/eta/eta20250116,,,,,,,,,,,,,,,,,,,,,,,,,,,,,,,,,,,
INITIAL_JOBLESS_CLAIMS,DOL,2025-01-23,08:30 ET,"Week ending January 18, 2025",223000.0,,,,,2025-01-23,DOL Unemployment Insurance Weekly Claims Report,https://www.dol.gov/newsroom/releases/eta/eta20250123,,,,,,,,,,,,,,,,,,,,,,,,,,,,,,,,,,,
GDP,BEA,2025-01-30,08:30 ET,Q4 2024 — Advance Estimate,2.3,,,,,2025-01-30,BEA GDP News Release,https://www.bea.gov/news/2025/gross-domestic-product-4th-quarter-and-year-2024-advance-estimate,,,,,,,,,,,,,,,,,,,,,,,,,,,,,,,,,,,
INITIAL_JOBLESS_CLAIMS,DOL,2025-01-30,08:30 ET,"Week ending January 25, 2025",207000.0,,,,,2025-01-30,DOL Unemployment Insurance Weekly Claims Report,https://www.dol.gov/newsroom/releases/eta/eta20250130,,,,,,,,,,,,,,,,,,,,,,,,,,,,,,,,,,,
ISM_MANUFACTURING_PMI,ISM,2025-02-03,10:00 ET,February 2025,50.3,,,,,2025-02-03,Institute for Supply Management — Manufacturing PMI,https://www.ismworld.org/supply-management-news-and-reports/reports/ism-pmi-reports/,,,,,,,,,,,,,,,,,,,,,,,,,,,,,,,,,,,
INITIAL_JOBLESS_CLAIMS,DOL,2025-02-06,08:30 ET,"Week ending February 1, 2025",219000.0,,,,,2025-02-06,DOL Unemployment Insurance Weekly Claims Report,https://www.dol.gov/newsroom/releases/eta/eta20250206,,,,,,,,,,,,,,,,,,,,,,,,,,,,,,,,,,,
NFP,BLS,2025-02-07,08:30 ET,2025-01,143000.0,,,,,2025-02-07,U.S. Bureau of Labor Statistics — Employment Situation,https://www.bls.gov/news.release/archives/empsit_02072025.htm,,,,,,,,,,,,,,,,,,,,,,,,,,,,,,,,,,,
UNEMPLOYMENT_RATE,BLS,2025-02-07,08:30 ET,2025-01,4.0,,,,,2025-02-07,U.S. Bureau of Labor Statistics — Employment Situation,https://www.bls.gov/news.release/archives/empsit_02072025.htm,,,,,,,,,,,,,,,,,,,,,,,,,,,,,,,,,,,
CORE_CPI,BLS,2025-02-12,08:30 ET,2025-01,0.4,,,,,2025-02-12,U.S. Bureau of Labor Statistics — Consumer Price Index,https://www.bls.gov/news.release/archives/cpi_02122025.htm,,,,,,,,,,,,,,,,,,,,,,,,,,,,,,,,,,,
CPI,BLS,2025-02-12,08:30 ET,2025-01,0.5,,,,,2025-02-12,U.S. Bureau of Labor Statistics — Consumer Price Index,https://www.bls.gov/news.release/archives/cpi_02122025.htm,,,,,,,,,,,,,,,,,,,,,,,,,,,,,,,,,,,
INITIAL_JOBLESS_CLAIMS,DOL,2025-02-13,08:30 ET,"Week ending February 8, 2025",213000.0,,,,,2025-02-13,DOL Unemployment Insurance Weekly Claims Report,https://www.dol.gov/newsroom/releases/eta/eta20250213,,,,,,,,,,,,,,,,,,,,,,,,,,,,,,,,,,,
INITIAL_JOBLESS_CLAIMS,DOL,2025-02-20,08:30 ET,"Week ending February 15, 2025",219000.0,,,,,2025-02-20,DOL Unemployment Insurance Weekly Claims Report,https://www.dol.gov/newsroom/releases/eta/eta20250220,,,,,,,,,,,,,,,,,,,,,,,,,,,,,,,,,,,
GDP,BEA,2025-02-27,08:30 ET,Q4 2024 — Second Estimate,2.3,2.3,0.0,,,2025-02-27,BEA GDP News Release,https://www.bea.gov/news/2025/gross-domestic-product-4th-quarter-and-year-2024-second-estimate,,,,,,,,,,,,,,,,,,,,,,,,,,,,,,,,,,,
INITIAL_JOBLESS_CLAIMS,DOL,2025-02-27,08:30 ET,"Week ending February 22, 2025",242000.0,,,,,2025-02-27,DOL Unemployment Insurance Weekly Claims Report,https://www.dol.gov/newsroom/releases/eta/eta20250227,,,,,,,,,,,,,,,,,,,,,,,,,,,,,,,,,,,
CORE_PCE,BEA,2025-02-28,8:30 EST,January 2025,0.3,,,,,2025-02-28,U.S. Bureau of Economic Analysis — Personal Income and Outlays,https://www.bea.gov/news/2025/personal-income-and-outlays-january-2025,0.3,,,Original BEA Personal Income and Outlays release; monthly change as published.,,,,,,,,,,,,,,,,,,,,,,,,,,,,,,,
PCE_PRICE_INDEX,BEA,2025-02-28,8:30 EST,January 2025,0.3,,,,,2025-02-28,U.S. Bureau of Economic Analysis — Personal Income and Outlays,https://www.bea.gov/news/2025/personal-income-and-outlays-january-2025,0.3,,,Original BEA Personal Income and Outlays release; monthly change as published.,,,,,,,,,,,,,,,,,,,,,,,,,,,,,,,
ISM_MANUFACTURING_PMI,ISM,2025-03-03,10:00 ET,March 2025,49.0,,,,,2025-03-03,Institute for Supply Management — Manufacturing PMI,https://www.ismworld.org/supply-management-news-and-reports/reports/ism-pmi-reports/,,,,,,,,,,,,,,,,,,,,,,,,,,,,,,,,,,,
INITIAL_JOBLESS_CLAIMS,DOL,2025-03-06,08:30 ET,"Week ending March 1, 2025",221000.0,,,,,2025-03-06,DOL Unemployment Insurance Weekly Claims Report,https://www.dol.gov/newsroom/releases/eta/eta20250306,,,,,,,,,,,,,,,,,,,,,,,,,,,,,,,,,,,
NFP,BLS,2025-03-07,08:30 ET,2025-02,151000.0,,,,,2025-03-07,U.S. Bureau of Labor Statistics — Employment Situation,https://www.bls.gov/news.release/archives/empsit_03072025.htm,,,,,,,,,,,,,,,,,,,,,,,,,,,,,,,,,,,
UNEMPLOYMENT_RATE,BLS,2025-03-07,08:30 ET,2025-02,4.1,,,,,2025-03-07,U.S. Bureau of Labor Statistics — Employment Situation,https://www.bls.gov/news.release/archives/empsit_03072025.htm,,,,,,,,,,,,,,,,,,,,,,,,,,,,,,,,,,,
CORE_CPI,BLS,2025-03-12,08:30 ET,2025-02,0.2,,,,,2025-03-12,U.S. Bureau of Labor Statistics — Consumer Price Index,https://www.bls.gov/news.release/archives/cpi_03122025.htm,,,,,,,,,,,,,,,,,,,,,,,,,,,,,,,,,,,
CPI,BLS,2025-03-12,08:30 ET,2025-02,0.2,,,,,2025-03-12,U.S. Bureau of Labor Statistics — Consumer Price Index,https://www.bls.gov/news.release/archives/cpi_03122025.htm,,,,,,,,,,,,,,,,,,,,,,,,,,,,,,,,,,,
INITIAL_JOBLESS_CLAIMS,DOL,2025-03-13,08:30 ET,"Week ending March 8, 2025",220000.0,,,,,2025-03-13,DOL Unemployment Insurance Weekly Claims Report,https://www.dol.gov/newsroom/releases/eta/eta20250313,,,,,,,,,,,,,,,,,,,,,,,,,,,,,,,,,,,
INITIAL_JOBLESS_CLAIMS,DOL,2025-03-20,08:30 ET,"Week ending March 15, 2025",223000.0,,,,,2025-03-20,DOL Unemployment Insurance Weekly Claims Report,https://www.dol.gov/newsroom/releases/eta/eta20250320,,,,,,,,,,,,,,,,,,,,,,,,,,,,,,,,,,,
GDP,BEA,2025-03-27,08:30 ET,Q4 2024 — Third Estimate,2.4,2.3,0.1,,,2025-03-27,BEA GDP News Release,https://www.bea.gov/news/2025/gross-domestic-product-4th-quarter-and-year-2024-third-estimate-gdp-industry-and,,,,,,,,,,,,,,,,,,,,,,,,,,,,,,,,,,,
INITIAL_JOBLESS_CLAIMS,DOL,2025-03-27,08:30 ET,"Week ending March 22, 2025",224000.0,,,,,2025-03-27,DOL Unemployment Insurance Weekly Claims Report,https://www.dol.gov/newsroom/releases/eta/eta20250327,,,,,,,,,,,,,,,,,,,,,,,,,,,,,,,,,,,
CORE_PCE,BEA,2025-03-28,8:30 EDT,February 2025,0.4,,,,,2025-03-28,U.S. Bureau of Economic Analysis — Personal Income and Outlays,https://www.bea.gov/news/2025/personal-income-and-outlays-february-2025,0.4,,,Original BEA Personal Income and Outlays release; monthly change as published.,,,,,,,,,,,,,,,,,,,,,,,,,,,,,,,
PCE_PRICE_INDEX,BEA,2025-03-28,8:30 EDT,February 2025,0.3,,,,,2025-03-28,U.S. Bureau of Economic Analysis — Personal Income and Outlays,https://www.bea.gov/news/2025/personal-income-and-outlays-february-2025,0.3,,,Original BEA Personal Income and Outlays release; monthly change as published.,,,,,,,,,,,,,,,,,,,,,,,,,,,,,,,
ISM_MANUFACTURING_PMI,ISM,2025-04-01,10:00 ET,April 2025,48.7,,,,,2025-04-01,Institute for Supply Management — Manufacturing PMI,https://www.ismworld.org/supply-management-news-and-reports/reports/ism-pmi-reports/,,,,,,,,,,,,,,,,,,,,,,,,,,,,,,,,,,,
INITIAL_JOBLESS_CLAIMS,DOL,2025-04-03,08:30 ET,"Week ending March 29, 2025",219000.0,,,,,2025-04-03,DOL Unemployment Insurance Weekly Claims Report,https://www.dol.gov/newsroom/releases/eta/eta20250403,,,,,,,,,,,,,,,,,,,,,,,,,,,,,,,,,,,
NFP,BLS,2025-04-04,08:30 ET,2025-03,228000.0,,,,,2025-04-04,U.S. Bureau of Labor Statistics — Employment Situation,https://www.bls.gov/news.release/archives/empsit_04042025.htm,,,,,,,,,,,,,,,,,,,,,,,,,,,,,,,,,,,
UNEMPLOYMENT_RATE,BLS,2025-04-04,08:30 ET,2025-03,4.2,,,,,2025-04-04,U.S. Bureau of Labor Statistics — Employment Situation,https://www.bls.gov/news.release/archives/empsit_04042025.htm,,,,,,,,,,,,,,,,,,,,,,,,,,,,,,,,,,,
CORE_CPI,BLS,2025-04-10,08:30 ET,2025-03,0.1,,,,,2025-04-10,U.S. Bureau of Labor Statistics — Consumer Price Index,https://www.bls.gov/news.release/archives/cpi_04102025.htm,,,,,,,,,,,,,,,,,,,,,,,,,,,,,,,,,,,
CPI,BLS,2025-04-10,08:30 ET,2025-03,-0.1,,,,,2025-04-10,U.S. Bureau of Labor Statistics — Consumer Price Index,https://www.bls.gov/news.release/archives/cpi_04102025.htm,,,,,,,,,,,,,,,,,,,,,,,,,,,,,,,,,,,
INITIAL_JOBLESS_CLAIMS,DOL,2025-04-10,08:30 ET,"Week ending April 5, 2025",223000.0,,,,,2025-04-10,DOL Unemployment Insurance Weekly Claims Report,https://www.dol.gov/newsroom/releases/eta/eta20250410,,,,,,,,,,,,,,,,,,,,,,,,,,,,,,,,,,,
INITIAL_JOBLESS_CLAIMS,DOL,2025-04-17,08:30 ET,"Week ending April 12, 2025",215000.0,,,,,2025-04-17,DOL Unemployment Insurance Weekly Claims Report,https://www.dol.gov/newsroom/releases/eta/eta20250417,,,,,,,,,,,,,,,,,,,,,,,,,,,,,,,,,,,
INITIAL_JOBLESS_CLAIMS,DOL,2025-04-24,08:30 ET,"Week ending April 19, 2025",222000.0,,,,,2025-04-24,DOL Unemployment Insurance Weekly Claims Report,https://www.dol.gov/newsroom/releases/eta/eta20250424,,,,,,,,,,,,,,,,,,,,,,,,,,,,,,,,,,,
GDP,BEA,2025-04-30,08:30 ET,Q1 2025 — Advance Estimate,-0.3,,,,,2025-04-30,U.S. Bureau of Economic Analysis — GDP,https://www.bea.gov/news/2025/gross-domestic-product-1st-quarter-2025-advance-estimate,,,,,,,,,,,,,,,,,,,,,,,,,,,,,,,,,,,
INITIAL_JOBLESS_CLAIMS,DOL,2025-05-01,08:30 ET,"Week ending April 26, 2025",241000.0,,,,,2025-05-01,DOL Unemployment Insurance Weekly Claims Report,https://www.dol.gov/newsroom/releases/eta/eta20250501,,,,,,,,,,,,,,,,,,,,,,,,,,,,,,,,,,,
ISM_MANUFACTURING_PMI,ISM,2025-05-01,10:00 ET,May 2025,48.5,,,,,2025-05-01,Institute for Supply Management — Manufacturing PMI,https://www.ismworld.org/supply-management-news-and-reports/reports/ism-pmi-reports/,,,,,,,,,,,,,,,,,,,,,,,,,,,,,,,,,,,
NFP,BLS,2025-05-02,08:30 ET,2025-04,177000.0,,,,,2025-05-02,U.S. Bureau of Labor Statistics — Employment Situation,https://www.bls.gov/news.release/archives/empsit_05022025.htm,,,,,,,,,,,,,,,,,,,,,,,,,,,,,,,,,,,
UNEMPLOYMENT_RATE,BLS,2025-05-02,08:30 ET,2025-04,4.2,,,,,2025-05-02,U.S. Bureau of Labor Statistics — Employment Situation,https://www.bls.gov/news.release/archives/empsit_05022025.htm,,,,,,,,,,,,,,,,,,,,,,,,,,,,,,,,,,,
INITIAL_JOBLESS_CLAIMS,DOL,2025-05-08,08:30 ET,"Week ending May 3, 2025",228000.0,,,,,2025-05-08,DOL Unemployment Insurance Weekly Claims Report,https://www.dol.gov/newsroom/releases/eta/eta20250508,,,,,,,,,,,,,,,,,,,,,,,,,,,,,,,,,,,
CORE_CPI,BLS,2025-05-13,08:30 ET,2025-04,0.2,,,,,2025-05-13,U.S. Bureau of Labor Statistics — Consumer Price Index,https://www.bls.gov/news.release/archives/cpi_05132025.htm,,,,,,,,,,,,,,,,,,,,,,,,,,,,,,,,,,,
CPI,BLS,2025-05-13,08:30 ET,2025-04,0.2,,,,,2025-05-13,U.S. Bureau of Labor Statistics — Consumer Price Index,https://www.bls.gov/news.release/archives/cpi_05132025.htm,,,,,,,,,,,,,,,,,,,,,,,,,,,,,,,,,,,
INITIAL_JOBLESS_CLAIMS,DOL,2025-05-15,08:30 ET,"Week ending May 10, 2025",229000.0,,,,,2025-05-15,DOL Unemployment Insurance Weekly Claims Report,https://www.dol.gov/newsroom/releases/eta/eta20250515,,,,,,,,,,,,,,,,,,,,,,,,,,,,,,,,,,,
INITIAL_JOBLESS_CLAIMS,DOL,2025-05-22,08:30 ET,"Week ending May 17, 2025",227000.0,,,,,2025-05-22,DOL Unemployment Insurance Weekly Claims Report,https://www.dol.gov/newsroom/releases/eta/eta20250522,,,,,,,,,,,,,,,,,,,,,,,,,,,,,,,,,,,
GDP,BEA,2025-05-29,08:30 ET,Q1 2025 — Second Estimate,-0.2,,,,,2025-05-29,U.S. Bureau of Economic Analysis — GDP,https://www.bea.gov/news/2025/gross-domestic-product-second-estimate-corporate-profits-preliminary-estimate-1st-quarter,,,,,,,,,,,,,,,,,,,,,,,,,,,,,,,,,,,
INITIAL_JOBLESS_CLAIMS,DOL,2025-05-29,08:30 ET,"Week ending May 24, 2025",240000.0,,,,,2025-05-29,DOL Unemployment Insurance Weekly Claims Report,https://www.dol.gov/newsroom/releases/eta/eta20250529,,,,,,,,,,,,,,,,,,,,,,,,,,,,,,,,,,,
CORE_PCE,BEA,2025-05-30,8:30 EDT,April 2025,0.1,,,,,2025-05-30,U.S. Bureau of Economic Analysis — Personal Income and Outlays,https://www.bea.gov/news/2025/personal-income-and-outlays-april-2025,0.1,,,Original BEA Personal Income and Outlays release; monthly change as published.,,,,,,,,,,,,,,,,,,,,,,,,,,,,,,,
PCE_PRICE_INDEX,BEA,2025-05-30,8:30 EDT,April 2025,0.1,,,,,2025-05-30,U.S. Bureau of Economic Analysis — Personal Income and Outlays,https://www.bea.gov/news/2025/personal-income-and-outlays-april-2025,0.1,,,Original BEA Personal Income and Outlays release; monthly change as published.,,,,,,,,,,,,,,,,,,,,,,,,,,,,,,,
ISM_MANUFACTURING_PMI,ISM,2025-06-02,10:00 ET,June 2025,49.0,,,,,2025-06-02,Institute for Supply Management — Manufacturing PMI,https://www.ismworld.org/supply-management-news-and-reports/reports/ism-pmi-reports/,,,,,,,,,,,,,,,,,,,,,,,,,,,,,,,,,,,
INITIAL_JOBLESS_CLAIMS,DOL,2025-06-05,08:30 ET,"Week ending May 31, 2025",247000.0,,,,,2025-06-05,DOL Unemployment Insurance Weekly Claims Report,https://www.dol.gov/newsroom/releases/eta/eta20250605,,,,,,,,,,,,,,,,,,,,,,,,,,,,,,,,,,,
NFP,BLS,2025-06-06,08:30 ET,2025-05,139000.0,,,,,2025-06-06,U.S. Bureau of Labor Statistics — Employment Situation,https://www.bls.gov/news.release/archives/empsit_06062025.htm,,,,,,,,,,,,,,,,,,,,,,,,,,,,,,,,,,,
UNEMPLOYMENT_RATE,BLS,2025-06-06,08:30 ET,2025-05,4.2,,,,,2025-06-06,U.S. Bureau of Labor Statistics — Employment Situation,https://www.bls.gov/news.release/archives/empsit_06062025.htm,,,,,,,,,,,,,,,,,,,,,,,,,,,,,,,,,,,
CORE_CPI,BLS,2025-06-11,08:30 ET,2025-05,0.1,,,,,2025-06-11,U.S. Bureau of Labor Statistics — Consumer Price Index,https://www.bls.gov/news.release/archives/cpi_06112025.htm,,,,,,,,,,,,,,,,,,,,,,,,,,,,,,,,,,,
CPI,BLS,2025-06-11,08:30 ET,2025-05,0.1,,,,,2025-06-11,U.S. Bureau of Labor Statistics — Consumer Price Index,https://www.bls.gov/news.release/archives/cpi_06112025.htm,,,,,,,,,,,,,,,,,,,,,,,,,,,,,,,,,,,
INITIAL_JOBLESS_CLAIMS,DOL,2025-06-12,08:30 ET,"Week ending June 7, 2025",248000.0,,,,,2025-06-12,DOL Unemployment Insurance Weekly Claims Report,https://www.dol.gov/newsroom/releases/eta/eta20250612,,,,,,,,,,,,,,,,,,,,,,,,,,,,,,,,,,,
INITIAL_JOBLESS_CLAIMS,DOL,2025-06-18,08:30 ET,"Week ending June 14, 2025",245000.0,,,,,2025-06-18,DOL Unemployment Insurance Weekly Claims Report,https://www.dol.gov/newsroom/releases/eta/eta20250618,,,,,,,,,,,,,,,,,,,,,,,,,,,,,,,,,,,
GDP,BEA,2025-06-26,08:30 ET,Q1 2025 — Third Estimate,-0.5,,,,,2025-06-26,U.S. Bureau of Economic Analysis — GDP,https://www.bea.gov/news/2025/gross-domestic-product-1st-quarter-2025-third-estimate-gdp-industry-and-corporate-profits,,,,,,,,,,,,,,,,,,,,,,,,,,,,,,,,,,,
INITIAL_JOBLESS_CLAIMS,DOL,2025-06-26,08:30 ET,"Week ending June 21, 2025",236000.0,,,,,2025-06-26,DOL Unemployment Insurance Weekly Claims Report,https://www.dol.gov/newsroom/releases/eta/eta20250626,,,,,,,,,,,,,,,,,,,,,,,,,,,,,,,,,,,
CORE_PCE,BEA,2025-06-27,8:30 EDT,May 2025,0.2,,,,,2025-06-27,U.S. Bureau of Economic Analysis — Personal Income and Outlays,https://www.bea.gov/news/2025/personal-income-and-outlays-may-2025,0.2,,,Original BEA Personal Income and Outlays release; monthly change as published.,,,,,,,,,,,,,,,,,,,,,,,,,,,,,,,
PCE_PRICE_INDEX,BEA,2025-06-27,8:30 EDT,May 2025,0.1,,,,,2025-06-27,U.S. Bureau of Economic Analysis — Personal Income and Outlays,https://www.bea.gov/news/2025/personal-income-and-outlays-may-2025,0.1,,,Original BEA Personal Income and Outlays release; monthly change as published.,,,,,,,,,,,,,,,,,,,,,,,,,,,,,,,
ISM_MANUFACTURING_PMI,ISM,2025-07-01,10:00 ET,July 2025,48.0,,,,,2025-07-01,Institute for Supply Management — Manufacturing PMI,https://www.ismworld.org/supply-management-news-and-reports/reports/ism-pmi-reports/,,,,,,,,,,,,,,,,,,,,,,,,,,,,,,,,,,,
INITIAL_JOBLESS_CLAIMS,DOL,2025-07-03,08:30 ET,"Week ending June 28, 2025",233000.0,,,,,2025-07-03,DOL Unemployment Insurance Weekly Claims Report,https://www.dol.gov/newsroom/releases/eta/eta20250703,,,,,,,,,,,,,,,,,,,,,,,,,,,,,,,,,,,
NFP,BLS,2025-07-03,08:30 ET,2025-06,147000.0,,,,,2025-07-03,U.S. Bureau of Labor Statistics — Employment Situation,https://www.bls.gov/news.release/archives/empsit_07032025.htm,,,,,,,,,,,,,,,,,,,,,,,,,,,,,,,,,,,
UNEMPLOYMENT_RATE,BLS,2025-07-03,08:30 ET,2025-06,4.1,,,,,2025-07-03,U.S. Bureau of Labor Statistics — Employment Situation,https://www.bls.gov/news.release/archives/empsit_07032025.htm,,,,,,,,,,,,,,,,,,,,,,,,,,,,,,,,,,,
CORE_CPI,BLS,2025-07-15,08:30 ET,2025-06,0.2,,,,,2025-07-15,U.S. Bureau of Labor Statistics — Consumer Price Index,https://www.bls.gov/news.release/archives/cpi_07152025.htm,,,,,,,,,,,,,,,,,,,,,,,,,,,,,,,,,,,
CPI,BLS,2025-07-15,08:30 ET,2025-06,0.3,,,,,2025-07-15,U.S. Bureau of Labor Statistics — Consumer Price Index,https://www.bls.gov/news.release/archives/cpi_07152025.htm,,,,,,,,,,,,,,,,,,,,,,,,,,,,,,,,,,,
GDP,BEA,2025-07-30,08:30 ET,Q2 2025 — Advance Estimate,3.0,,,,,2025-07-30,U.S. Bureau of Economic Analysis — GDP,https://www.bea.gov/news/2025/gross-domestic-product-2nd-quarter-2025-advance-estimate,,,,,,,,,,,,,,,,,,,,,,,,,,,,,,,,,,,
CORE_PCE,BEA,2025-07-31,8:30 EDT,June 2025,0.3,,,,,2025-07-31,U.S. Bureau of Economic Analysis — Personal Income and Outlays,https://www.bea.gov/news/2025/personal-income-and-outlays-june-2025,0.3,,,Original BEA Personal Income and Outlays release; monthly change as published.,,,,,,,,,,,,,,,,,,,,,,,,,,,,,,,
PCE_PRICE_INDEX,BEA,2025-07-31,8:30 EDT,June 2025,0.3,,,,,2025-07-31,U.S. Bureau of Economic Analysis — Personal Income and Outlays,https://www.bea.gov/news/2025/personal-income-and-outlays-june-2025,0.3,,,Original BEA Personal Income and Outlays release; monthly change as published.,,,,,,,,,,,,,,,,,,,,,,,,,,,,,,,
ISM_MANUFACTURING_PMI,ISM,2025-08-01,10:00 ET,August 2025,48.7,,,,,2025-08-01,Institute for Supply Management — Manufacturing PMI,https://www.ismworld.org/supply-management-news-and-reports/reports/ism-pmi-reports/,,,,,,,,,,,,,,,,,,,,,,,,,,,,,,,,,,,
NFP,BLS,2025-08-01,08:30 ET,2025-07,73000.0,,,,,2025-08-01,U.S. Bureau of Labor Statistics — Employment Situation,https://www.bls.gov/news.release/archives/empsit_08012025.htm,,,,,,,,,,,,,,,,,,,,,,,,,,,,,,,,,,,
UNEMPLOYMENT_RATE,BLS,2025-08-01,08:30 ET,2025-07,4.2,,,,,2025-08-01,U.S. Bureau of Labor Statistics — Employment Situation,https://www.bls.gov/news.release/archives/empsit_08012025.htm,,,,,,,,,,,,,,,,,,,,,,,,,,,,,,,,,,,
CORE_CPI,BLS,2025-08-12,08:30 ET,2025-07,0.3,,,,,2025-08-12,U.S. Bureau of Labor Statistics — Consumer Price Index,https://www.bls.gov/news.release/archives/cpi_08122025.htm,,,,,,,,,,,,,,,,,,,,,,,,,,,,,,,,,,,
CPI,BLS,2025-08-12,08:30 ET,2025-07,0.2,,,,,2025-08-12,U.S. Bureau of Labor Statistics — Consumer Price Index,https://www.bls.gov/news.release/archives/cpi_08122025.htm,,,,,,,,,,,,,,,,,,,,,,,,,,,,,,,,,,,
GDP,BEA,2025-08-28,08:30 ET,Q2 2025 — Second Estimate,3.3,,,,,2025-08-28,U.S. Bureau of Economic Analysis — GDP,https://www.bea.gov/news/2025/gross-domestic-product-2nd-quarter-2025-second-estimate-and-corporate-profits-preliminary,,,,,,,,,,,,,,,,,,,,,,,,,,,,,,,,,,,
CORE_PCE,BEA,2025-08-29,8:30 EDT,July 2025,0.3,,,,,2025-08-29,U.S. Bureau of Economic Analysis — Personal Income and Outlays,https://www.bea.gov/news/2025/personal-income-and-outlays-july-2025,0.3,,,Original BEA Personal Income and Outlays release; monthly change as published.,,,,,,,,,,,,,,,,,,,,,,,,,,,,,,,
PCE_PRICE_INDEX,BEA,2025-08-29,8:30 EDT,July 2025,0.2,,,,,2025-08-29,U.S. Bureau of Economic Analysis — Personal Income and Outlays,https://www.bea.gov/news/2025/personal-income-and-outlays-july-2025,0.2,,,Original BEA Personal Income and Outlays release; monthly change as published.,,,,,,,,,,,,,,,,,,,,,,,,,,,,,,,
ISM_MANUFACTURING_PMI,ISM,2025-09-02,10:00 ET,September 2025,49.1,,,,,2025-09-02,Institute for Supply Management — Manufacturing PMI,https://www.ismworld.org/supply-management-news-and-reports/reports/ism-pmi-reports/,,,,,,,,,,,,,,,,,,,,,,,,,,,,,,,,,,,
NFP,BLS,2025-09-05,08:30 ET,2025-08,22000.0,,,,,2025-09-05,U.S. Bureau of Labor Statistics — Employment Situation,https://www.bls.gov/news.release/archives/empsit_09052025.htm,,,,,,,,,,,,,,,,,,,,,,,,,,,,,,,,,,,
UNEMPLOYMENT_RATE,BLS,2025-09-05,08:30 ET,2025-08,4.3,,,,,2025-09-05,U.S. Bureau of Labor Statistics — Employment Situation,https://www.bls.gov/news.release/archives/empsit_09052025.htm,,,,,,,,,,,,,,,,,,,,,,,,,,,,,,,,,,,
CORE_CPI,BLS,2025-09-11,08:30 ET,2025-08,0.3,,,,,2025-09-11,U.S. Bureau of Labor Statistics — Consumer Price Index,https://www.bls.gov/news.release/archives/cpi_09112025.htm,,,,,,,,,,,,,,,,,,,,,,,,,,,,,,,,,,,
CPI,BLS,2025-09-11,08:30 ET,2025-08,0.4,,,,,2025-09-11,U.S. Bureau of Labor Statistics — Consumer Price Index,https://www.bls.gov/news.release/archives/cpi_09112025.htm,,,,,,,,,,,,,,,,,,,,,,,,,,,,,,,,,,,
GDP,BEA,2025-09-25,08:30 ET,Q2 2025 — Third Estimate,3.8,,,,,2025-09-25,U.S. Bureau of Economic Analysis — GDP,https://www.bea.gov/news/2025/gross-domestic-product-2nd-quarter-2025-third-estimate-gdp-industry-corporate-profits,,,,,,,,,,,,,,,,,,,,,,,,,,,,,,,,,,,
CORE_PCE,BEA,2025-09-26,8:30 EDT,August 2025,0.2,,,,,2025-09-26,U.S. Bureau of Economic Analysis — Personal Income and Outlays,https://www.bea.gov/news/2025/personal-income-and-outlays-august-2025,0.2,,,Original BEA Personal Income and Outlays release; monthly change as published.,,,,,,,,,,,,,,,,,,,,,,,,,,,,,,,
PCE_PRICE_INDEX,BEA,2025-09-26,8:30 EDT,August 2025,0.3,,,,,2025-09-26,U.S. Bureau of Economic Analysis — Personal Income and Outlays,https://www.bea.gov/news/2025/personal-income-and-outlays-august-2025,0.3,,,Original BEA Personal Income and Outlays release; monthly change as published.,,,,,,,,,,,,,,,,,,,,,,,,,,,,,,,
ISM_MANUFACTURING_PMI,ISM,2025-10-01,10:00 ET,October 2025,48.7,,,,,2025-10-01,Institute for Supply Management — Manufacturing PMI,https://www.ismworld.org/supply-management-news-and-reports/reports/ism-pmi-reports/,,,,,,,,,,,,,,,,,,,,,,,,,,,,,,,,,,,
CORE_CPI,BLS,2025-10-24,08:30 ET,2025-09,0.2,,,,,2025-10-24,U.S. Bureau of Labor Statistics — Consumer Price Index,https://www.bls.gov/news.release/archives/cpi_10242025.htm,,,,,,,,,,,,,,,,,,,,,,,,,,,,,,,,,,,
CPI,BLS,2025-10-24,08:30 ET,2025-09,0.3,,,,,2025-10-24,U.S. Bureau of Labor Statistics — Consumer Price Index,https://www.bls.gov/news.release/archives/cpi_10242025.htm,,,,,,,,,,,,,,,,,,,,,,,,,,,,,,,,,,,
ISM_MANUFACTURING_PMI,ISM,2025-11-03,10:00 ET,November 2025,48.2,,,,,2025-11-03,Institute for Supply Management — Manufacturing PMI,https://www.ismworld.org/supply-management-news-and-reports/reports/ism-pmi-reports/,,,,,,,,,,,,,,,,,,,,,,,,,,,,,,,,,,,
NFP,BLS,2025-11-20,08:30 ET,2025-09,119000.0,,,,,2025-11-20,U.S. Bureau of Labor Statistics — Employment Situation,https://www.bls.gov/news.release/archives/empsit_11202025.htm,,,,,,,,,,,,,,,,,,,,,,,,,,,,,,,,,,,
UNEMPLOYMENT_RATE,BLS,2025-11-20,08:30 ET,2025-09,4.4,,,,,2025-11-20,U.S. Bureau of Labor Statistics — Employment Situation,https://www.bls.gov/news.release/archives/empsit_11202025.htm,,,,,,,,,,,,,,,,,,,,,,,,,,,,,,,,,,,
ISM_MANUFACTURING_PMI,ISM,2025-12-01,10:00 ET,December 2025,47.9,,,,,2025-12-01,Institute for Supply Management — Manufacturing PMI,https://www.ismworld.org/supply-management-news-and-reports/reports/ism-pmi-reports/,,,,,,,,,,,,,,,,,,,,,,,,,,,,,,,,,,,
CORE_PCE,BEA,2025-12-05,10:00 EST,September 2025,0.2,,,,,2025-12-05,U.S. Bureau of Economic Analysis — Personal Income and Outlays,https://www.bea.gov/news/2025/personal-income-and-outlays-september-2025,0.2,,,Original BEA Personal Income and Outlays release; monthly change as published.,,,,,,,,,,,,,,,,,,,,,,,,,,,,,,,
PCE_PRICE_INDEX,BEA,2025-12-05,10:00 EST,September 2025,0.3,,,,,2025-12-05,U.S. Bureau of Economic Analysis — Personal Income and Outlays,https://www.bea.gov/news/2025/personal-income-and-outlays-september-2025,0.3,,,Original BEA Personal Income and Outlays release; monthly change as published.,,,,,,,,,,,,,,,,,,,,,,,,,,,,,,,
NFP,BLS,2025-12-16,08:30 ET,2025-10,-105000.0,,,,,2025-12-16,U.S. Bureau of Labor Statistics — Employment Situation,https://www.bls.gov/news.release/archives/empsit_12162025.htm,,,,,,,,,,,,,,,,,,,,,,,,,,,,,,,,,,,
NFP,BLS,2025-12-16,08:30 ET,2025-11,64000.0,,,,,2025-12-16,U.S. Bureau of Labor Statistics — Employment Situation,https://www.bls.gov/news.release/archives/empsit_12162025.htm,,,,,,,,,,,,,,,,,,,,,,,,,,,,,,,,,,,
UNEMPLOYMENT_RATE,BLS,2025-12-16,08:30 ET,2025-11,4.6,,,,,2025-12-16,U.S. Bureau of Labor Statistics — Employment Situation,https://www.bls.gov/news.release/archives/empsit_12162025.htm,,,,,,,,,,,,,,,,,,,,,,,,,,,,,,,,,,,
GDP,BEA,2025-12-23,08:30 ET,Q3 2025 — Initial Estimate,4.3,,,,,2025-12-23,U.S. Bureau of Economic Analysis — GDP,https://www.bea.gov/news/2025/gross-domestic-product-3rd-quarter-2025-initial-estimate-and-corporate-profits,,,,,,,,,,,,,,,,,,,,,,,,,,,,,,,,,,,
NFP,BLS,2026-01-09,08:30 ET,2025-12,50000.0,,,,,2026-01-09,U.S. Bureau of Labor Statistics — Employment Situation,https://www.bls.gov/news.release/archives/empsit_01092026.htm,,,,,,,,,,,,,,,,,,,,,,,,,,,,,,,,,,,
UNEMPLOYMENT_RATE,BLS,2026-01-09,08:30 ET,2025-12,4.4,,,,,2026-01-09,U.S. Bureau of Labor Statistics — Employment Situation,https://www.bls.gov/news.release/archives/empsit_01092026.htm,,,,,,,,,,,,,,,,,,,,,,,,,,,,,,,,,,,
CORE_CPI,BLS,2026-01-13,08:30 ET,2025-12,0.2,,,,,2026-01-13,U.S. Bureau of Labor Statistics — Consumer Price Index,https://www.bls.gov/news.release/archives/cpi_01132026.htm,,,,,,,,,,,,,,,,,,,,,,,,,,,,,,,,,,,
CPI,BLS,2026-01-13,08:30 ET,2025-12,0.3,,,,,2026-01-13,U.S. Bureau of Labor Statistics — Consumer Price Index,https://www.bls.gov/news.release/archives/cpi_01132026.htm,,,,,,,,,,,,,,,,,,,,,,,,,,,,,,,,,,,
GDP,BEA,2026-01-22,08:30 ET,Q3 2025 — Updated Estimate,4.4,,,,,2026-01-22,U.S. Bureau of Economic Analysis — GDP,https://www.bea.gov/news/2026/gross-domestic-product-3rd-quarter-2025-updated-estimate-gdp-industry-and-corporate,,,,,,,,,,,,,,,,,,,,,,,,,,,,,,,,,,,
CORE_PCE,BEA,2026-02-20,08:30 ET,December 2025,0.4,,,,,2026-02-20,U.S. Bureau of Economic Analysis — Personal Income and Outlays,https://www.bea.gov/news/2026/personal-income-and-outlays-december-2025,0.4,,,Original BEA Personal Income and Outlays release; monthly change as published.,,,,,,,,,,,,,,,,,,,,,,,,,,,,,,,
GDP,BEA,2026-02-20,08:30 ET,Q4 2025 — Advance Estimate,1.4,,,,,2026-02-20,U.S. Bureau of Economic Analysis — GDP,https://www.bea.gov/news/2026/gdp-advance-estimate-4th-quarter-and-year-2025,,,,,,,,,,,,,,,,,,,,,,,,,,,,,,,,,,,
PCE_PRICE_INDEX,BEA,2026-02-20,08:30 ET,December 2025,0.4,,,,,2026-02-20,U.S. Bureau of Economic Analysis — Personal Income and Outlays,https://www.bea.gov/news/2026/personal-income-and-outlays-december-2025,0.4,,,Original BEA Personal Income and Outlays release; monthly change as published.,,,,,,,,,,,,,,,,,,,,,,,,,,,,,,,
CORE_PCE,BEA,2026-03-13,08:30 ET,January 2026,0.4,,,,,2026-03-13,U.S. Bureau of Economic Analysis — Personal Income and Outlays,https://www.bea.gov/news/2026/personal-income-and-outlays-january-2026,0.4,,,Original BEA Personal Income and Outlays release; monthly change as published.,,,,,,,,,,,,,,,,,,,,,,,,,,,,,,,
GDP,BEA,2026-03-13,08:30 ET,Q4 2025 — Second Estimate,0.7,,,,,2026-03-13,U.S. Bureau of Economic Analysis — GDP,https://www.bea.gov/news/2026/gdp-second-estimate-4th-quarter-and-year-2025,,,,,,,,,,,,,,,,,,,,,,,,,,,,,,,,,,,
PCE_PRICE_INDEX,BEA,2026-03-13,08:30 ET,January 2026,0.3,,,,,2026-03-13,U.S. Bureau of Economic Analysis — Personal Income and Outlays,https://www.bea.gov/news/2026/personal-income-and-outlays-january-2026,0.3,,,Original BEA Personal Income and Outlays release; monthly change as published.,,,,,,,,,,,,,,,,,,,,,,,,,,,,,,,
CORE_PCE,BEA,2026-04-09,08:30 ET,February 2026,0.4,,,,,2026-04-09,U.S. Bureau of Economic Analysis — Personal Income and Outlays,https://www.bea.gov/news/2026/personal-income-and-outlays-february-2026,0.4,,,Original BEA Personal Income and Outlays release; monthly change as published.,,,,,,,,,,,,,,,,,,,,,,,,,,,,,,,
GDP,BEA,2026-04-09,08:30 ET,Q4 2025 — Third Estimate,0.5,,,,,2026-04-09,U.S. Bureau of Economic Analysis — GDP,https://www.bea.gov/news/2026/gdp-third-estimate-industries-corporate-profits-state-gdp-and-state-personal-income-4th,,,,,,,,,,,,,,,,,,,,,,,,,,,,,,,,,,,
PCE_PRICE_INDEX,BEA,2026-04-09,08:30 ET,February 2026,0.4,,,,,2026-04-09,U.S. Bureau of Economic Analysis — Personal Income and Outlays,https://www.bea.gov/news/2026/personal-income-and-outlays-february-2026,0.4,,,Original BEA Personal Income and Outlays release; monthly change as published.,,,,,,,,,,,,,,,,,,,,,,,,,,,,,,,
CORE_PCE,BEA,2026-04-30,08:30 ET,March 2026,0.3,,,,,2026-04-30,U.S. Bureau of Economic Analysis — Personal Income and Outlays,https://www.bea.gov/news/2026/personal-income-and-outlays-march-2026,0.3,,,Original BEA Personal Income and Outlays release; monthly change as published.,,,,,,,,,,,,,,,,,,,,,,,,,,,,,,,
PCE_PRICE_INDEX,BEA,2026-04-30,08:30 ET,March 2026,0.7,,,,,2026-04-30,U.S. Bureau of Economic Analysis — Personal Income and Outlays,https://www.bea.gov/news/2026/personal-income-and-outlays-march-2026,0.7,,,Original BEA Personal Income and Outlays release; monthly change as published.,,,,,,,,,,,,,,,,,,,,,,,,,,,,,,,
CORE_PCE,BEA,2026-05-28,08:30 ET,April 2026,0.2,,,,,2026-05-28,U.S. Bureau of Economic Analysis — Personal Income and Outlays,https://www.bea.gov/news/2026/personal-income-and-outlays-april-2026,0.2,,,Original BEA Personal Income and Outlays release; monthly change as published.,,,,,,,,,,,,,,,,,,,,,,,,,,,,,,,
PCE_PRICE_INDEX,BEA,2026-05-28,08:30 ET,April 2026,0.4,,,,,2026-05-28,U.S. Bureau of Economic Analysis — Personal Income and Outlays,https://www.bea.gov/news/2026/personal-income-and-outlays-april-2026,0.4,,,Original BEA Personal Income and Outlays release; monthly change as published.,,,,,,,,,,,,,,,,,,,,,,,,,,,,,,,
CORE_PCE,BEA,2026-06-25,08:30 ET,May 2026,0.3,,,,,2026-06-25,U.S. Bureau of Economic Analysis — Personal Income and Outlays,https://www.bea.gov/news/2026/personal-income-and-outlays-may-2026,0.3,,,Original BEA Personal Income and Outlays release; monthly change as published.,,,,,,,,,,,,,,,,,,,,,,,,,,,,,,,
PCE_PRICE_INDEX,BEA,2026-06-25,08:30 ET,May 2026,0.4,,,,,2026-06-25,U.S. Bureau of Economic Analysis — Personal Income and Outlays,https://www.bea.gov/news/2026/personal-income-and-outlays-may-2026,0.4,,,Original BEA Personal Income and Outlays release; monthly change as published.,,,,,,,,,,,,,,,,,,,,,,,,,,,,,,,
ISM_MANUFACTURING_PMI,ISM,2026-07-01,10:00 ET,June 2026,53.3,52.7,,,,2026-07-01,Institute for Supply Management — Manufacturing PMI Report,https://www.ismworld.org/supply-management-news-and-reports/reports/ism-pmi-reports/pmi/july/,,,,June 2026 value is explicitly reported as the prior month in the official July report.,,,,,,,,,,,,,,,,,,,,,,,,,,,,,,,
CORE_PCE,BEA,2026-07-30,08:30 ET,June 2026,0.1,,,,,2026-07-30,U.S. Bureau of Economic Analysis — Personal Income and Outlays,https://www.bea.gov/news/2026/personal-income-and-outlays-june-2026,0.1,,,Original BEA Personal Income and Outlays release; monthly change as published.,,,,,,,,,,,,,,,,,,,,,,,,,,,,,,,
PCE_PRICE_INDEX,BEA,2026-07-30,08:30 ET,June 2026,-0.1,,,,,2026-07-30,U.S. Bureau of Economic Analysis — Personal Income and Outlays,https://www.bea.gov/news/2026/personal-income-and-outlays-june-2026,-0.1,,,Original BEA Personal Income and Outlays release; monthly change as published.,,,,,,,,,,,,,,,,,,,,,,,,,,,,,,,
ISM_MANUFACTURING_PMI,ISM,2026-08-03,10:00 ET,July 2026,55.6,53.3,,,,2026-08-03,Institute for Supply Management — Manufacturing PMI Report,https://www.ismworld.org/supply-management-news-and-reports/reports/ism-pmi-reports/pmi/july/,,,,Official July 2026 Manufacturing PMI report.,,,,,,,,,,,,,,,,,,,,,,,,,,,,,,,
CORE_PCE,BEA,2026-08-26,08:30 ET,July 2026,0.2,0.1,,,,2026-08-26,U.S. Bureau of Economic Analysis — Personal Income and Outlays,https://www.bea.gov/news/2026/personal-income-and-outlays-july-2026,0.2,3.3,,PCE price index excluding food and energy; original July 2026 BEA release.,,,,,,,,,,,,,,,,,,,,,,,,,,,,,,,
GDP,BEA,2026-08-26,08:30 ET,Q2 2026 — Second Estimate,1.5,1.5,-0.1,,,2026-08-26,U.S. Bureau of Economic Analysis — GDP Second Estimate,https://www.bea.gov/news/2026/gdp-second-estimate-and-corporate-profits-2nd-quarter-2026,,,,Real GDP annualized quarterly growth in the second estimate. BEA reported a downward revision of less than 0.1 percentage point versus the advance estimate.,,,,,,,,,,,,,,,,,,,,,,,,,,,,,,,
PCE_PRICE_INDEX,BEA,2026-08-26,08:30 ET,July 2026,0.2,-0.1,,,,2026-08-26,U.S. Bureau of Economic Analysis — Personal Income and Outlays,https://www.bea.gov/news/2026/personal-income-and-outlays-july-2026,0.2,3.7,,PCE price index MoM and YoY from the original July 2026 BEA release.,,,,,,,,,,,,,,,,,,,,,,,,,,,,,,,
INITIAL_JOBLESS_CLAIMS,DOL,2026-09-03,08:30 ET,"Week ending August 29, 2026",206000.0,204000.0,1000.0,,,2026-09-03,U.S. Department of Labor — Unemployment Insurance Weekly Claims Report,https://www.dol.gov/newsroom/releases/eta/eta20260903,,,,Advance initial claims; prior week revised from 203k to 204k.,,,,,,,,,,,,,,,,,,,,,,,,,,,,,,,
ISM_SERVICES_PMI,ISM,2026-09-03,10:00 ET,August 2026,55.4,54.1,,,,2026-09-03,Institute for Supply Management — Services PMI Report,https://www.ismworld.org/supply-management-news-and-reports/reports/ism-pmi-reports/services/august/,,,55.4,Headline Services PMI diffusion index; above 50 denotes services-sector expansion.,,,,,,,,,,,,,,,,,,,,,,,,,,,,,,,
AVERAGE_HOURLY_EARNINGS,BLS,2026-09-04,08:30 ET,August 2026,0.3,0.1,,,,2026-09-04,U.S. Bureau of Labor Statistics — Employment Situation,https://www.bls.gov/news.release/empsit.htm,0.3,3.1,37.75,Average hourly earnings for all employees on private nonfarm payrolls.,,,,,,,,,,,,,,,,,,,,,,,,,,,,,,,
NFP,BLS,2026-09-04,08:30 ET,August 2026,162000.0,21000.0,,,,2026-09-04,U.S. Bureau of Labor Statistics — Employment Situation,https://www.bls.gov/news.release/empsit.htm,,,,Original August 2026 headline nonfarm payroll change. BLS labels latest months preliminary.,,,,,,,,,,,,,,,,,,,,,,,,,,,,,,,
UNEMPLOYMENT_RATE,BLS,2026-09-04,08:30 ET,August 2026,4.1,4.1,,,,2026-09-04,U.S. Bureau of Labor Statistics — Employment Situation,https://www.bls.gov/news.release/empsit.htm,,,,Original August 2026 unemployment rate.,,,,,,,,,,,,,,,,,,,,,,,,,,,,,,,
ISM_MANUFACTURING_PMI,ISM,2026-09-09,10:00 ET,August 2026,54.6,55.6,,,,2026-09-09,Institute for Supply Management — Manufacturing PMI Report,https://www.ismworld.org/supply-management-news-and-reports/news-publications/inside-supply-management-magazine/2026-september-october/manufacturing/,,,,Official August 2026 Manufacturing PMI report.,,,,,,,,,,,,,,,,,,,,,,,,,,,,,,,
CORE_PPI,BLS,2026-09-10,08:30 ET,August 2026,0.3,0.4,,,,2026-09-10,U.S. Bureau of Labor Statistics — Producer Price Index,https://www.bls.gov/news.release/archives/ppi_09102026.htm,0.3,4.7,,"Core PPI contract = final demand less foods, energy, and trade services.",,,,,,,,,,,,,,,,,,,,,,,,,,,,,,,
CORE_PPI,BLS,2026-09-10,,August 2026,0.2,0.3,-0.0999999999999999,,,2026-09-10,BLS API values; release/vintage corroborated via St. Louis Fed FRED/ALFRED,https://fred.stlouisfed.org/series/PPIFES,,,,,,WPSFD49104,"percent monthly SA change, final demand less foods and energy",REVISED,VERIFIED,METADATA_UNVERIFIED,2026-09-10,https://api.bls.gov/publicAPI/v2/timeseries/data/WPSFD49104,August 2026,FRED_ALFRED,BLS_VALUE_FRED_RELEASE_VINTAGE_PARITY,https://api.stlouisfed.org/fred/release/dates,PPIFES,46.0,BLS values available; release metadata unavailable: HTTPError status=403 method=GET endpoint=https://www.bls.gov/feed/ppi.rss; HTTPError status=403 method=GET endpoint=https://www.bls.gov/news.release/ppi.nr0.htm; HTTPError status=403 method=GET endpoint=https://www.bls.gov/news.release/pdf/ppi.pdf,2026-09-10,2026-09-10 11:54:19-05,2026-10-03T18:40:23.877968+00:00,REVISION,False,2026-10-03,2026-09-10,official-78425856afd6238b06848301,,,,,,,,
CORE_PPI,BLS,2026-09-10,,August 2026,0.2,0.3,0.0,,,2026-09-10,BLS API values; release/vintage corroborated via St. Louis Fed FRED/ALFRED,https://fred.stlouisfed.org/series/PPIFES,0.2,4.6,,,,WPSFD49104,"percent monthly SA change, final demand less foods and energy",METADATA_ENRICHED,VERIFIED,METADATA_UNVERIFIED,2026-09-10,https://api.bls.gov/publicAPI/v2/timeseries/data/WPSFD49104,August 2026,FRED_ALFRED,BLS_VALUE_FRED_RELEASE_VINTAGE_PARITY,https://api.stlouisfed.org/fred/release/dates,PPIFES,46.0,BLS values available; release metadata unavailable: HTTPError status=403 method=GET endpoint=https://www.bls.gov/feed/ppi.rss; HTTPError status=403 method=GET endpoint=https://www.bls.gov/news.release/ppi.nr0.htm; HTTPError status=403 method=GET endpoint=https://www.bls.gov/news.release/pdf/ppi.pdf,2026-09-10,2026-09-10 11:54:19-05,2026-10-03T19:25:02.673225+00:00,METADATA_ENRICHMENT,False,2026-10-03,2026-09-10,official-996d6c25eb439aacf3fb3562,,,,WPUFD49104,https://api.bls.gov/publicAPI/v2/timeseries/data/WPUFD49104,12-month index change NSA,VERIFIED,True
INITIAL_JOBLESS_CLAIMS,DOL,2026-09-10,08:30 ET,"Week ending September 5, 2026",206000.0,207000.0,1000.0,,,2026-09-10,U.S. Department of Labor — Unemployment Insurance Weekly Claims Report,https://www.dol.gov/newsroom/releases/eta/eta20260910,,,,Advance initial claims; prior week was revised from 206k to 207k.,,,,,,,,,,,,,,,,,,,,,,,,,,,,,,,
PPI_FINAL_DEMAND,BLS,2026-09-10,08:30 ET,August 2026,0.4,0.1,,,,2026-09-10,U.S. Bureau of Labor Statistics — Producer Price Index,https://www.bls.gov/news.release/archives/ppi_09102026.htm,0.4,5.4,,Final demand PPI; MoM seasonally adjusted and YoY unadjusted as published by BLS.,,,,,,,,,,,,,,,,,,,,,,,,,,,,,,,
PPI_FINAL_DEMAND,BLS,2026-09-10,08:30 ET,August 2026,0.4,0.1,0.0,,,2026-09-10,U.S. Bureau of Labor Statistics — Producer Price Index,https://www.bls.gov/news.release/archives/ppi_09102026.htm,0.4,5.4,,Final demand PPI; MoM seasonally adjusted and YoY unadjusted as published by BLS.,,,,METADATA_ENRICHED,,,2026-09-10,,August 2026,,,,,,,,,2026-10-03T19:25:02.673225+00:00,METADATA_ENRICHMENT,False,2026-10-03,2026-09-10,official-7cdbc152ee69804c660c231e,,,,WPUFD4,https://api.bls.gov/publicAPI/v2/timeseries/data/WPUFD4,12-month index change NSA,VERIFIED,True
CORE_CPI,BLS,2026-09-11,08:30 ET,August 2026,0.3,0.2,,,,2026-09-11,U.S. Bureau of Labor Statistics — CPI News Release,https://www.bls.gov/news.release/archives/cpi_09112026.htm,0.3,2.4,,Original August 2026 core CPI: monthly SA change plus 12-month unadjusted change.,,,,,,,,,,,,,,,,,,,,,,,,,,,,,,,
CORE_CPI,BLS,2026-09-11,08:30 ET,August 2026,0.3,0.2,0.0,,,2026-09-11,U.S. Bureau of Labor Statistics — CPI News Release,https://www.bls.gov/news.release/archives/cpi_09112026.htm,0.3,2.4,,Original August 2026 core CPI: monthly SA change plus 12-month unadjusted change.,,,,METADATA_ENRICHED,,,2026-09-11,,August 2026,,,,,,,,,2026-10-03T19:25:02.673225+00:00,METADATA_ENRICHMENT,False,2026-10-03,2026-09-11,official-88d3f44790d5234984302729,,,,CUUR0000SA0L1E,https://api.bls.gov/publicAPI/v2/timeseries/data/CUUR0000SA0L1E,12-month index change NSA,VERIFIED,True
CORE_CPI,BLS,2026-09-11,,February 2025,0.3,,0.0999999999999999,,,2026-09-11,BLS API values; release/vintage corroborated via St. Louis Fed FRED/ALFRED,https://fred.stlouisfed.org/series/CPILFESL,,,,,,CUSR0000SA0L1E,"percent monthly SA change, all items less food and energy",REVISED,VERIFIED,METADATA_UNVERIFIED,2025-03-12,https://api.bls.gov/publicAPI/v2/timeseries/data/CUSR0000SA0L1E,August 2026,FRED_ALFRED,BLS_VALUE_FRED_RELEASE_VINTAGE_PARITY,https://api.stlouisfed.org/fred/release/dates,CPILFESL,10.0,BLS values available; release metadata unavailable: HTTPError status=403 method=GET endpoint=https://www.bls.gov/feed/cpi.rss; HTTPError status=403 method=GET endpoint=https://www.bls.gov/news.release/cpi.nr0.htm; HTTPError status=403 method=GET endpoint=https://www.bls.gov/news.release/pdf/cpi.pdf,2026-09-11,2026-09-11 08:37:53-05,2026-10-03T18:40:23.877968+00:00,REVISION,True,2026-10-03,2026-09-11,official-f03ccad40677ce47d7d268dd,,,,,,,,
CORE_CPI,BLS,2026-09-11,,May 2024,0.1,,-0.1,,,2026-09-11,BLS API values; release/vintage corroborated via St. Louis Fed FRED/ALFRED,https://fred.stlouisfed.org/series/CPILFESL,,,,,,CUSR0000SA0L1E,"percent monthly SA change, all items less food and energy",REVISED,VERIFIED,METADATA_UNVERIFIED,2024-06-12,https://api.bls.gov/publicAPI/v2/timeseries/data/CUSR0000SA0L1E,August 2026,FRED_ALFRED,BLS_VALUE_FRED_RELEASE_VINTAGE_PARITY,https://api.stlouisfed.org/fred/release/dates,CPILFESL,10.0,BLS values available; release metadata unavailable: HTTPError status=403 method=GET endpoint=https://www.bls.gov/feed/cpi.rss; HTTPError status=403 method=GET endpoint=https://www.bls.gov/news.release/cpi.nr0.htm; HTTPError status=403 method=GET endpoint=https://www.bls.gov/news.release/pdf/cpi.pdf,2026-09-11,2026-09-11 08:37:53-05,2026-10-03T18:40:23.877968+00:00,REVISION,True,2026-10-03,2026-09-11,official-4658ca923461a61e47c36310,,,,,,,,
CORE_CPI,BLS,2026-09-11,,September 2024,0.3,,0.0999999999999999,,,2026-09-11,BLS API values; release/vintage corroborated via St. Louis Fed FRED/ALFRED,https://fred.stlouisfed.org/series/CPILFESL,,,,,,CUSR0000SA0L1E,"percent monthly SA change, all items less food and energy",REVISED,VERIFIED,METADATA_UNVERIFIED,2024-10-10,https://api.bls.gov/publicAPI/v2/timeseries/data/CUSR0000SA0L1E,August 2026,FRED_ALFRED,BLS_VALUE_FRED_RELEASE_VINTAGE_PARITY,https://api.stlouisfed.org/fred/release/dates,CPILFESL,10.0,BLS values available; release metadata unavailable: HTTPError status=403 method=GET endpoint=https://www.bls.gov/feed/cpi.rss; HTTPError status=403 method=GET endpoint=https://www.bls.gov/news.release/cpi.nr0.htm; HTTPError status=403 method=GET endpoint=https://www.bls.gov/news.release/pdf/cpi.pdf,2026-09-11,2026-09-11 08:37:53-05,2026-10-03T18:40:23.877968+00:00,REVISION,True,2026-10-03,2026-09-11,official-2246cfd46345a552ff4f51b1,,,,,,,,
CPI,BLS,2026-09-11,,April 2024,0.2,,-0.0999999999999999,,,2026-09-11,BLS API values; release/vintage corroborated via St. Louis Fed FRED/ALFRED,https://fred.stlouisfed.org/series/CPIAUCSL,,,,,,CUSR0000SA0,"percent monthly SA change, all urban consumers all items",REVISED,VERIFIED,METADATA_UNVERIFIED,2024-05-15,https://api.bls.gov/publicAPI/v2/timeseries/data/CUSR0000SA0,August 2026,FRED_ALFRED,BLS_VALUE_FRED_RELEASE_VINTAGE_PARITY,https://api.stlouisfed.org/fred/release/dates,CPIAUCSL,10.0,BLS values available; release metadata unavailable: HTTPError status=403 method=GET endpoint=https://www.bls.gov/feed/cpi.rss; HTTPError status=403 method=GET endpoint=https://www.bls.gov/news.release/cpi.nr0.htm; HTTPError status=403 method=GET endpoint=https://www.bls.gov/news.release/pdf/cpi.pdf,2026-09-11,2026-09-11 08:37:49-05,2026-10-03T18:40:23.877968+00:00,REVISION,True,2026-10-03,2026-09-11,official-34d0680eb335e02616e00b4c,,,,,,,,
CPI,BLS,2026-09-11,,August 2025,0.3,,-0.1,,,2026-09-11,BLS API values; release/vintage corroborated via St. Louis Fed FRED/ALFRED,https://fred.stlouisfed.org/series/CPIAUCSL,,,,,,CUSR0000SA0,"percent monthly SA change, all urban consumers all items",REVISED,VERIFIED,METADATA_UNVERIFIED,2025-09-11,https://api.bls.gov/publicAPI/v2/timeseries/data/CUSR0000SA0,August 2026,FRED_ALFRED,BLS_VALUE_FRED_RELEASE_VINTAGE_PARITY,https://api.stlouisfed.org/fred/release/dates,CPIAUCSL,10.0,BLS values available; release metadata unavailable: HTTPError status=403 method=GET endpoint=https://www.bls.gov/feed/cpi.rss; HTTPError status=403 method=GET endpoint=https://www.bls.gov/news.release/cpi.nr0.htm; HTTPError status=403 method=GET endpoint=https://www.bls.gov/news.release/pdf/cpi.pdf,2026-09-11,2026-09-11 08:37:49-05,2026-10-03T18:40:23.877968+00:00,REVISION,True,2026-10-03,2026-09-11,official-06d800f3b4b89a748943fdbe,,,,,,,,
CPI,BLS,2026-09-11,08:30 ET,August 2026,0.4,0.1,,,,2026-09-11,U.S. Bureau of Labor Statistics — CPI News Release,https://www.bls.gov/news.release/archives/cpi_09112026.htm,0.4,3.4,,Original August 2026 headline CPI: monthly SA change plus 12-month unadjusted change.,,,,,,,,,,,,,,,,,,,,,,,,,,,,,,,
CPI,BLS,2026-09-11,08:30 ET,August 2026,0.4,0.1,0.0,,,2026-09-11,U.S. Bureau of Labor Statistics — CPI News Release,https://www.bls.gov/news.release/archives/cpi_09112026.htm,0.4,3.4,,Original August 2026 headline CPI: monthly SA change plus 12-month unadjusted change.,,,,METADATA_ENRICHED,,,2026-09-11,,August 2026,,,,,,,,,2026-10-03T19:25:02.673225+00:00,METADATA_ENRICHMENT,False,2026-10-03,2026-09-11,official-ba51d39a1d8f2d08462f2dd7,,,,CUUR0000SA0,https://api.bls.gov/publicAPI/v2/timeseries/data/CUUR0000SA0,12-month index change NSA,VERIFIED,True
CPI,BLS,2026-09-11,,December 2024,0.3,,-0.1,,,2026-09-11,BLS API values; release/vintage corroborated via St. Louis Fed FRED/ALFRED,https://fred.stlouisfed.org/series/CPIAUCSL,,,,,,CUSR0000SA0,"percent monthly SA change, all urban consumers all items",REVISED,VERIFIED,METADATA_UNVERIFIED,2025-01-15,https://api.bls.gov/publicAPI/v2/timeseries/data/CUSR0000SA0,August 2026,FRED_ALFRED,BLS_VALUE_FRED_RELEASE_VINTAGE_PARITY,https://api.stlouisfed.org/fred/release/dates,CPIAUCSL,10.0,BLS values available; release metadata unavailable: HTTPError status=403 method=GET endpoint=https://www.bls.gov/feed/cpi.rss; HTTPError status=403 method=GET endpoint=https://www.bls.gov/news.release/cpi.nr0.htm; HTTPError status=403 method=GET endpoint=https://www.bls.gov/news.release/pdf/cpi.pdf,2026-09-11,2026-09-11 08:37:49-05,2026-10-03T18:40:23.877968+00:00,REVISION,True,2026-10-03,2026-09-11,official-73cf6c560b21fe23c4b0420b,,,,,,,,
CPI,BLS,2026-09-11,,January 2025,0.4,,-0.0999999999999999,,,2026-09-11,BLS API values; release/vintage corroborated via St. Louis Fed FRED/ALFRED,https://fred.stlouisfed.org/series/CPIAUCSL,,,,,,CUSR0000SA0,"percent monthly SA change, all urban consumers all items",REVISED,VERIFIED,METADATA_UNVERIFIED,2025-02-12,https://api.bls.gov/publicAPI/v2/timeseries/data/CUSR0000SA0,August 2026,FRED_ALFRED,BLS_VALUE_FRED_RELEASE_VINTAGE_PARITY,https://api.stlouisfed.org/fred/release/dates,CPIAUCSL,10.0,BLS values available; release metadata unavailable: HTTPError status=403 method=GET endpoint=https://www.bls.gov/feed/cpi.rss; HTTPError status=403 method=GET endpoint=https://www.bls.gov/news.release/cpi.nr0.htm; HTTPError status=403 method=GET endpoint=https://www.bls.gov/news.release/pdf/cpi.pdf,2026-09-11,2026-09-11 08:37:49-05,2026-10-03T18:40:23.877968+00:00,REVISION,True,2026-10-03,2026-09-11,official-0f4569a40c125a50ece1d1d5,,,,,,,,
CPI,BLS,2026-09-11,,June 2024,-0.0,,-0.1,,,2026-09-11,BLS API values; release/vintage corroborated via St. Louis Fed FRED/ALFRED,https://fred.stlouisfed.org/series/CPIAUCSL,,,,,,CUSR0000SA0,"percent monthly SA change, all urban consumers all items",REVISED,VERIFIED,METADATA_UNVERIFIED,2024-07-11,https://api.bls.gov/publicAPI/v2/timeseries/data/CUSR0000SA0,August 2026,FRED_ALFRED,BLS_VALUE_FRED_RELEASE_VINTAGE_PARITY,https://api.stlouisfed.org/fred/release/dates,CPIAUCSL,10.0,BLS values available; release metadata unavailable: HTTPError status=403 method=GET endpoint=https://www.bls.gov/feed/cpi.rss; HTTPError status=403 method=GET endpoint=https://www.bls.gov/news.release/cpi.nr0.htm; HTTPError status=403 method=GET endpoint=https://www.bls.gov/news.release/pdf/cpi.pdf,2026-09-11,2026-09-11 08:37:49-05,2026-10-03T18:40:23.877968+00:00,REVISION,True,2026-10-03,2026-09-11,official-47b29da7ffc20350c472c268,,,,,,,,
CPI,BLS,2026-09-11,,March 2025,0.0,,0.1,,,2026-09-11,BLS API values; release/vintage corroborated via St. Louis Fed FRED/ALFRED,https://fred.stlouisfed.org/series/CPIAUCSL,,,,,,CUSR0000SA0,"percent monthly SA change, all urban consumers all items",REVISED,VERIFIED,METADATA_UNVERIFIED,2025-04-10,https://api.bls.gov/publicAPI/v2/timeseries/data/CUSR0000SA0,August 2026,FRED_ALFRED,BLS_VALUE_FRED_RELEASE_VINTAGE_PARITY,https://api.stlouisfed.org/fred/release/dates,CPIAUCSL,10.0,BLS values available; release metadata unavailable: HTTPError status=403 method=GET endpoint=https://www.bls.gov/feed/cpi.rss; HTTPError status=403 method=GET endpoint=https://www.bls.gov/news.release/cpi.nr0.htm; HTTPError status=403 method=GET endpoint=https://www.bls.gov/news.release/pdf/cpi.pdf,2026-09-11,2026-09-11 08:37:49-05,2026-10-03T18:40:23.877968+00:00,REVISION,True,2026-10-03,2026-09-11,official-9463af6139b6aa0856847132,,,,,,,,
CPI,BLS,2026-09-11,,October 2024,0.3,,0.0999999999999999,,,2026-09-11,BLS API values; release/vintage corroborated via St. Louis Fed FRED/ALFRED,https://fred.stlouisfed.org/series/CPIAUCSL,,,,,,CUSR0000SA0,"percent monthly SA change, all urban consumers all items",REVISED,VERIFIED,METADATA_UNVERIFIED,2024-11-13,https://api.bls.gov/publicAPI/v2/timeseries/data/CUSR0000SA0,August 2026,FRED_ALFRED,BLS_VALUE_FRED_RELEASE_VINTAGE_PARITY,https://api.stlouisfed.org/fred/release/dates,CPIAUCSL,10.0,BLS values available; release metadata unavailable: HTTPError status=403 method=GET endpoint=https://www.bls.gov/feed/cpi.rss; HTTPError status=403 method=GET endpoint=https://www.bls.gov/news.release/cpi.nr0.htm; HTTPError status=403 method=GET endpoint=https://www.bls.gov/news.release/pdf/cpi.pdf,2026-09-11,2026-09-11 08:37:49-05,2026-10-03T18:40:23.877968+00:00,REVISION,True,2026-10-03,2026-09-11,official-fd48cad98f77251a653768f6,,,,,,,,
RETAIL_SALES,CENSUS,2026-09-16,08:30 ET,August 2026,1.2,-0.5,0.1,,,2026-09-16,U.S. Census Bureau — Advance Monthly Sales for Retail and Food Services,https://www.census.gov/retail/sales.html,1.2,6.0,773.9,Seasonally adjusted retail and food services sales; not adjusted for price changes. July MoM was revised from -0.6 to -0.5 in this release.,False,,,,,,,,,,,,,,,,,,,,,,,,,,,,,,
INITIAL_JOBLESS_CLAIMS,DOL,2026-09-17,08:30 ET,"Week ending September 12, 2026",196000.0,206000.0,,,,2026-09-17,U.S. Department of Labor — Unemployment Insurance Weekly Claims Report,https://www.dol.gov/newsroom/releases/eta/eta20260917,,,,Advance seasonally adjusted initial claims.,,,,,,,,,,,,,,,,,,,,,,,,,,,,,,,
RETAIL_SALES,Census,2026-09-28,10:00 AM EDT,August 2026,1.1,,-0.0999999999999998,,,2026-09-28,Census official release,https://api.census.gov/data/timeseries/eits/marts,,,,,,"MARTS advance monthly sales, category 44X72, SM, seasonally_adj yes",percent monthly SA nominal change,REVISED,VERIFIED,,2026-09-16,,,,,https://www.census.gov/retail/marts/www/marts_current.pdf,,,,,,2026-10-03T18:40:23.877968+00:00,REVISION,False,2026-10-03,2026-09-28,official-2ef3be6ce646ea3209a2ee2f,,,,,,,,
RETAIL_SALES,Census,2026-09-28,10:00 AM EDT,August 2026,1.1,-0.5,0.0,,,2026-09-28,Census official release,https://api.census.gov/data/timeseries/eits/marts,1.1,5.4,737763.0,,,"MARTS advance monthly sales, category 44X72, SM, seasonally_adj yes",percent monthly SA nominal change,METADATA_ENRICHED,VERIFIED,,2026-09-16,,August 2026,,,https://www.census.gov/retail/marts/www/marts_current.pdf,,,,,,2026-10-03T19:25:02.673225+00:00,METADATA_ENRICHMENT,False,2026-10-03,2026-09-28,official-2a0fa71079d20fccb09c20d2,,,,,https://api.census.gov/data/timeseries/eits/marts,12-month nominal sales change SA,VERIFIED,True
CORE_PCE,BEA,2026-09-30,8:30 EDT,August 2026,0.2,,,,,2026-09-30,BEA official release,https://www.bea.gov/news/2026/personal-income-and-outlays-august-2026,,,,,,Personal Income and Outlays / PCE excluding food and energy monthly price change,percent monthly change,CURRENT_VINTAGE,VERIFIED,,,,,,,,,,,,,2026-10-03T18:40:23.877968+00:00,NEW_RELEASE,False,2026-10-03,2026-09-30,official-bc9a7a08418da925a9544d03,,,,,,,,
CORE_PCE,BEA,2026-09-30,8:30 EDT,August 2026,0.2,0.1,0.0,,,2026-09-30,BEA official release,https://www.bea.gov/news/2026/personal-income-and-outlays-august-2026,0.2,3.0,,,,Personal Income and Outlays / PCE excluding food and energy monthly price change,percent monthly change,METADATA_ENRICHED,VERIFIED,,2026-09-30,,August 2026,,,,,,,,,2026-10-03T19:25:02.673225+00:00,METADATA_ENRICHMENT,False,2026-10-03,2026-09-30,official-d5d8356da0e697843f7abd65,,,,,https://www.bea.gov/news/2026/personal-income-and-outlays-august-2026,BEA published change from same month one year ago,VERIFIED,True
GDP,BEA,2026-09-30,8:30 AM EDT,Q2 2026,2.2,,0.7000000000000002,,,2026-09-30,BEA official release,https://www.bea.gov/news/2026/gdp-third-estimate-industries-corporate-profits-state-gdp-and-state-personal-income-2nd,,,,,,NIPA T10101 A191RL / real GDP annualized quarterly growth,percent SA annual rate,REVISED,VERIFIED,,2026-08-26,,,,,,,,,,,2026-10-03T18:40:23.877968+00:00,REVISION,False,2026-10-03,2026-09-30,official-1e1a780d08ad9de514170b7f,,,,,,,,
PCE_PRICE_INDEX,BEA,2026-09-30,8:30 EDT,August 2026,0.3,,,,,2026-09-30,BEA official release,https://www.bea.gov/news/2026/personal-income-and-outlays-august-2026,,,,,,Personal Income and Outlays / PCE monthly price change,percent monthly change,CURRENT_VINTAGE,VERIFIED,,,,,,,,,,,,,2026-10-03T18:40:23.877968+00:00,NEW_RELEASE,False,2026-10-03,2026-09-30,official-5e49018ac24a41eba32869dd,,,,,,,,
PCE_PRICE_INDEX,BEA,2026-09-30,8:30 EDT,August 2026,0.3,0.1,0.0,,,2026-09-30,BEA official release,https://www.bea.gov/news/2026/personal-income-and-outlays-august-2026,0.3,3.4,,,,Personal Income and Outlays / PCE monthly price change,percent monthly change,METADATA_ENRICHED,VERIFIED,,2026-09-30,,August 2026,,,,,,,,,2026-10-03T19:25:02.673225+00:00,METADATA_ENRICHMENT,False,2026-10-03,2026-09-30,official-64541904fb8e726bd1434590,,,,,https://www.bea.gov/news/2026/personal-income-and-outlays-august-2026,BEA published change from same month one year ago,VERIFIED,True
INITIAL_JOBLESS_CLAIMS,DOL,2026-10-01,8:30 AM EASTERN,"Week ending September 26, 2026",197000.0,198000.0,,,,2026-10-01,DOL official release,https://oui.doleta.gov/press/2026/100126.pdf,,,,,,UI weekly initial claims SA,claims,ADVANCE,VERIFIED,,,,,,,,,,HTTPError status=403 method=GET endpoint=https://www.dol.gov/ui/data.pdf,,,2026-10-03T18:40:23.877968+00:00,NEW_RELEASE,False,2026-10-03,2026-10-01,official-d79be502ec519e2a1f7bf3d6,https://oui.doleta.gov/unemploy/claims_arch.asp,2026-10-01,,,,,,
ISM_MANUFACTURING_PMI,ISM,2026-10-01,10:00 ET,September 2026,54.5,,,,,2026-10-01,ISM-issued press release distributed via PR Newswire,https://www.prnewswire.com/news-releases/manufacturing-pmi-at-54-5-september-2026-ism-manufacturing-pmi-report-302894520.html,,,,,,Manufacturing headline PMI composite,diffusion index,CURRENT_VINTAGE,VERIFIED,VERIFIED,,,,,,https://www.ismworld.org/supply-management-news-and-reports/reports/rob-report-calendar/,,,ISM official current report redirects to authenticated/licensed access,,,2026-10-03T18:40:23.877968+00:00,NEW_RELEASE,False,2026-10-03,2026-10-01,official-4fbfcab8719087e617f0e1b0,https://www.prnewswire.com/news/institute-for-supply-management/,,PR Newswire,,,,,
AVERAGE_HOURLY_EARNINGS,BLS,2026-10-02,,September 2026,0.1,0.3,,,,2026-10-02,BLS API values; release/vintage corroborated via St. Louis Fed FRED/ALFRED,https://fred.stlouisfed.org/series/CES0500000003,,,,,,CES0500000003,"percent monthly SA change, all employees total private",PRELIMINARY,VERIFIED,METADATA_UNVERIFIED,,https://api.bls.gov/publicAPI/v2/timeseries/data/CES0500000003,September 2026,FRED_ALFRED,BLS_VALUE_FRED_RELEASE_VINTAGE_PARITY,https://api.stlouisfed.org/fred/release/dates,CES0500000003,50.0,BLS values available; release metadata unavailable: HTTPError status=403 method=GET endpoint=https://www.bls.gov/feed/empsit.rss; HTTPError status=403 method=GET endpoint=https://www.bls.gov/news.release/empsit.nr0.htm; HTTPError status=403 method=GET endpoint=https://www.bls.gov/news.release/pdf/empsit.pdf,2026-10-02,2026-10-02 08:26:56-05,2026-10-03T18:40:23.877968+00:00,NEW_RELEASE,False,2026-10-03,2026-10-02,official-e84a3ce7bd7136634c38dd86,,,,,,,,
AVERAGE_HOURLY_EARNINGS,BLS,2026-10-02,,September 2026,0.1,0.3,0.0,,,2026-10-02,BLS API values; release/vintage corroborated via St. Louis Fed FRED/ALFRED,https://fred.stlouisfed.org/series/CES0500000003,0.1,3.0,,,,CES0500000003,"percent monthly SA change, all employees total private",METADATA_ENRICHED,VERIFIED,METADATA_UNVERIFIED,2026-10-02,https://api.bls.gov/publicAPI/v2/timeseries/data/CES0500000003,September 2026,FRED_ALFRED,BLS_VALUE_FRED_RELEASE_VINTAGE_PARITY,https://api.stlouisfed.org/fred/release/dates,CES0500000003,50.0,BLS values available; release metadata unavailable: HTTPError status=403 method=GET endpoint=https://www.bls.gov/feed/empsit.rss; HTTPError status=403 method=GET endpoint=https://www.bls.gov/news.release/empsit.nr0.htm; HTTPError status=403 method=GET endpoint=https://www.bls.gov/news.release/pdf/empsit.pdf,2026-10-02,2026-10-02 08:26:56-05,2026-10-03T19:25:02.673225+00:00,METADATA_ENRICHMENT,False,2026-10-03,2026-10-02,official-31f9c0ac55856ebfd1db13f4,,,,CES0500000003,https://api.bls.gov/publicAPI/v2/timeseries/data/CES0500000003,12-month hourly earnings change SA,VERIFIED,True
NFP,BLS,2026-10-02,,April 2024,64000.0,,-111000.0,,,2026-10-02,BLS API values; release/vintage corroborated via St. Louis Fed FRED/ALFRED,https://fred.stlouisfed.org/series/PAYEMS,,,,,,CES0000000001,"jobs, monthly SA change",REVISED,VERIFIED,METADATA_UNVERIFIED,2024-05-03,https://api.bls.gov/publicAPI/v2/timeseries/data/CES0000000001,September 2026,FRED_ALFRED,BLS_VALUE_FRED_RELEASE_VINTAGE_PARITY,https://api.stlouisfed.org/fred/release/dates,PAYEMS,50.0,BLS values available; release metadata unavailable: HTTPError status=403 method=GET endpoint=https://www.bls.gov/feed/empsit.rss; HTTPError status=403 method=GET endpoint=https://www.bls.gov/news.release/empsit.nr0.htm; HTTPError status=403 method=GET endpoint=https://www.bls.gov/news.release/pdf/empsit.pdf,2026-10-02,2026-10-02 08:24:33-05,2026-10-03T18:40:23.877968+00:00,REVISION,True,2026-10-03,2026-10-02,official-5cef15afdcb121f7eb72a7e0,,,,,,,,
NFP,BLS,2026-10-02,,April 2025,108000.0,,-69000.0,,,2026-10-02,BLS API values; release/vintage corroborated via St. Louis Fed FRED/ALFRED,https://fred.stlouisfed.org/series/PAYEMS,,,,,,CES0000000001,"jobs, monthly SA change",REVISED,VERIFIED,METADATA_UNVERIFIED,2025-05-02,https://api.bls.gov/publicAPI/v2/timeseries/data/CES0000000001,September 2026,FRED_ALFRED,BLS_VALUE_FRED_RELEASE_VINTAGE_PARITY,https://api.stlouisfed.org/fred/release/dates,PAYEMS,50.0,BLS values available; release metadata unavailable: HTTPError status=403 method=GET endpoint=https://www.bls.gov/feed/empsit.rss; HTTPError status=403 method=GET endpoint=https://www.bls.gov/news.release/empsit.nr0.htm; HTTPError status=403 method=GET endpoint=https://www.bls.gov/news.release/pdf/empsit.pdf,2026-10-02,2026-10-02 08:24:33-05,2026-10-03T18:40:23.877968+00:00,REVISION,True,2026-10-03,2026-10-02,official-a20a09e9f4ee476fcc41532c,,,,,,,,
NFP,BLS,2026-10-02,,August 2024,9000.0,,-133000.0,,,2026-10-02,BLS API values; release/vintage corroborated via St. Louis Fed FRED/ALFRED,https://fred.stlouisfed.org/series/PAYEMS,,,,,,CES0000000001,"jobs, monthly SA change",REVISED,VERIFIED,METADATA_UNVERIFIED,2024-09-06,https://api.bls.gov/publicAPI/v2/timeseries/data/CES0000000001,September 2026,FRED_ALFRED,BLS_VALUE_FRED_RELEASE_VINTAGE_PARITY,https://api.stlouisfed.org/fred/release/dates,PAYEMS,50.0,BLS values available; release metadata unavailable: HTTPError status=403 method=GET endpoint=https://www.bls.gov/feed/empsit.rss; HTTPError status=403 method=GET endpoint=https://www.bls.gov/news.release/empsit.nr0.htm; HTTPError status=403 method=GET endpoint=https://www.bls.gov/news.release/pdf/empsit.pdf,2026-10-02,2026-10-02 08:24:33-05,2026-10-03T18:40:23.877968+00:00,REVISION,True,2026-10-03,2026-10-02,official-bb0bc242f61456175f808e30,,,,,,,,
NFP,BLS,2026-10-02,,August 2025,-70000.0,,-92000.0,,,2026-10-02,BLS API values; release/vintage corroborated via St. Louis Fed FRED/ALFRED,https://fred.stlouisfed.org/series/PAYEMS,,,,,,CES0000000001,"jobs, monthly SA change",REVISED,VERIFIED,METADATA_UNVERIFIED,2025-09-05,https://api.bls.gov/publicAPI/v2/timeseries/data/CES0000000001,September 2026,FRED_ALFRED,BLS_VALUE_FRED_RELEASE_VINTAGE_PARITY,https://api.stlouisfed.org/fred/release/dates,PAYEMS,50.0,BLS values available; release metadata unavailable: HTTPError status=403 method=GET endpoint=https://www.bls.gov/feed/empsit.rss; HTTPError status=403 method=GET endpoint=https://www.bls.gov/news.release/empsit.nr0.htm; HTTPError status=403 method=GET endpoint=https://www.bls.gov/news.release/pdf/empsit.pdf,2026-10-02,2026-10-02 08:24:33-05,2026-10-03T18:40:23.877968+00:00,REVISION,True,2026-10-03,2026-10-02,official-184ac6e53703bcfd674bae14,,,,,,,,
NFP,BLS,2026-10-02,,August 2026,133000.0,,-29000.0,,,2026-10-02,BLS API values; release/vintage corroborated via St. Louis Fed FRED/ALFRED,https://fred.stlouisfed.org/series/PAYEMS,,,,,,CES0000000001,"jobs, monthly SA change",REVISED,VERIFIED,METADATA_UNVERIFIED,2026-09-04,https://api.bls.gov/publicAPI/v2/timeseries/data/CES0000000001,September 2026,FRED_ALFRED,BLS_VALUE_FRED_RELEASE_VINTAGE_PARITY,https://api.stlouisfed.org/fred/release/dates,PAYEMS,50.0,BLS values available; release metadata unavailable: HTTPError status=403 method=GET endpoint=https://www.bls.gov/feed/empsit.rss; HTTPError status=403 method=GET endpoint=https://www.bls.gov/news.release/empsit.nr0.htm; HTTPError status=403 method=GET endpoint=https://www.bls.gov/news.release/pdf/empsit.pdf,2026-10-02,2026-10-02 08:24:33-05,2026-10-03T18:40:23.877968+00:00,REVISION,True,2026-10-03,2026-10-02,official-f9c761d7b01c58b136e31b0a,,,,,,,,
NFP,BLS,2026-10-02,,December 2024,237000.0,,-19000.0,,,2026-10-02,BLS API values; release/vintage corroborated via St. Louis Fed FRED/ALFRED,https://fred.stlouisfed.org/series/PAYEMS,,,,,,CES0000000001,"jobs, monthly SA change",REVISED,VERIFIED,METADATA_UNVERIFIED,2025-01-10,https://api.bls.gov/publicAPI/v2/timeseries/data/CES0000000001,September 2026,FRED_ALFRED,BLS_VALUE_FRED_RELEASE_VINTAGE_PARITY,https://api.stlouisfed.org/fred/release/dates,PAYEMS,50.0,BLS values available; release metadata unavailable: HTTPError status=403 method=GET endpoint=https://www.bls.gov/feed/empsit.rss; HTTPError status=403 method=GET endpoint=https://www.bls.gov/news.release/empsit.nr0.htm; HTTPError status=403 method=GET endpoint=https://www.bls.gov/news.release/pdf/empsit.pdf,2026-10-02,2026-10-02 08:24:33-05,2026-10-03T18:40:23.877968+00:00,REVISION,True,2026-10-03,2026-10-02,official-7ab7919db6ccf90554f8700a,,,,,,,,
NFP,BLS,2026-10-02,,December 2025,-17000.0,,-67000.0,,,2026-10-02,BLS API values; release/vintage corroborated via St. Louis Fed FRED/ALFRED,https://fred.stlouisfed.org/series/PAYEMS,,,,,,CES0000000001,"jobs, monthly SA change",REVISED,VERIFIED,METADATA_UNVERIFIED,2026-01-09,https://api.bls.gov/publicAPI/v2/timeseries/data/CES0000000001,September 2026,FRED_ALFRED,BLS_VALUE_FRED_RELEASE_VINTAGE_PARITY,https://api.stlouisfed.org/fred/release/dates,PAYEMS,50.0,BLS values available; release metadata unavailable: HTTPError status=403 method=GET endpoint=https://www.bls.gov/feed/empsit.rss; HTTPError status=403 method=GET endpoint=https://www.bls.gov/news.release/empsit.nr0.htm; HTTPError status=403 method=GET endpoint=https://www.bls.gov/news.release/pdf/empsit.pdf,2026-10-02,2026-10-02 08:24:33-05,2026-10-03T18:40:23.877968+00:00,REVISION,True,2026-10-03,2026-10-02,official-e1ec4b59458b3155a537f46e,,,,,,,,
NFP,BLS,2026-10-02,,February 2024,206000.0,,-69000.0,,,2026-10-02,BLS API values; release/vintage corroborated via St. Louis Fed FRED/ALFRED,https://fred.stlouisfed.org/series/PAYEMS,,,,,,CES0000000001,"jobs, monthly SA change",REVISED,VERIFIED,METADATA_UNVERIFIED,2024-03-08,https://api.bls.gov/publicAPI/v2/timeseries/data/CES0000000001,September 2026,FRED_ALFRED,BLS_VALUE_FRED_RELEASE_VINTAGE_PARITY,https://api.stlouisfed.org/fred/release/dates,PAYEMS,50.0,BLS values available; release metadata unavailable: HTTPError status=403 method=GET endpoint=https://www.bls.gov/feed/empsit.rss; HTTPError status=403 method=GET endpoint=https://www.bls.gov/news.release/empsit.nr0.htm; HTTPError status=403 method=GET endpoint=https://www.bls.gov/news.release/pdf/empsit.pdf,2026-10-02,2026-10-02 08:24:33-05,2026-10-03T18:40:23.877968+00:00,REVISION,True,2026-10-03,2026-10-02,official-8ef5ce668ec5a3483cd1c0d6,,,,,,,,
NFP,BLS,2026-10-02,,February 2025,42000.0,,-109000.0,,,2026-10-02,BLS API values; release/vintage corroborated via St. Louis Fed FRED/ALFRED,https://fred.stlouisfed.org/series/PAYEMS,,,,,,CES0000000001,"jobs, monthly SA change",REVISED,VERIFIED,METADATA_UNVERIFIED,2025-03-07,https://api.bls.gov/publicAPI/v2/timeseries/data/CES0000000001,September 2026,FRED_ALFRED,BLS_VALUE_FRED_RELEASE_VINTAGE_PARITY,https://api.stlouisfed.org/fred/release/dates,PAYEMS,50.0,BLS values available; release metadata unavailable: HTTPError status=403 method=GET endpoint=https://www.bls.gov/feed/empsit.rss; HTTPError status=403 method=GET endpoint=https://www.bls.gov/news.release/empsit.nr0.htm; HTTPError status=403 method=GET endpoint=https://www.bls.gov/news.release/pdf/empsit.pdf,2026-10-02,2026-10-02 08:24:33-05,2026-10-03T18:40:23.877968+00:00,REVISION,True,2026-10-03,2026-10-02,official-bca2ada48ca90b5d0414279d,,,,,,,,
NFP,BLS,2026-10-02,,January 2025,-48000.0,,-191000.0,,,2026-10-02,BLS API values; release/vintage corroborated via St. Louis Fed FRED/ALFRED,https://fred.stlouisfed.org/series/PAYEMS,,,,,,CES0000000001,"jobs, monthly SA change",REVISED,VERIFIED,METADATA_UNVERIFIED,2025-02-07,https://api.bls.gov/publicAPI/v2/timeseries/data/CES0000000001,September 2026,FRED_ALFRED,BLS_VALUE_FRED_RELEASE_VINTAGE_PARITY,https://api.stlouisfed.org/fred/release/dates,PAYEMS,50.0,BLS values available; release metadata unavailable: HTTPError status=403 method=GET endpoint=https://www.bls.gov/feed/empsit.rss; HTTPError status=403 method=GET endpoint=https://www.bls.gov/news.release/empsit.nr0.htm; HTTPError status=403 method=GET endpoint=https://www.bls.gov/news.release/pdf/empsit.pdf,2026-10-02,2026-10-02 08:24:33-05,2026-10-03T18:40:23.877968+00:00,REVISION,True,2026-10-03,2026-10-02,official-7939fa3ece0581a5fd7c9d9d,,,,,,,,
NFP,BLS,2026-10-02,,July 2024,53000.0,,-61000.0,,,2026-10-02,BLS API values; release/vintage corroborated via St. Louis Fed FRED/ALFRED,https://fred.stlouisfed.org/series/PAYEMS,,,,,,CES0000000001,"jobs, monthly SA change",REVISED,VERIFIED,METADATA_UNVERIFIED,2024-08-02,https://api.bls.gov/publicAPI/v2/timeseries/data/CES0000000001,September 2026,FRED_ALFRED,BLS_VALUE_FRED_RELEASE_VINTAGE_PARITY,https://api.stlouisfed.org/fred/release/dates,PAYEMS,50.0,BLS values available; release metadata unavailable: HTTPError status=403 method=GET endpoint=https://www.bls.gov/feed/empsit.rss; HTTPError status=403 method=GET endpoint=https://www.bls.gov/news.release/empsit.nr0.htm; HTTPError status=403 method=GET endpoint=https://www.bls.gov/news.release/pdf/empsit.pdf,2026-10-02,2026-10-02 08:24:33-05,2026-10-03T18:40:23.877968+00:00,REVISION,True,2026-10-03,2026-10-02,official-fb57891a8689a32c517e73f7,,,,,,,,
NFP,BLS,2026-10-02,,July 2025,64000.0,,-9000.0,,,2026-10-02,BLS API values; release/vintage corroborated via St. Louis Fed FRED/ALFRED,https://fred.stlouisfed.org/series/PAYEMS,,,,,,CES0000000001,"jobs, monthly SA change",REVISED,VERIFIED,METADATA_UNVERIFIED,2025-08-01,https://api.bls.gov/publicAPI/v2/timeseries/data/CES0000000001,September 2026,FRED_ALFRED,BLS_VALUE_FRED_RELEASE_VINTAGE_PARITY,https://api.stlouisfed.org/fred/release/dates,PAYEMS,50.0,BLS values available; release metadata unavailable: HTTPError status=403 method=GET endpoint=https://www.bls.gov/feed/empsit.rss; HTTPError status=403 method=GET endpoint=https://www.bls.gov/news.release/empsit.nr0.htm; HTTPError status=403 method=GET endpoint=https://www.bls.gov/news.release/pdf/empsit.pdf,2026-10-02,2026-10-02 08:24:33-05,2026-10-03T18:40:23.877968+00:00,REVISION,True,2026-10-03,2026-10-02,official-329bec970692c7cf36ef0941,,,,,,,,
NFP,BLS,2026-10-02,,June 2024,87000.0,,-119000.0,,,2026-10-02,BLS API values; release/vintage corroborated via St. Louis Fed FRED/ALFRED,https://fred.stlouisfed.org/series/PAYEMS,,,,,,CES0000000001,"jobs, monthly SA change",REVISED,VERIFIED,METADATA_UNVERIFIED,2024-07-05,https://api.bls.gov/publicAPI/v2/timeseries/data/CES0000000001,September 2026,FRED_ALFRED,BLS_VALUE_FRED_RELEASE_VINTAGE_PARITY,https://api.stlouisfed.org/fred/release/dates,PAYEMS,50.0,BLS values available; release metadata unavailable: HTTPError status=403 method=GET endpoint=https://www.bls.gov/feed/empsit.rss; HTTPError status=403 method=GET endpoint=https://www.bls.gov/news.release/empsit.nr0.htm; HTTPError status=403 method=GET endpoint=https://www.bls.gov/news.release/pdf/empsit.pdf,2026-10-02,2026-10-02 08:24:33-05,2026-10-03T18:40:23.877968+00:00,REVISION,True,2026-10-03,2026-10-02,official-357c974b090b4bbee116c045,,,,,,,,
NFP,BLS,2026-10-02,,June 2025,-20000.0,,-167000.0,,,2026-10-02,BLS API values; release/vintage corroborated via St. Louis Fed FRED/ALFRED,https://fred.stlouisfed.org/series/PAYEMS,,,,,,CES0000000001,"jobs, monthly SA change",REVISED,VERIFIED,METADATA_UNVERIFIED,2025-07-03,https://api.bls.gov/publicAPI/v2/timeseries/data/CES0000000001,September 2026,FRED_ALFRED,BLS_VALUE_FRED_RELEASE_VINTAGE_PARITY,https://api.stlouisfed.org/fred/release/dates,PAYEMS,50.0,BLS values available; release metadata unavailable: HTTPError status=403 method=GET endpoint=https://www.bls.gov/feed/empsit.rss; HTTPError status=403 method=GET endpoint=https://www.bls.gov/news.release/empsit.nr0.htm; HTTPError status=403 method=GET endpoint=https://www.bls.gov/news.release/pdf/empsit.pdf,2026-10-02,2026-10-02 08:24:33-05,2026-10-03T18:40:23.877968+00:00,REVISION,True,2026-10-03,2026-10-02,official-6b7c25b6bfaf4e66243c35ef,,,,,,,,
NFP,BLS,2026-10-02,,March 2024,228000.0,,-75000.0,,,2026-10-02,BLS API values; release/vintage corroborated via St. Louis Fed FRED/ALFRED,https://fred.stlouisfed.org/series/PAYEMS,,,,,,CES0000000001,"jobs, monthly SA change",REVISED,VERIFIED,METADATA_UNVERIFIED,2024-04-05,https://api.bls.gov/publicAPI/v2/timeseries/data/CES0000000001,September 2026,FRED_ALFRED,BLS_VALUE_FRED_RELEASE_VINTAGE_PARITY,https://api.stlouisfed.org/fred/release/dates,PAYEMS,50.0,BLS values available; release metadata unavailable: HTTPError status=403 method=GET endpoint=https://www.bls.gov/feed/empsit.rss; HTTPError status=403 method=GET endpoint=https://www.bls.gov/news.release/empsit.nr0.htm; HTTPError status=403 method=GET endpoint=https://www.bls.gov/news.release/pdf/empsit.pdf,2026-10-02,2026-10-02 08:24:33-05,2026-10-03T18:40:23.877968+00:00,REVISION,True,2026-10-03,2026-10-02,official-b7e882d1dedd8c200ea1f75e,,,,,,,,
NFP,BLS,2026-10-02,,March 2025,67000.0,,-161000.0,,,2026-10-02,BLS API values; release/vintage corroborated via St. Louis Fed FRED/ALFRED,https://fred.stlouisfed.org/series/PAYEMS,,,,,,CES0000000001,"jobs, monthly SA change",REVISED,VERIFIED,METADATA_UNVERIFIED,2025-04-04,https://api.bls.gov/publicAPI/v2/timeseries/data/CES0000000001,September 2026,FRED_ALFRED,BLS_VALUE_FRED_RELEASE_VINTAGE_PARITY,https://api.stlouisfed.org/fred/release/dates,PAYEMS,50.0,BLS values available; release metadata unavailable: HTTPError status=403 method=GET endpoint=https://www.bls.gov/feed/empsit.rss; HTTPError status=403 method=GET endpoint=https://www.bls.gov/news.release/empsit.nr0.htm; HTTPError status=403 method=GET endpoint=https://www.bls.gov/news.release/pdf/empsit.pdf,2026-10-02,2026-10-02 08:24:33-05,2026-10-03T18:40:23.877968+00:00,REVISION,True,2026-10-03,2026-10-02,official-1cc8d65dc9d5cdfc8c95e1f0,,,,,,,,
NFP,BLS,2026-10-02,,May 2024,78000.0,,-194000.0,,,2026-10-02,BLS API values; release/vintage corroborated via St. Louis Fed FRED/ALFRED,https://fred.stlouisfed.org/series/PAYEMS,,,,,,CES0000000001,"jobs, monthly SA change",REVISED,VERIFIED,METADATA_UNVERIFIED,2024-06-07,https://api.bls.gov/publicAPI/v2/timeseries/data/CES0000000001,September 2026,FRED_ALFRED,BLS_VALUE_FRED_RELEASE_VINTAGE_PARITY,https://api.stlouisfed.org/fred/release/dates,PAYEMS,50.0,BLS values available; release metadata unavailable: HTTPError status=403 method=GET endpoint=https://www.bls.gov/feed/empsit.rss; HTTPError status=403 method=GET endpoint=https://www.bls.gov/news.release/empsit.nr0.htm; HTTPError status=403 method=GET endpoint=https://www.bls.gov/news.release/pdf/empsit.pdf,2026-10-02,2026-10-02 08:24:33-05,2026-10-03T18:40:23.877968+00:00,REVISION,True,2026-10-03,2026-10-02,official-1d230c305584e0fbc9d32ebe,,,,,,,,
NFP,BLS,2026-10-02,,May 2025,13000.0,,-126000.0,,,2026-10-02,BLS API values; release/vintage corroborated via St. Louis Fed FRED/ALFRED,https://fred.stlouisfed.org/series/PAYEMS,,,,,,CES0000000001,"jobs, monthly SA change",REVISED,VERIFIED,METADATA_UNVERIFIED,2025-06-06,https://api.bls.gov/publicAPI/v2/timeseries/data/CES0000000001,September 2026,FRED_ALFRED,BLS_VALUE_FRED_RELEASE_VINTAGE_PARITY,https://api.stlouisfed.org/fred/release/dates,PAYEMS,50.0,BLS values available; release metadata unavailable: HTTPError status=403 method=GET endpoint=https://www.bls.gov/feed/empsit.rss; HTTPError status=403 method=GET endpoint=https://www.bls.gov/news.release/empsit.nr0.htm; HTTPError status=403 method=GET endpoint=https://www.bls.gov/news.release/pdf/empsit.pdf,2026-10-02,2026-10-02 08:24:33-05,2026-10-03T18:40:23.877968+00:00,REVISION,True,2026-10-03,2026-10-02,official-9d9639408171e8c566715a7d,,,,,,,,
NFP,BLS,2026-10-02,,November 2024,134000.0,,-93000.0,,,2026-10-02,BLS API values; release/vintage corroborated via St. Louis Fed FRED/ALFRED,https://fred.stlouisfed.org/series/PAYEMS,,,,,,CES0000000001,"jobs, monthly SA change",REVISED,VERIFIED,METADATA_UNVERIFIED,2024-12-06,https://api.bls.gov/publicAPI/v2/timeseries/data/CES0000000001,September 2026,FRED_ALFRED,BLS_VALUE_FRED_RELEASE_VINTAGE_PARITY,https://api.stlouisfed.org/fred/release/dates,PAYEMS,50.0,BLS values available; release metadata unavailable: HTTPError status=403 method=GET endpoint=https://www.bls.gov/feed/empsit.rss; HTTPError status=403 method=GET endpoint=https://www.bls.gov/news.release/empsit.nr0.htm; HTTPError status=403 method=GET endpoint=https://www.bls.gov/news.release/pdf/empsit.pdf,2026-10-02,2026-10-02 08:24:33-05,2026-10-03T18:40:23.877968+00:00,REVISION,True,2026-10-03,2026-10-02,official-ac38bf22f8c37f07bb46ba14,,,,,,,,
NFP,BLS,2026-10-02,,November 2025,41000.0,,-23000.0,,,2026-10-02,BLS API values; release/vintage corroborated via St. Louis Fed FRED/ALFRED,https://fred.stlouisfed.org/series/PAYEMS,,,,,,CES0000000001,"jobs, monthly SA change",REVISED,VERIFIED,METADATA_UNVERIFIED,2025-12-16,https://api.bls.gov/publicAPI/v2/timeseries/data/CES0000000001,September 2026,FRED_ALFRED,BLS_VALUE_FRED_RELEASE_VINTAGE_PARITY,https://api.stlouisfed.org/fred/release/dates,PAYEMS,50.0,BLS values available; release metadata unavailable: HTTPError status=403 method=GET endpoint=https://www.bls.gov/feed/empsit.rss; HTTPError status=403 method=GET endpoint=https://www.bls.gov/news.release/empsit.nr0.htm; HTTPError status=403 method=GET endpoint=https://www.bls.gov/news.release/pdf/empsit.pdf,2026-10-02,2026-10-02 08:24:33-05,2026-10-03T18:40:23.877968+00:00,REVISION,True,2026-10-03,2026-10-02,official-2da47ce1695c1892feb1e5ac,,,,,,,,
NFP,BLS,2026-10-02,,October 2024,33000.0,,21000.0,,,2026-10-02,BLS API values; release/vintage corroborated via St. Louis Fed FRED/ALFRED,https://fred.stlouisfed.org/series/PAYEMS,,,,,,CES0000000001,"jobs, monthly SA change",REVISED,VERIFIED,METADATA_UNVERIFIED,2024-11-01,https://api.bls.gov/publicAPI/v2/timeseries/data/CES0000000001,September 2026,FRED_ALFRED,BLS_VALUE_FRED_RELEASE_VINTAGE_PARITY,https://api.stlouisfed.org/fred/release/dates,PAYEMS,50.0,BLS values available; release metadata unavailable: HTTPError status=403 method=GET endpoint=https://www.bls.gov/feed/empsit.rss; HTTPError status=403 method=GET endpoint=https://www.bls.gov/news.release/empsit.nr0.htm; HTTPError status=403 method=GET endpoint=https://www.bls.gov/news.release/pdf/empsit.pdf,2026-10-02,2026-10-02 08:24:33-05,2026-10-03T18:40:23.877968+00:00,REVISION,True,2026-10-03,2026-10-02,official-45409b61aed29f125e9f27e9,,,,,,,,
NFP,BLS,2026-10-02,,October 2025,-140000.0,,-35000.0,,,2026-10-02,BLS API values; release/vintage corroborated via St. Louis Fed FRED/ALFRED,https://fred.stlouisfed.org/series/PAYEMS,,,,,,CES0000000001,"jobs, monthly SA change",REVISED,VERIFIED,METADATA_UNVERIFIED,2025-12-16,https://api.bls.gov/publicAPI/v2/timeseries/data/CES0000000001,September 2026,FRED_ALFRED,BLS_VALUE_FRED_RELEASE_VINTAGE_PARITY,https://api.stlouisfed.org/fred/release/dates,PAYEMS,50.0,BLS values available; release metadata unavailable: HTTPError status=403 method=GET endpoint=https://www.bls.gov/feed/empsit.rss; HTTPError status=403 method=GET endpoint=https://www.bls.gov/news.release/empsit.nr0.htm; HTTPError status=403 method=GET endpoint=https://www.bls.gov/news.release/pdf/empsit.pdf,2026-10-02,2026-10-02 08:24:33-05,2026-10-03T18:40:23.877968+00:00,REVISION,True,2026-10-03,2026-10-02,official-9a2c74b528e95af7be3eb4d6,,,,,,,,
NFP,BLS,2026-10-02,,September 2024,155000.0,,-99000.0,,,2026-10-02,BLS API values; release/vintage corroborated via St. Louis Fed FRED/ALFRED,https://fred.stlouisfed.org/series/PAYEMS,,,,,,CES0000000001,"jobs, monthly SA change",REVISED,VERIFIED,METADATA_UNVERIFIED,2024-10-04,https://api.bls.gov/publicAPI/v2/timeseries/data/CES0000000001,September 2026,FRED_ALFRED,BLS_VALUE_FRED_RELEASE_VINTAGE_PARITY,https://api.stlouisfed.org/fred/release/dates,PAYEMS,50.0,BLS values available; release metadata unavailable: HTTPError status=403 method=GET endpoint=https://www.bls.gov/feed/empsit.rss; HTTPError status=403 method=GET endpoint=https://www.bls.gov/news.release/empsit.nr0.htm; HTTPError status=403 method=GET endpoint=https://www.bls.gov/news.release/pdf/empsit.pdf,2026-10-02,2026-10-02 08:24:33-05,2026-10-03T18:40:23.877968+00:00,REVISION,True,2026-10-03,2026-10-02,official-a1aac4e31d74d8aca5cbef8e,,,,,,,,
NFP,BLS,2026-10-02,,September 2025,76000.0,,-43000.0,,,2026-10-02,BLS API values; release/vintage corroborated via St. Louis Fed FRED/ALFRED,https://fred.stlouisfed.org/series/PAYEMS,,,,,,CES0000000001,"jobs, monthly SA change",REVISED,VERIFIED,METADATA_UNVERIFIED,2025-11-20,https://api.bls.gov/publicAPI/v2/timeseries/data/CES0000000001,September 2026,FRED_ALFRED,BLS_VALUE_FRED_RELEASE_VINTAGE_PARITY,https://api.stlouisfed.org/fred/release/dates,PAYEMS,50.0,BLS values available; release metadata unavailable: HTTPError status=403 method=GET endpoint=https://www.bls.gov/feed/empsit.rss; HTTPError status=403 method=GET endpoint=https://www.bls.gov/news.release/empsit.nr0.htm; HTTPError status=403 method=GET endpoint=https://www.bls.gov/news.release/pdf/empsit.pdf,2026-10-02,2026-10-02 08:24:33-05,2026-10-03T18:40:23.877968+00:00,REVISION,True,2026-10-03,2026-10-02,official-2a4002efad41d2b53d91c52e,,,,,,,,
NFP,BLS,2026-10-02,,September 2026,29000.0,133000.0,,,,2026-10-02,BLS API values; release/vintage corroborated via St. Louis Fed FRED/ALFRED,https://fred.stlouisfed.org/series/PAYEMS,,,,,,CES0000000001,"jobs, monthly SA change",PRELIMINARY,VERIFIED,METADATA_UNVERIFIED,,https://api.bls.gov/publicAPI/v2/timeseries/data/CES0000000001,September 2026,FRED_ALFRED,BLS_VALUE_FRED_RELEASE_VINTAGE_PARITY,https://api.stlouisfed.org/fred/release/dates,PAYEMS,50.0,BLS values available; release metadata unavailable: HTTPError status=403 method=GET endpoint=https://www.bls.gov/feed/empsit.rss; HTTPError status=403 method=GET endpoint=https://www.bls.gov/news.release/empsit.nr0.htm; HTTPError status=403 method=GET endpoint=https://www.bls.gov/news.release/pdf/empsit.pdf,2026-10-02,2026-10-02 08:24:33-05,2026-10-03T18:40:23.877968+00:00,NEW_RELEASE,False,2026-10-03,2026-10-02,official-815f43eae175991e96e60812,,,,,,,,
UNEMPLOYMENT_RATE,BLS,2026-10-02,,February 2025,4.2,,0.1000000000000005,,,2026-10-02,BLS API values; release/vintage corroborated via St. Louis Fed FRED/ALFRED,https://fred.stlouisfed.org/series/UNRATE,,,,,,LNS14000000,percent SA,REVISED,VERIFIED,METADATA_UNVERIFIED,2025-03-07,https://api.bls.gov/publicAPI/v2/timeseries/data/LNS14000000,September 2026,FRED_ALFRED,BLS_VALUE_FRED_RELEASE_VINTAGE_PARITY,https://api.stlouisfed.org/fred/release/dates,UNRATE,50.0,BLS values available; release metadata unavailable: HTTPError status=403 method=GET endpoint=https://www.bls.gov/feed/empsit.rss; HTTPError status=403 method=GET endpoint=https://www.bls.gov/news.release/empsit.nr0.htm; HTTPError status=403 method=GET endpoint=https://www.bls.gov/news.release/pdf/empsit.pdf,2026-10-02,2026-10-02 08:24:37-05,2026-10-03T18:40:23.877968+00:00,REVISION,True,2026-10-03,2026-10-02,official-c65fe4683f4c4b799e08926a,,,,,,,,
UNEMPLOYMENT_RATE,BLS,2026-10-02,,July 2024,4.2,,-0.0999999999999996,,,2026-10-02,BLS API values; release/vintage corroborated via St. Louis Fed FRED/ALFRED,https://fred.stlouisfed.org/series/UNRATE,,,,,,LNS14000000,percent SA,REVISED,VERIFIED,METADATA_UNVERIFIED,2024-08-02,https://api.bls.gov/publicAPI/v2/timeseries/data/LNS14000000,September 2026,FRED_ALFRED,BLS_VALUE_FRED_RELEASE_VINTAGE_PARITY,https://api.stlouisfed.org/fred/release/dates,UNRATE,50.0,BLS values available; release metadata unavailable: HTTPError status=403 method=GET endpoint=https://www.bls.gov/feed/empsit.rss; HTTPError status=403 method=GET endpoint=https://www.bls.gov/news.release/empsit.nr0.htm; HTTPError status=403 method=GET endpoint=https://www.bls.gov/news.release/pdf/empsit.pdf,2026-10-02,2026-10-02 08:24:37-05,2026-10-03T18:40:23.877968+00:00,REVISION,True,2026-10-03,2026-10-02,official-9fb36f188852aeae5fcdef33,,,,,,,,
UNEMPLOYMENT_RATE,BLS,2026-10-02,,July 2025,4.3,,0.0999999999999996,,,2026-10-02,BLS API values; release/vintage corroborated via St. Louis Fed FRED/ALFRED,https://fred.stlouisfed.org/series/UNRATE,,,,,,LNS14000000,percent SA,REVISED,VERIFIED,METADATA_UNVERIFIED,2025-08-01,https://api.bls.gov/publicAPI/v2/timeseries/data/LNS14000000,September 2026,FRED_ALFRED,BLS_VALUE_FRED_RELEASE_VINTAGE_PARITY,https://api.stlouisfed.org/fred/release/dates,UNRATE,50.0,BLS values available; release metadata unavailable: HTTPError status=403 method=GET endpoint=https://www.bls.gov/feed/empsit.rss; HTTPError status=403 method=GET endpoint=https://www.bls.gov/news.release/empsit.nr0.htm; HTTPError status=403 method=GET endpoint=https://www.bls.gov/news.release/pdf/empsit.pdf,2026-10-02,2026-10-02 08:24:37-05,2026-10-03T18:40:23.877968+00:00,REVISION,True,2026-10-03,2026-10-02,official-ee0ba5066a3da721503f5d7a,,,,,,,,
UNEMPLOYMENT_RATE,BLS,2026-10-02,,March 2024,3.9,,0.1,,,2026-10-02,BLS API values; release/vintage corroborated via St. Louis Fed FRED/ALFRED,https://fred.stlouisfed.org/series/UNRATE,,,,,,LNS14000000,percent SA,REVISED,VERIFIED,METADATA_UNVERIFIED,2024-04-05,https://api.bls.gov/publicAPI/v2/timeseries/data/LNS14000000,September 2026,FRED_ALFRED,BLS_VALUE_FRED_RELEASE_VINTAGE_PARITY,https://api.stlouisfed.org/fred/release/dates,UNRATE,50.0,BLS values available; release metadata unavailable: HTTPError status=403 method=GET endpoint=https://www.bls.gov/feed/empsit.rss; HTTPError status=403 method=GET endpoint=https://www.bls.gov/news.release/empsit.nr0.htm; HTTPError status=403 method=GET endpoint=https://www.bls.gov/news.release/pdf/empsit.pdf,2026-10-02,2026-10-02 08:24:37-05,2026-10-03T18:40:23.877968+00:00,REVISION,True,2026-10-03,2026-10-02,official-58afc25a5b76e215b87881c7,,,,,,,,
UNEMPLOYMENT_RATE,BLS,2026-10-02,,May 2024,3.9,,-0.1,,,2026-10-02,BLS API values; release/vintage corroborated via St. Louis Fed FRED/ALFRED,https://fred.stlouisfed.org/series/UNRATE,,,,,,LNS14000000,percent SA,REVISED,VERIFIED,METADATA_UNVERIFIED,2024-06-07,https://api.bls.gov/publicAPI/v2/timeseries/data/LNS14000000,September 2026,FRED_ALFRED,BLS_VALUE_FRED_RELEASE_VINTAGE_PARITY,https://api.stlouisfed.org/fred/release/dates,UNRATE,50.0,BLS values available; release metadata unavailable: HTTPError status=403 method=GET endpoint=https://www.bls.gov/feed/empsit.rss; HTTPError status=403 method=GET endpoint=https://www.bls.gov/news.release/empsit.nr0.htm; HTTPError status=403 method=GET endpoint=https://www.bls.gov/news.release/pdf/empsit.pdf,2026-10-02,2026-10-02 08:24:37-05,2026-10-03T18:40:23.877968+00:00,REVISION,True,2026-10-03,2026-10-02,official-3aeeef638b9f1bcb03f8e272,,,,,,,,
UNEMPLOYMENT_RATE,BLS,2026-10-02,,May 2025,4.3,,0.0999999999999996,,,2026-10-02,BLS API values; release/vintage corroborated via St. Louis Fed FRED/ALFRED,https://fred.stlouisfed.org/series/UNRATE,,,,,,LNS14000000,percent SA,REVISED,VERIFIED,METADATA_UNVERIFIED,2025-06-06,https://api.bls.gov/publicAPI/v2/timeseries/data/LNS14000000,September 2026,FRED_ALFRED,BLS_VALUE_FRED_RELEASE_VINTAGE_PARITY,https://api.stlouisfed.org/fred/release/dates,UNRATE,50.0,BLS values available; release metadata unavailable: HTTPError status=403 method=GET endpoint=https://www.bls.gov/feed/empsit.rss; HTTPError status=403 method=GET endpoint=https://www.bls.gov/news.release/empsit.nr0.htm; HTTPError status=403 method=GET endpoint=https://www.bls.gov/news.release/pdf/empsit.pdf,2026-10-02,2026-10-02 08:24:37-05,2026-10-03T18:40:23.877968+00:00,REVISION,True,2026-10-03,2026-10-02,official-8b5f940a0d3a834befc9cb5e,,,,,,,,
UNEMPLOYMENT_RATE,BLS,2026-10-02,,November 2025,4.5,,-0.0999999999999996,,,2026-10-02,BLS API values; release/vintage corroborated via St. Louis Fed FRED/ALFRED,https://fred.stlouisfed.org/series/UNRATE,,,,,,LNS14000000,percent SA,REVISED,VERIFIED,METADATA_UNVERIFIED,2025-12-16,https://api.bls.gov/publicAPI/v2/timeseries/data/LNS14000000,September 2026,FRED_ALFRED,BLS_VALUE_FRED_RELEASE_VINTAGE_PARITY,https://api.stlouisfed.org/fred/release/dates,UNRATE,50.0,BLS values available; release metadata unavailable: HTTPError status=403 method=GET endpoint=https://www.bls.gov/feed/empsit.rss; HTTPError status=403 method=GET endpoint=https://www.bls.gov/news.release/empsit.nr0.htm; HTTPError status=403 method=GET endpoint=https://www.bls.gov/news.release/pdf/empsit.pdf,2026-10-02,2026-10-02 08:24:37-05,2026-10-03T18:40:23.877968+00:00,REVISION,True,2026-10-03,2026-10-02,official-4a6a435c104b6bd541771887,,,,,,,,
UNEMPLOYMENT_RATE,BLS,2026-10-02,,September 2026,4.2,4.1,,,,2026-10-02,BLS API values; release/vintage corroborated via St. Louis Fed FRED/ALFRED,https://fred.stlouisfed.org/series/UNRATE,,,,,,LNS14000000,percent SA,CURRENT_VINTAGE,VERIFIED,METADATA_UNVERIFIED,,https://api.bls.gov/publicAPI/v2/timeseries/data/LNS14000000,September 2026,FRED_ALFRED,BLS_VALUE_FRED_RELEASE_VINTAGE_PARITY,https://api.stlouisfed.org/fred/release/dates,UNRATE,50.0,BLS values available; release metadata unavailable: HTTPError status=403 method=GET endpoint=https://www.bls.gov/feed/empsit.rss; HTTPError status=403 method=GET endpoint=https://www.bls.gov/news.release/empsit.nr0.htm; HTTPError status=403 method=GET endpoint=https://www.bls.gov/news.release/pdf/empsit.pdf,2026-10-02,2026-10-02 08:24:37-05,2026-10-03T18:40:23.877968+00:00,NEW_RELEASE,False,2026-10-03,2026-10-02,official-79ff574650c2a3a53f5767de,,,,,,,,
ISM_SERVICES_PMI,ISM,2026-10-05,10:00 ET,September 2026,54.9,,,,,2026-10-05,ISM official release,https://www.ismworld.org/supply-management-news-and-reports/reports/ism-pmi-reports/services/september/,,,,,,Services headline PMI composite,diffusion index,CURRENT_VINTAGE,VERIFIED,,,,,,,https://www.ismworld.org/supply-management-news-and-reports/reports/rob-report-calendar/,,,,,,2026-10-05T23:09:59.271845+00:00,NEW_RELEASE,False,2026-10-05,2026-10-05,official-082b56d6b123fdcdb99bbe8a,https://www.ismworld.org/supply-management-news-and-reports/reports/ism-pmi-reports/,,,,,,,False
