indicator,agency,release_date,release_time,reference_period,actual,previous,revision,consensus,consensus_source,vintage_date,source,source_url,release_type,regime_eligible,point_in_time_safe,consensus_available,classic_surprise,prior_observation,prior_observation_release_date,delta_method,delta_reference_value,delta_reference_release_date,release_delta,direction_multiplier,directional_release_shock,directional_zscore,prior_valid_observation_count,zscore_class,zscore_method,consensus_method,research_only,decision_engine_ready
CORE_CPI,BLS,2020-02-13,08:30 ET,January 2020,0.2,,,,,2020-02-13,U.S. Bureau of Labor Statistics — Consumer Price Index,https://www.bls.gov/news.release/archives/cpi_20200213.htm,NEW_PERIOD_RELEASE,True,True,False,,,,NONE,,,,1.0,,,0,INSUFFICIENT_HISTORY,EXPANDING_PRIOR_ONLY,NOT_AVAILABLE,True,False
CORE_CPI,BLS,2020-03-11,08:30 ET,February 2020,0.2,,,,,2020-03-11,U.S. Bureau of Labor Statistics — Consumer Price Index,https://www.bls.gov/news.release/archives/cpi_20200311.htm,NEW_PERIOD_RELEASE,True,True,False,,0.2,2020-02-13,PRIOR_OBSERVATION,0.2,2020-02-13,0.0,1.0,0.0,,0,INSUFFICIENT_HISTORY,EXPANDING_PRIOR_ONLY,NOT_AVAILABLE,True,False
CORE_CPI,BLS,2020-04-10,08:30 ET,March 2020,0.1,,,,,2020-04-10,U.S. Bureau of Labor Statistics — Consumer Price Index,https://www.bls.gov/news.release/archives/cpi_20200410.htm,NEW_PERIOD_RELEASE,True,True,False,,0.2,2020-03-11,PRIOR_OBSERVATION,0.2,2020-03-11,-0.1,1.0,-0.1,,1,INSUFFICIENT_HISTORY,EXPANDING_PRIOR_ONLY,NOT_AVAILABLE,True,False
CORE_CPI,BLS,2020-05-12,08:30 ET,April 2020,-0.4,,,,,2020-05-12,U.S. Bureau of Labor Statistics — Consumer Price Index,https://www.bls.gov/news.release/archives/cpi_20200512.htm,NEW_PERIOD_RELEASE,True,True,False,,0.1,2020-04-10,PRIOR_OBSERVATION,0.1,2020-04-10,-0.5,1.0,-0.5,,2,INSUFFICIENT_HISTORY,EXPANDING_PRIOR_ONLY,NOT_AVAILABLE,True,False
CORE_CPI,BLS,2020-06-10,08:30 ET,May 2020,-0.1,,,,,2020-06-10,U.S. Bureau of Labor Statistics — Consumer Price Index,https://www.bls.gov/news.release/archives/cpi_20200610.htm,NEW_PERIOD_RELEASE,True,True,False,,-0.4,2020-05-12,PRIOR_OBSERVATION,-0.4,2020-05-12,0.30000000000000004,1.0,0.30000000000000004,1.8898223650461359,3,LARGE_POSITIVE,EXPANDING_PRIOR_ONLY,NOT_AVAILABLE,True,False
CORE_CPI,BLS,2020-07-14,08:30 ET,June 2020,0.2,,,,,2020-07-14,U.S. Bureau of Labor Statistics — Consumer Price Index,https://www.bls.gov/news.release/archives/cpi_20200714.htm,NEW_PERIOD_RELEASE,True,True,False,,-0.1,2020-06-10,PRIOR_OBSERVATION,-0.1,2020-06-10,0.30000000000000004,1.0,0.30000000000000004,1.1349748626869662,4,LARGE_POSITIVE,EXPANDING_PRIOR_ONLY,NOT_AVAILABLE,True,False
CORE_CPI,BLS,2020-08-12,08:30 ET,July 2020,0.6,,,,,2020-08-12,U.S. Bureau of Labor Statistics — Consumer Price Index,https://www.bls.gov/news.release/archives/cpi_20200812.htm,NEW_PERIOD_RELEASE,True,True,False,,0.2,2020-07-14,PRIOR_OBSERVATION,0.2,2020-07-14,0.39999999999999997,1.0,0.39999999999999997,1.2060453783110543,5,LARGE_POSITIVE,EXPANDING_PRIOR_ONLY,NOT_AVAILABLE,True,False
CORE_CPI,BLS,2020-09-11,08:30 ET,August 2020,0.4,,,,,2020-09-11,U.S. Bureau of Labor Statistics — Consumer Price Index,https://www.bls.gov/news.release/archives/cpi_20200911.htm,NEW_PERIOD_RELEASE,True,True,False,,0.6,2020-08-12,PRIOR_OBSERVATION,0.6,2020-08-12,-0.19999999999999996,1.0,-0.19999999999999996,-0.7874992309581575,6,NORMAL_RANGE,EXPANDING_PRIOR_ONLY,NOT_AVAILABLE,True,False
CORE_CPI,BLS,2020-10-13,08:30 ET,September 2020,0.2,,,,,2020-10-13,U.S. Bureau of Labor Statistics — Consumer Price Index,https://www.bls.gov/news.release/archives/cpi_20201013.htm,NEW_PERIOD_RELEASE,True,True,False,,0.4,2020-09-11,PRIOR_OBSERVATION,0.4,2020-09-11,-0.2,1.0,-0.2,-0.7029996402619949,7,NORMAL_RANGE,EXPANDING_PRIOR_ONLY,NOT_AVAILABLE,True,False
CORE_CPI,BLS,2020-11-12,08:30 ET,October 2020,0.0,,,,,2020-11-12,U.S. Bureau of Labor Statistics — Consumer Price Index,https://www.bls.gov/news.release/archives/cpi_20201112.htm,NEW_PERIOD_RELEASE,True,True,False,,0.2,2020-10-13,PRIOR_OBSERVATION,0.2,2020-10-13,-0.2,1.0,-0.2,-0.641688947919748,8,NORMAL_RANGE,EXPANDING_PRIOR_ONLY,NOT_AVAILABLE,True,False
CORE_CPI,BLS,2020-12-10,08:30 ET,November 2020,0.2,,,,,2020-12-10,U.S. Bureau of Labor Statistics — Consumer Price Index,https://www.bls.gov/news.release/archives/cpi_20201210.htm,NEW_PERIOD_RELEASE,True,True,False,,0.0,2020-11-12,PRIOR_OBSERVATION,0.0,2020-11-12,0.2,1.0,0.2,0.743037616767137,9,NORMAL_RANGE,EXPANDING_PRIOR_ONLY,NOT_AVAILABLE,True,False
CORE_CPI,BLS,2021-01-13,08:30 ET,December 2020,0.1,,,,,2021-01-13,U.S. Bureau of Labor Statistics — Consumer Price Index,https://www.bls.gov/news.release/archives/cpi_20210113.htm,NEW_PERIOD_RELEASE,True,True,False,,0.2,2020-12-10,PRIOR_OBSERVATION,0.2,2020-12-10,-0.1,1.0,-0.1,-0.3441236008058427,10,NORMAL_RANGE,EXPANDING_PRIOR_ONLY,NOT_AVAILABLE,True,False
CORE_CPI,BLS,2021-02-10,08:30 ET,January 2021,0.0,,,,,2021-02-10,U.S. Bureau of Labor Statistics — Consumer Price Index,https://www.bls.gov/news.release/archives/cpi_20210210.htm,NEW_PERIOD_RELEASE,True,True,False,,0.1,2021-01-13,PRIOR_OBSERVATION,0.1,2021-01-13,-0.1,1.0,-0.1,-0.32780719068694175,11,NORMAL_RANGE,EXPANDING_PRIOR_ONLY,NOT_AVAILABLE,True,False
CORE_CPI,BLS,2021-03-10,08:30 ET,February 2021,0.1,,,,,2021-03-10,U.S. Bureau of Labor Statistics — Consumer Price Index,https://www.bls.gov/news.release/archives/cpi_20210310.htm,NEW_PERIOD_RELEASE,True,True,False,,0.0,2021-02-10,PRIOR_OBSERVATION,0.0,2021-02-10,0.1,1.0,0.1,0.4390619471318031,12,NORMAL_RANGE,EXPANDING_PRIOR_ONLY,NOT_AVAILABLE,True,False
CORE_CPI,BLS,2021-04-13,08:30 ET,March 2021,0.3,,,,,2021-04-13,U.S. Bureau of Labor Statistics — Consumer Price Index,https://www.bls.gov/news.release/archives/cpi_20210413.htm,NEW_PERIOD_RELEASE,True,True,False,,0.1,2021-03-10,PRIOR_OBSERVATION,0.1,2021-03-10,0.19999999999999998,1.0,0.19999999999999998,0.8098582871985256,13,NORMAL_RANGE,EXPANDING_PRIOR_ONLY,NOT_AVAILABLE,True,False
CORE_CPI,BLS,2021-05-12,08:30 ET,April 2021,0.9,,,,,2021-05-12,U.S. Bureau of Labor Statistics — Consumer Price Index,https://www.bls.gov/news.release/archives/cpi_20210512.htm,NEW_PERIOD_RELEASE,True,True,False,,0.3,2021-04-13,PRIOR_OBSERVATION,0.3,2021-04-13,0.6000000000000001,1.0,0.6000000000000001,2.3473056321608325,14,VERY_LARGE_POSITIVE,EXPANDING_PRIOR_ONLY,NOT_AVAILABLE,True,False
CORE_CPI,BLS,2021-06-10,08:30 ET,May 2021,0.7,,,,,2021-06-10,U.S. Bureau of Labor Statistics — Consumer Price Index,https://www.bls.gov/news.release/archives/cpi_20210610.htm,NEW_PERIOD_RELEASE,True,True,False,,0.9,2021-05-12,PRIOR_OBSERVATION,0.9,2021-05-12,-0.20000000000000007,1.0,-0.20000000000000007,-0.8579169571563116,15,NORMAL_RANGE,EXPANDING_PRIOR_ONLY,NOT_AVAILABLE,True,False
CORE_CPI,BLS,2021-07-13,08:30 ET,June 2021,0.9,,,,,2021-07-13,U.S. Bureau of Labor Statistics — Consumer Price Index,https://www.bls.gov/news.release/archives/cpi_20210713.htm,NEW_PERIOD_RELEASE,True,True,False,,0.7,2021-06-10,PRIOR_OBSERVATION,0.7,2021-06-10,0.20000000000000007,1.0,0.20000000000000007,0.5930796219585542,16,NORMAL_RANGE,EXPANDING_PRIOR_ONLY,NOT_AVAILABLE,True,False
CORE_CPI,BLS,2021-08-11,08:30 ET,July 2021,0.3,,,,,2021-08-11,U.S. Bureau of Labor Statistics — Consumer Price Index,https://www.bls.gov/news.release/archives/cpi_20210811.htm,NEW_PERIOD_RELEASE,True,True,False,,0.9,2021-07-13,PRIOR_OBSERVATION,0.9,2021-07-13,-0.6000000000000001,1.0,-0.6000000000000001,-2.3020820626664524,17,VERY_LARGE_NEGATIVE,EXPANDING_PRIOR_ONLY,NOT_AVAILABLE,True,False
CORE_CPI,BLS,2021-09-14,08:30 ET,August 2021,0.1,,,,,2021-09-14,U.S. Bureau of Labor Statistics — Consumer Price Index,https://www.bls.gov/news.release/archives/cpi_20210914.htm,NEW_PERIOD_RELEASE,True,True,False,,0.3,2021-08-11,PRIOR_OBSERVATION,0.3,2021-08-11,-0.19999999999999998,1.0,-0.19999999999999998,-0.6639477457483876,18,NORMAL_RANGE,EXPANDING_PRIOR_ONLY,NOT_AVAILABLE,True,False
CORE_CPI,BLS,2021-10-13,08:30 ET,September 2021,0.2,,,,,2021-10-13,U.S. Bureau of Labor Statistics — Consumer Price Index,https://www.bls.gov/news.release/archives/cpi_20211013.htm,NEW_PERIOD_RELEASE,True,True,False,,0.1,2021-09-14,PRIOR_OBSERVATION,0.1,2021-09-14,0.1,1.0,0.1,0.34563909426899464,19,NORMAL_RANGE,EXPANDING_PRIOR_ONLY,NOT_AVAILABLE,True,False
CORE_CPI,BLS,2021-11-10,08:30 ET,October 2021,0.6,,,,,2021-11-10,U.S. Bureau of Labor Statistics — Consumer Price Index,https://www.bls.gov/news.release/archives/cpi_20211110.htm,NEW_PERIOD_RELEASE,True,True,False,,0.2,2021-10-13,PRIOR_OBSERVATION,0.2,2021-10-13,0.39999999999999997,1.0,0.39999999999999997,1.345185418269098,20,LARGE_POSITIVE,EXPANDING_PRIOR_ONLY,NOT_AVAILABLE,True,False
CORE_CPI,BLS,2021-12-10,08:30 ET,November 2021,0.5,,,,,2021-12-10,U.S. Bureau of Labor Statistics — Consumer Price Index,https://www.bls.gov/news.release/archives/cpi_20211210.htm,NEW_PERIOD_RELEASE,True,True,False,,0.6,2021-11-10,PRIOR_OBSERVATION,0.6,2021-11-10,-0.09999999999999998,1.0,-0.09999999999999998,-0.39330351471561326,21,NORMAL_RANGE,EXPANDING_PRIOR_ONLY,NOT_AVAILABLE,True,False
CORE_CPI,BLS,2022-01-12,08:30 ET,December 2021,0.6,,,,,2022-01-12,U.S. Bureau of Labor Statistics — Consumer Price Index,https://www.bls.gov/news.release/archives/cpi_20220112.htm,NEW_PERIOD_RELEASE,True,True,False,,0.5,2021-12-10,PRIOR_OBSERVATION,0.5,2021-12-10,0.09999999999999998,1.0,0.09999999999999998,0.2912965983706926,22,NORMAL_RANGE,EXPANDING_PRIOR_ONLY,NOT_AVAILABLE,True,False
CORE_CPI,BLS,2022-08-10,08:30 ET,July 2022,0.3,0.7,,,,2022-08-10,BLS CPI News Release,https://www.bls.gov/news.release/archives/cpi_20220810.htm,NEW_PERIOD_RELEASE,True,True,False,,0.6,2022-01-12,OFFICIAL_PREVIOUS,0.7,,-0.39999999999999997,1.0,-0.39999999999999997,-1.4381756545964668,23,LARGE_NEGATIVE,EXPANDING_PRIOR_ONLY,NOT_AVAILABLE,True,False
CORE_CPI,BLS,2022-10-13,08:30 ET,September 2022,0.6,0.6,,,,2022-10-13,BLS CPI News Release,https://www.bls.gov/news.release/archives/cpi_20221013.htm,NEW_PERIOD_RELEASE,True,True,False,,0.3,2022-08-10,OFFICIAL_PREVIOUS,0.6,,0.0,1.0,0.0,-1.5609436358028014e-17,24,NORMAL_RANGE,EXPANDING_PRIOR_ONLY,NOT_AVAILABLE,True,False
CORE_CPI,BLS,2022-11-10,08:30 ET,October 2022,0.3,0.6,,,,2022-11-10,BLS CPI News Release,https://www.bls.gov/news.release/archives/cpi_20221110.htm,NEW_PERIOD_RELEASE,True,True,False,,0.6,2022-10-13,OFFICIAL_PREVIOUS,0.6,,-0.3,1.0,-0.3,-1.0340729813185667,25,LARGE_NEGATIVE,EXPANDING_PRIOR_ONLY,NOT_AVAILABLE,True,False
CORE_CPI,BLS,2023-01-12,08:30 ET,December 2022,0.3,0.2,,,,2023-01-12,BLS CPI News Release,https://www.bls.gov/news.release/archives/cpi_20230112.htm,NEW_PERIOD_RELEASE,True,True,False,,0.3,2022-11-10,OFFICIAL_PREVIOUS,0.2,,0.09999999999999998,1.0,0.09999999999999998,0.38424653315129426,26,NORMAL_RANGE,EXPANDING_PRIOR_ONLY,NOT_AVAILABLE,True,False
CORE_CPI,BLS,2023-02-14,08:30 ET,January 2023,0.4,0.4,,,,2023-02-14,BLS CPI News Release,https://www.bls.gov/news.release/archives/cpi_20230214.htm,NEW_PERIOD_RELEASE,True,True,False,,0.3,2023-01-12,OFFICIAL_PREVIOUS,0.4,,0.0,1.0,0.0,0.025949964805384085,27,NORMAL_RANGE,EXPANDING_PRIOR_ONLY,NOT_AVAILABLE,True,False
CORE_CPI,BLS,2023-03-14,08:30 ET,February 2023,0.5,0.4,,,,2023-03-14,BLS CPI News Release,https://www.bls.gov/news.release/archives/cpi_20230314.htm,NEW_PERIOD_RELEASE,True,True,False,,0.4,2023-02-14,OFFICIAL_PREVIOUS,0.4,,0.09999999999999998,1.0,0.09999999999999998,0.3824930514393476,28,NORMAL_RANGE,EXPANDING_PRIOR_ONLY,NOT_AVAILABLE,True,False
CORE_CPI,BLS,2023-04-12,08:30 ET,March 2023,0.4,0.5,,,,2023-04-12,BLS CPI News Release,https://www.bls.gov/news.release/archives/cpi_20230412.htm,NEW_PERIOD_RELEASE,True,True,False,,0.5,2023-03-14,OFFICIAL_PREVIOUS,0.5,,-0.09999999999999998,1.0,-0.09999999999999998,-0.3500937876842344,29,NORMAL_RANGE,EXPANDING_PRIOR_ONLY,NOT_AVAILABLE,True,False
CORE_CPI,BLS,2023-05-10,08:30 ET,April 2023,0.4,0.4,,,,2023-05-10,BLS CPI News Release,https://www.bls.gov/news.release/archives/cpi_20230510.htm,NEW_PERIOD_RELEASE,True,True,False,,0.4,2023-04-12,OFFICIAL_PREVIOUS,0.4,,0.0,1.0,0.0,0.024549134742900887,30,NORMAL_RANGE,EXPANDING_PRIOR_ONLY,NOT_AVAILABLE,True,False
CORE_CPI,BLS,2023-06-13,08:30 ET,May 2023,0.4,0.4,,,,2023-06-13,BLS CPI News Release,https://www.bls.gov/news.release/archives/cpi_20230613.htm,NEW_PERIOD_RELEASE,True,True,False,,0.4,2023-05-10,OFFICIAL_PREVIOUS,0.4,,0.0,1.0,0.0,0.024163120066180432,31,NORMAL_RANGE,EXPANDING_PRIOR_ONLY,NOT_AVAILABLE,True,False
CORE_CPI,BLS,2023-07-12,08:30 ET,June 2023,0.2,0.4,,,,2023-07-12,BLS CPI News Release,https://www.bls.gov/news.release/archives/cpi_20230712.htm,NEW_PERIOD_RELEASE,True,True,False,,0.4,2023-06-13,OFFICIAL_PREVIOUS,0.4,,-0.2,1.0,-0.2,-0.7376367519252046,32,NORMAL_RANGE,EXPANDING_PRIOR_ONLY,NOT_AVAILABLE,True,False
CORE_CPI,BLS,2023-08-10,08:30 ET,July 2023,0.2,0.2,,,,2023-08-10,BLS CPI News Release,https://www.bls.gov/news.release/archives/cpi_20230810.htm,NEW_PERIOD_RELEASE,True,True,False,,0.2,2023-07-12,OFFICIAL_PREVIOUS,0.2,,0.0,1.0,0.0,0.046491791722509154,33,NORMAL_RANGE,EXPANDING_PRIOR_ONLY,NOT_AVAILABLE,True,False
CORE_CPI,BLS,2023-09-13,08:30 ET,August 2023,0.3,0.2,,,,2023-09-13,BLS CPI News Release,https://www.bls.gov/news.release/archives/cpi_20230913.htm,NEW_PERIOD_RELEASE,True,True,False,,0.2,2023-08-10,OFFICIAL_PREVIOUS,0.2,,0.09999999999999998,1.0,0.09999999999999998,0.43531402224957627,34,NORMAL_RANGE,EXPANDING_PRIOR_ONLY,NOT_AVAILABLE,True,False
CORE_CPI,BLS,2023-10-12,08:30 ET,September 2023,0.2,0.3,,,,2023-10-12,BLS CPI News Release,https://www.bls.gov/news.release/archives/cpi_20231012.htm,NEW_PERIOD_RELEASE,True,True,False,,0.3,2023-09-13,OFFICIAL_PREVIOUS,0.3,,-0.09999999999999998,1.0,-0.09999999999999998,-0.36045782038217433,35,NORMAL_RANGE,EXPANDING_PRIOR_ONLY,NOT_AVAILABLE,True,False
CORE_CPI,BLS,2023-11-14,08:30 ET,October 2023,0.2,0.2,,,,2023-11-14,BLS CPI News Release,https://www.bls.gov/news.release/archives/cpi_20231114.htm,NEW_PERIOD_RELEASE,True,True,False,,0.2,2023-10-12,OFFICIAL_PREVIOUS,0.2,,0.0,1.0,0.0,0.04436283555621184,36,NORMAL_RANGE,EXPANDING_PRIOR_ONLY,NOT_AVAILABLE,True,False
CORE_CPI,BLS,2023-12-12,08:30 ET,November 2023,0.3,0.2,,,,2023-12-12,BLS CPI News Release,https://www.bls.gov/news.release/archives/cpi_20231212.htm,NEW_PERIOD_RELEASE,True,True,False,,0.2,2023-11-14,OFFICIAL_PREVIOUS,0.2,,0.09999999999999998,1.0,0.09999999999999998,0.4486929932723098,37,NORMAL_RANGE,EXPANDING_PRIOR_ONLY,NOT_AVAILABLE,True,False
CORE_CPI,BLS,2024-01-11,08:30 ET,December 2023,0.3,0.3,,,,2024-01-11,BLS CPI News Release,https://www.bls.gov/news.release/archives/cpi_20240111.htm,NEW_PERIOD_RELEASE,True,True,False,,0.3,2023-12-12,OFFICIAL_PREVIOUS,0.3,,0.0,1.0,0.0,0.032320287941233206,38,NORMAL_RANGE,EXPANDING_PRIOR_ONLY,NOT_AVAILABLE,True,False
CORE_CPI,BLS,2024-02-13,08:30 ET,January 2024,0.4,0.3,,,,2024-02-13,BLS News Release,https://www.bls.gov/news.release/archives/cpi_02132024.htm,NEW_PERIOD_RELEASE,True,True,False,,0.3,2024-01-11,OFFICIAL_PREVIOUS,0.3,,0.10000000000000003,1.0,0.10000000000000003,0.4467938735909705,39,NORMAL_RANGE,EXPANDING_PRIOR_ONLY,NOT_AVAILABLE,True,False
CORE_CPI,BLS,2024-03-12,08:30 ET,February 2024,0.4,0.4,,,,2024-03-12,BLS News Release,https://www.bls.gov/news.release/archives/cpi_03122024.htm,NEW_PERIOD_RELEASE,True,True,False,,0.4,2024-02-13,OFFICIAL_PREVIOUS,0.4,,0.0,1.0,0.0,0.020961562711577612,40,NORMAL_RANGE,EXPANDING_PRIOR_ONLY,NOT_AVAILABLE,True,False
CORE_CPI,BLS,2024-04-10,08:30 ET,March 2024,0.4,0.4,,,,2024-04-10,BLS News Release,https://www.bls.gov/news.release/archives/cpi_04102024.htm,NEW_PERIOD_RELEASE,True,True,False,,0.4,2024-03-12,OFFICIAL_PREVIOUS,0.4,,0.0,1.0,0.0,0.020710715206817738,41,NORMAL_RANGE,EXPANDING_PRIOR_ONLY,NOT_AVAILABLE,True,False
CORE_CPI,BLS,2024-05-15,08:30 ET,April 2024,0.3,0.4,,,,2024-05-15,BLS News Release,https://www.bls.gov/news.release/archives/cpi_05152024.htm,NEW_PERIOD_RELEASE,True,True,False,,0.4,2024-04-10,OFFICIAL_PREVIOUS,0.4,,-0.10000000000000003,1.0,-0.10000000000000003,-0.409373115682819,42,NORMAL_RANGE,EXPANDING_PRIOR_ONLY,NOT_AVAILABLE,True,False
CORE_CPI,BLS,2024-06-12,08:30 ET,May 2024,0.2,0.3,,,,2024-06-12,BLS News Release,https://www.bls.gov/news.release/archives/cpi_06122024.htm,NEW_PERIOD_RELEASE,True,True,False,,0.3,2024-05-15,OFFICIAL_PREVIOUS,0.3,,-0.09999999999999998,1.0,-0.09999999999999998,-0.40389423490952964,43,NORMAL_RANGE,EXPANDING_PRIOR_ONLY,NOT_AVAILABLE,True,False
CORE_CPI,BLS,2024-07-11,08:30 ET,June 2024,0.1,0.2,,,,2024-07-11,BLS News Release,https://www.bls.gov/news.release/archives/cpi_07112024.htm,NEW_PERIOD_RELEASE,True,True,False,,0.2,2024-06-12,OFFICIAL_PREVIOUS,0.2,,-0.1,1.0,-0.1,-0.3986303231264408,44,NORMAL_RANGE,EXPANDING_PRIOR_ONLY,NOT_AVAILABLE,True,False
CORE_CPI,BLS,2024-08-14,08:30 ET,July 2024,0.2,0.1,,,,2024-08-14,BLS News Release,https://www.bls.gov/news.release/archives/cpi_08142024.htm,NEW_PERIOD_RELEASE,True,True,False,,0.1,2024-07-11,OFFICIAL_PREVIOUS,0.1,,0.1,1.0,0.1,0.49195955364261607,45,NORMAL_RANGE,EXPANDING_PRIOR_ONLY,NOT_AVAILABLE,True,False
CORE_CPI,BLS,2024-09-11,08:30 ET,August 2024,0.3,0.2,,,,2024-09-11,BLS News Release,https://www.bls.gov/news.release/archives/cpi_09112024.htm,NEW_PERIOD_RELEASE,True,True,False,,0.2,2024-08-14,OFFICIAL_PREVIOUS,0.2,,0.09999999999999998,1.0,0.09999999999999998,0.4853987667935763,46,NORMAL_RANGE,EXPANDING_PRIOR_ONLY,NOT_AVAILABLE,True,False
CORE_CPI,BLS,2024-10-10,08:30 ET,September 2024,0.2,0.2,,,,2024-10-10,BLS News Release,https://www.bls.gov/news.release/archives/cpi_10102024.htm,NEW_PERIOD_RELEASE,True,True,False,,0.3,2024-09-11,OFFICIAL_PREVIOUS,0.2,,0.0,1.0,0.0,0.02874568348099708,47,NORMAL_RANGE,EXPANDING_PRIOR_ONLY,NOT_AVAILABLE,True,False
CORE_CPI,BLS,2024-11-13,08:30 ET,October 2024,0.3,0.2,,,,2024-11-13,BLS News Release,https://www.bls.gov/news.release/archives/cpi_11132024.htm,NEW_PERIOD_RELEASE,True,True,False,,0.2,2024-10-10,OFFICIAL_PREVIOUS,0.2,,0.09999999999999998,1.0,0.09999999999999998,0.48366468119531664,48,NORMAL_RANGE,EXPANDING_PRIOR_ONLY,NOT_AVAILABLE,True,False
CORE_CPI,BLS,2024-12-11,08:30 ET,November 2024,0.3,0.3,,,,2024-12-11,BLS News Release,https://www.bls.gov/news.release/archives/cpi_12112024.htm,NEW_PERIOD_RELEASE,True,True,False,,0.3,2024-11-13,OFFICIAL_PREVIOUS,0.3,,0.0,1.0,0.0,0.018731168544654193,49,NORMAL_RANGE,EXPANDING_PRIOR_ONLY,NOT_AVAILABLE,True,False
CORE_CPI,BLS,2025-01-15,08:30 ET,December 2024,0.2,0.3,,,,2025-01-15,BLS News Release,https://www.bls.gov/news.release/archives/cpi_01152025.htm,NEW_PERIOD_RELEASE,True,True,False,,0.3,2024-12-11,OFFICIAL_PREVIOUS,0.3,,-0.09999999999999998,1.0,-0.09999999999999998,-0.44512097022346403,50,NORMAL_RANGE,EXPANDING_PRIOR_ONLY,NOT_AVAILABLE,True,False
CORE_CPI,BLS,2025-02-12,08:30 ET,2025-01,0.4,,,,,2025-02-12,U.S. Bureau of Labor Statistics — Consumer Price Index,https://www.bls.gov/news.release/archives/cpi_02122025.htm,NEW_PERIOD_RELEASE,True,True,False,,0.2,2025-01-15,PRIOR_OBSERVATION,0.2,2025-01-15,0.2,1.0,0.2,0.9623959465633625,51,NORMAL_RANGE,EXPANDING_PRIOR_ONLY,NOT_AVAILABLE,True,False
CORE_CPI,BLS,2025-03-12,08:30 ET,2025-02,0.2,,,,,2025-03-12,U.S. Bureau of Labor Statistics — Consumer Price Index,https://www.bls.gov/news.release/archives/cpi_03122025.htm,NEW_PERIOD_RELEASE,True,True,False,,0.4,2025-02-12,PRIOR_OBSERVATION,0.4,2025-02-12,-0.2,1.0,-0.2,-0.9267421834778483,52,NORMAL_RANGE,EXPANDING_PRIOR_ONLY,NOT_AVAILABLE,True,False
CORE_CPI,BLS,2025-04-10,08:30 ET,2025-03,0.1,,,,,2025-04-10,U.S. Bureau of Labor Statistics — Consumer Price Index,https://www.bls.gov/news.release/archives/cpi_04102025.htm,NEW_PERIOD_RELEASE,True,True,False,,0.2,2025-03-12,PRIOR_OBSERVATION,0.2,2025-03-12,-0.1,1.0,-0.1,-0.4420559862227017,53,NORMAL_RANGE,EXPANDING_PRIOR_ONLY,NOT_AVAILABLE,True,False
CORE_CPI,BLS,2025-05-13,08:30 ET,2025-04,0.2,,,,,2025-05-13,U.S. Bureau of Labor Statistics — Consumer Price Index,https://www.bls.gov/news.release/archives/cpi_05132025.htm,NEW_PERIOD_RELEASE,True,True,False,,0.1,2025-04-10,PRIOR_OBSERVATION,0.1,2025-04-10,0.1,1.0,0.1,0.5071707449312862,54,NORMAL_RANGE,EXPANDING_PRIOR_ONLY,NOT_AVAILABLE,True,False
CORE_CPI,BLS,2025-06-11,08:30 ET,2025-05,0.1,,,,,2025-06-11,U.S. Bureau of Labor Statistics — Consumer Price Index,https://www.bls.gov/news.release/archives/cpi_06112025.htm,NEW_PERIOD_RELEASE,True,True,False,,0.2,2025-05-13,PRIOR_OBSERVATION,0.2,2025-05-13,-0.1,1.0,-0.1,-0.4495596339384092,55,NORMAL_RANGE,EXPANDING_PRIOR_ONLY,NOT_AVAILABLE,True,False
CORE_CPI,BLS,2025-07-15,08:30 ET,2025-06,0.2,,,,,2025-07-15,U.S. Bureau of Labor Statistics — Consumer Price Index,https://www.bls.gov/news.release/archives/cpi_07152025.htm,NEW_PERIOD_RELEASE,True,True,False,,0.1,2025-06-11,PRIOR_OBSERVATION,0.1,2025-06-11,0.1,1.0,0.1,0.5132129540283743,56,NORMAL_RANGE,EXPANDING_PRIOR_ONLY,NOT_AVAILABLE,True,False
CORE_CPI,BLS,2025-08-12,08:30 ET,2025-07,0.3,,,,,2025-08-12,U.S. Bureau of Labor Statistics — Consumer Price Index,https://www.bls.gov/news.release/archives/cpi_08122025.htm,NEW_PERIOD_RELEASE,True,True,False,,0.2,2025-07-15,PRIOR_OBSERVATION,0.2,2025-07-15,0.09999999999999998,1.0,0.09999999999999998,0.507579648668426,57,NORMAL_RANGE,EXPANDING_PRIOR_ONLY,NOT_AVAILABLE,True,False
CORE_CPI,BLS,2025-09-11,08:30 ET,2025-08,0.3,,,,,2025-09-11,U.S. Bureau of Labor Statistics — Consumer Price Index,https://www.bls.gov/news.release/archives/cpi_09112025.htm,NEW_PERIOD_RELEASE,True,True,False,,0.3,2025-08-12,PRIOR_OBSERVATION,0.3,2025-08-12,0.0,1.0,0.0,0.01673761749536726,58,NORMAL_RANGE,EXPANDING_PRIOR_ONLY,NOT_AVAILABLE,True,False
CORE_CPI,BLS,2025-10-24,08:30 ET,2025-09,0.2,,,,,2025-10-24,U.S. Bureau of Labor Statistics — Consumer Price Index,https://www.bls.gov/news.release/archives/cpi_10242025.htm,NEW_PERIOD_RELEASE,True,True,False,,0.3,2025-09-11,PRIOR_OBSERVATION,0.3,2025-09-11,-0.09999999999999998,1.0,-0.09999999999999998,-0.4730314327834218,59,NORMAL_RANGE,EXPANDING_PRIOR_ONLY,NOT_AVAILABLE,True,False
CORE_CPI,BLS,2026-01-13,08:30 ET,2025-12,0.2,,,,,2026-01-13,U.S. Bureau of Labor Statistics — Consumer Price Index,https://www.bls.gov/news.release/archives/cpi_01132026.htm,NEW_PERIOD_RELEASE,True,True,False,,0.2,2025-10-24,PRIOR_OBSERVATION,0.2,2025-10-24,0.0,1.0,0.0,0.024644894096418367,60,NORMAL_RANGE,EXPANDING_PRIOR_ONLY,NOT_AVAILABLE,True,False
CORE_CPI,BLS,2026-09-11,08:30 ET,August 2026,0.3,0.2,,,,2026-09-11,BLS CPI News Release,https://www.bls.gov/news.release/archives/cpi_09112026.htm,NEW_PERIOD_RELEASE,True,True,False,,0.2,2026-01-13,OFFICIAL_PREVIOUS,0.2,,0.09999999999999998,1.0,0.09999999999999998,0.5215002386586673,61,NORMAL_RANGE,EXPANDING_PRIOR_ONLY,NOT_AVAILABLE,True,False
CPI,BLS,2020-02-13,08:30 ET,January 2020,0.1,,,,,2020-02-13,U.S. Bureau of Labor Statistics — Consumer Price Index,https://www.bls.gov/news.release/archives/cpi_20200213.htm,NEW_PERIOD_RELEASE,True,True,False,,,,NONE,,,,1.0,,,0,INSUFFICIENT_HISTORY,EXPANDING_PRIOR_ONLY,NOT_AVAILABLE,True,False
CPI,BLS,2020-03-11,08:30 ET,February 2020,0.1,,,,,2020-03-11,U.S. Bureau of Labor Statistics — Consumer Price Index,https://www.bls.gov/news.release/archives/cpi_20200311.htm,NEW_PERIOD_RELEASE,True,True,False,,0.1,2020-02-13,PRIOR_OBSERVATION,0.1,2020-02-13,0.0,1.0,0.0,,0,INSUFFICIENT_HISTORY,EXPANDING_PRIOR_ONLY,NOT_AVAILABLE,True,False
CPI,BLS,2020-04-10,08:30 ET,March 2020,-0.4,,,,,2020-04-10,U.S. Bureau of Labor Statistics — Consumer Price Index,https://www.bls.gov/news.release/archives/cpi_20200410.htm,NEW_PERIOD_RELEASE,True,True,False,,0.1,2020-03-11,PRIOR_OBSERVATION,0.1,2020-03-11,-0.5,1.0,-0.5,,1,INSUFFICIENT_HISTORY,EXPANDING_PRIOR_ONLY,NOT_AVAILABLE,True,False
CPI,BLS,2020-05-12,08:30 ET,April 2020,-0.8,,,,,2020-05-12,U.S. Bureau of Labor Statistics — Consumer Price Index,https://www.bls.gov/news.release/archives/cpi_20200512.htm,NEW_PERIOD_RELEASE,True,True,False,,-0.4,2020-04-10,PRIOR_OBSERVATION,-0.4,2020-04-10,-0.4,1.0,-0.4,,2,INSUFFICIENT_HISTORY,EXPANDING_PRIOR_ONLY,NOT_AVAILABLE,True,False
CPI,BLS,2020-06-10,08:30 ET,May 2020,-0.1,,,,,2020-06-10,U.S. Bureau of Labor Statistics — Consumer Price Index,https://www.bls.gov/news.release/archives/cpi_20200610.htm,NEW_PERIOD_RELEASE,True,True,False,,-0.8,2020-05-12,PRIOR_OBSERVATION,-0.8,2020-05-12,0.7000000000000001,1.0,0.7000000000000001,3.7796447300922718,3,VERY_LARGE_POSITIVE,EXPANDING_PRIOR_ONLY,NOT_AVAILABLE,True,False
CPI,BLS,2020-07-14,08:30 ET,June 2020,0.6,,,,,2020-07-14,U.S. Bureau of Labor Statistics — Consumer Price Index,https://www.bls.gov/news.release/archives/cpi_20200714.htm,NEW_PERIOD_RELEASE,True,True,False,,-0.1,2020-06-10,PRIOR_OBSERVATION,-0.1,2020-06-10,0.7,1.0,0.7,1.3769776380647352,4,LARGE_POSITIVE,EXPANDING_PRIOR_ONLY,NOT_AVAILABLE,True,False
CPI,BLS,2020-08-12,08:30 ET,July 2020,0.6,,,,,2020-08-12,U.S. Bureau of Labor Statistics — Consumer Price Index,https://www.bls.gov/news.release/archives/cpi_20200812.htm,NEW_PERIOD_RELEASE,True,True,False,,0.6,2020-07-14,PRIOR_OBSERVATION,0.6,2020-07-14,0.0,1.0,0.0,-0.17277368511627206,5,NORMAL_RANGE,EXPANDING_PRIOR_ONLY,NOT_AVAILABLE,True,False
CPI,BLS,2020-09-11,08:30 ET,August 2020,0.4,,,,,2020-09-11,U.S. Bureau of Labor Statistics — Consumer Price Index,https://www.bls.gov/news.release/archives/cpi_20200911.htm,NEW_PERIOD_RELEASE,True,True,False,,0.6,2020-08-12,PRIOR_OBSERVATION,0.6,2020-08-12,-0.19999999999999996,1.0,-0.19999999999999996,-0.5456121558758313,6,NORMAL_RANGE,EXPANDING_PRIOR_ONLY,NOT_AVAILABLE,True,False
CPI,BLS,2020-10-13,08:30 ET,September 2020,0.2,,,,,2020-10-13,U.S. Bureau of Labor Statistics — Consumer Price Index,https://www.bls.gov/news.release/archives/cpi_20201013.htm,NEW_PERIOD_RELEASE,True,True,False,,0.4,2020-09-11,PRIOR_OBSERVATION,0.4,2020-09-11,-0.2,1.0,-0.2,-0.49971189856438314,7,NORMAL_RANGE,EXPANDING_PRIOR_ONLY,NOT_AVAILABLE,True,False
CPI,BLS,2020-11-12,08:30 ET,October 2020,0.0,,,,,2020-11-12,U.S. Bureau of Labor Statistics — Consumer Price Index,https://www.bls.gov/news.release/archives/cpi_20201112.htm,NEW_PERIOD_RELEASE,True,True,False,,0.2,2020-10-13,PRIOR_OBSERVATION,0.2,2020-10-13,-0.2,1.0,-0.2,-0.46391029947334306,8,NORMAL_RANGE,EXPANDING_PRIOR_ONLY,NOT_AVAILABLE,True,False
CPI,BLS,2020-12-10,08:30 ET,November 2020,0.2,,,,,2020-12-10,U.S. Bureau of Labor Statistics — Consumer Price Index,https://www.bls.gov/news.release/archives/cpi_20201210.htm,NEW_PERIOD_RELEASE,True,True,False,,0.0,2020-11-12,PRIOR_OBSERVATION,0.0,2020-11-12,0.2,1.0,0.2,0.48610205242044624,9,NORMAL_RANGE,EXPANDING_PRIOR_ONLY,NOT_AVAILABLE,True,False
CPI,BLS,2021-01-13,08:30 ET,December 2020,0.4,,,,,2021-01-13,U.S. Bureau of Labor Statistics — Consumer Price Index,https://www.bls.gov/news.release/archives/cpi_20210113.htm,NEW_PERIOD_RELEASE,True,True,False,,0.2,2020-12-10,PRIOR_OBSERVATION,0.2,2020-12-10,0.2,1.0,0.2,0.45798277769046253,10,NORMAL_RANGE,EXPANDING_PRIOR_ONLY,NOT_AVAILABLE,True,False
CPI,BLS,2021-02-10,08:30 ET,January 2021,0.3,,,,,2021-02-10,U.S. Bureau of Labor Statistics — Consumer Price Index,https://www.bls.gov/news.release/archives/cpi_20210210.htm,NEW_PERIOD_RELEASE,True,True,False,,0.4,2021-01-13,PRIOR_OBSERVATION,0.4,2021-01-13,-0.10000000000000003,1.0,-0.10000000000000003,-0.32000522461774616,11,NORMAL_RANGE,EXPANDING_PRIOR_ONLY,NOT_AVAILABLE,True,False
CPI,BLS,2021-03-10,08:30 ET,February 2021,0.4,,,,,2021-03-10,U.S. Bureau of Labor Statistics — Consumer Price Index,https://www.bls.gov/news.release/archives/cpi_20210310.htm,NEW_PERIOD_RELEASE,True,True,False,,0.3,2021-02-10,PRIOR_OBSERVATION,0.3,2021-02-10,0.10000000000000003,1.0,0.10000000000000003,0.21872980570868347,12,NORMAL_RANGE,EXPANDING_PRIOR_ONLY,NOT_AVAILABLE,True,False
CPI,BLS,2021-04-13,08:30 ET,March 2021,0.6,,,,,2021-04-13,U.S. Bureau of Labor Statistics — Consumer Price Index,https://www.bls.gov/news.release/archives/cpi_20210413.htm,NEW_PERIOD_RELEASE,True,True,False,,0.4,2021-03-10,PRIOR_OBSERVATION,0.4,2021-03-10,0.19999999999999996,1.0,0.19999999999999996,0.48405858347908204,13,NORMAL_RANGE,EXPANDING_PRIOR_ONLY,NOT_AVAILABLE,True,False
CPI,BLS,2021-05-12,08:30 ET,April 2021,0.8,,,,,2021-05-12,U.S. Bureau of Labor Statistics — Consumer Price Index,https://www.bls.gov/news.release/archives/cpi_20210512.htm,NEW_PERIOD_RELEASE,True,True,False,,0.6,2021-04-13,PRIOR_OBSERVATION,0.6,2021-04-13,0.20000000000000007,1.0,0.20000000000000007,0.4636522718553465,14,NORMAL_RANGE,EXPANDING_PRIOR_ONLY,NOT_AVAILABLE,True,False
CPI,BLS,2021-06-10,08:30 ET,May 2021,0.6,,,,,2021-06-10,U.S. Bureau of Labor Statistics — Consumer Price Index,https://www.bls.gov/news.release/archives/cpi_20210610.htm,NEW_PERIOD_RELEASE,True,True,False,,0.8,2021-05-12,PRIOR_OBSERVATION,0.8,2021-05-12,-0.20000000000000007,1.0,-0.20000000000000007,-0.7169181083977204,15,NORMAL_RANGE,EXPANDING_PRIOR_ONLY,NOT_AVAILABLE,True,False
CPI,BLS,2021-07-13,08:30 ET,June 2021,0.9,,,,,2021-07-13,U.S. Bureau of Labor Statistics — Consumer Price Index,https://www.bls.gov/news.release/archives/cpi_20210713.htm,NEW_PERIOD_RELEASE,True,True,False,,0.6,2021-06-10,PRIOR_OBSERVATION,0.6,2021-06-10,0.30000000000000004,1.0,0.30000000000000004,0.7949525192350381,16,NORMAL_RANGE,EXPANDING_PRIOR_ONLY,NOT_AVAILABLE,True,False
CPI,BLS,2021-08-11,08:30 ET,July 2021,0.5,,,,,2021-08-11,U.S. Bureau of Labor Statistics — Consumer Price Index,https://www.bls.gov/news.release/archives/cpi_20210811.htm,NEW_PERIOD_RELEASE,True,True,False,,0.9,2021-07-13,PRIOR_OBSERVATION,0.9,2021-07-13,-0.4,1.0,-0.4,-1.3394540159202555,17,LARGE_NEGATIVE,EXPANDING_PRIOR_ONLY,NOT_AVAILABLE,True,False
CPI,BLS,2021-09-14,08:30 ET,August 2021,0.3,,,,,2021-09-14,U.S. Bureau of Labor Statistics — Consumer Price Index,https://www.bls.gov/news.release/archives/cpi_20210914.htm,NEW_PERIOD_RELEASE,True,True,False,,0.5,2021-08-11,PRIOR_OBSERVATION,0.5,2021-08-11,-0.2,1.0,-0.2,-0.6526140116695959,18,NORMAL_RANGE,EXPANDING_PRIOR_ONLY,NOT_AVAILABLE,True,False
CPI,BLS,2021-10-13,08:30 ET,September 2021,0.2,,,,,2021-10-13,U.S. Bureau of Labor Statistics — Consumer Price Index,https://www.bls.gov/news.release/archives/cpi_20211013.htm,NEW_PERIOD_RELEASE,True,True,False,,0.3,2021-09-14,PRIOR_OBSERVATION,0.3,2021-09-14,-0.09999999999999998,1.0,-0.09999999999999998,-0.3301054484803037,19,NORMAL_RANGE,EXPANDING_PRIOR_ONLY,NOT_AVAILABLE,True,False
CPI,BLS,2021-11-10,08:30 ET,October 2021,0.9,,,,,2021-11-10,U.S. Bureau of Labor Statistics — Consumer Price Index,https://www.bls.gov/news.release/archives/cpi_20211110.htm,NEW_PERIOD_RELEASE,True,True,False,,0.2,2021-10-13,PRIOR_OBSERVATION,0.2,2021-10-13,0.7,1.0,0.7,2.126508275941385,20,VERY_LARGE_POSITIVE,EXPANDING_PRIOR_ONLY,NOT_AVAILABLE,True,False
CPI,BLS,2021-12-10,08:30 ET,November 2021,0.8,,,,,2021-12-10,U.S. Bureau of Labor Statistics — Consumer Price Index,https://www.bls.gov/news.release/archives/cpi_20211210.htm,NEW_PERIOD_RELEASE,True,True,False,,0.9,2021-11-10,PRIOR_OBSERVATION,0.9,2021-11-10,-0.09999999999999998,1.0,-0.09999999999999998,-0.3914132822081779,21,NORMAL_RANGE,EXPANDING_PRIOR_ONLY,NOT_AVAILABLE,True,False
CPI,BLS,2022-01-12,08:30 ET,December 2021,0.5,,,,,2022-01-12,U.S. Bureau of Labor Statistics — Consumer Price Index,https://www.bls.gov/news.release/archives/cpi_20220112.htm,NEW_PERIOD_RELEASE,True,True,False,,0.8,2021-12-10,PRIOR_OBSERVATION,0.8,2021-12-10,-0.30000000000000004,1.0,-0.30000000000000004,-0.9602176290305716,22,NORMAL_RANGE,EXPANDING_PRIOR_ONLY,NOT_AVAILABLE,True,False
CPI,BLS,2022-08-10,08:30 ET,July 2022,0.0,1.3,,,,2022-08-10,BLS CPI News Release,https://www.bls.gov/news.release/archives/cpi_20220810.htm,NEW_PERIOD_RELEASE,True,True,False,,0.5,2022-01-12,OFFICIAL_PREVIOUS,1.3,,-1.3,1.0,-1.3,-3.8225468321740763,23,VERY_LARGE_NEGATIVE,EXPANDING_PRIOR_ONLY,NOT_AVAILABLE,True,False
CPI,BLS,2022-10-13,08:30 ET,September 2022,0.4,0.1,,,,2022-10-13,BLS CPI News Release,https://www.bls.gov/news.release/archives/cpi_20221013.htm,NEW_PERIOD_RELEASE,True,True,False,,0.0,2022-08-10,OFFICIAL_PREVIOUS,0.1,,0.30000000000000004,1.0,0.30000000000000004,0.7827194963695978,24,NORMAL_RANGE,EXPANDING_PRIOR_ONLY,NOT_AVAILABLE,True,False
CPI,BLS,2022-11-10,08:30 ET,October 2022,0.4,0.4,,,,2022-11-10,BLS CPI News Release,https://www.bls.gov/news.release/archives/cpi_20221110.htm,NEW_PERIOD_RELEASE,True,True,False,,0.4,2022-10-13,OFFICIAL_PREVIOUS,0.4,,0.0,1.0,0.0,0.056143871059717895,25,NORMAL_RANGE,EXPANDING_PRIOR_ONLY,NOT_AVAILABLE,True,False
CPI,BLS,2023-01-12,08:30 ET,December 2022,-0.1,0.1,,,,2023-01-12,BLS CPI News Release,https://www.bls.gov/news.release/archives/cpi_20230112.htm,NEW_PERIOD_RELEASE,True,True,False,,0.4,2022-11-10,OFFICIAL_PREVIOUS,0.1,,-0.2,1.0,-0.2,-0.4223889592360907,26,NORMAL_RANGE,EXPANDING_PRIOR_ONLY,NOT_AVAILABLE,True,False
CPI,BLS,2023-02-14,08:30 ET,January 2023,0.5,0.1,,,,2023-02-14,BLS CPI News Release,https://www.bls.gov/news.release/archives/cpi_20230214.htm,NEW_PERIOD_RELEASE,True,True,False,,-0.1,2023-01-12,OFFICIAL_PREVIOUS,0.1,,0.4,1.0,0.4,1.0424417519660278,27,LARGE_POSITIVE,EXPANDING_PRIOR_ONLY,NOT_AVAILABLE,True,False
CPI,BLS,2023-03-14,08:30 ET,February 2023,0.4,0.5,,,,2023-03-14,BLS CPI News Release,https://www.bls.gov/news.release/archives/cpi_20230314.htm,NEW_PERIOD_RELEASE,True,True,False,,0.5,2023-02-14,OFFICIAL_PREVIOUS,0.5,,-0.09999999999999998,1.0,-0.09999999999999998,-0.20779069344282444,28,NORMAL_RANGE,EXPANDING_PRIOR_ONLY,NOT_AVAILABLE,True,False
CPI,BLS,2023-04-12,08:30 ET,March 2023,0.1,0.4,,,,2023-04-12,BLS CPI News Release,https://www.bls.gov/news.release/archives/cpi_20230412.htm,NEW_PERIOD_RELEASE,True,True,False,,0.4,2023-03-14,OFFICIAL_PREVIOUS,0.4,,-0.30000000000000004,1.0,-0.30000000000000004,-0.6975106650978506,29,NORMAL_RANGE,EXPANDING_PRIOR_ONLY,NOT_AVAILABLE,True,False
CPI,BLS,2023-05-10,08:30 ET,April 2023,0.4,0.1,,,,2023-05-10,BLS CPI News Release,https://www.bls.gov/news.release/archives/cpi_20230510.htm,NEW_PERIOD_RELEASE,True,True,False,,0.1,2023-04-12,OFFICIAL_PREVIOUS,0.1,,0.30000000000000004,1.0,0.30000000000000004,0.8132850096288831,30,NORMAL_RANGE,EXPANDING_PRIOR_ONLY,NOT_AVAILABLE,True,False
CPI,BLS,2023-06-13,08:30 ET,May 2023,0.1,0.4,,,,2023-06-13,BLS CPI News Release,https://www.bls.gov/news.release/archives/cpi_20230613.htm,NEW_PERIOD_RELEASE,True,True,False,,0.4,2023-05-10,OFFICIAL_PREVIOUS,0.4,,-0.30000000000000004,1.0,-0.30000000000000004,-0.711016615029131,31,NORMAL_RANGE,EXPANDING_PRIOR_ONLY,NOT_AVAILABLE,True,False
CPI,BLS,2023-07-12,08:30 ET,June 2023,0.2,0.1,,,,2023-07-12,BLS CPI News Release,https://www.bls.gov/news.release/archives/cpi_20230712.htm,NEW_PERIOD_RELEASE,True,True,False,,0.1,2023-06-13,OFFICIAL_PREVIOUS,0.1,,0.1,1.0,0.1,0.31569865039319106,32,NORMAL_RANGE,EXPANDING_PRIOR_ONLY,NOT_AVAILABLE,True,False
CPI,BLS,2023-08-10,08:30 ET,July 2023,0.2,0.2,,,,2023-08-10,BLS CPI News Release,https://www.bls.gov/news.release/archives/cpi_20230810.htm,NEW_PERIOD_RELEASE,True,True,False,,0.2,2023-07-12,OFFICIAL_PREVIOUS,0.2,,0.0,1.0,0.0,0.054345680401631076,33,NORMAL_RANGE,EXPANDING_PRIOR_ONLY,NOT_AVAILABLE,True,False
CPI,BLS,2023-09-13,08:30 ET,August 2023,0.6,0.2,,,,2023-09-13,BLS CPI News Release,https://www.bls.gov/news.release/archives/cpi_20230913.htm,NEW_PERIOD_RELEASE,True,True,False,,0.2,2023-08-10,OFFICIAL_PREVIOUS,0.2,,0.39999999999999997,1.0,0.39999999999999997,1.0942097497211005,34,LARGE_POSITIVE,EXPANDING_PRIOR_ONLY,NOT_AVAILABLE,True,False
CPI,BLS,2023-10-12,08:30 ET,September 2023,0.4,0.6,,,,2023-10-12,BLS CPI News Release,https://www.bls.gov/news.release/archives/cpi_20231012.htm,NEW_PERIOD_RELEASE,True,True,False,,0.6,2023-09-13,OFFICIAL_PREVIOUS,0.6,,-0.19999999999999996,1.0,-0.19999999999999996,-0.4968337913313644,35,NORMAL_RANGE,EXPANDING_PRIOR_ONLY,NOT_AVAILABLE,True,False
CPI,BLS,2023-11-14,08:30 ET,October 2023,0.0,0.4,,,,2023-11-14,BLS CPI News Release,https://www.bls.gov/news.release/archives/cpi_20231114.htm,NEW_PERIOD_RELEASE,True,True,False,,0.4,2023-10-12,OFFICIAL_PREVIOUS,0.4,,-0.4,1.0,-0.4,-1.0131736665022752,36,LARGE_NEGATIVE,EXPANDING_PRIOR_ONLY,NOT_AVAILABLE,True,False
CPI,BLS,2023-12-12,08:30 ET,November 2023,0.1,0.0,,,,2023-12-12,BLS CPI News Release,https://www.bls.gov/news.release/archives/cpi_20231212.htm,NEW_PERIOD_RELEASE,True,True,False,,0.0,2023-11-14,OFFICIAL_PREVIOUS,0.0,,0.1,1.0,0.1,0.3262383998370941,37,NORMAL_RANGE,EXPANDING_PRIOR_ONLY,NOT_AVAILABLE,True,False
CPI,BLS,2024-01-11,08:30 ET,December 2023,0.3,0.1,,,,2024-01-11,BLS CPI News Release,https://www.bls.gov/news.release/archives/cpi_20240111.htm,NEW_PERIOD_RELEASE,True,True,False,,0.1,2023-12-12,OFFICIAL_PREVIOUS,0.1,,0.19999999999999998,1.0,0.19999999999999998,0.587218978544617,38,NORMAL_RANGE,EXPANDING_PRIOR_ONLY,NOT_AVAILABLE,True,False
CPI,BLS,2024-02-13,08:30 ET,January 2024,0.3,0.3,,,,2024-02-13,BLS News Release,https://www.bls.gov/news.release/archives/cpi_02132024.htm,NEW_PERIOD_RELEASE,True,True,False,,0.3,2024-01-11,OFFICIAL_PREVIOUS,0.3,,0.0,1.0,0.0,0.04123054087763672,39,NORMAL_RANGE,EXPANDING_PRIOR_ONLY,NOT_AVAILABLE,True,False
CPI,BLS,2024-03-12,08:30 ET,February 2024,0.4,0.3,,,,2024-03-12,BLS News Release,https://www.bls.gov/news.release/archives/cpi_03122024.htm,NEW_PERIOD_RELEASE,True,True,False,,0.3,2024-02-13,OFFICIAL_PREVIOUS,0.3,,0.10000000000000003,1.0,0.10000000000000003,0.31222039088050046,40,NORMAL_RANGE,EXPANDING_PRIOR_ONLY,NOT_AVAILABLE,True,False
CPI,BLS,2024-04-10,08:30 ET,March 2024,0.4,0.4,,,,2024-04-10,BLS News Release,https://www.bls.gov/news.release/archives/cpi_04102024.htm,NEW_PERIOD_RELEASE,True,True,False,,0.4,2024-03-12,OFFICIAL_PREVIOUS,0.4,,0.0,1.0,0.0,0.03349024925146121,41,NORMAL_RANGE,EXPANDING_PRIOR_ONLY,NOT_AVAILABLE,True,False
CPI,BLS,2024-05-15,08:30 ET,April 2024,0.3,0.4,,,,2024-05-15,BLS News Release,https://www.bls.gov/news.release/archives/cpi_05152024.htm,NEW_PERIOD_RELEASE,True,True,False,,0.4,2024-04-10,OFFICIAL_PREVIOUS,0.4,,-0.10000000000000003,1.0,-0.10000000000000003,-0.24492925121816742,42,NORMAL_RANGE,EXPANDING_PRIOR_ONLY,NOT_AVAILABLE,True,False
CPI,BLS,2024-06-12,08:30 ET,May 2024,0.0,0.3,,,,2024-06-12,BLS News Release,https://www.bls.gov/news.release/archives/cpi_06122024.htm,NEW_PERIOD_RELEASE,True,True,False,,0.3,2024-05-15,OFFICIAL_PREVIOUS,0.3,,-0.3,1.0,-0.3,-0.8043544689232356,43,NORMAL_RANGE,EXPANDING_PRIOR_ONLY,NOT_AVAILABLE,True,False
CPI,BLS,2024-07-11,08:30 ET,June 2024,0.1,0.0,,,,2024-07-11,BLS News Release,https://www.bls.gov/news.release/archives/cpi_07112024.htm,NEW_PERIOD_RELEASE,True,True,False,,0.0,2024-06-12,OFFICIAL_PREVIOUS,0.0,,0.1,1.0,0.1,0.3401723065097096,44,NORMAL_RANGE,EXPANDING_PRIOR_ONLY,NOT_AVAILABLE,True,False
CPI,BLS,2024-08-14,08:30 ET,July 2024,0.2,0.1,,,,2024-08-14,BLS News Release,https://www.bls.gov/news.release/archives/cpi_08142024.htm,NEW_PERIOD_RELEASE,True,True,False,,0.1,2024-07-11,OFFICIAL_PREVIOUS,0.1,,0.1,1.0,0.1,0.3360164968477262,45,NORMAL_RANGE,EXPANDING_PRIOR_ONLY,NOT_AVAILABLE,True,False
CPI,BLS,2024-09-11,08:30 ET,August 2024,0.2,0.2,,,,2024-09-11,BLS News Release,https://www.bls.gov/news.release/archives/cpi_09112024.htm,NEW_PERIOD_RELEASE,True,True,False,,0.2,2024-08-14,OFFICIAL_PREVIOUS,0.2,,0.0,1.0,0.0,0.043850338705749066,46,NORMAL_RANGE,EXPANDING_PRIOR_ONLY,NOT_AVAILABLE,True,False
CPI,BLS,2024-10-10,08:30 ET,September 2024,0.2,0.2,,,,2024-10-10,BLS News Release,https://www.bls.gov/news.release/archives/cpi_10102024.htm,NEW_PERIOD_RELEASE,True,True,False,,0.2,2024-09-11,OFFICIAL_PREVIOUS,0.2,,0.0,1.0,0.0,0.04339068475577819,47,NORMAL_RANGE,EXPANDING_PRIOR_ONLY,NOT_AVAILABLE,True,False
CPI,BLS,2024-11-13,08:30 ET,October 2024,0.2,0.2,,,,2024-11-13,BLS News Release,https://www.bls.gov/news.release/archives/cpi_11132024.htm,NEW_PERIOD_RELEASE,True,True,False,,0.2,2024-10-10,OFFICIAL_PREVIOUS,0.2,,0.0,1.0,0.0,0.04294518077126595,48,NORMAL_RANGE,EXPANDING_PRIOR_ONLY,NOT_AVAILABLE,True,False
CPI,BLS,2024-12-11,08:30 ET,November 2024,0.3,0.2,,,,2024-12-11,BLS News Release,https://www.bls.gov/news.release/archives/cpi_12112024.htm,NEW_PERIOD_RELEASE,True,True,False,,0.2,2024-11-13,OFFICIAL_PREVIOUS,0.2,,0.09999999999999998,1.0,0.09999999999999998,0.34010492615550353,49,NORMAL_RANGE,EXPANDING_PRIOR_ONLY,NOT_AVAILABLE,True,False
CPI,BLS,2025-01-15,08:30 ET,December 2024,0.4,0.3,,,,2025-01-15,BLS News Release,https://www.bls.gov/news.release/archives/cpi_01152025.htm,NEW_PERIOD_RELEASE,True,True,False,,0.3,2024-12-11,OFFICIAL_PREVIOUS,0.3,,0.10000000000000003,1.0,0.10000000000000003,0.33635989168435726,50,NORMAL_RANGE,EXPANDING_PRIOR_ONLY,NOT_AVAILABLE,True,False
CPI,BLS,2025-02-12,08:30 ET,2025-01,0.5,,,,,2025-02-12,U.S. Bureau of Labor Statistics — Consumer Price Index,https://www.bls.gov/news.release/archives/cpi_02122025.htm,NEW_PERIOD_RELEASE,True,True,False,,0.4,2025-01-15,PRIOR_OBSERVATION,0.4,2025-01-15,0.09999999999999998,1.0,0.09999999999999998,0.3327361607639403,51,NORMAL_RANGE,EXPANDING_PRIOR_ONLY,NOT_AVAILABLE,True,False
CPI,BLS,2025-03-12,08:30 ET,2025-02,0.2,,,,,2025-03-12,U.S. Bureau of Labor Statistics — Consumer Price Index,https://www.bls.gov/news.release/archives/cpi_03122025.htm,NEW_PERIOD_RELEASE,True,True,False,,0.5,2025-02-12,PRIOR_OBSERVATION,0.5,2025-02-12,-0.3,1.0,-0.3,-0.8936169883179333,52,NORMAL_RANGE,EXPANDING_PRIOR_ONLY,NOT_AVAILABLE,True,False
CPI,BLS,2025-04-10,08:30 ET,2025-03,-0.1,,,,,2025-04-10,U.S. Bureau of Labor Statistics — Consumer Price Index,https://www.bls.gov/news.release/archives/cpi_04102025.htm,NEW_PERIOD_RELEASE,True,True,False,,0.2,2025-03-12,PRIOR_OBSERVATION,0.2,2025-03-12,-0.30000000000000004,1.0,-0.30000000000000004,-0.8785873131426951,53,NORMAL_RANGE,EXPANDING_PRIOR_ONLY,NOT_AVAILABLE,True,False
CPI,BLS,2025-05-13,08:30 ET,2025-04,0.2,,,,,2025-05-13,U.S. Bureau of Labor Statistics — Consumer Price Index,https://www.bls.gov/news.release/archives/cpi_05132025.htm,NEW_PERIOD_RELEASE,True,True,False,,-0.1,2025-04-10,PRIOR_OBSERVATION,-0.1,2025-04-10,0.30000000000000004,1.0,0.30000000000000004,0.9780188599267998,54,NORMAL_RANGE,EXPANDING_PRIOR_ONLY,NOT_AVAILABLE,True,False
CPI,BLS,2025-06-11,08:30 ET,2025-05,0.1,,,,,2025-06-11,U.S. Bureau of Labor Statistics — Consumer Price Index,https://www.bls.gov/news.release/archives/cpi_06112025.htm,NEW_PERIOD_RELEASE,True,True,False,,0.2,2025-05-13,PRIOR_OBSERVATION,0.2,2025-05-13,-0.1,1.0,-0.1,-0.2681241936081601,55,NORMAL_RANGE,EXPANDING_PRIOR_ONLY,NOT_AVAILABLE,True,False
CPI,BLS,2025-07-15,08:30 ET,2025-06,0.3,,,,,2025-07-15,U.S. Bureau of Labor Statistics — Consumer Price Index,https://www.bls.gov/news.release/archives/cpi_07152025.htm,NEW_PERIOD_RELEASE,True,True,False,,0.1,2025-06-11,PRIOR_OBSERVATION,0.1,2025-06-11,0.19999999999999998,1.0,0.19999999999999998,0.6639744952845061,56,NORMAL_RANGE,EXPANDING_PRIOR_ONLY,NOT_AVAILABLE,True,False
CPI,BLS,2025-08-12,08:30 ET,2025-07,0.2,,,,,2025-08-12,U.S. Bureau of Labor Statistics — Consumer Price Index,https://www.bls.gov/news.release/archives/cpi_08122025.htm,NEW_PERIOD_RELEASE,True,True,False,,0.3,2025-07-15,PRIOR_OBSERVATION,0.3,2025-07-15,-0.09999999999999998,1.0,-0.09999999999999998,-0.2786524209697906,57,NORMAL_RANGE,EXPANDING_PRIOR_ONLY,NOT_AVAILABLE,True,False
CPI,BLS,2025-09-11,08:30 ET,2025-08,0.4,,,,,2025-09-11,U.S. Bureau of Labor Statistics — Consumer Price Index,https://www.bls.gov/news.release/archives/cpi_09112025.htm,NEW_PERIOD_RELEASE,True,True,False,,0.2,2025-08-12,PRIOR_OBSERVATION,0.2,2025-08-12,0.2,1.0,0.2,0.6658744299947653,58,NORMAL_RANGE,EXPANDING_PRIOR_ONLY,NOT_AVAILABLE,True,False
CPI,BLS,2025-10-24,08:30 ET,2025-09,0.3,,,,,2025-10-24,U.S. Bureau of Labor Statistics — Consumer Price Index,https://www.bls.gov/news.release/archives/cpi_10242025.htm,NEW_PERIOD_RELEASE,True,True,False,,0.4,2025-09-11,PRIOR_OBSERVATION,0.4,2025-09-11,-0.10000000000000003,1.0,-0.10000000000000003,-0.2887881370996369,59,NORMAL_RANGE,EXPANDING_PRIOR_ONLY,NOT_AVAILABLE,True,False
CPI,BLS,2026-01-13,08:30 ET,2025-12,0.3,,,,,2026-01-13,U.S. Bureau of Labor Statistics — Consumer Price Index,https://www.bls.gov/news.release/archives/cpi_01132026.htm,NEW_PERIOD_RELEASE,True,True,False,,0.3,2025-10-24,PRIOR_OBSERVATION,0.3,2025-10-24,0.0,1.0,0.0,0.03180114766483786,60,NORMAL_RANGE,EXPANDING_PRIOR_ONLY,NOT_AVAILABLE,True,False
CPI,BLS,2026-09-11,08:30 ET,August 2026,0.4,0.1,,,,2026-09-11,BLS CPI News Release,https://www.bls.gov/news.release/archives/cpi_09112026.htm,NEW_PERIOD_RELEASE,True,True,False,,0.3,2026-01-13,OFFICIAL_PREVIOUS,0.1,,0.30000000000000004,1.0,0.30000000000000004,0.993620906760872,61,NORMAL_RANGE,EXPANDING_PRIOR_ONLY,NOT_AVAILABLE,True,False
GDP,BEA,2022-06-29,08:30 ET,Q1 2022 — Third Estimate,-1.6,-1.5,,,,2022-06-29,U.S. Bureau of Economic Analysis — GDP,https://www.bea.gov/news/2022/gross-domestic-product-third-estimate-corporate-profits-revised-estimate-first-quarter-2022,NEW_PERIOD_RELEASE,True,True,False,,,,OFFICIAL_PREVIOUS,-1.5,,-0.10000000000000009,1.0,-0.10000000000000009,,0,INSUFFICIENT_HISTORY,EXPANDING_PRIOR_ONLY,NOT_AVAILABLE,True,False
GDP,BEA,2022-09-29,08:30 ET,Q2 2022 — Third Estimate,-0.6,-0.6,,,,2022-09-29,U.S. Bureau of Economic Analysis — GDP,https://www.bea.gov/news/2022/gross-domestic-product-third-estimate-corporate-profits-second-quarter-2022,NEW_PERIOD_RELEASE,True,True,False,,-1.6,2022-06-29,OFFICIAL_PREVIOUS,-0.6,,0.0,1.0,0.0,,1,INSUFFICIENT_HISTORY,EXPANDING_PRIOR_ONLY,NOT_AVAILABLE,True,False
GDP,BEA,2022-10-27,08:30 ET,Q3 2022 — Advance Estimate,2.6,,,,,2022-10-27,U.S. Bureau of Economic Analysis — GDP,https://www.bea.gov/news/2022/gross-domestic-product-third-quarter-2022-advance-estimate,NEW_PERIOD_RELEASE,True,True,False,,-0.6,2022-09-29,PRIOR_OBSERVATION,-0.6,2022-09-29,3.2,1.0,3.2,,2,INSUFFICIENT_HISTORY,EXPANDING_PRIOR_ONLY,NOT_AVAILABLE,True,False
GDP,BEA,2022-11-30,08:30 ET,Q3 2022 — Second Estimate,2.9,2.6,0.3,,,2022-11-30,U.S. Bureau of Economic Analysis — GDP,https://www.bea.gov/news/2022/gross-domestic-product-second-estimate-corporate-profits-third-quarter-2022,SAME_PERIOD_REVISION,False,True,False,,2.6,2022-10-27,OFFICIAL_PREVIOUS,2.6,,0.2999999999999998,1.0,0.2999999999999998,-0.3906830412571731,3,NORMAL_RANGE,EXPANDING_PRIOR_ONLY,NOT_AVAILABLE,True,False
GDP,BEA,2022-12-22,08:30 ET,Q3 2022 — Third Estimate,3.2,2.9,0.3,,,2022-12-22,U.S. Bureau of Economic Analysis — GDP,https://www.bea.gov/news/2022/gross-domestic-product-third-estimate-corporate-profits-third-quarter-2022,SAME_PERIOD_REVISION,False,True,False,,2.9,2022-11-30,OFFICIAL_PREVIOUS,2.9,,0.30000000000000027,1.0,0.30000000000000027,-0.3490158743336936,4,NORMAL_RANGE,EXPANDING_PRIOR_ONLY,NOT_AVAILABLE,True,False
GDP,BEA,2023-01-26,08:30 ET,Q4 2022 — Advance Estimate,2.9,,,,,2023-01-26,U.S. Bureau of Economic Analysis — GDP,https://www.bea.gov/news/2023/gross-domestic-product-fourth-quarter-and-year-2022-advance-estimate,NEW_PERIOD_RELEASE,True,True,False,,3.2,2022-12-22,PRIOR_OBSERVATION,3.2,2022-12-22,-0.30000000000000027,1.0,-0.30000000000000027,-0.7499696648398037,5,NORMAL_RANGE,EXPANDING_PRIOR_ONLY,NOT_AVAILABLE,True,False
GDP,BEA,2023-02-23,08:30 ET,Q4 2022 — Second Estimate,2.7,2.9,-0.2,,,2023-02-23,U.S. Bureau of Economic Analysis — GDP,https://www.bea.gov/news/2023/gross-domestic-product-fourth-quarter-and-year-2022-second-estimate,SAME_PERIOD_REVISION,False,True,False,,2.9,2023-01-26,OFFICIAL_PREVIOUS,2.9,,-0.19999999999999973,1.0,-0.19999999999999973,-0.5848045653228487,6,NORMAL_RANGE,EXPANDING_PRIOR_ONLY,NOT_AVAILABLE,True,False
GDP,BEA,2023-03-30,08:30 ET,Q4 2022 — Third Estimate,2.6,2.7,-0.1,,,2023-03-30,U.S. Bureau of Economic Analysis — GDP,https://www.bea.gov/news/2023/gross-domestic-product-fourth-quarter-and-year-2022-third-estimate-gdp-industry-and,SAME_PERIOD_REVISION,False,True,False,,2.7,2023-02-23,OFFICIAL_PREVIOUS,2.7,,-0.10000000000000009,1.0,-0.10000000000000009,-0.45246989088073614,7,NORMAL_RANGE,EXPANDING_PRIOR_ONLY,NOT_AVAILABLE,True,False
GDP,BEA,2023-04-27,08:30 ET,Q1 2023 — Advance Estimate,1.1,,,,,2023-04-27,U.S. Bureau of Economic Analysis — GDP,https://www.bea.gov/news/2023/gross-domestic-product-first-quarter-2023-advance-estimate,NEW_PERIOD_RELEASE,True,True,False,,2.6,2023-03-30,PRIOR_OBSERVATION,2.6,2023-03-30,-1.5,1.0,-1.5,-1.6315303432178512,8,LARGE_NEGATIVE,EXPANDING_PRIOR_ONLY,NOT_AVAILABLE,True,False
GDP,BEA,2023-05-25,08:30 ET,Q1 2023 — Second Estimate,1.3,1.1,0.2,,,2023-05-25,U.S. Bureau of Economic Analysis — GDP,https://www.bea.gov/news/2023/gross-domestic-product-second-estimate-corporate-profits-first-quarter-2023,SAME_PERIOD_REVISION,False,True,False,,1.1,2023-04-27,OFFICIAL_PREVIOUS,1.1,,0.19999999999999996,1.0,0.19999999999999996,0.017752547638716875,9,NORMAL_RANGE,EXPANDING_PRIOR_ONLY,NOT_AVAILABLE,True,False
GDP,BEA,2023-06-29,08:30 ET,Q1 2023 — Third Estimate,2.0,1.3,0.7,,,2023-06-29,U.S. Bureau of Economic Analysis — GDP,https://www.bea.gov/news/2023/gross-domestic-product-third-estimate-corporate-profits-revised-estimate-and-gdp-industry,SAME_PERIOD_REVISION,False,True,False,,1.3,2023-05-25,OFFICIAL_PREVIOUS,1.3,,0.7,1.0,0.7,0.44060062272178036,10,NORMAL_RANGE,EXPANDING_PRIOR_ONLY,NOT_AVAILABLE,True,False
GDP,BEA,2023-07-27,08:30 ET,Q2 2023 — Advance Estimate,2.4,,,,,2023-07-27,U.S. Bureau of Economic Analysis — GDP,https://www.bea.gov/news/2023/gross-domestic-product-second-quarter-2023-advance-estimate,NEW_PERIOD_RELEASE,True,True,False,,2.0,2023-06-29,PRIOR_OBSERVATION,2.0,2023-06-29,0.3999999999999999,1.0,0.3999999999999999,0.15277932890781826,11,NORMAL_RANGE,EXPANDING_PRIOR_ONLY,NOT_AVAILABLE,True,False
GDP,BEA,2023-08-30,08:30 ET,Q2 2023 — Second Estimate,2.1,2.4,-0.3,,,2023-08-30,U.S. Bureau of Economic Analysis — GDP,https://www.bea.gov/news/2023/gross-domestic-product-second-estimate-corporate-profits-second-quarter-2023,SAME_PERIOD_REVISION,False,True,False,,2.4,2023-07-27,OFFICIAL_PREVIOUS,2.4,,-0.2999999999999998,1.0,-0.2999999999999998,-0.501958733570766,12,NORMAL_RANGE,EXPANDING_PRIOR_ONLY,NOT_AVAILABLE,True,False
GDP,BEA,2023-09-28,08:30 ET,Q2 2023 — Third Estimate,2.1,2.1,0.0,,,2023-09-28,U.S. Bureau of Economic Analysis — GDP,https://www.bea.gov/news/2023/gross-domestic-product-third-estimate-corporate-profits-revised-estimate-second-quarter,SAME_PERIOD_REVISION,False,True,False,,2.1,2023-08-30,OFFICIAL_PREVIOUS,2.1,,0.0,1.0,0.0,-0.19156525704423027,13,NORMAL_RANGE,EXPANDING_PRIOR_ONLY,NOT_AVAILABLE,True,False
GDP,BEA,2023-10-26,08:30 ET,Q3 2023 — Advance Estimate,4.9,,,,,2023-10-26,U.S. Bureau of Economic Analysis — GDP,https://www.bea.gov/news/2023/gross-domestic-product-third-quarter-2023-advance-estimate,NEW_PERIOD_RELEASE,True,True,False,,2.1,2023-09-28,PRIOR_OBSERVATION,2.1,2023-09-28,2.8000000000000003,1.0,2.8000000000000003,2.602586074251899,14,VERY_LARGE_POSITIVE,EXPANDING_PRIOR_ONLY,NOT_AVAILABLE,True,False
GDP,BEA,2023-11-29,08:30 ET,Q3 2023 — Second Estimate,5.2,4.9,0.3,,,2023-11-29,U.S. Bureau of Economic Analysis — GDP,https://www.bea.gov/news/2023/gross-domestic-product-second-estimate-corporate-profits-preliminary-estimate-third,SAME_PERIOD_REVISION,False,True,False,,4.9,2023-10-26,OFFICIAL_PREVIOUS,4.9,,0.2999999999999998,1.0,0.2999999999999998,-0.05084432781448557,15,NORMAL_RANGE,EXPANDING_PRIOR_ONLY,NOT_AVAILABLE,True,False
GDP,BEA,2023-12-21,08:30 ET,Q3 2023 — Third Estimate,4.9,5.2,-0.3,,,2023-12-21,U.S. Bureau of Economic Analysis — GDP,https://www.bea.gov/news/2023/gross-domestic-product-third-estimate-corporate-profits-revised-estimate-and-gdp,SAME_PERIOD_REVISION,False,True,False,,5.2,2023-11-29,OFFICIAL_PREVIOUS,5.2,,-0.2999999999999998,1.0,-0.2999999999999998,-0.5755785492593617,16,NORMAL_RANGE,EXPANDING_PRIOR_ONLY,NOT_AVAILABLE,True,False
GDP,BEA,2024-04-25,08:30 ET,Q1 2024 — Advance Estimate,1.6,,,,,2024-04-25,BEA GDP News Release,https://www.bea.gov/news/2024/gross-domestic-product-first-quarter-2024-advance-estimate,NEW_PERIOD_RELEASE,True,True,False,,4.9,2023-12-21,PRIOR_OBSERVATION,4.9,2023-12-21,-3.3000000000000003,1.0,-3.3000000000000003,-3.2434581852879547,17,VERY_LARGE_NEGATIVE,EXPANDING_PRIOR_ONLY,NOT_AVAILABLE,True,False
GDP,BEA,2024-05-30,08:30 ET,Q1 2024 — Second Estimate,1.3,1.6,-0.3,,,2024-05-30,BEA GDP News Release,https://www.bea.gov/news/2024/gross-domestic-product-first-quarter-2024-second-estimate-corporate-profits-preliminary,SAME_PERIOD_REVISION,False,True,False,,1.6,2024-04-25,OFFICIAL_PREVIOUS,1.6,,-0.30000000000000004,1.0,-0.30000000000000004,-0.3024456790515754,18,NORMAL_RANGE,EXPANDING_PRIOR_ONLY,NOT_AVAILABLE,True,False
GDP,BEA,2024-06-27,08:30 ET,Q1 2024 — Third Estimate,1.4,1.3,0.1,,,2024-06-27,BEA GDP News Release,https://www.bea.gov/news/2024/gross-domestic-product-third-estimate-corporate-profits-revised-estimate-and-gdp-industry,SAME_PERIOD_REVISION,False,True,False,,1.3,2024-05-30,OFFICIAL_PREVIOUS,1.3,,0.09999999999999987,1.0,0.09999999999999987,0.003921143185808332,19,NORMAL_RANGE,EXPANDING_PRIOR_ONLY,NOT_AVAILABLE,True,False
GDP,BEA,2024-07-25,08:30 ET,Q2 2024 — Advance Estimate,2.8,,,,,2024-07-25,BEA GDP News Release,https://www.bea.gov/news/2024/gross-domestic-product-second-quarter-2024-advance-estimate,NEW_PERIOD_RELEASE,True,True,False,,1.4,2024-06-27,PRIOR_OBSERVATION,1.4,2024-06-27,1.4,1.0,1.4,0.9988888969018594,20,NORMAL_RANGE,EXPANDING_PRIOR_ONLY,NOT_AVAILABLE,True,False
GDP,BEA,2024-08-29,08:30 ET,Q2 2024 — Second Estimate,3.0,2.8,0.2,,,2024-08-29,BEA GDP News Release,https://www.bea.gov/news/2024/gross-domestic-product-second-quarter-2024-second-estimate-corporate-profits-preliminary,SAME_PERIOD_REVISION,False,True,False,,2.8,2024-07-25,OFFICIAL_PREVIOUS,2.8,,0.20000000000000018,1.0,0.20000000000000018,0.032845096650552554,21,NORMAL_RANGE,EXPANDING_PRIOR_ONLY,NOT_AVAILABLE,True,False
GDP,BEA,2024-09-26,08:30 ET,Q2 2024 — Third Estimate,3.0,3.0,0.0,,,2024-09-26,BEA GDP News Release,https://www.bea.gov/news/2024/gross-domestic-product-third-estimate-corporate-profits-revised-estimate-and-gdp-0,SAME_PERIOD_REVISION,False,True,False,,3.0,2024-08-29,OFFICIAL_PREVIOUS,3.0,,0.0,1.0,0.0,-0.12493271047174606,22,NORMAL_RANGE,EXPANDING_PRIOR_ONLY,NOT_AVAILABLE,True,False
GDP,BEA,2024-10-30,08:30 ET,Q3 2024 — Advance Estimate,2.8,,,,,2024-10-30,BEA GDP News Release,https://www.bea.gov/news/2024/gross-domestic-product-third-quarter-2024-advance-estimate,NEW_PERIOD_RELEASE,True,True,False,,3.0,2024-09-26,PRIOR_OBSERVATION,3.0,2024-09-26,-0.20000000000000018,1.0,-0.20000000000000018,-0.2829667147529049,23,NORMAL_RANGE,EXPANDING_PRIOR_ONLY,NOT_AVAILABLE,True,False
GDP,BEA,2024-11-27,08:30 ET,Q3 2024 — Second Estimate,2.8,2.8,0.0,,,2024-11-27,BEA GDP News Release,https://www.bea.gov/news/2024/gross-domestic-product-third-quarter-2024-second-estimate-and-corporate-profits,SAME_PERIOD_REVISION,False,True,False,,2.8,2024-10-30,OFFICIAL_PREVIOUS,2.8,,0.0,1.0,0.0,-0.11276579199379898,24,NORMAL_RANGE,EXPANDING_PRIOR_ONLY,NOT_AVAILABLE,True,False
GDP,BEA,2024-12-19,08:30 ET,Q3 2024 — Third Estimate,3.1,2.8,0.3,,,2024-12-19,BEA GDP News Release,https://www.bea.gov/news/2024/gross-domestic-product-third-estimate-corporate-profits-revised-estimate-and-gdp-1,SAME_PERIOD_REVISION,False,True,False,,2.8,2024-11-27,OFFICIAL_PREVIOUS,2.8,,0.30000000000000027,1.0,0.30000000000000027,0.1407052941362899,25,NORMAL_RANGE,EXPANDING_PRIOR_ONLY,NOT_AVAILABLE,True,False
GDP,BEA,2025-01-30,08:30 ET,Q4 2024 — Advance Estimate,2.3,,,,,2025-01-30,BEA GDP News Release,https://www.bea.gov/news/2025/gross-domestic-product-4th-quarter-and-year-2024-advance-estimate,NEW_PERIOD_RELEASE,True,True,False,,3.1,2024-12-19,PRIOR_OBSERVATION,3.1,2024-12-19,-0.8000000000000003,1.0,-0.8000000000000003,-0.8018808611984608,26,NORMAL_RANGE,EXPANDING_PRIOR_ONLY,NOT_AVAILABLE,True,False
GDP,BEA,2025-02-27,08:30 ET,Q4 2024 — Second Estimate,2.3,2.3,0.0,,,2025-02-27,BEA GDP News Release,https://www.bea.gov/news/2025/gross-domestic-product-4th-quarter-and-year-2024-second-estimate,SAME_PERIOD_REVISION,False,True,False,,2.3,2025-01-30,OFFICIAL_PREVIOUS,2.3,,0.0,1.0,0.0,-0.08926712525265114,27,NORMAL_RANGE,EXPANDING_PRIOR_ONLY,NOT_AVAILABLE,True,False
GDP,BEA,2025-03-27,08:30 ET,Q4 2024 — Third Estimate,2.4,2.3,0.1,,,2025-03-27,BEA GDP News Release,https://www.bea.gov/news/2025/gross-domestic-product-4th-quarter-and-year-2024-third-estimate-gdp-industry-and,SAME_PERIOD_REVISION,False,True,False,,2.3,2025-02-27,OFFICIAL_PREVIOUS,2.3,,0.10000000000000009,1.0,0.10000000000000009,8.520137560959492e-17,28,NORMAL_RANGE,EXPANDING_PRIOR_ONLY,NOT_AVAILABLE,True,False
GDP,BEA,2025-04-30,08:30 ET,Q1 2025 — Advance Estimate,-0.3,,,,,2025-04-30,U.S. Bureau of Economic Analysis — GDP,https://www.bea.gov/news/2025/gross-domestic-product-1st-quarter-2025-advance-estimate,NEW_PERIOD_RELEASE,True,True,False,,2.4,2025-03-27,PRIOR_OBSERVATION,2.4,2025-03-27,-2.6999999999999997,1.0,-2.6999999999999997,-2.500826074346446,29,VERY_LARGE_NEGATIVE,EXPANDING_PRIOR_ONLY,NOT_AVAILABLE,True,False
GDP,BEA,2025-05-29,08:30 ET,Q1 2025 — Second Estimate,-0.2,,,,,2025-05-29,U.S. Bureau of Economic Analysis — GDP,https://www.bea.gov/news/2025/gross-domestic-product-second-estimate-corporate-profits-preliminary-estimate-1st-quarter,SAME_PERIOD_REVISION,False,True,False,,-0.3,2025-04-30,PRIOR_OBSERVATION,-0.3,2025-04-30,0.09999999999999998,1.0,0.09999999999999998,0.076936133040164,30,NORMAL_RANGE,EXPANDING_PRIOR_ONLY,NOT_AVAILABLE,True,False
GDP,BEA,2025-06-26,08:30 ET,Q1 2025 — Third Estimate,-0.5,,,,,2025-06-26,U.S. Bureau of Economic Analysis — GDP,https://www.bea.gov/news/2025/gross-domestic-product-1st-quarter-2025-third-estimate-gdp-industry-and-corporate-profits,SAME_PERIOD_REVISION,False,True,False,,-0.2,2025-05-29,PRIOR_OBSERVATION,-0.2,2025-05-29,-0.3,1.0,-0.3,-0.25961026305403384,31,NORMAL_RANGE,EXPANDING_PRIOR_ONLY,NOT_AVAILABLE,True,False
GDP,BEA,2025-07-30,08:30 ET,Q2 2025 — Advance Estimate,3.0,,,,,2025-07-30,U.S. Bureau of Economic Analysis — GDP,https://www.bea.gov/news/2025/gross-domestic-product-2nd-quarter-2025-advance-estimate,NEW_PERIOD_RELEASE,True,True,False,,-0.5,2025-06-26,PRIOR_OBSERVATION,-0.5,2025-06-26,3.5,1.0,3.5,2.97939785765562,32,VERY_LARGE_POSITIVE,EXPANDING_PRIOR_ONLY,NOT_AVAILABLE,True,False
GDP,BEA,2025-08-28,08:30 ET,Q2 2025 — Second Estimate,3.3,,,,,2025-08-28,U.S. Bureau of Economic Analysis — GDP,https://www.bea.gov/news/2025/gross-domestic-product-2nd-quarter-2025-second-estimate-and-corporate-profits-preliminary,SAME_PERIOD_REVISION,False,True,False,,3.0,2025-07-30,PRIOR_OBSERVATION,3.0,2025-07-30,0.2999999999999998,1.0,0.2999999999999998,0.14839218342099822,33,NORMAL_RANGE,EXPANDING_PRIOR_ONLY,NOT_AVAILABLE,True,False
GDP,BEA,2025-09-25,08:30 ET,Q2 2025 — Third Estimate,3.8,,,,,2025-09-25,U.S. Bureau of Economic Analysis — GDP,https://www.bea.gov/news/2025/gross-domestic-product-2nd-quarter-2025-third-estimate-gdp-industry-corporate-profits,SAME_PERIOD_REVISION,False,True,False,,3.3,2025-08-28,PRIOR_OBSERVATION,3.3,2025-08-28,0.5,1.0,0.5,0.30156226950763504,34,NORMAL_RANGE,EXPANDING_PRIOR_ONLY,NOT_AVAILABLE,True,False
GDP,BEA,2025-12-23,08:30 ET,Q3 2025 — Initial Estimate,4.3,,,,,2025-12-23,U.S. Bureau of Economic Analysis — GDP,https://www.bea.gov/news/2025/gross-domestic-product-3rd-quarter-2025-initial-estimate-and-corporate-profits,NEW_PERIOD_RELEASE,True,True,False,,3.8,2025-09-25,PRIOR_OBSERVATION,3.8,2025-09-25,0.5,1.0,0.5,0.29695444773382496,35,NORMAL_RANGE,EXPANDING_PRIOR_ONLY,NOT_AVAILABLE,True,False
GDP,BEA,2026-01-22,08:30 ET,Q3 2025 — Updated Estimate,4.4,,,,,2026-01-22,U.S. Bureau of Economic Analysis — GDP,https://www.bea.gov/news/2026/gross-domestic-product-3rd-quarter-2025-updated-estimate-gdp-industry-and-corporate,SAME_PERIOD_REVISION,False,True,False,,4.3,2025-12-23,PRIOR_OBSERVATION,4.3,2025-12-23,0.10000000000000053,1.0,0.10000000000000053,-0.026595637183989437,36,NORMAL_RANGE,EXPANDING_PRIOR_ONLY,NOT_AVAILABLE,True,False
GDP,BEA,2026-02-20,08:30 ET,Q4 2025 — Advance Estimate,1.4,,,,,2026-02-20,U.S. Bureau of Economic Analysis — GDP,https://www.bea.gov/news/2026/gdp-advance-estimate-4th-quarter-and-year-2025,NEW_PERIOD_RELEASE,True,True,False,,4.4,2026-01-22,PRIOR_OBSERVATION,4.4,2026-01-22,-3.0000000000000004,1.0,-3.0000000000000004,-2.5346985988890065,37,VERY_LARGE_NEGATIVE,EXPANDING_PRIOR_ONLY,NOT_AVAILABLE,True,False
GDP,BEA,2026-03-13,08:30 ET,Q4 2025 — Second Estimate,0.7,,,,,2026-03-13,U.S. Bureau of Economic Analysis — GDP,https://www.bea.gov/news/2026/gdp-second-estimate-4th-quarter-and-year-2025,SAME_PERIOD_REVISION,False,True,False,,1.4,2026-02-20,PRIOR_OBSERVATION,1.4,2026-02-20,-0.7,1.0,-0.7,-0.5678903229673542,38,NORMAL_RANGE,EXPANDING_PRIOR_ONLY,NOT_AVAILABLE,True,False
GDP,BEA,2026-04-09,08:30 ET,Q4 2025 — Third Estimate,0.5,,,,,2026-04-09,U.S. Bureau of Economic Analysis — GDP,https://www.bea.gov/news/2026/gdp-third-estimate-industries-corporate-profits-state-gdp-and-state-personal-income-4th,SAME_PERIOD_REVISION,False,True,False,,0.7,2026-03-13,PRIOR_OBSERVATION,0.7,2026-03-13,-0.19999999999999996,1.0,-0.19999999999999996,-0.1763338388289789,39,NORMAL_RANGE,EXPANDING_PRIOR_ONLY,NOT_AVAILABLE,True,False
GDP,BEA,2026-08-26,08:30 ET,Q2 2026 — Second Estimate,1.5,1.5,0.0,,,2026-08-26,U.S. Bureau of Economic Analysis — GDP,https://www.bea.gov/news/2026/gdp-second-estimate-and-corporate-profits-2nd-quarter-2026,NEW_PERIOD_RELEASE,True,True,False,,0.5,2026-04-09,OFFICIAL_PREVIOUS,1.5,,0.0,1.0,0.0,-0.019344838280456862,40,NORMAL_RANGE,EXPANDING_PRIOR_ONLY,NOT_AVAILABLE,True,False
INITIAL_JOBLESS_CLAIMS,DOL,2020-01-02,08:30 ET,"Week ending December 28, 2019",222000.0,,,,,2020-01-02,DOL Initial Jobless Claims — immutable first-release PIT reconstruction,https://github.com/0xkoa1a/investment-research/blob/main/data/raw/fred_first_release/initial_claims.csv,NEW_PERIOD_RELEASE,True,True,False,,,,NONE,,,,-1.0,,,0,INSUFFICIENT_HISTORY,EXPANDING_PRIOR_ONLY,NOT_AVAILABLE,True,False
INITIAL_JOBLESS_CLAIMS,DOL,2020-01-09,08:30 ET,"Week ending January 4, 2020",214000.0,,,,,2020-01-09,DOL Initial Jobless Claims — immutable first-release PIT reconstruction,https://github.com/0xkoa1a/investment-research/blob/main/data/raw/fred_first_release/initial_claims.csv,NEW_PERIOD_RELEASE,True,True,False,,222000.0,2020-01-02,PRIOR_OBSERVATION,222000.0,2020-01-02,-8000.0,-1.0,8000.0,,0,INSUFFICIENT_HISTORY,EXPANDING_PRIOR_ONLY,NOT_AVAILABLE,True,False
INITIAL_JOBLESS_CLAIMS,DOL,2020-01-16,08:30 ET,"Week ending January 11, 2020",204000.0,,,,,2020-01-16,DOL Initial Jobless Claims — immutable first-release PIT reconstruction,https://github.com/0xkoa1a/investment-research/blob/main/data/raw/fred_first_release/initial_claims.csv,NEW_PERIOD_RELEASE,True,True,False,,214000.0,2020-01-09,PRIOR_OBSERVATION,214000.0,2020-01-09,-10000.0,-1.0,10000.0,,1,INSUFFICIENT_HISTORY,EXPANDING_PRIOR_ONLY,NOT_AVAILABLE,True,False
INITIAL_JOBLESS_CLAIMS,DOL,2020-01-23,08:30 ET,"Week ending January 18, 2020",211000.0,,,,,2020-01-23,DOL Initial Jobless Claims — immutable first-release PIT reconstruction,https://github.com/0xkoa1a/investment-research/blob/main/data/raw/fred_first_release/initial_claims.csv,NEW_PERIOD_RELEASE,True,True,False,,204000.0,2020-01-16,PRIOR_OBSERVATION,204000.0,2020-01-16,7000.0,-1.0,-7000.0,,2,INSUFFICIENT_HISTORY,EXPANDING_PRIOR_ONLY,NOT_AVAILABLE,True,False
INITIAL_JOBLESS_CLAIMS,DOL,2020-01-30,08:30 ET,"Week ending January 25, 2020",216000.0,,,,,2020-01-30,DOL Initial Jobless Claims — immutable first-release PIT reconstruction,https://github.com/0xkoa1a/investment-research/blob/main/data/raw/fred_first_release/initial_claims.csv,NEW_PERIOD_RELEASE,True,True,False,,211000.0,2020-01-23,PRIOR_OBSERVATION,211000.0,2020-01-23,5000.0,-1.0,-5000.0,-0.9327448043344276,3,NORMAL_RANGE,EXPANDING_PRIOR_ONLY,NOT_AVAILABLE,True,False
INITIAL_JOBLESS_CLAIMS,DOL,2020-02-06,08:30 ET,"Week ending February 1, 2020",202000.0,,,,,2020-02-06,DOL Initial Jobless Claims — immutable first-release PIT reconstruction,https://github.com/0xkoa1a/investment-research/blob/main/data/raw/fred_first_release/initial_claims.csv,NEW_PERIOD_RELEASE,True,True,False,,216000.0,2020-01-30,PRIOR_OBSERVATION,216000.0,2020-01-30,-14000.0,-1.0,14000.0,1.4307142382184668,4,LARGE_POSITIVE,EXPANDING_PRIOR_ONLY,NOT_AVAILABLE,True,False
INITIAL_JOBLESS_CLAIMS,DOL,2020-02-13,08:30 ET,"Week ending February 8, 2020",205000.0,,,,,2020-02-13,DOL Initial Jobless Claims — immutable first-release PIT reconstruction,https://github.com/0xkoa1a/investment-research/blob/main/data/raw/fred_first_release/initial_claims.csv,NEW_PERIOD_RELEASE,True,True,False,,202000.0,2020-02-06,PRIOR_OBSERVATION,202000.0,2020-02-06,3000.0,-1.0,-3000.0,-0.7440916048338274,5,NORMAL_RANGE,EXPANDING_PRIOR_ONLY,NOT_AVAILABLE,True,False
INITIAL_JOBLESS_CLAIMS,DOL,2020-02-20,08:30 ET,"Week ending February 15, 2020",210000.0,,,,,2020-02-20,DOL Initial Jobless Claims — immutable first-release PIT reconstruction,https://github.com/0xkoa1a/investment-research/blob/main/data/raw/fred_first_release/initial_claims.csv,NEW_PERIOD_RELEASE,True,True,False,,205000.0,2020-02-13,PRIOR_OBSERVATION,205000.0,2020-02-13,5000.0,-1.0,-5000.0,-0.8815048468334443,6,NORMAL_RANGE,EXPANDING_PRIOR_ONLY,NOT_AVAILABLE,True,False
INITIAL_JOBLESS_CLAIMS,DOL,2020-02-27,08:30 ET,"Week ending February 22, 2020",219000.0,,,,,2020-02-27,DOL Initial Jobless Claims — immutable first-release PIT reconstruction,https://github.com/0xkoa1a/investment-research/blob/main/data/raw/fred_first_release/initial_claims.csv,NEW_PERIOD_RELEASE,True,True,False,,210000.0,2020-02-20,PRIOR_OBSERVATION,210000.0,2020-02-20,9000.0,-1.0,-9000.0,-1.240729167463663,7,LARGE_NEGATIVE,EXPANDING_PRIOR_ONLY,NOT_AVAILABLE,True,False
INITIAL_JOBLESS_CLAIMS,DOL,2020-03-05,08:30 ET,"Week ending February 29, 2020",216000.0,,,,,2020-03-05,DOL Initial Jobless Claims — immutable first-release PIT reconstruction,https://github.com/0xkoa1a/investment-research/blob/main/data/raw/fred_first_release/initial_claims.csv,NEW_PERIOD_RELEASE,True,True,False,,219000.0,2020-02-27,PRIOR_OBSERVATION,219000.0,2020-02-27,-3000.0,-1.0,3000.0,0.2967136909104745,8,NORMAL_RANGE,EXPANDING_PRIOR_ONLY,NOT_AVAILABLE,True,False
INITIAL_JOBLESS_CLAIMS,DOL,2020-03-12,08:30 ET,"Week ending March 7, 2020",211000.0,,,,,2020-03-12,DOL Initial Jobless Claims — immutable first-release PIT reconstruction,https://github.com/0xkoa1a/investment-research/blob/main/data/raw/fred_first_release/initial_claims.csv,NEW_PERIOD_RELEASE,True,True,False,,216000.0,2020-03-05,PRIOR_OBSERVATION,216000.0,2020-03-05,-5000.0,-1.0,5000.0,0.5207295323759618,9,NORMAL_RANGE,EXPANDING_PRIOR_ONLY,NOT_AVAILABLE,True,False
INITIAL_JOBLESS_CLAIMS,DOL,2020-03-19,08:30 ET,"Week ending March 14, 2020",281000.0,,,,,2020-03-19,DOL Initial Jobless Claims — immutable first-release PIT reconstruction,https://github.com/0xkoa1a/investment-research/blob/main/data/raw/fred_first_release/initial_claims.csv,NEW_PERIOD_RELEASE,True,True,False,,211000.0,2020-03-12,PRIOR_OBSERVATION,211000.0,2020-03-12,70000.0,-1.0,-70000.0,-8.927108926088271,10,VERY_LARGE_NEGATIVE,EXPANDING_PRIOR_ONLY,NOT_AVAILABLE,True,False
INITIAL_JOBLESS_CLAIMS,DOL,2020-03-26,08:30 ET,"Week ending March 21, 2020",3283000.0,,,,,2020-03-26,DOL Initial Jobless Claims — immutable first-release PIT reconstruction,https://github.com/0xkoa1a/investment-research/blob/main/data/raw/fred_first_release/initial_claims.csv,NEW_PERIOD_RELEASE,True,True,False,,281000.0,2020-03-19,PRIOR_OBSERVATION,281000.0,2020-03-19,3002000.0,-1.0,-3002000.0,-131.8359697206637,11,VERY_LARGE_NEGATIVE,EXPANDING_PRIOR_ONLY,NOT_AVAILABLE,True,False
INITIAL_JOBLESS_CLAIMS,DOL,2020-04-02,08:30 ET,"Week ending March 28, 2020",6648000.0,,,,,2020-04-02,DOL Initial Jobless Claims — immutable first-release PIT reconstruction,https://github.com/0xkoa1a/investment-research/blob/main/data/raw/fred_first_release/initial_claims.csv,NEW_PERIOD_RELEASE,True,True,False,,3283000.0,2020-03-26,PRIOR_OBSERVATION,3283000.0,2020-03-26,3365000.0,-1.0,-3365000.0,-3.593925571555064,12,VERY_LARGE_NEGATIVE,EXPANDING_PRIOR_ONLY,NOT_AVAILABLE,True,False
INITIAL_JOBLESS_CLAIMS,DOL,2020-04-09,08:30 ET,"Week ending April 4, 2020",6606000.0,,,,,2020-04-09,DOL Initial Jobless Claims — immutable first-release PIT reconstruction,https://github.com/0xkoa1a/investment-research/blob/main/data/raw/fred_first_release/initial_claims.csv,NEW_PERIOD_RELEASE,True,True,False,,6648000.0,2020-04-02,PRIOR_OBSERVATION,6648000.0,2020-04-02,-42000.0,-1.0,42000.0,0.4484269626806573,13,NORMAL_RANGE,EXPANDING_PRIOR_ONLY,NOT_AVAILABLE,True,False
INITIAL_JOBLESS_CLAIMS,DOL,2020-04-16,08:30 ET,"Week ending April 11, 2020",5245000.0,,,,,2020-04-16,DOL Initial Jobless Claims — immutable first-release PIT reconstruction,https://github.com/0xkoa1a/investment-research/blob/main/data/raw/fred_first_release/initial_claims.csv,NEW_PERIOD_RELEASE,True,True,False,,6606000.0,2020-04-09,PRIOR_OBSERVATION,6606000.0,2020-04-09,-1361000.0,-1.0,1361000.0,1.56913683649086,14,LARGE_POSITIVE,EXPANDING_PRIOR_ONLY,NOT_AVAILABLE,True,False
INITIAL_JOBLESS_CLAIMS,DOL,2020-04-23,08:30 ET,"Week ending April 18, 2020",4427000.0,,,,,2020-04-23,DOL Initial Jobless Claims — immutable first-release PIT reconstruction,https://github.com/0xkoa1a/investment-research/blob/main/data/raw/fred_first_release/initial_claims.csv,NEW_PERIOD_RELEASE,True,True,False,,5245000.0,2020-04-16,PRIOR_OBSERVATION,5245000.0,2020-04-16,-818000.0,-1.0,818000.0,0.9524255393308548,15,NORMAL_RANGE,EXPANDING_PRIOR_ONLY,NOT_AVAILABLE,True,False
INITIAL_JOBLESS_CLAIMS,DOL,2020-04-30,08:30 ET,"Week ending April 25, 2020",3839000.0,,,,,2020-04-30,DOL Initial Jobless Claims — immutable first-release PIT reconstruction,https://github.com/0xkoa1a/investment-research/blob/main/data/raw/fred_first_release/initial_claims.csv,NEW_PERIOD_RELEASE,True,True,False,,4427000.0,2020-04-23,PRIOR_OBSERVATION,4427000.0,2020-04-23,-588000.0,-1.0,588000.0,0.7064185203919956,16,NORMAL_RANGE,EXPANDING_PRIOR_ONLY,NOT_AVAILABLE,True,False
INITIAL_JOBLESS_CLAIMS,DOL,2020-05-07,08:30 ET,"Week ending May 2, 2020",3169000.0,,,,,2020-05-07,DOL Initial Jobless Claims — immutable first-release PIT reconstruction,https://github.com/0xkoa1a/investment-research/blob/main/data/raw/fred_first_release/initial_claims.csv,NEW_PERIOD_RELEASE,True,True,False,,3839000.0,2020-04-30,PRIOR_OBSERVATION,3839000.0,2020-04-30,-670000.0,-1.0,670000.0,0.7454055230805954,17,NORMAL_RANGE,EXPANDING_PRIOR_ONLY,NOT_AVAILABLE,True,False
INITIAL_JOBLESS_CLAIMS,DOL,2020-05-14,08:30 ET,"Week ending May 9, 2020",2981000.0,,,,,2020-05-14,DOL Initial Jobless Claims — immutable first-release PIT reconstruction,https://github.com/0xkoa1a/investment-research/blob/main/data/raw/fred_first_release/initial_claims.csv,NEW_PERIOD_RELEASE,True,True,False,,3169000.0,2020-05-07,PRIOR_OBSERVATION,3169000.0,2020-05-07,-188000.0,-1.0,188000.0,0.30123422949422685,18,NORMAL_RANGE,EXPANDING_PRIOR_ONLY,NOT_AVAILABLE,True,False
INITIAL_JOBLESS_CLAIMS,DOL,2020-05-21,08:30 ET,"Week ending May 16, 2020",2438000.0,,,,,2020-05-21,DOL Initial Jobless Claims — immutable first-release PIT reconstruction,https://github.com/0xkoa1a/investment-research/blob/main/data/raw/fred_first_release/initial_claims.csv,NEW_PERIOD_RELEASE,True,True,False,,2981000.0,2020-05-14,PRIOR_OBSERVATION,2981000.0,2020-05-14,-543000.0,-1.0,543000.0,0.6049817915803615,19,NORMAL_RANGE,EXPANDING_PRIOR_ONLY,NOT_AVAILABLE,True,False
INITIAL_JOBLESS_CLAIMS,DOL,2020-05-28,08:30 ET,"Week ending May 23, 2020",2123000.0,,,,,2020-05-28,DOL Initial Jobless Claims — immutable first-release PIT reconstruction,https://github.com/0xkoa1a/investment-research/blob/main/data/raw/fred_first_release/initial_claims.csv,NEW_PERIOD_RELEASE,True,True,False,,2438000.0,2020-05-21,PRIOR_OBSERVATION,2438000.0,2020-05-21,-315000.0,-1.0,315000.0,0.3809014287709866,20,NORMAL_RANGE,EXPANDING_PRIOR_ONLY,NOT_AVAILABLE,True,False
INITIAL_JOBLESS_CLAIMS,DOL,2020-06-04,08:30 ET,"Week ending May 30, 2020",1877000.0,,,,,2020-06-04,DOL Initial Jobless Claims — immutable first-release PIT reconstruction,https://github.com/0xkoa1a/investment-research/blob/main/data/raw/fred_first_release/initial_claims.csv,NEW_PERIOD_RELEASE,True,True,False,,2123000.0,2020-05-28,PRIOR_OBSERVATION,2123000.0,2020-05-28,-246000.0,-1.0,246000.0,0.30774248408818916,21,NORMAL_RANGE,EXPANDING_PRIOR_ONLY,NOT_AVAILABLE,True,False
INITIAL_JOBLESS_CLAIMS,DOL,2020-06-11,08:30 ET,"Week ending June 6, 2020",1542000.0,,,,,2020-06-11,DOL Initial Jobless Claims — immutable first-release PIT reconstruction,https://github.com/0xkoa1a/investment-research/blob/main/data/raw/fred_first_release/initial_claims.csv,NEW_PERIOD_RELEASE,True,True,False,,1877000.0,2020-06-04,PRIOR_OBSERVATION,1877000.0,2020-06-04,-335000.0,-1.0,335000.0,0.38354077090915895,22,NORMAL_RANGE,EXPANDING_PRIOR_ONLY,NOT_AVAILABLE,True,False
INITIAL_JOBLESS_CLAIMS,DOL,2020-06-18,08:30 ET,"Week ending June 13, 2020",1508000.0,,,,,2020-06-18,DOL Initial Jobless Claims — immutable first-release PIT reconstruction,https://github.com/0xkoa1a/investment-research/blob/main/data/raw/fred_first_release/initial_claims.csv,NEW_PERIOD_RELEASE,True,True,False,,1542000.0,2020-06-11,PRIOR_OBSERVATION,1542000.0,2020-06-11,-34000.0,-1.0,34000.0,0.08716526648196112,23,NORMAL_RANGE,EXPANDING_PRIOR_ONLY,NOT_AVAILABLE,True,False
INITIAL_JOBLESS_CLAIMS,DOL,2020-06-25,08:30 ET,"Week ending June 20, 2020",1480000.0,,,,,2020-06-25,DOL Initial Jobless Claims — immutable first-release PIT reconstruction,https://github.com/0xkoa1a/investment-research/blob/main/data/raw/fred_first_release/initial_claims.csv,NEW_PERIOD_RELEASE,True,True,False,,1508000.0,2020-06-18,PRIOR_OBSERVATION,1508000.0,2020-06-18,-28000.0,-1.0,28000.0,0.07954644105136291,24,NORMAL_RANGE,EXPANDING_PRIOR_ONLY,NOT_AVAILABLE,True,False
INITIAL_JOBLESS_CLAIMS,DOL,2020-07-02,08:30 ET,"Week ending June 27, 2020",1427000.0,,,,,2020-07-02,DOL Initial Jobless Claims — immutable first-release PIT reconstruction,https://github.com/0xkoa1a/investment-research/blob/main/data/raw/fred_first_release/initial_claims.csv,NEW_PERIOD_RELEASE,True,True,False,,1480000.0,2020-06-25,PRIOR_OBSERVATION,1480000.0,2020-06-25,-53000.0,-1.0,53000.0,0.10289352959859223,25,NORMAL_RANGE,EXPANDING_PRIOR_ONLY,NOT_AVAILABLE,True,False
INITIAL_JOBLESS_CLAIMS,DOL,2020-07-09,08:30 ET,"Week ending July 4, 2020",1314000.0,,,,,2020-07-09,DOL Initial Jobless Claims — immutable first-release PIT reconstruction,https://github.com/0xkoa1a/investment-research/blob/main/data/raw/fred_first_release/initial_claims.csv,NEW_PERIOD_RELEASE,True,True,False,,1427000.0,2020-07-02,PRIOR_OBSERVATION,1427000.0,2020-07-02,-113000.0,-1.0,113000.0,0.16192635895635996,26,NORMAL_RANGE,EXPANDING_PRIOR_ONLY,NOT_AVAILABLE,True,False
INITIAL_JOBLESS_CLAIMS,DOL,2020-07-16,08:30 ET,"Week ending July 11, 2020",1300000.0,,,,,2020-07-16,DOL Initial Jobless Claims — immutable first-release PIT reconstruction,https://github.com/0xkoa1a/investment-research/blob/main/data/raw/fred_first_release/initial_claims.csv,NEW_PERIOD_RELEASE,True,True,False,,1314000.0,2020-07-09,PRIOR_OBSERVATION,1314000.0,2020-07-09,-14000.0,-1.0,14000.0,0.05639323463773248,27,NORMAL_RANGE,EXPANDING_PRIOR_ONLY,NOT_AVAILABLE,True,False
INITIAL_JOBLESS_CLAIMS,DOL,2020-07-23,08:30 ET,"Week ending July 18, 2020",1416000.0,,,,,2020-07-23,DOL Initial Jobless Claims — immutable first-release PIT reconstruction,https://github.com/0xkoa1a/investment-research/blob/main/data/raw/fred_first_release/initial_claims.csv,NEW_PERIOD_RELEASE,True,True,False,,1300000.0,2020-07-16,PRIOR_OBSERVATION,1300000.0,2020-07-16,116000.0,-1.0,-116000.0,-0.08179838619163386,28,NORMAL_RANGE,EXPANDING_PRIOR_ONLY,NOT_AVAILABLE,True,False
INITIAL_JOBLESS_CLAIMS,DOL,2020-07-30,08:30 ET,"Week ending July 25, 2020",1434000.0,,,,,2020-07-30,DOL Initial Jobless Claims — immutable first-release PIT reconstruction,https://github.com/0xkoa1a/investment-research/blob/main/data/raw/fred_first_release/initial_claims.csv,NEW_PERIOD_RELEASE,True,True,False,,1416000.0,2020-07-23,PRIOR_OBSERVATION,1416000.0,2020-07-23,18000.0,-1.0,-18000.0,0.024903448577509948,29,NORMAL_RANGE,EXPANDING_PRIOR_ONLY,NOT_AVAILABLE,True,False
INITIAL_JOBLESS_CLAIMS,DOL,2020-08-06,08:30 ET,"Week ending August 1, 2020",1186000.0,,,,,2020-08-06,DOL Initial Jobless Claims — immutable first-release PIT reconstruction,https://github.com/0xkoa1a/investment-research/blob/main/data/raw/fred_first_release/initial_claims.csv,NEW_PERIOD_RELEASE,True,True,False,,1434000.0,2020-07-30,PRIOR_OBSERVATION,1434000.0,2020-07-30,-248000.0,-1.0,248000.0,0.3154269570705181,30,NORMAL_RANGE,EXPANDING_PRIOR_ONLY,NOT_AVAILABLE,True,False
INITIAL_JOBLESS_CLAIMS,DOL,2020-08-13,08:30 ET,"Week ending August 8, 2020",963000.0,,,,,2020-08-13,DOL Initial Jobless Claims — immutable first-release PIT reconstruction,https://github.com/0xkoa1a/investment-research/blob/main/data/raw/fred_first_release/initial_claims.csv,NEW_PERIOD_RELEASE,True,True,False,,1186000.0,2020-08-06,PRIOR_OBSERVATION,1186000.0,2020-08-06,-223000.0,-1.0,223000.0,0.2821919110599337,31,NORMAL_RANGE,EXPANDING_PRIOR_ONLY,NOT_AVAILABLE,True,False
INITIAL_JOBLESS_CLAIMS,DOL,2020-08-20,08:30 ET,"Week ending August 15, 2020",1106000.0,,,,,2020-08-20,DOL Initial Jobless Claims — immutable first-release PIT reconstruction,https://github.com/0xkoa1a/investment-research/blob/main/data/raw/fred_first_release/initial_claims.csv,NEW_PERIOD_RELEASE,True,True,False,,963000.0,2020-08-13,PRIOR_OBSERVATION,963000.0,2020-08-13,143000.0,-1.0,-143000.0,-0.13512115537344538,32,NORMAL_RANGE,EXPANDING_PRIOR_ONLY,NOT_AVAILABLE,True,False
INITIAL_JOBLESS_CLAIMS,DOL,2020-08-27,08:30 ET,"Week ending August 22, 2020",1006000.0,,,,,2020-08-27,DOL Initial Jobless Claims — immutable first-release PIT reconstruction,https://github.com/0xkoa1a/investment-research/blob/main/data/raw/fred_first_release/initial_claims.csv,NEW_PERIOD_RELEASE,True,True,False,,1106000.0,2020-08-20,PRIOR_OBSERVATION,1106000.0,2020-08-20,-100000.0,-1.0,100000.0,0.145196403280363,33,NORMAL_RANGE,EXPANDING_PRIOR_ONLY,NOT_AVAILABLE,True,False
INITIAL_JOBLESS_CLAIMS,DOL,2020-09-03,08:30 ET,"Week ending August 29, 2020",881000.0,,,,,2020-09-03,DOL Initial Jobless Claims — immutable first-release PIT reconstruction,https://github.com/0xkoa1a/investment-research/blob/main/data/raw/fred_first_release/initial_claims.csv,NEW_PERIOD_RELEASE,True,True,False,,1006000.0,2020-08-27,PRIOR_OBSERVATION,1006000.0,2020-08-27,-125000.0,-1.0,125000.0,0.1721296121142862,34,NORMAL_RANGE,EXPANDING_PRIOR_ONLY,NOT_AVAILABLE,True,False
INITIAL_JOBLESS_CLAIMS,DOL,2020-09-10,08:30 ET,"Week ending September 5, 2020",884000.0,,,,,2020-09-10,DOL Initial Jobless Claims — immutable first-release PIT reconstruction,https://github.com/0xkoa1a/investment-research/blob/main/data/raw/fred_first_release/initial_claims.csv,NEW_PERIOD_RELEASE,True,True,False,,881000.0,2020-09-03,PRIOR_OBSERVATION,881000.0,2020-09-03,3000.0,-1.0,-3000.0,0.018670510596058586,35,NORMAL_RANGE,EXPANDING_PRIOR_ONLY,NOT_AVAILABLE,True,False
INITIAL_JOBLESS_CLAIMS,DOL,2020-09-17,08:30 ET,"Week ending September 12, 2020",860000.0,,,,,2020-09-17,DOL Initial Jobless Claims — immutable first-release PIT reconstruction,https://github.com/0xkoa1a/investment-research/blob/main/data/raw/fred_first_release/initial_claims.csv,NEW_PERIOD_RELEASE,True,True,False,,884000.0,2020-09-10,PRIOR_OBSERVATION,884000.0,2020-09-10,-24000.0,-1.0,24000.0,0.05072930433276476,36,NORMAL_RANGE,EXPANDING_PRIOR_ONLY,NOT_AVAILABLE,True,False
INITIAL_JOBLESS_CLAIMS,DOL,2020-09-24,08:30 ET,"Week ending September 19, 2020",870000.0,,,,,2020-09-24,DOL Initial Jobless Claims — immutable first-release PIT reconstruction,https://github.com/0xkoa1a/investment-research/blob/main/data/raw/fred_first_release/initial_claims.csv,NEW_PERIOD_RELEASE,True,True,False,,860000.0,2020-09-17,PRIOR_OBSERVATION,860000.0,2020-09-17,10000.0,-1.0,-10000.0,0.008791067968680032,37,NORMAL_RANGE,EXPANDING_PRIOR_ONLY,NOT_AVAILABLE,True,False
INITIAL_JOBLESS_CLAIMS,DOL,2020-10-01,08:30 ET,"Week ending September 26, 2020",837000.0,,,,,2020-10-01,DOL Initial Jobless Claims — immutable first-release PIT reconstruction,https://github.com/0xkoa1a/investment-research/blob/main/data/raw/fred_first_release/initial_claims.csv,NEW_PERIOD_RELEASE,True,True,False,,870000.0,2020-09-24,PRIOR_OBSERVATION,870000.0,2020-09-24,-33000.0,-1.0,33000.0,0.061586374934193194,38,NORMAL_RANGE,EXPANDING_PRIOR_ONLY,NOT_AVAILABLE,True,False
INITIAL_JOBLESS_CLAIMS,DOL,2020-10-08,08:30 ET,"Week ending October 3, 2020",840000.0,,,,,2020-10-08,DOL Initial Jobless Claims — immutable first-release PIT reconstruction,https://github.com/0xkoa1a/investment-research/blob/main/data/raw/fred_first_release/initial_claims.csv,NEW_PERIOD_RELEASE,True,True,False,,837000.0,2020-10-01,PRIOR_OBSERVATION,837000.0,2020-10-01,3000.0,-1.0,-3000.0,0.01592178333336961,39,NORMAL_RANGE,EXPANDING_PRIOR_ONLY,NOT_AVAILABLE,True,False
INITIAL_JOBLESS_CLAIMS,DOL,2020-10-15,08:30 ET,"Week ending October 10, 2020",898000.0,,,,,2020-10-15,DOL Initial Jobless Claims — immutable first-release PIT reconstruction,https://github.com/0xkoa1a/investment-research/blob/main/data/raw/fred_first_release/initial_claims.csv,NEW_PERIOD_RELEASE,True,True,False,,840000.0,2020-10-08,PRIOR_OBSERVATION,840000.0,2020-10-08,58000.0,-1.0,-58000.0,-0.053748411212191524,40,NORMAL_RANGE,EXPANDING_PRIOR_ONLY,NOT_AVAILABLE,True,False
INITIAL_JOBLESS_CLAIMS,DOL,2020-10-22,08:30 ET,"Week ending October 17, 2020",787000.0,,,,,2020-10-22,DOL Initial Jobless Claims — immutable first-release PIT reconstruction,https://github.com/0xkoa1a/investment-research/blob/main/data/raw/fred_first_release/initial_claims.csv,NEW_PERIOD_RELEASE,True,True,False,,898000.0,2020-10-15,PRIOR_OBSERVATION,898000.0,2020-10-15,-111000.0,-1.0,111000.0,0.16308601096787378,41,NORMAL_RANGE,EXPANDING_PRIOR_ONLY,NOT_AVAILABLE,True,False
INITIAL_JOBLESS_CLAIMS,DOL,2020-10-29,08:30 ET,"Week ending October 24, 2020",751000.0,,,,,2020-10-29,DOL Initial Jobless Claims — immutable first-release PIT reconstruction,https://github.com/0xkoa1a/investment-research/blob/main/data/raw/fred_first_release/initial_claims.csv,NEW_PERIOD_RELEASE,True,True,False,,787000.0,2020-10-22,PRIOR_OBSERVATION,787000.0,2020-10-22,-36000.0,-1.0,36000.0,0.06402598996634737,42,NORMAL_RANGE,EXPANDING_PRIOR_ONLY,NOT_AVAILABLE,True,False
INITIAL_JOBLESS_CLAIMS,DOL,2020-11-05,08:30 ET,"Week ending October 31, 2020",751000.0,,,,,2020-11-05,DOL Initial Jobless Claims — immutable first-release PIT reconstruction,https://github.com/0xkoa1a/investment-research/blob/main/data/raw/fred_first_release/initial_claims.csv,NEW_PERIOD_RELEASE,True,True,False,,751000.0,2020-10-29,PRIOR_OBSERVATION,751000.0,2020-10-29,0.0,-1.0,-0.0,0.016120103436245873,43,NORMAL_RANGE,EXPANDING_PRIOR_ONLY,NOT_AVAILABLE,True,False
INITIAL_JOBLESS_CLAIMS,DOL,2020-11-12,08:30 ET,"Week ending November 7, 2020",709000.0,,,,,2020-11-12,DOL Initial Jobless Claims — immutable first-release PIT reconstruction,https://github.com/0xkoa1a/investment-research/blob/main/data/raw/fred_first_release/initial_claims.csv,NEW_PERIOD_RELEASE,True,True,False,,751000.0,2020-11-05,PRIOR_OBSERVATION,751000.0,2020-11-05,-42000.0,-1.0,42000.0,0.07162512329669576,44,NORMAL_RANGE,EXPANDING_PRIOR_ONLY,NOT_AVAILABLE,True,False
INITIAL_JOBLESS_CLAIMS,DOL,2020-11-19,08:30 ET,"Week ending November 14, 2020",742000.0,,,,,2020-11-19,DOL Initial Jobless Claims — immutable first-release PIT reconstruction,https://github.com/0xkoa1a/investment-research/blob/main/data/raw/fred_first_release/initial_claims.csv,NEW_PERIOD_RELEASE,True,True,False,,709000.0,2020-11-12,PRIOR_OBSERVATION,709000.0,2020-11-12,33000.0,-1.0,-33000.0,-0.029742240804671756,45,NORMAL_RANGE,EXPANDING_PRIOR_ONLY,NOT_AVAILABLE,True,False
INITIAL_JOBLESS_CLAIMS,DOL,2020-11-25,08:30 ET,"Week ending November 21, 2020",778000.0,,,,,2020-11-25,DOL Initial Jobless Claims — immutable first-release PIT reconstruction,https://github.com/0xkoa1a/investment-research/blob/main/data/raw/fred_first_release/initial_claims.csv,NEW_PERIOD_RELEASE,True,True,False,,742000.0,2020-11-19,PRIOR_OBSERVATION,742000.0,2020-11-19,36000.0,-1.0,-36000.0,-0.033492826956561375,46,NORMAL_RANGE,EXPANDING_PRIOR_ONLY,NOT_AVAILABLE,True,False
INITIAL_JOBLESS_CLAIMS,DOL,2020-12-03,08:30 ET,"Week ending November 28, 2020",712000.0,,,,,2020-12-03,DOL Initial Jobless Claims — immutable first-release PIT reconstruction,https://github.com/0xkoa1a/investment-research/blob/main/data/raw/fred_first_release/initial_claims.csv,NEW_PERIOD_RELEASE,True,True,False,,778000.0,2020-11-25,PRIOR_OBSERVATION,778000.0,2020-11-25,-66000.0,-1.0,66000.0,0.10671967899553013,47,NORMAL_RANGE,EXPANDING_PRIOR_ONLY,NOT_AVAILABLE,True,False
INITIAL_JOBLESS_CLAIMS,DOL,2020-12-10,08:30 ET,"Week ending December 5, 2020",853000.0,,,,,2020-12-10,DOL Initial Jobless Claims — immutable first-release PIT reconstruction,https://github.com/0xkoa1a/investment-research/blob/main/data/raw/fred_first_release/initial_claims.csv,NEW_PERIOD_RELEASE,True,True,False,,712000.0,2020-12-03,PRIOR_OBSERVATION,712000.0,2020-12-03,141000.0,-1.0,-141000.0,-0.1812575549593179,48,NORMAL_RANGE,EXPANDING_PRIOR_ONLY,NOT_AVAILABLE,True,False
INITIAL_JOBLESS_CLAIMS,DOL,2020-12-17,08:30 ET,"Week ending December 12, 2020",885000.0,,,,,2020-12-17,DOL Initial Jobless Claims — immutable first-release PIT reconstruction,https://github.com/0xkoa1a/investment-research/blob/main/data/raw/fred_first_release/initial_claims.csv,NEW_PERIOD_RELEASE,True,True,False,,853000.0,2020-12-10,PRIOR_OBSERVATION,853000.0,2020-12-10,32000.0,-1.0,-32000.0,-0.02677210999723038,49,NORMAL_RANGE,EXPANDING_PRIOR_ONLY,NOT_AVAILABLE,True,False
INITIAL_JOBLESS_CLAIMS,DOL,2020-12-23,08:30 ET,"Week ending December 19, 2020",803000.0,,,,,2020-12-23,DOL Initial Jobless Claims — immutable first-release PIT reconstruction,https://github.com/0xkoa1a/investment-research/blob/main/data/raw/fred_first_release/initial_claims.csv,NEW_PERIOD_RELEASE,True,True,False,,885000.0,2020-12-17,PRIOR_OBSERVATION,885000.0,2020-12-17,-82000.0,-1.0,82000.0,0.13474849110850687,50,NORMAL_RANGE,EXPANDING_PRIOR_ONLY,NOT_AVAILABLE,True,False
INITIAL_JOBLESS_CLAIMS,DOL,2020-12-31,08:30 ET,"Week ending December 26, 2020",787000.0,,,,,2020-12-31,DOL Initial Jobless Claims — immutable first-release PIT reconstruction,https://github.com/0xkoa1a/investment-research/blob/main/data/raw/fred_first_release/initial_claims.csv,NEW_PERIOD_RELEASE,True,True,False,,803000.0,2020-12-23,PRIOR_OBSERVATION,803000.0,2020-12-23,-16000.0,-1.0,16000.0,0.03913340639060241,51,NORMAL_RANGE,EXPANDING_PRIOR_ONLY,NOT_AVAILABLE,True,False
INITIAL_JOBLESS_CLAIMS,DOL,2021-01-07,08:30 ET,"Week ending January 2, 2021",787000.0,,,,,2021-01-07,DOL Initial Jobless Claims — immutable first-release PIT reconstruction,https://github.com/0xkoa1a/investment-research/blob/main/data/raw/fred_first_release/initial_claims.csv,NEW_PERIOD_RELEASE,True,True,False,,787000.0,2020-12-31,PRIOR_OBSERVATION,787000.0,2020-12-31,0.0,-1.0,-0.0,0.015676896464639503,52,NORMAL_RANGE,EXPANDING_PRIOR_ONLY,NOT_AVAILABLE,True,False
INITIAL_JOBLESS_CLAIMS,DOL,2021-01-14,08:30 ET,"Week ending January 9, 2021",965000.0,,,,,2021-01-14,DOL Initial Jobless Claims — immutable first-release PIT reconstruction,https://github.com/0xkoa1a/investment-research/blob/main/data/raw/fred_first_release/initial_claims.csv,NEW_PERIOD_RELEASE,True,True,False,,787000.0,2021-01-07,PRIOR_OBSERVATION,787000.0,2021-01-07,178000.0,-1.0,-178000.0,-0.24379754517231278,53,NORMAL_RANGE,EXPANDING_PRIOR_ONLY,NOT_AVAILABLE,True,False
INITIAL_JOBLESS_CLAIMS,DOL,2021-01-21,08:30 ET,"Week ending January 16, 2021",900000.0,,,,,2021-01-21,DOL Initial Jobless Claims — immutable first-release PIT reconstruction,https://github.com/0xkoa1a/investment-research/blob/main/data/raw/fred_first_release/initial_claims.csv,NEW_PERIOD_RELEASE,True,True,False,,965000.0,2021-01-14,PRIOR_OBSERVATION,965000.0,2021-01-14,-65000.0,-1.0,65000.0,0.11577771055203702,54,NORMAL_RANGE,EXPANDING_PRIOR_ONLY,NOT_AVAILABLE,True,False
INITIAL_JOBLESS_CLAIMS,DOL,2021-01-28,08:30 ET,"Week ending January 23, 2021",847000.0,,,,,2021-01-28,DOL Initial Jobless Claims — immutable first-release PIT reconstruction,https://github.com/0xkoa1a/investment-research/blob/main/data/raw/fred_first_release/initial_claims.csv,NEW_PERIOD_RELEASE,True,True,False,,900000.0,2021-01-21,PRIOR_OBSERVATION,900000.0,2021-01-21,-53000.0,-1.0,53000.0,0.0969221172770435,55,NORMAL_RANGE,EXPANDING_PRIOR_ONLY,NOT_AVAILABLE,True,False
INITIAL_JOBLESS_CLAIMS,DOL,2021-02-04,08:30 ET,"Week ending January 30, 2021",779000.0,,,,,2021-02-04,DOL Initial Jobless Claims — immutable first-release PIT reconstruction,https://github.com/0xkoa1a/investment-research/blob/main/data/raw/fred_first_release/initial_claims.csv,NEW_PERIOD_RELEASE,True,True,False,,847000.0,2021-01-28,PRIOR_OBSERVATION,847000.0,2021-01-28,-68000.0,-1.0,68000.0,0.11851830637045987,56,NORMAL_RANGE,EXPANDING_PRIOR_ONLY,NOT_AVAILABLE,True,False
INITIAL_JOBLESS_CLAIMS,DOL,2021-02-11,08:30 ET,"Week ending February 6, 2021",793000.0,,,,,2021-02-11,DOL Initial Jobless Claims — immutable first-release PIT reconstruction,https://github.com/0xkoa1a/investment-research/blob/main/data/raw/fred_first_release/initial_claims.csv,NEW_PERIOD_RELEASE,True,True,False,,779000.0,2021-02-04,PRIOR_OBSERVATION,779000.0,2021-02-04,14000.0,-1.0,-14000.0,-0.006386694021229434,57,NORMAL_RANGE,EXPANDING_PRIOR_ONLY,NOT_AVAILABLE,True,False
INITIAL_JOBLESS_CLAIMS,DOL,2021-02-18,08:30 ET,"Week ending February 13, 2021",861000.0,,,,,2021-02-18,DOL Initial Jobless Claims — immutable first-release PIT reconstruction,https://github.com/0xkoa1a/investment-research/blob/main/data/raw/fred_first_release/initial_claims.csv,NEW_PERIOD_RELEASE,True,True,False,,793000.0,2021-02-11,PRIOR_OBSERVATION,793000.0,2021-02-11,68000.0,-1.0,-68000.0,-0.08862689407648537,58,NORMAL_RANGE,EXPANDING_PRIOR_ONLY,NOT_AVAILABLE,True,False
INITIAL_JOBLESS_CLAIMS,DOL,2021-02-25,08:30 ET,"Week ending February 20, 2021",730000.0,,,,,2021-02-25,DOL Initial Jobless Claims — immutable first-release PIT reconstruction,https://github.com/0xkoa1a/investment-research/blob/main/data/raw/fred_first_release/initial_claims.csv,NEW_PERIOD_RELEASE,True,True,False,,861000.0,2021-02-18,PRIOR_OBSERVATION,861000.0,2021-02-18,-131000.0,-1.0,131000.0,0.21801882602341582,59,NORMAL_RANGE,EXPANDING_PRIOR_ONLY,NOT_AVAILABLE,True,False
INITIAL_JOBLESS_CLAIMS,DOL,2021-03-04,08:30 ET,"Week ending February 27, 2021",745000.0,,,,,2021-03-04,DOL Initial Jobless Claims — immutable first-release PIT reconstruction,https://github.com/0xkoa1a/investment-research/blob/main/data/raw/fred_first_release/initial_claims.csv,NEW_PERIOD_RELEASE,True,True,False,,730000.0,2021-02-25,PRIOR_OBSERVATION,730000.0,2021-02-25,15000.0,-1.0,-15000.0,-0.010125028218525066,60,NORMAL_RANGE,EXPANDING_PRIOR_ONLY,NOT_AVAILABLE,True,False
INITIAL_JOBLESS_CLAIMS,DOL,2021-03-11,08:30 ET,"Week ending March 6, 2021",712000.0,,,,,2021-03-11,DOL Initial Jobless Claims — immutable first-release PIT reconstruction,https://github.com/0xkoa1a/investment-research/blob/main/data/raw/fred_first_release/initial_claims.csv,NEW_PERIOD_RELEASE,True,True,False,,745000.0,2021-03-04,PRIOR_OBSERVATION,745000.0,2021-03-04,-33000.0,-1.0,33000.0,0.06497257634199348,61,NORMAL_RANGE,EXPANDING_PRIOR_ONLY,NOT_AVAILABLE,True,False
INITIAL_JOBLESS_CLAIMS,DOL,2021-03-18,08:30 ET,"Week ending March 13, 2021",770000.0,,,,,2021-03-18,DOL Initial Jobless Claims — immutable first-release PIT reconstruction,https://github.com/0xkoa1a/investment-research/blob/main/data/raw/fred_first_release/initial_claims.csv,NEW_PERIOD_RELEASE,True,True,False,,712000.0,2021-03-11,PRIOR_OBSERVATION,712000.0,2021-03-11,58000.0,-1.0,-58000.0,-0.07893955923374492,62,NORMAL_RANGE,EXPANDING_PRIOR_ONLY,NOT_AVAILABLE,True,False
INITIAL_JOBLESS_CLAIMS,DOL,2021-03-25,08:30 ET,"Week ending March 20, 2021",684000.0,,,,,2021-03-25,DOL Initial Jobless Claims — immutable first-release PIT reconstruction,https://github.com/0xkoa1a/investment-research/blob/main/data/raw/fred_first_release/initial_claims.csv,NEW_PERIOD_RELEASE,True,True,False,,770000.0,2021-03-18,PRIOR_OBSERVATION,770000.0,2021-03-18,-86000.0,-1.0,86000.0,0.1504307887355969,63,NORMAL_RANGE,EXPANDING_PRIOR_ONLY,NOT_AVAILABLE,True,False
INITIAL_JOBLESS_CLAIMS,DOL,2021-04-01,08:30 ET,"Week ending March 27, 2021",719000.0,,,,,2021-04-01,DOL Initial Jobless Claims — immutable first-release PIT reconstruction,https://github.com/0xkoa1a/investment-research/blob/main/data/raw/fred_first_release/initial_claims.csv,NEW_PERIOD_RELEASE,True,True,False,,684000.0,2021-03-25,PRIOR_OBSERVATION,684000.0,2021-03-25,35000.0,-1.0,-35000.0,-0.044477691818251036,64,NORMAL_RANGE,EXPANDING_PRIOR_ONLY,NOT_AVAILABLE,True,False
INITIAL_JOBLESS_CLAIMS,DOL,2021-04-08,08:30 ET,"Week ending April 3, 2021",744000.0,,,,,2021-04-08,DOL Initial Jobless Claims — immutable first-release PIT reconstruction,https://github.com/0xkoa1a/investment-research/blob/main/data/raw/fred_first_release/initial_claims.csv,NEW_PERIOD_RELEASE,True,True,False,,719000.0,2021-04-01,PRIOR_OBSERVATION,719000.0,2021-04-01,25000.0,-1.0,-25000.0,-0.028002654387113655,65,NORMAL_RANGE,EXPANDING_PRIOR_ONLY,NOT_AVAILABLE,True,False
INITIAL_JOBLESS_CLAIMS,DOL,2021-04-15,08:30 ET,"Week ending April 10, 2021",576000.0,,,,,2021-04-15,DOL Initial Jobless Claims — immutable first-release PIT reconstruction,https://github.com/0xkoa1a/investment-research/blob/main/data/raw/fred_first_release/initial_claims.csv,NEW_PERIOD_RELEASE,True,True,False,,744000.0,2021-04-08,PRIOR_OBSERVATION,744000.0,2021-04-08,-168000.0,-1.0,168000.0,0.2860591294240096,66,NORMAL_RANGE,EXPANDING_PRIOR_ONLY,NOT_AVAILABLE,True,False
INITIAL_JOBLESS_CLAIMS,DOL,2021-04-22,08:30 ET,"Week ending April 17, 2021",547000.0,,,,,2021-04-22,DOL Initial Jobless Claims — immutable first-release PIT reconstruction,https://github.com/0xkoa1a/investment-research/blob/main/data/raw/fred_first_release/initial_claims.csv,NEW_PERIOD_RELEASE,True,True,False,,576000.0,2021-04-15,PRIOR_OBSERVATION,576000.0,2021-04-15,-29000.0,-1.0,29000.0,0.05614355210971686,67,NORMAL_RANGE,EXPANDING_PRIOR_ONLY,NOT_AVAILABLE,True,False
INITIAL_JOBLESS_CLAIMS,DOL,2021-04-29,08:30 ET,"Week ending April 24, 2021",553000.0,,,,,2021-04-29,DOL Initial Jobless Claims — immutable first-release PIT reconstruction,https://github.com/0xkoa1a/investment-research/blob/main/data/raw/fred_first_release/initial_claims.csv,NEW_PERIOD_RELEASE,True,True,False,,547000.0,2021-04-22,PRIOR_OBSERVATION,547000.0,2021-04-22,6000.0,-1.0,-6000.0,-0.0020139008676796914,68,NORMAL_RANGE,EXPANDING_PRIOR_ONLY,NOT_AVAILABLE,True,False
INITIAL_JOBLESS_CLAIMS,DOL,2021-05-06,08:30 ET,"Week ending May 1, 2021",498000.0,,,,,2021-05-06,DOL Initial Jobless Claims — immutable first-release PIT reconstruction,https://github.com/0xkoa1a/investment-research/blob/main/data/raw/fred_first_release/initial_claims.csv,NEW_PERIOD_RELEASE,True,True,False,,553000.0,2021-04-29,PRIOR_OBSERVATION,553000.0,2021-04-29,-55000.0,-1.0,55000.0,0.09939535388331816,69,NORMAL_RANGE,EXPANDING_PRIOR_ONLY,NOT_AVAILABLE,True,False
INITIAL_JOBLESS_CLAIMS,DOL,2021-05-13,08:30 ET,"Week ending May 8, 2021",473000.0,,,,,2021-05-13,DOL Initial Jobless Claims — immutable first-release PIT reconstruction,https://github.com/0xkoa1a/investment-research/blob/main/data/raw/fred_first_release/initial_claims.csv,NEW_PERIOD_RELEASE,True,True,False,,498000.0,2021-05-06,PRIOR_OBSERVATION,498000.0,2021-05-06,-25000.0,-1.0,25000.0,0.04845809599405941,70,NORMAL_RANGE,EXPANDING_PRIOR_ONLY,NOT_AVAILABLE,True,False
INITIAL_JOBLESS_CLAIMS,DOL,2021-05-20,08:30 ET,"Week ending May 15, 2021",444000.0,,,,,2021-05-20,DOL Initial Jobless Claims — immutable first-release PIT reconstruction,https://github.com/0xkoa1a/investment-research/blob/main/data/raw/fred_first_release/initial_claims.csv,NEW_PERIOD_RELEASE,True,True,False,,473000.0,2021-05-13,PRIOR_OBSERVATION,473000.0,2021-05-13,-29000.0,-1.0,29000.0,0.05486504819613717,71,NORMAL_RANGE,EXPANDING_PRIOR_ONLY,NOT_AVAILABLE,True,False
INITIAL_JOBLESS_CLAIMS,DOL,2021-05-27,08:30 ET,"Week ending May 22, 2021",406000.0,,,,,2021-05-27,DOL Initial Jobless Claims — immutable first-release PIT reconstruction,https://github.com/0xkoa1a/investment-research/blob/main/data/raw/fred_first_release/initial_claims.csv,NEW_PERIOD_RELEASE,True,True,False,,444000.0,2021-05-20,PRIOR_OBSERVATION,444000.0,2021-05-20,-38000.0,-1.0,38000.0,0.06977161143039776,72,NORMAL_RANGE,EXPANDING_PRIOR_ONLY,NOT_AVAILABLE,True,False
INITIAL_JOBLESS_CLAIMS,DOL,2021-06-03,08:30 ET,"Week ending May 29, 2021",385000.0,,,,,2021-06-03,DOL Initial Jobless Claims — immutable first-release PIT reconstruction,https://github.com/0xkoa1a/investment-research/blob/main/data/raw/fred_first_release/initial_claims.csv,NEW_PERIOD_RELEASE,True,True,False,,406000.0,2021-05-27,PRIOR_OBSERVATION,406000.0,2021-05-27,-21000.0,-1.0,21000.0,0.040223782252217274,73,NORMAL_RANGE,EXPANDING_PRIOR_ONLY,NOT_AVAILABLE,True,False
INITIAL_JOBLESS_CLAIMS,DOL,2021-06-10,08:30 ET,"Week ending June 5, 2021",376000.0,,,,,2021-06-10,DOL Initial Jobless Claims — immutable first-release PIT reconstruction,https://github.com/0xkoa1a/investment-research/blob/main/data/raw/fred_first_release/initial_claims.csv,NEW_PERIOD_RELEASE,True,True,False,,385000.0,2021-06-03,PRIOR_OBSERVATION,385000.0,2021-06-03,-9000.0,-1.0,9000.0,0.019290729398001086,74,NORMAL_RANGE,EXPANDING_PRIOR_ONLY,NOT_AVAILABLE,True,False
INITIAL_JOBLESS_CLAIMS,DOL,2021-06-17,08:30 ET,"Week ending June 12, 2021",412000.0,,,,,2021-06-17,DOL Initial Jobless Claims — immutable first-release PIT reconstruction,https://github.com/0xkoa1a/investment-research/blob/main/data/raw/fred_first_release/initial_claims.csv,NEW_PERIOD_RELEASE,True,True,False,,376000.0,2021-06-10,PRIOR_OBSERVATION,376000.0,2021-06-10,36000.0,-1.0,-36000.0,-0.05885404428440057,75,NORMAL_RANGE,EXPANDING_PRIOR_ONLY,NOT_AVAILABLE,True,False
INITIAL_JOBLESS_CLAIMS,DOL,2021-06-24,08:30 ET,"Week ending June 19, 2021",411000.0,,,,,2021-06-24,DOL Initial Jobless Claims — immutable first-release PIT reconstruction,https://github.com/0xkoa1a/investment-research/blob/main/data/raw/fred_first_release/initial_claims.csv,NEW_PERIOD_RELEASE,True,True,False,,412000.0,2021-06-17,PRIOR_OBSERVATION,412000.0,2021-06-17,-1000.0,-1.0,1000.0,0.006108744509277227,76,NORMAL_RANGE,EXPANDING_PRIOR_ONLY,NOT_AVAILABLE,True,False
INITIAL_JOBLESS_CLAIMS,DOL,2021-07-01,08:30 ET,"Week ending June 26, 2021",364000.0,,,,,2021-07-01,DOL Initial Jobless Claims — immutable first-release PIT reconstruction,https://github.com/0xkoa1a/investment-research/blob/main/data/raw/fred_first_release/initial_claims.csv,NEW_PERIOD_RELEASE,True,True,False,,411000.0,2021-06-24,PRIOR_OBSERVATION,411000.0,2021-06-24,-47000.0,-1.0,47000.0,0.08688927823481592,77,NORMAL_RANGE,EXPANDING_PRIOR_ONLY,NOT_AVAILABLE,True,False
INITIAL_JOBLESS_CLAIMS,DOL,2021-07-08,08:30 ET,"Week ending July 3, 2021",373000.0,,,,,2021-07-08,DOL Initial Jobless Claims — immutable first-release PIT reconstruction,https://github.com/0xkoa1a/investment-research/blob/main/data/raw/fred_first_release/initial_claims.csv,NEW_PERIOD_RELEASE,True,True,False,,364000.0,2021-07-01,PRIOR_OBSERVATION,364000.0,2021-07-01,9000.0,-1.0,-9000.0,-0.01269610987812229,78,NORMAL_RANGE,EXPANDING_PRIOR_ONLY,NOT_AVAILABLE,True,False
INITIAL_JOBLESS_CLAIMS,DOL,2021-07-15,08:30 ET,"Week ending July 10, 2021",360000.0,,,,,2021-07-15,DOL Initial Jobless Claims — immutable first-release PIT reconstruction,https://github.com/0xkoa1a/investment-research/blob/main/data/raw/fred_first_release/initial_claims.csv,NEW_PERIOD_RELEASE,True,True,False,,373000.0,2021-07-08,PRIOR_OBSERVATION,373000.0,2021-07-08,-13000.0,-1.0,13000.0,0.02653975669582966,79,NORMAL_RANGE,EXPANDING_PRIOR_ONLY,NOT_AVAILABLE,True,False
INITIAL_JOBLESS_CLAIMS,DOL,2021-07-22,08:30 ET,"Week ending July 17, 2021",419000.0,,,,,2021-07-22,DOL Initial Jobless Claims — immutable first-release PIT reconstruction,https://github.com/0xkoa1a/investment-research/blob/main/data/raw/fred_first_release/initial_claims.csv,NEW_PERIOD_RELEASE,True,True,False,,360000.0,2021-07-15,PRIOR_OBSERVATION,360000.0,2021-07-15,59000.0,-1.0,-59000.0,-0.10259073558663255,80,NORMAL_RANGE,EXPANDING_PRIOR_ONLY,NOT_AVAILABLE,True,False
INITIAL_JOBLESS_CLAIMS,DOL,2021-07-29,08:30 ET,"Week ending July 24, 2021",400000.0,,,,,2021-07-29,DOL Initial Jobless Claims — immutable first-release PIT reconstruction,https://github.com/0xkoa1a/investment-research/blob/main/data/raw/fred_first_release/initial_claims.csv,NEW_PERIOD_RELEASE,True,True,False,,419000.0,2021-07-22,PRIOR_OBSERVATION,419000.0,2021-07-22,-19000.0,-1.0,19000.0,0.03862874734776111,81,NORMAL_RANGE,EXPANDING_PRIOR_ONLY,NOT_AVAILABLE,True,False
INITIAL_JOBLESS_CLAIMS,DOL,2021-08-05,08:30 ET,"Week ending July 31, 2021",385000.0,,,,,2021-08-05,DOL Initial Jobless Claims — immutable first-release PIT reconstruction,https://github.com/0xkoa1a/investment-research/blob/main/data/raw/fred_first_release/initial_claims.csv,NEW_PERIOD_RELEASE,True,True,False,,400000.0,2021-07-29,PRIOR_OBSERVATION,400000.0,2021-07-29,-15000.0,-1.0,15000.0,0.031140690674667747,82,NORMAL_RANGE,EXPANDING_PRIOR_ONLY,NOT_AVAILABLE,True,False
INITIAL_JOBLESS_CLAIMS,DOL,2021-08-12,08:30 ET,"Week ending August 7, 2021",375000.0,,,,,2021-08-12,DOL Initial Jobless Claims — immutable first-release PIT reconstruction,https://github.com/0xkoa1a/investment-research/blob/main/data/raw/fred_first_release/initial_claims.csv,NEW_PERIOD_RELEASE,True,True,False,,385000.0,2021-08-05,PRIOR_OBSERVATION,385000.0,2021-08-05,-10000.0,-1.0,10000.0,0.021830940335305124,83,NORMAL_RANGE,EXPANDING_PRIOR_ONLY,NOT_AVAILABLE,True,False
INITIAL_JOBLESS_CLAIMS,DOL,2021-08-19,08:30 ET,"Week ending August 14, 2021",348000.0,,,,,2021-08-19,DOL Initial Jobless Claims — immutable first-release PIT reconstruction,https://github.com/0xkoa1a/investment-research/blob/main/data/raw/fred_first_release/initial_claims.csv,NEW_PERIOD_RELEASE,True,True,False,,375000.0,2021-08-12,PRIOR_OBSERVATION,375000.0,2021-08-12,-27000.0,-1.0,27000.0,0.052911206296514544,84,NORMAL_RANGE,EXPANDING_PRIOR_ONLY,NOT_AVAILABLE,True,False
INITIAL_JOBLESS_CLAIMS,DOL,2021-08-26,08:30 ET,"Week ending August 21, 2021",353000.0,,,,,2021-08-26,DOL Initial Jobless Claims — immutable first-release PIT reconstruction,https://github.com/0xkoa1a/investment-research/blob/main/data/raw/fred_first_release/initial_claims.csv,NEW_PERIOD_RELEASE,True,True,False,,348000.0,2021-08-19,PRIOR_OBSERVATION,348000.0,2021-08-19,5000.0,-1.0,-5000.0,-0.006496475140064425,85,NORMAL_RANGE,EXPANDING_PRIOR_ONLY,NOT_AVAILABLE,True,False
INITIAL_JOBLESS_CLAIMS,DOL,2021-09-02,08:30 ET,"Week ending August 28, 2021",340000.0,,,,,2021-09-02,DOL Initial Jobless Claims — immutable first-release PIT reconstruction,https://github.com/0xkoa1a/investment-research/blob/main/data/raw/fred_first_release/initial_claims.csv,NEW_PERIOD_RELEASE,True,True,False,,353000.0,2021-08-26,PRIOR_OBSERVATION,353000.0,2021-08-26,-13000.0,-1.0,13000.0,0.02698107302642425,86,NORMAL_RANGE,EXPANDING_PRIOR_ONLY,NOT_AVAILABLE,True,False
INITIAL_JOBLESS_CLAIMS,DOL,2021-09-09,08:30 ET,"Week ending September 4, 2021",310000.0,,,,,2021-09-09,DOL Initial Jobless Claims — immutable first-release PIT reconstruction,https://github.com/0xkoa1a/investment-research/blob/main/data/raw/fred_first_release/initial_claims.csv,NEW_PERIOD_RELEASE,True,True,False,,340000.0,2021-09-02,PRIOR_OBSERVATION,340000.0,2021-09-02,-30000.0,-1.0,30000.0,0.058594690958458394,87,NORMAL_RANGE,EXPANDING_PRIOR_ONLY,NOT_AVAILABLE,True,False
INITIAL_JOBLESS_CLAIMS,DOL,2021-09-16,08:30 ET,"Week ending September 11, 2021",332000.0,,,,,2021-09-16,DOL Initial Jobless Claims — immutable first-release PIT reconstruction,https://github.com/0xkoa1a/investment-research/blob/main/data/raw/fred_first_release/initial_claims.csv,NEW_PERIOD_RELEASE,True,True,False,,310000.0,2021-09-09,PRIOR_OBSERVATION,310000.0,2021-09-09,22000.0,-1.0,-22000.0,-0.039468832470840695,88,NORMAL_RANGE,EXPANDING_PRIOR_ONLY,NOT_AVAILABLE,True,False
INITIAL_JOBLESS_CLAIMS,DOL,2021-09-23,08:30 ET,"Week ending September 18, 2021",351000.0,,,,,2021-09-23,DOL Initial Jobless Claims — immutable first-release PIT reconstruction,https://github.com/0xkoa1a/investment-research/blob/main/data/raw/fred_first_release/initial_claims.csv,NEW_PERIOD_RELEASE,True,True,False,,332000.0,2021-09-16,PRIOR_OBSERVATION,332000.0,2021-09-16,19000.0,-1.0,-19000.0,-0.03357799140354524,89,NORMAL_RANGE,EXPANDING_PRIOR_ONLY,NOT_AVAILABLE,True,False
INITIAL_JOBLESS_CLAIMS,DOL,2021-09-30,08:30 ET,"Week ending September 25, 2021",362000.0,,,,,2021-09-30,DOL Initial Jobless Claims — immutable first-release PIT reconstruction,https://github.com/0xkoa1a/investment-research/blob/main/data/raw/fred_first_release/initial_claims.csv,NEW_PERIOD_RELEASE,True,True,False,,351000.0,2021-09-23,PRIOR_OBSERVATION,351000.0,2021-09-23,11000.0,-1.0,-11000.0,-0.018185464914240664,90,NORMAL_RANGE,EXPANDING_PRIOR_ONLY,NOT_AVAILABLE,True,False
INITIAL_JOBLESS_CLAIMS,DOL,2021-10-07,08:30 ET,"Week ending October 2, 2021",326000.0,,,,,2021-10-07,DOL Initial Jobless Claims — immutable first-release PIT reconstruction,https://github.com/0xkoa1a/investment-research/blob/main/data/raw/fred_first_release/initial_claims.csv,NEW_PERIOD_RELEASE,True,True,False,,362000.0,2021-09-30,PRIOR_OBSERVATION,362000.0,2021-09-30,-36000.0,-1.0,36000.0,0.07175723393899695,91,NORMAL_RANGE,EXPANDING_PRIOR_ONLY,NOT_AVAILABLE,True,False
INITIAL_JOBLESS_CLAIMS,DOL,2021-10-14,08:30 ET,"Week ending October 9, 2021",293000.0,,,,,2021-10-14,DOL Initial Jobless Claims — immutable first-release PIT reconstruction,https://github.com/0xkoa1a/investment-research/blob/main/data/raw/fred_first_release/initial_claims.csv,NEW_PERIOD_RELEASE,True,True,False,,326000.0,2021-10-07,PRIOR_OBSERVATION,326000.0,2021-10-07,-33000.0,-1.0,33000.0,0.065602168262381,92,NORMAL_RANGE,EXPANDING_PRIOR_ONLY,NOT_AVAILABLE,True,False
INITIAL_JOBLESS_CLAIMS,DOL,2021-10-21,08:30 ET,"Week ending October 16, 2021",290000.0,,,,,2021-10-21,DOL Initial Jobless Claims — immutable first-release PIT reconstruction,https://github.com/0xkoa1a/investment-research/blob/main/data/raw/fred_first_release/initial_claims.csv,NEW_PERIOD_RELEASE,True,True,False,,293000.0,2021-10-14,PRIOR_OBSERVATION,293000.0,2021-10-14,-3000.0,-1.0,3000.0,0.007273183210384295,93,NORMAL_RANGE,EXPANDING_PRIOR_ONLY,NOT_AVAILABLE,True,False
INITIAL_JOBLESS_CLAIMS,DOL,2021-10-28,08:30 ET,"Week ending October 23, 2021",281000.0,,,,,2021-10-28,DOL Initial Jobless Claims — immutable first-release PIT reconstruction,https://github.com/0xkoa1a/investment-research/blob/main/data/raw/fred_first_release/initial_claims.csv,NEW_PERIOD_RELEASE,True,True,False,,290000.0,2021-10-21,PRIOR_OBSERVATION,290000.0,2021-10-21,-9000.0,-1.0,9000.0,0.01889318646946687,94,NORMAL_RANGE,EXPANDING_PRIOR_ONLY,NOT_AVAILABLE,True,False
INITIAL_JOBLESS_CLAIMS,DOL,2021-11-04,08:30 ET,"Week ending October 30, 2021",269000.0,,,,,2021-11-04,DOL Initial Jobless Claims — immutable first-release PIT reconstruction,https://github.com/0xkoa1a/investment-research/blob/main/data/raw/fred_first_release/initial_claims.csv,NEW_PERIOD_RELEASE,True,True,False,,281000.0,2021-10-28,PRIOR_OBSERVATION,281000.0,2021-10-28,-12000.0,-1.0,12000.0,0.024654947066699615,95,NORMAL_RANGE,EXPANDING_PRIOR_ONLY,NOT_AVAILABLE,True,False
INITIAL_JOBLESS_CLAIMS,DOL,2021-11-10,08:30 ET,"Week ending November 6, 2021",267000.0,,,,,2021-11-10,DOL Initial Jobless Claims — immutable first-release PIT reconstruction,https://github.com/0xkoa1a/investment-research/blob/main/data/raw/fred_first_release/initial_claims.csv,NEW_PERIOD_RELEASE,True,True,False,,269000.0,2021-11-04,PRIOR_OBSERVATION,269000.0,2021-11-04,-2000.0,-1.0,2000.0,0.004889130739367134,96,NORMAL_RANGE,EXPANDING_PRIOR_ONLY,NOT_AVAILABLE,True,False
INITIAL_JOBLESS_CLAIMS,DOL,2021-11-18,08:30 ET,"Week ending November 13, 2021",268000.0,,,,,2021-11-18,DOL Initial Jobless Claims — immutable first-release PIT reconstruction,https://github.com/0xkoa1a/investment-research/blob/main/data/raw/fred_first_release/initial_claims.csv,NEW_PERIOD_RELEASE,True,True,False,,267000.0,2021-11-10,PRIOR_OBSERVATION,267000.0,2021-11-10,1000.0,-1.0,-1000.0,-0.0010583037915713686,97,NORMAL_RANGE,EXPANDING_PRIOR_ONLY,NOT_AVAILABLE,True,False
INITIAL_JOBLESS_CLAIMS,DOL,2021-11-24,08:30 ET,"Week ending November 20, 2021",199000.0,,,,,2021-11-24,DOL Initial Jobless Claims — immutable first-release PIT reconstruction,https://github.com/0xkoa1a/investment-research/blob/main/data/raw/fred_first_release/initial_claims.csv,NEW_PERIOD_RELEASE,True,True,False,,268000.0,2021-11-18,PRIOR_OBSERVATION,268000.0,2021-11-18,-69000.0,-1.0,69000.0,0.13785498082963613,98,NORMAL_RANGE,EXPANDING_PRIOR_ONLY,NOT_AVAILABLE,True,False
INITIAL_JOBLESS_CLAIMS,DOL,2021-12-02,08:30 ET,"Week ending November 27, 2021",222000.0,,,,,2021-12-02,DOL Initial Jobless Claims — immutable first-release PIT reconstruction,https://github.com/0xkoa1a/investment-research/blob/main/data/raw/fred_first_release/initial_claims.csv,NEW_PERIOD_RELEASE,True,True,False,,199000.0,2021-11-24,PRIOR_OBSERVATION,199000.0,2021-11-24,23000.0,-1.0,-23000.0,-0.046334736097335114,99,NORMAL_RANGE,EXPANDING_PRIOR_ONLY,NOT_AVAILABLE,True,False
INITIAL_JOBLESS_CLAIMS,DOL,2021-12-09,08:30 ET,"Week ending December 4, 2021",184000.0,,,,,2021-12-09,DOL Initial Jobless Claims — immutable first-release PIT reconstruction,https://github.com/0xkoa1a/investment-research/blob/main/data/raw/fred_first_release/initial_claims.csv,NEW_PERIOD_RELEASE,True,True,False,,222000.0,2021-12-02,PRIOR_OBSERVATION,222000.0,2021-12-02,-38000.0,-1.0,38000.0,0.07617237538477901,100,NORMAL_RANGE,EXPANDING_PRIOR_ONLY,NOT_AVAILABLE,True,False
INITIAL_JOBLESS_CLAIMS,DOL,2021-12-16,08:30 ET,"Week ending December 11, 2021",206000.0,,,,,2021-12-16,DOL Initial Jobless Claims — immutable first-release PIT reconstruction,https://github.com/0xkoa1a/investment-research/blob/main/data/raw/fred_first_release/initial_claims.csv,NEW_PERIOD_RELEASE,True,True,False,,184000.0,2021-12-09,PRIOR_OBSERVATION,184000.0,2021-12-09,22000.0,-1.0,-22000.0,-0.04507863637068984,101,NORMAL_RANGE,EXPANDING_PRIOR_ONLY,NOT_AVAILABLE,True,False
INITIAL_JOBLESS_CLAIMS,DOL,2021-12-23,08:30 ET,"Week ending December 18, 2021",205000.0,,,,,2021-12-23,DOL Initial Jobless Claims — immutable first-release PIT reconstruction,https://github.com/0xkoa1a/investment-research/blob/main/data/raw/fred_first_release/initial_claims.csv,NEW_PERIOD_RELEASE,True,True,False,,206000.0,2021-12-16,PRIOR_OBSERVATION,206000.0,2021-12-16,-1000.0,-1.0,1000.0,0.0017070187908806034,102,NORMAL_RANGE,EXPANDING_PRIOR_ONLY,NOT_AVAILABLE,True,False
INITIAL_JOBLESS_CLAIMS,DOL,2021-12-30,08:30 ET,"Week ending December 25, 2021",198000.0,,,,,2021-12-30,DOL Initial Jobless Claims — immutable first-release PIT reconstruction,https://github.com/0xkoa1a/investment-research/blob/main/data/raw/fred_first_release/initial_claims.csv,NEW_PERIOD_RELEASE,True,True,False,,205000.0,2021-12-23,PRIOR_OBSERVATION,205000.0,2021-12-23,-7000.0,-1.0,7000.0,0.013906404240806192,103,NORMAL_RANGE,EXPANDING_PRIOR_ONLY,NOT_AVAILABLE,True,False
INITIAL_JOBLESS_CLAIMS,DOL,2022-07-07,08:30 ET,"Week ending July 2, 2022",235000.0,231000.0,,,,2022-07-07,DOL Unemployment Insurance Weekly Claims Report,https://www.dol.gov/newsroom/releases/eta/eta20220707,NEW_PERIOD_RELEASE,True,True,False,,198000.0,2021-12-30,OFFICIAL_PREVIOUS,231000.0,,4000.0,-1.0,-4000.0,-0.008650015209182354,104,NORMAL_RANGE,EXPANDING_PRIOR_ONLY,NOT_AVAILABLE,True,False
INITIAL_JOBLESS_CLAIMS,DOL,2022-07-14,08:30 ET,"Week ending July 9, 2022",244000.0,235000.0,,,,2022-07-14,DOL Unemployment Insurance Weekly Claims Report,https://www.dol.gov/newsroom/releases/eta/eta20220714,NEW_PERIOD_RELEASE,True,True,False,,235000.0,2022-07-07,OFFICIAL_PREVIOUS,235000.0,,9000.0,-1.0,-9000.0,-0.018881367671806242,105,NORMAL_RANGE,EXPANDING_PRIOR_ONLY,NOT_AVAILABLE,True,False
INITIAL_JOBLESS_CLAIMS,DOL,2022-07-21,08:30 ET,"Week ending July 16, 2022",251000.0,244000.0,,,,2022-07-21,DOL Unemployment Insurance Weekly Claims Report,https://www.dol.gov/newsroom/releases/eta/eta20220721,NEW_PERIOD_RELEASE,True,True,False,,244000.0,2022-07-14,OFFICIAL_PREVIOUS,244000.0,,7000.0,-1.0,-7000.0,-0.01466431525029157,106,NORMAL_RANGE,EXPANDING_PRIOR_ONLY,NOT_AVAILABLE,True,False
INITIAL_JOBLESS_CLAIMS,DOL,2022-07-28,08:30 ET,"Week ending July 23, 2022",256000.0,261000.0,10000.0,,,2022-07-28,DOL Unemployment Insurance Weekly Claims Report,https://www.dol.gov/newsroom/releases/eta/eta20220728,NEW_PERIOD_RELEASE,True,True,False,,251000.0,2022-07-21,OFFICIAL_PREVIOUS,261000.0,,-5000.0,-1.0,5000.0,0.010292983187831306,107,NORMAL_RANGE,EXPANDING_PRIOR_ONLY,NOT_AVAILABLE,True,False
INITIAL_JOBLESS_CLAIMS,DOL,2022-08-11,08:30 ET,"Week ending August 6, 2022",262000.0,248000.0,12000.0,,,2022-08-11,DOL Unemployment Insurance Weekly Claims Report,https://www.dol.gov/newsroom/releases/eta/eta20220811,NEW_PERIOD_RELEASE,True,True,False,,256000.0,2022-07-28,OFFICIAL_PREVIOUS,248000.0,,14000.0,-1.0,-14000.0,-0.029347743844331805,108,NORMAL_RANGE,EXPANDING_PRIOR_ONLY,NOT_AVAILABLE,True,False
INITIAL_JOBLESS_CLAIMS,DOL,2022-08-18,08:30 ET,"Week ending August 13, 2022",250000.0,252000.0,10000.0,,,2022-08-18,DOL Unemployment Insurance Weekly Claims Report,https://www.dol.gov/newsroom/releases/eta/eta20220818,NEW_PERIOD_RELEASE,True,True,False,,262000.0,2022-08-11,OFFICIAL_PREVIOUS,252000.0,,-2000.0,-1.0,2000.0,0.004283175634920195,109,NORMAL_RANGE,EXPANDING_PRIOR_ONLY,NOT_AVAILABLE,True,False
INITIAL_JOBLESS_CLAIMS,DOL,2022-08-25,08:30 ET,"Week ending August 20, 2022",243000.0,245000.0,5000.0,,,2022-08-25,DOL Unemployment Insurance Weekly Claims Report,https://www.dol.gov/newsroom/releases/eta/eta20220825,NEW_PERIOD_RELEASE,True,True,False,,250000.0,2022-08-18,OFFICIAL_PREVIOUS,245000.0,,-2000.0,-1.0,2000.0,0.004263841289239875,110,NORMAL_RANGE,EXPANDING_PRIOR_ONLY,NOT_AVAILABLE,True,False
INITIAL_JOBLESS_CLAIMS,DOL,2022-09-01,08:30 ET,"Week ending August 27, 2022",232000.0,237000.0,6000.0,,,2022-09-01,DOL Unemployment Insurance Weekly Claims Report,https://www.dol.gov/newsroom/releases/eta/eta20220901,NEW_PERIOD_RELEASE,True,True,False,,243000.0,2022-08-25,OFFICIAL_PREVIOUS,237000.0,,-5000.0,-1.0,5000.0,0.010583363758450393,111,NORMAL_RANGE,EXPANDING_PRIOR_ONLY,NOT_AVAILABLE,True,False
INITIAL_JOBLESS_CLAIMS,DOL,2022-09-08,08:30 ET,"Week ending September 3, 2022",222000.0,228000.0,4000.0,,,2022-09-08,DOL Unemployment Insurance Weekly Claims Report,https://www.dol.gov/newsroom/releases/eta/eta20220908,NEW_PERIOD_RELEASE,True,True,False,,232000.0,2022-09-01,OFFICIAL_PREVIOUS,228000.0,,-6000.0,-1.0,6000.0,0.012658879857923569,112,NORMAL_RANGE,EXPANDING_PRIOR_ONLY,NOT_AVAILABLE,True,False
INITIAL_JOBLESS_CLAIMS,DOL,2022-09-15,08:30 ET,"Week ending September 10, 2022",213000.0,218000.0,4000.0,,,2022-09-15,DOL Unemployment Insurance Weekly Claims Report,https://www.dol.gov/newsroom/releases/eta/eta20220915,NEW_PERIOD_RELEASE,True,True,False,,222000.0,2022-09-08,OFFICIAL_PREVIOUS,218000.0,,-5000.0,-1.0,5000.0,0.010471251464054702,113,NORMAL_RANGE,EXPANDING_PRIOR_ONLY,NOT_AVAILABLE,True,False
INITIAL_JOBLESS_CLAIMS,DOL,2022-09-22,08:30 ET,"Week ending September 17, 2022",213000.0,208000.0,5000.0,,,2022-09-22,DOL Unemployment Insurance Weekly Claims Report,https://www.dol.gov/newsroom/releases/eta/eta20220922,NEW_PERIOD_RELEASE,True,True,False,,213000.0,2022-09-15,OFFICIAL_PREVIOUS,208000.0,,5000.0,-1.0,-5000.0,-0.01098917435447951,114,NORMAL_RANGE,EXPANDING_PRIOR_ONLY,NOT_AVAILABLE,True,False
INITIAL_JOBLESS_CLAIMS,DOL,2022-09-29,08:30 ET,"Week ending September 24, 2022",193000.0,209000.0,4000.0,,,2022-09-29,DOL Unemployment Insurance Weekly Claims Report,https://www.dol.gov/newsroom/releases/eta/eta20220929,NEW_PERIOD_RELEASE,True,True,False,,213000.0,2022-09-22,OFFICIAL_PREVIOUS,209000.0,,-16000.0,-1.0,16000.0,0.034227901417833086,115,NORMAL_RANGE,EXPANDING_PRIOR_ONLY,NOT_AVAILABLE,True,False
INITIAL_JOBLESS_CLAIMS,DOL,2025-01-08,08:30 ET,"Week ending January 4, 2025",201000.0,,,,,2025-01-08,DOL Unemployment Insurance Weekly Claims Report,https://www.dol.gov/newsroom/releases/eta/eta20250108,NEW_PERIOD_RELEASE,True,True,False,,193000.0,2022-09-29,PRIOR_OBSERVATION,193000.0,2022-09-29,8000.0,-1.0,-8000.0,-0.0177669013425914,116,NORMAL_RANGE,EXPANDING_PRIOR_ONLY,NOT_AVAILABLE,True,False
INITIAL_JOBLESS_CLAIMS,DOL,2025-01-16,08:30 ET,"Week ending January 11, 2025",217000.0,,,,,2025-01-16,DOL Unemployment Insurance Weekly Claims Report,https://www.dol.gov/newsroom/releases/eta/eta20250116,NEW_PERIOD_RELEASE,True,True,False,,201000.0,2025-01-08,PRIOR_OBSERVATION,201000.0,2025-01-08,16000.0,-1.0,-16000.0,-0.03504908875681326,117,NORMAL_RANGE,EXPANDING_PRIOR_ONLY,NOT_AVAILABLE,True,False
INITIAL_JOBLESS_CLAIMS,DOL,2025-01-23,08:30 ET,"Week ending January 18, 2025",223000.0,,,,,2025-01-23,DOL Unemployment Insurance Weekly Claims Report,https://www.dol.gov/newsroom/releases/eta/eta20250123,NEW_PERIOD_RELEASE,True,True,False,,217000.0,2025-01-16,PRIOR_OBSERVATION,217000.0,2025-01-16,6000.0,-1.0,-6000.0,-0.013111089631194086,118,NORMAL_RANGE,EXPANDING_PRIOR_ONLY,NOT_AVAILABLE,True,False
INITIAL_JOBLESS_CLAIMS,DOL,2025-01-30,08:30 ET,"Week ending January 25, 2025",207000.0,,,,,2025-01-30,DOL Unemployment Insurance Weekly Claims Report,https://www.dol.gov/newsroom/releases/eta/eta20250130,NEW_PERIOD_RELEASE,True,True,False,,223000.0,2025-01-23,PRIOR_OBSERVATION,223000.0,2025-01-23,-16000.0,-1.0,16000.0,0.03508662622187964,119,NORMAL_RANGE,EXPANDING_PRIOR_ONLY,NOT_AVAILABLE,True,False
INITIAL_JOBLESS_CLAIMS,DOL,2025-02-06,08:30 ET,"Week ending February 1, 2025",219000.0,,,,,2025-02-06,DOL Unemployment Insurance Weekly Claims Report,https://www.dol.gov/newsroom/releases/eta/eta20250206,NEW_PERIOD_RELEASE,True,True,False,,207000.0,2025-01-30,PRIOR_OBSERVATION,207000.0,2025-01-30,12000.0,-1.0,-12000.0,-0.026590457043820414,120,NORMAL_RANGE,EXPANDING_PRIOR_ONLY,NOT_AVAILABLE,True,False
INITIAL_JOBLESS_CLAIMS,DOL,2025-02-13,08:30 ET,"Week ending February 8, 2025",213000.0,,,,,2025-02-13,DOL Unemployment Insurance Weekly Claims Report,https://www.dol.gov/newsroom/releases/eta/eta20250213,NEW_PERIOD_RELEASE,True,True,False,,219000.0,2025-02-06,PRIOR_OBSERVATION,219000.0,2025-02-06,-6000.0,-1.0,6000.0,0.013240596321470247,121,NORMAL_RANGE,EXPANDING_PRIOR_ONLY,NOT_AVAILABLE,True,False
INITIAL_JOBLESS_CLAIMS,DOL,2025-02-20,08:30 ET,"Week ending February 15, 2025",219000.0,,,,,2025-02-20,DOL Unemployment Insurance Weekly Claims Report,https://www.dol.gov/newsroom/releases/eta/eta20250220,NEW_PERIOD_RELEASE,True,True,False,,213000.0,2025-02-13,PRIOR_OBSERVATION,213000.0,2025-02-13,6000.0,-1.0,-6000.0,-0.013404622048065236,122,NORMAL_RANGE,EXPANDING_PRIOR_ONLY,NOT_AVAILABLE,True,False
INITIAL_JOBLESS_CLAIMS,DOL,2025-02-27,08:30 ET,"Week ending February 22, 2025",242000.0,,,,,2025-02-27,DOL Unemployment Insurance Weekly Claims Report,https://www.dol.gov/newsroom/releases/eta/eta20250227,NEW_PERIOD_RELEASE,True,True,False,,219000.0,2025-02-20,PRIOR_OBSERVATION,219000.0,2025-02-20,23000.0,-1.0,-23000.0,-0.05117676014665534,123,NORMAL_RANGE,EXPANDING_PRIOR_ONLY,NOT_AVAILABLE,True,False
INITIAL_JOBLESS_CLAIMS,DOL,2025-03-06,08:30 ET,"Week ending March 1, 2025",221000.0,,,,,2025-03-06,DOL Unemployment Insurance Weekly Claims Report,https://www.dol.gov/newsroom/releases/eta/eta20250306,NEW_PERIOD_RELEASE,True,True,False,,242000.0,2025-02-27,PRIOR_OBSERVATION,242000.0,2025-02-27,-21000.0,-1.0,21000.0,0.04733161861846471,124,NORMAL_RANGE,EXPANDING_PRIOR_ONLY,NOT_AVAILABLE,True,False
INITIAL_JOBLESS_CLAIMS,DOL,2025-03-13,08:30 ET,"Week ending March 8, 2025",220000.0,,,,,2025-03-13,DOL Unemployment Insurance Weekly Claims Report,https://www.dol.gov/newsroom/releases/eta/eta20250313,NEW_PERIOD_RELEASE,True,True,False,,221000.0,2025-03-06,PRIOR_OBSERVATION,221000.0,2025-03-06,-1000.0,-1.0,1000.0,0.0022790877156883666,125,NORMAL_RANGE,EXPANDING_PRIOR_ONLY,NOT_AVAILABLE,True,False
INITIAL_JOBLESS_CLAIMS,DOL,2025-03-20,08:30 ET,"Week ending March 15, 2025",223000.0,,,,,2025-03-20,DOL Unemployment Insurance Weekly Claims Report,https://www.dol.gov/newsroom/releases/eta/eta20250320,NEW_PERIOD_RELEASE,True,True,False,,220000.0,2025-03-13,PRIOR_OBSERVATION,220000.0,2025-03-13,3000.0,-1.0,-3000.0,-0.006738795734864474,126,NORMAL_RANGE,EXPANDING_PRIOR_ONLY,NOT_AVAILABLE,True,False
INITIAL_JOBLESS_CLAIMS,DOL,2025-03-27,08:30 ET,"Week ending March 22, 2025",224000.0,,,,,2025-03-27,DOL Unemployment Insurance Weekly Claims Report,https://www.dol.gov/newsroom/releases/eta/eta20250327,NEW_PERIOD_RELEASE,True,True,False,,223000.0,2025-03-20,PRIOR_OBSERVATION,223000.0,2025-03-20,1000.0,-1.0,-1000.0,-0.0021899947085413404,127,NORMAL_RANGE,EXPANDING_PRIOR_ONLY,NOT_AVAILABLE,True,False
INITIAL_JOBLESS_CLAIMS,DOL,2025-04-03,08:30 ET,"Week ending March 29, 2025",219000.0,,,,,2025-04-03,DOL Unemployment Insurance Weekly Claims Report,https://www.dol.gov/newsroom/releases/eta/eta20250403,NEW_PERIOD_RELEASE,True,True,False,,224000.0,2025-03-27,PRIOR_OBSERVATION,224000.0,2025-03-27,-5000.0,-1.0,5000.0,0.011439525209986597,128,NORMAL_RANGE,EXPANDING_PRIOR_ONLY,NOT_AVAILABLE,True,False
INITIAL_JOBLESS_CLAIMS,DOL,2025-04-10,08:30 ET,"Week ending April 5, 2025",223000.0,,,,,2025-04-10,DOL Unemployment Insurance Weekly Claims Report,https://www.dol.gov/newsroom/releases/eta/eta20250410,NEW_PERIOD_RELEASE,True,True,False,,219000.0,2025-04-03,PRIOR_OBSERVATION,219000.0,2025-04-03,4000.0,-1.0,-4000.0,-0.009116353314237881,129,NORMAL_RANGE,EXPANDING_PRIOR_ONLY,NOT_AVAILABLE,True,False
INITIAL_JOBLESS_CLAIMS,DOL,2025-04-17,08:30 ET,"Week ending April 12, 2025",215000.0,,,,,2025-04-17,DOL Unemployment Insurance Weekly Claims Report,https://www.dol.gov/newsroom/releases/eta/eta20250417,NEW_PERIOD_RELEASE,True,True,False,,223000.0,2025-04-10,PRIOR_OBSERVATION,223000.0,2025-04-10,-8000.0,-1.0,8000.0,0.018374182846528878,130,NORMAL_RANGE,EXPANDING_PRIOR_ONLY,NOT_AVAILABLE,True,False
INITIAL_JOBLESS_CLAIMS,DOL,2025-04-24,08:30 ET,"Week ending April 19, 2025",222000.0,,,,,2025-04-24,DOL Unemployment Insurance Weekly Claims Report,https://www.dol.gov/newsroom/releases/eta/eta20250424,NEW_PERIOD_RELEASE,True,True,False,,215000.0,2025-04-17,PRIOR_OBSERVATION,215000.0,2025-04-17,7000.0,-1.0,-7000.0,-0.016147878724434704,131,NORMAL_RANGE,EXPANDING_PRIOR_ONLY,NOT_AVAILABLE,True,False
INITIAL_JOBLESS_CLAIMS,DOL,2025-05-01,08:30 ET,"Week ending April 26, 2025",241000.0,,,,,2025-05-01,DOL Unemployment Insurance Weekly Claims Report,https://www.dol.gov/newsroom/releases/eta/eta20250501,NEW_PERIOD_RELEASE,True,True,False,,222000.0,2025-04-24,PRIOR_OBSERVATION,222000.0,2025-04-24,19000.0,-1.0,-19000.0,-0.04375467707492676,132,NORMAL_RANGE,EXPANDING_PRIOR_ONLY,NOT_AVAILABLE,True,False
INITIAL_JOBLESS_CLAIMS,DOL,2025-05-08,08:30 ET,"Week ending May 3, 2025",228000.0,,,,,2025-05-08,DOL Unemployment Insurance Weekly Claims Report,https://www.dol.gov/newsroom/releases/eta/eta20250508,NEW_PERIOD_RELEASE,True,True,False,,241000.0,2025-05-01,PRIOR_OBSERVATION,241000.0,2025-05-01,-13000.0,-1.0,13000.0,0.030470063357414593,133,NORMAL_RANGE,EXPANDING_PRIOR_ONLY,NOT_AVAILABLE,True,False
INITIAL_JOBLESS_CLAIMS,DOL,2025-05-15,08:30 ET,"Week ending May 10, 2025",229000.0,,,,,2025-05-15,DOL Unemployment Insurance Weekly Claims Report,https://www.dol.gov/newsroom/releases/eta/eta20250515,NEW_PERIOD_RELEASE,True,True,False,,228000.0,2025-05-08,PRIOR_OBSERVATION,228000.0,2025-05-08,1000.0,-1.0,-1000.0,-0.0021671122434951846,134,NORMAL_RANGE,EXPANDING_PRIOR_ONLY,NOT_AVAILABLE,True,False
INITIAL_JOBLESS_CLAIMS,DOL,2025-05-22,08:30 ET,"Week ending May 17, 2025",227000.0,,,,,2025-05-22,DOL Unemployment Insurance Weekly Claims Report,https://www.dol.gov/newsroom/releases/eta/eta20250522,NEW_PERIOD_RELEASE,True,True,False,,229000.0,2025-05-15,PRIOR_OBSERVATION,229000.0,2025-05-15,-2000.0,-1.0,2000.0,0.0048364535940677985,135,NORMAL_RANGE,EXPANDING_PRIOR_ONLY,NOT_AVAILABLE,True,False
INITIAL_JOBLESS_CLAIMS,DOL,2025-05-29,08:30 ET,"Week ending May 24, 2025",240000.0,,,,,2025-05-29,DOL Unemployment Insurance Weekly Claims Report,https://www.dol.gov/newsroom/releases/eta/eta20250529,NEW_PERIOD_RELEASE,True,True,False,,227000.0,2025-05-22,PRIOR_OBSERVATION,227000.0,2025-05-22,13000.0,-1.0,-13000.0,-0.030289420823911645,136,NORMAL_RANGE,EXPANDING_PRIOR_ONLY,NOT_AVAILABLE,True,False
INITIAL_JOBLESS_CLAIMS,DOL,2025-06-05,08:30 ET,"Week ending May 31, 2025",247000.0,,,,,2025-06-05,DOL Unemployment Insurance Weekly Claims Report,https://www.dol.gov/newsroom/releases/eta/eta20250605,NEW_PERIOD_RELEASE,True,True,False,,240000.0,2025-05-29,PRIOR_OBSERVATION,240000.0,2025-05-29,7000.0,-1.0,-7000.0,-0.01608424152195284,137,NORMAL_RANGE,EXPANDING_PRIOR_ONLY,NOT_AVAILABLE,True,False
INITIAL_JOBLESS_CLAIMS,DOL,2025-06-12,08:30 ET,"Week ending June 7, 2025",248000.0,,,,,2025-06-12,DOL Unemployment Insurance Weekly Claims Report,https://www.dol.gov/newsroom/releases/eta/eta20250612,NEW_PERIOD_RELEASE,True,True,False,,247000.0,2025-06-05,PRIOR_OBSERVATION,247000.0,2025-06-05,1000.0,-1.0,-1000.0,-0.0018794134594179825,138,NORMAL_RANGE,EXPANDING_PRIOR_ONLY,NOT_AVAILABLE,True,False
INITIAL_JOBLESS_CLAIMS,DOL,2025-06-18,08:30 ET,"Week ending June 14, 2025",245000.0,,,,,2025-06-18,DOL Unemployment Insurance Weekly Claims Report,https://www.dol.gov/newsroom/releases/eta/eta20250618,NEW_PERIOD_RELEASE,True,True,False,,248000.0,2025-06-12,PRIOR_OBSERVATION,248000.0,2025-06-12,-3000.0,-1.0,3000.0,0.007592906404557226,139,NORMAL_RANGE,EXPANDING_PRIOR_ONLY,NOT_AVAILABLE,True,False
INITIAL_JOBLESS_CLAIMS,DOL,2025-06-26,08:30 ET,"Week ending June 21, 2025",236000.0,,,,,2025-06-26,DOL Unemployment Insurance Weekly Claims Report,https://www.dol.gov/newsroom/releases/eta/eta20250626,NEW_PERIOD_RELEASE,True,True,False,,245000.0,2025-06-18,PRIOR_OBSERVATION,245000.0,2025-06-18,-9000.0,-1.0,9000.0,0.021815676644802946,140,NORMAL_RANGE,EXPANDING_PRIOR_ONLY,NOT_AVAILABLE,True,False
INITIAL_JOBLESS_CLAIMS,DOL,2025-07-03,08:30 ET,"Week ending June 28, 2025",233000.0,,,,,2025-07-03,DOL Unemployment Insurance Weekly Claims Report,https://www.dol.gov/newsroom/releases/eta/eta20250703,NEW_PERIOD_RELEASE,True,True,False,,236000.0,2025-06-26,PRIOR_OBSERVATION,236000.0,2025-06-26,-3000.0,-1.0,3000.0,0.007437812023850646,141,NORMAL_RANGE,EXPANDING_PRIOR_ONLY,NOT_AVAILABLE,True,False
INITIAL_JOBLESS_CLAIMS,DOL,2026-09-17,08:30 ET,"Week ending September 12, 2026",196000.0,206000.0,,,,2026-09-17,DOL Unemployment Insurance Weekly Claims Report,https://www.dol.gov/newsroom/releases/eta/eta20260917,NEW_PERIOD_RELEASE,True,True,False,,233000.0,2025-07-03,OFFICIAL_PREVIOUS,206000.0,,-10000.0,-1.0,10000.0,0.024155603628838982,142,NORMAL_RANGE,EXPANDING_PRIOR_ONLY,NOT_AVAILABLE,True,False
ISM_MANUFACTURING_PMI,ISM,2020-01-03,10:00 ET,January 2020,50.9,,,,,2020-01-03,Institute for Supply Management — Manufacturing PMI,https://www.ismworld.org/supply-management-news-and-reports/reports/ism-pmi-reports/,NEW_PERIOD_RELEASE,True,True,False,,,,NONE,,,,1.0,,,0,INSUFFICIENT_HISTORY,EXPANDING_PRIOR_ONLY,NOT_AVAILABLE,True,False
ISM_MANUFACTURING_PMI,ISM,2020-02-03,10:00 ET,February 2020,50.1,,,,,2020-02-03,Institute for Supply Management — Manufacturing PMI,https://www.ismworld.org/supply-management-news-and-reports/reports/ism-pmi-reports/,NEW_PERIOD_RELEASE,True,True,False,,50.9,2020-01-03,PRIOR_OBSERVATION,50.9,2020-01-03,-0.7999999999999972,1.0,-0.7999999999999972,,0,INSUFFICIENT_HISTORY,EXPANDING_PRIOR_ONLY,NOT_AVAILABLE,True,False
ISM_MANUFACTURING_PMI,ISM,2020-03-02,10:00 ET,March 2020,49.1,,,,,2020-03-02,Institute for Supply Management — Manufacturing PMI,https://www.ismworld.org/supply-management-news-and-reports/reports/ism-pmi-reports/,NEW_PERIOD_RELEASE,True,True,False,,50.1,2020-02-03,PRIOR_OBSERVATION,50.1,2020-02-03,-1.0,1.0,-1.0,,1,INSUFFICIENT_HISTORY,EXPANDING_PRIOR_ONLY,NOT_AVAILABLE,True,False
ISM_MANUFACTURING_PMI,ISM,2020-04-01,10:00 ET,April 2020,41.5,,,,,2020-04-01,Institute for Supply Management — Manufacturing PMI,https://www.ismworld.org/supply-management-news-and-reports/reports/ism-pmi-reports/,NEW_PERIOD_RELEASE,True,True,False,,49.1,2020-03-02,PRIOR_OBSERVATION,49.1,2020-03-02,-7.600000000000001,1.0,-7.600000000000001,,2,INSUFFICIENT_HISTORY,EXPANDING_PRIOR_ONLY,NOT_AVAILABLE,True,False
ISM_MANUFACTURING_PMI,ISM,2020-05-01,10:00 ET,May 2020,43.1,,,,,2020-05-01,Institute for Supply Management — Manufacturing PMI,https://www.ismworld.org/supply-management-news-and-reports/reports/ism-pmi-reports/,NEW_PERIOD_RELEASE,True,True,False,,41.5,2020-04-01,PRIOR_OBSERVATION,41.5,2020-04-01,1.6000000000000014,1.0,1.6000000000000014,1.2232292100043132,3,LARGE_POSITIVE,EXPANDING_PRIOR_ONLY,NOT_AVAILABLE,True,False
ISM_MANUFACTURING_PMI,ISM,2020-06-01,10:00 ET,June 2020,52.6,,,,,2020-06-01,Institute for Supply Management — Manufacturing PMI,https://www.ismworld.org/supply-management-news-and-reports/reports/ism-pmi-reports/,NEW_PERIOD_RELEASE,True,True,False,,43.1,2020-05-01,PRIOR_OBSERVATION,43.1,2020-05-01,9.5,1.0,9.5,2.900516273425545,4,VERY_LARGE_POSITIVE,EXPANDING_PRIOR_ONLY,NOT_AVAILABLE,True,False
ISM_MANUFACTURING_PMI,ISM,2020-07-01,10:00 ET,July 2020,54.2,,,,,2020-07-01,Institute for Supply Management — Manufacturing PMI,https://www.ismworld.org/supply-management-news-and-reports/reports/ism-pmi-reports/,NEW_PERIOD_RELEASE,True,True,False,,52.6,2020-06-01,PRIOR_OBSERVATION,52.6,2020-06-01,1.6000000000000014,1.0,1.6000000000000014,0.2046468711716403,5,NORMAL_RANGE,EXPANDING_PRIOR_ONLY,NOT_AVAILABLE,True,False
ISM_MANUFACTURING_PMI,ISM,2020-08-03,10:00 ET,August 2020,56.0,,,,,2020-08-03,Institute for Supply Management — Manufacturing PMI,https://www.ismworld.org/supply-management-news-and-reports/reports/ism-pmi-reports/,NEW_PERIOD_RELEASE,True,True,False,,54.2,2020-07-01,PRIOR_OBSERVATION,54.2,2020-07-01,1.7999999999999972,1.0,1.7999999999999972,0.22600246499520754,6,NORMAL_RANGE,EXPANDING_PRIOR_ONLY,NOT_AVAILABLE,True,False
ISM_MANUFACTURING_PMI,ISM,2020-09-01,10:00 ET,September 2020,55.4,,,,,2020-09-01,Institute for Supply Management — Manufacturing PMI,https://www.ismworld.org/supply-management-news-and-reports/reports/ism-pmi-reports/,NEW_PERIOD_RELEASE,True,True,False,,56.0,2020-08-03,PRIOR_OBSERVATION,56.0,2020-08-03,-0.6000000000000014,1.0,-0.6000000000000014,-0.2619905415518711,7,NORMAL_RANGE,EXPANDING_PRIOR_ONLY,NOT_AVAILABLE,True,False
ISM_MANUFACTURING_PMI,ISM,2020-10-01,10:00 ET,October 2020,59.3,,,,,2020-10-01,Institute for Supply Management — Manufacturing PMI,https://www.ismworld.org/supply-management-news-and-reports/reports/ism-pmi-reports/,NEW_PERIOD_RELEASE,True,True,False,,55.4,2020-09-01,PRIOR_OBSERVATION,55.4,2020-09-01,3.8999999999999986,1.0,3.8999999999999986,0.7073470821333708,8,NORMAL_RANGE,EXPANDING_PRIOR_ONLY,NOT_AVAILABLE,True,False
ISM_MANUFACTURING_PMI,ISM,2020-11-02,10:00 ET,November 2020,57.5,,,,,2020-11-02,Institute for Supply Management — Manufacturing PMI,https://www.ismworld.org/supply-management-news-and-reports/reports/ism-pmi-reports/,NEW_PERIOD_RELEASE,True,True,False,,59.3,2020-10-01,PRIOR_OBSERVATION,59.3,2020-10-01,-1.7999999999999972,1.0,-1.7999999999999972,-0.600515088468853,9,NORMAL_RANGE,EXPANDING_PRIOR_ONLY,NOT_AVAILABLE,True,False
ISM_MANUFACTURING_PMI,ISM,2020-12-01,10:00 ET,December 2020,60.7,,,,,2020-12-01,Institute for Supply Management — Manufacturing PMI,https://www.ismworld.org/supply-management-news-and-reports/reports/ism-pmi-reports/,NEW_PERIOD_RELEASE,True,True,False,,57.5,2020-11-02,PRIOR_OBSERVATION,57.5,2020-11-02,3.200000000000003,1.0,3.200000000000003,0.5802374342458401,10,NORMAL_RANGE,EXPANDING_PRIOR_ONLY,NOT_AVAILABLE,True,False
ISM_MANUFACTURING_PMI,ISM,2021-01-04,10:00 ET,January 2021,60.8,,,,,2021-01-04,Institute for Supply Management — Manufacturing PMI,https://www.ismworld.org/supply-management-news-and-reports/reports/ism-pmi-reports/,NEW_PERIOD_RELEASE,True,True,False,,60.7,2020-12-01,PRIOR_OBSERVATION,60.7,2020-12-01,0.09999999999999432,1.0,0.09999999999999432,-0.18729037950133892,11,NORMAL_RANGE,EXPANDING_PRIOR_ONLY,NOT_AVAILABLE,True,False
ISM_MANUFACTURING_PMI,ISM,2021-02-01,10:00 ET,February 2021,60.8,,,,,2021-02-01,Institute for Supply Management — Manufacturing PMI,https://www.ismworld.org/supply-management-news-and-reports/reports/ism-pmi-reports/,NEW_PERIOD_RELEASE,True,True,False,,60.8,2021-01-04,PRIOR_OBSERVATION,60.8,2021-01-04,0.0,1.0,0.0,-0.20457006652229248,12,NORMAL_RANGE,EXPANDING_PRIOR_ONLY,NOT_AVAILABLE,True,False
ISM_MANUFACTURING_PMI,ISM,2021-03-01,10:00 ET,March 2021,64.7,,,,,2021-03-01,Institute for Supply Management — Manufacturing PMI,https://www.ismworld.org/supply-management-news-and-reports/reports/ism-pmi-reports/,NEW_PERIOD_RELEASE,True,True,False,,60.8,2021-02-01,PRIOR_OBSERVATION,60.8,2021-02-01,3.9000000000000057,1.0,3.9000000000000057,0.8114055761786749,13,NORMAL_RANGE,EXPANDING_PRIOR_ONLY,NOT_AVAILABLE,True,False
ISM_MANUFACTURING_PMI,ISM,2021-04-01,10:00 ET,April 2021,60.7,,,,,2021-04-01,Institute for Supply Management — Manufacturing PMI,https://www.ismworld.org/supply-management-news-and-reports/reports/ism-pmi-reports/,NEW_PERIOD_RELEASE,True,True,False,,64.7,2021-03-01,PRIOR_OBSERVATION,64.7,2021-03-01,-4.0,1.0,-4.0,-1.3086979362499374,14,LARGE_NEGATIVE,EXPANDING_PRIOR_ONLY,NOT_AVAILABLE,True,False
ISM_MANUFACTURING_PMI,ISM,2021-05-03,10:00 ET,May 2021,61.2,,,,,2021-05-03,Institute for Supply Management — Manufacturing PMI,https://www.ismworld.org/supply-management-news-and-reports/reports/ism-pmi-reports/,NEW_PERIOD_RELEASE,True,True,False,,60.7,2021-04-01,PRIOR_OBSERVATION,60.7,2021-04-01,0.5,1.0,0.5,-0.03941471091893215,15,NORMAL_RANGE,EXPANDING_PRIOR_ONLY,NOT_AVAILABLE,True,False
ISM_MANUFACTURING_PMI,ISM,2021-06-01,10:00 ET,June 2021,60.6,,,,,2021-06-01,Institute for Supply Management — Manufacturing PMI,https://www.ismworld.org/supply-management-news-and-reports/reports/ism-pmi-reports/,NEW_PERIOD_RELEASE,True,True,False,,61.2,2021-05-03,PRIOR_OBSERVATION,61.2,2021-05-03,-0.6000000000000014,1.0,-0.6000000000000014,-0.3309130430821436,16,NORMAL_RANGE,EXPANDING_PRIOR_ONLY,NOT_AVAILABLE,True,False
ISM_MANUFACTURING_PMI,ISM,2021-07-01,10:00 ET,July 2021,59.5,,,,,2021-07-01,Institute for Supply Management — Manufacturing PMI,https://www.ismworld.org/supply-management-news-and-reports/reports/ism-pmi-reports/,NEW_PERIOD_RELEASE,True,True,False,,60.6,2021-06-01,PRIOR_OBSERVATION,60.6,2021-06-01,-1.1000000000000014,1.0,-1.1000000000000014,-0.45748588392507306,17,NORMAL_RANGE,EXPANDING_PRIOR_ONLY,NOT_AVAILABLE,True,False
ISM_MANUFACTURING_PMI,ISM,2021-08-02,10:00 ET,August 2021,59.9,,,,,2021-08-02,Institute for Supply Management — Manufacturing PMI,https://www.ismworld.org/supply-management-news-and-reports/reports/ism-pmi-reports/,NEW_PERIOD_RELEASE,True,True,False,,59.5,2021-07-01,PRIOR_OBSERVATION,59.5,2021-07-01,0.3999999999999986,1.0,0.3999999999999986,-0.02182036706007392,18,NORMAL_RANGE,EXPANDING_PRIOR_ONLY,NOT_AVAILABLE,True,False
ISM_MANUFACTURING_PMI,ISM,2021-09-01,10:00 ET,September 2021,61.1,,,,,2021-09-01,Institute for Supply Management — Manufacturing PMI,https://www.ismworld.org/supply-management-news-and-reports/reports/ism-pmi-reports/,NEW_PERIOD_RELEASE,True,True,False,,59.9,2021-08-02,PRIOR_OBSERVATION,59.9,2021-08-02,1.2000000000000028,1.0,1.2000000000000028,0.20967084097184238,19,NORMAL_RANGE,EXPANDING_PRIOR_ONLY,NOT_AVAILABLE,True,False
ISM_MANUFACTURING_PMI,ISM,2021-10-01,10:00 ET,October 2021,60.8,,,,,2021-10-01,Institute for Supply Management — Manufacturing PMI,https://www.ismworld.org/supply-management-news-and-reports/reports/ism-pmi-reports/,NEW_PERIOD_RELEASE,True,True,False,,61.1,2021-09-01,PRIOR_OBSERVATION,61.1,2021-09-01,-0.30000000000000426,1.0,-0.30000000000000426,-0.23995780190508537,20,NORMAL_RANGE,EXPANDING_PRIOR_ONLY,NOT_AVAILABLE,True,False
ISM_MANUFACTURING_PMI,ISM,2021-11-01,10:00 ET,November 2021,61.1,,,,,2021-11-01,Institute for Supply Management — Manufacturing PMI,https://www.ismworld.org/supply-management-news-and-reports/reports/ism-pmi-reports/,NEW_PERIOD_RELEASE,True,True,False,,60.8,2021-10-01,PRIOR_OBSERVATION,60.8,2021-10-01,0.30000000000000426,1.0,0.30000000000000426,-0.05202899429872699,21,NORMAL_RANGE,EXPANDING_PRIOR_ONLY,NOT_AVAILABLE,True,False
ISM_MANUFACTURING_PMI,ISM,2021-12-01,10:00 ET,December 2021,58.7,,,,,2021-12-01,Institute for Supply Management — Manufacturing PMI,https://www.ismworld.org/supply-management-news-and-reports/reports/ism-pmi-reports/,NEW_PERIOD_RELEASE,True,True,False,,61.1,2021-11-01,PRIOR_OBSERVATION,61.1,2021-11-01,-2.3999999999999986,1.0,-2.3999999999999986,-0.8905261770140295,22,NORMAL_RANGE,EXPANDING_PRIOR_ONLY,NOT_AVAILABLE,True,False
ISM_MANUFACTURING_PMI,ISM,2022-08-01,10:00 ET,July 2022,52.8,53.0,,,,2022-08-01,ISM Manufacturing ISM Report On Business,https://www.ismworld.org/supply-management-news-and-reports/reports/ism-report-on-business/pmi/august/,NEW_PERIOD_RELEASE,True,True,False,,58.7,2021-12-01,OFFICIAL_PREVIOUS,53.0,,-0.20000000000000284,1.0,-0.20000000000000284,-0.16858501381384167,23,NORMAL_RANGE,EXPANDING_PRIOR_ONLY,NOT_AVAILABLE,True,False
ISM_MANUFACTURING_PMI,ISM,2022-09-01,10:00 ET,August 2022,52.8,52.8,,,,2022-09-01,ISM Manufacturing ISM Report On Business,https://www.ismworld.org/supply-management-news-and-reports/reports/ism-report-on-business/pmi/september/,NEW_PERIOD_RELEASE,True,True,False,,52.8,2022-08-01,OFFICIAL_PREVIOUS,52.8,,0.0,1.0,0.0,-0.10118389096819319,24,NORMAL_RANGE,EXPANDING_PRIOR_ONLY,NOT_AVAILABLE,True,False
ISM_MANUFACTURING_PMI,ISM,2022-10-03,10:00 ET,September 2022,50.9,52.8,,,,2022-10-03,ISM Manufacturing ISM Report On Business,https://www.ismworld.org/supply-management-news-and-reports/reports/ism-report-on-business/pmi/october/,NEW_PERIOD_RELEASE,True,True,False,,52.8,2022-09-01,OFFICIAL_PREVIOUS,52.8,,-1.8999999999999986,1.0,-1.8999999999999986,-0.7192328981862279,25,NORMAL_RANGE,EXPANDING_PRIOR_ONLY,NOT_AVAILABLE,True,False
ISM_MANUFACTURING_PMI,ISM,2022-11-01,10:00 ET,October 2022,50.2,50.9,,,,2022-11-01,ISM Manufacturing ISM Report On Business,https://www.ismworld.org/supply-management-news-and-reports/reports/ism-report-on-business/pmi/november/,NEW_PERIOD_RELEASE,True,True,False,,50.9,2022-10-03,OFFICIAL_PREVIOUS,50.9,,-0.6999999999999957,1.0,-0.6999999999999957,-0.3030348068290507,26,NORMAL_RANGE,EXPANDING_PRIOR_ONLY,NOT_AVAILABLE,True,False
ISM_MANUFACTURING_PMI,ISM,2022-12-01,10:00 ET,November 2022,49.0,50.2,,,,2022-12-01,ISM Manufacturing ISM Report On Business,https://www.ismworld.org/supply-management-news-and-reports/reports/ism-report-on-business/pmi/december/,NEW_PERIOD_RELEASE,True,True,False,,50.2,2022-11-01,OFFICIAL_PREVIOUS,50.2,,-1.2000000000000028,1.0,-1.2000000000000028,-0.4648638132399308,27,NORMAL_RANGE,EXPANDING_PRIOR_ONLY,NOT_AVAILABLE,True,False
ISM_MANUFACTURING_PMI,ISM,2023-01-04,10:00 ET,December 2022,48.4,49.0,,,,2023-01-04,ISM Manufacturing ISM Report On Business,https://www.ismworld.org/supply-management-news-and-reports/reports/ism-report-on-business/pmi/january/,NEW_PERIOD_RELEASE,True,True,False,,49.0,2022-12-01,OFFICIAL_PREVIOUS,49.0,,-0.6000000000000014,1.0,-0.6000000000000014,-0.25060450868663064,28,NORMAL_RANGE,EXPANDING_PRIOR_ONLY,NOT_AVAILABLE,True,False
ISM_MANUFACTURING_PMI,ISM,2023-02-01,10:00 ET,January 2023,47.4,48.4,,,,2023-02-01,ISM Manufacturing ISM Report On Business,https://www.ismworld.org/supply-management-news-and-reports/reports/ism-report-on-business/pmi/february/,NEW_PERIOD_RELEASE,True,True,False,,48.4,2023-01-04,OFFICIAL_PREVIOUS,48.4,,-1.0,1.0,-1.0,-0.3847224881192736,29,NORMAL_RANGE,EXPANDING_PRIOR_ONLY,NOT_AVAILABLE,True,False
ISM_MANUFACTURING_PMI,ISM,2023-03-01,10:00 ET,February 2023,47.7,47.4,,,,2023-03-01,ISM Manufacturing ISM Report On Business,https://www.ismworld.org/supply-management-news-and-reports/reports/ism-report-on-business/pmi/march/,NEW_PERIOD_RELEASE,True,True,False,,47.4,2023-02-01,OFFICIAL_PREVIOUS,47.4,,0.30000000000000426,1.0,0.30000000000000426,0.07972427182373001,30,NORMAL_RANGE,EXPANDING_PRIOR_ONLY,NOT_AVAILABLE,True,False
ISM_MANUFACTURING_PMI,ISM,2023-04-03,10:00 ET,March 2023,46.3,47.7,,,,2023-04-03,ISM Manufacturing ISM Report On Business,https://www.ismworld.org/supply-management-news-and-reports/reports/ism-report-on-business/pmi/april/,NEW_PERIOD_RELEASE,True,True,False,,47.7,2023-03-01,OFFICIAL_PREVIOUS,47.7,,-1.4000000000000057,1.0,-1.4000000000000057,-0.5296262122915314,31,NORMAL_RANGE,EXPANDING_PRIOR_ONLY,NOT_AVAILABLE,True,False
ISM_MANUFACTURING_PMI,ISM,2023-05-01,10:00 ET,April 2023,47.1,46.3,,,,2023-05-01,ISM Manufacturing ISM Report On Business,https://www.ismworld.org/supply-management-news-and-reports/reports/ism-report-on-business/pmi/may/,NEW_PERIOD_RELEASE,True,True,False,,46.3,2023-04-03,OFFICIAL_PREVIOUS,46.3,,0.8000000000000043,1.0,0.8000000000000043,0.27713843048799064,32,NORMAL_RANGE,EXPANDING_PRIOR_ONLY,NOT_AVAILABLE,True,False
ISM_MANUFACTURING_PMI,ISM,2023-06-01,10:00 ET,May 2023,46.9,47.1,,,,2023-06-01,ISM Manufacturing ISM Report On Business,https://www.ismworld.org/supply-management-news-and-reports/reports/ism-report-on-business/pmi/june/,NEW_PERIOD_RELEASE,True,True,False,,47.1,2023-05-01,OFFICIAL_PREVIOUS,47.1,,-0.20000000000000284,1.0,-0.20000000000000284,-0.09461471799015439,33,NORMAL_RANGE,EXPANDING_PRIOR_ONLY,NOT_AVAILABLE,True,False
ISM_MANUFACTURING_PMI,ISM,2023-07-03,10:00 ET,June 2023,46.0,46.9,,,,2023-07-03,ISM Manufacturing ISM Report On Business,https://www.ismworld.org/supply-management-news-and-reports/reports/ism-report-on-business/pmi/july/,NEW_PERIOD_RELEASE,True,True,False,,46.9,2023-06-01,OFFICIAL_PREVIOUS,46.9,,-0.8999999999999986,1.0,-0.8999999999999986,-0.3543238184503175,34,NORMAL_RANGE,EXPANDING_PRIOR_ONLY,NOT_AVAILABLE,True,False
ISM_MANUFACTURING_PMI,ISM,2023-08-01,10:00 ET,July 2023,46.4,46.0,,,,2023-08-01,ISM Manufacturing ISM Report On Business,https://www.ismworld.org/supply-management-news-and-reports/reports/ism-report-on-business/pmi/august/,NEW_PERIOD_RELEASE,True,True,False,,46.0,2023-07-03,OFFICIAL_PREVIOUS,46.0,,0.3999999999999986,1.0,0.3999999999999986,0.14251615087096933,35,NORMAL_RANGE,EXPANDING_PRIOR_ONLY,NOT_AVAILABLE,True,False
ISM_MANUFACTURING_PMI,ISM,2023-09-01,10:00 ET,August 2023,47.6,46.4,,,,2023-09-01,ISM Manufacturing ISM Report On Business,https://www.ismworld.org/supply-management-news-and-reports/reports/ism-report-on-business/pmi/september/,NEW_PERIOD_RELEASE,True,True,False,,46.4,2023-08-01,OFFICIAL_PREVIOUS,46.4,,1.2000000000000028,1.0,1.2000000000000028,0.44717083601832786,36,NORMAL_RANGE,EXPANDING_PRIOR_ONLY,NOT_AVAILABLE,True,False
ISM_MANUFACTURING_PMI,ISM,2023-10-02,10:00 ET,September 2023,49.0,47.6,,,,2023-10-02,ISM Manufacturing ISM Report On Business,https://www.ismworld.org/supply-management-news-and-reports/reports/ism-report-on-business/pmi/october/,NEW_PERIOD_RELEASE,True,True,False,,47.6,2023-09-01,OFFICIAL_PREVIOUS,47.6,,1.3999999999999986,1.0,1.3999999999999986,0.5175656001017267,37,NORMAL_RANGE,EXPANDING_PRIOR_ONLY,NOT_AVAILABLE,True,False
ISM_MANUFACTURING_PMI,ISM,2023-11-01,10:00 ET,October 2023,46.7,49.0,,,,2023-11-01,ISM Manufacturing ISM Report On Business,https://www.ismworld.org/supply-management-news-and-reports/reports/ism-report-on-business/pmi/november/,NEW_PERIOD_RELEASE,True,True,False,,49.0,2023-10-02,OFFICIAL_PREVIOUS,49.0,,-2.299999999999997,1.0,-2.299999999999997,-0.9397956766235127,38,NORMAL_RANGE,EXPANDING_PRIOR_ONLY,NOT_AVAILABLE,True,False
ISM_MANUFACTURING_PMI,ISM,2023-12-01,10:00 ET,November 2023,46.7,46.7,,,,2023-12-01,ISM Manufacturing ISM Report On Business,https://www.ismworld.org/supply-management-news-and-reports/reports/ism-report-on-business/pmi/december/,NEW_PERIOD_RELEASE,True,True,False,,46.7,2023-11-01,OFFICIAL_PREVIOUS,46.7,,0.0,1.0,0.0,-0.015088535225070194,39,NORMAL_RANGE,EXPANDING_PRIOR_ONLY,NOT_AVAILABLE,True,False
ISM_MANUFACTURING_PMI,ISM,2024-01-03,10:00 ET,December 2023,47.4,46.7,,,,2024-01-03,ISM Manufacturing ISM Report On Business,https://www.ismworld.org/supply-management-news-and-reports/reports/ism-report-on-business/pmi/january/,NEW_PERIOD_RELEASE,True,True,False,,46.7,2023-12-01,OFFICIAL_PREVIOUS,46.7,,0.6999999999999957,1.0,0.6999999999999957,0.26329678031914444,40,NORMAL_RANGE,EXPANDING_PRIOR_ONLY,NOT_AVAILABLE,True,False
ISM_MANUFACTURING_PMI,ISM,2025-01-03,10:00 ET,January 2025,50.9,,,,,2025-01-03,Institute for Supply Management — Manufacturing PMI,https://www.ismworld.org/supply-management-news-and-reports/reports/ism-pmi-reports/,NEW_PERIOD_RELEASE,True,True,False,,47.4,2024-01-03,PRIOR_OBSERVATION,47.4,2024-01-03,3.5,1.0,3.5,1.3859239809917596,41,LARGE_POSITIVE,EXPANDING_PRIOR_ONLY,NOT_AVAILABLE,True,False
ISM_MANUFACTURING_PMI,ISM,2025-02-03,10:00 ET,February 2025,50.3,,,,,2025-02-03,Institute for Supply Management — Manufacturing PMI,https://www.ismworld.org/supply-management-news-and-reports/reports/ism-pmi-reports/,NEW_PERIOD_RELEASE,True,True,False,,50.9,2025-01-03,PRIOR_OBSERVATION,50.9,2025-01-03,-0.6000000000000014,1.0,-0.6000000000000014,-0.2927551478948852,42,NORMAL_RANGE,EXPANDING_PRIOR_ONLY,NOT_AVAILABLE,True,False
ISM_MANUFACTURING_PMI,ISM,2025-03-03,10:00 ET,March 2025,49.0,,,,,2025-03-03,Institute for Supply Management — Manufacturing PMI,https://www.ismworld.org/supply-management-news-and-reports/reports/ism-pmi-reports/,NEW_PERIOD_RELEASE,True,True,False,,50.3,2025-02-03,PRIOR_OBSERVATION,50.3,2025-02-03,-1.2999999999999972,1.0,-1.2999999999999972,-0.5707508091778783,43,NORMAL_RANGE,EXPANDING_PRIOR_ONLY,NOT_AVAILABLE,True,False
ISM_MANUFACTURING_PMI,ISM,2025-04-01,10:00 ET,April 2025,48.7,,,,,2025-04-01,Institute for Supply Management — Manufacturing PMI,https://www.ismworld.org/supply-management-news-and-reports/reports/ism-pmi-reports/,NEW_PERIOD_RELEASE,True,True,False,,49.0,2025-03-03,PRIOR_OBSERVATION,49.0,2025-03-03,-0.29999999999999716,1.0,-0.29999999999999716,-0.15669359730863883,44,NORMAL_RANGE,EXPANDING_PRIOR_ONLY,NOT_AVAILABLE,True,False
ISM_MANUFACTURING_PMI,ISM,2025-05-01,10:00 ET,May 2025,48.5,,,,,2025-05-01,Institute for Supply Management — Manufacturing PMI,https://www.ismworld.org/supply-management-news-and-reports/reports/ism-pmi-reports/,NEW_PERIOD_RELEASE,True,True,False,,48.7,2025-04-01,PRIOR_OBSERVATION,48.7,2025-04-01,-0.20000000000000284,1.0,-0.20000000000000284,-0.11392614825679437,45,NORMAL_RANGE,EXPANDING_PRIOR_ONLY,NOT_AVAILABLE,True,False
ISM_MANUFACTURING_PMI,ISM,2025-06-02,10:00 ET,June 2025,49.0,,,,,2025-06-02,Institute for Supply Management — Manufacturing PMI,https://www.ismworld.org/supply-management-news-and-reports/reports/ism-pmi-reports/,NEW_PERIOD_RELEASE,True,True,False,,48.5,2025-05-01,PRIOR_OBSERVATION,48.5,2025-05-01,0.5,1.0,0.5,0.1776035227017992,46,NORMAL_RANGE,EXPANDING_PRIOR_ONLY,NOT_AVAILABLE,True,False
ISM_MANUFACTURING_PMI,ISM,2025-07-01,10:00 ET,July 2025,48.0,,,,,2025-07-01,Institute for Supply Management — Manufacturing PMI,https://www.ismworld.org/supply-management-news-and-reports/reports/ism-pmi-reports/,NEW_PERIOD_RELEASE,True,True,False,,49.0,2025-06-02,PRIOR_OBSERVATION,49.0,2025-06-02,-1.0,1.0,-1.0,-0.453036061853902,47,NORMAL_RANGE,EXPANDING_PRIOR_ONLY,NOT_AVAILABLE,True,False
ISM_MANUFACTURING_PMI,ISM,2025-08-01,10:00 ET,August 2025,48.7,,,,,2025-08-01,Institute for Supply Management — Manufacturing PMI,https://www.ismworld.org/supply-management-news-and-reports/reports/ism-pmi-reports/,NEW_PERIOD_RELEASE,True,True,False,,48.0,2025-07-01,PRIOR_OBSERVATION,48.0,2025-07-01,0.7000000000000028,1.0,0.7000000000000028,0.27126877111759506,48,NORMAL_RANGE,EXPANDING_PRIOR_ONLY,NOT_AVAILABLE,True,False
ISM_MANUFACTURING_PMI,ISM,2025-09-02,10:00 ET,September 2025,49.1,,,,,2025-09-02,Institute for Supply Management — Manufacturing PMI,https://www.ismworld.org/supply-management-news-and-reports/reports/ism-pmi-reports/,NEW_PERIOD_RELEASE,True,True,False,,48.7,2025-08-01,PRIOR_OBSERVATION,48.7,2025-08-01,0.3999999999999986,1.0,0.3999999999999986,0.14026813350170322,49,NORMAL_RANGE,EXPANDING_PRIOR_ONLY,NOT_AVAILABLE,True,False
ISM_MANUFACTURING_PMI,ISM,2025-10-01,10:00 ET,October 2025,48.7,,,,,2025-10-01,Institute for Supply Management — Manufacturing PMI,https://www.ismworld.org/supply-management-news-and-reports/reports/ism-pmi-reports/,NEW_PERIOD_RELEASE,True,True,False,,49.1,2025-09-02,PRIOR_OBSERVATION,49.1,2025-09-02,-0.3999999999999986,1.0,-0.3999999999999986,-0.20613290759599406,50,NORMAL_RANGE,EXPANDING_PRIOR_ONLY,NOT_AVAILABLE,True,False
ISM_MANUFACTURING_PMI,ISM,2025-11-03,10:00 ET,November 2025,48.2,,,,,2025-11-03,Institute for Supply Management — Manufacturing PMI,https://www.ismworld.org/supply-management-news-and-reports/reports/ism-pmi-reports/,NEW_PERIOD_RELEASE,True,True,False,,48.7,2025-10-01,PRIOR_OBSERVATION,48.7,2025-10-01,-0.5,1.0,-0.5,-0.24759945593835428,51,NORMAL_RANGE,EXPANDING_PRIOR_ONLY,NOT_AVAILABLE,True,False
ISM_MANUFACTURING_PMI,ISM,2025-12-01,10:00 ET,December 2025,47.9,,,,,2025-12-01,Institute for Supply Management — Manufacturing PMI,https://www.ismworld.org/supply-management-news-and-reports/reports/ism-pmi-reports/,NEW_PERIOD_RELEASE,True,True,False,,48.2,2025-11-03,PRIOR_OBSERVATION,48.2,2025-11-03,-0.30000000000000426,1.0,-0.30000000000000426,-0.15720652988369746,52,NORMAL_RANGE,EXPANDING_PRIOR_ONLY,NOT_AVAILABLE,True,False
ISM_MANUFACTURING_PMI,ISM,2026-09-09,10:00 ET,August 2026,54.6,55.6,,,,2026-09-09,ISM Manufacturing PMI Report,https://www.ismworld.org/supply-management-news-and-reports/reports/ism-pmi-reports/pmi/august/,NEW_PERIOD_RELEASE,True,True,False,,47.9,2025-12-01,OFFICIAL_PREVIOUS,55.6,,-1.0,1.0,-1.0,-0.46628739290236365,53,NORMAL_RANGE,EXPANDING_PRIOR_ONLY,NOT_AVAILABLE,True,False
NFP,BLS,2020-02-07,08:30 ET,January 2020,225000.0,,,,,2020-02-07,U.S. Bureau of Labor Statistics — Employment Situation,https://www.bls.gov/news.release/archives/empsit_20200207.htm,NEW_PERIOD_RELEASE,True,True,False,,,,NONE,,,,1.0,,,0,INSUFFICIENT_HISTORY,EXPANDING_PRIOR_ONLY,NOT_AVAILABLE,True,False
NFP,BLS,2020-03-06,08:30 ET,February 2020,273000.0,,,,,2020-03-06,U.S. Bureau of Labor Statistics — Employment Situation,https://www.bls.gov/news.release/archives/empsit_20200306.htm,NEW_PERIOD_RELEASE,True,True,False,,225000.0,2020-02-07,PRIOR_OBSERVATION,225000.0,2020-02-07,48000.0,1.0,48000.0,,0,INSUFFICIENT_HISTORY,EXPANDING_PRIOR_ONLY,NOT_AVAILABLE,True,False
NFP,BLS,2020-04-03,08:30 ET,March 2020,-701000.0,,,,,2020-04-03,U.S. Bureau of Labor Statistics — Employment Situation,https://www.bls.gov/news.release/archives/empsit_20200403.htm,NEW_PERIOD_RELEASE,True,True,False,,273000.0,2020-03-06,PRIOR_OBSERVATION,273000.0,2020-03-06,-974000.0,1.0,-974000.0,,1,INSUFFICIENT_HISTORY,EXPANDING_PRIOR_ONLY,NOT_AVAILABLE,True,False
NFP,BLS,2020-05-08,08:30 ET,April 2020,-20500000.0,,,,,2020-05-08,U.S. Bureau of Labor Statistics — Employment Situation,https://www.bls.gov/news.release/archives/empsit_20200508.htm,NEW_PERIOD_RELEASE,True,True,False,,-701000.0,2020-04-03,PRIOR_OBSERVATION,-701000.0,2020-04-03,-19799000.0,1.0,-19799000.0,,2,INSUFFICIENT_HISTORY,EXPANDING_PRIOR_ONLY,NOT_AVAILABLE,True,False
NFP,BLS,2020-06-05,08:30 ET,May 2020,2509000.0,,,,,2020-06-05,U.S. Bureau of Labor Statistics — Employment Situation,https://www.bls.gov/news.release/archives/empsit_20200605.htm,NEW_PERIOD_RELEASE,True,True,False,,-20500000.0,2020-05-08,PRIOR_OBSERVATION,-20500000.0,2020-05-08,23009000.0,1.0,23009000.0,2.677086320095509,3,VERY_LARGE_POSITIVE,EXPANDING_PRIOR_ONLY,NOT_AVAILABLE,True,False
NFP,BLS,2020-07-02,08:30 ET,June 2020,4800000.0,,,,,2020-07-02,U.S. Bureau of Labor Statistics — Employment Situation,https://www.bls.gov/news.release/archives/empsit_20200702.htm,NEW_PERIOD_RELEASE,True,True,False,,2509000.0,2020-06-05,PRIOR_OBSERVATION,2509000.0,2020-06-05,2291000.0,1.0,2291000.0,0.09816231844484881,4,NORMAL_RANGE,EXPANDING_PRIOR_ONLY,NOT_AVAILABLE,True,False
NFP,BLS,2020-08-07,08:30 ET,July 2020,1763000.0,,,,,2020-08-07,U.S. Bureau of Labor Statistics — Employment Situation,https://www.bls.gov/news.release/archives/empsit_20200807.htm,NEW_PERIOD_RELEASE,True,True,False,,4800000.0,2020-07-02,PRIOR_OBSERVATION,4800000.0,2020-07-02,-3037000.0,1.0,-3037000.0,-0.2601030278573381,5,NORMAL_RANGE,EXPANDING_PRIOR_ONLY,NOT_AVAILABLE,True,False
NFP,BLS,2020-09-04,08:30 ET,August 2020,1371000.0,,,,,2020-09-04,U.S. Bureau of Labor Statistics — Employment Situation,https://www.bls.gov/news.release/archives/empsit_20200904.htm,NEW_PERIOD_RELEASE,True,True,False,,1763000.0,2020-08-07,PRIOR_OBSERVATION,1763000.0,2020-08-07,-392000.0,1.0,-392000.0,-0.04737427932607857,6,NORMAL_RANGE,EXPANDING_PRIOR_ONLY,NOT_AVAILABLE,True,False
NFP,BLS,2020-10-02,08:30 ET,September 2020,661000.0,,,,,2020-10-02,U.S. Bureau of Labor Statistics — Employment Situation,https://www.bls.gov/news.release/archives/empsit_20201002.htm,NEW_PERIOD_RELEASE,True,True,False,,1371000.0,2020-09-04,PRIOR_OBSERVATION,1371000.0,2020-09-04,-710000.0,1.0,-710000.0,-0.06992311957429101,7,NORMAL_RANGE,EXPANDING_PRIOR_ONLY,NOT_AVAILABLE,True,False
NFP,BLS,2020-11-06,08:30 ET,October 2020,638000.0,,,,,2020-11-06,U.S. Bureau of Labor Statistics — Employment Situation,https://www.bls.gov/news.release/archives/empsit_20201106.htm,NEW_PERIOD_RELEASE,True,True,False,,661000.0,2020-10-02,PRIOR_OBSERVATION,661000.0,2020-10-02,-23000.0,1.0,-23000.0,-0.0066968671315047875,8,NORMAL_RANGE,EXPANDING_PRIOR_ONLY,NOT_AVAILABLE,True,False
NFP,BLS,2020-12-04,08:30 ET,November 2020,245000.0,,,,,2020-12-04,U.S. Bureau of Labor Statistics — Employment Situation,https://www.bls.gov/news.release/archives/empsit_20201204.htm,NEW_PERIOD_RELEASE,True,True,False,,638000.0,2020-11-06,PRIOR_OBSERVATION,638000.0,2020-11-06,-393000.0,1.0,-393000.0,-0.04054331941856688,9,NORMAL_RANGE,EXPANDING_PRIOR_ONLY,NOT_AVAILABLE,True,False
NFP,BLS,2021-01-08,08:30 ET,December 2020,-140000.0,,,,,2021-01-08,U.S. Bureau of Labor Statistics — Employment Situation,https://www.bls.gov/news.release/archives/empsit_20210108.htm,NEW_PERIOD_RELEASE,True,True,False,,245000.0,2020-12-04,PRIOR_OBSERVATION,245000.0,2020-12-04,-385000.0,1.0,-385000.0,-0.03791506380747127,10,NORMAL_RANGE,EXPANDING_PRIOR_ONLY,NOT_AVAILABLE,True,False
NFP,BLS,2021-02-05,08:30 ET,January 2021,49000.0,,,,,2021-02-05,U.S. Bureau of Labor Statistics — Employment Situation,https://www.bls.gov/news.release/archives/empsit_20210205.htm,NEW_PERIOD_RELEASE,True,True,False,,-140000.0,2021-01-08,PRIOR_OBSERVATION,-140000.0,2021-01-08,189000.0,1.0,189000.0,0.022943335656142993,11,NORMAL_RANGE,EXPANDING_PRIOR_ONLY,NOT_AVAILABLE,True,False
NFP,BLS,2021-03-05,08:30 ET,February 2021,379000.0,,,,,2021-03-05,U.S. Bureau of Labor Statistics — Employment Situation,https://www.bls.gov/news.release/archives/empsit_20210305.htm,NEW_PERIOD_RELEASE,True,True,False,,49000.0,2021-02-05,PRIOR_OBSERVATION,49000.0,2021-02-05,330000.0,1.0,330000.0,0.03732786847810148,12,NORMAL_RANGE,EXPANDING_PRIOR_ONLY,NOT_AVAILABLE,True,False
NFP,BLS,2021-04-02,08:30 ET,March 2021,916000.0,,,,,2021-04-02,U.S. Bureau of Labor Statistics — Employment Situation,https://www.bls.gov/news.release/archives/empsit_20210402.htm,NEW_PERIOD_RELEASE,True,True,False,,379000.0,2021-03-05,PRIOR_OBSERVATION,379000.0,2021-03-05,537000.0,1.0,537000.0,0.059400397262280545,13,NORMAL_RANGE,EXPANDING_PRIOR_ONLY,NOT_AVAILABLE,True,False
NFP,BLS,2021-05-07,08:30 ET,April 2021,266000.0,,,,,2021-05-07,U.S. Bureau of Labor Statistics — Employment Situation,https://www.bls.gov/news.release/archives/empsit_20210507.htm,NEW_PERIOD_RELEASE,True,True,False,,916000.0,2021-04-02,PRIOR_OBSERVATION,916000.0,2021-04-02,-650000.0,1.0,-650000.0,-0.08232345465063674,14,NORMAL_RANGE,EXPANDING_PRIOR_ONLY,NOT_AVAILABLE,True,False
NFP,BLS,2021-06-04,08:30 ET,May 2021,559000.0,,,,,2021-06-04,U.S. Bureau of Labor Statistics — Employment Situation,https://www.bls.gov/news.release/archives/empsit_20210604.htm,NEW_PERIOD_RELEASE,True,True,False,,266000.0,2021-05-07,PRIOR_OBSERVATION,266000.0,2021-05-07,293000.0,1.0,293000.0,0.03544936409048356,15,NORMAL_RANGE,EXPANDING_PRIOR_ONLY,NOT_AVAILABLE,True,False
NFP,BLS,2021-07-02,08:30 ET,June 2021,850000.0,,,,,2021-07-02,U.S. Bureau of Labor Statistics — Employment Situation,https://www.bls.gov/news.release/archives/empsit_20210702.htm,NEW_PERIOD_RELEASE,True,True,False,,559000.0,2021-06-04,PRIOR_OBSERVATION,559000.0,2021-06-04,291000.0,1.0,291000.0,0.034145965916313685,16,NORMAL_RANGE,EXPANDING_PRIOR_ONLY,NOT_AVAILABLE,True,False
NFP,BLS,2021-08-06,08:30 ET,July 2021,943000.0,,,,,2021-08-06,U.S. Bureau of Labor Statistics — Employment Situation,https://www.bls.gov/news.release/archives/empsit_20210806.htm,NEW_PERIOD_RELEASE,True,True,False,,850000.0,2021-07-02,PRIOR_OBSERVATION,850000.0,2021-07-02,93000.0,1.0,93000.0,0.007341453797137686,17,NORMAL_RANGE,EXPANDING_PRIOR_ONLY,NOT_AVAILABLE,True,False
NFP,BLS,2021-09-03,08:30 ET,August 2021,235000.0,,,,,2021-09-03,U.S. Bureau of Labor Statistics — Employment Situation,https://www.bls.gov/news.release/archives/empsit_20210903.htm,NEW_PERIOD_RELEASE,True,True,False,,943000.0,2021-08-06,PRIOR_OBSERVATION,943000.0,2021-08-06,-708000.0,1.0,-708000.0,-0.10064077180596555,18,NORMAL_RANGE,EXPANDING_PRIOR_ONLY,NOT_AVAILABLE,True,False
NFP,BLS,2021-10-08,08:30 ET,September 2021,194000.0,,,,,2021-10-08,U.S. Bureau of Labor Statistics — Employment Situation,https://www.bls.gov/news.release/archives/empsit_20211008.htm,NEW_PERIOD_RELEASE,True,True,False,,235000.0,2021-09-03,PRIOR_OBSERVATION,235000.0,2021-09-03,-41000.0,1.0,-41000.0,-0.005748433870535384,19,NORMAL_RANGE,EXPANDING_PRIOR_ONLY,NOT_AVAILABLE,True,False
NFP,BLS,2021-11-05,08:30 ET,October 2021,531000.0,,,,,2021-11-05,U.S. Bureau of Labor Statistics — Employment Situation,https://www.bls.gov/news.release/archives/empsit_20211105.htm,NEW_PERIOD_RELEASE,True,True,False,,194000.0,2021-10-08,PRIOR_OBSERVATION,194000.0,2021-10-08,337000.0,1.0,337000.0,0.048149205435477745,20,NORMAL_RANGE,EXPANDING_PRIOR_ONLY,NOT_AVAILABLE,True,False
NFP,BLS,2021-12-03,08:30 ET,November 2021,210000.0,,,,,2021-12-03,U.S. Bureau of Labor Statistics — Employment Situation,https://www.bls.gov/news.release/archives/empsit_20211203.htm,NEW_PERIOD_RELEASE,True,True,False,,531000.0,2021-11-05,PRIOR_OBSERVATION,531000.0,2021-11-05,-321000.0,1.0,-321000.0,-0.048962574794630544,21,NORMAL_RANGE,EXPANDING_PRIOR_ONLY,NOT_AVAILABLE,True,False
NFP,BLS,2022-01-07,08:30 ET,December 2021,199000.0,,,,,2022-01-07,U.S. Bureau of Labor Statistics — Employment Situation,https://www.bls.gov/news.release/archives/empsit_20220107.htm,NEW_PERIOD_RELEASE,True,True,False,,210000.0,2021-12-03,PRIOR_OBSERVATION,210000.0,2021-12-03,-11000.0,1.0,-11000.0,-0.0015425961849074449,22,NORMAL_RANGE,EXPANDING_PRIOR_ONLY,NOT_AVAILABLE,True,False
NFP,BLS,2022-08-05,08:30 ET,July 2022,528000.0,398000.0,,,,2022-08-05,BLS Employment Situation,https://www.bls.gov/news.release/archives/empsit_20220805.htm,NEW_PERIOD_RELEASE,True,True,False,,199000.0,2022-01-07,OFFICIAL_PREVIOUS,398000.0,,130000.0,1.0,130000.0,0.020065696876326426,23,NORMAL_RANGE,EXPANDING_PRIOR_ONLY,NOT_AVAILABLE,True,False
NFP,BLS,2022-09-02,08:30 ET,August 2022,315000.0,526000.0,,,,2022-09-02,BLS Employment Situation,https://www.bls.gov/news.release/archives/empsit_20220902.htm,NEW_PERIOD_RELEASE,True,True,False,,528000.0,2022-08-05,OFFICIAL_PREVIOUS,526000.0,,-211000.0,1.0,-211000.0,-0.03369075771228845,24,NORMAL_RANGE,EXPANDING_PRIOR_ONLY,NOT_AVAILABLE,True,False
NFP,BLS,2022-11-04,08:30 ET,October 2022,261000.0,315000.0,,,,2022-11-04,BLS Employment Situation,https://www.bls.gov/news.release/archives/empsit_20221104.htm,NEW_PERIOD_RELEASE,True,True,False,,315000.0,2022-09-02,OFFICIAL_PREVIOUS,315000.0,,-54000.0,1.0,-54000.0,-0.007946246817968955,25,NORMAL_RANGE,EXPANDING_PRIOR_ONLY,NOT_AVAILABLE,True,False
NFP,BLS,2023-02-03,08:30 ET,January 2023,517000.0,260000.0,,,,2023-02-03,BLS Employment Situation,https://www.bls.gov/news.release/archives/empsit_20230203.htm,NEW_PERIOD_RELEASE,True,True,False,,261000.0,2022-11-04,OFFICIAL_PREVIOUS,260000.0,,257000.0,1.0,257000.0,0.04293069870247822,26,NORMAL_RANGE,EXPANDING_PRIOR_ONLY,NOT_AVAILABLE,True,False
NFP,BLS,2023-03-10,08:30 ET,February 2023,311000.0,,,,,2023-03-10,BLS Employment Situation,https://www.bls.gov/news.release/archives/empsit_20230310.htm,NEW_PERIOD_RELEASE,True,True,False,,517000.0,2023-02-03,PRIOR_OBSERVATION,517000.0,2023-02-03,-206000.0,1.0,-206000.0,-0.03485741670775323,27,NORMAL_RANGE,EXPANDING_PRIOR_ONLY,NOT_AVAILABLE,True,False
NFP,BLS,2023-04-07,08:30 ET,March 2023,236000.0,,,,,2023-04-07,BLS Employment Situation,https://www.bls.gov/news.release/archives/empsit_20230407.htm,NEW_PERIOD_RELEASE,True,True,False,,311000.0,2023-03-10,PRIOR_OBSERVATION,311000.0,2023-03-10,-75000.0,1.0,-75000.0,-0.01204693278802823,28,NORMAL_RANGE,EXPANDING_PRIOR_ONLY,NOT_AVAILABLE,True,False
NFP,BLS,2023-05-05,08:30 ET,April 2023,253000.0,,,,,2023-05-05,BLS Employment Situation,https://www.bls.gov/news.release/archives/empsit_20230505.htm,NEW_PERIOD_RELEASE,True,True,False,,236000.0,2023-04-07,PRIOR_OBSERVATION,236000.0,2023-04-07,17000.0,1.0,17000.0,0.004035609585296117,29,NORMAL_RANGE,EXPANDING_PRIOR_ONLY,NOT_AVAILABLE,True,False
NFP,BLS,2023-06-02,08:30 ET,May 2023,339000.0,,,,,2023-06-02,BLS Employment Situation,https://www.bls.gov/news.release/archives/empsit_20230602.htm,NEW_PERIOD_RELEASE,True,True,False,,253000.0,2023-05-05,PRIOR_OBSERVATION,253000.0,2023-05-05,86000.0,1.0,86000.0,0.01609136121094641,30,NORMAL_RANGE,EXPANDING_PRIOR_ONLY,NOT_AVAILABLE,True,False
NFP,BLS,2023-07-07,08:30 ET,June 2023,209000.0,,,,,2023-07-07,BLS Employment Situation,https://www.bls.gov/news.release/archives/empsit_20230707.htm,NEW_PERIOD_RELEASE,True,True,False,,339000.0,2023-06-02,PRIOR_OBSERVATION,339000.0,2023-06-02,-130000.0,1.0,-130000.0,-0.02275477326302942,31,NORMAL_RANGE,EXPANDING_PRIOR_ONLY,NOT_AVAILABLE,True,False
NFP,BLS,2023-08-04,08:30 ET,July 2023,187000.0,,,,,2023-08-04,BLS Employment Situation,https://www.bls.gov/news.release/archives/empsit_20230804.htm,NEW_PERIOD_RELEASE,True,True,False,,209000.0,2023-07-07,PRIOR_OBSERVATION,209000.0,2023-07-07,-22000.0,1.0,-22000.0,-0.0027924716682997796,32,NORMAL_RANGE,EXPANDING_PRIOR_ONLY,NOT_AVAILABLE,True,False
NFP,BLS,2023-09-01,08:30 ET,August 2023,187000.0,,,,,2023-09-01,BLS Employment Situation,https://www.bls.gov/news.release/archives/empsit_20230901.htm,NEW_PERIOD_RELEASE,True,True,False,,187000.0,2023-08-04,PRIOR_OBSERVATION,187000.0,2023-08-04,0.0,1.0,0.0,0.001308487740297223,33,NORMAL_RANGE,EXPANDING_PRIOR_ONLY,NOT_AVAILABLE,True,False
NFP,BLS,2023-10-06,08:30 ET,September 2023,336000.0,,,,,2023-10-06,BLS Employment Situation,https://www.bls.gov/news.release/archives/empsit_20231006.htm,NEW_PERIOD_RELEASE,True,True,False,,187000.0,2023-09-01,PRIOR_OBSERVATION,187000.0,2023-09-01,149000.0,1.0,149000.0,0.029211015990116548,34,NORMAL_RANGE,EXPANDING_PRIOR_ONLY,NOT_AVAILABLE,True,False
NFP,BLS,2023-11-03,08:30 ET,October 2023,150000.0,,,,,2023-11-03,BLS Employment Situation,https://www.bls.gov/news.release/archives/empsit_20231103.htm,NEW_PERIOD_RELEASE,True,True,False,,336000.0,2023-10-06,PRIOR_OBSERVATION,336000.0,2023-10-06,-186000.0,1.0,-186000.0,-0.03491659068330129,35,NORMAL_RANGE,EXPANDING_PRIOR_ONLY,NOT_AVAILABLE,True,False
NFP,BLS,2023-12-08,08:30 ET,November 2023,199000.0,,,,,2023-12-08,BLS Employment Situation,https://www.bls.gov/news.release/archives/empsit_20231208.htm,NEW_PERIOD_RELEASE,True,True,False,,150000.0,2023-11-03,PRIOR_OBSERVATION,150000.0,2023-11-03,49000.0,1.0,49000.0,0.010908766619160112,36,NORMAL_RANGE,EXPANDING_PRIOR_ONLY,NOT_AVAILABLE,True,False
NFP,BLS,2024-01-05,08:30 ET,December 2023,216000.0,,,,,2024-01-05,BLS Employment Situation,https://www.bls.gov/news.release/archives/empsit_20240105.htm,NEW_PERIOD_RELEASE,True,True,False,,199000.0,2023-12-08,PRIOR_OBSERVATION,199000.0,2023-12-08,17000.0,1.0,17000.0,0.004501508594823499,37,NORMAL_RANGE,EXPANDING_PRIOR_ONLY,NOT_AVAILABLE,True,False
NFP,BLS,2024-02-02,08:30 ET,January 2024,353000.0,216000.0,,,,2024-02-02,BLS News Release,https://www.bls.gov/news.release/archives/empsit_02022024.htm,NEW_PERIOD_RELEASE,True,True,False,,216000.0,2024-01-05,OFFICIAL_PREVIOUS,216000.0,,137000.0,1.0,137000.0,0.028253592536420374,38,NORMAL_RANGE,EXPANDING_PRIOR_ONLY,NOT_AVAILABLE,True,False
NFP,BLS,2024-03-08,08:30 ET,February 2024,275000.0,353000.0,,,,2024-03-08,BLS News Release,https://www.bls.gov/news.release/archives/empsit_03082024.htm,NEW_PERIOD_RELEASE,True,True,False,,353000.0,2024-02-02,OFFICIAL_PREVIOUS,353000.0,,-78000.0,1.0,-78000.0,-0.01533354136162325,39,NORMAL_RANGE,EXPANDING_PRIOR_ONLY,NOT_AVAILABLE,True,False
NFP,BLS,2024-04-05,08:30 ET,March 2024,303000.0,275000.0,,,,2024-04-05,BLS News Release,https://www.bls.gov/news.release/archives/empsit_04052024.htm,NEW_PERIOD_RELEASE,True,True,False,,275000.0,2024-03-08,OFFICIAL_PREVIOUS,275000.0,,28000.0,1.0,28000.0,0.006447316962061105,40,NORMAL_RANGE,EXPANDING_PRIOR_ONLY,NOT_AVAILABLE,True,False
NFP,BLS,2024-05-03,08:30 ET,April 2024,175000.0,303000.0,,,,2024-05-03,BLS News Release,https://www.bls.gov/news.release/archives/empsit_05032024.htm,NEW_PERIOD_RELEASE,True,True,False,,303000.0,2024-04-05,OFFICIAL_PREVIOUS,303000.0,,-128000.0,1.0,-128000.0,-0.02581286926619216,41,NORMAL_RANGE,EXPANDING_PRIOR_ONLY,NOT_AVAILABLE,True,False
NFP,BLS,2024-06-07,08:30 ET,May 2024,272000.0,175000.0,,,,2024-06-07,BLS News Release,https://www.bls.gov/news.release/archives/empsit_06072024.htm,NEW_PERIOD_RELEASE,True,True,False,,175000.0,2024-05-03,OFFICIAL_PREVIOUS,175000.0,,97000.0,1.0,97000.0,0.02148303478091297,42,NORMAL_RANGE,EXPANDING_PRIOR_ONLY,NOT_AVAILABLE,True,False
NFP,BLS,2024-07-05,08:30 ET,June 2024,206000.0,272000.0,,,,2024-07-05,BLS News Release,https://www.bls.gov/news.release/archives/empsit_07052024.htm,NEW_PERIOD_RELEASE,True,True,False,,272000.0,2024-06-07,OFFICIAL_PREVIOUS,272000.0,,-66000.0,1.0,-66000.0,-0.013219464142045329,43,NORMAL_RANGE,EXPANDING_PRIOR_ONLY,NOT_AVAILABLE,True,False
NFP,BLS,2024-08-02,08:30 ET,July 2024,114000.0,206000.0,,,,2024-08-02,BLS News Release,https://www.bls.gov/news.release/archives/empsit_08022024.htm,NEW_PERIOD_RELEASE,True,True,False,,206000.0,2024-07-05,OFFICIAL_PREVIOUS,206000.0,,-92000.0,1.0,-92000.0,-0.01863315286469343,44,NORMAL_RANGE,EXPANDING_PRIOR_ONLY,NOT_AVAILABLE,True,False
NFP,BLS,2024-09-06,08:30 ET,August 2024,142000.0,114000.0,,,,2024-09-06,BLS News Release,https://www.bls.gov/news.release/archives/empsit_09062024.htm,NEW_PERIOD_RELEASE,True,True,False,,114000.0,2024-08-02,OFFICIAL_PREVIOUS,114000.0,,28000.0,1.0,28000.0,0.0075343724128642195,45,NORMAL_RANGE,EXPANDING_PRIOR_ONLY,NOT_AVAILABLE,True,False
NFP,BLS,2024-10-04,08:30 ET,September 2024,254000.0,142000.0,,,,2024-10-04,BLS News Release,https://www.bls.gov/news.release/archives/empsit_10042024.htm,NEW_PERIOD_RELEASE,True,True,False,,142000.0,2024-09-06,OFFICIAL_PREVIOUS,142000.0,,112000.0,1.0,112000.0,0.025834033352564834,46,NORMAL_RANGE,EXPANDING_PRIOR_ONLY,NOT_AVAILABLE,True,False
NFP,BLS,2024-11-01,08:30 ET,October 2024,12000.0,254000.0,,,,2024-11-01,BLS News Release,https://www.bls.gov/news.release/archives/empsit_11012024.htm,NEW_PERIOD_RELEASE,True,True,False,,254000.0,2024-10-04,OFFICIAL_PREVIOUS,254000.0,,-242000.0,1.0,-242000.0,-0.05275106909226746,47,NORMAL_RANGE,EXPANDING_PRIOR_ONLY,NOT_AVAILABLE,True,False
NFP,BLS,2024-12-06,08:30 ET,November 2024,227000.0,12000.0,,,,2024-12-06,BLS News Release,https://www.bls.gov/news.release/archives/empsit_12062024.htm,NEW_PERIOD_RELEASE,True,True,False,,12000.0,2024-11-01,OFFICIAL_PREVIOUS,12000.0,,215000.0,1.0,215000.0,0.04998214740857704,48,NORMAL_RANGE,EXPANDING_PRIOR_ONLY,NOT_AVAILABLE,True,False
NFP,BLS,2025-01-10,08:30 ET,December 2024,256000.0,227000.0,,,,2025-01-10,BLS News Release,https://www.bls.gov/news.release/archives/empsit_01102025.htm,NEW_PERIOD_RELEASE,True,True,False,,227000.0,2024-12-06,OFFICIAL_PREVIOUS,227000.0,,29000.0,1.0,29000.0,0.007447898220703261,49,NORMAL_RANGE,EXPANDING_PRIOR_ONLY,NOT_AVAILABLE,True,False
NFP,BLS,2025-02-07,08:30 ET,2025-01,143000.0,,,,,2025-02-07,U.S. Bureau of Labor Statistics — Employment Situation,https://www.bls.gov/news.release/archives/empsit_02072025.htm,NEW_PERIOD_RELEASE,True,True,False,,256000.0,2025-01-10,PRIOR_OBSERVATION,256000.0,2025-01-10,-113000.0,1.0,-113000.0,-0.0250461564750935,50,NORMAL_RANGE,EXPANDING_PRIOR_ONLY,NOT_AVAILABLE,True,False
NFP,BLS,2025-03-07,08:30 ET,2025-02,151000.0,,,,,2025-03-07,U.S. Bureau of Labor Statistics — Employment Situation,https://www.bls.gov/news.release/archives/empsit_03072025.htm,NEW_PERIOD_RELEASE,True,True,False,,143000.0,2025-02-07,PRIOR_OBSERVATION,143000.0,2025-02-07,8000.0,1.0,8000.0,0.003102220320192751,51,NORMAL_RANGE,EXPANDING_PRIOR_ONLY,NOT_AVAILABLE,True,False
NFP,BLS,2025-04-04,08:30 ET,2025-03,228000.0,,,,,2025-04-04,U.S. Bureau of Labor Statistics — Employment Situation,https://www.bls.gov/news.release/archives/empsit_04042025.htm,NEW_PERIOD_RELEASE,True,True,False,,151000.0,2025-03-07,PRIOR_OBSERVATION,151000.0,2025-03-07,77000.0,1.0,77000.0,0.01914475961817843,52,NORMAL_RANGE,EXPANDING_PRIOR_ONLY,NOT_AVAILABLE,True,False
NFP,BLS,2025-05-02,08:30 ET,2025-04,177000.0,,,,,2025-05-02,U.S. Bureau of Labor Statistics — Employment Situation,https://www.bls.gov/news.release/archives/empsit_05022025.htm,NEW_PERIOD_RELEASE,True,True,False,,228000.0,2025-04-04,PRIOR_OBSERVATION,228000.0,2025-04-04,-51000.0,1.0,-51000.0,-0.011138626669287466,53,NORMAL_RANGE,EXPANDING_PRIOR_ONLY,NOT_AVAILABLE,True,False
NFP,BLS,2025-06-06,08:30 ET,2025-05,139000.0,,,,,2025-06-06,U.S. Bureau of Labor Statistics — Employment Situation,https://www.bls.gov/news.release/archives/empsit_06062025.htm,NEW_PERIOD_RELEASE,True,True,False,,177000.0,2025-05-02,PRIOR_OBSERVATION,177000.0,2025-05-02,-38000.0,1.0,-38000.0,-0.007950129756324073,54,NORMAL_RANGE,EXPANDING_PRIOR_ONLY,NOT_AVAILABLE,True,False
NFP,BLS,2025-07-03,08:30 ET,2025-06,147000.0,,,,,2025-07-03,U.S. Bureau of Labor Statistics — Employment Situation,https://www.bls.gov/news.release/archives/empsit_07032025.htm,NEW_PERIOD_RELEASE,True,True,False,,139000.0,2025-06-06,PRIOR_OBSERVATION,139000.0,2025-06-06,8000.0,1.0,8000.0,0.0031463189758896806,55,NORMAL_RANGE,EXPANDING_PRIOR_ONLY,NOT_AVAILABLE,True,False
NFP,BLS,2025-08-01,08:30 ET,2025-07,73000.0,,,,,2025-08-01,U.S. Bureau of Labor Statistics — Employment Situation,https://www.bls.gov/news.release/archives/empsit_08012025.htm,NEW_PERIOD_RELEASE,True,True,False,,147000.0,2025-07-03,PRIOR_OBSERVATION,147000.0,2025-07-03,-74000.0,1.0,-74000.0,-0.016716124815279544,56,NORMAL_RANGE,EXPANDING_PRIOR_ONLY,NOT_AVAILABLE,True,False
NFP,BLS,2025-09-05,08:30 ET,2025-08,22000.0,,,,,2025-09-05,U.S. Bureau of Labor Statistics — Employment Situation,https://www.bls.gov/news.release/archives/empsit_09052025.htm,NEW_PERIOD_RELEASE,True,True,False,,73000.0,2025-08-01,PRIOR_OBSERVATION,73000.0,2025-08-01,-51000.0,1.0,-51000.0,-0.010957706968967985,57,NORMAL_RANGE,EXPANDING_PRIOR_ONLY,NOT_AVAILABLE,True,False
NFP,BLS,2025-11-20,08:30 ET,2025-09,119000.0,,,,,2025-11-20,U.S. Bureau of Labor Statistics — Employment Situation,https://www.bls.gov/news.release/archives/empsit_11202025.htm,NEW_PERIOD_RELEASE,True,True,False,,22000.0,2025-09-05,PRIOR_OBSERVATION,22000.0,2025-09-05,97000.0,1.0,97000.0,0.025579748288321023,58,NORMAL_RANGE,EXPANDING_PRIOR_ONLY,NOT_AVAILABLE,True,False
NFP,BLS,2025-12-16,08:30 ET,2025-10,-105000.0,,,,,2025-12-16,U.S. Bureau of Labor Statistics — Employment Situation,https://www.bls.gov/news.release/archives/empsit_12162025.htm,NEW_PERIOD_RELEASE,True,True,False,,119000.0,2025-11-20,PRIOR_OBSERVATION,119000.0,2025-11-20,-224000.0,1.0,-224000.0,-0.05436884384664307,59,NORMAL_RANGE,EXPANDING_PRIOR_ONLY,NOT_AVAILABLE,True,False
NFP,BLS,2025-12-16,08:30 ET,2025-11,64000.0,,,,,2025-12-16,U.S. Bureau of Labor Statistics — Employment Situation,https://www.bls.gov/news.release/archives/empsit_12162025.htm,NEW_PERIOD_RELEASE,True,True,False,,-105000.0,2025-12-16,NONE,,,,1.0,,,60,INSUFFICIENT_HISTORY,EXPANDING_PRIOR_ONLY,NOT_AVAILABLE,True,False
NFP,BLS,2026-01-09,08:30 ET,2025-12,50000.0,,,,,2026-01-09,U.S. Bureau of Labor Statistics — Employment Situation,https://www.bls.gov/news.release/archives/empsit_01092026.htm,NEW_PERIOD_RELEASE,True,True,False,,64000.0,2025-12-16,PRIOR_OBSERVATION,64000.0,2025-12-16,-14000.0,1.0,-14000.0,-0.0013110548212871896,60,NORMAL_RANGE,EXPANDING_PRIOR_ONLY,NOT_AVAILABLE,True,False
NFP,BLS,2026-09-04,08:30 ET,August 2026,162000.0,21000.0,,,,2026-09-04,BLS Employment Situation,https://www.bls.gov/news.release/empsit.htm,NEW_PERIOD_RELEASE,True,True,False,,50000.0,2026-01-09,OFFICIAL_PREVIOUS,21000.0,,141000.0,1.0,141000.0,0.03785784958054112,61,NORMAL_RANGE,EXPANDING_PRIOR_ONLY,NOT_AVAILABLE,True,False
UNEMPLOYMENT_RATE,BLS,2020-02-07,08:30 ET,January 2020,3.6,,,,,2020-02-07,U.S. Bureau of Labor Statistics — Employment Situation,https://www.bls.gov/news.release/archives/empsit_20200207.htm,NEW_PERIOD_RELEASE,True,True,False,,,,NONE,,,,-1.0,,,0,INSUFFICIENT_HISTORY,EXPANDING_PRIOR_ONLY,NOT_AVAILABLE,True,False
UNEMPLOYMENT_RATE,BLS,2020-03-06,08:30 ET,February 2020,3.5,,,,,2020-03-06,U.S. Bureau of Labor Statistics — Employment Situation,https://www.bls.gov/news.release/archives/empsit_20200306.htm,NEW_PERIOD_RELEASE,True,True,False,,3.6,2020-02-07,PRIOR_OBSERVATION,3.6,2020-02-07,-0.10000000000000009,-1.0,0.10000000000000009,,0,INSUFFICIENT_HISTORY,EXPANDING_PRIOR_ONLY,NOT_AVAILABLE,True,False
UNEMPLOYMENT_RATE,BLS,2020-04-03,08:30 ET,March 2020,4.4,,,,,2020-04-03,U.S. Bureau of Labor Statistics — Employment Situation,https://www.bls.gov/news.release/archives/empsit_20200403.htm,NEW_PERIOD_RELEASE,True,True,False,,3.5,2020-03-06,PRIOR_OBSERVATION,3.5,2020-03-06,0.9000000000000004,-1.0,-0.9000000000000004,,1,INSUFFICIENT_HISTORY,EXPANDING_PRIOR_ONLY,NOT_AVAILABLE,True,False
UNEMPLOYMENT_RATE,BLS,2020-05-08,08:30 ET,April 2020,14.7,,,,,2020-05-08,U.S. Bureau of Labor Statistics — Employment Situation,https://www.bls.gov/news.release/archives/empsit_20200508.htm,NEW_PERIOD_RELEASE,True,True,False,,4.4,2020-04-03,PRIOR_OBSERVATION,4.4,2020-04-03,10.299999999999999,-1.0,-10.299999999999999,,2,INSUFFICIENT_HISTORY,EXPANDING_PRIOR_ONLY,NOT_AVAILABLE,True,False
UNEMPLOYMENT_RATE,BLS,2020-06-05,08:30 ET,May 2020,13.3,,,,,2020-06-05,U.S. Bureau of Labor Statistics — Employment Situation,https://www.bls.gov/news.release/archives/empsit_20200605.htm,NEW_PERIOD_RELEASE,True,True,False,,14.7,2020-05-08,PRIOR_OBSERVATION,14.7,2020-05-08,-1.3999999999999986,-1.0,1.3999999999999986,0.8888741223290807,3,NORMAL_RANGE,EXPANDING_PRIOR_ONLY,NOT_AVAILABLE,True,False
UNEMPLOYMENT_RATE,BLS,2020-07-02,08:30 ET,June 2020,11.1,,,,,2020-07-02,U.S. Bureau of Labor Statistics — Employment Situation,https://www.bls.gov/news.release/archives/empsit_20200702.htm,NEW_PERIOD_RELEASE,True,True,False,,13.3,2020-06-05,PRIOR_OBSERVATION,13.3,2020-06-05,-2.200000000000001,-1.0,2.200000000000001,0.8671155256241274,4,NORMAL_RANGE,EXPANDING_PRIOR_ONLY,NOT_AVAILABLE,True,False
UNEMPLOYMENT_RATE,BLS,2020-08-07,08:30 ET,July 2020,10.2,,,,,2020-08-07,U.S. Bureau of Labor Statistics — Employment Situation,https://www.bls.gov/news.release/archives/empsit_20200807.htm,NEW_PERIOD_RELEASE,True,True,False,,11.1,2020-07-02,PRIOR_OBSERVATION,11.1,2020-07-02,-0.9000000000000004,-1.0,0.9000000000000004,0.4742027427850708,5,NORMAL_RANGE,EXPANDING_PRIOR_ONLY,NOT_AVAILABLE,True,False
UNEMPLOYMENT_RATE,BLS,2020-09-04,08:30 ET,August 2020,8.4,,,,,2020-09-04,U.S. Bureau of Labor Statistics — Employment Situation,https://www.bls.gov/news.release/archives/empsit_20200904.htm,NEW_PERIOD_RELEASE,True,True,False,,10.2,2020-08-07,PRIOR_OBSERVATION,10.2,2020-08-07,-1.799999999999999,-1.0,1.799999999999999,0.6261294102750139,6,NORMAL_RANGE,EXPANDING_PRIOR_ONLY,NOT_AVAILABLE,True,False
UNEMPLOYMENT_RATE,BLS,2020-10-02,08:30 ET,September 2020,7.9,,,,,2020-10-02,U.S. Bureau of Labor Statistics — Employment Situation,https://www.bls.gov/news.release/archives/empsit_20201002.htm,NEW_PERIOD_RELEASE,True,True,False,,8.4,2020-09-04,PRIOR_OBSERVATION,8.4,2020-09-04,-0.5,-1.0,0.5,0.27146418879189205,7,NORMAL_RANGE,EXPANDING_PRIOR_ONLY,NOT_AVAILABLE,True,False
UNEMPLOYMENT_RATE,BLS,2020-11-06,08:30 ET,October 2020,6.9,,,,,2020-11-06,U.S. Bureau of Labor Statistics — Employment Situation,https://www.bls.gov/news.release/archives/empsit_20201106.htm,NEW_PERIOD_RELEASE,True,True,False,,7.9,2020-10-02,PRIOR_OBSERVATION,7.9,2020-10-02,-1.0,-1.0,1.0,0.378181091537249,8,NORMAL_RANGE,EXPANDING_PRIOR_ONLY,NOT_AVAILABLE,True,False
UNEMPLOYMENT_RATE,BLS,2020-12-04,08:30 ET,November 2020,6.7,,,,,2020-12-04,U.S. Bureau of Labor Statistics — Employment Situation,https://www.bls.gov/news.release/archives/empsit_20201204.htm,NEW_PERIOD_RELEASE,True,True,False,,6.9,2020-11-06,PRIOR_OBSERVATION,6.9,2020-11-06,-0.20000000000000018,-1.0,0.20000000000000018,0.14767263181616225,9,NORMAL_RANGE,EXPANDING_PRIOR_ONLY,NOT_AVAILABLE,True,False
UNEMPLOYMENT_RATE,BLS,2021-01-08,08:30 ET,December 2020,6.7,,,,,2021-01-08,U.S. Bureau of Labor Statistics — Employment Situation,https://www.bls.gov/news.release/archives/empsit_20210108.htm,NEW_PERIOD_RELEASE,True,True,False,,6.7,2020-12-04,PRIOR_OBSERVATION,6.7,2020-12-04,0.0,-1.0,-0.0,0.08558117129258629,10,NORMAL_RANGE,EXPANDING_PRIOR_ONLY,NOT_AVAILABLE,True,False
UNEMPLOYMENT_RATE,BLS,2021-02-05,08:30 ET,January 2021,6.3,,,,,2021-02-05,U.S. Bureau of Labor Statistics — Employment Situation,https://www.bls.gov/news.release/archives/empsit_20210205.htm,NEW_PERIOD_RELEASE,True,True,False,,6.7,2021-01-08,PRIOR_OBSERVATION,6.7,2021-01-08,-0.40000000000000036,-1.0,0.40000000000000036,0.19833678406100144,11,NORMAL_RANGE,EXPANDING_PRIOR_ONLY,NOT_AVAILABLE,True,False
UNEMPLOYMENT_RATE,BLS,2021-03-05,08:30 ET,February 2021,6.2,,,,,2021-03-05,U.S. Bureau of Labor Statistics — Employment Situation,https://www.bls.gov/news.release/archives/empsit_20210305.htm,NEW_PERIOD_RELEASE,True,True,False,,6.3,2021-02-05,PRIOR_OBSERVATION,6.3,2021-02-05,-0.09999999999999964,-1.0,0.09999999999999964,0.09897665714606149,12,NORMAL_RANGE,EXPANDING_PRIOR_ONLY,NOT_AVAILABLE,True,False
UNEMPLOYMENT_RATE,BLS,2021-04-02,08:30 ET,March 2021,6.0,,,,,2021-04-02,U.S. Bureau of Labor Statistics — Employment Situation,https://www.bls.gov/news.release/archives/empsit_20210402.htm,NEW_PERIOD_RELEASE,True,True,False,,6.2,2021-03-05,PRIOR_OBSERVATION,6.2,2021-03-05,-0.20000000000000018,-1.0,0.20000000000000018,0.12718188423079518,13,NORMAL_RANGE,EXPANDING_PRIOR_ONLY,NOT_AVAILABLE,True,False
UNEMPLOYMENT_RATE,BLS,2021-05-07,08:30 ET,April 2021,6.1,,,,,2021-05-07,U.S. Bureau of Labor Statistics — Employment Situation,https://www.bls.gov/news.release/archives/empsit_20210507.htm,NEW_PERIOD_RELEASE,True,True,False,,6.0,2021-04-02,PRIOR_OBSERVATION,6.0,2021-04-02,0.09999999999999964,-1.0,-0.09999999999999964,0.02362363139206653,14,NORMAL_RANGE,EXPANDING_PRIOR_ONLY,NOT_AVAILABLE,True,False
UNEMPLOYMENT_RATE,BLS,2021-06-04,08:30 ET,May 2021,5.8,,,,,2021-06-04,U.S. Bureau of Labor Statistics — Employment Situation,https://www.bls.gov/news.release/archives/empsit_20210604.htm,NEW_PERIOD_RELEASE,True,True,False,,6.1,2021-05-07,PRIOR_OBSERVATION,6.1,2021-05-07,-0.2999999999999998,-1.0,0.2999999999999998,0.16016407711542238,15,NORMAL_RANGE,EXPANDING_PRIOR_ONLY,NOT_AVAILABLE,True,False
UNEMPLOYMENT_RATE,BLS,2021-07-02,08:30 ET,June 2021,5.9,,,,,2021-07-02,U.S. Bureau of Labor Statistics — Employment Situation,https://www.bls.gov/news.release/archives/empsit_20210702.htm,NEW_PERIOD_RELEASE,True,True,False,,5.8,2021-06-04,PRIOR_OBSERVATION,5.8,2021-06-04,0.10000000000000053,-1.0,-0.10000000000000053,0.013310627132409596,16,NORMAL_RANGE,EXPANDING_PRIOR_ONLY,NOT_AVAILABLE,True,False
UNEMPLOYMENT_RATE,BLS,2021-08-06,08:30 ET,July 2021,5.4,,,,,2021-08-06,U.S. Bureau of Labor Statistics — Employment Situation,https://www.bls.gov/news.release/archives/empsit_20210806.htm,NEW_PERIOD_RELEASE,True,True,False,,5.9,2021-07-02,PRIOR_OBSERVATION,5.9,2021-07-02,-0.5,-1.0,0.5,0.2328917112621456,17,NORMAL_RANGE,EXPANDING_PRIOR_ONLY,NOT_AVAILABLE,True,False
UNEMPLOYMENT_RATE,BLS,2021-09-03,08:30 ET,August 2021,5.2,,,,,2021-09-03,U.S. Bureau of Labor Statistics — Employment Situation,https://www.bls.gov/news.release/archives/empsit_20210903.htm,NEW_PERIOD_RELEASE,True,True,False,,5.4,2021-08-06,PRIOR_OBSERVATION,5.4,2021-08-06,-0.20000000000000018,-1.0,0.20000000000000018,0.11318029408214039,18,NORMAL_RANGE,EXPANDING_PRIOR_ONLY,NOT_AVAILABLE,True,False
UNEMPLOYMENT_RATE,BLS,2021-10-08,08:30 ET,September 2021,4.8,,,,,2021-10-08,U.S. Bureau of Labor Statistics — Employment Situation,https://www.bls.gov/news.release/archives/empsit_20211008.htm,NEW_PERIOD_RELEASE,True,True,False,,5.2,2021-09-03,PRIOR_OBSERVATION,5.2,2021-09-03,-0.40000000000000036,-1.0,0.40000000000000036,0.18790599002724287,19,NORMAL_RANGE,EXPANDING_PRIOR_ONLY,NOT_AVAILABLE,True,False
UNEMPLOYMENT_RATE,BLS,2021-11-05,08:30 ET,October 2021,4.6,,,,,2021-11-05,U.S. Bureau of Labor Statistics — Employment Situation,https://www.bls.gov/news.release/archives/empsit_20211105.htm,NEW_PERIOD_RELEASE,True,True,False,,4.8,2021-10-08,PRIOR_OBSERVATION,4.8,2021-10-08,-0.20000000000000018,-1.0,0.20000000000000018,0.10356571650100008,20,NORMAL_RANGE,EXPANDING_PRIOR_ONLY,NOT_AVAILABLE,True,False
UNEMPLOYMENT_RATE,BLS,2021-12-03,08:30 ET,November 2021,4.2,,,,,2021-12-03,U.S. Bureau of Labor Statistics — Employment Situation,https://www.bls.gov/news.release/archives/empsit_20211203.htm,NEW_PERIOD_RELEASE,True,True,False,,4.6,2021-11-05,PRIOR_OBSERVATION,4.6,2021-11-05,-0.39999999999999947,-1.0,0.39999999999999947,0.18288273474770642,21,NORMAL_RANGE,EXPANDING_PRIOR_ONLY,NOT_AVAILABLE,True,False
UNEMPLOYMENT_RATE,BLS,2022-01-07,08:30 ET,December 2021,3.9,,,,,2022-01-07,U.S. Bureau of Labor Statistics — Employment Situation,https://www.bls.gov/news.release/archives/empsit_20220107.htm,NEW_PERIOD_RELEASE,True,True,False,,4.2,2021-12-03,PRIOR_OBSERVATION,4.2,2021-12-03,-0.30000000000000027,-1.0,0.30000000000000027,0.13690593002538107,22,NORMAL_RANGE,EXPANDING_PRIOR_ONLY,NOT_AVAILABLE,True,False
UNEMPLOYMENT_RATE,BLS,2022-08-05,08:30 ET,July 2022,3.5,3.6,,,,2022-08-05,BLS Employment Situation,https://www.bls.gov/news.release/archives/empsit_20220805.htm,NEW_PERIOD_RELEASE,True,True,False,,3.9,2022-01-07,OFFICIAL_PREVIOUS,3.6,,-0.10000000000000009,-1.0,0.10000000000000009,0.04838094460335648,23,NORMAL_RANGE,EXPANDING_PRIOR_ONLY,NOT_AVAILABLE,True,False
UNEMPLOYMENT_RATE,BLS,2022-09-02,08:30 ET,August 2022,3.7,3.5,,,,2022-09-02,BLS Employment Situation,https://www.bls.gov/news.release/archives/empsit_20220902.htm,NEW_PERIOD_RELEASE,True,True,False,,3.5,2022-08-05,OFFICIAL_PREVIOUS,3.5,,0.20000000000000018,-1.0,-0.20000000000000018,-0.08386984862275416,24,NORMAL_RANGE,EXPANDING_PRIOR_ONLY,NOT_AVAILABLE,True,False
UNEMPLOYMENT_RATE,BLS,2022-11-04,08:30 ET,October 2022,3.7,3.5,,,,2022-11-04,BLS Employment Situation,https://www.bls.gov/news.release/archives/empsit_20221104.htm,NEW_PERIOD_RELEASE,True,True,False,,3.7,2022-09-02,OFFICIAL_PREVIOUS,3.5,,0.20000000000000018,-1.0,-0.20000000000000018,-0.08223468820243689,25,NORMAL_RANGE,EXPANDING_PRIOR_ONLY,NOT_AVAILABLE,True,False
UNEMPLOYMENT_RATE,BLS,2023-02-03,08:30 ET,January 2023,3.4,3.5,,,,2023-02-03,BLS Employment Situation,https://www.bls.gov/news.release/archives/empsit_20230203.htm,NEW_PERIOD_RELEASE,True,True,False,,3.7,2022-11-04,OFFICIAL_PREVIOUS,3.5,,-0.10000000000000009,-1.0,0.10000000000000009,0.05613315026269084,26,NORMAL_RANGE,EXPANDING_PRIOR_ONLY,NOT_AVAILABLE,True,False
UNEMPLOYMENT_RATE,BLS,2023-03-10,08:30 ET,February 2023,3.6,3.4,,,,2023-03-10,BLS Employment Situation,https://www.bls.gov/news.release/archives/empsit_20230310.htm,NEW_PERIOD_RELEASE,True,True,False,,3.4,2023-02-03,OFFICIAL_PREVIOUS,3.4,,0.20000000000000018,-1.0,-0.20000000000000018,-0.08440446430227766,27,NORMAL_RANGE,EXPANDING_PRIOR_ONLY,NOT_AVAILABLE,True,False
UNEMPLOYMENT_RATE,BLS,2023-04-07,08:30 ET,March 2023,3.5,3.6,,,,2023-04-07,BLS Employment Situation,https://www.bls.gov/news.release/archives/empsit_20230407.htm,NEW_PERIOD_RELEASE,True,True,False,,3.6,2023-03-10,OFFICIAL_PREVIOUS,3.6,,-0.10000000000000009,-1.0,0.10000000000000009,0.059235349651781344,28,NORMAL_RANGE,EXPANDING_PRIOR_ONLY,NOT_AVAILABLE,True,False
UNEMPLOYMENT_RATE,BLS,2023-05-05,08:30 ET,April 2023,3.4,3.5,,,,2023-05-05,BLS Employment Situation,https://www.bls.gov/news.release/archives/empsit_20230505.htm,NEW_PERIOD_RELEASE,True,True,False,,3.5,2023-04-07,OFFICIAL_PREVIOUS,3.5,,-0.10000000000000009,-1.0,0.10000000000000009,0.058238593571054674,29,NORMAL_RANGE,EXPANDING_PRIOR_ONLY,NOT_AVAILABLE,True,False
UNEMPLOYMENT_RATE,BLS,2023-06-02,08:30 ET,May 2023,3.7,3.4,,,,2023-06-02,BLS Employment Situation,https://www.bls.gov/news.release/archives/empsit_20230602.htm,NEW_PERIOD_RELEASE,True,True,False,,3.4,2023-05-05,OFFICIAL_PREVIOUS,3.4,,0.30000000000000027,-1.0,-0.30000000000000027,-0.1391339326717887,30,NORMAL_RANGE,EXPANDING_PRIOR_ONLY,NOT_AVAILABLE,True,False
UNEMPLOYMENT_RATE,BLS,2023-07-07,08:30 ET,June 2023,3.6,3.7,,,,2023-07-07,BLS Employment Situation,https://www.bls.gov/news.release/archives/empsit_20230707.htm,NEW_PERIOD_RELEASE,True,True,False,,3.7,2023-06-02,OFFICIAL_PREVIOUS,3.7,,-0.10000000000000009,-1.0,0.10000000000000009,0.0628144702013937,31,NORMAL_RANGE,EXPANDING_PRIOR_ONLY,NOT_AVAILABLE,True,False
UNEMPLOYMENT_RATE,BLS,2023-08-04,08:30 ET,July 2023,3.5,3.6,,,,2023-08-04,BLS Employment Situation,https://www.bls.gov/news.release/archives/empsit_20230804.htm,NEW_PERIOD_RELEASE,True,True,False,,3.6,2023-07-07,OFFICIAL_PREVIOUS,3.6,,-0.10000000000000009,-1.0,0.10000000000000009,0.0618534560603856,32,NORMAL_RANGE,EXPANDING_PRIOR_ONLY,NOT_AVAILABLE,True,False
UNEMPLOYMENT_RATE,BLS,2023-09-01,08:30 ET,August 2023,3.8,3.5,,,,2023-09-01,BLS Employment Situation,https://www.bls.gov/news.release/archives/empsit_20230901.htm,NEW_PERIOD_RELEASE,True,True,False,,3.5,2023-08-04,OFFICIAL_PREVIOUS,3.5,,0.2999999999999998,-1.0,-0.2999999999999998,-0.14530699034079927,33,NORMAL_RANGE,EXPANDING_PRIOR_ONLY,NOT_AVAILABLE,True,False
UNEMPLOYMENT_RATE,BLS,2023-10-06,08:30 ET,September 2023,3.8,3.8,,,,2023-10-06,BLS Employment Situation,https://www.bls.gov/news.release/archives/empsit_20231006.htm,NEW_PERIOD_RELEASE,True,True,False,,3.8,2023-09-01,OFFICIAL_PREVIOUS,3.8,,0.0,-1.0,-0.0,0.013855559042531001,34,NORMAL_RANGE,EXPANDING_PRIOR_ONLY,NOT_AVAILABLE,True,False
UNEMPLOYMENT_RATE,BLS,2023-11-03,08:30 ET,October 2023,3.9,3.8,,,,2023-11-03,BLS Employment Situation,https://www.bls.gov/news.release/archives/empsit_20231103.htm,NEW_PERIOD_RELEASE,True,True,False,,3.8,2023-10-06,OFFICIAL_PREVIOUS,3.8,,0.10000000000000009,-1.0,-0.10000000000000009,-0.0394681732565136,35,NORMAL_RANGE,EXPANDING_PRIOR_ONLY,NOT_AVAILABLE,True,False
UNEMPLOYMENT_RATE,BLS,2023-12-08,08:30 ET,November 2023,3.7,3.9,,,,2023-12-08,BLS Employment Situation,https://www.bls.gov/news.release/archives/empsit_20231208.htm,NEW_PERIOD_RELEASE,True,True,False,,3.9,2023-11-03,OFFICIAL_PREVIOUS,3.9,,-0.19999999999999973,-1.0,0.19999999999999973,0.12278292225150737,36,NORMAL_RANGE,EXPANDING_PRIOR_ONLY,NOT_AVAILABLE,True,False
UNEMPLOYMENT_RATE,BLS,2024-01-05,08:30 ET,December 2023,3.7,3.7,,,,2024-01-05,BLS Employment Situation,https://www.bls.gov/news.release/archives/empsit_20240105.htm,NEW_PERIOD_RELEASE,True,True,False,,3.7,2023-12-08,OFFICIAL_PREVIOUS,3.7,,0.0,-1.0,-0.0,0.011817922006830402,37,NORMAL_RANGE,EXPANDING_PRIOR_ONLY,NOT_AVAILABLE,True,False
UNEMPLOYMENT_RATE,BLS,2024-02-02,08:30 ET,January 2024,3.7,3.7,,,,2024-02-02,BLS News Release,https://www.bls.gov/news.release/archives/empsit_02022024.htm,NEW_PERIOD_RELEASE,True,True,False,,3.7,2024-01-05,OFFICIAL_PREVIOUS,3.7,,0.0,-1.0,-0.0,0.011665625718036959,38,NORMAL_RANGE,EXPANDING_PRIOR_ONLY,NOT_AVAILABLE,True,False
UNEMPLOYMENT_RATE,BLS,2024-03-08,08:30 ET,February 2024,3.9,3.7,,,,2024-03-08,BLS News Release,https://www.bls.gov/news.release/archives/empsit_03082024.htm,NEW_PERIOD_RELEASE,True,True,False,,3.7,2024-02-02,OFFICIAL_PREVIOUS,3.7,,0.19999999999999973,-1.0,-0.19999999999999973,-0.10079180878944782,39,NORMAL_RANGE,EXPANDING_PRIOR_ONLY,NOT_AVAILABLE,True,False
UNEMPLOYMENT_RATE,BLS,2024-04-05,08:30 ET,March 2024,3.8,3.9,,,,2024-04-05,BLS News Release,https://www.bls.gov/news.release/archives/empsit_04052024.htm,NEW_PERIOD_RELEASE,True,True,False,,3.9,2024-03-08,OFFICIAL_PREVIOUS,3.9,,-0.10000000000000009,-1.0,0.10000000000000009,0.07110264070047496,40,NORMAL_RANGE,EXPANDING_PRIOR_ONLY,NOT_AVAILABLE,True,False
UNEMPLOYMENT_RATE,BLS,2024-05-03,08:30 ET,April 2024,3.9,3.8,,,,2024-05-03,BLS News Release,https://www.bls.gov/news.release/archives/empsit_05032024.htm,NEW_PERIOD_RELEASE,True,True,False,,3.8,2024-04-05,OFFICIAL_PREVIOUS,3.8,,0.10000000000000009,-1.0,-0.10000000000000009,-0.044958526667807724,41,NORMAL_RANGE,EXPANDING_PRIOR_ONLY,NOT_AVAILABLE,True,False
UNEMPLOYMENT_RATE,BLS,2024-06-07,08:30 ET,May 2024,4.0,3.9,,,,2024-06-07,BLS News Release,https://www.bls.gov/news.release/archives/empsit_06072024.htm,NEW_PERIOD_RELEASE,True,True,False,,3.9,2024-05-03,OFFICIAL_PREVIOUS,3.9,,0.10000000000000009,-1.0,-0.10000000000000009,-0.0444322041952136,42,NORMAL_RANGE,EXPANDING_PRIOR_ONLY,NOT_AVAILABLE,True,False
UNEMPLOYMENT_RATE,BLS,2024-07-05,08:30 ET,June 2024,4.1,4.0,,,,2024-07-05,BLS News Release,https://www.bls.gov/news.release/archives/empsit_07052024.htm,NEW_PERIOD_RELEASE,True,True,False,,4.0,2024-06-07,OFFICIAL_PREVIOUS,4.0,,0.09999999999999964,-1.0,-0.09999999999999964,-0.04392393066472819,43,NORMAL_RANGE,EXPANDING_PRIOR_ONLY,NOT_AVAILABLE,True,False
UNEMPLOYMENT_RATE,BLS,2024-08-02,08:30 ET,July 2024,4.3,4.1,,,,2024-08-02,BLS News Release,https://www.bls.gov/news.release/archives/empsit_08022024.htm,NEW_PERIOD_RELEASE,True,True,False,,4.1,2024-07-05,OFFICIAL_PREVIOUS,4.1,,0.20000000000000018,-1.0,-0.20000000000000018,-0.10315265843289691,44,NORMAL_RANGE,EXPANDING_PRIOR_ONLY,NOT_AVAILABLE,True,False
UNEMPLOYMENT_RATE,BLS,2024-09-06,08:30 ET,August 2024,4.2,4.3,,,,2024-09-06,BLS News Release,https://www.bls.gov/news.release/archives/empsit_09062024.htm,NEW_PERIOD_RELEASE,True,True,False,,4.3,2024-08-02,OFFICIAL_PREVIOUS,4.3,,-0.09999999999999964,-1.0,0.09999999999999964,0.07919514973795048,45,NORMAL_RANGE,EXPANDING_PRIOR_ONLY,NOT_AVAILABLE,True,False
UNEMPLOYMENT_RATE,BLS,2024-10-04,08:30 ET,September 2024,4.1,4.2,,,,2024-10-04,BLS News Release,https://www.bls.gov/news.release/archives/empsit_10042024.htm,NEW_PERIOD_RELEASE,True,True,False,,4.2,2024-09-06,OFFICIAL_PREVIOUS,4.2,,-0.10000000000000053,-1.0,0.10000000000000053,0.07834348873011429,46,NORMAL_RANGE,EXPANDING_PRIOR_ONLY,NOT_AVAILABLE,True,False
UNEMPLOYMENT_RATE,BLS,2024-11-01,08:30 ET,October 2024,4.1,4.1,,,,2024-11-01,BLS News Release,https://www.bls.gov/news.release/archives/empsit_11012024.htm,NEW_PERIOD_RELEASE,True,True,False,,4.1,2024-10-04,OFFICIAL_PREVIOUS,4.1,,0.0,-1.0,-0.0,0.015766517930685835,47,NORMAL_RANGE,EXPANDING_PRIOR_ONLY,NOT_AVAILABLE,True,False
UNEMPLOYMENT_RATE,BLS,2024-12-06,08:30 ET,November 2024,4.2,4.1,,,,2024-12-06,BLS News Release,https://www.bls.gov/news.release/archives/empsit_12062024.htm,NEW_PERIOD_RELEASE,True,True,False,,4.1,2024-11-01,OFFICIAL_PREVIOUS,4.1,,0.10000000000000053,-1.0,-0.10000000000000053,-0.04681473059036788,48,NORMAL_RANGE,EXPANDING_PRIOR_ONLY,NOT_AVAILABLE,True,False
UNEMPLOYMENT_RATE,BLS,2025-01-10,08:30 ET,December 2024,4.1,4.2,,,,2025-01-10,BLS News Release,https://www.bls.gov/news.release/archives/empsit_01102025.htm,NEW_PERIOD_RELEASE,True,True,False,,4.2,2024-12-06,OFFICIAL_PREVIOUS,4.2,,-0.10000000000000053,-1.0,0.10000000000000053,0.07981392075809074,49,NORMAL_RANGE,EXPANDING_PRIOR_ONLY,NOT_AVAILABLE,True,False
UNEMPLOYMENT_RATE,BLS,2025-02-07,08:30 ET,2025-01,4.0,,,,,2025-02-07,U.S. Bureau of Labor Statistics — Employment Situation,https://www.bls.gov/news.release/archives/empsit_02072025.htm,NEW_PERIOD_RELEASE,True,True,False,,4.1,2025-01-10,PRIOR_OBSERVATION,4.1,2025-01-10,-0.09999999999999964,-1.0,0.09999999999999964,0.07902307082457387,50,NORMAL_RANGE,EXPANDING_PRIOR_ONLY,NOT_AVAILABLE,True,False
UNEMPLOYMENT_RATE,BLS,2025-03-07,08:30 ET,2025-02,4.1,,,,,2025-03-07,U.S. Bureau of Labor Statistics — Employment Situation,https://www.bls.gov/news.release/archives/empsit_03072025.htm,NEW_PERIOD_RELEASE,True,True,False,,4.0,2025-02-07,PRIOR_OBSERVATION,4.0,2025-02-07,0.09999999999999964,-1.0,-0.09999999999999964,-0.050487267383692525,51,NORMAL_RANGE,EXPANDING_PRIOR_ONLY,NOT_AVAILABLE,True,False
UNEMPLOYMENT_RATE,BLS,2025-04-04,08:30 ET,2025-03,4.2,,,,,2025-04-04,U.S. Bureau of Labor Statistics — Employment Situation,https://www.bls.gov/news.release/archives/empsit_04042025.htm,NEW_PERIOD_RELEASE,True,True,False,,4.1,2025-03-07,PRIOR_OBSERVATION,4.1,2025-03-07,0.10000000000000053,-1.0,-0.10000000000000053,-0.050007820461857484,52,NORMAL_RANGE,EXPANDING_PRIOR_ONLY,NOT_AVAILABLE,True,False
UNEMPLOYMENT_RATE,BLS,2025-05-02,08:30 ET,2025-04,4.2,,,,,2025-05-02,U.S. Bureau of Labor Statistics — Employment Situation,https://www.bls.gov/news.release/archives/empsit_05022025.htm,NEW_PERIOD_RELEASE,True,True,False,,4.2,2025-04-04,PRIOR_OBSERVATION,4.2,2025-04-04,0.0,-1.0,-0.0,0.016101075957903797,53,NORMAL_RANGE,EXPANDING_PRIOR_ONLY,NOT_AVAILABLE,True,False
UNEMPLOYMENT_RATE,BLS,2025-06-06,08:30 ET,2025-05,4.2,,,,,2025-06-06,U.S. Bureau of Labor Statistics — Employment Situation,https://www.bls.gov/news.release/archives/empsit_06062025.htm,NEW_PERIOD_RELEASE,True,True,False,,4.2,2025-05-02,PRIOR_OBSERVATION,4.2,2025-05-02,0.0,-1.0,-0.0,0.01595409629633608,54,NORMAL_RANGE,EXPANDING_PRIOR_ONLY,NOT_AVAILABLE,True,False
UNEMPLOYMENT_RATE,BLS,2025-07-03,08:30 ET,2025-06,4.1,,,,,2025-07-03,U.S. Bureau of Labor Statistics — Employment Situation,https://www.bls.gov/news.release/archives/empsit_07032025.htm,NEW_PERIOD_RELEASE,True,True,False,,4.2,2025-06-06,PRIOR_OBSERVATION,4.2,2025-06-06,-0.10000000000000053,-1.0,0.10000000000000053,0.08270404688093333,55,NORMAL_RANGE,EXPANDING_PRIOR_ONLY,NOT_AVAILABLE,True,False
UNEMPLOYMENT_RATE,BLS,2025-08-01,08:30 ET,2025-07,4.2,,,,,2025-08-01,U.S. Bureau of Labor Statistics — Employment Situation,https://www.bls.gov/news.release/archives/empsit_08012025.htm,NEW_PERIOD_RELEASE,True,True,False,,4.1,2025-07-03,PRIOR_OBSERVATION,4.1,2025-07-03,0.10000000000000053,-1.0,-0.10000000000000053,-0.05303989306398161,56,NORMAL_RANGE,EXPANDING_PRIOR_ONLY,NOT_AVAILABLE,True,False
UNEMPLOYMENT_RATE,BLS,2025-09-05,08:30 ET,2025-08,4.3,,,,,2025-09-05,U.S. Bureau of Labor Statistics — Employment Situation,https://www.bls.gov/news.release/archives/empsit_09052025.htm,NEW_PERIOD_RELEASE,True,True,False,,4.2,2025-08-01,PRIOR_OBSERVATION,4.2,2025-08-01,0.09999999999999964,-1.0,-0.09999999999999964,-0.052579635126483976,57,NORMAL_RANGE,EXPANDING_PRIOR_ONLY,NOT_AVAILABLE,True,False
UNEMPLOYMENT_RATE,BLS,2025-11-20,08:30 ET,2025-09,4.4,,,,,2025-11-20,U.S. Bureau of Labor Statistics — Employment Situation,https://www.bls.gov/news.release/archives/empsit_11202025.htm,NEW_PERIOD_RELEASE,True,True,False,,4.3,2025-09-05,PRIOR_OBSERVATION,4.3,2025-09-05,0.10000000000000053,-1.0,-0.10000000000000053,-0.05213115047095375,58,NORMAL_RANGE,EXPANDING_PRIOR_ONLY,NOT_AVAILABLE,True,False
UNEMPLOYMENT_RATE,BLS,2025-12-16,08:30 ET,2025-11,4.6,,,,,2025-12-16,U.S. Bureau of Labor Statistics — Employment Situation,https://www.bls.gov/news.release/archives/empsit_12162025.htm,NEW_PERIOD_RELEASE,True,True,False,,4.4,2025-11-20,PRIOR_OBSERVATION,4.4,2025-11-20,0.1999999999999993,-1.0,-0.1999999999999993,-0.12101082756713719,59,NORMAL_RANGE,EXPANDING_PRIOR_ONLY,NOT_AVAILABLE,True,False
UNEMPLOYMENT_RATE,BLS,2026-01-09,08:30 ET,2025-12,4.4,,,,,2026-01-09,U.S. Bureau of Labor Statistics — Employment Situation,https://www.bls.gov/news.release/archives/empsit_01092026.htm,NEW_PERIOD_RELEASE,True,True,False,,4.6,2025-12-16,PRIOR_OBSERVATION,4.6,2025-12-16,-0.1999999999999993,-1.0,0.1999999999999993,0.15961233082657023,60,NORMAL_RANGE,EXPANDING_PRIOR_ONLY,NOT_AVAILABLE,True,False
UNEMPLOYMENT_RATE,BLS,2026-09-04,08:30 ET,August 2026,4.1,4.1,,,,2026-09-04,BLS Employment Situation,https://www.bls.gov/news.release/empsit.htm,NEW_PERIOD_RELEASE,True,True,False,,4.4,2026-01-09,OFFICIAL_PREVIOUS,4.1,,0.0,-1.0,-0.0,0.017330694199923946,61,NORMAL_RANGE,EXPANDING_PRIOR_ONLY,NOT_AVAILABLE,True,False
