asof_date,universe_count,price_eligible_count,missing_price_count,coverage_pct,coverage_quality,advances,declines,unchanged,net_advances,advance_decline_ratio,pct_advancing,pct_declining,cumulative_ad_line,point_in_time_reconstructed,membership_source,membership_quality,cross_validated,pit_perfect,price_source,price_quality,price_pit_perfect,research_only,decision_engine_ready,trading_signal,forecast,record_id
2019-01-03,505,418,87,82.7723,LIMITED,69,349,0,-280,0.197708,16.507177,83.492823,-280.0,True,FREE_PUBLIC_RECONSTRUCTION,RESEARCH_GRADE,True,False,YAHOO_FINANCE_YFINANCE,FREE_PUBLIC_RESEARCH_GRADE,False,True,False,False,False,MB_20190103
2019-01-04,505,418,87,82.7723,LIMITED,404,13,1,391,31.076923,96.650718,3.110048,111.0,True,FREE_PUBLIC_RECONSTRUCTION,RESEARCH_GRADE,True,False,YAHOO_FINANCE_YFINANCE,FREE_PUBLIC_RESEARCH_GRADE,False,True,False,False,False,MB_20190104
2019-01-07,505,418,87,82.7723,LIMITED,315,102,1,213,3.088235,75.358852,24.401914,324.0,True,FREE_PUBLIC_RECONSTRUCTION,RESEARCH_GRADE,True,False,YAHOO_FINANCE_YFINANCE,FREE_PUBLIC_RESEARCH_GRADE,False,True,False,False,False,MB_20190107
2019-01-08,505,418,87,82.7723,LIMITED,339,78,1,261,4.346154,81.100478,18.660287,585.0,True,FREE_PUBLIC_RECONSTRUCTION,RESEARCH_GRADE,True,False,YAHOO_FINANCE_YFINANCE,FREE_PUBLIC_RESEARCH_GRADE,False,True,False,False,False,MB_20190108
2019-01-09,505,418,87,82.7723,LIMITED,280,135,3,145,2.074074,66.985646,32.296651,730.0,True,FREE_PUBLIC_RECONSTRUCTION,RESEARCH_GRADE,True,False,YAHOO_FINANCE_YFINANCE,FREE_PUBLIC_RESEARCH_GRADE,False,True,False,False,False,MB_20190109
2019-01-10,505,418,87,82.7723,LIMITED,314,101,3,213,3.108911,75.119617,24.162679,943.0,True,FREE_PUBLIC_RECONSTRUCTION,RESEARCH_GRADE,True,False,YAHOO_FINANCE_YFINANCE,FREE_PUBLIC_RESEARCH_GRADE,False,True,False,False,False,MB_20190110
2019-01-11,505,418,87,82.7723,LIMITED,230,182,6,48,1.263736,55.023923,43.54067,991.0,True,FREE_PUBLIC_RECONSTRUCTION,RESEARCH_GRADE,True,False,YAHOO_FINANCE_YFINANCE,FREE_PUBLIC_RESEARCH_GRADE,False,True,False,False,False,MB_20190111
2019-01-14,505,418,87,82.7723,LIMITED,132,284,2,-152,0.464789,31.578947,67.942584,839.0,True,FREE_PUBLIC_RECONSTRUCTION,RESEARCH_GRADE,True,False,YAHOO_FINANCE_YFINANCE,FREE_PUBLIC_RESEARCH_GRADE,False,True,False,False,False,MB_20190114
2019-01-15,505,418,87,82.7723,LIMITED,316,101,1,215,3.128713,75.598086,24.162679,1054.0,True,FREE_PUBLIC_RECONSTRUCTION,RESEARCH_GRADE,True,False,YAHOO_FINANCE_YFINANCE,FREE_PUBLIC_RESEARCH_GRADE,False,True,False,False,False,MB_20190115
2019-01-16,505,418,87,82.7723,LIMITED,245,171,2,74,1.432749,58.61244,40.909091,1128.0,True,FREE_PUBLIC_RECONSTRUCTION,RESEARCH_GRADE,True,False,YAHOO_FINANCE_YFINANCE,FREE_PUBLIC_RESEARCH_GRADE,False,True,False,False,False,MB_20190116
2019-01-17,505,418,87,82.7723,LIMITED,358,60,0,298,5.966667,85.645933,14.354067,1426.0,True,FREE_PUBLIC_RECONSTRUCTION,RESEARCH_GRADE,True,False,YAHOO_FINANCE_YFINANCE,FREE_PUBLIC_RESEARCH_GRADE,False,True,False,False,False,MB_20190117
2019-01-18,505,418,87,82.7723,LIMITED,377,41,0,336,9.195122,90.191388,9.808612,1762.0,True,FREE_PUBLIC_RECONSTRUCTION,RESEARCH_GRADE,True,False,YAHOO_FINANCE_YFINANCE,FREE_PUBLIC_RESEARCH_GRADE,False,True,False,False,False,MB_20190118
2019-01-22,505,418,87,82.7723,LIMITED,71,347,0,-276,0.204611,16.985646,83.014354,1486.0,True,FREE_PUBLIC_RECONSTRUCTION,RESEARCH_GRADE,True,False,YAHOO_FINANCE_YFINANCE,FREE_PUBLIC_RESEARCH_GRADE,False,True,False,False,False,MB_20190122
2019-01-23,505,418,87,82.7723,LIMITED,206,210,2,-4,0.980952,49.282297,50.239234,1482.0,True,FREE_PUBLIC_RECONSTRUCTION,RESEARCH_GRADE,True,False,YAHOO_FINANCE_YFINANCE,FREE_PUBLIC_RESEARCH_GRADE,False,True,False,False,False,MB_20190123
2019-01-24,505,418,87,82.7723,LIMITED,267,151,0,116,1.768212,63.875598,36.124402,1598.0,True,FREE_PUBLIC_RECONSTRUCTION,RESEARCH_GRADE,True,False,YAHOO_FINANCE_YFINANCE,FREE_PUBLIC_RESEARCH_GRADE,False,True,False,False,False,MB_20190124
2019-01-25,505,418,87,82.7723,LIMITED,329,89,0,240,3.696629,78.708134,21.291866,1838.0,True,FREE_PUBLIC_RECONSTRUCTION,RESEARCH_GRADE,True,False,YAHOO_FINANCE_YFINANCE,FREE_PUBLIC_RESEARCH_GRADE,False,True,False,False,False,MB_20190125
2019-01-28,505,418,87,82.7723,LIMITED,147,270,1,-123,0.544444,35.167464,64.593301,1715.0,True,FREE_PUBLIC_RECONSTRUCTION,RESEARCH_GRADE,True,False,YAHOO_FINANCE_YFINANCE,FREE_PUBLIC_RESEARCH_GRADE,False,True,False,False,False,MB_20190128
2019-01-29,505,418,87,82.7723,LIMITED,229,186,3,43,1.231183,54.784689,44.497608,1758.0,True,FREE_PUBLIC_RECONSTRUCTION,RESEARCH_GRADE,True,False,YAHOO_FINANCE_YFINANCE,FREE_PUBLIC_RESEARCH_GRADE,False,True,False,False,False,MB_20190129
2019-01-30,505,418,87,82.7723,LIMITED,349,68,1,281,5.132353,83.492823,16.267943,2039.0,True,FREE_PUBLIC_RECONSTRUCTION,RESEARCH_GRADE,True,False,YAHOO_FINANCE_YFINANCE,FREE_PUBLIC_RESEARCH_GRADE,False,True,False,False,False,MB_20190130
2019-01-31,505,418,87,82.7723,LIMITED,288,129,1,159,2.232558,68.899522,30.861244,2198.0,True,FREE_PUBLIC_RECONSTRUCTION,RESEARCH_GRADE,True,False,YAHOO_FINANCE_YFINANCE,FREE_PUBLIC_RESEARCH_GRADE,False,True,False,False,False,MB_20190131
2019-02-01,505,418,87,82.7723,LIMITED,227,188,3,39,1.207447,54.30622,44.976077,2237.0,True,FREE_PUBLIC_RECONSTRUCTION,RESEARCH_GRADE,True,False,YAHOO_FINANCE_YFINANCE,FREE_PUBLIC_RESEARCH_GRADE,False,True,False,False,False,MB_20190201
2019-02-04,505,418,87,82.7723,LIMITED,300,114,4,186,2.631579,71.770335,27.272727,2423.0,True,FREE_PUBLIC_RECONSTRUCTION,RESEARCH_GRADE,True,False,YAHOO_FINANCE_YFINANCE,FREE_PUBLIC_RESEARCH_GRADE,False,True,False,False,False,MB_20190204
2019-02-05,505,418,87,82.7723,LIMITED,279,133,6,146,2.097744,66.746411,31.818182,2569.0,True,FREE_PUBLIC_RECONSTRUCTION,RESEARCH_GRADE,True,False,YAHOO_FINANCE_YFINANCE,FREE_PUBLIC_RESEARCH_GRADE,False,True,False,False,False,MB_20190205
2019-02-06,505,418,87,82.7723,LIMITED,178,237,3,-59,0.751055,42.583732,56.698565,2510.0,True,FREE_PUBLIC_RECONSTRUCTION,RESEARCH_GRADE,True,False,YAHOO_FINANCE_YFINANCE,FREE_PUBLIC_RESEARCH_GRADE,False,True,False,False,False,MB_20190206
2019-02-07,505,418,87,82.7723,LIMITED,141,276,1,-135,0.51087,33.732057,66.028708,2375.0,True,FREE_PUBLIC_RECONSTRUCTION,RESEARCH_GRADE,True,False,YAHOO_FINANCE_YFINANCE,FREE_PUBLIC_RESEARCH_GRADE,False,True,False,False,False,MB_20190207
2019-02-08,505,418,87,82.7723,LIMITED,237,180,1,57,1.316667,56.698565,43.062201,2432.0,True,FREE_PUBLIC_RECONSTRUCTION,RESEARCH_GRADE,True,False,YAHOO_FINANCE_YFINANCE,FREE_PUBLIC_RESEARCH_GRADE,False,True,False,False,False,MB_20190208
2019-02-11,505,418,87,82.7723,LIMITED,264,150,4,114,1.76,63.157895,35.885167,2546.0,True,FREE_PUBLIC_RECONSTRUCTION,RESEARCH_GRADE,True,False,YAHOO_FINANCE_YFINANCE,FREE_PUBLIC_RESEARCH_GRADE,False,True,False,False,False,MB_20190211
2019-02-12,505,418,87,82.7723,LIMITED,342,76,0,266,4.5,81.818182,18.181818,2812.0,True,FREE_PUBLIC_RECONSTRUCTION,RESEARCH_GRADE,True,False,YAHOO_FINANCE_YFINANCE,FREE_PUBLIC_RESEARCH_GRADE,False,True,False,False,False,MB_20190212
2019-02-13,505,418,87,82.7723,LIMITED,281,137,0,144,2.051095,67.22488,32.77512,2956.0,True,FREE_PUBLIC_RECONSTRUCTION,RESEARCH_GRADE,True,False,YAHOO_FINANCE_YFINANCE,FREE_PUBLIC_RESEARCH_GRADE,False,True,False,False,False,MB_20190213
2019-02-14,505,418,87,82.7723,LIMITED,152,262,4,-110,0.580153,36.363636,62.679426,2846.0,True,FREE_PUBLIC_RECONSTRUCTION,RESEARCH_GRADE,True,False,YAHOO_FINANCE_YFINANCE,FREE_PUBLIC_RESEARCH_GRADE,False,True,False,False,False,MB_20190214
2019-02-15,505,419,86,82.9703,LIMITED,360,59,0,301,6.101695,85.918854,14.081146,3147.0,True,FREE_PUBLIC_RECONSTRUCTION,RESEARCH_GRADE,True,False,YAHOO_FINANCE_YFINANCE,FREE_PUBLIC_RESEARCH_GRADE,False,True,False,False,False,MB_20190215
2019-02-19,505,419,86,82.9703,LIMITED,241,174,4,67,1.385057,57.5179,41.527446,3214.0,True,FREE_PUBLIC_RECONSTRUCTION,RESEARCH_GRADE,True,False,YAHOO_FINANCE_YFINANCE,FREE_PUBLIC_RESEARCH_GRADE,False,True,False,False,False,MB_20190219
2019-02-20,505,419,86,82.9703,LIMITED,264,150,5,114,1.76,63.00716,35.799523,3328.0,True,FREE_PUBLIC_RECONSTRUCTION,RESEARCH_GRADE,True,False,YAHOO_FINANCE_YFINANCE,FREE_PUBLIC_RESEARCH_GRADE,False,True,False,False,False,MB_20190220
2019-02-21,505,419,86,82.9703,LIMITED,167,251,1,-84,0.665339,39.856802,59.904535,3244.0,True,FREE_PUBLIC_RECONSTRUCTION,RESEARCH_GRADE,True,False,YAHOO_FINANCE_YFINANCE,FREE_PUBLIC_RESEARCH_GRADE,False,True,False,False,False,MB_20190221
2019-02-22,505,419,86,82.9703,LIMITED,323,94,2,229,3.43617,77.088305,22.434368,3473.0,True,FREE_PUBLIC_RECONSTRUCTION,RESEARCH_GRADE,True,False,YAHOO_FINANCE_YFINANCE,FREE_PUBLIC_RESEARCH_GRADE,False,True,False,False,False,MB_20190222
2019-02-25,505,419,86,82.9703,LIMITED,196,221,2,-25,0.886878,46.778043,52.74463,3448.0,True,FREE_PUBLIC_RECONSTRUCTION,RESEARCH_GRADE,True,False,YAHOO_FINANCE_YFINANCE,FREE_PUBLIC_RESEARCH_GRADE,False,True,False,False,False,MB_20190225
2019-02-26,505,419,86,82.9703,LIMITED,166,247,6,-81,0.672065,39.618138,58.949881,3367.0,True,FREE_PUBLIC_RECONSTRUCTION,RESEARCH_GRADE,True,False,YAHOO_FINANCE_YFINANCE,FREE_PUBLIC_RESEARCH_GRADE,False,True,False,False,False,MB_20190226
2019-02-27,505,419,86,82.9703,LIMITED,223,188,8,35,1.18617,53.221957,44.868735,3402.0,True,FREE_PUBLIC_RECONSTRUCTION,RESEARCH_GRADE,True,False,YAHOO_FINANCE_YFINANCE,FREE_PUBLIC_RESEARCH_GRADE,False,True,False,False,False,MB_20190227
2019-02-28,505,419,86,82.9703,LIMITED,202,214,3,-12,0.943925,48.210024,51.073986,3390.0,True,FREE_PUBLIC_RECONSTRUCTION,RESEARCH_GRADE,True,False,YAHOO_FINANCE_YFINANCE,FREE_PUBLIC_RESEARCH_GRADE,False,True,False,False,False,MB_20190228
2019-03-01,505,419,86,82.9703,LIMITED,299,118,2,181,2.533898,71.360382,28.162291,3571.0,True,FREE_PUBLIC_RECONSTRUCTION,RESEARCH_GRADE,True,False,YAHOO_FINANCE_YFINANCE,FREE_PUBLIC_RESEARCH_GRADE,False,True,False,False,False,MB_20190301
2019-03-04,505,419,86,82.9703,LIMITED,141,276,2,-135,0.51087,33.651551,65.871122,3436.0,True,FREE_PUBLIC_RECONSTRUCTION,RESEARCH_GRADE,True,False,YAHOO_FINANCE_YFINANCE,FREE_PUBLIC_RESEARCH_GRADE,False,True,False,False,False,MB_20190304
2019-03-05,505,419,86,82.9703,LIMITED,145,272,2,-127,0.533088,34.606205,64.916468,3309.0,True,FREE_PUBLIC_RECONSTRUCTION,RESEARCH_GRADE,True,False,YAHOO_FINANCE_YFINANCE,FREE_PUBLIC_RESEARCH_GRADE,False,True,False,False,False,MB_20190305
2019-03-06,505,419,86,82.9703,LIMITED,85,332,2,-247,0.256024,20.286396,79.236277,3062.0,True,FREE_PUBLIC_RECONSTRUCTION,RESEARCH_GRADE,True,False,YAHOO_FINANCE_YFINANCE,FREE_PUBLIC_RESEARCH_GRADE,False,True,False,False,False,MB_20190306
2019-03-07,505,419,86,82.9703,LIMITED,85,333,1,-248,0.255255,20.286396,79.47494,2814.0,True,FREE_PUBLIC_RECONSTRUCTION,RESEARCH_GRADE,True,False,YAHOO_FINANCE_YFINANCE,FREE_PUBLIC_RESEARCH_GRADE,False,True,False,False,False,MB_20190307
2019-03-08,505,419,86,82.9703,LIMITED,168,249,2,-81,0.674699,40.095465,59.427208,2733.0,True,FREE_PUBLIC_RECONSTRUCTION,RESEARCH_GRADE,True,False,YAHOO_FINANCE_YFINANCE,FREE_PUBLIC_RESEARCH_GRADE,False,True,False,False,False,MB_20190308
2019-03-11,505,419,86,82.9703,LIMITED,393,25,1,368,15.72,93.794749,5.966587,3101.0,True,FREE_PUBLIC_RECONSTRUCTION,RESEARCH_GRADE,True,False,YAHOO_FINANCE_YFINANCE,FREE_PUBLIC_RESEARCH_GRADE,False,True,False,False,False,MB_20190311
2019-03-12,505,419,86,82.9703,LIMITED,282,128,9,154,2.203125,67.303103,30.548926,3255.0,True,FREE_PUBLIC_RECONSTRUCTION,RESEARCH_GRADE,True,False,YAHOO_FINANCE_YFINANCE,FREE_PUBLIC_RESEARCH_GRADE,False,True,False,False,False,MB_20190312
2019-03-13,505,420,85,83.1683,LIMITED,341,76,3,265,4.486842,81.190476,18.095238,3520.0,True,FREE_PUBLIC_RECONSTRUCTION,RESEARCH_GRADE,True,False,YAHOO_FINANCE_YFINANCE,FREE_PUBLIC_RESEARCH_GRADE,False,True,False,False,False,MB_20190313
2019-03-14,505,421,84,83.3663,LIMITED,189,226,6,-37,0.836283,44.893112,53.68171,3483.0,True,FREE_PUBLIC_RECONSTRUCTION,RESEARCH_GRADE,True,False,YAHOO_FINANCE_YFINANCE,FREE_PUBLIC_RESEARCH_GRADE,False,True,False,False,False,MB_20190314
2019-03-15,505,421,84,83.3663,LIMITED,275,142,4,133,1.93662,65.320665,33.729216,3616.0,True,FREE_PUBLIC_RECONSTRUCTION,RESEARCH_GRADE,True,False,YAHOO_FINANCE_YFINANCE,FREE_PUBLIC_RESEARCH_GRADE,False,True,False,False,False,MB_20190315
2019-03-18,505,421,84,83.3663,LIMITED,271,149,1,122,1.818792,64.370546,35.391924,3738.0,True,FREE_PUBLIC_RECONSTRUCTION,RESEARCH_GRADE,True,False,YAHOO_FINANCE_YFINANCE,FREE_PUBLIC_RESEARCH_GRADE,False,True,False,False,False,MB_20190318
2019-03-19,505,421,84,83.3663,LIMITED,161,258,2,-97,0.624031,38.24228,61.28266,3641.0,True,FREE_PUBLIC_RECONSTRUCTION,RESEARCH_GRADE,True,False,YAHOO_FINANCE_YFINANCE,FREE_PUBLIC_RESEARCH_GRADE,False,True,False,False,False,MB_20190319
2019-03-20,505,421,84,83.3663,LIMITED,131,289,1,-158,0.453287,31.11639,68.646081,3483.0,True,FREE_PUBLIC_RECONSTRUCTION,RESEARCH_GRADE,True,False,YAHOO_FINANCE_YFINANCE,FREE_PUBLIC_RESEARCH_GRADE,False,True,False,False,False,MB_20190320
2019-03-21,505,421,84,83.3663,LIMITED,379,42,0,337,9.02381,90.023753,9.976247,3820.0,True,FREE_PUBLIC_RECONSTRUCTION,RESEARCH_GRADE,True,False,YAHOO_FINANCE_YFINANCE,FREE_PUBLIC_RESEARCH_GRADE,False,True,False,False,False,MB_20190321
2019-03-22,505,421,84,83.3663,LIMITED,65,356,0,-291,0.182584,15.43943,84.56057,3529.0,True,FREE_PUBLIC_RECONSTRUCTION,RESEARCH_GRADE,True,False,YAHOO_FINANCE_YFINANCE,FREE_PUBLIC_RESEARCH_GRADE,False,True,False,False,False,MB_20190322
2019-03-25,505,421,84,83.3663,LIMITED,216,195,10,21,1.107692,51.306413,46.31829,3550.0,True,FREE_PUBLIC_RECONSTRUCTION,RESEARCH_GRADE,True,False,YAHOO_FINANCE_YFINANCE,FREE_PUBLIC_RESEARCH_GRADE,False,True,False,False,False,MB_20190325
2019-03-26,505,421,84,83.3663,LIMITED,360,59,2,301,6.101695,85.510689,14.014252,3851.0,True,FREE_PUBLIC_RECONSTRUCTION,RESEARCH_GRADE,True,False,YAHOO_FINANCE_YFINANCE,FREE_PUBLIC_RESEARCH_GRADE,False,True,False,False,False,MB_20190326
2019-03-27,505,421,84,83.3663,LIMITED,133,283,5,-150,0.469965,31.591449,67.220903,3701.0,True,FREE_PUBLIC_RECONSTRUCTION,RESEARCH_GRADE,True,False,YAHOO_FINANCE_YFINANCE,FREE_PUBLIC_RESEARCH_GRADE,False,True,False,False,False,MB_20190327
2019-03-28,505,421,84,83.3663,LIMITED,311,106,4,205,2.933962,73.871734,25.178147,3906.0,True,FREE_PUBLIC_RECONSTRUCTION,RESEARCH_GRADE,True,False,YAHOO_FINANCE_YFINANCE,FREE_PUBLIC_RESEARCH_GRADE,False,True,False,False,False,MB_20190328
2019-03-29,505,421,84,83.3663,LIMITED,325,92,4,233,3.532609,77.19715,21.852732,4139.0,True,FREE_PUBLIC_RECONSTRUCTION,RESEARCH_GRADE,True,False,YAHOO_FINANCE_YFINANCE,FREE_PUBLIC_RESEARCH_GRADE,False,True,False,False,False,MB_20190329
2019-04-01,505,421,84,83.3663,LIMITED,320,98,3,222,3.265306,76.009501,23.27791,4361.0,True,FREE_PUBLIC_RECONSTRUCTION,RESEARCH_GRADE,True,False,YAHOO_FINANCE_YFINANCE,FREE_PUBLIC_RESEARCH_GRADE,False,True,False,False,False,MB_20190401
2019-04-02,505,421,84,83.3663,LIMITED,204,216,1,-12,0.944444,48.456057,51.306413,4349.0,True,FREE_PUBLIC_RECONSTRUCTION,RESEARCH_GRADE,True,False,YAHOO_FINANCE_YFINANCE,FREE_PUBLIC_RESEARCH_GRADE,False,True,False,False,False,MB_20190402
2019-04-03,505,421,84,83.3663,LIMITED,265,152,4,113,1.743421,62.945368,36.104513,4462.0,True,FREE_PUBLIC_RECONSTRUCTION,RESEARCH_GRADE,True,False,YAHOO_FINANCE_YFINANCE,FREE_PUBLIC_RESEARCH_GRADE,False,True,False,False,False,MB_20190403
2019-04-04,505,421,84,83.3663,LIMITED,250,170,1,80,1.470588,59.382423,40.380048,4542.0,True,FREE_PUBLIC_RECONSTRUCTION,RESEARCH_GRADE,True,False,YAHOO_FINANCE_YFINANCE,FREE_PUBLIC_RESEARCH_GRADE,False,True,False,False,False,MB_20190404
2019-04-05,505,421,84,83.3663,LIMITED,331,87,3,244,3.804598,78.622328,20.665083,4786.0,True,FREE_PUBLIC_RECONSTRUCTION,RESEARCH_GRADE,True,False,YAHOO_FINANCE_YFINANCE,FREE_PUBLIC_RESEARCH_GRADE,False,True,False,False,False,MB_20190405
2019-04-08,505,421,84,83.3663,LIMITED,219,201,1,18,1.089552,52.019002,47.743468,4804.0,True,FREE_PUBLIC_RECONSTRUCTION,RESEARCH_GRADE,True,False,YAHOO_FINANCE_YFINANCE,FREE_PUBLIC_RESEARCH_GRADE,False,True,False,False,False,MB_20190408
2019-04-09,505,421,84,83.3663,LIMITED,87,332,2,-245,0.262048,20.665083,78.859857,4559.0,True,FREE_PUBLIC_RECONSTRUCTION,RESEARCH_GRADE,True,False,YAHOO_FINANCE_YFINANCE,FREE_PUBLIC_RESEARCH_GRADE,False,True,False,False,False,MB_20190409
2019-04-10,505,421,84,83.3663,LIMITED,300,118,3,182,2.542373,71.258907,28.028504,4741.0,True,FREE_PUBLIC_RECONSTRUCTION,RESEARCH_GRADE,True,False,YAHOO_FINANCE_YFINANCE,FREE_PUBLIC_RESEARCH_GRADE,False,True,False,False,False,MB_20190410
2019-04-11,505,421,84,83.3663,LIMITED,263,151,7,112,1.741722,62.470309,35.866983,4853.0,True,FREE_PUBLIC_RECONSTRUCTION,RESEARCH_GRADE,True,False,YAHOO_FINANCE_YFINANCE,FREE_PUBLIC_RESEARCH_GRADE,False,True,False,False,False,MB_20190411
2019-04-12,505,421,84,83.3663,LIMITED,324,96,1,228,3.375,76.95962,22.80285,5081.0,True,FREE_PUBLIC_RECONSTRUCTION,RESEARCH_GRADE,True,False,YAHOO_FINANCE_YFINANCE,FREE_PUBLIC_RESEARCH_GRADE,False,True,False,False,False,MB_20190412
2019-04-15,505,421,84,83.3663,LIMITED,167,252,2,-85,0.662698,39.667458,59.857482,4996.0,True,FREE_PUBLIC_RECONSTRUCTION,RESEARCH_GRADE,True,False,YAHOO_FINANCE_YFINANCE,FREE_PUBLIC_RESEARCH_GRADE,False,True,False,False,False,MB_20190415
2019-04-16,505,421,84,83.3663,LIMITED,227,193,1,34,1.176166,53.91924,45.84323,5030.0,True,FREE_PUBLIC_RECONSTRUCTION,RESEARCH_GRADE,True,False,YAHOO_FINANCE_YFINANCE,FREE_PUBLIC_RESEARCH_GRADE,False,True,False,False,False,MB_20190416
2019-04-17,505,421,84,83.3663,LIMITED,165,253,3,-88,0.652174,39.192399,60.095012,4942.0,True,FREE_PUBLIC_RECONSTRUCTION,RESEARCH_GRADE,True,False,YAHOO_FINANCE_YFINANCE,FREE_PUBLIC_RESEARCH_GRADE,False,True,False,False,False,MB_20190417
2019-04-18,505,421,84,83.3663,LIMITED,248,171,2,77,1.450292,58.907363,40.617577,5019.0,True,FREE_PUBLIC_RECONSTRUCTION,RESEARCH_GRADE,True,False,YAHOO_FINANCE_YFINANCE,FREE_PUBLIC_RESEARCH_GRADE,False,True,False,False,False,MB_20190418
2019-04-22,505,421,84,83.3663,LIMITED,157,262,2,-105,0.599237,37.292162,62.232779,4914.0,True,FREE_PUBLIC_RECONSTRUCTION,RESEARCH_GRADE,True,False,YAHOO_FINANCE_YFINANCE,FREE_PUBLIC_RESEARCH_GRADE,False,True,False,False,False,MB_20190422
2019-04-23,505,421,84,83.3663,LIMITED,346,72,3,274,4.805556,82.185273,17.102138,5188.0,True,FREE_PUBLIC_RECONSTRUCTION,RESEARCH_GRADE,True,False,YAHOO_FINANCE_YFINANCE,FREE_PUBLIC_RESEARCH_GRADE,False,True,False,False,False,MB_20190423
2019-04-24,505,421,84,83.3663,LIMITED,215,203,3,12,1.059113,51.068884,48.218527,5200.0,True,FREE_PUBLIC_RECONSTRUCTION,RESEARCH_GRADE,True,False,YAHOO_FINANCE_YFINANCE,FREE_PUBLIC_RESEARCH_GRADE,False,True,False,False,False,MB_20190424
2019-04-25,505,421,84,83.3663,LIMITED,162,259,0,-97,0.625483,38.47981,61.52019,5103.0,True,FREE_PUBLIC_RECONSTRUCTION,RESEARCH_GRADE,True,False,YAHOO_FINANCE_YFINANCE,FREE_PUBLIC_RESEARCH_GRADE,False,True,False,False,False,MB_20190425
2019-04-26,505,421,84,83.3663,LIMITED,314,104,3,210,3.019231,74.584323,24.703088,5313.0,True,FREE_PUBLIC_RECONSTRUCTION,RESEARCH_GRADE,True,False,YAHOO_FINANCE_YFINANCE,FREE_PUBLIC_RESEARCH_GRADE,False,True,False,False,False,MB_20190426
2019-04-29,505,421,84,83.3663,LIMITED,193,228,0,-35,0.846491,45.84323,54.15677,5278.0,True,FREE_PUBLIC_RECONSTRUCTION,RESEARCH_GRADE,True,False,YAHOO_FINANCE_YFINANCE,FREE_PUBLIC_RESEARCH_GRADE,False,True,False,False,False,MB_20190429
2019-04-30,505,421,84,83.3663,LIMITED,276,145,0,131,1.903448,65.558195,34.441805,5409.0,True,FREE_PUBLIC_RECONSTRUCTION,RESEARCH_GRADE,True,False,YAHOO_FINANCE_YFINANCE,FREE_PUBLIC_RESEARCH_GRADE,False,True,False,False,False,MB_20190430
2019-05-01,505,421,84,83.3663,LIMITED,65,355,1,-290,0.183099,15.43943,84.32304,5119.0,True,FREE_PUBLIC_RECONSTRUCTION,RESEARCH_GRADE,True,False,YAHOO_FINANCE_YFINANCE,FREE_PUBLIC_RESEARCH_GRADE,False,True,False,False,False,MB_20190501
2019-05-02,505,421,84,83.3663,LIMITED,239,181,1,58,1.320442,56.769596,42.992874,5177.0,True,FREE_PUBLIC_RECONSTRUCTION,RESEARCH_GRADE,True,False,YAHOO_FINANCE_YFINANCE,FREE_PUBLIC_RESEARCH_GRADE,False,True,False,False,False,MB_20190502
2019-05-03,505,421,84,83.3663,LIMITED,347,71,3,276,4.887324,82.422803,16.864608,5453.0,True,FREE_PUBLIC_RECONSTRUCTION,RESEARCH_GRADE,True,False,YAHOO_FINANCE_YFINANCE,FREE_PUBLIC_RESEARCH_GRADE,False,True,False,False,False,MB_20190503
2019-05-06,505,421,84,83.3663,LIMITED,111,306,4,-195,0.362745,26.365796,72.684086,5258.0,True,FREE_PUBLIC_RECONSTRUCTION,RESEARCH_GRADE,True,False,YAHOO_FINANCE_YFINANCE,FREE_PUBLIC_RESEARCH_GRADE,False,True,False,False,False,MB_20190506
2019-05-07,505,421,84,83.3663,LIMITED,30,391,0,-361,0.076726,7.125891,92.874109,4897.0,True,FREE_PUBLIC_RECONSTRUCTION,RESEARCH_GRADE,True,False,YAHOO_FINANCE_YFINANCE,FREE_PUBLIC_RESEARCH_GRADE,False,True,False,False,False,MB_20190507
2019-05-08,505,421,84,83.3663,LIMITED,175,243,3,-68,0.720165,41.567696,57.719715,4829.0,True,FREE_PUBLIC_RECONSTRUCTION,RESEARCH_GRADE,True,False,YAHOO_FINANCE_YFINANCE,FREE_PUBLIC_RESEARCH_GRADE,False,True,False,False,False,MB_20190508
2019-05-09,505,421,84,83.3663,LIMITED,194,221,6,-27,0.877828,46.08076,52.494062,4802.0,True,FREE_PUBLIC_RECONSTRUCTION,RESEARCH_GRADE,True,False,YAHOO_FINANCE_YFINANCE,FREE_PUBLIC_RESEARCH_GRADE,False,True,False,False,False,MB_20190509
2019-05-10,505,421,84,83.3663,LIMITED,296,124,1,172,2.387097,70.308789,29.453682,4974.0,True,FREE_PUBLIC_RECONSTRUCTION,RESEARCH_GRADE,True,False,YAHOO_FINANCE_YFINANCE,FREE_PUBLIC_RESEARCH_GRADE,False,True,False,False,False,MB_20190510
2019-05-13,505,421,84,83.3663,LIMITED,45,375,1,-330,0.12,10.688836,89.073634,4644.0,True,FREE_PUBLIC_RECONSTRUCTION,RESEARCH_GRADE,True,False,YAHOO_FINANCE_YFINANCE,FREE_PUBLIC_RESEARCH_GRADE,False,True,False,False,False,MB_20190513
2019-05-14,505,421,84,83.3663,LIMITED,335,85,1,250,3.941176,79.572447,20.190024,4894.0,True,FREE_PUBLIC_RECONSTRUCTION,RESEARCH_GRADE,True,False,YAHOO_FINANCE_YFINANCE,FREE_PUBLIC_RESEARCH_GRADE,False,True,False,False,False,MB_20190514
2019-05-15,505,421,84,83.3663,LIMITED,275,144,2,131,1.909722,65.320665,34.204276,5025.0,True,FREE_PUBLIC_RECONSTRUCTION,RESEARCH_GRADE,True,False,YAHOO_FINANCE_YFINANCE,FREE_PUBLIC_RESEARCH_GRADE,False,True,False,False,False,MB_20190515
2019-05-16,505,421,84,83.3663,LIMITED,331,90,0,241,3.677778,78.622328,21.377672,5266.0,True,FREE_PUBLIC_RECONSTRUCTION,RESEARCH_GRADE,True,False,YAHOO_FINANCE_YFINANCE,FREE_PUBLIC_RESEARCH_GRADE,False,True,False,False,False,MB_20190516
2019-05-17,505,421,84,83.3663,LIMITED,119,301,1,-182,0.395349,28.266033,71.496437,5084.0,True,FREE_PUBLIC_RECONSTRUCTION,RESEARCH_GRADE,True,False,YAHOO_FINANCE_YFINANCE,FREE_PUBLIC_RESEARCH_GRADE,False,True,False,False,False,MB_20190517
2019-05-20,505,421,84,83.3663,LIMITED,139,277,5,-138,0.501805,33.016627,65.795724,4946.0,True,FREE_PUBLIC_RECONSTRUCTION,RESEARCH_GRADE,True,False,YAHOO_FINANCE_YFINANCE,FREE_PUBLIC_RESEARCH_GRADE,False,True,False,False,False,MB_20190520
2019-05-21,505,421,84,83.3663,LIMITED,366,53,2,313,6.90566,86.935867,12.589074,5259.0,True,FREE_PUBLIC_RECONSTRUCTION,RESEARCH_GRADE,True,False,YAHOO_FINANCE_YFINANCE,FREE_PUBLIC_RESEARCH_GRADE,False,True,False,False,False,MB_20190521
2019-05-22,505,421,84,83.3663,LIMITED,168,248,5,-80,0.677419,39.904988,58.907363,5179.0,True,FREE_PUBLIC_RECONSTRUCTION,RESEARCH_GRADE,True,False,YAHOO_FINANCE_YFINANCE,FREE_PUBLIC_RESEARCH_GRADE,False,True,False,False,False,MB_20190522
2019-05-23,505,421,84,83.3663,LIMITED,93,327,1,-234,0.284404,22.090261,77.672209,4945.0,True,FREE_PUBLIC_RECONSTRUCTION,RESEARCH_GRADE,True,False,YAHOO_FINANCE_YFINANCE,FREE_PUBLIC_RESEARCH_GRADE,False,True,False,False,False,MB_20190523
2019-05-24,505,421,84,83.3663,LIMITED,245,173,3,72,1.416185,58.194774,41.092637,5017.0,True,FREE_PUBLIC_RECONSTRUCTION,RESEARCH_GRADE,True,False,YAHOO_FINANCE_YFINANCE,FREE_PUBLIC_RESEARCH_GRADE,False,True,False,False,False,MB_20190524
2019-05-28,505,421,84,83.3663,LIMITED,54,364,3,-310,0.148352,12.826603,86.460808,4707.0,True,FREE_PUBLIC_RECONSTRUCTION,RESEARCH_GRADE,True,False,YAHOO_FINANCE_YFINANCE,FREE_PUBLIC_RESEARCH_GRADE,False,True,False,False,False,MB_20190528
2019-05-29,505,421,84,83.3663,LIMITED,112,309,0,-197,0.36246,26.603325,73.396675,4510.0,True,FREE_PUBLIC_RECONSTRUCTION,RESEARCH_GRADE,True,False,YAHOO_FINANCE_YFINANCE,FREE_PUBLIC_RESEARCH_GRADE,False,True,False,False,False,MB_20190529
2019-05-30,505,421,84,83.3663,LIMITED,250,167,4,83,1.497006,59.382423,39.667458,4593.0,True,FREE_PUBLIC_RECONSTRUCTION,RESEARCH_GRADE,True,False,YAHOO_FINANCE_YFINANCE,FREE_PUBLIC_RESEARCH_GRADE,False,True,False,False,False,MB_20190530
2019-05-31,505,421,84,83.3663,LIMITED,93,325,3,-232,0.286154,22.090261,77.19715,4361.0,True,FREE_PUBLIC_RECONSTRUCTION,RESEARCH_GRADE,True,False,YAHOO_FINANCE_YFINANCE,FREE_PUBLIC_RESEARCH_GRADE,False,True,False,False,False,MB_20190531
2019-06-03,505,423,82,83.7624,LIMITED,311,112,0,199,2.776786,73.522459,26.477541,4560.0,True,FREE_PUBLIC_RECONSTRUCTION,RESEARCH_GRADE,True,False,YAHOO_FINANCE_YFINANCE,FREE_PUBLIC_RESEARCH_GRADE,False,True,False,False,False,MB_20190603
2019-06-04,505,423,82,83.7624,LIMITED,375,47,1,328,7.978723,88.652482,11.111111,4888.0,True,FREE_PUBLIC_RECONSTRUCTION,RESEARCH_GRADE,True,False,YAHOO_FINANCE_YFINANCE,FREE_PUBLIC_RESEARCH_GRADE,False,True,False,False,False,MB_20190604
2019-06-05,505,423,82,83.7624,LIMITED,306,114,3,192,2.684211,72.340426,26.950355,5080.0,True,FREE_PUBLIC_RECONSTRUCTION,RESEARCH_GRADE,True,False,YAHOO_FINANCE_YFINANCE,FREE_PUBLIC_RESEARCH_GRADE,False,True,False,False,False,MB_20190605
2019-06-06,505,423,82,83.7624,LIMITED,289,134,0,155,2.156716,68.321513,31.678487,5235.0,True,FREE_PUBLIC_RECONSTRUCTION,RESEARCH_GRADE,True,False,YAHOO_FINANCE_YFINANCE,FREE_PUBLIC_RESEARCH_GRADE,False,True,False,False,False,MB_20190606
2019-06-07,505,423,82,83.7624,LIMITED,320,101,2,219,3.168317,75.650118,23.877069,5454.0,True,FREE_PUBLIC_RECONSTRUCTION,RESEARCH_GRADE,True,False,YAHOO_FINANCE_YFINANCE,FREE_PUBLIC_RESEARCH_GRADE,False,True,False,False,False,MB_20190607
2019-06-10,505,423,82,83.7624,LIMITED,268,153,2,115,1.751634,63.356974,36.170213,5569.0,True,FREE_PUBLIC_RECONSTRUCTION,RESEARCH_GRADE,True,False,YAHOO_FINANCE_YFINANCE,FREE_PUBLIC_RESEARCH_GRADE,False,True,False,False,False,MB_20190610
2019-06-11,505,423,82,83.7624,LIMITED,188,233,2,-45,0.806867,44.444444,55.082742,5524.0,True,FREE_PUBLIC_RECONSTRUCTION,RESEARCH_GRADE,True,False,YAHOO_FINANCE_YFINANCE,FREE_PUBLIC_RESEARCH_GRADE,False,True,False,False,False,MB_20190611
2019-06-12,505,423,82,83.7624,LIMITED,214,209,0,5,1.023923,50.591017,49.408983,5529.0,True,FREE_PUBLIC_RECONSTRUCTION,RESEARCH_GRADE,True,False,YAHOO_FINANCE_YFINANCE,FREE_PUBLIC_RESEARCH_GRADE,False,True,False,False,False,MB_20190612
2019-06-13,505,423,82,83.7624,LIMITED,306,114,3,192,2.684211,72.340426,26.950355,5721.0,True,FREE_PUBLIC_RECONSTRUCTION,RESEARCH_GRADE,True,False,YAHOO_FINANCE_YFINANCE,FREE_PUBLIC_RESEARCH_GRADE,False,True,False,False,False,MB_20190613
2019-06-14,505,423,82,83.7624,LIMITED,182,238,3,-56,0.764706,43.026005,56.264775,5665.0,True,FREE_PUBLIC_RECONSTRUCTION,RESEARCH_GRADE,True,False,YAHOO_FINANCE_YFINANCE,FREE_PUBLIC_RESEARCH_GRADE,False,True,False,False,False,MB_20190614
2019-06-17,505,423,82,83.7624,LIMITED,185,236,2,-51,0.783898,43.735225,55.791962,5614.0,True,FREE_PUBLIC_RECONSTRUCTION,RESEARCH_GRADE,True,False,YAHOO_FINANCE_YFINANCE,FREE_PUBLIC_RESEARCH_GRADE,False,True,False,False,False,MB_20190617
2019-06-18,505,423,82,83.7624,LIMITED,312,110,1,202,2.836364,73.758865,26.004728,5816.0,True,FREE_PUBLIC_RECONSTRUCTION,RESEARCH_GRADE,True,False,YAHOO_FINANCE_YFINANCE,FREE_PUBLIC_RESEARCH_GRADE,False,True,False,False,False,MB_20190618
2019-06-19,505,423,82,83.7624,LIMITED,287,135,1,152,2.125926,67.8487,31.914894,5968.0,True,FREE_PUBLIC_RECONSTRUCTION,RESEARCH_GRADE,True,False,YAHOO_FINANCE_YFINANCE,FREE_PUBLIC_RESEARCH_GRADE,False,True,False,False,False,MB_20190619
2019-06-20,505,423,82,83.7624,LIMITED,353,68,2,285,5.191176,83.451537,16.07565,6253.0,True,FREE_PUBLIC_RECONSTRUCTION,RESEARCH_GRADE,True,False,YAHOO_FINANCE_YFINANCE,FREE_PUBLIC_RESEARCH_GRADE,False,True,False,False,False,MB_20190620
2019-06-21,505,423,82,83.7624,LIMITED,163,260,0,-97,0.626923,38.534279,61.465721,6156.0,True,FREE_PUBLIC_RECONSTRUCTION,RESEARCH_GRADE,True,False,YAHOO_FINANCE_YFINANCE,FREE_PUBLIC_RESEARCH_GRADE,False,True,False,False,False,MB_20190621
2019-06-24,505,423,82,83.7624,LIMITED,164,257,2,-93,0.638132,38.770686,60.756501,6063.0,True,FREE_PUBLIC_RECONSTRUCTION,RESEARCH_GRADE,True,False,YAHOO_FINANCE_YFINANCE,FREE_PUBLIC_RESEARCH_GRADE,False,True,False,False,False,MB_20190624
2019-06-25,505,423,82,83.7624,LIMITED,102,317,4,-215,0.321767,24.113475,74.940898,5848.0,True,FREE_PUBLIC_RECONSTRUCTION,RESEARCH_GRADE,True,False,YAHOO_FINANCE_YFINANCE,FREE_PUBLIC_RESEARCH_GRADE,False,True,False,False,False,MB_20190625
2019-06-26,505,423,82,83.7624,LIMITED,186,237,0,-51,0.78481,43.971631,56.028369,5797.0,True,FREE_PUBLIC_RECONSTRUCTION,RESEARCH_GRADE,True,False,YAHOO_FINANCE_YFINANCE,FREE_PUBLIC_RESEARCH_GRADE,False,True,False,False,False,MB_20190626
2019-06-27,505,423,82,83.7624,LIMITED,315,104,4,211,3.028846,74.468085,24.586288,6008.0,True,FREE_PUBLIC_RECONSTRUCTION,RESEARCH_GRADE,True,False,YAHOO_FINANCE_YFINANCE,FREE_PUBLIC_RESEARCH_GRADE,False,True,False,False,False,MB_20190627
2019-06-28,505,423,82,83.7624,LIMITED,347,70,6,277,4.957143,82.033097,16.548463,6285.0,True,FREE_PUBLIC_RECONSTRUCTION,RESEARCH_GRADE,True,False,YAHOO_FINANCE_YFINANCE,FREE_PUBLIC_RESEARCH_GRADE,False,True,False,False,False,MB_20190628
2019-07-01,505,424,81,83.9604,LIMITED,296,125,3,171,2.368,69.811321,29.481132,6456.0,True,FREE_PUBLIC_RECONSTRUCTION,RESEARCH_GRADE,True,False,YAHOO_FINANCE_YFINANCE,FREE_PUBLIC_RESEARCH_GRADE,False,True,False,False,False,MB_20190701
2019-07-02,505,424,81,83.9604,LIMITED,235,187,2,48,1.256684,55.424528,44.103774,6504.0,True,FREE_PUBLIC_RECONSTRUCTION,RESEARCH_GRADE,True,False,YAHOO_FINANCE_YFINANCE,FREE_PUBLIC_RESEARCH_GRADE,False,True,False,False,False,MB_20190702
2019-07-03,505,424,81,83.9604,LIMITED,367,56,1,311,6.553571,86.556604,13.207547,6815.0,True,FREE_PUBLIC_RECONSTRUCTION,RESEARCH_GRADE,True,False,YAHOO_FINANCE_YFINANCE,FREE_PUBLIC_RESEARCH_GRADE,False,True,False,False,False,MB_20190703
2019-07-05,505,424,81,83.9604,LIMITED,159,258,7,-99,0.616279,37.5,60.849057,6716.0,True,FREE_PUBLIC_RECONSTRUCTION,RESEARCH_GRADE,True,False,YAHOO_FINANCE_YFINANCE,FREE_PUBLIC_RESEARCH_GRADE,False,True,False,False,False,MB_20190705
2019-07-08,505,424,81,83.9604,LIMITED,118,303,3,-185,0.389439,27.830189,71.462264,6531.0,True,FREE_PUBLIC_RECONSTRUCTION,RESEARCH_GRADE,True,False,YAHOO_FINANCE_YFINANCE,FREE_PUBLIC_RESEARCH_GRADE,False,True,False,False,False,MB_20190708
2019-07-09,505,424,81,83.9604,LIMITED,214,205,5,9,1.043902,50.471698,48.349057,6540.0,True,FREE_PUBLIC_RECONSTRUCTION,RESEARCH_GRADE,True,False,YAHOO_FINANCE_YFINANCE,FREE_PUBLIC_RESEARCH_GRADE,False,True,False,False,False,MB_20190709
2019-07-10,505,424,81,83.9604,LIMITED,235,186,3,49,1.263441,55.424528,43.867925,6589.0,True,FREE_PUBLIC_RECONSTRUCTION,RESEARCH_GRADE,True,False,YAHOO_FINANCE_YFINANCE,FREE_PUBLIC_RESEARCH_GRADE,False,True,False,False,False,MB_20190710
2019-07-11,505,424,81,83.9604,LIMITED,258,164,2,94,1.573171,60.849057,38.679245,6683.0,True,FREE_PUBLIC_RECONSTRUCTION,RESEARCH_GRADE,True,False,YAHOO_FINANCE_YFINANCE,FREE_PUBLIC_RESEARCH_GRADE,False,True,False,False,False,MB_20190711
2019-07-12,505,424,81,83.9604,LIMITED,314,108,2,206,2.907407,74.056604,25.471698,6889.0,True,FREE_PUBLIC_RECONSTRUCTION,RESEARCH_GRADE,True,False,YAHOO_FINANCE_YFINANCE,FREE_PUBLIC_RESEARCH_GRADE,False,True,False,False,False,MB_20190712
2019-07-15,505,425,80,84.1584,LIMITED,222,199,4,23,1.115578,52.235294,46.823529,6912.0,True,FREE_PUBLIC_RECONSTRUCTION,RESEARCH_GRADE,True,False,YAHOO_FINANCE_YFINANCE,FREE_PUBLIC_RESEARCH_GRADE,False,True,False,False,False,MB_20190715
2019-07-16,505,425,80,84.1584,LIMITED,186,237,2,-51,0.78481,43.764706,55.764706,6861.0,True,FREE_PUBLIC_RECONSTRUCTION,RESEARCH_GRADE,True,False,YAHOO_FINANCE_YFINANCE,FREE_PUBLIC_RESEARCH_GRADE,False,True,False,False,False,MB_20190716
2019-07-17,505,425,80,84.1584,LIMITED,123,300,2,-177,0.41,28.941176,70.588235,6684.0,True,FREE_PUBLIC_RECONSTRUCTION,RESEARCH_GRADE,True,False,YAHOO_FINANCE_YFINANCE,FREE_PUBLIC_RESEARCH_GRADE,False,True,False,False,False,MB_20190717
2019-07-18,505,425,80,84.1584,LIMITED,294,129,2,165,2.27907,69.176471,30.352941,6849.0,True,FREE_PUBLIC_RECONSTRUCTION,RESEARCH_GRADE,True,False,YAHOO_FINANCE_YFINANCE,FREE_PUBLIC_RESEARCH_GRADE,False,True,False,False,False,MB_20190718
2019-07-19,505,425,80,84.1584,LIMITED,122,302,1,-180,0.403974,28.705882,71.058824,6669.0,True,FREE_PUBLIC_RECONSTRUCTION,RESEARCH_GRADE,True,False,YAHOO_FINANCE_YFINANCE,FREE_PUBLIC_RESEARCH_GRADE,False,True,False,False,False,MB_20190719
2019-07-22,505,425,80,84.1584,LIMITED,208,211,6,-3,0.985782,48.941176,49.647059,6666.0,True,FREE_PUBLIC_RECONSTRUCTION,RESEARCH_GRADE,True,False,YAHOO_FINANCE_YFINANCE,FREE_PUBLIC_RESEARCH_GRADE,False,True,False,False,False,MB_20190722
2019-07-23,505,425,80,84.1584,LIMITED,320,103,2,217,3.106796,75.294118,24.235294,6883.0,True,FREE_PUBLIC_RECONSTRUCTION,RESEARCH_GRADE,True,False,YAHOO_FINANCE_YFINANCE,FREE_PUBLIC_RESEARCH_GRADE,False,True,False,False,False,MB_20190723
2019-07-24,505,425,80,84.1584,LIMITED,291,130,4,161,2.238462,68.470588,30.588235,7044.0,True,FREE_PUBLIC_RECONSTRUCTION,RESEARCH_GRADE,True,False,YAHOO_FINANCE_YFINANCE,FREE_PUBLIC_RESEARCH_GRADE,False,True,False,False,False,MB_20190724
2019-07-25,505,425,80,84.1584,LIMITED,123,300,2,-177,0.41,28.941176,70.588235,6867.0,True,FREE_PUBLIC_RECONSTRUCTION,RESEARCH_GRADE,True,False,YAHOO_FINANCE_YFINANCE,FREE_PUBLIC_RESEARCH_GRADE,False,True,False,False,False,MB_20190725
2019-07-26,505,425,80,84.1584,LIMITED,294,125,6,169,2.352,69.176471,29.411765,7036.0,True,FREE_PUBLIC_RECONSTRUCTION,RESEARCH_GRADE,True,False,YAHOO_FINANCE_YFINANCE,FREE_PUBLIC_RESEARCH_GRADE,False,True,False,False,False,MB_20190726
2019-07-29,505,425,80,84.1584,LIMITED,191,230,4,-39,0.830435,44.941176,54.117647,6997.0,True,FREE_PUBLIC_RECONSTRUCTION,RESEARCH_GRADE,True,False,YAHOO_FINANCE_YFINANCE,FREE_PUBLIC_RESEARCH_GRADE,False,True,False,False,False,MB_20190729
2019-07-30,505,425,80,84.1584,LIMITED,208,210,7,-2,0.990476,48.941176,49.411765,6995.0,True,FREE_PUBLIC_RECONSTRUCTION,RESEARCH_GRADE,True,False,YAHOO_FINANCE_YFINANCE,FREE_PUBLIC_RESEARCH_GRADE,False,True,False,False,False,MB_20190730
2019-07-31,505,425,80,84.1584,LIMITED,70,355,0,-285,0.197183,16.470588,83.529412,6710.0,True,FREE_PUBLIC_RECONSTRUCTION,RESEARCH_GRADE,True,False,YAHOO_FINANCE_YFINANCE,FREE_PUBLIC_RESEARCH_GRADE,False,True,False,False,False,MB_20190731
2019-08-01,505,425,80,84.1584,LIMITED,124,301,0,-177,0.41196,29.176471,70.823529,6533.0,True,FREE_PUBLIC_RECONSTRUCTION,RESEARCH_GRADE,True,False,YAHOO_FINANCE_YFINANCE,FREE_PUBLIC_RESEARCH_GRADE,False,True,False,False,False,MB_20190801
2019-08-02,505,425,80,84.1584,LIMITED,122,300,3,-178,0.406667,28.705882,70.588235,6355.0,True,FREE_PUBLIC_RECONSTRUCTION,RESEARCH_GRADE,True,False,YAHOO_FINANCE_YFINANCE,FREE_PUBLIC_RESEARCH_GRADE,False,True,False,False,False,MB_20190802
2019-08-05,505,425,80,84.1584,LIMITED,8,417,0,-409,0.019185,1.882353,98.117647,5946.0,True,FREE_PUBLIC_RECONSTRUCTION,RESEARCH_GRADE,True,False,YAHOO_FINANCE_YFINANCE,FREE_PUBLIC_RESEARCH_GRADE,False,True,False,False,False,MB_20190805
2019-08-06,505,425,80,84.1584,LIMITED,353,72,0,281,4.902778,83.058824,16.941176,6227.0,True,FREE_PUBLIC_RECONSTRUCTION,RESEARCH_GRADE,True,False,YAHOO_FINANCE_YFINANCE,FREE_PUBLIC_RESEARCH_GRADE,False,True,False,False,False,MB_20190806
2019-08-07,505,425,80,84.1584,LIMITED,244,180,1,64,1.355556,57.411765,42.352941,6291.0,True,FREE_PUBLIC_RECONSTRUCTION,RESEARCH_GRADE,True,False,YAHOO_FINANCE_YFINANCE,FREE_PUBLIC_RESEARCH_GRADE,False,True,False,False,False,MB_20190807
2019-08-08,505,426,79,84.3564,LIMITED,408,18,0,390,22.666667,95.774648,4.225352,6681.0,True,FREE_PUBLIC_RECONSTRUCTION,RESEARCH_GRADE,True,False,YAHOO_FINANCE_YFINANCE,FREE_PUBLIC_RESEARCH_GRADE,False,True,False,False,False,MB_20190808
2019-08-09,505,428,77,84.7525,LIMITED,114,306,8,-192,0.372549,26.635514,71.495327,6489.0,True,FREE_PUBLIC_RECONSTRUCTION,RESEARCH_GRADE,True,False,YAHOO_FINANCE_YFINANCE,FREE_PUBLIC_RESEARCH_GRADE,False,True,False,False,False,MB_20190809
2019-08-12,505,428,77,84.7525,LIMITED,58,368,2,-310,0.157609,13.551402,85.981308,6179.0,True,FREE_PUBLIC_RECONSTRUCTION,RESEARCH_GRADE,True,False,YAHOO_FINANCE_YFINANCE,FREE_PUBLIC_RESEARCH_GRADE,False,True,False,False,False,MB_20190812
2019-08-13,505,428,77,84.7525,LIMITED,374,53,1,321,7.056604,87.383178,12.383178,6500.0,True,FREE_PUBLIC_RECONSTRUCTION,RESEARCH_GRADE,True,False,YAHOO_FINANCE_YFINANCE,FREE_PUBLIC_RESEARCH_GRADE,False,True,False,False,False,MB_20190813
2019-08-14,505,428,77,84.7525,LIMITED,3,425,0,-422,0.007059,0.700935,99.299065,6078.0,True,FREE_PUBLIC_RECONSTRUCTION,RESEARCH_GRADE,True,False,YAHOO_FINANCE_YFINANCE,FREE_PUBLIC_RESEARCH_GRADE,False,True,False,False,False,MB_20190814
2019-08-15,505,428,77,84.7525,LIMITED,245,179,4,66,1.368715,57.242991,41.82243,6144.0,True,FREE_PUBLIC_RECONSTRUCTION,RESEARCH_GRADE,True,False,YAHOO_FINANCE_YFINANCE,FREE_PUBLIC_RESEARCH_GRADE,False,True,False,False,False,MB_20190815
2019-08-16,505,428,77,84.7525,LIMITED,403,25,0,378,16.12,94.158879,5.841121,6522.0,True,FREE_PUBLIC_RECONSTRUCTION,RESEARCH_GRADE,True,False,YAHOO_FINANCE_YFINANCE,FREE_PUBLIC_RESEARCH_GRADE,False,True,False,False,False,MB_20190816
2019-08-19,505,428,77,84.7525,LIMITED,402,25,1,377,16.08,93.925234,5.841121,6899.0,True,FREE_PUBLIC_RECONSTRUCTION,RESEARCH_GRADE,True,False,YAHOO_FINANCE_YFINANCE,FREE_PUBLIC_RESEARCH_GRADE,False,True,False,False,False,MB_20190819
2019-08-20,505,428,77,84.7525,LIMITED,60,367,1,-307,0.163488,14.018692,85.747664,6592.0,True,FREE_PUBLIC_RECONSTRUCTION,RESEARCH_GRADE,True,False,YAHOO_FINANCE_YFINANCE,FREE_PUBLIC_RESEARCH_GRADE,False,True,False,False,False,MB_20190820
2019-08-21,505,428,77,84.7525,LIMITED,369,57,2,312,6.473684,86.214953,13.317757,6904.0,True,FREE_PUBLIC_RECONSTRUCTION,RESEARCH_GRADE,True,False,YAHOO_FINANCE_YFINANCE,FREE_PUBLIC_RESEARCH_GRADE,False,True,False,False,False,MB_20190821
2019-08-22,505,428,77,84.7525,LIMITED,205,218,5,-13,0.940367,47.897196,50.934579,6891.0,True,FREE_PUBLIC_RECONSTRUCTION,RESEARCH_GRADE,True,False,YAHOO_FINANCE_YFINANCE,FREE_PUBLIC_RESEARCH_GRADE,False,True,False,False,False,MB_20190822
2019-08-23,505,428,77,84.7525,LIMITED,8,420,0,-412,0.019048,1.869159,98.130841,6479.0,True,FREE_PUBLIC_RECONSTRUCTION,RESEARCH_GRADE,True,False,YAHOO_FINANCE_YFINANCE,FREE_PUBLIC_RESEARCH_GRADE,False,True,False,False,False,MB_20190823
2019-08-26,505,428,77,84.7525,LIMITED,374,53,1,321,7.056604,87.383178,12.383178,6800.0,True,FREE_PUBLIC_RECONSTRUCTION,RESEARCH_GRADE,True,False,YAHOO_FINANCE_YFINANCE,FREE_PUBLIC_RESEARCH_GRADE,False,True,False,False,False,MB_20190826
2019-08-27,505,428,77,84.7525,LIMITED,140,288,0,-148,0.486111,32.71028,67.28972,6652.0,True,FREE_PUBLIC_RECONSTRUCTION,RESEARCH_GRADE,True,False,YAHOO_FINANCE_YFINANCE,FREE_PUBLIC_RESEARCH_GRADE,False,True,False,False,False,MB_20190827
2019-08-28,505,428,77,84.7525,LIMITED,354,70,4,284,5.057143,82.71028,16.35514,6936.0,True,FREE_PUBLIC_RECONSTRUCTION,RESEARCH_GRADE,True,False,YAHOO_FINANCE_YFINANCE,FREE_PUBLIC_RESEARCH_GRADE,False,True,False,False,False,MB_20190828
2019-08-29,505,428,77,84.7525,LIMITED,388,39,1,349,9.948718,90.654206,9.11215,7285.0,True,FREE_PUBLIC_RECONSTRUCTION,RESEARCH_GRADE,True,False,YAHOO_FINANCE_YFINANCE,FREE_PUBLIC_RESEARCH_GRADE,False,True,False,False,False,MB_20190829
2019-08-30,505,428,77,84.7525,LIMITED,268,156,4,112,1.717949,62.616822,36.448598,7397.0,True,FREE_PUBLIC_RECONSTRUCTION,RESEARCH_GRADE,True,False,YAHOO_FINANCE_YFINANCE,FREE_PUBLIC_RESEARCH_GRADE,False,True,False,False,False,MB_20190830
2019-09-03,505,428,77,84.7525,LIMITED,141,287,0,-146,0.491289,32.943925,67.056075,7251.0,True,FREE_PUBLIC_RECONSTRUCTION,RESEARCH_GRADE,True,False,YAHOO_FINANCE_YFINANCE,FREE_PUBLIC_RESEARCH_GRADE,False,True,False,False,False,MB_20190903
2019-09-04,505,428,77,84.7525,LIMITED,380,45,3,335,8.444444,88.785047,10.514019,7586.0,True,FREE_PUBLIC_RECONSTRUCTION,RESEARCH_GRADE,True,False,YAHOO_FINANCE_YFINANCE,FREE_PUBLIC_RESEARCH_GRADE,False,True,False,False,False,MB_20190904
2019-09-05,505,428,77,84.7525,LIMITED,336,92,0,244,3.652174,78.504673,21.495327,7830.0,True,FREE_PUBLIC_RECONSTRUCTION,RESEARCH_GRADE,True,False,YAHOO_FINANCE_YFINANCE,FREE_PUBLIC_RESEARCH_GRADE,False,True,False,False,False,MB_20190905
2019-09-06,505,428,77,84.7525,LIMITED,257,166,5,91,1.548193,60.046729,38.785047,7921.0,True,FREE_PUBLIC_RECONSTRUCTION,RESEARCH_GRADE,True,False,YAHOO_FINANCE_YFINANCE,FREE_PUBLIC_RESEARCH_GRADE,False,True,False,False,False,MB_20190906
2019-09-09,505,428,77,84.7525,LIMITED,243,183,2,60,1.327869,56.775701,42.757009,7981.0,True,FREE_PUBLIC_RECONSTRUCTION,RESEARCH_GRADE,True,False,YAHOO_FINANCE_YFINANCE,FREE_PUBLIC_RESEARCH_GRADE,False,True,False,False,False,MB_20190909
2019-09-10,505,428,77,84.7525,LIMITED,263,162,3,101,1.623457,61.448598,37.850467,8082.0,True,FREE_PUBLIC_RECONSTRUCTION,RESEARCH_GRADE,True,False,YAHOO_FINANCE_YFINANCE,FREE_PUBLIC_RESEARCH_GRADE,False,True,False,False,False,MB_20190910
2019-09-11,505,428,77,84.7525,LIMITED,311,116,1,195,2.681034,72.663551,27.102804,8277.0,True,FREE_PUBLIC_RECONSTRUCTION,RESEARCH_GRADE,True,False,YAHOO_FINANCE_YFINANCE,FREE_PUBLIC_RESEARCH_GRADE,False,True,False,False,False,MB_20190911
2019-09-12,505,428,77,84.7525,LIMITED,253,173,2,80,1.462428,59.11215,40.420561,8357.0,True,FREE_PUBLIC_RECONSTRUCTION,RESEARCH_GRADE,True,False,YAHOO_FINANCE_YFINANCE,FREE_PUBLIC_RESEARCH_GRADE,False,True,False,False,False,MB_20190912
2019-09-13,505,428,77,84.7525,LIMITED,226,198,4,28,1.141414,52.803738,46.261682,8385.0,True,FREE_PUBLIC_RECONSTRUCTION,RESEARCH_GRADE,True,False,YAHOO_FINANCE_YFINANCE,FREE_PUBLIC_RESEARCH_GRADE,False,True,False,False,False,MB_20190913
2019-09-16,505,428,77,84.7525,LIMITED,185,240,3,-55,0.770833,43.224299,56.074766,8330.0,True,FREE_PUBLIC_RECONSTRUCTION,RESEARCH_GRADE,True,False,YAHOO_FINANCE_YFINANCE,FREE_PUBLIC_RESEARCH_GRADE,False,True,False,False,False,MB_20190916
2019-09-17,505,428,77,84.7525,LIMITED,244,180,4,64,1.355556,57.009346,42.056075,8394.0,True,FREE_PUBLIC_RECONSTRUCTION,RESEARCH_GRADE,True,False,YAHOO_FINANCE_YFINANCE,FREE_PUBLIC_RESEARCH_GRADE,False,True,False,False,False,MB_20190917
2019-09-18,505,428,77,84.7525,LIMITED,205,221,2,-16,0.927602,47.897196,51.635514,8378.0,True,FREE_PUBLIC_RECONSTRUCTION,RESEARCH_GRADE,True,False,YAHOO_FINANCE_YFINANCE,FREE_PUBLIC_RESEARCH_GRADE,False,True,False,False,False,MB_20190918
2019-09-19,505,428,77,84.7525,LIMITED,181,243,4,-62,0.744856,42.28972,56.775701,8316.0,True,FREE_PUBLIC_RECONSTRUCTION,RESEARCH_GRADE,True,False,YAHOO_FINANCE_YFINANCE,FREE_PUBLIC_RESEARCH_GRADE,False,True,False,False,False,MB_20190919
2019-09-20,505,428,77,84.7525,LIMITED,139,285,4,-146,0.487719,32.476636,66.588785,8170.0,True,FREE_PUBLIC_RECONSTRUCTION,RESEARCH_GRADE,True,False,YAHOO_FINANCE_YFINANCE,FREE_PUBLIC_RESEARCH_GRADE,False,True,False,False,False,MB_20190920
2019-09-23,505,429,76,84.9505,LIMITED,218,207,4,11,1.05314,50.815851,48.251748,8181.0,True,FREE_PUBLIC_RECONSTRUCTION,RESEARCH_GRADE,True,False,YAHOO_FINANCE_YFINANCE,FREE_PUBLIC_RESEARCH_GRADE,False,True,False,False,False,MB_20190923
2019-09-24,505,429,76,84.9505,LIMITED,114,314,1,-200,0.363057,26.573427,73.193473,7981.0,True,FREE_PUBLIC_RECONSTRUCTION,RESEARCH_GRADE,True,False,YAHOO_FINANCE_YFINANCE,FREE_PUBLIC_RESEARCH_GRADE,False,True,False,False,False,MB_20190924
2019-09-25,505,429,76,84.9505,LIMITED,300,125,4,175,2.4,69.93007,29.137529,8156.0,True,FREE_PUBLIC_RECONSTRUCTION,RESEARCH_GRADE,True,False,YAHOO_FINANCE_YFINANCE,FREE_PUBLIC_RESEARCH_GRADE,False,True,False,False,False,MB_20190925
2019-09-26,505,429,76,84.9505,LIMITED,200,226,3,-26,0.884956,46.620047,52.680653,8130.0,True,FREE_PUBLIC_RECONSTRUCTION,RESEARCH_GRADE,True,False,YAHOO_FINANCE_YFINANCE,FREE_PUBLIC_RESEARCH_GRADE,False,True,False,False,False,MB_20190926
2019-09-27,505,429,76,84.9505,LIMITED,163,264,2,-101,0.617424,37.995338,61.538462,8029.0,True,FREE_PUBLIC_RECONSTRUCTION,RESEARCH_GRADE,True,False,YAHOO_FINANCE_YFINANCE,FREE_PUBLIC_RESEARCH_GRADE,False,True,False,False,False,MB_20190927
2019-09-30,505,429,76,84.9505,LIMITED,292,133,4,159,2.195489,68.065268,31.002331,8188.0,True,FREE_PUBLIC_RECONSTRUCTION,RESEARCH_GRADE,True,False,YAHOO_FINANCE_YFINANCE,FREE_PUBLIC_RESEARCH_GRADE,False,True,False,False,False,MB_20190930
2019-10-01,505,429,76,84.9505,LIMITED,51,378,0,-327,0.134921,11.888112,88.111888,7861.0,True,FREE_PUBLIC_RECONSTRUCTION,RESEARCH_GRADE,True,False,YAHOO_FINANCE_YFINANCE,FREE_PUBLIC_RESEARCH_GRADE,False,True,False,False,False,MB_20191001
2019-10-02,505,429,76,84.9505,LIMITED,21,405,3,-384,0.051852,4.895105,94.405594,7477.0,True,FREE_PUBLIC_RECONSTRUCTION,RESEARCH_GRADE,True,False,YAHOO_FINANCE_YFINANCE,FREE_PUBLIC_RESEARCH_GRADE,False,True,False,False,False,MB_20191002
2019-10-03,505,429,76,84.9505,LIMITED,328,100,1,228,3.28,76.456876,23.310023,7705.0,True,FREE_PUBLIC_RECONSTRUCTION,RESEARCH_GRADE,True,False,YAHOO_FINANCE_YFINANCE,FREE_PUBLIC_RESEARCH_GRADE,False,True,False,False,False,MB_20191003
2019-10-04,505,429,76,84.9505,LIMITED,388,41,0,347,9.463415,90.44289,9.55711,8052.0,True,FREE_PUBLIC_RECONSTRUCTION,RESEARCH_GRADE,True,False,YAHOO_FINANCE_YFINANCE,FREE_PUBLIC_RESEARCH_GRADE,False,True,False,False,False,MB_20191004
2019-10-07,505,429,76,84.9505,LIMITED,94,332,3,-238,0.283133,21.911422,77.389277,7814.0,True,FREE_PUBLIC_RECONSTRUCTION,RESEARCH_GRADE,True,False,YAHOO_FINANCE_YFINANCE,FREE_PUBLIC_RESEARCH_GRADE,False,True,False,False,False,MB_20191007
2019-10-08,505,429,76,84.9505,LIMITED,28,401,0,-373,0.069825,6.526807,93.473193,7441.0,True,FREE_PUBLIC_RECONSTRUCTION,RESEARCH_GRADE,True,False,YAHOO_FINANCE_YFINANCE,FREE_PUBLIC_RESEARCH_GRADE,False,True,False,False,False,MB_20191008
2019-10-09,505,429,76,84.9505,LIMITED,373,56,0,317,6.660714,86.946387,13.053613,7758.0,True,FREE_PUBLIC_RECONSTRUCTION,RESEARCH_GRADE,True,False,YAHOO_FINANCE_YFINANCE,FREE_PUBLIC_RESEARCH_GRADE,False,True,False,False,False,MB_20191009
2019-10-10,505,429,76,84.9505,LIMITED,338,88,3,250,3.840909,78.787879,20.512821,8008.0,True,FREE_PUBLIC_RECONSTRUCTION,RESEARCH_GRADE,True,False,YAHOO_FINANCE_YFINANCE,FREE_PUBLIC_RESEARCH_GRADE,False,True,False,False,False,MB_20191010
2019-10-11,505,429,76,84.9505,LIMITED,349,78,2,271,4.474359,81.351981,18.181818,8279.0,True,FREE_PUBLIC_RECONSTRUCTION,RESEARCH_GRADE,True,False,YAHOO_FINANCE_YFINANCE,FREE_PUBLIC_RESEARCH_GRADE,False,True,False,False,False,MB_20191011
2019-10-14,505,429,76,84.9505,LIMITED,171,255,3,-84,0.670588,39.86014,59.440559,8195.0,True,FREE_PUBLIC_RECONSTRUCTION,RESEARCH_GRADE,True,False,YAHOO_FINANCE_YFINANCE,FREE_PUBLIC_RESEARCH_GRADE,False,True,False,False,False,MB_20191014
2019-10-15,505,429,76,84.9505,LIMITED,329,98,2,231,3.357143,76.689977,22.843823,8426.0,True,FREE_PUBLIC_RECONSTRUCTION,RESEARCH_GRADE,True,False,YAHOO_FINANCE_YFINANCE,FREE_PUBLIC_RESEARCH_GRADE,False,True,False,False,False,MB_20191015
2019-10-16,505,429,76,84.9505,LIMITED,185,243,1,-58,0.761317,43.123543,56.643357,8368.0,True,FREE_PUBLIC_RECONSTRUCTION,RESEARCH_GRADE,True,False,YAHOO_FINANCE_YFINANCE,FREE_PUBLIC_RESEARCH_GRADE,False,True,False,False,False,MB_20191016
2019-10-17,505,429,76,84.9505,LIMITED,288,138,3,150,2.086957,67.132867,32.167832,8518.0,True,FREE_PUBLIC_RECONSTRUCTION,RESEARCH_GRADE,True,False,YAHOO_FINANCE_YFINANCE,FREE_PUBLIC_RESEARCH_GRADE,False,True,False,False,False,MB_20191017
2019-10-18,505,430,75,85.1485,LIMITED,218,209,3,9,1.043062,50.697674,48.604651,8527.0,True,FREE_PUBLIC_RECONSTRUCTION,RESEARCH_GRADE,True,False,YAHOO_FINANCE_YFINANCE,FREE_PUBLIC_RESEARCH_GRADE,False,True,False,False,False,MB_20191018
2019-10-21,505,430,75,85.1485,LIMITED,323,105,2,218,3.07619,75.116279,24.418605,8745.0,True,FREE_PUBLIC_RECONSTRUCTION,RESEARCH_GRADE,True,False,YAHOO_FINANCE_YFINANCE,FREE_PUBLIC_RESEARCH_GRADE,False,True,False,False,False,MB_20191021
2019-10-22,505,430,75,85.1485,LIMITED,214,214,2,0,1.0,49.767442,49.767442,8745.0,True,FREE_PUBLIC_RECONSTRUCTION,RESEARCH_GRADE,True,False,YAHOO_FINANCE_YFINANCE,FREE_PUBLIC_RESEARCH_GRADE,False,True,False,False,False,MB_20191022
2019-10-23,505,430,75,85.1485,LIMITED,270,158,2,112,1.708861,62.790698,36.744186,8857.0,True,FREE_PUBLIC_RECONSTRUCTION,RESEARCH_GRADE,True,False,YAHOO_FINANCE_YFINANCE,FREE_PUBLIC_RESEARCH_GRADE,False,True,False,False,False,MB_20191023
2019-10-24,505,430,75,85.1485,LIMITED,208,218,4,-10,0.954128,48.372093,50.697674,8847.0,True,FREE_PUBLIC_RECONSTRUCTION,RESEARCH_GRADE,True,False,YAHOO_FINANCE_YFINANCE,FREE_PUBLIC_RESEARCH_GRADE,False,True,False,False,False,MB_20191024
2019-10-25,505,430,75,85.1485,LIMITED,259,169,2,90,1.532544,60.232558,39.302326,8937.0,True,FREE_PUBLIC_RECONSTRUCTION,RESEARCH_GRADE,True,False,YAHOO_FINANCE_YFINANCE,FREE_PUBLIC_RESEARCH_GRADE,False,True,False,False,False,MB_20191025
2019-10-28,505,430,75,85.1485,LIMITED,255,174,1,81,1.465517,59.302326,40.465116,9018.0,True,FREE_PUBLIC_RECONSTRUCTION,RESEARCH_GRADE,True,False,YAHOO_FINANCE_YFINANCE,FREE_PUBLIC_RESEARCH_GRADE,False,True,False,False,False,MB_20191028
2019-10-29,505,430,75,85.1485,LIMITED,237,191,2,46,1.240838,55.116279,44.418605,9064.0,True,FREE_PUBLIC_RECONSTRUCTION,RESEARCH_GRADE,True,False,YAHOO_FINANCE_YFINANCE,FREE_PUBLIC_RESEARCH_GRADE,False,True,False,False,False,MB_20191029
2019-10-30,505,430,75,85.1485,LIMITED,237,192,1,45,1.234375,55.116279,44.651163,9109.0,True,FREE_PUBLIC_RECONSTRUCTION,RESEARCH_GRADE,True,False,YAHOO_FINANCE_YFINANCE,FREE_PUBLIC_RESEARCH_GRADE,False,True,False,False,False,MB_20191030
2019-10-31,505,430,75,85.1485,LIMITED,128,300,2,-172,0.426667,29.767442,69.767442,8937.0,True,FREE_PUBLIC_RECONSTRUCTION,RESEARCH_GRADE,True,False,YAHOO_FINANCE_YFINANCE,FREE_PUBLIC_RESEARCH_GRADE,False,True,False,False,False,MB_20191031
2019-11-01,505,430,75,85.1485,LIMITED,309,119,2,190,2.596639,71.860465,27.674419,9127.0,True,FREE_PUBLIC_RECONSTRUCTION,RESEARCH_GRADE,True,False,YAHOO_FINANCE_YFINANCE,FREE_PUBLIC_RESEARCH_GRADE,False,True,False,False,False,MB_20191101
2019-11-04,505,430,75,85.1485,LIMITED,256,171,3,85,1.497076,59.534884,39.767442,9212.0,True,FREE_PUBLIC_RECONSTRUCTION,RESEARCH_GRADE,True,False,YAHOO_FINANCE_YFINANCE,FREE_PUBLIC_RESEARCH_GRADE,False,True,False,False,False,MB_20191104
2019-11-05,505,430,75,85.1485,LIMITED,211,219,0,-8,0.96347,49.069767,50.930233,9204.0,True,FREE_PUBLIC_RECONSTRUCTION,RESEARCH_GRADE,True,False,YAHOO_FINANCE_YFINANCE,FREE_PUBLIC_RESEARCH_GRADE,False,True,False,False,False,MB_20191105
2019-11-06,505,430,75,85.1485,LIMITED,235,195,0,40,1.205128,54.651163,45.348837,9244.0,True,FREE_PUBLIC_RECONSTRUCTION,RESEARCH_GRADE,True,False,YAHOO_FINANCE_YFINANCE,FREE_PUBLIC_RESEARCH_GRADE,False,True,False,False,False,MB_20191106
2019-11-07,505,430,75,85.1485,LIMITED,234,194,2,40,1.206186,54.418605,45.116279,9284.0,True,FREE_PUBLIC_RECONSTRUCTION,RESEARCH_GRADE,True,False,YAHOO_FINANCE_YFINANCE,FREE_PUBLIC_RESEARCH_GRADE,False,True,False,False,False,MB_20191107
2019-11-08,505,430,75,85.1485,LIMITED,245,182,3,63,1.346154,56.976744,42.325581,9347.0,True,FREE_PUBLIC_RECONSTRUCTION,RESEARCH_GRADE,True,False,YAHOO_FINANCE_YFINANCE,FREE_PUBLIC_RESEARCH_GRADE,False,True,False,False,False,MB_20191108
2019-11-11,505,430,75,85.1485,LIMITED,165,263,2,-98,0.627376,38.372093,61.162791,9249.0,True,FREE_PUBLIC_RECONSTRUCTION,RESEARCH_GRADE,True,False,YAHOO_FINANCE_YFINANCE,FREE_PUBLIC_RESEARCH_GRADE,False,True,False,False,False,MB_20191111
2019-11-12,505,430,75,85.1485,LIMITED,208,215,7,-7,0.967442,48.372093,50.0,9242.0,True,FREE_PUBLIC_RECONSTRUCTION,RESEARCH_GRADE,True,False,YAHOO_FINANCE_YFINANCE,FREE_PUBLIC_RESEARCH_GRADE,False,True,False,False,False,MB_20191112
2019-11-13,505,430,75,85.1485,LIMITED,227,200,3,27,1.135,52.790698,46.511628,9269.0,True,FREE_PUBLIC_RECONSTRUCTION,RESEARCH_GRADE,True,False,YAHOO_FINANCE_YFINANCE,FREE_PUBLIC_RESEARCH_GRADE,False,True,False,False,False,MB_20191113
2019-11-14,505,430,75,85.1485,LIMITED,254,175,1,79,1.451429,59.069767,40.697674,9348.0,True,FREE_PUBLIC_RECONSTRUCTION,RESEARCH_GRADE,True,False,YAHOO_FINANCE_YFINANCE,FREE_PUBLIC_RESEARCH_GRADE,False,True,False,False,False,MB_20191114
2019-11-15,505,430,75,85.1485,LIMITED,338,91,1,247,3.714286,78.604651,21.162791,9595.0,True,FREE_PUBLIC_RECONSTRUCTION,RESEARCH_GRADE,True,False,YAHOO_FINANCE_YFINANCE,FREE_PUBLIC_RESEARCH_GRADE,False,True,False,False,False,MB_20191115
2019-11-18,505,430,75,85.1485,LIMITED,211,209,10,2,1.009569,49.069767,48.604651,9597.0,True,FREE_PUBLIC_RECONSTRUCTION,RESEARCH_GRADE,True,False,YAHOO_FINANCE_YFINANCE,FREE_PUBLIC_RESEARCH_GRADE,False,True,False,False,False,MB_20191118
2019-11-19,505,430,75,85.1485,LIMITED,233,194,3,39,1.201031,54.186047,45.116279,9636.0,True,FREE_PUBLIC_RECONSTRUCTION,RESEARCH_GRADE,True,False,YAHOO_FINANCE_YFINANCE,FREE_PUBLIC_RESEARCH_GRADE,False,True,False,False,False,MB_20191119
2019-11-20,505,430,75,85.1485,LIMITED,151,279,0,-128,0.541219,35.116279,64.883721,9508.0,True,FREE_PUBLIC_RECONSTRUCTION,RESEARCH_GRADE,True,False,YAHOO_FINANCE_YFINANCE,FREE_PUBLIC_RESEARCH_GRADE,False,True,False,False,False,MB_20191120
2019-11-21,505,431,74,85.3465,LIMITED,164,265,2,-101,0.618868,38.051044,61.484919,9407.0,True,FREE_PUBLIC_RECONSTRUCTION,RESEARCH_GRADE,True,False,YAHOO_FINANCE_YFINANCE,FREE_PUBLIC_RESEARCH_GRADE,False,True,False,False,False,MB_20191121
2019-11-22,505,431,74,85.3465,LIMITED,265,162,4,103,1.635802,61.484919,37.587007,9510.0,True,FREE_PUBLIC_RECONSTRUCTION,RESEARCH_GRADE,True,False,YAHOO_FINANCE_YFINANCE,FREE_PUBLIC_RESEARCH_GRADE,False,True,False,False,False,MB_20191122
2019-11-25,505,431,74,85.3465,LIMITED,326,104,1,222,3.134615,75.638051,24.12993,9732.0,True,FREE_PUBLIC_RECONSTRUCTION,RESEARCH_GRADE,True,False,YAHOO_FINANCE_YFINANCE,FREE_PUBLIC_RESEARCH_GRADE,False,True,False,False,False,MB_20191125
2019-11-26,505,431,74,85.3465,LIMITED,267,163,1,104,1.638037,61.948956,37.819026,9836.0,True,FREE_PUBLIC_RECONSTRUCTION,RESEARCH_GRADE,True,False,YAHOO_FINANCE_YFINANCE,FREE_PUBLIC_RESEARCH_GRADE,False,True,False,False,False,MB_20191126
2019-11-27,505,431,74,85.3465,LIMITED,302,128,1,174,2.359375,70.069606,29.698376,10010.0,True,FREE_PUBLIC_RECONSTRUCTION,RESEARCH_GRADE,True,False,YAHOO_FINANCE_YFINANCE,FREE_PUBLIC_RESEARCH_GRADE,False,True,False,False,False,MB_20191127
2019-11-29,505,431,74,85.3465,LIMITED,82,347,2,-265,0.236311,19.025522,80.510441,9745.0,True,FREE_PUBLIC_RECONSTRUCTION,RESEARCH_GRADE,True,False,YAHOO_FINANCE_YFINANCE,FREE_PUBLIC_RESEARCH_GRADE,False,True,False,False,False,MB_20191129
2019-12-02,505,431,74,85.3465,LIMITED,79,350,2,-271,0.225714,18.329466,81.206497,9474.0,True,FREE_PUBLIC_RECONSTRUCTION,RESEARCH_GRADE,True,False,YAHOO_FINANCE_YFINANCE,FREE_PUBLIC_RESEARCH_GRADE,False,True,False,False,False,MB_20191202
2019-12-03,505,431,74,85.3465,LIMITED,120,309,2,-189,0.38835,27.842227,71.693735,9285.0,True,FREE_PUBLIC_RECONSTRUCTION,RESEARCH_GRADE,True,False,YAHOO_FINANCE_YFINANCE,FREE_PUBLIC_RESEARCH_GRADE,False,True,False,False,False,MB_20191203
2019-12-04,505,431,74,85.3465,LIMITED,336,93,2,243,3.612903,77.958237,21.577726,9528.0,True,FREE_PUBLIC_RECONSTRUCTION,RESEARCH_GRADE,True,False,YAHOO_FINANCE_YFINANCE,FREE_PUBLIC_RESEARCH_GRADE,False,True,False,False,False,MB_20191204
2019-12-05,505,432,73,85.5446,LIMITED,253,173,6,80,1.462428,58.564815,40.046296,9608.0,True,FREE_PUBLIC_RECONSTRUCTION,RESEARCH_GRADE,True,False,YAHOO_FINANCE_YFINANCE,FREE_PUBLIC_RESEARCH_GRADE,False,True,False,False,False,MB_20191205
2019-12-06,505,432,73,85.5446,LIMITED,359,72,1,287,4.986111,83.101852,16.666667,9895.0,True,FREE_PUBLIC_RECONSTRUCTION,RESEARCH_GRADE,True,False,YAHOO_FINANCE_YFINANCE,FREE_PUBLIC_RESEARCH_GRADE,False,True,False,False,False,MB_20191206
2019-12-09,505,433,72,85.7426,LIMITED,182,246,5,-64,0.739837,42.032333,56.812933,9831.0,True,FREE_PUBLIC_RECONSTRUCTION,RESEARCH_GRADE,True,False,YAHOO_FINANCE_YFINANCE,FREE_PUBLIC_RESEARCH_GRADE,False,True,False,False,False,MB_20191209
2019-12-10,505,434,71,85.9406,LIMITED,180,252,2,-72,0.714286,41.474654,58.064516,9759.0,True,FREE_PUBLIC_RECONSTRUCTION,RESEARCH_GRADE,True,False,YAHOO_FINANCE_YFINANCE,FREE_PUBLIC_RESEARCH_GRADE,False,True,False,False,False,MB_20191210
2019-12-11,505,434,71,85.9406,LIMITED,272,160,2,112,1.7,62.672811,36.866359,9871.0,True,FREE_PUBLIC_RECONSTRUCTION,RESEARCH_GRADE,True,False,YAHOO_FINANCE_YFINANCE,FREE_PUBLIC_RESEARCH_GRADE,False,True,False,False,False,MB_20191211
2019-12-12,505,434,71,85.9406,LIMITED,327,106,1,221,3.084906,75.345622,24.423963,10092.0,True,FREE_PUBLIC_RECONSTRUCTION,RESEARCH_GRADE,True,False,YAHOO_FINANCE_YFINANCE,FREE_PUBLIC_RESEARCH_GRADE,False,True,False,False,False,MB_20191212
2019-12-13,505,434,71,85.9406,LIMITED,197,236,1,-39,0.834746,45.391705,54.37788,10053.0,True,FREE_PUBLIC_RECONSTRUCTION,RESEARCH_GRADE,True,False,YAHOO_FINANCE_YFINANCE,FREE_PUBLIC_RESEARCH_GRADE,False,True,False,False,False,MB_20191213
2019-12-16,505,434,71,85.9406,LIMITED,328,102,4,226,3.215686,75.576037,23.502304,10279.0,True,FREE_PUBLIC_RECONSTRUCTION,RESEARCH_GRADE,True,False,YAHOO_FINANCE_YFINANCE,FREE_PUBLIC_RESEARCH_GRADE,False,True,False,False,False,MB_20191216
2019-12-17,505,434,71,85.9406,LIMITED,233,194,7,39,1.201031,53.686636,44.700461,10318.0,True,FREE_PUBLIC_RECONSTRUCTION,RESEARCH_GRADE,True,False,YAHOO_FINANCE_YFINANCE,FREE_PUBLIC_RESEARCH_GRADE,False,True,False,False,False,MB_20191217
2019-12-18,505,434,71,85.9406,LIMITED,209,223,2,-14,0.93722,48.156682,51.382488,10304.0,True,FREE_PUBLIC_RECONSTRUCTION,RESEARCH_GRADE,True,False,YAHOO_FINANCE_YFINANCE,FREE_PUBLIC_RESEARCH_GRADE,False,True,False,False,False,MB_20191218
2019-12-19,505,434,71,85.9406,LIMITED,279,152,3,127,1.835526,64.285714,35.023041,10431.0,True,FREE_PUBLIC_RECONSTRUCTION,RESEARCH_GRADE,True,False,YAHOO_FINANCE_YFINANCE,FREE_PUBLIC_RESEARCH_GRADE,False,True,False,False,False,MB_20191219
2019-12-20,505,434,71,85.9406,LIMITED,325,107,2,218,3.037383,74.884793,24.654378,10649.0,True,FREE_PUBLIC_RECONSTRUCTION,RESEARCH_GRADE,True,False,YAHOO_FINANCE_YFINANCE,FREE_PUBLIC_RESEARCH_GRADE,False,True,False,False,False,MB_20191220
2019-12-23,505,434,71,85.9406,LIMITED,188,239,7,-51,0.786611,43.317972,55.069124,10598.0,True,FREE_PUBLIC_RECONSTRUCTION,RESEARCH_GRADE,True,False,YAHOO_FINANCE_YFINANCE,FREE_PUBLIC_RESEARCH_GRADE,False,True,False,False,False,MB_20191223
2019-12-24,505,434,71,85.9406,LIMITED,224,207,3,17,1.082126,51.612903,47.695853,10615.0,True,FREE_PUBLIC_RECONSTRUCTION,RESEARCH_GRADE,True,False,YAHOO_FINANCE_YFINANCE,FREE_PUBLIC_RESEARCH_GRADE,False,True,False,False,False,MB_20191224
2019-12-26,505,434,71,85.9406,LIMITED,291,136,7,155,2.139706,67.050691,31.336406,10770.0,True,FREE_PUBLIC_RECONSTRUCTION,RESEARCH_GRADE,True,False,YAHOO_FINANCE_YFINANCE,FREE_PUBLIC_RESEARCH_GRADE,False,True,False,False,False,MB_20191226
2019-12-27,505,434,71,85.9406,LIMITED,201,223,10,-22,0.901345,46.313364,51.382488,10748.0,True,FREE_PUBLIC_RECONSTRUCTION,RESEARCH_GRADE,True,False,YAHOO_FINANCE_YFINANCE,FREE_PUBLIC_RESEARCH_GRADE,False,True,False,False,False,MB_20191227
2019-12-30,505,434,71,85.9406,LIMITED,96,334,4,-238,0.287425,22.119816,76.958525,10510.0,True,FREE_PUBLIC_RECONSTRUCTION,RESEARCH_GRADE,True,False,YAHOO_FINANCE_YFINANCE,FREE_PUBLIC_RESEARCH_GRADE,False,True,False,False,False,MB_20191230
2019-12-31,505,434,71,85.9406,LIMITED,333,95,6,238,3.505263,76.728111,21.889401,10748.0,True,FREE_PUBLIC_RECONSTRUCTION,RESEARCH_GRADE,True,False,YAHOO_FINANCE_YFINANCE,FREE_PUBLIC_RESEARCH_GRADE,False,True,False,False,False,MB_20191231
2020-01-02,505,434,71,85.9406,LIMITED,261,171,2,90,1.526316,60.138249,39.400922,10838.0,True,FREE_PUBLIC_RECONSTRUCTION,RESEARCH_GRADE,True,False,YAHOO_FINANCE_YFINANCE,FREE_PUBLIC_RESEARCH_GRADE,False,True,False,False,False,MB_20200102
2020-01-03,505,434,71,85.9406,LIMITED,118,316,0,-198,0.373418,27.18894,72.81106,10640.0,True,FREE_PUBLIC_RECONSTRUCTION,RESEARCH_GRADE,True,False,YAHOO_FINANCE_YFINANCE,FREE_PUBLIC_RESEARCH_GRADE,False,True,False,False,False,MB_20200103
2020-01-06,505,434,71,85.9406,LIMITED,228,203,3,25,1.123153,52.534562,46.774194,10665.0,True,FREE_PUBLIC_RECONSTRUCTION,RESEARCH_GRADE,True,False,YAHOO_FINANCE_YFINANCE,FREE_PUBLIC_RESEARCH_GRADE,False,True,False,False,False,MB_20200106
2020-01-07,505,434,71,85.9406,LIMITED,165,266,3,-101,0.620301,38.018433,61.290323,10564.0,True,FREE_PUBLIC_RECONSTRUCTION,RESEARCH_GRADE,True,False,YAHOO_FINANCE_YFINANCE,FREE_PUBLIC_RESEARCH_GRADE,False,True,False,False,False,MB_20200107
2020-01-08,505,434,71,85.9406,LIMITED,301,132,1,169,2.280303,69.354839,30.414747,10733.0,True,FREE_PUBLIC_RECONSTRUCTION,RESEARCH_GRADE,True,False,YAHOO_FINANCE_YFINANCE,FREE_PUBLIC_RESEARCH_GRADE,False,True,False,False,False,MB_20200108
2020-01-09,505,434,71,85.9406,LIMITED,321,112,1,209,2.866071,73.963134,25.806452,10942.0,True,FREE_PUBLIC_RECONSTRUCTION,RESEARCH_GRADE,True,False,YAHOO_FINANCE_YFINANCE,FREE_PUBLIC_RESEARCH_GRADE,False,True,False,False,False,MB_20200109
2020-01-10,505,434,71,85.9406,LIMITED,168,266,0,-98,0.631579,38.709677,61.290323,10844.0,True,FREE_PUBLIC_RECONSTRUCTION,RESEARCH_GRADE,True,False,YAHOO_FINANCE_YFINANCE,FREE_PUBLIC_RESEARCH_GRADE,False,True,False,False,False,MB_20200110
2020-01-13,505,434,71,85.9406,LIMITED,336,98,0,238,3.428571,77.419355,22.580645,11082.0,True,FREE_PUBLIC_RECONSTRUCTION,RESEARCH_GRADE,True,False,YAHOO_FINANCE_YFINANCE,FREE_PUBLIC_RESEARCH_GRADE,False,True,False,False,False,MB_20200113
2020-01-14,505,434,71,85.9406,LIMITED,228,205,1,23,1.112195,52.534562,47.235023,11105.0,True,FREE_PUBLIC_RECONSTRUCTION,RESEARCH_GRADE,True,False,YAHOO_FINANCE_YFINANCE,FREE_PUBLIC_RESEARCH_GRADE,False,True,False,False,False,MB_20200114
2020-01-15,505,434,71,85.9406,LIMITED,260,171,3,89,1.520468,59.907834,39.400922,11194.0,True,FREE_PUBLIC_RECONSTRUCTION,RESEARCH_GRADE,True,False,YAHOO_FINANCE_YFINANCE,FREE_PUBLIC_RESEARCH_GRADE,False,True,False,False,False,MB_20200115
2020-01-16,505,434,71,85.9406,LIMITED,384,49,1,335,7.836735,88.479263,11.290323,11529.0,True,FREE_PUBLIC_RECONSTRUCTION,RESEARCH_GRADE,True,False,YAHOO_FINANCE_YFINANCE,FREE_PUBLIC_RESEARCH_GRADE,False,True,False,False,False,MB_20200116
2020-01-17,505,434,71,85.9406,LIMITED,275,151,8,124,1.821192,63.364055,34.792627,11653.0,True,FREE_PUBLIC_RECONSTRUCTION,RESEARCH_GRADE,True,False,YAHOO_FINANCE_YFINANCE,FREE_PUBLIC_RESEARCH_GRADE,False,True,False,False,False,MB_20200117
2020-01-21,505,434,71,85.9406,LIMITED,181,252,1,-71,0.718254,41.705069,58.064516,11582.0,True,FREE_PUBLIC_RECONSTRUCTION,RESEARCH_GRADE,True,False,YAHOO_FINANCE_YFINANCE,FREE_PUBLIC_RESEARCH_GRADE,False,True,False,False,False,MB_20200121
2020-01-22,505,434,71,85.9406,LIMITED,206,224,4,-18,0.919643,47.465438,51.612903,11564.0,True,FREE_PUBLIC_RECONSTRUCTION,RESEARCH_GRADE,True,False,YAHOO_FINANCE_YFINANCE,FREE_PUBLIC_RESEARCH_GRADE,False,True,False,False,False,MB_20200122
2020-01-23,505,434,71,85.9406,LIMITED,267,162,5,105,1.648148,61.520737,37.327189,11669.0,True,FREE_PUBLIC_RECONSTRUCTION,RESEARCH_GRADE,True,False,YAHOO_FINANCE_YFINANCE,FREE_PUBLIC_RESEARCH_GRADE,False,True,False,False,False,MB_20200123
2020-01-24,505,434,71,85.9406,LIMITED,70,361,3,-291,0.193906,16.129032,83.179724,11378.0,True,FREE_PUBLIC_RECONSTRUCTION,RESEARCH_GRADE,True,False,YAHOO_FINANCE_YFINANCE,FREE_PUBLIC_RESEARCH_GRADE,False,True,False,False,False,MB_20200124
2020-01-27,505,434,71,85.9406,LIMITED,48,384,2,-336,0.125,11.059908,88.479263,11042.0,True,FREE_PUBLIC_RECONSTRUCTION,RESEARCH_GRADE,True,False,YAHOO_FINANCE_YFINANCE,FREE_PUBLIC_RESEARCH_GRADE,False,True,False,False,False,MB_20200127
2020-01-28,505,435,70,86.1386,LIMITED,357,74,4,283,4.824324,82.068966,17.011494,11325.0,True,FREE_PUBLIC_RECONSTRUCTION,RESEARCH_GRADE,True,False,YAHOO_FINANCE_YFINANCE,FREE_PUBLIC_RESEARCH_GRADE,False,True,False,False,False,MB_20200128
2020-01-29,505,435,70,86.1386,LIMITED,170,258,7,-88,0.658915,39.08046,59.310345,11237.0,True,FREE_PUBLIC_RECONSTRUCTION,RESEARCH_GRADE,True,False,YAHOO_FINANCE_YFINANCE,FREE_PUBLIC_RESEARCH_GRADE,False,True,False,False,False,MB_20200129
2020-01-30,505,435,70,86.1386,LIMITED,257,174,4,83,1.477011,59.08046,40.0,11320.0,True,FREE_PUBLIC_RECONSTRUCTION,RESEARCH_GRADE,True,False,YAHOO_FINANCE_YFINANCE,FREE_PUBLIC_RESEARCH_GRADE,False,True,False,False,False,MB_20200130
2020-01-31,505,435,70,86.1386,LIMITED,28,407,0,-379,0.068796,6.436782,93.563218,10941.0,True,FREE_PUBLIC_RECONSTRUCTION,RESEARCH_GRADE,True,False,YAHOO_FINANCE_YFINANCE,FREE_PUBLIC_RESEARCH_GRADE,False,True,False,False,False,MB_20200131
2020-02-03,505,435,70,86.1386,LIMITED,328,105,2,223,3.12381,75.402299,24.137931,11164.0,True,FREE_PUBLIC_RECONSTRUCTION,RESEARCH_GRADE,True,False,YAHOO_FINANCE_YFINANCE,FREE_PUBLIC_RESEARCH_GRADE,False,True,False,False,False,MB_20200203
2020-02-04,505,435,70,86.1386,LIMITED,361,73,1,288,4.945205,82.988506,16.781609,11452.0,True,FREE_PUBLIC_RECONSTRUCTION,RESEARCH_GRADE,True,False,YAHOO_FINANCE_YFINANCE,FREE_PUBLIC_RESEARCH_GRADE,False,True,False,False,False,MB_20200204
2020-02-05,505,435,70,86.1386,LIMITED,351,81,3,270,4.333333,80.689655,18.62069,11722.0,True,FREE_PUBLIC_RECONSTRUCTION,RESEARCH_GRADE,True,False,YAHOO_FINANCE_YFINANCE,FREE_PUBLIC_RESEARCH_GRADE,False,True,False,False,False,MB_20200205
2020-02-06,505,435,70,86.1386,LIMITED,203,229,3,-26,0.886463,46.666667,52.643678,11696.0,True,FREE_PUBLIC_RECONSTRUCTION,RESEARCH_GRADE,True,False,YAHOO_FINANCE_YFINANCE,FREE_PUBLIC_RESEARCH_GRADE,False,True,False,False,False,MB_20200206
2020-02-07,505,435,70,86.1386,LIMITED,118,316,1,-198,0.373418,27.126437,72.643678,11498.0,True,FREE_PUBLIC_RECONSTRUCTION,RESEARCH_GRADE,True,False,YAHOO_FINANCE_YFINANCE,FREE_PUBLIC_RESEARCH_GRADE,False,True,False,False,False,MB_20200207
2020-02-10,505,435,70,86.1386,LIMITED,309,125,1,184,2.472,71.034483,28.735632,11682.0,True,FREE_PUBLIC_RECONSTRUCTION,RESEARCH_GRADE,True,False,YAHOO_FINANCE_YFINANCE,FREE_PUBLIC_RESEARCH_GRADE,False,True,False,False,False,MB_20200210
2020-02-11,505,435,70,86.1386,LIMITED,317,116,2,201,2.732759,72.873563,26.666667,11883.0,True,FREE_PUBLIC_RECONSTRUCTION,RESEARCH_GRADE,True,False,YAHOO_FINANCE_YFINANCE,FREE_PUBLIC_RESEARCH_GRADE,False,True,False,False,False,MB_20200211
2020-02-12,505,435,70,86.1386,LIMITED,311,121,3,190,2.570248,71.494253,27.816092,12073.0,True,FREE_PUBLIC_RECONSTRUCTION,RESEARCH_GRADE,True,False,YAHOO_FINANCE_YFINANCE,FREE_PUBLIC_RESEARCH_GRADE,False,True,False,False,False,MB_20200212
2020-02-13,505,435,70,86.1386,LIMITED,217,217,1,0,1.0,49.885057,49.885057,12073.0,True,FREE_PUBLIC_RECONSTRUCTION,RESEARCH_GRADE,True,False,YAHOO_FINANCE_YFINANCE,FREE_PUBLIC_RESEARCH_GRADE,False,True,False,False,False,MB_20200213
2020-02-14,505,435,70,86.1386,LIMITED,233,200,2,33,1.165,53.563218,45.977011,12106.0,True,FREE_PUBLIC_RECONSTRUCTION,RESEARCH_GRADE,True,False,YAHOO_FINANCE_YFINANCE,FREE_PUBLIC_RESEARCH_GRADE,False,True,False,False,False,MB_20200214
2020-02-18,505,435,70,86.1386,LIMITED,156,276,3,-120,0.565217,35.862069,63.448276,11986.0,True,FREE_PUBLIC_RECONSTRUCTION,RESEARCH_GRADE,True,False,YAHOO_FINANCE_YFINANCE,FREE_PUBLIC_RESEARCH_GRADE,False,True,False,False,False,MB_20200218
2020-02-19,505,435,70,86.1386,LIMITED,260,174,1,86,1.494253,59.770115,40.0,12072.0,True,FREE_PUBLIC_RECONSTRUCTION,RESEARCH_GRADE,True,False,YAHOO_FINANCE_YFINANCE,FREE_PUBLIC_RESEARCH_GRADE,False,True,False,False,False,MB_20200219
2020-02-20,505,435,70,86.1386,LIMITED,225,205,5,20,1.097561,51.724138,47.126437,12092.0,True,FREE_PUBLIC_RECONSTRUCTION,RESEARCH_GRADE,True,False,YAHOO_FINANCE_YFINANCE,FREE_PUBLIC_RESEARCH_GRADE,False,True,False,False,False,MB_20200220
2020-02-21,505,435,70,86.1386,LIMITED,112,323,0,-211,0.346749,25.747126,74.252874,11881.0,True,FREE_PUBLIC_RECONSTRUCTION,RESEARCH_GRADE,True,False,YAHOO_FINANCE_YFINANCE,FREE_PUBLIC_RESEARCH_GRADE,False,True,False,False,False,MB_20200221
2020-02-24,505,435,70,86.1386,LIMITED,12,423,0,-411,0.028369,2.758621,97.241379,11470.0,True,FREE_PUBLIC_RECONSTRUCTION,RESEARCH_GRADE,True,False,YAHOO_FINANCE_YFINANCE,FREE_PUBLIC_RESEARCH_GRADE,False,True,False,False,False,MB_20200224
2020-02-25,505,435,70,86.1386,LIMITED,9,426,0,-417,0.021127,2.068966,97.931034,11053.0,True,FREE_PUBLIC_RECONSTRUCTION,RESEARCH_GRADE,True,False,YAHOO_FINANCE_YFINANCE,FREE_PUBLIC_RESEARCH_GRADE,False,True,False,False,False,MB_20200225
2020-02-26,505,435,70,86.1386,LIMITED,104,331,0,-227,0.314199,23.908046,76.091954,10826.0,True,FREE_PUBLIC_RECONSTRUCTION,RESEARCH_GRADE,True,False,YAHOO_FINANCE_YFINANCE,FREE_PUBLIC_RESEARCH_GRADE,False,True,False,False,False,MB_20200226
2020-02-27,505,435,70,86.1386,LIMITED,13,422,0,-409,0.030806,2.988506,97.011494,10417.0,True,FREE_PUBLIC_RECONSTRUCTION,RESEARCH_GRADE,True,False,YAHOO_FINANCE_YFINANCE,FREE_PUBLIC_RESEARCH_GRADE,False,True,False,False,False,MB_20200227
2020-02-28,505,435,70,86.1386,LIMITED,101,333,1,-232,0.303303,23.218391,76.551724,10185.0,True,FREE_PUBLIC_RECONSTRUCTION,RESEARCH_GRADE,True,False,YAHOO_FINANCE_YFINANCE,FREE_PUBLIC_RESEARCH_GRADE,False,True,False,False,False,MB_20200228
2020-03-02,505,435,70,86.1386,LIMITED,410,25,0,385,16.4,94.252874,5.747126,10570.0,True,FREE_PUBLIC_RECONSTRUCTION,RESEARCH_GRADE,True,False,YAHOO_FINANCE_YFINANCE,FREE_PUBLIC_RESEARCH_GRADE,False,True,False,False,False,MB_20200302
2020-03-03,505,436,69,86.3366,LIMITED,39,397,0,-358,0.098237,8.944954,91.055046,10212.0,True,FREE_PUBLIC_RECONSTRUCTION,RESEARCH_GRADE,True,False,YAHOO_FINANCE_YFINANCE,FREE_PUBLIC_RESEARCH_GRADE,False,True,False,False,False,MB_20200303
2020-03-04,505,436,69,86.3366,LIMITED,415,20,1,395,20.75,95.183486,4.587156,10607.0,True,FREE_PUBLIC_RECONSTRUCTION,RESEARCH_GRADE,True,False,YAHOO_FINANCE_YFINANCE,FREE_PUBLIC_RESEARCH_GRADE,False,True,False,False,False,MB_20200304
2020-03-05,505,436,69,86.3366,LIMITED,17,419,0,-402,0.040573,3.899083,96.100917,10205.0,True,FREE_PUBLIC_RECONSTRUCTION,RESEARCH_GRADE,True,False,YAHOO_FINANCE_YFINANCE,FREE_PUBLIC_RESEARCH_GRADE,False,True,False,False,False,MB_20200305
2020-03-06,505,436,69,86.3366,LIMITED,74,362,0,-288,0.20442,16.972477,83.027523,9917.0,True,FREE_PUBLIC_RECONSTRUCTION,RESEARCH_GRADE,True,False,YAHOO_FINANCE_YFINANCE,FREE_PUBLIC_RESEARCH_GRADE,False,True,False,False,False,MB_20200306
2020-03-09,505,436,69,86.3366,LIMITED,8,428,0,-420,0.018692,1.834862,98.165138,9497.0,True,FREE_PUBLIC_RECONSTRUCTION,RESEARCH_GRADE,True,False,YAHOO_FINANCE_YFINANCE,FREE_PUBLIC_RESEARCH_GRADE,False,True,False,False,False,MB_20200309
2020-03-10,505,436,69,86.3366,LIMITED,412,24,0,388,17.166667,94.495413,5.504587,9885.0,True,FREE_PUBLIC_RECONSTRUCTION,RESEARCH_GRADE,True,False,YAHOO_FINANCE_YFINANCE,FREE_PUBLIC_RESEARCH_GRADE,False,True,False,False,False,MB_20200310
2020-03-11,505,436,69,86.3366,LIMITED,7,428,1,-421,0.016355,1.605505,98.165138,9464.0,True,FREE_PUBLIC_RECONSTRUCTION,RESEARCH_GRADE,True,False,YAHOO_FINANCE_YFINANCE,FREE_PUBLIC_RESEARCH_GRADE,False,True,False,False,False,MB_20200311
2020-03-12,505,436,69,86.3366,LIMITED,1,435,0,-434,0.002299,0.229358,99.770642,9030.0,True,FREE_PUBLIC_RECONSTRUCTION,RESEARCH_GRADE,True,False,YAHOO_FINANCE_YFINANCE,FREE_PUBLIC_RESEARCH_GRADE,False,True,False,False,False,MB_20200312
2020-03-13,505,436,69,86.3366,LIMITED,423,13,0,410,32.538462,97.018349,2.981651,9440.0,True,FREE_PUBLIC_RECONSTRUCTION,RESEARCH_GRADE,True,False,YAHOO_FINANCE_YFINANCE,FREE_PUBLIC_RESEARCH_GRADE,False,True,False,False,False,MB_20200313
2020-03-16,505,436,69,86.3366,LIMITED,9,427,0,-418,0.021077,2.06422,97.93578,9022.0,True,FREE_PUBLIC_RECONSTRUCTION,RESEARCH_GRADE,True,False,YAHOO_FINANCE_YFINANCE,FREE_PUBLIC_RESEARCH_GRADE,False,True,False,False,False,MB_20200316
2020-03-17,505,436,69,86.3366,LIMITED,346,88,2,258,3.931818,79.357798,20.183486,9280.0,True,FREE_PUBLIC_RECONSTRUCTION,RESEARCH_GRADE,True,False,YAHOO_FINANCE_YFINANCE,FREE_PUBLIC_RESEARCH_GRADE,False,True,False,False,False,MB_20200317
2020-03-18,505,436,69,86.3366,LIMITED,45,391,0,-346,0.11509,10.321101,89.678899,8934.0,True,FREE_PUBLIC_RECONSTRUCTION,RESEARCH_GRADE,True,False,YAHOO_FINANCE_YFINANCE,FREE_PUBLIC_RESEARCH_GRADE,False,True,False,False,False,MB_20200318
2020-03-19,505,436,69,86.3366,LIMITED,240,196,0,44,1.22449,55.045872,44.954128,8978.0,True,FREE_PUBLIC_RECONSTRUCTION,RESEARCH_GRADE,True,False,YAHOO_FINANCE_YFINANCE,FREE_PUBLIC_RESEARCH_GRADE,False,True,False,False,False,MB_20200319
2020-03-20,505,436,69,86.3366,LIMITED,68,367,1,-299,0.185286,15.59633,84.174312,8679.0,True,FREE_PUBLIC_RECONSTRUCTION,RESEARCH_GRADE,True,False,YAHOO_FINANCE_YFINANCE,FREE_PUBLIC_RESEARCH_GRADE,False,True,False,False,False,MB_20200320
2020-03-23,505,436,69,86.3366,LIMITED,87,346,3,-259,0.251445,19.954128,79.357798,8420.0,True,FREE_PUBLIC_RECONSTRUCTION,RESEARCH_GRADE,True,False,YAHOO_FINANCE_YFINANCE,FREE_PUBLIC_RESEARCH_GRADE,False,True,False,False,False,MB_20200323
2020-03-24,505,436,69,86.3366,LIMITED,429,7,0,422,61.285714,98.394495,1.605505,8842.0,True,FREE_PUBLIC_RECONSTRUCTION,RESEARCH_GRADE,True,False,YAHOO_FINANCE_YFINANCE,FREE_PUBLIC_RESEARCH_GRADE,False,True,False,False,False,MB_20200324
2020-03-25,505,436,69,86.3366,LIMITED,322,114,0,208,2.824561,73.853211,26.146789,9050.0,True,FREE_PUBLIC_RECONSTRUCTION,RESEARCH_GRADE,True,False,YAHOO_FINANCE_YFINANCE,FREE_PUBLIC_RESEARCH_GRADE,False,True,False,False,False,MB_20200325
2020-03-26,505,436,69,86.3366,LIMITED,413,23,0,390,17.956522,94.724771,5.275229,9440.0,True,FREE_PUBLIC_RECONSTRUCTION,RESEARCH_GRADE,True,False,YAHOO_FINANCE_YFINANCE,FREE_PUBLIC_RESEARCH_GRADE,False,True,False,False,False,MB_20200326
2020-03-27,505,436,69,86.3366,LIMITED,62,372,2,-310,0.166667,14.220183,85.321101,9130.0,True,FREE_PUBLIC_RECONSTRUCTION,RESEARCH_GRADE,True,False,YAHOO_FINANCE_YFINANCE,FREE_PUBLIC_RESEARCH_GRADE,False,True,False,False,False,MB_20200327
2020-03-30,505,436,69,86.3366,LIMITED,346,90,0,256,3.844444,79.357798,20.642202,9386.0,True,FREE_PUBLIC_RECONSTRUCTION,RESEARCH_GRADE,True,False,YAHOO_FINANCE_YFINANCE,FREE_PUBLIC_RESEARCH_GRADE,False,True,False,False,False,MB_20200330
2020-03-31,505,436,69,86.3366,LIMITED,97,338,1,-241,0.286982,22.247706,77.522936,9145.0,True,FREE_PUBLIC_RECONSTRUCTION,RESEARCH_GRADE,True,False,YAHOO_FINANCE_YFINANCE,FREE_PUBLIC_RESEARCH_GRADE,False,True,False,False,False,MB_20200331
2020-04-01,505,436,69,86.3366,LIMITED,20,416,0,-396,0.048077,4.587156,95.412844,8749.0,True,FREE_PUBLIC_RECONSTRUCTION,RESEARCH_GRADE,True,False,YAHOO_FINANCE_YFINANCE,FREE_PUBLIC_RESEARCH_GRADE,False,True,False,False,False,MB_20200401
2020-04-02,505,436,69,86.3366,LIMITED,300,135,1,165,2.222222,68.807339,30.963303,8914.0,True,FREE_PUBLIC_RECONSTRUCTION,RESEARCH_GRADE,True,False,YAHOO_FINANCE_YFINANCE,FREE_PUBLIC_RESEARCH_GRADE,False,True,False,False,False,MB_20200402
2020-04-03,507,439,68,86.5878,LIMITED,106,333,0,-227,0.318318,24.145786,75.854214,8687.0,True,FREE_PUBLIC_RECONSTRUCTION,RESEARCH_GRADE,True,False,YAHOO_FINANCE_YFINANCE,FREE_PUBLIC_RESEARCH_GRADE,False,True,False,False,False,MB_20200403
2020-04-06,505,439,66,86.9307,LIMITED,430,9,0,421,47.777778,97.949886,2.050114,9108.0,True,FREE_PUBLIC_RECONSTRUCTION,RESEARCH_GRADE,True,False,YAHOO_FINANCE_YFINANCE,FREE_PUBLIC_RESEARCH_GRADE,False,True,False,False,False,MB_20200406
2020-04-07,505,439,66,86.9307,LIMITED,259,180,0,79,1.438889,58.997722,41.002278,9187.0,True,FREE_PUBLIC_RECONSTRUCTION,RESEARCH_GRADE,True,False,YAHOO_FINANCE_YFINANCE,FREE_PUBLIC_RESEARCH_GRADE,False,True,False,False,False,MB_20200407
2020-04-08,505,439,66,86.9307,LIMITED,416,23,0,393,18.086957,94.76082,5.23918,9580.0,True,FREE_PUBLIC_RECONSTRUCTION,RESEARCH_GRADE,True,False,YAHOO_FINANCE_YFINANCE,FREE_PUBLIC_RESEARCH_GRADE,False,True,False,False,False,MB_20200408
2020-04-09,505,439,66,86.9307,LIMITED,337,101,1,236,3.336634,76.765376,23.006834,9816.0,True,FREE_PUBLIC_RECONSTRUCTION,RESEARCH_GRADE,True,False,YAHOO_FINANCE_YFINANCE,FREE_PUBLIC_RESEARCH_GRADE,False,True,False,False,False,MB_20200409
2020-04-13,505,439,66,86.9307,LIMITED,79,359,1,-280,0.220056,17.995444,81.776765,9536.0,True,FREE_PUBLIC_RECONSTRUCTION,RESEARCH_GRADE,True,False,YAHOO_FINANCE_YFINANCE,FREE_PUBLIC_RESEARCH_GRADE,False,True,False,False,False,MB_20200413
2020-04-14,505,439,66,86.9307,LIMITED,374,63,2,311,5.936508,85.193622,14.350797,9847.0,True,FREE_PUBLIC_RECONSTRUCTION,RESEARCH_GRADE,True,False,YAHOO_FINANCE_YFINANCE,FREE_PUBLIC_RESEARCH_GRADE,False,True,False,False,False,MB_20200414
2020-04-15,505,439,66,86.9307,LIMITED,31,408,0,-377,0.07598,7.061503,92.938497,9470.0,True,FREE_PUBLIC_RECONSTRUCTION,RESEARCH_GRADE,True,False,YAHOO_FINANCE_YFINANCE,FREE_PUBLIC_RESEARCH_GRADE,False,True,False,False,False,MB_20200415
2020-04-16,505,439,66,86.9307,LIMITED,206,233,0,-27,0.88412,46.924829,53.075171,9443.0,True,FREE_PUBLIC_RECONSTRUCTION,RESEARCH_GRADE,True,False,YAHOO_FINANCE_YFINANCE,FREE_PUBLIC_RESEARCH_GRADE,False,True,False,False,False,MB_20200416
2020-04-17,505,439,66,86.9307,LIMITED,415,24,0,391,17.291667,94.53303,5.46697,9834.0,True,FREE_PUBLIC_RECONSTRUCTION,RESEARCH_GRADE,True,False,YAHOO_FINANCE_YFINANCE,FREE_PUBLIC_RESEARCH_GRADE,False,True,False,False,False,MB_20200417
2020-04-20,505,439,66,86.9307,LIMITED,58,380,1,-322,0.152632,13.211845,86.560364,9512.0,True,FREE_PUBLIC_RECONSTRUCTION,RESEARCH_GRADE,True,False,YAHOO_FINANCE_YFINANCE,FREE_PUBLIC_RESEARCH_GRADE,False,True,False,False,False,MB_20200420
2020-04-21,505,439,66,86.9307,LIMITED,23,415,1,-392,0.055422,5.23918,94.53303,9120.0,True,FREE_PUBLIC_RECONSTRUCTION,RESEARCH_GRADE,True,False,YAHOO_FINANCE_YFINANCE,FREE_PUBLIC_RESEARCH_GRADE,False,True,False,False,False,MB_20200421
2020-04-22,505,439,66,86.9307,LIMITED,363,73,3,290,4.972603,82.687927,16.628702,9410.0,True,FREE_PUBLIC_RECONSTRUCTION,RESEARCH_GRADE,True,False,YAHOO_FINANCE_YFINANCE,FREE_PUBLIC_RESEARCH_GRADE,False,True,False,False,False,MB_20200422
2020-04-23,505,439,66,86.9307,LIMITED,235,203,1,32,1.157635,53.530752,46.241458,9442.0,True,FREE_PUBLIC_RECONSTRUCTION,RESEARCH_GRADE,True,False,YAHOO_FINANCE_YFINANCE,FREE_PUBLIC_RESEARCH_GRADE,False,True,False,False,False,MB_20200423
2020-04-24,505,439,66,86.9307,LIMITED,363,75,1,288,4.84,82.687927,17.084282,9730.0,True,FREE_PUBLIC_RECONSTRUCTION,RESEARCH_GRADE,True,False,YAHOO_FINANCE_YFINANCE,FREE_PUBLIC_RESEARCH_GRADE,False,True,False,False,False,MB_20200424
2020-04-27,505,439,66,86.9307,LIMITED,386,53,0,333,7.283019,87.927107,12.072893,10063.0,True,FREE_PUBLIC_RECONSTRUCTION,RESEARCH_GRADE,True,False,YAHOO_FINANCE_YFINANCE,FREE_PUBLIC_RESEARCH_GRADE,False,True,False,False,False,MB_20200427
2020-04-28,505,439,66,86.9307,LIMITED,289,149,1,140,1.939597,65.831435,33.940774,10203.0,True,FREE_PUBLIC_RECONSTRUCTION,RESEARCH_GRADE,True,False,YAHOO_FINANCE_YFINANCE,FREE_PUBLIC_RESEARCH_GRADE,False,True,False,False,False,MB_20200428
2020-04-29,505,439,66,86.9307,LIMITED,343,95,1,248,3.610526,78.132118,21.640091,10451.0,True,FREE_PUBLIC_RECONSTRUCTION,RESEARCH_GRADE,True,False,YAHOO_FINANCE_YFINANCE,FREE_PUBLIC_RESEARCH_GRADE,False,True,False,False,False,MB_20200429
2020-04-30,505,439,66,86.9307,LIMITED,56,382,1,-326,0.146597,12.756264,87.015945,10125.0,True,FREE_PUBLIC_RECONSTRUCTION,RESEARCH_GRADE,True,False,YAHOO_FINANCE_YFINANCE,FREE_PUBLIC_RESEARCH_GRADE,False,True,False,False,False,MB_20200430
2020-05-01,505,439,66,86.9307,LIMITED,19,419,1,-400,0.045346,4.328018,95.444191,9725.0,True,FREE_PUBLIC_RECONSTRUCTION,RESEARCH_GRADE,True,False,YAHOO_FINANCE_YFINANCE,FREE_PUBLIC_RESEARCH_GRADE,False,True,False,False,False,MB_20200501
2020-05-04,505,439,66,86.9307,LIMITED,215,224,0,-9,0.959821,48.974943,51.025057,9716.0,True,FREE_PUBLIC_RECONSTRUCTION,RESEARCH_GRADE,True,False,YAHOO_FINANCE_YFINANCE,FREE_PUBLIC_RESEARCH_GRADE,False,True,False,False,False,MB_20200504
2020-05-05,505,439,66,86.9307,LIMITED,293,145,1,148,2.02069,66.742597,33.029613,9864.0,True,FREE_PUBLIC_RECONSTRUCTION,RESEARCH_GRADE,True,False,YAHOO_FINANCE_YFINANCE,FREE_PUBLIC_RESEARCH_GRADE,False,True,False,False,False,MB_20200505
2020-05-06,505,439,66,86.9307,LIMITED,103,333,3,-230,0.309309,23.462415,75.854214,9634.0,True,FREE_PUBLIC_RECONSTRUCTION,RESEARCH_GRADE,True,False,YAHOO_FINANCE_YFINANCE,FREE_PUBLIC_RESEARCH_GRADE,False,True,False,False,False,MB_20200506
2020-05-07,505,439,66,86.9307,LIMITED,339,99,1,240,3.424242,77.220957,22.551253,9874.0,True,FREE_PUBLIC_RECONSTRUCTION,RESEARCH_GRADE,True,False,YAHOO_FINANCE_YFINANCE,FREE_PUBLIC_RESEARCH_GRADE,False,True,False,False,False,MB_20200507
2020-05-08,505,439,66,86.9307,LIMITED,394,45,0,349,8.755556,89.749431,10.250569,10223.0,True,FREE_PUBLIC_RECONSTRUCTION,RESEARCH_GRADE,True,False,YAHOO_FINANCE_YFINANCE,FREE_PUBLIC_RESEARCH_GRADE,False,True,False,False,False,MB_20200508
2020-05-11,505,439,66,86.9307,LIMITED,136,303,0,-167,0.448845,30.979499,69.020501,10056.0,True,FREE_PUBLIC_RECONSTRUCTION,RESEARCH_GRADE,True,False,YAHOO_FINANCE_YFINANCE,FREE_PUBLIC_RESEARCH_GRADE,False,True,False,False,False,MB_20200511
2020-05-12,505,440,65,87.1287,LIMITED,34,406,0,-372,0.083744,7.727273,92.272727,9684.0,True,FREE_PUBLIC_RECONSTRUCTION,RESEARCH_GRADE,True,False,YAHOO_FINANCE_YFINANCE,FREE_PUBLIC_RESEARCH_GRADE,False,True,False,False,False,MB_20200512
2020-05-13,505,440,65,87.1287,LIMITED,46,393,1,-347,0.117048,10.454545,89.318182,9337.0,True,FREE_PUBLIC_RECONSTRUCTION,RESEARCH_GRADE,True,False,YAHOO_FINANCE_YFINANCE,FREE_PUBLIC_RESEARCH_GRADE,False,True,False,False,False,MB_20200513
2020-05-14,505,440,65,87.1287,LIMITED,338,102,0,236,3.313725,76.818182,23.181818,9573.0,True,FREE_PUBLIC_RECONSTRUCTION,RESEARCH_GRADE,True,False,YAHOO_FINANCE_YFINANCE,FREE_PUBLIC_RESEARCH_GRADE,False,True,False,False,False,MB_20200514
2020-05-15,505,440,65,87.1287,LIMITED,244,193,3,51,1.264249,55.454545,43.863636,9624.0,True,FREE_PUBLIC_RECONSTRUCTION,RESEARCH_GRADE,True,False,YAHOO_FINANCE_YFINANCE,FREE_PUBLIC_RESEARCH_GRADE,False,True,False,False,False,MB_20200515
2020-05-18,505,440,65,87.1287,LIMITED,409,31,0,378,13.193548,92.954545,7.045455,10002.0,True,FREE_PUBLIC_RECONSTRUCTION,RESEARCH_GRADE,True,False,YAHOO_FINANCE_YFINANCE,FREE_PUBLIC_RESEARCH_GRADE,False,True,False,False,False,MB_20200518
2020-05-19,505,440,65,87.1287,LIMITED,88,351,1,-263,0.250712,20.0,79.772727,9739.0,True,FREE_PUBLIC_RECONSTRUCTION,RESEARCH_GRADE,True,False,YAHOO_FINANCE_YFINANCE,FREE_PUBLIC_RESEARCH_GRADE,False,True,False,False,False,MB_20200519
2020-05-20,505,440,65,87.1287,LIMITED,365,75,0,290,4.866667,82.954545,17.045455,10029.0,True,FREE_PUBLIC_RECONSTRUCTION,RESEARCH_GRADE,True,False,YAHOO_FINANCE_YFINANCE,FREE_PUBLIC_RESEARCH_GRADE,False,True,False,False,False,MB_20200520
2020-05-21,505,440,65,87.1287,LIMITED,131,305,4,-174,0.429508,29.772727,69.318182,9855.0,True,FREE_PUBLIC_RECONSTRUCTION,RESEARCH_GRADE,True,False,YAHOO_FINANCE_YFINANCE,FREE_PUBLIC_RESEARCH_GRADE,False,True,False,False,False,MB_20200521
2020-05-22,505,440,65,87.1287,LIMITED,244,196,0,48,1.244898,55.454545,44.545455,9903.0,True,FREE_PUBLIC_RECONSTRUCTION,RESEARCH_GRADE,True,False,YAHOO_FINANCE_YFINANCE,FREE_PUBLIC_RESEARCH_GRADE,False,True,False,False,False,MB_20200522
2020-05-26,505,440,65,87.1287,LIMITED,352,88,0,264,4.0,80.0,20.0,10167.0,True,FREE_PUBLIC_RECONSTRUCTION,RESEARCH_GRADE,True,False,YAHOO_FINANCE_YFINANCE,FREE_PUBLIC_RESEARCH_GRADE,False,True,False,False,False,MB_20200526
2020-05-27,505,440,65,87.1287,LIMITED,377,63,0,314,5.984127,85.681818,14.318182,10481.0,True,FREE_PUBLIC_RECONSTRUCTION,RESEARCH_GRADE,True,False,YAHOO_FINANCE_YFINANCE,FREE_PUBLIC_RESEARCH_GRADE,False,True,False,False,False,MB_20200527
2020-05-28,505,440,65,87.1287,LIMITED,184,255,1,-71,0.721569,41.818182,57.954545,10410.0,True,FREE_PUBLIC_RECONSTRUCTION,RESEARCH_GRADE,True,False,YAHOO_FINANCE_YFINANCE,FREE_PUBLIC_RESEARCH_GRADE,False,True,False,False,False,MB_20200528
2020-05-29,505,440,65,87.1287,LIMITED,220,220,0,0,1.0,50.0,50.0,10410.0,True,FREE_PUBLIC_RECONSTRUCTION,RESEARCH_GRADE,True,False,YAHOO_FINANCE_YFINANCE,FREE_PUBLIC_RESEARCH_GRADE,False,True,False,False,False,MB_20200529
2020-06-01,505,440,65,87.1287,LIMITED,301,137,2,164,2.19708,68.409091,31.136364,10574.0,True,FREE_PUBLIC_RECONSTRUCTION,RESEARCH_GRADE,True,False,YAHOO_FINANCE_YFINANCE,FREE_PUBLIC_RESEARCH_GRADE,False,True,False,False,False,MB_20200601
2020-06-02,505,440,65,87.1287,LIMITED,348,92,0,256,3.782609,79.090909,20.909091,10830.0,True,FREE_PUBLIC_RECONSTRUCTION,RESEARCH_GRADE,True,False,YAHOO_FINANCE_YFINANCE,FREE_PUBLIC_RESEARCH_GRADE,False,True,False,False,False,MB_20200602
2020-06-03,505,440,65,87.1287,LIMITED,361,78,1,283,4.628205,82.045455,17.727273,11113.0,True,FREE_PUBLIC_RECONSTRUCTION,RESEARCH_GRADE,True,False,YAHOO_FINANCE_YFINANCE,FREE_PUBLIC_RESEARCH_GRADE,False,True,False,False,False,MB_20200603
2020-06-04,505,440,65,87.1287,LIMITED,205,235,0,-30,0.87234,46.590909,53.409091,11083.0,True,FREE_PUBLIC_RECONSTRUCTION,RESEARCH_GRADE,True,False,YAHOO_FINANCE_YFINANCE,FREE_PUBLIC_RESEARCH_GRADE,False,True,False,False,False,MB_20200604
2020-06-05,505,440,65,87.1287,LIMITED,403,36,1,367,11.194444,91.590909,8.181818,11450.0,True,FREE_PUBLIC_RECONSTRUCTION,RESEARCH_GRADE,True,False,YAHOO_FINANCE_YFINANCE,FREE_PUBLIC_RESEARCH_GRADE,False,True,False,False,False,MB_20200605
2020-06-08,505,440,65,87.1287,LIMITED,341,97,2,244,3.515464,77.5,22.045455,11694.0,True,FREE_PUBLIC_RECONSTRUCTION,RESEARCH_GRADE,True,False,YAHOO_FINANCE_YFINANCE,FREE_PUBLIC_RESEARCH_GRADE,False,True,False,False,False,MB_20200608
2020-06-09,505,440,65,87.1287,LIMITED,56,384,0,-328,0.145833,12.727273,87.272727,11366.0,True,FREE_PUBLIC_RECONSTRUCTION,RESEARCH_GRADE,True,False,YAHOO_FINANCE_YFINANCE,FREE_PUBLIC_RESEARCH_GRADE,False,True,False,False,False,MB_20200609
2020-06-10,505,440,65,87.1287,LIMITED,96,343,1,-247,0.279883,21.818182,77.954545,11119.0,True,FREE_PUBLIC_RECONSTRUCTION,RESEARCH_GRADE,True,False,YAHOO_FINANCE_YFINANCE,FREE_PUBLIC_RESEARCH_GRADE,False,True,False,False,False,MB_20200610
2020-06-11,505,440,65,87.1287,LIMITED,1,439,0,-438,0.002278,0.227273,99.772727,10681.0,True,FREE_PUBLIC_RECONSTRUCTION,RESEARCH_GRADE,True,False,YAHOO_FINANCE_YFINANCE,FREE_PUBLIC_RESEARCH_GRADE,False,True,False,False,False,MB_20200611
2020-06-12,505,440,65,87.1287,LIMITED,357,83,0,274,4.301205,81.136364,18.863636,10955.0,True,FREE_PUBLIC_RECONSTRUCTION,RESEARCH_GRADE,True,False,YAHOO_FINANCE_YFINANCE,FREE_PUBLIC_RESEARCH_GRADE,False,True,False,False,False,MB_20200612
2020-06-15,505,440,65,87.1287,LIMITED,346,93,1,253,3.72043,78.636364,21.136364,11208.0,True,FREE_PUBLIC_RECONSTRUCTION,RESEARCH_GRADE,True,False,YAHOO_FINANCE_YFINANCE,FREE_PUBLIC_RESEARCH_GRADE,False,True,False,False,False,MB_20200615
2020-06-16,505,440,65,87.1287,LIMITED,412,28,0,384,14.714286,93.636364,6.363636,11592.0,True,FREE_PUBLIC_RECONSTRUCTION,RESEARCH_GRADE,True,False,YAHOO_FINANCE_YFINANCE,FREE_PUBLIC_RESEARCH_GRADE,False,True,False,False,False,MB_20200616
2020-06-17,505,440,65,87.1287,LIMITED,137,301,2,-164,0.45515,31.136364,68.409091,11428.0,True,FREE_PUBLIC_RECONSTRUCTION,RESEARCH_GRADE,True,False,YAHOO_FINANCE_YFINANCE,FREE_PUBLIC_RESEARCH_GRADE,False,True,False,False,False,MB_20200617
2020-06-18,505,440,65,87.1287,LIMITED,197,238,5,-41,0.827731,44.772727,54.090909,11387.0,True,FREE_PUBLIC_RECONSTRUCTION,RESEARCH_GRADE,True,False,YAHOO_FINANCE_YFINANCE,FREE_PUBLIC_RESEARCH_GRADE,False,True,False,False,False,MB_20200618
2020-06-19,505,440,65,87.1287,LIMITED,120,317,3,-197,0.378549,27.272727,72.045455,11190.0,True,FREE_PUBLIC_RECONSTRUCTION,RESEARCH_GRADE,True,False,YAHOO_FINANCE_YFINANCE,FREE_PUBLIC_RESEARCH_GRADE,False,True,False,False,False,MB_20200619
2020-06-22,505,442,63,87.5248,LIMITED,239,201,2,38,1.189055,54.072398,45.475113,11228.0,True,FREE_PUBLIC_RECONSTRUCTION,RESEARCH_GRADE,True,False,YAHOO_FINANCE_YFINANCE,FREE_PUBLIC_RESEARCH_GRADE,False,True,False,False,False,MB_20200622
2020-06-23,505,442,63,87.5248,LIMITED,224,218,0,6,1.027523,50.678733,49.321267,11234.0,True,FREE_PUBLIC_RECONSTRUCTION,RESEARCH_GRADE,True,False,YAHOO_FINANCE_YFINANCE,FREE_PUBLIC_RESEARCH_GRADE,False,True,False,False,False,MB_20200623
2020-06-24,505,442,63,87.5248,LIMITED,16,425,1,-409,0.037647,3.61991,96.153846,10825.0,True,FREE_PUBLIC_RECONSTRUCTION,RESEARCH_GRADE,True,False,YAHOO_FINANCE_YFINANCE,FREE_PUBLIC_RESEARCH_GRADE,False,True,False,False,False,MB_20200624
2020-06-25,505,442,63,87.5248,LIMITED,337,103,2,234,3.271845,76.244344,23.303167,11059.0,True,FREE_PUBLIC_RECONSTRUCTION,RESEARCH_GRADE,True,False,YAHOO_FINANCE_YFINANCE,FREE_PUBLIC_RESEARCH_GRADE,False,True,False,False,False,MB_20200625
2020-06-26,505,442,63,87.5248,LIMITED,50,392,0,-342,0.127551,11.312217,88.687783,10717.0,True,FREE_PUBLIC_RECONSTRUCTION,RESEARCH_GRADE,True,False,YAHOO_FINANCE_YFINANCE,FREE_PUBLIC_RESEARCH_GRADE,False,True,False,False,False,MB_20200626
2020-06-29,505,442,63,87.5248,LIMITED,397,44,1,353,9.022727,89.819005,9.954751,11070.0,True,FREE_PUBLIC_RECONSTRUCTION,RESEARCH_GRADE,True,False,YAHOO_FINANCE_YFINANCE,FREE_PUBLIC_RESEARCH_GRADE,False,True,False,False,False,MB_20200629
2020-06-30,505,442,63,87.5248,LIMITED,379,60,3,319,6.316667,85.746606,13.574661,11389.0,True,FREE_PUBLIC_RECONSTRUCTION,RESEARCH_GRADE,True,False,YAHOO_FINANCE_YFINANCE,FREE_PUBLIC_RESEARCH_GRADE,False,True,False,False,False,MB_20200630
2020-07-01,505,442,63,87.5248,LIMITED,190,252,0,-62,0.753968,42.986425,57.013575,11327.0,True,FREE_PUBLIC_RECONSTRUCTION,RESEARCH_GRADE,True,False,YAHOO_FINANCE_YFINANCE,FREE_PUBLIC_RESEARCH_GRADE,False,True,False,False,False,MB_20200701
2020-07-02,505,442,63,87.5248,LIMITED,317,123,2,194,2.577236,71.719457,27.828054,11521.0,True,FREE_PUBLIC_RECONSTRUCTION,RESEARCH_GRADE,True,False,YAHOO_FINANCE_YFINANCE,FREE_PUBLIC_RESEARCH_GRADE,False,True,False,False,False,MB_20200702
2020-07-06,505,442,63,87.5248,LIMITED,358,80,4,278,4.475,80.995475,18.099548,11799.0,True,FREE_PUBLIC_RECONSTRUCTION,RESEARCH_GRADE,True,False,YAHOO_FINANCE_YFINANCE,FREE_PUBLIC_RESEARCH_GRADE,False,True,False,False,False,MB_20200706
2020-07-07,505,442,63,87.5248,LIMITED,66,374,2,-308,0.176471,14.932127,84.615385,11491.0,True,FREE_PUBLIC_RECONSTRUCTION,RESEARCH_GRADE,True,False,YAHOO_FINANCE_YFINANCE,FREE_PUBLIC_RESEARCH_GRADE,False,True,False,False,False,MB_20200707
2020-07-08,505,442,63,87.5248,LIMITED,258,181,3,77,1.425414,58.371041,40.950226,11568.0,True,FREE_PUBLIC_RECONSTRUCTION,RESEARCH_GRADE,True,False,YAHOO_FINANCE_YFINANCE,FREE_PUBLIC_RESEARCH_GRADE,False,True,False,False,False,MB_20200708
2020-07-09,505,442,63,87.5248,LIMITED,98,344,0,-246,0.284884,22.171946,77.828054,11322.0,True,FREE_PUBLIC_RECONSTRUCTION,RESEARCH_GRADE,True,False,YAHOO_FINANCE_YFINANCE,FREE_PUBLIC_RESEARCH_GRADE,False,True,False,False,False,MB_20200709
2020-07-10,505,442,63,87.5248,LIMITED,350,92,0,258,3.804348,79.18552,20.81448,11580.0,True,FREE_PUBLIC_RECONSTRUCTION,RESEARCH_GRADE,True,False,YAHOO_FINANCE_YFINANCE,FREE_PUBLIC_RESEARCH_GRADE,False,True,False,False,False,MB_20200710
2020-07-13,505,442,63,87.5248,LIMITED,198,243,1,-45,0.814815,44.79638,54.977376,11535.0,True,FREE_PUBLIC_RECONSTRUCTION,RESEARCH_GRADE,True,False,YAHOO_FINANCE_YFINANCE,FREE_PUBLIC_RESEARCH_GRADE,False,True,False,False,False,MB_20200713
2020-07-14,505,442,63,87.5248,LIMITED,382,59,1,323,6.474576,86.425339,13.348416,11858.0,True,FREE_PUBLIC_RECONSTRUCTION,RESEARCH_GRADE,True,False,YAHOO_FINANCE_YFINANCE,FREE_PUBLIC_RESEARCH_GRADE,False,True,False,False,False,MB_20200714
2020-07-15,505,442,63,87.5248,LIMITED,368,73,1,295,5.041096,83.257919,16.515837,12153.0,True,FREE_PUBLIC_RECONSTRUCTION,RESEARCH_GRADE,True,False,YAHOO_FINANCE_YFINANCE,FREE_PUBLIC_RESEARCH_GRADE,False,True,False,False,False,MB_20200715
2020-07-16,505,442,63,87.5248,LIMITED,212,227,3,-15,0.933921,47.963801,51.357466,12138.0,True,FREE_PUBLIC_RECONSTRUCTION,RESEARCH_GRADE,True,False,YAHOO_FINANCE_YFINANCE,FREE_PUBLIC_RESEARCH_GRADE,False,True,False,False,False,MB_20200716
2020-07-17,505,442,63,87.5248,LIMITED,265,177,0,88,1.497175,59.954751,40.045249,12226.0,True,FREE_PUBLIC_RECONSTRUCTION,RESEARCH_GRADE,True,False,YAHOO_FINANCE_YFINANCE,FREE_PUBLIC_RESEARCH_GRADE,False,True,False,False,False,MB_20200717
2020-07-20,505,442,63,87.5248,LIMITED,154,286,2,-132,0.538462,34.841629,64.705882,12094.0,True,FREE_PUBLIC_RECONSTRUCTION,RESEARCH_GRADE,True,False,YAHOO_FINANCE_YFINANCE,FREE_PUBLIC_RESEARCH_GRADE,False,True,False,False,False,MB_20200720
2020-07-21,505,442,63,87.5248,LIMITED,322,117,3,205,2.752137,72.850679,26.470588,12299.0,True,FREE_PUBLIC_RECONSTRUCTION,RESEARCH_GRADE,True,False,YAHOO_FINANCE_YFINANCE,FREE_PUBLIC_RESEARCH_GRADE,False,True,False,False,False,MB_20200721
2020-07-22,505,442,63,87.5248,LIMITED,330,109,3,221,3.027523,74.660633,24.660633,12520.0,True,FREE_PUBLIC_RECONSTRUCTION,RESEARCH_GRADE,True,False,YAHOO_FINANCE_YFINANCE,FREE_PUBLIC_RESEARCH_GRADE,False,True,False,False,False,MB_20200722
2020-07-23,505,442,63,87.5248,LIMITED,192,249,1,-57,0.771084,43.438914,56.334842,12463.0,True,FREE_PUBLIC_RECONSTRUCTION,RESEARCH_GRADE,True,False,YAHOO_FINANCE_YFINANCE,FREE_PUBLIC_RESEARCH_GRADE,False,True,False,False,False,MB_20200723
2020-07-24,505,442,63,87.5248,LIMITED,100,339,3,-239,0.294985,22.624434,76.696833,12224.0,True,FREE_PUBLIC_RECONSTRUCTION,RESEARCH_GRADE,True,False,YAHOO_FINANCE_YFINANCE,FREE_PUBLIC_RESEARCH_GRADE,False,True,False,False,False,MB_20200724
2020-07-27,505,442,63,87.5248,LIMITED,267,172,3,95,1.552326,60.40724,38.914027,12319.0,True,FREE_PUBLIC_RECONSTRUCTION,RESEARCH_GRADE,True,False,YAHOO_FINANCE_YFINANCE,FREE_PUBLIC_RESEARCH_GRADE,False,True,False,False,False,MB_20200727
2020-07-28,505,442,63,87.5248,LIMITED,148,293,1,-145,0.505119,33.484163,66.289593,12174.0,True,FREE_PUBLIC_RECONSTRUCTION,RESEARCH_GRADE,True,False,YAHOO_FINANCE_YFINANCE,FREE_PUBLIC_RESEARCH_GRADE,False,True,False,False,False,MB_20200728
2020-07-29,505,442,63,87.5248,LIMITED,371,71,0,300,5.225352,83.936652,16.063348,12474.0,True,FREE_PUBLIC_RECONSTRUCTION,RESEARCH_GRADE,True,False,YAHOO_FINANCE_YFINANCE,FREE_PUBLIC_RESEARCH_GRADE,False,True,False,False,False,MB_20200729
2020-07-30,505,442,63,87.5248,LIMITED,118,322,2,-204,0.36646,26.696833,72.850679,12270.0,True,FREE_PUBLIC_RECONSTRUCTION,RESEARCH_GRADE,True,False,YAHOO_FINANCE_YFINANCE,FREE_PUBLIC_RESEARCH_GRADE,False,True,False,False,False,MB_20200730
2020-07-31,505,442,63,87.5248,LIMITED,202,237,3,-35,0.852321,45.701357,53.61991,12235.0,True,FREE_PUBLIC_RECONSTRUCTION,RESEARCH_GRADE,True,False,YAHOO_FINANCE_YFINANCE,FREE_PUBLIC_RESEARCH_GRADE,False,True,False,False,False,MB_20200731
2020-08-03,505,442,63,87.5248,LIMITED,244,195,3,49,1.251282,55.20362,44.117647,12284.0,True,FREE_PUBLIC_RECONSTRUCTION,RESEARCH_GRADE,True,False,YAHOO_FINANCE_YFINANCE,FREE_PUBLIC_RESEARCH_GRADE,False,True,False,False,False,MB_20200803
2020-08-04,505,442,63,87.5248,LIMITED,263,177,2,86,1.485876,59.502262,40.045249,12370.0,True,FREE_PUBLIC_RECONSTRUCTION,RESEARCH_GRADE,True,False,YAHOO_FINANCE_YFINANCE,FREE_PUBLIC_RESEARCH_GRADE,False,True,False,False,False,MB_20200804
2020-08-05,505,442,63,87.5248,LIMITED,282,158,2,124,1.78481,63.800905,35.746606,12494.0,True,FREE_PUBLIC_RECONSTRUCTION,RESEARCH_GRADE,True,False,YAHOO_FINANCE_YFINANCE,FREE_PUBLIC_RESEARCH_GRADE,False,True,False,False,False,MB_20200805
2020-08-06,505,442,63,87.5248,LIMITED,215,226,1,-11,0.951327,48.642534,51.131222,12483.0,True,FREE_PUBLIC_RECONSTRUCTION,RESEARCH_GRADE,True,False,YAHOO_FINANCE_YFINANCE,FREE_PUBLIC_RESEARCH_GRADE,False,True,False,False,False,MB_20200806
2020-08-07,505,442,63,87.5248,LIMITED,319,122,1,197,2.614754,72.171946,27.60181,12680.0,True,FREE_PUBLIC_RECONSTRUCTION,RESEARCH_GRADE,True,False,YAHOO_FINANCE_YFINANCE,FREE_PUBLIC_RESEARCH_GRADE,False,True,False,False,False,MB_20200807
2020-08-10,505,442,63,87.5248,LIMITED,305,136,1,169,2.242647,69.004525,30.769231,12849.0,True,FREE_PUBLIC_RECONSTRUCTION,RESEARCH_GRADE,True,False,YAHOO_FINANCE_YFINANCE,FREE_PUBLIC_RESEARCH_GRADE,False,True,False,False,False,MB_20200810
2020-08-11,505,442,63,87.5248,LIMITED,203,237,2,-34,0.85654,45.927602,53.61991,12815.0,True,FREE_PUBLIC_RECONSTRUCTION,RESEARCH_GRADE,True,False,YAHOO_FINANCE_YFINANCE,FREE_PUBLIC_RESEARCH_GRADE,False,True,False,False,False,MB_20200811
2020-08-12,505,442,63,87.5248,LIMITED,305,137,0,168,2.226277,69.004525,30.995475,12983.0,True,FREE_PUBLIC_RECONSTRUCTION,RESEARCH_GRADE,True,False,YAHOO_FINANCE_YFINANCE,FREE_PUBLIC_RESEARCH_GRADE,False,True,False,False,False,MB_20200812
2020-08-13,505,442,63,87.5248,LIMITED,151,291,0,-140,0.5189,34.162896,65.837104,12843.0,True,FREE_PUBLIC_RECONSTRUCTION,RESEARCH_GRADE,True,False,YAHOO_FINANCE_YFINANCE,FREE_PUBLIC_RESEARCH_GRADE,False,True,False,False,False,MB_20200813
2020-08-14,505,442,63,87.5248,LIMITED,228,210,4,18,1.085714,51.58371,47.511312,12861.0,True,FREE_PUBLIC_RECONSTRUCTION,RESEARCH_GRADE,True,False,YAHOO_FINANCE_YFINANCE,FREE_PUBLIC_RESEARCH_GRADE,False,True,False,False,False,MB_20200814
2020-08-17,505,442,63,87.5248,LIMITED,216,224,2,-8,0.964286,48.868778,50.678733,12853.0,True,FREE_PUBLIC_RECONSTRUCTION,RESEARCH_GRADE,True,False,YAHOO_FINANCE_YFINANCE,FREE_PUBLIC_RESEARCH_GRADE,False,True,False,False,False,MB_20200817
2020-08-18,505,442,63,87.5248,LIMITED,147,293,2,-146,0.501706,33.257919,66.289593,12707.0,True,FREE_PUBLIC_RECONSTRUCTION,RESEARCH_GRADE,True,False,YAHOO_FINANCE_YFINANCE,FREE_PUBLIC_RESEARCH_GRADE,False,True,False,False,False,MB_20200818
2020-08-19,505,442,63,87.5248,LIMITED,135,302,5,-167,0.44702,30.542986,68.325792,12540.0,True,FREE_PUBLIC_RECONSTRUCTION,RESEARCH_GRADE,True,False,YAHOO_FINANCE_YFINANCE,FREE_PUBLIC_RESEARCH_GRADE,False,True,False,False,False,MB_20200819
2020-08-20,505,442,63,87.5248,LIMITED,138,298,6,-160,0.463087,31.221719,67.420814,12380.0,True,FREE_PUBLIC_RECONSTRUCTION,RESEARCH_GRADE,True,False,YAHOO_FINANCE_YFINANCE,FREE_PUBLIC_RESEARCH_GRADE,False,True,False,False,False,MB_20200820
2020-08-21,505,442,63,87.5248,LIMITED,197,243,2,-46,0.8107,44.570136,54.977376,12334.0,True,FREE_PUBLIC_RECONSTRUCTION,RESEARCH_GRADE,True,False,YAHOO_FINANCE_YFINANCE,FREE_PUBLIC_RESEARCH_GRADE,False,True,False,False,False,MB_20200821
2020-08-24,505,442,63,87.5248,LIMITED,360,81,1,279,4.444444,81.447964,18.325792,12613.0,True,FREE_PUBLIC_RECONSTRUCTION,RESEARCH_GRADE,True,False,YAHOO_FINANCE_YFINANCE,FREE_PUBLIC_RESEARCH_GRADE,False,True,False,False,False,MB_20200824
2020-08-25,505,442,63,87.5248,LIMITED,205,233,4,-28,0.879828,46.38009,52.714932,12585.0,True,FREE_PUBLIC_RECONSTRUCTION,RESEARCH_GRADE,True,False,YAHOO_FINANCE_YFINANCE,FREE_PUBLIC_RESEARCH_GRADE,False,True,False,False,False,MB_20200825
2020-08-26,505,442,63,87.5248,LIMITED,197,242,3,-45,0.81405,44.570136,54.751131,12540.0,True,FREE_PUBLIC_RECONSTRUCTION,RESEARCH_GRADE,True,False,YAHOO_FINANCE_YFINANCE,FREE_PUBLIC_RESEARCH_GRADE,False,True,False,False,False,MB_20200826
2020-08-27,505,442,63,87.5248,LIMITED,276,164,2,112,1.682927,62.443439,37.104072,12652.0,True,FREE_PUBLIC_RECONSTRUCTION,RESEARCH_GRADE,True,False,YAHOO_FINANCE_YFINANCE,FREE_PUBLIC_RESEARCH_GRADE,False,True,False,False,False,MB_20200827
2020-08-28,505,442,63,87.5248,LIMITED,336,105,1,231,3.2,76.0181,23.755656,12883.0,True,FREE_PUBLIC_RECONSTRUCTION,RESEARCH_GRADE,True,False,YAHOO_FINANCE_YFINANCE,FREE_PUBLIC_RESEARCH_GRADE,False,True,False,False,False,MB_20200828
2020-08-31,505,442,63,87.5248,LIMITED,122,319,1,-197,0.382445,27.60181,72.171946,12686.0,True,FREE_PUBLIC_RECONSTRUCTION,RESEARCH_GRADE,True,False,YAHOO_FINANCE_YFINANCE,FREE_PUBLIC_RESEARCH_GRADE,False,True,False,False,False,MB_20200831
2020-09-01,505,442,63,87.5248,LIMITED,265,177,0,88,1.497175,59.954751,40.045249,12774.0,True,FREE_PUBLIC_RECONSTRUCTION,RESEARCH_GRADE,True,False,YAHOO_FINANCE_YFINANCE,FREE_PUBLIC_RESEARCH_GRADE,False,True,False,False,False,MB_20200901
2020-09-02,505,442,63,87.5248,LIMITED,409,32,1,377,12.78125,92.533937,7.239819,13151.0,True,FREE_PUBLIC_RECONSTRUCTION,RESEARCH_GRADE,True,False,YAHOO_FINANCE_YFINANCE,FREE_PUBLIC_RESEARCH_GRADE,False,True,False,False,False,MB_20200902
2020-09-03,505,442,63,87.5248,LIMITED,50,391,1,-341,0.127877,11.312217,88.461538,12810.0,True,FREE_PUBLIC_RECONSTRUCTION,RESEARCH_GRADE,True,False,YAHOO_FINANCE_YFINANCE,FREE_PUBLIC_RESEARCH_GRADE,False,True,False,False,False,MB_20200903
2020-09-04,505,442,63,87.5248,LIMITED,171,267,4,-96,0.640449,38.687783,60.40724,12714.0,True,FREE_PUBLIC_RECONSTRUCTION,RESEARCH_GRADE,True,False,YAHOO_FINANCE_YFINANCE,FREE_PUBLIC_RESEARCH_GRADE,False,True,False,False,False,MB_20200904
2020-09-08,505,442,63,87.5248,LIMITED,46,395,1,-349,0.116456,10.40724,89.366516,12365.0,True,FREE_PUBLIC_RECONSTRUCTION,RESEARCH_GRADE,True,False,YAHOO_FINANCE_YFINANCE,FREE_PUBLIC_RESEARCH_GRADE,False,True,False,False,False,MB_20200908
2020-09-09,505,442,63,87.5248,LIMITED,352,88,2,264,4.0,79.638009,19.909502,12629.0,True,FREE_PUBLIC_RECONSTRUCTION,RESEARCH_GRADE,True,False,YAHOO_FINANCE_YFINANCE,FREE_PUBLIC_RESEARCH_GRADE,False,True,False,False,False,MB_20200909
2020-09-10,505,442,63,87.5248,LIMITED,48,392,2,-344,0.122449,10.859729,88.687783,12285.0,True,FREE_PUBLIC_RECONSTRUCTION,RESEARCH_GRADE,True,False,YAHOO_FINANCE_YFINANCE,FREE_PUBLIC_RESEARCH_GRADE,False,True,False,False,False,MB_20200910
2020-09-11,505,442,63,87.5248,LIMITED,286,155,1,131,1.845161,64.705882,35.067873,12416.0,True,FREE_PUBLIC_RECONSTRUCTION,RESEARCH_GRADE,True,False,YAHOO_FINANCE_YFINANCE,FREE_PUBLIC_RESEARCH_GRADE,False,True,False,False,False,MB_20200911
2020-09-14,505,442,63,87.5248,LIMITED,396,45,1,351,8.8,89.59276,10.180995,12767.0,True,FREE_PUBLIC_RECONSTRUCTION,RESEARCH_GRADE,True,False,YAHOO_FINANCE_YFINANCE,FREE_PUBLIC_RESEARCH_GRADE,False,True,False,False,False,MB_20200914
2020-09-15,505,442,63,87.5248,LIMITED,248,191,3,57,1.298429,56.108597,43.21267,12824.0,True,FREE_PUBLIC_RECONSTRUCTION,RESEARCH_GRADE,True,False,YAHOO_FINANCE_YFINANCE,FREE_PUBLIC_RESEARCH_GRADE,False,True,False,False,False,MB_20200915
2020-09-16,505,442,63,87.5248,LIMITED,265,174,3,91,1.522989,59.954751,39.366516,12915.0,True,FREE_PUBLIC_RECONSTRUCTION,RESEARCH_GRADE,True,False,YAHOO_FINANCE_YFINANCE,FREE_PUBLIC_RESEARCH_GRADE,False,True,False,False,False,MB_20200916
2020-09-17,505,442,63,87.5248,LIMITED,155,286,1,-131,0.541958,35.067873,64.705882,12784.0,True,FREE_PUBLIC_RECONSTRUCTION,RESEARCH_GRADE,True,False,YAHOO_FINANCE_YFINANCE,FREE_PUBLIC_RESEARCH_GRADE,False,True,False,False,False,MB_20200917
2020-09-18,505,443,62,87.7228,LIMITED,76,366,1,-290,0.20765,17.155756,82.61851,12494.0,True,FREE_PUBLIC_RECONSTRUCTION,RESEARCH_GRADE,True,False,YAHOO_FINANCE_YFINANCE,FREE_PUBLIC_RESEARCH_GRADE,False,True,False,False,False,MB_20200918
2020-09-21,505,442,63,87.5248,LIMITED,65,377,0,-312,0.172414,14.705882,85.294118,12182.0,True,FREE_PUBLIC_RECONSTRUCTION,RESEARCH_GRADE,True,False,YAHOO_FINANCE_YFINANCE,FREE_PUBLIC_RESEARCH_GRADE,False,True,False,False,False,MB_20200921
2020-09-22,505,442,63,87.5248,LIMITED,299,140,3,159,2.135714,67.647059,31.674208,12341.0,True,FREE_PUBLIC_RECONSTRUCTION,RESEARCH_GRADE,True,False,YAHOO_FINANCE_YFINANCE,FREE_PUBLIC_RESEARCH_GRADE,False,True,False,False,False,MB_20200922
2020-09-23,505,442,63,87.5248,LIMITED,23,419,0,-396,0.054893,5.20362,94.79638,11945.0,True,FREE_PUBLIC_RECONSTRUCTION,RESEARCH_GRADE,True,False,YAHOO_FINANCE_YFINANCE,FREE_PUBLIC_RESEARCH_GRADE,False,True,False,False,False,MB_20200923
2020-09-24,505,442,63,87.5248,LIMITED,271,169,2,102,1.60355,61.312217,38.235294,12047.0,True,FREE_PUBLIC_RECONSTRUCTION,RESEARCH_GRADE,True,False,YAHOO_FINANCE_YFINANCE,FREE_PUBLIC_RESEARCH_GRADE,False,True,False,False,False,MB_20200924
2020-09-25,505,442,63,87.5248,LIMITED,384,55,3,329,6.981818,86.877828,12.443439,12376.0,True,FREE_PUBLIC_RECONSTRUCTION,RESEARCH_GRADE,True,False,YAHOO_FINANCE_YFINANCE,FREE_PUBLIC_RESEARCH_GRADE,False,True,False,False,False,MB_20200925
2020-09-28,505,442,63,87.5248,LIMITED,411,29,2,382,14.172414,92.986425,6.561086,12758.0,True,FREE_PUBLIC_RECONSTRUCTION,RESEARCH_GRADE,True,False,YAHOO_FINANCE_YFINANCE,FREE_PUBLIC_RESEARCH_GRADE,False,True,False,False,False,MB_20200928
2020-09-29,505,442,63,87.5248,LIMITED,118,324,0,-206,0.364198,26.696833,73.303167,12552.0,True,FREE_PUBLIC_RECONSTRUCTION,RESEARCH_GRADE,True,False,YAHOO_FINANCE_YFINANCE,FREE_PUBLIC_RESEARCH_GRADE,False,True,False,False,False,MB_20200929
2020-09-30,505,442,63,87.5248,LIMITED,329,112,1,217,2.9375,74.434389,25.339367,12769.0,True,FREE_PUBLIC_RECONSTRUCTION,RESEARCH_GRADE,True,False,YAHOO_FINANCE_YFINANCE,FREE_PUBLIC_RESEARCH_GRADE,False,True,False,False,False,MB_20200930
2020-10-01,505,442,63,87.5248,LIMITED,252,186,4,66,1.354839,57.013575,42.081448,12835.0,True,FREE_PUBLIC_RECONSTRUCTION,RESEARCH_GRADE,True,False,YAHOO_FINANCE_YFINANCE,FREE_PUBLIC_RESEARCH_GRADE,False,True,False,False,False,MB_20201001
2020-10-02,505,442,63,87.5248,LIMITED,278,161,3,117,1.726708,62.895928,36.425339,12952.0,True,FREE_PUBLIC_RECONSTRUCTION,RESEARCH_GRADE,True,False,YAHOO_FINANCE_YFINANCE,FREE_PUBLIC_RESEARCH_GRADE,False,True,False,False,False,MB_20201002
2020-10-05,505,442,63,87.5248,LIMITED,400,42,0,358,9.52381,90.497738,9.502262,13310.0,True,FREE_PUBLIC_RECONSTRUCTION,RESEARCH_GRADE,True,False,YAHOO_FINANCE_YFINANCE,FREE_PUBLIC_RESEARCH_GRADE,False,True,False,False,False,MB_20201005
2020-10-06,505,442,63,87.5248,LIMITED,89,350,3,-261,0.254286,20.135747,79.18552,13049.0,True,FREE_PUBLIC_RECONSTRUCTION,RESEARCH_GRADE,True,False,YAHOO_FINANCE_YFINANCE,FREE_PUBLIC_RESEARCH_GRADE,False,True,False,False,False,MB_20201006
2020-10-07,505,443,62,87.7228,LIMITED,402,41,0,361,9.804878,90.744921,9.255079,13410.0,True,FREE_PUBLIC_RECONSTRUCTION,RESEARCH_GRADE,True,False,YAHOO_FINANCE_YFINANCE,FREE_PUBLIC_RESEARCH_GRADE,False,True,False,False,False,MB_20201007
2020-10-08,505,443,62,87.7228,LIMITED,376,67,0,309,5.61194,84.875847,15.124153,13719.0,True,FREE_PUBLIC_RECONSTRUCTION,RESEARCH_GRADE,True,False,YAHOO_FINANCE_YFINANCE,FREE_PUBLIC_RESEARCH_GRADE,False,True,False,False,False,MB_20201008
2020-10-09,505,443,62,87.7228,LIMITED,254,188,1,66,1.351064,57.336343,42.437923,13785.0,True,FREE_PUBLIC_RECONSTRUCTION,RESEARCH_GRADE,True,False,YAHOO_FINANCE_YFINANCE,FREE_PUBLIC_RESEARCH_GRADE,False,True,False,False,False,MB_20201009
2020-10-12,505,444,61,87.9208,LIMITED,332,109,3,223,3.045872,74.774775,24.54955,14008.0,True,FREE_PUBLIC_RECONSTRUCTION,RESEARCH_GRADE,True,False,YAHOO_FINANCE_YFINANCE,FREE_PUBLIC_RESEARCH_GRADE,False,True,False,False,False,MB_20201012
2020-10-13,505,444,61,87.9208,LIMITED,121,322,1,-201,0.375776,27.252252,72.522523,13807.0,True,FREE_PUBLIC_RECONSTRUCTION,RESEARCH_GRADE,True,False,YAHOO_FINANCE_YFINANCE,FREE_PUBLIC_RESEARCH_GRADE,False,True,False,False,False,MB_20201013
2020-10-14,505,444,61,87.9208,LIMITED,176,267,1,-91,0.659176,39.63964,60.135135,13716.0,True,FREE_PUBLIC_RECONSTRUCTION,RESEARCH_GRADE,True,False,YAHOO_FINANCE_YFINANCE,FREE_PUBLIC_RESEARCH_GRADE,False,True,False,False,False,MB_20201014
2020-10-15,505,444,61,87.9208,LIMITED,277,164,3,113,1.689024,62.387387,36.936937,13829.0,True,FREE_PUBLIC_RECONSTRUCTION,RESEARCH_GRADE,True,False,YAHOO_FINANCE_YFINANCE,FREE_PUBLIC_RESEARCH_GRADE,False,True,False,False,False,MB_20201015
2020-10-16,505,444,61,87.9208,LIMITED,240,200,4,40,1.2,54.054054,45.045045,13869.0,True,FREE_PUBLIC_RECONSTRUCTION,RESEARCH_GRADE,True,False,YAHOO_FINANCE_YFINANCE,FREE_PUBLIC_RESEARCH_GRADE,False,True,False,False,False,MB_20201016
2020-10-19,505,444,61,87.9208,LIMITED,44,397,3,-353,0.110831,9.90991,89.414414,13516.0,True,FREE_PUBLIC_RECONSTRUCTION,RESEARCH_GRADE,True,False,YAHOO_FINANCE_YFINANCE,FREE_PUBLIC_RESEARCH_GRADE,False,True,False,False,False,MB_20201019
2020-10-20,505,444,61,87.9208,LIMITED,317,126,1,191,2.515873,71.396396,28.378378,13707.0,True,FREE_PUBLIC_RECONSTRUCTION,RESEARCH_GRADE,True,False,YAHOO_FINANCE_YFINANCE,FREE_PUBLIC_RESEARCH_GRADE,False,True,False,False,False,MB_20201020
2020-10-21,505,444,61,87.9208,LIMITED,148,292,4,-144,0.506849,33.333333,65.765766,13563.0,True,FREE_PUBLIC_RECONSTRUCTION,RESEARCH_GRADE,True,False,YAHOO_FINANCE_YFINANCE,FREE_PUBLIC_RESEARCH_GRADE,False,True,False,False,False,MB_20201021
2020-10-22,505,444,61,87.9208,LIMITED,324,119,1,205,2.722689,72.972973,26.801802,13768.0,True,FREE_PUBLIC_RECONSTRUCTION,RESEARCH_GRADE,True,False,YAHOO_FINANCE_YFINANCE,FREE_PUBLIC_RESEARCH_GRADE,False,True,False,False,False,MB_20201022
2020-10-23,505,444,61,87.9208,LIMITED,308,131,5,177,2.351145,69.369369,29.504505,13945.0,True,FREE_PUBLIC_RECONSTRUCTION,RESEARCH_GRADE,True,False,YAHOO_FINANCE_YFINANCE,FREE_PUBLIC_RESEARCH_GRADE,False,True,False,False,False,MB_20201023
2020-10-26,505,444,61,87.9208,LIMITED,37,406,1,-369,0.091133,8.333333,91.441441,13576.0,True,FREE_PUBLIC_RECONSTRUCTION,RESEARCH_GRADE,True,False,YAHOO_FINANCE_YFINANCE,FREE_PUBLIC_RESEARCH_GRADE,False,True,False,False,False,MB_20201026
2020-10-27,505,444,61,87.9208,LIMITED,107,337,0,-230,0.317507,24.099099,75.900901,13346.0,True,FREE_PUBLIC_RECONSTRUCTION,RESEARCH_GRADE,True,False,YAHOO_FINANCE_YFINANCE,FREE_PUBLIC_RESEARCH_GRADE,False,True,False,False,False,MB_20201027
2020-10-28,505,444,61,87.9208,LIMITED,13,431,0,-418,0.030162,2.927928,97.072072,12928.0,True,FREE_PUBLIC_RECONSTRUCTION,RESEARCH_GRADE,True,False,YAHOO_FINANCE_YFINANCE,FREE_PUBLIC_RESEARCH_GRADE,False,True,False,False,False,MB_20201028
2020-10-29,505,444,61,87.9208,LIMITED,312,131,1,181,2.381679,70.27027,29.504505,13109.0,True,FREE_PUBLIC_RECONSTRUCTION,RESEARCH_GRADE,True,False,YAHOO_FINANCE_YFINANCE,FREE_PUBLIC_RESEARCH_GRADE,False,True,False,False,False,MB_20201029
2020-10-30,505,444,61,87.9208,LIMITED,187,256,1,-69,0.730469,42.117117,57.657658,13040.0,True,FREE_PUBLIC_RECONSTRUCTION,RESEARCH_GRADE,True,False,YAHOO_FINANCE_YFINANCE,FREE_PUBLIC_RESEARCH_GRADE,False,True,False,False,False,MB_20201030
2020-11-02,505,444,61,87.9208,LIMITED,394,49,1,345,8.040816,88.738739,11.036036,13385.0,True,FREE_PUBLIC_RECONSTRUCTION,RESEARCH_GRADE,True,False,YAHOO_FINANCE_YFINANCE,FREE_PUBLIC_RESEARCH_GRADE,False,True,False,False,False,MB_20201102
2020-11-03,505,444,61,87.9208,LIMITED,399,45,0,354,8.866667,89.864865,10.135135,13739.0,True,FREE_PUBLIC_RECONSTRUCTION,RESEARCH_GRADE,True,False,YAHOO_FINANCE_YFINANCE,FREE_PUBLIC_RESEARCH_GRADE,False,True,False,False,False,MB_20201103
2020-11-04,505,444,61,87.9208,LIMITED,205,238,1,-33,0.861345,46.171171,53.603604,13706.0,True,FREE_PUBLIC_RECONSTRUCTION,RESEARCH_GRADE,True,False,YAHOO_FINANCE_YFINANCE,FREE_PUBLIC_RESEARCH_GRADE,False,True,False,False,False,MB_20201104
2020-11-05,505,444,61,87.9208,LIMITED,365,78,1,287,4.679487,82.207207,17.567568,13993.0,True,FREE_PUBLIC_RECONSTRUCTION,RESEARCH_GRADE,True,False,YAHOO_FINANCE_YFINANCE,FREE_PUBLIC_RESEARCH_GRADE,False,True,False,False,False,MB_20201105
2020-11-06,505,444,61,87.9208,LIMITED,199,243,2,-44,0.81893,44.81982,54.72973,13949.0,True,FREE_PUBLIC_RECONSTRUCTION,RESEARCH_GRADE,True,False,YAHOO_FINANCE_YFINANCE,FREE_PUBLIC_RESEARCH_GRADE,False,True,False,False,False,MB_20201106
2020-11-09,505,444,61,87.9208,LIMITED,324,120,0,204,2.7,72.972973,27.027027,14153.0,True,FREE_PUBLIC_RECONSTRUCTION,RESEARCH_GRADE,True,False,YAHOO_FINANCE_YFINANCE,FREE_PUBLIC_RESEARCH_GRADE,False,True,False,False,False,MB_20201109
2020-11-10,505,444,61,87.9208,LIMITED,282,159,3,123,1.773585,63.513514,35.810811,14276.0,True,FREE_PUBLIC_RECONSTRUCTION,RESEARCH_GRADE,True,False,YAHOO_FINANCE_YFINANCE,FREE_PUBLIC_RESEARCH_GRADE,False,True,False,False,False,MB_20201110
2020-11-11,505,444,61,87.9208,LIMITED,206,236,2,-30,0.872881,46.396396,53.153153,14246.0,True,FREE_PUBLIC_RECONSTRUCTION,RESEARCH_GRADE,True,False,YAHOO_FINANCE_YFINANCE,FREE_PUBLIC_RESEARCH_GRADE,False,True,False,False,False,MB_20201111
2020-11-12,505,444,61,87.9208,LIMITED,51,393,0,-342,0.129771,11.486486,88.513514,13904.0,True,FREE_PUBLIC_RECONSTRUCTION,RESEARCH_GRADE,True,False,YAHOO_FINANCE_YFINANCE,FREE_PUBLIC_RESEARCH_GRADE,False,True,False,False,False,MB_20201112
2020-11-13,505,444,61,87.9208,LIMITED,416,28,0,388,14.857143,93.693694,6.306306,14292.0,True,FREE_PUBLIC_RECONSTRUCTION,RESEARCH_GRADE,True,False,YAHOO_FINANCE_YFINANCE,FREE_PUBLIC_RESEARCH_GRADE,False,True,False,False,False,MB_20201113
2020-11-16,505,444,61,87.9208,LIMITED,374,69,1,305,5.42029,84.234234,15.540541,14597.0,True,FREE_PUBLIC_RECONSTRUCTION,RESEARCH_GRADE,True,False,YAHOO_FINANCE_YFINANCE,FREE_PUBLIC_RESEARCH_GRADE,False,True,False,False,False,MB_20201116
2020-11-17,505,445,60,88.1188,LIMITED,155,289,1,-134,0.536332,34.831461,64.94382,14463.0,True,FREE_PUBLIC_RECONSTRUCTION,RESEARCH_GRADE,True,False,YAHOO_FINANCE_YFINANCE,FREE_PUBLIC_RESEARCH_GRADE,False,True,False,False,False,MB_20201117
2020-11-18,505,445,60,88.1188,LIMITED,97,343,5,-246,0.282799,21.797753,77.078652,14217.0,True,FREE_PUBLIC_RECONSTRUCTION,RESEARCH_GRADE,True,False,YAHOO_FINANCE_YFINANCE,FREE_PUBLIC_RESEARCH_GRADE,False,True,False,False,False,MB_20201118
2020-11-19,505,445,60,88.1188,LIMITED,266,173,6,93,1.537572,59.775281,38.876404,14310.0,True,FREE_PUBLIC_RECONSTRUCTION,RESEARCH_GRADE,True,False,YAHOO_FINANCE_YFINANCE,FREE_PUBLIC_RESEARCH_GRADE,False,True,False,False,False,MB_20201119
2020-11-20,505,445,60,88.1188,LIMITED,142,300,3,-158,0.473333,31.910112,67.41573,14152.0,True,FREE_PUBLIC_RECONSTRUCTION,RESEARCH_GRADE,True,False,YAHOO_FINANCE_YFINANCE,FREE_PUBLIC_RESEARCH_GRADE,False,True,False,False,False,MB_20201120
2020-11-23,505,445,60,88.1188,LIMITED,328,117,0,211,2.803419,73.707865,26.292135,14363.0,True,FREE_PUBLIC_RECONSTRUCTION,RESEARCH_GRADE,True,False,YAHOO_FINANCE_YFINANCE,FREE_PUBLIC_RESEARCH_GRADE,False,True,False,False,False,MB_20201123
2020-11-24,505,445,60,88.1188,LIMITED,361,82,2,279,4.402439,81.123596,18.426966,14642.0,True,FREE_PUBLIC_RECONSTRUCTION,RESEARCH_GRADE,True,False,YAHOO_FINANCE_YFINANCE,FREE_PUBLIC_RESEARCH_GRADE,False,True,False,False,False,MB_20201124
2020-11-25,505,445,60,88.1188,LIMITED,126,318,1,-192,0.396226,28.314607,71.460674,14450.0,True,FREE_PUBLIC_RECONSTRUCTION,RESEARCH_GRADE,True,False,YAHOO_FINANCE_YFINANCE,FREE_PUBLIC_RESEARCH_GRADE,False,True,False,False,False,MB_20201125
2020-11-27,505,445,60,88.1188,LIMITED,208,235,2,-27,0.885106,46.741573,52.808989,14423.0,True,FREE_PUBLIC_RECONSTRUCTION,RESEARCH_GRADE,True,False,YAHOO_FINANCE_YFINANCE,FREE_PUBLIC_RESEARCH_GRADE,False,True,False,False,False,MB_20201127
2020-11-30,505,445,60,88.1188,LIMITED,130,313,2,-183,0.415335,29.213483,70.337079,14240.0,True,FREE_PUBLIC_RECONSTRUCTION,RESEARCH_GRADE,True,False,YAHOO_FINANCE_YFINANCE,FREE_PUBLIC_RESEARCH_GRADE,False,True,False,False,False,MB_20201130
2020-12-01,505,445,60,88.1188,LIMITED,340,104,1,236,3.269231,76.404494,23.370787,14476.0,True,FREE_PUBLIC_RECONSTRUCTION,RESEARCH_GRADE,True,False,YAHOO_FINANCE_YFINANCE,FREE_PUBLIC_RESEARCH_GRADE,False,True,False,False,False,MB_20201201
2020-12-02,505,445,60,88.1188,LIMITED,241,204,0,37,1.181373,54.157303,45.842697,14513.0,True,FREE_PUBLIC_RECONSTRUCTION,RESEARCH_GRADE,True,False,YAHOO_FINANCE_YFINANCE,FREE_PUBLIC_RESEARCH_GRADE,False,True,False,False,False,MB_20201202
2020-12-03,505,445,60,88.1188,LIMITED,253,189,3,64,1.338624,56.853933,42.47191,14577.0,True,FREE_PUBLIC_RECONSTRUCTION,RESEARCH_GRADE,True,False,YAHOO_FINANCE_YFINANCE,FREE_PUBLIC_RESEARCH_GRADE,False,True,False,False,False,MB_20201203
2020-12-04,505,445,60,88.1188,LIMITED,362,81,2,281,4.469136,81.348315,18.202247,14858.0,True,FREE_PUBLIC_RECONSTRUCTION,RESEARCH_GRADE,True,False,YAHOO_FINANCE_YFINANCE,FREE_PUBLIC_RESEARCH_GRADE,False,True,False,False,False,MB_20201204
2020-12-07,505,445,60,88.1188,LIMITED,148,294,3,-146,0.503401,33.258427,66.067416,14712.0,True,FREE_PUBLIC_RECONSTRUCTION,RESEARCH_GRADE,True,False,YAHOO_FINANCE_YFINANCE,FREE_PUBLIC_RESEARCH_GRADE,False,True,False,False,False,MB_20201207
2020-12-08,505,445,60,88.1188,LIMITED,263,180,2,83,1.461111,59.101124,40.449438,14795.0,True,FREE_PUBLIC_RECONSTRUCTION,RESEARCH_GRADE,True,False,YAHOO_FINANCE_YFINANCE,FREE_PUBLIC_RESEARCH_GRADE,False,True,False,False,False,MB_20201208
2020-12-09,505,445,60,88.1188,LIMITED,189,252,4,-63,0.75,42.47191,56.629213,14732.0,True,FREE_PUBLIC_RECONSTRUCTION,RESEARCH_GRADE,True,False,YAHOO_FINANCE_YFINANCE,FREE_PUBLIC_RESEARCH_GRADE,False,True,False,False,False,MB_20201209
2020-12-10,505,445,60,88.1188,LIMITED,166,275,4,-109,0.603636,37.303371,61.797753,14623.0,True,FREE_PUBLIC_RECONSTRUCTION,RESEARCH_GRADE,True,False,YAHOO_FINANCE_YFINANCE,FREE_PUBLIC_RESEARCH_GRADE,False,True,False,False,False,MB_20201210
2020-12-11,505,445,60,88.1188,LIMITED,174,267,4,-93,0.651685,39.101124,60.0,14530.0,True,FREE_PUBLIC_RECONSTRUCTION,RESEARCH_GRADE,True,False,YAHOO_FINANCE_YFINANCE,FREE_PUBLIC_RESEARCH_GRADE,False,True,False,False,False,MB_20201211
2020-12-14,505,445,60,88.1188,LIMITED,117,326,2,-209,0.358896,26.292135,73.258427,14321.0,True,FREE_PUBLIC_RECONSTRUCTION,RESEARCH_GRADE,True,False,YAHOO_FINANCE_YFINANCE,FREE_PUBLIC_RESEARCH_GRADE,False,True,False,False,False,MB_20201214
2020-12-15,505,445,60,88.1188,LIMITED,400,45,0,355,8.888889,89.88764,10.11236,14676.0,True,FREE_PUBLIC_RECONSTRUCTION,RESEARCH_GRADE,True,False,YAHOO_FINANCE_YFINANCE,FREE_PUBLIC_RESEARCH_GRADE,False,True,False,False,False,MB_20201215
2020-12-16,505,445,60,88.1188,LIMITED,181,263,1,-82,0.688213,40.674157,59.101124,14594.0,True,FREE_PUBLIC_RECONSTRUCTION,RESEARCH_GRADE,True,False,YAHOO_FINANCE_YFINANCE,FREE_PUBLIC_RESEARCH_GRADE,False,True,False,False,False,MB_20201216
2020-12-17,505,445,60,88.1188,LIMITED,321,118,6,203,2.720339,72.134831,26.516854,14797.0,True,FREE_PUBLIC_RECONSTRUCTION,RESEARCH_GRADE,True,False,YAHOO_FINANCE_YFINANCE,FREE_PUBLIC_RESEARCH_GRADE,False,True,False,False,False,MB_20201217
2020-12-18,505,445,60,88.1188,LIMITED,189,256,0,-67,0.738281,42.47191,57.52809,14730.0,True,FREE_PUBLIC_RECONSTRUCTION,RESEARCH_GRADE,True,False,YAHOO_FINANCE_YFINANCE,FREE_PUBLIC_RESEARCH_GRADE,False,True,False,False,False,MB_20201218
2020-12-21,505,445,60,88.1188,LIMITED,105,339,1,-234,0.309735,23.595506,76.179775,14496.0,True,FREE_PUBLIC_RECONSTRUCTION,RESEARCH_GRADE,True,False,YAHOO_FINANCE_YFINANCE,FREE_PUBLIC_RESEARCH_GRADE,False,True,False,False,False,MB_20201221
2020-12-22,505,445,60,88.1188,LIMITED,153,289,3,-136,0.529412,34.382022,64.94382,14360.0,True,FREE_PUBLIC_RECONSTRUCTION,RESEARCH_GRADE,True,False,YAHOO_FINANCE_YFINANCE,FREE_PUBLIC_RESEARCH_GRADE,False,True,False,False,False,MB_20201222
2020-12-23,505,445,60,88.1188,LIMITED,268,176,1,92,1.522727,60.224719,39.550562,14452.0,True,FREE_PUBLIC_RECONSTRUCTION,RESEARCH_GRADE,True,False,YAHOO_FINANCE_YFINANCE,FREE_PUBLIC_RESEARCH_GRADE,False,True,False,False,False,MB_20201223
2020-12-24,505,445,60,88.1188,LIMITED,285,157,3,128,1.815287,64.044944,35.280899,14580.0,True,FREE_PUBLIC_RECONSTRUCTION,RESEARCH_GRADE,True,False,YAHOO_FINANCE_YFINANCE,FREE_PUBLIC_RESEARCH_GRADE,False,True,False,False,False,MB_20201224
2020-12-28,505,445,60,88.1188,LIMITED,268,176,1,92,1.522727,60.224719,39.550562,14672.0,True,FREE_PUBLIC_RECONSTRUCTION,RESEARCH_GRADE,True,False,YAHOO_FINANCE_YFINANCE,FREE_PUBLIC_RESEARCH_GRADE,False,True,False,False,False,MB_20201228
2020-12-29,505,445,60,88.1188,LIMITED,106,338,1,-232,0.313609,23.820225,75.955056,14440.0,True,FREE_PUBLIC_RECONSTRUCTION,RESEARCH_GRADE,True,False,YAHOO_FINANCE_YFINANCE,FREE_PUBLIC_RESEARCH_GRADE,False,True,False,False,False,MB_20201229
2020-12-30,505,445,60,88.1188,LIMITED,319,122,4,197,2.614754,71.685393,27.41573,14637.0,True,FREE_PUBLIC_RECONSTRUCTION,RESEARCH_GRADE,True,False,YAHOO_FINANCE_YFINANCE,FREE_PUBLIC_RESEARCH_GRADE,False,True,False,False,False,MB_20201230
2020-12-31,505,445,60,88.1188,LIMITED,365,79,1,286,4.620253,82.022472,17.752809,14923.0,True,FREE_PUBLIC_RECONSTRUCTION,RESEARCH_GRADE,True,False,YAHOO_FINANCE_YFINANCE,FREE_PUBLIC_RESEARCH_GRADE,False,True,False,False,False,MB_20201231
2021-01-04,505,445,60,88.1188,LIMITED,63,381,1,-318,0.165354,14.157303,85.617978,14605.0,True,FREE_PUBLIC_RECONSTRUCTION,RESEARCH_GRADE,True,False,YAHOO_FINANCE_YFINANCE,FREE_PUBLIC_RESEARCH_GRADE,False,True,False,False,False,MB_20210104
2021-01-05,505,445,60,88.1188,LIMITED,323,122,0,201,2.647541,72.58427,27.41573,14806.0,True,FREE_PUBLIC_RECONSTRUCTION,RESEARCH_GRADE,True,False,YAHOO_FINANCE_YFINANCE,FREE_PUBLIC_RESEARCH_GRADE,False,True,False,False,False,MB_20210105
2021-01-06,505,445,60,88.1188,LIMITED,354,91,0,263,3.89011,79.550562,20.449438,15069.0,True,FREE_PUBLIC_RECONSTRUCTION,RESEARCH_GRADE,True,False,YAHOO_FINANCE_YFINANCE,FREE_PUBLIC_RESEARCH_GRADE,False,True,False,False,False,MB_20210106
2021-01-07,505,446,59,88.3168,LIMITED,309,137,0,172,2.255474,69.282511,30.717489,15241.0,True,FREE_PUBLIC_RECONSTRUCTION,RESEARCH_GRADE,True,False,YAHOO_FINANCE_YFINANCE,FREE_PUBLIC_RESEARCH_GRADE,False,True,False,False,False,MB_20210107
2021-01-08,505,446,59,88.3168,LIMITED,235,209,2,26,1.124402,52.690583,46.860987,15267.0,True,FREE_PUBLIC_RECONSTRUCTION,RESEARCH_GRADE,True,False,YAHOO_FINANCE_YFINANCE,FREE_PUBLIC_RESEARCH_GRADE,False,True,False,False,False,MB_20210108
2021-01-11,505,446,59,88.3168,LIMITED,196,246,4,-50,0.796748,43.946188,55.156951,15217.0,True,FREE_PUBLIC_RECONSTRUCTION,RESEARCH_GRADE,True,False,YAHOO_FINANCE_YFINANCE,FREE_PUBLIC_RESEARCH_GRADE,False,True,False,False,False,MB_20210111
2021-01-12,505,446,59,88.3168,LIMITED,278,166,2,112,1.674699,62.331839,37.219731,15329.0,True,FREE_PUBLIC_RECONSTRUCTION,RESEARCH_GRADE,True,False,YAHOO_FINANCE_YFINANCE,FREE_PUBLIC_RESEARCH_GRADE,False,True,False,False,False,MB_20210112
2021-01-13,505,446,59,88.3168,LIMITED,178,266,2,-88,0.669173,39.910314,59.641256,15241.0,True,FREE_PUBLIC_RECONSTRUCTION,RESEARCH_GRADE,True,False,YAHOO_FINANCE_YFINANCE,FREE_PUBLIC_RESEARCH_GRADE,False,True,False,False,False,MB_20210113
2021-01-14,505,446,59,88.3168,LIMITED,234,212,0,22,1.103774,52.466368,47.533632,15263.0,True,FREE_PUBLIC_RECONSTRUCTION,RESEARCH_GRADE,True,False,YAHOO_FINANCE_YFINANCE,FREE_PUBLIC_RESEARCH_GRADE,False,True,False,False,False,MB_20210114
2021-01-15,505,446,59,88.3168,LIMITED,165,281,0,-116,0.587189,36.995516,63.004484,15147.0,True,FREE_PUBLIC_RECONSTRUCTION,RESEARCH_GRADE,True,False,YAHOO_FINANCE_YFINANCE,FREE_PUBLIC_RESEARCH_GRADE,False,True,False,False,False,MB_20210115
2021-01-19,505,446,59,88.3168,LIMITED,263,182,1,81,1.445055,58.96861,40.807175,15228.0,True,FREE_PUBLIC_RECONSTRUCTION,RESEARCH_GRADE,True,False,YAHOO_FINANCE_YFINANCE,FREE_PUBLIC_RESEARCH_GRADE,False,True,False,False,False,MB_20210119
2021-01-20,505,446,59,88.3168,LIMITED,286,158,2,128,1.810127,64.125561,35.426009,15356.0,True,FREE_PUBLIC_RECONSTRUCTION,RESEARCH_GRADE,True,False,YAHOO_FINANCE_YFINANCE,FREE_PUBLIC_RESEARCH_GRADE,False,True,False,False,False,MB_20210120
2021-01-21,505,447,58,88.5149,LIMITED,144,300,3,-156,0.48,32.214765,67.114094,15200.0,True,FREE_PUBLIC_RECONSTRUCTION,RESEARCH_GRADE,True,False,YAHOO_FINANCE_YFINANCE,FREE_PUBLIC_RESEARCH_GRADE,False,True,False,False,False,MB_20210121
2021-01-22,505,447,58,88.5149,LIMITED,156,291,0,-135,0.536082,34.899329,65.100671,15065.0,True,FREE_PUBLIC_RECONSTRUCTION,RESEARCH_GRADE,True,False,YAHOO_FINANCE_YFINANCE,FREE_PUBLIC_RESEARCH_GRADE,False,True,False,False,False,MB_20210122
2021-01-25,505,447,58,88.5149,LIMITED,223,224,0,-1,0.995536,49.888143,50.111857,15064.0,True,FREE_PUBLIC_RECONSTRUCTION,RESEARCH_GRADE,True,False,YAHOO_FINANCE_YFINANCE,FREE_PUBLIC_RESEARCH_GRADE,False,True,False,False,False,MB_20210125
2021-01-26,505,447,58,88.5149,LIMITED,157,290,0,-133,0.541379,35.123043,64.876957,14931.0,True,FREE_PUBLIC_RECONSTRUCTION,RESEARCH_GRADE,True,False,YAHOO_FINANCE_YFINANCE,FREE_PUBLIC_RESEARCH_GRADE,False,True,False,False,False,MB_20210126
2021-01-27,505,447,58,88.5149,LIMITED,63,383,1,-320,0.164491,14.09396,85.682327,14611.0,True,FREE_PUBLIC_RECONSTRUCTION,RESEARCH_GRADE,True,False,YAHOO_FINANCE_YFINANCE,FREE_PUBLIC_RESEARCH_GRADE,False,True,False,False,False,MB_20210127
2021-01-28,505,447,58,88.5149,LIMITED,325,121,1,204,2.68595,72.706935,27.069351,14815.0,True,FREE_PUBLIC_RECONSTRUCTION,RESEARCH_GRADE,True,False,YAHOO_FINANCE_YFINANCE,FREE_PUBLIC_RESEARCH_GRADE,False,True,False,False,False,MB_20210128
2021-01-29,505,447,58,88.5149,LIMITED,48,398,1,-350,0.120603,10.738255,89.038031,14465.0,True,FREE_PUBLIC_RECONSTRUCTION,RESEARCH_GRADE,True,False,YAHOO_FINANCE_YFINANCE,FREE_PUBLIC_RESEARCH_GRADE,False,True,False,False,False,MB_20210129
2021-02-01,505,447,58,88.5149,LIMITED,354,93,0,261,3.806452,79.194631,20.805369,14726.0,True,FREE_PUBLIC_RECONSTRUCTION,RESEARCH_GRADE,True,False,YAHOO_FINANCE_YFINANCE,FREE_PUBLIC_RESEARCH_GRADE,False,True,False,False,False,MB_20210201
2021-02-02,505,447,58,88.5149,LIMITED,365,82,0,283,4.45122,81.655481,18.344519,15009.0,True,FREE_PUBLIC_RECONSTRUCTION,RESEARCH_GRADE,True,False,YAHOO_FINANCE_YFINANCE,FREE_PUBLIC_RESEARCH_GRADE,False,True,False,False,False,MB_20210202
2021-02-03,505,447,58,88.5149,LIMITED,226,220,1,6,1.027273,50.559284,49.217002,15015.0,True,FREE_PUBLIC_RECONSTRUCTION,RESEARCH_GRADE,True,False,YAHOO_FINANCE_YFINANCE,FREE_PUBLIC_RESEARCH_GRADE,False,True,False,False,False,MB_20210203
2021-02-04,505,447,58,88.5149,LIMITED,346,101,0,245,3.425743,77.404922,22.595078,15260.0,True,FREE_PUBLIC_RECONSTRUCTION,RESEARCH_GRADE,True,False,YAHOO_FINANCE_YFINANCE,FREE_PUBLIC_RESEARCH_GRADE,False,True,False,False,False,MB_20210204
2021-02-05,505,447,58,88.5149,LIMITED,287,160,0,127,1.79375,64.205817,35.794183,15387.0,True,FREE_PUBLIC_RECONSTRUCTION,RESEARCH_GRADE,True,False,YAHOO_FINANCE_YFINANCE,FREE_PUBLIC_RESEARCH_GRADE,False,True,False,False,False,MB_20210205
2021-02-08,505,447,58,88.5149,LIMITED,329,116,2,213,2.836207,73.60179,25.950783,15600.0,True,FREE_PUBLIC_RECONSTRUCTION,RESEARCH_GRADE,True,False,YAHOO_FINANCE_YFINANCE,FREE_PUBLIC_RESEARCH_GRADE,False,True,False,False,False,MB_20210208
2021-02-09,505,447,58,88.5149,LIMITED,206,239,2,-33,0.861925,46.085011,53.467562,15567.0,True,FREE_PUBLIC_RECONSTRUCTION,RESEARCH_GRADE,True,False,YAHOO_FINANCE_YFINANCE,FREE_PUBLIC_RESEARCH_GRADE,False,True,False,False,False,MB_20210209
2021-02-10,505,447,58,88.5149,LIMITED,263,182,2,81,1.445055,58.836689,40.715884,15648.0,True,FREE_PUBLIC_RECONSTRUCTION,RESEARCH_GRADE,True,False,YAHOO_FINANCE_YFINANCE,FREE_PUBLIC_RESEARCH_GRADE,False,True,False,False,False,MB_20210210
2021-02-11,505,447,58,88.5149,LIMITED,205,241,1,-36,0.850622,45.861298,53.914989,15612.0,True,FREE_PUBLIC_RECONSTRUCTION,RESEARCH_GRADE,True,False,YAHOO_FINANCE_YFINANCE,FREE_PUBLIC_RESEARCH_GRADE,False,True,False,False,False,MB_20210211
2021-02-12,505,447,58,88.5149,LIMITED,284,159,4,125,1.786164,63.534676,35.57047,15737.0,True,FREE_PUBLIC_RECONSTRUCTION,RESEARCH_GRADE,True,False,YAHOO_FINANCE_YFINANCE,FREE_PUBLIC_RESEARCH_GRADE,False,True,False,False,False,MB_20210212
2021-02-16,505,447,58,88.5149,LIMITED,199,245,3,-46,0.812245,44.519016,54.809843,15691.0,True,FREE_PUBLIC_RECONSTRUCTION,RESEARCH_GRADE,True,False,YAHOO_FINANCE_YFINANCE,FREE_PUBLIC_RESEARCH_GRADE,False,True,False,False,False,MB_20210216
2021-02-17,505,447,58,88.5149,LIMITED,216,229,2,-13,0.943231,48.322148,51.230425,15678.0,True,FREE_PUBLIC_RECONSTRUCTION,RESEARCH_GRADE,True,False,YAHOO_FINANCE_YFINANCE,FREE_PUBLIC_RESEARCH_GRADE,False,True,False,False,False,MB_20210217
2021-02-18,505,447,58,88.5149,LIMITED,176,270,1,-94,0.651852,39.373602,60.402685,15584.0,True,FREE_PUBLIC_RECONSTRUCTION,RESEARCH_GRADE,True,False,YAHOO_FINANCE_YFINANCE,FREE_PUBLIC_RESEARCH_GRADE,False,True,False,False,False,MB_20210218
2021-02-19,505,447,58,88.5149,LIMITED,256,189,2,67,1.354497,57.270694,42.281879,15651.0,True,FREE_PUBLIC_RECONSTRUCTION,RESEARCH_GRADE,True,False,YAHOO_FINANCE_YFINANCE,FREE_PUBLIC_RESEARCH_GRADE,False,True,False,False,False,MB_20210219
2021-02-22,505,447,58,88.5149,LIMITED,223,222,2,1,1.004505,49.888143,49.66443,15652.0,True,FREE_PUBLIC_RECONSTRUCTION,RESEARCH_GRADE,True,False,YAHOO_FINANCE_YFINANCE,FREE_PUBLIC_RESEARCH_GRADE,False,True,False,False,False,MB_20210222
2021-02-23,505,447,58,88.5149,LIMITED,241,203,3,38,1.187192,53.914989,45.41387,15690.0,True,FREE_PUBLIC_RECONSTRUCTION,RESEARCH_GRADE,True,False,YAHOO_FINANCE_YFINANCE,FREE_PUBLIC_RESEARCH_GRADE,False,True,False,False,False,MB_20210223
2021-02-24,505,447,58,88.5149,LIMITED,348,98,1,250,3.55102,77.852349,21.923937,15940.0,True,FREE_PUBLIC_RECONSTRUCTION,RESEARCH_GRADE,True,False,YAHOO_FINANCE_YFINANCE,FREE_PUBLIC_RESEARCH_GRADE,False,True,False,False,False,MB_20210224
2021-02-25,505,447,58,88.5149,LIMITED,41,405,1,-364,0.101235,9.17226,90.604027,15576.0,True,FREE_PUBLIC_RECONSTRUCTION,RESEARCH_GRADE,True,False,YAHOO_FINANCE_YFINANCE,FREE_PUBLIC_RESEARCH_GRADE,False,True,False,False,False,MB_20210225
2021-02-26,505,447,58,88.5149,LIMITED,144,301,2,-157,0.478405,32.214765,67.337808,15419.0,True,FREE_PUBLIC_RECONSTRUCTION,RESEARCH_GRADE,True,False,YAHOO_FINANCE_YFINANCE,FREE_PUBLIC_RESEARCH_GRADE,False,True,False,False,False,MB_20210226
2021-03-01,505,447,58,88.5149,LIMITED,413,34,0,379,12.147059,92.393736,7.606264,15798.0,True,FREE_PUBLIC_RECONSTRUCTION,RESEARCH_GRADE,True,False,YAHOO_FINANCE_YFINANCE,FREE_PUBLIC_RESEARCH_GRADE,False,True,False,False,False,MB_20210301
2021-03-02,505,447,58,88.5149,LIMITED,173,271,3,-98,0.638376,38.702461,60.626398,15700.0,True,FREE_PUBLIC_RECONSTRUCTION,RESEARCH_GRADE,True,False,YAHOO_FINANCE_YFINANCE,FREE_PUBLIC_RESEARCH_GRADE,False,True,False,False,False,MB_20210302
2021-03-03,505,447,58,88.5149,LIMITED,188,255,4,-67,0.737255,42.058166,57.04698,15633.0,True,FREE_PUBLIC_RECONSTRUCTION,RESEARCH_GRADE,True,False,YAHOO_FINANCE_YFINANCE,FREE_PUBLIC_RESEARCH_GRADE,False,True,False,False,False,MB_20210303
2021-03-04,505,447,58,88.5149,LIMITED,86,361,0,-275,0.238227,19.239374,80.760626,15358.0,True,FREE_PUBLIC_RECONSTRUCTION,RESEARCH_GRADE,True,False,YAHOO_FINANCE_YFINANCE,FREE_PUBLIC_RESEARCH_GRADE,False,True,False,False,False,MB_20210304
2021-03-05,505,447,58,88.5149,LIMITED,413,34,0,379,12.147059,92.393736,7.606264,15737.0,True,FREE_PUBLIC_RECONSTRUCTION,RESEARCH_GRADE,True,False,YAHOO_FINANCE_YFINANCE,FREE_PUBLIC_RESEARCH_GRADE,False,True,False,False,False,MB_20210305
2021-03-08,505,447,58,88.5149,LIMITED,307,140,0,167,2.192857,68.680089,31.319911,15904.0,True,FREE_PUBLIC_RECONSTRUCTION,RESEARCH_GRADE,True,False,YAHOO_FINANCE_YFINANCE,FREE_PUBLIC_RESEARCH_GRADE,False,True,False,False,False,MB_20210308
2021-03-09,505,447,58,88.5149,LIMITED,222,225,0,-3,0.986667,49.66443,50.33557,15901.0,True,FREE_PUBLIC_RECONSTRUCTION,RESEARCH_GRADE,True,False,YAHOO_FINANCE_YFINANCE,FREE_PUBLIC_RESEARCH_GRADE,False,True,False,False,False,MB_20210309
2021-03-10,505,447,58,88.5149,LIMITED,342,104,1,238,3.288462,76.510067,23.266219,16139.0,True,FREE_PUBLIC_RECONSTRUCTION,RESEARCH_GRADE,True,False,YAHOO_FINANCE_YFINANCE,FREE_PUBLIC_RESEARCH_GRADE,False,True,False,False,False,MB_20210310
2021-03-11,505,447,58,88.5149,LIMITED,260,186,1,74,1.397849,58.165548,41.610738,16213.0,True,FREE_PUBLIC_RECONSTRUCTION,RESEARCH_GRADE,True,False,YAHOO_FINANCE_YFINANCE,FREE_PUBLIC_RESEARCH_GRADE,False,True,False,False,False,MB_20210311
2021-03-12,505,447,58,88.5149,LIMITED,309,137,1,172,2.255474,69.127517,30.64877,16385.0,True,FREE_PUBLIC_RECONSTRUCTION,RESEARCH_GRADE,True,False,YAHOO_FINANCE_YFINANCE,FREE_PUBLIC_RESEARCH_GRADE,False,True,False,False,False,MB_20210312
2021-03-15,505,447,58,88.5149,LIMITED,326,119,2,207,2.739496,72.930649,26.621924,16592.0,True,FREE_PUBLIC_RECONSTRUCTION,RESEARCH_GRADE,True,False,YAHOO_FINANCE_YFINANCE,FREE_PUBLIC_RESEARCH_GRADE,False,True,False,False,False,MB_20210315
2021-03-16,505,447,58,88.5149,LIMITED,132,310,5,-178,0.425806,29.530201,69.35123,16414.0,True,FREE_PUBLIC_RECONSTRUCTION,RESEARCH_GRADE,True,False,YAHOO_FINANCE_YFINANCE,FREE_PUBLIC_RESEARCH_GRADE,False,True,False,False,False,MB_20210316
2021-03-17,505,447,58,88.5149,LIMITED,277,166,4,111,1.668675,61.96868,37.136465,16525.0,True,FREE_PUBLIC_RECONSTRUCTION,RESEARCH_GRADE,True,False,YAHOO_FINANCE_YFINANCE,FREE_PUBLIC_RESEARCH_GRADE,False,True,False,False,False,MB_20210317
2021-03-18,505,447,58,88.5149,LIMITED,167,280,0,-113,0.596429,37.360179,62.639821,16412.0,True,FREE_PUBLIC_RECONSTRUCTION,RESEARCH_GRADE,True,False,YAHOO_FINANCE_YFINANCE,FREE_PUBLIC_RESEARCH_GRADE,False,True,False,False,False,MB_20210318
2021-03-19,505,447,58,88.5149,LIMITED,201,244,2,-43,0.82377,44.966443,54.58613,16369.0,True,FREE_PUBLIC_RECONSTRUCTION,RESEARCH_GRADE,True,False,YAHOO_FINANCE_YFINANCE,FREE_PUBLIC_RESEARCH_GRADE,False,True,False,False,False,MB_20210319
2021-03-22,505,447,58,88.5149,LIMITED,252,193,2,59,1.305699,56.375839,43.176734,16428.0,True,FREE_PUBLIC_RECONSTRUCTION,RESEARCH_GRADE,True,False,YAHOO_FINANCE_YFINANCE,FREE_PUBLIC_RESEARCH_GRADE,False,True,False,False,False,MB_20210322
2021-03-23,505,447,58,88.5149,LIMITED,110,337,0,-227,0.326409,24.608501,75.391499,16201.0,True,FREE_PUBLIC_RECONSTRUCTION,RESEARCH_GRADE,True,False,YAHOO_FINANCE_YFINANCE,FREE_PUBLIC_RESEARCH_GRADE,False,True,False,False,False,MB_20210323
2021-03-24,505,447,58,88.5149,LIMITED,232,212,3,20,1.09434,51.901566,47.427293,16221.0,True,FREE_PUBLIC_RECONSTRUCTION,RESEARCH_GRADE,True,False,YAHOO_FINANCE_YFINANCE,FREE_PUBLIC_RESEARCH_GRADE,False,True,False,False,False,MB_20210324
2021-03-25,505,447,58,88.5149,LIMITED,360,86,1,274,4.186047,80.536913,19.239374,16495.0,True,FREE_PUBLIC_RECONSTRUCTION,RESEARCH_GRADE,True,False,YAHOO_FINANCE_YFINANCE,FREE_PUBLIC_RESEARCH_GRADE,False,True,False,False,False,MB_20210325
2021-03-26,505,447,58,88.5149,LIMITED,400,47,0,353,8.510638,89.485459,10.514541,16848.0,True,FREE_PUBLIC_RECONSTRUCTION,RESEARCH_GRADE,True,False,YAHOO_FINANCE_YFINANCE,FREE_PUBLIC_RESEARCH_GRADE,False,True,False,False,False,MB_20210326
2021-03-29,505,447,58,88.5149,LIMITED,181,266,0,-85,0.680451,40.49217,59.50783,16763.0,True,FREE_PUBLIC_RECONSTRUCTION,RESEARCH_GRADE,True,False,YAHOO_FINANCE_YFINANCE,FREE_PUBLIC_RESEARCH_GRADE,False,True,False,False,False,MB_20210329
2021-03-30,505,447,58,88.5149,LIMITED,213,234,0,-21,0.910256,47.651007,52.348993,16742.0,True,FREE_PUBLIC_RECONSTRUCTION,RESEARCH_GRADE,True,False,YAHOO_FINANCE_YFINANCE,FREE_PUBLIC_RESEARCH_GRADE,False,True,False,False,False,MB_20210330
2021-03-31,505,447,58,88.5149,LIMITED,188,258,1,-70,0.728682,42.058166,57.718121,16672.0,True,FREE_PUBLIC_RECONSTRUCTION,RESEARCH_GRADE,True,False,YAHOO_FINANCE_YFINANCE,FREE_PUBLIC_RESEARCH_GRADE,False,True,False,False,False,MB_20210331
2021-04-01,505,447,58,88.5149,LIMITED,337,107,3,230,3.149533,75.391499,23.93736,16902.0,True,FREE_PUBLIC_RECONSTRUCTION,RESEARCH_GRADE,True,False,YAHOO_FINANCE_YFINANCE,FREE_PUBLIC_RESEARCH_GRADE,False,True,False,False,False,MB_20210401
2021-04-05,505,447,58,88.5149,LIMITED,368,78,1,290,4.717949,82.326622,17.449664,17192.0,True,FREE_PUBLIC_RECONSTRUCTION,RESEARCH_GRADE,True,False,YAHOO_FINANCE_YFINANCE,FREE_PUBLIC_RESEARCH_GRADE,False,True,False,False,False,MB_20210405
2021-04-06,505,447,58,88.5149,LIMITED,240,204,3,36,1.176471,53.691275,45.637584,17228.0,True,FREE_PUBLIC_RECONSTRUCTION,RESEARCH_GRADE,True,False,YAHOO_FINANCE_YFINANCE,FREE_PUBLIC_RESEARCH_GRADE,False,True,False,False,False,MB_20210406
2021-04-07,505,447,58,88.5149,LIMITED,164,282,1,-118,0.58156,36.689038,63.087248,17110.0,True,FREE_PUBLIC_RECONSTRUCTION,RESEARCH_GRADE,True,False,YAHOO_FINANCE_YFINANCE,FREE_PUBLIC_RESEARCH_GRADE,False,True,False,False,False,MB_20210407
2021-04-08,505,447,58,88.5149,LIMITED,225,222,0,3,1.013514,50.33557,49.66443,17113.0,True,FREE_PUBLIC_RECONSTRUCTION,RESEARCH_GRADE,True,False,YAHOO_FINANCE_YFINANCE,FREE_PUBLIC_RESEARCH_GRADE,False,True,False,False,False,MB_20210408
2021-04-09,505,447,58,88.5149,LIMITED,327,118,2,209,2.771186,73.154362,26.39821,17322.0,True,FREE_PUBLIC_RECONSTRUCTION,RESEARCH_GRADE,True,False,YAHOO_FINANCE_YFINANCE,FREE_PUBLIC_RESEARCH_GRADE,False,True,False,False,False,MB_20210409
2021-04-12,505,447,58,88.5149,LIMITED,277,170,0,107,1.629412,61.96868,38.03132,17429.0,True,FREE_PUBLIC_RECONSTRUCTION,RESEARCH_GRADE,True,False,YAHOO_FINANCE_YFINANCE,FREE_PUBLIC_RESEARCH_GRADE,False,True,False,False,False,MB_20210412
2021-04-13,505,447,58,88.5149,LIMITED,204,242,1,-38,0.842975,45.637584,54.138702,17391.0,True,FREE_PUBLIC_RECONSTRUCTION,RESEARCH_GRADE,True,False,YAHOO_FINANCE_YFINANCE,FREE_PUBLIC_RESEARCH_GRADE,False,True,False,False,False,MB_20210413
2021-04-14,505,447,58,88.5149,LIMITED,231,213,3,18,1.084507,51.677852,47.651007,17409.0,True,FREE_PUBLIC_RECONSTRUCTION,RESEARCH_GRADE,True,False,YAHOO_FINANCE_YFINANCE,FREE_PUBLIC_RESEARCH_GRADE,False,True,False,False,False,MB_20210414
2021-04-15,505,447,58,88.5149,LIMITED,342,102,3,240,3.352941,76.510067,22.818792,17649.0,True,FREE_PUBLIC_RECONSTRUCTION,RESEARCH_GRADE,True,False,YAHOO_FINANCE_YFINANCE,FREE_PUBLIC_RESEARCH_GRADE,False,True,False,False,False,MB_20210415
2021-04-16,505,447,58,88.5149,LIMITED,324,122,1,202,2.655738,72.483221,27.293065,17851.0,True,FREE_PUBLIC_RECONSTRUCTION,RESEARCH_GRADE,True,False,YAHOO_FINANCE_YFINANCE,FREE_PUBLIC_RESEARCH_GRADE,False,True,False,False,False,MB_20210416
2021-04-19,505,447,58,88.5149,LIMITED,147,298,2,-151,0.493289,32.885906,66.666667,17700.0,True,FREE_PUBLIC_RECONSTRUCTION,RESEARCH_GRADE,True,False,YAHOO_FINANCE_YFINANCE,FREE_PUBLIC_RESEARCH_GRADE,False,True,False,False,False,MB_20210419
2021-04-20,505,448,57,88.7129,LIMITED,167,277,4,-110,0.602888,37.276786,61.830357,17590.0,True,FREE_PUBLIC_RECONSTRUCTION,RESEARCH_GRADE,True,False,YAHOO_FINANCE_YFINANCE,FREE_PUBLIC_RESEARCH_GRADE,False,True,False,False,False,MB_20210420
2021-04-21,505,448,57,88.7129,LIMITED,368,79,1,289,4.658228,82.142857,17.633929,17879.0,True,FREE_PUBLIC_RECONSTRUCTION,RESEARCH_GRADE,True,False,YAHOO_FINANCE_YFINANCE,FREE_PUBLIC_RESEARCH_GRADE,False,True,False,False,False,MB_20210421
2021-04-22,505,448,57,88.7129,LIMITED,125,322,1,-197,0.388199,27.901786,71.875,17682.0,True,FREE_PUBLIC_RECONSTRUCTION,RESEARCH_GRADE,True,False,YAHOO_FINANCE_YFINANCE,FREE_PUBLIC_RESEARCH_GRADE,False,True,False,False,False,MB_20210422
2021-04-23,505,448,57,88.7129,LIMITED,358,89,1,269,4.022472,79.910714,19.866071,17951.0,True,FREE_PUBLIC_RECONSTRUCTION,RESEARCH_GRADE,True,False,YAHOO_FINANCE_YFINANCE,FREE_PUBLIC_RESEARCH_GRADE,False,True,False,False,False,MB_20210423
2021-04-26,505,448,57,88.7129,LIMITED,227,218,3,9,1.041284,50.669643,48.660714,17960.0,True,FREE_PUBLIC_RECONSTRUCTION,RESEARCH_GRADE,True,False,YAHOO_FINANCE_YFINANCE,FREE_PUBLIC_RESEARCH_GRADE,False,True,False,False,False,MB_20210426
2021-04-27,505,448,57,88.7129,LIMITED,245,201,2,44,1.218905,54.6875,44.866071,18004.0,True,FREE_PUBLIC_RECONSTRUCTION,RESEARCH_GRADE,True,False,YAHOO_FINANCE_YFINANCE,FREE_PUBLIC_RESEARCH_GRADE,False,True,False,False,False,MB_20210427
2021-04-28,505,448,57,88.7129,LIMITED,206,241,1,-35,0.854772,45.982143,53.794643,17969.0,True,FREE_PUBLIC_RECONSTRUCTION,RESEARCH_GRADE,True,False,YAHOO_FINANCE_YFINANCE,FREE_PUBLIC_RESEARCH_GRADE,False,True,False,False,False,MB_20210428
2021-04-29,505,448,57,88.7129,LIMITED,352,95,1,257,3.705263,78.571429,21.205357,18226.0,True,FREE_PUBLIC_RECONSTRUCTION,RESEARCH_GRADE,True,False,YAHOO_FINANCE_YFINANCE,FREE_PUBLIC_RESEARCH_GRADE,False,True,False,False,False,MB_20210429
2021-04-30,505,448,57,88.7129,LIMITED,122,326,0,-204,0.374233,27.232143,72.767857,18022.0,True,FREE_PUBLIC_RECONSTRUCTION,RESEARCH_GRADE,True,False,YAHOO_FINANCE_YFINANCE,FREE_PUBLIC_RESEARCH_GRADE,False,True,False,False,False,MB_20210430
2021-05-03,505,448,57,88.7129,LIMITED,304,141,3,163,2.156028,67.857143,31.473214,18185.0,True,FREE_PUBLIC_RECONSTRUCTION,RESEARCH_GRADE,True,False,YAHOO_FINANCE_YFINANCE,FREE_PUBLIC_RESEARCH_GRADE,False,True,False,False,False,MB_20210503
2021-05-04,505,448,57,88.7129,LIMITED,213,235,0,-22,0.906383,47.544643,52.455357,18163.0,True,FREE_PUBLIC_RECONSTRUCTION,RESEARCH_GRADE,True,False,YAHOO_FINANCE_YFINANCE,FREE_PUBLIC_RESEARCH_GRADE,False,True,False,False,False,MB_20210504
2021-05-05,505,448,57,88.7129,LIMITED,245,203,0,42,1.206897,54.6875,45.3125,18205.0,True,FREE_PUBLIC_RECONSTRUCTION,RESEARCH_GRADE,True,False,YAHOO_FINANCE_YFINANCE,FREE_PUBLIC_RESEARCH_GRADE,False,True,False,False,False,MB_20210505
2021-05-06,505,448,57,88.7129,LIMITED,340,105,3,235,3.238095,75.892857,23.4375,18440.0,True,FREE_PUBLIC_RECONSTRUCTION,RESEARCH_GRADE,True,False,YAHOO_FINANCE_YFINANCE,FREE_PUBLIC_RESEARCH_GRADE,False,True,False,False,False,MB_20210506
2021-05-07,505,448,57,88.7129,LIMITED,351,93,4,258,3.774194,78.348214,20.758929,18698.0,True,FREE_PUBLIC_RECONSTRUCTION,RESEARCH_GRADE,True,False,YAHOO_FINANCE_YFINANCE,FREE_PUBLIC_RESEARCH_GRADE,False,True,False,False,False,MB_20210507
2021-05-10,505,448,57,88.7129,LIMITED,205,238,5,-33,0.861345,45.758929,53.125,18665.0,True,FREE_PUBLIC_RECONSTRUCTION,RESEARCH_GRADE,True,False,YAHOO_FINANCE_YFINANCE,FREE_PUBLIC_RESEARCH_GRADE,False,True,False,False,False,MB_20210510
2021-05-11,505,448,57,88.7129,LIMITED,75,373,0,-298,0.201072,16.741071,83.258929,18367.0,True,FREE_PUBLIC_RECONSTRUCTION,RESEARCH_GRADE,True,False,YAHOO_FINANCE_YFINANCE,FREE_PUBLIC_RESEARCH_GRADE,False,True,False,False,False,MB_20210511
2021-05-12,505,448,57,88.7129,LIMITED,29,419,0,-390,0.069212,6.473214,93.526786,17977.0,True,FREE_PUBLIC_RECONSTRUCTION,RESEARCH_GRADE,True,False,YAHOO_FINANCE_YFINANCE,FREE_PUBLIC_RESEARCH_GRADE,False,True,False,False,False,MB_20210512
2021-05-13,505,448,57,88.7129,LIMITED,407,41,0,366,9.926829,90.848214,9.151786,18343.0,True,FREE_PUBLIC_RECONSTRUCTION,RESEARCH_GRADE,True,False,YAHOO_FINANCE_YFINANCE,FREE_PUBLIC_RESEARCH_GRADE,False,True,False,False,False,MB_20210513
2021-05-14,505,449,56,88.9109,LIMITED,386,63,0,323,6.126984,85.96882,14.03118,18666.0,True,FREE_PUBLIC_RECONSTRUCTION,RESEARCH_GRADE,True,False,YAHOO_FINANCE_YFINANCE,FREE_PUBLIC_RESEARCH_GRADE,False,True,False,False,False,MB_20210514
2021-05-17,505,449,56,88.9109,LIMITED,175,272,2,-97,0.643382,38.975501,60.579065,18569.0,True,FREE_PUBLIC_RECONSTRUCTION,RESEARCH_GRADE,True,False,YAHOO_FINANCE_YFINANCE,FREE_PUBLIC_RESEARCH_GRADE,False,True,False,False,False,MB_20210517
2021-05-18,505,449,56,88.9109,LIMITED,93,354,2,-261,0.262712,20.712695,78.841871,18308.0,True,FREE_PUBLIC_RECONSTRUCTION,RESEARCH_GRADE,True,False,YAHOO_FINANCE_YFINANCE,FREE_PUBLIC_RESEARCH_GRADE,False,True,False,False,False,MB_20210518
2021-05-19,505,449,56,88.9109,LIMITED,123,325,1,-202,0.378462,27.394209,72.383073,18106.0,True,FREE_PUBLIC_RECONSTRUCTION,RESEARCH_GRADE,True,False,YAHOO_FINANCE_YFINANCE,FREE_PUBLIC_RESEARCH_GRADE,False,True,False,False,False,MB_20210519
2021-05-20,505,449,56,88.9109,LIMITED,315,134,0,181,2.350746,70.155902,29.844098,18287.0,True,FREE_PUBLIC_RECONSTRUCTION,RESEARCH_GRADE,True,False,YAHOO_FINANCE_YFINANCE,FREE_PUBLIC_RESEARCH_GRADE,False,True,False,False,False,MB_20210520
2021-05-21,505,449,56,88.9109,LIMITED,251,195,3,56,1.287179,55.902004,43.429844,18343.0,True,FREE_PUBLIC_RECONSTRUCTION,RESEARCH_GRADE,True,False,YAHOO_FINANCE_YFINANCE,FREE_PUBLIC_RESEARCH_GRADE,False,True,False,False,False,MB_20210521
2021-05-24,505,449,56,88.9109,LIMITED,330,118,1,212,2.79661,73.496659,26.280624,18555.0,True,FREE_PUBLIC_RECONSTRUCTION,RESEARCH_GRADE,True,False,YAHOO_FINANCE_YFINANCE,FREE_PUBLIC_RESEARCH_GRADE,False,True,False,False,False,MB_20210524
2021-05-25,505,449,56,88.9109,LIMITED,151,297,1,-146,0.508418,33.63029,66.146993,18409.0,True,FREE_PUBLIC_RECONSTRUCTION,RESEARCH_GRADE,True,False,YAHOO_FINANCE_YFINANCE,FREE_PUBLIC_RESEARCH_GRADE,False,True,False,False,False,MB_20210525
2021-05-26,505,449,56,88.9109,LIMITED,291,155,3,136,1.877419,64.81069,34.521158,18545.0,True,FREE_PUBLIC_RECONSTRUCTION,RESEARCH_GRADE,True,False,YAHOO_FINANCE_YFINANCE,FREE_PUBLIC_RESEARCH_GRADE,False,True,False,False,False,MB_20210526
2021-05-27,505,449,56,88.9109,LIMITED,286,162,1,124,1.765432,63.697105,36.080178,18669.0,True,FREE_PUBLIC_RECONSTRUCTION,RESEARCH_GRADE,True,False,YAHOO_FINANCE_YFINANCE,FREE_PUBLIC_RESEARCH_GRADE,False,True,False,False,False,MB_20210527
2021-05-28,505,449,56,88.9109,LIMITED,257,188,4,69,1.367021,57.238307,41.870824,18738.0,True,FREE_PUBLIC_RECONSTRUCTION,RESEARCH_GRADE,True,False,YAHOO_FINANCE_YFINANCE,FREE_PUBLIC_RESEARCH_GRADE,False,True,False,False,False,MB_20210528
2021-06-01,505,449,56,88.9109,LIMITED,249,200,0,49,1.245,55.45657,44.54343,18787.0,True,FREE_PUBLIC_RECONSTRUCTION,RESEARCH_GRADE,True,False,YAHOO_FINANCE_YFINANCE,FREE_PUBLIC_RESEARCH_GRADE,False,True,False,False,False,MB_20210601
2021-06-02,505,449,56,88.9109,LIMITED,231,215,3,16,1.074419,51.447661,47.884187,18803.0,True,FREE_PUBLIC_RECONSTRUCTION,RESEARCH_GRADE,True,False,YAHOO_FINANCE_YFINANCE,FREE_PUBLIC_RESEARCH_GRADE,False,True,False,False,False,MB_20210602
2021-06-03,505,449,56,88.9109,LIMITED,216,230,3,-14,0.93913,48.106904,51.224944,18789.0,True,FREE_PUBLIC_RECONSTRUCTION,RESEARCH_GRADE,True,False,YAHOO_FINANCE_YFINANCE,FREE_PUBLIC_RESEARCH_GRADE,False,True,False,False,False,MB_20210603
2021-06-04,505,450,55,89.1089,LIMITED,305,145,0,160,2.103448,67.777778,32.222222,18949.0,True,FREE_PUBLIC_RECONSTRUCTION,RESEARCH_GRADE,True,False,YAHOO_FINANCE_YFINANCE,FREE_PUBLIC_RESEARCH_GRADE,False,True,False,False,False,MB_20210604
2021-06-07,505,450,55,89.1089,LIMITED,145,301,4,-156,0.481728,32.222222,66.888889,18793.0,True,FREE_PUBLIC_RECONSTRUCTION,RESEARCH_GRADE,True,False,YAHOO_FINANCE_YFINANCE,FREE_PUBLIC_RESEARCH_GRADE,False,True,False,False,False,MB_20210607
2021-06-08,505,450,55,89.1089,LIMITED,257,191,2,66,1.34555,57.111111,42.444444,18859.0,True,FREE_PUBLIC_RECONSTRUCTION,RESEARCH_GRADE,True,False,YAHOO_FINANCE_YFINANCE,FREE_PUBLIC_RESEARCH_GRADE,False,True,False,False,False,MB_20210608
2021-06-09,505,450,55,89.1089,LIMITED,151,296,3,-145,0.510135,33.555556,65.777778,18714.0,True,FREE_PUBLIC_RECONSTRUCTION,RESEARCH_GRADE,True,False,YAHOO_FINANCE_YFINANCE,FREE_PUBLIC_RESEARCH_GRADE,False,True,False,False,False,MB_20210609
2021-06-10,505,450,55,89.1089,LIMITED,248,200,2,48,1.24,55.111111,44.444444,18762.0,True,FREE_PUBLIC_RECONSTRUCTION,RESEARCH_GRADE,True,False,YAHOO_FINANCE_YFINANCE,FREE_PUBLIC_RESEARCH_GRADE,False,True,False,False,False,MB_20210610
2021-06-11,505,450,55,89.1089,LIMITED,317,130,3,187,2.438462,70.444444,28.888889,18949.0,True,FREE_PUBLIC_RECONSTRUCTION,RESEARCH_GRADE,True,False,YAHOO_FINANCE_YFINANCE,FREE_PUBLIC_RESEARCH_GRADE,False,True,False,False,False,MB_20210611
2021-06-14,505,450,55,89.1089,LIMITED,165,283,2,-118,0.583039,36.666667,62.888889,18831.0,True,FREE_PUBLIC_RECONSTRUCTION,RESEARCH_GRADE,True,False,YAHOO_FINANCE_YFINANCE,FREE_PUBLIC_RESEARCH_GRADE,False,True,False,False,False,MB_20210614
2021-06-15,505,450,55,89.1089,LIMITED,251,193,6,58,1.300518,55.777778,42.888889,18889.0,True,FREE_PUBLIC_RECONSTRUCTION,RESEARCH_GRADE,True,False,YAHOO_FINANCE_YFINANCE,FREE_PUBLIC_RESEARCH_GRADE,False,True,False,False,False,MB_20210615
2021-06-16,505,450,55,89.1089,LIMITED,88,362,0,-274,0.243094,19.555556,80.444444,18615.0,True,FREE_PUBLIC_RECONSTRUCTION,RESEARCH_GRADE,True,False,YAHOO_FINANCE_YFINANCE,FREE_PUBLIC_RESEARCH_GRADE,False,True,False,False,False,MB_20210616
2021-06-17,505,450,55,89.1089,LIMITED,169,280,1,-111,0.603571,37.555556,62.222222,18504.0,True,FREE_PUBLIC_RECONSTRUCTION,RESEARCH_GRADE,True,False,YAHOO_FINANCE_YFINANCE,FREE_PUBLIC_RESEARCH_GRADE,False,True,False,False,False,MB_20210617
2021-06-18,505,450,55,89.1089,LIMITED,47,403,0,-356,0.116625,10.444444,89.555556,18148.0,True,FREE_PUBLIC_RECONSTRUCTION,RESEARCH_GRADE,True,False,YAHOO_FINANCE_YFINANCE,FREE_PUBLIC_RESEARCH_GRADE,False,True,False,False,False,MB_20210618
2021-06-21,505,450,55,89.1089,LIMITED,430,20,0,410,21.5,95.555556,4.444444,18558.0,True,FREE_PUBLIC_RECONSTRUCTION,RESEARCH_GRADE,True,False,YAHOO_FINANCE_YFINANCE,FREE_PUBLIC_RESEARCH_GRADE,False,True,False,False,False,MB_20210621
2021-06-22,505,450,55,89.1089,LIMITED,233,214,3,19,1.088785,51.777778,47.555556,18577.0,True,FREE_PUBLIC_RECONSTRUCTION,RESEARCH_GRADE,True,False,YAHOO_FINANCE_YFINANCE,FREE_PUBLIC_RESEARCH_GRADE,False,True,False,False,False,MB_20210622
2021-06-23,505,450,55,89.1089,LIMITED,175,271,4,-96,0.645756,38.888889,60.222222,18481.0,True,FREE_PUBLIC_RECONSTRUCTION,RESEARCH_GRADE,True,False,YAHOO_FINANCE_YFINANCE,FREE_PUBLIC_RESEARCH_GRADE,False,True,False,False,False,MB_20210623
2021-06-24,505,450,55,89.1089,LIMITED,329,119,2,210,2.764706,73.111111,26.444444,18691.0,True,FREE_PUBLIC_RECONSTRUCTION,RESEARCH_GRADE,True,False,YAHOO_FINANCE_YFINANCE,FREE_PUBLIC_RESEARCH_GRADE,False,True,False,False,False,MB_20210624
2021-06-25,505,450,55,89.1089,LIMITED,357,92,1,265,3.880435,79.333333,20.444444,18956.0,True,FREE_PUBLIC_RECONSTRUCTION,RESEARCH_GRADE,True,False,YAHOO_FINANCE_YFINANCE,FREE_PUBLIC_RESEARCH_GRADE,False,True,False,False,False,MB_20210625
2021-06-28,505,450,55,89.1089,LIMITED,185,265,0,-80,0.698113,41.111111,58.888889,18876.0,True,FREE_PUBLIC_RECONSTRUCTION,RESEARCH_GRADE,True,False,YAHOO_FINANCE_YFINANCE,FREE_PUBLIC_RESEARCH_GRADE,False,True,False,False,False,MB_20210628
2021-06-29,505,450,55,89.1089,LIMITED,203,244,3,-41,0.831967,45.111111,54.222222,18835.0,True,FREE_PUBLIC_RECONSTRUCTION,RESEARCH_GRADE,True,False,YAHOO_FINANCE_YFINANCE,FREE_PUBLIC_RESEARCH_GRADE,False,True,False,False,False,MB_20210629
2021-06-30,505,450,55,89.1089,LIMITED,265,182,3,83,1.456044,58.888889,40.444444,18918.0,True,FREE_PUBLIC_RECONSTRUCTION,RESEARCH_GRADE,True,False,YAHOO_FINANCE_YFINANCE,FREE_PUBLIC_RESEARCH_GRADE,False,True,False,False,False,MB_20210630
2021-07-01,505,450,55,89.1089,LIMITED,362,87,1,275,4.16092,80.444444,19.333333,19193.0,True,FREE_PUBLIC_RECONSTRUCTION,RESEARCH_GRADE,True,False,YAHOO_FINANCE_YFINANCE,FREE_PUBLIC_RESEARCH_GRADE,False,True,False,False,False,MB_20210701
2021-07-02,505,450,55,89.1089,LIMITED,272,174,4,98,1.563218,60.444444,38.666667,19291.0,True,FREE_PUBLIC_RECONSTRUCTION,RESEARCH_GRADE,True,False,YAHOO_FINANCE_YFINANCE,FREE_PUBLIC_RESEARCH_GRADE,False,True,False,False,False,MB_20210702
2021-07-06,505,450,55,89.1089,LIMITED,138,312,0,-174,0.442308,30.666667,69.333333,19117.0,True,FREE_PUBLIC_RECONSTRUCTION,RESEARCH_GRADE,True,False,YAHOO_FINANCE_YFINANCE,FREE_PUBLIC_RESEARCH_GRADE,False,True,False,False,False,MB_20210706
2021-07-07,505,450,55,89.1089,LIMITED,306,144,0,162,2.125,68.0,32.0,19279.0,True,FREE_PUBLIC_RECONSTRUCTION,RESEARCH_GRADE,True,False,YAHOO_FINANCE_YFINANCE,FREE_PUBLIC_RESEARCH_GRADE,False,True,False,False,False,MB_20210707
2021-07-08,505,450,55,89.1089,LIMITED,56,391,3,-335,0.143223,12.444444,86.888889,18944.0,True,FREE_PUBLIC_RECONSTRUCTION,RESEARCH_GRADE,True,False,YAHOO_FINANCE_YFINANCE,FREE_PUBLIC_RESEARCH_GRADE,False,True,False,False,False,MB_20210708
2021-07-09,505,450,55,89.1089,LIMITED,411,38,1,373,10.815789,91.333333,8.444444,19317.0,True,FREE_PUBLIC_RECONSTRUCTION,RESEARCH_GRADE,True,False,YAHOO_FINANCE_YFINANCE,FREE_PUBLIC_RESEARCH_GRADE,False,True,False,False,False,MB_20210709
2021-07-12,505,450,55,89.1089,LIMITED,266,180,4,86,1.477778,59.111111,40.0,19403.0,True,FREE_PUBLIC_RECONSTRUCTION,RESEARCH_GRADE,True,False,YAHOO_FINANCE_YFINANCE,FREE_PUBLIC_RESEARCH_GRADE,False,True,False,False,False,MB_20210712
2021-07-13,505,450,55,89.1089,LIMITED,65,383,2,-318,0.169713,14.444444,85.111111,19085.0,True,FREE_PUBLIC_RECONSTRUCTION,RESEARCH_GRADE,True,False,YAHOO_FINANCE_YFINANCE,FREE_PUBLIC_RESEARCH_GRADE,False,True,False,False,False,MB_20210713
2021-07-14,505,450,55,89.1089,LIMITED,221,227,2,-6,0.973568,49.111111,50.444444,19079.0,True,FREE_PUBLIC_RECONSTRUCTION,RESEARCH_GRADE,True,False,YAHOO_FINANCE_YFINANCE,FREE_PUBLIC_RESEARCH_GRADE,False,True,False,False,False,MB_20210714
2021-07-15,505,450,55,89.1089,LIMITED,218,232,0,-14,0.939655,48.444444,51.555556,19065.0,True,FREE_PUBLIC_RECONSTRUCTION,RESEARCH_GRADE,True,False,YAHOO_FINANCE_YFINANCE,FREE_PUBLIC_RESEARCH_GRADE,False,True,False,False,False,MB_20210715
2021-07-16,505,450,55,89.1089,LIMITED,141,309,0,-168,0.456311,31.333333,68.666667,18897.0,True,FREE_PUBLIC_RECONSTRUCTION,RESEARCH_GRADE,True,False,YAHOO_FINANCE_YFINANCE,FREE_PUBLIC_RESEARCH_GRADE,False,True,False,False,False,MB_20210716
2021-07-19,505,450,55,89.1089,LIMITED,54,396,0,-342,0.136364,12.0,88.0,18555.0,True,FREE_PUBLIC_RECONSTRUCTION,RESEARCH_GRADE,True,False,YAHOO_FINANCE_YFINANCE,FREE_PUBLIC_RESEARCH_GRADE,False,True,False,False,False,MB_20210719
2021-07-20,505,450,55,89.1089,LIMITED,402,46,2,356,8.73913,89.333333,10.222222,18911.0,True,FREE_PUBLIC_RECONSTRUCTION,RESEARCH_GRADE,True,False,YAHOO_FINANCE_YFINANCE,FREE_PUBLIC_RESEARCH_GRADE,False,True,False,False,False,MB_20210720
2021-07-21,505,451,54,89.3069,LIMITED,333,117,1,216,2.846154,73.83592,25.94235,19127.0,True,FREE_PUBLIC_RECONSTRUCTION,RESEARCH_GRADE,True,False,YAHOO_FINANCE_YFINANCE,FREE_PUBLIC_RESEARCH_GRADE,False,True,False,False,False,MB_20210721
2021-07-22,505,451,54,89.3069,LIMITED,176,274,1,-98,0.642336,39.02439,60.75388,19029.0,True,FREE_PUBLIC_RECONSTRUCTION,RESEARCH_GRADE,True,False,YAHOO_FINANCE_YFINANCE,FREE_PUBLIC_RESEARCH_GRADE,False,True,False,False,False,MB_20210722
2021-07-23,505,451,54,89.3069,LIMITED,370,79,2,291,4.683544,82.039911,17.51663,19320.0,True,FREE_PUBLIC_RECONSTRUCTION,RESEARCH_GRADE,True,False,YAHOO_FINANCE_YFINANCE,FREE_PUBLIC_RESEARCH_GRADE,False,True,False,False,False,MB_20210723
2021-07-26,505,451,54,89.3069,LIMITED,252,197,2,55,1.279188,55.875831,43.68071,19375.0,True,FREE_PUBLIC_RECONSTRUCTION,RESEARCH_GRADE,True,False,YAHOO_FINANCE_YFINANCE,FREE_PUBLIC_RESEARCH_GRADE,False,True,False,False,False,MB_20210726
2021-07-27,505,451,54,89.3069,LIMITED,223,226,2,-3,0.986726,49.445676,50.110865,19372.0,True,FREE_PUBLIC_RECONSTRUCTION,RESEARCH_GRADE,True,False,YAHOO_FINANCE_YFINANCE,FREE_PUBLIC_RESEARCH_GRADE,False,True,False,False,False,MB_20210727
2021-07-28,505,451,54,89.3069,LIMITED,200,250,1,-50,0.8,44.345898,55.432373,19322.0,True,FREE_PUBLIC_RECONSTRUCTION,RESEARCH_GRADE,True,False,YAHOO_FINANCE_YFINANCE,FREE_PUBLIC_RESEARCH_GRADE,False,True,False,False,False,MB_20210728
2021-07-29,505,451,54,89.3069,LIMITED,347,102,2,245,3.401961,76.940133,22.616408,19567.0,True,FREE_PUBLIC_RECONSTRUCTION,RESEARCH_GRADE,True,False,YAHOO_FINANCE_YFINANCE,FREE_PUBLIC_RESEARCH_GRADE,False,True,False,False,False,MB_20210729
2021-07-30,505,451,54,89.3069,LIMITED,184,267,0,-83,0.689139,40.798226,59.201774,19484.0,True,FREE_PUBLIC_RECONSTRUCTION,RESEARCH_GRADE,True,False,YAHOO_FINANCE_YFINANCE,FREE_PUBLIC_RESEARCH_GRADE,False,True,False,False,False,MB_20210730
2021-08-02,505,451,54,89.3069,LIMITED,188,261,2,-73,0.720307,41.685144,57.871397,19411.0,True,FREE_PUBLIC_RECONSTRUCTION,RESEARCH_GRADE,True,False,YAHOO_FINANCE_YFINANCE,FREE_PUBLIC_RESEARCH_GRADE,False,True,False,False,False,MB_20210802
2021-08-03,505,452,53,89.505,LIMITED,352,100,0,252,3.52,77.876106,22.123894,19663.0,True,FREE_PUBLIC_RECONSTRUCTION,RESEARCH_GRADE,True,False,YAHOO_FINANCE_YFINANCE,FREE_PUBLIC_RESEARCH_GRADE,False,True,False,False,False,MB_20210803
2021-08-04,505,452,53,89.505,LIMITED,103,348,1,-245,0.295977,22.787611,76.99115,19418.0,True,FREE_PUBLIC_RECONSTRUCTION,RESEARCH_GRADE,True,False,YAHOO_FINANCE_YFINANCE,FREE_PUBLIC_RESEARCH_GRADE,False,True,False,False,False,MB_20210804
2021-08-05,505,452,53,89.505,LIMITED,316,134,2,182,2.358209,69.911504,29.646018,19600.0,True,FREE_PUBLIC_RECONSTRUCTION,RESEARCH_GRADE,True,False,YAHOO_FINANCE_YFINANCE,FREE_PUBLIC_RESEARCH_GRADE,False,True,False,False,False,MB_20210805
2021-08-06,505,452,53,89.505,LIMITED,284,167,1,117,1.700599,62.831858,36.946903,19717.0,True,FREE_PUBLIC_RECONSTRUCTION,RESEARCH_GRADE,True,False,YAHOO_FINANCE_YFINANCE,FREE_PUBLIC_RESEARCH_GRADE,False,True,False,False,False,MB_20210806
2021-08-09,505,452,53,89.505,LIMITED,160,287,5,-127,0.557491,35.39823,63.495575,19590.0,True,FREE_PUBLIC_RECONSTRUCTION,RESEARCH_GRADE,True,False,YAHOO_FINANCE_YFINANCE,FREE_PUBLIC_RESEARCH_GRADE,False,True,False,False,False,MB_20210809
2021-08-10,505,452,53,89.505,LIMITED,291,159,2,132,1.830189,64.380531,35.176991,19722.0,True,FREE_PUBLIC_RECONSTRUCTION,RESEARCH_GRADE,True,False,YAHOO_FINANCE_YFINANCE,FREE_PUBLIC_RESEARCH_GRADE,False,True,False,False,False,MB_20210810
2021-08-11,505,452,53,89.505,LIMITED,343,105,4,238,3.266667,75.884956,23.230088,19960.0,True,FREE_PUBLIC_RECONSTRUCTION,RESEARCH_GRADE,True,False,YAHOO_FINANCE_YFINANCE,FREE_PUBLIC_RESEARCH_GRADE,False,True,False,False,False,MB_20210811
2021-08-12,505,452,53,89.505,LIMITED,210,239,3,-29,0.878661,46.460177,52.876106,19931.0,True,FREE_PUBLIC_RECONSTRUCTION,RESEARCH_GRADE,True,False,YAHOO_FINANCE_YFINANCE,FREE_PUBLIC_RESEARCH_GRADE,False,True,False,False,False,MB_20210812
2021-08-13,505,452,53,89.505,LIMITED,244,207,1,37,1.178744,53.982301,45.79646,19968.0,True,FREE_PUBLIC_RECONSTRUCTION,RESEARCH_GRADE,True,False,YAHOO_FINANCE_YFINANCE,FREE_PUBLIC_RESEARCH_GRADE,False,True,False,False,False,MB_20210813
2021-08-16,505,452,53,89.505,LIMITED,259,190,3,69,1.363158,57.300885,42.035398,20037.0,True,FREE_PUBLIC_RECONSTRUCTION,RESEARCH_GRADE,True,False,YAHOO_FINANCE_YFINANCE,FREE_PUBLIC_RESEARCH_GRADE,False,True,False,False,False,MB_20210816
2021-08-17,505,452,53,89.505,LIMITED,131,321,0,-190,0.4081,28.982301,71.017699,19847.0,True,FREE_PUBLIC_RECONSTRUCTION,RESEARCH_GRADE,True,False,YAHOO_FINANCE_YFINANCE,FREE_PUBLIC_RESEARCH_GRADE,False,True,False,False,False,MB_20210817
2021-08-18,505,452,53,89.505,LIMITED,49,402,1,-353,0.121891,10.840708,88.938053,19494.0,True,FREE_PUBLIC_RECONSTRUCTION,RESEARCH_GRADE,True,False,YAHOO_FINANCE_YFINANCE,FREE_PUBLIC_RESEARCH_GRADE,False,True,False,False,False,MB_20210818
2021-08-19,505,452,53,89.505,LIMITED,206,245,1,-39,0.840816,45.575221,54.20354,19455.0,True,FREE_PUBLIC_RECONSTRUCTION,RESEARCH_GRADE,True,False,YAHOO_FINANCE_YFINANCE,FREE_PUBLIC_RESEARCH_GRADE,False,True,False,False,False,MB_20210819
2021-08-20,505,452,53,89.505,LIMITED,370,81,1,289,4.567901,81.858407,17.920354,19744.0,True,FREE_PUBLIC_RECONSTRUCTION,RESEARCH_GRADE,True,False,YAHOO_FINANCE_YFINANCE,FREE_PUBLIC_RESEARCH_GRADE,False,True,False,False,False,MB_20210820
2021-08-23,505,452,53,89.505,LIMITED,310,140,2,170,2.214286,68.584071,30.973451,19914.0,True,FREE_PUBLIC_RECONSTRUCTION,RESEARCH_GRADE,True,False,YAHOO_FINANCE_YFINANCE,FREE_PUBLIC_RESEARCH_GRADE,False,True,False,False,False,MB_20210823
2021-08-24,505,452,53,89.505,LIMITED,280,171,1,109,1.637427,61.946903,37.831858,20023.0,True,FREE_PUBLIC_RECONSTRUCTION,RESEARCH_GRADE,True,False,YAHOO_FINANCE_YFINANCE,FREE_PUBLIC_RESEARCH_GRADE,False,True,False,False,False,MB_20210824
2021-08-25,505,452,53,89.505,LIMITED,319,128,5,191,2.492188,70.575221,28.318584,20214.0,True,FREE_PUBLIC_RECONSTRUCTION,RESEARCH_GRADE,True,False,YAHOO_FINANCE_YFINANCE,FREE_PUBLIC_RESEARCH_GRADE,False,True,False,False,False,MB_20210825
2021-08-26,505,452,53,89.505,LIMITED,92,359,1,-267,0.256267,20.353982,79.424779,19947.0,True,FREE_PUBLIC_RECONSTRUCTION,RESEARCH_GRADE,True,False,YAHOO_FINANCE_YFINANCE,FREE_PUBLIC_RESEARCH_GRADE,False,True,False,False,False,MB_20210826
2021-08-27,505,452,53,89.505,LIMITED,388,63,1,325,6.15873,85.840708,13.938053,20272.0,True,FREE_PUBLIC_RECONSTRUCTION,RESEARCH_GRADE,True,False,YAHOO_FINANCE_YFINANCE,FREE_PUBLIC_RESEARCH_GRADE,False,True,False,False,False,MB_20210827
2021-08-30,505,453,52,89.703,LIMITED,225,225,3,0,1.0,49.668874,49.668874,20272.0,True,FREE_PUBLIC_RECONSTRUCTION,RESEARCH_GRADE,True,False,YAHOO_FINANCE_YFINANCE,FREE_PUBLIC_RESEARCH_GRADE,False,True,False,False,False,MB_20210830
2021-08-31,505,453,52,89.703,LIMITED,229,223,1,6,1.026906,50.551876,49.227373,20278.0,True,FREE_PUBLIC_RECONSTRUCTION,RESEARCH_GRADE,True,False,YAHOO_FINANCE_YFINANCE,FREE_PUBLIC_RESEARCH_GRADE,False,True,False,False,False,MB_20210831
2021-09-01,505,453,52,89.703,LIMITED,214,237,2,-23,0.902954,47.240618,52.317881,20255.0,True,FREE_PUBLIC_RECONSTRUCTION,RESEARCH_GRADE,True,False,YAHOO_FINANCE_YFINANCE,FREE_PUBLIC_RESEARCH_GRADE,False,True,False,False,False,MB_20210901
2021-09-02,505,453,52,89.703,LIMITED,335,116,2,219,2.887931,73.951435,25.607064,20474.0,True,FREE_PUBLIC_RECONSTRUCTION,RESEARCH_GRADE,True,False,YAHOO_FINANCE_YFINANCE,FREE_PUBLIC_RESEARCH_GRADE,False,True,False,False,False,MB_20210902
2021-09-03,505,453,52,89.703,LIMITED,139,310,4,-171,0.448387,30.684327,68.432671,20303.0,True,FREE_PUBLIC_RECONSTRUCTION,RESEARCH_GRADE,True,False,YAHOO_FINANCE_YFINANCE,FREE_PUBLIC_RESEARCH_GRADE,False,True,False,False,False,MB_20210903
2021-09-07,505,453,52,89.703,LIMITED,81,370,2,-289,0.218919,17.880795,81.677704,20014.0,True,FREE_PUBLIC_RECONSTRUCTION,RESEARCH_GRADE,True,False,YAHOO_FINANCE_YFINANCE,FREE_PUBLIC_RESEARCH_GRADE,False,True,False,False,False,MB_20210907
2021-09-08,505,453,52,89.703,LIMITED,228,224,1,4,1.017857,50.331126,49.448124,20018.0,True,FREE_PUBLIC_RECONSTRUCTION,RESEARCH_GRADE,True,False,YAHOO_FINANCE_YFINANCE,FREE_PUBLIC_RESEARCH_GRADE,False,True,False,False,False,MB_20210908
2021-09-09,505,453,52,89.703,LIMITED,169,281,3,-112,0.601423,37.306843,62.030905,19906.0,True,FREE_PUBLIC_RECONSTRUCTION,RESEARCH_GRADE,True,False,YAHOO_FINANCE_YFINANCE,FREE_PUBLIC_RESEARCH_GRADE,False,True,False,False,False,MB_20210909
2021-09-10,505,453,52,89.703,LIMITED,115,337,1,-222,0.341246,25.386313,74.392936,19684.0,True,FREE_PUBLIC_RECONSTRUCTION,RESEARCH_GRADE,True,False,YAHOO_FINANCE_YFINANCE,FREE_PUBLIC_RESEARCH_GRADE,False,True,False,False,False,MB_20210910
2021-09-13,505,453,52,89.703,LIMITED,272,179,2,93,1.519553,60.04415,39.514349,19777.0,True,FREE_PUBLIC_RECONSTRUCTION,RESEARCH_GRADE,True,False,YAHOO_FINANCE_YFINANCE,FREE_PUBLIC_RESEARCH_GRADE,False,True,False,False,False,MB_20210913
2021-09-14,505,453,52,89.703,LIMITED,113,338,2,-225,0.33432,24.944812,74.613687,19552.0,True,FREE_PUBLIC_RECONSTRUCTION,RESEARCH_GRADE,True,False,YAHOO_FINANCE_YFINANCE,FREE_PUBLIC_RESEARCH_GRADE,False,True,False,False,False,MB_20210914
2021-09-15,505,453,52,89.703,LIMITED,354,98,1,256,3.612245,78.145695,21.633554,19808.0,True,FREE_PUBLIC_RECONSTRUCTION,RESEARCH_GRADE,True,False,YAHOO_FINANCE_YFINANCE,FREE_PUBLIC_RESEARCH_GRADE,False,True,False,False,False,MB_20210915
2021-09-16,505,453,52,89.703,LIMITED,173,279,1,-106,0.620072,38.189845,61.589404,19702.0,True,FREE_PUBLIC_RECONSTRUCTION,RESEARCH_GRADE,True,False,YAHOO_FINANCE_YFINANCE,FREE_PUBLIC_RESEARCH_GRADE,False,True,False,False,False,MB_20210916
2021-09-17,505,453,52,89.703,LIMITED,90,362,1,-272,0.248619,19.86755,79.9117,19430.0,True,FREE_PUBLIC_RECONSTRUCTION,RESEARCH_GRADE,True,False,YAHOO_FINANCE_YFINANCE,FREE_PUBLIC_RESEARCH_GRADE,False,True,False,False,False,MB_20210917
2021-09-20,505,452,53,89.505,LIMITED,47,405,0,-358,0.116049,10.39823,89.60177,19072.0,True,FREE_PUBLIC_RECONSTRUCTION,RESEARCH_GRADE,True,False,YAHOO_FINANCE_YFINANCE,FREE_PUBLIC_RESEARCH_GRADE,False,True,False,False,False,MB_20210920
2021-09-21,505,452,53,89.505,LIMITED,157,291,4,-134,0.539519,34.734513,64.380531,18938.0,True,FREE_PUBLIC_RECONSTRUCTION,RESEARCH_GRADE,True,False,YAHOO_FINANCE_YFINANCE,FREE_PUBLIC_RESEARCH_GRADE,False,True,False,False,False,MB_20210921
2021-09-22,505,452,53,89.505,LIMITED,372,79,1,293,4.708861,82.300885,17.477876,19231.0,True,FREE_PUBLIC_RECONSTRUCTION,RESEARCH_GRADE,True,False,YAHOO_FINANCE_YFINANCE,FREE_PUBLIC_RESEARCH_GRADE,False,True,False,False,False,MB_20210922
2021-09-23,505,452,53,89.505,LIMITED,383,69,0,314,5.550725,84.734513,15.265487,19545.0,True,FREE_PUBLIC_RECONSTRUCTION,RESEARCH_GRADE,True,False,YAHOO_FINANCE_YFINANCE,FREE_PUBLIC_RESEARCH_GRADE,False,True,False,False,False,MB_20210923
2021-09-24,505,452,53,89.505,LIMITED,245,207,0,38,1.183575,54.20354,45.79646,19583.0,True,FREE_PUBLIC_RECONSTRUCTION,RESEARCH_GRADE,True,False,YAHOO_FINANCE_YFINANCE,FREE_PUBLIC_RESEARCH_GRADE,False,True,False,False,False,MB_20210924
2021-09-27,505,452,53,89.505,LIMITED,232,220,0,12,1.054545,51.327434,48.672566,19595.0,True,FREE_PUBLIC_RECONSTRUCTION,RESEARCH_GRADE,True,False,YAHOO_FINANCE_YFINANCE,FREE_PUBLIC_RESEARCH_GRADE,False,True,False,False,False,MB_20210927
2021-09-28,505,452,53,89.505,LIMITED,43,406,3,-363,0.105911,9.513274,89.823009,19232.0,True,FREE_PUBLIC_RECONSTRUCTION,RESEARCH_GRADE,True,False,YAHOO_FINANCE_YFINANCE,FREE_PUBLIC_RESEARCH_GRADE,False,True,False,False,False,MB_20210928
2021-09-29,505,452,53,89.505,LIMITED,263,187,2,76,1.406417,58.185841,41.371681,19308.0,True,FREE_PUBLIC_RECONSTRUCTION,RESEARCH_GRADE,True,False,YAHOO_FINANCE_YFINANCE,FREE_PUBLIC_RESEARCH_GRADE,False,True,False,False,False,MB_20210929
2021-09-30,505,452,53,89.505,LIMITED,35,413,4,-378,0.084746,7.743363,91.371681,18930.0,True,FREE_PUBLIC_RECONSTRUCTION,RESEARCH_GRADE,True,False,YAHOO_FINANCE_YFINANCE,FREE_PUBLIC_RESEARCH_GRADE,False,True,False,False,False,MB_20210930
2021-10-01,505,452,53,89.505,LIMITED,353,96,3,257,3.677083,78.097345,21.238938,19187.0,True,FREE_PUBLIC_RECONSTRUCTION,RESEARCH_GRADE,True,False,YAHOO_FINANCE_YFINANCE,FREE_PUBLIC_RESEARCH_GRADE,False,True,False,False,False,MB_20211001
2021-10-04,505,452,53,89.505,LIMITED,133,316,3,-183,0.420886,29.424779,69.911504,19004.0,True,FREE_PUBLIC_RECONSTRUCTION,RESEARCH_GRADE,True,False,YAHOO_FINANCE_YFINANCE,FREE_PUBLIC_RESEARCH_GRADE,False,True,False,False,False,MB_20211004
2021-10-05,505,452,53,89.505,LIMITED,329,122,1,207,2.696721,72.787611,26.99115,19211.0,True,FREE_PUBLIC_RECONSTRUCTION,RESEARCH_GRADE,True,False,YAHOO_FINANCE_YFINANCE,FREE_PUBLIC_RESEARCH_GRADE,False,True,False,False,False,MB_20211005
2021-10-06,505,452,53,89.505,LIMITED,259,192,1,67,1.348958,57.300885,42.477876,19278.0,True,FREE_PUBLIC_RECONSTRUCTION,RESEARCH_GRADE,True,False,YAHOO_FINANCE_YFINANCE,FREE_PUBLIC_RESEARCH_GRADE,False,True,False,False,False,MB_20211006
2021-10-07,505,452,53,89.505,LIMITED,349,103,0,246,3.38835,77.212389,22.787611,19524.0,True,FREE_PUBLIC_RECONSTRUCTION,RESEARCH_GRADE,True,False,YAHOO_FINANCE_YFINANCE,FREE_PUBLIC_RESEARCH_GRADE,False,True,False,False,False,MB_20211007
2021-10-08,505,452,53,89.505,LIMITED,165,283,4,-118,0.583039,36.504425,62.610619,19406.0,True,FREE_PUBLIC_RECONSTRUCTION,RESEARCH_GRADE,True,False,YAHOO_FINANCE_YFINANCE,FREE_PUBLIC_RESEARCH_GRADE,False,True,False,False,False,MB_20211008
2021-10-11,505,452,53,89.505,LIMITED,111,339,2,-228,0.327434,24.557522,75.0,19178.0,True,FREE_PUBLIC_RECONSTRUCTION,RESEARCH_GRADE,True,False,YAHOO_FINANCE_YFINANCE,FREE_PUBLIC_RESEARCH_GRADE,False,True,False,False,False,MB_20211011
2021-10-12,505,452,53,89.505,LIMITED,219,229,4,-10,0.956332,48.451327,50.663717,19168.0,True,FREE_PUBLIC_RECONSTRUCTION,RESEARCH_GRADE,True,False,YAHOO_FINANCE_YFINANCE,FREE_PUBLIC_RESEARCH_GRADE,False,True,False,False,False,MB_20211012
2021-10-13,505,452,53,89.505,LIMITED,259,188,5,71,1.37766,57.300885,41.59292,19239.0,True,FREE_PUBLIC_RECONSTRUCTION,RESEARCH_GRADE,True,False,YAHOO_FINANCE_YFINANCE,FREE_PUBLIC_RESEARCH_GRADE,False,True,False,False,False,MB_20211013
2021-10-14,505,452,53,89.505,LIMITED,432,20,0,412,21.6,95.575221,4.424779,19651.0,True,FREE_PUBLIC_RECONSTRUCTION,RESEARCH_GRADE,True,False,YAHOO_FINANCE_YFINANCE,FREE_PUBLIC_RESEARCH_GRADE,False,True,False,False,False,MB_20211014
2021-10-15,505,452,53,89.505,LIMITED,299,149,4,150,2.006711,66.150442,32.964602,19801.0,True,FREE_PUBLIC_RECONSTRUCTION,RESEARCH_GRADE,True,False,YAHOO_FINANCE_YFINANCE,FREE_PUBLIC_RESEARCH_GRADE,False,True,False,False,False,MB_20211015
2021-10-18,505,452,53,89.505,LIMITED,211,239,2,-28,0.882845,46.681416,52.876106,19773.0,True,FREE_PUBLIC_RECONSTRUCTION,RESEARCH_GRADE,True,False,YAHOO_FINANCE_YFINANCE,FREE_PUBLIC_RESEARCH_GRADE,False,True,False,False,False,MB_20211018
2021-10-19,505,452,53,89.505,LIMITED,331,119,2,212,2.781513,73.230088,26.327434,19985.0,True,FREE_PUBLIC_RECONSTRUCTION,RESEARCH_GRADE,True,False,YAHOO_FINANCE_YFINANCE,FREE_PUBLIC_RESEARCH_GRADE,False,True,False,False,False,MB_20211019
2021-10-20,505,452,53,89.505,LIMITED,350,102,0,248,3.431373,77.433628,22.566372,20233.0,True,FREE_PUBLIC_RECONSTRUCTION,RESEARCH_GRADE,True,False,YAHOO_FINANCE_YFINANCE,FREE_PUBLIC_RESEARCH_GRADE,False,True,False,False,False,MB_20211020
2021-10-21,505,452,53,89.505,LIMITED,254,196,2,58,1.295918,56.19469,43.362832,20291.0,True,FREE_PUBLIC_RECONSTRUCTION,RESEARCH_GRADE,True,False,YAHOO_FINANCE_YFINANCE,FREE_PUBLIC_RESEARCH_GRADE,False,True,False,False,False,MB_20211021
2021-10-22,505,452,53,89.505,LIMITED,295,153,4,142,1.928105,65.265487,33.849558,20433.0,True,FREE_PUBLIC_RECONSTRUCTION,RESEARCH_GRADE,True,False,YAHOO_FINANCE_YFINANCE,FREE_PUBLIC_RESEARCH_GRADE,False,True,False,False,False,MB_20211022
2021-10-25,505,452,53,89.505,LIMITED,244,206,2,38,1.184466,53.982301,45.575221,20471.0,True,FREE_PUBLIC_RECONSTRUCTION,RESEARCH_GRADE,True,False,YAHOO_FINANCE_YFINANCE,FREE_PUBLIC_RESEARCH_GRADE,False,True,False,False,False,MB_20211025
2021-10-26,505,452,53,89.505,LIMITED,202,246,4,-44,0.821138,44.690265,54.424779,20427.0,True,FREE_PUBLIC_RECONSTRUCTION,RESEARCH_GRADE,True,False,YAHOO_FINANCE_YFINANCE,FREE_PUBLIC_RESEARCH_GRADE,False,True,False,False,False,MB_20211026
2021-10-27,505,452,53,89.505,LIMITED,71,380,1,-309,0.186842,15.707965,84.070796,20118.0,True,FREE_PUBLIC_RECONSTRUCTION,RESEARCH_GRADE,True,False,YAHOO_FINANCE_YFINANCE,FREE_PUBLIC_RESEARCH_GRADE,False,True,False,False,False,MB_20211027
2021-10-28,505,452,53,89.505,LIMITED,367,82,3,285,4.47561,81.19469,18.141593,20403.0,True,FREE_PUBLIC_RECONSTRUCTION,RESEARCH_GRADE,True,False,YAHOO_FINANCE_YFINANCE,FREE_PUBLIC_RESEARCH_GRADE,False,True,False,False,False,MB_20211028
2021-10-29,505,452,53,89.505,LIMITED,197,252,3,-55,0.781746,43.584071,55.752212,20348.0,True,FREE_PUBLIC_RECONSTRUCTION,RESEARCH_GRADE,True,False,YAHOO_FINANCE_YFINANCE,FREE_PUBLIC_RESEARCH_GRADE,False,True,False,False,False,MB_20211029
2021-11-01,505,452,53,89.505,LIMITED,299,152,1,147,1.967105,66.150442,33.628319,20495.0,True,FREE_PUBLIC_RECONSTRUCTION,RESEARCH_GRADE,True,False,YAHOO_FINANCE_YFINANCE,FREE_PUBLIC_RESEARCH_GRADE,False,True,False,False,False,MB_20211101
2021-11-02,505,452,53,89.505,LIMITED,265,184,3,81,1.440217,58.628319,40.707965,20576.0,True,FREE_PUBLIC_RECONSTRUCTION,RESEARCH_GRADE,True,False,YAHOO_FINANCE_YFINANCE,FREE_PUBLIC_RESEARCH_GRADE,False,True,False,False,False,MB_20211102
2021-11-03,505,452,53,89.505,LIMITED,302,149,1,153,2.026846,66.814159,32.964602,20729.0,True,FREE_PUBLIC_RECONSTRUCTION,RESEARCH_GRADE,True,False,YAHOO_FINANCE_YFINANCE,FREE_PUBLIC_RESEARCH_GRADE,False,True,False,False,False,MB_20211103
2021-11-04,505,452,53,89.505,LIMITED,196,255,1,-59,0.768627,43.362832,56.415929,20670.0,True,FREE_PUBLIC_RECONSTRUCTION,RESEARCH_GRADE,True,False,YAHOO_FINANCE_YFINANCE,FREE_PUBLIC_RESEARCH_GRADE,False,True,False,False,False,MB_20211104
2021-11-05,505,452,53,89.505,LIMITED,296,155,1,141,1.909677,65.486726,34.292035,20811.0,True,FREE_PUBLIC_RECONSTRUCTION,RESEARCH_GRADE,True,False,YAHOO_FINANCE_YFINANCE,FREE_PUBLIC_RESEARCH_GRADE,False,True,False,False,False,MB_20211105
2021-11-08,505,452,53,89.505,LIMITED,245,204,3,41,1.20098,54.20354,45.132743,20852.0,True,FREE_PUBLIC_RECONSTRUCTION,RESEARCH_GRADE,True,False,YAHOO_FINANCE_YFINANCE,FREE_PUBLIC_RESEARCH_GRADE,False,True,False,False,False,MB_20211108
2021-11-09,505,452,53,89.505,LIMITED,223,225,4,-2,0.991111,49.336283,49.778761,20850.0,True,FREE_PUBLIC_RECONSTRUCTION,RESEARCH_GRADE,True,False,YAHOO_FINANCE_YFINANCE,FREE_PUBLIC_RESEARCH_GRADE,False,True,False,False,False,MB_20211109
2021-11-10,505,452,53,89.505,LIMITED,171,280,1,-109,0.610714,37.831858,61.946903,20741.0,True,FREE_PUBLIC_RECONSTRUCTION,RESEARCH_GRADE,True,False,YAHOO_FINANCE_YFINANCE,FREE_PUBLIC_RESEARCH_GRADE,False,True,False,False,False,MB_20211110
2021-11-11,505,452,53,89.505,LIMITED,248,203,1,45,1.221675,54.867257,44.911504,20786.0,True,FREE_PUBLIC_RECONSTRUCTION,RESEARCH_GRADE,True,False,YAHOO_FINANCE_YFINANCE,FREE_PUBLIC_RESEARCH_GRADE,False,True,False,False,False,MB_20211111
2021-11-12,505,452,53,89.505,LIMITED,293,158,1,135,1.85443,64.823009,34.955752,20921.0,True,FREE_PUBLIC_RECONSTRUCTION,RESEARCH_GRADE,True,False,YAHOO_FINANCE_YFINANCE,FREE_PUBLIC_RESEARCH_GRADE,False,True,False,False,False,MB_20211112
2021-11-15,505,452,53,89.505,LIMITED,246,205,1,41,1.2,54.424779,45.353982,20962.0,True,FREE_PUBLIC_RECONSTRUCTION,RESEARCH_GRADE,True,False,YAHOO_FINANCE_YFINANCE,FREE_PUBLIC_RESEARCH_GRADE,False,True,False,False,False,MB_20211115
2021-11-16,505,452,53,89.505,LIMITED,234,216,2,18,1.083333,51.769912,47.787611,20980.0,True,FREE_PUBLIC_RECONSTRUCTION,RESEARCH_GRADE,True,False,YAHOO_FINANCE_YFINANCE,FREE_PUBLIC_RESEARCH_GRADE,False,True,False,False,False,MB_20211116
2021-11-17,505,452,53,89.505,LIMITED,149,301,2,-152,0.495017,32.964602,66.59292,20828.0,True,FREE_PUBLIC_RECONSTRUCTION,RESEARCH_GRADE,True,False,YAHOO_FINANCE_YFINANCE,FREE_PUBLIC_RESEARCH_GRADE,False,True,False,False,False,MB_20211117
2021-11-18,505,452,53,89.505,LIMITED,153,298,1,-145,0.513423,33.849558,65.929204,20683.0,True,FREE_PUBLIC_RECONSTRUCTION,RESEARCH_GRADE,True,False,YAHOO_FINANCE_YFINANCE,FREE_PUBLIC_RESEARCH_GRADE,False,True,False,False,False,MB_20211118
2021-11-19,505,452,53,89.505,LIMITED,159,291,2,-132,0.546392,35.176991,64.380531,20551.0,True,FREE_PUBLIC_RECONSTRUCTION,RESEARCH_GRADE,True,False,YAHOO_FINANCE_YFINANCE,FREE_PUBLIC_RESEARCH_GRADE,False,True,False,False,False,MB_20211119
2021-11-22,505,452,53,89.505,LIMITED,256,196,0,60,1.306122,56.637168,43.362832,20611.0,True,FREE_PUBLIC_RECONSTRUCTION,RESEARCH_GRADE,True,False,YAHOO_FINANCE_YFINANCE,FREE_PUBLIC_RESEARCH_GRADE,False,True,False,False,False,MB_20211122
2021-11-23,505,452,53,89.505,LIMITED,282,170,0,112,1.658824,62.389381,37.610619,20723.0,True,FREE_PUBLIC_RECONSTRUCTION,RESEARCH_GRADE,True,False,YAHOO_FINANCE_YFINANCE,FREE_PUBLIC_RESEARCH_GRADE,False,True,False,False,False,MB_20211123
2021-11-24,505,452,53,89.505,LIMITED,212,236,4,-24,0.898305,46.902655,52.212389,20699.0,True,FREE_PUBLIC_RECONSTRUCTION,RESEARCH_GRADE,True,False,YAHOO_FINANCE_YFINANCE,FREE_PUBLIC_RESEARCH_GRADE,False,True,False,False,False,MB_20211124
2021-11-26,505,452,53,89.505,LIMITED,28,423,1,-395,0.066194,6.19469,93.584071,20304.0,True,FREE_PUBLIC_RECONSTRUCTION,RESEARCH_GRADE,True,False,YAHOO_FINANCE_YFINANCE,FREE_PUBLIC_RESEARCH_GRADE,False,True,False,False,False,MB_20211126
2021-11-29,505,452,53,89.505,LIMITED,303,147,2,156,2.061224,67.035398,32.522124,20460.0,True,FREE_PUBLIC_RECONSTRUCTION,RESEARCH_GRADE,True,False,YAHOO_FINANCE_YFINANCE,FREE_PUBLIC_RESEARCH_GRADE,False,True,False,False,False,MB_20211129
2021-11-30,505,452,53,89.505,LIMITED,7,445,0,-438,0.01573,1.548673,98.451327,20022.0,True,FREE_PUBLIC_RECONSTRUCTION,RESEARCH_GRADE,True,False,YAHOO_FINANCE_YFINANCE,FREE_PUBLIC_RESEARCH_GRADE,False,True,False,False,False,MB_20211130
2021-12-01,505,452,53,89.505,LIMITED,92,359,1,-267,0.256267,20.353982,79.424779,19755.0,True,FREE_PUBLIC_RECONSTRUCTION,RESEARCH_GRADE,True,False,YAHOO_FINANCE_YFINANCE,FREE_PUBLIC_RESEARCH_GRADE,False,True,False,False,False,MB_20211201
2021-12-02,505,452,53,89.505,LIMITED,410,42,0,368,9.761905,90.707965,9.292035,20123.0,True,FREE_PUBLIC_RECONSTRUCTION,RESEARCH_GRADE,True,False,YAHOO_FINANCE_YFINANCE,FREE_PUBLIC_RESEARCH_GRADE,False,True,False,False,False,MB_20211202
2021-12-03,505,452,53,89.505,LIMITED,179,271,2,-92,0.660517,39.60177,59.955752,20031.0,True,FREE_PUBLIC_RECONSTRUCTION,RESEARCH_GRADE,True,False,YAHOO_FINANCE_YFINANCE,FREE_PUBLIC_RESEARCH_GRADE,False,True,False,False,False,MB_20211203
2021-12-06,505,452,53,89.505,LIMITED,385,67,0,318,5.746269,85.176991,14.823009,20349.0,True,FREE_PUBLIC_RECONSTRUCTION,RESEARCH_GRADE,True,False,YAHOO_FINANCE_YFINANCE,FREE_PUBLIC_RESEARCH_GRADE,False,True,False,False,False,MB_20211206
2021-12-07,505,452,53,89.505,LIMITED,392,57,3,335,6.877193,86.725664,12.610619,20684.0,True,FREE_PUBLIC_RECONSTRUCTION,RESEARCH_GRADE,True,False,YAHOO_FINANCE_YFINANCE,FREE_PUBLIC_RESEARCH_GRADE,False,True,False,False,False,MB_20211207
2021-12-08,505,452,53,89.505,LIMITED,275,176,1,99,1.5625,60.840708,38.938053,20783.0,True,FREE_PUBLIC_RECONSTRUCTION,RESEARCH_GRADE,True,False,YAHOO_FINANCE_YFINANCE,FREE_PUBLIC_RESEARCH_GRADE,False,True,False,False,False,MB_20211208
2021-12-09,505,452,53,89.505,LIMITED,108,342,2,-234,0.315789,23.893805,75.663717,20549.0,True,FREE_PUBLIC_RECONSTRUCTION,RESEARCH_GRADE,True,False,YAHOO_FINANCE_YFINANCE,FREE_PUBLIC_RESEARCH_GRADE,False,True,False,False,False,MB_20211209
2021-12-10,505,452,53,89.505,LIMITED,327,124,1,203,2.637097,72.345133,27.433628,20752.0,True,FREE_PUBLIC_RECONSTRUCTION,RESEARCH_GRADE,True,False,YAHOO_FINANCE_YFINANCE,FREE_PUBLIC_RESEARCH_GRADE,False,True,False,False,False,MB_20211210
2021-12-13,505,452,53,89.505,LIMITED,162,289,1,-127,0.560554,35.840708,63.938053,20625.0,True,FREE_PUBLIC_RECONSTRUCTION,RESEARCH_GRADE,True,False,YAHOO_FINANCE_YFINANCE,FREE_PUBLIC_RESEARCH_GRADE,False,True,False,False,False,MB_20211213
2021-12-14,505,453,52,89.703,LIMITED,139,312,2,-173,0.445513,30.684327,68.874172,20452.0,True,FREE_PUBLIC_RECONSTRUCTION,RESEARCH_GRADE,True,False,YAHOO_FINANCE_YFINANCE,FREE_PUBLIC_RESEARCH_GRADE,False,True,False,False,False,MB_20211214
2021-12-15,505,453,52,89.703,LIMITED,361,90,2,271,4.011111,79.690949,19.86755,20723.0,True,FREE_PUBLIC_RECONSTRUCTION,RESEARCH_GRADE,True,False,YAHOO_FINANCE_YFINANCE,FREE_PUBLIC_RESEARCH_GRADE,False,True,False,False,False,MB_20211215
2021-12-16,505,453,52,89.703,LIMITED,241,209,3,32,1.15311,53.200883,46.136865,20755.0,True,FREE_PUBLIC_RECONSTRUCTION,RESEARCH_GRADE,True,False,YAHOO_FINANCE_YFINANCE,FREE_PUBLIC_RESEARCH_GRADE,False,True,False,False,False,MB_20211216
2021-12-17,505,453,52,89.703,LIMITED,116,336,1,-220,0.345238,25.607064,74.172185,20535.0,True,FREE_PUBLIC_RECONSTRUCTION,RESEARCH_GRADE,True,False,YAHOO_FINANCE_YFINANCE,FREE_PUBLIC_RESEARCH_GRADE,False,True,False,False,False,MB_20211217
2021-12-20,505,454,51,89.901,LIMITED,69,383,2,-314,0.180157,15.198238,84.361233,20221.0,True,FREE_PUBLIC_RECONSTRUCTION,RESEARCH_GRADE,True,False,YAHOO_FINANCE_YFINANCE,FREE_PUBLIC_RESEARCH_GRADE,False,True,False,False,False,MB_20211220
2021-12-21,505,454,51,89.901,LIMITED,380,74,0,306,5.135135,83.700441,16.299559,20527.0,True,FREE_PUBLIC_RECONSTRUCTION,RESEARCH_GRADE,True,False,YAHOO_FINANCE_YFINANCE,FREE_PUBLIC_RESEARCH_GRADE,False,True,False,False,False,MB_20211221
2021-12-22,505,454,51,89.901,LIMITED,359,93,2,266,3.860215,79.07489,20.484581,20793.0,True,FREE_PUBLIC_RECONSTRUCTION,RESEARCH_GRADE,True,False,YAHOO_FINANCE_YFINANCE,FREE_PUBLIC_RESEARCH_GRADE,False,True,False,False,False,MB_20211222
2021-12-23,505,454,51,89.901,LIMITED,361,92,1,269,3.923913,79.515419,20.264317,21062.0,True,FREE_PUBLIC_RECONSTRUCTION,RESEARCH_GRADE,True,False,YAHOO_FINANCE_YFINANCE,FREE_PUBLIC_RESEARCH_GRADE,False,True,False,False,False,MB_20211223
2021-12-27,505,454,51,89.901,LIMITED,409,42,3,367,9.738095,90.088106,9.251101,21429.0,True,FREE_PUBLIC_RECONSTRUCTION,RESEARCH_GRADE,True,False,YAHOO_FINANCE_YFINANCE,FREE_PUBLIC_RESEARCH_GRADE,False,True,False,False,False,MB_20211227
2021-12-28,505,454,51,89.901,LIMITED,282,170,2,112,1.658824,62.114537,37.444934,21541.0,True,FREE_PUBLIC_RECONSTRUCTION,RESEARCH_GRADE,True,False,YAHOO_FINANCE_YFINANCE,FREE_PUBLIC_RESEARCH_GRADE,False,True,False,False,False,MB_20211228
2021-12-29,505,454,51,89.901,LIMITED,309,141,4,168,2.191489,68.061674,31.057269,21709.0,True,FREE_PUBLIC_RECONSTRUCTION,RESEARCH_GRADE,True,False,YAHOO_FINANCE_YFINANCE,FREE_PUBLIC_RESEARCH_GRADE,False,True,False,False,False,MB_20211229
2021-12-30,505,454,51,89.901,LIMITED,162,289,3,-127,0.560554,35.682819,63.656388,21582.0,True,FREE_PUBLIC_RECONSTRUCTION,RESEARCH_GRADE,True,False,YAHOO_FINANCE_YFINANCE,FREE_PUBLIC_RESEARCH_GRADE,False,True,False,False,False,MB_20211230
2021-12-31,505,454,51,89.901,LIMITED,258,194,2,64,1.329897,56.828194,42.731278,21646.0,True,FREE_PUBLIC_RECONSTRUCTION,RESEARCH_GRADE,True,False,YAHOO_FINANCE_YFINANCE,FREE_PUBLIC_RESEARCH_GRADE,False,True,False,False,False,MB_20211231
2022-01-03,505,454,51,89.901,LIMITED,220,234,0,-14,0.940171,48.45815,51.54185,21632.0,True,FREE_PUBLIC_RECONSTRUCTION,RESEARCH_GRADE,True,False,YAHOO_FINANCE_YFINANCE,FREE_PUBLIC_RESEARCH_GRADE,False,True,False,False,False,MB_20220103
2022-01-04,505,454,51,89.901,LIMITED,302,150,2,152,2.013333,66.519824,33.039648,21784.0,True,FREE_PUBLIC_RECONSTRUCTION,RESEARCH_GRADE,True,False,YAHOO_FINANCE_YFINANCE,FREE_PUBLIC_RESEARCH_GRADE,False,True,False,False,False,MB_20220104
2022-01-05,505,454,51,89.901,LIMITED,89,363,2,-274,0.245179,19.603524,79.955947,21510.0,True,FREE_PUBLIC_RECONSTRUCTION,RESEARCH_GRADE,True,False,YAHOO_FINANCE_YFINANCE,FREE_PUBLIC_RESEARCH_GRADE,False,True,False,False,False,MB_20220105
2022-01-06,505,454,51,89.901,LIMITED,252,202,0,50,1.247525,55.506608,44.493392,21560.0,True,FREE_PUBLIC_RECONSTRUCTION,RESEARCH_GRADE,True,False,YAHOO_FINANCE_YFINANCE,FREE_PUBLIC_RESEARCH_GRADE,False,True,False,False,False,MB_20220106
2022-01-07,505,454,51,89.901,LIMITED,211,241,2,-30,0.875519,46.475771,53.0837,21530.0,True,FREE_PUBLIC_RECONSTRUCTION,RESEARCH_GRADE,True,False,YAHOO_FINANCE_YFINANCE,FREE_PUBLIC_RESEARCH_GRADE,False,True,False,False,False,MB_20220107
2022-01-10,505,455,50,90.099,GOOD,162,290,3,-128,0.558621,35.604396,63.736264,21402.0,True,FREE_PUBLIC_RECONSTRUCTION,RESEARCH_GRADE,True,False,YAHOO_FINANCE_YFINANCE,FREE_PUBLIC_RESEARCH_GRADE,False,True,False,False,False,MB_20220110
2022-01-11,505,455,50,90.099,GOOD,334,121,0,213,2.760331,73.406593,26.593407,21615.0,True,FREE_PUBLIC_RECONSTRUCTION,RESEARCH_GRADE,True,False,YAHOO_FINANCE_YFINANCE,FREE_PUBLIC_RESEARCH_GRADE,False,True,False,False,False,MB_20220111
2022-01-12,505,455,50,90.099,GOOD,262,191,2,71,1.371728,57.582418,41.978022,21686.0,True,FREE_PUBLIC_RECONSTRUCTION,RESEARCH_GRADE,True,False,YAHOO_FINANCE_YFINANCE,FREE_PUBLIC_RESEARCH_GRADE,False,True,False,False,False,MB_20220112
2022-01-13,505,455,50,90.099,GOOD,198,257,0,-59,0.770428,43.516484,56.483516,21627.0,True,FREE_PUBLIC_RECONSTRUCTION,RESEARCH_GRADE,True,False,YAHOO_FINANCE_YFINANCE,FREE_PUBLIC_RESEARCH_GRADE,False,True,False,False,False,MB_20220113
2022-01-14,505,455,50,90.099,GOOD,188,264,3,-76,0.712121,41.318681,58.021978,21551.0,True,FREE_PUBLIC_RECONSTRUCTION,RESEARCH_GRADE,True,False,YAHOO_FINANCE_YFINANCE,FREE_PUBLIC_RESEARCH_GRADE,False,True,False,False,False,MB_20220114
2022-01-18,505,455,50,90.099,GOOD,51,403,1,-352,0.126551,11.208791,88.571429,21199.0,True,FREE_PUBLIC_RECONSTRUCTION,RESEARCH_GRADE,True,False,YAHOO_FINANCE_YFINANCE,FREE_PUBLIC_RESEARCH_GRADE,False,True,False,False,False,MB_20220118
2022-01-19,505,455,50,90.099,GOOD,104,350,1,-246,0.297143,22.857143,76.923077,20953.0,True,FREE_PUBLIC_RECONSTRUCTION,RESEARCH_GRADE,True,False,YAHOO_FINANCE_YFINANCE,FREE_PUBLIC_RESEARCH_GRADE,False,True,False,False,False,MB_20220119
2022-01-20,505,455,50,90.099,GOOD,75,375,5,-300,0.2,16.483516,82.417582,20653.0,True,FREE_PUBLIC_RECONSTRUCTION,RESEARCH_GRADE,True,False,YAHOO_FINANCE_YFINANCE,FREE_PUBLIC_RESEARCH_GRADE,False,True,False,False,False,MB_20220120
2022-01-21,505,455,50,90.099,GOOD,91,362,2,-271,0.251381,20.0,79.56044,20382.0,True,FREE_PUBLIC_RECONSTRUCTION,RESEARCH_GRADE,True,False,YAHOO_FINANCE_YFINANCE,FREE_PUBLIC_RESEARCH_GRADE,False,True,False,False,False,MB_20220121
2022-01-24,505,455,50,90.099,GOOD,287,166,2,121,1.728916,63.076923,36.483516,20503.0,True,FREE_PUBLIC_RECONSTRUCTION,RESEARCH_GRADE,True,False,YAHOO_FINANCE_YFINANCE,FREE_PUBLIC_RESEARCH_GRADE,False,True,False,False,False,MB_20220124
2022-01-25,505,455,50,90.099,GOOD,107,348,0,-241,0.307471,23.516484,76.483516,20262.0,True,FREE_PUBLIC_RECONSTRUCTION,RESEARCH_GRADE,True,False,YAHOO_FINANCE_YFINANCE,FREE_PUBLIC_RESEARCH_GRADE,False,True,False,False,False,MB_20220125
2022-01-26,505,455,50,90.099,GOOD,142,312,1,-170,0.455128,31.208791,68.571429,20092.0,True,FREE_PUBLIC_RECONSTRUCTION,RESEARCH_GRADE,True,False,YAHOO_FINANCE_YFINANCE,FREE_PUBLIC_RESEARCH_GRADE,False,True,False,False,False,MB_20220126
2022-01-27,505,455,50,90.099,GOOD,160,294,1,-134,0.544218,35.164835,64.615385,19958.0,True,FREE_PUBLIC_RECONSTRUCTION,RESEARCH_GRADE,True,False,YAHOO_FINANCE_YFINANCE,FREE_PUBLIC_RESEARCH_GRADE,False,True,False,False,False,MB_20220127
2022-01-28,505,455,50,90.099,GOOD,390,65,0,325,6.0,85.714286,14.285714,20283.0,True,FREE_PUBLIC_RECONSTRUCTION,RESEARCH_GRADE,True,False,YAHOO_FINANCE_YFINANCE,FREE_PUBLIC_RESEARCH_GRADE,False,True,False,False,False,MB_20220128
2022-01-31,505,455,50,90.099,GOOD,384,69,2,315,5.565217,84.395604,15.164835,20598.0,True,FREE_PUBLIC_RECONSTRUCTION,RESEARCH_GRADE,True,False,YAHOO_FINANCE_YFINANCE,FREE_PUBLIC_RESEARCH_GRADE,False,True,False,False,False,MB_20220131
2022-02-01,505,455,50,90.099,GOOD,310,145,0,165,2.137931,68.131868,31.868132,20763.0,True,FREE_PUBLIC_RECONSTRUCTION,RESEARCH_GRADE,True,False,YAHOO_FINANCE_YFINANCE,FREE_PUBLIC_RESEARCH_GRADE,False,True,False,False,False,MB_20220201
2022-02-02,505,456,49,90.297,GOOD,338,117,1,221,2.888889,74.122807,25.657895,20984.0,True,FREE_PUBLIC_RECONSTRUCTION,RESEARCH_GRADE,True,False,YAHOO_FINANCE_YFINANCE,FREE_PUBLIC_RESEARCH_GRADE,False,True,False,False,False,MB_20220202
2022-02-03,505,456,49,90.297,GOOD,78,377,1,-299,0.206897,17.105263,82.675439,20685.0,True,FREE_PUBLIC_RECONSTRUCTION,RESEARCH_GRADE,True,False,YAHOO_FINANCE_YFINANCE,FREE_PUBLIC_RESEARCH_GRADE,False,True,False,False,False,MB_20220203
2022-02-04,505,456,49,90.297,GOOD,186,269,1,-83,0.69145,40.789474,58.991228,20602.0,True,FREE_PUBLIC_RECONSTRUCTION,RESEARCH_GRADE,True,False,YAHOO_FINANCE_YFINANCE,FREE_PUBLIC_RESEARCH_GRADE,False,True,False,False,False,MB_20220204
2022-02-07,505,456,49,90.297,GOOD,233,219,4,14,1.063927,51.096491,48.026316,20616.0,True,FREE_PUBLIC_RECONSTRUCTION,RESEARCH_GRADE,True,False,YAHOO_FINANCE_YFINANCE,FREE_PUBLIC_RESEARCH_GRADE,False,True,False,False,False,MB_20220207
2022-02-08,505,456,49,90.297,GOOD,347,108,1,239,3.212963,76.096491,23.684211,20855.0,True,FREE_PUBLIC_RECONSTRUCTION,RESEARCH_GRADE,True,False,YAHOO_FINANCE_YFINANCE,FREE_PUBLIC_RESEARCH_GRADE,False,True,False,False,False,MB_20220208
2022-02-09,505,456,49,90.297,GOOD,384,70,2,314,5.485714,84.210526,15.350877,21169.0,True,FREE_PUBLIC_RECONSTRUCTION,RESEARCH_GRADE,True,False,YAHOO_FINANCE_YFINANCE,FREE_PUBLIC_RESEARCH_GRADE,False,True,False,False,False,MB_20220209
2022-02-10,505,456,49,90.297,GOOD,55,401,0,-346,0.137157,12.061404,87.938596,20823.0,True,FREE_PUBLIC_RECONSTRUCTION,RESEARCH_GRADE,True,False,YAHOO_FINANCE_YFINANCE,FREE_PUBLIC_RESEARCH_GRADE,False,True,False,False,False,MB_20220210
2022-02-11,505,456,49,90.297,GOOD,90,366,0,-276,0.245902,19.736842,80.263158,20547.0,True,FREE_PUBLIC_RECONSTRUCTION,RESEARCH_GRADE,True,False,YAHOO_FINANCE_YFINANCE,FREE_PUBLIC_RESEARCH_GRADE,False,True,False,False,False,MB_20220211
2022-02-14,505,456,49,90.297,GOOD,98,357,1,-259,0.27451,21.491228,78.289474,20288.0,True,FREE_PUBLIC_RECONSTRUCTION,RESEARCH_GRADE,True,False,YAHOO_FINANCE_YFINANCE,FREE_PUBLIC_RESEARCH_GRADE,False,True,False,False,False,MB_20220214
2022-02-15,505,457,48,90.495,GOOD,364,93,0,271,3.913978,79.649891,20.350109,20559.0,True,FREE_PUBLIC_RECONSTRUCTION,RESEARCH_GRADE,True,False,YAHOO_FINANCE_YFINANCE,FREE_PUBLIC_RESEARCH_GRADE,False,True,False,False,False,MB_20220215
2022-02-16,505,457,48,90.495,GOOD,278,178,1,100,1.561798,60.83151,38.949672,20659.0,True,FREE_PUBLIC_RECONSTRUCTION,RESEARCH_GRADE,True,False,YAHOO_FINANCE_YFINANCE,FREE_PUBLIC_RESEARCH_GRADE,False,True,False,False,False,MB_20220216
2022-02-17,505,458,47,90.6931,GOOD,68,389,1,-321,0.174807,14.847162,84.934498,20338.0,True,FREE_PUBLIC_RECONSTRUCTION,RESEARCH_GRADE,True,False,YAHOO_FINANCE_YFINANCE,FREE_PUBLIC_RESEARCH_GRADE,False,True,False,False,False,MB_20220217
2022-02-18,505,458,47,90.6931,GOOD,159,298,1,-139,0.533557,34.716157,65.065502,20199.0,True,FREE_PUBLIC_RECONSTRUCTION,RESEARCH_GRADE,True,False,YAHOO_FINANCE_YFINANCE,FREE_PUBLIC_RESEARCH_GRADE,False,True,False,False,False,MB_20220218
2022-02-22,505,458,47,90.6931,GOOD,100,355,3,-255,0.28169,21.834061,77.510917,19944.0,True,FREE_PUBLIC_RECONSTRUCTION,RESEARCH_GRADE,True,False,YAHOO_FINANCE_YFINANCE,FREE_PUBLIC_RESEARCH_GRADE,False,True,False,False,False,MB_20220222
2022-02-23,505,458,47,90.6931,GOOD,52,405,1,-353,0.128395,11.353712,88.427948,19591.0,True,FREE_PUBLIC_RECONSTRUCTION,RESEARCH_GRADE,True,False,YAHOO_FINANCE_YFINANCE,FREE_PUBLIC_RESEARCH_GRADE,False,True,False,False,False,MB_20220223
2022-02-24,505,458,47,90.6931,GOOD,290,167,1,123,1.736527,63.318777,36.462882,19714.0,True,FREE_PUBLIC_RECONSTRUCTION,RESEARCH_GRADE,True,False,YAHOO_FINANCE_YFINANCE,FREE_PUBLIC_RESEARCH_GRADE,False,True,False,False,False,MB_20220224
2022-02-25,505,458,47,90.6931,GOOD,443,15,0,428,29.533333,96.724891,3.275109,20142.0,True,FREE_PUBLIC_RECONSTRUCTION,RESEARCH_GRADE,True,False,YAHOO_FINANCE_YFINANCE,FREE_PUBLIC_RESEARCH_GRADE,False,True,False,False,False,MB_20220225
2022-02-28,505,458,47,90.6931,GOOD,126,331,1,-205,0.380665,27.510917,72.270742,19937.0,True,FREE_PUBLIC_RECONSTRUCTION,RESEARCH_GRADE,True,False,YAHOO_FINANCE_YFINANCE,FREE_PUBLIC_RESEARCH_GRADE,False,True,False,False,False,MB_20220228
2022-03-01,505,458,47,90.6931,GOOD,87,369,2,-282,0.235772,18.995633,80.567686,19655.0,True,FREE_PUBLIC_RECONSTRUCTION,RESEARCH_GRADE,True,False,YAHOO_FINANCE_YFINANCE,FREE_PUBLIC_RESEARCH_GRADE,False,True,False,False,False,MB_20220301
2022-03-02,505,459,46,90.8911,GOOD,422,36,1,386,11.722222,91.938998,7.843137,20041.0,True,FREE_PUBLIC_RECONSTRUCTION,RESEARCH_GRADE,True,False,YAHOO_FINANCE_YFINANCE,FREE_PUBLIC_RESEARCH_GRADE,False,True,False,False,False,MB_20220302
2022-03-03,505,459,46,90.8911,GOOD,229,229,1,0,1.0,49.891068,49.891068,20041.0,True,FREE_PUBLIC_RECONSTRUCTION,RESEARCH_GRADE,True,False,YAHOO_FINANCE_YFINANCE,FREE_PUBLIC_RESEARCH_GRADE,False,True,False,False,False,MB_20220303
2022-03-04,505,459,46,90.8911,GOOD,178,278,3,-100,0.640288,38.779956,60.566449,19941.0,True,FREE_PUBLIC_RECONSTRUCTION,RESEARCH_GRADE,True,False,YAHOO_FINANCE_YFINANCE,FREE_PUBLIC_RESEARCH_GRADE,False,True,False,False,False,MB_20220304
2022-03-07,505,459,46,90.8911,GOOD,65,394,0,-329,0.164975,14.16122,85.83878,19612.0,True,FREE_PUBLIC_RECONSTRUCTION,RESEARCH_GRADE,True,False,YAHOO_FINANCE_YFINANCE,FREE_PUBLIC_RESEARCH_GRADE,False,True,False,False,False,MB_20220307
2022-03-08,505,459,46,90.8911,GOOD,179,277,3,-98,0.646209,38.997821,60.348584,19514.0,True,FREE_PUBLIC_RECONSTRUCTION,RESEARCH_GRADE,True,False,YAHOO_FINANCE_YFINANCE,FREE_PUBLIC_RESEARCH_GRADE,False,True,False,False,False,MB_20220308
2022-03-09,505,459,46,90.8911,GOOD,383,76,0,307,5.039474,83.442266,16.557734,19821.0,True,FREE_PUBLIC_RECONSTRUCTION,RESEARCH_GRADE,True,False,YAHOO_FINANCE_YFINANCE,FREE_PUBLIC_RESEARCH_GRADE,False,True,False,False,False,MB_20220309
2022-03-10,505,459,46,90.8911,GOOD,177,280,2,-103,0.632143,38.562092,61.002179,19718.0,True,FREE_PUBLIC_RECONSTRUCTION,RESEARCH_GRADE,True,False,YAHOO_FINANCE_YFINANCE,FREE_PUBLIC_RESEARCH_GRADE,False,True,False,False,False,MB_20220310
2022-03-11,505,459,46,90.8911,GOOD,89,365,5,-276,0.243836,19.389978,79.520697,19442.0,True,FREE_PUBLIC_RECONSTRUCTION,RESEARCH_GRADE,True,False,YAHOO_FINANCE_YFINANCE,FREE_PUBLIC_RESEARCH_GRADE,False,True,False,False,False,MB_20220311
2022-03-14,505,459,46,90.8911,GOOD,198,258,3,-60,0.767442,43.137255,56.20915,19382.0,True,FREE_PUBLIC_RECONSTRUCTION,RESEARCH_GRADE,True,False,YAHOO_FINANCE_YFINANCE,FREE_PUBLIC_RESEARCH_GRADE,False,True,False,False,False,MB_20220314
2022-03-15,505,459,46,90.8911,GOOD,406,52,1,354,7.807692,88.453159,11.328976,19736.0,True,FREE_PUBLIC_RECONSTRUCTION,RESEARCH_GRADE,True,False,YAHOO_FINANCE_YFINANCE,FREE_PUBLIC_RESEARCH_GRADE,False,True,False,False,False,MB_20220315
2022-03-16,505,459,46,90.8911,GOOD,381,78,0,303,4.884615,83.006536,16.993464,20039.0,True,FREE_PUBLIC_RECONSTRUCTION,RESEARCH_GRADE,True,False,YAHOO_FINANCE_YFINANCE,FREE_PUBLIC_RESEARCH_GRADE,False,True,False,False,False,MB_20220316
2022-03-17,505,459,46,90.8911,GOOD,383,73,3,310,5.246575,83.442266,15.904139,20349.0,True,FREE_PUBLIC_RECONSTRUCTION,RESEARCH_GRADE,True,False,YAHOO_FINANCE_YFINANCE,FREE_PUBLIC_RESEARCH_GRADE,False,True,False,False,False,MB_20220317
2022-03-18,505,459,46,90.8911,GOOD,323,136,0,187,2.375,70.37037,29.62963,20536.0,True,FREE_PUBLIC_RECONSTRUCTION,RESEARCH_GRADE,True,False,YAHOO_FINANCE_YFINANCE,FREE_PUBLIC_RESEARCH_GRADE,False,True,False,False,False,MB_20220318
2022-03-21,505,459,46,90.8911,GOOD,170,285,4,-115,0.596491,37.037037,62.091503,20421.0,True,FREE_PUBLIC_RECONSTRUCTION,RESEARCH_GRADE,True,False,YAHOO_FINANCE_YFINANCE,FREE_PUBLIC_RESEARCH_GRADE,False,True,False,False,False,MB_20220321
2022-03-22,505,459,46,90.8911,GOOD,325,130,4,195,2.5,70.8061,28.32244,20616.0,True,FREE_PUBLIC_RECONSTRUCTION,RESEARCH_GRADE,True,False,YAHOO_FINANCE_YFINANCE,FREE_PUBLIC_RESEARCH_GRADE,False,True,False,False,False,MB_20220322
2022-03-23,505,459,46,90.8911,GOOD,83,374,2,-291,0.221925,18.082789,81.481481,20325.0,True,FREE_PUBLIC_RECONSTRUCTION,RESEARCH_GRADE,True,False,YAHOO_FINANCE_YFINANCE,FREE_PUBLIC_RESEARCH_GRADE,False,True,False,False,False,MB_20220323
2022-03-24,505,459,46,90.8911,GOOD,402,56,1,346,7.178571,87.581699,12.200436,20671.0,True,FREE_PUBLIC_RECONSTRUCTION,RESEARCH_GRADE,True,False,YAHOO_FINANCE_YFINANCE,FREE_PUBLIC_RESEARCH_GRADE,False,True,False,False,False,MB_20220324
2022-03-25,505,459,46,90.8911,GOOD,341,118,0,223,2.889831,74.291939,25.708061,20894.0,True,FREE_PUBLIC_RECONSTRUCTION,RESEARCH_GRADE,True,False,YAHOO_FINANCE_YFINANCE,FREE_PUBLIC_RESEARCH_GRADE,False,True,False,False,False,MB_20220325
2022-03-28,505,459,46,90.8911,GOOD,284,172,3,112,1.651163,61.873638,37.472767,21006.0,True,FREE_PUBLIC_RECONSTRUCTION,RESEARCH_GRADE,True,False,YAHOO_FINANCE_YFINANCE,FREE_PUBLIC_RESEARCH_GRADE,False,True,False,False,False,MB_20220328
2022-03-29,505,459,46,90.8911,GOOD,396,62,1,334,6.387097,86.27451,13.507625,21340.0,True,FREE_PUBLIC_RECONSTRUCTION,RESEARCH_GRADE,True,False,YAHOO_FINANCE_YFINANCE,FREE_PUBLIC_RESEARCH_GRADE,False,True,False,False,False,MB_20220329
2022-03-30,505,459,46,90.8911,GOOD,162,295,2,-133,0.549153,35.294118,64.270153,21207.0,True,FREE_PUBLIC_RECONSTRUCTION,RESEARCH_GRADE,True,False,YAHOO_FINANCE_YFINANCE,FREE_PUBLIC_RESEARCH_GRADE,False,True,False,False,False,MB_20220330
2022-03-31,505,459,46,90.8911,GOOD,65,392,2,-327,0.165816,14.16122,85.40305,20880.0,True,FREE_PUBLIC_RECONSTRUCTION,RESEARCH_GRADE,True,False,YAHOO_FINANCE_YFINANCE,FREE_PUBLIC_RESEARCH_GRADE,False,True,False,False,False,MB_20220331
2022-04-01,505,459,46,90.8911,GOOD,304,153,2,151,1.986928,66.230937,33.333333,21031.0,True,FREE_PUBLIC_RECONSTRUCTION,RESEARCH_GRADE,True,False,YAHOO_FINANCE_YFINANCE,FREE_PUBLIC_RESEARCH_GRADE,False,True,False,False,False,MB_20220401
2022-04-04,505,460,45,91.0891,GOOD,233,224,3,9,1.040179,50.652174,48.695652,21040.0,True,FREE_PUBLIC_RECONSTRUCTION,RESEARCH_GRADE,True,False,YAHOO_FINANCE_YFINANCE,FREE_PUBLIC_RESEARCH_GRADE,False,True,False,False,False,MB_20220404
2022-04-05,505,460,45,91.0891,GOOD,138,321,1,-183,0.429907,30.0,69.782609,20857.0,True,FREE_PUBLIC_RECONSTRUCTION,RESEARCH_GRADE,True,False,YAHOO_FINANCE_YFINANCE,FREE_PUBLIC_RESEARCH_GRADE,False,True,False,False,False,MB_20220405
2022-04-06,505,460,45,91.0891,GOOD,206,254,0,-48,0.811024,44.782609,55.217391,20809.0,True,FREE_PUBLIC_RECONSTRUCTION,RESEARCH_GRADE,True,False,YAHOO_FINANCE_YFINANCE,FREE_PUBLIC_RESEARCH_GRADE,False,True,False,False,False,MB_20220406
2022-04-07,505,460,45,91.0891,GOOD,253,204,3,49,1.240196,55.0,44.347826,20858.0,True,FREE_PUBLIC_RECONSTRUCTION,RESEARCH_GRADE,True,False,YAHOO_FINANCE_YFINANCE,FREE_PUBLIC_RESEARCH_GRADE,False,True,False,False,False,MB_20220407
2022-04-08,505,460,45,91.0891,GOOD,236,222,2,14,1.063063,51.304348,48.26087,20872.0,True,FREE_PUBLIC_RECONSTRUCTION,RESEARCH_GRADE,True,False,YAHOO_FINANCE_YFINANCE,FREE_PUBLIC_RESEARCH_GRADE,False,True,False,False,False,MB_20220408
2022-04-11,504,460,44,91.2698,GOOD,106,352,2,-246,0.301136,23.043478,76.521739,20626.0,True,FREE_PUBLIC_RECONSTRUCTION,RESEARCH_GRADE,True,False,YAHOO_FINANCE_YFINANCE,FREE_PUBLIC_RESEARCH_GRADE,False,True,False,False,False,MB_20220411
2022-04-12,504,460,44,91.2698,GOOD,184,274,2,-90,0.671533,40.0,59.565217,20536.0,True,FREE_PUBLIC_RECONSTRUCTION,RESEARCH_GRADE,True,False,YAHOO_FINANCE_YFINANCE,FREE_PUBLIC_RESEARCH_GRADE,False,True,False,False,False,MB_20220412
2022-04-13,504,460,44,91.2698,GOOD,360,98,2,262,3.673469,78.26087,21.304348,20798.0,True,FREE_PUBLIC_RECONSTRUCTION,RESEARCH_GRADE,True,False,YAHOO_FINANCE_YFINANCE,FREE_PUBLIC_RESEARCH_GRADE,False,True,False,False,False,MB_20220413
2022-04-14,504,460,44,91.2698,GOOD,156,302,2,-146,0.516556,33.913043,65.652174,20652.0,True,FREE_PUBLIC_RECONSTRUCTION,RESEARCH_GRADE,True,False,YAHOO_FINANCE_YFINANCE,FREE_PUBLIC_RESEARCH_GRADE,False,True,False,False,False,MB_20220414
2022-04-18,504,460,44,91.2698,GOOD,180,279,1,-99,0.645161,39.130435,60.652174,20553.0,True,FREE_PUBLIC_RECONSTRUCTION,RESEARCH_GRADE,True,False,YAHOO_FINANCE_YFINANCE,FREE_PUBLIC_RESEARCH_GRADE,False,True,False,False,False,MB_20220418
2022-04-19,504,460,44,91.2698,GOOD,409,50,1,359,8.18,88.913043,10.869565,20912.0,True,FREE_PUBLIC_RECONSTRUCTION,RESEARCH_GRADE,True,False,YAHOO_FINANCE_YFINANCE,FREE_PUBLIC_RESEARCH_GRADE,False,True,False,False,False,MB_20220419
2022-04-20,504,460,44,91.2698,GOOD,347,109,4,238,3.183486,75.434783,23.695652,21150.0,True,FREE_PUBLIC_RECONSTRUCTION,RESEARCH_GRADE,True,False,YAHOO_FINANCE_YFINANCE,FREE_PUBLIC_RESEARCH_GRADE,False,True,False,False,False,MB_20220420
2022-04-21,504,460,44,91.2698,GOOD,80,377,3,-297,0.212202,17.391304,81.956522,20853.0,True,FREE_PUBLIC_RECONSTRUCTION,RESEARCH_GRADE,True,False,YAHOO_FINANCE_YFINANCE,FREE_PUBLIC_RESEARCH_GRADE,False,True,False,False,False,MB_20220421
2022-04-22,504,460,44,91.2698,GOOD,12,448,0,-436,0.026786,2.608696,97.391304,20417.0,True,FREE_PUBLIC_RECONSTRUCTION,RESEARCH_GRADE,True,False,YAHOO_FINANCE_YFINANCE,FREE_PUBLIC_RESEARCH_GRADE,False,True,False,False,False,MB_20220422
2022-04-25,504,460,44,91.2698,GOOD,272,187,1,85,1.454545,59.130435,40.652174,20502.0,True,FREE_PUBLIC_RECONSTRUCTION,RESEARCH_GRADE,True,False,YAHOO_FINANCE_YFINANCE,FREE_PUBLIC_RESEARCH_GRADE,False,True,False,False,False,MB_20220425
2022-04-26,504,460,44,91.2698,GOOD,29,431,0,-402,0.067285,6.304348,93.695652,20100.0,True,FREE_PUBLIC_RECONSTRUCTION,RESEARCH_GRADE,True,False,YAHOO_FINANCE_YFINANCE,FREE_PUBLIC_RESEARCH_GRADE,False,True,False,False,False,MB_20220426
2022-04-27,504,460,44,91.2698,GOOD,246,209,5,37,1.177033,53.478261,45.434783,20137.0,True,FREE_PUBLIC_RECONSTRUCTION,RESEARCH_GRADE,True,False,YAHOO_FINANCE_YFINANCE,FREE_PUBLIC_RESEARCH_GRADE,False,True,False,False,False,MB_20220427
2022-04-28,504,460,44,91.2698,GOOD,402,56,2,346,7.178571,87.391304,12.173913,20483.0,True,FREE_PUBLIC_RECONSTRUCTION,RESEARCH_GRADE,True,False,YAHOO_FINANCE_YFINANCE,FREE_PUBLIC_RESEARCH_GRADE,False,True,False,False,False,MB_20220428
2022-04-29,504,460,44,91.2698,GOOD,9,451,0,-442,0.019956,1.956522,98.043478,20041.0,True,FREE_PUBLIC_RECONSTRUCTION,RESEARCH_GRADE,True,False,YAHOO_FINANCE_YFINANCE,FREE_PUBLIC_RESEARCH_GRADE,False,True,False,False,False,MB_20220429
2022-05-02,504,460,44,91.2698,GOOD,243,215,2,28,1.130233,52.826087,46.73913,20069.0,True,FREE_PUBLIC_RECONSTRUCTION,RESEARCH_GRADE,True,False,YAHOO_FINANCE_YFINANCE,FREE_PUBLIC_RESEARCH_GRADE,False,True,False,False,False,MB_20220502
2022-05-03,504,460,44,91.2698,GOOD,326,133,1,193,2.451128,70.869565,28.913043,20262.0,True,FREE_PUBLIC_RECONSTRUCTION,RESEARCH_GRADE,True,False,YAHOO_FINANCE_YFINANCE,FREE_PUBLIC_RESEARCH_GRADE,False,True,False,False,False,MB_20220503
2022-05-04,504,460,44,91.2698,GOOD,436,24,0,412,18.166667,94.782609,5.217391,20674.0,True,FREE_PUBLIC_RECONSTRUCTION,RESEARCH_GRADE,True,False,YAHOO_FINANCE_YFINANCE,FREE_PUBLIC_RESEARCH_GRADE,False,True,False,False,False,MB_20220504
2022-05-05,504,460,44,91.2698,GOOD,15,444,1,-429,0.033784,3.26087,96.521739,20245.0,True,FREE_PUBLIC_RECONSTRUCTION,RESEARCH_GRADE,True,False,YAHOO_FINANCE_YFINANCE,FREE_PUBLIC_RESEARCH_GRADE,False,True,False,False,False,MB_20220505
2022-05-06,504,460,44,91.2698,GOOD,140,317,3,-177,0.44164,30.434783,68.913043,20068.0,True,FREE_PUBLIC_RECONSTRUCTION,RESEARCH_GRADE,True,False,YAHOO_FINANCE_YFINANCE,FREE_PUBLIC_RESEARCH_GRADE,False,True,False,False,False,MB_20220506
2022-05-09,504,460,44,91.2698,GOOD,71,388,1,-317,0.18299,15.434783,84.347826,19751.0,True,FREE_PUBLIC_RECONSTRUCTION,RESEARCH_GRADE,True,False,YAHOO_FINANCE_YFINANCE,FREE_PUBLIC_RESEARCH_GRADE,False,True,False,False,False,MB_20220509
2022-05-10,504,461,43,91.4683,GOOD,192,268,1,-76,0.716418,41.64859,58.13449,19675.0,True,FREE_PUBLIC_RECONSTRUCTION,RESEARCH_GRADE,True,False,YAHOO_FINANCE_YFINANCE,FREE_PUBLIC_RESEARCH_GRADE,False,True,False,False,False,MB_20220510
2022-05-11,504,461,43,91.4683,GOOD,112,346,3,-234,0.323699,24.295011,75.05423,19441.0,True,FREE_PUBLIC_RECONSTRUCTION,RESEARCH_GRADE,True,False,YAHOO_FINANCE_YFINANCE,FREE_PUBLIC_RESEARCH_GRADE,False,True,False,False,False,MB_20220511
2022-05-12,504,461,43,91.4683,GOOD,270,190,1,80,1.421053,58.56833,41.214751,19521.0,True,FREE_PUBLIC_RECONSTRUCTION,RESEARCH_GRADE,True,False,YAHOO_FINANCE_YFINANCE,FREE_PUBLIC_RESEARCH_GRADE,False,True,False,False,False,MB_20220512
2022-05-13,504,461,43,91.4683,GOOD,423,38,0,385,11.131579,91.75705,8.24295,19906.0,True,FREE_PUBLIC_RECONSTRUCTION,RESEARCH_GRADE,True,False,YAHOO_FINANCE_YFINANCE,FREE_PUBLIC_RESEARCH_GRADE,False,True,False,False,False,MB_20220513
2022-05-16,504,461,43,91.4683,GOOD,174,287,0,-113,0.606272,37.744035,62.255965,19793.0,True,FREE_PUBLIC_RECONSTRUCTION,RESEARCH_GRADE,True,False,YAHOO_FINANCE_YFINANCE,FREE_PUBLIC_RESEARCH_GRADE,False,True,False,False,False,MB_20220516
2022-05-17,504,461,43,91.4683,GOOD,411,50,0,361,8.22,89.154013,10.845987,20154.0,True,FREE_PUBLIC_RECONSTRUCTION,RESEARCH_GRADE,True,False,YAHOO_FINANCE_YFINANCE,FREE_PUBLIC_RESEARCH_GRADE,False,True,False,False,False,MB_20220517
2022-05-18,504,461,43,91.4683,GOOD,7,453,1,-446,0.015453,1.518438,98.264642,19708.0,True,FREE_PUBLIC_RECONSTRUCTION,RESEARCH_GRADE,True,False,YAHOO_FINANCE_YFINANCE,FREE_PUBLIC_RESEARCH_GRADE,False,True,False,False,False,MB_20220518
2022-05-19,504,461,43,91.4683,GOOD,203,257,1,-54,0.789883,44.034707,55.748373,19654.0,True,FREE_PUBLIC_RECONSTRUCTION,RESEARCH_GRADE,True,False,YAHOO_FINANCE_YFINANCE,FREE_PUBLIC_RESEARCH_GRADE,False,True,False,False,False,MB_20220519
2022-05-20,504,461,43,91.4683,GOOD,260,195,6,65,1.333333,56.399132,42.299349,19719.0,True,FREE_PUBLIC_RECONSTRUCTION,RESEARCH_GRADE,True,False,YAHOO_FINANCE_YFINANCE,FREE_PUBLIC_RESEARCH_GRADE,False,True,False,False,False,MB_20220520
2022-05-23,504,461,43,91.4683,GOOD,386,75,0,311,5.146667,83.73102,16.26898,20030.0,True,FREE_PUBLIC_RECONSTRUCTION,RESEARCH_GRADE,True,False,YAHOO_FINANCE_YFINANCE,FREE_PUBLIC_RESEARCH_GRADE,False,True,False,False,False,MB_20220523
2022-05-24,504,461,43,91.4683,GOOD,192,268,1,-76,0.716418,41.64859,58.13449,19954.0,True,FREE_PUBLIC_RECONSTRUCTION,RESEARCH_GRADE,True,False,YAHOO_FINANCE_YFINANCE,FREE_PUBLIC_RESEARCH_GRADE,False,True,False,False,False,MB_20220524
2022-05-25,504,461,43,91.4683,GOOD,344,115,2,229,2.991304,74.62039,24.94577,20183.0,True,FREE_PUBLIC_RECONSTRUCTION,RESEARCH_GRADE,True,False,YAHOO_FINANCE_YFINANCE,FREE_PUBLIC_RESEARCH_GRADE,False,True,False,False,False,MB_20220525
2022-05-26,504,461,43,91.4683,GOOD,411,49,1,362,8.387755,89.154013,10.629067,20545.0,True,FREE_PUBLIC_RECONSTRUCTION,RESEARCH_GRADE,True,False,YAHOO_FINANCE_YFINANCE,FREE_PUBLIC_RESEARCH_GRADE,False,True,False,False,False,MB_20220526
2022-05-27,504,461,43,91.4683,GOOD,442,18,1,424,24.555556,95.878525,3.904555,20969.0,True,FREE_PUBLIC_RECONSTRUCTION,RESEARCH_GRADE,True,False,YAHOO_FINANCE_YFINANCE,FREE_PUBLIC_RESEARCH_GRADE,False,True,False,False,False,MB_20220527
2022-05-31,504,461,43,91.4683,GOOD,93,364,4,-271,0.255495,20.173536,78.958785,20698.0,True,FREE_PUBLIC_RECONSTRUCTION,RESEARCH_GRADE,True,False,YAHOO_FINANCE_YFINANCE,FREE_PUBLIC_RESEARCH_GRADE,False,True,False,False,False,MB_20220531
2022-06-01,504,461,43,91.4683,GOOD,86,373,2,-287,0.230563,18.655098,80.911063,20411.0,True,FREE_PUBLIC_RECONSTRUCTION,RESEARCH_GRADE,True,False,YAHOO_FINANCE_YFINANCE,FREE_PUBLIC_RESEARCH_GRADE,False,True,False,False,False,MB_20220601
2022-06-02,504,461,43,91.4683,GOOD,397,61,3,336,6.508197,86.117137,13.232104,20747.0,True,FREE_PUBLIC_RECONSTRUCTION,RESEARCH_GRADE,True,False,YAHOO_FINANCE_YFINANCE,FREE_PUBLIC_RESEARCH_GRADE,False,True,False,False,False,MB_20220602
2022-06-03,504,461,43,91.4683,GOOD,62,396,3,-334,0.156566,13.449024,85.900217,20413.0,True,FREE_PUBLIC_RECONSTRUCTION,RESEARCH_GRADE,True,False,YAHOO_FINANCE_YFINANCE,FREE_PUBLIC_RESEARCH_GRADE,False,True,False,False,False,MB_20220603
2022-06-06,504,461,43,91.4683,GOOD,292,167,2,125,1.748503,63.340564,36.225597,20538.0,True,FREE_PUBLIC_RECONSTRUCTION,RESEARCH_GRADE,True,False,YAHOO_FINANCE_YFINANCE,FREE_PUBLIC_RESEARCH_GRADE,False,True,False,False,False,MB_20220606
2022-06-07,504,461,43,91.4683,GOOD,383,77,1,306,4.974026,83.08026,16.70282,20844.0,True,FREE_PUBLIC_RECONSTRUCTION,RESEARCH_GRADE,True,False,YAHOO_FINANCE_YFINANCE,FREE_PUBLIC_RESEARCH_GRADE,False,True,False,False,False,MB_20220607
2022-06-08,504,462,42,91.6667,GOOD,46,414,2,-368,0.111111,9.95671,89.61039,20476.0,True,FREE_PUBLIC_RECONSTRUCTION,RESEARCH_GRADE,True,False,YAHOO_FINANCE_YFINANCE,FREE_PUBLIC_RESEARCH_GRADE,False,True,False,False,False,MB_20220608
2022-06-09,504,463,41,91.8651,GOOD,22,441,0,-419,0.049887,4.75162,95.24838,20057.0,True,FREE_PUBLIC_RECONSTRUCTION,RESEARCH_GRADE,True,False,YAHOO_FINANCE_YFINANCE,FREE_PUBLIC_RESEARCH_GRADE,False,True,False,False,False,MB_20220609
2022-06-10,504,463,41,91.8651,GOOD,29,433,1,-404,0.066975,6.263499,93.520518,19653.0,True,FREE_PUBLIC_RECONSTRUCTION,RESEARCH_GRADE,True,False,YAHOO_FINANCE_YFINANCE,FREE_PUBLIC_RESEARCH_GRADE,False,True,False,False,False,MB_20220610
2022-06-13,504,463,41,91.8651,GOOD,4,458,1,-454,0.008734,0.863931,98.920086,19199.0,True,FREE_PUBLIC_RECONSTRUCTION,RESEARCH_GRADE,True,False,YAHOO_FINANCE_YFINANCE,FREE_PUBLIC_RESEARCH_GRADE,False,True,False,False,False,MB_20220613
2022-06-14,504,463,41,91.8651,GOOD,156,304,3,-148,0.513158,33.693305,65.658747,19051.0,True,FREE_PUBLIC_RECONSTRUCTION,RESEARCH_GRADE,True,False,YAHOO_FINANCE_YFINANCE,FREE_PUBLIC_RESEARCH_GRADE,False,True,False,False,False,MB_20220614
2022-06-15,504,463,41,91.8651,GOOD,361,100,2,261,3.61,77.969762,21.598272,19312.0,True,FREE_PUBLIC_RECONSTRUCTION,RESEARCH_GRADE,True,False,YAHOO_FINANCE_YFINANCE,FREE_PUBLIC_RESEARCH_GRADE,False,True,False,False,False,MB_20220615
2022-06-16,504,463,41,91.8651,GOOD,14,449,0,-435,0.03118,3.023758,96.976242,18877.0,True,FREE_PUBLIC_RECONSTRUCTION,RESEARCH_GRADE,True,False,YAHOO_FINANCE_YFINANCE,FREE_PUBLIC_RESEARCH_GRADE,False,True,False,False,False,MB_20220616
2022-06-17,504,463,41,91.8651,GOOD,270,191,2,79,1.413613,58.315335,41.2527,18956.0,True,FREE_PUBLIC_RECONSTRUCTION,RESEARCH_GRADE,True,False,YAHOO_FINANCE_YFINANCE,FREE_PUBLIC_RESEARCH_GRADE,False,True,False,False,False,MB_20220617
2022-06-21,503,462,41,91.8489,GOOD,404,58,0,346,6.965517,87.445887,12.554113,19302.0,True,FREE_PUBLIC_RECONSTRUCTION,RESEARCH_GRADE,True,False,YAHOO_FINANCE_YFINANCE,FREE_PUBLIC_RESEARCH_GRADE,False,True,False,False,False,MB_20220621
2022-06-22,503,462,41,91.8489,GOOD,232,228,2,4,1.017544,50.21645,49.350649,19306.0,True,FREE_PUBLIC_RECONSTRUCTION,RESEARCH_GRADE,True,False,YAHOO_FINANCE_YFINANCE,FREE_PUBLIC_RESEARCH_GRADE,False,True,False,False,False,MB_20220622
2022-06-23,503,462,41,91.8489,GOOD,307,154,1,153,1.993506,66.450216,33.333333,19459.0,True,FREE_PUBLIC_RECONSTRUCTION,RESEARCH_GRADE,True,False,YAHOO_FINANCE_YFINANCE,FREE_PUBLIC_RESEARCH_GRADE,False,True,False,False,False,MB_20220623
2022-06-24,503,462,41,91.8489,GOOD,447,14,1,433,31.928571,96.753247,3.030303,19892.0,True,FREE_PUBLIC_RECONSTRUCTION,RESEARCH_GRADE,True,False,YAHOO_FINANCE_YFINANCE,FREE_PUBLIC_RESEARCH_GRADE,False,True,False,False,False,MB_20220624
2022-06-27,503,462,41,91.8489,GOOD,210,248,4,-38,0.846774,45.454545,53.679654,19854.0,True,FREE_PUBLIC_RECONSTRUCTION,RESEARCH_GRADE,True,False,YAHOO_FINANCE_YFINANCE,FREE_PUBLIC_RESEARCH_GRADE,False,True,False,False,False,MB_20220627
2022-06-28,503,463,40,92.0477,GOOD,61,401,1,-340,0.15212,13.174946,86.609071,19514.0,True,FREE_PUBLIC_RECONSTRUCTION,RESEARCH_GRADE,True,False,YAHOO_FINANCE_YFINANCE,FREE_PUBLIC_RESEARCH_GRADE,False,True,False,False,False,MB_20220628
2022-06-29,503,463,40,92.0477,GOOD,190,272,1,-82,0.698529,41.036717,58.7473,19432.0,True,FREE_PUBLIC_RECONSTRUCTION,RESEARCH_GRADE,True,False,YAHOO_FINANCE_YFINANCE,FREE_PUBLIC_RESEARCH_GRADE,False,True,False,False,False,MB_20220629
2022-06-30,503,463,40,92.0477,GOOD,149,313,1,-164,0.476038,32.181425,67.602592,19268.0,True,FREE_PUBLIC_RECONSTRUCTION,RESEARCH_GRADE,True,False,YAHOO_FINANCE_YFINANCE,FREE_PUBLIC_RESEARCH_GRADE,False,True,False,False,False,MB_20220630
2022-07-01,503,463,40,92.0477,GOOD,393,68,2,325,5.779412,84.88121,14.686825,19593.0,True,FREE_PUBLIC_RECONSTRUCTION,RESEARCH_GRADE,True,False,YAHOO_FINANCE_YFINANCE,FREE_PUBLIC_RESEARCH_GRADE,False,True,False,False,False,MB_20220701
2022-07-05,503,463,40,92.0477,GOOD,198,264,1,-66,0.75,42.764579,57.019438,19527.0,True,FREE_PUBLIC_RECONSTRUCTION,RESEARCH_GRADE,True,False,YAHOO_FINANCE_YFINANCE,FREE_PUBLIC_RESEARCH_GRADE,False,True,False,False,False,MB_20220705
2022-07-06,503,463,40,92.0477,GOOD,256,204,3,52,1.254902,55.291577,44.060475,19579.0,True,FREE_PUBLIC_RECONSTRUCTION,RESEARCH_GRADE,True,False,YAHOO_FINANCE_YFINANCE,FREE_PUBLIC_RESEARCH_GRADE,False,True,False,False,False,MB_20220706
2022-07-07,503,463,40,92.0477,GOOD,362,100,1,262,3.62,78.185745,21.598272,19841.0,True,FREE_PUBLIC_RECONSTRUCTION,RESEARCH_GRADE,True,False,YAHOO_FINANCE_YFINANCE,FREE_PUBLIC_RESEARCH_GRADE,False,True,False,False,False,MB_20220707
2022-07-08,503,463,40,92.0477,GOOD,147,311,5,-164,0.472669,31.74946,67.170626,19677.0,True,FREE_PUBLIC_RECONSTRUCTION,RESEARCH_GRADE,True,False,YAHOO_FINANCE_YFINANCE,FREE_PUBLIC_RESEARCH_GRADE,False,True,False,False,False,MB_20220708
2022-07-11,503,463,40,92.0477,GOOD,125,334,4,-209,0.374251,26.99784,72.138229,19468.0,True,FREE_PUBLIC_RECONSTRUCTION,RESEARCH_GRADE,True,False,YAHOO_FINANCE_YFINANCE,FREE_PUBLIC_RESEARCH_GRADE,False,True,False,False,False,MB_20220711
2022-07-12,503,463,40,92.0477,GOOD,153,308,2,-155,0.496753,33.045356,66.522678,19313.0,True,FREE_PUBLIC_RECONSTRUCTION,RESEARCH_GRADE,True,False,YAHOO_FINANCE_YFINANCE,FREE_PUBLIC_RESEARCH_GRADE,False,True,False,False,False,MB_20220712
2022-07-13,503,463,40,92.0477,GOOD,142,319,2,-177,0.445141,30.669546,68.898488,19136.0,True,FREE_PUBLIC_RECONSTRUCTION,RESEARCH_GRADE,True,False,YAHOO_FINANCE_YFINANCE,FREE_PUBLIC_RESEARCH_GRADE,False,True,False,False,False,MB_20220713
2022-07-14,503,463,40,92.0477,GOOD,140,321,2,-181,0.436137,30.237581,69.330454,18955.0,True,FREE_PUBLIC_RECONSTRUCTION,RESEARCH_GRADE,True,False,YAHOO_FINANCE_YFINANCE,FREE_PUBLIC_RESEARCH_GRADE,False,True,False,False,False,MB_20220714
2022-07-15,503,463,40,92.0477,GOOD,429,31,3,398,13.83871,92.656587,6.695464,19353.0,True,FREE_PUBLIC_RECONSTRUCTION,RESEARCH_GRADE,True,False,YAHOO_FINANCE_YFINANCE,FREE_PUBLIC_RESEARCH_GRADE,False,True,False,False,False,MB_20220715
2022-07-18,503,463,40,92.0477,GOOD,151,310,2,-159,0.487097,32.613391,66.954644,19194.0,True,FREE_PUBLIC_RECONSTRUCTION,RESEARCH_GRADE,True,False,YAHOO_FINANCE_YFINANCE,FREE_PUBLIC_RESEARCH_GRADE,False,True,False,False,False,MB_20220718
2022-07-19,503,463,40,92.0477,GOOD,455,8,0,447,56.875,98.272138,1.727862,19641.0,True,FREE_PUBLIC_RECONSTRUCTION,RESEARCH_GRADE,True,False,YAHOO_FINANCE_YFINANCE,FREE_PUBLIC_RESEARCH_GRADE,False,True,False,False,False,MB_20220719
2022-07-20,503,463,40,92.0477,GOOD,310,150,3,160,2.066667,66.954644,32.397408,19801.0,True,FREE_PUBLIC_RECONSTRUCTION,RESEARCH_GRADE,True,False,YAHOO_FINANCE_YFINANCE,FREE_PUBLIC_RESEARCH_GRADE,False,True,False,False,False,MB_20220720
2022-07-21,503,463,40,92.0477,GOOD,334,125,4,209,2.672,72.138229,26.99784,20010.0,True,FREE_PUBLIC_RECONSTRUCTION,RESEARCH_GRADE,True,False,YAHOO_FINANCE_YFINANCE,FREE_PUBLIC_RESEARCH_GRADE,False,True,False,False,False,MB_20220721
2022-07-22,503,463,40,92.0477,GOOD,176,285,2,-109,0.617544,38.012959,61.555076,19901.0,True,FREE_PUBLIC_RECONSTRUCTION,RESEARCH_GRADE,True,False,YAHOO_FINANCE_YFINANCE,FREE_PUBLIC_RESEARCH_GRADE,False,True,False,False,False,MB_20220722
2022-07-25,503,463,40,92.0477,GOOD,272,186,5,86,1.462366,58.7473,40.172786,19987.0,True,FREE_PUBLIC_RECONSTRUCTION,RESEARCH_GRADE,True,False,YAHOO_FINANCE_YFINANCE,FREE_PUBLIC_RESEARCH_GRADE,False,True,False,False,False,MB_20220725
2022-07-26,503,463,40,92.0477,GOOD,171,291,1,-120,0.587629,36.933045,62.850972,19867.0,True,FREE_PUBLIC_RECONSTRUCTION,RESEARCH_GRADE,True,False,YAHOO_FINANCE_YFINANCE,FREE_PUBLIC_RESEARCH_GRADE,False,True,False,False,False,MB_20220726
2022-07-27,503,463,40,92.0477,GOOD,398,65,0,333,6.123077,85.961123,14.038877,20200.0,True,FREE_PUBLIC_RECONSTRUCTION,RESEARCH_GRADE,True,False,YAHOO_FINANCE_YFINANCE,FREE_PUBLIC_RESEARCH_GRADE,False,True,False,False,False,MB_20220727
2022-07-28,503,463,40,92.0477,GOOD,380,82,1,298,4.634146,82.073434,17.710583,20498.0,True,FREE_PUBLIC_RECONSTRUCTION,RESEARCH_GRADE,True,False,YAHOO_FINANCE_YFINANCE,FREE_PUBLIC_RESEARCH_GRADE,False,True,False,False,False,MB_20220728
2022-07-29,503,463,40,92.0477,GOOD,349,111,3,238,3.144144,75.37797,23.974082,20736.0,True,FREE_PUBLIC_RECONSTRUCTION,RESEARCH_GRADE,True,False,YAHOO_FINANCE_YFINANCE,FREE_PUBLIC_RESEARCH_GRADE,False,True,False,False,False,MB_20220729
2022-08-01,503,463,40,92.0477,GOOD,206,256,1,-50,0.804688,44.492441,55.291577,20686.0,True,FREE_PUBLIC_RECONSTRUCTION,RESEARCH_GRADE,True,False,YAHOO_FINANCE_YFINANCE,FREE_PUBLIC_RESEARCH_GRADE,False,True,False,False,False,MB_20220801
2022-08-02,503,463,40,92.0477,GOOD,107,355,1,-248,0.301408,23.110151,76.673866,20438.0,True,FREE_PUBLIC_RECONSTRUCTION,RESEARCH_GRADE,True,False,YAHOO_FINANCE_YFINANCE,FREE_PUBLIC_RESEARCH_GRADE,False,True,False,False,False,MB_20220802
2022-08-03,503,463,40,92.0477,GOOD,366,95,2,271,3.852632,79.049676,20.518359,20709.0,True,FREE_PUBLIC_RECONSTRUCTION,RESEARCH_GRADE,True,False,YAHOO_FINANCE_YFINANCE,FREE_PUBLIC_RESEARCH_GRADE,False,True,False,False,False,MB_20220803
2022-08-04,503,463,40,92.0477,GOOD,219,240,4,-21,0.9125,47.300216,51.835853,20688.0,True,FREE_PUBLIC_RECONSTRUCTION,RESEARCH_GRADE,True,False,YAHOO_FINANCE_YFINANCE,FREE_PUBLIC_RESEARCH_GRADE,False,True,False,False,False,MB_20220804
2022-08-05,503,463,40,92.0477,GOOD,257,204,2,53,1.259804,55.507559,44.060475,20741.0,True,FREE_PUBLIC_RECONSTRUCTION,RESEARCH_GRADE,True,False,YAHOO_FINANCE_YFINANCE,FREE_PUBLIC_RESEARCH_GRADE,False,True,False,False,False,MB_20220805
2022-08-08,503,463,40,92.0477,GOOD,292,167,4,125,1.748503,63.066955,36.069114,20866.0,True,FREE_PUBLIC_RECONSTRUCTION,RESEARCH_GRADE,True,False,YAHOO_FINANCE_YFINANCE,FREE_PUBLIC_RESEARCH_GRADE,False,True,False,False,False,MB_20220808
2022-08-09,503,463,40,92.0477,GOOD,200,260,3,-60,0.769231,43.196544,56.155508,20806.0,True,FREE_PUBLIC_RECONSTRUCTION,RESEARCH_GRADE,True,False,YAHOO_FINANCE_YFINANCE,FREE_PUBLIC_RESEARCH_GRADE,False,True,False,False,False,MB_20220809
2022-08-10,503,463,40,92.0477,GOOD,430,32,1,398,13.4375,92.87257,6.911447,21204.0,True,FREE_PUBLIC_RECONSTRUCTION,RESEARCH_GRADE,True,False,YAHOO_FINANCE_YFINANCE,FREE_PUBLIC_RESEARCH_GRADE,False,True,False,False,False,MB_20220810
2022-08-11,503,463,40,92.0477,GOOD,270,193,0,77,1.398964,58.315335,41.684665,21281.0,True,FREE_PUBLIC_RECONSTRUCTION,RESEARCH_GRADE,True,False,YAHOO_FINANCE_YFINANCE,FREE_PUBLIC_RESEARCH_GRADE,False,True,False,False,False,MB_20220811
2022-08-12,503,463,40,92.0477,GOOD,438,24,1,414,18.25,94.600432,5.183585,21695.0,True,FREE_PUBLIC_RECONSTRUCTION,RESEARCH_GRADE,True,False,YAHOO_FINANCE_YFINANCE,FREE_PUBLIC_RESEARCH_GRADE,False,True,False,False,False,MB_20220812
2022-08-15,503,463,40,92.0477,GOOD,273,187,3,86,1.459893,58.963283,40.388769,21781.0,True,FREE_PUBLIC_RECONSTRUCTION,RESEARCH_GRADE,True,False,YAHOO_FINANCE_YFINANCE,FREE_PUBLIC_RESEARCH_GRADE,False,True,False,False,False,MB_20220815
2022-08-16,503,463,40,92.0477,GOOD,295,167,1,128,1.766467,63.714903,36.069114,21909.0,True,FREE_PUBLIC_RECONSTRUCTION,RESEARCH_GRADE,True,False,YAHOO_FINANCE_YFINANCE,FREE_PUBLIC_RESEARCH_GRADE,False,True,False,False,False,MB_20220816
2022-08-17,503,463,40,92.0477,GOOD,98,363,2,-265,0.269972,21.166307,78.401728,21644.0,True,FREE_PUBLIC_RECONSTRUCTION,RESEARCH_GRADE,True,False,YAHOO_FINANCE_YFINANCE,FREE_PUBLIC_RESEARCH_GRADE,False,True,False,False,False,MB_20220817
2022-08-18,503,463,40,92.0477,GOOD,285,172,6,113,1.656977,61.555076,37.149028,21757.0,True,FREE_PUBLIC_RECONSTRUCTION,RESEARCH_GRADE,True,False,YAHOO_FINANCE_YFINANCE,FREE_PUBLIC_RESEARCH_GRADE,False,True,False,False,False,MB_20220818
2022-08-19,503,463,40,92.0477,GOOD,74,387,2,-313,0.191214,15.982721,83.585313,21444.0,True,FREE_PUBLIC_RECONSTRUCTION,RESEARCH_GRADE,True,False,YAHOO_FINANCE_YFINANCE,FREE_PUBLIC_RESEARCH_GRADE,False,True,False,False,False,MB_20220819
2022-08-22,503,463,40,92.0477,GOOD,19,443,1,-424,0.042889,4.103672,95.680346,21020.0,True,FREE_PUBLIC_RECONSTRUCTION,RESEARCH_GRADE,True,False,YAHOO_FINANCE_YFINANCE,FREE_PUBLIC_RESEARCH_GRADE,False,True,False,False,False,MB_20220822
2022-08-23,503,463,40,92.0477,GOOD,182,276,5,-94,0.65942,39.308855,59.611231,20926.0,True,FREE_PUBLIC_RECONSTRUCTION,RESEARCH_GRADE,True,False,YAHOO_FINANCE_YFINANCE,FREE_PUBLIC_RESEARCH_GRADE,False,True,False,False,False,MB_20220823
2022-08-24,503,463,40,92.0477,GOOD,326,134,3,192,2.432836,70.410367,28.941685,21118.0,True,FREE_PUBLIC_RECONSTRUCTION,RESEARCH_GRADE,True,False,YAHOO_FINANCE_YFINANCE,FREE_PUBLIC_RESEARCH_GRADE,False,True,False,False,False,MB_20220824
2022-08-25,503,463,40,92.0477,GOOD,429,34,0,395,12.617647,92.656587,7.343413,21513.0,True,FREE_PUBLIC_RECONSTRUCTION,RESEARCH_GRADE,True,False,YAHOO_FINANCE_YFINANCE,FREE_PUBLIC_RESEARCH_GRADE,False,True,False,False,False,MB_20220825
2022-08-26,503,463,40,92.0477,GOOD,4,459,0,-455,0.008715,0.863931,99.136069,21058.0,True,FREE_PUBLIC_RECONSTRUCTION,RESEARCH_GRADE,True,False,YAHOO_FINANCE_YFINANCE,FREE_PUBLIC_RESEARCH_GRADE,False,True,False,False,False,MB_20220826
2022-08-29,503,463,40,92.0477,GOOD,125,337,1,-212,0.37092,26.99784,72.786177,20846.0,True,FREE_PUBLIC_RECONSTRUCTION,RESEARCH_GRADE,True,False,YAHOO_FINANCE_YFINANCE,FREE_PUBLIC_RESEARCH_GRADE,False,True,False,False,False,MB_20220829
2022-08-30,503,463,40,92.0477,GOOD,60,403,0,-343,0.148883,12.958963,87.041037,20503.0,True,FREE_PUBLIC_RECONSTRUCTION,RESEARCH_GRADE,True,False,YAHOO_FINANCE_YFINANCE,FREE_PUBLIC_RESEARCH_GRADE,False,True,False,False,False,MB_20220830
2022-08-31,503,463,40,92.0477,GOOD,76,385,2,-309,0.197403,16.414687,83.153348,20194.0,True,FREE_PUBLIC_RECONSTRUCTION,RESEARCH_GRADE,True,False,YAHOO_FINANCE_YFINANCE,FREE_PUBLIC_RESEARCH_GRADE,False,True,False,False,False,MB_20220831
2022-09-01,503,463,40,92.0477,GOOD,265,194,4,71,1.365979,57.235421,41.900648,20265.0,True,FREE_PUBLIC_RECONSTRUCTION,RESEARCH_GRADE,True,False,YAHOO_FINANCE_YFINANCE,FREE_PUBLIC_RESEARCH_GRADE,False,True,False,False,False,MB_20220901
2022-09-02,503,463,40,92.0477,GOOD,74,388,1,-314,0.190722,15.982721,83.801296,19951.0,True,FREE_PUBLIC_RECONSTRUCTION,RESEARCH_GRADE,True,False,YAHOO_FINANCE_YFINANCE,FREE_PUBLIC_RESEARCH_GRADE,False,True,False,False,False,MB_20220902
2022-09-06,503,463,40,92.0477,GOOD,176,285,2,-109,0.617544,38.012959,61.555076,19842.0,True,FREE_PUBLIC_RECONSTRUCTION,RESEARCH_GRADE,True,False,YAHOO_FINANCE_YFINANCE,FREE_PUBLIC_RESEARCH_GRADE,False,True,False,False,False,MB_20220906
2022-09-07,503,463,40,92.0477,GOOD,439,22,2,417,19.954545,94.816415,4.75162,20259.0,True,FREE_PUBLIC_RECONSTRUCTION,RESEARCH_GRADE,True,False,YAHOO_FINANCE_YFINANCE,FREE_PUBLIC_RESEARCH_GRADE,False,True,False,False,False,MB_20220907
2022-09-08,503,463,40,92.0477,GOOD,348,111,4,237,3.135135,75.161987,23.974082,20496.0,True,FREE_PUBLIC_RECONSTRUCTION,RESEARCH_GRADE,True,False,YAHOO_FINANCE_YFINANCE,FREE_PUBLIC_RESEARCH_GRADE,False,True,False,False,False,MB_20220908
2022-09-09,503,463,40,92.0477,GOOD,416,44,3,372,9.454545,89.848812,9.50324,20868.0,True,FREE_PUBLIC_RECONSTRUCTION,RESEARCH_GRADE,True,False,YAHOO_FINANCE_YFINANCE,FREE_PUBLIC_RESEARCH_GRADE,False,True,False,False,False,MB_20220909
2022-09-12,503,463,40,92.0477,GOOD,389,72,2,317,5.402778,84.017279,15.550756,21185.0,True,FREE_PUBLIC_RECONSTRUCTION,RESEARCH_GRADE,True,False,YAHOO_FINANCE_YFINANCE,FREE_PUBLIC_RESEARCH_GRADE,False,True,False,False,False,MB_20220912
2022-09-13,503,463,40,92.0477,GOOD,4,458,1,-454,0.008734,0.863931,98.920086,20731.0,True,FREE_PUBLIC_RECONSTRUCTION,RESEARCH_GRADE,True,False,YAHOO_FINANCE_YFINANCE,FREE_PUBLIC_RESEARCH_GRADE,False,True,False,False,False,MB_20220913
2022-09-14,503,463,40,92.0477,GOOD,214,246,3,-32,0.869919,46.220302,53.131749,20699.0,True,FREE_PUBLIC_RECONSTRUCTION,RESEARCH_GRADE,True,False,YAHOO_FINANCE_YFINANCE,FREE_PUBLIC_RESEARCH_GRADE,False,True,False,False,False,MB_20220914
2022-09-15,503,463,40,92.0477,GOOD,126,331,6,-205,0.380665,27.213823,71.490281,20494.0,True,FREE_PUBLIC_RECONSTRUCTION,RESEARCH_GRADE,True,False,YAHOO_FINANCE_YFINANCE,FREE_PUBLIC_RESEARCH_GRADE,False,True,False,False,False,MB_20220915
2022-09-16,503,463,40,92.0477,GOOD,129,332,2,-203,0.388554,27.861771,71.706263,20291.0,True,FREE_PUBLIC_RECONSTRUCTION,RESEARCH_GRADE,True,False,YAHOO_FINANCE_YFINANCE,FREE_PUBLIC_RESEARCH_GRADE,False,True,False,False,False,MB_20220916
2022-09-19,503,463,40,92.0477,GOOD,355,105,3,250,3.380952,76.673866,22.678186,20541.0,True,FREE_PUBLIC_RECONSTRUCTION,RESEARCH_GRADE,True,False,YAHOO_FINANCE_YFINANCE,FREE_PUBLIC_RESEARCH_GRADE,False,True,False,False,False,MB_20220919
2022-09-20,503,463,40,92.0477,GOOD,30,432,1,-402,0.069444,6.479482,93.304536,20139.0,True,FREE_PUBLIC_RECONSTRUCTION,RESEARCH_GRADE,True,False,YAHOO_FINANCE_YFINANCE,FREE_PUBLIC_RESEARCH_GRADE,False,True,False,False,False,MB_20220920
2022-09-21,503,463,40,92.0477,GOOD,26,434,3,-408,0.059908,5.615551,93.736501,19731.0,True,FREE_PUBLIC_RECONSTRUCTION,RESEARCH_GRADE,True,False,YAHOO_FINANCE_YFINANCE,FREE_PUBLIC_RESEARCH_GRADE,False,True,False,False,False,MB_20220921
2022-09-22,503,463,40,92.0477,GOOD,83,380,0,-297,0.218421,17.926566,82.073434,19434.0,True,FREE_PUBLIC_RECONSTRUCTION,RESEARCH_GRADE,True,False,YAHOO_FINANCE_YFINANCE,FREE_PUBLIC_RESEARCH_GRADE,False,True,False,False,False,MB_20220922
2022-09-23,503,463,40,92.0477,GOOD,58,404,1,-346,0.143564,12.526998,87.257019,19088.0,True,FREE_PUBLIC_RECONSTRUCTION,RESEARCH_GRADE,True,False,YAHOO_FINANCE_YFINANCE,FREE_PUBLIC_RESEARCH_GRADE,False,True,False,False,False,MB_20220923
2022-09-26,503,463,40,92.0477,GOOD,40,421,2,-381,0.095012,8.639309,90.928726,18707.0,True,FREE_PUBLIC_RECONSTRUCTION,RESEARCH_GRADE,True,False,YAHOO_FINANCE_YFINANCE,FREE_PUBLIC_RESEARCH_GRADE,False,True,False,False,False,MB_20220926
2022-09-27,503,463,40,92.0477,GOOD,178,282,3,-104,0.631206,38.444924,60.907127,18603.0,True,FREE_PUBLIC_RECONSTRUCTION,RESEARCH_GRADE,True,False,YAHOO_FINANCE_YFINANCE,FREE_PUBLIC_RESEARCH_GRADE,False,True,False,False,False,MB_20220927
2022-09-28,503,463,40,92.0477,GOOD,447,14,2,433,31.928571,96.544276,3.023758,19036.0,True,FREE_PUBLIC_RECONSTRUCTION,RESEARCH_GRADE,True,False,YAHOO_FINANCE_YFINANCE,FREE_PUBLIC_RESEARCH_GRADE,False,True,False,False,False,MB_20220928
2022-09-29,503,463,40,92.0477,GOOD,32,430,1,-398,0.074419,6.911447,92.87257,18638.0,True,FREE_PUBLIC_RECONSTRUCTION,RESEARCH_GRADE,True,False,YAHOO_FINANCE_YFINANCE,FREE_PUBLIC_RESEARCH_GRADE,False,True,False,False,False,MB_20220929
2022-09-30,503,463,40,92.0477,GOOD,71,392,0,-321,0.181122,15.334773,84.665227,18317.0,True,FREE_PUBLIC_RECONSTRUCTION,RESEARCH_GRADE,True,False,YAHOO_FINANCE_YFINANCE,FREE_PUBLIC_RESEARCH_GRADE,False,True,False,False,False,MB_20220930
2022-10-03,503,465,38,92.4453,GOOD,451,13,1,438,34.692308,96.989247,2.795699,18755.0,True,FREE_PUBLIC_RECONSTRUCTION,RESEARCH_GRADE,True,False,YAHOO_FINANCE_YFINANCE,FREE_PUBLIC_RESEARCH_GRADE,False,True,False,False,False,MB_20221003
2022-10-04,503,465,38,92.4453,GOOD,458,6,1,452,76.333333,98.494624,1.290323,19207.0,True,FREE_PUBLIC_RECONSTRUCTION,RESEARCH_GRADE,True,False,YAHOO_FINANCE_YFINANCE,FREE_PUBLIC_RESEARCH_GRADE,False,True,False,False,False,MB_20221004
2022-10-05,503,465,38,92.4453,GOOD,165,299,1,-134,0.551839,35.483871,64.301075,19073.0,True,FREE_PUBLIC_RECONSTRUCTION,RESEARCH_GRADE,True,False,YAHOO_FINANCE_YFINANCE,FREE_PUBLIC_RESEARCH_GRADE,False,True,False,False,False,MB_20221005
2022-10-06,503,465,38,92.4453,GOOD,79,386,0,-307,0.204663,16.989247,83.010753,18766.0,True,FREE_PUBLIC_RECONSTRUCTION,RESEARCH_GRADE,True,False,YAHOO_FINANCE_YFINANCE,FREE_PUBLIC_RESEARCH_GRADE,False,True,False,False,False,MB_20221006
2022-10-07,503,465,38,92.4453,GOOD,27,438,0,-411,0.061644,5.806452,94.193548,18355.0,True,FREE_PUBLIC_RECONSTRUCTION,RESEARCH_GRADE,True,False,YAHOO_FINANCE_YFINANCE,FREE_PUBLIC_RESEARCH_GRADE,False,True,False,False,False,MB_20221007
2022-10-10,503,465,38,92.4453,GOOD,175,287,3,-112,0.609756,37.634409,61.72043,18243.0,True,FREE_PUBLIC_RECONSTRUCTION,RESEARCH_GRADE,True,False,YAHOO_FINANCE_YFINANCE,FREE_PUBLIC_RESEARCH_GRADE,False,True,False,False,False,MB_20221010
2022-10-11,503,465,38,92.4453,GOOD,188,275,2,-87,0.683636,40.430108,59.139785,18156.0,True,FREE_PUBLIC_RECONSTRUCTION,RESEARCH_GRADE,True,False,YAHOO_FINANCE_YFINANCE,FREE_PUBLIC_RESEARCH_GRADE,False,True,False,False,False,MB_20221011
2022-10-12,503,466,37,92.6441,GOOD,144,319,3,-175,0.451411,30.901288,68.454936,17981.0,True,FREE_PUBLIC_RECONSTRUCTION,RESEARCH_GRADE,True,False,YAHOO_FINANCE_YFINANCE,FREE_PUBLIC_RESEARCH_GRADE,False,True,False,False,False,MB_20221012
2022-10-13,503,466,37,92.6441,GOOD,435,30,1,405,14.5,93.347639,6.437768,18386.0,True,FREE_PUBLIC_RECONSTRUCTION,RESEARCH_GRADE,True,False,YAHOO_FINANCE_YFINANCE,FREE_PUBLIC_RESEARCH_GRADE,False,True,False,False,False,MB_20221013
2022-10-14,503,466,37,92.6441,GOOD,28,436,2,-408,0.06422,6.008584,93.562232,17978.0,True,FREE_PUBLIC_RECONSTRUCTION,RESEARCH_GRADE,True,False,YAHOO_FINANCE_YFINANCE,FREE_PUBLIC_RESEARCH_GRADE,False,True,False,False,False,MB_20221014
2022-10-17,503,466,37,92.6441,GOOD,445,21,0,424,21.190476,95.493562,4.506438,18402.0,True,FREE_PUBLIC_RECONSTRUCTION,RESEARCH_GRADE,True,False,YAHOO_FINANCE_YFINANCE,FREE_PUBLIC_RESEARCH_GRADE,False,True,False,False,False,MB_20221017
2022-10-18,503,466,37,92.6441,GOOD,415,48,3,367,8.645833,89.055794,10.300429,18769.0,True,FREE_PUBLIC_RECONSTRUCTION,RESEARCH_GRADE,True,False,YAHOO_FINANCE_YFINANCE,FREE_PUBLIC_RESEARCH_GRADE,False,True,False,False,False,MB_20221018
2022-10-19,503,466,37,92.6441,GOOD,107,357,2,-250,0.29972,22.961373,76.609442,18519.0,True,FREE_PUBLIC_RECONSTRUCTION,RESEARCH_GRADE,True,False,YAHOO_FINANCE_YFINANCE,FREE_PUBLIC_RESEARCH_GRADE,False,True,False,False,False,MB_20221019
2022-10-20,503,466,37,92.6441,GOOD,105,360,1,-255,0.291667,22.532189,77.253219,18264.0,True,FREE_PUBLIC_RECONSTRUCTION,RESEARCH_GRADE,True,False,YAHOO_FINANCE_YFINANCE,FREE_PUBLIC_RESEARCH_GRADE,False,True,False,False,False,MB_20221020
2022-10-21,503,466,37,92.6441,GOOD,440,26,0,414,16.923077,94.420601,5.579399,18678.0,True,FREE_PUBLIC_RECONSTRUCTION,RESEARCH_GRADE,True,False,YAHOO_FINANCE_YFINANCE,FREE_PUBLIC_RESEARCH_GRADE,False,True,False,False,False,MB_20221021
2022-10-24,503,466,37,92.6441,GOOD,384,78,4,306,4.923077,82.403433,16.738197,18984.0,True,FREE_PUBLIC_RECONSTRUCTION,RESEARCH_GRADE,True,False,YAHOO_FINANCE_YFINANCE,FREE_PUBLIC_RESEARCH_GRADE,False,True,False,False,False,MB_20221024
2022-10-25,503,466,37,92.6441,GOOD,419,46,1,373,9.108696,89.914163,9.871245,19357.0,True,FREE_PUBLIC_RECONSTRUCTION,RESEARCH_GRADE,True,False,YAHOO_FINANCE_YFINANCE,FREE_PUBLIC_RESEARCH_GRADE,False,True,False,False,False,MB_20221025
2022-10-26,503,466,37,92.6441,GOOD,265,196,5,69,1.352041,56.866953,42.060086,19426.0,True,FREE_PUBLIC_RECONSTRUCTION,RESEARCH_GRADE,True,False,YAHOO_FINANCE_YFINANCE,FREE_PUBLIC_RESEARCH_GRADE,False,True,False,False,False,MB_20221026
2022-10-27,503,466,37,92.6441,GOOD,261,204,1,57,1.279412,56.008584,43.776824,19483.0,True,FREE_PUBLIC_RECONSTRUCTION,RESEARCH_GRADE,True,False,YAHOO_FINANCE_YFINANCE,FREE_PUBLIC_RESEARCH_GRADE,False,True,False,False,False,MB_20221027
2022-10-28,503,466,37,92.6441,GOOD,423,43,0,380,9.837209,90.772532,9.227468,19863.0,True,FREE_PUBLIC_RECONSTRUCTION,RESEARCH_GRADE,True,False,YAHOO_FINANCE_YFINANCE,FREE_PUBLIC_RESEARCH_GRADE,False,True,False,False,False,MB_20221028
2022-10-31,503,466,37,92.6441,GOOD,139,325,2,-186,0.427692,29.828326,69.742489,19677.0,True,FREE_PUBLIC_RECONSTRUCTION,RESEARCH_GRADE,True,False,YAHOO_FINANCE_YFINANCE,FREE_PUBLIC_RESEARCH_GRADE,False,True,False,False,False,MB_20221031
2022-11-01,503,467,36,92.8429,GOOD,259,205,3,54,1.263415,55.460385,43.897216,19731.0,True,FREE_PUBLIC_RECONSTRUCTION,RESEARCH_GRADE,True,False,YAHOO_FINANCE_YFINANCE,FREE_PUBLIC_RESEARCH_GRADE,False,True,False,False,False,MB_20221101
2022-11-02,503,467,36,92.8429,GOOD,26,440,1,-414,0.059091,5.567452,94.218415,19317.0,True,FREE_PUBLIC_RECONSTRUCTION,RESEARCH_GRADE,True,False,YAHOO_FINANCE_YFINANCE,FREE_PUBLIC_RESEARCH_GRADE,False,True,False,False,False,MB_20221102
2022-11-03,503,467,36,92.8429,GOOD,194,271,2,-77,0.715867,41.541756,58.029979,19240.0,True,FREE_PUBLIC_RECONSTRUCTION,RESEARCH_GRADE,True,False,YAHOO_FINANCE_YFINANCE,FREE_PUBLIC_RESEARCH_GRADE,False,True,False,False,False,MB_20221103
2022-11-04,503,467,36,92.8429,GOOD,373,93,1,280,4.010753,79.87152,19.914347,19520.0,True,FREE_PUBLIC_RECONSTRUCTION,RESEARCH_GRADE,True,False,YAHOO_FINANCE_YFINANCE,FREE_PUBLIC_RESEARCH_GRADE,False,True,False,False,False,MB_20221104
2022-11-07,503,467,36,92.8429,GOOD,349,118,0,231,2.957627,74.732334,25.267666,19751.0,True,FREE_PUBLIC_RECONSTRUCTION,RESEARCH_GRADE,True,False,YAHOO_FINANCE_YFINANCE,FREE_PUBLIC_RESEARCH_GRADE,False,True,False,False,False,MB_20221107
2022-11-08,503,468,35,93.0417,GOOD,334,131,3,203,2.549618,71.367521,27.991453,19954.0,True,FREE_PUBLIC_RECONSTRUCTION,RESEARCH_GRADE,True,False,YAHOO_FINANCE_YFINANCE,FREE_PUBLIC_RESEARCH_GRADE,False,True,False,False,False,MB_20221108
2022-11-09,503,468,35,93.0417,GOOD,39,429,0,-390,0.090909,8.333333,91.666667,19564.0,True,FREE_PUBLIC_RECONSTRUCTION,RESEARCH_GRADE,True,False,YAHOO_FINANCE_YFINANCE,FREE_PUBLIC_RESEARCH_GRADE,False,True,False,False,False,MB_20221109
2022-11-10,503,468,35,93.0417,GOOD,451,17,0,434,26.529412,96.367521,3.632479,19998.0,True,FREE_PUBLIC_RECONSTRUCTION,RESEARCH_GRADE,True,False,YAHOO_FINANCE_YFINANCE,FREE_PUBLIC_RESEARCH_GRADE,False,True,False,False,False,MB_20221110
2022-11-11,503,468,35,93.0417,GOOD,289,178,1,111,1.623596,61.752137,38.034188,20109.0,True,FREE_PUBLIC_RECONSTRUCTION,RESEARCH_GRADE,True,False,YAHOO_FINANCE_YFINANCE,FREE_PUBLIC_RESEARCH_GRADE,False,True,False,False,False,MB_20221111
2022-11-14,503,468,35,93.0417,GOOD,99,366,3,-267,0.270492,21.153846,78.205128,19842.0,True,FREE_PUBLIC_RECONSTRUCTION,RESEARCH_GRADE,True,False,YAHOO_FINANCE_YFINANCE,FREE_PUBLIC_RESEARCH_GRADE,False,True,False,False,False,MB_20221114
2022-11-15,503,468,35,93.0417,GOOD,359,108,1,251,3.324074,76.709402,23.076923,20093.0,True,FREE_PUBLIC_RECONSTRUCTION,RESEARCH_GRADE,True,False,YAHOO_FINANCE_YFINANCE,FREE_PUBLIC_RESEARCH_GRADE,False,True,False,False,False,MB_20221115
2022-11-16,503,468,35,93.0417,GOOD,148,318,2,-170,0.465409,31.623932,67.948718,19923.0,True,FREE_PUBLIC_RECONSTRUCTION,RESEARCH_GRADE,True,False,YAHOO_FINANCE_YFINANCE,FREE_PUBLIC_RESEARCH_GRADE,False,True,False,False,False,MB_20221116
2022-11-17,503,468,35,93.0417,GOOD,155,311,2,-156,0.498392,33.119658,66.452991,19767.0,True,FREE_PUBLIC_RECONSTRUCTION,RESEARCH_GRADE,True,False,YAHOO_FINANCE_YFINANCE,FREE_PUBLIC_RESEARCH_GRADE,False,True,False,False,False,MB_20221117
2022-11-18,503,468,35,93.0417,GOOD,364,102,2,262,3.568627,77.777778,21.794872,20029.0,True,FREE_PUBLIC_RECONSTRUCTION,RESEARCH_GRADE,True,False,YAHOO_FINANCE_YFINANCE,FREE_PUBLIC_RESEARCH_GRADE,False,True,False,False,False,MB_20221118
2022-11-21,503,468,35,93.0417,GOOD,254,213,1,41,1.192488,54.273504,45.512821,20070.0,True,FREE_PUBLIC_RECONSTRUCTION,RESEARCH_GRADE,True,False,YAHOO_FINANCE_YFINANCE,FREE_PUBLIC_RESEARCH_GRADE,False,True,False,False,False,MB_20221121
2022-11-22,503,468,35,93.0417,GOOD,413,50,5,363,8.26,88.247863,10.683761,20433.0,True,FREE_PUBLIC_RECONSTRUCTION,RESEARCH_GRADE,True,False,YAHOO_FINANCE_YFINANCE,FREE_PUBLIC_RESEARCH_GRADE,False,True,False,False,False,MB_20221122
2022-11-23,503,468,35,93.0417,GOOD,332,132,4,200,2.515152,70.940171,28.205128,20633.0,True,FREE_PUBLIC_RECONSTRUCTION,RESEARCH_GRADE,True,False,YAHOO_FINANCE_YFINANCE,FREE_PUBLIC_RESEARCH_GRADE,False,True,False,False,False,MB_20221123
2022-11-25,503,468,35,93.0417,GOOD,324,140,4,184,2.314286,69.230769,29.91453,20817.0,True,FREE_PUBLIC_RECONSTRUCTION,RESEARCH_GRADE,True,False,YAHOO_FINANCE_YFINANCE,FREE_PUBLIC_RESEARCH_GRADE,False,True,False,False,False,MB_20221125
2022-11-28,503,468,35,93.0417,GOOD,35,432,1,-397,0.081019,7.478632,92.307692,20420.0,True,FREE_PUBLIC_RECONSTRUCTION,RESEARCH_GRADE,True,False,YAHOO_FINANCE_YFINANCE,FREE_PUBLIC_RESEARCH_GRADE,False,True,False,False,False,MB_20221128
2022-11-29,503,468,35,93.0417,GOOD,252,212,4,40,1.188679,53.846154,45.299145,20460.0,True,FREE_PUBLIC_RECONSTRUCTION,RESEARCH_GRADE,True,False,YAHOO_FINANCE_YFINANCE,FREE_PUBLIC_RESEARCH_GRADE,False,True,False,False,False,MB_20221129
2022-11-30,503,468,35,93.0417,GOOD,446,20,2,426,22.3,95.299145,4.273504,20886.0,True,FREE_PUBLIC_RECONSTRUCTION,RESEARCH_GRADE,True,False,YAHOO_FINANCE_YFINANCE,FREE_PUBLIC_RESEARCH_GRADE,False,True,False,False,False,MB_20221130
2022-12-01,503,468,35,93.0417,GOOD,240,223,5,17,1.076233,51.282051,47.649573,20903.0,True,FREE_PUBLIC_RECONSTRUCTION,RESEARCH_GRADE,True,False,YAHOO_FINANCE_YFINANCE,FREE_PUBLIC_RESEARCH_GRADE,False,True,False,False,False,MB_20221201
2022-12-02,503,468,35,93.0417,GOOD,233,231,4,2,1.008658,49.786325,49.358974,20905.0,True,FREE_PUBLIC_RECONSTRUCTION,RESEARCH_GRADE,True,False,YAHOO_FINANCE_YFINANCE,FREE_PUBLIC_RESEARCH_GRADE,False,True,False,False,False,MB_20221202
2022-12-05,503,468,35,93.0417,GOOD,27,441,0,-414,0.061224,5.769231,94.230769,20491.0,True,FREE_PUBLIC_RECONSTRUCTION,RESEARCH_GRADE,True,False,YAHOO_FINANCE_YFINANCE,FREE_PUBLIC_RESEARCH_GRADE,False,True,False,False,False,MB_20221205
2022-12-06,503,468,35,93.0417,GOOD,99,368,1,-269,0.269022,21.153846,78.632479,20222.0,True,FREE_PUBLIC_RECONSTRUCTION,RESEARCH_GRADE,True,False,YAHOO_FINANCE_YFINANCE,FREE_PUBLIC_RESEARCH_GRADE,False,True,False,False,False,MB_20221206
2022-12-07,503,468,35,93.0417,GOOD,211,255,2,-44,0.827451,45.08547,54.487179,20178.0,True,FREE_PUBLIC_RECONSTRUCTION,RESEARCH_GRADE,True,False,YAHOO_FINANCE_YFINANCE,FREE_PUBLIC_RESEARCH_GRADE,False,True,False,False,False,MB_20221207
2022-12-08,503,468,35,93.0417,GOOD,332,134,2,198,2.477612,70.940171,28.632479,20376.0,True,FREE_PUBLIC_RECONSTRUCTION,RESEARCH_GRADE,True,False,YAHOO_FINANCE_YFINANCE,FREE_PUBLIC_RESEARCH_GRADE,False,True,False,False,False,MB_20221208
2022-12-09,503,468,35,93.0417,GOOD,107,359,2,-252,0.29805,22.863248,76.709402,20124.0,True,FREE_PUBLIC_RECONSTRUCTION,RESEARCH_GRADE,True,False,YAHOO_FINANCE_YFINANCE,FREE_PUBLIC_RESEARCH_GRADE,False,True,False,False,False,MB_20221209
2022-12-12,503,468,35,93.0417,GOOD,435,30,3,405,14.5,92.948718,6.410256,20529.0,True,FREE_PUBLIC_RECONSTRUCTION,RESEARCH_GRADE,True,False,YAHOO_FINANCE_YFINANCE,FREE_PUBLIC_RESEARCH_GRADE,False,True,False,False,False,MB_20221212
2022-12-13,503,468,35,93.0417,GOOD,322,142,4,180,2.267606,68.803419,30.34188,20709.0,True,FREE_PUBLIC_RECONSTRUCTION,RESEARCH_GRADE,True,False,YAHOO_FINANCE_YFINANCE,FREE_PUBLIC_RESEARCH_GRADE,False,True,False,False,False,MB_20221213
2022-12-14,503,468,35,93.0417,GOOD,127,340,1,-213,0.373529,27.136752,72.649573,20496.0,True,FREE_PUBLIC_RECONSTRUCTION,RESEARCH_GRADE,True,False,YAHOO_FINANCE_YFINANCE,FREE_PUBLIC_RESEARCH_GRADE,False,True,False,False,False,MB_20221214
2022-12-15,503,468,35,93.0417,GOOD,26,441,1,-415,0.058957,5.555556,94.230769,20081.0,True,FREE_PUBLIC_RECONSTRUCTION,RESEARCH_GRADE,True,False,YAHOO_FINANCE_YFINANCE,FREE_PUBLIC_RESEARCH_GRADE,False,True,False,False,False,MB_20221215
2022-12-16,503,468,35,93.0417,GOOD,77,390,1,-313,0.197436,16.452991,83.333333,19768.0,True,FREE_PUBLIC_RECONSTRUCTION,RESEARCH_GRADE,True,False,YAHOO_FINANCE_YFINANCE,FREE_PUBLIC_RESEARCH_GRADE,False,True,False,False,False,MB_20221216
2022-12-19,503,469,34,93.2406,GOOD,101,365,3,-264,0.276712,21.535181,77.82516,19504.0,True,FREE_PUBLIC_RECONSTRUCTION,RESEARCH_GRADE,True,False,YAHOO_FINANCE_YFINANCE,FREE_PUBLIC_RESEARCH_GRADE,False,True,False,False,False,MB_20221219
2022-12-20,503,469,34,93.2406,GOOD,249,216,4,33,1.152778,53.091684,46.055437,19537.0,True,FREE_PUBLIC_RECONSTRUCTION,RESEARCH_GRADE,True,False,YAHOO_FINANCE_YFINANCE,FREE_PUBLIC_RESEARCH_GRADE,False,True,False,False,False,MB_20221220
2022-12-21,503,469,34,93.2406,GOOD,436,33,0,403,13.212121,92.963753,7.036247,19940.0,True,FREE_PUBLIC_RECONSTRUCTION,RESEARCH_GRADE,True,False,YAHOO_FINANCE_YFINANCE,FREE_PUBLIC_RESEARCH_GRADE,False,True,False,False,False,MB_20221221
2022-12-22,503,470,33,93.4394,GOOD,82,383,5,-301,0.214099,17.446809,81.489362,19639.0,True,FREE_PUBLIC_RECONSTRUCTION,RESEARCH_GRADE,True,False,YAHOO_FINANCE_YFINANCE,FREE_PUBLIC_RESEARCH_GRADE,False,True,False,False,False,MB_20221222
2022-12-23,503,470,33,93.4394,GOOD,391,77,2,314,5.077922,83.191489,16.382979,19953.0,True,FREE_PUBLIC_RECONSTRUCTION,RESEARCH_GRADE,True,False,YAHOO_FINANCE_YFINANCE,FREE_PUBLIC_RESEARCH_GRADE,False,True,False,False,False,MB_20221223
2022-12-27,503,470,33,93.4394,GOOD,291,176,3,115,1.653409,61.914894,37.446809,20068.0,True,FREE_PUBLIC_RECONSTRUCTION,RESEARCH_GRADE,True,False,YAHOO_FINANCE_YFINANCE,FREE_PUBLIC_RESEARCH_GRADE,False,True,False,False,False,MB_20221227
2022-12-28,503,470,33,93.4394,GOOD,23,444,3,-421,0.051802,4.893617,94.468085,19647.0,True,FREE_PUBLIC_RECONSTRUCTION,RESEARCH_GRADE,True,False,YAHOO_FINANCE_YFINANCE,FREE_PUBLIC_RESEARCH_GRADE,False,True,False,False,False,MB_20221228
2022-12-29,503,470,33,93.4394,GOOD,447,23,0,424,19.434783,95.106383,4.893617,20071.0,True,FREE_PUBLIC_RECONSTRUCTION,RESEARCH_GRADE,True,False,YAHOO_FINANCE_YFINANCE,FREE_PUBLIC_RESEARCH_GRADE,False,True,False,False,False,MB_20221229
2022-12-30,503,470,33,93.4394,GOOD,121,345,4,-224,0.350725,25.744681,73.404255,19847.0,True,FREE_PUBLIC_RECONSTRUCTION,RESEARCH_GRADE,True,False,YAHOO_FINANCE_YFINANCE,FREE_PUBLIC_RESEARCH_GRADE,False,True,False,False,False,MB_20221230
2023-01-03,503,470,33,93.4394,GOOD,249,218,3,31,1.142202,52.978723,46.382979,19878.0,True,FREE_PUBLIC_RECONSTRUCTION,RESEARCH_GRADE,True,False,YAHOO_FINANCE_YFINANCE,FREE_PUBLIC_RESEARCH_GRADE,False,True,False,False,False,MB_20230103
2023-01-04,503,470,33,93.4394,GOOD,394,75,1,319,5.253333,83.829787,15.957447,20197.0,True,FREE_PUBLIC_RECONSTRUCTION,RESEARCH_GRADE,True,False,YAHOO_FINANCE_YFINANCE,FREE_PUBLIC_RESEARCH_GRADE,False,True,False,False,False,MB_20230104
2023-01-05,503,470,33,93.4394,GOOD,108,362,0,-254,0.298343,22.978723,77.021277,19943.0,True,FREE_PUBLIC_RECONSTRUCTION,RESEARCH_GRADE,True,False,YAHOO_FINANCE_YFINANCE,FREE_PUBLIC_RESEARCH_GRADE,False,True,False,False,False,MB_20230105
2023-01-06,503,470,33,93.4394,GOOD,447,23,0,424,19.434783,95.106383,4.893617,20367.0,True,FREE_PUBLIC_RECONSTRUCTION,RESEARCH_GRADE,True,False,YAHOO_FINANCE_YFINANCE,FREE_PUBLIC_RESEARCH_GRADE,False,True,False,False,False,MB_20230106
2023-01-09,503,470,33,93.4394,GOOD,240,228,2,12,1.052632,51.06383,48.510638,20379.0,True,FREE_PUBLIC_RECONSTRUCTION,RESEARCH_GRADE,True,False,YAHOO_FINANCE_YFINANCE,FREE_PUBLIC_RESEARCH_GRADE,False,True,False,False,False,MB_20230109
2023-01-10,503,470,33,93.4394,GOOD,350,119,1,231,2.941176,74.468085,25.319149,20610.0,True,FREE_PUBLIC_RECONSTRUCTION,RESEARCH_GRADE,True,False,YAHOO_FINANCE_YFINANCE,FREE_PUBLIC_RESEARCH_GRADE,False,True,False,False,False,MB_20230110
2023-01-11,503,470,33,93.4394,GOOD,376,92,2,284,4.086957,80.0,19.574468,20894.0,True,FREE_PUBLIC_RECONSTRUCTION,RESEARCH_GRADE,True,False,YAHOO_FINANCE_YFINANCE,FREE_PUBLIC_RESEARCH_GRADE,False,True,False,False,False,MB_20230111
2023-01-12,503,470,33,93.4394,GOOD,263,204,3,59,1.289216,55.957447,43.404255,20953.0,True,FREE_PUBLIC_RECONSTRUCTION,RESEARCH_GRADE,True,False,YAHOO_FINANCE_YFINANCE,FREE_PUBLIC_RESEARCH_GRADE,False,True,False,False,False,MB_20230112
2023-01-13,503,470,33,93.4394,GOOD,294,173,3,121,1.699422,62.553191,36.808511,21074.0,True,FREE_PUBLIC_RECONSTRUCTION,RESEARCH_GRADE,True,False,YAHOO_FINANCE_YFINANCE,FREE_PUBLIC_RESEARCH_GRADE,False,True,False,False,False,MB_20230113
2023-01-17,503,470,33,93.4394,GOOD,177,288,5,-111,0.614583,37.659574,61.276596,20963.0,True,FREE_PUBLIC_RECONSTRUCTION,RESEARCH_GRADE,True,False,YAHOO_FINANCE_YFINANCE,FREE_PUBLIC_RESEARCH_GRADE,False,True,False,False,False,MB_20230117
2023-01-18,503,470,33,93.4394,GOOD,46,423,1,-377,0.108747,9.787234,90.0,20586.0,True,FREE_PUBLIC_RECONSTRUCTION,RESEARCH_GRADE,True,False,YAHOO_FINANCE_YFINANCE,FREE_PUBLIC_RESEARCH_GRADE,False,True,False,False,False,MB_20230118
2023-01-19,503,470,33,93.4394,GOOD,101,366,3,-265,0.275956,21.489362,77.87234,20321.0,True,FREE_PUBLIC_RECONSTRUCTION,RESEARCH_GRADE,True,False,YAHOO_FINANCE_YFINANCE,FREE_PUBLIC_RESEARCH_GRADE,False,True,False,False,False,MB_20230119
2023-01-20,503,470,33,93.4394,GOOD,430,39,1,391,11.025641,91.489362,8.297872,20712.0,True,FREE_PUBLIC_RECONSTRUCTION,RESEARCH_GRADE,True,False,YAHOO_FINANCE_YFINANCE,FREE_PUBLIC_RESEARCH_GRADE,False,True,False,False,False,MB_20230120
2023-01-23,503,470,33,93.4394,GOOD,365,104,1,261,3.509615,77.659574,22.12766,20973.0,True,FREE_PUBLIC_RECONSTRUCTION,RESEARCH_GRADE,True,False,YAHOO_FINANCE_YFINANCE,FREE_PUBLIC_RESEARCH_GRADE,False,True,False,False,False,MB_20230123
2023-01-24,503,470,33,93.4394,GOOD,220,246,4,-26,0.894309,46.808511,52.340426,20947.0,True,FREE_PUBLIC_RECONSTRUCTION,RESEARCH_GRADE,True,False,YAHOO_FINANCE_YFINANCE,FREE_PUBLIC_RESEARCH_GRADE,False,True,False,False,False,MB_20230124
2023-01-25,503,470,33,93.4394,GOOD,264,203,3,61,1.300493,56.170213,43.191489,21008.0,True,FREE_PUBLIC_RECONSTRUCTION,RESEARCH_GRADE,True,False,YAHOO_FINANCE_YFINANCE,FREE_PUBLIC_RESEARCH_GRADE,False,True,False,False,False,MB_20230125
2023-01-26,503,470,33,93.4394,GOOD,336,131,3,205,2.564885,71.489362,27.87234,21213.0,True,FREE_PUBLIC_RECONSTRUCTION,RESEARCH_GRADE,True,False,YAHOO_FINANCE_YFINANCE,FREE_PUBLIC_RESEARCH_GRADE,False,True,False,False,False,MB_20230126
2023-01-27,503,470,33,93.4394,GOOD,246,222,2,24,1.108108,52.340426,47.234043,21237.0,True,FREE_PUBLIC_RECONSTRUCTION,RESEARCH_GRADE,True,False,YAHOO_FINANCE_YFINANCE,FREE_PUBLIC_RESEARCH_GRADE,False,True,False,False,False,MB_20230127
2023-01-30,503,470,33,93.4394,GOOD,97,370,3,-273,0.262162,20.638298,78.723404,20964.0,True,FREE_PUBLIC_RECONSTRUCTION,RESEARCH_GRADE,True,False,YAHOO_FINANCE_YFINANCE,FREE_PUBLIC_RESEARCH_GRADE,False,True,False,False,False,MB_20230130
2023-01-31,503,470,33,93.4394,GOOD,439,29,2,410,15.137931,93.404255,6.170213,21374.0,True,FREE_PUBLIC_RECONSTRUCTION,RESEARCH_GRADE,True,False,YAHOO_FINANCE_YFINANCE,FREE_PUBLIC_RESEARCH_GRADE,False,True,False,False,False,MB_20230131
2023-02-01,503,470,33,93.4394,GOOD,345,123,2,222,2.804878,73.404255,26.170213,21596.0,True,FREE_PUBLIC_RECONSTRUCTION,RESEARCH_GRADE,True,False,YAHOO_FINANCE_YFINANCE,FREE_PUBLIC_RESEARCH_GRADE,False,True,False,False,False,MB_20230201
2023-02-02,503,470,33,93.4394,GOOD,303,164,3,139,1.847561,64.468085,34.893617,21735.0,True,FREE_PUBLIC_RECONSTRUCTION,RESEARCH_GRADE,True,False,YAHOO_FINANCE_YFINANCE,FREE_PUBLIC_RESEARCH_GRADE,False,True,False,False,False,MB_20230202
2023-02-03,503,470,33,93.4394,GOOD,100,367,3,-267,0.27248,21.276596,78.085106,21468.0,True,FREE_PUBLIC_RECONSTRUCTION,RESEARCH_GRADE,True,False,YAHOO_FINANCE_YFINANCE,FREE_PUBLIC_RESEARCH_GRADE,False,True,False,False,False,MB_20230203
2023-02-06,503,470,33,93.4394,GOOD,146,323,1,-177,0.452012,31.06383,68.723404,21291.0,True,FREE_PUBLIC_RECONSTRUCTION,RESEARCH_GRADE,True,False,YAHOO_FINANCE_YFINANCE,FREE_PUBLIC_RESEARCH_GRADE,False,True,False,False,False,MB_20230206
2023-02-07,503,470,33,93.4394,GOOD,323,144,3,179,2.243056,68.723404,30.638298,21470.0,True,FREE_PUBLIC_RECONSTRUCTION,RESEARCH_GRADE,True,False,YAHOO_FINANCE_YFINANCE,FREE_PUBLIC_RESEARCH_GRADE,False,True,False,False,False,MB_20230207
2023-02-08,503,470,33,93.4394,GOOD,101,368,1,-267,0.274457,21.489362,78.297872,21203.0,True,FREE_PUBLIC_RECONSTRUCTION,RESEARCH_GRADE,True,False,YAHOO_FINANCE_YFINANCE,FREE_PUBLIC_RESEARCH_GRADE,False,True,False,False,False,MB_20230208
2023-02-09,503,470,33,93.4394,GOOD,109,358,3,-249,0.304469,23.191489,76.170213,20954.0,True,FREE_PUBLIC_RECONSTRUCTION,RESEARCH_GRADE,True,False,YAHOO_FINANCE_YFINANCE,FREE_PUBLIC_RESEARCH_GRADE,False,True,False,False,False,MB_20230209
2023-02-10,503,470,33,93.4394,GOOD,297,172,1,125,1.726744,63.191489,36.595745,21079.0,True,FREE_PUBLIC_RECONSTRUCTION,RESEARCH_GRADE,True,False,YAHOO_FINANCE_YFINANCE,FREE_PUBLIC_RESEARCH_GRADE,False,True,False,False,False,MB_20230210
2023-02-13,503,470,33,93.4394,GOOD,420,49,1,371,8.571429,89.361702,10.425532,21450.0,True,FREE_PUBLIC_RECONSTRUCTION,RESEARCH_GRADE,True,False,YAHOO_FINANCE_YFINANCE,FREE_PUBLIC_RESEARCH_GRADE,False,True,False,False,False,MB_20230213
2023-02-14,503,470,33,93.4394,GOOD,155,309,6,-154,0.501618,32.978723,65.744681,21296.0,True,FREE_PUBLIC_RECONSTRUCTION,RESEARCH_GRADE,True,False,YAHOO_FINANCE_YFINANCE,FREE_PUBLIC_RESEARCH_GRADE,False,True,False,False,False,MB_20230214
2023-02-15,503,470,33,93.4394,GOOD,315,152,3,163,2.072368,67.021277,32.340426,21459.0,True,FREE_PUBLIC_RECONSTRUCTION,RESEARCH_GRADE,True,False,YAHOO_FINANCE_YFINANCE,FREE_PUBLIC_RESEARCH_GRADE,False,True,False,False,False,MB_20230215
2023-02-16,503,470,33,93.4394,GOOD,69,399,2,-330,0.172932,14.680851,84.893617,21129.0,True,FREE_PUBLIC_RECONSTRUCTION,RESEARCH_GRADE,True,False,YAHOO_FINANCE_YFINANCE,FREE_PUBLIC_RESEARCH_GRADE,False,True,False,False,False,MB_20230216
2023-02-17,503,470,33,93.4394,GOOD,244,224,2,20,1.089286,51.914894,47.659574,21149.0,True,FREE_PUBLIC_RECONSTRUCTION,RESEARCH_GRADE,True,False,YAHOO_FINANCE_YFINANCE,FREE_PUBLIC_RESEARCH_GRADE,False,True,False,False,False,MB_20230217
2023-02-21,503,470,33,93.4394,GOOD,34,436,0,-402,0.077982,7.234043,92.765957,20747.0,True,FREE_PUBLIC_RECONSTRUCTION,RESEARCH_GRADE,True,False,YAHOO_FINANCE_YFINANCE,FREE_PUBLIC_RESEARCH_GRADE,False,True,False,False,False,MB_20230221
2023-02-22,503,470,33,93.4394,GOOD,190,278,2,-88,0.683453,40.425532,59.148936,20659.0,True,FREE_PUBLIC_RECONSTRUCTION,RESEARCH_GRADE,True,False,YAHOO_FINANCE_YFINANCE,FREE_PUBLIC_RESEARCH_GRADE,False,True,False,False,False,MB_20230222
2023-02-23,503,470,33,93.4394,GOOD,286,181,3,105,1.58011,60.851064,38.510638,20764.0,True,FREE_PUBLIC_RECONSTRUCTION,RESEARCH_GRADE,True,False,YAHOO_FINANCE_YFINANCE,FREE_PUBLIC_RESEARCH_GRADE,False,True,False,False,False,MB_20230223
2023-02-24,503,470,33,93.4394,GOOD,100,367,3,-267,0.27248,21.276596,78.085106,20497.0,True,FREE_PUBLIC_RECONSTRUCTION,RESEARCH_GRADE,True,False,YAHOO_FINANCE_YFINANCE,FREE_PUBLIC_RESEARCH_GRADE,False,True,False,False,False,MB_20230224
2023-02-27,503,470,33,93.4394,GOOD,247,220,3,27,1.122727,52.553191,46.808511,20524.0,True,FREE_PUBLIC_RECONSTRUCTION,RESEARCH_GRADE,True,False,YAHOO_FINANCE_YFINANCE,FREE_PUBLIC_RESEARCH_GRADE,False,True,False,False,False,MB_20230227
2023-02-28,503,470,33,93.4394,GOOD,186,280,4,-94,0.664286,39.574468,59.574468,20430.0,True,FREE_PUBLIC_RECONSTRUCTION,RESEARCH_GRADE,True,False,YAHOO_FINANCE_YFINANCE,FREE_PUBLIC_RESEARCH_GRADE,False,True,False,False,False,MB_20230228
2023-03-01,503,470,33,93.4394,GOOD,171,299,0,-128,0.571906,36.382979,63.617021,20302.0,True,FREE_PUBLIC_RECONSTRUCTION,RESEARCH_GRADE,True,False,YAHOO_FINANCE_YFINANCE,FREE_PUBLIC_RESEARCH_GRADE,False,True,False,False,False,MB_20230301
2023-03-02,503,470,33,93.4394,GOOD,361,106,3,255,3.40566,76.808511,22.553191,20557.0,True,FREE_PUBLIC_RECONSTRUCTION,RESEARCH_GRADE,True,False,YAHOO_FINANCE_YFINANCE,FREE_PUBLIC_RESEARCH_GRADE,False,True,False,False,False,MB_20230302
2023-03-03,503,470,33,93.4394,GOOD,413,53,4,360,7.792453,87.87234,11.276596,20917.0,True,FREE_PUBLIC_RECONSTRUCTION,RESEARCH_GRADE,True,False,YAHOO_FINANCE_YFINANCE,FREE_PUBLIC_RESEARCH_GRADE,False,True,False,False,False,MB_20230303
2023-03-06,503,470,33,93.4394,GOOD,168,300,2,-132,0.56,35.744681,63.829787,20785.0,True,FREE_PUBLIC_RECONSTRUCTION,RESEARCH_GRADE,True,False,YAHOO_FINANCE_YFINANCE,FREE_PUBLIC_RESEARCH_GRADE,False,True,False,False,False,MB_20230306
2023-03-07,503,470,33,93.4394,GOOD,27,441,2,-414,0.061224,5.744681,93.829787,20371.0,True,FREE_PUBLIC_RECONSTRUCTION,RESEARCH_GRADE,True,False,YAHOO_FINANCE_YFINANCE,FREE_PUBLIC_RESEARCH_GRADE,False,True,False,False,False,MB_20230307
2023-03-08,503,470,33,93.4394,GOOD,270,198,2,72,1.363636,57.446809,42.12766,20443.0,True,FREE_PUBLIC_RECONSTRUCTION,RESEARCH_GRADE,True,False,YAHOO_FINANCE_YFINANCE,FREE_PUBLIC_RESEARCH_GRADE,False,True,False,False,False,MB_20230308
2023-03-09,503,470,33,93.4394,GOOD,24,446,0,-422,0.053812,5.106383,94.893617,20021.0,True,FREE_PUBLIC_RECONSTRUCTION,RESEARCH_GRADE,True,False,YAHOO_FINANCE_YFINANCE,FREE_PUBLIC_RESEARCH_GRADE,False,True,False,False,False,MB_20230309
2023-03-10,503,470,33,93.4394,GOOD,40,430,0,-390,0.093023,8.510638,91.489362,19631.0,True,FREE_PUBLIC_RECONSTRUCTION,RESEARCH_GRADE,True,False,YAHOO_FINANCE_YFINANCE,FREE_PUBLIC_RESEARCH_GRADE,False,True,False,False,False,MB_20230310
2023-03-13,503,470,33,93.4394,GOOD,201,269,0,-68,0.747212,42.765957,57.234043,19563.0,True,FREE_PUBLIC_RECONSTRUCTION,RESEARCH_GRADE,True,False,YAHOO_FINANCE_YFINANCE,FREE_PUBLIC_RESEARCH_GRADE,False,True,False,False,False,MB_20230313
2023-03-14,503,470,33,93.4394,GOOD,391,78,1,313,5.012821,83.191489,16.595745,19876.0,True,FREE_PUBLIC_RECONSTRUCTION,RESEARCH_GRADE,True,False,YAHOO_FINANCE_YFINANCE,FREE_PUBLIC_RESEARCH_GRADE,False,True,False,False,False,MB_20230314
2023-03-15,503,472,31,93.837,GOOD,133,338,1,-205,0.393491,28.177966,71.610169,19671.0,True,FREE_PUBLIC_RECONSTRUCTION,RESEARCH_GRADE,True,False,YAHOO_FINANCE_YFINANCE,FREE_PUBLIC_RESEARCH_GRADE,False,True,False,False,False,MB_20230315
2023-03-16,503,472,31,93.837,GOOD,396,74,2,322,5.351351,83.898305,15.677966,19993.0,True,FREE_PUBLIC_RECONSTRUCTION,RESEARCH_GRADE,True,False,YAHOO_FINANCE_YFINANCE,FREE_PUBLIC_RESEARCH_GRADE,False,True,False,False,False,MB_20230316
2023-03-17,503,472,31,93.837,GOOD,41,430,1,-389,0.095349,8.686441,91.101695,19604.0,True,FREE_PUBLIC_RECONSTRUCTION,RESEARCH_GRADE,True,False,YAHOO_FINANCE_YFINANCE,FREE_PUBLIC_RESEARCH_GRADE,False,True,False,False,False,MB_20230317
2023-03-20,503,472,31,93.837,GOOD,413,57,2,356,7.245614,87.5,12.076271,19960.0,True,FREE_PUBLIC_RECONSTRUCTION,RESEARCH_GRADE,True,False,YAHOO_FINANCE_YFINANCE,FREE_PUBLIC_RESEARCH_GRADE,False,True,False,False,False,MB_20230320
2023-03-21,503,472,31,93.837,GOOD,363,100,9,263,3.63,76.90678,21.186441,20223.0,True,FREE_PUBLIC_RECONSTRUCTION,RESEARCH_GRADE,True,False,YAHOO_FINANCE_YFINANCE,FREE_PUBLIC_RESEARCH_GRADE,False,True,False,False,False,MB_20230321
2023-03-22,503,472,31,93.837,GOOD,9,461,2,-452,0.019523,1.90678,97.669492,19771.0,True,FREE_PUBLIC_RECONSTRUCTION,RESEARCH_GRADE,True,False,YAHOO_FINANCE_YFINANCE,FREE_PUBLIC_RESEARCH_GRADE,False,True,False,False,False,MB_20230322
2023-03-23,503,472,31,93.837,GOOD,169,300,3,-131,0.563333,35.805085,63.559322,19640.0,True,FREE_PUBLIC_RECONSTRUCTION,RESEARCH_GRADE,True,False,YAHOO_FINANCE_YFINANCE,FREE_PUBLIC_RESEARCH_GRADE,False,True,False,False,False,MB_20230323
2023-03-24,503,472,31,93.837,GOOD,354,115,3,239,3.078261,75.0,24.364407,19879.0,True,FREE_PUBLIC_RECONSTRUCTION,RESEARCH_GRADE,True,False,YAHOO_FINANCE_YFINANCE,FREE_PUBLIC_RESEARCH_GRADE,False,True,False,False,False,MB_20230324
2023-03-27,503,472,31,93.837,GOOD,346,124,2,222,2.790323,73.305085,26.271186,20101.0,True,FREE_PUBLIC_RECONSTRUCTION,RESEARCH_GRADE,True,False,YAHOO_FINANCE_YFINANCE,FREE_PUBLIC_RESEARCH_GRADE,False,True,False,False,False,MB_20230327
2023-03-28,503,472,31,93.837,GOOD,287,180,5,107,1.594444,60.805085,38.135593,20208.0,True,FREE_PUBLIC_RECONSTRUCTION,RESEARCH_GRADE,True,False,YAHOO_FINANCE_YFINANCE,FREE_PUBLIC_RESEARCH_GRADE,False,True,False,False,False,MB_20230328
2023-03-29,503,472,31,93.837,GOOD,432,39,1,393,11.076923,91.525424,8.262712,20601.0,True,FREE_PUBLIC_RECONSTRUCTION,RESEARCH_GRADE,True,False,YAHOO_FINANCE_YFINANCE,FREE_PUBLIC_RESEARCH_GRADE,False,True,False,False,False,MB_20230329
2023-03-30,503,472,31,93.837,GOOD,339,131,2,208,2.587786,71.822034,27.754237,20809.0,True,FREE_PUBLIC_RECONSTRUCTION,RESEARCH_GRADE,True,False,YAHOO_FINANCE_YFINANCE,FREE_PUBLIC_RESEARCH_GRADE,False,True,False,False,False,MB_20230330
2023-03-31,503,472,31,93.837,GOOD,443,27,2,416,16.407407,93.855932,5.720339,21225.0,True,FREE_PUBLIC_RECONSTRUCTION,RESEARCH_GRADE,True,False,YAHOO_FINANCE_YFINANCE,FREE_PUBLIC_RESEARCH_GRADE,False,True,False,False,False,MB_20230331
2023-04-03,503,472,31,93.837,GOOD,220,250,2,-30,0.88,46.610169,52.966102,21195.0,True,FREE_PUBLIC_RECONSTRUCTION,RESEARCH_GRADE,True,False,YAHOO_FINANCE_YFINANCE,FREE_PUBLIC_RESEARCH_GRADE,False,True,False,False,False,MB_20230403
2023-04-04,503,472,31,93.837,GOOD,109,360,3,-251,0.302778,23.09322,76.271186,20944.0,True,FREE_PUBLIC_RECONSTRUCTION,RESEARCH_GRADE,True,False,YAHOO_FINANCE_YFINANCE,FREE_PUBLIC_RESEARCH_GRADE,False,True,False,False,False,MB_20230404
2023-04-05,503,472,31,93.837,GOOD,207,263,2,-56,0.787072,43.855932,55.720339,20888.0,True,FREE_PUBLIC_RECONSTRUCTION,RESEARCH_GRADE,True,False,YAHOO_FINANCE_YFINANCE,FREE_PUBLIC_RESEARCH_GRADE,False,True,False,False,False,MB_20230405
2023-04-06,503,472,31,93.837,GOOD,252,216,4,36,1.166667,53.389831,45.762712,20924.0,True,FREE_PUBLIC_RECONSTRUCTION,RESEARCH_GRADE,True,False,YAHOO_FINANCE_YFINANCE,FREE_PUBLIC_RESEARCH_GRADE,False,True,False,False,False,MB_20230406
2023-04-10,503,472,31,93.837,GOOD,322,148,2,174,2.175676,68.220339,31.355932,21098.0,True,FREE_PUBLIC_RECONSTRUCTION,RESEARCH_GRADE,True,False,YAHOO_FINANCE_YFINANCE,FREE_PUBLIC_RESEARCH_GRADE,False,True,False,False,False,MB_20230410
2023-04-11,503,472,31,93.837,GOOD,350,119,3,231,2.941176,74.152542,25.211864,21329.0,True,FREE_PUBLIC_RECONSTRUCTION,RESEARCH_GRADE,True,False,YAHOO_FINANCE_YFINANCE,FREE_PUBLIC_RESEARCH_GRADE,False,True,False,False,False,MB_20230411
2023-04-12,503,472,31,93.837,GOOD,166,305,1,-139,0.544262,35.169492,64.618644,21190.0,True,FREE_PUBLIC_RECONSTRUCTION,RESEARCH_GRADE,True,False,YAHOO_FINANCE_YFINANCE,FREE_PUBLIC_RESEARCH_GRADE,False,True,False,False,False,MB_20230412
2023-04-13,503,472,31,93.837,GOOD,366,104,2,262,3.519231,77.542373,22.033898,21452.0,True,FREE_PUBLIC_RECONSTRUCTION,RESEARCH_GRADE,True,False,YAHOO_FINANCE_YFINANCE,FREE_PUBLIC_RESEARCH_GRADE,False,True,False,False,False,MB_20230413
2023-04-14,503,472,31,93.837,GOOD,159,310,3,-151,0.512903,33.686441,65.677966,21301.0,True,FREE_PUBLIC_RECONSTRUCTION,RESEARCH_GRADE,True,False,YAHOO_FINANCE_YFINANCE,FREE_PUBLIC_RESEARCH_GRADE,False,True,False,False,False,MB_20230414
2023-04-17,503,472,31,93.837,GOOD,356,113,3,243,3.150442,75.423729,23.940678,21544.0,True,FREE_PUBLIC_RECONSTRUCTION,RESEARCH_GRADE,True,False,YAHOO_FINANCE_YFINANCE,FREE_PUBLIC_RESEARCH_GRADE,False,True,False,False,False,MB_20230417
2023-04-18,503,472,31,93.837,GOOD,234,235,3,-1,0.995745,49.576271,49.788136,21543.0,True,FREE_PUBLIC_RECONSTRUCTION,RESEARCH_GRADE,True,False,YAHOO_FINANCE_YFINANCE,FREE_PUBLIC_RESEARCH_GRADE,False,True,False,False,False,MB_20230418
2023-04-19,503,472,31,93.837,GOOD,239,231,2,8,1.034632,50.635593,48.940678,21551.0,True,FREE_PUBLIC_RECONSTRUCTION,RESEARCH_GRADE,True,False,YAHOO_FINANCE_YFINANCE,FREE_PUBLIC_RESEARCH_GRADE,False,True,False,False,False,MB_20230419
2023-04-20,503,472,31,93.837,GOOD,164,306,2,-142,0.535948,34.745763,64.830508,21409.0,True,FREE_PUBLIC_RECONSTRUCTION,RESEARCH_GRADE,True,False,YAHOO_FINANCE_YFINANCE,FREE_PUBLIC_RESEARCH_GRADE,False,True,False,False,False,MB_20230420
2023-04-21,503,472,31,93.837,GOOD,244,226,2,18,1.079646,51.694915,47.881356,21427.0,True,FREE_PUBLIC_RECONSTRUCTION,RESEARCH_GRADE,True,False,YAHOO_FINANCE_YFINANCE,FREE_PUBLIC_RESEARCH_GRADE,False,True,False,False,False,MB_20230421
2023-04-24,503,472,31,93.837,GOOD,295,174,3,121,1.695402,62.5,36.864407,21548.0,True,FREE_PUBLIC_RECONSTRUCTION,RESEARCH_GRADE,True,False,YAHOO_FINANCE_YFINANCE,FREE_PUBLIC_RESEARCH_GRADE,False,True,False,False,False,MB_20230424
2023-04-25,503,472,31,93.837,GOOD,82,388,2,-306,0.21134,17.372881,82.20339,21242.0,True,FREE_PUBLIC_RECONSTRUCTION,RESEARCH_GRADE,True,False,YAHOO_FINANCE_YFINANCE,FREE_PUBLIC_RESEARCH_GRADE,False,True,False,False,False,MB_20230425
2023-04-26,503,472,31,93.837,GOOD,87,384,1,-297,0.226562,18.432203,81.355932,20945.0,True,FREE_PUBLIC_RECONSTRUCTION,RESEARCH_GRADE,True,False,YAHOO_FINANCE_YFINANCE,FREE_PUBLIC_RESEARCH_GRADE,False,True,False,False,False,MB_20230426
2023-04-27,503,472,31,93.837,GOOD,416,55,1,361,7.563636,88.135593,11.652542,21306.0,True,FREE_PUBLIC_RECONSTRUCTION,RESEARCH_GRADE,True,False,YAHOO_FINANCE_YFINANCE,FREE_PUBLIC_RESEARCH_GRADE,False,True,False,False,False,MB_20230427
2023-04-28,503,472,31,93.837,GOOD,384,87,1,297,4.413793,81.355932,18.432203,21603.0,True,FREE_PUBLIC_RECONSTRUCTION,RESEARCH_GRADE,True,False,YAHOO_FINANCE_YFINANCE,FREE_PUBLIC_RESEARCH_GRADE,False,True,False,False,False,MB_20230428
2023-05-01,503,472,31,93.837,GOOD,250,220,2,30,1.136364,52.966102,46.610169,21633.0,True,FREE_PUBLIC_RECONSTRUCTION,RESEARCH_GRADE,True,False,YAHOO_FINANCE_YFINANCE,FREE_PUBLIC_RESEARCH_GRADE,False,True,False,False,False,MB_20230501
2023-05-02,503,472,31,93.837,GOOD,89,383,0,-294,0.232376,18.855932,81.144068,21339.0,True,FREE_PUBLIC_RECONSTRUCTION,RESEARCH_GRADE,True,False,YAHOO_FINANCE_YFINANCE,FREE_PUBLIC_RESEARCH_GRADE,False,True,False,False,False,MB_20230502
2023-05-03,503,472,31,93.837,GOOD,137,333,2,-196,0.411411,29.025424,70.550847,21143.0,True,FREE_PUBLIC_RECONSTRUCTION,RESEARCH_GRADE,True,False,YAHOO_FINANCE_YFINANCE,FREE_PUBLIC_RESEARCH_GRADE,False,True,False,False,False,MB_20230503
2023-05-04,503,473,30,94.0358,GOOD,137,333,3,-196,0.411411,28.964059,70.401691,20947.0,True,FREE_PUBLIC_RECONSTRUCTION,RESEARCH_GRADE,True,False,YAHOO_FINANCE_YFINANCE,FREE_PUBLIC_RESEARCH_GRADE,False,True,False,False,False,MB_20230504
2023-05-05,503,473,30,94.0358,GOOD,433,39,1,394,11.102564,91.54334,8.245243,21341.0,True,FREE_PUBLIC_RECONSTRUCTION,RESEARCH_GRADE,True,False,YAHOO_FINANCE_YFINANCE,FREE_PUBLIC_RESEARCH_GRADE,False,True,False,False,False,MB_20230505
2023-05-08,503,473,30,94.0358,GOOD,204,263,6,-59,0.775665,43.128964,55.602537,21282.0,True,FREE_PUBLIC_RECONSTRUCTION,RESEARCH_GRADE,True,False,YAHOO_FINANCE_YFINANCE,FREE_PUBLIC_RESEARCH_GRADE,False,True,False,False,False,MB_20230508
2023-05-09,503,473,30,94.0358,GOOD,172,295,6,-123,0.583051,36.363636,62.367865,21159.0,True,FREE_PUBLIC_RECONSTRUCTION,RESEARCH_GRADE,True,False,YAHOO_FINANCE_YFINANCE,FREE_PUBLIC_RESEARCH_GRADE,False,True,False,False,False,MB_20230509
2023-05-10,503,473,30,94.0358,GOOD,244,225,4,19,1.084444,51.585624,47.56871,21178.0,True,FREE_PUBLIC_RECONSTRUCTION,RESEARCH_GRADE,True,False,YAHOO_FINANCE_YFINANCE,FREE_PUBLIC_RESEARCH_GRADE,False,True,False,False,False,MB_20230510
2023-05-11,503,473,30,94.0358,GOOD,146,326,1,-180,0.447853,30.866808,68.921776,20998.0,True,FREE_PUBLIC_RECONSTRUCTION,RESEARCH_GRADE,True,False,YAHOO_FINANCE_YFINANCE,FREE_PUBLIC_RESEARCH_GRADE,False,True,False,False,False,MB_20230511
2023-05-12,503,473,30,94.0358,GOOD,233,232,8,1,1.00431,49.260042,49.048626,20999.0,True,FREE_PUBLIC_RECONSTRUCTION,RESEARCH_GRADE,True,False,YAHOO_FINANCE_YFINANCE,FREE_PUBLIC_RESEARCH_GRADE,False,True,False,False,False,MB_20230512
2023-05-15,503,473,30,94.0358,GOOD,312,160,1,152,1.95,65.961945,33.826638,21151.0,True,FREE_PUBLIC_RECONSTRUCTION,RESEARCH_GRADE,True,False,YAHOO_FINANCE_YFINANCE,FREE_PUBLIC_RESEARCH_GRADE,False,True,False,False,False,MB_20230515
2023-05-16,503,474,29,94.2346,GOOD,55,418,1,-363,0.131579,11.603376,88.185654,20788.0,True,FREE_PUBLIC_RECONSTRUCTION,RESEARCH_GRADE,True,False,YAHOO_FINANCE_YFINANCE,FREE_PUBLIC_RESEARCH_GRADE,False,True,False,False,False,MB_20230516
2023-05-17,503,474,29,94.2346,GOOD,361,112,1,249,3.223214,76.160338,23.628692,21037.0,True,FREE_PUBLIC_RECONSTRUCTION,RESEARCH_GRADE,True,False,YAHOO_FINANCE_YFINANCE,FREE_PUBLIC_RESEARCH_GRADE,False,True,False,False,False,MB_20230517
2023-05-18,503,474,29,94.2346,GOOD,319,153,2,166,2.084967,67.299578,32.278481,21203.0,True,FREE_PUBLIC_RECONSTRUCTION,RESEARCH_GRADE,True,False,YAHOO_FINANCE_YFINANCE,FREE_PUBLIC_RESEARCH_GRADE,False,True,False,False,False,MB_20230518
2023-05-19,503,474,29,94.2346,GOOD,182,288,4,-106,0.631944,38.396624,60.759494,21097.0,True,FREE_PUBLIC_RECONSTRUCTION,RESEARCH_GRADE,True,False,YAHOO_FINANCE_YFINANCE,FREE_PUBLIC_RESEARCH_GRADE,False,True,False,False,False,MB_20230519
2023-05-22,503,474,29,94.2346,GOOD,267,205,2,62,1.302439,56.329114,43.248945,21159.0,True,FREE_PUBLIC_RECONSTRUCTION,RESEARCH_GRADE,True,False,YAHOO_FINANCE_YFINANCE,FREE_PUBLIC_RESEARCH_GRADE,False,True,False,False,False,MB_20230522
2023-05-23,503,474,29,94.2346,GOOD,100,370,4,-270,0.27027,21.097046,78.059072,20889.0,True,FREE_PUBLIC_RECONSTRUCTION,RESEARCH_GRADE,True,False,YAHOO_FINANCE_YFINANCE,FREE_PUBLIC_RESEARCH_GRADE,False,True,False,False,False,MB_20230523
2023-05-24,503,474,29,94.2346,GOOD,75,397,2,-322,0.188917,15.822785,83.755274,20567.0,True,FREE_PUBLIC_RECONSTRUCTION,RESEARCH_GRADE,True,False,YAHOO_FINANCE_YFINANCE,FREE_PUBLIC_RESEARCH_GRADE,False,True,False,False,False,MB_20230524
2023-05-25,503,474,29,94.2346,GOOD,196,274,4,-78,0.715328,41.350211,57.805907,20489.0,True,FREE_PUBLIC_RECONSTRUCTION,RESEARCH_GRADE,True,False,YAHOO_FINANCE_YFINANCE,FREE_PUBLIC_RESEARCH_GRADE,False,True,False,False,False,MB_20230525
2023-05-26,503,474,29,94.2346,GOOD,319,151,4,168,2.112583,67.299578,31.85654,20657.0,True,FREE_PUBLIC_RECONSTRUCTION,RESEARCH_GRADE,True,False,YAHOO_FINANCE_YFINANCE,FREE_PUBLIC_RESEARCH_GRADE,False,True,False,False,False,MB_20230526
2023-05-30,503,474,29,94.2346,GOOD,193,279,2,-86,0.691756,40.7173,58.860759,20571.0,True,FREE_PUBLIC_RECONSTRUCTION,RESEARCH_GRADE,True,False,YAHOO_FINANCE_YFINANCE,FREE_PUBLIC_RESEARCH_GRADE,False,True,False,False,False,MB_20230530
2023-05-31,503,474,29,94.2346,GOOD,164,310,0,-146,0.529032,34.599156,65.400844,20425.0,True,FREE_PUBLIC_RECONSTRUCTION,RESEARCH_GRADE,True,False,YAHOO_FINANCE_YFINANCE,FREE_PUBLIC_RESEARCH_GRADE,False,True,False,False,False,MB_20230531
2023-06-01,503,474,29,94.2346,GOOD,347,125,2,222,2.776,73.206751,26.371308,20647.0,True,FREE_PUBLIC_RECONSTRUCTION,RESEARCH_GRADE,True,False,YAHOO_FINANCE_YFINANCE,FREE_PUBLIC_RESEARCH_GRADE,False,True,False,False,False,MB_20230601
2023-06-02,503,474,29,94.2346,GOOD,434,37,3,397,11.72973,91.561181,7.805907,21044.0,True,FREE_PUBLIC_RECONSTRUCTION,RESEARCH_GRADE,True,False,YAHOO_FINANCE_YFINANCE,FREE_PUBLIC_RESEARCH_GRADE,False,True,False,False,False,MB_20230602
2023-06-05,503,474,29,94.2346,GOOD,188,284,2,-96,0.661972,39.662447,59.915612,20948.0,True,FREE_PUBLIC_RECONSTRUCTION,RESEARCH_GRADE,True,False,YAHOO_FINANCE_YFINANCE,FREE_PUBLIC_RESEARCH_GRADE,False,True,False,False,False,MB_20230605
2023-06-06,503,474,29,94.2346,GOOD,308,165,1,143,1.866667,64.978903,34.810127,21091.0,True,FREE_PUBLIC_RECONSTRUCTION,RESEARCH_GRADE,True,False,YAHOO_FINANCE_YFINANCE,FREE_PUBLIC_RESEARCH_GRADE,False,True,False,False,False,MB_20230606
2023-06-07,503,473,30,94.0358,GOOD,325,146,2,179,2.226027,68.710359,30.866808,21270.0,True,FREE_PUBLIC_RECONSTRUCTION,RESEARCH_GRADE,True,False,YAHOO_FINANCE_YFINANCE,FREE_PUBLIC_RESEARCH_GRADE,False,True,False,False,False,MB_20230607
2023-06-08,503,473,30,94.0358,GOOD,238,233,2,5,1.021459,50.317125,49.260042,21275.0,True,FREE_PUBLIC_RECONSTRUCTION,RESEARCH_GRADE,True,False,YAHOO_FINANCE_YFINANCE,FREE_PUBLIC_RESEARCH_GRADE,False,True,False,False,False,MB_20230608
2023-06-09,503,473,30,94.0358,GOOD,205,263,5,-58,0.779468,43.340381,55.602537,21217.0,True,FREE_PUBLIC_RECONSTRUCTION,RESEARCH_GRADE,True,False,YAHOO_FINANCE_YFINANCE,FREE_PUBLIC_RESEARCH_GRADE,False,True,False,False,False,MB_20230609
2023-06-12,503,473,30,94.0358,GOOD,317,156,0,161,2.032051,67.019027,32.980973,21378.0,True,FREE_PUBLIC_RECONSTRUCTION,RESEARCH_GRADE,True,False,YAHOO_FINANCE_YFINANCE,FREE_PUBLIC_RESEARCH_GRADE,False,True,False,False,False,MB_20230612
2023-06-13,503,473,30,94.0358,GOOD,369,100,4,269,3.69,78.012685,21.141649,21647.0,True,FREE_PUBLIC_RECONSTRUCTION,RESEARCH_GRADE,True,False,YAHOO_FINANCE_YFINANCE,FREE_PUBLIC_RESEARCH_GRADE,False,True,False,False,False,MB_20230613
2023-06-14,503,473,30,94.0358,GOOD,197,273,3,-76,0.721612,41.649049,57.716702,21571.0,True,FREE_PUBLIC_RECONSTRUCTION,RESEARCH_GRADE,True,False,YAHOO_FINANCE_YFINANCE,FREE_PUBLIC_RESEARCH_GRADE,False,True,False,False,False,MB_20230614
2023-06-15,503,473,30,94.0358,GOOD,415,56,2,359,7.410714,87.737844,11.839323,21930.0,True,FREE_PUBLIC_RECONSTRUCTION,RESEARCH_GRADE,True,False,YAHOO_FINANCE_YFINANCE,FREE_PUBLIC_RESEARCH_GRADE,False,True,False,False,False,MB_20230615
2023-06-16,503,473,30,94.0358,GOOD,198,274,1,-76,0.722628,41.860465,57.928118,21854.0,True,FREE_PUBLIC_RECONSTRUCTION,RESEARCH_GRADE,True,False,YAHOO_FINANCE_YFINANCE,FREE_PUBLIC_RESEARCH_GRADE,False,True,False,False,False,MB_20230616
2023-06-20,503,474,29,94.2346,GOOD,90,383,1,-293,0.234987,18.987342,80.801688,21561.0,True,FREE_PUBLIC_RECONSTRUCTION,RESEARCH_GRADE,True,False,YAHOO_FINANCE_YFINANCE,FREE_PUBLIC_RESEARCH_GRADE,False,True,False,False,False,MB_20230620
2023-06-21,503,474,29,94.2346,GOOD,242,230,2,12,1.052174,51.054852,48.523207,21573.0,True,FREE_PUBLIC_RECONSTRUCTION,RESEARCH_GRADE,True,False,YAHOO_FINANCE_YFINANCE,FREE_PUBLIC_RESEARCH_GRADE,False,True,False,False,False,MB_20230621
2023-06-22,503,474,29,94.2346,GOOD,166,306,2,-140,0.542484,35.021097,64.556962,21433.0,True,FREE_PUBLIC_RECONSTRUCTION,RESEARCH_GRADE,True,False,YAHOO_FINANCE_YFINANCE,FREE_PUBLIC_RESEARCH_GRADE,False,True,False,False,False,MB_20230622
2023-06-23,503,474,29,94.2346,GOOD,93,380,1,-287,0.244737,19.620253,80.168776,21146.0,True,FREE_PUBLIC_RECONSTRUCTION,RESEARCH_GRADE,True,False,YAHOO_FINANCE_YFINANCE,FREE_PUBLIC_RESEARCH_GRADE,False,True,False,False,False,MB_20230623
2023-06-26,503,474,29,94.2346,GOOD,324,149,1,175,2.174497,68.35443,31.434599,21321.0,True,FREE_PUBLIC_RECONSTRUCTION,RESEARCH_GRADE,True,False,YAHOO_FINANCE_YFINANCE,FREE_PUBLIC_RESEARCH_GRADE,False,True,False,False,False,MB_20230626
2023-06-27,503,474,29,94.2346,GOOD,391,82,1,309,4.768293,82.489451,17.299578,21630.0,True,FREE_PUBLIC_RECONSTRUCTION,RESEARCH_GRADE,True,False,YAHOO_FINANCE_YFINANCE,FREE_PUBLIC_RESEARCH_GRADE,False,True,False,False,False,MB_20230627
2023-06-28,503,474,29,94.2346,GOOD,193,279,2,-86,0.691756,40.7173,58.860759,21544.0,True,FREE_PUBLIC_RECONSTRUCTION,RESEARCH_GRADE,True,False,YAHOO_FINANCE_YFINANCE,FREE_PUBLIC_RESEARCH_GRADE,False,True,False,False,False,MB_20230628
2023-06-29,503,474,29,94.2346,GOOD,367,104,3,263,3.528846,77.42616,21.940928,21807.0,True,FREE_PUBLIC_RECONSTRUCTION,RESEARCH_GRADE,True,False,YAHOO_FINANCE_YFINANCE,FREE_PUBLIC_RESEARCH_GRADE,False,True,False,False,False,MB_20230629
2023-06-30,503,474,29,94.2346,GOOD,411,62,1,349,6.629032,86.708861,13.080169,22156.0,True,FREE_PUBLIC_RECONSTRUCTION,RESEARCH_GRADE,True,False,YAHOO_FINANCE_YFINANCE,FREE_PUBLIC_RESEARCH_GRADE,False,True,False,False,False,MB_20230630
2023-07-03,503,474,29,94.2346,GOOD,295,177,2,118,1.666667,62.236287,37.341772,22274.0,True,FREE_PUBLIC_RECONSTRUCTION,RESEARCH_GRADE,True,False,YAHOO_FINANCE_YFINANCE,FREE_PUBLIC_RESEARCH_GRADE,False,True,False,False,False,MB_20230703
2023-07-05,503,474,29,94.2346,GOOD,161,311,2,-150,0.517685,33.966245,65.611814,22124.0,True,FREE_PUBLIC_RECONSTRUCTION,RESEARCH_GRADE,True,False,YAHOO_FINANCE_YFINANCE,FREE_PUBLIC_RESEARCH_GRADE,False,True,False,False,False,MB_20230705
2023-07-06,503,474,29,94.2346,GOOD,74,398,2,-324,0.18593,15.611814,83.966245,21800.0,True,FREE_PUBLIC_RECONSTRUCTION,RESEARCH_GRADE,True,False,YAHOO_FINANCE_YFINANCE,FREE_PUBLIC_RESEARCH_GRADE,False,True,False,False,False,MB_20230706
2023-07-07,503,474,29,94.2346,GOOD,236,237,1,-1,0.995781,49.78903,50.0,21799.0,True,FREE_PUBLIC_RECONSTRUCTION,RESEARCH_GRADE,True,False,YAHOO_FINANCE_YFINANCE,FREE_PUBLIC_RESEARCH_GRADE,False,True,False,False,False,MB_20230707
2023-07-10,503,475,28,94.4334,GOOD,345,130,0,215,2.653846,72.631579,27.368421,22014.0,True,FREE_PUBLIC_RECONSTRUCTION,RESEARCH_GRADE,True,False,YAHOO_FINANCE_YFINANCE,FREE_PUBLIC_RESEARCH_GRADE,False,True,False,False,False,MB_20230710
2023-07-11,503,475,28,94.4334,GOOD,389,84,2,305,4.630952,81.894737,17.684211,22319.0,True,FREE_PUBLIC_RECONSTRUCTION,RESEARCH_GRADE,True,False,YAHOO_FINANCE_YFINANCE,FREE_PUBLIC_RESEARCH_GRADE,False,True,False,False,False,MB_20230711
2023-07-12,503,475,28,94.4334,GOOD,314,161,0,153,1.950311,66.105263,33.894737,22472.0,True,FREE_PUBLIC_RECONSTRUCTION,RESEARCH_GRADE,True,False,YAHOO_FINANCE_YFINANCE,FREE_PUBLIC_RESEARCH_GRADE,False,True,False,False,False,MB_20230712
2023-07-13,503,475,28,94.4334,GOOD,330,141,4,189,2.340426,69.473684,29.684211,22661.0,True,FREE_PUBLIC_RECONSTRUCTION,RESEARCH_GRADE,True,False,YAHOO_FINANCE_YFINANCE,FREE_PUBLIC_RESEARCH_GRADE,False,True,False,False,False,MB_20230713
2023-07-14,503,475,28,94.4334,GOOD,163,311,1,-148,0.524116,34.315789,65.473684,22513.0,True,FREE_PUBLIC_RECONSTRUCTION,RESEARCH_GRADE,True,False,YAHOO_FINANCE_YFINANCE,FREE_PUBLIC_RESEARCH_GRADE,False,True,False,False,False,MB_20230714
2023-07-17,503,475,28,94.4334,GOOD,261,212,2,49,1.231132,54.947368,44.631579,22562.0,True,FREE_PUBLIC_RECONSTRUCTION,RESEARCH_GRADE,True,False,YAHOO_FINANCE_YFINANCE,FREE_PUBLIC_RESEARCH_GRADE,False,True,False,False,False,MB_20230717
2023-07-18,503,475,28,94.4334,GOOD,299,173,3,126,1.728324,62.947368,36.421053,22688.0,True,FREE_PUBLIC_RECONSTRUCTION,RESEARCH_GRADE,True,False,YAHOO_FINANCE_YFINANCE,FREE_PUBLIC_RESEARCH_GRADE,False,True,False,False,False,MB_20230718
2023-07-19,503,475,28,94.4334,GOOD,308,165,2,143,1.866667,64.842105,34.736842,22831.0,True,FREE_PUBLIC_RECONSTRUCTION,RESEARCH_GRADE,True,False,YAHOO_FINANCE_YFINANCE,FREE_PUBLIC_RESEARCH_GRADE,False,True,False,False,False,MB_20230719
2023-07-20,503,475,28,94.4334,GOOD,265,209,1,56,1.267943,55.789474,44.0,22887.0,True,FREE_PUBLIC_RECONSTRUCTION,RESEARCH_GRADE,True,False,YAHOO_FINANCE_YFINANCE,FREE_PUBLIC_RESEARCH_GRADE,False,True,False,False,False,MB_20230720
2023-07-21,503,475,28,94.4334,GOOD,284,185,6,99,1.535135,59.789474,38.947368,22986.0,True,FREE_PUBLIC_RECONSTRUCTION,RESEARCH_GRADE,True,False,YAHOO_FINANCE_YFINANCE,FREE_PUBLIC_RESEARCH_GRADE,False,True,False,False,False,MB_20230721
2023-07-24,503,475,28,94.4334,GOOD,274,199,2,75,1.376884,57.684211,41.894737,23061.0,True,FREE_PUBLIC_RECONSTRUCTION,RESEARCH_GRADE,True,False,YAHOO_FINANCE_YFINANCE,FREE_PUBLIC_RESEARCH_GRADE,False,True,False,False,False,MB_20230724
2023-07-25,503,475,28,94.4334,GOOD,271,203,1,68,1.334975,57.052632,42.736842,23129.0,True,FREE_PUBLIC_RECONSTRUCTION,RESEARCH_GRADE,True,False,YAHOO_FINANCE_YFINANCE,FREE_PUBLIC_RESEARCH_GRADE,False,True,False,False,False,MB_20230725
2023-07-26,503,475,28,94.4334,GOOD,252,221,2,31,1.140271,53.052632,46.526316,23160.0,True,FREE_PUBLIC_RECONSTRUCTION,RESEARCH_GRADE,True,False,YAHOO_FINANCE_YFINANCE,FREE_PUBLIC_RESEARCH_GRADE,False,True,False,False,False,MB_20230726
2023-07-27,503,475,28,94.4334,GOOD,113,361,1,-248,0.313019,23.789474,76.0,22912.0,True,FREE_PUBLIC_RECONSTRUCTION,RESEARCH_GRADE,True,False,YAHOO_FINANCE_YFINANCE,FREE_PUBLIC_RESEARCH_GRADE,False,True,False,False,False,MB_20230727
2023-07-28,503,475,28,94.4334,GOOD,317,158,0,159,2.006329,66.736842,33.263158,23071.0,True,FREE_PUBLIC_RECONSTRUCTION,RESEARCH_GRADE,True,False,YAHOO_FINANCE_YFINANCE,FREE_PUBLIC_RESEARCH_GRADE,False,True,False,False,False,MB_20230728
2023-07-31,503,475,28,94.4334,GOOD,279,192,4,87,1.453125,58.736842,40.421053,23158.0,True,FREE_PUBLIC_RECONSTRUCTION,RESEARCH_GRADE,True,False,YAHOO_FINANCE_YFINANCE,FREE_PUBLIC_RESEARCH_GRADE,False,True,False,False,False,MB_20230731
2023-08-01,503,475,28,94.4334,GOOD,166,304,5,-138,0.546053,34.947368,64.0,23020.0,True,FREE_PUBLIC_RECONSTRUCTION,RESEARCH_GRADE,True,False,YAHOO_FINANCE_YFINANCE,FREE_PUBLIC_RESEARCH_GRADE,False,True,False,False,False,MB_20230801
2023-08-02,503,475,28,94.4334,GOOD,126,346,3,-220,0.364162,26.526316,72.842105,22800.0,True,FREE_PUBLIC_RECONSTRUCTION,RESEARCH_GRADE,True,False,YAHOO_FINANCE_YFINANCE,FREE_PUBLIC_RESEARCH_GRADE,False,True,False,False,False,MB_20230802
2023-08-03,503,475,28,94.4334,GOOD,195,278,2,-83,0.701439,41.052632,58.526316,22717.0,True,FREE_PUBLIC_RECONSTRUCTION,RESEARCH_GRADE,True,False,YAHOO_FINANCE_YFINANCE,FREE_PUBLIC_RESEARCH_GRADE,False,True,False,False,False,MB_20230803
2023-08-04,503,475,28,94.4334,GOOD,149,322,4,-173,0.462733,31.368421,67.789474,22544.0,True,FREE_PUBLIC_RECONSTRUCTION,RESEARCH_GRADE,True,False,YAHOO_FINANCE_YFINANCE,FREE_PUBLIC_RESEARCH_GRADE,False,True,False,False,False,MB_20230804
2023-08-07,503,475,28,94.4334,GOOD,385,89,1,296,4.325843,81.052632,18.736842,22840.0,True,FREE_PUBLIC_RECONSTRUCTION,RESEARCH_GRADE,True,False,YAHOO_FINANCE_YFINANCE,FREE_PUBLIC_RESEARCH_GRADE,False,True,False,False,False,MB_20230807
2023-08-08,503,475,28,94.4334,GOOD,145,328,2,-183,0.442073,30.526316,69.052632,22657.0,True,FREE_PUBLIC_RECONSTRUCTION,RESEARCH_GRADE,True,False,YAHOO_FINANCE_YFINANCE,FREE_PUBLIC_RESEARCH_GRADE,False,True,False,False,False,MB_20230808
2023-08-09,503,475,28,94.4334,GOOD,194,276,5,-82,0.702899,40.842105,58.105263,22575.0,True,FREE_PUBLIC_RECONSTRUCTION,RESEARCH_GRADE,True,False,YAHOO_FINANCE_YFINANCE,FREE_PUBLIC_RESEARCH_GRADE,False,True,False,False,False,MB_20230809
2023-08-10,503,475,28,94.4334,GOOD,214,255,6,-41,0.839216,45.052632,53.684211,22534.0,True,FREE_PUBLIC_RECONSTRUCTION,RESEARCH_GRADE,True,False,YAHOO_FINANCE_YFINANCE,FREE_PUBLIC_RESEARCH_GRADE,False,True,False,False,False,MB_20230810
2023-08-11,503,475,28,94.4334,GOOD,264,208,3,56,1.269231,55.578947,43.789474,22590.0,True,FREE_PUBLIC_RECONSTRUCTION,RESEARCH_GRADE,True,False,YAHOO_FINANCE_YFINANCE,FREE_PUBLIC_RESEARCH_GRADE,False,True,False,False,False,MB_20230811
2023-08-14,503,475,28,94.4334,GOOD,227,247,1,-20,0.919028,47.789474,52.0,22570.0,True,FREE_PUBLIC_RECONSTRUCTION,RESEARCH_GRADE,True,False,YAHOO_FINANCE_YFINANCE,FREE_PUBLIC_RESEARCH_GRADE,False,True,False,False,False,MB_20230814
2023-08-15,503,475,28,94.4334,GOOD,40,434,1,-394,0.092166,8.421053,91.368421,22176.0,True,FREE_PUBLIC_RECONSTRUCTION,RESEARCH_GRADE,True,False,YAHOO_FINANCE_YFINANCE,FREE_PUBLIC_RESEARCH_GRADE,False,True,False,False,False,MB_20230815
2023-08-16,503,475,28,94.4334,GOOD,106,367,2,-261,0.288828,22.315789,77.263158,21915.0,True,FREE_PUBLIC_RECONSTRUCTION,RESEARCH_GRADE,True,False,YAHOO_FINANCE_YFINANCE,FREE_PUBLIC_RESEARCH_GRADE,False,True,False,False,False,MB_20230816
2023-08-17,503,475,28,94.4334,GOOD,119,354,2,-235,0.336158,25.052632,74.526316,21680.0,True,FREE_PUBLIC_RECONSTRUCTION,RESEARCH_GRADE,True,False,YAHOO_FINANCE_YFINANCE,FREE_PUBLIC_RESEARCH_GRADE,False,True,False,False,False,MB_20230817
2023-08-18,503,475,28,94.4334,GOOD,276,195,4,81,1.415385,58.105263,41.052632,21761.0,True,FREE_PUBLIC_RECONSTRUCTION,RESEARCH_GRADE,True,False,YAHOO_FINANCE_YFINANCE,FREE_PUBLIC_RESEARCH_GRADE,False,True,False,False,False,MB_20230818
2023-08-21,503,475,28,94.4334,GOOD,216,257,2,-41,0.840467,45.473684,54.105263,21720.0,True,FREE_PUBLIC_RECONSTRUCTION,RESEARCH_GRADE,True,False,YAHOO_FINANCE_YFINANCE,FREE_PUBLIC_RESEARCH_GRADE,False,True,False,False,False,MB_20230821
2023-08-22,503,475,28,94.4334,GOOD,182,291,2,-109,0.62543,38.315789,61.263158,21611.0,True,FREE_PUBLIC_RECONSTRUCTION,RESEARCH_GRADE,True,False,YAHOO_FINANCE_YFINANCE,FREE_PUBLIC_RESEARCH_GRADE,False,True,False,False,False,MB_20230822
2023-08-23,503,475,28,94.4334,GOOD,377,96,2,281,3.927083,79.368421,20.210526,21892.0,True,FREE_PUBLIC_RECONSTRUCTION,RESEARCH_GRADE,True,False,YAHOO_FINANCE_YFINANCE,FREE_PUBLIC_RESEARCH_GRADE,False,True,False,False,False,MB_20230823
2023-08-24,503,475,28,94.4334,GOOD,85,387,3,-302,0.219638,17.894737,81.473684,21590.0,True,FREE_PUBLIC_RECONSTRUCTION,RESEARCH_GRADE,True,False,YAHOO_FINANCE_YFINANCE,FREE_PUBLIC_RESEARCH_GRADE,False,True,False,False,False,MB_20230824
2023-08-25,503,475,28,94.4334,GOOD,355,117,3,238,3.034188,74.736842,24.631579,21828.0,True,FREE_PUBLIC_RECONSTRUCTION,RESEARCH_GRADE,True,False,YAHOO_FINANCE_YFINANCE,FREE_PUBLIC_RESEARCH_GRADE,False,True,False,False,False,MB_20230825
2023-08-28,503,475,28,94.4334,GOOD,392,77,6,315,5.090909,82.526316,16.210526,22143.0,True,FREE_PUBLIC_RECONSTRUCTION,RESEARCH_GRADE,True,False,YAHOO_FINANCE_YFINANCE,FREE_PUBLIC_RESEARCH_GRADE,False,True,False,False,False,MB_20230828
2023-08-29,503,475,28,94.4334,GOOD,419,52,4,367,8.057692,88.210526,10.947368,22510.0,True,FREE_PUBLIC_RECONSTRUCTION,RESEARCH_GRADE,True,False,YAHOO_FINANCE_YFINANCE,FREE_PUBLIC_RESEARCH_GRADE,False,True,False,False,False,MB_20230829
2023-08-30,503,476,27,94.6322,GOOD,299,172,5,127,1.738372,62.815126,36.134454,22637.0,True,FREE_PUBLIC_RECONSTRUCTION,RESEARCH_GRADE,True,False,YAHOO_FINANCE_YFINANCE,FREE_PUBLIC_RESEARCH_GRADE,False,True,False,False,False,MB_20230830
2023-08-31,503,476,27,94.6322,GOOD,160,315,1,-155,0.507937,33.613445,66.176471,22482.0,True,FREE_PUBLIC_RECONSTRUCTION,RESEARCH_GRADE,True,False,YAHOO_FINANCE_YFINANCE,FREE_PUBLIC_RESEARCH_GRADE,False,True,False,False,False,MB_20230831
2023-09-01,503,476,27,94.6322,GOOD,318,156,2,162,2.038462,66.806723,32.773109,22644.0,True,FREE_PUBLIC_RECONSTRUCTION,RESEARCH_GRADE,True,False,YAHOO_FINANCE_YFINANCE,FREE_PUBLIC_RESEARCH_GRADE,False,True,False,False,False,MB_20230901
2023-09-05,503,476,27,94.6322,GOOD,82,393,1,-311,0.208651,17.226891,82.563025,22333.0,True,FREE_PUBLIC_RECONSTRUCTION,RESEARCH_GRADE,True,False,YAHOO_FINANCE_YFINANCE,FREE_PUBLIC_RESEARCH_GRADE,False,True,False,False,False,MB_20230905
2023-09-06,503,476,27,94.6322,GOOD,196,279,1,-83,0.702509,41.176471,58.613445,22250.0,True,FREE_PUBLIC_RECONSTRUCTION,RESEARCH_GRADE,True,False,YAHOO_FINANCE_YFINANCE,FREE_PUBLIC_RESEARCH_GRADE,False,True,False,False,False,MB_20230906
2023-09-07,503,476,27,94.6322,GOOD,198,277,1,-79,0.714801,41.596639,58.193277,22171.0,True,FREE_PUBLIC_RECONSTRUCTION,RESEARCH_GRADE,True,False,YAHOO_FINANCE_YFINANCE,FREE_PUBLIC_RESEARCH_GRADE,False,True,False,False,False,MB_20230907
2023-09-08,503,476,27,94.6322,GOOD,249,221,6,28,1.126697,52.310924,46.428571,22199.0,True,FREE_PUBLIC_RECONSTRUCTION,RESEARCH_GRADE,True,False,YAHOO_FINANCE_YFINANCE,FREE_PUBLIC_RESEARCH_GRADE,False,True,False,False,False,MB_20230908
2023-09-11,503,476,27,94.6322,GOOD,286,185,5,101,1.545946,60.084034,38.865546,22300.0,True,FREE_PUBLIC_RECONSTRUCTION,RESEARCH_GRADE,True,False,YAHOO_FINANCE_YFINANCE,FREE_PUBLIC_RESEARCH_GRADE,False,True,False,False,False,MB_20230911
2023-09-12,503,476,27,94.6322,GOOD,198,273,5,-75,0.725275,41.596639,57.352941,22225.0,True,FREE_PUBLIC_RECONSTRUCTION,RESEARCH_GRADE,True,False,YAHOO_FINANCE_YFINANCE,FREE_PUBLIC_RESEARCH_GRADE,False,True,False,False,False,MB_20230912
2023-09-13,503,476,27,94.6322,GOOD,194,280,2,-86,0.692857,40.756303,58.823529,22139.0,True,FREE_PUBLIC_RECONSTRUCTION,RESEARCH_GRADE,True,False,YAHOO_FINANCE_YFINANCE,FREE_PUBLIC_RESEARCH_GRADE,False,True,False,False,False,MB_20230913
2023-09-14,503,476,27,94.6322,GOOD,405,68,3,337,5.955882,85.084034,14.285714,22476.0,True,FREE_PUBLIC_RECONSTRUCTION,RESEARCH_GRADE,True,False,YAHOO_FINANCE_YFINANCE,FREE_PUBLIC_RESEARCH_GRADE,False,True,False,False,False,MB_20230914
2023-09-15,503,476,27,94.6322,GOOD,87,387,2,-300,0.224806,18.277311,81.302521,22176.0,True,FREE_PUBLIC_RECONSTRUCTION,RESEARCH_GRADE,True,False,YAHOO_FINANCE_YFINANCE,FREE_PUBLIC_RESEARCH_GRADE,False,True,False,False,False,MB_20230915
2023-09-18,503,476,27,94.6322,GOOD,221,253,2,-32,0.873518,46.428571,53.151261,22144.0,True,FREE_PUBLIC_RECONSTRUCTION,RESEARCH_GRADE,True,False,YAHOO_FINANCE_YFINANCE,FREE_PUBLIC_RESEARCH_GRADE,False,True,False,False,False,MB_20230918
2023-09-19,503,476,27,94.6322,GOOD,190,285,1,-95,0.666667,39.915966,59.87395,22049.0,True,FREE_PUBLIC_RECONSTRUCTION,RESEARCH_GRADE,True,False,YAHOO_FINANCE_YFINANCE,FREE_PUBLIC_RESEARCH_GRADE,False,True,False,False,False,MB_20230919
2023-09-20,503,476,27,94.6322,GOOD,167,308,1,-141,0.542208,35.084034,64.705882,21908.0,True,FREE_PUBLIC_RECONSTRUCTION,RESEARCH_GRADE,True,False,YAHOO_FINANCE_YFINANCE,FREE_PUBLIC_RESEARCH_GRADE,False,True,False,False,False,MB_20230920
2023-09-21,503,476,27,94.6322,GOOD,35,439,2,-404,0.079727,7.352941,92.226891,21504.0,True,FREE_PUBLIC_RECONSTRUCTION,RESEARCH_GRADE,True,False,YAHOO_FINANCE_YFINANCE,FREE_PUBLIC_RESEARCH_GRADE,False,True,False,False,False,MB_20230921
2023-09-22,503,476,27,94.6322,GOOD,162,312,2,-150,0.519231,34.033613,65.546218,21354.0,True,FREE_PUBLIC_RECONSTRUCTION,RESEARCH_GRADE,True,False,YAHOO_FINANCE_YFINANCE,FREE_PUBLIC_RESEARCH_GRADE,False,True,False,False,False,MB_20230922
2023-09-25,503,476,27,94.6322,GOOD,282,191,3,91,1.47644,59.243697,40.12605,21445.0,True,FREE_PUBLIC_RECONSTRUCTION,RESEARCH_GRADE,True,False,YAHOO_FINANCE_YFINANCE,FREE_PUBLIC_RESEARCH_GRADE,False,True,False,False,False,MB_20230925
2023-09-26,503,476,27,94.6322,GOOD,43,432,1,-389,0.099537,9.033613,90.756303,21056.0,True,FREE_PUBLIC_RECONSTRUCTION,RESEARCH_GRADE,True,False,YAHOO_FINANCE_YFINANCE,FREE_PUBLIC_RESEARCH_GRADE,False,True,False,False,False,MB_20230926
2023-09-27,503,476,27,94.6322,GOOD,224,248,4,-24,0.903226,47.058824,52.10084,21032.0,True,FREE_PUBLIC_RECONSTRUCTION,RESEARCH_GRADE,True,False,YAHOO_FINANCE_YFINANCE,FREE_PUBLIC_RESEARCH_GRADE,False,True,False,False,False,MB_20230927
2023-09-28,503,476,27,94.6322,GOOD,350,124,2,226,2.822581,73.529412,26.05042,21258.0,True,FREE_PUBLIC_RECONSTRUCTION,RESEARCH_GRADE,True,False,YAHOO_FINANCE_YFINANCE,FREE_PUBLIC_RESEARCH_GRADE,False,True,False,False,False,MB_20230928
2023-09-29,503,476,27,94.6322,GOOD,173,299,4,-126,0.578595,36.344538,62.815126,21132.0,True,FREE_PUBLIC_RECONSTRUCTION,RESEARCH_GRADE,True,False,YAHOO_FINANCE_YFINANCE,FREE_PUBLIC_RESEARCH_GRADE,False,True,False,False,False,MB_20230929
2023-10-02,503,475,28,94.4334,GOOD,103,370,2,-267,0.278378,21.684211,77.894737,20865.0,True,FREE_PUBLIC_RECONSTRUCTION,RESEARCH_GRADE,True,False,YAHOO_FINANCE_YFINANCE,FREE_PUBLIC_RESEARCH_GRADE,False,True,False,False,False,MB_20231002
2023-10-03,503,475,28,94.4334,GOOD,102,371,2,-269,0.274933,21.473684,78.105263,20596.0,True,FREE_PUBLIC_RECONSTRUCTION,RESEARCH_GRADE,True,False,YAHOO_FINANCE_YFINANCE,FREE_PUBLIC_RESEARCH_GRADE,False,True,False,False,False,MB_20231003
2023-10-04,503,475,28,94.4334,GOOD,363,110,2,253,3.3,76.421053,23.157895,20849.0,True,FREE_PUBLIC_RECONSTRUCTION,RESEARCH_GRADE,True,False,YAHOO_FINANCE_YFINANCE,FREE_PUBLIC_RESEARCH_GRADE,False,True,False,False,False,MB_20231004
2023-10-05,503,476,27,94.6322,GOOD,200,275,1,-75,0.727273,42.016807,57.773109,20774.0,True,FREE_PUBLIC_RECONSTRUCTION,RESEARCH_GRADE,True,False,YAHOO_FINANCE_YFINANCE,FREE_PUBLIC_RESEARCH_GRADE,False,True,False,False,False,MB_20231005
2023-10-06,503,476,27,94.6322,GOOD,377,98,1,279,3.846939,79.201681,20.588235,21053.0,True,FREE_PUBLIC_RECONSTRUCTION,RESEARCH_GRADE,True,False,YAHOO_FINANCE_YFINANCE,FREE_PUBLIC_RESEARCH_GRADE,False,True,False,False,False,MB_20231006
2023-10-09,503,476,27,94.6322,GOOD,327,144,5,183,2.270833,68.697479,30.252101,21236.0,True,FREE_PUBLIC_RECONSTRUCTION,RESEARCH_GRADE,True,False,YAHOO_FINANCE_YFINANCE,FREE_PUBLIC_RESEARCH_GRADE,False,True,False,False,False,MB_20231009
2023-10-10,503,476,27,94.6322,GOOD,365,110,1,255,3.318182,76.680672,23.109244,21491.0,True,FREE_PUBLIC_RECONSTRUCTION,RESEARCH_GRADE,True,False,YAHOO_FINANCE_YFINANCE,FREE_PUBLIC_RESEARCH_GRADE,False,True,False,False,False,MB_20231010
2023-10-11,503,476,27,94.6322,GOOD,287,186,3,101,1.543011,60.294118,39.07563,21592.0,True,FREE_PUBLIC_RECONSTRUCTION,RESEARCH_GRADE,True,False,YAHOO_FINANCE_YFINANCE,FREE_PUBLIC_RESEARCH_GRADE,False,True,False,False,False,MB_20231011
2023-10-12,503,476,27,94.6322,GOOD,77,396,3,-319,0.194444,16.176471,83.193277,21273.0,True,FREE_PUBLIC_RECONSTRUCTION,RESEARCH_GRADE,True,False,YAHOO_FINANCE_YFINANCE,FREE_PUBLIC_RESEARCH_GRADE,False,True,False,False,False,MB_20231012
2023-10-13,503,476,27,94.6322,GOOD,207,266,3,-59,0.778195,43.487395,55.882353,21214.0,True,FREE_PUBLIC_RECONSTRUCTION,RESEARCH_GRADE,True,False,YAHOO_FINANCE_YFINANCE,FREE_PUBLIC_RESEARCH_GRADE,False,True,False,False,False,MB_20231013
2023-10-16,503,476,27,94.6322,GOOD,435,41,0,394,10.609756,91.386555,8.613445,21608.0,True,FREE_PUBLIC_RECONSTRUCTION,RESEARCH_GRADE,True,False,YAHOO_FINANCE_YFINANCE,FREE_PUBLIC_RESEARCH_GRADE,False,True,False,False,False,MB_20231016
2023-10-17,503,476,27,94.6322,GOOD,317,156,3,161,2.032051,66.596639,32.773109,21769.0,True,FREE_PUBLIC_RECONSTRUCTION,RESEARCH_GRADE,True,False,YAHOO_FINANCE_YFINANCE,FREE_PUBLIC_RESEARCH_GRADE,False,True,False,False,False,MB_20231017
2023-10-18,503,477,26,94.831,GOOD,80,397,0,-317,0.201511,16.771488,83.228512,21452.0,True,FREE_PUBLIC_RECONSTRUCTION,RESEARCH_GRADE,True,False,YAHOO_FINANCE_YFINANCE,FREE_PUBLIC_RESEARCH_GRADE,False,True,False,False,False,MB_20231018
2023-10-19,503,477,26,94.831,GOOD,70,405,2,-335,0.17284,14.675052,84.90566,21117.0,True,FREE_PUBLIC_RECONSTRUCTION,RESEARCH_GRADE,True,False,YAHOO_FINANCE_YFINANCE,FREE_PUBLIC_RESEARCH_GRADE,False,True,False,False,False,MB_20231019
2023-10-20,503,477,26,94.831,GOOD,65,410,2,-345,0.158537,13.626834,85.953878,20772.0,True,FREE_PUBLIC_RECONSTRUCTION,RESEARCH_GRADE,True,False,YAHOO_FINANCE_YFINANCE,FREE_PUBLIC_RESEARCH_GRADE,False,True,False,False,False,MB_20231020
2023-10-23,503,477,26,94.831,GOOD,132,343,2,-211,0.38484,27.672956,71.907757,20561.0,True,FREE_PUBLIC_RECONSTRUCTION,RESEARCH_GRADE,True,False,YAHOO_FINANCE_YFINANCE,FREE_PUBLIC_RESEARCH_GRADE,False,True,False,False,False,MB_20231023
2023-10-24,503,477,26,94.831,GOOD,328,146,3,182,2.246575,68.763103,30.607966,20743.0,True,FREE_PUBLIC_RECONSTRUCTION,RESEARCH_GRADE,True,False,YAHOO_FINANCE_YFINANCE,FREE_PUBLIC_RESEARCH_GRADE,False,True,False,False,False,MB_20231024
2023-10-25,503,477,26,94.831,GOOD,123,352,2,-229,0.349432,25.786164,73.794549,20514.0,True,FREE_PUBLIC_RECONSTRUCTION,RESEARCH_GRADE,True,False,YAHOO_FINANCE_YFINANCE,FREE_PUBLIC_RESEARCH_GRADE,False,True,False,False,False,MB_20231025
2023-10-26,503,477,26,94.831,GOOD,228,247,2,-19,0.923077,47.798742,51.781971,20495.0,True,FREE_PUBLIC_RECONSTRUCTION,RESEARCH_GRADE,True,False,YAHOO_FINANCE_YFINANCE,FREE_PUBLIC_RESEARCH_GRADE,False,True,False,False,False,MB_20231026
2023-10-27,503,477,26,94.831,GOOD,84,392,1,-308,0.214286,17.610063,82.180294,20187.0,True,FREE_PUBLIC_RECONSTRUCTION,RESEARCH_GRADE,True,False,YAHOO_FINANCE_YFINANCE,FREE_PUBLIC_RESEARCH_GRADE,False,True,False,False,False,MB_20231027
2023-10-30,503,477,26,94.831,GOOD,381,93,3,288,4.096774,79.874214,19.496855,20475.0,True,FREE_PUBLIC_RECONSTRUCTION,RESEARCH_GRADE,True,False,YAHOO_FINANCE_YFINANCE,FREE_PUBLIC_RESEARCH_GRADE,False,True,False,False,False,MB_20231030
2023-10-31,503,477,26,94.831,GOOD,391,84,2,307,4.654762,81.97065,17.610063,20782.0,True,FREE_PUBLIC_RECONSTRUCTION,RESEARCH_GRADE,True,False,YAHOO_FINANCE_YFINANCE,FREE_PUBLIC_RESEARCH_GRADE,False,True,False,False,False,MB_20231031
2023-11-01,503,477,26,94.831,GOOD,296,180,1,116,1.644444,62.054507,37.735849,20898.0,True,FREE_PUBLIC_RECONSTRUCTION,RESEARCH_GRADE,True,False,YAHOO_FINANCE_YFINANCE,FREE_PUBLIC_RESEARCH_GRADE,False,True,False,False,False,MB_20231101
2023-11-02,503,477,26,94.831,GOOD,423,51,3,372,8.294118,88.679245,10.691824,21270.0,True,FREE_PUBLIC_RECONSTRUCTION,RESEARCH_GRADE,True,False,YAHOO_FINANCE_YFINANCE,FREE_PUBLIC_RESEARCH_GRADE,False,True,False,False,False,MB_20231102
2023-11-03,503,477,26,94.831,GOOD,394,80,3,314,4.925,82.599581,16.771488,21584.0,True,FREE_PUBLIC_RECONSTRUCTION,RESEARCH_GRADE,True,False,YAHOO_FINANCE_YFINANCE,FREE_PUBLIC_RESEARCH_GRADE,False,True,False,False,False,MB_20231103
2023-11-06,503,477,26,94.831,GOOD,154,322,1,-168,0.478261,32.285115,67.505241,21416.0,True,FREE_PUBLIC_RECONSTRUCTION,RESEARCH_GRADE,True,False,YAHOO_FINANCE_YFINANCE,FREE_PUBLIC_RESEARCH_GRADE,False,True,False,False,False,MB_20231106
2023-11-07,503,477,26,94.831,GOOD,201,275,1,-74,0.730909,42.138365,57.651992,21342.0,True,FREE_PUBLIC_RECONSTRUCTION,RESEARCH_GRADE,True,False,YAHOO_FINANCE_YFINANCE,FREE_PUBLIC_RESEARCH_GRADE,False,True,False,False,False,MB_20231107
2023-11-08,503,477,26,94.831,GOOD,217,257,3,-40,0.844358,45.492662,53.878407,21302.0,True,FREE_PUBLIC_RECONSTRUCTION,RESEARCH_GRADE,True,False,YAHOO_FINANCE_YFINANCE,FREE_PUBLIC_RESEARCH_GRADE,False,True,False,False,False,MB_20231108
2023-11-09,503,477,26,94.831,GOOD,116,361,0,-245,0.32133,24.318658,75.681342,21057.0,True,FREE_PUBLIC_RECONSTRUCTION,RESEARCH_GRADE,True,False,YAHOO_FINANCE_YFINANCE,FREE_PUBLIC_RESEARCH_GRADE,False,True,False,False,False,MB_20231109
2023-11-10,503,477,26,94.831,GOOD,413,61,3,352,6.770492,86.582809,12.78826,21409.0,True,FREE_PUBLIC_RECONSTRUCTION,RESEARCH_GRADE,True,False,YAHOO_FINANCE_YFINANCE,FREE_PUBLIC_RESEARCH_GRADE,False,True,False,False,False,MB_20231110
2023-11-13,503,477,26,94.831,GOOD,186,288,3,-102,0.645833,38.993711,60.377358,21307.0,True,FREE_PUBLIC_RECONSTRUCTION,RESEARCH_GRADE,True,False,YAHOO_FINANCE_YFINANCE,FREE_PUBLIC_RESEARCH_GRADE,False,True,False,False,False,MB_20231113
2023-11-14,503,477,26,94.831,GOOD,441,36,0,405,12.25,92.45283,7.54717,21712.0,True,FREE_PUBLIC_RECONSTRUCTION,RESEARCH_GRADE,True,False,YAHOO_FINANCE_YFINANCE,FREE_PUBLIC_RESEARCH_GRADE,False,True,False,False,False,MB_20231114
2023-11-15,503,477,26,94.831,GOOD,287,189,1,98,1.518519,60.167715,39.622642,21810.0,True,FREE_PUBLIC_RECONSTRUCTION,RESEARCH_GRADE,True,False,YAHOO_FINANCE_YFINANCE,FREE_PUBLIC_RESEARCH_GRADE,False,True,False,False,False,MB_20231115
2023-11-16,503,477,26,94.831,GOOD,219,258,0,-39,0.848837,45.91195,54.08805,21771.0,True,FREE_PUBLIC_RECONSTRUCTION,RESEARCH_GRADE,True,False,YAHOO_FINANCE_YFINANCE,FREE_PUBLIC_RESEARCH_GRADE,False,True,False,False,False,MB_20231116
2023-11-17,503,477,26,94.831,GOOD,308,165,4,143,1.866667,64.570231,34.591195,21914.0,True,FREE_PUBLIC_RECONSTRUCTION,RESEARCH_GRADE,True,False,YAHOO_FINANCE_YFINANCE,FREE_PUBLIC_RESEARCH_GRADE,False,True,False,False,False,MB_20231117
2023-11-20,503,477,26,94.831,GOOD,324,150,3,174,2.16,67.924528,31.446541,22088.0,True,FREE_PUBLIC_RECONSTRUCTION,RESEARCH_GRADE,True,False,YAHOO_FINANCE_YFINANCE,FREE_PUBLIC_RESEARCH_GRADE,False,True,False,False,False,MB_20231120
2023-11-21,503,477,26,94.831,GOOD,222,254,1,-32,0.874016,46.540881,53.249476,22056.0,True,FREE_PUBLIC_RECONSTRUCTION,RESEARCH_GRADE,True,False,YAHOO_FINANCE_YFINANCE,FREE_PUBLIC_RESEARCH_GRADE,False,True,False,False,False,MB_20231121
2023-11-22,503,477,26,94.831,GOOD,369,106,2,263,3.481132,77.358491,22.222222,22319.0,True,FREE_PUBLIC_RECONSTRUCTION,RESEARCH_GRADE,True,False,YAHOO_FINANCE_YFINANCE,FREE_PUBLIC_RESEARCH_GRADE,False,True,False,False,False,MB_20231122
2023-11-24,503,477,26,94.831,GOOD,356,118,3,238,3.016949,74.633124,24.737945,22557.0,True,FREE_PUBLIC_RECONSTRUCTION,RESEARCH_GRADE,True,False,YAHOO_FINANCE_YFINANCE,FREE_PUBLIC_RESEARCH_GRADE,False,True,False,False,False,MB_20231124
2023-11-27,503,477,26,94.831,GOOD,169,304,4,-135,0.555921,35.429769,63.731656,22422.0,True,FREE_PUBLIC_RECONSTRUCTION,RESEARCH_GRADE,True,False,YAHOO_FINANCE_YFINANCE,FREE_PUBLIC_RESEARCH_GRADE,False,True,False,False,False,MB_20231127
2023-11-28,503,477,26,94.831,GOOD,216,257,4,-41,0.840467,45.283019,53.878407,22381.0,True,FREE_PUBLIC_RECONSTRUCTION,RESEARCH_GRADE,True,False,YAHOO_FINANCE_YFINANCE,FREE_PUBLIC_RESEARCH_GRADE,False,True,False,False,False,MB_20231128
2023-11-29,503,477,26,94.831,GOOD,265,210,2,55,1.261905,55.555556,44.025157,22436.0,True,FREE_PUBLIC_RECONSTRUCTION,RESEARCH_GRADE,True,False,YAHOO_FINANCE_YFINANCE,FREE_PUBLIC_RESEARCH_GRADE,False,True,False,False,False,MB_20231129
2023-11-30,503,477,26,94.831,GOOD,380,92,5,288,4.130435,79.66457,19.287212,22724.0,True,FREE_PUBLIC_RECONSTRUCTION,RESEARCH_GRADE,True,False,YAHOO_FINANCE_YFINANCE,FREE_PUBLIC_RESEARCH_GRADE,False,True,False,False,False,MB_20231130
2023-12-01,503,477,26,94.831,GOOD,415,62,0,353,6.693548,87.002096,12.997904,23077.0,True,FREE_PUBLIC_RECONSTRUCTION,RESEARCH_GRADE,True,False,YAHOO_FINANCE_YFINANCE,FREE_PUBLIC_RESEARCH_GRADE,False,True,False,False,False,MB_20231201
2023-12-04,503,477,26,94.831,GOOD,246,229,2,17,1.074236,51.572327,48.008386,23094.0,True,FREE_PUBLIC_RECONSTRUCTION,RESEARCH_GRADE,True,False,YAHOO_FINANCE_YFINANCE,FREE_PUBLIC_RESEARCH_GRADE,False,True,False,False,False,MB_20231204
2023-12-05,503,477,26,94.831,GOOD,88,387,2,-299,0.22739,18.448637,81.132075,22795.0,True,FREE_PUBLIC_RECONSTRUCTION,RESEARCH_GRADE,True,False,YAHOO_FINANCE_YFINANCE,FREE_PUBLIC_RESEARCH_GRADE,False,True,False,False,False,MB_20231205
2023-12-06,503,477,26,94.831,GOOD,263,210,4,53,1.252381,55.136268,44.025157,22848.0,True,FREE_PUBLIC_RECONSTRUCTION,RESEARCH_GRADE,True,False,YAHOO_FINANCE_YFINANCE,FREE_PUBLIC_RESEARCH_GRADE,False,True,False,False,False,MB_20231206
2023-12-07,503,477,26,94.831,GOOD,295,178,4,117,1.657303,61.844864,37.316562,22965.0,True,FREE_PUBLIC_RECONSTRUCTION,RESEARCH_GRADE,True,False,YAHOO_FINANCE_YFINANCE,FREE_PUBLIC_RESEARCH_GRADE,False,True,False,False,False,MB_20231207
2023-12-08,503,477,26,94.831,GOOD,278,195,4,83,1.425641,58.280922,40.880503,23048.0,True,FREE_PUBLIC_RECONSTRUCTION,RESEARCH_GRADE,True,False,YAHOO_FINANCE_YFINANCE,FREE_PUBLIC_RESEARCH_GRADE,False,True,False,False,False,MB_20231208
2023-12-11,503,477,26,94.831,GOOD,372,102,3,270,3.647059,77.987421,21.383648,23318.0,True,FREE_PUBLIC_RECONSTRUCTION,RESEARCH_GRADE,True,False,YAHOO_FINANCE_YFINANCE,FREE_PUBLIC_RESEARCH_GRADE,False,True,False,False,False,MB_20231211
2023-12-12,503,477,26,94.831,GOOD,289,185,3,104,1.562162,60.587002,38.784067,23422.0,True,FREE_PUBLIC_RECONSTRUCTION,RESEARCH_GRADE,True,False,YAHOO_FINANCE_YFINANCE,FREE_PUBLIC_RESEARCH_GRADE,False,True,False,False,False,MB_20231212
2023-12-13,503,477,26,94.831,GOOD,433,44,0,389,9.840909,90.775681,9.224319,23811.0,True,FREE_PUBLIC_RECONSTRUCTION,RESEARCH_GRADE,True,False,YAHOO_FINANCE_YFINANCE,FREE_PUBLIC_RESEARCH_GRADE,False,True,False,False,False,MB_20231213
2023-12-14,503,477,26,94.831,GOOD,306,170,1,136,1.8,64.150943,35.639413,23947.0,True,FREE_PUBLIC_RECONSTRUCTION,RESEARCH_GRADE,True,False,YAHOO_FINANCE_YFINANCE,FREE_PUBLIC_RESEARCH_GRADE,False,True,False,False,False,MB_20231214
2023-12-15,503,477,26,94.831,GOOD,121,355,1,-234,0.340845,25.366876,74.42348,23713.0,True,FREE_PUBLIC_RECONSTRUCTION,RESEARCH_GRADE,True,False,YAHOO_FINANCE_YFINANCE,FREE_PUBLIC_RESEARCH_GRADE,False,True,False,False,False,MB_20231215
2023-12-18,503,478,25,95.0298,GOOD,272,204,2,68,1.333333,56.903766,42.677824,23781.0,True,FREE_PUBLIC_RECONSTRUCTION,RESEARCH_GRADE,True,False,YAHOO_FINANCE_YFINANCE,FREE_PUBLIC_RESEARCH_GRADE,False,True,False,False,False,MB_20231218
2023-12-19,503,478,25,95.0298,GOOD,380,95,3,285,4.0,79.497908,19.874477,24066.0,True,FREE_PUBLIC_RECONSTRUCTION,RESEARCH_GRADE,True,False,YAHOO_FINANCE_YFINANCE,FREE_PUBLIC_RESEARCH_GRADE,False,True,False,False,False,MB_20231219
2023-12-20,503,478,25,95.0298,GOOD,19,459,0,-440,0.041394,3.974895,96.025105,23626.0,True,FREE_PUBLIC_RECONSTRUCTION,RESEARCH_GRADE,True,False,YAHOO_FINANCE_YFINANCE,FREE_PUBLIC_RESEARCH_GRADE,False,True,False,False,False,MB_20231220
2023-12-21,503,478,25,95.0298,GOOD,437,38,3,399,11.5,91.422594,7.949791,24025.0,True,FREE_PUBLIC_RECONSTRUCTION,RESEARCH_GRADE,True,False,YAHOO_FINANCE_YFINANCE,FREE_PUBLIC_RESEARCH_GRADE,False,True,False,False,False,MB_20231221
2023-12-22,503,478,25,95.0298,GOOD,355,117,6,238,3.034188,74.267782,24.476987,24263.0,True,FREE_PUBLIC_RECONSTRUCTION,RESEARCH_GRADE,True,False,YAHOO_FINANCE_YFINANCE,FREE_PUBLIC_RESEARCH_GRADE,False,True,False,False,False,MB_20231222
2023-12-26,503,478,25,95.0298,GOOD,394,83,1,311,4.746988,82.426778,17.364017,24574.0,True,FREE_PUBLIC_RECONSTRUCTION,RESEARCH_GRADE,True,False,YAHOO_FINANCE_YFINANCE,FREE_PUBLIC_RESEARCH_GRADE,False,True,False,False,False,MB_20231226
2023-12-27,503,478,25,95.0298,GOOD,285,190,3,95,1.5,59.623431,39.748954,24669.0,True,FREE_PUBLIC_RECONSTRUCTION,RESEARCH_GRADE,True,False,YAHOO_FINANCE_YFINANCE,FREE_PUBLIC_RESEARCH_GRADE,False,True,False,False,False,MB_20231227
2023-12-28,503,478,25,95.0298,GOOD,313,162,3,151,1.932099,65.481172,33.891213,24820.0,True,FREE_PUBLIC_RECONSTRUCTION,RESEARCH_GRADE,True,False,YAHOO_FINANCE_YFINANCE,FREE_PUBLIC_RESEARCH_GRADE,False,True,False,False,False,MB_20231228
2023-12-29,503,478,25,95.0298,GOOD,139,332,7,-193,0.418675,29.079498,69.456067,24627.0,True,FREE_PUBLIC_RECONSTRUCTION,RESEARCH_GRADE,True,False,YAHOO_FINANCE_YFINANCE,FREE_PUBLIC_RESEARCH_GRADE,False,True,False,False,False,MB_20231229
2024-01-02,503,478,25,95.0298,GOOD,242,236,0,6,1.025424,50.627615,49.372385,24633.0,True,FREE_PUBLIC_RECONSTRUCTION,RESEARCH_GRADE,True,False,YAHOO_FINANCE_YFINANCE,FREE_PUBLIC_RESEARCH_GRADE,False,True,False,False,False,MB_20240102
2024-01-03,503,478,25,95.0298,GOOD,97,378,3,-281,0.256614,20.292887,79.079498,24352.0,True,FREE_PUBLIC_RECONSTRUCTION,RESEARCH_GRADE,True,False,YAHOO_FINANCE_YFINANCE,FREE_PUBLIC_RESEARCH_GRADE,False,True,False,False,False,MB_20240103
2024-01-04,503,478,25,95.0298,GOOD,232,244,2,-12,0.95082,48.535565,51.046025,24340.0,True,FREE_PUBLIC_RECONSTRUCTION,RESEARCH_GRADE,True,False,YAHOO_FINANCE_YFINANCE,FREE_PUBLIC_RESEARCH_GRADE,False,True,False,False,False,MB_20240104
2024-01-05,503,478,25,95.0298,GOOD,270,204,4,66,1.323529,56.485356,42.677824,24406.0,True,FREE_PUBLIC_RECONSTRUCTION,RESEARCH_GRADE,True,False,YAHOO_FINANCE_YFINANCE,FREE_PUBLIC_RESEARCH_GRADE,False,True,False,False,False,MB_20240105
2024-01-08,503,478,25,95.0298,GOOD,399,77,2,322,5.181818,83.472803,16.108787,24728.0,True,FREE_PUBLIC_RECONSTRUCTION,RESEARCH_GRADE,True,False,YAHOO_FINANCE_YFINANCE,FREE_PUBLIC_RESEARCH_GRADE,False,True,False,False,False,MB_20240108
2024-01-09,503,478,25,95.0298,GOOD,136,341,1,-205,0.398827,28.451883,71.338912,24523.0,True,FREE_PUBLIC_RECONSTRUCTION,RESEARCH_GRADE,True,False,YAHOO_FINANCE_YFINANCE,FREE_PUBLIC_RESEARCH_GRADE,False,True,False,False,False,MB_20240109
2024-01-10,503,478,25,95.0298,GOOD,270,207,1,63,1.304348,56.485356,43.305439,24586.0,True,FREE_PUBLIC_RECONSTRUCTION,RESEARCH_GRADE,True,False,YAHOO_FINANCE_YFINANCE,FREE_PUBLIC_RESEARCH_GRADE,False,True,False,False,False,MB_20240110
2024-01-11,503,478,25,95.0298,GOOD,206,270,2,-64,0.762963,43.096234,56.485356,24522.0,True,FREE_PUBLIC_RECONSTRUCTION,RESEARCH_GRADE,True,False,YAHOO_FINANCE_YFINANCE,FREE_PUBLIC_RESEARCH_GRADE,False,True,False,False,False,MB_20240111
2024-01-12,503,478,25,95.0298,GOOD,243,233,2,10,1.042918,50.83682,48.74477,24532.0,True,FREE_PUBLIC_RECONSTRUCTION,RESEARCH_GRADE,True,False,YAHOO_FINANCE_YFINANCE,FREE_PUBLIC_RESEARCH_GRADE,False,True,False,False,False,MB_20240112
2024-01-16,503,478,25,95.0298,GOOD,131,344,3,-213,0.380814,27.405858,71.966527,24319.0,True,FREE_PUBLIC_RECONSTRUCTION,RESEARCH_GRADE,True,False,YAHOO_FINANCE_YFINANCE,FREE_PUBLIC_RESEARCH_GRADE,False,True,False,False,False,MB_20240116
2024-01-17,503,478,25,95.0298,GOOD,94,383,1,-289,0.245431,19.665272,80.125523,24030.0,True,FREE_PUBLIC_RECONSTRUCTION,RESEARCH_GRADE,True,False,YAHOO_FINANCE_YFINANCE,FREE_PUBLIC_RESEARCH_GRADE,False,True,False,False,False,MB_20240117
2024-01-18,503,478,25,95.0298,GOOD,319,157,2,162,2.031847,66.736402,32.845188,24192.0,True,FREE_PUBLIC_RECONSTRUCTION,RESEARCH_GRADE,True,False,YAHOO_FINANCE_YFINANCE,FREE_PUBLIC_RESEARCH_GRADE,False,True,False,False,False,MB_20240118
2024-01-19,503,478,25,95.0298,GOOD,351,126,1,225,2.785714,73.430962,26.359833,24417.0,True,FREE_PUBLIC_RECONSTRUCTION,RESEARCH_GRADE,True,False,YAHOO_FINANCE_YFINANCE,FREE_PUBLIC_RESEARCH_GRADE,False,True,False,False,False,MB_20240119
2024-01-22,503,478,25,95.0298,GOOD,346,129,3,217,2.682171,72.384937,26.987448,24634.0,True,FREE_PUBLIC_RECONSTRUCTION,RESEARCH_GRADE,True,False,YAHOO_FINANCE_YFINANCE,FREE_PUBLIC_RESEARCH_GRADE,False,True,False,False,False,MB_20240122
2024-01-23,503,478,25,95.0298,GOOD,255,222,1,33,1.148649,53.34728,46.443515,24667.0,True,FREE_PUBLIC_RECONSTRUCTION,RESEARCH_GRADE,True,False,YAHOO_FINANCE_YFINANCE,FREE_PUBLIC_RESEARCH_GRADE,False,True,False,False,False,MB_20240123
2024-01-24,503,478,25,95.0298,GOOD,133,340,5,-207,0.391176,27.824268,71.129707,24460.0,True,FREE_PUBLIC_RECONSTRUCTION,RESEARCH_GRADE,True,False,YAHOO_FINANCE_YFINANCE,FREE_PUBLIC_RESEARCH_GRADE,False,True,False,False,False,MB_20240124
2024-01-25,503,478,25,95.0298,GOOD,381,96,1,285,3.96875,79.707113,20.083682,24745.0,True,FREE_PUBLIC_RECONSTRUCTION,RESEARCH_GRADE,True,False,YAHOO_FINANCE_YFINANCE,FREE_PUBLIC_RESEARCH_GRADE,False,True,False,False,False,MB_20240125
2024-01-26,503,478,25,95.0298,GOOD,253,224,1,29,1.129464,52.92887,46.861925,24774.0,True,FREE_PUBLIC_RECONSTRUCTION,RESEARCH_GRADE,True,False,YAHOO_FINANCE_YFINANCE,FREE_PUBLIC_RESEARCH_GRADE,False,True,False,False,False,MB_20240126
2024-01-29,503,478,25,95.0298,GOOD,354,123,1,231,2.878049,74.058577,25.732218,25005.0,True,FREE_PUBLIC_RECONSTRUCTION,RESEARCH_GRADE,True,False,YAHOO_FINANCE_YFINANCE,FREE_PUBLIC_RESEARCH_GRADE,False,True,False,False,False,MB_20240129
2024-01-30,503,478,25,95.0298,GOOD,260,217,1,43,1.198157,54.393305,45.39749,25048.0,True,FREE_PUBLIC_RECONSTRUCTION,RESEARCH_GRADE,True,False,YAHOO_FINANCE_YFINANCE,FREE_PUBLIC_RESEARCH_GRADE,False,True,False,False,False,MB_20240130
2024-01-31,503,478,25,95.0298,GOOD,71,404,3,-333,0.175743,14.853556,84.518828,24715.0,True,FREE_PUBLIC_RECONSTRUCTION,RESEARCH_GRADE,True,False,YAHOO_FINANCE_YFINANCE,FREE_PUBLIC_RESEARCH_GRADE,False,True,False,False,False,MB_20240131
2024-02-01,503,478,25,95.0298,GOOD,384,93,1,291,4.129032,80.334728,19.456067,25006.0,True,FREE_PUBLIC_RECONSTRUCTION,RESEARCH_GRADE,True,False,YAHOO_FINANCE_YFINANCE,FREE_PUBLIC_RESEARCH_GRADE,False,True,False,False,False,MB_20240201
2024-02-02,503,478,25,95.0298,GOOD,213,261,4,-48,0.816092,44.560669,54.60251,24958.0,True,FREE_PUBLIC_RECONSTRUCTION,RESEARCH_GRADE,True,False,YAHOO_FINANCE_YFINANCE,FREE_PUBLIC_RESEARCH_GRADE,False,True,False,False,False,MB_20240202
2024-02-05,503,478,25,95.0298,GOOD,84,393,1,-309,0.21374,17.573222,82.217573,24649.0,True,FREE_PUBLIC_RECONSTRUCTION,RESEARCH_GRADE,True,False,YAHOO_FINANCE_YFINANCE,FREE_PUBLIC_RESEARCH_GRADE,False,True,False,False,False,MB_20240205
2024-02-06,503,478,25,95.0298,GOOD,333,142,3,191,2.34507,69.665272,29.707113,24840.0,True,FREE_PUBLIC_RECONSTRUCTION,RESEARCH_GRADE,True,False,YAHOO_FINANCE_YFINANCE,FREE_PUBLIC_RESEARCH_GRADE,False,True,False,False,False,MB_20240206
2024-02-07,503,478,25,95.0298,GOOD,297,177,4,120,1.677966,62.133891,37.029289,24960.0,True,FREE_PUBLIC_RECONSTRUCTION,RESEARCH_GRADE,True,False,YAHOO_FINANCE_YFINANCE,FREE_PUBLIC_RESEARCH_GRADE,False,True,False,False,False,MB_20240207
2024-02-08,503,478,25,95.0298,GOOD,254,224,0,30,1.133929,53.138075,46.861925,24990.0,True,FREE_PUBLIC_RECONSTRUCTION,RESEARCH_GRADE,True,False,YAHOO_FINANCE_YFINANCE,FREE_PUBLIC_RESEARCH_GRADE,False,True,False,False,False,MB_20240208
2024-02-09,503,478,25,95.0298,GOOD,291,185,2,106,1.572973,60.878661,38.702929,25096.0,True,FREE_PUBLIC_RECONSTRUCTION,RESEARCH_GRADE,True,False,YAHOO_FINANCE_YFINANCE,FREE_PUBLIC_RESEARCH_GRADE,False,True,False,False,False,MB_20240209
2024-02-12,503,478,25,95.0298,GOOD,316,161,1,155,1.962733,66.108787,33.682008,25251.0,True,FREE_PUBLIC_RECONSTRUCTION,RESEARCH_GRADE,True,False,YAHOO_FINANCE_YFINANCE,FREE_PUBLIC_RESEARCH_GRADE,False,True,False,False,False,MB_20240212
2024-02-13,503,478,25,95.0298,GOOD,49,429,0,-380,0.114219,10.251046,89.748954,24871.0,True,FREE_PUBLIC_RECONSTRUCTION,RESEARCH_GRADE,True,False,YAHOO_FINANCE_YFINANCE,FREE_PUBLIC_RESEARCH_GRADE,False,True,False,False,False,MB_20240213
2024-02-14,503,478,25,95.0298,GOOD,369,103,6,266,3.582524,77.196653,21.548117,25137.0,True,FREE_PUBLIC_RECONSTRUCTION,RESEARCH_GRADE,True,False,YAHOO_FINANCE_YFINANCE,FREE_PUBLIC_RESEARCH_GRADE,False,True,False,False,False,MB_20240214
2024-02-15,503,478,25,95.0298,GOOD,389,86,3,303,4.523256,81.380753,17.991632,25440.0,True,FREE_PUBLIC_RECONSTRUCTION,RESEARCH_GRADE,True,False,YAHOO_FINANCE_YFINANCE,FREE_PUBLIC_RESEARCH_GRADE,False,True,False,False,False,MB_20240215
2024-02-16,503,478,25,95.0298,GOOD,158,315,5,-157,0.501587,33.054393,65.899582,25283.0,True,FREE_PUBLIC_RECONSTRUCTION,RESEARCH_GRADE,True,False,YAHOO_FINANCE_YFINANCE,FREE_PUBLIC_RESEARCH_GRADE,False,True,False,False,False,MB_20240216
2024-02-20,503,478,25,95.0298,GOOD,186,291,1,-105,0.639175,38.912134,60.878661,25178.0,True,FREE_PUBLIC_RECONSTRUCTION,RESEARCH_GRADE,True,False,YAHOO_FINANCE_YFINANCE,FREE_PUBLIC_RESEARCH_GRADE,False,True,False,False,False,MB_20240220
2024-02-21,503,478,25,95.0298,GOOD,313,163,2,150,1.920245,65.481172,34.100418,25328.0,True,FREE_PUBLIC_RECONSTRUCTION,RESEARCH_GRADE,True,False,YAHOO_FINANCE_YFINANCE,FREE_PUBLIC_RESEARCH_GRADE,False,True,False,False,False,MB_20240221
2024-02-22,503,478,25,95.0298,GOOD,348,129,1,219,2.697674,72.803347,26.987448,25547.0,True,FREE_PUBLIC_RECONSTRUCTION,RESEARCH_GRADE,True,False,YAHOO_FINANCE_YFINANCE,FREE_PUBLIC_RESEARCH_GRADE,False,True,False,False,False,MB_20240222
2024-02-23,503,478,25,95.0298,GOOD,327,147,4,180,2.22449,68.410042,30.753138,25727.0,True,FREE_PUBLIC_RECONSTRUCTION,RESEARCH_GRADE,True,False,YAHOO_FINANCE_YFINANCE,FREE_PUBLIC_RESEARCH_GRADE,False,True,False,False,False,MB_20240223
2024-02-26,503,478,25,95.0298,GOOD,155,321,2,-166,0.482866,32.426778,67.154812,25561.0,True,FREE_PUBLIC_RECONSTRUCTION,RESEARCH_GRADE,True,False,YAHOO_FINANCE_YFINANCE,FREE_PUBLIC_RESEARCH_GRADE,False,True,False,False,False,MB_20240226
2024-02-27,503,478,25,95.0298,GOOD,296,180,2,116,1.644444,61.924686,37.656904,25677.0,True,FREE_PUBLIC_RECONSTRUCTION,RESEARCH_GRADE,True,False,YAHOO_FINANCE_YFINANCE,FREE_PUBLIC_RESEARCH_GRADE,False,True,False,False,False,MB_20240227
2024-02-28,503,478,25,95.0298,GOOD,246,230,2,16,1.069565,51.464435,48.117155,25693.0,True,FREE_PUBLIC_RECONSTRUCTION,RESEARCH_GRADE,True,False,YAHOO_FINANCE_YFINANCE,FREE_PUBLIC_RESEARCH_GRADE,False,True,False,False,False,MB_20240228
2024-02-29,503,478,25,95.0298,GOOD,298,176,4,122,1.693182,62.343096,36.820084,25815.0,True,FREE_PUBLIC_RECONSTRUCTION,RESEARCH_GRADE,True,False,YAHOO_FINANCE_YFINANCE,FREE_PUBLIC_RESEARCH_GRADE,False,True,False,False,False,MB_20240229
2024-03-01,503,478,25,95.0298,GOOD,292,186,0,106,1.569892,61.087866,38.912134,25921.0,True,FREE_PUBLIC_RECONSTRUCTION,RESEARCH_GRADE,True,False,YAHOO_FINANCE_YFINANCE,FREE_PUBLIC_RESEARCH_GRADE,False,True,False,False,False,MB_20240301
2024-03-04,503,479,24,95.2286,GOOD,289,190,0,99,1.521053,60.334029,39.665971,26020.0,True,FREE_PUBLIC_RECONSTRUCTION,RESEARCH_GRADE,True,False,YAHOO_FINANCE_YFINANCE,FREE_PUBLIC_RESEARCH_GRADE,False,True,False,False,False,MB_20240304
2024-03-05,503,479,24,95.2286,GOOD,168,307,4,-139,0.547231,35.073069,64.091858,25881.0,True,FREE_PUBLIC_RECONSTRUCTION,RESEARCH_GRADE,True,False,YAHOO_FINANCE_YFINANCE,FREE_PUBLIC_RESEARCH_GRADE,False,True,False,False,False,MB_20240305
2024-03-06,503,479,24,95.2286,GOOD,351,126,2,225,2.785714,73.277662,26.304802,26106.0,True,FREE_PUBLIC_RECONSTRUCTION,RESEARCH_GRADE,True,False,YAHOO_FINANCE_YFINANCE,FREE_PUBLIC_RESEARCH_GRADE,False,True,False,False,False,MB_20240306
2024-03-07,503,479,24,95.2286,GOOD,348,131,0,217,2.656489,72.651357,27.348643,26323.0,True,FREE_PUBLIC_RECONSTRUCTION,RESEARCH_GRADE,True,False,YAHOO_FINANCE_YFINANCE,FREE_PUBLIC_RESEARCH_GRADE,False,True,False,False,False,MB_20240307
2024-03-08,503,479,24,95.2286,GOOD,237,240,2,-3,0.9875,49.478079,50.104384,26320.0,True,FREE_PUBLIC_RECONSTRUCTION,RESEARCH_GRADE,True,False,YAHOO_FINANCE_YFINANCE,FREE_PUBLIC_RESEARCH_GRADE,False,True,False,False,False,MB_20240308
2024-03-11,503,479,24,95.2286,GOOD,276,201,2,75,1.373134,57.620042,41.962422,26395.0,True,FREE_PUBLIC_RECONSTRUCTION,RESEARCH_GRADE,True,False,YAHOO_FINANCE_YFINANCE,FREE_PUBLIC_RESEARCH_GRADE,False,True,False,False,False,MB_20240311
2024-03-12,503,479,24,95.2286,GOOD,278,198,3,80,1.40404,58.037578,41.336117,26475.0,True,FREE_PUBLIC_RECONSTRUCTION,RESEARCH_GRADE,True,False,YAHOO_FINANCE_YFINANCE,FREE_PUBLIC_RESEARCH_GRADE,False,True,False,False,False,MB_20240312
2024-03-13,503,479,24,95.2286,GOOD,248,228,3,20,1.087719,51.77453,47.599165,26495.0,True,FREE_PUBLIC_RECONSTRUCTION,RESEARCH_GRADE,True,False,YAHOO_FINANCE_YFINANCE,FREE_PUBLIC_RESEARCH_GRADE,False,True,False,False,False,MB_20240313
2024-03-14,503,479,24,95.2286,GOOD,102,375,2,-273,0.272,21.294363,78.2881,26222.0,True,FREE_PUBLIC_RECONSTRUCTION,RESEARCH_GRADE,True,False,YAHOO_FINANCE_YFINANCE,FREE_PUBLIC_RESEARCH_GRADE,False,True,False,False,False,MB_20240314
2024-03-15,503,479,24,95.2286,GOOD,218,260,1,-42,0.838462,45.511482,54.279749,26180.0,True,FREE_PUBLIC_RECONSTRUCTION,RESEARCH_GRADE,True,False,YAHOO_FINANCE_YFINANCE,FREE_PUBLIC_RESEARCH_GRADE,False,True,False,False,False,MB_20240315
2024-03-18,503,479,24,95.2286,GOOD,292,185,2,107,1.578378,60.960334,38.622129,26287.0,True,FREE_PUBLIC_RECONSTRUCTION,RESEARCH_GRADE,True,False,YAHOO_FINANCE_YFINANCE,FREE_PUBLIC_RESEARCH_GRADE,False,True,False,False,False,MB_20240318
2024-03-19,503,479,24,95.2286,GOOD,368,108,3,260,3.407407,76.826722,22.546973,26547.0,True,FREE_PUBLIC_RECONSTRUCTION,RESEARCH_GRADE,True,False,YAHOO_FINANCE_YFINANCE,FREE_PUBLIC_RESEARCH_GRADE,False,True,False,False,False,MB_20240319
2024-03-20,503,479,24,95.2286,GOOD,361,115,3,246,3.13913,75.365344,24.008351,26793.0,True,FREE_PUBLIC_RECONSTRUCTION,RESEARCH_GRADE,True,False,YAHOO_FINANCE_YFINANCE,FREE_PUBLIC_RESEARCH_GRADE,False,True,False,False,False,MB_20240320
2024-03-21,503,479,24,95.2286,GOOD,359,119,1,240,3.016807,74.947808,24.843424,27033.0,True,FREE_PUBLIC_RECONSTRUCTION,RESEARCH_GRADE,True,False,YAHOO_FINANCE_YFINANCE,FREE_PUBLIC_RESEARCH_GRADE,False,True,False,False,False,MB_20240321
2024-03-22,503,479,24,95.2286,GOOD,117,358,4,-241,0.326816,24.425887,74.73904,26792.0,True,FREE_PUBLIC_RECONSTRUCTION,RESEARCH_GRADE,True,False,YAHOO_FINANCE_YFINANCE,FREE_PUBLIC_RESEARCH_GRADE,False,True,False,False,False,MB_20240322
2024-03-25,503,480,23,95.4274,GOOD,172,303,5,-131,0.567657,35.833333,63.125,26661.0,True,FREE_PUBLIC_RECONSTRUCTION,RESEARCH_GRADE,True,False,YAHOO_FINANCE_YFINANCE,FREE_PUBLIC_RESEARCH_GRADE,False,True,False,False,False,MB_20240325
2024-03-26,503,480,23,95.4274,GOOD,206,267,7,-61,0.771536,42.916667,55.625,26600.0,True,FREE_PUBLIC_RECONSTRUCTION,RESEARCH_GRADE,True,False,YAHOO_FINANCE_YFINANCE,FREE_PUBLIC_RESEARCH_GRADE,False,True,False,False,False,MB_20240326
2024-03-27,503,480,23,95.4274,GOOD,434,46,0,388,9.434783,90.416667,9.583333,26988.0,True,FREE_PUBLIC_RECONSTRUCTION,RESEARCH_GRADE,True,False,YAHOO_FINANCE_YFINANCE,FREE_PUBLIC_RESEARCH_GRADE,False,True,False,False,False,MB_20240327
2024-03-28,503,480,23,95.4274,GOOD,346,133,1,213,2.601504,72.083333,27.708333,27201.0,True,FREE_PUBLIC_RECONSTRUCTION,RESEARCH_GRADE,True,False,YAHOO_FINANCE_YFINANCE,FREE_PUBLIC_RESEARCH_GRADE,False,True,False,False,False,MB_20240328
2024-04-01,503,480,23,95.4274,GOOD,127,351,2,-224,0.361823,26.458333,73.125,26977.0,True,FREE_PUBLIC_RECONSTRUCTION,RESEARCH_GRADE,True,False,YAHOO_FINANCE_YFINANCE,FREE_PUBLIC_RESEARCH_GRADE,False,True,False,False,False,MB_20240401
2024-04-02,503,480,23,95.4274,GOOD,95,383,2,-288,0.248042,19.791667,79.791667,26689.0,True,FREE_PUBLIC_RECONSTRUCTION,RESEARCH_GRADE,True,False,YAHOO_FINANCE_YFINANCE,FREE_PUBLIC_RESEARCH_GRADE,False,True,False,False,False,MB_20240402
2024-04-03,503,480,23,95.4274,GOOD,257,222,1,35,1.157658,53.541667,46.25,26724.0,True,FREE_PUBLIC_RECONSTRUCTION,RESEARCH_GRADE,True,False,YAHOO_FINANCE_YFINANCE,FREE_PUBLIC_RESEARCH_GRADE,False,True,False,False,False,MB_20240403
2024-04-04,503,480,23,95.4274,GOOD,69,410,1,-341,0.168293,14.375,85.416667,26383.0,True,FREE_PUBLIC_RECONSTRUCTION,RESEARCH_GRADE,True,False,YAHOO_FINANCE_YFINANCE,FREE_PUBLIC_RESEARCH_GRADE,False,True,False,False,False,MB_20240404
2024-04-05,503,480,23,95.4274,GOOD,353,127,0,226,2.779528,73.541667,26.458333,26609.0,True,FREE_PUBLIC_RECONSTRUCTION,RESEARCH_GRADE,True,False,YAHOO_FINANCE_YFINANCE,FREE_PUBLIC_RESEARCH_GRADE,False,True,False,False,False,MB_20240405
2024-04-08,503,480,23,95.4274,GOOD,273,204,3,69,1.338235,56.875,42.5,26678.0,True,FREE_PUBLIC_RECONSTRUCTION,RESEARCH_GRADE,True,False,YAHOO_FINANCE_YFINANCE,FREE_PUBLIC_RESEARCH_GRADE,False,True,False,False,False,MB_20240408
2024-04-09,503,480,23,95.4274,GOOD,316,161,3,155,1.962733,65.833333,33.541667,26833.0,True,FREE_PUBLIC_RECONSTRUCTION,RESEARCH_GRADE,True,False,YAHOO_FINANCE_YFINANCE,FREE_PUBLIC_RESEARCH_GRADE,False,True,False,False,False,MB_20240409
2024-04-10,503,480,23,95.4274,GOOD,67,413,0,-346,0.162228,13.958333,86.041667,26487.0,True,FREE_PUBLIC_RECONSTRUCTION,RESEARCH_GRADE,True,False,YAHOO_FINANCE_YFINANCE,FREE_PUBLIC_RESEARCH_GRADE,False,True,False,False,False,MB_20240410
2024-04-11,503,480,23,95.4274,GOOD,222,257,1,-35,0.863813,46.25,53.541667,26452.0,True,FREE_PUBLIC_RECONSTRUCTION,RESEARCH_GRADE,True,False,YAHOO_FINANCE_YFINANCE,FREE_PUBLIC_RESEARCH_GRADE,False,True,False,False,False,MB_20240411
2024-04-12,503,480,23,95.4274,GOOD,40,437,3,-397,0.091533,8.333333,91.041667,26055.0,True,FREE_PUBLIC_RECONSTRUCTION,RESEARCH_GRADE,True,False,YAHOO_FINANCE_YFINANCE,FREE_PUBLIC_RESEARCH_GRADE,False,True,False,False,False,MB_20240412
2024-04-15,503,480,23,95.4274,GOOD,72,405,3,-333,0.177778,15.0,84.375,25722.0,True,FREE_PUBLIC_RECONSTRUCTION,RESEARCH_GRADE,True,False,YAHOO_FINANCE_YFINANCE,FREE_PUBLIC_RESEARCH_GRADE,False,True,False,False,False,MB_20240415
2024-04-16,503,480,23,95.4274,GOOD,152,326,2,-174,0.466258,31.666667,67.916667,25548.0,True,FREE_PUBLIC_RECONSTRUCTION,RESEARCH_GRADE,True,False,YAHOO_FINANCE_YFINANCE,FREE_PUBLIC_RESEARCH_GRADE,False,True,False,False,False,MB_20240416
2024-04-17,503,480,23,95.4274,GOOD,193,286,1,-93,0.674825,40.208333,59.583333,25455.0,True,FREE_PUBLIC_RECONSTRUCTION,RESEARCH_GRADE,True,False,YAHOO_FINANCE_YFINANCE,FREE_PUBLIC_RESEARCH_GRADE,False,True,False,False,False,MB_20240417
2024-04-18,503,480,23,95.4274,GOOD,248,231,1,17,1.073593,51.666667,48.125,25472.0,True,FREE_PUBLIC_RECONSTRUCTION,RESEARCH_GRADE,True,False,YAHOO_FINANCE_YFINANCE,FREE_PUBLIC_RESEARCH_GRADE,False,True,False,False,False,MB_20240418
2024-04-19,503,480,23,95.4274,GOOD,315,163,2,152,1.932515,65.625,33.958333,25624.0,True,FREE_PUBLIC_RECONSTRUCTION,RESEARCH_GRADE,True,False,YAHOO_FINANCE_YFINANCE,FREE_PUBLIC_RESEARCH_GRADE,False,True,False,False,False,MB_20240419
2024-04-22,503,480,23,95.4274,GOOD,392,83,5,309,4.722892,81.666667,17.291667,25933.0,True,FREE_PUBLIC_RECONSTRUCTION,RESEARCH_GRADE,True,False,YAHOO_FINANCE_YFINANCE,FREE_PUBLIC_RESEARCH_GRADE,False,True,False,False,False,MB_20240422
2024-04-23,503,480,23,95.4274,GOOD,371,105,4,266,3.533333,77.291667,21.875,26199.0,True,FREE_PUBLIC_RECONSTRUCTION,RESEARCH_GRADE,True,False,YAHOO_FINANCE_YFINANCE,FREE_PUBLIC_RESEARCH_GRADE,False,True,False,False,False,MB_20240423
2024-04-24,503,480,23,95.4274,GOOD,265,213,2,52,1.244131,55.208333,44.375,26251.0,True,FREE_PUBLIC_RECONSTRUCTION,RESEARCH_GRADE,True,False,YAHOO_FINANCE_YFINANCE,FREE_PUBLIC_RESEARCH_GRADE,False,True,False,False,False,MB_20240424
2024-04-25,503,480,23,95.4274,GOOD,180,298,2,-118,0.604027,37.5,62.083333,26133.0,True,FREE_PUBLIC_RECONSTRUCTION,RESEARCH_GRADE,True,False,YAHOO_FINANCE_YFINANCE,FREE_PUBLIC_RESEARCH_GRADE,False,True,False,False,False,MB_20240425
2024-04-26,503,480,23,95.4274,GOOD,247,230,3,17,1.073913,51.458333,47.916667,26150.0,True,FREE_PUBLIC_RECONSTRUCTION,RESEARCH_GRADE,True,False,YAHOO_FINANCE_YFINANCE,FREE_PUBLIC_RESEARCH_GRADE,False,True,False,False,False,MB_20240426
2024-04-29,503,480,23,95.4274,GOOD,347,132,1,215,2.628788,72.291667,27.5,26365.0,True,FREE_PUBLIC_RECONSTRUCTION,RESEARCH_GRADE,True,False,YAHOO_FINANCE_YFINANCE,FREE_PUBLIC_RESEARCH_GRADE,False,True,False,False,False,MB_20240429
2024-04-30,503,480,23,95.4274,GOOD,57,421,2,-364,0.135392,11.875,87.708333,26001.0,True,FREE_PUBLIC_RECONSTRUCTION,RESEARCH_GRADE,True,False,YAHOO_FINANCE_YFINANCE,FREE_PUBLIC_RESEARCH_GRADE,False,True,False,False,False,MB_20240430
2024-05-01,503,480,23,95.4274,GOOD,231,247,2,-16,0.935223,48.125,51.458333,25985.0,True,FREE_PUBLIC_RECONSTRUCTION,RESEARCH_GRADE,True,False,YAHOO_FINANCE_YFINANCE,FREE_PUBLIC_RESEARCH_GRADE,False,True,False,False,False,MB_20240501
2024-05-02,503,480,23,95.4274,GOOD,337,142,1,195,2.373239,70.208333,29.583333,26180.0,True,FREE_PUBLIC_RECONSTRUCTION,RESEARCH_GRADE,True,False,YAHOO_FINANCE_YFINANCE,FREE_PUBLIC_RESEARCH_GRADE,False,True,False,False,False,MB_20240502
2024-05-03,503,480,23,95.4274,GOOD,358,120,2,238,2.983333,74.583333,25.0,26418.0,True,FREE_PUBLIC_RECONSTRUCTION,RESEARCH_GRADE,True,False,YAHOO_FINANCE_YFINANCE,FREE_PUBLIC_RESEARCH_GRADE,False,True,False,False,False,MB_20240503
2024-05-06,503,480,23,95.4274,GOOD,365,112,3,253,3.258929,76.041667,23.333333,26671.0,True,FREE_PUBLIC_RECONSTRUCTION,RESEARCH_GRADE,True,False,YAHOO_FINANCE_YFINANCE,FREE_PUBLIC_RESEARCH_GRADE,False,True,False,False,False,MB_20240506
2024-05-07,503,480,23,95.4274,GOOD,313,166,1,147,1.885542,65.208333,34.583333,26818.0,True,FREE_PUBLIC_RECONSTRUCTION,RESEARCH_GRADE,True,False,YAHOO_FINANCE_YFINANCE,FREE_PUBLIC_RESEARCH_GRADE,False,True,False,False,False,MB_20240507
2024-05-08,503,481,22,95.6262,GOOD,237,243,1,-6,0.975309,49.272349,50.519751,26812.0,True,FREE_PUBLIC_RECONSTRUCTION,RESEARCH_GRADE,True,False,YAHOO_FINANCE_YFINANCE,FREE_PUBLIC_RESEARCH_GRADE,False,True,False,False,False,MB_20240508
2024-05-09,503,481,22,95.6262,GOOD,397,84,0,313,4.72619,82.536383,17.463617,27125.0,True,FREE_PUBLIC_RECONSTRUCTION,RESEARCH_GRADE,True,False,YAHOO_FINANCE_YFINANCE,FREE_PUBLIC_RESEARCH_GRADE,False,True,False,False,False,MB_20240509
2024-05-10,503,481,22,95.6262,GOOD,287,188,6,99,1.526596,59.66736,39.085239,27224.0,True,FREE_PUBLIC_RECONSTRUCTION,RESEARCH_GRADE,True,False,YAHOO_FINANCE_YFINANCE,FREE_PUBLIC_RESEARCH_GRADE,False,True,False,False,False,MB_20240510
2024-05-13,503,481,22,95.6262,GOOD,210,268,3,-58,0.783582,43.659044,55.717256,27166.0,True,FREE_PUBLIC_RECONSTRUCTION,RESEARCH_GRADE,True,False,YAHOO_FINANCE_YFINANCE,FREE_PUBLIC_RESEARCH_GRADE,False,True,False,False,False,MB_20240513
2024-05-14,503,481,22,95.6262,GOOD,297,181,3,116,1.640884,61.746362,37.629938,27282.0,True,FREE_PUBLIC_RECONSTRUCTION,RESEARCH_GRADE,True,False,YAHOO_FINANCE_YFINANCE,FREE_PUBLIC_RESEARCH_GRADE,False,True,False,False,False,MB_20240514
2024-05-15,503,481,22,95.6262,GOOD,342,136,3,206,2.514706,71.101871,28.274428,27488.0,True,FREE_PUBLIC_RECONSTRUCTION,RESEARCH_GRADE,True,False,YAHOO_FINANCE_YFINANCE,FREE_PUBLIC_RESEARCH_GRADE,False,True,False,False,False,MB_20240515
2024-05-16,503,481,22,95.6262,GOOD,213,261,7,-48,0.816092,44.282744,54.261954,27440.0,True,FREE_PUBLIC_RECONSTRUCTION,RESEARCH_GRADE,True,False,YAHOO_FINANCE_YFINANCE,FREE_PUBLIC_RESEARCH_GRADE,False,True,False,False,False,MB_20240516
2024-05-17,503,481,22,95.6262,GOOD,274,205,2,69,1.336585,56.964657,42.619543,27509.0,True,FREE_PUBLIC_RECONSTRUCTION,RESEARCH_GRADE,True,False,YAHOO_FINANCE_YFINANCE,FREE_PUBLIC_RESEARCH_GRADE,False,True,False,False,False,MB_20240517
2024-05-20,503,481,22,95.6262,GOOD,205,274,2,-69,0.748175,42.619543,56.964657,27440.0,True,FREE_PUBLIC_RECONSTRUCTION,RESEARCH_GRADE,True,False,YAHOO_FINANCE_YFINANCE,FREE_PUBLIC_RESEARCH_GRADE,False,True,False,False,False,MB_20240520
2024-05-21,503,481,22,95.6262,GOOD,235,242,4,-7,0.971074,48.856549,50.31185,27433.0,True,FREE_PUBLIC_RECONSTRUCTION,RESEARCH_GRADE,True,False,YAHOO_FINANCE_YFINANCE,FREE_PUBLIC_RESEARCH_GRADE,False,True,False,False,False,MB_20240521
2024-05-22,503,481,22,95.6262,GOOD,169,310,2,-141,0.545161,35.135135,64.449064,27292.0,True,FREE_PUBLIC_RECONSTRUCTION,RESEARCH_GRADE,True,False,YAHOO_FINANCE_YFINANCE,FREE_PUBLIC_RESEARCH_GRADE,False,True,False,False,False,MB_20240522
2024-05-23,503,481,22,95.6262,GOOD,52,429,0,-377,0.121212,10.810811,89.189189,26915.0,True,FREE_PUBLIC_RECONSTRUCTION,RESEARCH_GRADE,True,False,YAHOO_FINANCE_YFINANCE,FREE_PUBLIC_RESEARCH_GRADE,False,True,False,False,False,MB_20240523
2024-05-24,503,481,22,95.6262,GOOD,338,142,1,196,2.380282,70.27027,29.52183,27111.0,True,FREE_PUBLIC_RECONSTRUCTION,RESEARCH_GRADE,True,False,YAHOO_FINANCE_YFINANCE,FREE_PUBLIC_RESEARCH_GRADE,False,True,False,False,False,MB_20240524
2024-05-28,503,481,22,95.6262,GOOD,128,349,4,-221,0.366762,26.611227,72.557173,26890.0,True,FREE_PUBLIC_RECONSTRUCTION,RESEARCH_GRADE,True,False,YAHOO_FINANCE_YFINANCE,FREE_PUBLIC_RESEARCH_GRADE,False,True,False,False,False,MB_20240528
2024-05-29,503,481,22,95.6262,GOOD,53,426,2,-373,0.124413,11.018711,88.565489,26517.0,True,FREE_PUBLIC_RECONSTRUCTION,RESEARCH_GRADE,True,False,YAHOO_FINANCE_YFINANCE,FREE_PUBLIC_RESEARCH_GRADE,False,True,False,False,False,MB_20240529
2024-05-30,503,481,22,95.6262,GOOD,345,134,2,211,2.574627,71.725572,27.858628,26728.0,True,FREE_PUBLIC_RECONSTRUCTION,RESEARCH_GRADE,True,False,YAHOO_FINANCE_YFINANCE,FREE_PUBLIC_RESEARCH_GRADE,False,True,False,False,False,MB_20240530
2024-05-31,503,481,22,95.6262,GOOD,407,73,1,334,5.575342,84.615385,15.176715,27062.0,True,FREE_PUBLIC_RECONSTRUCTION,RESEARCH_GRADE,True,False,YAHOO_FINANCE_YFINANCE,FREE_PUBLIC_RESEARCH_GRADE,False,True,False,False,False,MB_20240531
2024-06-03,503,481,22,95.6262,GOOD,160,319,2,-159,0.501567,33.264033,66.320166,26903.0,True,FREE_PUBLIC_RECONSTRUCTION,RESEARCH_GRADE,True,False,YAHOO_FINANCE_YFINANCE,FREE_PUBLIC_RESEARCH_GRADE,False,True,False,False,False,MB_20240603
2024-06-04,503,481,22,95.6262,GOOD,220,261,0,-41,0.842912,45.738046,54.261954,26862.0,True,FREE_PUBLIC_RECONSTRUCTION,RESEARCH_GRADE,True,False,YAHOO_FINANCE_YFINANCE,FREE_PUBLIC_RESEARCH_GRADE,False,True,False,False,False,MB_20240604
2024-06-05,503,481,22,95.6262,GOOD,309,170,2,139,1.817647,64.241164,35.343035,27001.0,True,FREE_PUBLIC_RECONSTRUCTION,RESEARCH_GRADE,True,False,YAHOO_FINANCE_YFINANCE,FREE_PUBLIC_RESEARCH_GRADE,False,True,False,False,False,MB_20240605
2024-06-06,503,481,22,95.6262,GOOD,188,290,3,-102,0.648276,39.085239,60.29106,26899.0,True,FREE_PUBLIC_RECONSTRUCTION,RESEARCH_GRADE,True,False,YAHOO_FINANCE_YFINANCE,FREE_PUBLIC_RESEARCH_GRADE,False,True,False,False,False,MB_20240606
2024-06-07,503,481,22,95.6262,GOOD,177,301,3,-124,0.58804,36.798337,62.577963,26775.0,True,FREE_PUBLIC_RECONSTRUCTION,RESEARCH_GRADE,True,False,YAHOO_FINANCE_YFINANCE,FREE_PUBLIC_RESEARCH_GRADE,False,True,False,False,False,MB_20240607
2024-06-10,503,481,22,95.6262,GOOD,271,208,2,63,1.302885,56.340956,43.243243,26838.0,True,FREE_PUBLIC_RECONSTRUCTION,RESEARCH_GRADE,True,False,YAHOO_FINANCE_YFINANCE,FREE_PUBLIC_RESEARCH_GRADE,False,True,False,False,False,MB_20240610
2024-06-11,503,481,22,95.6262,GOOD,173,304,4,-131,0.569079,35.966736,63.201663,26707.0,True,FREE_PUBLIC_RECONSTRUCTION,RESEARCH_GRADE,True,False,YAHOO_FINANCE_YFINANCE,FREE_PUBLIC_RESEARCH_GRADE,False,True,False,False,False,MB_20240611
2024-06-12,503,481,22,95.6262,GOOD,285,195,1,90,1.461538,59.251559,40.540541,26797.0,True,FREE_PUBLIC_RECONSTRUCTION,RESEARCH_GRADE,True,False,YAHOO_FINANCE_YFINANCE,FREE_PUBLIC_RESEARCH_GRADE,False,True,False,False,False,MB_20240612
2024-06-13,503,481,22,95.6262,GOOD,178,299,4,-121,0.595318,37.006237,62.162162,26676.0,True,FREE_PUBLIC_RECONSTRUCTION,RESEARCH_GRADE,True,False,YAHOO_FINANCE_YFINANCE,FREE_PUBLIC_RESEARCH_GRADE,False,True,False,False,False,MB_20240613
2024-06-14,503,481,22,95.6262,GOOD,126,353,2,-227,0.356941,26.195426,73.388773,26449.0,True,FREE_PUBLIC_RECONSTRUCTION,RESEARCH_GRADE,True,False,YAHOO_FINANCE_YFINANCE,FREE_PUBLIC_RESEARCH_GRADE,False,True,False,False,False,MB_20240614
2024-06-17,503,481,22,95.6262,GOOD,342,138,1,204,2.478261,71.101871,28.690229,26653.0,True,FREE_PUBLIC_RECONSTRUCTION,RESEARCH_GRADE,True,False,YAHOO_FINANCE_YFINANCE,FREE_PUBLIC_RESEARCH_GRADE,False,True,False,False,False,MB_20240617
2024-06-18,503,481,22,95.6262,GOOD,297,181,3,116,1.640884,61.746362,37.629938,26769.0,True,FREE_PUBLIC_RECONSTRUCTION,RESEARCH_GRADE,True,False,YAHOO_FINANCE_YFINANCE,FREE_PUBLIC_RESEARCH_GRADE,False,True,False,False,False,MB_20240618
2024-06-20,503,481,22,95.6262,GOOD,274,206,1,68,1.330097,56.964657,42.827443,26837.0,True,FREE_PUBLIC_RECONSTRUCTION,RESEARCH_GRADE,True,False,YAHOO_FINANCE_YFINANCE,FREE_PUBLIC_RESEARCH_GRADE,False,True,False,False,False,MB_20240620
2024-06-21,503,481,22,95.6262,GOOD,282,194,5,88,1.453608,58.627859,40.33264,26925.0,True,FREE_PUBLIC_RECONSTRUCTION,RESEARCH_GRADE,True,False,YAHOO_FINANCE_YFINANCE,FREE_PUBLIC_RESEARCH_GRADE,False,True,False,False,False,MB_20240621
2024-06-24,503,482,21,95.825,GOOD,336,143,3,193,2.34965,69.709544,29.66805,27118.0,True,FREE_PUBLIC_RECONSTRUCTION,RESEARCH_GRADE,True,False,YAHOO_FINANCE_YFINANCE,FREE_PUBLIC_RESEARCH_GRADE,False,True,False,False,False,MB_20240624
2024-06-25,503,482,21,95.825,GOOD,110,370,2,-260,0.297297,22.821577,76.763485,26858.0,True,FREE_PUBLIC_RECONSTRUCTION,RESEARCH_GRADE,True,False,YAHOO_FINANCE_YFINANCE,FREE_PUBLIC_RESEARCH_GRADE,False,True,False,False,False,MB_20240625
2024-06-26,503,482,21,95.825,GOOD,169,311,2,-142,0.543408,35.062241,64.522822,26716.0,True,FREE_PUBLIC_RECONSTRUCTION,RESEARCH_GRADE,True,False,YAHOO_FINANCE_YFINANCE,FREE_PUBLIC_RESEARCH_GRADE,False,True,False,False,False,MB_20240626
2024-06-27,503,482,21,95.825,GOOD,271,209,2,62,1.296651,56.224066,43.360996,26778.0,True,FREE_PUBLIC_RECONSTRUCTION,RESEARCH_GRADE,True,False,YAHOO_FINANCE_YFINANCE,FREE_PUBLIC_RESEARCH_GRADE,False,True,False,False,False,MB_20240627
2024-06-28,503,482,21,95.825,GOOD,255,227,0,28,1.123348,52.904564,47.095436,26806.0,True,FREE_PUBLIC_RECONSTRUCTION,RESEARCH_GRADE,True,False,YAHOO_FINANCE_YFINANCE,FREE_PUBLIC_RESEARCH_GRADE,False,True,False,False,False,MB_20240628
2024-07-01,503,482,21,95.825,GOOD,112,368,2,-256,0.304348,23.236515,76.348548,26550.0,True,FREE_PUBLIC_RECONSTRUCTION,RESEARCH_GRADE,True,False,YAHOO_FINANCE_YFINANCE,FREE_PUBLIC_RESEARCH_GRADE,False,True,False,False,False,MB_20240701
2024-07-02,503,482,21,95.825,GOOD,326,154,2,172,2.116883,67.634855,31.950207,26722.0,True,FREE_PUBLIC_RECONSTRUCTION,RESEARCH_GRADE,True,False,YAHOO_FINANCE_YFINANCE,FREE_PUBLIC_RESEARCH_GRADE,False,True,False,False,False,MB_20240702
2024-07-03,503,482,21,95.825,GOOD,239,238,5,1,1.004202,49.585062,49.377593,26723.0,True,FREE_PUBLIC_RECONSTRUCTION,RESEARCH_GRADE,True,False,YAHOO_FINANCE_YFINANCE,FREE_PUBLIC_RESEARCH_GRADE,False,True,False,False,False,MB_20240703
2024-07-05,503,482,21,95.825,GOOD,224,255,3,-31,0.878431,46.473029,52.904564,26692.0,True,FREE_PUBLIC_RECONSTRUCTION,RESEARCH_GRADE,True,False,YAHOO_FINANCE_YFINANCE,FREE_PUBLIC_RESEARCH_GRADE,False,True,False,False,False,MB_20240705
2024-07-08,503,483,20,96.0239,GOOD,269,213,1,56,1.262911,55.693582,44.099379,26748.0,True,FREE_PUBLIC_RECONSTRUCTION,RESEARCH_GRADE,True,False,YAHOO_FINANCE_YFINANCE,FREE_PUBLIC_RESEARCH_GRADE,False,True,False,False,False,MB_20240708
2024-07-09,503,483,20,96.0239,GOOD,190,290,3,-100,0.655172,39.337474,60.041408,26648.0,True,FREE_PUBLIC_RECONSTRUCTION,RESEARCH_GRADE,True,False,YAHOO_FINANCE_YFINANCE,FREE_PUBLIC_RESEARCH_GRADE,False,True,False,False,False,MB_20240709
2024-07-10,503,483,20,96.0239,GOOD,388,93,2,295,4.172043,80.331263,19.254658,26943.0,True,FREE_PUBLIC_RECONSTRUCTION,RESEARCH_GRADE,True,False,YAHOO_FINANCE_YFINANCE,FREE_PUBLIC_RESEARCH_GRADE,False,True,False,False,False,MB_20240710
2024-07-11,503,483,20,96.0239,GOOD,380,103,0,277,3.68932,78.674948,21.325052,27220.0,True,FREE_PUBLIC_RECONSTRUCTION,RESEARCH_GRADE,True,False,YAHOO_FINANCE_YFINANCE,FREE_PUBLIC_RESEARCH_GRADE,False,True,False,False,False,MB_20240711
2024-07-12,503,483,20,96.0239,GOOD,391,91,1,300,4.296703,80.952381,18.84058,27520.0,True,FREE_PUBLIC_RECONSTRUCTION,RESEARCH_GRADE,True,False,YAHOO_FINANCE_YFINANCE,FREE_PUBLIC_RESEARCH_GRADE,False,True,False,False,False,MB_20240712
2024-07-15,503,483,20,96.0239,GOOD,263,220,0,43,1.195455,54.451346,45.548654,27563.0,True,FREE_PUBLIC_RECONSTRUCTION,RESEARCH_GRADE,True,False,YAHOO_FINANCE_YFINANCE,FREE_PUBLIC_RESEARCH_GRADE,False,True,False,False,False,MB_20240715
2024-07-16,503,483,20,96.0239,GOOD,427,54,2,373,7.907407,88.405797,11.180124,27936.0,True,FREE_PUBLIC_RECONSTRUCTION,RESEARCH_GRADE,True,False,YAHOO_FINANCE_YFINANCE,FREE_PUBLIC_RESEARCH_GRADE,False,True,False,False,False,MB_20240716
2024-07-17,503,483,20,96.0239,GOOD,240,242,1,-2,0.991736,49.689441,50.10352,27934.0,True,FREE_PUBLIC_RECONSTRUCTION,RESEARCH_GRADE,True,False,YAHOO_FINANCE_YFINANCE,FREE_PUBLIC_RESEARCH_GRADE,False,True,False,False,False,MB_20240717
2024-07-18,503,483,20,96.0239,GOOD,108,373,2,-265,0.289544,22.360248,77.225673,27669.0,True,FREE_PUBLIC_RECONSTRUCTION,RESEARCH_GRADE,True,False,YAHOO_FINANCE_YFINANCE,FREE_PUBLIC_RESEARCH_GRADE,False,True,False,False,False,MB_20240718
2024-07-19,503,483,20,96.0239,GOOD,129,352,2,-223,0.366477,26.708075,72.877847,27446.0,True,FREE_PUBLIC_RECONSTRUCTION,RESEARCH_GRADE,True,False,YAHOO_FINANCE_YFINANCE,FREE_PUBLIC_RESEARCH_GRADE,False,True,False,False,False,MB_20240719
2024-07-22,503,483,20,96.0239,GOOD,379,101,3,278,3.752475,78.467909,20.910973,27724.0,True,FREE_PUBLIC_RECONSTRUCTION,RESEARCH_GRADE,True,False,YAHOO_FINANCE_YFINANCE,FREE_PUBLIC_RESEARCH_GRADE,False,True,False,False,False,MB_20240722
2024-07-23,503,483,20,96.0239,GOOD,180,301,2,-121,0.598007,37.267081,62.318841,27603.0,True,FREE_PUBLIC_RECONSTRUCTION,RESEARCH_GRADE,True,False,YAHOO_FINANCE_YFINANCE,FREE_PUBLIC_RESEARCH_GRADE,False,True,False,False,False,MB_20240723
2024-07-24,503,483,20,96.0239,GOOD,158,323,2,-165,0.489164,32.712215,66.873706,27438.0,True,FREE_PUBLIC_RECONSTRUCTION,RESEARCH_GRADE,True,False,YAHOO_FINANCE_YFINANCE,FREE_PUBLIC_RESEARCH_GRADE,False,True,False,False,False,MB_20240724
2024-07-25,503,483,20,96.0239,GOOD,279,202,2,77,1.381188,57.763975,41.821946,27515.0,True,FREE_PUBLIC_RECONSTRUCTION,RESEARCH_GRADE,True,False,YAHOO_FINANCE_YFINANCE,FREE_PUBLIC_RESEARCH_GRADE,False,True,False,False,False,MB_20240725
2024-07-26,503,483,20,96.0239,GOOD,421,59,3,362,7.135593,87.163561,12.215321,27877.0,True,FREE_PUBLIC_RECONSTRUCTION,RESEARCH_GRADE,True,False,YAHOO_FINANCE_YFINANCE,FREE_PUBLIC_RESEARCH_GRADE,False,True,False,False,False,MB_20240726
2024-07-29,503,483,20,96.0239,GOOD,263,216,4,47,1.217593,54.451346,44.720497,27924.0,True,FREE_PUBLIC_RECONSTRUCTION,RESEARCH_GRADE,True,False,YAHOO_FINANCE_YFINANCE,FREE_PUBLIC_RESEARCH_GRADE,False,True,False,False,False,MB_20240729
2024-07-30,503,483,20,96.0239,GOOD,324,157,2,167,2.063694,67.080745,32.505176,28091.0,True,FREE_PUBLIC_RECONSTRUCTION,RESEARCH_GRADE,True,False,YAHOO_FINANCE_YFINANCE,FREE_PUBLIC_RESEARCH_GRADE,False,True,False,False,False,MB_20240730
2024-07-31,503,483,20,96.0239,GOOD,269,213,1,56,1.262911,55.693582,44.099379,28147.0,True,FREE_PUBLIC_RECONSTRUCTION,RESEARCH_GRADE,True,False,YAHOO_FINANCE_YFINANCE,FREE_PUBLIC_RESEARCH_GRADE,False,True,False,False,False,MB_20240731
2024-08-01,503,483,20,96.0239,GOOD,166,316,1,-150,0.525316,34.36853,65.424431,27997.0,True,FREE_PUBLIC_RECONSTRUCTION,RESEARCH_GRADE,True,False,YAHOO_FINANCE_YFINANCE,FREE_PUBLIC_RESEARCH_GRADE,False,True,False,False,False,MB_20240801
2024-08-02,503,483,20,96.0239,GOOD,127,356,0,-229,0.356742,26.293996,73.706004,27768.0,True,FREE_PUBLIC_RECONSTRUCTION,RESEARCH_GRADE,True,False,YAHOO_FINANCE_YFINANCE,FREE_PUBLIC_RESEARCH_GRADE,False,True,False,False,False,MB_20240802
2024-08-05,503,483,20,96.0239,GOOD,21,462,0,-441,0.045455,4.347826,95.652174,27327.0,True,FREE_PUBLIC_RECONSTRUCTION,RESEARCH_GRADE,True,False,YAHOO_FINANCE_YFINANCE,FREE_PUBLIC_RESEARCH_GRADE,False,True,False,False,False,MB_20240805
2024-08-06,503,483,20,96.0239,GOOD,379,103,1,276,3.679612,78.467909,21.325052,27603.0,True,FREE_PUBLIC_RECONSTRUCTION,RESEARCH_GRADE,True,False,YAHOO_FINANCE_YFINANCE,FREE_PUBLIC_RESEARCH_GRADE,False,True,False,False,False,MB_20240806
2024-08-07,503,483,20,96.0239,GOOD,140,342,1,-202,0.409357,28.985507,70.807453,27401.0,True,FREE_PUBLIC_RECONSTRUCTION,RESEARCH_GRADE,True,False,YAHOO_FINANCE_YFINANCE,FREE_PUBLIC_RESEARCH_GRADE,False,True,False,False,False,MB_20240807
2024-08-08,503,483,20,96.0239,GOOD,438,43,2,395,10.186047,90.68323,8.902692,27796.0,True,FREE_PUBLIC_RECONSTRUCTION,RESEARCH_GRADE,True,False,YAHOO_FINANCE_YFINANCE,FREE_PUBLIC_RESEARCH_GRADE,False,True,False,False,False,MB_20240808
2024-08-09,503,483,20,96.0239,GOOD,274,206,3,68,1.330097,56.728778,42.650104,27864.0,True,FREE_PUBLIC_RECONSTRUCTION,RESEARCH_GRADE,True,False,YAHOO_FINANCE_YFINANCE,FREE_PUBLIC_RESEARCH_GRADE,False,True,False,False,False,MB_20240809
2024-08-12,503,483,20,96.0239,GOOD,151,330,2,-179,0.457576,31.26294,68.322981,27685.0,True,FREE_PUBLIC_RECONSTRUCTION,RESEARCH_GRADE,True,False,YAHOO_FINANCE_YFINANCE,FREE_PUBLIC_RESEARCH_GRADE,False,True,False,False,False,MB_20240812
2024-08-13,503,483,20,96.0239,GOOD,411,68,4,343,6.044118,85.093168,14.078675,28028.0,True,FREE_PUBLIC_RECONSTRUCTION,RESEARCH_GRADE,True,False,YAHOO_FINANCE_YFINANCE,FREE_PUBLIC_RESEARCH_GRADE,False,True,False,False,False,MB_20240813
2024-08-14,503,483,20,96.0239,GOOD,285,193,5,92,1.476684,59.006211,39.958592,28120.0,True,FREE_PUBLIC_RECONSTRUCTION,RESEARCH_GRADE,True,False,YAHOO_FINANCE_YFINANCE,FREE_PUBLIC_RESEARCH_GRADE,False,True,False,False,False,MB_20240814
2024-08-15,503,483,20,96.0239,GOOD,395,88,0,307,4.488636,81.780538,18.219462,28427.0,True,FREE_PUBLIC_RECONSTRUCTION,RESEARCH_GRADE,True,False,YAHOO_FINANCE_YFINANCE,FREE_PUBLIC_RESEARCH_GRADE,False,True,False,False,False,MB_20240815
2024-08-16,503,483,20,96.0239,GOOD,303,177,3,126,1.711864,62.732919,36.645963,28553.0,True,FREE_PUBLIC_RECONSTRUCTION,RESEARCH_GRADE,True,False,YAHOO_FINANCE_YFINANCE,FREE_PUBLIC_RESEARCH_GRADE,False,True,False,False,False,MB_20240816
2024-08-19,503,483,20,96.0239,GOOD,396,84,3,312,4.714286,81.987578,17.391304,28865.0,True,FREE_PUBLIC_RECONSTRUCTION,RESEARCH_GRADE,True,False,YAHOO_FINANCE_YFINANCE,FREE_PUBLIC_RESEARCH_GRADE,False,True,False,False,False,MB_20240819
2024-08-20,503,483,20,96.0239,GOOD,165,315,3,-150,0.52381,34.161491,65.217391,28715.0,True,FREE_PUBLIC_RECONSTRUCTION,RESEARCH_GRADE,True,False,YAHOO_FINANCE_YFINANCE,FREE_PUBLIC_RESEARCH_GRADE,False,True,False,False,False,MB_20240820
2024-08-21,503,483,20,96.0239,GOOD,391,91,1,300,4.296703,80.952381,18.84058,29015.0,True,FREE_PUBLIC_RECONSTRUCTION,RESEARCH_GRADE,True,False,YAHOO_FINANCE_YFINANCE,FREE_PUBLIC_RESEARCH_GRADE,False,True,False,False,False,MB_20240821
2024-08-22,503,483,20,96.0239,GOOD,200,280,3,-80,0.714286,41.407867,57.971014,28935.0,True,FREE_PUBLIC_RECONSTRUCTION,RESEARCH_GRADE,True,False,YAHOO_FINANCE_YFINANCE,FREE_PUBLIC_RESEARCH_GRADE,False,True,False,False,False,MB_20240822
2024-08-23,503,483,20,96.0239,GOOD,415,67,1,348,6.19403,85.921325,13.871636,29283.0,True,FREE_PUBLIC_RECONSTRUCTION,RESEARCH_GRADE,True,False,YAHOO_FINANCE_YFINANCE,FREE_PUBLIC_RESEARCH_GRADE,False,True,False,False,False,MB_20240823
2024-08-26,503,483,20,96.0239,GOOD,251,230,2,21,1.091304,51.966874,47.619048,29304.0,True,FREE_PUBLIC_RECONSTRUCTION,RESEARCH_GRADE,True,False,YAHOO_FINANCE_YFINANCE,FREE_PUBLIC_RESEARCH_GRADE,False,True,False,False,False,MB_20240826
2024-08-27,503,483,20,96.0239,GOOD,230,251,2,-21,0.916335,47.619048,51.966874,29283.0,True,FREE_PUBLIC_RECONSTRUCTION,RESEARCH_GRADE,True,False,YAHOO_FINANCE_YFINANCE,FREE_PUBLIC_RESEARCH_GRADE,False,True,False,False,False,MB_20240827
2024-08-28,503,483,20,96.0239,GOOD,207,270,6,-63,0.766667,42.857143,55.900621,29220.0,True,FREE_PUBLIC_RECONSTRUCTION,RESEARCH_GRADE,True,False,YAHOO_FINANCE_YFINANCE,FREE_PUBLIC_RESEARCH_GRADE,False,True,False,False,False,MB_20240828
2024-08-29,503,483,20,96.0239,GOOD,325,158,0,167,2.056962,67.287785,32.712215,29387.0,True,FREE_PUBLIC_RECONSTRUCTION,RESEARCH_GRADE,True,False,YAHOO_FINANCE_YFINANCE,FREE_PUBLIC_RESEARCH_GRADE,False,True,False,False,False,MB_20240829
2024-08-30,503,483,20,96.0239,GOOD,410,69,4,341,5.942029,84.886128,14.285714,29728.0,True,FREE_PUBLIC_RECONSTRUCTION,RESEARCH_GRADE,True,False,YAHOO_FINANCE_YFINANCE,FREE_PUBLIC_RESEARCH_GRADE,False,True,False,False,False,MB_20240830
2024-09-03,503,483,20,96.0239,GOOD,140,341,2,-201,0.410557,28.985507,70.600414,29527.0,True,FREE_PUBLIC_RECONSTRUCTION,RESEARCH_GRADE,True,False,YAHOO_FINANCE_YFINANCE,FREE_PUBLIC_RESEARCH_GRADE,False,True,False,False,False,MB_20240903
2024-09-04,503,483,20,96.0239,GOOD,234,247,2,-13,0.947368,48.447205,51.138716,29514.0,True,FREE_PUBLIC_RECONSTRUCTION,RESEARCH_GRADE,True,False,YAHOO_FINANCE_YFINANCE,FREE_PUBLIC_RESEARCH_GRADE,False,True,False,False,False,MB_20240904
2024-09-05,503,483,20,96.0239,GOOD,119,360,4,-241,0.330556,24.637681,74.534161,29273.0,True,FREE_PUBLIC_RECONSTRUCTION,RESEARCH_GRADE,True,False,YAHOO_FINANCE_YFINANCE,FREE_PUBLIC_RESEARCH_GRADE,False,True,False,False,False,MB_20240905
2024-09-06,503,483,20,96.0239,GOOD,77,403,3,-326,0.191067,15.942029,83.436853,28947.0,True,FREE_PUBLIC_RECONSTRUCTION,RESEARCH_GRADE,True,False,YAHOO_FINANCE_YFINANCE,FREE_PUBLIC_RESEARCH_GRADE,False,True,False,False,False,MB_20240906
2024-09-09,503,483,20,96.0239,GOOD,403,79,1,324,5.101266,83.436853,16.356108,29271.0,True,FREE_PUBLIC_RECONSTRUCTION,RESEARCH_GRADE,True,False,YAHOO_FINANCE_YFINANCE,FREE_PUBLIC_RESEARCH_GRADE,False,True,False,False,False,MB_20240909
2024-09-10,503,483,20,96.0239,GOOD,257,221,5,36,1.162896,53.20911,45.755694,29307.0,True,FREE_PUBLIC_RECONSTRUCTION,RESEARCH_GRADE,True,False,YAHOO_FINANCE_YFINANCE,FREE_PUBLIC_RESEARCH_GRADE,False,True,False,False,False,MB_20240910
2024-09-11,503,483,20,96.0239,GOOD,224,255,4,-31,0.878431,46.376812,52.795031,29276.0,True,FREE_PUBLIC_RECONSTRUCTION,RESEARCH_GRADE,True,False,YAHOO_FINANCE_YFINANCE,FREE_PUBLIC_RESEARCH_GRADE,False,True,False,False,False,MB_20240911
2024-09-12,503,483,20,96.0239,GOOD,354,128,1,226,2.765625,73.291925,26.501035,29502.0,True,FREE_PUBLIC_RECONSTRUCTION,RESEARCH_GRADE,True,False,YAHOO_FINANCE_YFINANCE,FREE_PUBLIC_RESEARCH_GRADE,False,True,False,False,False,MB_20240912
2024-09-13,503,483,20,96.0239,GOOD,402,79,2,323,5.088608,83.229814,16.356108,29825.0,True,FREE_PUBLIC_RECONSTRUCTION,RESEARCH_GRADE,True,False,YAHOO_FINANCE_YFINANCE,FREE_PUBLIC_RESEARCH_GRADE,False,True,False,False,False,MB_20240913
2024-09-16,503,483,20,96.0239,GOOD,367,114,2,253,3.219298,75.983437,23.602484,30078.0,True,FREE_PUBLIC_RECONSTRUCTION,RESEARCH_GRADE,True,False,YAHOO_FINANCE_YFINANCE,FREE_PUBLIC_RESEARCH_GRADE,False,True,False,False,False,MB_20240916
2024-09-17,503,483,20,96.0239,GOOD,260,222,1,38,1.171171,53.830228,45.962733,30116.0,True,FREE_PUBLIC_RECONSTRUCTION,RESEARCH_GRADE,True,False,YAHOO_FINANCE_YFINANCE,FREE_PUBLIC_RESEARCH_GRADE,False,True,False,False,False,MB_20240917
2024-09-18,503,483,20,96.0239,GOOD,204,274,5,-70,0.744526,42.236025,56.728778,30046.0,True,FREE_PUBLIC_RECONSTRUCTION,RESEARCH_GRADE,True,False,YAHOO_FINANCE_YFINANCE,FREE_PUBLIC_RESEARCH_GRADE,False,True,False,False,False,MB_20240918
2024-09-19,503,483,20,96.0239,GOOD,338,142,3,196,2.380282,69.979296,29.399586,30242.0,True,FREE_PUBLIC_RECONSTRUCTION,RESEARCH_GRADE,True,False,YAHOO_FINANCE_YFINANCE,FREE_PUBLIC_RESEARCH_GRADE,False,True,False,False,False,MB_20240919
2024-09-20,503,483,20,96.0239,GOOD,168,310,5,-142,0.541935,34.782609,64.182195,30100.0,True,FREE_PUBLIC_RECONSTRUCTION,RESEARCH_GRADE,True,False,YAHOO_FINANCE_YFINANCE,FREE_PUBLIC_RESEARCH_GRADE,False,True,False,False,False,MB_20240920
2024-09-23,503,483,20,96.0239,GOOD,345,132,6,213,2.613636,71.428571,27.329193,30313.0,True,FREE_PUBLIC_RECONSTRUCTION,RESEARCH_GRADE,True,False,YAHOO_FINANCE_YFINANCE,FREE_PUBLIC_RESEARCH_GRADE,False,True,False,False,False,MB_20240923
2024-09-24,503,483,20,96.0239,GOOD,248,232,3,16,1.068966,51.345756,48.033126,30329.0,True,FREE_PUBLIC_RECONSTRUCTION,RESEARCH_GRADE,True,False,YAHOO_FINANCE_YFINANCE,FREE_PUBLIC_RESEARCH_GRADE,False,True,False,False,False,MB_20240924
2024-09-25,503,483,20,96.0239,GOOD,129,353,1,-224,0.365439,26.708075,73.084886,30105.0,True,FREE_PUBLIC_RECONSTRUCTION,RESEARCH_GRADE,True,False,YAHOO_FINANCE_YFINANCE,FREE_PUBLIC_RESEARCH_GRADE,False,True,False,False,False,MB_20240925
2024-09-26,503,483,20,96.0239,GOOD,319,164,0,155,1.945122,66.045549,33.954451,30260.0,True,FREE_PUBLIC_RECONSTRUCTION,RESEARCH_GRADE,True,False,YAHOO_FINANCE_YFINANCE,FREE_PUBLIC_RESEARCH_GRADE,False,True,False,False,False,MB_20240926
2024-09-27,503,483,20,96.0239,GOOD,317,163,3,154,1.944785,65.63147,33.747412,30414.0,True,FREE_PUBLIC_RECONSTRUCTION,RESEARCH_GRADE,True,False,YAHOO_FINANCE_YFINANCE,FREE_PUBLIC_RESEARCH_GRADE,False,True,False,False,False,MB_20240927
2024-09-30,504,484,20,96.0317,GOOD,298,183,3,115,1.628415,61.570248,37.809917,30529.0,True,FREE_PUBLIC_RECONSTRUCTION,RESEARCH_GRADE,True,False,YAHOO_FINANCE_YFINANCE,FREE_PUBLIC_RESEARCH_GRADE,False,True,False,False,False,MB_20240930
2024-10-01,503,483,20,96.0239,GOOD,158,325,0,-167,0.486154,32.712215,67.287785,30362.0,True,FREE_PUBLIC_RECONSTRUCTION,RESEARCH_GRADE,True,False,YAHOO_FINANCE_YFINANCE,FREE_PUBLIC_RESEARCH_GRADE,False,True,False,False,False,MB_20241001
2024-10-02,503,483,20,96.0239,GOOD,209,271,3,-62,0.771218,43.271222,56.10766,30300.0,True,FREE_PUBLIC_RECONSTRUCTION,RESEARCH_GRADE,True,False,YAHOO_FINANCE_YFINANCE,FREE_PUBLIC_RESEARCH_GRADE,False,True,False,False,False,MB_20241002
2024-10-03,503,483,20,96.0239,GOOD,107,374,2,-267,0.286096,22.153209,77.432712,30033.0,True,FREE_PUBLIC_RECONSTRUCTION,RESEARCH_GRADE,True,False,YAHOO_FINANCE_YFINANCE,FREE_PUBLIC_RESEARCH_GRADE,False,True,False,False,False,MB_20241003
2024-10-04,503,483,20,96.0239,GOOD,341,142,0,199,2.401408,70.600414,29.399586,30232.0,True,FREE_PUBLIC_RECONSTRUCTION,RESEARCH_GRADE,True,False,YAHOO_FINANCE_YFINANCE,FREE_PUBLIC_RESEARCH_GRADE,False,True,False,False,False,MB_20241004
2024-10-07,503,483,20,96.0239,GOOD,99,380,4,-281,0.260526,20.496894,78.674948,29951.0,True,FREE_PUBLIC_RECONSTRUCTION,RESEARCH_GRADE,True,False,YAHOO_FINANCE_YFINANCE,FREE_PUBLIC_RESEARCH_GRADE,False,True,False,False,False,MB_20241007
2024-10-08,503,483,20,96.0239,GOOD,302,180,1,122,1.677778,62.52588,37.267081,30073.0,True,FREE_PUBLIC_RECONSTRUCTION,RESEARCH_GRADE,True,False,YAHOO_FINANCE_YFINANCE,FREE_PUBLIC_RESEARCH_GRADE,False,True,False,False,False,MB_20241008
2024-10-09,503,483,20,96.0239,GOOD,364,119,0,245,3.058824,75.362319,24.637681,30318.0,True,FREE_PUBLIC_RECONSTRUCTION,RESEARCH_GRADE,True,False,YAHOO_FINANCE_YFINANCE,FREE_PUBLIC_RESEARCH_GRADE,False,True,False,False,False,MB_20241009
2024-10-10,503,483,20,96.0239,GOOD,155,325,3,-170,0.476923,32.091097,67.287785,30148.0,True,FREE_PUBLIC_RECONSTRUCTION,RESEARCH_GRADE,True,False,YAHOO_FINANCE_YFINANCE,FREE_PUBLIC_RESEARCH_GRADE,False,True,False,False,False,MB_20241010
2024-10-11,503,483,20,96.0239,GOOD,420,63,0,357,6.666667,86.956522,13.043478,30505.0,True,FREE_PUBLIC_RECONSTRUCTION,RESEARCH_GRADE,True,False,YAHOO_FINANCE_YFINANCE,FREE_PUBLIC_RESEARCH_GRADE,False,True,False,False,False,MB_20241011
2024-10-14,503,483,20,96.0239,GOOD,384,99,0,285,3.878788,79.503106,20.496894,30790.0,True,FREE_PUBLIC_RECONSTRUCTION,RESEARCH_GRADE,True,False,YAHOO_FINANCE_YFINANCE,FREE_PUBLIC_RESEARCH_GRADE,False,True,False,False,False,MB_20241014
2024-10-15,503,483,20,96.0239,GOOD,231,251,1,-20,0.920319,47.826087,51.966874,30770.0,True,FREE_PUBLIC_RECONSTRUCTION,RESEARCH_GRADE,True,False,YAHOO_FINANCE_YFINANCE,FREE_PUBLIC_RESEARCH_GRADE,False,True,False,False,False,MB_20241015
2024-10-16,503,483,20,96.0239,GOOD,343,140,0,203,2.45,71.014493,28.985507,30973.0,True,FREE_PUBLIC_RECONSTRUCTION,RESEARCH_GRADE,True,False,YAHOO_FINANCE_YFINANCE,FREE_PUBLIC_RESEARCH_GRADE,False,True,False,False,False,MB_20241016
2024-10-17,503,483,20,96.0239,GOOD,224,256,3,-32,0.875,46.376812,53.00207,30941.0,True,FREE_PUBLIC_RECONSTRUCTION,RESEARCH_GRADE,True,False,YAHOO_FINANCE_YFINANCE,FREE_PUBLIC_RESEARCH_GRADE,False,True,False,False,False,MB_20241017
2024-10-18,503,483,20,96.0239,GOOD,306,176,1,130,1.738636,63.354037,36.438923,31071.0,True,FREE_PUBLIC_RECONSTRUCTION,RESEARCH_GRADE,True,False,YAHOO_FINANCE_YFINANCE,FREE_PUBLIC_RESEARCH_GRADE,False,True,False,False,False,MB_20241018
2024-10-21,503,483,20,96.0239,GOOD,75,405,3,-330,0.185185,15.52795,83.850932,30741.0,True,FREE_PUBLIC_RECONSTRUCTION,RESEARCH_GRADE,True,False,YAHOO_FINANCE_YFINANCE,FREE_PUBLIC_RESEARCH_GRADE,False,True,False,False,False,MB_20241021
2024-10-22,503,483,20,96.0239,GOOD,179,302,2,-123,0.592715,37.060041,62.52588,30618.0,True,FREE_PUBLIC_RECONSTRUCTION,RESEARCH_GRADE,True,False,YAHOO_FINANCE_YFINANCE,FREE_PUBLIC_RESEARCH_GRADE,False,True,False,False,False,MB_20241022
2024-10-23,503,483,20,96.0239,GOOD,170,307,6,-137,0.553746,35.196687,63.561077,30481.0,True,FREE_PUBLIC_RECONSTRUCTION,RESEARCH_GRADE,True,False,YAHOO_FINANCE_YFINANCE,FREE_PUBLIC_RESEARCH_GRADE,False,True,False,False,False,MB_20241023
2024-10-24,503,483,20,96.0239,GOOD,238,243,2,-5,0.979424,49.275362,50.310559,30476.0,True,FREE_PUBLIC_RECONSTRUCTION,RESEARCH_GRADE,True,False,YAHOO_FINANCE_YFINANCE,FREE_PUBLIC_RESEARCH_GRADE,False,True,False,False,False,MB_20241024
2024-10-25,503,483,20,96.0239,GOOD,145,333,5,-188,0.435435,30.020704,68.944099,30288.0,True,FREE_PUBLIC_RECONSTRUCTION,RESEARCH_GRADE,True,False,YAHOO_FINANCE_YFINANCE,FREE_PUBLIC_RESEARCH_GRADE,False,True,False,False,False,MB_20241025
2024-10-28,503,483,20,96.0239,GOOD,343,140,0,203,2.45,71.014493,28.985507,30491.0,True,FREE_PUBLIC_RECONSTRUCTION,RESEARCH_GRADE,True,False,YAHOO_FINANCE_YFINANCE,FREE_PUBLIC_RESEARCH_GRADE,False,True,False,False,False,MB_20241028
2024-10-29,503,483,20,96.0239,GOOD,150,332,1,-182,0.451807,31.055901,68.73706,30309.0,True,FREE_PUBLIC_RECONSTRUCTION,RESEARCH_GRADE,True,False,YAHOO_FINANCE_YFINANCE,FREE_PUBLIC_RESEARCH_GRADE,False,True,False,False,False,MB_20241029
2024-10-30,503,483,20,96.0239,GOOD,233,247,3,-14,0.94332,48.240166,51.138716,30295.0,True,FREE_PUBLIC_RECONSTRUCTION,RESEARCH_GRADE,True,False,YAHOO_FINANCE_YFINANCE,FREE_PUBLIC_RESEARCH_GRADE,False,True,False,False,False,MB_20241030
2024-10-31,503,483,20,96.0239,GOOD,127,355,1,-228,0.357746,26.293996,73.498965,30067.0,True,FREE_PUBLIC_RECONSTRUCTION,RESEARCH_GRADE,True,False,YAHOO_FINANCE_YFINANCE,FREE_PUBLIC_RESEARCH_GRADE,False,True,False,False,False,MB_20241031
2024-11-01,503,483,20,96.0239,GOOD,233,248,2,-15,0.939516,48.240166,51.345756,30052.0,True,FREE_PUBLIC_RECONSTRUCTION,RESEARCH_GRADE,True,False,YAHOO_FINANCE_YFINANCE,FREE_PUBLIC_RESEARCH_GRADE,False,True,False,False,False,MB_20241101
2024-11-04,503,483,20,96.0239,GOOD,260,221,2,39,1.176471,53.830228,45.755694,30091.0,True,FREE_PUBLIC_RECONSTRUCTION,RESEARCH_GRADE,True,False,YAHOO_FINANCE_YFINANCE,FREE_PUBLIC_RESEARCH_GRADE,False,True,False,False,False,MB_20241104
2024-11-05,503,483,20,96.0239,GOOD,424,59,0,365,7.186441,87.784679,12.215321,30456.0,True,FREE_PUBLIC_RECONSTRUCTION,RESEARCH_GRADE,True,False,YAHOO_FINANCE_YFINANCE,FREE_PUBLIC_RESEARCH_GRADE,False,True,False,False,False,MB_20241105
2024-11-06,503,483,20,96.0239,GOOD,324,158,1,166,2.050633,67.080745,32.712215,30622.0,True,FREE_PUBLIC_RECONSTRUCTION,RESEARCH_GRADE,True,False,YAHOO_FINANCE_YFINANCE,FREE_PUBLIC_RESEARCH_GRADE,False,True,False,False,False,MB_20241106
2024-11-07,503,483,20,96.0239,GOOD,258,225,0,33,1.146667,53.416149,46.583851,30655.0,True,FREE_PUBLIC_RECONSTRUCTION,RESEARCH_GRADE,True,False,YAHOO_FINANCE_YFINANCE,FREE_PUBLIC_RESEARCH_GRADE,False,True,False,False,False,MB_20241107
2024-11-08,503,483,20,96.0239,GOOD,310,172,1,138,1.802326,64.182195,35.610766,30793.0,True,FREE_PUBLIC_RECONSTRUCTION,RESEARCH_GRADE,True,False,YAHOO_FINANCE_YFINANCE,FREE_PUBLIC_RESEARCH_GRADE,False,True,False,False,False,MB_20241108
2024-11-11,503,483,20,96.0239,GOOD,292,191,0,101,1.528796,60.455487,39.544513,30894.0,True,FREE_PUBLIC_RECONSTRUCTION,RESEARCH_GRADE,True,False,YAHOO_FINANCE_YFINANCE,FREE_PUBLIC_RESEARCH_GRADE,False,True,False,False,False,MB_20241111
2024-11-12,503,483,20,96.0239,GOOD,139,343,1,-204,0.405248,28.778468,71.014493,30690.0,True,FREE_PUBLIC_RECONSTRUCTION,RESEARCH_GRADE,True,False,YAHOO_FINANCE_YFINANCE,FREE_PUBLIC_RESEARCH_GRADE,False,True,False,False,False,MB_20241112
2024-11-13,503,483,20,96.0239,GOOD,247,232,4,15,1.064655,51.138716,48.033126,30705.0,True,FREE_PUBLIC_RECONSTRUCTION,RESEARCH_GRADE,True,False,YAHOO_FINANCE_YFINANCE,FREE_PUBLIC_RESEARCH_GRADE,False,True,False,False,False,MB_20241113
2024-11-14,503,483,20,96.0239,GOOD,134,349,0,-215,0.383954,27.743271,72.256729,30490.0,True,FREE_PUBLIC_RECONSTRUCTION,RESEARCH_GRADE,True,False,YAHOO_FINANCE_YFINANCE,FREE_PUBLIC_RESEARCH_GRADE,False,True,False,False,False,MB_20241114
2024-11-15,503,483,20,96.0239,GOOD,169,312,2,-143,0.541667,34.989648,64.596273,30347.0,True,FREE_PUBLIC_RECONSTRUCTION,RESEARCH_GRADE,True,False,YAHOO_FINANCE_YFINANCE,FREE_PUBLIC_RESEARCH_GRADE,False,True,False,False,False,MB_20241115
2024-11-18,503,483,20,96.0239,GOOD,305,177,1,128,1.723164,63.146998,36.645963,30475.0,True,FREE_PUBLIC_RECONSTRUCTION,RESEARCH_GRADE,True,False,YAHOO_FINANCE_YFINANCE,FREE_PUBLIC_RESEARCH_GRADE,False,True,False,False,False,MB_20241118
2024-11-19,503,483,20,96.0239,GOOD,182,301,0,-119,0.604651,37.681159,62.318841,30356.0,True,FREE_PUBLIC_RECONSTRUCTION,RESEARCH_GRADE,True,False,YAHOO_FINANCE_YFINANCE,FREE_PUBLIC_RESEARCH_GRADE,False,True,False,False,False,MB_20241119
2024-11-20,503,483,20,96.0239,GOOD,294,188,1,106,1.56383,60.869565,38.923395,30462.0,True,FREE_PUBLIC_RECONSTRUCTION,RESEARCH_GRADE,True,False,YAHOO_FINANCE_YFINANCE,FREE_PUBLIC_RESEARCH_GRADE,False,True,False,False,False,MB_20241120
2024-11-21,503,483,20,96.0239,GOOD,420,63,0,357,6.666667,86.956522,13.043478,30819.0,True,FREE_PUBLIC_RECONSTRUCTION,RESEARCH_GRADE,True,False,YAHOO_FINANCE_YFINANCE,FREE_PUBLIC_RESEARCH_GRADE,False,True,False,False,False,MB_20241121
2024-11-22,503,483,20,96.0239,GOOD,364,116,3,248,3.137931,75.362319,24.016563,31067.0,True,FREE_PUBLIC_RECONSTRUCTION,RESEARCH_GRADE,True,False,YAHOO_FINANCE_YFINANCE,FREE_PUBLIC_RESEARCH_GRADE,False,True,False,False,False,MB_20241122
2024-11-25,503,483,20,96.0239,GOOD,370,112,1,258,3.303571,76.604555,23.188406,31325.0,True,FREE_PUBLIC_RECONSTRUCTION,RESEARCH_GRADE,True,False,YAHOO_FINANCE_YFINANCE,FREE_PUBLIC_RESEARCH_GRADE,False,True,False,False,False,MB_20241125
2024-11-26,503,484,19,96.2227,GOOD,265,218,1,47,1.215596,54.752066,45.041322,31372.0,True,FREE_PUBLIC_RECONSTRUCTION,RESEARCH_GRADE,True,False,YAHOO_FINANCE_YFINANCE,FREE_PUBLIC_RESEARCH_GRADE,False,True,False,False,False,MB_20241126
2024-11-27,503,484,19,96.2227,GOOD,256,225,3,31,1.137778,52.892562,46.487603,31403.0,True,FREE_PUBLIC_RECONSTRUCTION,RESEARCH_GRADE,True,False,YAHOO_FINANCE_YFINANCE,FREE_PUBLIC_RESEARCH_GRADE,False,True,False,False,False,MB_20241127
2024-11-29,503,484,19,96.2227,GOOD,281,201,2,80,1.39801,58.057851,41.528926,31483.0,True,FREE_PUBLIC_RECONSTRUCTION,RESEARCH_GRADE,True,False,YAHOO_FINANCE_YFINANCE,FREE_PUBLIC_RESEARCH_GRADE,False,True,False,False,False,MB_20241129
2024-12-02,503,484,19,96.2227,GOOD,174,307,3,-133,0.566775,35.950413,63.429752,31350.0,True,FREE_PUBLIC_RECONSTRUCTION,RESEARCH_GRADE,True,False,YAHOO_FINANCE_YFINANCE,FREE_PUBLIC_RESEARCH_GRADE,False,True,False,False,False,MB_20241202
2024-12-03,503,484,19,96.2227,GOOD,149,333,2,-184,0.447447,30.785124,68.801653,31166.0,True,FREE_PUBLIC_RECONSTRUCTION,RESEARCH_GRADE,True,False,YAHOO_FINANCE_YFINANCE,FREE_PUBLIC_RESEARCH_GRADE,False,True,False,False,False,MB_20241203
2024-12-04,503,484,19,96.2227,GOOD,225,258,1,-33,0.872093,46.487603,53.305785,31133.0,True,FREE_PUBLIC_RECONSTRUCTION,RESEARCH_GRADE,True,False,YAHOO_FINANCE_YFINANCE,FREE_PUBLIC_RESEARCH_GRADE,False,True,False,False,False,MB_20241204
2024-12-05,503,484,19,96.2227,GOOD,176,307,1,-131,0.57329,36.363636,63.429752,31002.0,True,FREE_PUBLIC_RECONSTRUCTION,RESEARCH_GRADE,True,False,YAHOO_FINANCE_YFINANCE,FREE_PUBLIC_RESEARCH_GRADE,False,True,False,False,False,MB_20241205
2024-12-06,503,484,19,96.2227,GOOD,193,288,3,-95,0.670139,39.876033,59.504132,30907.0,True,FREE_PUBLIC_RECONSTRUCTION,RESEARCH_GRADE,True,False,YAHOO_FINANCE_YFINANCE,FREE_PUBLIC_RESEARCH_GRADE,False,True,False,False,False,MB_20241206
2024-12-09,503,484,19,96.2227,GOOD,217,266,1,-49,0.815789,44.834711,54.958678,30858.0,True,FREE_PUBLIC_RECONSTRUCTION,RESEARCH_GRADE,True,False,YAHOO_FINANCE_YFINANCE,FREE_PUBLIC_RESEARCH_GRADE,False,True,False,False,False,MB_20241209
2024-12-10,503,484,19,96.2227,GOOD,145,338,1,-193,0.428994,29.958678,69.834711,30665.0,True,FREE_PUBLIC_RECONSTRUCTION,RESEARCH_GRADE,True,False,YAHOO_FINANCE_YFINANCE,FREE_PUBLIC_RESEARCH_GRADE,False,True,False,False,False,MB_20241210
2024-12-11,503,484,19,96.2227,GOOD,227,254,3,-27,0.893701,46.900826,52.479339,30638.0,True,FREE_PUBLIC_RECONSTRUCTION,RESEARCH_GRADE,True,False,YAHOO_FINANCE_YFINANCE,FREE_PUBLIC_RESEARCH_GRADE,False,True,False,False,False,MB_20241211
2024-12-12,503,484,19,96.2227,GOOD,165,316,3,-151,0.522152,34.090909,65.289256,30487.0,True,FREE_PUBLIC_RECONSTRUCTION,RESEARCH_GRADE,True,False,YAHOO_FINANCE_YFINANCE,FREE_PUBLIC_RESEARCH_GRADE,False,True,False,False,False,MB_20241212
2024-12-13,503,484,19,96.2227,GOOD,154,325,5,-171,0.473846,31.818182,67.14876,30316.0,True,FREE_PUBLIC_RECONSTRUCTION,RESEARCH_GRADE,True,False,YAHOO_FINANCE_YFINANCE,FREE_PUBLIC_RESEARCH_GRADE,False,True,False,False,False,MB_20241213
2024-12-16,503,484,19,96.2227,GOOD,171,313,0,-142,0.546326,35.330579,64.669421,30174.0,True,FREE_PUBLIC_RECONSTRUCTION,RESEARCH_GRADE,True,False,YAHOO_FINANCE_YFINANCE,FREE_PUBLIC_RESEARCH_GRADE,False,True,False,False,False,MB_20241216
2024-12-17,503,484,19,96.2227,GOOD,115,366,3,-251,0.314208,23.760331,75.619835,29923.0,True,FREE_PUBLIC_RECONSTRUCTION,RESEARCH_GRADE,True,False,YAHOO_FINANCE_YFINANCE,FREE_PUBLIC_RESEARCH_GRADE,False,True,False,False,False,MB_20241217
2024-12-18,503,484,19,96.2227,GOOD,20,464,0,-444,0.043103,4.132231,95.867769,29479.0,True,FREE_PUBLIC_RECONSTRUCTION,RESEARCH_GRADE,True,False,YAHOO_FINANCE_YFINANCE,FREE_PUBLIC_RESEARCH_GRADE,False,True,False,False,False,MB_20241218
2024-12-19,503,484,19,96.2227,GOOD,189,293,2,-104,0.645051,39.049587,60.53719,29375.0,True,FREE_PUBLIC_RECONSTRUCTION,RESEARCH_GRADE,True,False,YAHOO_FINANCE_YFINANCE,FREE_PUBLIC_RESEARCH_GRADE,False,True,False,False,False,MB_20241219
2024-12-20,503,484,19,96.2227,GOOD,429,54,1,375,7.944444,88.636364,11.157025,29750.0,True,FREE_PUBLIC_RECONSTRUCTION,RESEARCH_GRADE,True,False,YAHOO_FINANCE_YFINANCE,FREE_PUBLIC_RESEARCH_GRADE,False,True,False,False,False,MB_20241220
2024-12-23,503,486,17,96.6203,GOOD,266,218,2,48,1.220183,54.73251,44.855967,29798.0,True,FREE_PUBLIC_RECONSTRUCTION,RESEARCH_GRADE,True,False,YAHOO_FINANCE_YFINANCE,FREE_PUBLIC_RESEARCH_GRADE,False,True,False,False,False,MB_20241223
2024-12-24,503,486,17,96.6203,GOOD,442,42,2,400,10.52381,90.946502,8.641975,30198.0,True,FREE_PUBLIC_RECONSTRUCTION,RESEARCH_GRADE,True,False,YAHOO_FINANCE_YFINANCE,FREE_PUBLIC_RESEARCH_GRADE,False,True,False,False,False,MB_20241224
2024-12-26,503,486,17,96.6203,GOOD,266,217,3,49,1.225806,54.73251,44.650206,30247.0,True,FREE_PUBLIC_RECONSTRUCTION,RESEARCH_GRADE,True,False,YAHOO_FINANCE_YFINANCE,FREE_PUBLIC_RESEARCH_GRADE,False,True,False,False,False,MB_20241226
2024-12-27,503,486,17,96.6203,GOOD,47,438,1,-391,0.107306,9.670782,90.123457,29856.0,True,FREE_PUBLIC_RECONSTRUCTION,RESEARCH_GRADE,True,False,YAHOO_FINANCE_YFINANCE,FREE_PUBLIC_RESEARCH_GRADE,False,True,False,False,False,MB_20241227
2024-12-30,503,486,17,96.6203,GOOD,29,456,1,-427,0.063596,5.967078,93.82716,29429.0,True,FREE_PUBLIC_RECONSTRUCTION,RESEARCH_GRADE,True,False,YAHOO_FINANCE_YFINANCE,FREE_PUBLIC_RESEARCH_GRADE,False,True,False,False,False,MB_20241230
2024-12-31,503,486,17,96.6203,GOOD,280,199,7,81,1.407035,57.613169,40.946502,29510.0,True,FREE_PUBLIC_RECONSTRUCTION,RESEARCH_GRADE,True,False,YAHOO_FINANCE_YFINANCE,FREE_PUBLIC_RESEARCH_GRADE,False,True,False,False,False,MB_20241231
2025-01-02,503,486,17,96.6203,GOOD,166,319,1,-153,0.520376,34.156379,65.63786,29357.0,True,FREE_PUBLIC_RECONSTRUCTION,RESEARCH_GRADE,True,False,YAHOO_FINANCE_YFINANCE,FREE_PUBLIC_RESEARCH_GRADE,False,True,False,False,False,MB_20250102
2025-01-03,503,486,17,96.6203,GOOD,382,104,0,278,3.673077,78.600823,21.399177,29635.0,True,FREE_PUBLIC_RECONSTRUCTION,RESEARCH_GRADE,True,False,YAHOO_FINANCE_YFINANCE,FREE_PUBLIC_RESEARCH_GRADE,False,True,False,False,False,MB_20250103
2025-01-06,503,486,17,96.6203,GOOD,224,260,2,-36,0.861538,46.090535,53.497942,29599.0,True,FREE_PUBLIC_RECONSTRUCTION,RESEARCH_GRADE,True,False,YAHOO_FINANCE_YFINANCE,FREE_PUBLIC_RESEARCH_GRADE,False,True,False,False,False,MB_20250106
2025-01-07,503,486,17,96.6203,GOOD,199,285,2,-86,0.698246,40.946502,58.641975,29513.0,True,FREE_PUBLIC_RECONSTRUCTION,RESEARCH_GRADE,True,False,YAHOO_FINANCE_YFINANCE,FREE_PUBLIC_RESEARCH_GRADE,False,True,False,False,False,MB_20250107
2025-01-08,503,486,17,96.6203,GOOD,280,202,4,78,1.386139,57.613169,41.563786,29591.0,True,FREE_PUBLIC_RECONSTRUCTION,RESEARCH_GRADE,True,False,YAHOO_FINANCE_YFINANCE,FREE_PUBLIC_RESEARCH_GRADE,False,True,False,False,False,MB_20250108
2025-01-10,503,486,17,96.6203,GOOD,62,421,3,-359,0.147268,12.757202,86.625514,29232.0,True,FREE_PUBLIC_RECONSTRUCTION,RESEARCH_GRADE,True,False,YAHOO_FINANCE_YFINANCE,FREE_PUBLIC_RESEARCH_GRADE,False,True,False,False,False,MB_20250110
2025-01-13,503,486,17,96.6203,GOOD,362,122,2,240,2.967213,74.485597,25.102881,29472.0,True,FREE_PUBLIC_RECONSTRUCTION,RESEARCH_GRADE,True,False,YAHOO_FINANCE_YFINANCE,FREE_PUBLIC_RESEARCH_GRADE,False,True,False,False,False,MB_20250113
2025-01-14,503,486,17,96.6203,GOOD,370,113,3,257,3.274336,76.131687,23.251029,29729.0,True,FREE_PUBLIC_RECONSTRUCTION,RESEARCH_GRADE,True,False,YAHOO_FINANCE_YFINANCE,FREE_PUBLIC_RESEARCH_GRADE,False,True,False,False,False,MB_20250114
2025-01-15,503,486,17,96.6203,GOOD,359,127,0,232,2.826772,73.868313,26.131687,29961.0,True,FREE_PUBLIC_RECONSTRUCTION,RESEARCH_GRADE,True,False,YAHOO_FINANCE_YFINANCE,FREE_PUBLIC_RESEARCH_GRADE,False,True,False,False,False,MB_20250115
2025-01-16,503,486,17,96.6203,GOOD,363,120,3,243,3.025,74.691358,24.691358,30204.0,True,FREE_PUBLIC_RECONSTRUCTION,RESEARCH_GRADE,True,False,YAHOO_FINANCE_YFINANCE,FREE_PUBLIC_RESEARCH_GRADE,False,True,False,False,False,MB_20250116
2025-01-17,503,486,17,96.6203,GOOD,331,151,4,180,2.192053,68.106996,31.069959,30384.0,True,FREE_PUBLIC_RECONSTRUCTION,RESEARCH_GRADE,True,False,YAHOO_FINANCE_YFINANCE,FREE_PUBLIC_RESEARCH_GRADE,False,True,False,False,False,MB_20250117
2025-01-21,503,486,17,96.6203,GOOD,404,81,1,323,4.987654,83.127572,16.666667,30707.0,True,FREE_PUBLIC_RECONSTRUCTION,RESEARCH_GRADE,True,False,YAHOO_FINANCE_YFINANCE,FREE_PUBLIC_RESEARCH_GRADE,False,True,False,False,False,MB_20250121
2025-01-22,503,486,17,96.6203,GOOD,165,320,1,-155,0.515625,33.950617,65.843621,30552.0,True,FREE_PUBLIC_RECONSTRUCTION,RESEARCH_GRADE,True,False,YAHOO_FINANCE_YFINANCE,FREE_PUBLIC_RESEARCH_GRADE,False,True,False,False,False,MB_20250122
2025-01-23,503,486,17,96.6203,GOOD,315,167,4,148,1.886228,64.814815,34.36214,30700.0,True,FREE_PUBLIC_RECONSTRUCTION,RESEARCH_GRADE,True,False,YAHOO_FINANCE_YFINANCE,FREE_PUBLIC_RESEARCH_GRADE,False,True,False,False,False,MB_20250123
2025-01-24,503,486,17,96.6203,GOOD,237,244,5,-7,0.971311,48.765432,50.205761,30693.0,True,FREE_PUBLIC_RECONSTRUCTION,RESEARCH_GRADE,True,False,YAHOO_FINANCE_YFINANCE,FREE_PUBLIC_RESEARCH_GRADE,False,True,False,False,False,MB_20250124
2025-01-27,503,486,17,96.6203,GOOD,338,148,0,190,2.283784,69.547325,30.452675,30883.0,True,FREE_PUBLIC_RECONSTRUCTION,RESEARCH_GRADE,True,False,YAHOO_FINANCE_YFINANCE,FREE_PUBLIC_RESEARCH_GRADE,False,True,False,False,False,MB_20250127
2025-01-28,503,486,17,96.6203,GOOD,147,336,3,-189,0.4375,30.246914,69.135802,30694.0,True,FREE_PUBLIC_RECONSTRUCTION,RESEARCH_GRADE,True,False,YAHOO_FINANCE_YFINANCE,FREE_PUBLIC_RESEARCH_GRADE,False,True,False,False,False,MB_20250128
2025-01-29,503,486,17,96.6203,GOOD,200,286,0,-86,0.699301,41.152263,58.847737,30608.0,True,FREE_PUBLIC_RECONSTRUCTION,RESEARCH_GRADE,True,False,YAHOO_FINANCE_YFINANCE,FREE_PUBLIC_RESEARCH_GRADE,False,True,False,False,False,MB_20250129
2025-01-30,503,486,17,96.6203,GOOD,400,85,1,315,4.705882,82.304527,17.489712,30923.0,True,FREE_PUBLIC_RECONSTRUCTION,RESEARCH_GRADE,True,False,YAHOO_FINANCE_YFINANCE,FREE_PUBLIC_RESEARCH_GRADE,False,True,False,False,False,MB_20250130
2025-01-31,503,486,17,96.6203,GOOD,113,372,1,-259,0.303763,23.251029,76.54321,30664.0,True,FREE_PUBLIC_RECONSTRUCTION,RESEARCH_GRADE,True,False,YAHOO_FINANCE_YFINANCE,FREE_PUBLIC_RESEARCH_GRADE,False,True,False,False,False,MB_20250131
2025-02-03,503,486,17,96.6203,GOOD,173,313,0,-140,0.552716,35.596708,64.403292,30524.0,True,FREE_PUBLIC_RECONSTRUCTION,RESEARCH_GRADE,True,False,YAHOO_FINANCE_YFINANCE,FREE_PUBLIC_RESEARCH_GRADE,False,True,False,False,False,MB_20250203
2025-02-04,503,486,17,96.6203,GOOD,242,242,2,0,1.0,49.794239,49.794239,30524.0,True,FREE_PUBLIC_RECONSTRUCTION,RESEARCH_GRADE,True,False,YAHOO_FINANCE_YFINANCE,FREE_PUBLIC_RESEARCH_GRADE,False,True,False,False,False,MB_20250204
2025-02-05,503,486,17,96.6203,GOOD,335,148,3,187,2.263514,68.930041,30.452675,30711.0,True,FREE_PUBLIC_RECONSTRUCTION,RESEARCH_GRADE,True,False,YAHOO_FINANCE_YFINANCE,FREE_PUBLIC_RESEARCH_GRADE,False,True,False,False,False,MB_20250205
2025-02-06,503,486,17,96.6203,GOOD,250,235,1,15,1.06383,51.440329,48.353909,30726.0,True,FREE_PUBLIC_RECONSTRUCTION,RESEARCH_GRADE,True,False,YAHOO_FINANCE_YFINANCE,FREE_PUBLIC_RESEARCH_GRADE,False,True,False,False,False,MB_20250206
2025-02-07,503,486,17,96.6203,GOOD,131,353,2,-222,0.371105,26.954733,72.633745,30504.0,True,FREE_PUBLIC_RECONSTRUCTION,RESEARCH_GRADE,True,False,YAHOO_FINANCE_YFINANCE,FREE_PUBLIC_RESEARCH_GRADE,False,True,False,False,False,MB_20250207
2025-02-10,503,486,17,96.6203,GOOD,280,204,2,76,1.372549,57.613169,41.975309,30580.0,True,FREE_PUBLIC_RECONSTRUCTION,RESEARCH_GRADE,True,False,YAHOO_FINANCE_YFINANCE,FREE_PUBLIC_RESEARCH_GRADE,False,True,False,False,False,MB_20250210
2025-02-11,503,486,17,96.6203,GOOD,255,230,1,25,1.108696,52.469136,47.325103,30605.0,True,FREE_PUBLIC_RECONSTRUCTION,RESEARCH_GRADE,True,False,YAHOO_FINANCE_YFINANCE,FREE_PUBLIC_RESEARCH_GRADE,False,True,False,False,False,MB_20250211
2025-02-12,503,486,17,96.6203,GOOD,154,331,1,-177,0.465257,31.687243,68.106996,30428.0,True,FREE_PUBLIC_RECONSTRUCTION,RESEARCH_GRADE,True,False,YAHOO_FINANCE_YFINANCE,FREE_PUBLIC_RESEARCH_GRADE,False,True,False,False,False,MB_20250212
2025-02-13,503,486,17,96.6203,GOOD,380,106,0,274,3.584906,78.1893,21.8107,30702.0,True,FREE_PUBLIC_RECONSTRUCTION,RESEARCH_GRADE,True,False,YAHOO_FINANCE_YFINANCE,FREE_PUBLIC_RESEARCH_GRADE,False,True,False,False,False,MB_20250213
2025-02-14,503,486,17,96.6203,GOOD,205,280,1,-75,0.732143,42.18107,57.613169,30627.0,True,FREE_PUBLIC_RECONSTRUCTION,RESEARCH_GRADE,True,False,YAHOO_FINANCE_YFINANCE,FREE_PUBLIC_RESEARCH_GRADE,False,True,False,False,False,MB_20250214
2025-02-18,503,486,17,96.6203,GOOD,345,139,2,206,2.482014,70.987654,28.600823,30833.0,True,FREE_PUBLIC_RECONSTRUCTION,RESEARCH_GRADE,True,False,YAHOO_FINANCE_YFINANCE,FREE_PUBLIC_RESEARCH_GRADE,False,True,False,False,False,MB_20250218
2025-02-19,503,486,17,96.6203,GOOD,284,202,0,82,1.405941,58.436214,41.563786,30915.0,True,FREE_PUBLIC_RECONSTRUCTION,RESEARCH_GRADE,True,False,YAHOO_FINANCE_YFINANCE,FREE_PUBLIC_RESEARCH_GRADE,False,True,False,False,False,MB_20250219
2025-02-20,503,486,17,96.6203,GOOD,225,261,0,-36,0.862069,46.296296,53.703704,30879.0,True,FREE_PUBLIC_RECONSTRUCTION,RESEARCH_GRADE,True,False,YAHOO_FINANCE_YFINANCE,FREE_PUBLIC_RESEARCH_GRADE,False,True,False,False,False,MB_20250220
2025-02-21,503,486,17,96.6203,GOOD,119,366,1,-247,0.325137,24.485597,75.308642,30632.0,True,FREE_PUBLIC_RECONSTRUCTION,RESEARCH_GRADE,True,False,YAHOO_FINANCE_YFINANCE,FREE_PUBLIC_RESEARCH_GRADE,False,True,False,False,False,MB_20250221
2025-02-24,503,486,17,96.6203,GOOD,273,212,1,61,1.287736,56.17284,43.621399,30693.0,True,FREE_PUBLIC_RECONSTRUCTION,RESEARCH_GRADE,True,False,YAHOO_FINANCE_YFINANCE,FREE_PUBLIC_RESEARCH_GRADE,False,True,False,False,False,MB_20250224
2025-02-25,503,486,17,96.6203,GOOD,288,197,1,91,1.461929,59.259259,40.534979,30784.0,True,FREE_PUBLIC_RECONSTRUCTION,RESEARCH_GRADE,True,False,YAHOO_FINANCE_YFINANCE,FREE_PUBLIC_RESEARCH_GRADE,False,True,False,False,False,MB_20250225
2025-02-26,503,486,17,96.6203,GOOD,196,287,3,-91,0.682927,40.329218,59.053498,30693.0,True,FREE_PUBLIC_RECONSTRUCTION,RESEARCH_GRADE,True,False,YAHOO_FINANCE_YFINANCE,FREE_PUBLIC_RESEARCH_GRADE,False,True,False,False,False,MB_20250226
2025-02-27,503,486,17,96.6203,GOOD,177,309,0,-132,0.572816,36.419753,63.580247,30561.0,True,FREE_PUBLIC_RECONSTRUCTION,RESEARCH_GRADE,True,False,YAHOO_FINANCE_YFINANCE,FREE_PUBLIC_RESEARCH_GRADE,False,True,False,False,False,MB_20250227
2025-02-28,503,486,17,96.6203,GOOD,423,62,1,361,6.822581,87.037037,12.757202,30922.0,True,FREE_PUBLIC_RECONSTRUCTION,RESEARCH_GRADE,True,False,YAHOO_FINANCE_YFINANCE,FREE_PUBLIC_RESEARCH_GRADE,False,True,False,False,False,MB_20250228
2025-03-03,503,486,17,96.6203,GOOD,161,323,2,-162,0.498452,33.127572,66.460905,30760.0,True,FREE_PUBLIC_RECONSTRUCTION,RESEARCH_GRADE,True,False,YAHOO_FINANCE_YFINANCE,FREE_PUBLIC_RESEARCH_GRADE,False,True,False,False,False,MB_20250303
2025-03-04,503,486,17,96.6203,GOOD,80,405,1,-325,0.197531,16.460905,83.333333,30435.0,True,FREE_PUBLIC_RECONSTRUCTION,RESEARCH_GRADE,True,False,YAHOO_FINANCE_YFINANCE,FREE_PUBLIC_RESEARCH_GRADE,False,True,False,False,False,MB_20250304
2025-03-05,503,486,17,96.6203,GOOD,362,123,1,239,2.943089,74.485597,25.308642,30674.0,True,FREE_PUBLIC_RECONSTRUCTION,RESEARCH_GRADE,True,False,YAHOO_FINANCE_YFINANCE,FREE_PUBLIC_RESEARCH_GRADE,False,True,False,False,False,MB_20250305
2025-03-06,503,486,17,96.6203,GOOD,159,327,0,-168,0.486239,32.716049,67.283951,30506.0,True,FREE_PUBLIC_RECONSTRUCTION,RESEARCH_GRADE,True,False,YAHOO_FINANCE_YFINANCE,FREE_PUBLIC_RESEARCH_GRADE,False,True,False,False,False,MB_20250306
2025-03-07,503,486,17,96.6203,GOOD,333,152,1,181,2.190789,68.518519,31.27572,30687.0,True,FREE_PUBLIC_RECONSTRUCTION,RESEARCH_GRADE,True,False,YAHOO_FINANCE_YFINANCE,FREE_PUBLIC_RESEARCH_GRADE,False,True,False,False,False,MB_20250307
2025-03-10,503,486,17,96.6203,GOOD,147,337,2,-190,0.436202,30.246914,69.341564,30497.0,True,FREE_PUBLIC_RECONSTRUCTION,RESEARCH_GRADE,True,False,YAHOO_FINANCE_YFINANCE,FREE_PUBLIC_RESEARCH_GRADE,False,True,False,False,False,MB_20250310
2025-03-11,503,486,17,96.6203,GOOD,113,371,2,-258,0.304582,23.251029,76.337449,30239.0,True,FREE_PUBLIC_RECONSTRUCTION,RESEARCH_GRADE,True,False,YAHOO_FINANCE_YFINANCE,FREE_PUBLIC_RESEARCH_GRADE,False,True,False,False,False,MB_20250311
2025-03-12,503,486,17,96.6203,GOOD,175,310,1,-135,0.564516,36.00823,63.786008,30104.0,True,FREE_PUBLIC_RECONSTRUCTION,RESEARCH_GRADE,True,False,YAHOO_FINANCE_YFINANCE,FREE_PUBLIC_RESEARCH_GRADE,False,True,False,False,False,MB_20250312
2025-03-13,503,486,17,96.6203,GOOD,125,361,0,-236,0.34626,25.720165,74.279835,29868.0,True,FREE_PUBLIC_RECONSTRUCTION,RESEARCH_GRADE,True,False,YAHOO_FINANCE_YFINANCE,FREE_PUBLIC_RESEARCH_GRADE,False,True,False,False,False,MB_20250313
2025-03-14,503,486,17,96.6203,GOOD,439,47,0,392,9.340426,90.329218,9.670782,30260.0,True,FREE_PUBLIC_RECONSTRUCTION,RESEARCH_GRADE,True,False,YAHOO_FINANCE_YFINANCE,FREE_PUBLIC_RESEARCH_GRADE,False,True,False,False,False,MB_20250314
2025-03-17,503,486,17,96.6203,GOOD,443,42,1,401,10.547619,91.152263,8.641975,30661.0,True,FREE_PUBLIC_RECONSTRUCTION,RESEARCH_GRADE,True,False,YAHOO_FINANCE_YFINANCE,FREE_PUBLIC_RESEARCH_GRADE,False,True,False,False,False,MB_20250317
2025-03-18,503,486,17,96.6203,GOOD,157,328,1,-171,0.478659,32.304527,67.489712,30490.0,True,FREE_PUBLIC_RECONSTRUCTION,RESEARCH_GRADE,True,False,YAHOO_FINANCE_YFINANCE,FREE_PUBLIC_RESEARCH_GRADE,False,True,False,False,False,MB_20250318
2025-03-19,503,486,17,96.6203,GOOD,353,132,1,221,2.674242,72.633745,27.160494,30711.0,True,FREE_PUBLIC_RECONSTRUCTION,RESEARCH_GRADE,True,False,YAHOO_FINANCE_YFINANCE,FREE_PUBLIC_RESEARCH_GRADE,False,True,False,False,False,MB_20250319
2025-03-20,503,486,17,96.6203,GOOD,167,313,6,-146,0.533546,34.36214,64.403292,30565.0,True,FREE_PUBLIC_RECONSTRUCTION,RESEARCH_GRADE,True,False,YAHOO_FINANCE_YFINANCE,FREE_PUBLIC_RESEARCH_GRADE,False,True,False,False,False,MB_20250320
2025-03-21,503,486,17,96.6203,GOOD,145,340,1,-195,0.426471,29.835391,69.958848,30370.0,True,FREE_PUBLIC_RECONSTRUCTION,RESEARCH_GRADE,True,False,YAHOO_FINANCE_YFINANCE,FREE_PUBLIC_RESEARCH_GRADE,False,True,False,False,False,MB_20250321
2025-03-24,503,486,17,96.6203,GOOD,410,75,1,335,5.466667,84.36214,15.432099,30705.0,True,FREE_PUBLIC_RECONSTRUCTION,RESEARCH_GRADE,True,False,YAHOO_FINANCE_YFINANCE,FREE_PUBLIC_RESEARCH_GRADE,False,True,False,False,False,MB_20250324
2025-03-25,503,486,17,96.6203,GOOD,210,274,2,-64,0.766423,43.209877,56.378601,30641.0,True,FREE_PUBLIC_RECONSTRUCTION,RESEARCH_GRADE,True,False,YAHOO_FINANCE_YFINANCE,FREE_PUBLIC_RESEARCH_GRADE,False,True,False,False,False,MB_20250325
2025-03-26,503,486,17,96.6203,GOOD,256,228,2,28,1.122807,52.674897,46.91358,30669.0,True,FREE_PUBLIC_RECONSTRUCTION,RESEARCH_GRADE,True,False,YAHOO_FINANCE_YFINANCE,FREE_PUBLIC_RESEARCH_GRADE,False,True,False,False,False,MB_20250326
2025-03-27,503,486,17,96.6203,GOOD,209,274,3,-65,0.762774,43.004115,56.378601,30604.0,True,FREE_PUBLIC_RECONSTRUCTION,RESEARCH_GRADE,True,False,YAHOO_FINANCE_YFINANCE,FREE_PUBLIC_RESEARCH_GRADE,False,True,False,False,False,MB_20250327
2025-03-28,503,486,17,96.6203,GOOD,86,400,0,-314,0.215,17.695473,82.304527,30290.0,True,FREE_PUBLIC_RECONSTRUCTION,RESEARCH_GRADE,True,False,YAHOO_FINANCE_YFINANCE,FREE_PUBLIC_RESEARCH_GRADE,False,True,False,False,False,MB_20250328
2025-03-31,503,486,17,96.6203,GOOD,374,108,4,266,3.462963,76.954733,22.222222,30556.0,True,FREE_PUBLIC_RECONSTRUCTION,RESEARCH_GRADE,True,False,YAHOO_FINANCE_YFINANCE,FREE_PUBLIC_RESEARCH_GRADE,False,True,False,False,False,MB_20250331
2025-04-01,503,486,17,96.6203,GOOD,291,194,1,97,1.5,59.876543,39.917695,30653.0,True,FREE_PUBLIC_RECONSTRUCTION,RESEARCH_GRADE,True,False,YAHOO_FINANCE_YFINANCE,FREE_PUBLIC_RESEARCH_GRADE,False,True,False,False,False,MB_20250401
2025-04-02,503,486,17,96.6203,GOOD,380,106,0,274,3.584906,78.1893,21.8107,30927.0,True,FREE_PUBLIC_RECONSTRUCTION,RESEARCH_GRADE,True,False,YAHOO_FINANCE_YFINANCE,FREE_PUBLIC_RESEARCH_GRADE,False,True,False,False,False,MB_20250402
2025-04-03,503,486,17,96.6203,GOOD,92,393,1,-301,0.234097,18.930041,80.864198,30626.0,True,FREE_PUBLIC_RECONSTRUCTION,RESEARCH_GRADE,True,False,YAHOO_FINANCE_YFINANCE,FREE_PUBLIC_RESEARCH_GRADE,False,True,False,False,False,MB_20250403
2025-04-04,503,486,17,96.6203,GOOD,14,471,1,-457,0.029724,2.880658,96.91358,30169.0,True,FREE_PUBLIC_RECONSTRUCTION,RESEARCH_GRADE,True,False,YAHOO_FINANCE_YFINANCE,FREE_PUBLIC_RESEARCH_GRADE,False,True,False,False,False,MB_20250404
2025-04-07,503,486,17,96.6203,GOOD,154,330,2,-176,0.466667,31.687243,67.901235,29993.0,True,FREE_PUBLIC_RECONSTRUCTION,RESEARCH_GRADE,True,False,YAHOO_FINANCE_YFINANCE,FREE_PUBLIC_RESEARCH_GRADE,False,True,False,False,False,MB_20250407
2025-04-08,503,486,17,96.6203,GOOD,67,419,0,-352,0.159905,13.786008,86.213992,29641.0,True,FREE_PUBLIC_RECONSTRUCTION,RESEARCH_GRADE,True,False,YAHOO_FINANCE_YFINANCE,FREE_PUBLIC_RESEARCH_GRADE,False,True,False,False,False,MB_20250408
2025-04-09,503,486,17,96.6203,GOOD,477,9,0,468,53.0,98.148148,1.851852,30109.0,True,FREE_PUBLIC_RECONSTRUCTION,RESEARCH_GRADE,True,False,YAHOO_FINANCE_YFINANCE,FREE_PUBLIC_RESEARCH_GRADE,False,True,False,False,False,MB_20250409
2025-04-10,503,486,17,96.6203,GOOD,73,412,1,-339,0.177184,15.020576,84.773663,29770.0,True,FREE_PUBLIC_RECONSTRUCTION,RESEARCH_GRADE,True,False,YAHOO_FINANCE_YFINANCE,FREE_PUBLIC_RESEARCH_GRADE,False,True,False,False,False,MB_20250410
2025-04-11,503,486,17,96.6203,GOOD,425,59,2,366,7.20339,87.44856,12.139918,30136.0,True,FREE_PUBLIC_RECONSTRUCTION,RESEARCH_GRADE,True,False,YAHOO_FINANCE_YFINANCE,FREE_PUBLIC_RESEARCH_GRADE,False,True,False,False,False,MB_20250411
2025-04-14,503,486,17,96.6203,GOOD,419,67,0,352,6.253731,86.213992,13.786008,30488.0,True,FREE_PUBLIC_RECONSTRUCTION,RESEARCH_GRADE,True,False,YAHOO_FINANCE_YFINANCE,FREE_PUBLIC_RESEARCH_GRADE,False,True,False,False,False,MB_20250414
2025-04-15,503,486,17,96.6203,GOOD,189,295,2,-106,0.640678,38.888889,60.699588,30382.0,True,FREE_PUBLIC_RECONSTRUCTION,RESEARCH_GRADE,True,False,YAHOO_FINANCE_YFINANCE,FREE_PUBLIC_RESEARCH_GRADE,False,True,False,False,False,MB_20250415
2025-04-16,503,486,17,96.6203,GOOD,63,422,1,-359,0.149289,12.962963,86.831276,30023.0,True,FREE_PUBLIC_RECONSTRUCTION,RESEARCH_GRADE,True,False,YAHOO_FINANCE_YFINANCE,FREE_PUBLIC_RESEARCH_GRADE,False,True,False,False,False,MB_20250416
2025-04-17,503,486,17,96.6203,GOOD,370,115,1,255,3.217391,76.131687,23.662551,30278.0,True,FREE_PUBLIC_RECONSTRUCTION,RESEARCH_GRADE,True,False,YAHOO_FINANCE_YFINANCE,FREE_PUBLIC_RESEARCH_GRADE,False,True,False,False,False,MB_20250417
2025-04-21,503,486,17,96.6203,GOOD,37,449,0,-412,0.082405,7.613169,92.386831,29866.0,True,FREE_PUBLIC_RECONSTRUCTION,RESEARCH_GRADE,True,False,YAHOO_FINANCE_YFINANCE,FREE_PUBLIC_RESEARCH_GRADE,False,True,False,False,False,MB_20250421
2025-04-22,503,486,17,96.6203,GOOD,477,9,0,468,53.0,98.148148,1.851852,30334.0,True,FREE_PUBLIC_RECONSTRUCTION,RESEARCH_GRADE,True,False,YAHOO_FINANCE_YFINANCE,FREE_PUBLIC_RESEARCH_GRADE,False,True,False,False,False,MB_20250422
2025-04-23,503,486,17,96.6203,GOOD,349,135,2,214,2.585185,71.8107,27.777778,30548.0,True,FREE_PUBLIC_RECONSTRUCTION,RESEARCH_GRADE,True,False,YAHOO_FINANCE_YFINANCE,FREE_PUBLIC_RESEARCH_GRADE,False,True,False,False,False,MB_20250423
2025-04-24,503,486,17,96.6203,GOOD,392,93,1,299,4.215054,80.658436,19.135802,30847.0,True,FREE_PUBLIC_RECONSTRUCTION,RESEARCH_GRADE,True,False,YAHOO_FINANCE_YFINANCE,FREE_PUBLIC_RESEARCH_GRADE,False,True,False,False,False,MB_20250424
2025-04-25,503,486,17,96.6203,GOOD,197,287,2,-90,0.686411,40.534979,59.053498,30757.0,True,FREE_PUBLIC_RECONSTRUCTION,RESEARCH_GRADE,True,False,YAHOO_FINANCE_YFINANCE,FREE_PUBLIC_RESEARCH_GRADE,False,True,False,False,False,MB_20250425
2025-04-28,503,486,17,96.6203,GOOD,322,163,1,159,1.97546,66.255144,33.539095,30916.0,True,FREE_PUBLIC_RECONSTRUCTION,RESEARCH_GRADE,True,False,YAHOO_FINANCE_YFINANCE,FREE_PUBLIC_RESEARCH_GRADE,False,True,False,False,False,MB_20250428
2025-04-29,503,486,17,96.6203,GOOD,360,125,1,235,2.88,74.074074,25.720165,31151.0,True,FREE_PUBLIC_RECONSTRUCTION,RESEARCH_GRADE,True,False,YAHOO_FINANCE_YFINANCE,FREE_PUBLIC_RESEARCH_GRADE,False,True,False,False,False,MB_20250429
2025-04-30,503,486,17,96.6203,GOOD,310,174,2,136,1.781609,63.786008,35.802469,31287.0,True,FREE_PUBLIC_RECONSTRUCTION,RESEARCH_GRADE,True,False,YAHOO_FINANCE_YFINANCE,FREE_PUBLIC_RESEARCH_GRADE,False,True,False,False,False,MB_20250430
2025-05-01,503,486,17,96.6203,GOOD,206,279,1,-73,0.738351,42.386831,57.407407,31214.0,True,FREE_PUBLIC_RECONSTRUCTION,RESEARCH_GRADE,True,False,YAHOO_FINANCE_YFINANCE,FREE_PUBLIC_RESEARCH_GRADE,False,True,False,False,False,MB_20250501
2025-05-02,503,486,17,96.6203,GOOD,444,42,0,402,10.571429,91.358025,8.641975,31616.0,True,FREE_PUBLIC_RECONSTRUCTION,RESEARCH_GRADE,True,False,YAHOO_FINANCE_YFINANCE,FREE_PUBLIC_RESEARCH_GRADE,False,True,False,False,False,MB_20250502
2025-05-05,503,486,17,96.6203,GOOD,182,301,3,-119,0.604651,37.44856,61.934156,31497.0,True,FREE_PUBLIC_RECONSTRUCTION,RESEARCH_GRADE,True,False,YAHOO_FINANCE_YFINANCE,FREE_PUBLIC_RESEARCH_GRADE,False,True,False,False,False,MB_20250505
2025-05-06,503,486,17,96.6203,GOOD,136,348,2,-212,0.390805,27.983539,71.604938,31285.0,True,FREE_PUBLIC_RECONSTRUCTION,RESEARCH_GRADE,True,False,YAHOO_FINANCE_YFINANCE,FREE_PUBLIC_RESEARCH_GRADE,False,True,False,False,False,MB_20250506
2025-05-07,503,486,17,96.6203,GOOD,348,135,3,213,2.577778,71.604938,27.777778,31498.0,True,FREE_PUBLIC_RECONSTRUCTION,RESEARCH_GRADE,True,False,YAHOO_FINANCE_YFINANCE,FREE_PUBLIC_RESEARCH_GRADE,False,True,False,False,False,MB_20250507
2025-05-08,503,486,17,96.6203,GOOD,335,148,3,187,2.263514,68.930041,30.452675,31685.0,True,FREE_PUBLIC_RECONSTRUCTION,RESEARCH_GRADE,True,False,YAHOO_FINANCE_YFINANCE,FREE_PUBLIC_RESEARCH_GRADE,False,True,False,False,False,MB_20250508
2025-05-09,503,486,17,96.6203,GOOD,229,254,3,-25,0.901575,47.119342,52.263374,31660.0,True,FREE_PUBLIC_RECONSTRUCTION,RESEARCH_GRADE,True,False,YAHOO_FINANCE_YFINANCE,FREE_PUBLIC_RESEARCH_GRADE,False,True,False,False,False,MB_20250509
2025-05-12,503,486,17,96.6203,GOOD,394,91,1,303,4.32967,81.069959,18.72428,31963.0,True,FREE_PUBLIC_RECONSTRUCTION,RESEARCH_GRADE,True,False,YAHOO_FINANCE_YFINANCE,FREE_PUBLIC_RESEARCH_GRADE,False,True,False,False,False,MB_20250512
2025-05-13,503,486,17,96.6203,GOOD,237,247,2,-10,0.959514,48.765432,50.823045,31953.0,True,FREE_PUBLIC_RECONSTRUCTION,RESEARCH_GRADE,True,False,YAHOO_FINANCE_YFINANCE,FREE_PUBLIC_RESEARCH_GRADE,False,True,False,False,False,MB_20250513
2025-05-14,503,486,17,96.6203,GOOD,143,340,3,-197,0.420588,29.423868,69.958848,31756.0,True,FREE_PUBLIC_RECONSTRUCTION,RESEARCH_GRADE,True,False,YAHOO_FINANCE_YFINANCE,FREE_PUBLIC_RESEARCH_GRADE,False,True,False,False,False,MB_20250514
2025-05-15,503,486,17,96.6203,GOOD,362,124,0,238,2.919355,74.485597,25.514403,31994.0,True,FREE_PUBLIC_RECONSTRUCTION,RESEARCH_GRADE,True,False,YAHOO_FINANCE_YFINANCE,FREE_PUBLIC_RESEARCH_GRADE,False,True,False,False,False,MB_20250515
2025-05-16,503,486,17,96.6203,GOOD,432,54,0,378,8.0,88.888889,11.111111,32372.0,True,FREE_PUBLIC_RECONSTRUCTION,RESEARCH_GRADE,True,False,YAHOO_FINANCE_YFINANCE,FREE_PUBLIC_RESEARCH_GRADE,False,True,False,False,False,MB_20250516
2025-05-19,503,487,16,96.8191,GOOD,248,236,3,12,1.050847,50.924025,48.459959,32384.0,True,FREE_PUBLIC_RECONSTRUCTION,RESEARCH_GRADE,True,False,YAHOO_FINANCE_YFINANCE,FREE_PUBLIC_RESEARCH_GRADE,False,True,False,False,False,MB_20250519
2025-05-20,503,487,16,96.8191,GOOD,166,318,3,-152,0.522013,34.086242,65.297741,32232.0,True,FREE_PUBLIC_RECONSTRUCTION,RESEARCH_GRADE,True,False,YAHOO_FINANCE_YFINANCE,FREE_PUBLIC_RESEARCH_GRADE,False,True,False,False,False,MB_20250520
2025-05-21,503,487,16,96.8191,GOOD,18,468,1,-450,0.038462,3.696099,96.098563,31782.0,True,FREE_PUBLIC_RECONSTRUCTION,RESEARCH_GRADE,True,False,YAHOO_FINANCE_YFINANCE,FREE_PUBLIC_RESEARCH_GRADE,False,True,False,False,False,MB_20250521
2025-05-22,503,487,16,96.8191,GOOD,180,300,7,-120,0.6,36.960986,61.601643,31662.0,True,FREE_PUBLIC_RECONSTRUCTION,RESEARCH_GRADE,True,False,YAHOO_FINANCE_YFINANCE,FREE_PUBLIC_RESEARCH_GRADE,False,True,False,False,False,MB_20250522
2025-05-23,503,487,16,96.8191,GOOD,166,318,3,-152,0.522013,34.086242,65.297741,31510.0,True,FREE_PUBLIC_RECONSTRUCTION,RESEARCH_GRADE,True,False,YAHOO_FINANCE_YFINANCE,FREE_PUBLIC_RESEARCH_GRADE,False,True,False,False,False,MB_20250523
2025-05-27,503,487,16,96.8191,GOOD,451,35,1,416,12.885714,92.607803,7.186858,31926.0,True,FREE_PUBLIC_RECONSTRUCTION,RESEARCH_GRADE,True,False,YAHOO_FINANCE_YFINANCE,FREE_PUBLIC_RESEARCH_GRADE,False,True,False,False,False,MB_20250527
2025-05-28,503,487,16,96.8191,GOOD,76,410,1,-334,0.185366,15.605749,84.188912,31592.0,True,FREE_PUBLIC_RECONSTRUCTION,RESEARCH_GRADE,True,False,YAHOO_FINANCE_YFINANCE,FREE_PUBLIC_RESEARCH_GRADE,False,True,False,False,False,MB_20250528
2025-05-29,503,487,16,96.8191,GOOD,343,139,5,204,2.467626,70.431211,28.542094,31796.0,True,FREE_PUBLIC_RECONSTRUCTION,RESEARCH_GRADE,True,False,YAHOO_FINANCE_YFINANCE,FREE_PUBLIC_RESEARCH_GRADE,False,True,False,False,False,MB_20250529
2025-05-30,503,487,16,96.8191,GOOD,252,233,2,19,1.081545,51.74538,47.843943,31815.0,True,FREE_PUBLIC_RECONSTRUCTION,RESEARCH_GRADE,True,False,YAHOO_FINANCE_YFINANCE,FREE_PUBLIC_RESEARCH_GRADE,False,True,False,False,False,MB_20250530
2025-06-02,503,487,16,96.8191,GOOD,226,259,2,-33,0.872587,46.406571,53.182752,31782.0,True,FREE_PUBLIC_RECONSTRUCTION,RESEARCH_GRADE,True,False,YAHOO_FINANCE_YFINANCE,FREE_PUBLIC_RESEARCH_GRADE,False,True,False,False,False,MB_20250602
2025-06-03,503,487,16,96.8191,GOOD,347,139,1,208,2.496403,71.252567,28.542094,31990.0,True,FREE_PUBLIC_RECONSTRUCTION,RESEARCH_GRADE,True,False,YAHOO_FINANCE_YFINANCE,FREE_PUBLIC_RESEARCH_GRADE,False,True,False,False,False,MB_20250603
2025-06-04,503,487,16,96.8191,GOOD,188,296,3,-108,0.635135,38.603696,60.780287,31882.0,True,FREE_PUBLIC_RECONSTRUCTION,RESEARCH_GRADE,True,False,YAHOO_FINANCE_YFINANCE,FREE_PUBLIC_RESEARCH_GRADE,False,True,False,False,False,MB_20250604
2025-06-05,503,487,16,96.8191,GOOD,183,302,2,-119,0.60596,37.577002,62.01232,31763.0,True,FREE_PUBLIC_RECONSTRUCTION,RESEARCH_GRADE,True,False,YAHOO_FINANCE_YFINANCE,FREE_PUBLIC_RESEARCH_GRADE,False,True,False,False,False,MB_20250605
2025-06-06,503,487,16,96.8191,GOOD,401,85,1,316,4.717647,82.340862,17.453799,32079.0,True,FREE_PUBLIC_RECONSTRUCTION,RESEARCH_GRADE,True,False,YAHOO_FINANCE_YFINANCE,FREE_PUBLIC_RESEARCH_GRADE,False,True,False,False,False,MB_20250606
2025-06-09,503,487,16,96.8191,GOOD,252,232,3,20,1.086207,51.74538,47.638604,32099.0,True,FREE_PUBLIC_RECONSTRUCTION,RESEARCH_GRADE,True,False,YAHOO_FINANCE_YFINANCE,FREE_PUBLIC_RESEARCH_GRADE,False,True,False,False,False,MB_20250609
2025-06-10,503,487,16,96.8191,GOOD,318,167,2,151,1.904192,65.297741,34.291581,32250.0,True,FREE_PUBLIC_RECONSTRUCTION,RESEARCH_GRADE,True,False,YAHOO_FINANCE_YFINANCE,FREE_PUBLIC_RESEARCH_GRADE,False,True,False,False,False,MB_20250610
2025-06-11,503,487,16,96.8191,GOOD,163,323,1,-160,0.504644,33.470226,66.324435,32090.0,True,FREE_PUBLIC_RECONSTRUCTION,RESEARCH_GRADE,True,False,YAHOO_FINANCE_YFINANCE,FREE_PUBLIC_RESEARCH_GRADE,False,True,False,False,False,MB_20250611
2025-06-12,503,487,16,96.8191,GOOD,290,195,2,95,1.487179,59.548255,40.041068,32185.0,True,FREE_PUBLIC_RECONSTRUCTION,RESEARCH_GRADE,True,False,YAHOO_FINANCE_YFINANCE,FREE_PUBLIC_RESEARCH_GRADE,False,True,False,False,False,MB_20250612
2025-06-13,503,487,16,96.8191,GOOD,67,420,0,-353,0.159524,13.7577,86.2423,31832.0,True,FREE_PUBLIC_RECONSTRUCTION,RESEARCH_GRADE,True,False,YAHOO_FINANCE_YFINANCE,FREE_PUBLIC_RESEARCH_GRADE,False,True,False,False,False,MB_20250613
2025-06-16,503,487,16,96.8191,GOOD,351,136,0,215,2.580882,72.073922,27.926078,32047.0,True,FREE_PUBLIC_RECONSTRUCTION,RESEARCH_GRADE,True,False,YAHOO_FINANCE_YFINANCE,FREE_PUBLIC_RESEARCH_GRADE,False,True,False,False,False,MB_20250616
2025-06-17,503,487,16,96.8191,GOOD,87,399,1,-312,0.218045,17.864476,81.930185,31735.0,True,FREE_PUBLIC_RECONSTRUCTION,RESEARCH_GRADE,True,False,YAHOO_FINANCE_YFINANCE,FREE_PUBLIC_RESEARCH_GRADE,False,True,False,False,False,MB_20250617
2025-06-18,503,487,16,96.8191,GOOD,230,252,5,-22,0.912698,47.227926,51.74538,31713.0,True,FREE_PUBLIC_RECONSTRUCTION,RESEARCH_GRADE,True,False,YAHOO_FINANCE_YFINANCE,FREE_PUBLIC_RESEARCH_GRADE,False,True,False,False,False,MB_20250618
2025-06-20,503,487,16,96.8191,GOOD,287,197,3,90,1.456853,58.932238,40.451745,31803.0,True,FREE_PUBLIC_RECONSTRUCTION,RESEARCH_GRADE,True,False,YAHOO_FINANCE_YFINANCE,FREE_PUBLIC_RESEARCH_GRADE,False,True,False,False,False,MB_20250620
2025-06-23,503,487,16,96.8191,GOOD,388,97,2,291,4.0,79.671458,19.917864,32094.0,True,FREE_PUBLIC_RECONSTRUCTION,RESEARCH_GRADE,True,False,YAHOO_FINANCE_YFINANCE,FREE_PUBLIC_RESEARCH_GRADE,False,True,False,False,False,MB_20250623
2025-06-24,503,487,16,96.8191,GOOD,365,119,3,246,3.067227,74.948665,24.435318,32340.0,True,FREE_PUBLIC_RECONSTRUCTION,RESEARCH_GRADE,True,False,YAHOO_FINANCE_YFINANCE,FREE_PUBLIC_RESEARCH_GRADE,False,True,False,False,False,MB_20250624
2025-06-25,503,487,16,96.8191,GOOD,135,352,0,-217,0.383523,27.720739,72.279261,32123.0,True,FREE_PUBLIC_RECONSTRUCTION,RESEARCH_GRADE,True,False,YAHOO_FINANCE_YFINANCE,FREE_PUBLIC_RESEARCH_GRADE,False,True,False,False,False,MB_20250625
2025-06-26,503,487,16,96.8191,GOOD,358,128,1,230,2.796875,73.511294,26.283368,32353.0,True,FREE_PUBLIC_RECONSTRUCTION,RESEARCH_GRADE,True,False,YAHOO_FINANCE_YFINANCE,FREE_PUBLIC_RESEARCH_GRADE,False,True,False,False,False,MB_20250626
2025-06-27,503,487,16,96.8191,GOOD,324,158,5,166,2.050633,66.529774,32.443532,32519.0,True,FREE_PUBLIC_RECONSTRUCTION,RESEARCH_GRADE,True,False,YAHOO_FINANCE_YFINANCE,FREE_PUBLIC_RESEARCH_GRADE,False,True,False,False,False,MB_20250627
2025-06-30,503,487,16,96.8191,GOOD,336,149,2,187,2.255034,68.99384,30.595483,32706.0,True,FREE_PUBLIC_RECONSTRUCTION,RESEARCH_GRADE,True,False,YAHOO_FINANCE_YFINANCE,FREE_PUBLIC_RESEARCH_GRADE,False,True,False,False,False,MB_20250630
2025-07-01,503,487,16,96.8191,GOOD,369,117,1,252,3.153846,75.770021,24.024641,32958.0,True,FREE_PUBLIC_RECONSTRUCTION,RESEARCH_GRADE,True,False,YAHOO_FINANCE_YFINANCE,FREE_PUBLIC_RESEARCH_GRADE,False,True,False,False,False,MB_20250701
2025-07-02,503,487,16,96.8191,GOOD,280,205,2,75,1.365854,57.494867,42.094456,33033.0,True,FREE_PUBLIC_RECONSTRUCTION,RESEARCH_GRADE,True,False,YAHOO_FINANCE_YFINANCE,FREE_PUBLIC_RESEARCH_GRADE,False,True,False,False,False,MB_20250702
2025-07-03,503,487,16,96.8191,GOOD,338,145,4,193,2.331034,69.404517,29.774127,33226.0,True,FREE_PUBLIC_RECONSTRUCTION,RESEARCH_GRADE,True,False,YAHOO_FINANCE_YFINANCE,FREE_PUBLIC_RESEARCH_GRADE,False,True,False,False,False,MB_20250703
2025-07-07,503,487,16,96.8191,GOOD,93,392,2,-299,0.237245,19.096509,80.492813,32927.0,True,FREE_PUBLIC_RECONSTRUCTION,RESEARCH_GRADE,True,False,YAHOO_FINANCE_YFINANCE,FREE_PUBLIC_RESEARCH_GRADE,False,True,False,False,False,MB_20250707
2025-07-08,503,487,16,96.8191,GOOD,259,226,2,33,1.146018,53.182752,46.406571,32960.0,True,FREE_PUBLIC_RECONSTRUCTION,RESEARCH_GRADE,True,False,YAHOO_FINANCE_YFINANCE,FREE_PUBLIC_RESEARCH_GRADE,False,True,False,False,False,MB_20250708
2025-07-09,503,488,15,97.0179,GOOD,293,194,1,99,1.510309,60.040984,39.754098,33059.0,True,FREE_PUBLIC_RECONSTRUCTION,RESEARCH_GRADE,True,False,YAHOO_FINANCE_YFINANCE,FREE_PUBLIC_RESEARCH_GRADE,False,True,False,False,False,MB_20250709
2025-07-10,503,488,15,97.0179,GOOD,341,145,2,196,2.351724,69.877049,29.713115,33255.0,True,FREE_PUBLIC_RECONSTRUCTION,RESEARCH_GRADE,True,False,YAHOO_FINANCE_YFINANCE,FREE_PUBLIC_RESEARCH_GRADE,False,True,False,False,False,MB_20250710
2025-07-11,503,488,15,97.0179,GOOD,107,379,2,-272,0.282322,21.92623,77.663934,32983.0,True,FREE_PUBLIC_RECONSTRUCTION,RESEARCH_GRADE,True,False,YAHOO_FINANCE_YFINANCE,FREE_PUBLIC_RESEARCH_GRADE,False,True,False,False,False,MB_20250711
2025-07-14,503,488,15,97.0179,GOOD,276,211,1,65,1.308057,56.557377,43.237705,33048.0,True,FREE_PUBLIC_RECONSTRUCTION,RESEARCH_GRADE,True,False,YAHOO_FINANCE_YFINANCE,FREE_PUBLIC_RESEARCH_GRADE,False,True,False,False,False,MB_20250714
2025-07-15,503,488,15,97.0179,GOOD,46,442,0,-396,0.104072,9.42623,90.57377,32652.0,True,FREE_PUBLIC_RECONSTRUCTION,RESEARCH_GRADE,True,False,YAHOO_FINANCE_YFINANCE,FREE_PUBLIC_RESEARCH_GRADE,False,True,False,False,False,MB_20250715
2025-07-16,503,488,15,97.0179,GOOD,332,154,2,178,2.155844,68.032787,31.557377,32830.0,True,FREE_PUBLIC_RECONSTRUCTION,RESEARCH_GRADE,True,False,YAHOO_FINANCE_YFINANCE,FREE_PUBLIC_RESEARCH_GRADE,False,True,False,False,False,MB_20250716
2025-07-17,503,488,15,97.0179,GOOD,362,124,2,238,2.919355,74.180328,25.409836,33068.0,True,FREE_PUBLIC_RECONSTRUCTION,RESEARCH_GRADE,True,False,YAHOO_FINANCE_YFINANCE,FREE_PUBLIC_RESEARCH_GRADE,False,True,False,False,False,MB_20250717
2025-07-18,503,489,14,97.2167,GOOD,246,241,2,5,1.020747,50.306748,49.284254,33073.0,True,FREE_PUBLIC_RECONSTRUCTION,RESEARCH_GRADE,True,False,YAHOO_FINANCE_YFINANCE,FREE_PUBLIC_RESEARCH_GRADE,False,True,False,False,False,MB_20250718
2025-07-21,503,489,14,97.2167,GOOD,179,310,0,-131,0.577419,36.605317,63.394683,32942.0,True,FREE_PUBLIC_RECONSTRUCTION,RESEARCH_GRADE,True,False,YAHOO_FINANCE_YFINANCE,FREE_PUBLIC_RESEARCH_GRADE,False,True,False,False,False,MB_20250721
2025-07-22,503,489,14,97.2167,GOOD,393,96,0,297,4.09375,80.368098,19.631902,33239.0,True,FREE_PUBLIC_RECONSTRUCTION,RESEARCH_GRADE,True,False,YAHOO_FINANCE_YFINANCE,FREE_PUBLIC_RESEARCH_GRADE,False,True,False,False,False,MB_20250722
2025-07-23,503,490,13,97.4155,GOOD,337,153,0,184,2.202614,68.77551,31.22449,33423.0,True,FREE_PUBLIC_RECONSTRUCTION,RESEARCH_GRADE,True,False,YAHOO_FINANCE_YFINANCE,FREE_PUBLIC_RESEARCH_GRADE,False,True,False,False,False,MB_20250723
2025-07-24,503,490,13,97.4155,GOOD,209,280,1,-71,0.746429,42.653061,57.142857,33352.0,True,FREE_PUBLIC_RECONSTRUCTION,RESEARCH_GRADE,True,False,YAHOO_FINANCE_YFINANCE,FREE_PUBLIC_RESEARCH_GRADE,False,True,False,False,False,MB_20250724
2025-07-25,503,490,13,97.4155,GOOD,326,160,4,166,2.0375,66.530612,32.653061,33518.0,True,FREE_PUBLIC_RECONSTRUCTION,RESEARCH_GRADE,True,False,YAHOO_FINANCE_YFINANCE,FREE_PUBLIC_RESEARCH_GRADE,False,True,False,False,False,MB_20250725
2025-07-28,503,490,13,97.4155,GOOD,137,352,1,-215,0.389205,27.959184,71.836735,33303.0,True,FREE_PUBLIC_RECONSTRUCTION,RESEARCH_GRADE,True,False,YAHOO_FINANCE_YFINANCE,FREE_PUBLIC_RESEARCH_GRADE,False,True,False,False,False,MB_20250728
2025-07-29,503,490,13,97.4155,GOOD,244,243,3,1,1.004115,49.795918,49.591837,33304.0,True,FREE_PUBLIC_RECONSTRUCTION,RESEARCH_GRADE,True,False,YAHOO_FINANCE_YFINANCE,FREE_PUBLIC_RESEARCH_GRADE,False,True,False,False,False,MB_20250729
2025-07-30,503,490,13,97.4155,GOOD,153,335,2,-182,0.456716,31.22449,68.367347,33122.0,True,FREE_PUBLIC_RECONSTRUCTION,RESEARCH_GRADE,True,False,YAHOO_FINANCE_YFINANCE,FREE_PUBLIC_RESEARCH_GRADE,False,True,False,False,False,MB_20250730
2025-07-31,503,490,13,97.4155,GOOD,134,354,2,-220,0.378531,27.346939,72.244898,32902.0,True,FREE_PUBLIC_RECONSTRUCTION,RESEARCH_GRADE,True,False,YAHOO_FINANCE_YFINANCE,FREE_PUBLIC_RESEARCH_GRADE,False,True,False,False,False,MB_20250731
2025-08-01,503,490,13,97.4155,GOOD,142,347,1,-205,0.409222,28.979592,70.816327,32697.0,True,FREE_PUBLIC_RECONSTRUCTION,RESEARCH_GRADE,True,False,YAHOO_FINANCE_YFINANCE,FREE_PUBLIC_RESEARCH_GRADE,False,True,False,False,False,MB_20250801
2025-08-04,503,490,13,97.4155,GOOD,422,66,2,356,6.393939,86.122449,13.469388,33053.0,True,FREE_PUBLIC_RECONSTRUCTION,RESEARCH_GRADE,True,False,YAHOO_FINANCE_YFINANCE,FREE_PUBLIC_RESEARCH_GRADE,False,True,False,False,False,MB_20250804
2025-08-05,503,490,13,97.4155,GOOD,218,270,2,-52,0.807407,44.489796,55.102041,33001.0,True,FREE_PUBLIC_RECONSTRUCTION,RESEARCH_GRADE,True,False,YAHOO_FINANCE_YFINANCE,FREE_PUBLIC_RESEARCH_GRADE,False,True,False,False,False,MB_20250805
2025-08-06,503,490,13,97.4155,GOOD,232,258,0,-26,0.899225,47.346939,52.653061,32975.0,True,FREE_PUBLIC_RECONSTRUCTION,RESEARCH_GRADE,True,False,YAHOO_FINANCE_YFINANCE,FREE_PUBLIC_RESEARCH_GRADE,False,True,False,False,False,MB_20250806
2025-08-07,503,490,13,97.4155,GOOD,239,245,6,-6,0.97551,48.77551,50.0,32969.0,True,FREE_PUBLIC_RECONSTRUCTION,RESEARCH_GRADE,True,False,YAHOO_FINANCE_YFINANCE,FREE_PUBLIC_RESEARCH_GRADE,False,True,False,False,False,MB_20250807
2025-08-08,503,489,14,97.2167,GOOD,287,198,4,89,1.449495,58.691207,40.490798,33058.0,True,FREE_PUBLIC_RECONSTRUCTION,RESEARCH_GRADE,True,False,YAHOO_FINANCE_YFINANCE,FREE_PUBLIC_RESEARCH_GRADE,False,True,False,False,False,MB_20250808
2025-08-11,503,489,14,97.2167,GOOD,172,311,6,-139,0.553055,35.173824,63.599182,32919.0,True,FREE_PUBLIC_RECONSTRUCTION,RESEARCH_GRADE,True,False,YAHOO_FINANCE_YFINANCE,FREE_PUBLIC_RESEARCH_GRADE,False,True,False,False,False,MB_20250811
2025-08-12,503,489,14,97.2167,GOOD,388,99,2,289,3.919192,79.345603,20.245399,33208.0,True,FREE_PUBLIC_RECONSTRUCTION,RESEARCH_GRADE,True,False,YAHOO_FINANCE_YFINANCE,FREE_PUBLIC_RESEARCH_GRADE,False,True,False,False,False,MB_20250812
2025-08-13,503,489,14,97.2167,GOOD,405,84,0,321,4.821429,82.822086,17.177914,33529.0,True,FREE_PUBLIC_RECONSTRUCTION,RESEARCH_GRADE,True,False,YAHOO_FINANCE_YFINANCE,FREE_PUBLIC_RESEARCH_GRADE,False,True,False,False,False,MB_20250813
2025-08-14,503,489,14,97.2167,GOOD,137,350,2,-213,0.391429,28.01636,71.574642,33316.0,True,FREE_PUBLIC_RECONSTRUCTION,RESEARCH_GRADE,True,False,YAHOO_FINANCE_YFINANCE,FREE_PUBLIC_RESEARCH_GRADE,False,True,False,False,False,MB_20250814
2025-08-15,503,489,14,97.2167,GOOD,195,292,2,-97,0.667808,39.877301,59.713701,33219.0,True,FREE_PUBLIC_RECONSTRUCTION,RESEARCH_GRADE,True,False,YAHOO_FINANCE_YFINANCE,FREE_PUBLIC_RESEARCH_GRADE,False,True,False,False,False,MB_20250815
2025-08-18,503,489,14,97.2167,GOOD,226,262,1,-36,0.862595,46.216769,53.578732,33183.0,True,FREE_PUBLIC_RECONSTRUCTION,RESEARCH_GRADE,True,False,YAHOO_FINANCE_YFINANCE,FREE_PUBLIC_RESEARCH_GRADE,False,True,False,False,False,MB_20250818
2025-08-19,503,489,14,97.2167,GOOD,345,144,0,201,2.395833,70.552147,29.447853,33384.0,True,FREE_PUBLIC_RECONSTRUCTION,RESEARCH_GRADE,True,False,YAHOO_FINANCE_YFINANCE,FREE_PUBLIC_RESEARCH_GRADE,False,True,False,False,False,MB_20250819
2025-08-20,503,489,14,97.2167,GOOD,249,236,4,13,1.055085,50.920245,48.261759,33397.0,True,FREE_PUBLIC_RECONSTRUCTION,RESEARCH_GRADE,True,False,YAHOO_FINANCE_YFINANCE,FREE_PUBLIC_RESEARCH_GRADE,False,True,False,False,False,MB_20250820
2025-08-21,503,489,14,97.2167,GOOD,154,334,1,-180,0.461078,31.492843,68.302658,33217.0,True,FREE_PUBLIC_RECONSTRUCTION,RESEARCH_GRADE,True,False,YAHOO_FINANCE_YFINANCE,FREE_PUBLIC_RESEARCH_GRADE,False,True,False,False,False,MB_20250821
2025-08-22,503,489,14,97.2167,GOOD,416,73,0,343,5.69863,85.071575,14.928425,33560.0,True,FREE_PUBLIC_RECONSTRUCTION,RESEARCH_GRADE,True,False,YAHOO_FINANCE_YFINANCE,FREE_PUBLIC_RESEARCH_GRADE,False,True,False,False,False,MB_20250822
2025-08-25,503,489,14,97.2167,GOOD,94,391,4,-297,0.240409,19.222904,79.9591,33263.0,True,FREE_PUBLIC_RECONSTRUCTION,RESEARCH_GRADE,True,False,YAHOO_FINANCE_YFINANCE,FREE_PUBLIC_RESEARCH_GRADE,False,True,False,False,False,MB_20250825
2025-08-26,503,489,14,97.2167,GOOD,254,233,2,21,1.090129,51.94274,47.648262,33284.0,True,FREE_PUBLIC_RECONSTRUCTION,RESEARCH_GRADE,True,False,YAHOO_FINANCE_YFINANCE,FREE_PUBLIC_RESEARCH_GRADE,False,True,False,False,False,MB_20250826
2025-08-27,503,489,14,97.2167,GOOD,333,154,2,179,2.162338,68.09816,31.492843,33463.0,True,FREE_PUBLIC_RECONSTRUCTION,RESEARCH_GRADE,True,False,YAHOO_FINANCE_YFINANCE,FREE_PUBLIC_RESEARCH_GRADE,False,True,False,False,False,MB_20250827
2025-08-28,503,490,13,97.4155,GOOD,217,271,2,-54,0.800738,44.285714,55.306122,33409.0,True,FREE_PUBLIC_RECONSTRUCTION,RESEARCH_GRADE,True,False,YAHOO_FINANCE_YFINANCE,FREE_PUBLIC_RESEARCH_GRADE,False,True,False,False,False,MB_20250828
2025-08-29,503,490,13,97.4155,GOOD,273,215,2,58,1.269767,55.714286,43.877551,33467.0,True,FREE_PUBLIC_RECONSTRUCTION,RESEARCH_GRADE,True,False,YAHOO_FINANCE_YFINANCE,FREE_PUBLIC_RESEARCH_GRADE,False,True,False,False,False,MB_20250829
2025-09-02,503,490,13,97.4155,GOOD,115,373,2,-258,0.308311,23.469388,76.122449,33209.0,True,FREE_PUBLIC_RECONSTRUCTION,RESEARCH_GRADE,True,False,YAHOO_FINANCE_YFINANCE,FREE_PUBLIC_RESEARCH_GRADE,False,True,False,False,False,MB_20250902
2025-09-03,503,490,13,97.4155,GOOD,219,270,1,-51,0.811111,44.693878,55.102041,33158.0,True,FREE_PUBLIC_RECONSTRUCTION,RESEARCH_GRADE,True,False,YAHOO_FINANCE_YFINANCE,FREE_PUBLIC_RESEARCH_GRADE,False,True,False,False,False,MB_20250903
2025-09-04,503,490,13,97.4155,GOOD,357,131,2,226,2.725191,72.857143,26.734694,33384.0,True,FREE_PUBLIC_RECONSTRUCTION,RESEARCH_GRADE,True,False,YAHOO_FINANCE_YFINANCE,FREE_PUBLIC_RESEARCH_GRADE,False,True,False,False,False,MB_20250904
2025-09-05,503,490,13,97.4155,GOOD,265,225,0,40,1.177778,54.081633,45.918367,33424.0,True,FREE_PUBLIC_RECONSTRUCTION,RESEARCH_GRADE,True,False,YAHOO_FINANCE_YFINANCE,FREE_PUBLIC_RESEARCH_GRADE,False,True,False,False,False,MB_20250905
2025-09-08,503,490,13,97.4155,GOOD,238,249,3,-11,0.955823,48.571429,50.816327,33413.0,True,FREE_PUBLIC_RECONSTRUCTION,RESEARCH_GRADE,True,False,YAHOO_FINANCE_YFINANCE,FREE_PUBLIC_RESEARCH_GRADE,False,True,False,False,False,MB_20250908
2025-09-09,503,490,13,97.4155,GOOD,195,292,3,-97,0.667808,39.795918,59.591837,33316.0,True,FREE_PUBLIC_RECONSTRUCTION,RESEARCH_GRADE,True,False,YAHOO_FINANCE_YFINANCE,FREE_PUBLIC_RESEARCH_GRADE,False,True,False,False,False,MB_20250909
2025-09-10,503,490,13,97.4155,GOOD,198,291,1,-93,0.680412,40.408163,59.387755,33223.0,True,FREE_PUBLIC_RECONSTRUCTION,RESEARCH_GRADE,True,False,YAHOO_FINANCE_YFINANCE,FREE_PUBLIC_RESEARCH_GRADE,False,True,False,False,False,MB_20250910
2025-09-11,503,490,13,97.4155,GOOD,425,63,2,362,6.746032,86.734694,12.857143,33585.0,True,FREE_PUBLIC_RECONSTRUCTION,RESEARCH_GRADE,True,False,YAHOO_FINANCE_YFINANCE,FREE_PUBLIC_RESEARCH_GRADE,False,True,False,False,False,MB_20250911
2025-09-12,503,490,13,97.4155,GOOD,112,376,2,-264,0.297872,22.857143,76.734694,33321.0,True,FREE_PUBLIC_RECONSTRUCTION,RESEARCH_GRADE,True,False,YAHOO_FINANCE_YFINANCE,FREE_PUBLIC_RESEARCH_GRADE,False,True,False,False,False,MB_20250912
2025-09-15,503,490,13,97.4155,GOOD,198,290,2,-92,0.682759,40.408163,59.183673,33229.0,True,FREE_PUBLIC_RECONSTRUCTION,RESEARCH_GRADE,True,False,YAHOO_FINANCE_YFINANCE,FREE_PUBLIC_RESEARCH_GRADE,False,True,False,False,False,MB_20250915
2025-09-16,503,490,13,97.4155,GOOD,182,306,2,-124,0.594771,37.142857,62.44898,33105.0,True,FREE_PUBLIC_RECONSTRUCTION,RESEARCH_GRADE,True,False,YAHOO_FINANCE_YFINANCE,FREE_PUBLIC_RESEARCH_GRADE,False,True,False,False,False,MB_20250916
2025-09-17,503,490,13,97.4155,GOOD,281,207,2,74,1.357488,57.346939,42.244898,33179.0,True,FREE_PUBLIC_RECONSTRUCTION,RESEARCH_GRADE,True,False,YAHOO_FINANCE_YFINANCE,FREE_PUBLIC_RESEARCH_GRADE,False,True,False,False,False,MB_20250917
2025-09-18,503,490,13,97.4155,GOOD,314,174,2,140,1.804598,64.081633,35.510204,33319.0,True,FREE_PUBLIC_RECONSTRUCTION,RESEARCH_GRADE,True,False,YAHOO_FINANCE_YFINANCE,FREE_PUBLIC_RESEARCH_GRADE,False,True,False,False,False,MB_20250918
2025-09-19,503,490,13,97.4155,GOOD,206,282,2,-76,0.730496,42.040816,57.55102,33243.0,True,FREE_PUBLIC_RECONSTRUCTION,RESEARCH_GRADE,True,False,YAHOO_FINANCE_YFINANCE,FREE_PUBLIC_RESEARCH_GRADE,False,True,False,False,False,MB_20250919
2025-09-22,503,490,13,97.4155,GOOD,238,250,2,-12,0.952,48.571429,51.020408,33231.0,True,FREE_PUBLIC_RECONSTRUCTION,RESEARCH_GRADE,True,False,YAHOO_FINANCE_YFINANCE,FREE_PUBLIC_RESEARCH_GRADE,False,True,False,False,False,MB_20250922
2025-09-23,503,490,13,97.4155,GOOD,268,219,3,49,1.223744,54.693878,44.693878,33280.0,True,FREE_PUBLIC_RECONSTRUCTION,RESEARCH_GRADE,True,False,YAHOO_FINANCE_YFINANCE,FREE_PUBLIC_RESEARCH_GRADE,False,True,False,False,False,MB_20250923
2025-09-24,503,490,13,97.4155,GOOD,212,274,4,-62,0.773723,43.265306,55.918367,33218.0,True,FREE_PUBLIC_RECONSTRUCTION,RESEARCH_GRADE,True,False,YAHOO_FINANCE_YFINANCE,FREE_PUBLIC_RESEARCH_GRADE,False,True,False,False,False,MB_20250924
2025-09-25,503,490,13,97.4155,GOOD,115,374,1,-259,0.307487,23.469388,76.326531,32959.0,True,FREE_PUBLIC_RECONSTRUCTION,RESEARCH_GRADE,True,False,YAHOO_FINANCE_YFINANCE,FREE_PUBLIC_RESEARCH_GRADE,False,True,False,False,False,MB_20250925
2025-09-26,503,490,13,97.4155,GOOD,418,71,1,347,5.887324,85.306122,14.489796,33306.0,True,FREE_PUBLIC_RECONSTRUCTION,RESEARCH_GRADE,True,False,YAHOO_FINANCE_YFINANCE,FREE_PUBLIC_RESEARCH_GRADE,False,True,False,False,False,MB_20250926
2025-09-29,503,490,13,97.4155,GOOD,301,189,0,112,1.592593,61.428571,38.571429,33418.0,True,FREE_PUBLIC_RECONSTRUCTION,RESEARCH_GRADE,True,False,YAHOO_FINANCE_YFINANCE,FREE_PUBLIC_RESEARCH_GRADE,False,True,False,False,False,MB_20250929
2025-09-30,503,490,13,97.4155,GOOD,293,196,1,97,1.494898,59.795918,40.0,33515.0,True,FREE_PUBLIC_RECONSTRUCTION,RESEARCH_GRADE,True,False,YAHOO_FINANCE_YFINANCE,FREE_PUBLIC_RESEARCH_GRADE,False,True,False,False,False,MB_20250930
2025-10-01,503,490,13,97.4155,GOOD,215,274,1,-59,0.784672,43.877551,55.918367,33456.0,True,FREE_PUBLIC_RECONSTRUCTION,RESEARCH_GRADE,True,False,YAHOO_FINANCE_YFINANCE,FREE_PUBLIC_RESEARCH_GRADE,False,True,False,False,False,MB_20251001
2025-10-02,503,490,13,97.4155,GOOD,275,211,4,64,1.303318,56.122449,43.061224,33520.0,True,FREE_PUBLIC_RECONSTRUCTION,RESEARCH_GRADE,True,False,YAHOO_FINANCE_YFINANCE,FREE_PUBLIC_RESEARCH_GRADE,False,True,False,False,False,MB_20251002
2025-10-03,503,490,13,97.4155,GOOD,313,175,2,138,1.788571,63.877551,35.714286,33658.0,True,FREE_PUBLIC_RECONSTRUCTION,RESEARCH_GRADE,True,False,YAHOO_FINANCE_YFINANCE,FREE_PUBLIC_RESEARCH_GRADE,False,True,False,False,False,MB_20251003
2025-10-06,503,490,13,97.4155,GOOD,233,257,0,-24,0.906615,47.55102,52.44898,33634.0,True,FREE_PUBLIC_RECONSTRUCTION,RESEARCH_GRADE,True,False,YAHOO_FINANCE_YFINANCE,FREE_PUBLIC_RESEARCH_GRADE,False,True,False,False,False,MB_20251006
2025-10-07,503,490,13,97.4155,GOOD,194,294,2,-100,0.659864,39.591837,60.0,33534.0,True,FREE_PUBLIC_RECONSTRUCTION,RESEARCH_GRADE,True,False,YAHOO_FINANCE_YFINANCE,FREE_PUBLIC_RESEARCH_GRADE,False,True,False,False,False,MB_20251007
2025-10-08,503,490,13,97.4155,GOOD,261,227,2,34,1.14978,53.265306,46.326531,33568.0,True,FREE_PUBLIC_RECONSTRUCTION,RESEARCH_GRADE,True,False,YAHOO_FINANCE_YFINANCE,FREE_PUBLIC_RESEARCH_GRADE,False,True,False,False,False,MB_20251008
2025-10-09,503,490,13,97.4155,GOOD,116,373,1,-257,0.310992,23.673469,76.122449,33311.0,True,FREE_PUBLIC_RECONSTRUCTION,RESEARCH_GRADE,True,False,YAHOO_FINANCE_YFINANCE,FREE_PUBLIC_RESEARCH_GRADE,False,True,False,False,False,MB_20251009
2025-10-10,503,490,13,97.4155,GOOD,76,414,0,-338,0.183575,15.510204,84.489796,32973.0,True,FREE_PUBLIC_RECONSTRUCTION,RESEARCH_GRADE,True,False,YAHOO_FINANCE_YFINANCE,FREE_PUBLIC_RESEARCH_GRADE,False,True,False,False,False,MB_20251010
2025-10-13,503,490,13,97.4155,GOOD,348,139,3,209,2.503597,71.020408,28.367347,33182.0,True,FREE_PUBLIC_RECONSTRUCTION,RESEARCH_GRADE,True,False,YAHOO_FINANCE_YFINANCE,FREE_PUBLIC_RESEARCH_GRADE,False,True,False,False,False,MB_20251013
2025-10-14,503,490,13,97.4155,GOOD,378,111,1,267,3.405405,77.142857,22.653061,33449.0,True,FREE_PUBLIC_RECONSTRUCTION,RESEARCH_GRADE,True,False,YAHOO_FINANCE_YFINANCE,FREE_PUBLIC_RESEARCH_GRADE,False,True,False,False,False,MB_20251014
2025-10-15,503,490,13,97.4155,GOOD,240,247,3,-7,0.97166,48.979592,50.408163,33442.0,True,FREE_PUBLIC_RECONSTRUCTION,RESEARCH_GRADE,True,False,YAHOO_FINANCE_YFINANCE,FREE_PUBLIC_RESEARCH_GRADE,False,True,False,False,False,MB_20251015
2025-10-16,503,490,13,97.4155,GOOD,131,358,1,-227,0.365922,26.734694,73.061224,33215.0,True,FREE_PUBLIC_RECONSTRUCTION,RESEARCH_GRADE,True,False,YAHOO_FINANCE_YFINANCE,FREE_PUBLIC_RESEARCH_GRADE,False,True,False,False,False,MB_20251016
2025-10-17,503,490,13,97.4155,GOOD,354,135,1,219,2.622222,72.244898,27.55102,33434.0,True,FREE_PUBLIC_RECONSTRUCTION,RESEARCH_GRADE,True,False,YAHOO_FINANCE_YFINANCE,FREE_PUBLIC_RESEARCH_GRADE,False,True,False,False,False,MB_20251017
2025-10-20,503,490,13,97.4155,GOOD,402,84,4,318,4.785714,82.040816,17.142857,33752.0,True,FREE_PUBLIC_RECONSTRUCTION,RESEARCH_GRADE,True,False,YAHOO_FINANCE_YFINANCE,FREE_PUBLIC_RESEARCH_GRADE,False,True,False,False,False,MB_20251020
2025-10-21,503,490,13,97.4155,GOOD,292,196,2,96,1.489796,59.591837,40.0,33848.0,True,FREE_PUBLIC_RECONSTRUCTION,RESEARCH_GRADE,True,False,YAHOO_FINANCE_YFINANCE,FREE_PUBLIC_RESEARCH_GRADE,False,True,False,False,False,MB_20251021
2025-10-22,503,490,13,97.4155,GOOD,188,300,2,-112,0.626667,38.367347,61.22449,33736.0,True,FREE_PUBLIC_RECONSTRUCTION,RESEARCH_GRADE,True,False,YAHOO_FINANCE_YFINANCE,FREE_PUBLIC_RESEARCH_GRADE,False,True,False,False,False,MB_20251022
2025-10-23,503,490,13,97.4155,GOOD,281,208,1,73,1.350962,57.346939,42.44898,33809.0,True,FREE_PUBLIC_RECONSTRUCTION,RESEARCH_GRADE,True,False,YAHOO_FINANCE_YFINANCE,FREE_PUBLIC_RESEARCH_GRADE,False,True,False,False,False,MB_20251023
2025-10-24,503,490,13,97.4155,GOOD,251,236,3,15,1.063559,51.22449,48.163265,33824.0,True,FREE_PUBLIC_RECONSTRUCTION,RESEARCH_GRADE,True,False,YAHOO_FINANCE_YFINANCE,FREE_PUBLIC_RESEARCH_GRADE,False,True,False,False,False,MB_20251024
2025-10-27,503,490,13,97.4155,GOOD,319,169,2,150,1.887574,65.102041,34.489796,33974.0,True,FREE_PUBLIC_RECONSTRUCTION,RESEARCH_GRADE,True,False,YAHOO_FINANCE_YFINANCE,FREE_PUBLIC_RESEARCH_GRADE,False,True,False,False,False,MB_20251027
2025-10-28,503,490,13,97.4155,GOOD,102,387,1,-285,0.263566,20.816327,78.979592,33689.0,True,FREE_PUBLIC_RECONSTRUCTION,RESEARCH_GRADE,True,False,YAHOO_FINANCE_YFINANCE,FREE_PUBLIC_RESEARCH_GRADE,False,True,False,False,False,MB_20251028
2025-10-29,503,490,13,97.4155,GOOD,123,366,1,-243,0.336066,25.102041,74.693878,33446.0,True,FREE_PUBLIC_RECONSTRUCTION,RESEARCH_GRADE,True,False,YAHOO_FINANCE_YFINANCE,FREE_PUBLIC_RESEARCH_GRADE,False,True,False,False,False,MB_20251029
2025-10-30,504,491,13,97.4206,GOOD,228,261,2,-33,0.873563,46.435845,53.156823,33413.0,True,FREE_PUBLIC_RECONSTRUCTION,RESEARCH_GRADE,True,False,YAHOO_FINANCE_YFINANCE,FREE_PUBLIC_RESEARCH_GRADE,False,True,False,False,False,MB_20251030
2025-10-31,503,490,13,97.4155,GOOD,254,232,4,22,1.094828,51.836735,47.346939,33435.0,True,FREE_PUBLIC_RECONSTRUCTION,RESEARCH_GRADE,True,False,YAHOO_FINANCE_YFINANCE,FREE_PUBLIC_RESEARCH_GRADE,False,True,False,False,False,MB_20251031
2025-11-03,504,491,13,97.4206,GOOD,180,309,2,-129,0.582524,36.659878,62.93279,33306.0,True,FREE_PUBLIC_RECONSTRUCTION,RESEARCH_GRADE,True,False,YAHOO_FINANCE_YFINANCE,FREE_PUBLIC_RESEARCH_GRADE,False,True,False,False,False,MB_20251103
2025-11-04,503,490,13,97.4155,GOOD,211,278,1,-67,0.758993,43.061224,56.734694,33239.0,True,FREE_PUBLIC_RECONSTRUCTION,RESEARCH_GRADE,True,False,YAHOO_FINANCE_YFINANCE,FREE_PUBLIC_RESEARCH_GRADE,False,True,False,False,False,MB_20251104
2025-11-05,503,490,13,97.4155,GOOD,301,185,4,116,1.627027,61.428571,37.755102,33355.0,True,FREE_PUBLIC_RECONSTRUCTION,RESEARCH_GRADE,True,False,YAHOO_FINANCE_YFINANCE,FREE_PUBLIC_RESEARCH_GRADE,False,True,False,False,False,MB_20251105
2025-11-06,503,490,13,97.4155,GOOD,160,330,0,-170,0.484848,32.653061,67.346939,33185.0,True,FREE_PUBLIC_RECONSTRUCTION,RESEARCH_GRADE,True,False,YAHOO_FINANCE_YFINANCE,FREE_PUBLIC_RESEARCH_GRADE,False,True,False,False,False,MB_20251106
2025-11-07,503,490,13,97.4155,GOOD,378,110,2,268,3.436364,77.142857,22.44898,33453.0,True,FREE_PUBLIC_RECONSTRUCTION,RESEARCH_GRADE,True,False,YAHOO_FINANCE_YFINANCE,FREE_PUBLIC_RESEARCH_GRADE,False,True,False,False,False,MB_20251107
2025-11-10,503,490,13,97.4155,GOOD,306,182,2,124,1.681319,62.44898,37.142857,33577.0,True,FREE_PUBLIC_RECONSTRUCTION,RESEARCH_GRADE,True,False,YAHOO_FINANCE_YFINANCE,FREE_PUBLIC_RESEARCH_GRADE,False,True,False,False,False,MB_20251110
2025-11-11,503,491,12,97.6143,GOOD,333,157,1,176,2.121019,67.820774,31.97556,33753.0,True,FREE_PUBLIC_RECONSTRUCTION,RESEARCH_GRADE,True,False,YAHOO_FINANCE_YFINANCE,FREE_PUBLIC_RESEARCH_GRADE,False,True,False,False,False,MB_20251111
2025-11-12,503,490,13,97.4155,GOOD,290,199,1,91,1.457286,59.183673,40.612245,33844.0,True,FREE_PUBLIC_RECONSTRUCTION,RESEARCH_GRADE,True,False,YAHOO_FINANCE_YFINANCE,FREE_PUBLIC_RESEARCH_GRADE,False,True,False,False,False,MB_20251112
2025-11-13,503,490,13,97.4155,GOOD,128,360,2,-232,0.355556,26.122449,73.469388,33612.0,True,FREE_PUBLIC_RECONSTRUCTION,RESEARCH_GRADE,True,False,YAHOO_FINANCE_YFINANCE,FREE_PUBLIC_RESEARCH_GRADE,False,True,False,False,False,MB_20251113
2025-11-14,503,491,12,97.6143,GOOD,175,310,6,-135,0.564516,35.641548,63.136456,33477.0,True,FREE_PUBLIC_RECONSTRUCTION,RESEARCH_GRADE,True,False,YAHOO_FINANCE_YFINANCE,FREE_PUBLIC_RESEARCH_GRADE,False,True,False,False,False,MB_20251114
2025-11-17,503,491,12,97.6143,GOOD,90,401,0,-311,0.224439,18.329939,81.670061,33166.0,True,FREE_PUBLIC_RECONSTRUCTION,RESEARCH_GRADE,True,False,YAHOO_FINANCE_YFINANCE,FREE_PUBLIC_RESEARCH_GRADE,False,True,False,False,False,MB_20251117
2025-11-18,503,491,12,97.6143,GOOD,241,250,0,-9,0.964,49.083503,50.916497,33157.0,True,FREE_PUBLIC_RECONSTRUCTION,RESEARCH_GRADE,True,False,YAHOO_FINANCE_YFINANCE,FREE_PUBLIC_RESEARCH_GRADE,False,True,False,False,False,MB_20251118
2025-11-19,503,491,12,97.6143,GOOD,192,295,4,-103,0.650847,39.10387,60.081466,33054.0,True,FREE_PUBLIC_RECONSTRUCTION,RESEARCH_GRADE,True,False,YAHOO_FINANCE_YFINANCE,FREE_PUBLIC_RESEARCH_GRADE,False,True,False,False,False,MB_20251119
2025-11-20,503,491,12,97.6143,GOOD,146,344,1,-198,0.424419,29.735234,70.0611,32856.0,True,FREE_PUBLIC_RECONSTRUCTION,RESEARCH_GRADE,True,False,YAHOO_FINANCE_YFINANCE,FREE_PUBLIC_RESEARCH_GRADE,False,True,False,False,False,MB_20251120
2025-11-21,503,491,12,97.6143,GOOD,438,52,1,386,8.423077,89.205703,10.590631,33242.0,True,FREE_PUBLIC_RECONSTRUCTION,RESEARCH_GRADE,True,False,YAHOO_FINANCE_YFINANCE,FREE_PUBLIC_RESEARCH_GRADE,False,True,False,False,False,MB_20251121
2025-11-24,503,491,12,97.6143,GOOD,254,236,1,18,1.076271,51.731161,48.065173,33260.0,True,FREE_PUBLIC_RECONSTRUCTION,RESEARCH_GRADE,True,False,YAHOO_FINANCE_YFINANCE,FREE_PUBLIC_RESEARCH_GRADE,False,True,False,False,False,MB_20251124
2025-11-25,503,491,12,97.6143,GOOD,416,72,3,344,5.777778,84.725051,14.663951,33604.0,True,FREE_PUBLIC_RECONSTRUCTION,RESEARCH_GRADE,True,False,YAHOO_FINANCE_YFINANCE,FREE_PUBLIC_RESEARCH_GRADE,False,True,False,False,False,MB_20251125
2025-11-26,503,491,12,97.6143,GOOD,351,139,1,212,2.52518,71.486762,28.309572,33816.0,True,FREE_PUBLIC_RECONSTRUCTION,RESEARCH_GRADE,True,False,YAHOO_FINANCE_YFINANCE,FREE_PUBLIC_RESEARCH_GRADE,False,True,False,False,False,MB_20251126
2025-11-28,503,492,11,97.8131,GOOD,367,124,1,243,2.959677,74.593496,25.203252,34059.0,True,FREE_PUBLIC_RECONSTRUCTION,RESEARCH_GRADE,True,False,YAHOO_FINANCE_YFINANCE,FREE_PUBLIC_RESEARCH_GRADE,False,True,False,False,False,MB_20251128
2025-12-01,503,492,11,97.8131,GOOD,131,360,1,-229,0.363889,26.626016,73.170732,33830.0,True,FREE_PUBLIC_RECONSTRUCTION,RESEARCH_GRADE,True,False,YAHOO_FINANCE_YFINANCE,FREE_PUBLIC_RESEARCH_GRADE,False,True,False,False,False,MB_20251201
2025-12-02,503,492,11,97.8131,GOOD,209,282,1,-73,0.741135,42.479675,57.317073,33757.0,True,FREE_PUBLIC_RECONSTRUCTION,RESEARCH_GRADE,True,False,YAHOO_FINANCE_YFINANCE,FREE_PUBLIC_RESEARCH_GRADE,False,True,False,False,False,MB_20251202
2025-12-03,503,492,11,97.8131,GOOD,329,162,1,167,2.030864,66.869919,32.926829,33924.0,True,FREE_PUBLIC_RECONSTRUCTION,RESEARCH_GRADE,True,False,YAHOO_FINANCE_YFINANCE,FREE_PUBLIC_RESEARCH_GRADE,False,True,False,False,False,MB_20251203
2025-12-04,503,492,11,97.8131,GOOD,246,244,2,2,1.008197,50.0,49.593496,33926.0,True,FREE_PUBLIC_RECONSTRUCTION,RESEARCH_GRADE,True,False,YAHOO_FINANCE_YFINANCE,FREE_PUBLIC_RESEARCH_GRADE,False,True,False,False,False,MB_20251204
2025-12-05,503,492,11,97.8131,GOOD,253,238,1,15,1.063025,51.422764,48.373984,33941.0,True,FREE_PUBLIC_RECONSTRUCTION,RESEARCH_GRADE,True,False,YAHOO_FINANCE_YFINANCE,FREE_PUBLIC_RESEARCH_GRADE,False,True,False,False,False,MB_20251205
2025-12-08,503,492,11,97.8131,GOOD,153,338,1,-185,0.452663,31.097561,68.699187,33756.0,True,FREE_PUBLIC_RECONSTRUCTION,RESEARCH_GRADE,True,False,YAHOO_FINANCE_YFINANCE,FREE_PUBLIC_RESEARCH_GRADE,False,True,False,False,False,MB_20251208
2025-12-09,503,492,11,97.8131,GOOD,209,282,1,-73,0.741135,42.479675,57.317073,33683.0,True,FREE_PUBLIC_RECONSTRUCTION,RESEARCH_GRADE,True,False,YAHOO_FINANCE_YFINANCE,FREE_PUBLIC_RESEARCH_GRADE,False,True,False,False,False,MB_20251209
2025-12-10,503,492,11,97.8131,GOOD,382,109,1,273,3.504587,77.642276,22.154472,33956.0,True,FREE_PUBLIC_RECONSTRUCTION,RESEARCH_GRADE,True,False,YAHOO_FINANCE_YFINANCE,FREE_PUBLIC_RESEARCH_GRADE,False,True,False,False,False,MB_20251210
2025-12-11,503,493,10,98.0119,GOOD,363,127,3,236,2.858268,73.630832,25.760649,34192.0,True,FREE_PUBLIC_RECONSTRUCTION,RESEARCH_GRADE,True,False,YAHOO_FINANCE_YFINANCE,FREE_PUBLIC_RESEARCH_GRADE,False,True,False,False,False,MB_20251211
2025-12-12,503,493,10,98.0119,GOOD,214,278,1,-64,0.769784,43.407708,56.389452,34128.0,True,FREE_PUBLIC_RECONSTRUCTION,RESEARCH_GRADE,True,False,YAHOO_FINANCE_YFINANCE,FREE_PUBLIC_RESEARCH_GRADE,False,True,False,False,False,MB_20251212
2025-12-15,503,493,10,98.0119,GOOD,274,216,3,58,1.268519,55.578093,43.813387,34186.0,True,FREE_PUBLIC_RECONSTRUCTION,RESEARCH_GRADE,True,False,YAHOO_FINANCE_YFINANCE,FREE_PUBLIC_RESEARCH_GRADE,False,True,False,False,False,MB_20251215
2025-12-16,503,493,10,98.0119,GOOD,133,359,1,-226,0.370474,26.977688,72.819473,33960.0,True,FREE_PUBLIC_RECONSTRUCTION,RESEARCH_GRADE,True,False,YAHOO_FINANCE_YFINANCE,FREE_PUBLIC_RESEARCH_GRADE,False,True,False,False,False,MB_20251216
2025-12-17,503,493,10,98.0119,GOOD,253,238,2,15,1.063025,51.318458,48.275862,33975.0,True,FREE_PUBLIC_RECONSTRUCTION,RESEARCH_GRADE,True,False,YAHOO_FINANCE_YFINANCE,FREE_PUBLIC_RESEARCH_GRADE,False,True,False,False,False,MB_20251217
2025-12-18,503,493,10,98.0119,GOOD,259,231,3,28,1.121212,52.535497,46.855984,34003.0,True,FREE_PUBLIC_RECONSTRUCTION,RESEARCH_GRADE,True,False,YAHOO_FINANCE_YFINANCE,FREE_PUBLIC_RESEARCH_GRADE,False,True,False,False,False,MB_20251218
2025-12-19,503,493,10,98.0119,GOOD,279,213,1,66,1.309859,56.592292,43.204868,34069.0,True,FREE_PUBLIC_RECONSTRUCTION,RESEARCH_GRADE,True,False,YAHOO_FINANCE_YFINANCE,FREE_PUBLIC_RESEARCH_GRADE,False,True,False,False,False,MB_20251219
2025-12-22,503,493,10,98.0119,GOOD,384,109,0,275,3.522936,77.890467,22.109533,34344.0,True,FREE_PUBLIC_RECONSTRUCTION,RESEARCH_GRADE,True,False,YAHOO_FINANCE_YFINANCE,FREE_PUBLIC_RESEARCH_GRADE,False,True,False,False,False,MB_20251222
2025-12-23,503,493,10,98.0119,GOOD,212,281,0,-69,0.754448,43.002028,56.997972,34275.0,True,FREE_PUBLIC_RECONSTRUCTION,RESEARCH_GRADE,True,False,YAHOO_FINANCE_YFINANCE,FREE_PUBLIC_RESEARCH_GRADE,False,True,False,False,False,MB_20251223
2025-12-24,503,493,10,98.0119,GOOD,382,109,2,273,3.504587,77.484787,22.109533,34548.0,True,FREE_PUBLIC_RECONSTRUCTION,RESEARCH_GRADE,True,False,YAHOO_FINANCE_YFINANCE,FREE_PUBLIC_RESEARCH_GRADE,False,True,False,False,False,MB_20251224
2025-12-26,503,493,10,98.0119,GOOD,259,226,8,33,1.146018,52.535497,45.841785,34581.0,True,FREE_PUBLIC_RECONSTRUCTION,RESEARCH_GRADE,True,False,YAHOO_FINANCE_YFINANCE,FREE_PUBLIC_RESEARCH_GRADE,False,True,False,False,False,MB_20251226
2025-12-29,503,493,10,98.0119,GOOD,200,287,6,-87,0.696864,40.567951,58.21501,34494.0,True,FREE_PUBLIC_RECONSTRUCTION,RESEARCH_GRADE,True,False,YAHOO_FINANCE_YFINANCE,FREE_PUBLIC_RESEARCH_GRADE,False,True,False,False,False,MB_20251229
2025-12-30,503,493,10,98.0119,GOOD,185,305,3,-120,0.606557,37.525355,61.866126,34374.0,True,FREE_PUBLIC_RECONSTRUCTION,RESEARCH_GRADE,True,False,YAHOO_FINANCE_YFINANCE,FREE_PUBLIC_RESEARCH_GRADE,False,True,False,False,False,MB_20251230
2025-12-31,503,493,10,98.0119,GOOD,17,474,2,-457,0.035865,3.448276,96.146045,33917.0,True,FREE_PUBLIC_RECONSTRUCTION,RESEARCH_GRADE,True,False,YAHOO_FINANCE_YFINANCE,FREE_PUBLIC_RESEARCH_GRADE,False,True,False,False,False,MB_20251231
2026-01-02,503,493,10,98.0119,GOOD,322,170,1,152,1.894118,65.314402,34.482759,34069.0,True,FREE_PUBLIC_RECONSTRUCTION,RESEARCH_GRADE,True,False,YAHOO_FINANCE_YFINANCE,FREE_PUBLIC_RESEARCH_GRADE,False,True,False,False,False,MB_20260102
2026-01-05,503,493,10,98.0119,GOOD,336,155,2,181,2.167742,68.154158,31.440162,34250.0,True,FREE_PUBLIC_RECONSTRUCTION,RESEARCH_GRADE,True,False,YAHOO_FINANCE_YFINANCE,FREE_PUBLIC_RESEARCH_GRADE,False,True,False,False,False,MB_20260105
2026-01-06,503,493,10,98.0119,GOOD,375,118,0,257,3.177966,76.064909,23.935091,34507.0,True,FREE_PUBLIC_RECONSTRUCTION,RESEARCH_GRADE,True,False,YAHOO_FINANCE_YFINANCE,FREE_PUBLIC_RESEARCH_GRADE,False,True,False,False,False,MB_20260106
2026-01-07,503,493,10,98.0119,GOOD,110,383,0,-273,0.287206,22.312373,77.687627,34234.0,True,FREE_PUBLIC_RECONSTRUCTION,RESEARCH_GRADE,True,False,YAHOO_FINANCE_YFINANCE,FREE_PUBLIC_RESEARCH_GRADE,False,True,False,False,False,MB_20260107
2026-01-08,503,493,10,98.0119,GOOD,351,142,0,209,2.471831,71.196755,28.803245,34443.0,True,FREE_PUBLIC_RECONSTRUCTION,RESEARCH_GRADE,True,False,YAHOO_FINANCE_YFINANCE,FREE_PUBLIC_RESEARCH_GRADE,False,True,False,False,False,MB_20260108
2026-01-09,503,493,10,98.0119,GOOD,280,211,2,69,1.327014,56.795132,42.799189,34512.0,True,FREE_PUBLIC_RECONSTRUCTION,RESEARCH_GRADE,True,False,YAHOO_FINANCE_YFINANCE,FREE_PUBLIC_RESEARCH_GRADE,False,True,False,False,False,MB_20260109
2026-01-12,503,493,10,98.0119,GOOD,244,248,1,-4,0.983871,49.492901,50.30426,34508.0,True,FREE_PUBLIC_RECONSTRUCTION,RESEARCH_GRADE,True,False,YAHOO_FINANCE_YFINANCE,FREE_PUBLIC_RESEARCH_GRADE,False,True,False,False,False,MB_20260112
2026-01-13,503,493,10,98.0119,GOOD,257,236,0,21,1.088983,52.129817,47.870183,34529.0,True,FREE_PUBLIC_RECONSTRUCTION,RESEARCH_GRADE,True,False,YAHOO_FINANCE_YFINANCE,FREE_PUBLIC_RESEARCH_GRADE,False,True,False,False,False,MB_20260113
2026-01-14,503,494,9,98.2107,GOOD,312,181,1,131,1.723757,63.157895,36.639676,34660.0,True,FREE_PUBLIC_RECONSTRUCTION,RESEARCH_GRADE,True,False,YAHOO_FINANCE_YFINANCE,FREE_PUBLIC_RESEARCH_GRADE,False,True,False,False,False,MB_20260114
2026-01-15,503,494,9,98.2107,GOOD,308,185,1,123,1.664865,62.348178,37.449393,34783.0,True,FREE_PUBLIC_RECONSTRUCTION,RESEARCH_GRADE,True,False,YAHOO_FINANCE_YFINANCE,FREE_PUBLIC_RESEARCH_GRADE,False,True,False,False,False,MB_20260115
2026-01-16,503,494,9,98.2107,GOOD,223,271,0,-48,0.822878,45.1417,54.8583,34735.0,True,FREE_PUBLIC_RECONSTRUCTION,RESEARCH_GRADE,True,False,YAHOO_FINANCE_YFINANCE,FREE_PUBLIC_RESEARCH_GRADE,False,True,False,False,False,MB_20260116
2026-01-20,503,494,9,98.2107,GOOD,98,394,2,-296,0.248731,19.838057,79.757085,34439.0,True,FREE_PUBLIC_RECONSTRUCTION,RESEARCH_GRADE,True,False,YAHOO_FINANCE_YFINANCE,FREE_PUBLIC_RESEARCH_GRADE,False,True,False,False,False,MB_20260120
2026-01-21,503,494,9,98.2107,GOOD,406,88,0,318,4.613636,82.186235,17.813765,34757.0,True,FREE_PUBLIC_RECONSTRUCTION,RESEARCH_GRADE,True,False,YAHOO_FINANCE_YFINANCE,FREE_PUBLIC_RESEARCH_GRADE,False,True,False,False,False,MB_20260121
2026-01-22,503,494,9,98.2107,GOOD,280,211,3,69,1.327014,56.680162,42.712551,34826.0,True,FREE_PUBLIC_RECONSTRUCTION,RESEARCH_GRADE,True,False,YAHOO_FINANCE_YFINANCE,FREE_PUBLIC_RESEARCH_GRADE,False,True,False,False,False,MB_20260122
2026-01-23,503,494,9,98.2107,GOOD,179,314,1,-135,0.570064,36.234818,63.562753,34691.0,True,FREE_PUBLIC_RECONSTRUCTION,RESEARCH_GRADE,True,False,YAHOO_FINANCE_YFINANCE,FREE_PUBLIC_RESEARCH_GRADE,False,True,False,False,False,MB_20260123
2026-01-26,503,494,9,98.2107,GOOD,312,181,1,131,1.723757,63.157895,36.639676,34822.0,True,FREE_PUBLIC_RECONSTRUCTION,RESEARCH_GRADE,True,False,YAHOO_FINANCE_YFINANCE,FREE_PUBLIC_RESEARCH_GRADE,False,True,False,False,False,MB_20260126
2026-01-27,503,494,9,98.2107,GOOD,231,263,0,-32,0.878327,46.761134,53.238866,34790.0,True,FREE_PUBLIC_RECONSTRUCTION,RESEARCH_GRADE,True,False,YAHOO_FINANCE_YFINANCE,FREE_PUBLIC_RESEARCH_GRADE,False,True,False,False,False,MB_20260127
2026-01-28,503,494,9,98.2107,GOOD,187,307,0,-120,0.609121,37.854251,62.145749,34670.0,True,FREE_PUBLIC_RECONSTRUCTION,RESEARCH_GRADE,True,False,YAHOO_FINANCE_YFINANCE,FREE_PUBLIC_RESEARCH_GRADE,False,True,False,False,False,MB_20260128
2026-01-29,503,494,9,98.2107,GOOD,282,208,4,74,1.355769,57.08502,42.105263,34744.0,True,FREE_PUBLIC_RECONSTRUCTION,RESEARCH_GRADE,True,False,YAHOO_FINANCE_YFINANCE,FREE_PUBLIC_RESEARCH_GRADE,False,True,False,False,False,MB_20260129
2026-01-30,503,494,9,98.2107,GOOD,242,251,1,-9,0.964143,48.987854,50.809717,34735.0,True,FREE_PUBLIC_RECONSTRUCTION,RESEARCH_GRADE,True,False,YAHOO_FINANCE_YFINANCE,FREE_PUBLIC_RESEARCH_GRADE,False,True,False,False,False,MB_20260130
2026-02-02,503,494,9,98.2107,GOOD,290,204,0,86,1.421569,58.704453,41.295547,34821.0,True,FREE_PUBLIC_RECONSTRUCTION,RESEARCH_GRADE,True,False,YAHOO_FINANCE_YFINANCE,FREE_PUBLIC_RESEARCH_GRADE,False,True,False,False,False,MB_20260202
2026-02-03,503,494,9,98.2107,GOOD,269,224,1,45,1.200893,54.453441,45.34413,34866.0,True,FREE_PUBLIC_RECONSTRUCTION,RESEARCH_GRADE,True,False,YAHOO_FINANCE_YFINANCE,FREE_PUBLIC_RESEARCH_GRADE,False,True,False,False,False,MB_20260203
2026-02-04,503,494,9,98.2107,GOOD,359,135,0,224,2.659259,72.672065,27.327935,35090.0,True,FREE_PUBLIC_RECONSTRUCTION,RESEARCH_GRADE,True,False,YAHOO_FINANCE_YFINANCE,FREE_PUBLIC_RESEARCH_GRADE,False,True,False,False,False,MB_20260204
2026-02-05,503,494,9,98.2107,GOOD,179,314,1,-135,0.570064,36.234818,63.562753,34955.0,True,FREE_PUBLIC_RECONSTRUCTION,RESEARCH_GRADE,True,False,YAHOO_FINANCE_YFINANCE,FREE_PUBLIC_RESEARCH_GRADE,False,True,False,False,False,MB_20260205
2026-02-06,503,494,9,98.2107,GOOD,392,102,0,290,3.843137,79.352227,20.647773,35245.0,True,FREE_PUBLIC_RECONSTRUCTION,RESEARCH_GRADE,True,False,YAHOO_FINANCE_YFINANCE,FREE_PUBLIC_RESEARCH_GRADE,False,True,False,False,False,MB_20260206
2026-02-09,503,495,8,98.4095,GOOD,259,234,2,25,1.106838,52.323232,47.272727,35270.0,True,FREE_PUBLIC_RECONSTRUCTION,RESEARCH_GRADE,True,False,YAHOO_FINANCE_YFINANCE,FREE_PUBLIC_RESEARCH_GRADE,False,True,False,False,False,MB_20260209
2026-02-10,503,495,8,98.4095,GOOD,294,199,2,95,1.477387,59.393939,40.20202,35365.0,True,FREE_PUBLIC_RECONSTRUCTION,RESEARCH_GRADE,True,False,YAHOO_FINANCE_YFINANCE,FREE_PUBLIC_RESEARCH_GRADE,False,True,False,False,False,MB_20260210
2026-02-11,503,495,8,98.4095,GOOD,281,214,0,67,1.313084,56.767677,43.232323,35432.0,True,FREE_PUBLIC_RECONSTRUCTION,RESEARCH_GRADE,True,False,YAHOO_FINANCE_YFINANCE,FREE_PUBLIC_RESEARCH_GRADE,False,True,False,False,False,MB_20260211
2026-02-12,503,495,8,98.4095,GOOD,159,336,0,-177,0.473214,32.121212,67.878788,35255.0,True,FREE_PUBLIC_RECONSTRUCTION,RESEARCH_GRADE,True,False,YAHOO_FINANCE_YFINANCE,FREE_PUBLIC_RESEARCH_GRADE,False,True,False,False,False,MB_20260212
2026-02-13,503,495,8,98.4095,GOOD,360,135,0,225,2.666667,72.727273,27.272727,35480.0,True,FREE_PUBLIC_RECONSTRUCTION,RESEARCH_GRADE,True,False,YAHOO_FINANCE_YFINANCE,FREE_PUBLIC_RESEARCH_GRADE,False,True,False,False,False,MB_20260213
2026-02-17,503,495,8,98.4095,GOOD,236,258,1,-22,0.914729,47.676768,52.121212,35458.0,True,FREE_PUBLIC_RECONSTRUCTION,RESEARCH_GRADE,True,False,YAHOO_FINANCE_YFINANCE,FREE_PUBLIC_RESEARCH_GRADE,False,True,False,False,False,MB_20260217
2026-02-18,503,495,8,98.4095,GOOD,309,185,1,124,1.67027,62.424242,37.373737,35582.0,True,FREE_PUBLIC_RECONSTRUCTION,RESEARCH_GRADE,True,False,YAHOO_FINANCE_YFINANCE,FREE_PUBLIC_RESEARCH_GRADE,False,True,False,False,False,MB_20260218
2026-02-19,503,495,8,98.4095,GOOD,202,289,4,-87,0.698962,40.808081,58.383838,35495.0,True,FREE_PUBLIC_RECONSTRUCTION,RESEARCH_GRADE,True,False,YAHOO_FINANCE_YFINANCE,FREE_PUBLIC_RESEARCH_GRADE,False,True,False,False,False,MB_20260219
2026-02-20,503,495,8,98.4095,GOOD,330,165,0,165,2.0,66.666667,33.333333,35660.0,True,FREE_PUBLIC_RECONSTRUCTION,RESEARCH_GRADE,True,False,YAHOO_FINANCE_YFINANCE,FREE_PUBLIC_RESEARCH_GRADE,False,True,False,False,False,MB_20260220
2026-02-23,503,495,8,98.4095,GOOD,168,325,2,-157,0.516923,33.939394,65.656566,35503.0,True,FREE_PUBLIC_RECONSTRUCTION,RESEARCH_GRADE,True,False,YAHOO_FINANCE_YFINANCE,FREE_PUBLIC_RESEARCH_GRADE,False,True,False,False,False,MB_20260223
2026-02-24,503,495,8,98.4095,GOOD,351,142,2,209,2.471831,70.909091,28.686869,35712.0,True,FREE_PUBLIC_RECONSTRUCTION,RESEARCH_GRADE,True,False,YAHOO_FINANCE_YFINANCE,FREE_PUBLIC_RESEARCH_GRADE,False,True,False,False,False,MB_20260224
2026-02-25,503,495,8,98.4095,GOOD,255,239,1,16,1.066946,51.515152,48.282828,35728.0,True,FREE_PUBLIC_RECONSTRUCTION,RESEARCH_GRADE,True,False,YAHOO_FINANCE_YFINANCE,FREE_PUBLIC_RESEARCH_GRADE,False,True,False,False,False,MB_20260225
2026-02-26,503,495,8,98.4095,GOOD,344,148,3,196,2.324324,69.494949,29.89899,35924.0,True,FREE_PUBLIC_RECONSTRUCTION,RESEARCH_GRADE,True,False,YAHOO_FINANCE_YFINANCE,FREE_PUBLIC_RESEARCH_GRADE,False,True,False,False,False,MB_20260226
2026-02-27,503,495,8,98.4095,GOOD,275,220,0,55,1.25,55.555556,44.444444,35979.0,True,FREE_PUBLIC_RECONSTRUCTION,RESEARCH_GRADE,True,False,YAHOO_FINANCE_YFINANCE,FREE_PUBLIC_RESEARCH_GRADE,False,True,False,False,False,MB_20260227
2026-03-02,503,495,8,98.4095,GOOD,234,259,2,-25,0.903475,47.272727,52.323232,35954.0,True,FREE_PUBLIC_RECONSTRUCTION,RESEARCH_GRADE,True,False,YAHOO_FINANCE_YFINANCE,FREE_PUBLIC_RESEARCH_GRADE,False,True,False,False,False,MB_20260302
2026-03-03,503,495,8,98.4095,GOOD,133,361,1,-228,0.368421,26.868687,72.929293,35726.0,True,FREE_PUBLIC_RECONSTRUCTION,RESEARCH_GRADE,True,False,YAHOO_FINANCE_YFINANCE,FREE_PUBLIC_RESEARCH_GRADE,False,True,False,False,False,MB_20260303
2026-03-04,503,495,8,98.4095,GOOD,279,214,2,65,1.303738,56.363636,43.232323,35791.0,True,FREE_PUBLIC_RECONSTRUCTION,RESEARCH_GRADE,True,False,YAHOO_FINANCE_YFINANCE,FREE_PUBLIC_RESEARCH_GRADE,False,True,False,False,False,MB_20260304
2026-03-05,503,495,8,98.4095,GOOD,132,362,1,-230,0.364641,26.666667,73.131313,35561.0,True,FREE_PUBLIC_RECONSTRUCTION,RESEARCH_GRADE,True,False,YAHOO_FINANCE_YFINANCE,FREE_PUBLIC_RESEARCH_GRADE,False,True,False,False,False,MB_20260305
2026-03-06,503,495,8,98.4095,GOOD,144,350,1,-206,0.411429,29.090909,70.707071,35355.0,True,FREE_PUBLIC_RECONSTRUCTION,RESEARCH_GRADE,True,False,YAHOO_FINANCE_YFINANCE,FREE_PUBLIC_RESEARCH_GRADE,False,True,False,False,False,MB_20260306
2026-03-09,503,495,8,98.4095,GOOD,252,243,0,9,1.037037,50.909091,49.090909,35364.0,True,FREE_PUBLIC_RECONSTRUCTION,RESEARCH_GRADE,True,False,YAHOO_FINANCE_YFINANCE,FREE_PUBLIC_RESEARCH_GRADE,False,True,False,False,False,MB_20260309
2026-03-10,503,495,8,98.4095,GOOD,144,351,0,-207,0.410256,29.090909,70.909091,35157.0,True,FREE_PUBLIC_RECONSTRUCTION,RESEARCH_GRADE,True,False,YAHOO_FINANCE_YFINANCE,FREE_PUBLIC_RESEARCH_GRADE,False,True,False,False,False,MB_20260310
2026-03-11,503,495,8,98.4095,GOOD,167,326,2,-159,0.51227,33.737374,65.858586,34998.0,True,FREE_PUBLIC_RECONSTRUCTION,RESEARCH_GRADE,True,False,YAHOO_FINANCE_YFINANCE,FREE_PUBLIC_RESEARCH_GRADE,False,True,False,False,False,MB_20260311
2026-03-12,503,495,8,98.4095,GOOD,109,386,0,-277,0.282383,22.020202,77.979798,34721.0,True,FREE_PUBLIC_RECONSTRUCTION,RESEARCH_GRADE,True,False,YAHOO_FINANCE_YFINANCE,FREE_PUBLIC_RESEARCH_GRADE,False,True,False,False,False,MB_20260312
2026-03-13,503,495,8,98.4095,GOOD,255,237,3,18,1.075949,51.515152,47.878788,34739.0,True,FREE_PUBLIC_RECONSTRUCTION,RESEARCH_GRADE,True,False,YAHOO_FINANCE_YFINANCE,FREE_PUBLIC_RESEARCH_GRADE,False,True,False,False,False,MB_20260313
2026-03-16,503,495,8,98.4095,GOOD,371,123,1,248,3.01626,74.949495,24.848485,34987.0,True,FREE_PUBLIC_RECONSTRUCTION,RESEARCH_GRADE,True,False,YAHOO_FINANCE_YFINANCE,FREE_PUBLIC_RESEARCH_GRADE,False,True,False,False,False,MB_20260316
2026-03-17,503,495,8,98.4095,GOOD,309,182,4,127,1.697802,62.424242,36.767677,35114.0,True,FREE_PUBLIC_RECONSTRUCTION,RESEARCH_GRADE,True,False,YAHOO_FINANCE_YFINANCE,FREE_PUBLIC_RESEARCH_GRADE,False,True,False,False,False,MB_20260317
2026-03-18,503,495,8,98.4095,GOOD,78,417,0,-339,0.18705,15.757576,84.242424,34775.0,True,FREE_PUBLIC_RECONSTRUCTION,RESEARCH_GRADE,True,False,YAHOO_FINANCE_YFINANCE,FREE_PUBLIC_RESEARCH_GRADE,False,True,False,False,False,MB_20260318
2026-03-19,503,495,8,98.4095,GOOD,207,288,0,-81,0.71875,41.818182,58.181818,34694.0,True,FREE_PUBLIC_RECONSTRUCTION,RESEARCH_GRADE,True,False,YAHOO_FINANCE_YFINANCE,FREE_PUBLIC_RESEARCH_GRADE,False,True,False,False,False,MB_20260319
2026-03-20,503,495,8,98.4095,GOOD,110,385,0,-275,0.285714,22.222222,77.777778,34419.0,True,FREE_PUBLIC_RECONSTRUCTION,RESEARCH_GRADE,True,False,YAHOO_FINANCE_YFINANCE,FREE_PUBLIC_RESEARCH_GRADE,False,True,False,False,False,MB_20260320
2026-03-23,503,494,9,98.2107,GOOD,377,116,1,261,3.25,76.315789,23.481781,34680.0,True,FREE_PUBLIC_RECONSTRUCTION,RESEARCH_GRADE,True,False,YAHOO_FINANCE_YFINANCE,FREE_PUBLIC_RESEARCH_GRADE,False,True,False,False,False,MB_20260323
2026-03-24,503,494,9,98.2107,GOOD,279,215,0,64,1.297674,56.477733,43.522267,34744.0,True,FREE_PUBLIC_RECONSTRUCTION,RESEARCH_GRADE,True,False,YAHOO_FINANCE_YFINANCE,FREE_PUBLIC_RESEARCH_GRADE,False,True,False,False,False,MB_20260324
2026-03-25,503,494,9,98.2107,GOOD,316,177,1,139,1.785311,63.967611,35.82996,34883.0,True,FREE_PUBLIC_RECONSTRUCTION,RESEARCH_GRADE,True,False,YAHOO_FINANCE_YFINANCE,FREE_PUBLIC_RESEARCH_GRADE,False,True,False,False,False,MB_20260325
2026-03-26,503,494,9,98.2107,GOOD,183,310,1,-127,0.590323,37.044534,62.753036,34756.0,True,FREE_PUBLIC_RECONSTRUCTION,RESEARCH_GRADE,True,False,YAHOO_FINANCE_YFINANCE,FREE_PUBLIC_RESEARCH_GRADE,False,True,False,False,False,MB_20260326
2026-03-27,503,494,9,98.2107,GOOD,106,386,2,-280,0.274611,21.45749,78.137652,34476.0,True,FREE_PUBLIC_RECONSTRUCTION,RESEARCH_GRADE,True,False,YAHOO_FINANCE_YFINANCE,FREE_PUBLIC_RESEARCH_GRADE,False,True,False,False,False,MB_20260327
2026-03-30,503,494,9,98.2107,GOOD,268,224,2,44,1.196429,54.251012,45.34413,34520.0,True,FREE_PUBLIC_RECONSTRUCTION,RESEARCH_GRADE,True,False,YAHOO_FINANCE_YFINANCE,FREE_PUBLIC_RESEARCH_GRADE,False,True,False,False,False,MB_20260330
2026-03-31,503,494,9,98.2107,GOOD,411,82,1,329,5.012195,83.198381,16.59919,34849.0,True,FREE_PUBLIC_RECONSTRUCTION,RESEARCH_GRADE,True,False,YAHOO_FINANCE_YFINANCE,FREE_PUBLIC_RESEARCH_GRADE,False,True,False,False,False,MB_20260331
2026-04-01,503,494,9,98.2107,GOOD,293,199,2,94,1.472362,59.311741,40.283401,34943.0,True,FREE_PUBLIC_RECONSTRUCTION,RESEARCH_GRADE,True,False,YAHOO_FINANCE_YFINANCE,FREE_PUBLIC_RESEARCH_GRADE,False,True,False,False,False,MB_20260401
2026-04-02,503,494,9,98.2107,GOOD,293,199,2,94,1.472362,59.311741,40.283401,35037.0,True,FREE_PUBLIC_RECONSTRUCTION,RESEARCH_GRADE,True,False,YAHOO_FINANCE_YFINANCE,FREE_PUBLIC_RESEARCH_GRADE,False,True,False,False,False,MB_20260402
2026-04-06,503,494,9,98.2107,GOOD,316,175,3,141,1.805714,63.967611,35.425101,35178.0,True,FREE_PUBLIC_RECONSTRUCTION,RESEARCH_GRADE,True,False,YAHOO_FINANCE_YFINANCE,FREE_PUBLIC_RESEARCH_GRADE,False,True,False,False,False,MB_20260406
2026-04-07,503,494,9,98.2107,GOOD,202,291,1,-89,0.694158,40.890688,58.906883,35089.0,True,FREE_PUBLIC_RECONSTRUCTION,RESEARCH_GRADE,True,False,YAHOO_FINANCE_YFINANCE,FREE_PUBLIC_RESEARCH_GRADE,False,True,False,False,False,MB_20260407
2026-04-08,503,494,9,98.2107,GOOD,416,78,0,338,5.333333,84.210526,15.789474,35427.0,True,FREE_PUBLIC_RECONSTRUCTION,RESEARCH_GRADE,True,False,YAHOO_FINANCE_YFINANCE,FREE_PUBLIC_RESEARCH_GRADE,False,True,False,False,False,MB_20260408
2026-04-09,503,495,8,98.4095,GOOD,289,205,1,84,1.409756,58.383838,41.414141,35511.0,True,FREE_PUBLIC_RECONSTRUCTION,RESEARCH_GRADE,True,False,YAHOO_FINANCE_YFINANCE,FREE_PUBLIC_RESEARCH_GRADE,False,True,False,False,False,MB_20260409
2026-04-10,503,495,8,98.4095,GOOD,133,361,1,-228,0.368421,26.868687,72.929293,35283.0,True,FREE_PUBLIC_RECONSTRUCTION,RESEARCH_GRADE,True,False,YAHOO_FINANCE_YFINANCE,FREE_PUBLIC_RESEARCH_GRADE,False,True,False,False,False,MB_20260410
2026-04-13,503,495,8,98.4095,GOOD,355,139,1,216,2.553957,71.717172,28.080808,35499.0,True,FREE_PUBLIC_RECONSTRUCTION,RESEARCH_GRADE,True,False,YAHOO_FINANCE_YFINANCE,FREE_PUBLIC_RESEARCH_GRADE,False,True,False,False,False,MB_20260413
2026-04-14,503,495,8,98.4095,GOOD,281,210,4,71,1.338095,56.767677,42.424242,35570.0,True,FREE_PUBLIC_RECONSTRUCTION,RESEARCH_GRADE,True,False,YAHOO_FINANCE_YFINANCE,FREE_PUBLIC_RESEARCH_GRADE,False,True,False,False,False,MB_20260414
2026-04-15,503,495,8,98.4095,GOOD,218,275,2,-57,0.792727,44.040404,55.555556,35513.0,True,FREE_PUBLIC_RECONSTRUCTION,RESEARCH_GRADE,True,False,YAHOO_FINANCE_YFINANCE,FREE_PUBLIC_RESEARCH_GRADE,False,True,False,False,False,MB_20260415
2026-04-16,503,495,8,98.4095,GOOD,294,200,1,94,1.47,59.393939,40.40404,35607.0,True,FREE_PUBLIC_RECONSTRUCTION,RESEARCH_GRADE,True,False,YAHOO_FINANCE_YFINANCE,FREE_PUBLIC_RESEARCH_GRADE,False,True,False,False,False,MB_20260416
2026-04-17,503,495,8,98.4095,GOOD,388,105,2,283,3.695238,78.383838,21.212121,35890.0,True,FREE_PUBLIC_RECONSTRUCTION,RESEARCH_GRADE,True,False,YAHOO_FINANCE_YFINANCE,FREE_PUBLIC_RESEARCH_GRADE,False,True,False,False,False,MB_20260417
2026-04-20,503,495,8,98.4095,GOOD,270,223,2,47,1.210762,54.545455,45.050505,35937.0,True,FREE_PUBLIC_RECONSTRUCTION,RESEARCH_GRADE,True,False,YAHOO_FINANCE_YFINANCE,FREE_PUBLIC_RESEARCH_GRADE,False,True,False,False,False,MB_20260420
2026-04-21,503,495,8,98.4095,GOOD,163,332,0,-169,0.490964,32.929293,67.070707,35768.0,True,FREE_PUBLIC_RECONSTRUCTION,RESEARCH_GRADE,True,False,YAHOO_FINANCE_YFINANCE,FREE_PUBLIC_RESEARCH_GRADE,False,True,False,False,False,MB_20260421
2026-04-22,503,495,8,98.4095,GOOD,215,279,1,-64,0.770609,43.434343,56.363636,35704.0,True,FREE_PUBLIC_RECONSTRUCTION,RESEARCH_GRADE,True,False,YAHOO_FINANCE_YFINANCE,FREE_PUBLIC_RESEARCH_GRADE,False,True,False,False,False,MB_20260422
2026-04-23,503,495,8,98.4095,GOOD,269,225,1,44,1.195556,54.343434,45.454545,35748.0,True,FREE_PUBLIC_RECONSTRUCTION,RESEARCH_GRADE,True,False,YAHOO_FINANCE_YFINANCE,FREE_PUBLIC_RESEARCH_GRADE,False,True,False,False,False,MB_20260423
2026-04-24,503,495,8,98.4095,GOOD,175,318,2,-143,0.550314,35.353535,64.242424,35605.0,True,FREE_PUBLIC_RECONSTRUCTION,RESEARCH_GRADE,True,False,YAHOO_FINANCE_YFINANCE,FREE_PUBLIC_RESEARCH_GRADE,False,True,False,False,False,MB_20260424
2026-04-27,503,495,8,98.4095,GOOD,222,271,2,-49,0.819188,44.848485,54.747475,35556.0,True,FREE_PUBLIC_RECONSTRUCTION,RESEARCH_GRADE,True,False,YAHOO_FINANCE_YFINANCE,FREE_PUBLIC_RESEARCH_GRADE,False,True,False,False,False,MB_20260427
2026-04-28,503,495,8,98.4095,GOOD,226,268,1,-42,0.843284,45.656566,54.141414,35514.0,True,FREE_PUBLIC_RECONSTRUCTION,RESEARCH_GRADE,True,False,YAHOO_FINANCE_YFINANCE,FREE_PUBLIC_RESEARCH_GRADE,False,True,False,False,False,MB_20260428
2026-04-29,503,495,8,98.4095,GOOD,163,331,1,-168,0.492447,32.929293,66.868687,35346.0,True,FREE_PUBLIC_RECONSTRUCTION,RESEARCH_GRADE,True,False,YAHOO_FINANCE_YFINANCE,FREE_PUBLIC_RESEARCH_GRADE,False,True,False,False,False,MB_20260429
2026-04-30,503,495,8,98.4095,GOOD,376,115,4,261,3.269565,75.959596,23.232323,35607.0,True,FREE_PUBLIC_RECONSTRUCTION,RESEARCH_GRADE,True,False,YAHOO_FINANCE_YFINANCE,FREE_PUBLIC_RESEARCH_GRADE,False,True,False,False,False,MB_20260430
2026-05-01,503,495,8,98.4095,GOOD,170,323,2,-153,0.526316,34.343434,65.252525,35454.0,True,FREE_PUBLIC_RECONSTRUCTION,RESEARCH_GRADE,True,False,YAHOO_FINANCE_YFINANCE,FREE_PUBLIC_RESEARCH_GRADE,False,True,False,False,False,MB_20260501
2026-05-04,503,495,8,98.4095,GOOD,150,342,3,-192,0.438596,30.30303,69.090909,35262.0,True,FREE_PUBLIC_RECONSTRUCTION,RESEARCH_GRADE,True,False,YAHOO_FINANCE_YFINANCE,FREE_PUBLIC_RESEARCH_GRADE,False,True,False,False,False,MB_20260504
2026-05-05,503,495,8,98.4095,GOOD,316,179,0,137,1.765363,63.838384,36.161616,35399.0,True,FREE_PUBLIC_RECONSTRUCTION,RESEARCH_GRADE,True,False,YAHOO_FINANCE_YFINANCE,FREE_PUBLIC_RESEARCH_GRADE,False,True,False,False,False,MB_20260505
2026-05-06,503,495,8,98.4095,GOOD,315,179,1,136,1.759777,63.636364,36.161616,35535.0,True,FREE_PUBLIC_RECONSTRUCTION,RESEARCH_GRADE,True,False,YAHOO_FINANCE_YFINANCE,FREE_PUBLIC_RESEARCH_GRADE,False,True,False,False,False,MB_20260506
2026-05-07,503,496,7,98.6083,GOOD,175,321,0,-146,0.545171,35.282258,64.717742,35389.0,True,FREE_PUBLIC_RECONSTRUCTION,RESEARCH_GRADE,True,False,YAHOO_FINANCE_YFINANCE,FREE_PUBLIC_RESEARCH_GRADE,False,True,False,False,False,MB_20260507
2026-05-08,503,496,7,98.6083,GOOD,206,290,0,-84,0.710345,41.532258,58.467742,35305.0,True,FREE_PUBLIC_RECONSTRUCTION,RESEARCH_GRADE,True,False,YAHOO_FINANCE_YFINANCE,FREE_PUBLIC_RESEARCH_GRADE,False,True,False,False,False,MB_20260508
2026-05-11,503,496,7,98.6083,GOOD,210,286,0,-76,0.734266,42.33871,57.66129,35229.0,True,FREE_PUBLIC_RECONSTRUCTION,RESEARCH_GRADE,True,False,YAHOO_FINANCE_YFINANCE,FREE_PUBLIC_RESEARCH_GRADE,False,True,False,False,False,MB_20260511
2026-05-12,503,496,7,98.6083,GOOD,257,238,1,19,1.079832,51.814516,47.983871,35248.0,True,FREE_PUBLIC_RECONSTRUCTION,RESEARCH_GRADE,True,False,YAHOO_FINANCE_YFINANCE,FREE_PUBLIC_RESEARCH_GRADE,False,True,False,False,False,MB_20260512
2026-05-13,503,496,7,98.6083,GOOD,170,324,2,-154,0.524691,34.274194,65.322581,35094.0,True,FREE_PUBLIC_RECONSTRUCTION,RESEARCH_GRADE,True,False,YAHOO_FINANCE_YFINANCE,FREE_PUBLIC_RESEARCH_GRADE,False,True,False,False,False,MB_20260513
2026-05-14,503,496,7,98.6083,GOOD,294,201,1,93,1.462687,59.274194,40.524194,35187.0,True,FREE_PUBLIC_RECONSTRUCTION,RESEARCH_GRADE,True,False,YAHOO_FINANCE_YFINANCE,FREE_PUBLIC_RESEARCH_GRADE,False,True,False,False,False,MB_20260514
2026-05-15,503,496,7,98.6083,GOOD,140,354,2,-214,0.39548,28.225806,71.370968,34973.0,True,FREE_PUBLIC_RECONSTRUCTION,RESEARCH_GRADE,True,False,YAHOO_FINANCE_YFINANCE,FREE_PUBLIC_RESEARCH_GRADE,False,True,False,False,False,MB_20260515
2026-05-18,503,496,7,98.6083,GOOD,354,140,2,214,2.528571,71.370968,28.225806,35187.0,True,FREE_PUBLIC_RECONSTRUCTION,RESEARCH_GRADE,True,False,YAHOO_FINANCE_YFINANCE,FREE_PUBLIC_RESEARCH_GRADE,False,True,False,False,False,MB_20260518
2026-05-19,503,496,7,98.6083,GOOD,181,314,1,-133,0.576433,36.491935,63.306452,35054.0,True,FREE_PUBLIC_RECONSTRUCTION,RESEARCH_GRADE,True,False,YAHOO_FINANCE_YFINANCE,FREE_PUBLIC_RESEARCH_GRADE,False,True,False,False,False,MB_20260519
2026-05-20,503,496,7,98.6083,GOOD,343,151,2,192,2.271523,69.153226,30.443548,35246.0,True,FREE_PUBLIC_RECONSTRUCTION,RESEARCH_GRADE,True,False,YAHOO_FINANCE_YFINANCE,FREE_PUBLIC_RESEARCH_GRADE,False,True,False,False,False,MB_20260520
2026-05-21,503,497,6,98.8072,GOOD,285,208,4,77,1.370192,57.344064,41.851107,35323.0,True,FREE_PUBLIC_RECONSTRUCTION,RESEARCH_GRADE,True,False,YAHOO_FINANCE_YFINANCE,FREE_PUBLIC_RESEARCH_GRADE,False,True,False,False,False,MB_20260521
2026-05-22,503,497,6,98.8072,GOOD,349,147,1,202,2.37415,70.221328,29.577465,35525.0,True,FREE_PUBLIC_RECONSTRUCTION,RESEARCH_GRADE,True,False,YAHOO_FINANCE_YFINANCE,FREE_PUBLIC_RESEARCH_GRADE,False,True,False,False,False,MB_20260522
2026-05-26,503,497,6,98.8072,GOOD,247,249,1,-2,0.991968,49.698189,50.100604,35523.0,True,FREE_PUBLIC_RECONSTRUCTION,RESEARCH_GRADE,True,False,YAHOO_FINANCE_YFINANCE,FREE_PUBLIC_RESEARCH_GRADE,False,True,False,False,False,MB_20260526
2026-05-27,503,497,6,98.8072,GOOD,232,261,4,-29,0.888889,46.68008,52.515091,35494.0,True,FREE_PUBLIC_RECONSTRUCTION,RESEARCH_GRADE,True,False,YAHOO_FINANCE_YFINANCE,FREE_PUBLIC_RESEARCH_GRADE,False,True,False,False,False,MB_20260527
2026-05-28,503,497,6,98.8072,GOOD,235,261,1,-26,0.900383,47.283702,52.515091,35468.0,True,FREE_PUBLIC_RECONSTRUCTION,RESEARCH_GRADE,True,False,YAHOO_FINANCE_YFINANCE,FREE_PUBLIC_RESEARCH_GRADE,False,True,False,False,False,MB_20260528
2026-05-29,503,497,6,98.8072,GOOD,194,303,0,-109,0.640264,39.034205,60.965795,35359.0,True,FREE_PUBLIC_RECONSTRUCTION,RESEARCH_GRADE,True,False,YAHOO_FINANCE_YFINANCE,FREE_PUBLIC_RESEARCH_GRADE,False,True,False,False,False,MB_20260529
2026-06-01,504,498,6,98.8095,GOOD,205,293,0,-88,0.699659,41.164659,58.835341,35271.0,True,FREE_PUBLIC_RECONSTRUCTION,RESEARCH_GRADE,True,False,YAHOO_FINANCE_YFINANCE,FREE_PUBLIC_RESEARCH_GRADE,False,True,False,False,False,MB_20260601
2026-06-02,503,497,6,98.8072,GOOD,255,241,1,14,1.058091,51.307847,48.490946,35285.0,True,FREE_PUBLIC_RECONSTRUCTION,RESEARCH_GRADE,True,False,YAHOO_FINANCE_YFINANCE,FREE_PUBLIC_RESEARCH_GRADE,False,True,False,False,False,MB_20260602
2026-06-03,503,497,6,98.8072,GOOD,199,295,3,-96,0.674576,40.040241,59.356137,35189.0,True,FREE_PUBLIC_RECONSTRUCTION,RESEARCH_GRADE,True,False,YAHOO_FINANCE_YFINANCE,FREE_PUBLIC_RESEARCH_GRADE,False,True,False,False,False,MB_20260603
2026-06-04,503,497,6,98.8072,GOOD,357,140,0,217,2.55,71.830986,28.169014,35406.0,True,FREE_PUBLIC_RECONSTRUCTION,RESEARCH_GRADE,True,False,YAHOO_FINANCE_YFINANCE,FREE_PUBLIC_RESEARCH_GRADE,False,True,False,False,False,MB_20260604
2026-06-05,503,497,6,98.8072,GOOD,235,262,0,-27,0.896947,47.283702,52.716298,35379.0,True,FREE_PUBLIC_RECONSTRUCTION,RESEARCH_GRADE,True,False,YAHOO_FINANCE_YFINANCE,FREE_PUBLIC_RESEARCH_GRADE,False,True,False,False,False,MB_20260605
2026-06-08,503,497,6,98.8072,GOOD,177,319,1,-142,0.554859,35.613682,64.185111,35237.0,True,FREE_PUBLIC_RECONSTRUCTION,RESEARCH_GRADE,True,False,YAHOO_FINANCE_YFINANCE,FREE_PUBLIC_RESEARCH_GRADE,False,True,False,False,False,MB_20260608
2026-06-09,503,497,6,98.8072,GOOD,368,128,1,240,2.875,74.044266,25.754527,35477.0,True,FREE_PUBLIC_RECONSTRUCTION,RESEARCH_GRADE,True,False,YAHOO_FINANCE_YFINANCE,FREE_PUBLIC_RESEARCH_GRADE,False,True,False,False,False,MB_20260609
2026-06-10,503,497,6,98.8072,GOOD,172,324,1,-152,0.530864,34.607646,65.191147,35325.0,True,FREE_PUBLIC_RECONSTRUCTION,RESEARCH_GRADE,True,False,YAHOO_FINANCE_YFINANCE,FREE_PUBLIC_RESEARCH_GRADE,False,True,False,False,False,MB_20260610
2026-06-11,503,497,6,98.8072,GOOD,317,178,2,139,1.780899,63.782696,35.814889,35464.0,True,FREE_PUBLIC_RECONSTRUCTION,RESEARCH_GRADE,True,False,YAHOO_FINANCE_YFINANCE,FREE_PUBLIC_RESEARCH_GRADE,False,True,False,False,False,MB_20260611
2026-06-12,503,497,6,98.8072,GOOD,393,104,0,289,3.778846,79.074447,20.925553,35753.0,True,FREE_PUBLIC_RECONSTRUCTION,RESEARCH_GRADE,True,False,YAHOO_FINANCE_YFINANCE,FREE_PUBLIC_RESEARCH_GRADE,False,True,False,False,False,MB_20260612
2026-06-15,503,497,6,98.8072,GOOD,254,242,1,12,1.049587,51.10664,48.692153,35765.0,True,FREE_PUBLIC_RECONSTRUCTION,RESEARCH_GRADE,True,False,YAHOO_FINANCE_YFINANCE,FREE_PUBLIC_RESEARCH_GRADE,False,True,False,False,False,MB_20260615
2026-06-16,503,497,6,98.8072,GOOD,270,227,0,43,1.189427,54.325956,45.674044,35808.0,True,FREE_PUBLIC_RECONSTRUCTION,RESEARCH_GRADE,True,False,YAHOO_FINANCE_YFINANCE,FREE_PUBLIC_RESEARCH_GRADE,False,True,False,False,False,MB_20260616
2026-06-17,503,497,6,98.8072,GOOD,72,425,0,-353,0.169412,14.486922,85.513078,35455.0,True,FREE_PUBLIC_RECONSTRUCTION,RESEARCH_GRADE,True,False,YAHOO_FINANCE_YFINANCE,FREE_PUBLIC_RESEARCH_GRADE,False,True,False,False,False,MB_20260617
2026-06-18,503,497,6,98.8072,GOOD,264,232,1,32,1.137931,53.118712,46.68008,35487.0,True,FREE_PUBLIC_RECONSTRUCTION,RESEARCH_GRADE,True,False,YAHOO_FINANCE_YFINANCE,FREE_PUBLIC_RESEARCH_GRADE,False,True,False,False,False,MB_20260618
2026-06-22,503,497,6,98.8072,GOOD,263,233,1,30,1.128755,52.917505,46.881288,35517.0,True,FREE_PUBLIC_RECONSTRUCTION,RESEARCH_GRADE,True,False,YAHOO_FINANCE_YFINANCE,FREE_PUBLIC_RESEARCH_GRADE,False,True,False,False,False,MB_20260622
2026-06-23,503,497,6,98.8072,GOOD,282,214,1,68,1.317757,56.740443,43.05835,35585.0,True,FREE_PUBLIC_RECONSTRUCTION,RESEARCH_GRADE,True,False,YAHOO_FINANCE_YFINANCE,FREE_PUBLIC_RESEARCH_GRADE,False,True,False,False,False,MB_20260623
2026-06-24,503,498,5,99.006,GOOD,316,180,2,136,1.755556,63.453815,36.144578,35721.0,True,FREE_PUBLIC_RECONSTRUCTION,RESEARCH_GRADE,True,False,YAHOO_FINANCE_YFINANCE,FREE_PUBLIC_RESEARCH_GRADE,False,True,False,False,False,MB_20260624
2026-06-25,503,498,5,99.006,GOOD,302,196,0,106,1.540816,60.64257,39.35743,35827.0,True,FREE_PUBLIC_RECONSTRUCTION,RESEARCH_GRADE,True,False,YAHOO_FINANCE_YFINANCE,FREE_PUBLIC_RESEARCH_GRADE,False,True,False,False,False,MB_20260625
2026-06-26,503,498,5,99.006,GOOD,320,177,1,143,1.80791,64.257028,35.542169,35970.0,True,FREE_PUBLIC_RECONSTRUCTION,RESEARCH_GRADE,True,False,YAHOO_FINANCE_YFINANCE,FREE_PUBLIC_RESEARCH_GRADE,False,True,False,False,False,MB_20260626
2026-06-29,504,499,5,99.0079,GOOD,226,272,1,-46,0.830882,45.290581,54.509018,35924.0,True,FREE_PUBLIC_RECONSTRUCTION,RESEARCH_GRADE,True,False,YAHOO_FINANCE_YFINANCE,FREE_PUBLIC_RESEARCH_GRADE,False,True,False,False,False,MB_20260629
2026-06-30,503,498,5,99.006,GOOD,210,287,1,-77,0.731707,42.168675,57.630522,35847.0,True,FREE_PUBLIC_RECONSTRUCTION,RESEARCH_GRADE,True,False,YAHOO_FINANCE_YFINANCE,FREE_PUBLIC_RESEARCH_GRADE,False,True,False,False,False,MB_20260630
2026-07-01,503,498,5,99.006,GOOD,294,204,0,90,1.441176,59.036145,40.963855,35937.0,True,FREE_PUBLIC_RECONSTRUCTION,RESEARCH_GRADE,True,False,YAHOO_FINANCE_YFINANCE,FREE_PUBLIC_RESEARCH_GRADE,False,True,False,False,False,MB_20260701
2026-07-02,503,498,5,99.006,GOOD,354,143,1,211,2.475524,71.084337,28.714859,36148.0,True,FREE_PUBLIC_RECONSTRUCTION,RESEARCH_GRADE,True,False,YAHOO_FINANCE_YFINANCE,FREE_PUBLIC_RESEARCH_GRADE,False,True,False,False,False,MB_20260702
2026-07-06,503,498,5,99.006,GOOD,218,278,2,-60,0.784173,43.7751,55.823293,36088.0,True,FREE_PUBLIC_RECONSTRUCTION,RESEARCH_GRADE,True,False,YAHOO_FINANCE_YFINANCE,FREE_PUBLIC_RESEARCH_GRADE,False,True,False,False,False,MB_20260706
2026-07-07,503,498,5,99.006,GOOD,281,217,0,64,1.294931,56.425703,43.574297,36152.0,True,FREE_PUBLIC_RECONSTRUCTION,RESEARCH_GRADE,True,False,YAHOO_FINANCE_YFINANCE,FREE_PUBLIC_RESEARCH_GRADE,False,True,False,False,False,MB_20260707
2026-07-08,503,498,5,99.006,GOOD,111,387,0,-276,0.286822,22.289157,77.710843,35876.0,True,FREE_PUBLIC_RECONSTRUCTION,RESEARCH_GRADE,True,False,YAHOO_FINANCE_YFINANCE,FREE_PUBLIC_RESEARCH_GRADE,False,True,False,False,False,MB_20260708
2026-07-09,503,498,5,99.006,GOOD,298,200,0,98,1.49,59.839357,40.160643,35974.0,True,FREE_PUBLIC_RECONSTRUCTION,RESEARCH_GRADE,True,False,YAHOO_FINANCE_YFINANCE,FREE_PUBLIC_RESEARCH_GRADE,False,True,False,False,False,MB_20260709
2026-07-10,503,498,5,99.006,GOOD,335,161,2,174,2.080745,67.269076,32.329317,36148.0,True,FREE_PUBLIC_RECONSTRUCTION,RESEARCH_GRADE,True,False,YAHOO_FINANCE_YFINANCE,FREE_PUBLIC_RESEARCH_GRADE,False,True,False,False,False,MB_20260710
2026-07-13,503,498,5,99.006,GOOD,269,229,0,40,1.174672,54.016064,45.983936,36188.0,True,FREE_PUBLIC_RECONSTRUCTION,RESEARCH_GRADE,True,False,YAHOO_FINANCE_YFINANCE,FREE_PUBLIC_RESEARCH_GRADE,False,True,False,False,False,MB_20260713
2026-07-14,503,498,5,99.006,GOOD,201,294,3,-93,0.683673,40.361446,59.036145,36095.0,True,FREE_PUBLIC_RECONSTRUCTION,RESEARCH_GRADE,True,False,YAHOO_FINANCE_YFINANCE,FREE_PUBLIC_RESEARCH_GRADE,False,True,False,False,False,MB_20260714
2026-07-15,503,498,5,99.006,GOOD,255,243,0,12,1.049383,51.204819,48.795181,36107.0,True,FREE_PUBLIC_RECONSTRUCTION,RESEARCH_GRADE,True,False,YAHOO_FINANCE_YFINANCE,FREE_PUBLIC_RESEARCH_GRADE,False,True,False,False,False,MB_20260715
2026-07-16,503,498,5,99.006,GOOD,366,131,1,235,2.793893,73.493976,26.305221,36342.0,True,FREE_PUBLIC_RECONSTRUCTION,RESEARCH_GRADE,True,False,YAHOO_FINANCE_YFINANCE,FREE_PUBLIC_RESEARCH_GRADE,False,True,False,False,False,MB_20260716
2026-07-17,503,498,5,99.006,GOOD,146,352,0,-206,0.414773,29.317269,70.682731,36136.0,True,FREE_PUBLIC_RECONSTRUCTION,RESEARCH_GRADE,True,False,YAHOO_FINANCE_YFINANCE,FREE_PUBLIC_RESEARCH_GRADE,False,True,False,False,False,MB_20260717
2026-07-20,503,498,5,99.006,GOOD,163,334,1,-171,0.488024,32.730924,67.068273,35965.0,True,FREE_PUBLIC_RECONSTRUCTION,RESEARCH_GRADE,True,False,YAHOO_FINANCE_YFINANCE,FREE_PUBLIC_RESEARCH_GRADE,False,True,False,False,False,MB_20260720
2026-07-21,503,498,5,99.006,GOOD,229,266,3,-37,0.860902,45.983936,53.413655,35928.0,True,FREE_PUBLIC_RECONSTRUCTION,RESEARCH_GRADE,True,False,YAHOO_FINANCE_YFINANCE,FREE_PUBLIC_RESEARCH_GRADE,False,True,False,False,False,MB_20260721
2026-07-22,503,498,5,99.006,GOOD,244,251,3,-7,0.972112,48.995984,50.401606,35921.0,True,FREE_PUBLIC_RECONSTRUCTION,RESEARCH_GRADE,True,False,YAHOO_FINANCE_YFINANCE,FREE_PUBLIC_RESEARCH_GRADE,False,True,False,False,False,MB_20260722
2026-07-23,503,498,5,99.006,GOOD,210,288,0,-78,0.729167,42.168675,57.831325,35843.0,True,FREE_PUBLIC_RECONSTRUCTION,RESEARCH_GRADE,True,False,YAHOO_FINANCE_YFINANCE,FREE_PUBLIC_RESEARCH_GRADE,False,True,False,False,False,MB_20260723
2026-07-24,503,498,5,99.006,GOOD,362,136,0,226,2.661765,72.690763,27.309237,36069.0,True,FREE_PUBLIC_RECONSTRUCTION,RESEARCH_GRADE,True,False,YAHOO_FINANCE_YFINANCE,FREE_PUBLIC_RESEARCH_GRADE,False,True,False,False,False,MB_20260724
2026-07-27,503,498,5,99.006,GOOD,327,171,0,156,1.912281,65.662651,34.337349,36225.0,True,FREE_PUBLIC_RECONSTRUCTION,RESEARCH_GRADE,True,False,YAHOO_FINANCE_YFINANCE,FREE_PUBLIC_RESEARCH_GRADE,False,True,False,False,False,MB_20260727
2026-07-28,503,498,5,99.006,GOOD,353,144,1,209,2.451389,70.883534,28.915663,36434.0,True,FREE_PUBLIC_RECONSTRUCTION,RESEARCH_GRADE,True,False,YAHOO_FINANCE_YFINANCE,FREE_PUBLIC_RESEARCH_GRADE,False,True,False,False,False,MB_20260728
2026-07-29,503,498,5,99.006,GOOD,178,320,0,-142,0.55625,35.742972,64.257028,36292.0,True,FREE_PUBLIC_RECONSTRUCTION,RESEARCH_GRADE,True,False,YAHOO_FINANCE_YFINANCE,FREE_PUBLIC_RESEARCH_GRADE,False,True,False,False,False,MB_20260729
2026-07-30,503,498,5,99.006,GOOD,196,300,2,-104,0.653333,39.35743,60.240964,36188.0,True,FREE_PUBLIC_RECONSTRUCTION,RESEARCH_GRADE,True,False,YAHOO_FINANCE_YFINANCE,FREE_PUBLIC_RESEARCH_GRADE,False,True,False,False,False,MB_20260730
2026-07-31,503,498,5,99.006,GOOD,218,279,1,-61,0.781362,43.7751,56.024096,36127.0,True,FREE_PUBLIC_RECONSTRUCTION,RESEARCH_GRADE,True,False,YAHOO_FINANCE_YFINANCE,FREE_PUBLIC_RESEARCH_GRADE,False,True,False,False,False,MB_20260731
2026-08-03,503,498,5,99.006,GOOD,336,162,0,174,2.074074,67.46988,32.53012,36301.0,True,FREE_PUBLIC_RECONSTRUCTION,RESEARCH_GRADE,True,False,YAHOO_FINANCE_YFINANCE,FREE_PUBLIC_RESEARCH_GRADE,False,True,False,False,False,MB_20260803
2026-08-04,503,498,5,99.006,GOOD,356,139,3,217,2.561151,71.485944,27.911647,36518.0,True,FREE_PUBLIC_RECONSTRUCTION,RESEARCH_GRADE,True,False,YAHOO_FINANCE_YFINANCE,FREE_PUBLIC_RESEARCH_GRADE,False,True,False,False,False,MB_20260804
2026-08-05,503,499,4,99.2048,GOOD,241,258,0,-17,0.934109,48.296593,51.703407,36501.0,True,FREE_PUBLIC_RECONSTRUCTION,RESEARCH_GRADE,True,False,YAHOO_FINANCE_YFINANCE,FREE_PUBLIC_RESEARCH_GRADE,False,True,False,False,False,MB_20260805
2026-08-06,503,499,4,99.2048,GOOD,200,297,2,-97,0.673401,40.08016,59.519038,36404.0,True,FREE_PUBLIC_RECONSTRUCTION,RESEARCH_GRADE,True,False,YAHOO_FINANCE_YFINANCE,FREE_PUBLIC_RESEARCH_GRADE,False,True,False,False,False,MB_20260806
2026-08-07,503,499,4,99.2048,GOOD,317,180,2,137,1.761111,63.527054,36.072144,36541.0,True,FREE_PUBLIC_RECONSTRUCTION,RESEARCH_GRADE,True,False,YAHOO_FINANCE_YFINANCE,FREE_PUBLIC_RESEARCH_GRADE,False,True,False,False,False,MB_20260807
2026-08-10,503,499,4,99.2048,GOOD,228,268,3,-40,0.850746,45.691383,53.707415,36501.0,True,FREE_PUBLIC_RECONSTRUCTION,RESEARCH_GRADE,True,False,YAHOO_FINANCE_YFINANCE,FREE_PUBLIC_RESEARCH_GRADE,False,True,False,False,False,MB_20260810
2026-08-11,503,499,4,99.2048,GOOD,273,224,2,49,1.21875,54.709419,44.88978,36550.0,True,FREE_PUBLIC_RECONSTRUCTION,RESEARCH_GRADE,True,False,YAHOO_FINANCE_YFINANCE,FREE_PUBLIC_RESEARCH_GRADE,False,True,False,False,False,MB_20260811
2026-08-12,503,499,4,99.2048,GOOD,259,239,1,20,1.083682,51.903808,47.895792,36570.0,True,FREE_PUBLIC_RECONSTRUCTION,RESEARCH_GRADE,True,False,YAHOO_FINANCE_YFINANCE,FREE_PUBLIC_RESEARCH_GRADE,False,True,False,False,False,MB_20260812
2026-08-13,503,499,4,99.2048,GOOD,315,183,1,132,1.721311,63.126253,36.673347,36702.0,True,FREE_PUBLIC_RECONSTRUCTION,RESEARCH_GRADE,True,False,YAHOO_FINANCE_YFINANCE,FREE_PUBLIC_RESEARCH_GRADE,False,True,False,False,False,MB_20260813
2026-08-14,503,499,4,99.2048,GOOD,247,245,7,2,1.008163,49.498998,49.098196,36704.0,True,FREE_PUBLIC_RECONSTRUCTION,RESEARCH_GRADE,True,False,YAHOO_FINANCE_YFINANCE,FREE_PUBLIC_RESEARCH_GRADE,False,True,False,False,False,MB_20260814
2026-08-17,503,499,4,99.2048,GOOD,131,366,2,-235,0.357923,26.252505,73.346693,36469.0,True,FREE_PUBLIC_RECONSTRUCTION,RESEARCH_GRADE,True,False,YAHOO_FINANCE_YFINANCE,FREE_PUBLIC_RESEARCH_GRADE,False,True,False,False,False,MB_20260817
2026-08-18,503,501,2,99.6024,GOOD,223,275,3,-52,0.810909,44.510978,54.89022,36417.0,True,FREE_PUBLIC_RECONSTRUCTION,RESEARCH_GRADE,True,False,YAHOO_FINANCE_YFINANCE,FREE_PUBLIC_RESEARCH_GRADE,False,True,False,False,False,MB_20260818
