indicator,agency,reference_period,release_date,release_time,actual,previous,revision,vintage_date,source,source_url,source_series,units,publication_status,verification_status,consensus,consensus_source,release_time_verification,original_release_date,value_source_url,latest_official_period,metadata_provider,metadata_verification,metadata_source_url,metadata_series,metadata_release_id,source_alternate_reason,fred_vintage_date,fred_last_updated,retrieved_at,mom,yoy_source_series,yoy_source_url,yoy_method,yoy,yoy_verification_status,level,price_adjusted,source_discovery_url,archive_release_date,source_distribution
NFP,BLS,February 2025,2026-10-02,,42000.0,,,2026-10-02,BLS API values; release/vintage corroborated via St. Louis Fed FRED/ALFRED,https://fred.stlouisfed.org/series/PAYEMS,CES0000000001,"jobs, monthly SA change",CURRENT_VINTAGE,VERIFIED,,,METADATA_UNVERIFIED,,https://api.bls.gov/publicAPI/v2/timeseries/data/CES0000000001,September 2026,FRED_ALFRED,BLS_VALUE_FRED_RELEASE_VINTAGE_PARITY,https://api.stlouisfed.org/fred/release/dates,PAYEMS,50.0,BLS values available; release metadata unavailable: HTTPError status=403 method=GET endpoint=https://www.bls.gov/feed/empsit.rss; HTTPError status=403 method=GET endpoint=https://www.bls.gov/news.release/empsit.nr0.htm; HTTPError status=403 method=GET endpoint=https://www.bls.gov/news.release/pdf/empsit.pdf,2026-10-02,2026-10-02 08:24:33-05,2026-10-03T20:26:20.522126+00:00,,,,,,,,,,,
NFP,BLS,March 2025,2026-10-02,,67000.0,42000.0,,2026-10-02,BLS API values; release/vintage corroborated via St. Louis Fed FRED/ALFRED,https://fred.stlouisfed.org/series/PAYEMS,CES0000000001,"jobs, monthly SA change",CURRENT_VINTAGE,VERIFIED,,,METADATA_UNVERIFIED,,https://api.bls.gov/publicAPI/v2/timeseries/data/CES0000000001,September 2026,FRED_ALFRED,BLS_VALUE_FRED_RELEASE_VINTAGE_PARITY,https://api.stlouisfed.org/fred/release/dates,PAYEMS,50.0,BLS values available; release metadata unavailable: HTTPError status=403 method=GET endpoint=https://www.bls.gov/feed/empsit.rss; HTTPError status=403 method=GET endpoint=https://www.bls.gov/news.release/empsit.nr0.htm; HTTPError status=403 method=GET endpoint=https://www.bls.gov/news.release/pdf/empsit.pdf,2026-10-02,2026-10-02 08:24:33-05,2026-10-03T20:26:20.522126+00:00,,,,,,,,,,,
NFP,BLS,April 2025,2026-10-02,,108000.0,67000.0,,2026-10-02,BLS API values; release/vintage corroborated via St. Louis Fed FRED/ALFRED,https://fred.stlouisfed.org/series/PAYEMS,CES0000000001,"jobs, monthly SA change",CURRENT_VINTAGE,VERIFIED,,,METADATA_UNVERIFIED,,https://api.bls.gov/publicAPI/v2/timeseries/data/CES0000000001,September 2026,FRED_ALFRED,BLS_VALUE_FRED_RELEASE_VINTAGE_PARITY,https://api.stlouisfed.org/fred/release/dates,PAYEMS,50.0,BLS values available; release metadata unavailable: HTTPError status=403 method=GET endpoint=https://www.bls.gov/feed/empsit.rss; HTTPError status=403 method=GET endpoint=https://www.bls.gov/news.release/empsit.nr0.htm; HTTPError status=403 method=GET endpoint=https://www.bls.gov/news.release/pdf/empsit.pdf,2026-10-02,2026-10-02 08:24:33-05,2026-10-03T20:26:20.522126+00:00,,,,,,,,,,,
NFP,BLS,May 2025,2026-10-02,,13000.0,108000.0,,2026-10-02,BLS API values; release/vintage corroborated via St. Louis Fed FRED/ALFRED,https://fred.stlouisfed.org/series/PAYEMS,CES0000000001,"jobs, monthly SA change",CURRENT_VINTAGE,VERIFIED,,,METADATA_UNVERIFIED,,https://api.bls.gov/publicAPI/v2/timeseries/data/CES0000000001,September 2026,FRED_ALFRED,BLS_VALUE_FRED_RELEASE_VINTAGE_PARITY,https://api.stlouisfed.org/fred/release/dates,PAYEMS,50.0,BLS values available; release metadata unavailable: HTTPError status=403 method=GET endpoint=https://www.bls.gov/feed/empsit.rss; HTTPError status=403 method=GET endpoint=https://www.bls.gov/news.release/empsit.nr0.htm; HTTPError status=403 method=GET endpoint=https://www.bls.gov/news.release/pdf/empsit.pdf,2026-10-02,2026-10-02 08:24:33-05,2026-10-03T20:26:20.522126+00:00,,,,,,,,,,,
NFP,BLS,June 2025,2026-10-02,,-20000.0,13000.0,,2026-10-02,BLS API values; release/vintage corroborated via St. Louis Fed FRED/ALFRED,https://fred.stlouisfed.org/series/PAYEMS,CES0000000001,"jobs, monthly SA change",CURRENT_VINTAGE,VERIFIED,,,METADATA_UNVERIFIED,,https://api.bls.gov/publicAPI/v2/timeseries/data/CES0000000001,September 2026,FRED_ALFRED,BLS_VALUE_FRED_RELEASE_VINTAGE_PARITY,https://api.stlouisfed.org/fred/release/dates,PAYEMS,50.0,BLS values available; release metadata unavailable: HTTPError status=403 method=GET endpoint=https://www.bls.gov/feed/empsit.rss; HTTPError status=403 method=GET endpoint=https://www.bls.gov/news.release/empsit.nr0.htm; HTTPError status=403 method=GET endpoint=https://www.bls.gov/news.release/pdf/empsit.pdf,2026-10-02,2026-10-02 08:24:33-05,2026-10-03T20:26:20.522126+00:00,,,,,,,,,,,
NFP,BLS,July 2025,2026-10-02,,64000.0,-20000.0,,2026-10-02,BLS API values; release/vintage corroborated via St. Louis Fed FRED/ALFRED,https://fred.stlouisfed.org/series/PAYEMS,CES0000000001,"jobs, monthly SA change",CURRENT_VINTAGE,VERIFIED,,,METADATA_UNVERIFIED,,https://api.bls.gov/publicAPI/v2/timeseries/data/CES0000000001,September 2026,FRED_ALFRED,BLS_VALUE_FRED_RELEASE_VINTAGE_PARITY,https://api.stlouisfed.org/fred/release/dates,PAYEMS,50.0,BLS values available; release metadata unavailable: HTTPError status=403 method=GET endpoint=https://www.bls.gov/feed/empsit.rss; HTTPError status=403 method=GET endpoint=https://www.bls.gov/news.release/empsit.nr0.htm; HTTPError status=403 method=GET endpoint=https://www.bls.gov/news.release/pdf/empsit.pdf,2026-10-02,2026-10-02 08:24:33-05,2026-10-03T20:26:20.522126+00:00,,,,,,,,,,,
NFP,BLS,August 2025,2026-10-02,,-70000.0,64000.0,,2026-10-02,BLS API values; release/vintage corroborated via St. Louis Fed FRED/ALFRED,https://fred.stlouisfed.org/series/PAYEMS,CES0000000001,"jobs, monthly SA change",CURRENT_VINTAGE,VERIFIED,,,METADATA_UNVERIFIED,,https://api.bls.gov/publicAPI/v2/timeseries/data/CES0000000001,September 2026,FRED_ALFRED,BLS_VALUE_FRED_RELEASE_VINTAGE_PARITY,https://api.stlouisfed.org/fred/release/dates,PAYEMS,50.0,BLS values available; release metadata unavailable: HTTPError status=403 method=GET endpoint=https://www.bls.gov/feed/empsit.rss; HTTPError status=403 method=GET endpoint=https://www.bls.gov/news.release/empsit.nr0.htm; HTTPError status=403 method=GET endpoint=https://www.bls.gov/news.release/pdf/empsit.pdf,2026-10-02,2026-10-02 08:24:33-05,2026-10-03T20:26:20.522126+00:00,,,,,,,,,,,
NFP,BLS,September 2025,2026-10-02,,76000.0,-70000.0,,2026-10-02,BLS API values; release/vintage corroborated via St. Louis Fed FRED/ALFRED,https://fred.stlouisfed.org/series/PAYEMS,CES0000000001,"jobs, monthly SA change",CURRENT_VINTAGE,VERIFIED,,,METADATA_UNVERIFIED,,https://api.bls.gov/publicAPI/v2/timeseries/data/CES0000000001,September 2026,FRED_ALFRED,BLS_VALUE_FRED_RELEASE_VINTAGE_PARITY,https://api.stlouisfed.org/fred/release/dates,PAYEMS,50.0,BLS values available; release metadata unavailable: HTTPError status=403 method=GET endpoint=https://www.bls.gov/feed/empsit.rss; HTTPError status=403 method=GET endpoint=https://www.bls.gov/news.release/empsit.nr0.htm; HTTPError status=403 method=GET endpoint=https://www.bls.gov/news.release/pdf/empsit.pdf,2026-10-02,2026-10-02 08:24:33-05,2026-10-03T20:26:20.522126+00:00,,,,,,,,,,,
NFP,BLS,October 2025,2026-10-02,,-140000.0,76000.0,,2026-10-02,BLS API values; release/vintage corroborated via St. Louis Fed FRED/ALFRED,https://fred.stlouisfed.org/series/PAYEMS,CES0000000001,"jobs, monthly SA change",CURRENT_VINTAGE,VERIFIED,,,METADATA_UNVERIFIED,,https://api.bls.gov/publicAPI/v2/timeseries/data/CES0000000001,September 2026,FRED_ALFRED,BLS_VALUE_FRED_RELEASE_VINTAGE_PARITY,https://api.stlouisfed.org/fred/release/dates,PAYEMS,50.0,BLS values available; release metadata unavailable: HTTPError status=403 method=GET endpoint=https://www.bls.gov/feed/empsit.rss; HTTPError status=403 method=GET endpoint=https://www.bls.gov/news.release/empsit.nr0.htm; HTTPError status=403 method=GET endpoint=https://www.bls.gov/news.release/pdf/empsit.pdf,2026-10-02,2026-10-02 08:24:33-05,2026-10-03T20:26:20.522126+00:00,,,,,,,,,,,
NFP,BLS,November 2025,2026-10-02,,41000.0,-140000.0,,2026-10-02,BLS API values; release/vintage corroborated via St. Louis Fed FRED/ALFRED,https://fred.stlouisfed.org/series/PAYEMS,CES0000000001,"jobs, monthly SA change",CURRENT_VINTAGE,VERIFIED,,,METADATA_UNVERIFIED,,https://api.bls.gov/publicAPI/v2/timeseries/data/CES0000000001,September 2026,FRED_ALFRED,BLS_VALUE_FRED_RELEASE_VINTAGE_PARITY,https://api.stlouisfed.org/fred/release/dates,PAYEMS,50.0,BLS values available; release metadata unavailable: HTTPError status=403 method=GET endpoint=https://www.bls.gov/feed/empsit.rss; HTTPError status=403 method=GET endpoint=https://www.bls.gov/news.release/empsit.nr0.htm; HTTPError status=403 method=GET endpoint=https://www.bls.gov/news.release/pdf/empsit.pdf,2026-10-02,2026-10-02 08:24:33-05,2026-10-03T20:26:20.522126+00:00,,,,,,,,,,,
NFP,BLS,December 2025,2026-10-02,,-17000.0,41000.0,,2026-10-02,BLS API values; release/vintage corroborated via St. Louis Fed FRED/ALFRED,https://fred.stlouisfed.org/series/PAYEMS,CES0000000001,"jobs, monthly SA change",CURRENT_VINTAGE,VERIFIED,,,METADATA_UNVERIFIED,,https://api.bls.gov/publicAPI/v2/timeseries/data/CES0000000001,September 2026,FRED_ALFRED,BLS_VALUE_FRED_RELEASE_VINTAGE_PARITY,https://api.stlouisfed.org/fred/release/dates,PAYEMS,50.0,BLS values available; release metadata unavailable: HTTPError status=403 method=GET endpoint=https://www.bls.gov/feed/empsit.rss; HTTPError status=403 method=GET endpoint=https://www.bls.gov/news.release/empsit.nr0.htm; HTTPError status=403 method=GET endpoint=https://www.bls.gov/news.release/pdf/empsit.pdf,2026-10-02,2026-10-02 08:24:33-05,2026-10-03T20:26:20.522126+00:00,,,,,,,,,,,
NFP,BLS,January 2026,2026-10-02,,160000.0,-17000.0,,2026-10-02,BLS API values; release/vintage corroborated via St. Louis Fed FRED/ALFRED,https://fred.stlouisfed.org/series/PAYEMS,CES0000000001,"jobs, monthly SA change",CURRENT_VINTAGE,VERIFIED,,,METADATA_UNVERIFIED,,https://api.bls.gov/publicAPI/v2/timeseries/data/CES0000000001,September 2026,FRED_ALFRED,BLS_VALUE_FRED_RELEASE_VINTAGE_PARITY,https://api.stlouisfed.org/fred/release/dates,PAYEMS,50.0,BLS values available; release metadata unavailable: HTTPError status=403 method=GET endpoint=https://www.bls.gov/feed/empsit.rss; HTTPError status=403 method=GET endpoint=https://www.bls.gov/news.release/empsit.nr0.htm; HTTPError status=403 method=GET endpoint=https://www.bls.gov/news.release/pdf/empsit.pdf,2026-10-02,2026-10-02 08:24:33-05,2026-10-03T20:26:20.522126+00:00,,,,,,,,,,,
NFP,BLS,February 2026,2026-10-02,,-156000.0,160000.0,,2026-10-02,BLS API values; release/vintage corroborated via St. Louis Fed FRED/ALFRED,https://fred.stlouisfed.org/series/PAYEMS,CES0000000001,"jobs, monthly SA change",CURRENT_VINTAGE,VERIFIED,,,METADATA_UNVERIFIED,,https://api.bls.gov/publicAPI/v2/timeseries/data/CES0000000001,September 2026,FRED_ALFRED,BLS_VALUE_FRED_RELEASE_VINTAGE_PARITY,https://api.stlouisfed.org/fred/release/dates,PAYEMS,50.0,BLS values available; release metadata unavailable: HTTPError status=403 method=GET endpoint=https://www.bls.gov/feed/empsit.rss; HTTPError status=403 method=GET endpoint=https://www.bls.gov/news.release/empsit.nr0.htm; HTTPError status=403 method=GET endpoint=https://www.bls.gov/news.release/pdf/empsit.pdf,2026-10-02,2026-10-02 08:24:33-05,2026-10-03T20:26:20.522126+00:00,,,,,,,,,,,
NFP,BLS,March 2026,2026-10-02,,214000.0,-156000.0,,2026-10-02,BLS API values; release/vintage corroborated via St. Louis Fed FRED/ALFRED,https://fred.stlouisfed.org/series/PAYEMS,CES0000000001,"jobs, monthly SA change",CURRENT_VINTAGE,VERIFIED,,,METADATA_UNVERIFIED,,https://api.bls.gov/publicAPI/v2/timeseries/data/CES0000000001,September 2026,FRED_ALFRED,BLS_VALUE_FRED_RELEASE_VINTAGE_PARITY,https://api.stlouisfed.org/fred/release/dates,PAYEMS,50.0,BLS values available; release metadata unavailable: HTTPError status=403 method=GET endpoint=https://www.bls.gov/feed/empsit.rss; HTTPError status=403 method=GET endpoint=https://www.bls.gov/news.release/empsit.nr0.htm; HTTPError status=403 method=GET endpoint=https://www.bls.gov/news.release/pdf/empsit.pdf,2026-10-02,2026-10-02 08:24:33-05,2026-10-03T20:26:20.522126+00:00,,,,,,,,,,,
NFP,BLS,April 2026,2026-10-02,,148000.0,214000.0,,2026-10-02,BLS API values; release/vintage corroborated via St. Louis Fed FRED/ALFRED,https://fred.stlouisfed.org/series/PAYEMS,CES0000000001,"jobs, monthly SA change",CURRENT_VINTAGE,VERIFIED,,,METADATA_UNVERIFIED,,https://api.bls.gov/publicAPI/v2/timeseries/data/CES0000000001,September 2026,FRED_ALFRED,BLS_VALUE_FRED_RELEASE_VINTAGE_PARITY,https://api.stlouisfed.org/fred/release/dates,PAYEMS,50.0,BLS values available; release metadata unavailable: HTTPError status=403 method=GET endpoint=https://www.bls.gov/feed/empsit.rss; HTTPError status=403 method=GET endpoint=https://www.bls.gov/news.release/empsit.nr0.htm; HTTPError status=403 method=GET endpoint=https://www.bls.gov/news.release/pdf/empsit.pdf,2026-10-02,2026-10-02 08:24:33-05,2026-10-03T20:26:20.522126+00:00,,,,,,,,,,,
NFP,BLS,May 2026,2026-10-02,,63000.0,148000.0,,2026-10-02,BLS API values; release/vintage corroborated via St. Louis Fed FRED/ALFRED,https://fred.stlouisfed.org/series/PAYEMS,CES0000000001,"jobs, monthly SA change",CURRENT_VINTAGE,VERIFIED,,,METADATA_UNVERIFIED,,https://api.bls.gov/publicAPI/v2/timeseries/data/CES0000000001,September 2026,FRED_ALFRED,BLS_VALUE_FRED_RELEASE_VINTAGE_PARITY,https://api.stlouisfed.org/fred/release/dates,PAYEMS,50.0,BLS values available; release metadata unavailable: HTTPError status=403 method=GET endpoint=https://www.bls.gov/feed/empsit.rss; HTTPError status=403 method=GET endpoint=https://www.bls.gov/news.release/empsit.nr0.htm; HTTPError status=403 method=GET endpoint=https://www.bls.gov/news.release/pdf/empsit.pdf,2026-10-02,2026-10-02 08:24:33-05,2026-10-03T20:26:20.522126+00:00,,,,,,,,,,,
NFP,BLS,June 2026,2026-10-02,,31000.0,63000.0,,2026-10-02,BLS API values; release/vintage corroborated via St. Louis Fed FRED/ALFRED,https://fred.stlouisfed.org/series/PAYEMS,CES0000000001,"jobs, monthly SA change",CURRENT_VINTAGE,VERIFIED,,,METADATA_UNVERIFIED,,https://api.bls.gov/publicAPI/v2/timeseries/data/CES0000000001,September 2026,FRED_ALFRED,BLS_VALUE_FRED_RELEASE_VINTAGE_PARITY,https://api.stlouisfed.org/fred/release/dates,PAYEMS,50.0,BLS values available; release metadata unavailable: HTTPError status=403 method=GET endpoint=https://www.bls.gov/feed/empsit.rss; HTTPError status=403 method=GET endpoint=https://www.bls.gov/news.release/empsit.nr0.htm; HTTPError status=403 method=GET endpoint=https://www.bls.gov/news.release/pdf/empsit.pdf,2026-10-02,2026-10-02 08:24:33-05,2026-10-03T20:26:20.522126+00:00,,,,,,,,,,,
NFP,BLS,July 2026,2026-10-02,,-10000.0,31000.0,,2026-10-02,BLS API values; release/vintage corroborated via St. Louis Fed FRED/ALFRED,https://fred.stlouisfed.org/series/PAYEMS,CES0000000001,"jobs, monthly SA change",CURRENT_VINTAGE,VERIFIED,,,METADATA_UNVERIFIED,,https://api.bls.gov/publicAPI/v2/timeseries/data/CES0000000001,September 2026,FRED_ALFRED,BLS_VALUE_FRED_RELEASE_VINTAGE_PARITY,https://api.stlouisfed.org/fred/release/dates,PAYEMS,50.0,BLS values available; release metadata unavailable: HTTPError status=403 method=GET endpoint=https://www.bls.gov/feed/empsit.rss; HTTPError status=403 method=GET endpoint=https://www.bls.gov/news.release/empsit.nr0.htm; HTTPError status=403 method=GET endpoint=https://www.bls.gov/news.release/pdf/empsit.pdf,2026-10-02,2026-10-02 08:24:33-05,2026-10-03T20:26:20.522126+00:00,,,,,,,,,,,
NFP,BLS,August 2026,2026-10-02,,133000.0,-10000.0,,2026-10-02,BLS API values; release/vintage corroborated via St. Louis Fed FRED/ALFRED,https://fred.stlouisfed.org/series/PAYEMS,CES0000000001,"jobs, monthly SA change",PRELIMINARY,VERIFIED,,,METADATA_UNVERIFIED,,https://api.bls.gov/publicAPI/v2/timeseries/data/CES0000000001,September 2026,FRED_ALFRED,BLS_VALUE_FRED_RELEASE_VINTAGE_PARITY,https://api.stlouisfed.org/fred/release/dates,PAYEMS,50.0,BLS values available; release metadata unavailable: HTTPError status=403 method=GET endpoint=https://www.bls.gov/feed/empsit.rss; HTTPError status=403 method=GET endpoint=https://www.bls.gov/news.release/empsit.nr0.htm; HTTPError status=403 method=GET endpoint=https://www.bls.gov/news.release/pdf/empsit.pdf,2026-10-02,2026-10-02 08:24:33-05,2026-10-03T20:26:20.522126+00:00,,,,,,,,,,,
NFP,BLS,September 2026,2026-10-02,,29000.0,133000.0,,2026-10-02,BLS API values; release/vintage corroborated via St. Louis Fed FRED/ALFRED,https://fred.stlouisfed.org/series/PAYEMS,CES0000000001,"jobs, monthly SA change",PRELIMINARY,VERIFIED,,,METADATA_UNVERIFIED,,https://api.bls.gov/publicAPI/v2/timeseries/data/CES0000000001,September 2026,FRED_ALFRED,BLS_VALUE_FRED_RELEASE_VINTAGE_PARITY,https://api.stlouisfed.org/fred/release/dates,PAYEMS,50.0,BLS values available; release metadata unavailable: HTTPError status=403 method=GET endpoint=https://www.bls.gov/feed/empsit.rss; HTTPError status=403 method=GET endpoint=https://www.bls.gov/news.release/empsit.nr0.htm; HTTPError status=403 method=GET endpoint=https://www.bls.gov/news.release/pdf/empsit.pdf,2026-10-02,2026-10-02 08:24:33-05,2026-10-03T20:26:20.522126+00:00,,,,,,,,,,,
UNEMPLOYMENT_RATE,BLS,January 2025,2026-10-02,,4.0,,,2026-10-02,BLS API values; release/vintage corroborated via St. Louis Fed FRED/ALFRED,https://fred.stlouisfed.org/series/UNRATE,LNS14000000,percent SA,CURRENT_VINTAGE,VERIFIED,,,METADATA_UNVERIFIED,,https://api.bls.gov/publicAPI/v2/timeseries/data/LNS14000000,September 2026,FRED_ALFRED,BLS_VALUE_FRED_RELEASE_VINTAGE_PARITY,https://api.stlouisfed.org/fred/release/dates,UNRATE,50.0,BLS values available; release metadata unavailable: HTTPError status=403 method=GET endpoint=https://www.bls.gov/feed/empsit.rss; HTTPError status=403 method=GET endpoint=https://www.bls.gov/news.release/empsit.nr0.htm; HTTPError status=403 method=GET endpoint=https://www.bls.gov/news.release/pdf/empsit.pdf,2026-10-02,2026-10-02 08:24:37-05,2026-10-03T20:26:20.522126+00:00,,,,,,,,,,,
UNEMPLOYMENT_RATE,BLS,February 2025,2026-10-02,,4.2,4.0,,2026-10-02,BLS API values; release/vintage corroborated via St. Louis Fed FRED/ALFRED,https://fred.stlouisfed.org/series/UNRATE,LNS14000000,percent SA,CURRENT_VINTAGE,VERIFIED,,,METADATA_UNVERIFIED,,https://api.bls.gov/publicAPI/v2/timeseries/data/LNS14000000,September 2026,FRED_ALFRED,BLS_VALUE_FRED_RELEASE_VINTAGE_PARITY,https://api.stlouisfed.org/fred/release/dates,UNRATE,50.0,BLS values available; release metadata unavailable: HTTPError status=403 method=GET endpoint=https://www.bls.gov/feed/empsit.rss; HTTPError status=403 method=GET endpoint=https://www.bls.gov/news.release/empsit.nr0.htm; HTTPError status=403 method=GET endpoint=https://www.bls.gov/news.release/pdf/empsit.pdf,2026-10-02,2026-10-02 08:24:37-05,2026-10-03T20:26:20.522126+00:00,,,,,,,,,,,
UNEMPLOYMENT_RATE,BLS,March 2025,2026-10-02,,4.2,4.2,,2026-10-02,BLS API values; release/vintage corroborated via St. Louis Fed FRED/ALFRED,https://fred.stlouisfed.org/series/UNRATE,LNS14000000,percent SA,CURRENT_VINTAGE,VERIFIED,,,METADATA_UNVERIFIED,,https://api.bls.gov/publicAPI/v2/timeseries/data/LNS14000000,September 2026,FRED_ALFRED,BLS_VALUE_FRED_RELEASE_VINTAGE_PARITY,https://api.stlouisfed.org/fred/release/dates,UNRATE,50.0,BLS values available; release metadata unavailable: HTTPError status=403 method=GET endpoint=https://www.bls.gov/feed/empsit.rss; HTTPError status=403 method=GET endpoint=https://www.bls.gov/news.release/empsit.nr0.htm; HTTPError status=403 method=GET endpoint=https://www.bls.gov/news.release/pdf/empsit.pdf,2026-10-02,2026-10-02 08:24:37-05,2026-10-03T20:26:20.522126+00:00,,,,,,,,,,,
UNEMPLOYMENT_RATE,BLS,April 2025,2026-10-02,,4.2,4.2,,2026-10-02,BLS API values; release/vintage corroborated via St. Louis Fed FRED/ALFRED,https://fred.stlouisfed.org/series/UNRATE,LNS14000000,percent SA,CURRENT_VINTAGE,VERIFIED,,,METADATA_UNVERIFIED,,https://api.bls.gov/publicAPI/v2/timeseries/data/LNS14000000,September 2026,FRED_ALFRED,BLS_VALUE_FRED_RELEASE_VINTAGE_PARITY,https://api.stlouisfed.org/fred/release/dates,UNRATE,50.0,BLS values available; release metadata unavailable: HTTPError status=403 method=GET endpoint=https://www.bls.gov/feed/empsit.rss; HTTPError status=403 method=GET endpoint=https://www.bls.gov/news.release/empsit.nr0.htm; HTTPError status=403 method=GET endpoint=https://www.bls.gov/news.release/pdf/empsit.pdf,2026-10-02,2026-10-02 08:24:37-05,2026-10-03T20:26:20.522126+00:00,,,,,,,,,,,
UNEMPLOYMENT_RATE,BLS,May 2025,2026-10-02,,4.3,4.2,,2026-10-02,BLS API values; release/vintage corroborated via St. Louis Fed FRED/ALFRED,https://fred.stlouisfed.org/series/UNRATE,LNS14000000,percent SA,CURRENT_VINTAGE,VERIFIED,,,METADATA_UNVERIFIED,,https://api.bls.gov/publicAPI/v2/timeseries/data/LNS14000000,September 2026,FRED_ALFRED,BLS_VALUE_FRED_RELEASE_VINTAGE_PARITY,https://api.stlouisfed.org/fred/release/dates,UNRATE,50.0,BLS values available; release metadata unavailable: HTTPError status=403 method=GET endpoint=https://www.bls.gov/feed/empsit.rss; HTTPError status=403 method=GET endpoint=https://www.bls.gov/news.release/empsit.nr0.htm; HTTPError status=403 method=GET endpoint=https://www.bls.gov/news.release/pdf/empsit.pdf,2026-10-02,2026-10-02 08:24:37-05,2026-10-03T20:26:20.522126+00:00,,,,,,,,,,,
UNEMPLOYMENT_RATE,BLS,June 2025,2026-10-02,,4.1,4.3,,2026-10-02,BLS API values; release/vintage corroborated via St. Louis Fed FRED/ALFRED,https://fred.stlouisfed.org/series/UNRATE,LNS14000000,percent SA,CURRENT_VINTAGE,VERIFIED,,,METADATA_UNVERIFIED,,https://api.bls.gov/publicAPI/v2/timeseries/data/LNS14000000,September 2026,FRED_ALFRED,BLS_VALUE_FRED_RELEASE_VINTAGE_PARITY,https://api.stlouisfed.org/fred/release/dates,UNRATE,50.0,BLS values available; release metadata unavailable: HTTPError status=403 method=GET endpoint=https://www.bls.gov/feed/empsit.rss; HTTPError status=403 method=GET endpoint=https://www.bls.gov/news.release/empsit.nr0.htm; HTTPError status=403 method=GET endpoint=https://www.bls.gov/news.release/pdf/empsit.pdf,2026-10-02,2026-10-02 08:24:37-05,2026-10-03T20:26:20.522126+00:00,,,,,,,,,,,
UNEMPLOYMENT_RATE,BLS,July 2025,2026-10-02,,4.3,4.1,,2026-10-02,BLS API values; release/vintage corroborated via St. Louis Fed FRED/ALFRED,https://fred.stlouisfed.org/series/UNRATE,LNS14000000,percent SA,CURRENT_VINTAGE,VERIFIED,,,METADATA_UNVERIFIED,,https://api.bls.gov/publicAPI/v2/timeseries/data/LNS14000000,September 2026,FRED_ALFRED,BLS_VALUE_FRED_RELEASE_VINTAGE_PARITY,https://api.stlouisfed.org/fred/release/dates,UNRATE,50.0,BLS values available; release metadata unavailable: HTTPError status=403 method=GET endpoint=https://www.bls.gov/feed/empsit.rss; HTTPError status=403 method=GET endpoint=https://www.bls.gov/news.release/empsit.nr0.htm; HTTPError status=403 method=GET endpoint=https://www.bls.gov/news.release/pdf/empsit.pdf,2026-10-02,2026-10-02 08:24:37-05,2026-10-03T20:26:20.522126+00:00,,,,,,,,,,,
UNEMPLOYMENT_RATE,BLS,August 2025,2026-10-02,,4.3,4.3,,2026-10-02,BLS API values; release/vintage corroborated via St. Louis Fed FRED/ALFRED,https://fred.stlouisfed.org/series/UNRATE,LNS14000000,percent SA,CURRENT_VINTAGE,VERIFIED,,,METADATA_UNVERIFIED,,https://api.bls.gov/publicAPI/v2/timeseries/data/LNS14000000,September 2026,FRED_ALFRED,BLS_VALUE_FRED_RELEASE_VINTAGE_PARITY,https://api.stlouisfed.org/fred/release/dates,UNRATE,50.0,BLS values available; release metadata unavailable: HTTPError status=403 method=GET endpoint=https://www.bls.gov/feed/empsit.rss; HTTPError status=403 method=GET endpoint=https://www.bls.gov/news.release/empsit.nr0.htm; HTTPError status=403 method=GET endpoint=https://www.bls.gov/news.release/pdf/empsit.pdf,2026-10-02,2026-10-02 08:24:37-05,2026-10-03T20:26:20.522126+00:00,,,,,,,,,,,
UNEMPLOYMENT_RATE,BLS,September 2025,2026-10-02,,4.4,4.3,,2026-10-02,BLS API values; release/vintage corroborated via St. Louis Fed FRED/ALFRED,https://fred.stlouisfed.org/series/UNRATE,LNS14000000,percent SA,CURRENT_VINTAGE,VERIFIED,,,METADATA_UNVERIFIED,,https://api.bls.gov/publicAPI/v2/timeseries/data/LNS14000000,September 2026,FRED_ALFRED,BLS_VALUE_FRED_RELEASE_VINTAGE_PARITY,https://api.stlouisfed.org/fred/release/dates,UNRATE,50.0,BLS values available; release metadata unavailable: HTTPError status=403 method=GET endpoint=https://www.bls.gov/feed/empsit.rss; HTTPError status=403 method=GET endpoint=https://www.bls.gov/news.release/empsit.nr0.htm; HTTPError status=403 method=GET endpoint=https://www.bls.gov/news.release/pdf/empsit.pdf,2026-10-02,2026-10-02 08:24:37-05,2026-10-03T20:26:20.522126+00:00,,,,,,,,,,,
UNEMPLOYMENT_RATE,BLS,November 2025,2026-10-02,,4.5,,,2026-10-02,BLS API values; release/vintage corroborated via St. Louis Fed FRED/ALFRED,https://fred.stlouisfed.org/series/UNRATE,LNS14000000,percent SA,CURRENT_VINTAGE,VERIFIED,,,METADATA_UNVERIFIED,,https://api.bls.gov/publicAPI/v2/timeseries/data/LNS14000000,September 2026,FRED_ALFRED,BLS_VALUE_FRED_RELEASE_VINTAGE_PARITY,https://api.stlouisfed.org/fred/release/dates,UNRATE,50.0,BLS values available; release metadata unavailable: HTTPError status=403 method=GET endpoint=https://www.bls.gov/feed/empsit.rss; HTTPError status=403 method=GET endpoint=https://www.bls.gov/news.release/empsit.nr0.htm; HTTPError status=403 method=GET endpoint=https://www.bls.gov/news.release/pdf/empsit.pdf,2026-10-02,2026-10-02 08:24:37-05,2026-10-03T20:26:20.522126+00:00,,,,,,,,,,,
UNEMPLOYMENT_RATE,BLS,December 2025,2026-10-02,,4.4,4.5,,2026-10-02,BLS API values; release/vintage corroborated via St. Louis Fed FRED/ALFRED,https://fred.stlouisfed.org/series/UNRATE,LNS14000000,percent SA,CURRENT_VINTAGE,VERIFIED,,,METADATA_UNVERIFIED,,https://api.bls.gov/publicAPI/v2/timeseries/data/LNS14000000,September 2026,FRED_ALFRED,BLS_VALUE_FRED_RELEASE_VINTAGE_PARITY,https://api.stlouisfed.org/fred/release/dates,UNRATE,50.0,BLS values available; release metadata unavailable: HTTPError status=403 method=GET endpoint=https://www.bls.gov/feed/empsit.rss; HTTPError status=403 method=GET endpoint=https://www.bls.gov/news.release/empsit.nr0.htm; HTTPError status=403 method=GET endpoint=https://www.bls.gov/news.release/pdf/empsit.pdf,2026-10-02,2026-10-02 08:24:37-05,2026-10-03T20:26:20.522126+00:00,,,,,,,,,,,
UNEMPLOYMENT_RATE,BLS,January 2026,2026-10-02,,4.3,4.4,,2026-10-02,BLS API values; release/vintage corroborated via St. Louis Fed FRED/ALFRED,https://fred.stlouisfed.org/series/UNRATE,LNS14000000,percent SA,CURRENT_VINTAGE,VERIFIED,,,METADATA_UNVERIFIED,,https://api.bls.gov/publicAPI/v2/timeseries/data/LNS14000000,September 2026,FRED_ALFRED,BLS_VALUE_FRED_RELEASE_VINTAGE_PARITY,https://api.stlouisfed.org/fred/release/dates,UNRATE,50.0,BLS values available; release metadata unavailable: HTTPError status=403 method=GET endpoint=https://www.bls.gov/feed/empsit.rss; HTTPError status=403 method=GET endpoint=https://www.bls.gov/news.release/empsit.nr0.htm; HTTPError status=403 method=GET endpoint=https://www.bls.gov/news.release/pdf/empsit.pdf,2026-10-02,2026-10-02 08:24:37-05,2026-10-03T20:26:20.522126+00:00,,,,,,,,,,,
UNEMPLOYMENT_RATE,BLS,February 2026,2026-10-02,,4.4,4.3,,2026-10-02,BLS API values; release/vintage corroborated via St. Louis Fed FRED/ALFRED,https://fred.stlouisfed.org/series/UNRATE,LNS14000000,percent SA,CURRENT_VINTAGE,VERIFIED,,,METADATA_UNVERIFIED,,https://api.bls.gov/publicAPI/v2/timeseries/data/LNS14000000,September 2026,FRED_ALFRED,BLS_VALUE_FRED_RELEASE_VINTAGE_PARITY,https://api.stlouisfed.org/fred/release/dates,UNRATE,50.0,BLS values available; release metadata unavailable: HTTPError status=403 method=GET endpoint=https://www.bls.gov/feed/empsit.rss; HTTPError status=403 method=GET endpoint=https://www.bls.gov/news.release/empsit.nr0.htm; HTTPError status=403 method=GET endpoint=https://www.bls.gov/news.release/pdf/empsit.pdf,2026-10-02,2026-10-02 08:24:37-05,2026-10-03T20:26:20.522126+00:00,,,,,,,,,,,
UNEMPLOYMENT_RATE,BLS,March 2026,2026-10-02,,4.3,4.4,,2026-10-02,BLS API values; release/vintage corroborated via St. Louis Fed FRED/ALFRED,https://fred.stlouisfed.org/series/UNRATE,LNS14000000,percent SA,CURRENT_VINTAGE,VERIFIED,,,METADATA_UNVERIFIED,,https://api.bls.gov/publicAPI/v2/timeseries/data/LNS14000000,September 2026,FRED_ALFRED,BLS_VALUE_FRED_RELEASE_VINTAGE_PARITY,https://api.stlouisfed.org/fred/release/dates,UNRATE,50.0,BLS values available; release metadata unavailable: HTTPError status=403 method=GET endpoint=https://www.bls.gov/feed/empsit.rss; HTTPError status=403 method=GET endpoint=https://www.bls.gov/news.release/empsit.nr0.htm; HTTPError status=403 method=GET endpoint=https://www.bls.gov/news.release/pdf/empsit.pdf,2026-10-02,2026-10-02 08:24:37-05,2026-10-03T20:26:20.522126+00:00,,,,,,,,,,,
UNEMPLOYMENT_RATE,BLS,April 2026,2026-10-02,,4.3,4.3,,2026-10-02,BLS API values; release/vintage corroborated via St. Louis Fed FRED/ALFRED,https://fred.stlouisfed.org/series/UNRATE,LNS14000000,percent SA,CURRENT_VINTAGE,VERIFIED,,,METADATA_UNVERIFIED,,https://api.bls.gov/publicAPI/v2/timeseries/data/LNS14000000,September 2026,FRED_ALFRED,BLS_VALUE_FRED_RELEASE_VINTAGE_PARITY,https://api.stlouisfed.org/fred/release/dates,UNRATE,50.0,BLS values available; release metadata unavailable: HTTPError status=403 method=GET endpoint=https://www.bls.gov/feed/empsit.rss; HTTPError status=403 method=GET endpoint=https://www.bls.gov/news.release/empsit.nr0.htm; HTTPError status=403 method=GET endpoint=https://www.bls.gov/news.release/pdf/empsit.pdf,2026-10-02,2026-10-02 08:24:37-05,2026-10-03T20:26:20.522126+00:00,,,,,,,,,,,
UNEMPLOYMENT_RATE,BLS,May 2026,2026-10-02,,4.3,4.3,,2026-10-02,BLS API values; release/vintage corroborated via St. Louis Fed FRED/ALFRED,https://fred.stlouisfed.org/series/UNRATE,LNS14000000,percent SA,CURRENT_VINTAGE,VERIFIED,,,METADATA_UNVERIFIED,,https://api.bls.gov/publicAPI/v2/timeseries/data/LNS14000000,September 2026,FRED_ALFRED,BLS_VALUE_FRED_RELEASE_VINTAGE_PARITY,https://api.stlouisfed.org/fred/release/dates,UNRATE,50.0,BLS values available; release metadata unavailable: HTTPError status=403 method=GET endpoint=https://www.bls.gov/feed/empsit.rss; HTTPError status=403 method=GET endpoint=https://www.bls.gov/news.release/empsit.nr0.htm; HTTPError status=403 method=GET endpoint=https://www.bls.gov/news.release/pdf/empsit.pdf,2026-10-02,2026-10-02 08:24:37-05,2026-10-03T20:26:20.522126+00:00,,,,,,,,,,,
UNEMPLOYMENT_RATE,BLS,June 2026,2026-10-02,,4.2,4.3,,2026-10-02,BLS API values; release/vintage corroborated via St. Louis Fed FRED/ALFRED,https://fred.stlouisfed.org/series/UNRATE,LNS14000000,percent SA,CURRENT_VINTAGE,VERIFIED,,,METADATA_UNVERIFIED,,https://api.bls.gov/publicAPI/v2/timeseries/data/LNS14000000,September 2026,FRED_ALFRED,BLS_VALUE_FRED_RELEASE_VINTAGE_PARITY,https://api.stlouisfed.org/fred/release/dates,UNRATE,50.0,BLS values available; release metadata unavailable: HTTPError status=403 method=GET endpoint=https://www.bls.gov/feed/empsit.rss; HTTPError status=403 method=GET endpoint=https://www.bls.gov/news.release/empsit.nr0.htm; HTTPError status=403 method=GET endpoint=https://www.bls.gov/news.release/pdf/empsit.pdf,2026-10-02,2026-10-02 08:24:37-05,2026-10-03T20:26:20.522126+00:00,,,,,,,,,,,
UNEMPLOYMENT_RATE,BLS,July 2026,2026-10-02,,4.1,4.2,,2026-10-02,BLS API values; release/vintage corroborated via St. Louis Fed FRED/ALFRED,https://fred.stlouisfed.org/series/UNRATE,LNS14000000,percent SA,CURRENT_VINTAGE,VERIFIED,,,METADATA_UNVERIFIED,,https://api.bls.gov/publicAPI/v2/timeseries/data/LNS14000000,September 2026,FRED_ALFRED,BLS_VALUE_FRED_RELEASE_VINTAGE_PARITY,https://api.stlouisfed.org/fred/release/dates,UNRATE,50.0,BLS values available; release metadata unavailable: HTTPError status=403 method=GET endpoint=https://www.bls.gov/feed/empsit.rss; HTTPError status=403 method=GET endpoint=https://www.bls.gov/news.release/empsit.nr0.htm; HTTPError status=403 method=GET endpoint=https://www.bls.gov/news.release/pdf/empsit.pdf,2026-10-02,2026-10-02 08:24:37-05,2026-10-03T20:26:20.522126+00:00,,,,,,,,,,,
UNEMPLOYMENT_RATE,BLS,August 2026,2026-10-02,,4.1,4.1,,2026-10-02,BLS API values; release/vintage corroborated via St. Louis Fed FRED/ALFRED,https://fred.stlouisfed.org/series/UNRATE,LNS14000000,percent SA,CURRENT_VINTAGE,VERIFIED,,,METADATA_UNVERIFIED,,https://api.bls.gov/publicAPI/v2/timeseries/data/LNS14000000,September 2026,FRED_ALFRED,BLS_VALUE_FRED_RELEASE_VINTAGE_PARITY,https://api.stlouisfed.org/fred/release/dates,UNRATE,50.0,BLS values available; release metadata unavailable: HTTPError status=403 method=GET endpoint=https://www.bls.gov/feed/empsit.rss; HTTPError status=403 method=GET endpoint=https://www.bls.gov/news.release/empsit.nr0.htm; HTTPError status=403 method=GET endpoint=https://www.bls.gov/news.release/pdf/empsit.pdf,2026-10-02,2026-10-02 08:24:37-05,2026-10-03T20:26:20.522126+00:00,,,,,,,,,,,
UNEMPLOYMENT_RATE,BLS,September 2026,2026-10-02,,4.2,4.1,,2026-10-02,BLS API values; release/vintage corroborated via St. Louis Fed FRED/ALFRED,https://fred.stlouisfed.org/series/UNRATE,LNS14000000,percent SA,CURRENT_VINTAGE,VERIFIED,,,METADATA_UNVERIFIED,,https://api.bls.gov/publicAPI/v2/timeseries/data/LNS14000000,September 2026,FRED_ALFRED,BLS_VALUE_FRED_RELEASE_VINTAGE_PARITY,https://api.stlouisfed.org/fred/release/dates,UNRATE,50.0,BLS values available; release metadata unavailable: HTTPError status=403 method=GET endpoint=https://www.bls.gov/feed/empsit.rss; HTTPError status=403 method=GET endpoint=https://www.bls.gov/news.release/empsit.nr0.htm; HTTPError status=403 method=GET endpoint=https://www.bls.gov/news.release/pdf/empsit.pdf,2026-10-02,2026-10-02 08:24:37-05,2026-10-03T20:26:20.522126+00:00,,,,,,,,,,,
AVERAGE_HOURLY_EARNINGS,BLS,February 2025,2026-10-02,,0.3,,,2026-10-02,BLS API values; release/vintage corroborated via St. Louis Fed FRED/ALFRED,https://fred.stlouisfed.org/series/CES0500000003,CES0500000003,"percent monthly SA change, all employees total private",CURRENT_VINTAGE,VERIFIED,,,METADATA_UNVERIFIED,,https://api.bls.gov/publicAPI/v2/timeseries/data/CES0500000003,September 2026,FRED_ALFRED,BLS_VALUE_FRED_RELEASE_VINTAGE_PARITY,https://api.stlouisfed.org/fred/release/dates,CES0500000003,50.0,BLS values available; release metadata unavailable: HTTPError status=403 method=GET endpoint=https://www.bls.gov/feed/empsit.rss; HTTPError status=403 method=GET endpoint=https://www.bls.gov/news.release/empsit.nr0.htm; HTTPError status=403 method=GET endpoint=https://www.bls.gov/news.release/pdf/empsit.pdf,2026-10-02,2026-10-02 08:26:56-05,2026-10-03T20:26:20.522126+00:00,0.3,,,,,,,,,,
AVERAGE_HOURLY_EARNINGS,BLS,March 2025,2026-10-02,,0.5,0.3,,2026-10-02,BLS API values; release/vintage corroborated via St. Louis Fed FRED/ALFRED,https://fred.stlouisfed.org/series/CES0500000003,CES0500000003,"percent monthly SA change, all employees total private",CURRENT_VINTAGE,VERIFIED,,,METADATA_UNVERIFIED,,https://api.bls.gov/publicAPI/v2/timeseries/data/CES0500000003,September 2026,FRED_ALFRED,BLS_VALUE_FRED_RELEASE_VINTAGE_PARITY,https://api.stlouisfed.org/fred/release/dates,CES0500000003,50.0,BLS values available; release metadata unavailable: HTTPError status=403 method=GET endpoint=https://www.bls.gov/feed/empsit.rss; HTTPError status=403 method=GET endpoint=https://www.bls.gov/news.release/empsit.nr0.htm; HTTPError status=403 method=GET endpoint=https://www.bls.gov/news.release/pdf/empsit.pdf,2026-10-02,2026-10-02 08:26:56-05,2026-10-03T20:26:20.522126+00:00,0.5,,,,,,,,,,
AVERAGE_HOURLY_EARNINGS,BLS,April 2025,2026-10-02,,0.0,0.5,,2026-10-02,BLS API values; release/vintage corroborated via St. Louis Fed FRED/ALFRED,https://fred.stlouisfed.org/series/CES0500000003,CES0500000003,"percent monthly SA change, all employees total private",CURRENT_VINTAGE,VERIFIED,,,METADATA_UNVERIFIED,,https://api.bls.gov/publicAPI/v2/timeseries/data/CES0500000003,September 2026,FRED_ALFRED,BLS_VALUE_FRED_RELEASE_VINTAGE_PARITY,https://api.stlouisfed.org/fred/release/dates,CES0500000003,50.0,BLS values available; release metadata unavailable: HTTPError status=403 method=GET endpoint=https://www.bls.gov/feed/empsit.rss; HTTPError status=403 method=GET endpoint=https://www.bls.gov/news.release/empsit.nr0.htm; HTTPError status=403 method=GET endpoint=https://www.bls.gov/news.release/pdf/empsit.pdf,2026-10-02,2026-10-02 08:26:56-05,2026-10-03T20:26:20.522126+00:00,0.0,,,,,,,,,,
AVERAGE_HOURLY_EARNINGS,BLS,May 2025,2026-10-02,,0.4,0.0,,2026-10-02,BLS API values; release/vintage corroborated via St. Louis Fed FRED/ALFRED,https://fred.stlouisfed.org/series/CES0500000003,CES0500000003,"percent monthly SA change, all employees total private",CURRENT_VINTAGE,VERIFIED,,,METADATA_UNVERIFIED,,https://api.bls.gov/publicAPI/v2/timeseries/data/CES0500000003,September 2026,FRED_ALFRED,BLS_VALUE_FRED_RELEASE_VINTAGE_PARITY,https://api.stlouisfed.org/fred/release/dates,CES0500000003,50.0,BLS values available; release metadata unavailable: HTTPError status=403 method=GET endpoint=https://www.bls.gov/feed/empsit.rss; HTTPError status=403 method=GET endpoint=https://www.bls.gov/news.release/empsit.nr0.htm; HTTPError status=403 method=GET endpoint=https://www.bls.gov/news.release/pdf/empsit.pdf,2026-10-02,2026-10-02 08:26:56-05,2026-10-03T20:26:20.522126+00:00,0.4,,,,,,,,,,
AVERAGE_HOURLY_EARNINGS,BLS,June 2025,2026-10-02,,0.2,0.4,,2026-10-02,BLS API values; release/vintage corroborated via St. Louis Fed FRED/ALFRED,https://fred.stlouisfed.org/series/CES0500000003,CES0500000003,"percent monthly SA change, all employees total private",CURRENT_VINTAGE,VERIFIED,,,METADATA_UNVERIFIED,,https://api.bls.gov/publicAPI/v2/timeseries/data/CES0500000003,September 2026,FRED_ALFRED,BLS_VALUE_FRED_RELEASE_VINTAGE_PARITY,https://api.stlouisfed.org/fred/release/dates,CES0500000003,50.0,BLS values available; release metadata unavailable: HTTPError status=403 method=GET endpoint=https://www.bls.gov/feed/empsit.rss; HTTPError status=403 method=GET endpoint=https://www.bls.gov/news.release/empsit.nr0.htm; HTTPError status=403 method=GET endpoint=https://www.bls.gov/news.release/pdf/empsit.pdf,2026-10-02,2026-10-02 08:26:56-05,2026-10-03T20:26:20.522126+00:00,0.2,,,,,,,,,,
AVERAGE_HOURLY_EARNINGS,BLS,July 2025,2026-10-02,,0.3,0.2,,2026-10-02,BLS API values; release/vintage corroborated via St. Louis Fed FRED/ALFRED,https://fred.stlouisfed.org/series/CES0500000003,CES0500000003,"percent monthly SA change, all employees total private",CURRENT_VINTAGE,VERIFIED,,,METADATA_UNVERIFIED,,https://api.bls.gov/publicAPI/v2/timeseries/data/CES0500000003,September 2026,FRED_ALFRED,BLS_VALUE_FRED_RELEASE_VINTAGE_PARITY,https://api.stlouisfed.org/fred/release/dates,CES0500000003,50.0,BLS values available; release metadata unavailable: HTTPError status=403 method=GET endpoint=https://www.bls.gov/feed/empsit.rss; HTTPError status=403 method=GET endpoint=https://www.bls.gov/news.release/empsit.nr0.htm; HTTPError status=403 method=GET endpoint=https://www.bls.gov/news.release/pdf/empsit.pdf,2026-10-02,2026-10-02 08:26:56-05,2026-10-03T20:26:20.522126+00:00,0.3,,,,,,,,,,
AVERAGE_HOURLY_EARNINGS,BLS,August 2025,2026-10-02,,0.4,0.3,,2026-10-02,BLS API values; release/vintage corroborated via St. Louis Fed FRED/ALFRED,https://fred.stlouisfed.org/series/CES0500000003,CES0500000003,"percent monthly SA change, all employees total private",CURRENT_VINTAGE,VERIFIED,,,METADATA_UNVERIFIED,,https://api.bls.gov/publicAPI/v2/timeseries/data/CES0500000003,September 2026,FRED_ALFRED,BLS_VALUE_FRED_RELEASE_VINTAGE_PARITY,https://api.stlouisfed.org/fred/release/dates,CES0500000003,50.0,BLS values available; release metadata unavailable: HTTPError status=403 method=GET endpoint=https://www.bls.gov/feed/empsit.rss; HTTPError status=403 method=GET endpoint=https://www.bls.gov/news.release/empsit.nr0.htm; HTTPError status=403 method=GET endpoint=https://www.bls.gov/news.release/pdf/empsit.pdf,2026-10-02,2026-10-02 08:26:56-05,2026-10-03T20:26:20.522126+00:00,0.4,,,,,,,,,,
AVERAGE_HOURLY_EARNINGS,BLS,September 2025,2026-10-02,,0.2,0.4,,2026-10-02,BLS API values; release/vintage corroborated via St. Louis Fed FRED/ALFRED,https://fred.stlouisfed.org/series/CES0500000003,CES0500000003,"percent monthly SA change, all employees total private",CURRENT_VINTAGE,VERIFIED,,,METADATA_UNVERIFIED,,https://api.bls.gov/publicAPI/v2/timeseries/data/CES0500000003,September 2026,FRED_ALFRED,BLS_VALUE_FRED_RELEASE_VINTAGE_PARITY,https://api.stlouisfed.org/fred/release/dates,CES0500000003,50.0,BLS values available; release metadata unavailable: HTTPError status=403 method=GET endpoint=https://www.bls.gov/feed/empsit.rss; HTTPError status=403 method=GET endpoint=https://www.bls.gov/news.release/empsit.nr0.htm; HTTPError status=403 method=GET endpoint=https://www.bls.gov/news.release/pdf/empsit.pdf,2026-10-02,2026-10-02 08:26:56-05,2026-10-03T20:26:20.522126+00:00,0.2,,,,,,,,,,
AVERAGE_HOURLY_EARNINGS,BLS,October 2025,2026-10-02,,0.4,0.2,,2026-10-02,BLS API values; release/vintage corroborated via St. Louis Fed FRED/ALFRED,https://fred.stlouisfed.org/series/CES0500000003,CES0500000003,"percent monthly SA change, all employees total private",CURRENT_VINTAGE,VERIFIED,,,METADATA_UNVERIFIED,,https://api.bls.gov/publicAPI/v2/timeseries/data/CES0500000003,September 2026,FRED_ALFRED,BLS_VALUE_FRED_RELEASE_VINTAGE_PARITY,https://api.stlouisfed.org/fred/release/dates,CES0500000003,50.0,BLS values available; release metadata unavailable: HTTPError status=403 method=GET endpoint=https://www.bls.gov/feed/empsit.rss; HTTPError status=403 method=GET endpoint=https://www.bls.gov/news.release/empsit.nr0.htm; HTTPError status=403 method=GET endpoint=https://www.bls.gov/news.release/pdf/empsit.pdf,2026-10-02,2026-10-02 08:26:56-05,2026-10-03T20:26:20.522126+00:00,0.4,,,,,,,,,,
AVERAGE_HOURLY_EARNINGS,BLS,November 2025,2026-10-02,,0.4,0.4,,2026-10-02,BLS API values; release/vintage corroborated via St. Louis Fed FRED/ALFRED,https://fred.stlouisfed.org/series/CES0500000003,CES0500000003,"percent monthly SA change, all employees total private",CURRENT_VINTAGE,VERIFIED,,,METADATA_UNVERIFIED,,https://api.bls.gov/publicAPI/v2/timeseries/data/CES0500000003,September 2026,FRED_ALFRED,BLS_VALUE_FRED_RELEASE_VINTAGE_PARITY,https://api.stlouisfed.org/fred/release/dates,CES0500000003,50.0,BLS values available; release metadata unavailable: HTTPError status=403 method=GET endpoint=https://www.bls.gov/feed/empsit.rss; HTTPError status=403 method=GET endpoint=https://www.bls.gov/news.release/empsit.nr0.htm; HTTPError status=403 method=GET endpoint=https://www.bls.gov/news.release/pdf/empsit.pdf,2026-10-02,2026-10-02 08:26:56-05,2026-10-03T20:26:20.522126+00:00,0.4,,,,,,,,,,
AVERAGE_HOURLY_EARNINGS,BLS,December 2025,2026-10-02,,0.1,0.4,,2026-10-02,BLS API values; release/vintage corroborated via St. Louis Fed FRED/ALFRED,https://fred.stlouisfed.org/series/CES0500000003,CES0500000003,"percent monthly SA change, all employees total private",CURRENT_VINTAGE,VERIFIED,,,METADATA_UNVERIFIED,,https://api.bls.gov/publicAPI/v2/timeseries/data/CES0500000003,September 2026,FRED_ALFRED,BLS_VALUE_FRED_RELEASE_VINTAGE_PARITY,https://api.stlouisfed.org/fred/release/dates,CES0500000003,50.0,BLS values available; release metadata unavailable: HTTPError status=403 method=GET endpoint=https://www.bls.gov/feed/empsit.rss; HTTPError status=403 method=GET endpoint=https://www.bls.gov/news.release/empsit.nr0.htm; HTTPError status=403 method=GET endpoint=https://www.bls.gov/news.release/pdf/empsit.pdf,2026-10-02,2026-10-02 08:26:56-05,2026-10-03T20:26:20.522126+00:00,0.1,,,,,,,,,,
AVERAGE_HOURLY_EARNINGS,BLS,January 2026,2026-10-02,,0.4,0.1,,2026-10-02,BLS API values; release/vintage corroborated via St. Louis Fed FRED/ALFRED,https://fred.stlouisfed.org/series/CES0500000003,CES0500000003,"percent monthly SA change, all employees total private",CURRENT_VINTAGE,VERIFIED,,,METADATA_UNVERIFIED,,https://api.bls.gov/publicAPI/v2/timeseries/data/CES0500000003,September 2026,FRED_ALFRED,BLS_VALUE_FRED_RELEASE_VINTAGE_PARITY,https://api.stlouisfed.org/fred/release/dates,CES0500000003,50.0,BLS values available; release metadata unavailable: HTTPError status=403 method=GET endpoint=https://www.bls.gov/feed/empsit.rss; HTTPError status=403 method=GET endpoint=https://www.bls.gov/news.release/empsit.nr0.htm; HTTPError status=403 method=GET endpoint=https://www.bls.gov/news.release/pdf/empsit.pdf,2026-10-02,2026-10-02 08:26:56-05,2026-10-03T20:26:20.522126+00:00,0.4,,,,,,,,,,
AVERAGE_HOURLY_EARNINGS,BLS,February 2026,2026-10-02,,0.3,0.4,,2026-10-02,BLS API values; release/vintage corroborated via St. Louis Fed FRED/ALFRED,https://fred.stlouisfed.org/series/CES0500000003,CES0500000003,"percent monthly SA change, all employees total private",CURRENT_VINTAGE,VERIFIED,,,METADATA_UNVERIFIED,,https://api.bls.gov/publicAPI/v2/timeseries/data/CES0500000003,September 2026,FRED_ALFRED,BLS_VALUE_FRED_RELEASE_VINTAGE_PARITY,https://api.stlouisfed.org/fred/release/dates,CES0500000003,50.0,BLS values available; release metadata unavailable: HTTPError status=403 method=GET endpoint=https://www.bls.gov/feed/empsit.rss; HTTPError status=403 method=GET endpoint=https://www.bls.gov/news.release/empsit.nr0.htm; HTTPError status=403 method=GET endpoint=https://www.bls.gov/news.release/pdf/empsit.pdf,2026-10-02,2026-10-02 08:26:56-05,2026-10-03T20:26:20.522126+00:00,0.3,,,,,,,,,,
AVERAGE_HOURLY_EARNINGS,BLS,March 2026,2026-10-02,,0.2,0.3,,2026-10-02,BLS API values; release/vintage corroborated via St. Louis Fed FRED/ALFRED,https://fred.stlouisfed.org/series/CES0500000003,CES0500000003,"percent monthly SA change, all employees total private",CURRENT_VINTAGE,VERIFIED,,,METADATA_UNVERIFIED,,https://api.bls.gov/publicAPI/v2/timeseries/data/CES0500000003,September 2026,FRED_ALFRED,BLS_VALUE_FRED_RELEASE_VINTAGE_PARITY,https://api.stlouisfed.org/fred/release/dates,CES0500000003,50.0,BLS values available; release metadata unavailable: HTTPError status=403 method=GET endpoint=https://www.bls.gov/feed/empsit.rss; HTTPError status=403 method=GET endpoint=https://www.bls.gov/news.release/empsit.nr0.htm; HTTPError status=403 method=GET endpoint=https://www.bls.gov/news.release/pdf/empsit.pdf,2026-10-02,2026-10-02 08:26:56-05,2026-10-03T20:26:20.522126+00:00,0.2,,,,,,,,,,
AVERAGE_HOURLY_EARNINGS,BLS,April 2026,2026-10-02,,0.2,0.2,,2026-10-02,BLS API values; release/vintage corroborated via St. Louis Fed FRED/ALFRED,https://fred.stlouisfed.org/series/CES0500000003,CES0500000003,"percent monthly SA change, all employees total private",CURRENT_VINTAGE,VERIFIED,,,METADATA_UNVERIFIED,,https://api.bls.gov/publicAPI/v2/timeseries/data/CES0500000003,September 2026,FRED_ALFRED,BLS_VALUE_FRED_RELEASE_VINTAGE_PARITY,https://api.stlouisfed.org/fred/release/dates,CES0500000003,50.0,BLS values available; release metadata unavailable: HTTPError status=403 method=GET endpoint=https://www.bls.gov/feed/empsit.rss; HTTPError status=403 method=GET endpoint=https://www.bls.gov/news.release/empsit.nr0.htm; HTTPError status=403 method=GET endpoint=https://www.bls.gov/news.release/pdf/empsit.pdf,2026-10-02,2026-10-02 08:26:56-05,2026-10-03T20:26:20.522126+00:00,0.2,,,,,,,,,,
AVERAGE_HOURLY_EARNINGS,BLS,May 2026,2026-10-02,,0.2,0.2,,2026-10-02,BLS API values; release/vintage corroborated via St. Louis Fed FRED/ALFRED,https://fred.stlouisfed.org/series/CES0500000003,CES0500000003,"percent monthly SA change, all employees total private",CURRENT_VINTAGE,VERIFIED,,,METADATA_UNVERIFIED,,https://api.bls.gov/publicAPI/v2/timeseries/data/CES0500000003,September 2026,FRED_ALFRED,BLS_VALUE_FRED_RELEASE_VINTAGE_PARITY,https://api.stlouisfed.org/fred/release/dates,CES0500000003,50.0,BLS values available; release metadata unavailable: HTTPError status=403 method=GET endpoint=https://www.bls.gov/feed/empsit.rss; HTTPError status=403 method=GET endpoint=https://www.bls.gov/news.release/empsit.nr0.htm; HTTPError status=403 method=GET endpoint=https://www.bls.gov/news.release/pdf/empsit.pdf,2026-10-02,2026-10-02 08:26:56-05,2026-10-03T20:26:20.522126+00:00,0.2,,,,,,,,,,
AVERAGE_HOURLY_EARNINGS,BLS,June 2026,2026-10-02,,0.3,0.2,,2026-10-02,BLS API values; release/vintage corroborated via St. Louis Fed FRED/ALFRED,https://fred.stlouisfed.org/series/CES0500000003,CES0500000003,"percent monthly SA change, all employees total private",CURRENT_VINTAGE,VERIFIED,,,METADATA_UNVERIFIED,,https://api.bls.gov/publicAPI/v2/timeseries/data/CES0500000003,September 2026,FRED_ALFRED,BLS_VALUE_FRED_RELEASE_VINTAGE_PARITY,https://api.stlouisfed.org/fred/release/dates,CES0500000003,50.0,BLS values available; release metadata unavailable: HTTPError status=403 method=GET endpoint=https://www.bls.gov/feed/empsit.rss; HTTPError status=403 method=GET endpoint=https://www.bls.gov/news.release/empsit.nr0.htm; HTTPError status=403 method=GET endpoint=https://www.bls.gov/news.release/pdf/empsit.pdf,2026-10-02,2026-10-02 08:26:56-05,2026-10-03T20:26:20.522126+00:00,0.3,,,,,,,,,,
AVERAGE_HOURLY_EARNINGS,BLS,July 2026,2026-10-02,,0.1,0.3,,2026-10-02,BLS API values; release/vintage corroborated via St. Louis Fed FRED/ALFRED,https://fred.stlouisfed.org/series/CES0500000003,CES0500000003,"percent monthly SA change, all employees total private",CURRENT_VINTAGE,VERIFIED,,,METADATA_UNVERIFIED,,https://api.bls.gov/publicAPI/v2/timeseries/data/CES0500000003,September 2026,FRED_ALFRED,BLS_VALUE_FRED_RELEASE_VINTAGE_PARITY,https://api.stlouisfed.org/fred/release/dates,CES0500000003,50.0,BLS values available; release metadata unavailable: HTTPError status=403 method=GET endpoint=https://www.bls.gov/feed/empsit.rss; HTTPError status=403 method=GET endpoint=https://www.bls.gov/news.release/empsit.nr0.htm; HTTPError status=403 method=GET endpoint=https://www.bls.gov/news.release/pdf/empsit.pdf,2026-10-02,2026-10-02 08:26:56-05,2026-10-03T20:26:20.522126+00:00,0.1,,,,,,,,,,
AVERAGE_HOURLY_EARNINGS,BLS,August 2026,2026-10-02,,0.3,0.1,,2026-10-02,BLS API values; release/vintage corroborated via St. Louis Fed FRED/ALFRED,https://fred.stlouisfed.org/series/CES0500000003,CES0500000003,"percent monthly SA change, all employees total private",PRELIMINARY,VERIFIED,,,METADATA_UNVERIFIED,,https://api.bls.gov/publicAPI/v2/timeseries/data/CES0500000003,September 2026,FRED_ALFRED,BLS_VALUE_FRED_RELEASE_VINTAGE_PARITY,https://api.stlouisfed.org/fred/release/dates,CES0500000003,50.0,BLS values available; release metadata unavailable: HTTPError status=403 method=GET endpoint=https://www.bls.gov/feed/empsit.rss; HTTPError status=403 method=GET endpoint=https://www.bls.gov/news.release/empsit.nr0.htm; HTTPError status=403 method=GET endpoint=https://www.bls.gov/news.release/pdf/empsit.pdf,2026-10-02,2026-10-02 08:26:56-05,2026-10-03T20:26:20.522126+00:00,0.3,,,,,,,,,,
AVERAGE_HOURLY_EARNINGS,BLS,September 2026,2026-10-02,,0.1,0.3,,2026-10-02,BLS API values; release/vintage corroborated via St. Louis Fed FRED/ALFRED,https://fred.stlouisfed.org/series/CES0500000003,CES0500000003,"percent monthly SA change, all employees total private",PRELIMINARY,VERIFIED,,,METADATA_UNVERIFIED,,https://api.bls.gov/publicAPI/v2/timeseries/data/CES0500000003,September 2026,FRED_ALFRED,BLS_VALUE_FRED_RELEASE_VINTAGE_PARITY,https://api.stlouisfed.org/fred/release/dates,CES0500000003,50.0,BLS values available; release metadata unavailable: HTTPError status=403 method=GET endpoint=https://www.bls.gov/feed/empsit.rss; HTTPError status=403 method=GET endpoint=https://www.bls.gov/news.release/empsit.nr0.htm; HTTPError status=403 method=GET endpoint=https://www.bls.gov/news.release/pdf/empsit.pdf,2026-10-02,2026-10-02 08:26:56-05,2026-10-03T20:26:20.522126+00:00,0.1,CES0500000003,https://api.bls.gov/publicAPI/v2/timeseries/data/CES0500000003,12-month hourly earnings change SA,3.0,VERIFIED,,,,,
CPI,BLS,February 2025,2026-09-11,,0.2,,,2026-09-11,BLS API values; release/vintage corroborated via St. Louis Fed FRED/ALFRED,https://fred.stlouisfed.org/series/CPIAUCSL,CUSR0000SA0,"percent monthly SA change, all urban consumers all items",CURRENT_VINTAGE,VERIFIED,,,METADATA_UNVERIFIED,,https://api.bls.gov/publicAPI/v2/timeseries/data/CUSR0000SA0,August 2026,FRED_ALFRED,BLS_VALUE_FRED_RELEASE_VINTAGE_PARITY,https://api.stlouisfed.org/fred/release/dates,CPIAUCSL,10.0,BLS values available; release metadata unavailable: HTTPError status=403 method=GET endpoint=https://www.bls.gov/feed/cpi.rss; HTTPError status=403 method=GET endpoint=https://www.bls.gov/news.release/cpi.nr0.htm; HTTPError status=403 method=GET endpoint=https://www.bls.gov/news.release/pdf/cpi.pdf,2026-09-11,2026-09-11 08:37:49-05,2026-10-03T20:26:20.522126+00:00,0.2,,,,,,,,,,
CPI,BLS,March 2025,2026-09-11,,0.0,0.2,,2026-09-11,BLS API values; release/vintage corroborated via St. Louis Fed FRED/ALFRED,https://fred.stlouisfed.org/series/CPIAUCSL,CUSR0000SA0,"percent monthly SA change, all urban consumers all items",CURRENT_VINTAGE,VERIFIED,,,METADATA_UNVERIFIED,,https://api.bls.gov/publicAPI/v2/timeseries/data/CUSR0000SA0,August 2026,FRED_ALFRED,BLS_VALUE_FRED_RELEASE_VINTAGE_PARITY,https://api.stlouisfed.org/fred/release/dates,CPIAUCSL,10.0,BLS values available; release metadata unavailable: HTTPError status=403 method=GET endpoint=https://www.bls.gov/feed/cpi.rss; HTTPError status=403 method=GET endpoint=https://www.bls.gov/news.release/cpi.nr0.htm; HTTPError status=403 method=GET endpoint=https://www.bls.gov/news.release/pdf/cpi.pdf,2026-09-11,2026-09-11 08:37:49-05,2026-10-03T20:26:20.522126+00:00,0.0,,,,,,,,,,
CPI,BLS,April 2025,2026-09-11,,0.2,0.0,,2026-09-11,BLS API values; release/vintage corroborated via St. Louis Fed FRED/ALFRED,https://fred.stlouisfed.org/series/CPIAUCSL,CUSR0000SA0,"percent monthly SA change, all urban consumers all items",CURRENT_VINTAGE,VERIFIED,,,METADATA_UNVERIFIED,,https://api.bls.gov/publicAPI/v2/timeseries/data/CUSR0000SA0,August 2026,FRED_ALFRED,BLS_VALUE_FRED_RELEASE_VINTAGE_PARITY,https://api.stlouisfed.org/fred/release/dates,CPIAUCSL,10.0,BLS values available; release metadata unavailable: HTTPError status=403 method=GET endpoint=https://www.bls.gov/feed/cpi.rss; HTTPError status=403 method=GET endpoint=https://www.bls.gov/news.release/cpi.nr0.htm; HTTPError status=403 method=GET endpoint=https://www.bls.gov/news.release/pdf/cpi.pdf,2026-09-11,2026-09-11 08:37:49-05,2026-10-03T20:26:20.522126+00:00,0.2,,,,,,,,,,
CPI,BLS,May 2025,2026-09-11,,0.1,0.2,,2026-09-11,BLS API values; release/vintage corroborated via St. Louis Fed FRED/ALFRED,https://fred.stlouisfed.org/series/CPIAUCSL,CUSR0000SA0,"percent monthly SA change, all urban consumers all items",CURRENT_VINTAGE,VERIFIED,,,METADATA_UNVERIFIED,,https://api.bls.gov/publicAPI/v2/timeseries/data/CUSR0000SA0,August 2026,FRED_ALFRED,BLS_VALUE_FRED_RELEASE_VINTAGE_PARITY,https://api.stlouisfed.org/fred/release/dates,CPIAUCSL,10.0,BLS values available; release metadata unavailable: HTTPError status=403 method=GET endpoint=https://www.bls.gov/feed/cpi.rss; HTTPError status=403 method=GET endpoint=https://www.bls.gov/news.release/cpi.nr0.htm; HTTPError status=403 method=GET endpoint=https://www.bls.gov/news.release/pdf/cpi.pdf,2026-09-11,2026-09-11 08:37:49-05,2026-10-03T20:26:20.522126+00:00,0.1,,,,,,,,,,
CPI,BLS,June 2025,2026-09-11,,0.3,0.1,,2026-09-11,BLS API values; release/vintage corroborated via St. Louis Fed FRED/ALFRED,https://fred.stlouisfed.org/series/CPIAUCSL,CUSR0000SA0,"percent monthly SA change, all urban consumers all items",CURRENT_VINTAGE,VERIFIED,,,METADATA_UNVERIFIED,,https://api.bls.gov/publicAPI/v2/timeseries/data/CUSR0000SA0,August 2026,FRED_ALFRED,BLS_VALUE_FRED_RELEASE_VINTAGE_PARITY,https://api.stlouisfed.org/fred/release/dates,CPIAUCSL,10.0,BLS values available; release metadata unavailable: HTTPError status=403 method=GET endpoint=https://www.bls.gov/feed/cpi.rss; HTTPError status=403 method=GET endpoint=https://www.bls.gov/news.release/cpi.nr0.htm; HTTPError status=403 method=GET endpoint=https://www.bls.gov/news.release/pdf/cpi.pdf,2026-09-11,2026-09-11 08:37:49-05,2026-10-03T20:26:20.522126+00:00,0.3,,,,,,,,,,
CPI,BLS,July 2025,2026-09-11,,0.2,0.3,,2026-09-11,BLS API values; release/vintage corroborated via St. Louis Fed FRED/ALFRED,https://fred.stlouisfed.org/series/CPIAUCSL,CUSR0000SA0,"percent monthly SA change, all urban consumers all items",CURRENT_VINTAGE,VERIFIED,,,METADATA_UNVERIFIED,,https://api.bls.gov/publicAPI/v2/timeseries/data/CUSR0000SA0,August 2026,FRED_ALFRED,BLS_VALUE_FRED_RELEASE_VINTAGE_PARITY,https://api.stlouisfed.org/fred/release/dates,CPIAUCSL,10.0,BLS values available; release metadata unavailable: HTTPError status=403 method=GET endpoint=https://www.bls.gov/feed/cpi.rss; HTTPError status=403 method=GET endpoint=https://www.bls.gov/news.release/cpi.nr0.htm; HTTPError status=403 method=GET endpoint=https://www.bls.gov/news.release/pdf/cpi.pdf,2026-09-11,2026-09-11 08:37:49-05,2026-10-03T20:26:20.522126+00:00,0.2,,,,,,,,,,
CPI,BLS,August 2025,2026-09-11,,0.3,0.2,,2026-09-11,BLS API values; release/vintage corroborated via St. Louis Fed FRED/ALFRED,https://fred.stlouisfed.org/series/CPIAUCSL,CUSR0000SA0,"percent monthly SA change, all urban consumers all items",CURRENT_VINTAGE,VERIFIED,,,METADATA_UNVERIFIED,,https://api.bls.gov/publicAPI/v2/timeseries/data/CUSR0000SA0,August 2026,FRED_ALFRED,BLS_VALUE_FRED_RELEASE_VINTAGE_PARITY,https://api.stlouisfed.org/fred/release/dates,CPIAUCSL,10.0,BLS values available; release metadata unavailable: HTTPError status=403 method=GET endpoint=https://www.bls.gov/feed/cpi.rss; HTTPError status=403 method=GET endpoint=https://www.bls.gov/news.release/cpi.nr0.htm; HTTPError status=403 method=GET endpoint=https://www.bls.gov/news.release/pdf/cpi.pdf,2026-09-11,2026-09-11 08:37:49-05,2026-10-03T20:26:20.522126+00:00,0.3,,,,,,,,,,
CPI,BLS,September 2025,2026-09-11,,0.3,0.3,,2026-09-11,BLS API values; release/vintage corroborated via St. Louis Fed FRED/ALFRED,https://fred.stlouisfed.org/series/CPIAUCSL,CUSR0000SA0,"percent monthly SA change, all urban consumers all items",CURRENT_VINTAGE,VERIFIED,,,METADATA_UNVERIFIED,,https://api.bls.gov/publicAPI/v2/timeseries/data/CUSR0000SA0,August 2026,FRED_ALFRED,BLS_VALUE_FRED_RELEASE_VINTAGE_PARITY,https://api.stlouisfed.org/fred/release/dates,CPIAUCSL,10.0,BLS values available; release metadata unavailable: HTTPError status=403 method=GET endpoint=https://www.bls.gov/feed/cpi.rss; HTTPError status=403 method=GET endpoint=https://www.bls.gov/news.release/cpi.nr0.htm; HTTPError status=403 method=GET endpoint=https://www.bls.gov/news.release/pdf/cpi.pdf,2026-09-11,2026-09-11 08:37:49-05,2026-10-03T20:26:20.522126+00:00,0.3,,,,,,,,,,
CPI,BLS,December 2025,2026-09-11,,0.3,,,2026-09-11,BLS API values; release/vintage corroborated via St. Louis Fed FRED/ALFRED,https://fred.stlouisfed.org/series/CPIAUCSL,CUSR0000SA0,"percent monthly SA change, all urban consumers all items",CURRENT_VINTAGE,VERIFIED,,,METADATA_UNVERIFIED,,https://api.bls.gov/publicAPI/v2/timeseries/data/CUSR0000SA0,August 2026,FRED_ALFRED,BLS_VALUE_FRED_RELEASE_VINTAGE_PARITY,https://api.stlouisfed.org/fred/release/dates,CPIAUCSL,10.0,BLS values available; release metadata unavailable: HTTPError status=403 method=GET endpoint=https://www.bls.gov/feed/cpi.rss; HTTPError status=403 method=GET endpoint=https://www.bls.gov/news.release/cpi.nr0.htm; HTTPError status=403 method=GET endpoint=https://www.bls.gov/news.release/pdf/cpi.pdf,2026-09-11,2026-09-11 08:37:49-05,2026-10-03T20:26:20.522126+00:00,0.3,,,,,,,,,,
CPI,BLS,January 2026,2026-09-11,,0.2,0.3,,2026-09-11,BLS API values; release/vintage corroborated via St. Louis Fed FRED/ALFRED,https://fred.stlouisfed.org/series/CPIAUCSL,CUSR0000SA0,"percent monthly SA change, all urban consumers all items",CURRENT_VINTAGE,VERIFIED,,,METADATA_UNVERIFIED,,https://api.bls.gov/publicAPI/v2/timeseries/data/CUSR0000SA0,August 2026,FRED_ALFRED,BLS_VALUE_FRED_RELEASE_VINTAGE_PARITY,https://api.stlouisfed.org/fred/release/dates,CPIAUCSL,10.0,BLS values available; release metadata unavailable: HTTPError status=403 method=GET endpoint=https://www.bls.gov/feed/cpi.rss; HTTPError status=403 method=GET endpoint=https://www.bls.gov/news.release/cpi.nr0.htm; HTTPError status=403 method=GET endpoint=https://www.bls.gov/news.release/pdf/cpi.pdf,2026-09-11,2026-09-11 08:37:49-05,2026-10-03T20:26:20.522126+00:00,0.2,,,,,,,,,,
CPI,BLS,February 2026,2026-09-11,,0.3,0.2,,2026-09-11,BLS API values; release/vintage corroborated via St. Louis Fed FRED/ALFRED,https://fred.stlouisfed.org/series/CPIAUCSL,CUSR0000SA0,"percent monthly SA change, all urban consumers all items",CURRENT_VINTAGE,VERIFIED,,,METADATA_UNVERIFIED,,https://api.bls.gov/publicAPI/v2/timeseries/data/CUSR0000SA0,August 2026,FRED_ALFRED,BLS_VALUE_FRED_RELEASE_VINTAGE_PARITY,https://api.stlouisfed.org/fred/release/dates,CPIAUCSL,10.0,BLS values available; release metadata unavailable: HTTPError status=403 method=GET endpoint=https://www.bls.gov/feed/cpi.rss; HTTPError status=403 method=GET endpoint=https://www.bls.gov/news.release/cpi.nr0.htm; HTTPError status=403 method=GET endpoint=https://www.bls.gov/news.release/pdf/cpi.pdf,2026-09-11,2026-09-11 08:37:49-05,2026-10-03T20:26:20.522126+00:00,0.3,,,,,,,,,,
CPI,BLS,March 2026,2026-09-11,,0.9,0.3,,2026-09-11,BLS API values; release/vintage corroborated via St. Louis Fed FRED/ALFRED,https://fred.stlouisfed.org/series/CPIAUCSL,CUSR0000SA0,"percent monthly SA change, all urban consumers all items",CURRENT_VINTAGE,VERIFIED,,,METADATA_UNVERIFIED,,https://api.bls.gov/publicAPI/v2/timeseries/data/CUSR0000SA0,August 2026,FRED_ALFRED,BLS_VALUE_FRED_RELEASE_VINTAGE_PARITY,https://api.stlouisfed.org/fred/release/dates,CPIAUCSL,10.0,BLS values available; release metadata unavailable: HTTPError status=403 method=GET endpoint=https://www.bls.gov/feed/cpi.rss; HTTPError status=403 method=GET endpoint=https://www.bls.gov/news.release/cpi.nr0.htm; HTTPError status=403 method=GET endpoint=https://www.bls.gov/news.release/pdf/cpi.pdf,2026-09-11,2026-09-11 08:37:49-05,2026-10-03T20:26:20.522126+00:00,0.9,,,,,,,,,,
CPI,BLS,April 2026,2026-09-11,,0.6,0.9,,2026-09-11,BLS API values; release/vintage corroborated via St. Louis Fed FRED/ALFRED,https://fred.stlouisfed.org/series/CPIAUCSL,CUSR0000SA0,"percent monthly SA change, all urban consumers all items",CURRENT_VINTAGE,VERIFIED,,,METADATA_UNVERIFIED,,https://api.bls.gov/publicAPI/v2/timeseries/data/CUSR0000SA0,August 2026,FRED_ALFRED,BLS_VALUE_FRED_RELEASE_VINTAGE_PARITY,https://api.stlouisfed.org/fred/release/dates,CPIAUCSL,10.0,BLS values available; release metadata unavailable: HTTPError status=403 method=GET endpoint=https://www.bls.gov/feed/cpi.rss; HTTPError status=403 method=GET endpoint=https://www.bls.gov/news.release/cpi.nr0.htm; HTTPError status=403 method=GET endpoint=https://www.bls.gov/news.release/pdf/cpi.pdf,2026-09-11,2026-09-11 08:37:49-05,2026-10-03T20:26:20.522126+00:00,0.6,,,,,,,,,,
CPI,BLS,May 2026,2026-09-11,,0.5,0.6,,2026-09-11,BLS API values; release/vintage corroborated via St. Louis Fed FRED/ALFRED,https://fred.stlouisfed.org/series/CPIAUCSL,CUSR0000SA0,"percent monthly SA change, all urban consumers all items",CURRENT_VINTAGE,VERIFIED,,,METADATA_UNVERIFIED,,https://api.bls.gov/publicAPI/v2/timeseries/data/CUSR0000SA0,August 2026,FRED_ALFRED,BLS_VALUE_FRED_RELEASE_VINTAGE_PARITY,https://api.stlouisfed.org/fred/release/dates,CPIAUCSL,10.0,BLS values available; release metadata unavailable: HTTPError status=403 method=GET endpoint=https://www.bls.gov/feed/cpi.rss; HTTPError status=403 method=GET endpoint=https://www.bls.gov/news.release/cpi.nr0.htm; HTTPError status=403 method=GET endpoint=https://www.bls.gov/news.release/pdf/cpi.pdf,2026-09-11,2026-09-11 08:37:49-05,2026-10-03T20:26:20.522126+00:00,0.5,,,,,,,,,,
CPI,BLS,June 2026,2026-09-11,,-0.4,0.5,,2026-09-11,BLS API values; release/vintage corroborated via St. Louis Fed FRED/ALFRED,https://fred.stlouisfed.org/series/CPIAUCSL,CUSR0000SA0,"percent monthly SA change, all urban consumers all items",CURRENT_VINTAGE,VERIFIED,,,METADATA_UNVERIFIED,,https://api.bls.gov/publicAPI/v2/timeseries/data/CUSR0000SA0,August 2026,FRED_ALFRED,BLS_VALUE_FRED_RELEASE_VINTAGE_PARITY,https://api.stlouisfed.org/fred/release/dates,CPIAUCSL,10.0,BLS values available; release metadata unavailable: HTTPError status=403 method=GET endpoint=https://www.bls.gov/feed/cpi.rss; HTTPError status=403 method=GET endpoint=https://www.bls.gov/news.release/cpi.nr0.htm; HTTPError status=403 method=GET endpoint=https://www.bls.gov/news.release/pdf/cpi.pdf,2026-09-11,2026-09-11 08:37:49-05,2026-10-03T20:26:20.522126+00:00,-0.4,,,,,,,,,,
CPI,BLS,July 2026,2026-09-11,,0.1,-0.4,,2026-09-11,BLS API values; release/vintage corroborated via St. Louis Fed FRED/ALFRED,https://fred.stlouisfed.org/series/CPIAUCSL,CUSR0000SA0,"percent monthly SA change, all urban consumers all items",CURRENT_VINTAGE,VERIFIED,,,METADATA_UNVERIFIED,,https://api.bls.gov/publicAPI/v2/timeseries/data/CUSR0000SA0,August 2026,FRED_ALFRED,BLS_VALUE_FRED_RELEASE_VINTAGE_PARITY,https://api.stlouisfed.org/fred/release/dates,CPIAUCSL,10.0,BLS values available; release metadata unavailable: HTTPError status=403 method=GET endpoint=https://www.bls.gov/feed/cpi.rss; HTTPError status=403 method=GET endpoint=https://www.bls.gov/news.release/cpi.nr0.htm; HTTPError status=403 method=GET endpoint=https://www.bls.gov/news.release/pdf/cpi.pdf,2026-09-11,2026-09-11 08:37:49-05,2026-10-03T20:26:20.522126+00:00,0.1,,,,,,,,,,
CPI,BLS,August 2026,2026-09-11,,0.4,0.1,,2026-09-11,BLS API values; release/vintage corroborated via St. Louis Fed FRED/ALFRED,https://fred.stlouisfed.org/series/CPIAUCSL,CUSR0000SA0,"percent monthly SA change, all urban consumers all items",CURRENT_VINTAGE,VERIFIED,,,METADATA_UNVERIFIED,,https://api.bls.gov/publicAPI/v2/timeseries/data/CUSR0000SA0,August 2026,FRED_ALFRED,BLS_VALUE_FRED_RELEASE_VINTAGE_PARITY,https://api.stlouisfed.org/fred/release/dates,CPIAUCSL,10.0,BLS values available; release metadata unavailable: HTTPError status=403 method=GET endpoint=https://www.bls.gov/feed/cpi.rss; HTTPError status=403 method=GET endpoint=https://www.bls.gov/news.release/cpi.nr0.htm; HTTPError status=403 method=GET endpoint=https://www.bls.gov/news.release/pdf/cpi.pdf,2026-09-11,2026-09-11 08:37:49-05,2026-10-03T20:26:20.522126+00:00,0.4,CUUR0000SA0,https://api.bls.gov/publicAPI/v2/timeseries/data/CUUR0000SA0,12-month index change NSA,3.4,VERIFIED,,,,,
CORE_CPI,BLS,February 2025,2026-09-11,,0.3,,,2026-09-11,BLS API values; release/vintage corroborated via St. Louis Fed FRED/ALFRED,https://fred.stlouisfed.org/series/CPILFESL,CUSR0000SA0L1E,"percent monthly SA change, all items less food and energy",CURRENT_VINTAGE,VERIFIED,,,METADATA_UNVERIFIED,,https://api.bls.gov/publicAPI/v2/timeseries/data/CUSR0000SA0L1E,August 2026,FRED_ALFRED,BLS_VALUE_FRED_RELEASE_VINTAGE_PARITY,https://api.stlouisfed.org/fred/release/dates,CPILFESL,10.0,BLS values available; release metadata unavailable: HTTPError status=403 method=GET endpoint=https://www.bls.gov/feed/cpi.rss; HTTPError status=403 method=GET endpoint=https://www.bls.gov/news.release/cpi.nr0.htm; HTTPError status=403 method=GET endpoint=https://www.bls.gov/news.release/pdf/cpi.pdf,2026-09-11,2026-09-11 08:37:53-05,2026-10-03T20:26:20.522126+00:00,0.3,,,,,,,,,,
CORE_CPI,BLS,March 2025,2026-09-11,,0.1,0.3,,2026-09-11,BLS API values; release/vintage corroborated via St. Louis Fed FRED/ALFRED,https://fred.stlouisfed.org/series/CPILFESL,CUSR0000SA0L1E,"percent monthly SA change, all items less food and energy",CURRENT_VINTAGE,VERIFIED,,,METADATA_UNVERIFIED,,https://api.bls.gov/publicAPI/v2/timeseries/data/CUSR0000SA0L1E,August 2026,FRED_ALFRED,BLS_VALUE_FRED_RELEASE_VINTAGE_PARITY,https://api.stlouisfed.org/fred/release/dates,CPILFESL,10.0,BLS values available; release metadata unavailable: HTTPError status=403 method=GET endpoint=https://www.bls.gov/feed/cpi.rss; HTTPError status=403 method=GET endpoint=https://www.bls.gov/news.release/cpi.nr0.htm; HTTPError status=403 method=GET endpoint=https://www.bls.gov/news.release/pdf/cpi.pdf,2026-09-11,2026-09-11 08:37:53-05,2026-10-03T20:26:20.522126+00:00,0.1,,,,,,,,,,
CORE_CPI,BLS,April 2025,2026-09-11,,0.2,0.1,,2026-09-11,BLS API values; release/vintage corroborated via St. Louis Fed FRED/ALFRED,https://fred.stlouisfed.org/series/CPILFESL,CUSR0000SA0L1E,"percent monthly SA change, all items less food and energy",CURRENT_VINTAGE,VERIFIED,,,METADATA_UNVERIFIED,,https://api.bls.gov/publicAPI/v2/timeseries/data/CUSR0000SA0L1E,August 2026,FRED_ALFRED,BLS_VALUE_FRED_RELEASE_VINTAGE_PARITY,https://api.stlouisfed.org/fred/release/dates,CPILFESL,10.0,BLS values available; release metadata unavailable: HTTPError status=403 method=GET endpoint=https://www.bls.gov/feed/cpi.rss; HTTPError status=403 method=GET endpoint=https://www.bls.gov/news.release/cpi.nr0.htm; HTTPError status=403 method=GET endpoint=https://www.bls.gov/news.release/pdf/cpi.pdf,2026-09-11,2026-09-11 08:37:53-05,2026-10-03T20:26:20.522126+00:00,0.2,,,,,,,,,,
CORE_CPI,BLS,May 2025,2026-09-11,,0.1,0.2,,2026-09-11,BLS API values; release/vintage corroborated via St. Louis Fed FRED/ALFRED,https://fred.stlouisfed.org/series/CPILFESL,CUSR0000SA0L1E,"percent monthly SA change, all items less food and energy",CURRENT_VINTAGE,VERIFIED,,,METADATA_UNVERIFIED,,https://api.bls.gov/publicAPI/v2/timeseries/data/CUSR0000SA0L1E,August 2026,FRED_ALFRED,BLS_VALUE_FRED_RELEASE_VINTAGE_PARITY,https://api.stlouisfed.org/fred/release/dates,CPILFESL,10.0,BLS values available; release metadata unavailable: HTTPError status=403 method=GET endpoint=https://www.bls.gov/feed/cpi.rss; HTTPError status=403 method=GET endpoint=https://www.bls.gov/news.release/cpi.nr0.htm; HTTPError status=403 method=GET endpoint=https://www.bls.gov/news.release/pdf/cpi.pdf,2026-09-11,2026-09-11 08:37:53-05,2026-10-03T20:26:20.522126+00:00,0.1,,,,,,,,,,
CORE_CPI,BLS,June 2025,2026-09-11,,0.2,0.1,,2026-09-11,BLS API values; release/vintage corroborated via St. Louis Fed FRED/ALFRED,https://fred.stlouisfed.org/series/CPILFESL,CUSR0000SA0L1E,"percent monthly SA change, all items less food and energy",CURRENT_VINTAGE,VERIFIED,,,METADATA_UNVERIFIED,,https://api.bls.gov/publicAPI/v2/timeseries/data/CUSR0000SA0L1E,August 2026,FRED_ALFRED,BLS_VALUE_FRED_RELEASE_VINTAGE_PARITY,https://api.stlouisfed.org/fred/release/dates,CPILFESL,10.0,BLS values available; release metadata unavailable: HTTPError status=403 method=GET endpoint=https://www.bls.gov/feed/cpi.rss; HTTPError status=403 method=GET endpoint=https://www.bls.gov/news.release/cpi.nr0.htm; HTTPError status=403 method=GET endpoint=https://www.bls.gov/news.release/pdf/cpi.pdf,2026-09-11,2026-09-11 08:37:53-05,2026-10-03T20:26:20.522126+00:00,0.2,,,,,,,,,,
CORE_CPI,BLS,July 2025,2026-09-11,,0.3,0.2,,2026-09-11,BLS API values; release/vintage corroborated via St. Louis Fed FRED/ALFRED,https://fred.stlouisfed.org/series/CPILFESL,CUSR0000SA0L1E,"percent monthly SA change, all items less food and energy",CURRENT_VINTAGE,VERIFIED,,,METADATA_UNVERIFIED,,https://api.bls.gov/publicAPI/v2/timeseries/data/CUSR0000SA0L1E,August 2026,FRED_ALFRED,BLS_VALUE_FRED_RELEASE_VINTAGE_PARITY,https://api.stlouisfed.org/fred/release/dates,CPILFESL,10.0,BLS values available; release metadata unavailable: HTTPError status=403 method=GET endpoint=https://www.bls.gov/feed/cpi.rss; HTTPError status=403 method=GET endpoint=https://www.bls.gov/news.release/cpi.nr0.htm; HTTPError status=403 method=GET endpoint=https://www.bls.gov/news.release/pdf/cpi.pdf,2026-09-11,2026-09-11 08:37:53-05,2026-10-03T20:26:20.522126+00:00,0.3,,,,,,,,,,
CORE_CPI,BLS,August 2025,2026-09-11,,0.3,0.3,,2026-09-11,BLS API values; release/vintage corroborated via St. Louis Fed FRED/ALFRED,https://fred.stlouisfed.org/series/CPILFESL,CUSR0000SA0L1E,"percent monthly SA change, all items less food and energy",CURRENT_VINTAGE,VERIFIED,,,METADATA_UNVERIFIED,,https://api.bls.gov/publicAPI/v2/timeseries/data/CUSR0000SA0L1E,August 2026,FRED_ALFRED,BLS_VALUE_FRED_RELEASE_VINTAGE_PARITY,https://api.stlouisfed.org/fred/release/dates,CPILFESL,10.0,BLS values available; release metadata unavailable: HTTPError status=403 method=GET endpoint=https://www.bls.gov/feed/cpi.rss; HTTPError status=403 method=GET endpoint=https://www.bls.gov/news.release/cpi.nr0.htm; HTTPError status=403 method=GET endpoint=https://www.bls.gov/news.release/pdf/cpi.pdf,2026-09-11,2026-09-11 08:37:53-05,2026-10-03T20:26:20.522126+00:00,0.3,,,,,,,,,,
CORE_CPI,BLS,September 2025,2026-09-11,,0.2,0.3,,2026-09-11,BLS API values; release/vintage corroborated via St. Louis Fed FRED/ALFRED,https://fred.stlouisfed.org/series/CPILFESL,CUSR0000SA0L1E,"percent monthly SA change, all items less food and energy",CURRENT_VINTAGE,VERIFIED,,,METADATA_UNVERIFIED,,https://api.bls.gov/publicAPI/v2/timeseries/data/CUSR0000SA0L1E,August 2026,FRED_ALFRED,BLS_VALUE_FRED_RELEASE_VINTAGE_PARITY,https://api.stlouisfed.org/fred/release/dates,CPILFESL,10.0,BLS values available; release metadata unavailable: HTTPError status=403 method=GET endpoint=https://www.bls.gov/feed/cpi.rss; HTTPError status=403 method=GET endpoint=https://www.bls.gov/news.release/cpi.nr0.htm; HTTPError status=403 method=GET endpoint=https://www.bls.gov/news.release/pdf/cpi.pdf,2026-09-11,2026-09-11 08:37:53-05,2026-10-03T20:26:20.522126+00:00,0.2,,,,,,,,,,
CORE_CPI,BLS,December 2025,2026-09-11,,0.2,,,2026-09-11,BLS API values; release/vintage corroborated via St. Louis Fed FRED/ALFRED,https://fred.stlouisfed.org/series/CPILFESL,CUSR0000SA0L1E,"percent monthly SA change, all items less food and energy",CURRENT_VINTAGE,VERIFIED,,,METADATA_UNVERIFIED,,https://api.bls.gov/publicAPI/v2/timeseries/data/CUSR0000SA0L1E,August 2026,FRED_ALFRED,BLS_VALUE_FRED_RELEASE_VINTAGE_PARITY,https://api.stlouisfed.org/fred/release/dates,CPILFESL,10.0,BLS values available; release metadata unavailable: HTTPError status=403 method=GET endpoint=https://www.bls.gov/feed/cpi.rss; HTTPError status=403 method=GET endpoint=https://www.bls.gov/news.release/cpi.nr0.htm; HTTPError status=403 method=GET endpoint=https://www.bls.gov/news.release/pdf/cpi.pdf,2026-09-11,2026-09-11 08:37:53-05,2026-10-03T20:26:20.522126+00:00,0.2,,,,,,,,,,
CORE_CPI,BLS,January 2026,2026-09-11,,0.3,0.2,,2026-09-11,BLS API values; release/vintage corroborated via St. Louis Fed FRED/ALFRED,https://fred.stlouisfed.org/series/CPILFESL,CUSR0000SA0L1E,"percent monthly SA change, all items less food and energy",CURRENT_VINTAGE,VERIFIED,,,METADATA_UNVERIFIED,,https://api.bls.gov/publicAPI/v2/timeseries/data/CUSR0000SA0L1E,August 2026,FRED_ALFRED,BLS_VALUE_FRED_RELEASE_VINTAGE_PARITY,https://api.stlouisfed.org/fred/release/dates,CPILFESL,10.0,BLS values available; release metadata unavailable: HTTPError status=403 method=GET endpoint=https://www.bls.gov/feed/cpi.rss; HTTPError status=403 method=GET endpoint=https://www.bls.gov/news.release/cpi.nr0.htm; HTTPError status=403 method=GET endpoint=https://www.bls.gov/news.release/pdf/cpi.pdf,2026-09-11,2026-09-11 08:37:53-05,2026-10-03T20:26:20.522126+00:00,0.3,,,,,,,,,,
CORE_CPI,BLS,February 2026,2026-09-11,,0.2,0.3,,2026-09-11,BLS API values; release/vintage corroborated via St. Louis Fed FRED/ALFRED,https://fred.stlouisfed.org/series/CPILFESL,CUSR0000SA0L1E,"percent monthly SA change, all items less food and energy",CURRENT_VINTAGE,VERIFIED,,,METADATA_UNVERIFIED,,https://api.bls.gov/publicAPI/v2/timeseries/data/CUSR0000SA0L1E,August 2026,FRED_ALFRED,BLS_VALUE_FRED_RELEASE_VINTAGE_PARITY,https://api.stlouisfed.org/fred/release/dates,CPILFESL,10.0,BLS values available; release metadata unavailable: HTTPError status=403 method=GET endpoint=https://www.bls.gov/feed/cpi.rss; HTTPError status=403 method=GET endpoint=https://www.bls.gov/news.release/cpi.nr0.htm; HTTPError status=403 method=GET endpoint=https://www.bls.gov/news.release/pdf/cpi.pdf,2026-09-11,2026-09-11 08:37:53-05,2026-10-03T20:26:20.522126+00:00,0.2,,,,,,,,,,
CORE_CPI,BLS,March 2026,2026-09-11,,0.2,0.2,,2026-09-11,BLS API values; release/vintage corroborated via St. Louis Fed FRED/ALFRED,https://fred.stlouisfed.org/series/CPILFESL,CUSR0000SA0L1E,"percent monthly SA change, all items less food and energy",CURRENT_VINTAGE,VERIFIED,,,METADATA_UNVERIFIED,,https://api.bls.gov/publicAPI/v2/timeseries/data/CUSR0000SA0L1E,August 2026,FRED_ALFRED,BLS_VALUE_FRED_RELEASE_VINTAGE_PARITY,https://api.stlouisfed.org/fred/release/dates,CPILFESL,10.0,BLS values available; release metadata unavailable: HTTPError status=403 method=GET endpoint=https://www.bls.gov/feed/cpi.rss; HTTPError status=403 method=GET endpoint=https://www.bls.gov/news.release/cpi.nr0.htm; HTTPError status=403 method=GET endpoint=https://www.bls.gov/news.release/pdf/cpi.pdf,2026-09-11,2026-09-11 08:37:53-05,2026-10-03T20:26:20.522126+00:00,0.2,,,,,,,,,,
CORE_CPI,BLS,April 2026,2026-09-11,,0.4,0.2,,2026-09-11,BLS API values; release/vintage corroborated via St. Louis Fed FRED/ALFRED,https://fred.stlouisfed.org/series/CPILFESL,CUSR0000SA0L1E,"percent monthly SA change, all items less food and energy",CURRENT_VINTAGE,VERIFIED,,,METADATA_UNVERIFIED,,https://api.bls.gov/publicAPI/v2/timeseries/data/CUSR0000SA0L1E,August 2026,FRED_ALFRED,BLS_VALUE_FRED_RELEASE_VINTAGE_PARITY,https://api.stlouisfed.org/fred/release/dates,CPILFESL,10.0,BLS values available; release metadata unavailable: HTTPError status=403 method=GET endpoint=https://www.bls.gov/feed/cpi.rss; HTTPError status=403 method=GET endpoint=https://www.bls.gov/news.release/cpi.nr0.htm; HTTPError status=403 method=GET endpoint=https://www.bls.gov/news.release/pdf/cpi.pdf,2026-09-11,2026-09-11 08:37:53-05,2026-10-03T20:26:20.522126+00:00,0.4,,,,,,,,,,
CORE_CPI,BLS,May 2026,2026-09-11,,0.2,0.4,,2026-09-11,BLS API values; release/vintage corroborated via St. Louis Fed FRED/ALFRED,https://fred.stlouisfed.org/series/CPILFESL,CUSR0000SA0L1E,"percent monthly SA change, all items less food and energy",CURRENT_VINTAGE,VERIFIED,,,METADATA_UNVERIFIED,,https://api.bls.gov/publicAPI/v2/timeseries/data/CUSR0000SA0L1E,August 2026,FRED_ALFRED,BLS_VALUE_FRED_RELEASE_VINTAGE_PARITY,https://api.stlouisfed.org/fred/release/dates,CPILFESL,10.0,BLS values available; release metadata unavailable: HTTPError status=403 method=GET endpoint=https://www.bls.gov/feed/cpi.rss; HTTPError status=403 method=GET endpoint=https://www.bls.gov/news.release/cpi.nr0.htm; HTTPError status=403 method=GET endpoint=https://www.bls.gov/news.release/pdf/cpi.pdf,2026-09-11,2026-09-11 08:37:53-05,2026-10-03T20:26:20.522126+00:00,0.2,,,,,,,,,,
CORE_CPI,BLS,June 2026,2026-09-11,,-0.0,0.2,,2026-09-11,BLS API values; release/vintage corroborated via St. Louis Fed FRED/ALFRED,https://fred.stlouisfed.org/series/CPILFESL,CUSR0000SA0L1E,"percent monthly SA change, all items less food and energy",CURRENT_VINTAGE,VERIFIED,,,METADATA_UNVERIFIED,,https://api.bls.gov/publicAPI/v2/timeseries/data/CUSR0000SA0L1E,August 2026,FRED_ALFRED,BLS_VALUE_FRED_RELEASE_VINTAGE_PARITY,https://api.stlouisfed.org/fred/release/dates,CPILFESL,10.0,BLS values available; release metadata unavailable: HTTPError status=403 method=GET endpoint=https://www.bls.gov/feed/cpi.rss; HTTPError status=403 method=GET endpoint=https://www.bls.gov/news.release/cpi.nr0.htm; HTTPError status=403 method=GET endpoint=https://www.bls.gov/news.release/pdf/cpi.pdf,2026-09-11,2026-09-11 08:37:53-05,2026-10-03T20:26:20.522126+00:00,-0.0,,,,,,,,,,
CORE_CPI,BLS,July 2026,2026-09-11,,0.2,-0.0,,2026-09-11,BLS API values; release/vintage corroborated via St. Louis Fed FRED/ALFRED,https://fred.stlouisfed.org/series/CPILFESL,CUSR0000SA0L1E,"percent monthly SA change, all items less food and energy",CURRENT_VINTAGE,VERIFIED,,,METADATA_UNVERIFIED,,https://api.bls.gov/publicAPI/v2/timeseries/data/CUSR0000SA0L1E,August 2026,FRED_ALFRED,BLS_VALUE_FRED_RELEASE_VINTAGE_PARITY,https://api.stlouisfed.org/fred/release/dates,CPILFESL,10.0,BLS values available; release metadata unavailable: HTTPError status=403 method=GET endpoint=https://www.bls.gov/feed/cpi.rss; HTTPError status=403 method=GET endpoint=https://www.bls.gov/news.release/cpi.nr0.htm; HTTPError status=403 method=GET endpoint=https://www.bls.gov/news.release/pdf/cpi.pdf,2026-09-11,2026-09-11 08:37:53-05,2026-10-03T20:26:20.522126+00:00,0.2,,,,,,,,,,
CORE_CPI,BLS,August 2026,2026-09-11,,0.3,0.2,,2026-09-11,BLS API values; release/vintage corroborated via St. Louis Fed FRED/ALFRED,https://fred.stlouisfed.org/series/CPILFESL,CUSR0000SA0L1E,"percent monthly SA change, all items less food and energy",CURRENT_VINTAGE,VERIFIED,,,METADATA_UNVERIFIED,,https://api.bls.gov/publicAPI/v2/timeseries/data/CUSR0000SA0L1E,August 2026,FRED_ALFRED,BLS_VALUE_FRED_RELEASE_VINTAGE_PARITY,https://api.stlouisfed.org/fred/release/dates,CPILFESL,10.0,BLS values available; release metadata unavailable: HTTPError status=403 method=GET endpoint=https://www.bls.gov/feed/cpi.rss; HTTPError status=403 method=GET endpoint=https://www.bls.gov/news.release/cpi.nr0.htm; HTTPError status=403 method=GET endpoint=https://www.bls.gov/news.release/pdf/cpi.pdf,2026-09-11,2026-09-11 08:37:53-05,2026-10-03T20:26:20.522126+00:00,0.3,CUUR0000SA0L1E,https://api.bls.gov/publicAPI/v2/timeseries/data/CUUR0000SA0L1E,12-month index change NSA,2.4,VERIFIED,,,,,
PPI_FINAL_DEMAND,BLS,February 2025,2026-09-10,,0.2,,,2026-09-10,BLS API values; release/vintage corroborated via St. Louis Fed FRED/ALFRED,https://fred.stlouisfed.org/series/PPIFIS,WPSFD4,"percent monthly SA change, final demand",CURRENT_VINTAGE,VERIFIED,,,METADATA_UNVERIFIED,,https://api.bls.gov/publicAPI/v2/timeseries/data/WPSFD4,August 2026,FRED_ALFRED,BLS_VALUE_FRED_RELEASE_VINTAGE_PARITY,https://api.stlouisfed.org/fred/release/dates,PPIFIS,46.0,BLS values available; release metadata unavailable: HTTPError status=403 method=GET endpoint=https://www.bls.gov/feed/ppi.rss; HTTPError status=403 method=GET endpoint=https://www.bls.gov/news.release/ppi.nr0.htm; HTTPError status=403 method=GET endpoint=https://www.bls.gov/news.release/pdf/ppi.pdf,2026-09-10,2026-09-10 11:53:37-05,2026-10-03T20:26:20.522126+00:00,0.2,,,,,,,,,,
PPI_FINAL_DEMAND,BLS,March 2025,2026-09-10,,-0.1,0.2,,2026-09-10,BLS API values; release/vintage corroborated via St. Louis Fed FRED/ALFRED,https://fred.stlouisfed.org/series/PPIFIS,WPSFD4,"percent monthly SA change, final demand",CURRENT_VINTAGE,VERIFIED,,,METADATA_UNVERIFIED,,https://api.bls.gov/publicAPI/v2/timeseries/data/WPSFD4,August 2026,FRED_ALFRED,BLS_VALUE_FRED_RELEASE_VINTAGE_PARITY,https://api.stlouisfed.org/fred/release/dates,PPIFIS,46.0,BLS values available; release metadata unavailable: HTTPError status=403 method=GET endpoint=https://www.bls.gov/feed/ppi.rss; HTTPError status=403 method=GET endpoint=https://www.bls.gov/news.release/ppi.nr0.htm; HTTPError status=403 method=GET endpoint=https://www.bls.gov/news.release/pdf/ppi.pdf,2026-09-10,2026-09-10 11:53:37-05,2026-10-03T20:26:20.522126+00:00,-0.1,,,,,,,,,,
PPI_FINAL_DEMAND,BLS,April 2025,2026-09-10,,-0.3,-0.1,,2026-09-10,BLS API values; release/vintage corroborated via St. Louis Fed FRED/ALFRED,https://fred.stlouisfed.org/series/PPIFIS,WPSFD4,"percent monthly SA change, final demand",CURRENT_VINTAGE,VERIFIED,,,METADATA_UNVERIFIED,,https://api.bls.gov/publicAPI/v2/timeseries/data/WPSFD4,August 2026,FRED_ALFRED,BLS_VALUE_FRED_RELEASE_VINTAGE_PARITY,https://api.stlouisfed.org/fred/release/dates,PPIFIS,46.0,BLS values available; release metadata unavailable: HTTPError status=403 method=GET endpoint=https://www.bls.gov/feed/ppi.rss; HTTPError status=403 method=GET endpoint=https://www.bls.gov/news.release/ppi.nr0.htm; HTTPError status=403 method=GET endpoint=https://www.bls.gov/news.release/pdf/ppi.pdf,2026-09-10,2026-09-10 11:53:37-05,2026-10-03T20:26:20.522126+00:00,-0.3,,,,,,,,,,
PPI_FINAL_DEMAND,BLS,May 2025,2026-09-10,,0.3,-0.3,,2026-09-10,BLS API values; release/vintage corroborated via St. Louis Fed FRED/ALFRED,https://fred.stlouisfed.org/series/PPIFIS,WPSFD4,"percent monthly SA change, final demand",CURRENT_VINTAGE,VERIFIED,,,METADATA_UNVERIFIED,,https://api.bls.gov/publicAPI/v2/timeseries/data/WPSFD4,August 2026,FRED_ALFRED,BLS_VALUE_FRED_RELEASE_VINTAGE_PARITY,https://api.stlouisfed.org/fred/release/dates,PPIFIS,46.0,BLS values available; release metadata unavailable: HTTPError status=403 method=GET endpoint=https://www.bls.gov/feed/ppi.rss; HTTPError status=403 method=GET endpoint=https://www.bls.gov/news.release/ppi.nr0.htm; HTTPError status=403 method=GET endpoint=https://www.bls.gov/news.release/pdf/ppi.pdf,2026-09-10,2026-09-10 11:53:37-05,2026-10-03T20:26:20.522126+00:00,0.3,,,,,,,,,,
PPI_FINAL_DEMAND,BLS,June 2025,2026-09-10,,0.2,0.3,,2026-09-10,BLS API values; release/vintage corroborated via St. Louis Fed FRED/ALFRED,https://fred.stlouisfed.org/series/PPIFIS,WPSFD4,"percent monthly SA change, final demand",CURRENT_VINTAGE,VERIFIED,,,METADATA_UNVERIFIED,,https://api.bls.gov/publicAPI/v2/timeseries/data/WPSFD4,August 2026,FRED_ALFRED,BLS_VALUE_FRED_RELEASE_VINTAGE_PARITY,https://api.stlouisfed.org/fred/release/dates,PPIFIS,46.0,BLS values available; release metadata unavailable: HTTPError status=403 method=GET endpoint=https://www.bls.gov/feed/ppi.rss; HTTPError status=403 method=GET endpoint=https://www.bls.gov/news.release/ppi.nr0.htm; HTTPError status=403 method=GET endpoint=https://www.bls.gov/news.release/pdf/ppi.pdf,2026-09-10,2026-09-10 11:53:37-05,2026-10-03T20:26:20.522126+00:00,0.2,,,,,,,,,,
PPI_FINAL_DEMAND,BLS,July 2025,2026-09-10,,0.8,0.2,,2026-09-10,BLS API values; release/vintage corroborated via St. Louis Fed FRED/ALFRED,https://fred.stlouisfed.org/series/PPIFIS,WPSFD4,"percent monthly SA change, final demand",CURRENT_VINTAGE,VERIFIED,,,METADATA_UNVERIFIED,,https://api.bls.gov/publicAPI/v2/timeseries/data/WPSFD4,August 2026,FRED_ALFRED,BLS_VALUE_FRED_RELEASE_VINTAGE_PARITY,https://api.stlouisfed.org/fred/release/dates,PPIFIS,46.0,BLS values available; release metadata unavailable: HTTPError status=403 method=GET endpoint=https://www.bls.gov/feed/ppi.rss; HTTPError status=403 method=GET endpoint=https://www.bls.gov/news.release/ppi.nr0.htm; HTTPError status=403 method=GET endpoint=https://www.bls.gov/news.release/pdf/ppi.pdf,2026-09-10,2026-09-10 11:53:37-05,2026-10-03T20:26:20.522126+00:00,0.8,,,,,,,,,,
PPI_FINAL_DEMAND,BLS,August 2025,2026-09-10,,-0.2,0.8,,2026-09-10,BLS API values; release/vintage corroborated via St. Louis Fed FRED/ALFRED,https://fred.stlouisfed.org/series/PPIFIS,WPSFD4,"percent monthly SA change, final demand",CURRENT_VINTAGE,VERIFIED,,,METADATA_UNVERIFIED,,https://api.bls.gov/publicAPI/v2/timeseries/data/WPSFD4,August 2026,FRED_ALFRED,BLS_VALUE_FRED_RELEASE_VINTAGE_PARITY,https://api.stlouisfed.org/fred/release/dates,PPIFIS,46.0,BLS values available; release metadata unavailable: HTTPError status=403 method=GET endpoint=https://www.bls.gov/feed/ppi.rss; HTTPError status=403 method=GET endpoint=https://www.bls.gov/news.release/ppi.nr0.htm; HTTPError status=403 method=GET endpoint=https://www.bls.gov/news.release/pdf/ppi.pdf,2026-09-10,2026-09-10 11:53:37-05,2026-10-03T20:26:20.522126+00:00,-0.2,,,,,,,,,,
PPI_FINAL_DEMAND,BLS,September 2025,2026-09-10,,0.6,-0.2,,2026-09-10,BLS API values; release/vintage corroborated via St. Louis Fed FRED/ALFRED,https://fred.stlouisfed.org/series/PPIFIS,WPSFD4,"percent monthly SA change, final demand",CURRENT_VINTAGE,VERIFIED,,,METADATA_UNVERIFIED,,https://api.bls.gov/publicAPI/v2/timeseries/data/WPSFD4,August 2026,FRED_ALFRED,BLS_VALUE_FRED_RELEASE_VINTAGE_PARITY,https://api.stlouisfed.org/fred/release/dates,PPIFIS,46.0,BLS values available; release metadata unavailable: HTTPError status=403 method=GET endpoint=https://www.bls.gov/feed/ppi.rss; HTTPError status=403 method=GET endpoint=https://www.bls.gov/news.release/ppi.nr0.htm; HTTPError status=403 method=GET endpoint=https://www.bls.gov/news.release/pdf/ppi.pdf,2026-09-10,2026-09-10 11:53:37-05,2026-10-03T20:26:20.522126+00:00,0.6,,,,,,,,,,
PPI_FINAL_DEMAND,BLS,October 2025,2026-09-10,,0.1,0.6,,2026-09-10,BLS API values; release/vintage corroborated via St. Louis Fed FRED/ALFRED,https://fred.stlouisfed.org/series/PPIFIS,WPSFD4,"percent monthly SA change, final demand",CURRENT_VINTAGE,VERIFIED,,,METADATA_UNVERIFIED,,https://api.bls.gov/publicAPI/v2/timeseries/data/WPSFD4,August 2026,FRED_ALFRED,BLS_VALUE_FRED_RELEASE_VINTAGE_PARITY,https://api.stlouisfed.org/fred/release/dates,PPIFIS,46.0,BLS values available; release metadata unavailable: HTTPError status=403 method=GET endpoint=https://www.bls.gov/feed/ppi.rss; HTTPError status=403 method=GET endpoint=https://www.bls.gov/news.release/ppi.nr0.htm; HTTPError status=403 method=GET endpoint=https://www.bls.gov/news.release/pdf/ppi.pdf,2026-09-10,2026-09-10 11:53:37-05,2026-10-03T20:26:20.522126+00:00,0.1,,,,,,,,,,
PPI_FINAL_DEMAND,BLS,November 2025,2026-09-10,,0.4,0.1,,2026-09-10,BLS API values; release/vintage corroborated via St. Louis Fed FRED/ALFRED,https://fred.stlouisfed.org/series/PPIFIS,WPSFD4,"percent monthly SA change, final demand",CURRENT_VINTAGE,VERIFIED,,,METADATA_UNVERIFIED,,https://api.bls.gov/publicAPI/v2/timeseries/data/WPSFD4,August 2026,FRED_ALFRED,BLS_VALUE_FRED_RELEASE_VINTAGE_PARITY,https://api.stlouisfed.org/fred/release/dates,PPIFIS,46.0,BLS values available; release metadata unavailable: HTTPError status=403 method=GET endpoint=https://www.bls.gov/feed/ppi.rss; HTTPError status=403 method=GET endpoint=https://www.bls.gov/news.release/ppi.nr0.htm; HTTPError status=403 method=GET endpoint=https://www.bls.gov/news.release/pdf/ppi.pdf,2026-09-10,2026-09-10 11:53:37-05,2026-10-03T20:26:20.522126+00:00,0.4,,,,,,,,,,
PPI_FINAL_DEMAND,BLS,December 2025,2026-09-10,,0.4,0.4,,2026-09-10,BLS API values; release/vintage corroborated via St. Louis Fed FRED/ALFRED,https://fred.stlouisfed.org/series/PPIFIS,WPSFD4,"percent monthly SA change, final demand",CURRENT_VINTAGE,VERIFIED,,,METADATA_UNVERIFIED,,https://api.bls.gov/publicAPI/v2/timeseries/data/WPSFD4,August 2026,FRED_ALFRED,BLS_VALUE_FRED_RELEASE_VINTAGE_PARITY,https://api.stlouisfed.org/fred/release/dates,PPIFIS,46.0,BLS values available; release metadata unavailable: HTTPError status=403 method=GET endpoint=https://www.bls.gov/feed/ppi.rss; HTTPError status=403 method=GET endpoint=https://www.bls.gov/news.release/ppi.nr0.htm; HTTPError status=403 method=GET endpoint=https://www.bls.gov/news.release/pdf/ppi.pdf,2026-09-10,2026-09-10 11:53:37-05,2026-10-03T20:26:20.522126+00:00,0.4,,,,,,,,,,
PPI_FINAL_DEMAND,BLS,January 2026,2026-09-10,,0.6,0.4,,2026-09-10,BLS API values; release/vintage corroborated via St. Louis Fed FRED/ALFRED,https://fred.stlouisfed.org/series/PPIFIS,WPSFD4,"percent monthly SA change, final demand",CURRENT_VINTAGE,VERIFIED,,,METADATA_UNVERIFIED,,https://api.bls.gov/publicAPI/v2/timeseries/data/WPSFD4,August 2026,FRED_ALFRED,BLS_VALUE_FRED_RELEASE_VINTAGE_PARITY,https://api.stlouisfed.org/fred/release/dates,PPIFIS,46.0,BLS values available; release metadata unavailable: HTTPError status=403 method=GET endpoint=https://www.bls.gov/feed/ppi.rss; HTTPError status=403 method=GET endpoint=https://www.bls.gov/news.release/ppi.nr0.htm; HTTPError status=403 method=GET endpoint=https://www.bls.gov/news.release/pdf/ppi.pdf,2026-09-10,2026-09-10 11:53:37-05,2026-10-03T20:26:20.522126+00:00,0.6,,,,,,,,,,
PPI_FINAL_DEMAND,BLS,February 2026,2026-09-10,,0.5,0.6,,2026-09-10,BLS API values; release/vintage corroborated via St. Louis Fed FRED/ALFRED,https://fred.stlouisfed.org/series/PPIFIS,WPSFD4,"percent monthly SA change, final demand",CURRENT_VINTAGE,VERIFIED,,,METADATA_UNVERIFIED,,https://api.bls.gov/publicAPI/v2/timeseries/data/WPSFD4,August 2026,FRED_ALFRED,BLS_VALUE_FRED_RELEASE_VINTAGE_PARITY,https://api.stlouisfed.org/fred/release/dates,PPIFIS,46.0,BLS values available; release metadata unavailable: HTTPError status=403 method=GET endpoint=https://www.bls.gov/feed/ppi.rss; HTTPError status=403 method=GET endpoint=https://www.bls.gov/news.release/ppi.nr0.htm; HTTPError status=403 method=GET endpoint=https://www.bls.gov/news.release/pdf/ppi.pdf,2026-09-10,2026-09-10 11:53:37-05,2026-10-03T20:26:20.522126+00:00,0.5,,,,,,,,,,
PPI_FINAL_DEMAND,BLS,March 2026,2026-09-10,,0.8,0.5,,2026-09-10,BLS API values; release/vintage corroborated via St. Louis Fed FRED/ALFRED,https://fred.stlouisfed.org/series/PPIFIS,WPSFD4,"percent monthly SA change, final demand",CURRENT_VINTAGE,VERIFIED,,,METADATA_UNVERIFIED,,https://api.bls.gov/publicAPI/v2/timeseries/data/WPSFD4,August 2026,FRED_ALFRED,BLS_VALUE_FRED_RELEASE_VINTAGE_PARITY,https://api.stlouisfed.org/fred/release/dates,PPIFIS,46.0,BLS values available; release metadata unavailable: HTTPError status=403 method=GET endpoint=https://www.bls.gov/feed/ppi.rss; HTTPError status=403 method=GET endpoint=https://www.bls.gov/news.release/ppi.nr0.htm; HTTPError status=403 method=GET endpoint=https://www.bls.gov/news.release/pdf/ppi.pdf,2026-09-10,2026-09-10 11:53:37-05,2026-10-03T20:26:20.522126+00:00,0.8,,,,,,,,,,
PPI_FINAL_DEMAND,BLS,April 2026,2026-09-10,,1.1,0.8,,2026-09-10,BLS API values; release/vintage corroborated via St. Louis Fed FRED/ALFRED,https://fred.stlouisfed.org/series/PPIFIS,WPSFD4,"percent monthly SA change, final demand",CURRENT_VINTAGE,VERIFIED,,,METADATA_UNVERIFIED,,https://api.bls.gov/publicAPI/v2/timeseries/data/WPSFD4,August 2026,FRED_ALFRED,BLS_VALUE_FRED_RELEASE_VINTAGE_PARITY,https://api.stlouisfed.org/fred/release/dates,PPIFIS,46.0,BLS values available; release metadata unavailable: HTTPError status=403 method=GET endpoint=https://www.bls.gov/feed/ppi.rss; HTTPError status=403 method=GET endpoint=https://www.bls.gov/news.release/ppi.nr0.htm; HTTPError status=403 method=GET endpoint=https://www.bls.gov/news.release/pdf/ppi.pdf,2026-09-10,2026-09-10 11:53:37-05,2026-10-03T20:26:20.522126+00:00,1.1,,,,,,,,,,
PPI_FINAL_DEMAND,BLS,May 2026,2026-09-10,,0.5,1.1,,2026-09-10,BLS API values; release/vintage corroborated via St. Louis Fed FRED/ALFRED,https://fred.stlouisfed.org/series/PPIFIS,WPSFD4,"percent monthly SA change, final demand",PRELIMINARY,VERIFIED,,,METADATA_UNVERIFIED,,https://api.bls.gov/publicAPI/v2/timeseries/data/WPSFD4,August 2026,FRED_ALFRED,BLS_VALUE_FRED_RELEASE_VINTAGE_PARITY,https://api.stlouisfed.org/fred/release/dates,PPIFIS,46.0,BLS values available; release metadata unavailable: HTTPError status=403 method=GET endpoint=https://www.bls.gov/feed/ppi.rss; HTTPError status=403 method=GET endpoint=https://www.bls.gov/news.release/ppi.nr0.htm; HTTPError status=403 method=GET endpoint=https://www.bls.gov/news.release/pdf/ppi.pdf,2026-09-10,2026-09-10 11:53:37-05,2026-10-03T20:26:20.522126+00:00,0.5,,,,,,,,,,
PPI_FINAL_DEMAND,BLS,June 2026,2026-09-10,,-0.1,0.5,,2026-09-10,BLS API values; release/vintage corroborated via St. Louis Fed FRED/ALFRED,https://fred.stlouisfed.org/series/PPIFIS,WPSFD4,"percent monthly SA change, final demand",PRELIMINARY,VERIFIED,,,METADATA_UNVERIFIED,,https://api.bls.gov/publicAPI/v2/timeseries/data/WPSFD4,August 2026,FRED_ALFRED,BLS_VALUE_FRED_RELEASE_VINTAGE_PARITY,https://api.stlouisfed.org/fred/release/dates,PPIFIS,46.0,BLS values available; release metadata unavailable: HTTPError status=403 method=GET endpoint=https://www.bls.gov/feed/ppi.rss; HTTPError status=403 method=GET endpoint=https://www.bls.gov/news.release/ppi.nr0.htm; HTTPError status=403 method=GET endpoint=https://www.bls.gov/news.release/pdf/ppi.pdf,2026-09-10,2026-09-10 11:53:37-05,2026-10-03T20:26:20.522126+00:00,-0.1,,,,,,,,,,
PPI_FINAL_DEMAND,BLS,July 2026,2026-09-10,,0.1,-0.1,,2026-09-10,BLS API values; release/vintage corroborated via St. Louis Fed FRED/ALFRED,https://fred.stlouisfed.org/series/PPIFIS,WPSFD4,"percent monthly SA change, final demand",PRELIMINARY,VERIFIED,,,METADATA_UNVERIFIED,,https://api.bls.gov/publicAPI/v2/timeseries/data/WPSFD4,August 2026,FRED_ALFRED,BLS_VALUE_FRED_RELEASE_VINTAGE_PARITY,https://api.stlouisfed.org/fred/release/dates,PPIFIS,46.0,BLS values available; release metadata unavailable: HTTPError status=403 method=GET endpoint=https://www.bls.gov/feed/ppi.rss; HTTPError status=403 method=GET endpoint=https://www.bls.gov/news.release/ppi.nr0.htm; HTTPError status=403 method=GET endpoint=https://www.bls.gov/news.release/pdf/ppi.pdf,2026-09-10,2026-09-10 11:53:37-05,2026-10-03T20:26:20.522126+00:00,0.1,,,,,,,,,,
PPI_FINAL_DEMAND,BLS,August 2026,2026-09-10,,0.4,0.1,,2026-09-10,BLS API values; release/vintage corroborated via St. Louis Fed FRED/ALFRED,https://fred.stlouisfed.org/series/PPIFIS,WPSFD4,"percent monthly SA change, final demand",PRELIMINARY,VERIFIED,,,METADATA_UNVERIFIED,,https://api.bls.gov/publicAPI/v2/timeseries/data/WPSFD4,August 2026,FRED_ALFRED,BLS_VALUE_FRED_RELEASE_VINTAGE_PARITY,https://api.stlouisfed.org/fred/release/dates,PPIFIS,46.0,BLS values available; release metadata unavailable: HTTPError status=403 method=GET endpoint=https://www.bls.gov/feed/ppi.rss; HTTPError status=403 method=GET endpoint=https://www.bls.gov/news.release/ppi.nr0.htm; HTTPError status=403 method=GET endpoint=https://www.bls.gov/news.release/pdf/ppi.pdf,2026-09-10,2026-09-10 11:53:37-05,2026-10-03T20:26:20.522126+00:00,0.4,WPUFD4,https://api.bls.gov/publicAPI/v2/timeseries/data/WPUFD4,12-month index change NSA,5.4,VERIFIED,,,,,
CORE_PPI,BLS,February 2025,2026-09-10,,0.2,,,2026-09-10,BLS API values; release/vintage corroborated via St. Louis Fed FRED/ALFRED,https://fred.stlouisfed.org/series/PPIFES,WPSFD49104,"percent monthly SA change, final demand less foods and energy",CURRENT_VINTAGE,VERIFIED,,,METADATA_UNVERIFIED,,https://api.bls.gov/publicAPI/v2/timeseries/data/WPSFD49104,August 2026,FRED_ALFRED,BLS_VALUE_FRED_RELEASE_VINTAGE_PARITY,https://api.stlouisfed.org/fred/release/dates,PPIFES,46.0,BLS values available; release metadata unavailable: HTTPError status=403 method=GET endpoint=https://www.bls.gov/feed/ppi.rss; HTTPError status=403 method=GET endpoint=https://www.bls.gov/news.release/ppi.nr0.htm; HTTPError status=403 method=GET endpoint=https://www.bls.gov/news.release/pdf/ppi.pdf,2026-09-10,2026-09-10 11:54:19-05,2026-10-03T20:26:20.522126+00:00,0.2,,,,,,,,,,
CORE_PPI,BLS,March 2025,2026-09-10,,0.2,0.2,,2026-09-10,BLS API values; release/vintage corroborated via St. Louis Fed FRED/ALFRED,https://fred.stlouisfed.org/series/PPIFES,WPSFD49104,"percent monthly SA change, final demand less foods and energy",CURRENT_VINTAGE,VERIFIED,,,METADATA_UNVERIFIED,,https://api.bls.gov/publicAPI/v2/timeseries/data/WPSFD49104,August 2026,FRED_ALFRED,BLS_VALUE_FRED_RELEASE_VINTAGE_PARITY,https://api.stlouisfed.org/fred/release/dates,PPIFES,46.0,BLS values available; release metadata unavailable: HTTPError status=403 method=GET endpoint=https://www.bls.gov/feed/ppi.rss; HTTPError status=403 method=GET endpoint=https://www.bls.gov/news.release/ppi.nr0.htm; HTTPError status=403 method=GET endpoint=https://www.bls.gov/news.release/pdf/ppi.pdf,2026-09-10,2026-09-10 11:54:19-05,2026-10-03T20:26:20.522126+00:00,0.2,,,,,,,,,,
CORE_PPI,BLS,April 2025,2026-09-10,,-0.2,0.2,,2026-09-10,BLS API values; release/vintage corroborated via St. Louis Fed FRED/ALFRED,https://fred.stlouisfed.org/series/PPIFES,WPSFD49104,"percent monthly SA change, final demand less foods and energy",CURRENT_VINTAGE,VERIFIED,,,METADATA_UNVERIFIED,,https://api.bls.gov/publicAPI/v2/timeseries/data/WPSFD49104,August 2026,FRED_ALFRED,BLS_VALUE_FRED_RELEASE_VINTAGE_PARITY,https://api.stlouisfed.org/fred/release/dates,PPIFES,46.0,BLS values available; release metadata unavailable: HTTPError status=403 method=GET endpoint=https://www.bls.gov/feed/ppi.rss; HTTPError status=403 method=GET endpoint=https://www.bls.gov/news.release/ppi.nr0.htm; HTTPError status=403 method=GET endpoint=https://www.bls.gov/news.release/pdf/ppi.pdf,2026-09-10,2026-09-10 11:54:19-05,2026-10-03T20:26:20.522126+00:00,-0.2,,,,,,,,,,
CORE_PPI,BLS,May 2025,2026-09-10,,0.4,-0.2,,2026-09-10,BLS API values; release/vintage corroborated via St. Louis Fed FRED/ALFRED,https://fred.stlouisfed.org/series/PPIFES,WPSFD49104,"percent monthly SA change, final demand less foods and energy",CURRENT_VINTAGE,VERIFIED,,,METADATA_UNVERIFIED,,https://api.bls.gov/publicAPI/v2/timeseries/data/WPSFD49104,August 2026,FRED_ALFRED,BLS_VALUE_FRED_RELEASE_VINTAGE_PARITY,https://api.stlouisfed.org/fred/release/dates,PPIFES,46.0,BLS values available; release metadata unavailable: HTTPError status=403 method=GET endpoint=https://www.bls.gov/feed/ppi.rss; HTTPError status=403 method=GET endpoint=https://www.bls.gov/news.release/ppi.nr0.htm; HTTPError status=403 method=GET endpoint=https://www.bls.gov/news.release/pdf/ppi.pdf,2026-09-10,2026-09-10 11:54:19-05,2026-10-03T20:26:20.522126+00:00,0.4,,,,,,,,,,
CORE_PPI,BLS,June 2025,2026-09-10,,0.1,0.4,,2026-09-10,BLS API values; release/vintage corroborated via St. Louis Fed FRED/ALFRED,https://fred.stlouisfed.org/series/PPIFES,WPSFD49104,"percent monthly SA change, final demand less foods and energy",CURRENT_VINTAGE,VERIFIED,,,METADATA_UNVERIFIED,,https://api.bls.gov/publicAPI/v2/timeseries/data/WPSFD49104,August 2026,FRED_ALFRED,BLS_VALUE_FRED_RELEASE_VINTAGE_PARITY,https://api.stlouisfed.org/fred/release/dates,PPIFES,46.0,BLS values available; release metadata unavailable: HTTPError status=403 method=GET endpoint=https://www.bls.gov/feed/ppi.rss; HTTPError status=403 method=GET endpoint=https://www.bls.gov/news.release/ppi.nr0.htm; HTTPError status=403 method=GET endpoint=https://www.bls.gov/news.release/pdf/ppi.pdf,2026-09-10,2026-09-10 11:54:19-05,2026-10-03T20:26:20.522126+00:00,0.1,,,,,,,,,,
CORE_PPI,BLS,July 2025,2026-09-10,,0.8,0.1,,2026-09-10,BLS API values; release/vintage corroborated via St. Louis Fed FRED/ALFRED,https://fred.stlouisfed.org/series/PPIFES,WPSFD49104,"percent monthly SA change, final demand less foods and energy",CURRENT_VINTAGE,VERIFIED,,,METADATA_UNVERIFIED,,https://api.bls.gov/publicAPI/v2/timeseries/data/WPSFD49104,August 2026,FRED_ALFRED,BLS_VALUE_FRED_RELEASE_VINTAGE_PARITY,https://api.stlouisfed.org/fred/release/dates,PPIFES,46.0,BLS values available; release metadata unavailable: HTTPError status=403 method=GET endpoint=https://www.bls.gov/feed/ppi.rss; HTTPError status=403 method=GET endpoint=https://www.bls.gov/news.release/ppi.nr0.htm; HTTPError status=403 method=GET endpoint=https://www.bls.gov/news.release/pdf/ppi.pdf,2026-09-10,2026-09-10 11:54:19-05,2026-10-03T20:26:20.522126+00:00,0.8,,,,,,,,,,
CORE_PPI,BLS,August 2025,2026-09-10,,-0.2,0.8,,2026-09-10,BLS API values; release/vintage corroborated via St. Louis Fed FRED/ALFRED,https://fred.stlouisfed.org/series/PPIFES,WPSFD49104,"percent monthly SA change, final demand less foods and energy",CURRENT_VINTAGE,VERIFIED,,,METADATA_UNVERIFIED,,https://api.bls.gov/publicAPI/v2/timeseries/data/WPSFD49104,August 2026,FRED_ALFRED,BLS_VALUE_FRED_RELEASE_VINTAGE_PARITY,https://api.stlouisfed.org/fred/release/dates,PPIFES,46.0,BLS values available; release metadata unavailable: HTTPError status=403 method=GET endpoint=https://www.bls.gov/feed/ppi.rss; HTTPError status=403 method=GET endpoint=https://www.bls.gov/news.release/ppi.nr0.htm; HTTPError status=403 method=GET endpoint=https://www.bls.gov/news.release/pdf/ppi.pdf,2026-09-10,2026-09-10 11:54:19-05,2026-10-03T20:26:20.522126+00:00,-0.2,,,,,,,,,,
CORE_PPI,BLS,September 2025,2026-09-10,,0.5,-0.2,,2026-09-10,BLS API values; release/vintage corroborated via St. Louis Fed FRED/ALFRED,https://fred.stlouisfed.org/series/PPIFES,WPSFD49104,"percent monthly SA change, final demand less foods and energy",CURRENT_VINTAGE,VERIFIED,,,METADATA_UNVERIFIED,,https://api.bls.gov/publicAPI/v2/timeseries/data/WPSFD49104,August 2026,FRED_ALFRED,BLS_VALUE_FRED_RELEASE_VINTAGE_PARITY,https://api.stlouisfed.org/fred/release/dates,PPIFES,46.0,BLS values available; release metadata unavailable: HTTPError status=403 method=GET endpoint=https://www.bls.gov/feed/ppi.rss; HTTPError status=403 method=GET endpoint=https://www.bls.gov/news.release/ppi.nr0.htm; HTTPError status=403 method=GET endpoint=https://www.bls.gov/news.release/pdf/ppi.pdf,2026-09-10,2026-09-10 11:54:19-05,2026-10-03T20:26:20.522126+00:00,0.5,,,,,,,,,,
CORE_PPI,BLS,October 2025,2026-09-10,,0.3,0.5,,2026-09-10,BLS API values; release/vintage corroborated via St. Louis Fed FRED/ALFRED,https://fred.stlouisfed.org/series/PPIFES,WPSFD49104,"percent monthly SA change, final demand less foods and energy",CURRENT_VINTAGE,VERIFIED,,,METADATA_UNVERIFIED,,https://api.bls.gov/publicAPI/v2/timeseries/data/WPSFD49104,August 2026,FRED_ALFRED,BLS_VALUE_FRED_RELEASE_VINTAGE_PARITY,https://api.stlouisfed.org/fred/release/dates,PPIFES,46.0,BLS values available; release metadata unavailable: HTTPError status=403 method=GET endpoint=https://www.bls.gov/feed/ppi.rss; HTTPError status=403 method=GET endpoint=https://www.bls.gov/news.release/ppi.nr0.htm; HTTPError status=403 method=GET endpoint=https://www.bls.gov/news.release/pdf/ppi.pdf,2026-09-10,2026-09-10 11:54:19-05,2026-10-03T20:26:20.522126+00:00,0.3,,,,,,,,,,
CORE_PPI,BLS,November 2025,2026-09-10,,0.3,0.3,,2026-09-10,BLS API values; release/vintage corroborated via St. Louis Fed FRED/ALFRED,https://fred.stlouisfed.org/series/PPIFES,WPSFD49104,"percent monthly SA change, final demand less foods and energy",CURRENT_VINTAGE,VERIFIED,,,METADATA_UNVERIFIED,,https://api.bls.gov/publicAPI/v2/timeseries/data/WPSFD49104,August 2026,FRED_ALFRED,BLS_VALUE_FRED_RELEASE_VINTAGE_PARITY,https://api.stlouisfed.org/fred/release/dates,PPIFES,46.0,BLS values available; release metadata unavailable: HTTPError status=403 method=GET endpoint=https://www.bls.gov/feed/ppi.rss; HTTPError status=403 method=GET endpoint=https://www.bls.gov/news.release/ppi.nr0.htm; HTTPError status=403 method=GET endpoint=https://www.bls.gov/news.release/pdf/ppi.pdf,2026-09-10,2026-09-10 11:54:19-05,2026-10-03T20:26:20.522126+00:00,0.3,,,,,,,,,,
CORE_PPI,BLS,December 2025,2026-09-10,,0.5,0.3,,2026-09-10,BLS API values; release/vintage corroborated via St. Louis Fed FRED/ALFRED,https://fred.stlouisfed.org/series/PPIFES,WPSFD49104,"percent monthly SA change, final demand less foods and energy",CURRENT_VINTAGE,VERIFIED,,,METADATA_UNVERIFIED,,https://api.bls.gov/publicAPI/v2/timeseries/data/WPSFD49104,August 2026,FRED_ALFRED,BLS_VALUE_FRED_RELEASE_VINTAGE_PARITY,https://api.stlouisfed.org/fred/release/dates,PPIFES,46.0,BLS values available; release metadata unavailable: HTTPError status=403 method=GET endpoint=https://www.bls.gov/feed/ppi.rss; HTTPError status=403 method=GET endpoint=https://www.bls.gov/news.release/ppi.nr0.htm; HTTPError status=403 method=GET endpoint=https://www.bls.gov/news.release/pdf/ppi.pdf,2026-09-10,2026-09-10 11:54:19-05,2026-10-03T20:26:20.522126+00:00,0.5,,,,,,,,,,
CORE_PPI,BLS,January 2026,2026-09-10,,0.8,0.5,,2026-09-10,BLS API values; release/vintage corroborated via St. Louis Fed FRED/ALFRED,https://fred.stlouisfed.org/series/PPIFES,WPSFD49104,"percent monthly SA change, final demand less foods and energy",CURRENT_VINTAGE,VERIFIED,,,METADATA_UNVERIFIED,,https://api.bls.gov/publicAPI/v2/timeseries/data/WPSFD49104,August 2026,FRED_ALFRED,BLS_VALUE_FRED_RELEASE_VINTAGE_PARITY,https://api.stlouisfed.org/fred/release/dates,PPIFES,46.0,BLS values available; release metadata unavailable: HTTPError status=403 method=GET endpoint=https://www.bls.gov/feed/ppi.rss; HTTPError status=403 method=GET endpoint=https://www.bls.gov/news.release/ppi.nr0.htm; HTTPError status=403 method=GET endpoint=https://www.bls.gov/news.release/pdf/ppi.pdf,2026-09-10,2026-09-10 11:54:19-05,2026-10-03T20:26:20.522126+00:00,0.8,,,,,,,,,,
CORE_PPI,BLS,February 2026,2026-09-10,,0.3,0.8,,2026-09-10,BLS API values; release/vintage corroborated via St. Louis Fed FRED/ALFRED,https://fred.stlouisfed.org/series/PPIFES,WPSFD49104,"percent monthly SA change, final demand less foods and energy",CURRENT_VINTAGE,VERIFIED,,,METADATA_UNVERIFIED,,https://api.bls.gov/publicAPI/v2/timeseries/data/WPSFD49104,August 2026,FRED_ALFRED,BLS_VALUE_FRED_RELEASE_VINTAGE_PARITY,https://api.stlouisfed.org/fred/release/dates,PPIFES,46.0,BLS values available; release metadata unavailable: HTTPError status=403 method=GET endpoint=https://www.bls.gov/feed/ppi.rss; HTTPError status=403 method=GET endpoint=https://www.bls.gov/news.release/ppi.nr0.htm; HTTPError status=403 method=GET endpoint=https://www.bls.gov/news.release/pdf/ppi.pdf,2026-09-10,2026-09-10 11:54:19-05,2026-10-03T20:26:20.522126+00:00,0.3,,,,,,,,,,
CORE_PPI,BLS,March 2026,2026-09-10,,0.3,0.3,,2026-09-10,BLS API values; release/vintage corroborated via St. Louis Fed FRED/ALFRED,https://fred.stlouisfed.org/series/PPIFES,WPSFD49104,"percent monthly SA change, final demand less foods and energy",CURRENT_VINTAGE,VERIFIED,,,METADATA_UNVERIFIED,,https://api.bls.gov/publicAPI/v2/timeseries/data/WPSFD49104,August 2026,FRED_ALFRED,BLS_VALUE_FRED_RELEASE_VINTAGE_PARITY,https://api.stlouisfed.org/fred/release/dates,PPIFES,46.0,BLS values available; release metadata unavailable: HTTPError status=403 method=GET endpoint=https://www.bls.gov/feed/ppi.rss; HTTPError status=403 method=GET endpoint=https://www.bls.gov/news.release/ppi.nr0.htm; HTTPError status=403 method=GET endpoint=https://www.bls.gov/news.release/pdf/ppi.pdf,2026-09-10,2026-09-10 11:54:19-05,2026-10-03T20:26:20.522126+00:00,0.3,,,,,,,,,,
CORE_PPI,BLS,April 2026,2026-09-10,,0.7,0.3,,2026-09-10,BLS API values; release/vintage corroborated via St. Louis Fed FRED/ALFRED,https://fred.stlouisfed.org/series/PPIFES,WPSFD49104,"percent monthly SA change, final demand less foods and energy",CURRENT_VINTAGE,VERIFIED,,,METADATA_UNVERIFIED,,https://api.bls.gov/publicAPI/v2/timeseries/data/WPSFD49104,August 2026,FRED_ALFRED,BLS_VALUE_FRED_RELEASE_VINTAGE_PARITY,https://api.stlouisfed.org/fred/release/dates,PPIFES,46.0,BLS values available; release metadata unavailable: HTTPError status=403 method=GET endpoint=https://www.bls.gov/feed/ppi.rss; HTTPError status=403 method=GET endpoint=https://www.bls.gov/news.release/ppi.nr0.htm; HTTPError status=403 method=GET endpoint=https://www.bls.gov/news.release/pdf/ppi.pdf,2026-09-10,2026-09-10 11:54:19-05,2026-10-03T20:26:20.522126+00:00,0.7,,,,,,,,,,
CORE_PPI,BLS,May 2026,2026-09-10,,-0.0,0.7,,2026-09-10,BLS API values; release/vintage corroborated via St. Louis Fed FRED/ALFRED,https://fred.stlouisfed.org/series/PPIFES,WPSFD49104,"percent monthly SA change, final demand less foods and energy",PRELIMINARY,VERIFIED,,,METADATA_UNVERIFIED,,https://api.bls.gov/publicAPI/v2/timeseries/data/WPSFD49104,August 2026,FRED_ALFRED,BLS_VALUE_FRED_RELEASE_VINTAGE_PARITY,https://api.stlouisfed.org/fred/release/dates,PPIFES,46.0,BLS values available; release metadata unavailable: HTTPError status=403 method=GET endpoint=https://www.bls.gov/feed/ppi.rss; HTTPError status=403 method=GET endpoint=https://www.bls.gov/news.release/ppi.nr0.htm; HTTPError status=403 method=GET endpoint=https://www.bls.gov/news.release/pdf/ppi.pdf,2026-09-10,2026-09-10 11:54:19-05,2026-10-03T20:26:20.522126+00:00,-0.0,,,,,,,,,,
CORE_PPI,BLS,June 2026,2026-09-10,,0.4,-0.0,,2026-09-10,BLS API values; release/vintage corroborated via St. Louis Fed FRED/ALFRED,https://fred.stlouisfed.org/series/PPIFES,WPSFD49104,"percent monthly SA change, final demand less foods and energy",PRELIMINARY,VERIFIED,,,METADATA_UNVERIFIED,,https://api.bls.gov/publicAPI/v2/timeseries/data/WPSFD49104,August 2026,FRED_ALFRED,BLS_VALUE_FRED_RELEASE_VINTAGE_PARITY,https://api.stlouisfed.org/fred/release/dates,PPIFES,46.0,BLS values available; release metadata unavailable: HTTPError status=403 method=GET endpoint=https://www.bls.gov/feed/ppi.rss; HTTPError status=403 method=GET endpoint=https://www.bls.gov/news.release/ppi.nr0.htm; HTTPError status=403 method=GET endpoint=https://www.bls.gov/news.release/pdf/ppi.pdf,2026-09-10,2026-09-10 11:54:19-05,2026-10-03T20:26:20.522126+00:00,0.4,,,,,,,,,,
CORE_PPI,BLS,July 2026,2026-09-10,,0.3,0.4,,2026-09-10,BLS API values; release/vintage corroborated via St. Louis Fed FRED/ALFRED,https://fred.stlouisfed.org/series/PPIFES,WPSFD49104,"percent monthly SA change, final demand less foods and energy",PRELIMINARY,VERIFIED,,,METADATA_UNVERIFIED,,https://api.bls.gov/publicAPI/v2/timeseries/data/WPSFD49104,August 2026,FRED_ALFRED,BLS_VALUE_FRED_RELEASE_VINTAGE_PARITY,https://api.stlouisfed.org/fred/release/dates,PPIFES,46.0,BLS values available; release metadata unavailable: HTTPError status=403 method=GET endpoint=https://www.bls.gov/feed/ppi.rss; HTTPError status=403 method=GET endpoint=https://www.bls.gov/news.release/ppi.nr0.htm; HTTPError status=403 method=GET endpoint=https://www.bls.gov/news.release/pdf/ppi.pdf,2026-09-10,2026-09-10 11:54:19-05,2026-10-03T20:26:20.522126+00:00,0.3,,,,,,,,,,
CORE_PPI,BLS,August 2026,2026-09-10,,0.2,0.3,,2026-09-10,BLS API values; release/vintage corroborated via St. Louis Fed FRED/ALFRED,https://fred.stlouisfed.org/series/PPIFES,WPSFD49104,"percent monthly SA change, final demand less foods and energy",PRELIMINARY,VERIFIED,,,METADATA_UNVERIFIED,,https://api.bls.gov/publicAPI/v2/timeseries/data/WPSFD49104,August 2026,FRED_ALFRED,BLS_VALUE_FRED_RELEASE_VINTAGE_PARITY,https://api.stlouisfed.org/fred/release/dates,PPIFES,46.0,BLS values available; release metadata unavailable: HTTPError status=403 method=GET endpoint=https://www.bls.gov/feed/ppi.rss; HTTPError status=403 method=GET endpoint=https://www.bls.gov/news.release/ppi.nr0.htm; HTTPError status=403 method=GET endpoint=https://www.bls.gov/news.release/pdf/ppi.pdf,2026-09-10,2026-09-10 11:54:19-05,2026-10-03T20:26:20.522126+00:00,0.2,WPUFD49104,https://api.bls.gov/publicAPI/v2/timeseries/data/WPUFD49104,12-month index change NSA,4.6,VERIFIED,,,,,
GDP,BEA,Q2 2026,2026-09-30,8:30 AM EDT,2.2,,,2026-09-30,BEA official release,https://www.bea.gov/news/2026/gdp-third-estimate-industries-corporate-profits-state-gdp-and-state-personal-income-2nd,NIPA T10101 A191RL / real GDP annualized quarterly growth,percent SA annual rate,CURRENT_VINTAGE,VERIFIED,,,,,,,,,,,,,,,2026-10-03T20:26:20.522126+00:00,,,,,,,,,,,
PCE_PRICE_INDEX,BEA,August 2026,2026-09-30,8:30 EDT,0.3,0.1,,2026-09-30,BEA official release,https://www.bea.gov/news/2026/personal-income-and-outlays-august-2026,Personal Income and Outlays / PCE monthly price change,percent monthly change,CURRENT_VINTAGE,VERIFIED,,,,,,,,,,,,,,,2026-10-03T20:26:20.522126+00:00,0.3,,https://www.bea.gov/news/2026/personal-income-and-outlays-august-2026,BEA published change from same month one year ago,3.4,VERIFIED,,,,,
CORE_PCE,BEA,August 2026,2026-09-30,8:30 EDT,0.2,0.1,,2026-09-30,BEA official release,https://www.bea.gov/news/2026/personal-income-and-outlays-august-2026,Personal Income and Outlays / PCE excluding food and energy monthly price change,percent monthly change,CURRENT_VINTAGE,VERIFIED,,,,,,,,,,,,,,,2026-10-03T20:26:20.522126+00:00,0.2,,https://www.bea.gov/news/2026/personal-income-and-outlays-august-2026,BEA published change from same month one year ago,3.0,VERIFIED,,,,,
RETAIL_SALES,Census,August 2026,2026-09-28,10:00 AM EDT,1.1,-0.5,,2026-09-28,Census official release,https://api.census.gov/data/timeseries/eits/marts,"MARTS advance monthly sales, category 44X72, SM, seasonally_adj yes",percent monthly SA nominal change,REVISED,VERIFIED,,,,,,,,,https://www.census.gov/retail/marts/www/marts_current.pdf,,,,,,2026-10-03T20:26:20.522126+00:00,1.1,,https://api.census.gov/data/timeseries/eits/marts,12-month nominal sales change SA,5.4,VERIFIED,737763.0,False,,,
INITIAL_JOBLESS_CLAIMS,DOL,"Week ending September 19, 2026",2026-10-01,8:30 AM EASTERN,198000.0,,,2026-10-01,DOL official release,https://oui.doleta.gov/press/2026/100126.pdf,UI weekly initial claims SA,claims,REVISED,VERIFIED,,,,,,"Week ending September 26, 2026",,,,,,HTTPError status=403 method=GET endpoint=https://www.dol.gov/ui/data.pdf,,,2026-10-03T20:26:20.522126+00:00,,,,,,,,,https://oui.doleta.gov/unemploy/claims_arch.asp,2026-10-01,
INITIAL_JOBLESS_CLAIMS,DOL,"Week ending September 26, 2026",2026-10-01,8:30 AM EASTERN,197000.0,198000.0,,2026-10-01,DOL official release,https://oui.doleta.gov/press/2026/100126.pdf,UI weekly initial claims SA,claims,ADVANCE,VERIFIED,,,,,,,,,,,,HTTPError status=403 method=GET endpoint=https://www.dol.gov/ui/data.pdf,,,2026-10-03T20:26:20.522126+00:00,,,,,,,,,https://oui.doleta.gov/unemploy/claims_arch.asp,2026-10-01,
ISM_MANUFACTURING_PMI,ISM,September 2026,2026-10-01,10:00 ET,54.5,,,2026-10-01,ISM-issued press release distributed via PR Newswire,https://www.prnewswire.com/news-releases/manufacturing-pmi-at-54-5-september-2026-ism-manufacturing-pmi-report-302894520.html,Manufacturing headline PMI composite,diffusion index,CURRENT_VINTAGE,VERIFIED,,,VERIFIED,,,,,,https://www.ismworld.org/supply-management-news-and-reports/reports/rob-report-calendar/,,,ISM official current report redirects to authenticated/licensed access,,,2026-10-03T20:26:20.522126+00:00,,,,,,,,,https://www.prnewswire.com/news/institute-for-supply-management/,,PR Newswire
ISM_SERVICES_PMI,ISM,August 2026,2026-09-03,10:00 ET,55.4,,,2026-09-03,ISM official release,https://www.ismworld.org/supply-management-news-and-reports/reports/ism-pmi-reports/services/august/,Services headline PMI composite,diffusion index,CURRENT_VINTAGE,VERIFIED,,,,,,,,,https://www.ismworld.org/supply-management-news-and-reports/reports/rob-report-calendar/,,,,,,2026-10-03T20:26:20.522126+00:00,,,,,,,,,https://www.ismworld.org/supply-management-news-and-reports/reports/ism-pmi-reports/,,
