asof_date,cot_observation_date,cot_availability_date,cot_asset_manager_score,cot_leveraged_money_score,cot_sentiment_score,aaii_observation_date,aaii_availability_date,aaii_sentiment_score,vix_observation_date,vix_availability_date,vix_sentiment_score,cot_available,cot_age_days,cot_fresh,cot_eligible,aaii_available,aaii_age_days,aaii_fresh,aaii_eligible,vix_available,vix_age_days,vix_fresh,vix_eligible,available_component_count,eligible_component_count,unified_sentiment_score,research_regime,extreme_sentiment,point_in_time_safe,research_only,decision_engine_ready,sentiment_score_generated,trading_signal_generated,forecast_generated
1990-07-14,,,,,,1990-07-13,1990-07-14,80.76923076923077,1990-07-13,1990-07-14,83.7037037037037,False,,False,False,True,0,True,True,True,0.0,True,True,2,2,82.23646723646723,EXTREME_BULLISH,True,True,True,False,True,False,False
1990-07-15,,,,,,1990-07-13,1990-07-14,80.76923076923077,1990-07-13,1990-07-14,83.7037037037037,False,,False,False,True,1,True,True,True,1.0,True,True,2,2,82.23646723646723,EXTREME_BULLISH,True,True,True,False,True,False,False
1990-07-16,,,,,,1990-07-13,1990-07-14,80.76923076923077,1990-07-13,1990-07-14,83.7037037037037,False,,False,False,True,2,True,True,True,2.0,True,True,2,2,82.23646723646723,EXTREME_BULLISH,True,True,True,False,True,False,False
1990-07-17,,,,,,1990-07-13,1990-07-14,80.76923076923077,1990-07-16,1990-07-17,87.5,False,,False,False,True,3,True,True,True,0.0,True,True,2,2,84.13461538461539,EXTREME_BULLISH,True,True,True,False,True,False,False
1990-07-18,,,,,,1990-07-13,1990-07-14,80.76923076923077,1990-07-17,1990-07-18,89.05109489051095,False,,False,False,True,4,True,True,True,0.0,True,True,2,2,84.91016282987087,EXTREME_BULLISH,True,True,True,False,True,False,False
1990-07-21,,,,,,1990-07-20,1990-07-21,80.76923076923077,1990-07-20,1990-07-21,96.42857142857143,False,,False,False,True,0,True,True,True,0.0,True,True,2,2,88.59890109890111,EXTREME_BULLISH,True,True,True,False,True,False,False
1990-07-22,,,,,,1990-07-20,1990-07-21,80.76923076923077,1990-07-20,1990-07-21,96.42857142857143,False,,False,False,True,1,True,True,True,1.0,True,True,2,2,88.59890109890111,EXTREME_BULLISH,True,True,True,False,True,False,False
1990-07-23,,,,,,1990-07-20,1990-07-21,80.76923076923077,1990-07-20,1990-07-21,96.42857142857143,False,,False,False,True,2,True,True,True,2.0,True,True,2,2,88.59890109890111,EXTREME_BULLISH,True,True,True,False,True,False,False
1990-08-04,,,,,,1990-08-03,1990-08-04,11.538461538461538,1990-08-03,1990-08-04,0.0,False,,False,False,True,0,True,True,True,0.0,True,True,2,2,5.769230769230769,EXTREME_BEARISH,True,True,True,False,True,False,False
1990-08-05,,,,,,1990-08-03,1990-08-04,11.538461538461538,1990-08-03,1990-08-04,0.0,False,,False,False,True,1,True,True,True,1.0,True,True,2,2,5.769230769230769,EXTREME_BEARISH,True,True,True,False,True,False,False
1990-08-06,,,,,,1990-08-03,1990-08-04,11.538461538461538,1990-08-03,1990-08-04,0.0,False,,False,False,True,2,True,True,True,2.0,True,True,2,2,5.769230769230769,EXTREME_BEARISH,True,True,True,False,True,False,False
1990-08-07,,,,,,1990-08-03,1990-08-04,11.538461538461538,1990-08-06,1990-08-07,0.0,False,,False,False,True,3,True,True,True,0.0,True,True,2,2,5.769230769230769,EXTREME_BEARISH,True,True,True,False,True,False,False
1990-08-08,,,,,,1990-08-03,1990-08-04,11.538461538461538,1990-08-07,1990-08-08,0.6578947368420955,False,,False,False,True,4,True,True,True,0.0,True,True,2,2,6.098178137651817,EXTREME_BEARISH,True,True,True,False,True,False,False
1990-08-09,,,,,,1990-08-03,1990-08-04,11.538461538461538,1990-08-08,1990-08-09,1.9607843137254974,False,,False,False,True,5,True,True,True,0.0,True,True,2,2,6.749622926093518,EXTREME_BEARISH,True,True,True,False,True,False,False
1990-08-10,,,,,,1990-08-03,1990-08-04,11.538461538461538,1990-08-09,1990-08-10,11.038961038961034,False,,False,False,True,6,True,True,True,0.0,True,True,2,2,11.288711288711287,EXTREME_BEARISH,True,True,True,False,True,False,False
1990-08-11,,,,,,1990-08-10,1990-08-11,5.769230769230769,1990-08-10,1990-08-11,5.8064516129032455,False,,False,False,True,0,True,True,True,0.0,True,True,2,2,5.787841191067008,EXTREME_BEARISH,True,True,True,False,True,False,False
1990-08-12,,,,,,1990-08-10,1990-08-11,5.769230769230769,1990-08-10,1990-08-11,5.8064516129032455,False,,False,False,True,1,True,True,True,1.0,True,True,2,2,5.787841191067008,EXTREME_BEARISH,True,True,True,False,True,False,False
1990-08-13,,,,,,1990-08-10,1990-08-11,5.769230769230769,1990-08-10,1990-08-11,5.8064516129032455,False,,False,False,True,2,True,True,True,2.0,True,True,2,2,5.787841191067008,EXTREME_BEARISH,True,True,True,False,True,False,False
1990-08-14,,,,,,1990-08-10,1990-08-11,5.769230769230769,1990-08-13,1990-08-14,6.410256410256395,False,,False,False,True,3,True,True,True,0.0,True,True,2,2,6.089743589743582,EXTREME_BEARISH,True,True,True,False,True,False,False
1990-08-15,,,,,,1990-08-10,1990-08-11,5.769230769230769,1990-08-14,1990-08-15,15.286624203821646,False,,False,False,True,4,True,True,True,0.0,True,True,2,2,10.527927486526208,EXTREME_BEARISH,True,True,True,False,True,False,False
1990-08-16,,,,,,1990-08-10,1990-08-11,5.769230769230769,1990-08-15,1990-08-16,22.784810126582272,False,,False,False,True,5,True,True,True,0.0,True,True,2,2,14.277020447906521,EXTREME_BEARISH,True,True,True,False,True,False,False
1990-08-17,,,,,,1990-08-10,1990-08-11,5.769230769230769,1990-08-16,1990-08-17,3.1446540880503164,False,,False,False,True,6,True,True,True,0.0,True,True,2,2,4.456942428640543,EXTREME_BEARISH,True,True,True,False,True,False,False
1990-08-18,,,,,,1990-08-17,1990-08-18,1.9230769230769231,1990-08-17,1990-08-18,2.5,False,,False,False,True,0,True,True,True,0.0,True,True,2,2,2.2115384615384617,EXTREME_BEARISH,True,True,True,False,True,False,False
1990-08-19,,,,,,1990-08-17,1990-08-18,1.9230769230769231,1990-08-17,1990-08-18,2.5,False,,False,False,True,1,True,True,True,1.0,True,True,2,2,2.2115384615384617,EXTREME_BEARISH,True,True,True,False,True,False,False
1990-08-20,,,,,,1990-08-17,1990-08-18,1.9230769230769231,1990-08-17,1990-08-18,2.5,False,,False,False,True,2,True,True,True,2.0,True,True,2,2,2.2115384615384617,EXTREME_BEARISH,True,True,True,False,True,False,False
1990-08-21,,,,,,1990-08-17,1990-08-18,1.9230769230769231,1990-08-20,1990-08-21,4.968944099378874,False,,False,False,True,3,True,True,True,0.0,True,True,2,2,3.4460105112278985,EXTREME_BEARISH,True,True,True,False,True,False,False
1990-08-22,,,,,,1990-08-17,1990-08-18,1.9230769230769231,1990-08-21,1990-08-22,1.2345679012345556,False,,False,False,True,4,True,True,True,0.0,True,True,2,2,1.5788224121557395,EXTREME_BEARISH,True,True,True,False,True,False,False
1990-08-23,,,,,,1990-08-17,1990-08-18,1.9230769230769231,1990-08-22,1990-08-23,1.2269938650306784,False,,False,False,True,5,True,True,True,0.0,True,True,2,2,1.5750353940538009,EXTREME_BEARISH,True,True,True,False,True,False,False
1990-08-24,,,,,,1990-08-17,1990-08-18,1.9230769230769231,1990-08-23,1990-08-24,0.0,False,,False,False,True,6,True,True,True,0.0,True,True,2,2,0.9615384615384616,EXTREME_BEARISH,True,True,True,False,True,False,False
1990-08-25,,,,,,1990-08-24,1990-08-25,9.615384615384617,1990-08-24,1990-08-25,1.212121212121204,False,,False,False,True,0,True,True,True,0.0,True,True,2,2,5.41375291375291,EXTREME_BEARISH,True,True,True,False,True,False,False
1990-08-26,,,,,,1990-08-24,1990-08-25,9.615384615384617,1990-08-24,1990-08-25,1.212121212121204,False,,False,False,True,1,True,True,True,1.0,True,True,2,2,5.41375291375291,EXTREME_BEARISH,True,True,True,False,True,False,False
1990-08-27,,,,,,1990-08-24,1990-08-25,9.615384615384617,1990-08-24,1990-08-25,1.212121212121204,False,,False,False,True,2,True,True,True,2.0,True,True,2,2,5.41375291375291,EXTREME_BEARISH,True,True,True,False,True,False,False
1990-08-28,,,,,,1990-08-24,1990-08-25,9.615384615384617,1990-08-27,1990-08-28,3.0120481927710756,False,,False,False,True,3,True,True,True,0.0,True,True,2,2,6.313716404077846,EXTREME_BEARISH,True,True,True,False,True,False,False
1990-08-29,,,,,,1990-08-24,1990-08-25,9.615384615384617,1990-08-28,1990-08-29,3.592814371257475,False,,False,False,True,4,True,True,True,0.0,True,True,2,2,6.604099493321046,EXTREME_BEARISH,True,True,True,False,True,False,False
1990-08-30,,,,,,1990-08-24,1990-08-25,9.615384615384617,1990-08-29,1990-08-30,6.547619047619037,False,,False,False,True,5,True,True,True,0.0,True,True,2,2,8.081501831501827,EXTREME_BEARISH,True,True,True,False,True,False,False
1990-08-31,,,,,,1990-08-24,1990-08-25,9.615384615384617,1990-08-30,1990-08-31,2.958579881656803,False,,False,False,True,6,True,True,True,0.0,True,True,2,2,6.28698224852071,EXTREME_BEARISH,True,True,True,False,True,False,False
1990-09-01,,,,,,1990-08-31,1990-09-01,3.8461538461538463,1990-08-31,1990-09-01,2.941176470588246,False,,False,False,True,0,True,True,True,0.0,True,True,2,2,3.3936651583710464,EXTREME_BEARISH,True,True,True,False,True,False,False
1990-09-02,,,,,,1990-08-31,1990-09-01,3.8461538461538463,1990-08-31,1990-09-01,2.941176470588246,False,,False,False,True,1,True,True,True,1.0,True,True,2,2,3.3936651583710464,EXTREME_BEARISH,True,True,True,False,True,False,False
1990-09-03,,,,,,1990-08-31,1990-09-01,3.8461538461538463,1990-08-31,1990-09-01,2.941176470588246,False,,False,False,True,2,True,True,True,2.0,True,True,2,2,3.3936651583710464,EXTREME_BEARISH,True,True,True,False,True,False,False
1990-09-04,,,,,,1990-08-31,1990-09-01,3.8461538461538463,1990-08-31,1990-09-01,2.941176470588246,False,,False,False,True,3,True,True,True,3.0,True,True,2,2,3.3936651583710464,EXTREME_BEARISH,True,True,True,False,True,False,False
1990-09-05,,,,,,1990-08-31,1990-09-01,3.8461538461538463,1990-09-04,1990-09-05,4.67836257309942,False,,False,False,True,4,True,True,True,0.0,True,True,2,2,4.2622582096266335,EXTREME_BEARISH,True,True,True,False,True,False,False
1990-09-06,,,,,,1990-08-31,1990-09-01,3.8461538461538463,1990-09-05,1990-09-06,6.976744186046517,False,,False,False,True,5,True,True,True,0.0,True,True,2,2,5.411449016100182,EXTREME_BEARISH,True,True,True,False,True,False,False
1990-09-07,,,,,,1990-08-31,1990-09-01,3.8461538461538463,1990-09-06,1990-09-07,2.8901734104046426,False,,False,False,True,6,True,True,True,0.0,True,True,2,2,3.3681636282792446,EXTREME_BEARISH,True,True,True,False,True,False,False
1990-09-08,,,,,,1990-09-07,1990-09-08,21.15384615384616,1990-09-07,1990-09-08,7.471264367816076,False,,False,False,True,0,True,True,True,0.0,True,True,2,2,14.312555260831118,EXTREME_BEARISH,True,True,True,False,True,False,False
1990-09-09,,,,,,1990-09-07,1990-09-08,21.15384615384616,1990-09-07,1990-09-08,7.471264367816076,False,,False,False,True,1,True,True,True,1.0,True,True,2,2,14.312555260831118,EXTREME_BEARISH,True,True,True,False,True,False,False
1990-09-10,,,,,,1990-09-07,1990-09-08,21.15384615384616,1990-09-07,1990-09-08,7.471264367816076,False,,False,False,True,2,True,True,True,2.0,True,True,2,2,14.312555260831118,EXTREME_BEARISH,True,True,True,False,True,False,False
1990-09-11,,,,,,1990-09-07,1990-09-08,21.15384615384616,1990-09-10,1990-09-11,5.714285714285722,False,,False,False,True,3,True,True,True,0.0,True,True,2,2,13.434065934065941,EXTREME_BEARISH,True,True,True,False,True,False,False
1990-09-12,,,,,,1990-09-07,1990-09-08,21.15384615384616,1990-09-11,1990-09-12,9.090909090909093,False,,False,False,True,4,True,True,True,0.0,True,True,2,2,15.122377622377627,EXTREME_BEARISH,True,True,True,False,True,False,False
1990-09-13,,,,,,1990-09-07,1990-09-08,21.15384615384616,1990-09-12,1990-09-13,10.169491525423723,False,,False,False,True,5,True,True,True,0.0,True,True,2,2,15.661668839634942,EXTREME_BEARISH,True,True,True,False,True,False,False
1990-09-14,,,,,,1990-09-07,1990-09-08,21.15384615384616,1990-09-13,1990-09-14,6.17977528089888,False,,False,False,True,6,True,True,True,0.0,True,True,2,2,13.66681071737252,EXTREME_BEARISH,True,True,True,False,True,False,False
1990-09-15,,,,,,1990-09-14,1990-09-15,5.769230769230769,1990-09-14,1990-09-15,2.234636871508357,False,,False,False,True,0,True,True,True,0.0,True,True,2,2,4.001933820369564,EXTREME_BEARISH,True,True,True,False,True,False,False
1990-09-16,,,,,,1990-09-14,1990-09-15,5.769230769230769,1990-09-14,1990-09-15,2.234636871508357,False,,False,False,True,1,True,True,True,1.0,True,True,2,2,4.001933820369564,EXTREME_BEARISH,True,True,True,False,True,False,False
1990-09-17,,,,,,1990-09-14,1990-09-15,5.769230769230769,1990-09-14,1990-09-15,2.234636871508357,False,,False,False,True,2,True,True,True,2.0,True,True,2,2,4.001933820369564,EXTREME_BEARISH,True,True,True,False,True,False,False
1990-09-18,,,,,,1990-09-14,1990-09-15,5.769230769230769,1990-09-17,1990-09-18,6.111111111111114,False,,False,False,True,3,True,True,True,0.0,True,True,2,2,5.940170940170942,EXTREME_BEARISH,True,True,True,False,True,False,False
1990-09-19,,,,,,1990-09-14,1990-09-15,5.769230769230769,1990-09-18,1990-09-19,8.83977900552486,False,,False,False,True,4,True,True,True,0.0,True,True,2,2,7.304504887377815,EXTREME_BEARISH,True,True,True,False,True,False,False
1990-09-20,,,,,,1990-09-14,1990-09-15,5.769230769230769,1990-09-19,1990-09-20,12.637362637362642,False,,False,False,True,5,True,True,True,0.0,True,True,2,2,9.203296703296706,EXTREME_BEARISH,True,True,True,False,True,False,False
1990-09-21,,,,,,1990-09-14,1990-09-15,5.769230769230769,1990-09-20,1990-09-21,10.382513661202182,False,,False,False,True,6,True,True,True,0.0,True,True,2,2,8.075872215216476,EXTREME_BEARISH,True,True,True,False,True,False,False
1990-09-22,,,,,,1990-09-21,1990-09-22,1.9230769230769231,1990-09-21,1990-09-22,3.8043478260869534,False,,False,False,True,0,True,True,True,0.0,True,True,2,2,2.8637123745819384,EXTREME_BEARISH,True,True,True,False,True,False,False
1990-09-23,,,,,,1990-09-21,1990-09-22,1.9230769230769231,1990-09-21,1990-09-22,3.8043478260869534,False,,False,False,True,1,True,True,True,1.0,True,True,2,2,2.8637123745819384,EXTREME_BEARISH,True,True,True,False,True,False,False
1990-09-24,,,,,,1990-09-21,1990-09-22,1.9230769230769231,1990-09-21,1990-09-22,3.8043478260869534,False,,False,False,True,2,True,True,True,2.0,True,True,2,2,2.8637123745819384,EXTREME_BEARISH,True,True,True,False,True,False,False
1990-09-25,,,,,,1990-09-21,1990-09-22,1.9230769230769231,1990-09-24,1990-09-25,2.1621621621621614,False,,False,False,True,3,True,True,True,0.0,True,True,2,2,2.0426195426195424,EXTREME_BEARISH,True,True,True,False,True,False,False
1990-09-26,,,,,,1990-09-21,1990-09-22,1.9230769230769231,1990-09-25,1990-09-26,10.215053763440864,False,,False,False,True,4,True,True,True,0.0,True,True,2,2,6.0690653432588935,EXTREME_BEARISH,True,True,True,False,True,False,False
1990-09-27,,,,,,1990-09-21,1990-09-22,1.9230769230769231,1990-09-26,1990-09-27,13.903743315508024,False,,False,False,True,5,True,True,True,0.0,True,True,2,2,7.9134101192924735,EXTREME_BEARISH,True,True,True,False,True,False,False
1990-09-28,,,,,,1990-09-21,1990-09-22,1.9230769230769231,1990-09-27,1990-09-28,11.702127659574472,False,,False,False,True,6,True,True,True,0.0,True,True,2,2,6.812602291325698,EXTREME_BEARISH,True,True,True,False,True,False,False
1990-09-29,,,,,,1990-09-28,1990-09-29,15.384615384615383,1990-09-28,1990-09-29,8.994708994709,False,,False,False,True,0,True,True,True,0.0,True,True,2,2,12.189662189662192,EXTREME_BEARISH,True,True,True,False,True,False,False
1990-09-30,,,,,,1990-09-28,1990-09-29,15.384615384615383,1990-09-28,1990-09-29,8.994708994709,False,,False,False,True,1,True,True,True,1.0,True,True,2,2,12.189662189662192,EXTREME_BEARISH,True,True,True,False,True,False,False
1990-10-01,,,,,,1990-09-28,1990-09-29,15.384615384615383,1990-09-28,1990-09-29,8.994708994709,False,,False,False,True,2,True,True,True,2.0,True,True,2,2,12.189662189662192,EXTREME_BEARISH,True,True,True,False,True,False,False
1990-10-02,,,,,,1990-09-28,1990-09-29,15.384615384615383,1990-10-01,1990-10-02,15.789473684210535,False,,False,False,True,3,True,True,True,0.0,True,True,2,2,15.587044534412959,EXTREME_BEARISH,True,True,True,False,True,False,False
1990-10-03,,,,,,1990-09-28,1990-09-29,15.384615384615383,1990-10-02,1990-10-03,17.801047120418843,False,,False,False,True,4,True,True,True,0.0,True,True,2,2,16.592831252517115,EXTREME_BEARISH,True,True,True,False,True,False,False
1990-10-04,,,,,,1990-09-28,1990-09-29,15.384615384615383,1990-10-03,1990-10-04,16.145833333333343,False,,False,False,True,5,True,True,True,0.0,True,True,2,2,15.765224358974363,EXTREME_BEARISH,True,True,True,False,True,False,False
1990-10-05,,,,,,1990-09-28,1990-09-29,15.384615384615383,1990-10-04,1990-10-05,17.61658031088082,False,,False,False,True,6,True,True,True,0.0,True,True,2,2,16.500597847748104,EXTREME_BEARISH,True,True,True,False,True,False,False
1990-10-06,,,,,,1990-10-05,1990-10-06,1.9230769230769231,1990-10-05,1990-10-06,17.010309278350505,False,,False,False,True,0,True,True,True,0.0,True,True,2,2,9.466693100713714,EXTREME_BEARISH,True,True,True,False,True,False,False
1990-10-07,,,,,,1990-10-05,1990-10-06,1.9230769230769231,1990-10-05,1990-10-06,17.010309278350505,False,,False,False,True,1,True,True,True,1.0,True,True,2,2,9.466693100713714,EXTREME_BEARISH,True,True,True,False,True,False,False
1990-10-08,,,,,,1990-10-05,1990-10-06,1.9230769230769231,1990-10-05,1990-10-06,17.010309278350505,False,,False,False,True,2,True,True,True,2.0,True,True,2,2,9.466693100713714,EXTREME_BEARISH,True,True,True,False,True,False,False
1990-10-09,,,,,,1990-10-05,1990-10-06,1.9230769230769231,1990-10-08,1990-10-09,15.897435897435898,False,,False,False,True,3,True,True,True,0.0,True,True,2,2,8.91025641025641,EXTREME_BEARISH,True,True,True,False,True,False,False
1990-10-10,,,,,,1990-10-05,1990-10-06,1.9230769230769231,1990-10-09,1990-10-10,2.040816326530617,False,,False,False,True,4,True,True,True,0.0,True,True,2,2,1.9819466248037703,EXTREME_BEARISH,True,True,True,False,True,False,False
1990-10-11,,,,,,1990-10-05,1990-10-06,1.9230769230769231,1990-10-10,1990-10-11,2.030456852791886,False,,False,False,True,5,True,True,True,0.0,True,True,2,2,1.9767668879344047,EXTREME_BEARISH,True,True,True,False,True,False,False
1990-10-12,,,,,,1990-10-05,1990-10-06,1.9230769230769231,1990-10-11,1990-10-12,1.0101010101009962,False,,False,False,True,6,True,True,True,0.0,True,True,2,2,1.4665889665889598,EXTREME_BEARISH,True,True,True,False,True,False,False
1990-10-13,,,,,,1990-10-12,1990-10-13,15.384615384615383,1990-10-12,1990-10-13,2.512562814070364,False,,False,False,True,0,True,True,True,0.0,True,True,2,2,8.948589099342874,EXTREME_BEARISH,True,True,True,False,True,False,False
1990-10-14,,,,,,1990-10-12,1990-10-13,15.384615384615383,1990-10-12,1990-10-13,2.512562814070364,False,,False,False,True,1,True,True,True,1.0,True,True,2,2,8.948589099342874,EXTREME_BEARISH,True,True,True,False,True,False,False
1990-10-15,,,,,,1990-10-12,1990-10-13,15.384615384615383,1990-10-12,1990-10-13,2.512562814070364,False,,False,False,True,2,True,True,True,2.0,True,True,2,2,8.948589099342874,EXTREME_BEARISH,True,True,True,False,True,False,False
1990-10-16,,,,,,1990-10-12,1990-10-13,15.384615384615383,1990-10-15,1990-10-16,3.0,False,,False,False,True,3,True,True,True,0.0,True,True,2,2,9.192307692307692,EXTREME_BEARISH,True,True,True,False,True,False,False
1990-10-17,,,,,,1990-10-12,1990-10-13,15.384615384615383,1990-10-16,1990-10-17,3.4825870646765935,False,,False,False,True,4,True,True,True,0.0,True,True,2,2,9.433601224645988,EXTREME_BEARISH,True,True,True,False,True,False,False
1990-10-18,,,,,,1990-10-12,1990-10-13,15.384615384615383,1990-10-17,1990-10-18,3.960396039603964,False,,False,False,True,5,True,True,True,0.0,True,True,2,2,9.672505712109674,EXTREME_BEARISH,True,True,True,False,True,False,False
1990-10-19,,,,,,1990-10-12,1990-10-13,15.384615384615383,1990-10-18,1990-10-19,9.359605911330036,False,,False,False,True,6,True,True,True,0.0,True,True,2,2,12.37211064797271,EXTREME_BEARISH,True,True,True,False,True,False,False
1990-10-20,,,,,,1990-10-19,1990-10-20,1.9230769230769231,1990-10-19,1990-10-20,20.588235294117652,False,,False,False,True,0,True,True,True,0.0,True,True,2,2,11.255656108597288,EXTREME_BEARISH,True,True,True,False,True,False,False
1990-10-21,,,,,,1990-10-19,1990-10-20,1.9230769230769231,1990-10-19,1990-10-20,20.588235294117652,False,,False,False,True,1,True,True,True,1.0,True,True,2,2,11.255656108597288,EXTREME_BEARISH,True,True,True,False,True,False,False
1990-10-22,,,,,,1990-10-19,1990-10-20,1.9230769230769231,1990-10-19,1990-10-20,20.588235294117652,False,,False,False,True,2,True,True,True,2.0,True,True,2,2,11.255656108597288,EXTREME_BEARISH,True,True,True,False,True,False,False
1990-10-23,,,,,,1990-10-19,1990-10-20,1.9230769230769231,1990-10-22,1990-10-23,23.414634146341456,False,,False,False,True,3,True,True,True,0.0,True,True,2,2,12.66885553470919,EXTREME_BEARISH,True,True,True,False,True,False,False
1990-10-24,,,,,,1990-10-19,1990-10-20,1.9230769230769231,1990-10-23,1990-10-24,21.359223300970882,False,,False,False,True,4,True,True,True,0.0,True,True,2,2,11.641150112023903,EXTREME_BEARISH,True,True,True,False,True,False,False
1990-10-25,,,,,,1990-10-19,1990-10-20,1.9230769230769231,1990-10-24,1990-10-25,16.908212560386474,False,,False,False,True,5,True,True,True,0.0,True,True,2,2,9.415644741731699,EXTREME_BEARISH,True,True,True,False,True,False,False
1990-10-26,,,,,,1990-10-19,1990-10-20,1.9230769230769231,1990-10-25,1990-10-26,12.5,False,,False,False,True,6,True,True,True,0.0,True,True,2,2,7.211538461538462,EXTREME_BEARISH,True,True,True,False,True,False,False
1990-10-27,,,,,,1990-10-26,1990-10-27,13.461538461538462,1990-10-26,1990-10-27,4.784688995215319,False,,False,False,True,0,True,True,True,0.0,True,True,2,2,9.12311372837689,EXTREME_BEARISH,True,True,True,False,True,False,False
1990-10-28,,,,,,1990-10-26,1990-10-27,13.461538461538462,1990-10-26,1990-10-27,4.784688995215319,False,,False,False,True,1,True,True,True,1.0,True,True,2,2,9.12311372837689,EXTREME_BEARISH,True,True,True,False,True,False,False
1990-10-29,,,,,,1990-10-26,1990-10-27,13.461538461538462,1990-10-26,1990-10-27,4.784688995215319,False,,False,False,True,2,True,True,True,2.0,True,True,2,2,9.12311372837689,EXTREME_BEARISH,True,True,True,False,True,False,False
1990-10-30,,,,,,1990-10-26,1990-10-27,13.461538461538462,1990-10-29,1990-10-30,3.3333333333333144,False,,False,False,True,3,True,True,True,0.0,True,True,2,2,8.397435897435887,EXTREME_BEARISH,True,True,True,False,True,False,False
1990-10-31,,,,,,1990-10-26,1990-10-27,13.461538461538462,1990-10-30,1990-10-31,7.582938388625607,False,,False,False,True,4,True,True,True,0.0,True,True,2,2,10.522238425082033,EXTREME_BEARISH,True,True,True,False,True,False,False
1990-11-01,,,,,,1990-10-26,1990-10-27,13.461538461538462,1990-10-31,1990-11-01,8.490566037735846,False,,False,False,True,5,True,True,True,0.0,True,True,2,2,10.976052249637153,EXTREME_BEARISH,True,True,True,False,True,False,False
1990-11-02,,,,,,1990-10-26,1990-10-27,13.461538461538462,1990-11-01,1990-11-02,7.981220657277007,False,,False,False,True,6,True,True,True,0.0,True,True,2,2,10.721379559407733,EXTREME_BEARISH,True,True,True,False,True,False,False
1990-11-08,,,,,,1990-11-02,1990-11-03,30.76923076923077,1990-11-07,1990-11-08,5.0691244239631175,False,,False,False,True,5,True,True,True,0.0,True,True,2,2,17.919177596596946,EXTREME_BEARISH,True,True,True,False,True,False,False
1990-11-09,,,,,,1990-11-02,1990-11-03,30.76923076923077,1990-11-08,1990-11-09,5.504587155963307,False,,False,False,True,6,True,True,True,0.0,True,True,2,2,18.13690896259704,EXTREME_BEARISH,True,True,True,False,True,False,False
1991-01-12,,,,,,1991-01-11,1991-01-12,34.61538461538461,1991-01-11,1991-01-12,2.3809523809523796,False,,False,False,True,0,True,True,True,0.0,True,True,2,2,18.498168498168496,EXTREME_BEARISH,True,True,True,False,True,False,False
1991-01-13,,,,,,1991-01-11,1991-01-12,34.61538461538461,1991-01-11,1991-01-12,2.3809523809523796,False,,False,False,True,1,True,True,True,1.0,True,True,2,2,18.498168498168496,EXTREME_BEARISH,True,True,True,False,True,False,False
1991-01-14,,,,,,1991-01-11,1991-01-12,34.61538461538461,1991-01-11,1991-01-12,2.3809523809523796,False,,False,False,True,2,True,True,True,2.0,True,True,2,2,18.498168498168496,EXTREME_BEARISH,True,True,True,False,True,False,False
1991-01-15,,,,,,1991-01-11,1991-01-12,34.61538461538461,1991-01-14,1991-01-15,0.3968253968254061,False,,False,False,True,3,True,True,True,0.0,True,True,2,2,17.50610500610501,EXTREME_BEARISH,True,True,True,False,True,False,False
1991-01-16,,,,,,1991-01-11,1991-01-12,34.61538461538461,1991-01-15,1991-01-16,0.7936507936507837,False,,False,False,True,4,True,True,True,0.0,True,True,2,2,17.7045177045177,EXTREME_BEARISH,True,True,True,False,True,False,False
1991-01-17,,,,,,1991-01-11,1991-01-12,34.61538461538461,1991-01-16,1991-01-17,2.7777777777778,False,,False,False,True,5,True,True,True,0.0,True,True,2,2,18.696581196581207,EXTREME_BEARISH,True,True,True,False,True,False,False
1991-02-16,,,,,,1991-02-15,1991-02-16,98.07692307692308,1991-02-15,1991-02-16,74.60317460317461,False,,False,False,True,0,True,True,True,0.0,True,True,2,2,86.34004884004884,EXTREME_BULLISH,True,True,True,False,True,False,False
1991-02-17,,,,,,1991-02-15,1991-02-16,98.07692307692308,1991-02-15,1991-02-16,74.60317460317461,False,,False,False,True,1,True,True,True,1.0,True,True,2,2,86.34004884004884,EXTREME_BULLISH,True,True,True,False,True,False,False
1991-02-18,,,,,,1991-02-15,1991-02-16,98.07692307692308,1991-02-15,1991-02-16,74.60317460317461,False,,False,False,True,2,True,True,True,2.0,True,True,2,2,86.34004884004884,EXTREME_BULLISH,True,True,True,False,True,False,False
1991-02-19,,,,,,1991-02-15,1991-02-16,98.07692307692308,1991-02-15,1991-02-16,74.60317460317461,False,,False,False,True,3,True,True,True,3.0,True,True,2,2,86.34004884004884,EXTREME_BULLISH,True,True,True,False,True,False,False
1991-02-20,,,,,,1991-02-15,1991-02-16,98.07692307692308,1991-02-19,1991-02-20,71.42857142857143,False,,False,False,True,4,True,True,True,0.0,True,True,2,2,84.75274725274726,EXTREME_BULLISH,True,True,True,False,True,False,False
1991-02-22,,,,,,1991-02-15,1991-02-16,98.07692307692308,1991-02-21,1991-02-22,65.47619047619048,False,,False,False,True,6,True,True,True,0.0,True,True,2,2,81.77655677655679,EXTREME_BULLISH,True,True,True,False,True,False,False
1991-02-23,,,,,,1991-02-22,1991-02-23,100.0,1991-02-22,1991-02-23,62.301587301587304,False,,False,False,True,0,True,True,True,0.0,True,True,2,2,81.15079365079364,EXTREME_BULLISH,True,True,True,False,True,False,False
1991-02-24,,,,,,1991-02-22,1991-02-23,100.0,1991-02-22,1991-02-23,62.301587301587304,False,,False,False,True,1,True,True,True,1.0,True,True,2,2,81.15079365079364,EXTREME_BULLISH,True,True,True,False,True,False,False
1991-02-25,,,,,,1991-02-22,1991-02-23,100.0,1991-02-22,1991-02-23,62.301587301587304,False,,False,False,True,2,True,True,True,2.0,True,True,2,2,81.15079365079364,EXTREME_BULLISH,True,True,True,False,True,False,False
1991-02-27,,,,,,1991-02-22,1991-02-23,100.0,1991-02-26,1991-02-27,67.46031746031747,False,,False,False,True,4,True,True,True,0.0,True,True,2,2,83.73015873015873,EXTREME_BULLISH,True,True,True,False,True,False,False
1991-03-06,,,,,,1991-03-01,1991-03-02,94.23076923076924,1991-03-05,1991-03-06,66.26984126984127,False,,False,False,True,4,True,True,True,0.0,True,True,2,2,80.25030525030525,EXTREME_BULLISH,True,True,True,False,True,False,False
1991-03-13,,,,,,1991-03-08,1991-03-09,94.23076923076924,1991-03-12,1991-03-13,77.77777777777777,False,,False,False,True,4,True,True,True,0.0,True,True,2,2,86.0042735042735,EXTREME_BULLISH,True,True,True,False,True,False,False
1991-03-14,,,,,,1991-03-08,1991-03-09,94.23076923076924,1991-03-13,1991-03-14,96.82539682539682,False,,False,False,True,5,True,True,True,0.0,True,True,2,2,95.52808302808303,EXTREME_BULLISH,True,True,True,False,True,False,False
1991-03-15,,,,,,1991-03-08,1991-03-09,94.23076923076924,1991-03-14,1991-03-15,99.2063492063492,False,,False,False,True,6,True,True,True,0.0,True,True,2,2,96.71855921855922,EXTREME_BULLISH,True,True,True,False,True,False,False
1991-03-16,,,,,,1991-03-15,1991-03-16,98.07692307692308,1991-03-15,1991-03-16,99.2063492063492,False,,False,False,True,0,True,True,True,0.0,True,True,2,2,98.64163614163614,EXTREME_BULLISH,True,True,True,False,True,False,False
1991-03-17,,,,,,1991-03-15,1991-03-16,98.07692307692308,1991-03-15,1991-03-16,99.2063492063492,False,,False,False,True,1,True,True,True,1.0,True,True,2,2,98.64163614163614,EXTREME_BULLISH,True,True,True,False,True,False,False
1991-03-18,,,,,,1991-03-15,1991-03-16,98.07692307692308,1991-03-15,1991-03-16,99.2063492063492,False,,False,False,True,2,True,True,True,2.0,True,True,2,2,98.64163614163614,EXTREME_BULLISH,True,True,True,False,True,False,False
1991-03-19,,,,,,1991-03-15,1991-03-16,98.07692307692308,1991-03-18,1991-03-19,96.82539682539682,False,,False,False,True,3,True,True,True,0.0,True,True,2,2,97.45115995115995,EXTREME_BULLISH,True,True,True,False,True,False,False
1991-03-20,,,,,,1991-03-15,1991-03-16,98.07692307692308,1991-03-19,1991-03-20,94.84126984126985,False,,False,False,True,4,True,True,True,0.0,True,True,2,2,96.45909645909646,EXTREME_BULLISH,True,True,True,False,True,False,False
1991-03-21,,,,,,1991-03-15,1991-03-16,98.07692307692308,1991-03-20,1991-03-21,95.63492063492063,False,,False,False,True,5,True,True,True,0.0,True,True,2,2,96.85592185592185,EXTREME_BULLISH,True,True,True,False,True,False,False
1991-03-22,,,,,,1991-03-15,1991-03-16,98.07692307692308,1991-03-21,1991-03-22,89.68253968253968,False,,False,False,True,6,True,True,True,0.0,True,True,2,2,93.87973137973138,EXTREME_BULLISH,True,True,True,False,True,False,False
1991-03-23,,,,,,1991-03-22,1991-03-23,86.53846153846155,1991-03-22,1991-03-23,92.06349206349206,False,,False,False,True,0,True,True,True,0.0,True,True,2,2,89.3009768009768,EXTREME_BULLISH,True,True,True,False,True,False,False
1991-03-24,,,,,,1991-03-22,1991-03-23,86.53846153846155,1991-03-22,1991-03-23,92.06349206349206,False,,False,False,True,1,True,True,True,1.0,True,True,2,2,89.3009768009768,EXTREME_BULLISH,True,True,True,False,True,False,False
1991-03-25,,,,,,1991-03-22,1991-03-23,86.53846153846155,1991-03-22,1991-03-23,92.06349206349206,False,,False,False,True,2,True,True,True,2.0,True,True,2,2,89.3009768009768,EXTREME_BULLISH,True,True,True,False,True,False,False
1991-03-26,,,,,,1991-03-22,1991-03-23,86.53846153846155,1991-03-25,1991-03-26,89.28571428571429,False,,False,False,True,3,True,True,True,0.0,True,True,2,2,87.91208791208791,EXTREME_BULLISH,True,True,True,False,True,False,False
1991-03-27,,,,,,1991-03-22,1991-03-23,86.53846153846155,1991-03-26,1991-03-27,92.85714285714286,False,,False,False,True,4,True,True,True,0.0,True,True,2,2,89.6978021978022,EXTREME_BULLISH,True,True,True,False,True,False,False
1991-03-28,,,,,,1991-03-22,1991-03-23,86.53846153846155,1991-03-27,1991-03-28,91.26984126984127,False,,False,False,True,5,True,True,True,0.0,True,True,2,2,88.9041514041514,EXTREME_BULLISH,True,True,True,False,True,False,False
1991-03-29,,,,,,1991-03-22,1991-03-23,86.53846153846155,1991-03-28,1991-03-29,87.3015873015873,False,,False,False,True,6,True,True,True,0.0,True,True,2,2,86.92002442002442,EXTREME_BULLISH,True,True,True,False,True,False,False
1991-03-30,,,,,,1991-03-29,1991-03-30,94.23076923076924,1991-03-28,1991-03-29,87.3015873015873,False,,False,False,True,0,True,True,True,1.0,True,True,2,2,90.76617826617827,EXTREME_BULLISH,True,True,True,False,True,False,False
1991-03-31,,,,,,1991-03-29,1991-03-30,94.23076923076924,1991-03-28,1991-03-29,87.3015873015873,False,,False,False,True,1,True,True,True,2.0,True,True,2,2,90.76617826617827,EXTREME_BULLISH,True,True,True,False,True,False,False
1991-04-01,,,,,,1991-03-29,1991-03-30,94.23076923076924,1991-03-28,1991-03-29,87.3015873015873,False,,False,False,True,2,True,True,True,3.0,True,True,2,2,90.76617826617827,EXTREME_BULLISH,True,True,True,False,True,False,False
1991-04-02,,,,,,1991-03-29,1991-03-30,94.23076923076924,1991-04-01,1991-04-02,80.95238095238095,False,,False,False,True,3,True,True,True,0.0,True,True,2,2,87.5915750915751,EXTREME_BULLISH,True,True,True,False,True,False,False
1991-04-03,,,,,,1991-03-29,1991-03-30,94.23076923076924,1991-04-02,1991-04-03,81.34920634920636,False,,False,False,True,4,True,True,True,0.0,True,True,2,2,87.7899877899878,EXTREME_BULLISH,True,True,True,False,True,False,False
1991-04-04,,,,,,1991-03-29,1991-03-30,94.23076923076924,1991-04-03,1991-04-04,79.36507936507937,False,,False,False,True,5,True,True,True,0.0,True,True,2,2,86.79792429792431,EXTREME_BULLISH,True,True,True,False,True,False,False
1991-04-05,,,,,,1991-03-29,1991-03-30,94.23076923076924,1991-04-04,1991-04-05,76.19047619047619,False,,False,False,True,6,True,True,True,0.0,True,True,2,2,85.21062271062272,EXTREME_BULLISH,True,True,True,False,True,False,False
1991-04-06,,,,,,1991-04-05,1991-04-06,100.0,1991-04-05,1991-04-06,78.96825396825398,False,,False,False,True,0,True,True,True,0.0,True,True,2,2,89.48412698412699,EXTREME_BULLISH,True,True,True,False,True,False,False
1991-04-07,,,,,,1991-04-05,1991-04-06,100.0,1991-04-05,1991-04-06,78.96825396825398,False,,False,False,True,1,True,True,True,1.0,True,True,2,2,89.48412698412699,EXTREME_BULLISH,True,True,True,False,True,False,False
1991-04-08,,,,,,1991-04-05,1991-04-06,100.0,1991-04-05,1991-04-06,78.96825396825398,False,,False,False,True,2,True,True,True,2.0,True,True,2,2,89.48412698412699,EXTREME_BULLISH,True,True,True,False,True,False,False
1991-04-09,,,,,,1991-04-05,1991-04-06,100.0,1991-04-08,1991-04-09,80.95238095238095,False,,False,False,True,3,True,True,True,0.0,True,True,2,2,90.47619047619048,EXTREME_BULLISH,True,True,True,False,True,False,False
1991-04-10,,,,,,1991-04-05,1991-04-06,100.0,1991-04-09,1991-04-10,67.46031746031747,False,,False,False,True,4,True,True,True,0.0,True,True,2,2,83.73015873015873,EXTREME_BULLISH,True,True,True,False,True,False,False
1991-04-11,,,,,,1991-04-05,1991-04-06,100.0,1991-04-10,1991-04-11,69.04761904761904,False,,False,False,True,5,True,True,True,0.0,True,True,2,2,84.52380952380952,EXTREME_BULLISH,True,True,True,False,True,False,False
1991-04-12,,,,,,1991-04-05,1991-04-06,100.0,1991-04-11,1991-04-12,84.12698412698413,False,,False,False,True,6,True,True,True,0.0,True,True,2,2,92.06349206349206,EXTREME_BULLISH,True,True,True,False,True,False,False
1991-04-13,,,,,,1991-04-12,1991-04-13,86.53846153846155,1991-04-12,1991-04-13,74.2063492063492,False,,False,False,True,0,True,True,True,0.0,True,True,2,2,80.37240537240538,EXTREME_BULLISH,True,True,True,False,True,False,False
1991-04-14,,,,,,1991-04-12,1991-04-13,86.53846153846155,1991-04-12,1991-04-13,74.2063492063492,False,,False,False,True,1,True,True,True,1.0,True,True,2,2,80.37240537240538,EXTREME_BULLISH,True,True,True,False,True,False,False
1991-04-15,,,,,,1991-04-12,1991-04-13,86.53846153846155,1991-04-12,1991-04-13,74.2063492063492,False,,False,False,True,2,True,True,True,2.0,True,True,2,2,80.37240537240538,EXTREME_BULLISH,True,True,True,False,True,False,False
1991-04-16,,,,,,1991-04-12,1991-04-13,86.53846153846155,1991-04-15,1991-04-16,91.26984126984127,False,,False,False,True,3,True,True,True,0.0,True,True,2,2,88.9041514041514,EXTREME_BULLISH,True,True,True,False,True,False,False
1991-04-17,,,,,,1991-04-12,1991-04-13,86.53846153846155,1991-04-16,1991-04-17,96.42857142857143,False,,False,False,True,4,True,True,True,0.0,True,True,2,2,91.4835164835165,EXTREME_BULLISH,True,True,True,False,True,False,False
1991-04-18,,,,,,1991-04-12,1991-04-13,86.53846153846155,1991-04-17,1991-04-18,97.61904761904762,False,,False,False,True,5,True,True,True,0.0,True,True,2,2,92.07875457875458,EXTREME_BULLISH,True,True,True,False,True,False,False
1991-04-19,,,,,,1991-04-12,1991-04-13,86.53846153846155,1991-04-18,1991-04-19,92.46031746031746,False,,False,False,True,6,True,True,True,0.0,True,True,2,2,89.49938949938951,EXTREME_BULLISH,True,True,True,False,True,False,False
1991-04-20,,,,,,1991-04-19,1991-04-20,80.76923076923077,1991-04-19,1991-04-20,96.42857142857143,False,,False,False,True,0,True,True,True,0.0,True,True,2,2,88.59890109890111,EXTREME_BULLISH,True,True,True,False,True,False,False
1991-04-21,,,,,,1991-04-19,1991-04-20,80.76923076923077,1991-04-19,1991-04-20,96.42857142857143,False,,False,False,True,1,True,True,True,1.0,True,True,2,2,88.59890109890111,EXTREME_BULLISH,True,True,True,False,True,False,False
1991-04-22,,,,,,1991-04-19,1991-04-20,80.76923076923077,1991-04-19,1991-04-20,96.42857142857143,False,,False,False,True,2,True,True,True,2.0,True,True,2,2,88.59890109890111,EXTREME_BULLISH,True,True,True,False,True,False,False
1991-04-23,,,,,,1991-04-19,1991-04-20,80.76923076923077,1991-04-22,1991-04-23,86.11111111111111,False,,False,False,True,3,True,True,True,0.0,True,True,2,2,83.44017094017094,EXTREME_BULLISH,True,True,True,False,True,False,False
1991-04-24,,,,,,1991-04-19,1991-04-20,80.76923076923077,1991-04-23,1991-04-24,84.12698412698413,False,,False,False,True,4,True,True,True,0.0,True,True,2,2,82.44810744810745,EXTREME_BULLISH,True,True,True,False,True,False,False
1991-04-25,,,,,,1991-04-19,1991-04-20,80.76923076923077,1991-04-24,1991-04-25,86.9047619047619,False,,False,False,True,5,True,True,True,0.0,True,True,2,2,83.83699633699634,EXTREME_BULLISH,True,True,True,False,True,False,False
1991-04-26,,,,,,1991-04-19,1991-04-20,80.76923076923077,1991-04-25,1991-04-26,81.74603174603175,False,,False,False,True,6,True,True,True,0.0,True,True,2,2,81.25763125763126,EXTREME_BULLISH,True,True,True,False,True,False,False
1991-04-27,,,,,,1991-04-26,1991-04-27,100.0,1991-04-26,1991-04-27,79.36507936507937,False,,False,False,True,0,True,True,True,0.0,True,True,2,2,89.68253968253968,EXTREME_BULLISH,True,True,True,False,True,False,False
1991-04-28,,,,,,1991-04-26,1991-04-27,100.0,1991-04-26,1991-04-27,79.36507936507937,False,,False,False,True,1,True,True,True,1.0,True,True,2,2,89.68253968253968,EXTREME_BULLISH,True,True,True,False,True,False,False
1991-04-29,,,,,,1991-04-26,1991-04-27,100.0,1991-04-26,1991-04-27,79.36507936507937,False,,False,False,True,2,True,True,True,2.0,True,True,2,2,89.68253968253968,EXTREME_BULLISH,True,True,True,False,True,False,False
1991-04-30,,,,,,1991-04-26,1991-04-27,100.0,1991-04-29,1991-04-30,71.03174603174602,False,,False,False,True,3,True,True,True,0.0,True,True,2,2,85.51587301587301,EXTREME_BULLISH,True,True,True,False,True,False,False
1991-05-01,,,,,,1991-04-26,1991-04-27,100.0,1991-04-30,1991-05-01,71.03174603174602,False,,False,False,True,4,True,True,True,0.0,True,True,2,2,85.51587301587301,EXTREME_BULLISH,True,True,True,False,True,False,False
1991-05-02,,,,,,1991-04-26,1991-04-27,100.0,1991-05-01,1991-05-02,72.22222222222223,False,,False,False,True,5,True,True,True,0.0,True,True,2,2,86.11111111111111,EXTREME_BULLISH,True,True,True,False,True,False,False
1991-05-03,,,,,,1991-04-26,1991-04-27,100.0,1991-05-02,1991-05-03,75.0,False,,False,False,True,6,True,True,True,0.0,True,True,2,2,87.5,EXTREME_BULLISH,True,True,True,False,True,False,False
1991-05-18,,,,,,1991-05-17,1991-05-18,76.92307692307693,1991-05-17,1991-05-18,88.4920634920635,False,,False,False,True,0,True,True,True,0.0,True,True,2,2,82.70757020757021,EXTREME_BULLISH,True,True,True,False,True,False,False
1991-05-19,,,,,,1991-05-17,1991-05-18,76.92307692307693,1991-05-17,1991-05-18,88.4920634920635,False,,False,False,True,1,True,True,True,1.0,True,True,2,2,82.70757020757021,EXTREME_BULLISH,True,True,True,False,True,False,False
1991-05-20,,,,,,1991-05-17,1991-05-18,76.92307692307693,1991-05-17,1991-05-18,88.4920634920635,False,,False,False,True,2,True,True,True,2.0,True,True,2,2,82.70757020757021,EXTREME_BULLISH,True,True,True,False,True,False,False
1991-05-22,,,,,,1991-05-17,1991-05-18,76.92307692307693,1991-05-21,1991-05-22,94.04761904761905,False,,False,False,True,4,True,True,True,0.0,True,True,2,2,85.485347985348,EXTREME_BULLISH,True,True,True,False,True,False,False
1991-05-23,,,,,,1991-05-17,1991-05-18,76.92307692307693,1991-05-22,1991-05-23,92.46031746031746,False,,False,False,True,5,True,True,True,0.0,True,True,2,2,84.69169719169719,EXTREME_BULLISH,True,True,True,False,True,False,False
1991-05-24,,,,,,1991-05-17,1991-05-18,76.92307692307693,1991-05-23,1991-05-24,92.46031746031746,False,,False,False,True,6,True,True,True,0.0,True,True,2,2,84.69169719169719,EXTREME_BULLISH,True,True,True,False,True,False,False
1991-05-25,,,,,,1991-05-24,1991-05-25,75.0,1991-05-24,1991-05-25,98.01587301587301,False,,False,False,True,0,True,True,True,0.0,True,True,2,2,86.5079365079365,EXTREME_BULLISH,True,True,True,False,True,False,False
1991-05-26,,,,,,1991-05-24,1991-05-25,75.0,1991-05-24,1991-05-25,98.01587301587301,False,,False,False,True,1,True,True,True,1.0,True,True,2,2,86.5079365079365,EXTREME_BULLISH,True,True,True,False,True,False,False
1991-05-27,,,,,,1991-05-24,1991-05-25,75.0,1991-05-24,1991-05-25,98.01587301587301,False,,False,False,True,2,True,True,True,2.0,True,True,2,2,86.5079365079365,EXTREME_BULLISH,True,True,True,False,True,False,False
1991-05-28,,,,,,1991-05-24,1991-05-25,75.0,1991-05-24,1991-05-25,98.01587301587301,False,,False,False,True,3,True,True,True,3.0,True,True,2,2,86.5079365079365,EXTREME_BULLISH,True,True,True,False,True,False,False
1991-05-29,,,,,,1991-05-24,1991-05-25,75.0,1991-05-28,1991-05-29,96.03174603174604,False,,False,False,True,4,True,True,True,0.0,True,True,2,2,85.51587301587301,EXTREME_BULLISH,True,True,True,False,True,False,False
1991-05-30,,,,,,1991-05-24,1991-05-25,75.0,1991-05-29,1991-05-30,94.04761904761905,False,,False,False,True,5,True,True,True,0.0,True,True,2,2,84.52380952380952,EXTREME_BULLISH,True,True,True,False,True,False,False
1991-05-31,,,,,,1991-05-24,1991-05-25,75.0,1991-05-30,1991-05-31,93.25396825396825,False,,False,False,True,6,True,True,True,0.0,True,True,2,2,84.12698412698413,EXTREME_BULLISH,True,True,True,False,True,False,False
1991-06-01,,,,,,1991-05-31,1991-06-01,84.61538461538461,1991-05-31,1991-06-01,93.65079365079364,False,,False,False,True,0,True,True,True,0.0,True,True,2,2,89.13308913308913,EXTREME_BULLISH,True,True,True,False,True,False,False
1991-06-02,,,,,,1991-05-31,1991-06-01,84.61538461538461,1991-05-31,1991-06-01,93.65079365079364,False,,False,False,True,1,True,True,True,1.0,True,True,2,2,89.13308913308913,EXTREME_BULLISH,True,True,True,False,True,False,False
1991-06-03,,,,,,1991-05-31,1991-06-01,84.61538461538461,1991-05-31,1991-06-01,93.65079365079364,False,,False,False,True,2,True,True,True,2.0,True,True,2,2,89.13308913308913,EXTREME_BULLISH,True,True,True,False,True,False,False
1991-06-04,,,,,,1991-05-31,1991-06-01,84.61538461538461,1991-06-03,1991-06-04,81.74603174603175,False,,False,False,True,3,True,True,True,0.0,True,True,2,2,83.18070818070818,EXTREME_BULLISH,True,True,True,False,True,False,False
1991-06-05,,,,,,1991-05-31,1991-06-01,84.61538461538461,1991-06-04,1991-06-05,89.68253968253968,False,,False,False,True,4,True,True,True,0.0,True,True,2,2,87.14896214896214,EXTREME_BULLISH,True,True,True,False,True,False,False
1991-06-06,,,,,,1991-05-31,1991-06-01,84.61538461538461,1991-06-05,1991-06-06,86.9047619047619,False,,False,False,True,5,True,True,True,0.0,True,True,2,2,85.76007326007326,EXTREME_BULLISH,True,True,True,False,True,False,False
1991-06-07,,,,,,1991-05-31,1991-06-01,84.61538461538461,1991-06-06,1991-06-07,79.36507936507937,False,,False,False,True,6,True,True,True,0.0,True,True,2,2,81.99023199023199,EXTREME_BULLISH,True,True,True,False,True,False,False
1991-06-08,,,,,,1991-06-07,1991-06-08,92.3076923076923,1991-06-07,1991-06-08,79.36507936507937,False,,False,False,True,0,True,True,True,0.0,True,True,2,2,85.83638583638583,EXTREME_BULLISH,True,True,True,False,True,False,False
1991-06-09,,,,,,1991-06-07,1991-06-08,92.3076923076923,1991-06-07,1991-06-08,79.36507936507937,False,,False,False,True,1,True,True,True,1.0,True,True,2,2,85.83638583638583,EXTREME_BULLISH,True,True,True,False,True,False,False
1991-06-10,,,,,,1991-06-07,1991-06-08,92.3076923076923,1991-06-07,1991-06-08,79.36507936507937,False,,False,False,True,2,True,True,True,2.0,True,True,2,2,85.83638583638583,EXTREME_BULLISH,True,True,True,False,True,False,False
1991-06-11,,,,,,1991-06-07,1991-06-08,92.3076923076923,1991-06-10,1991-06-11,71.82539682539684,False,,False,False,True,3,True,True,True,0.0,True,True,2,2,82.06654456654456,EXTREME_BULLISH,True,True,True,False,True,False,False
1991-06-12,,,,,,1991-06-07,1991-06-08,92.3076923076923,1991-06-11,1991-06-12,74.60317460317461,False,,False,False,True,4,True,True,True,0.0,True,True,2,2,83.45543345543345,EXTREME_BULLISH,True,True,True,False,True,False,False
1991-06-13,,,,,,1991-06-07,1991-06-08,92.3076923076923,1991-06-12,1991-06-13,69.44444444444444,False,,False,False,True,5,True,True,True,0.0,True,True,2,2,80.87606837606837,EXTREME_BULLISH,True,True,True,False,True,False,False
1991-06-14,,,,,,1991-06-07,1991-06-08,92.3076923076923,1991-06-13,1991-06-14,79.76190476190476,False,,False,False,True,6,True,True,True,0.0,True,True,2,2,86.03479853479854,EXTREME_BULLISH,True,True,True,False,True,False,False
1991-06-15,,,,,,1991-06-14,1991-06-15,88.46153846153845,1991-06-14,1991-06-15,93.25396825396825,False,,False,False,True,0,True,True,True,0.0,True,True,2,2,90.85775335775335,EXTREME_BULLISH,True,True,True,False,True,False,False
1991-06-16,,,,,,1991-06-14,1991-06-15,88.46153846153845,1991-06-14,1991-06-15,93.25396825396825,False,,False,False,True,1,True,True,True,1.0,True,True,2,2,90.85775335775335,EXTREME_BULLISH,True,True,True,False,True,False,False
1991-06-17,,,,,,1991-06-14,1991-06-15,88.46153846153845,1991-06-14,1991-06-15,93.25396825396825,False,,False,False,True,2,True,True,True,2.0,True,True,2,2,90.85775335775335,EXTREME_BULLISH,True,True,True,False,True,False,False
1991-06-18,,,,,,1991-06-14,1991-06-15,88.46153846153845,1991-06-17,1991-06-18,96.42857142857143,False,,False,False,True,3,True,True,True,0.0,True,True,2,2,92.44505494505495,EXTREME_BULLISH,True,True,True,False,True,False,False
1991-06-19,,,,,,1991-06-14,1991-06-15,88.46153846153845,1991-06-18,1991-06-19,89.68253968253968,False,,False,False,True,4,True,True,True,0.0,True,True,2,2,89.07203907203908,EXTREME_BULLISH,True,True,True,False,True,False,False
1991-06-20,,,,,,1991-06-14,1991-06-15,88.46153846153845,1991-06-19,1991-06-20,72.61904761904762,False,,False,False,True,5,True,True,True,0.0,True,True,2,2,80.54029304029304,EXTREME_BULLISH,True,True,True,False,True,False,False
1991-06-21,,,,,,1991-06-14,1991-06-15,88.46153846153845,1991-06-20,1991-06-21,82.93650793650794,False,,False,False,True,6,True,True,True,0.0,True,True,2,2,85.6990231990232,EXTREME_BULLISH,True,True,True,False,True,False,False
1991-06-22,,,,,,1991-06-21,1991-06-22,90.3846153846154,1991-06-21,1991-06-22,86.11111111111111,False,,False,False,True,0,True,True,True,0.0,True,True,2,2,88.24786324786325,EXTREME_BULLISH,True,True,True,False,True,False,False
1991-06-23,,,,,,1991-06-21,1991-06-22,90.3846153846154,1991-06-21,1991-06-22,86.11111111111111,False,,False,False,True,1,True,True,True,1.0,True,True,2,2,88.24786324786325,EXTREME_BULLISH,True,True,True,False,True,False,False
1991-06-24,,,,,,1991-06-21,1991-06-22,90.3846153846154,1991-06-21,1991-06-22,86.11111111111111,False,,False,False,True,2,True,True,True,2.0,True,True,2,2,88.24786324786325,EXTREME_BULLISH,True,True,True,False,True,False,False
1991-07-19,,,,,,1991-07-12,1991-07-13,78.84615384615384,1991-07-18,1991-07-19,96.42857142857143,False,,False,False,True,6,True,True,True,0.0,True,True,2,2,87.63736263736263,EXTREME_BULLISH,True,True,True,False,True,False,False
1991-07-27,,,,,,1991-07-26,1991-07-27,65.38461538461539,1991-07-26,1991-07-27,98.41269841269842,False,,False,False,True,0,True,True,True,0.0,True,True,2,2,81.8986568986569,EXTREME_BULLISH,True,True,True,False,True,False,False
1991-07-28,,,,,,1991-07-26,1991-07-27,65.38461538461539,1991-07-26,1991-07-27,98.41269841269842,False,,False,False,True,1,True,True,True,1.0,True,True,2,2,81.8986568986569,EXTREME_BULLISH,True,True,True,False,True,False,False
1991-07-29,,,,,,1991-07-26,1991-07-27,65.38461538461539,1991-07-26,1991-07-27,98.41269841269842,False,,False,False,True,2,True,True,True,2.0,True,True,2,2,81.8986568986569,EXTREME_BULLISH,True,True,True,False,True,False,False
1991-07-30,,,,,,1991-07-26,1991-07-27,65.38461538461539,1991-07-29,1991-07-30,96.42857142857143,False,,False,False,True,3,True,True,True,0.0,True,True,2,2,80.9065934065934,EXTREME_BULLISH,True,True,True,False,True,False,False
1991-07-31,,,,,,1991-07-26,1991-07-27,65.38461538461539,1991-07-30,1991-07-31,97.61904761904762,False,,False,False,True,4,True,True,True,0.0,True,True,2,2,81.5018315018315,EXTREME_BULLISH,True,True,True,False,True,False,False
1991-08-01,,,,,,1991-07-26,1991-07-27,65.38461538461539,1991-07-31,1991-08-01,98.80952380952381,False,,False,False,True,5,True,True,True,0.0,True,True,2,2,82.0970695970696,EXTREME_BULLISH,True,True,True,False,True,False,False
1991-08-02,,,,,,1991-07-26,1991-07-27,65.38461538461539,1991-08-01,1991-08-02,96.82539682539682,False,,False,False,True,6,True,True,True,0.0,True,True,2,2,81.10500610500611,EXTREME_BULLISH,True,True,True,False,True,False,False
1991-08-31,,,,,,1991-08-30,1991-08-31,86.53846153846155,1991-08-30,1991-08-31,99.2063492063492,False,,False,False,True,0,True,True,True,0.0,True,True,2,2,92.87240537240538,EXTREME_BULLISH,True,True,True,False,True,False,False
1991-09-01,,,,,,1991-08-30,1991-08-31,86.53846153846155,1991-08-30,1991-08-31,99.2063492063492,False,,False,False,True,1,True,True,True,1.0,True,True,2,2,92.87240537240538,EXTREME_BULLISH,True,True,True,False,True,False,False
1991-09-02,,,,,,1991-08-30,1991-08-31,86.53846153846155,1991-08-30,1991-08-31,99.2063492063492,False,,False,False,True,2,True,True,True,2.0,True,True,2,2,92.87240537240538,EXTREME_BULLISH,True,True,True,False,True,False,False
1991-09-03,,,,,,1991-08-30,1991-08-31,86.53846153846155,1991-08-30,1991-08-31,99.2063492063492,False,,False,False,True,3,True,True,True,3.0,True,True,2,2,92.87240537240538,EXTREME_BULLISH,True,True,True,False,True,False,False
1991-09-04,,,,,,1991-08-30,1991-08-31,86.53846153846155,1991-09-03,1991-09-04,77.38095238095238,False,,False,False,True,4,True,True,True,0.0,True,True,2,2,81.95970695970696,EXTREME_BULLISH,True,True,True,False,True,False,False
1991-10-17,,,,,,1991-10-11,1991-10-12,65.38461538461539,1991-10-16,1991-10-17,96.82539682539682,False,,False,False,True,5,True,True,True,0.0,True,True,2,2,81.10500610500611,EXTREME_BULLISH,True,True,True,False,True,False,False
1991-12-10,,,,,,1991-12-06,1991-12-07,9.615384615384617,1991-12-09,1991-12-10,29.761904761904773,False,,False,False,True,3,True,True,True,0.0,True,True,2,2,19.688644688644693,EXTREME_BEARISH,True,True,True,False,True,False,False
1991-12-11,,,,,,1991-12-06,1991-12-07,9.615384615384617,1991-12-10,1991-12-11,27.777777777777786,False,,False,False,True,4,True,True,True,0.0,True,True,2,2,18.6965811965812,EXTREME_BEARISH,True,True,True,False,True,False,False
1991-12-12,,,,,,1991-12-06,1991-12-07,9.615384615384617,1991-12-11,1991-12-12,23.412698412698404,False,,False,False,True,5,True,True,True,0.0,True,True,2,2,16.51404151404151,EXTREME_BEARISH,True,True,True,False,True,False,False
1992-03-25,,,,,,1992-03-20,1992-03-21,90.3846153846154,1992-03-24,1992-03-25,69.84126984126983,False,,False,False,True,4,True,True,True,0.0,True,True,2,2,80.11294261294262,EXTREME_BULLISH,True,True,True,False,True,False,False
1992-03-26,,,,,,1992-03-20,1992-03-21,90.3846153846154,1992-03-25,1992-03-26,73.01587301587301,False,,False,False,True,5,True,True,True,0.0,True,True,2,2,81.70024420024421,EXTREME_BULLISH,True,True,True,False,True,False,False
1992-03-27,,,,,,1992-03-20,1992-03-21,90.3846153846154,1992-03-26,1992-03-27,70.63492063492063,False,,False,False,True,6,True,True,True,0.0,True,True,2,2,80.50976800976801,EXTREME_BULLISH,True,True,True,False,True,False,False
1992-04-25,,,,,,1992-04-24,1992-04-25,100.0,1992-04-24,1992-04-25,81.34920634920636,False,,False,False,True,0,True,True,True,0.0,True,True,2,2,90.67460317460318,EXTREME_BULLISH,True,True,True,False,True,False,False
1992-04-26,,,,,,1992-04-24,1992-04-25,100.0,1992-04-24,1992-04-25,81.34920634920636,False,,False,False,True,1,True,True,True,1.0,True,True,2,2,90.67460317460318,EXTREME_BULLISH,True,True,True,False,True,False,False
1992-04-27,,,,,,1992-04-24,1992-04-25,100.0,1992-04-24,1992-04-25,81.34920634920636,False,,False,False,True,2,True,True,True,2.0,True,True,2,2,90.67460317460318,EXTREME_BULLISH,True,True,True,False,True,False,False
1992-04-28,,,,,,1992-04-24,1992-04-25,100.0,1992-04-27,1992-04-28,62.301587301587304,False,,False,False,True,3,True,True,True,0.0,True,True,2,2,81.15079365079364,EXTREME_BULLISH,True,True,True,False,True,False,False
1992-04-29,,,,,,1992-04-24,1992-04-25,100.0,1992-04-28,1992-04-29,68.65079365079364,False,,False,False,True,4,True,True,True,0.0,True,True,2,2,84.32539682539682,EXTREME_BULLISH,True,True,True,False,True,False,False
1992-04-30,,,,,,1992-04-24,1992-04-25,100.0,1992-04-29,1992-04-30,76.5873015873016,False,,False,False,True,5,True,True,True,0.0,True,True,2,2,88.2936507936508,EXTREME_BULLISH,True,True,True,False,True,False,False
1992-05-01,,,,,,1992-04-24,1992-04-25,100.0,1992-04-30,1992-05-01,86.11111111111111,False,,False,False,True,6,True,True,True,0.0,True,True,2,2,93.05555555555556,EXTREME_BULLISH,True,True,True,False,True,False,False
1992-05-20,,,,,,1992-05-15,1992-05-16,61.53846153846154,1992-05-19,1992-05-20,99.60317460317461,False,,False,False,True,4,True,True,True,0.0,True,True,2,2,80.57081807081808,EXTREME_BULLISH,True,True,True,False,True,False,False
1992-05-21,,,,,,1992-05-15,1992-05-16,61.53846153846154,1992-05-20,1992-05-21,99.2063492063492,False,,False,False,True,5,True,True,True,0.0,True,True,2,2,80.37240537240537,EXTREME_BULLISH,True,True,True,False,True,False,False
1992-05-22,,,,,,1992-05-15,1992-05-16,61.53846153846154,1992-05-21,1992-05-22,98.80952380952381,False,,False,False,True,6,True,True,True,0.0,True,True,2,2,80.17399267399267,EXTREME_BULLISH,True,True,True,False,True,False,False
1992-05-23,,,,,,1992-05-22,1992-05-23,75.0,1992-05-22,1992-05-23,98.80952380952381,False,,False,False,True,0,True,True,True,0.0,True,True,2,2,86.9047619047619,EXTREME_BULLISH,True,True,True,False,True,False,False
1992-05-24,,,,,,1992-05-22,1992-05-23,75.0,1992-05-22,1992-05-23,98.80952380952381,False,,False,False,True,1,True,True,True,1.0,True,True,2,2,86.9047619047619,EXTREME_BULLISH,True,True,True,False,True,False,False
1992-05-25,,,,,,1992-05-22,1992-05-23,75.0,1992-05-22,1992-05-23,98.80952380952381,False,,False,False,True,2,True,True,True,2.0,True,True,2,2,86.9047619047619,EXTREME_BULLISH,True,True,True,False,True,False,False
1992-05-26,,,,,,1992-05-22,1992-05-23,75.0,1992-05-22,1992-05-23,98.80952380952381,False,,False,False,True,3,True,True,True,3.0,True,True,2,2,86.9047619047619,EXTREME_BULLISH,True,True,True,False,True,False,False
1992-05-27,,,,,,1992-05-22,1992-05-23,75.0,1992-05-26,1992-05-27,92.06349206349206,False,,False,False,True,4,True,True,True,0.0,True,True,2,2,83.53174603174602,EXTREME_BULLISH,True,True,True,False,True,False,False
1992-05-28,,,,,,1992-05-22,1992-05-23,75.0,1992-05-27,1992-05-28,97.22222222222223,False,,False,False,True,5,True,True,True,0.0,True,True,2,2,86.11111111111111,EXTREME_BULLISH,True,True,True,False,True,False,False
1992-05-29,,,,,,1992-05-22,1992-05-23,75.0,1992-05-28,1992-05-29,98.41269841269842,False,,False,False,True,6,True,True,True,0.0,True,True,2,2,86.70634920634922,EXTREME_BULLISH,True,True,True,False,True,False,False
1992-05-30,,,,,,1992-05-29,1992-05-30,92.3076923076923,1992-05-29,1992-05-30,98.01587301587301,False,,False,False,True,0,True,True,True,0.0,True,True,2,2,95.16178266178267,EXTREME_BULLISH,True,True,True,False,True,False,False
1992-05-31,,,,,,1992-05-29,1992-05-30,92.3076923076923,1992-05-29,1992-05-30,98.01587301587301,False,,False,False,True,1,True,True,True,1.0,True,True,2,2,95.16178266178267,EXTREME_BULLISH,True,True,True,False,True,False,False
1992-06-01,,,,,,1992-05-29,1992-05-30,92.3076923076923,1992-05-29,1992-05-30,98.01587301587301,False,,False,False,True,2,True,True,True,2.0,True,True,2,2,95.16178266178267,EXTREME_BULLISH,True,True,True,False,True,False,False
1992-06-02,,,,,,1992-05-29,1992-05-30,92.3076923076923,1992-06-01,1992-06-02,95.23809523809524,False,,False,False,True,3,True,True,True,0.0,True,True,2,2,93.77289377289378,EXTREME_BULLISH,True,True,True,False,True,False,False
1992-06-03,,,,,,1992-05-29,1992-05-30,92.3076923076923,1992-06-02,1992-06-03,94.44444444444444,False,,False,False,True,4,True,True,True,0.0,True,True,2,2,93.37606837606837,EXTREME_BULLISH,True,True,True,False,True,False,False
1992-06-04,,,,,,1992-05-29,1992-05-30,92.3076923076923,1992-06-03,1992-06-04,95.63492063492063,False,,False,False,True,5,True,True,True,0.0,True,True,2,2,93.97130647130646,EXTREME_BULLISH,True,True,True,False,True,False,False
1992-06-05,,,,,,1992-05-29,1992-05-30,92.3076923076923,1992-06-04,1992-06-05,98.80952380952381,False,,False,False,True,6,True,True,True,0.0,True,True,2,2,95.55860805860806,EXTREME_BULLISH,True,True,True,False,True,False,False
1992-06-06,,,,,,1992-06-05,1992-06-06,82.6923076923077,1992-06-05,1992-06-06,92.46031746031746,False,,False,False,True,0,True,True,True,0.0,True,True,2,2,87.57631257631257,EXTREME_BULLISH,True,True,True,False,True,False,False
1992-06-07,,,,,,1992-06-05,1992-06-06,82.6923076923077,1992-06-05,1992-06-06,92.46031746031746,False,,False,False,True,1,True,True,True,1.0,True,True,2,2,87.57631257631257,EXTREME_BULLISH,True,True,True,False,True,False,False
1992-06-08,,,,,,1992-06-05,1992-06-06,82.6923076923077,1992-06-05,1992-06-06,92.46031746031746,False,,False,False,True,2,True,True,True,2.0,True,True,2,2,87.57631257631257,EXTREME_BULLISH,True,True,True,False,True,False,False
1992-06-09,,,,,,1992-06-05,1992-06-06,82.6923076923077,1992-06-08,1992-06-09,86.11111111111111,False,,False,False,True,3,True,True,True,0.0,True,True,2,2,84.40170940170941,EXTREME_BULLISH,True,True,True,False,True,False,False
1992-10-06,,,,,,1992-10-02,1992-10-03,26.923076923076923,1992-10-05,1992-10-06,3.9682539682539613,False,,False,False,True,3,True,True,True,0.0,True,True,2,2,15.445665445665442,EXTREME_BEARISH,True,True,True,False,True,False,False
1992-10-07,,,,,,1992-10-02,1992-10-03,26.923076923076923,1992-10-06,1992-10-07,4.365079365079353,False,,False,False,True,4,True,True,True,0.0,True,True,2,2,15.644078144078138,EXTREME_BEARISH,True,True,True,False,True,False,False
1992-10-08,,,,,,1992-10-02,1992-10-03,26.923076923076923,1992-10-07,1992-10-08,1.190476190476204,False,,False,False,True,5,True,True,True,0.0,True,True,2,2,14.056776556776564,EXTREME_BEARISH,True,True,True,False,True,False,False
1992-10-09,,,,,,1992-10-02,1992-10-03,26.923076923076923,1992-10-08,1992-10-09,9.523809523809518,False,,False,False,True,6,True,True,True,0.0,True,True,2,2,18.22344322344322,EXTREME_BEARISH,True,True,True,False,True,False,False
1992-10-10,,,,,,1992-10-09,1992-10-10,3.8461538461538463,1992-10-09,1992-10-10,1.984126984127002,False,,False,False,True,0,True,True,True,0.0,True,True,2,2,2.9151404151404243,EXTREME_BEARISH,True,True,True,False,True,False,False
1992-10-11,,,,,,1992-10-09,1992-10-10,3.8461538461538463,1992-10-09,1992-10-10,1.984126984127002,False,,False,False,True,1,True,True,True,1.0,True,True,2,2,2.9151404151404243,EXTREME_BEARISH,True,True,True,False,True,False,False
1992-10-12,,,,,,1992-10-09,1992-10-10,3.8461538461538463,1992-10-09,1992-10-10,1.984126984127002,False,,False,False,True,2,True,True,True,2.0,True,True,2,2,2.9151404151404243,EXTREME_BEARISH,True,True,True,False,True,False,False
1992-10-13,,,,,,1992-10-09,1992-10-10,3.8461538461538463,1992-10-12,1992-10-13,9.523809523809518,False,,False,False,True,3,True,True,True,0.0,True,True,2,2,6.6849816849816825,EXTREME_BEARISH,True,True,True,False,True,False,False
1992-10-14,,,,,,1992-10-09,1992-10-10,3.8461538461538463,1992-10-13,1992-10-14,22.222222222222214,False,,False,False,True,4,True,True,True,0.0,True,True,2,2,13.03418803418803,EXTREME_BEARISH,True,True,True,False,True,False,False
1992-10-15,,,,,,1992-10-09,1992-10-10,3.8461538461538463,1992-10-14,1992-10-15,17.46031746031747,False,,False,False,True,5,True,True,True,0.0,True,True,2,2,10.653235653235658,EXTREME_BEARISH,True,True,True,False,True,False,False
1992-10-16,,,,,,1992-10-09,1992-10-10,3.8461538461538463,1992-10-15,1992-10-16,30.95238095238095,False,,False,False,True,6,True,True,True,0.0,True,True,2,2,17.399267399267398,EXTREME_BEARISH,True,True,True,False,True,False,False
1992-10-17,,,,,,1992-10-16,1992-10-17,1.9230769230769231,1992-10-16,1992-10-17,32.14285714285714,False,,False,False,True,0,True,True,True,0.0,True,True,2,2,17.03296703296703,EXTREME_BEARISH,True,True,True,False,True,False,False
1992-10-18,,,,,,1992-10-16,1992-10-17,1.9230769230769231,1992-10-16,1992-10-17,32.14285714285714,False,,False,False,True,1,True,True,True,1.0,True,True,2,2,17.03296703296703,EXTREME_BEARISH,True,True,True,False,True,False,False
1992-10-19,,,,,,1992-10-16,1992-10-17,1.9230769230769231,1992-10-16,1992-10-17,32.14285714285714,False,,False,False,True,2,True,True,True,2.0,True,True,2,2,17.03296703296703,EXTREME_BEARISH,True,True,True,False,True,False,False
1992-10-20,,,,,,1992-10-16,1992-10-17,1.9230769230769231,1992-10-19,1992-10-20,29.761904761904773,False,,False,False,True,3,True,True,True,0.0,True,True,2,2,15.842490842490848,EXTREME_BEARISH,True,True,True,False,True,False,False
1992-10-21,,,,,,1992-10-16,1992-10-17,1.9230769230769231,1992-10-20,1992-10-21,34.52380952380952,False,,False,False,True,4,True,True,True,0.0,True,True,2,2,18.22344322344322,EXTREME_BEARISH,True,True,True,False,True,False,False
1992-11-07,,,,,,1992-11-06,1992-11-07,96.15384615384616,1992-11-06,1992-11-07,70.63492063492063,False,,False,False,True,0,True,True,True,0.0,True,True,2,2,83.3943833943834,EXTREME_BULLISH,True,True,True,False,True,False,False
1992-11-08,,,,,,1992-11-06,1992-11-07,96.15384615384616,1992-11-06,1992-11-07,70.63492063492063,False,,False,False,True,1,True,True,True,1.0,True,True,2,2,83.3943833943834,EXTREME_BULLISH,True,True,True,False,True,False,False
1992-11-09,,,,,,1992-11-06,1992-11-07,96.15384615384616,1992-11-06,1992-11-07,70.63492063492063,False,,False,False,True,2,True,True,True,2.0,True,True,2,2,83.3943833943834,EXTREME_BULLISH,True,True,True,False,True,False,False
1992-11-10,,,,,,1992-11-06,1992-11-07,96.15384615384616,1992-11-09,1992-11-10,77.77777777777777,False,,False,False,True,3,True,True,True,0.0,True,True,2,2,86.96581196581197,EXTREME_BULLISH,True,True,True,False,True,False,False
1992-11-11,,,,,,1992-11-06,1992-11-07,96.15384615384616,1992-11-10,1992-11-11,76.19047619047619,False,,False,False,True,4,True,True,True,0.0,True,True,2,2,86.17216117216117,EXTREME_BULLISH,True,True,True,False,True,False,False
1992-11-12,,,,,,1992-11-06,1992-11-07,96.15384615384616,1992-11-11,1992-11-12,79.36507936507937,False,,False,False,True,5,True,True,True,0.0,True,True,2,2,87.75946275946276,EXTREME_BULLISH,True,True,True,False,True,False,False
1992-11-13,,,,,,1992-11-06,1992-11-07,96.15384615384616,1992-11-12,1992-11-13,76.19047619047619,False,,False,False,True,6,True,True,True,0.0,True,True,2,2,86.17216117216117,EXTREME_BULLISH,True,True,True,False,True,False,False
1992-11-21,,,,,,1992-11-20,1992-11-21,98.07692307692308,1992-11-20,1992-11-21,85.71428571428572,False,,False,False,True,0,True,True,True,0.0,True,True,2,2,91.89560439560441,EXTREME_BULLISH,True,True,True,False,True,False,False
1992-11-22,,,,,,1992-11-20,1992-11-21,98.07692307692308,1992-11-20,1992-11-21,85.71428571428572,False,,False,False,True,1,True,True,True,1.0,True,True,2,2,91.89560439560441,EXTREME_BULLISH,True,True,True,False,True,False,False
1992-11-23,,,,,,1992-11-20,1992-11-21,98.07692307692308,1992-11-20,1992-11-21,85.71428571428572,False,,False,False,True,2,True,True,True,2.0,True,True,2,2,91.89560439560441,EXTREME_BULLISH,True,True,True,False,True,False,False
1992-11-24,,,,,,1992-11-20,1992-11-21,98.07692307692308,1992-11-23,1992-11-24,91.26984126984127,False,,False,False,True,3,True,True,True,0.0,True,True,2,2,94.67338217338218,EXTREME_BULLISH,True,True,True,False,True,False,False
1992-11-25,,,,,,1992-11-20,1992-11-21,98.07692307692308,1992-11-24,1992-11-25,97.22222222222223,False,,False,False,True,4,True,True,True,0.0,True,True,2,2,97.64957264957266,EXTREME_BULLISH,True,True,True,False,True,False,False
1992-11-26,,,,,,1992-11-25,1992-11-26,90.3846153846154,1992-11-25,1992-11-26,98.80952380952381,False,,False,False,True,0,True,True,True,0.0,True,True,2,2,94.5970695970696,EXTREME_BULLISH,True,True,True,False,True,False,False
1992-11-27,,,,,,1992-11-25,1992-11-26,90.3846153846154,1992-11-25,1992-11-26,98.80952380952381,False,,False,False,True,1,True,True,True,1.0,True,True,2,2,94.5970695970696,EXTREME_BULLISH,True,True,True,False,True,False,False
1992-11-28,,,,,,1992-11-25,1992-11-26,90.3846153846154,1992-11-27,1992-11-28,98.01587301587301,False,,False,False,True,2,True,True,True,0.0,True,True,2,2,94.20024420024421,EXTREME_BULLISH,True,True,True,False,True,False,False
1992-11-29,,,,,,1992-11-25,1992-11-26,90.3846153846154,1992-11-27,1992-11-28,98.01587301587301,False,,False,False,True,3,True,True,True,1.0,True,True,2,2,94.20024420024421,EXTREME_BULLISH,True,True,True,False,True,False,False
1992-11-30,,,,,,1992-11-25,1992-11-26,90.3846153846154,1992-11-27,1992-11-28,98.01587301587301,False,,False,False,True,4,True,True,True,2.0,True,True,2,2,94.20024420024421,EXTREME_BULLISH,True,True,True,False,True,False,False
1992-12-01,,,,,,1992-11-25,1992-11-26,90.3846153846154,1992-11-30,1992-12-01,94.04761904761905,False,,False,False,True,5,True,True,True,0.0,True,True,2,2,92.21611721611723,EXTREME_BULLISH,True,True,True,False,True,False,False
1992-12-02,,,,,,1992-11-25,1992-11-26,90.3846153846154,1992-12-01,1992-12-02,95.63492063492063,False,,False,False,True,6,True,True,True,0.0,True,True,2,2,93.00976800976801,EXTREME_BULLISH,True,True,True,False,True,False,False
1992-12-03,,,,,,1992-11-25,1992-11-26,90.3846153846154,1992-12-02,1992-12-03,98.01587301587301,False,,False,False,True,7,True,True,True,0.0,True,True,2,2,94.20024420024421,EXTREME_BULLISH,True,True,True,False,True,False,False
1992-12-04,,,,,,1992-11-25,1992-11-26,90.3846153846154,1992-12-03,1992-12-04,99.60317460317461,False,,False,False,True,8,True,True,True,0.0,True,True,2,2,94.993894993895,EXTREME_BULLISH,True,True,True,False,True,False,False
1992-12-12,,,,,,1992-12-11,1992-12-12,96.15384615384616,1992-12-11,1992-12-12,97.61904761904762,False,,False,False,True,0,True,True,True,0.0,True,True,2,2,96.88644688644689,EXTREME_BULLISH,True,True,True,False,True,False,False
1992-12-13,,,,,,1992-12-11,1992-12-12,96.15384615384616,1992-12-11,1992-12-12,97.61904761904762,False,,False,False,True,1,True,True,True,1.0,True,True,2,2,96.88644688644689,EXTREME_BULLISH,True,True,True,False,True,False,False
1992-12-14,,,,,,1992-12-11,1992-12-12,96.15384615384616,1992-12-11,1992-12-12,97.61904761904762,False,,False,False,True,2,True,True,True,2.0,True,True,2,2,96.88644688644689,EXTREME_BULLISH,True,True,True,False,True,False,False
1992-12-15,,,,,,1992-12-11,1992-12-12,96.15384615384616,1992-12-14,1992-12-15,93.25396825396825,False,,False,False,True,3,True,True,True,0.0,True,True,2,2,94.7039072039072,EXTREME_BULLISH,True,True,True,False,True,False,False
1992-12-16,,,,,,1992-12-11,1992-12-12,96.15384615384616,1992-12-15,1992-12-16,97.22222222222223,False,,False,False,True,4,True,True,True,0.0,True,True,2,2,96.6880341880342,EXTREME_BULLISH,True,True,True,False,True,False,False
1992-12-17,,,,,,1992-12-11,1992-12-12,96.15384615384616,1992-12-16,1992-12-17,94.44444444444444,False,,False,False,True,5,True,True,True,0.0,True,True,2,2,95.2991452991453,EXTREME_BULLISH,True,True,True,False,True,False,False
1992-12-18,,,,,,1992-12-11,1992-12-12,96.15384615384616,1992-12-17,1992-12-18,98.01587301587301,False,,False,False,True,6,True,True,True,0.0,True,True,2,2,97.08485958485959,EXTREME_BULLISH,True,True,True,False,True,False,False
1992-12-19,,,,,,1992-12-18,1992-12-19,100.0,1992-12-18,1992-12-19,99.60317460317461,False,,False,False,True,0,True,True,True,0.0,True,True,2,2,99.8015873015873,EXTREME_BULLISH,True,True,True,False,True,False,False
1992-12-20,,,,,,1992-12-18,1992-12-19,100.0,1992-12-18,1992-12-19,99.60317460317461,False,,False,False,True,1,True,True,True,1.0,True,True,2,2,99.8015873015873,EXTREME_BULLISH,True,True,True,False,True,False,False
1992-12-21,,,,,,1992-12-18,1992-12-19,100.0,1992-12-18,1992-12-19,99.60317460317461,False,,False,False,True,2,True,True,True,2.0,True,True,2,2,99.8015873015873,EXTREME_BULLISH,True,True,True,False,True,False,False
1992-12-22,,,,,,1992-12-18,1992-12-19,100.0,1992-12-21,1992-12-22,99.60317460317461,False,,False,False,True,3,True,True,True,0.0,True,True,2,2,99.8015873015873,EXTREME_BULLISH,True,True,True,False,True,False,False
1992-12-23,,,,,,1992-12-18,1992-12-19,100.0,1992-12-22,1992-12-23,98.41269841269842,False,,False,False,True,4,True,True,True,0.0,True,True,2,2,99.20634920634922,EXTREME_BULLISH,True,True,True,False,True,False,False
1992-12-24,,,,,,1992-12-18,1992-12-19,100.0,1992-12-23,1992-12-24,99.60317460317461,False,,False,False,True,5,True,True,True,0.0,True,True,2,2,99.8015873015873,EXTREME_BULLISH,True,True,True,False,True,False,False
1992-12-25,,,,,,1992-12-24,1992-12-25,98.07692307692308,1992-12-24,1992-12-25,99.2063492063492,False,,False,False,True,0,True,True,True,0.0,True,True,2,2,98.64163614163614,EXTREME_BULLISH,True,True,True,False,True,False,False
1992-12-26,,,,,,1992-12-24,1992-12-25,98.07692307692308,1992-12-24,1992-12-25,99.2063492063492,False,,False,False,True,1,True,True,True,1.0,True,True,2,2,98.64163614163614,EXTREME_BULLISH,True,True,True,False,True,False,False
1992-12-27,,,,,,1992-12-24,1992-12-25,98.07692307692308,1992-12-24,1992-12-25,99.2063492063492,False,,False,False,True,2,True,True,True,2.0,True,True,2,2,98.64163614163614,EXTREME_BULLISH,True,True,True,False,True,False,False
1992-12-28,,,,,,1992-12-24,1992-12-25,98.07692307692308,1992-12-24,1992-12-25,99.2063492063492,False,,False,False,True,3,True,True,True,3.0,True,True,2,2,98.64163614163614,EXTREME_BULLISH,True,True,True,False,True,False,False
1992-12-29,,,,,,1992-12-24,1992-12-25,98.07692307692308,1992-12-28,1992-12-29,95.63492063492063,False,,False,False,True,4,True,True,True,0.0,True,True,2,2,96.85592185592185,EXTREME_BULLISH,True,True,True,False,True,False,False
1992-12-30,,,,,,1992-12-24,1992-12-25,98.07692307692308,1992-12-29,1992-12-30,94.84126984126985,False,,False,False,True,5,True,True,True,0.0,True,True,2,2,96.45909645909646,EXTREME_BULLISH,True,True,True,False,True,False,False
1992-12-31,,,,,,1992-12-24,1992-12-25,98.07692307692308,1992-12-30,1992-12-31,90.07936507936508,False,,False,False,True,6,True,True,True,0.0,True,True,2,2,94.07814407814408,EXTREME_BULLISH,True,True,True,False,True,False,False
1993-01-01,,,,,,1992-12-24,1992-12-25,98.07692307692308,1992-12-31,1993-01-01,92.06349206349206,False,,False,False,True,7,True,True,True,0.0,True,True,2,2,95.07020757020757,EXTREME_BULLISH,True,True,True,False,True,False,False
1993-01-02,,,,,,1993-01-01,1993-01-02,98.07692307692308,1992-12-31,1993-01-01,92.06349206349206,False,,False,False,True,0,True,True,True,1.0,True,True,2,2,95.07020757020757,EXTREME_BULLISH,True,True,True,False,True,False,False
1993-01-03,,,,,,1993-01-01,1993-01-02,98.07692307692308,1992-12-31,1993-01-01,92.06349206349206,False,,False,False,True,1,True,True,True,2.0,True,True,2,2,95.07020757020757,EXTREME_BULLISH,True,True,True,False,True,False,False
1993-01-04,,,,,,1993-01-01,1993-01-02,98.07692307692308,1992-12-31,1993-01-01,92.06349206349206,False,,False,False,True,2,True,True,True,3.0,True,True,2,2,95.07020757020757,EXTREME_BULLISH,True,True,True,False,True,False,False
1993-01-05,,,,,,1993-01-01,1993-01-02,98.07692307692308,1993-01-04,1993-01-05,81.74603174603175,False,,False,False,True,3,True,True,True,0.0,True,True,2,2,89.91147741147742,EXTREME_BULLISH,True,True,True,False,True,False,False
1993-01-06,,,,,,1993-01-01,1993-01-02,98.07692307692308,1993-01-05,1993-01-06,82.14285714285714,False,,False,False,True,4,True,True,True,0.0,True,True,2,2,90.1098901098901,EXTREME_BULLISH,True,True,True,False,True,False,False
1993-01-07,,,,,,1993-01-01,1993-01-02,98.07692307692308,1993-01-06,1993-01-07,80.55555555555556,False,,False,False,True,5,True,True,True,0.0,True,True,2,2,89.31623931623932,EXTREME_BULLISH,True,True,True,False,True,False,False
1993-01-16,,,,,,1993-01-15,1993-01-16,94.23076923076924,1993-01-15,1993-01-16,98.80952380952381,False,,False,False,True,0,True,True,True,0.0,True,True,2,2,96.52014652014653,EXTREME_BULLISH,True,True,True,False,True,False,False
1993-01-17,,,,,,1993-01-15,1993-01-16,94.23076923076924,1993-01-15,1993-01-16,98.80952380952381,False,,False,False,True,1,True,True,True,1.0,True,True,2,2,96.52014652014653,EXTREME_BULLISH,True,True,True,False,True,False,False
1993-01-18,,,,,,1993-01-15,1993-01-16,94.23076923076924,1993-01-15,1993-01-16,98.80952380952381,False,,False,False,True,2,True,True,True,2.0,True,True,2,2,96.52014652014653,EXTREME_BULLISH,True,True,True,False,True,False,False
1993-01-19,,,,,,1993-01-15,1993-01-16,94.23076923076924,1993-01-18,1993-01-19,99.60317460317461,False,,False,False,True,3,True,True,True,0.0,True,True,2,2,96.91697191697193,EXTREME_BULLISH,True,True,True,False,True,False,False
1993-01-20,,,,,,1993-01-15,1993-01-16,94.23076923076924,1993-01-19,1993-01-20,94.84126984126985,False,,False,False,True,4,True,True,True,0.0,True,True,2,2,94.53601953601955,EXTREME_BULLISH,True,True,True,False,True,False,False
1993-01-21,,,,,,1993-01-15,1993-01-16,94.23076923076924,1993-01-20,1993-01-21,94.04761904761905,False,,False,False,True,5,True,True,True,0.0,True,True,2,2,94.13919413919415,EXTREME_BULLISH,True,True,True,False,True,False,False
1993-01-22,,,,,,1993-01-15,1993-01-16,94.23076923076924,1993-01-21,1993-01-22,97.22222222222223,False,,False,False,True,6,True,True,True,0.0,True,True,2,2,95.72649572649573,EXTREME_BULLISH,True,True,True,False,True,False,False
1993-01-23,,,,,,1993-01-22,1993-01-23,73.07692307692307,1993-01-22,1993-01-23,99.60317460317461,False,,False,False,True,0,True,True,True,0.0,True,True,2,2,86.34004884004884,EXTREME_BULLISH,True,True,True,False,True,False,False
1993-01-24,,,,,,1993-01-22,1993-01-23,73.07692307692307,1993-01-22,1993-01-23,99.60317460317461,False,,False,False,True,1,True,True,True,1.0,True,True,2,2,86.34004884004884,EXTREME_BULLISH,True,True,True,False,True,False,False
1993-01-25,,,,,,1993-01-22,1993-01-23,73.07692307692307,1993-01-22,1993-01-23,99.60317460317461,False,,False,False,True,2,True,True,True,2.0,True,True,2,2,86.34004884004884,EXTREME_BULLISH,True,True,True,False,True,False,False
1993-01-26,,,,,,1993-01-22,1993-01-23,73.07692307692307,1993-01-25,1993-01-26,99.2063492063492,False,,False,False,True,3,True,True,True,0.0,True,True,2,2,86.14163614163613,EXTREME_BULLISH,True,True,True,False,True,False,False
1993-01-27,,,,,,1993-01-22,1993-01-23,73.07692307692307,1993-01-26,1993-01-27,98.80952380952381,False,,False,False,True,4,True,True,True,0.0,True,True,2,2,85.94322344322345,EXTREME_BULLISH,True,True,True,False,True,False,False
1993-01-28,,,,,,1993-01-22,1993-01-23,73.07692307692307,1993-01-27,1993-01-28,93.65079365079364,False,,False,False,True,5,True,True,True,0.0,True,True,2,2,83.36385836385836,EXTREME_BULLISH,True,True,True,False,True,False,False
1993-01-29,,,,,,1993-01-22,1993-01-23,73.07692307692307,1993-01-28,1993-01-29,92.85714285714286,False,,False,False,True,6,True,True,True,0.0,True,True,2,2,82.96703296703296,EXTREME_BULLISH,True,True,True,False,True,False,False
1993-02-12,,,,,,1993-02-05,1993-02-06,78.84615384615384,1993-02-11,1993-02-12,81.34920634920636,False,,False,False,True,6,True,True,True,0.0,True,True,2,2,80.0976800976801,EXTREME_BULLISH,True,True,True,False,True,False,False
1993-02-13,,,,,,1993-02-12,1993-02-13,86.53846153846155,1993-02-12,1993-02-13,88.0952380952381,False,,False,False,True,0,True,True,True,0.0,True,True,2,2,87.31684981684982,EXTREME_BULLISH,True,True,True,False,True,False,False
1993-02-14,,,,,,1993-02-12,1993-02-13,86.53846153846155,1993-02-12,1993-02-13,88.0952380952381,False,,False,False,True,1,True,True,True,1.0,True,True,2,2,87.31684981684982,EXTREME_BULLISH,True,True,True,False,True,False,False
1993-02-15,,,,,,1993-02-12,1993-02-13,86.53846153846155,1993-02-12,1993-02-13,88.0952380952381,False,,False,False,True,2,True,True,True,2.0,True,True,2,2,87.31684981684982,EXTREME_BULLISH,True,True,True,False,True,False,False
1993-02-16,,,,,,1993-02-12,1993-02-13,86.53846153846155,1993-02-12,1993-02-13,88.0952380952381,False,,False,False,True,3,True,True,True,3.0,True,True,2,2,87.31684981684982,EXTREME_BULLISH,True,True,True,False,True,False,False
1993-03-27,,,,,,1993-03-26,1993-03-27,73.07692307692307,1993-03-26,1993-03-27,90.47619047619048,False,,False,False,True,0,True,True,True,0.0,True,True,2,2,81.77655677655677,EXTREME_BULLISH,True,True,True,False,True,False,False
1993-03-28,,,,,,1993-03-26,1993-03-27,73.07692307692307,1993-03-26,1993-03-27,90.47619047619048,False,,False,False,True,1,True,True,True,1.0,True,True,2,2,81.77655677655677,EXTREME_BULLISH,True,True,True,False,True,False,False
1993-03-29,,,,,,1993-03-26,1993-03-27,73.07692307692307,1993-03-26,1993-03-27,90.47619047619048,False,,False,False,True,2,True,True,True,2.0,True,True,2,2,81.77655677655677,EXTREME_BULLISH,True,True,True,False,True,False,False
1993-03-31,,,,,,1993-03-26,1993-03-27,73.07692307692307,1993-03-30,1993-03-31,89.68253968253968,False,,False,False,True,4,True,True,True,0.0,True,True,2,2,81.37973137973137,EXTREME_BULLISH,True,True,True,False,True,False,False
1993-05-22,,,,,,1993-05-21,1993-05-22,7.6923076923076925,1993-05-21,1993-05-22,30.555555555555557,False,,False,False,True,0,True,True,True,0.0,True,True,2,2,19.123931623931625,EXTREME_BEARISH,True,True,True,False,True,False,False
1993-05-23,,,,,,1993-05-21,1993-05-22,7.6923076923076925,1993-05-21,1993-05-22,30.555555555555557,False,,False,False,True,1,True,True,True,1.0,True,True,2,2,19.123931623931625,EXTREME_BEARISH,True,True,True,False,True,False,False
1993-05-24,,,,,,1993-05-21,1993-05-22,7.6923076923076925,1993-05-21,1993-05-22,30.555555555555557,False,,False,False,True,2,True,True,True,2.0,True,True,2,2,19.123931623931625,EXTREME_BEARISH,True,True,True,False,True,False,False
1993-10-30,,,,,,1993-10-29,1993-10-30,75.0,1993-10-29,1993-10-30,87.6984126984127,False,,False,False,True,0,True,True,True,0.0,True,True,2,2,81.34920634920636,EXTREME_BULLISH,True,True,True,False,True,False,False
1993-10-31,,,,,,1993-10-29,1993-10-30,75.0,1993-10-29,1993-10-30,87.6984126984127,False,,False,False,True,1,True,True,True,1.0,True,True,2,2,81.34920634920636,EXTREME_BULLISH,True,True,True,False,True,False,False
1993-11-01,,,,,,1993-10-29,1993-10-30,75.0,1993-10-29,1993-10-30,87.6984126984127,False,,False,False,True,2,True,True,True,2.0,True,True,2,2,81.34920634920636,EXTREME_BULLISH,True,True,True,False,True,False,False
1993-12-14,,,,,,1993-12-09,1993-12-10,71.15384615384616,1993-12-13,1993-12-14,96.82539682539682,False,,False,False,True,4,True,True,True,0.0,True,True,2,2,83.9896214896215,EXTREME_BULLISH,True,True,True,False,True,False,False
1993-12-15,,,,,,1993-12-09,1993-12-10,71.15384615384616,1993-12-14,1993-12-15,94.84126984126985,False,,False,False,True,5,True,True,True,0.0,True,True,2,2,82.997557997558,EXTREME_BULLISH,True,True,True,False,True,False,False
1993-12-16,,,,,,1993-12-09,1993-12-10,71.15384615384616,1993-12-15,1993-12-16,95.63492063492063,False,,False,False,True,6,True,True,True,0.0,True,True,2,2,83.3943833943834,EXTREME_BULLISH,True,True,True,False,True,False,False
1993-12-17,,,,,,1993-12-16,1993-12-17,65.38461538461539,1993-12-16,1993-12-17,97.61904761904762,False,,False,False,True,0,True,True,True,0.0,True,True,2,2,81.5018315018315,EXTREME_BULLISH,True,True,True,False,True,False,False
1993-12-21,,,,,,1993-12-16,1993-12-17,65.38461538461539,1993-12-20,1993-12-21,99.2063492063492,False,,False,False,True,4,True,True,True,0.0,True,True,2,2,82.29548229548229,EXTREME_BULLISH,True,True,True,False,True,False,False
1993-12-22,,,,,,1993-12-16,1993-12-17,65.38461538461539,1993-12-21,1993-12-22,99.60317460317461,False,,False,False,True,5,True,True,True,0.0,True,True,2,2,82.493894993895,EXTREME_BULLISH,True,True,True,False,True,False,False
1993-12-23,,,,,,1993-12-16,1993-12-17,65.38461538461539,1993-12-22,1993-12-23,99.60317460317461,False,,False,False,True,6,True,True,True,0.0,True,True,2,2,82.493894993895,EXTREME_BULLISH,True,True,True,False,True,False,False
1993-12-24,,,,,,1993-12-23,1993-12-24,63.46153846153846,1993-12-23,1993-12-24,99.2063492063492,False,,False,False,True,0,True,True,True,0.0,True,True,2,2,81.33394383394383,EXTREME_BULLISH,True,True,True,False,True,False,False
1993-12-25,,,,,,1993-12-23,1993-12-24,63.46153846153846,1993-12-23,1993-12-24,99.2063492063492,False,,False,False,True,1,True,True,True,1.0,True,True,2,2,81.33394383394383,EXTREME_BULLISH,True,True,True,False,True,False,False
1993-12-26,,,,,,1993-12-23,1993-12-24,63.46153846153846,1993-12-23,1993-12-24,99.2063492063492,False,,False,False,True,2,True,True,True,2.0,True,True,2,2,81.33394383394383,EXTREME_BULLISH,True,True,True,False,True,False,False
1993-12-27,,,,,,1993-12-23,1993-12-24,63.46153846153846,1993-12-23,1993-12-24,99.2063492063492,False,,False,False,True,3,True,True,True,3.0,True,True,2,2,81.33394383394383,EXTREME_BULLISH,True,True,True,False,True,False,False
1993-12-28,,,,,,1993-12-23,1993-12-24,63.46153846153846,1993-12-27,1993-12-28,98.80952380952381,False,,False,False,True,4,True,True,True,0.0,True,True,2,2,81.13553113553114,EXTREME_BULLISH,True,True,True,False,True,False,False
1993-12-29,,,,,,1993-12-23,1993-12-24,63.46153846153846,1993-12-28,1993-12-29,98.41269841269842,False,,False,False,True,5,True,True,True,0.0,True,True,2,2,80.93711843711844,EXTREME_BULLISH,True,True,True,False,True,False,False
1993-12-30,,,,,,1993-12-23,1993-12-24,63.46153846153846,1993-12-29,1993-12-30,97.61904761904762,False,,False,False,True,6,True,True,True,0.0,True,True,2,2,80.54029304029304,EXTREME_BULLISH,True,True,True,False,True,False,False
1993-12-31,,,,,,1993-12-30,1993-12-31,80.76923076923077,1993-12-30,1993-12-31,96.82539682539682,False,,False,False,True,0,True,True,True,0.0,True,True,2,2,88.79731379731379,EXTREME_BULLISH,True,True,True,False,True,False,False
1994-01-06,,,,,,1993-12-30,1993-12-31,80.76923076923077,1994-01-05,1994-01-06,94.04761904761905,False,,False,False,True,6,True,True,True,0.0,True,True,2,2,87.4084249084249,EXTREME_BULLISH,True,True,True,False,True,False,False
1994-01-07,,,,,,1994-01-06,1994-01-07,75.0,1994-01-06,1994-01-07,87.6984126984127,False,,False,False,True,0,True,True,True,0.0,True,True,2,2,81.34920634920636,EXTREME_BULLISH,True,True,True,False,True,False,False
1994-01-08,,,,,,1994-01-06,1994-01-07,75.0,1994-01-07,1994-01-08,92.85714285714286,False,,False,False,True,1,True,True,True,0.0,True,True,2,2,83.92857142857143,EXTREME_BULLISH,True,True,True,False,True,False,False
1994-01-09,,,,,,1994-01-06,1994-01-07,75.0,1994-01-07,1994-01-08,92.85714285714286,False,,False,False,True,2,True,True,True,1.0,True,True,2,2,83.92857142857143,EXTREME_BULLISH,True,True,True,False,True,False,False
1994-01-10,,,,,,1994-01-06,1994-01-07,75.0,1994-01-07,1994-01-08,92.85714285714286,False,,False,False,True,3,True,True,True,2.0,True,True,2,2,83.92857142857143,EXTREME_BULLISH,True,True,True,False,True,False,False
1994-01-11,,,,,,1994-01-06,1994-01-07,75.0,1994-01-10,1994-01-11,96.42857142857143,False,,False,False,True,4,True,True,True,0.0,True,True,2,2,85.71428571428572,EXTREME_BULLISH,True,True,True,False,True,False,False
1994-01-12,,,,,,1994-01-06,1994-01-07,75.0,1994-01-11,1994-01-12,85.71428571428572,False,,False,False,True,5,True,True,True,0.0,True,True,2,2,80.35714285714286,EXTREME_BULLISH,True,True,True,False,True,False,False
1994-01-21,,,,,,1994-01-20,1994-01-21,96.15384615384616,1994-01-20,1994-01-21,88.0952380952381,False,,False,False,True,0,True,True,True,0.0,True,True,2,2,92.12454212454213,EXTREME_BULLISH,True,True,True,False,True,False,False
1994-01-22,,,,,,1994-01-20,1994-01-21,96.15384615384616,1994-01-21,1994-01-22,89.68253968253968,False,,False,False,True,1,True,True,True,0.0,True,True,2,2,92.91819291819291,EXTREME_BULLISH,True,True,True,False,True,False,False
1994-01-23,,,,,,1994-01-20,1994-01-21,96.15384615384616,1994-01-21,1994-01-22,89.68253968253968,False,,False,False,True,2,True,True,True,1.0,True,True,2,2,92.91819291819291,EXTREME_BULLISH,True,True,True,False,True,False,False
1994-01-24,,,,,,1994-01-20,1994-01-21,96.15384615384616,1994-01-21,1994-01-22,89.68253968253968,False,,False,False,True,3,True,True,True,2.0,True,True,2,2,92.91819291819291,EXTREME_BULLISH,True,True,True,False,True,False,False
1994-01-25,,,,,,1994-01-20,1994-01-21,96.15384615384616,1994-01-24,1994-01-25,77.38095238095238,False,,False,False,True,4,True,True,True,0.0,True,True,2,2,86.76739926739927,EXTREME_BULLISH,True,True,True,False,True,False,False
1994-01-26,,,,,,1994-01-20,1994-01-21,96.15384615384616,1994-01-25,1994-01-26,80.95238095238095,False,,False,False,True,5,True,True,True,0.0,True,True,2,2,88.55311355311355,EXTREME_BULLISH,True,True,True,False,True,False,False
1994-01-27,,,,,,1994-01-20,1994-01-21,96.15384615384616,1994-01-26,1994-01-27,87.3015873015873,False,,False,False,True,6,True,True,True,0.0,True,True,2,2,91.72771672771674,EXTREME_BULLISH,True,True,True,False,True,False,False
1994-01-28,,,,,,1994-01-27,1994-01-28,71.15384615384616,1994-01-27,1994-01-28,97.61904761904762,False,,False,False,True,0,True,True,True,0.0,True,True,2,2,84.38644688644689,EXTREME_BULLISH,True,True,True,False,True,False,False
1994-01-29,,,,,,1994-01-27,1994-01-28,71.15384615384616,1994-01-28,1994-01-29,98.01587301587301,False,,False,False,True,1,True,True,True,0.0,True,True,2,2,84.58485958485959,EXTREME_BULLISH,True,True,True,False,True,False,False
1994-01-30,,,,,,1994-01-27,1994-01-28,71.15384615384616,1994-01-28,1994-01-29,98.01587301587301,False,,False,False,True,2,True,True,True,1.0,True,True,2,2,84.58485958485959,EXTREME_BULLISH,True,True,True,False,True,False,False
1994-01-31,,,,,,1994-01-27,1994-01-28,71.15384615384616,1994-01-28,1994-01-29,98.01587301587301,False,,False,False,True,3,True,True,True,2.0,True,True,2,2,84.58485958485959,EXTREME_BULLISH,True,True,True,False,True,False,False
1994-02-01,,,,,,1994-01-27,1994-01-28,71.15384615384616,1994-01-31,1994-02-01,96.03174603174604,False,,False,False,True,4,True,True,True,0.0,True,True,2,2,83.5927960927961,EXTREME_BULLISH,True,True,True,False,True,False,False
1994-02-02,,,,,,1994-01-27,1994-01-28,71.15384615384616,1994-02-01,1994-02-02,95.63492063492063,False,,False,False,True,5,True,True,True,0.0,True,True,2,2,83.3943833943834,EXTREME_BULLISH,True,True,True,False,True,False,False
1994-02-03,,,,,,1994-01-27,1994-01-28,71.15384615384616,1994-02-02,1994-02-03,96.03174603174604,False,,False,False,True,6,True,True,True,0.0,True,True,2,2,83.5927960927961,EXTREME_BULLISH,True,True,True,False,True,False,False
1994-02-04,,,,,,1994-02-03,1994-02-04,69.23076923076923,1994-02-03,1994-02-04,93.65079365079364,False,,False,False,True,0,True,True,True,0.0,True,True,2,2,81.44078144078144,EXTREME_BULLISH,True,True,True,False,True,False,False
1994-03-11,,,,,,1994-03-10,1994-03-11,30.76923076923077,1994-03-10,1994-03-11,0.3968253968254061,False,,False,False,True,0,True,True,True,0.0,True,True,2,2,15.583028083028088,EXTREME_BEARISH,True,True,True,False,True,False,False
1994-03-12,,,,,,1994-03-10,1994-03-11,30.76923076923077,1994-03-11,1994-03-12,5.952380952380963,False,,False,False,True,1,True,True,True,0.0,True,True,2,2,18.36080586080587,EXTREME_BEARISH,True,True,True,False,True,False,False
1994-03-13,,,,,,1994-03-10,1994-03-11,30.76923076923077,1994-03-11,1994-03-12,5.952380952380963,False,,False,False,True,2,True,True,True,1.0,True,True,2,2,18.36080586080587,EXTREME_BEARISH,True,True,True,False,True,False,False
1994-03-14,,,,,,1994-03-10,1994-03-11,30.76923076923077,1994-03-11,1994-03-12,5.952380952380963,False,,False,False,True,3,True,True,True,2.0,True,True,2,2,18.36080586080587,EXTREME_BEARISH,True,True,True,False,True,False,False
1994-03-15,,,,,,1994-03-10,1994-03-11,30.76923076923077,1994-03-14,1994-03-15,0.3968253968254061,False,,False,False,True,4,True,True,True,0.0,True,True,2,2,15.583028083028088,EXTREME_BEARISH,True,True,True,False,True,False,False
1994-03-16,,,,,,1994-03-10,1994-03-11,30.76923076923077,1994-03-15,1994-03-16,7.5396825396825164,False,,False,False,True,5,True,True,True,0.0,True,True,2,2,19.154456654456645,EXTREME_BEARISH,True,True,True,False,True,False,False
1994-03-22,,,,,,1994-03-17,1994-03-18,25.0,1994-03-21,1994-03-22,13.095238095238088,False,,False,False,True,4,True,True,True,0.0,True,True,2,2,19.047619047619044,EXTREME_BEARISH,True,True,True,False,True,False,False
1994-04-01,,,,,,1994-03-31,1994-04-01,5.769230769230769,1994-03-31,1994-04-01,0.0,False,,False,False,True,0,True,True,True,0.0,True,True,2,2,2.8846153846153846,EXTREME_BEARISH,True,True,True,False,True,False,False
1994-04-02,,,,,,1994-03-31,1994-04-01,5.769230769230769,1994-03-31,1994-04-01,0.0,False,,False,False,True,1,True,True,True,1.0,True,True,2,2,2.8846153846153846,EXTREME_BEARISH,True,True,True,False,True,False,False
1994-04-03,,,,,,1994-03-31,1994-04-01,5.769230769230769,1994-03-31,1994-04-01,0.0,False,,False,False,True,2,True,True,True,2.0,True,True,2,2,2.8846153846153846,EXTREME_BEARISH,True,True,True,False,True,False,False
1994-04-04,,,,,,1994-03-31,1994-04-01,5.769230769230769,1994-03-31,1994-04-01,0.0,False,,False,False,True,3,True,True,True,3.0,True,True,2,2,2.8846153846153846,EXTREME_BEARISH,True,True,True,False,True,False,False
1994-04-05,,,,,,1994-03-31,1994-04-01,5.769230769230769,1994-04-04,1994-04-05,0.0,False,,False,False,True,4,True,True,True,0.0,True,True,2,2,2.8846153846153846,EXTREME_BEARISH,True,True,True,False,True,False,False
1994-04-06,,,,,,1994-03-31,1994-04-01,5.769230769230769,1994-04-05,1994-04-06,1.190476190476204,False,,False,False,True,5,True,True,True,0.0,True,True,2,2,3.4798534798534866,EXTREME_BEARISH,True,True,True,False,True,False,False
1994-04-07,,,,,,1994-03-31,1994-04-01,5.769230769230769,1994-04-06,1994-04-07,1.5873015873015959,False,,False,False,True,6,True,True,True,0.0,True,True,2,2,3.6782661782661825,EXTREME_BEARISH,True,True,True,False,True,False,False
1994-04-08,,,,,,1994-04-07,1994-04-08,23.07692307692308,1994-04-07,1994-04-08,2.3809523809523796,False,,False,False,True,0,True,True,True,0.0,True,True,2,2,12.72893772893773,EXTREME_BEARISH,True,True,True,False,True,False,False
1994-04-09,,,,,,1994-04-07,1994-04-08,23.07692307692308,1994-04-08,1994-04-09,2.7777777777778,False,,False,False,True,1,True,True,True,0.0,True,True,2,2,12.92735042735044,EXTREME_BEARISH,True,True,True,False,True,False,False
1994-04-10,,,,,,1994-04-07,1994-04-08,23.07692307692308,1994-04-08,1994-04-09,2.7777777777778,False,,False,False,True,2,True,True,True,1.0,True,True,2,2,12.92735042735044,EXTREME_BEARISH,True,True,True,False,True,False,False
1994-04-11,,,,,,1994-04-07,1994-04-08,23.07692307692308,1994-04-08,1994-04-09,2.7777777777778,False,,False,False,True,3,True,True,True,2.0,True,True,2,2,12.92735042735044,EXTREME_BEARISH,True,True,True,False,True,False,False
1994-04-12,,,,,,1994-04-07,1994-04-08,23.07692307692308,1994-04-11,1994-04-12,3.1746031746031775,False,,False,False,True,4,True,True,True,0.0,True,True,2,2,13.125763125763129,EXTREME_BEARISH,True,True,True,False,True,False,False
1994-04-13,,,,,,1994-04-07,1994-04-08,23.07692307692308,1994-04-12,1994-04-13,4.761904761904759,False,,False,False,True,5,True,True,True,0.0,True,True,2,2,13.91941391941392,EXTREME_BEARISH,True,True,True,False,True,False,False
1994-04-14,,,,,,1994-04-07,1994-04-08,23.07692307692308,1994-04-13,1994-04-14,2.3809523809523796,False,,False,False,True,6,True,True,True,0.0,True,True,2,2,12.72893772893773,EXTREME_BEARISH,True,True,True,False,True,False,False
1994-04-15,,,,,,1994-04-14,1994-04-15,9.615384615384617,1994-04-14,1994-04-15,5.952380952380963,False,,False,False,True,0,True,True,True,0.0,True,True,2,2,7.78388278388279,EXTREME_BEARISH,True,True,True,False,True,False,False
1994-04-16,,,,,,1994-04-14,1994-04-15,9.615384615384617,1994-04-15,1994-04-16,7.5396825396825164,False,,False,False,True,1,True,True,True,0.0,True,True,2,2,8.577533577533567,EXTREME_BEARISH,True,True,True,False,True,False,False
1994-04-17,,,,,,1994-04-14,1994-04-15,9.615384615384617,1994-04-15,1994-04-16,7.5396825396825164,False,,False,False,True,2,True,True,True,1.0,True,True,2,2,8.577533577533567,EXTREME_BEARISH,True,True,True,False,True,False,False
1994-04-18,,,,,,1994-04-14,1994-04-15,9.615384615384617,1994-04-15,1994-04-16,7.5396825396825164,False,,False,False,True,3,True,True,True,2.0,True,True,2,2,8.577533577533567,EXTREME_BEARISH,True,True,True,False,True,False,False
1994-04-19,,,,,,1994-04-14,1994-04-15,9.615384615384617,1994-04-18,1994-04-19,2.3809523809523796,False,,False,False,True,4,True,True,True,0.0,True,True,2,2,5.998168498168498,EXTREME_BEARISH,True,True,True,False,True,False,False
1994-04-20,,,,,,1994-04-14,1994-04-15,9.615384615384617,1994-04-19,1994-04-20,3.571428571428555,False,,False,False,True,5,True,True,True,0.0,True,True,2,2,6.593406593406586,EXTREME_BEARISH,True,True,True,False,True,False,False
1994-04-21,,,,,,1994-04-14,1994-04-15,9.615384615384617,1994-04-20,1994-04-21,3.1746031746031775,False,,False,False,True,6,True,True,True,0.0,True,True,2,2,6.394993894993897,EXTREME_BEARISH,True,True,True,False,True,False,False
1994-09-02,,,,,,1994-09-01,1994-09-02,96.15384615384616,1994-09-01,1994-09-02,70.63492063492063,False,,False,False,True,0,True,True,True,0.0,True,True,2,2,83.3943833943834,EXTREME_BULLISH,True,True,True,False,True,False,False
1994-09-03,,,,,,1994-09-01,1994-09-02,96.15384615384616,1994-09-02,1994-09-03,81.74603174603175,False,,False,False,True,1,True,True,True,0.0,True,True,2,2,88.94993894993895,EXTREME_BULLISH,True,True,True,False,True,False,False
1994-09-04,,,,,,1994-09-01,1994-09-02,96.15384615384616,1994-09-02,1994-09-03,81.74603174603175,False,,False,False,True,2,True,True,True,1.0,True,True,2,2,88.94993894993895,EXTREME_BULLISH,True,True,True,False,True,False,False
1994-09-05,,,,,,1994-09-01,1994-09-02,96.15384615384616,1994-09-02,1994-09-03,81.74603174603175,False,,False,False,True,3,True,True,True,2.0,True,True,2,2,88.94993894993895,EXTREME_BULLISH,True,True,True,False,True,False,False
1994-09-06,,,,,,1994-09-01,1994-09-02,96.15384615384616,1994-09-02,1994-09-03,81.74603174603175,False,,False,False,True,4,True,True,True,3.0,True,True,2,2,88.94993894993895,EXTREME_BULLISH,True,True,True,False,True,False,False
1994-09-07,,,,,,1994-09-01,1994-09-02,96.15384615384616,1994-09-06,1994-09-07,74.60317460317461,False,,False,False,True,5,True,True,True,0.0,True,True,2,2,85.37851037851038,EXTREME_BULLISH,True,True,True,False,True,False,False
1994-09-08,,,,,,1994-09-01,1994-09-02,96.15384615384616,1994-09-07,1994-09-08,71.82539682539684,False,,False,False,True,6,True,True,True,0.0,True,True,2,2,83.9896214896215,EXTREME_BULLISH,True,True,True,False,True,False,False
1994-09-09,,,,,,1994-09-08,1994-09-09,100.0,1994-09-08,1994-09-09,69.44444444444444,False,,False,False,True,0,True,True,True,0.0,True,True,2,2,84.72222222222223,EXTREME_BULLISH,True,True,True,False,True,False,False
1994-11-23,,,,,,1994-11-17,1994-11-18,34.61538461538461,1994-11-22,1994-11-23,2.3809523809523796,False,,False,False,True,5,True,True,True,0.0,True,True,2,2,18.498168498168496,EXTREME_BEARISH,True,True,True,False,True,False,False
1994-12-09,,,,,,1994-12-08,1994-12-09,25.0,1994-12-08,1994-12-09,1.5873015873015959,False,,False,False,True,0,True,True,True,0.0,True,True,2,2,13.293650793650798,EXTREME_BEARISH,True,True,True,False,True,False,False
1995-01-12,,,,,,1995-01-05,1995-01-06,88.46153846153845,1995-01-11,1995-01-12,76.5873015873016,False,,False,False,True,6,True,True,True,0.0,True,True,2,2,82.52442002442002,EXTREME_BULLISH,True,True,True,False,True,False,False
1995-01-14,,,,,,1995-01-12,1995-01-13,78.84615384615384,1995-01-13,1995-01-14,96.42857142857143,False,,False,False,True,1,True,True,True,0.0,True,True,2,2,87.63736263736263,EXTREME_BULLISH,True,True,True,False,True,False,False
1995-01-15,,,,,,1995-01-12,1995-01-13,78.84615384615384,1995-01-13,1995-01-14,96.42857142857143,False,,False,False,True,2,True,True,True,1.0,True,True,2,2,87.63736263736263,EXTREME_BULLISH,True,True,True,False,True,False,False
1995-01-16,,,,,,1995-01-12,1995-01-13,78.84615384615384,1995-01-13,1995-01-14,96.42857142857143,False,,False,False,True,3,True,True,True,2.0,True,True,2,2,87.63736263736263,EXTREME_BULLISH,True,True,True,False,True,False,False
1995-01-17,,,,,,1995-01-12,1995-01-13,78.84615384615384,1995-01-16,1995-01-17,95.63492063492063,False,,False,False,True,4,True,True,True,0.0,True,True,2,2,87.24053724053724,EXTREME_BULLISH,True,True,True,False,True,False,False
1995-01-18,,,,,,1995-01-12,1995-01-13,78.84615384615384,1995-01-17,1995-01-18,84.12698412698413,False,,False,False,True,5,True,True,True,0.0,True,True,2,2,81.48656898656898,EXTREME_BULLISH,True,True,True,False,True,False,False
1995-01-19,,,,,,1995-01-12,1995-01-13,78.84615384615384,1995-01-18,1995-01-19,88.4920634920635,False,,False,False,True,6,True,True,True,0.0,True,True,2,2,83.66910866910867,EXTREME_BULLISH,True,True,True,False,True,False,False
1995-01-26,,,,,,1995-01-19,1995-01-20,76.92307692307693,1995-01-25,1995-01-26,90.87301587301587,False,,False,False,True,6,True,True,True,0.0,True,True,2,2,83.8980463980464,EXTREME_BULLISH,True,True,True,False,True,False,False
1995-01-27,,,,,,1995-01-26,1995-01-27,76.92307692307693,1995-01-26,1995-01-27,94.04761904761905,False,,False,False,True,0,True,True,True,0.0,True,True,2,2,85.485347985348,EXTREME_BULLISH,True,True,True,False,True,False,False
1995-01-28,,,,,,1995-01-26,1995-01-27,76.92307692307693,1995-01-27,1995-01-28,94.04761904761905,False,,False,False,True,1,True,True,True,0.0,True,True,2,2,85.485347985348,EXTREME_BULLISH,True,True,True,False,True,False,False
1995-01-29,,,,,,1995-01-26,1995-01-27,76.92307692307693,1995-01-27,1995-01-28,94.04761904761905,False,,False,False,True,2,True,True,True,1.0,True,True,2,2,85.485347985348,EXTREME_BULLISH,True,True,True,False,True,False,False
1995-01-30,,,,,,1995-01-26,1995-01-27,76.92307692307693,1995-01-27,1995-01-28,94.04761904761905,False,,False,False,True,3,True,True,True,2.0,True,True,2,2,85.485347985348,EXTREME_BULLISH,True,True,True,False,True,False,False
1995-02-02,,,,,,1995-01-26,1995-01-27,76.92307692307693,1995-02-01,1995-02-02,87.3015873015873,False,,False,False,True,6,True,True,True,0.0,True,True,2,2,82.11233211233213,EXTREME_BULLISH,True,True,True,False,True,False,False
1995-02-03,,,,,,1995-02-02,1995-02-03,76.92307692307693,1995-02-02,1995-02-03,98.01587301587301,False,,False,False,True,0,True,True,True,0.0,True,True,2,2,87.46947496947497,EXTREME_BULLISH,True,True,True,False,True,False,False
1995-02-04,,,,,,1995-02-02,1995-02-03,76.92307692307693,1995-02-03,1995-02-04,99.60317460317461,False,,False,False,True,1,True,True,True,0.0,True,True,2,2,88.26312576312577,EXTREME_BULLISH,True,True,True,False,True,False,False
1995-02-05,,,,,,1995-02-02,1995-02-03,76.92307692307693,1995-02-03,1995-02-04,99.60317460317461,False,,False,False,True,2,True,True,True,1.0,True,True,2,2,88.26312576312577,EXTREME_BULLISH,True,True,True,False,True,False,False
1995-02-06,,,,,,1995-02-02,1995-02-03,76.92307692307693,1995-02-03,1995-02-04,99.60317460317461,False,,False,False,True,3,True,True,True,2.0,True,True,2,2,88.26312576312577,EXTREME_BULLISH,True,True,True,False,True,False,False
1995-02-07,,,,,,1995-02-02,1995-02-03,76.92307692307693,1995-02-06,1995-02-07,96.03174603174604,False,,False,False,True,4,True,True,True,0.0,True,True,2,2,86.4774114774115,EXTREME_BULLISH,True,True,True,False,True,False,False
1995-02-08,,,,,,1995-02-02,1995-02-03,76.92307692307693,1995-02-07,1995-02-08,96.82539682539682,False,,False,False,True,5,True,True,True,0.0,True,True,2,2,86.87423687423689,EXTREME_BULLISH,True,True,True,False,True,False,False
1995-02-09,,,,,,1995-02-02,1995-02-03,76.92307692307693,1995-02-08,1995-02-09,92.06349206349206,False,,False,False,True,6,True,True,True,0.0,True,True,2,2,84.4932844932845,EXTREME_BULLISH,True,True,True,False,True,False,False
1995-02-11,,,,,,1995-02-09,1995-02-10,71.15384615384616,1995-02-10,1995-02-11,93.25396825396825,False,,False,False,True,1,True,True,True,0.0,True,True,2,2,82.2039072039072,EXTREME_BULLISH,True,True,True,False,True,False,False
1995-02-12,,,,,,1995-02-09,1995-02-10,71.15384615384616,1995-02-10,1995-02-11,93.25396825396825,False,,False,False,True,2,True,True,True,1.0,True,True,2,2,82.2039072039072,EXTREME_BULLISH,True,True,True,False,True,False,False
1995-02-13,,,,,,1995-02-09,1995-02-10,71.15384615384616,1995-02-10,1995-02-11,93.25396825396825,False,,False,False,True,3,True,True,True,2.0,True,True,2,2,82.2039072039072,EXTREME_BULLISH,True,True,True,False,True,False,False
1995-02-14,,,,,,1995-02-09,1995-02-10,71.15384615384616,1995-02-13,1995-02-14,91.66666666666667,False,,False,False,True,4,True,True,True,0.0,True,True,2,2,81.41025641025641,EXTREME_BULLISH,True,True,True,False,True,False,False
1995-02-15,,,,,,1995-02-09,1995-02-10,71.15384615384616,1995-02-14,1995-02-15,90.87301587301587,False,,False,False,True,5,True,True,True,0.0,True,True,2,2,81.01343101343102,EXTREME_BULLISH,True,True,True,False,True,False,False
1995-02-16,,,,,,1995-02-09,1995-02-10,71.15384615384616,1995-02-15,1995-02-16,88.88888888888889,False,,False,False,True,6,True,True,True,0.0,True,True,2,2,80.02136752136752,EXTREME_BULLISH,True,True,True,False,True,False,False
1995-02-17,,,,,,1995-02-16,1995-02-17,96.15384615384616,1995-02-16,1995-02-17,86.9047619047619,False,,False,False,True,0,True,True,True,0.0,True,True,2,2,91.52930402930403,EXTREME_BULLISH,True,True,True,False,True,False,False
1995-02-18,,,,,,1995-02-16,1995-02-17,96.15384615384616,1995-02-17,1995-02-18,83.73015873015873,False,,False,False,True,1,True,True,True,0.0,True,True,2,2,89.94200244200245,EXTREME_BULLISH,True,True,True,False,True,False,False
1995-02-19,,,,,,1995-02-16,1995-02-17,96.15384615384616,1995-02-17,1995-02-18,83.73015873015873,False,,False,False,True,2,True,True,True,1.0,True,True,2,2,89.94200244200245,EXTREME_BULLISH,True,True,True,False,True,False,False
1995-02-20,,,,,,1995-02-16,1995-02-17,96.15384615384616,1995-02-17,1995-02-18,83.73015873015873,False,,False,False,True,3,True,True,True,2.0,True,True,2,2,89.94200244200245,EXTREME_BULLISH,True,True,True,False,True,False,False
1995-02-21,,,,,,1995-02-16,1995-02-17,96.15384615384616,1995-02-17,1995-02-18,83.73015873015873,False,,False,False,True,4,True,True,True,3.0,True,True,2,2,89.94200244200245,EXTREME_BULLISH,True,True,True,False,True,False,False
1995-02-22,,,,,,1995-02-16,1995-02-17,96.15384615384616,1995-02-21,1995-02-22,75.79365079365078,False,,False,False,True,5,True,True,True,0.0,True,True,2,2,85.97374847374847,EXTREME_BULLISH,True,True,True,False,True,False,False
1995-02-23,,,,,,1995-02-16,1995-02-17,96.15384615384616,1995-02-22,1995-02-23,92.06349206349206,False,,False,False,True,6,True,True,True,0.0,True,True,2,2,94.10866910866912,EXTREME_BULLISH,True,True,True,False,True,False,False
1995-02-24,,,,,,1995-02-23,1995-02-24,100.0,1995-02-23,1995-02-24,97.22222222222223,False,,False,False,True,0,True,True,True,0.0,True,True,2,2,98.61111111111111,EXTREME_BULLISH,True,True,True,False,True,False,False
1995-02-25,,,,,,1995-02-23,1995-02-24,100.0,1995-02-24,1995-02-25,99.60317460317461,False,,False,False,True,1,True,True,True,0.0,True,True,2,2,99.8015873015873,EXTREME_BULLISH,True,True,True,False,True,False,False
1995-02-26,,,,,,1995-02-23,1995-02-24,100.0,1995-02-24,1995-02-25,99.60317460317461,False,,False,False,True,2,True,True,True,1.0,True,True,2,2,99.8015873015873,EXTREME_BULLISH,True,True,True,False,True,False,False
1995-02-27,,,,,,1995-02-23,1995-02-24,100.0,1995-02-24,1995-02-25,99.60317460317461,False,,False,False,True,3,True,True,True,2.0,True,True,2,2,99.8015873015873,EXTREME_BULLISH,True,True,True,False,True,False,False
1995-02-28,,,,,,1995-02-23,1995-02-24,100.0,1995-02-27,1995-02-28,66.26984126984127,False,,False,False,True,4,True,True,True,0.0,True,True,2,2,83.13492063492063,EXTREME_BULLISH,True,True,True,False,True,False,False
1995-03-01,,,,,,1995-02-23,1995-02-24,100.0,1995-02-28,1995-03-01,81.34920634920636,False,,False,False,True,5,True,True,True,0.0,True,True,2,2,90.67460317460318,EXTREME_BULLISH,True,True,True,False,True,False,False
1995-03-02,,,,,,1995-02-23,1995-02-24,100.0,1995-03-01,1995-03-02,83.73015873015873,False,,False,False,True,6,True,True,True,0.0,True,True,2,2,91.86507936507937,EXTREME_BULLISH,True,True,True,False,True,False,False
1995-03-03,,,,,,1995-03-02,1995-03-03,100.0,1995-03-02,1995-03-03,74.60317460317461,False,,False,False,True,0,True,True,True,0.0,True,True,2,2,87.3015873015873,EXTREME_BULLISH,True,True,True,False,True,False,False
1995-03-04,,,,,,1995-03-02,1995-03-03,100.0,1995-03-03,1995-03-04,88.88888888888889,False,,False,False,True,1,True,True,True,0.0,True,True,2,2,94.44444444444444,EXTREME_BULLISH,True,True,True,False,True,False,False
1995-03-05,,,,,,1995-03-02,1995-03-03,100.0,1995-03-03,1995-03-04,88.88888888888889,False,,False,False,True,2,True,True,True,1.0,True,True,2,2,94.44444444444444,EXTREME_BULLISH,True,True,True,False,True,False,False
1995-03-06,,,,,,1995-03-02,1995-03-03,100.0,1995-03-03,1995-03-04,88.88888888888889,False,,False,False,True,3,True,True,True,2.0,True,True,2,2,94.44444444444444,EXTREME_BULLISH,True,True,True,False,True,False,False
1995-03-07,,,,,,1995-03-02,1995-03-03,100.0,1995-03-06,1995-03-07,70.23809523809524,False,,False,False,True,4,True,True,True,0.0,True,True,2,2,85.11904761904762,EXTREME_BULLISH,True,True,True,False,True,False,False
1995-03-11,,,,,,1995-03-09,1995-03-10,98.07692307692308,1995-03-10,1995-03-11,66.66666666666667,False,,False,False,True,1,True,True,True,0.0,True,True,2,2,82.37179487179488,EXTREME_BULLISH,True,True,True,False,True,False,False
1995-03-12,,,,,,1995-03-09,1995-03-10,98.07692307692308,1995-03-10,1995-03-11,66.66666666666667,False,,False,False,True,2,True,True,True,1.0,True,True,2,2,82.37179487179488,EXTREME_BULLISH,True,True,True,False,True,False,False
1995-03-13,,,,,,1995-03-09,1995-03-10,98.07692307692308,1995-03-10,1995-03-11,66.66666666666667,False,,False,False,True,3,True,True,True,2.0,True,True,2,2,82.37179487179488,EXTREME_BULLISH,True,True,True,False,True,False,False
1995-03-14,,,,,,1995-03-09,1995-03-10,98.07692307692308,1995-03-13,1995-03-14,70.23809523809524,False,,False,False,True,4,True,True,True,0.0,True,True,2,2,84.15750915750917,EXTREME_BULLISH,True,True,True,False,True,False,False
1995-03-15,,,,,,1995-03-09,1995-03-10,98.07692307692308,1995-03-14,1995-03-15,71.42857142857143,False,,False,False,True,5,True,True,True,0.0,True,True,2,2,84.75274725274726,EXTREME_BULLISH,True,True,True,False,True,False,False
1995-03-16,,,,,,1995-03-09,1995-03-10,98.07692307692308,1995-03-15,1995-03-16,64.28571428571428,False,,False,False,True,6,True,True,True,0.0,True,True,2,2,81.18131868131869,EXTREME_BULLISH,True,True,True,False,True,False,False
1995-03-17,,,,,,1995-03-16,1995-03-17,84.61538461538461,1995-03-16,1995-03-17,75.39682539682539,False,,False,False,True,0,True,True,True,0.0,True,True,2,2,80.006105006105,EXTREME_BULLISH,True,True,True,False,True,False,False
1995-03-18,,,,,,1995-03-16,1995-03-17,84.61538461538461,1995-03-17,1995-03-18,79.76190476190476,False,,False,False,True,1,True,True,True,0.0,True,True,2,2,82.18864468864469,EXTREME_BULLISH,True,True,True,False,True,False,False
1995-03-19,,,,,,1995-03-16,1995-03-17,84.61538461538461,1995-03-17,1995-03-18,79.76190476190476,False,,False,False,True,2,True,True,True,1.0,True,True,2,2,82.18864468864469,EXTREME_BULLISH,True,True,True,False,True,False,False
1995-03-20,,,,,,1995-03-16,1995-03-17,84.61538461538461,1995-03-17,1995-03-18,79.76190476190476,False,,False,False,True,3,True,True,True,2.0,True,True,2,2,82.18864468864469,EXTREME_BULLISH,True,True,True,False,True,False,False
1995-03-21,,,,,,1995-03-16,1995-03-17,84.61538461538461,1995-03-20,1995-03-21,92.06349206349206,False,,False,False,True,4,True,True,True,0.0,True,True,2,2,88.33943833943835,EXTREME_BULLISH,True,True,True,False,True,False,False
1995-03-22,,,,,,1995-03-16,1995-03-17,84.61538461538461,1995-03-21,1995-03-22,86.5079365079365,False,,False,False,True,5,True,True,True,0.0,True,True,2,2,85.56166056166056,EXTREME_BULLISH,True,True,True,False,True,False,False
1995-03-23,,,,,,1995-03-16,1995-03-17,84.61538461538461,1995-03-22,1995-03-23,92.06349206349206,False,,False,False,True,6,True,True,True,0.0,True,True,2,2,88.33943833943835,EXTREME_BULLISH,True,True,True,False,True,False,False
1995-03-24,,,,,,1995-03-23,1995-03-24,92.3076923076923,1995-03-23,1995-03-24,88.4920634920635,False,,False,False,True,0,True,True,True,0.0,True,True,2,2,90.39987789987791,EXTREME_BULLISH,True,True,True,False,True,False,False
1995-03-25,,,,,,1995-03-23,1995-03-24,92.3076923076923,1995-03-24,1995-03-25,95.63492063492063,False,,False,False,True,1,True,True,True,0.0,True,True,2,2,93.97130647130646,EXTREME_BULLISH,True,True,True,False,True,False,False
1995-03-26,,,,,,1995-03-23,1995-03-24,92.3076923076923,1995-03-24,1995-03-25,95.63492063492063,False,,False,False,True,2,True,True,True,1.0,True,True,2,2,93.97130647130646,EXTREME_BULLISH,True,True,True,False,True,False,False
1995-03-27,,,,,,1995-03-23,1995-03-24,92.3076923076923,1995-03-24,1995-03-25,95.63492063492063,False,,False,False,True,3,True,True,True,2.0,True,True,2,2,93.97130647130646,EXTREME_BULLISH,True,True,True,False,True,False,False
1995-03-28,,,,,,1995-03-23,1995-03-24,92.3076923076923,1995-03-27,1995-03-28,76.19047619047619,False,,False,False,True,4,True,True,True,0.0,True,True,2,2,84.24908424908425,EXTREME_BULLISH,True,True,True,False,True,False,False
1995-03-29,,,,,,1995-03-23,1995-03-24,92.3076923076923,1995-03-28,1995-03-29,91.26984126984127,False,,False,False,True,5,True,True,True,0.0,True,True,2,2,91.7887667887668,EXTREME_BULLISH,True,True,True,False,True,False,False
1995-04-28,,,,,,1995-04-27,1995-04-28,100.0,1995-04-27,1995-04-28,71.42857142857143,False,,False,False,True,0,True,True,True,0.0,True,True,2,2,85.71428571428572,EXTREME_BULLISH,True,True,True,False,True,False,False
1995-04-29,,,,,,1995-04-27,1995-04-28,100.0,1995-04-28,1995-04-29,77.38095238095238,False,,False,False,True,1,True,True,True,0.0,True,True,2,2,88.69047619047619,EXTREME_BULLISH,True,True,True,False,True,False,False
1995-04-30,,,,,,1995-04-27,1995-04-28,100.0,1995-04-28,1995-04-29,77.38095238095238,False,,False,False,True,2,True,True,True,1.0,True,True,2,2,88.69047619047619,EXTREME_BULLISH,True,True,True,False,True,False,False
1995-05-01,,,,,,1995-04-27,1995-04-28,100.0,1995-04-28,1995-04-29,77.38095238095238,False,,False,False,True,3,True,True,True,2.0,True,True,2,2,88.69047619047619,EXTREME_BULLISH,True,True,True,False,True,False,False
1995-05-02,,,,,,1995-04-27,1995-04-28,100.0,1995-05-01,1995-05-02,64.28571428571428,False,,False,False,True,4,True,True,True,0.0,True,True,2,2,82.14285714285714,EXTREME_BULLISH,True,True,True,False,True,False,False
1995-05-03,,,,,,1995-04-27,1995-04-28,100.0,1995-05-02,1995-05-03,72.61904761904762,False,,False,False,True,5,True,True,True,0.0,True,True,2,2,86.30952380952381,EXTREME_BULLISH,True,True,True,False,True,False,False
1995-05-04,,,,,,1995-04-27,1995-04-28,100.0,1995-05-03,1995-05-04,79.36507936507937,False,,False,False,True,6,True,True,True,0.0,True,True,2,2,89.68253968253968,EXTREME_BULLISH,True,True,True,False,True,False,False
1995-06-24,,,,,,1995-06-22,1995-06-23,73.07692307692307,1995-06-23,1995-06-24,97.61904761904762,False,,False,False,True,1,True,True,True,0.0,True,True,2,2,85.34798534798534,EXTREME_BULLISH,True,True,True,False,True,False,False
1995-06-25,,,,,,1995-06-22,1995-06-23,73.07692307692307,1995-06-23,1995-06-24,97.61904761904762,False,,False,False,True,2,True,True,True,1.0,True,True,2,2,85.34798534798534,EXTREME_BULLISH,True,True,True,False,True,False,False
1995-06-26,,,,,,1995-06-22,1995-06-23,73.07692307692307,1995-06-23,1995-06-24,97.61904761904762,False,,False,False,True,3,True,True,True,2.0,True,True,2,2,85.34798534798534,EXTREME_BULLISH,True,True,True,False,True,False,False
1995-09-01,,,,,,1995-08-31,1995-09-01,76.92307692307693,1995-08-31,1995-09-01,84.92063492063492,False,,False,False,True,0,True,True,True,0.0,True,True,2,2,80.92185592185592,EXTREME_BULLISH,True,True,True,False,True,False,False
1995-09-02,,,,,,1995-08-31,1995-09-01,76.92307692307693,1995-09-01,1995-09-02,91.26984126984127,False,,False,False,True,1,True,True,True,0.0,True,True,2,2,84.0964590964591,EXTREME_BULLISH,True,True,True,False,True,False,False
1995-09-03,,,,,,1995-08-31,1995-09-01,76.92307692307693,1995-09-01,1995-09-02,91.26984126984127,False,,False,False,True,2,True,True,True,1.0,True,True,2,2,84.0964590964591,EXTREME_BULLISH,True,True,True,False,True,False,False
1995-09-04,,,,,,1995-08-31,1995-09-01,76.92307692307693,1995-09-01,1995-09-02,91.26984126984127,False,,False,False,True,3,True,True,True,2.0,True,True,2,2,84.0964590964591,EXTREME_BULLISH,True,True,True,False,True,False,False
1995-09-05,,,,,,1995-08-31,1995-09-01,76.92307692307693,1995-09-01,1995-09-02,91.26984126984127,False,,False,False,True,4,True,True,True,3.0,True,True,2,2,84.0964590964591,EXTREME_BULLISH,True,True,True,False,True,False,False
1995-09-15,,,,,,1995-09-14,1995-09-15,90.3846153846154,1995-09-14,1995-09-15,98.01587301587301,False,,False,False,True,0,True,True,True,0.0,True,True,2,2,94.20024420024421,EXTREME_BULLISH,True,True,True,False,True,False,False
1995-09-16,,,,,,1995-09-14,1995-09-15,90.3846153846154,1995-09-15,1995-09-16,80.95238095238095,False,,False,False,True,1,True,True,True,0.0,True,True,2,2,85.66849816849818,EXTREME_BULLISH,True,True,True,False,True,False,False
1995-09-17,,,,,,1995-09-14,1995-09-15,90.3846153846154,1995-09-15,1995-09-16,80.95238095238095,False,,False,False,True,2,True,True,True,1.0,True,True,2,2,85.66849816849818,EXTREME_BULLISH,True,True,True,False,True,False,False
1995-09-18,,,,,,1995-09-14,1995-09-15,90.3846153846154,1995-09-15,1995-09-16,80.95238095238095,False,,False,False,True,3,True,True,True,2.0,True,True,2,2,85.66849816849818,EXTREME_BULLISH,True,True,True,False,True,False,False
1995-12-01,,,,,,1995-11-30,1995-12-01,96.15384615384616,1995-11-30,1995-12-01,80.15873015873017,False,,False,False,True,0,True,True,True,0.0,True,True,2,2,88.15628815628816,EXTREME_BULLISH,True,True,True,False,True,False,False
1995-12-02,,,,,,1995-11-30,1995-12-01,96.15384615384616,1995-12-01,1995-12-02,97.61904761904762,False,,False,False,True,1,True,True,True,0.0,True,True,2,2,96.88644688644689,EXTREME_BULLISH,True,True,True,False,True,False,False
1995-12-03,,,,,,1995-11-30,1995-12-01,96.15384615384616,1995-12-01,1995-12-02,97.61904761904762,False,,False,False,True,2,True,True,True,1.0,True,True,2,2,96.88644688644689,EXTREME_BULLISH,True,True,True,False,True,False,False
1995-12-04,,,,,,1995-11-30,1995-12-01,96.15384615384616,1995-12-01,1995-12-02,97.61904761904762,False,,False,False,True,3,True,True,True,2.0,True,True,2,2,96.88644688644689,EXTREME_BULLISH,True,True,True,False,True,False,False
1995-12-05,,,,,,1995-11-30,1995-12-01,96.15384615384616,1995-12-04,1995-12-05,99.60317460317461,False,,False,False,True,4,True,True,True,0.0,True,True,2,2,97.87851037851038,EXTREME_BULLISH,True,True,True,False,True,False,False
1995-12-06,,,,,,1995-11-30,1995-12-01,96.15384615384616,1995-12-05,1995-12-06,75.79365079365078,False,,False,False,True,5,True,True,True,0.0,True,True,2,2,85.97374847374847,EXTREME_BULLISH,True,True,True,False,True,False,False
1995-12-09,,,,,,1995-12-07,1995-12-08,80.76923076923077,1995-12-08,1995-12-09,96.42857142857143,False,,False,False,True,1,True,True,True,0.0,True,True,2,2,88.59890109890111,EXTREME_BULLISH,True,True,True,False,True,False,False
1995-12-10,,,,,,1995-12-07,1995-12-08,80.76923076923077,1995-12-08,1995-12-09,96.42857142857143,False,,False,False,True,2,True,True,True,1.0,True,True,2,2,88.59890109890111,EXTREME_BULLISH,True,True,True,False,True,False,False
1995-12-11,,,,,,1995-12-07,1995-12-08,80.76923076923077,1995-12-08,1995-12-09,96.42857142857143,False,,False,False,True,3,True,True,True,2.0,True,True,2,2,88.59890109890111,EXTREME_BULLISH,True,True,True,False,True,False,False
1995-12-12,,,,,,1995-12-07,1995-12-08,80.76923076923077,1995-12-11,1995-12-12,98.01587301587301,False,,False,False,True,4,True,True,True,0.0,True,True,2,2,89.3925518925519,EXTREME_BULLISH,True,True,True,False,True,False,False
1995-12-13,,,,,,1995-12-07,1995-12-08,80.76923076923077,1995-12-12,1995-12-13,99.60317460317461,False,,False,False,True,5,True,True,True,0.0,True,True,2,2,90.18620268620269,EXTREME_BULLISH,True,True,True,False,True,False,False
1995-12-14,,,,,,1995-12-07,1995-12-08,80.76923076923077,1995-12-13,1995-12-14,99.60317460317461,False,,False,False,True,6,True,True,True,0.0,True,True,2,2,90.18620268620269,EXTREME_BULLISH,True,True,True,False,True,False,False
1995-12-15,,,,,,1995-12-14,1995-12-15,82.6923076923077,1995-12-14,1995-12-15,96.82539682539682,False,,False,False,True,0,True,True,True,0.0,True,True,2,2,89.75885225885226,EXTREME_BULLISH,True,True,True,False,True,False,False
1995-12-16,,,,,,1995-12-14,1995-12-15,82.6923076923077,1995-12-15,1995-12-16,82.93650793650794,False,,False,False,True,1,True,True,True,0.0,True,True,2,2,82.81440781440782,EXTREME_BULLISH,True,True,True,False,True,False,False
1995-12-17,,,,,,1995-12-14,1995-12-15,82.6923076923077,1995-12-15,1995-12-16,82.93650793650794,False,,False,False,True,2,True,True,True,1.0,True,True,2,2,82.81440781440782,EXTREME_BULLISH,True,True,True,False,True,False,False
1995-12-18,,,,,,1995-12-14,1995-12-15,82.6923076923077,1995-12-15,1995-12-16,82.93650793650794,False,,False,False,True,3,True,True,True,2.0,True,True,2,2,82.81440781440782,EXTREME_BULLISH,True,True,True,False,True,False,False
1995-12-22,,,,,,1995-12-21,1995-12-22,78.84615384615384,1995-12-21,1995-12-22,98.01587301587301,False,,False,False,True,0,True,True,True,0.0,True,True,2,2,88.43101343101343,EXTREME_BULLISH,True,True,True,False,True,False,False
1996-03-15,,,,,,1996-03-14,1996-03-15,17.307692307692307,1996-03-14,1996-03-15,1.984126984127002,False,,False,False,True,0,True,True,True,0.0,True,True,2,2,9.645909645909654,EXTREME_BEARISH,True,True,True,False,True,False,False
1996-03-16,,,,,,1996-03-14,1996-03-15,17.307692307692307,1996-03-15,1996-03-16,4.761904761904759,False,,False,False,True,1,True,True,True,0.0,True,True,2,2,11.034798534798533,EXTREME_BEARISH,True,True,True,False,True,False,False
1996-03-17,,,,,,1996-03-14,1996-03-15,17.307692307692307,1996-03-15,1996-03-16,4.761904761904759,False,,False,False,True,2,True,True,True,1.0,True,True,2,2,11.034798534798533,EXTREME_BEARISH,True,True,True,False,True,False,False
1996-03-18,,,,,,1996-03-14,1996-03-15,17.307692307692307,1996-03-15,1996-03-16,4.761904761904759,False,,False,False,True,3,True,True,True,2.0,True,True,2,2,11.034798534798533,EXTREME_BEARISH,True,True,True,False,True,False,False
1996-03-19,,,,,,1996-03-14,1996-03-15,17.307692307692307,1996-03-18,1996-03-19,1.5873015873015959,False,,False,False,True,4,True,True,True,0.0,True,True,2,2,9.447496947496951,EXTREME_BEARISH,True,True,True,False,True,False,False
1996-03-20,,,,,,1996-03-14,1996-03-15,17.307692307692307,1996-03-19,1996-03-20,1.190476190476204,False,,False,False,True,5,True,True,True,0.0,True,True,2,2,9.249084249084255,EXTREME_BEARISH,True,True,True,False,True,False,False
1996-03-21,,,,,,1996-03-14,1996-03-15,17.307692307692307,1996-03-20,1996-03-21,1.190476190476204,False,,False,False,True,6,True,True,True,0.0,True,True,2,2,9.249084249084255,EXTREME_BEARISH,True,True,True,False,True,False,False
1996-04-19,,,,,,1996-04-18,1996-04-19,25.0,1996-04-18,1996-04-19,13.492063492063494,False,,False,False,True,0,True,True,True,0.0,True,True,2,2,19.246031746031747,EXTREME_BEARISH,True,True,True,False,True,False,False
1996-04-26,,,,,,1996-04-25,1996-04-26,1.9230769230769231,1996-04-25,1996-04-26,22.222222222222214,False,,False,False,True,0,True,True,True,0.0,True,True,2,2,12.072649572649569,EXTREME_BEARISH,True,True,True,False,True,False,False
1996-04-27,,,,,,1996-04-25,1996-04-26,1.9230769230769231,1996-04-26,1996-04-27,22.222222222222214,False,,False,False,True,1,True,True,True,0.0,True,True,2,2,12.072649572649569,EXTREME_BEARISH,True,True,True,False,True,False,False
1996-04-28,,,,,,1996-04-25,1996-04-26,1.9230769230769231,1996-04-26,1996-04-27,22.222222222222214,False,,False,False,True,2,True,True,True,1.0,True,True,2,2,12.072649572649569,EXTREME_BEARISH,True,True,True,False,True,False,False
1996-04-29,,,,,,1996-04-25,1996-04-26,1.9230769230769231,1996-04-26,1996-04-27,22.222222222222214,False,,False,False,True,3,True,True,True,2.0,True,True,2,2,12.072649572649569,EXTREME_BEARISH,True,True,True,False,True,False,False
1996-04-30,,,,,,1996-04-25,1996-04-26,1.9230769230769231,1996-04-29,1996-04-30,17.46031746031747,False,,False,False,True,4,True,True,True,0.0,True,True,2,2,9.691697191697196,EXTREME_BEARISH,True,True,True,False,True,False,False
1996-05-01,,,,,,1996-04-25,1996-04-26,1.9230769230769231,1996-04-30,1996-05-01,16.269841269841265,False,,False,False,True,5,True,True,True,0.0,True,True,2,2,9.096459096459094,EXTREME_BEARISH,True,True,True,False,True,False,False
1996-05-02,,,,,,1996-04-25,1996-04-26,1.9230769230769231,1996-05-01,1996-05-02,16.269841269841265,False,,False,False,True,6,True,True,True,0.0,True,True,2,2,9.096459096459094,EXTREME_BEARISH,True,True,True,False,True,False,False
1996-07-06,,,,,,1996-07-03,1996-07-04,13.461538461538462,1996-07-05,1996-07-06,24.603174603174608,False,,False,False,True,2,True,True,True,0.0,True,True,2,2,19.032356532356534,EXTREME_BEARISH,True,True,True,False,True,False,False
1996-07-07,,,,,,1996-07-03,1996-07-04,13.461538461538462,1996-07-05,1996-07-06,24.603174603174608,False,,False,False,True,3,True,True,True,1.0,True,True,2,2,19.032356532356534,EXTREME_BEARISH,True,True,True,False,True,False,False
1996-07-08,,,,,,1996-07-03,1996-07-04,13.461538461538462,1996-07-05,1996-07-06,24.603174603174608,False,,False,False,True,4,True,True,True,2.0,True,True,2,2,19.032356532356534,EXTREME_BEARISH,True,True,True,False,True,False,False
1996-07-09,,,,,,1996-07-03,1996-07-04,13.461538461538462,1996-07-08,1996-07-09,20.634920634920633,False,,False,False,True,5,True,True,True,0.0,True,True,2,2,17.048229548229546,EXTREME_BEARISH,True,True,True,False,True,False,False
1996-07-16,,,,,,1996-07-11,1996-07-12,36.53846153846153,1996-07-15,1996-07-16,0.7936507936507837,False,,False,False,True,4,True,True,True,0.0,True,True,2,2,18.66605616605616,EXTREME_BEARISH,True,True,True,False,True,False,False
1996-07-17,,,,,,1996-07-11,1996-07-12,36.53846153846153,1996-07-16,1996-07-17,1.190476190476204,False,,False,False,True,5,True,True,True,0.0,True,True,2,2,18.86446886446887,EXTREME_BEARISH,True,True,True,False,True,False,False
1996-07-18,,,,,,1996-07-11,1996-07-12,36.53846153846153,1996-07-17,1996-07-18,2.3809523809523796,False,,False,False,True,6,True,True,True,0.0,True,True,2,2,19.459706959706956,EXTREME_BEARISH,True,True,True,False,True,False,False
1996-07-19,,,,,,1996-07-18,1996-07-19,5.769230769230769,1996-07-18,1996-07-19,6.349206349206355,False,,False,False,True,0,True,True,True,0.0,True,True,2,2,6.059218559218563,EXTREME_BEARISH,True,True,True,False,True,False,False
1996-07-20,,,,,,1996-07-18,1996-07-19,5.769230769230769,1996-07-19,1996-07-20,11.507936507936506,False,,False,False,True,1,True,True,True,0.0,True,True,2,2,8.638583638583638,EXTREME_BEARISH,True,True,True,False,True,False,False
1996-07-21,,,,,,1996-07-18,1996-07-19,5.769230769230769,1996-07-19,1996-07-20,11.507936507936506,False,,False,False,True,2,True,True,True,1.0,True,True,2,2,8.638583638583638,EXTREME_BEARISH,True,True,True,False,True,False,False
1996-07-22,,,,,,1996-07-18,1996-07-19,5.769230769230769,1996-07-19,1996-07-20,11.507936507936506,False,,False,False,True,3,True,True,True,2.0,True,True,2,2,8.638583638583638,EXTREME_BEARISH,True,True,True,False,True,False,False
1996-07-23,,,,,,1996-07-18,1996-07-19,5.769230769230769,1996-07-22,1996-07-23,0.3968253968254061,False,,False,False,True,4,True,True,True,0.0,True,True,2,2,3.0830280830280876,EXTREME_BEARISH,True,True,True,False,True,False,False
1996-07-24,,,,,,1996-07-18,1996-07-19,5.769230769230769,1996-07-23,1996-07-24,0.0,False,,False,False,True,5,True,True,True,0.0,True,True,2,2,2.8846153846153846,EXTREME_BEARISH,True,True,True,False,True,False,False
1996-07-25,,,,,,1996-07-18,1996-07-19,5.769230769230769,1996-07-24,1996-07-25,0.3968253968254061,False,,False,False,True,6,True,True,True,0.0,True,True,2,2,3.0830280830280876,EXTREME_BEARISH,True,True,True,False,True,False,False
1996-07-26,,,,,,1996-07-25,1996-07-26,1.9230769230769231,1996-07-25,1996-07-26,3.571428571428555,False,,False,False,True,0,True,True,True,0.0,True,True,2,2,2.7472527472527393,EXTREME_BEARISH,True,True,True,False,True,False,False
1996-07-27,,,,,,1996-07-25,1996-07-26,1.9230769230769231,1996-07-26,1996-07-27,11.507936507936506,False,,False,False,True,1,True,True,True,0.0,True,True,2,2,6.715506715506715,EXTREME_BEARISH,True,True,True,False,True,False,False
1996-07-28,,,,,,1996-07-25,1996-07-26,1.9230769230769231,1996-07-26,1996-07-27,11.507936507936506,False,,False,False,True,2,True,True,True,1.0,True,True,2,2,6.715506715506715,EXTREME_BEARISH,True,True,True,False,True,False,False
1996-07-29,,,,,,1996-07-25,1996-07-26,1.9230769230769231,1996-07-26,1996-07-27,11.507936507936506,False,,False,False,True,3,True,True,True,2.0,True,True,2,2,6.715506715506715,EXTREME_BEARISH,True,True,True,False,True,False,False
1996-07-30,,,,,,1996-07-25,1996-07-26,1.9230769230769231,1996-07-29,1996-07-30,2.7777777777778,False,,False,False,True,4,True,True,True,0.0,True,True,2,2,2.3504273504273616,EXTREME_BEARISH,True,True,True,False,True,False,False
1996-07-31,,,,,,1996-07-25,1996-07-26,1.9230769230769231,1996-07-30,1996-07-31,1.190476190476204,False,,False,False,True,5,True,True,True,0.0,True,True,2,2,1.5567765567765637,EXTREME_BEARISH,True,True,True,False,True,False,False
1996-08-01,,,,,,1996-07-25,1996-07-26,1.9230769230769231,1996-07-31,1996-08-01,3.9682539682539613,False,,False,False,True,6,True,True,True,0.0,True,True,2,2,2.9456654456654423,EXTREME_BEARISH,True,True,True,False,True,False,False
1996-08-02,,,,,,1996-08-01,1996-08-02,3.8461538461538463,1996-08-01,1996-08-02,6.349206349206355,False,,False,False,True,0,True,True,True,0.0,True,True,2,2,5.097680097680101,EXTREME_BEARISH,True,True,True,False,True,False,False
1996-08-03,,,,,,1996-08-01,1996-08-02,3.8461538461538463,1996-08-02,1996-08-03,28.96825396825396,False,,False,False,True,1,True,True,True,0.0,True,True,2,2,16.407203907203904,EXTREME_BEARISH,True,True,True,False,True,False,False
1996-08-04,,,,,,1996-08-01,1996-08-02,3.8461538461538463,1996-08-02,1996-08-03,28.96825396825396,False,,False,False,True,2,True,True,True,1.0,True,True,2,2,16.407203907203904,EXTREME_BEARISH,True,True,True,False,True,False,False
1996-08-05,,,,,,1996-08-01,1996-08-02,3.8461538461538463,1996-08-02,1996-08-03,28.96825396825396,False,,False,False,True,3,True,True,True,2.0,True,True,2,2,16.407203907203904,EXTREME_BEARISH,True,True,True,False,True,False,False
1996-08-06,,,,,,1996-08-01,1996-08-02,3.8461538461538463,1996-08-05,1996-08-06,14.285714285714292,False,,False,False,True,4,True,True,True,0.0,True,True,2,2,9.06593406593407,EXTREME_BEARISH,True,True,True,False,True,False,False
1996-08-07,,,,,,1996-08-01,1996-08-02,3.8461538461538463,1996-08-06,1996-08-07,19.444444444444443,False,,False,False,True,5,True,True,True,0.0,True,True,2,2,11.645299145299145,EXTREME_BEARISH,True,True,True,False,True,False,False
1996-08-08,,,,,,1996-08-01,1996-08-02,3.8461538461538463,1996-08-07,1996-08-08,29.761904761904773,False,,False,False,True,6,True,True,True,0.0,True,True,2,2,16.80402930402931,EXTREME_BEARISH,True,True,True,False,True,False,False
1996-08-09,,,,,,1996-08-08,1996-08-09,5.769230769230769,1996-08-08,1996-08-09,34.12698412698413,False,,False,False,True,0,True,True,True,0.0,True,True,2,2,19.948107448107447,EXTREME_BEARISH,True,True,True,False,True,False,False
1996-08-14,,,,,,1996-08-08,1996-08-09,5.769230769230769,1996-08-13,1996-08-14,28.174603174603178,False,,False,False,True,5,True,True,True,0.0,True,True,2,2,16.971916971916972,EXTREME_BEARISH,True,True,True,False,True,False,False
1996-08-31,,,,,,1996-08-29,1996-08-30,9.615384615384617,1996-08-30,1996-08-31,18.253968253968253,False,,False,False,True,1,True,True,True,0.0,True,True,2,2,13.934676434676435,EXTREME_BEARISH,True,True,True,False,True,False,False
1996-09-01,,,,,,1996-08-29,1996-08-30,9.615384615384617,1996-08-30,1996-08-31,18.253968253968253,False,,False,False,True,2,True,True,True,1.0,True,True,2,2,13.934676434676435,EXTREME_BEARISH,True,True,True,False,True,False,False
1996-09-02,,,,,,1996-08-29,1996-08-30,9.615384615384617,1996-08-30,1996-08-31,18.253968253968253,False,,False,False,True,3,True,True,True,2.0,True,True,2,2,13.934676434676435,EXTREME_BEARISH,True,True,True,False,True,False,False
1996-09-03,,,,,,1996-08-29,1996-08-30,9.615384615384617,1996-08-30,1996-08-31,18.253968253968253,False,,False,False,True,4,True,True,True,3.0,True,True,2,2,13.934676434676435,EXTREME_BEARISH,True,True,True,False,True,False,False
1996-09-04,,,,,,1996-08-29,1996-08-30,9.615384615384617,1996-09-03,1996-09-04,8.333333333333343,False,,False,False,True,5,True,True,True,0.0,True,True,2,2,8.97435897435898,EXTREME_BEARISH,True,True,True,False,True,False,False
1996-09-05,,,,,,1996-08-29,1996-08-30,9.615384615384617,1996-09-04,1996-09-05,7.5396825396825164,False,,False,False,True,6,True,True,True,0.0,True,True,2,2,8.577533577533567,EXTREME_BEARISH,True,True,True,False,True,False,False
1996-09-06,,,,,,1996-09-05,1996-09-06,3.8461538461538463,1996-09-05,1996-09-06,1.5873015873015959,False,,False,False,True,0,True,True,True,0.0,True,True,2,2,2.7167277167277213,EXTREME_BEARISH,True,True,True,False,True,False,False
1996-09-07,,,,,,1996-09-05,1996-09-06,3.8461538461538463,1996-09-06,1996-09-07,17.85714285714286,False,,False,False,True,1,True,True,True,0.0,True,True,2,2,10.851648351648354,EXTREME_BEARISH,True,True,True,False,True,False,False
1996-09-08,,,,,,1996-09-05,1996-09-06,3.8461538461538463,1996-09-06,1996-09-07,17.85714285714286,False,,False,False,True,2,True,True,True,1.0,True,True,2,2,10.851648351648354,EXTREME_BEARISH,True,True,True,False,True,False,False
1996-09-09,,,,,,1996-09-05,1996-09-06,3.8461538461538463,1996-09-06,1996-09-07,17.85714285714286,False,,False,False,True,3,True,True,True,2.0,True,True,2,2,10.851648351648354,EXTREME_BEARISH,True,True,True,False,True,False,False
1996-09-10,,,,,,1996-09-05,1996-09-06,3.8461538461538463,1996-09-09,1996-09-10,31.746031746031747,False,,False,False,True,4,True,True,True,0.0,True,True,2,2,17.796092796092797,EXTREME_BEARISH,True,True,True,False,True,False,False
1996-09-11,,,,,,1996-09-05,1996-09-06,3.8461538461538463,1996-09-10,1996-09-11,32.53968253968253,False,,False,False,True,5,True,True,True,0.0,True,True,2,2,18.19291819291819,EXTREME_BEARISH,True,True,True,False,True,False,False
1996-11-01,,,,,,1996-10-31,1996-11-01,21.15384615384616,1996-10-31,1996-11-01,11.904761904761912,False,,False,False,True,0,True,True,True,0.0,True,True,2,2,16.529304029304036,EXTREME_BEARISH,True,True,True,False,True,False,False
1996-11-02,,,,,,1996-10-31,1996-11-01,21.15384615384616,1996-11-01,1996-11-02,13.095238095238088,False,,False,False,True,1,True,True,True,0.0,True,True,2,2,17.124542124542124,EXTREME_BEARISH,True,True,True,False,True,False,False
1996-11-03,,,,,,1996-10-31,1996-11-01,21.15384615384616,1996-11-01,1996-11-02,13.095238095238088,False,,False,False,True,2,True,True,True,1.0,True,True,2,2,17.124542124542124,EXTREME_BEARISH,True,True,True,False,True,False,False
1996-11-04,,,,,,1996-10-31,1996-11-01,21.15384615384616,1996-11-01,1996-11-02,13.095238095238088,False,,False,False,True,3,True,True,True,2.0,True,True,2,2,17.124542124542124,EXTREME_BEARISH,True,True,True,False,True,False,False
1996-11-05,,,,,,1996-10-31,1996-11-01,21.15384615384616,1996-11-04,1996-11-05,12.301587301587304,False,,False,False,True,4,True,True,True,0.0,True,True,2,2,16.727716727716732,EXTREME_BEARISH,True,True,True,False,True,False,False
1996-11-06,,,,,,1996-10-31,1996-11-01,21.15384615384616,1996-11-05,1996-11-06,15.873015873015873,False,,False,False,True,5,True,True,True,0.0,True,True,2,2,18.513431013431017,EXTREME_BEARISH,True,True,True,False,True,False,False
1996-11-08,,,,,,1996-11-07,1996-11-08,13.461538461538462,1996-11-07,1996-11-08,20.238095238095227,False,,False,False,True,0,True,True,True,0.0,True,True,2,2,16.849816849816843,EXTREME_BEARISH,True,True,True,False,True,False,False
1996-12-07,,,,,,1996-12-05,1996-12-06,30.76923076923077,1996-12-06,1996-12-07,6.746031746031761,False,,False,False,True,1,True,True,True,0.0,True,True,2,2,18.757631257631267,EXTREME_BEARISH,True,True,True,False,True,False,False
1996-12-08,,,,,,1996-12-05,1996-12-06,30.76923076923077,1996-12-06,1996-12-07,6.746031746031761,False,,False,False,True,2,True,True,True,1.0,True,True,2,2,18.757631257631267,EXTREME_BEARISH,True,True,True,False,True,False,False
1996-12-09,,,,,,1996-12-05,1996-12-06,30.76923076923077,1996-12-06,1996-12-07,6.746031746031761,False,,False,False,True,3,True,True,True,2.0,True,True,2,2,18.757631257631267,EXTREME_BEARISH,True,True,True,False,True,False,False
1996-12-12,,,,,,1996-12-05,1996-12-06,30.76923076923077,1996-12-11,1996-12-12,3.9682539682539613,False,,False,False,True,6,True,True,True,0.0,True,True,2,2,17.368742368742367,EXTREME_BEARISH,True,True,True,False,True,False,False
1996-12-13,,,,,,1996-12-12,1996-12-13,32.69230769230769,1996-12-12,1996-12-13,1.984126984127002,False,,False,False,True,0,True,True,True,0.0,True,True,2,2,17.338217338217348,EXTREME_BEARISH,True,True,True,False,True,False,False
1996-12-14,,,,,,1996-12-12,1996-12-13,32.69230769230769,1996-12-13,1996-12-14,0.7936507936507837,False,,False,False,True,1,True,True,True,0.0,True,True,2,2,16.74297924297924,EXTREME_BEARISH,True,True,True,False,True,False,False
1996-12-15,,,,,,1996-12-12,1996-12-13,32.69230769230769,1996-12-13,1996-12-14,0.7936507936507837,False,,False,False,True,2,True,True,True,1.0,True,True,2,2,16.74297924297924,EXTREME_BEARISH,True,True,True,False,True,False,False
1996-12-16,,,,,,1996-12-12,1996-12-13,32.69230769230769,1996-12-13,1996-12-14,0.7936507936507837,False,,False,False,True,3,True,True,True,2.0,True,True,2,2,16.74297924297924,EXTREME_BEARISH,True,True,True,False,True,False,False
1996-12-17,,,,,,1996-12-12,1996-12-13,32.69230769230769,1996-12-16,1996-12-17,0.0,False,,False,False,True,4,True,True,True,0.0,True,True,2,2,16.346153846153847,EXTREME_BEARISH,True,True,True,False,True,False,False
1996-12-18,,,,,,1996-12-12,1996-12-13,32.69230769230769,1996-12-17,1996-12-18,1.5873015873015959,False,,False,False,True,5,True,True,True,0.0,True,True,2,2,17.139804639804645,EXTREME_BEARISH,True,True,True,False,True,False,False
1996-12-19,,,,,,1996-12-12,1996-12-13,32.69230769230769,1996-12-18,1996-12-19,6.746031746031761,False,,False,False,True,6,True,True,True,0.0,True,True,2,2,19.719169719169727,EXTREME_BEARISH,True,True,True,False,True,False,False
1996-12-20,,,,,,1996-12-19,1996-12-20,5.769230769230769,1996-12-19,1996-12-20,9.523809523809518,False,,False,False,True,0,True,True,True,0.0,True,True,2,2,7.646520146520144,EXTREME_BEARISH,True,True,True,False,True,False,False
1996-12-21,,,,,,1996-12-19,1996-12-20,5.769230769230769,1996-12-20,1996-12-21,9.126984126984127,False,,False,False,True,1,True,True,True,0.0,True,True,2,2,7.448107448107448,EXTREME_BEARISH,True,True,True,False,True,False,False
1996-12-22,,,,,,1996-12-19,1996-12-20,5.769230769230769,1996-12-20,1996-12-21,9.126984126984127,False,,False,False,True,2,True,True,True,1.0,True,True,2,2,7.448107448107448,EXTREME_BEARISH,True,True,True,False,True,False,False
1996-12-23,,,,,,1996-12-19,1996-12-20,5.769230769230769,1996-12-20,1996-12-21,9.126984126984127,False,,False,False,True,3,True,True,True,2.0,True,True,2,2,7.448107448107448,EXTREME_BEARISH,True,True,True,False,True,False,False
1996-12-24,,,,,,1996-12-19,1996-12-20,5.769230769230769,1996-12-23,1996-12-24,6.349206349206355,False,,False,False,True,4,True,True,True,0.0,True,True,2,2,6.059218559218563,EXTREME_BEARISH,True,True,True,False,True,False,False
1996-12-25,,,,,,1996-12-19,1996-12-20,5.769230769230769,1996-12-24,1996-12-25,11.507936507936506,False,,False,False,True,5,True,True,True,0.0,True,True,2,2,8.638583638583638,EXTREME_BEARISH,True,True,True,False,True,False,False
1996-12-26,,,,,,1996-12-19,1996-12-20,5.769230769230769,1996-12-24,1996-12-25,11.507936507936506,False,,False,False,True,6,True,True,True,1.0,True,True,2,2,8.638583638583638,EXTREME_BEARISH,True,True,True,False,True,False,False
1996-12-28,,,,,,1996-12-26,1996-12-27,28.846153846153843,1996-12-27,1996-12-28,8.73015873015872,False,,False,False,True,1,True,True,True,0.0,True,True,2,2,18.78815628815628,EXTREME_BEARISH,True,True,True,False,True,False,False
1996-12-29,,,,,,1996-12-26,1996-12-27,28.846153846153843,1996-12-27,1996-12-28,8.73015873015872,False,,False,False,True,2,True,True,True,1.0,True,True,2,2,18.78815628815628,EXTREME_BEARISH,True,True,True,False,True,False,False
1996-12-30,,,,,,1996-12-26,1996-12-27,28.846153846153843,1996-12-27,1996-12-28,8.73015873015872,False,,False,False,True,3,True,True,True,2.0,True,True,2,2,18.78815628815628,EXTREME_BEARISH,True,True,True,False,True,False,False
1996-12-31,,,,,,1996-12-26,1996-12-27,28.846153846153843,1996-12-30,1996-12-31,6.349206349206355,False,,False,False,True,4,True,True,True,0.0,True,True,2,2,17.597680097680097,EXTREME_BEARISH,True,True,True,False,True,False,False
1997-01-01,,,,,,1996-12-26,1996-12-27,28.846153846153843,1996-12-31,1997-01-01,1.5873015873015959,False,,False,False,True,5,True,True,True,0.0,True,True,2,2,15.21672771672772,EXTREME_BEARISH,True,True,True,False,True,False,False
1997-01-02,,,,,,1996-12-26,1996-12-27,28.846153846153843,1996-12-31,1997-01-01,1.5873015873015959,False,,False,False,True,6,True,True,True,1.0,True,True,2,2,15.21672771672772,EXTREME_BEARISH,True,True,True,False,True,False,False
1997-03-18,,,,,,1997-03-13,1997-03-14,26.923076923076923,1997-03-17,1997-03-18,3.571428571428555,False,,False,False,True,4,True,True,True,0.0,True,True,2,2,15.24725274725274,EXTREME_BEARISH,True,True,True,False,True,False,False
1997-03-19,,,,,,1997-03-13,1997-03-14,26.923076923076923,1997-03-18,1997-03-19,1.5873015873015959,False,,False,False,True,5,True,True,True,0.0,True,True,2,2,14.25518925518926,EXTREME_BEARISH,True,True,True,False,True,False,False
1997-03-20,,,,,,1997-03-13,1997-03-14,26.923076923076923,1997-03-19,1997-03-20,0.3968253968254061,False,,False,False,True,6,True,True,True,0.0,True,True,2,2,13.659951159951165,EXTREME_BEARISH,True,True,True,False,True,False,False
1997-03-28,,,,,,1997-03-27,1997-03-28,7.6923076923076925,1997-03-27,1997-03-28,9.920634920634924,False,,False,False,True,0,True,True,True,0.0,True,True,2,2,8.806471306471309,EXTREME_BEARISH,True,True,True,False,True,False,False
1997-03-29,,,,,,1997-03-27,1997-03-28,7.6923076923076925,1997-03-27,1997-03-28,9.920634920634924,False,,False,False,True,1,True,True,True,1.0,True,True,2,2,8.806471306471309,EXTREME_BEARISH,True,True,True,False,True,False,False
1997-03-30,,,,,,1997-03-27,1997-03-28,7.6923076923076925,1997-03-27,1997-03-28,9.920634920634924,False,,False,False,True,2,True,True,True,2.0,True,True,2,2,8.806471306471309,EXTREME_BEARISH,True,True,True,False,True,False,False
1997-03-31,,,,,,1997-03-27,1997-03-28,7.6923076923076925,1997-03-27,1997-03-28,9.920634920634924,False,,False,False,True,3,True,True,True,3.0,True,True,2,2,8.806471306471309,EXTREME_BEARISH,True,True,True,False,True,False,False
1997-04-01,,,,,,1997-03-27,1997-03-28,7.6923076923076925,1997-03-31,1997-04-01,0.0,False,,False,False,True,4,True,True,True,0.0,True,True,2,2,3.8461538461538463,EXTREME_BEARISH,True,True,True,False,True,False,False
1997-04-02,,,,,,1997-03-27,1997-03-28,7.6923076923076925,1997-04-01,1997-04-02,6.746031746031761,False,,False,False,True,5,True,True,True,0.0,True,True,2,2,7.219169719169727,EXTREME_BEARISH,True,True,True,False,True,False,False
1997-04-03,,,,,,1997-03-27,1997-03-28,7.6923076923076925,1997-04-02,1997-04-03,2.3809523809523796,False,,False,False,True,6,True,True,True,0.0,True,True,2,2,5.0366300366300365,EXTREME_BEARISH,True,True,True,False,True,False,False
1997-04-04,,,,,,1997-04-03,1997-04-04,21.15384615384616,1997-04-03,1997-04-04,3.571428571428555,False,,False,False,True,0,True,True,True,0.0,True,True,2,2,12.362637362637358,EXTREME_BEARISH,True,True,True,False,True,False,False
1997-04-11,,,,,,1997-04-10,1997-04-11,1.9230769230769231,1997-04-10,1997-04-11,30.95238095238095,False,,False,False,True,0,True,True,True,0.0,True,True,2,2,16.437728937728934,EXTREME_BEARISH,True,True,True,False,True,False,False
1997-04-12,,,,,,1997-04-10,1997-04-11,1.9230769230769231,1997-04-11,1997-04-12,19.04761904761905,False,,False,False,True,1,True,True,True,0.0,True,True,2,2,10.485347985347987,EXTREME_BEARISH,True,True,True,False,True,False,False
1997-04-13,,,,,,1997-04-10,1997-04-11,1.9230769230769231,1997-04-11,1997-04-12,19.04761904761905,False,,False,False,True,2,True,True,True,1.0,True,True,2,2,10.485347985347987,EXTREME_BEARISH,True,True,True,False,True,False,False
1997-04-14,,,,,,1997-04-10,1997-04-11,1.9230769230769231,1997-04-11,1997-04-12,19.04761904761905,False,,False,False,True,3,True,True,True,2.0,True,True,2,2,10.485347985347987,EXTREME_BEARISH,True,True,True,False,True,False,False
1997-04-15,,,,,,1997-04-10,1997-04-11,1.9230769230769231,1997-04-14,1997-04-15,30.95238095238095,False,,False,False,True,4,True,True,True,0.0,True,True,2,2,16.437728937728934,EXTREME_BEARISH,True,True,True,False,True,False,False
1997-04-25,,,,,,1997-04-24,1997-04-25,15.384615384615383,1997-04-24,1997-04-25,7.936507936507937,False,,False,False,True,0,True,True,True,0.0,True,True,2,2,11.66056166056166,EXTREME_BEARISH,True,True,True,False,True,False,False
1997-04-26,,,,,,1997-04-24,1997-04-25,15.384615384615383,1997-04-25,1997-04-26,3.9682539682539613,False,,False,False,True,1,True,True,True,0.0,True,True,2,2,9.676434676434672,EXTREME_BEARISH,True,True,True,False,True,False,False
1997-04-27,,,,,,1997-04-24,1997-04-25,15.384615384615383,1997-04-25,1997-04-26,3.9682539682539613,False,,False,False,True,2,True,True,True,1.0,True,True,2,2,9.676434676434672,EXTREME_BEARISH,True,True,True,False,True,False,False
1997-04-28,,,,,,1997-04-24,1997-04-25,15.384615384615383,1997-04-25,1997-04-26,3.9682539682539613,False,,False,False,True,3,True,True,True,2.0,True,True,2,2,9.676434676434672,EXTREME_BEARISH,True,True,True,False,True,False,False
1997-04-29,,,,,,1997-04-24,1997-04-25,15.384615384615383,1997-04-28,1997-04-29,2.3809523809523796,False,,False,False,True,4,True,True,True,0.0,True,True,2,2,8.882783882783881,EXTREME_BEARISH,True,True,True,False,True,False,False
1997-04-30,,,,,,1997-04-24,1997-04-25,15.384615384615383,1997-04-29,1997-04-30,20.238095238095227,False,,False,False,True,5,True,True,True,0.0,True,True,2,2,17.811355311355307,EXTREME_BEARISH,True,True,True,False,True,False,False
1997-05-01,,,,,,1997-04-24,1997-04-25,15.384615384615383,1997-04-30,1997-05-01,17.85714285714286,False,,False,False,True,6,True,True,True,0.0,True,True,2,2,16.620879120879124,EXTREME_BEARISH,True,True,True,False,True,False,False
1997-05-07,,,,,,1997-05-01,1997-05-02,25.0,1997-05-06,1997-05-07,8.333333333333343,False,,False,False,True,5,True,True,True,0.0,True,True,2,2,16.66666666666667,EXTREME_BEARISH,True,True,True,False,True,False,False
1997-05-08,,,,,,1997-05-01,1997-05-02,25.0,1997-05-07,1997-05-08,2.3809523809523796,False,,False,False,True,6,True,True,True,0.0,True,True,2,2,13.69047619047619,EXTREME_BEARISH,True,True,True,False,True,False,False
1997-11-07,,,,,,1997-11-06,1997-11-07,30.76923076923077,1997-11-06,1997-11-07,1.190476190476204,False,,False,False,True,0,True,True,True,0.0,True,True,2,2,15.979853479853487,EXTREME_BEARISH,True,True,True,False,True,False,False
1997-11-08,,,,,,1997-11-06,1997-11-07,30.76923076923077,1997-11-07,1997-11-08,0.3968253968254061,False,,False,False,True,1,True,True,True,0.0,True,True,2,2,15.583028083028088,EXTREME_BEARISH,True,True,True,False,True,False,False
1997-11-09,,,,,,1997-11-06,1997-11-07,30.76923076923077,1997-11-07,1997-11-08,0.3968253968254061,False,,False,False,True,2,True,True,True,1.0,True,True,2,2,15.583028083028088,EXTREME_BEARISH,True,True,True,False,True,False,False
1997-11-10,,,,,,1997-11-06,1997-11-07,30.76923076923077,1997-11-07,1997-11-08,0.3968253968254061,False,,False,False,True,3,True,True,True,2.0,True,True,2,2,15.583028083028088,EXTREME_BEARISH,True,True,True,False,True,False,False
1997-11-11,,,,,,1997-11-06,1997-11-07,30.76923076923077,1997-11-10,1997-11-11,0.3968253968254061,False,,False,False,True,4,True,True,True,0.0,True,True,2,2,15.583028083028088,EXTREME_BEARISH,True,True,True,False,True,False,False
1997-11-12,,,,,,1997-11-06,1997-11-07,30.76923076923077,1997-11-11,1997-11-12,0.7936507936507837,False,,False,False,True,5,True,True,True,0.0,True,True,2,2,15.781440781440777,EXTREME_BEARISH,True,True,True,False,True,False,False
1997-11-13,,,,,,1997-11-06,1997-11-07,30.76923076923077,1997-11-12,1997-11-13,0.3968253968254061,False,,False,False,True,6,True,True,True,0.0,True,True,2,2,15.583028083028088,EXTREME_BEARISH,True,True,True,False,True,False,False
1998-01-01,,,,,,1997-12-31,1998-01-01,13.461538461538462,1997-12-31,1998-01-01,23.015873015873012,False,,False,False,True,0,True,True,True,0.0,True,True,2,2,18.238705738705736,EXTREME_BEARISH,True,True,True,False,True,False,False
1998-01-02,,,,,,1997-12-31,1998-01-01,13.461538461538462,1997-12-31,1998-01-01,23.015873015873012,False,,False,False,True,1,True,True,True,1.0,True,True,2,2,18.238705738705736,EXTREME_BEARISH,True,True,True,False,True,False,False
1998-01-06,,,,,,1997-12-31,1998-01-01,13.461538461538462,1998-01-05,1998-01-06,21.42857142857143,False,,False,False,True,5,True,True,True,0.0,True,True,2,2,17.445054945054945,EXTREME_BEARISH,True,True,True,False,True,False,False
1998-01-07,,,,,,1997-12-31,1998-01-01,13.461538461538462,1998-01-06,1998-01-07,15.079365079365076,False,,False,False,True,6,True,True,True,0.0,True,True,2,2,14.270451770451768,EXTREME_BEARISH,True,True,True,False,True,False,False
1998-01-08,,,,,,1997-12-31,1998-01-01,13.461538461538462,1998-01-07,1998-01-08,16.666666666666657,False,,False,False,True,7,True,True,True,0.0,True,True,2,2,15.064102564102559,EXTREME_BEARISH,True,True,True,False,True,False,False
1998-01-27,,,,,,1998-01-23,1998-01-24,11.538461538461538,1998-01-26,1998-01-27,26.19047619047619,False,,False,False,True,3,True,True,True,0.0,True,True,2,2,18.864468864468865,EXTREME_BEARISH,True,True,True,False,True,False,False
1998-02-21,,,,,,1998-02-19,1998-02-20,73.07692307692307,1998-02-20,1998-02-21,92.46031746031746,False,,False,False,True,1,True,True,True,0.0,True,True,2,2,82.76862026862025,EXTREME_BULLISH,True,True,True,False,True,False,False
1998-02-22,,,,,,1998-02-19,1998-02-20,73.07692307692307,1998-02-20,1998-02-21,92.46031746031746,False,,False,False,True,2,True,True,True,1.0,True,True,2,2,82.76862026862025,EXTREME_BULLISH,True,True,True,False,True,False,False
1998-02-23,,,,,,1998-02-19,1998-02-20,73.07692307692307,1998-02-20,1998-02-21,92.46031746031746,False,,False,False,True,3,True,True,True,2.0,True,True,2,2,82.76862026862025,EXTREME_BULLISH,True,True,True,False,True,False,False
1998-02-24,,,,,,1998-02-19,1998-02-20,73.07692307692307,1998-02-23,1998-02-24,93.25396825396825,False,,False,False,True,4,True,True,True,0.0,True,True,2,2,83.16544566544566,EXTREME_BULLISH,True,True,True,False,True,False,False
1998-02-26,,,,,,1998-02-19,1998-02-20,73.07692307692307,1998-02-25,1998-02-26,95.63492063492063,False,,False,False,True,6,True,True,True,0.0,True,True,2,2,84.35592185592185,EXTREME_BULLISH,True,True,True,False,True,False,False
1998-02-27,,,,,,1998-02-26,1998-02-27,98.07692307692308,1998-02-26,1998-02-27,95.23809523809524,False,,False,False,True,0,True,True,True,0.0,True,True,2,2,96.65750915750917,EXTREME_BULLISH,True,True,True,False,True,False,False
1998-02-28,,,,,,1998-02-26,1998-02-27,98.07692307692308,1998-02-27,1998-02-28,96.03174603174604,False,,False,False,True,1,True,True,True,0.0,True,True,2,2,97.05433455433456,EXTREME_BULLISH,True,True,True,False,True,False,False
1998-03-01,,,,,,1998-02-26,1998-02-27,98.07692307692308,1998-02-27,1998-02-28,96.03174603174604,False,,False,False,True,2,True,True,True,1.0,True,True,2,2,97.05433455433456,EXTREME_BULLISH,True,True,True,False,True,False,False
1998-03-02,,,,,,1998-02-26,1998-02-27,98.07692307692308,1998-02-27,1998-02-28,96.03174603174604,False,,False,False,True,3,True,True,True,2.0,True,True,2,2,97.05433455433456,EXTREME_BULLISH,True,True,True,False,True,False,False
1998-03-03,,,,,,1998-02-26,1998-02-27,98.07692307692308,1998-03-02,1998-03-03,87.6984126984127,False,,False,False,True,4,True,True,True,0.0,True,True,2,2,92.88766788766789,EXTREME_BULLISH,True,True,True,False,True,False,False
1998-03-04,,,,,,1998-02-26,1998-02-27,98.07692307692308,1998-03-03,1998-03-04,89.28571428571429,False,,False,False,True,5,True,True,True,0.0,True,True,2,2,93.68131868131869,EXTREME_BULLISH,True,True,True,False,True,False,False
1998-03-05,,,,,,1998-02-26,1998-02-27,98.07692307692308,1998-03-04,1998-03-05,80.55555555555556,False,,False,False,True,6,True,True,True,0.0,True,True,2,2,89.31623931623932,EXTREME_BULLISH,True,True,True,False,True,False,False
1998-03-07,,,,,,1998-03-05,1998-03-06,98.07692307692308,1998-03-06,1998-03-07,87.6984126984127,False,,False,False,True,1,True,True,True,0.0,True,True,2,2,92.88766788766789,EXTREME_BULLISH,True,True,True,False,True,False,False
1998-03-08,,,,,,1998-03-05,1998-03-06,98.07692307692308,1998-03-06,1998-03-07,87.6984126984127,False,,False,False,True,2,True,True,True,1.0,True,True,2,2,92.88766788766789,EXTREME_BULLISH,True,True,True,False,True,False,False
1998-03-09,,,,,,1998-03-05,1998-03-06,98.07692307692308,1998-03-06,1998-03-07,87.6984126984127,False,,False,False,True,3,True,True,True,2.0,True,True,2,2,92.88766788766789,EXTREME_BULLISH,True,True,True,False,True,False,False
1998-03-10,,,,,,1998-03-05,1998-03-06,98.07692307692308,1998-03-09,1998-03-10,67.85714285714286,False,,False,False,True,4,True,True,True,0.0,True,True,2,2,82.96703296703296,EXTREME_BULLISH,True,True,True,False,True,False,False
1998-03-11,,,,,,1998-03-05,1998-03-06,98.07692307692308,1998-03-10,1998-03-11,82.53968253968254,False,,False,False,True,5,True,True,True,0.0,True,True,2,2,90.30830280830281,EXTREME_BULLISH,True,True,True,False,True,False,False
1998-03-12,,,,,,1998-03-05,1998-03-06,98.07692307692308,1998-03-11,1998-03-12,92.46031746031746,False,,False,False,True,6,True,True,True,0.0,True,True,2,2,95.26862026862027,EXTREME_BULLISH,True,True,True,False,True,False,False
1998-04-21,,,,,,1998-04-16,1998-04-17,94.23076923076924,1998-04-20,1998-04-21,69.44444444444444,False,,False,False,True,4,True,True,True,0.0,True,True,2,2,81.83760683760684,EXTREME_BULLISH,True,True,True,False,True,False,False
1998-04-22,,,,,,1998-04-16,1998-04-17,94.23076923076924,1998-04-21,1998-04-22,77.77777777777777,False,,False,False,True,5,True,True,True,0.0,True,True,2,2,86.0042735042735,EXTREME_BULLISH,True,True,True,False,True,False,False
1998-04-23,,,,,,1998-04-16,1998-04-17,94.23076923076924,1998-04-22,1998-04-23,84.52380952380952,False,,False,False,True,6,True,True,True,0.0,True,True,2,2,89.37728937728937,EXTREME_BULLISH,True,True,True,False,True,False,False
1998-06-12,,,,,,1998-06-11,1998-06-12,7.6923076923076925,1998-06-11,1998-06-12,31.349206349206355,False,,False,False,True,0,True,True,True,0.0,True,True,2,2,19.520757020757024,EXTREME_BEARISH,True,True,True,False,True,False,False
1998-06-16,,,,,,1998-06-11,1998-06-12,7.6923076923076925,1998-06-15,1998-06-16,16.269841269841265,False,,False,False,True,4,True,True,True,0.0,True,True,2,2,11.98107448107448,EXTREME_BEARISH,True,True,True,False,True,False,False
1998-06-17,,,,,,1998-06-11,1998-06-12,7.6923076923076925,1998-06-16,1998-06-17,19.841269841269835,False,,False,False,True,5,True,True,True,0.0,True,True,2,2,13.766788766788764,EXTREME_BEARISH,True,True,True,False,True,False,False
1998-08-07,,,,,,1998-08-06,1998-08-07,13.461538461538462,1998-08-06,1998-08-07,11.111111111111114,False,,False,False,True,0,True,True,True,0.0,True,True,2,2,12.286324786324787,EXTREME_BEARISH,True,True,True,False,True,False,False
1998-08-08,,,,,,1998-08-06,1998-08-07,13.461538461538462,1998-08-07,1998-08-08,14.285714285714292,False,,False,False,True,1,True,True,True,0.0,True,True,2,2,13.873626373626376,EXTREME_BEARISH,True,True,True,False,True,False,False
1998-08-09,,,,,,1998-08-06,1998-08-07,13.461538461538462,1998-08-07,1998-08-08,14.285714285714292,False,,False,False,True,2,True,True,True,1.0,True,True,2,2,13.873626373626376,EXTREME_BEARISH,True,True,True,False,True,False,False
1998-08-10,,,,,,1998-08-06,1998-08-07,13.461538461538462,1998-08-07,1998-08-08,14.285714285714292,False,,False,False,True,3,True,True,True,2.0,True,True,2,2,13.873626373626376,EXTREME_BEARISH,True,True,True,False,True,False,False
1998-08-11,,,,,,1998-08-06,1998-08-07,13.461538461538462,1998-08-10,1998-08-11,10.317460317460316,False,,False,False,True,4,True,True,True,0.0,True,True,2,2,11.889499389499388,EXTREME_BEARISH,True,True,True,False,True,False,False
1998-08-12,,,,,,1998-08-06,1998-08-07,13.461538461538462,1998-08-11,1998-08-12,5.158730158730165,False,,False,False,True,5,True,True,True,0.0,True,True,2,2,9.310134310134313,EXTREME_BEARISH,True,True,True,False,True,False,False
1998-08-13,,,,,,1998-08-06,1998-08-07,13.461538461538462,1998-08-12,1998-08-13,11.904761904761912,False,,False,False,True,6,True,True,True,0.0,True,True,2,2,12.683150183150186,EXTREME_BEARISH,True,True,True,False,True,False,False
1998-08-14,,,,,,1998-08-13,1998-08-14,1.9230769230769231,1998-08-13,1998-08-14,8.333333333333343,False,,False,False,True,0,True,True,True,0.0,True,True,2,2,5.128205128205133,EXTREME_BEARISH,True,True,True,False,True,False,False
1998-08-15,,,,,,1998-08-13,1998-08-14,1.9230769230769231,1998-08-14,1998-08-15,2.7777777777778,False,,False,False,True,1,True,True,True,0.0,True,True,2,2,2.3504273504273616,EXTREME_BEARISH,True,True,True,False,True,False,False
1998-08-16,,,,,,1998-08-13,1998-08-14,1.9230769230769231,1998-08-14,1998-08-15,2.7777777777778,False,,False,False,True,2,True,True,True,1.0,True,True,2,2,2.3504273504273616,EXTREME_BEARISH,True,True,True,False,True,False,False
1998-08-17,,,,,,1998-08-13,1998-08-14,1.9230769230769231,1998-08-14,1998-08-15,2.7777777777778,False,,False,False,True,3,True,True,True,2.0,True,True,2,2,2.3504273504273616,EXTREME_BEARISH,True,True,True,False,True,False,False
1998-08-18,,,,,,1998-08-13,1998-08-14,1.9230769230769231,1998-08-17,1998-08-18,5.952380952380963,False,,False,False,True,4,True,True,True,0.0,True,True,2,2,3.9377289377289433,EXTREME_BEARISH,True,True,True,False,True,False,False
1998-08-19,,,,,,1998-08-13,1998-08-14,1.9230769230769231,1998-08-18,1998-08-19,13.492063492063494,False,,False,False,True,5,True,True,True,0.0,True,True,2,2,7.707570207570209,EXTREME_BEARISH,True,True,True,False,True,False,False
1998-08-20,,,,,,1998-08-13,1998-08-14,1.9230769230769231,1998-08-19,1998-08-20,12.301587301587304,False,,False,False,True,6,True,True,True,0.0,True,True,2,2,7.112332112332114,EXTREME_BEARISH,True,True,True,False,True,False,False
1998-08-21,,,,,,1998-08-20,1998-08-21,3.8461538461538463,1998-08-20,1998-08-21,8.73015873015872,False,,False,False,True,0,True,True,True,0.0,True,True,2,2,6.288156288156284,EXTREME_BEARISH,True,True,True,False,True,False,False
1998-08-22,,,,,,1998-08-20,1998-08-21,3.8461538461538463,1998-08-21,1998-08-22,3.9682539682539613,False,,False,False,True,1,True,True,True,0.0,True,True,2,2,3.907203907203904,EXTREME_BEARISH,True,True,True,False,True,False,False
1998-08-23,,,,,,1998-08-20,1998-08-21,3.8461538461538463,1998-08-21,1998-08-22,3.9682539682539613,False,,False,False,True,2,True,True,True,1.0,True,True,2,2,3.907203907203904,EXTREME_BEARISH,True,True,True,False,True,False,False
1998-08-24,,,,,,1998-08-20,1998-08-21,3.8461538461538463,1998-08-21,1998-08-22,3.9682539682539613,False,,False,False,True,3,True,True,True,2.0,True,True,2,2,3.907203907203904,EXTREME_BEARISH,True,True,True,False,True,False,False
1998-08-25,,,,,,1998-08-20,1998-08-21,3.8461538461538463,1998-08-24,1998-08-25,6.746031746031761,False,,False,False,True,4,True,True,True,0.0,True,True,2,2,5.296092796092804,EXTREME_BEARISH,True,True,True,False,True,False,False
1998-08-26,,,,,,1998-08-20,1998-08-21,3.8461538461538463,1998-08-25,1998-08-26,9.126984126984127,False,,False,False,True,5,True,True,True,0.0,True,True,2,2,6.486568986568987,EXTREME_BEARISH,True,True,True,False,True,False,False
1998-08-27,,,,,,1998-08-20,1998-08-21,3.8461538461538463,1998-08-26,1998-08-27,8.333333333333343,False,,False,False,True,6,True,True,True,0.0,True,True,2,2,6.089743589743595,EXTREME_BEARISH,True,True,True,False,True,False,False
1998-08-28,,,,,,1998-08-27,1998-08-28,1.9230769230769231,1998-08-27,1998-08-28,0.0,False,,False,False,True,0,True,True,True,0.0,True,True,2,2,0.9615384615384616,EXTREME_BEARISH,True,True,True,False,True,False,False
1998-08-29,,,,,,1998-08-27,1998-08-28,1.9230769230769231,1998-08-28,1998-08-29,0.0,False,,False,False,True,1,True,True,True,0.0,True,True,2,2,0.9615384615384616,EXTREME_BEARISH,True,True,True,False,True,False,False
1998-08-30,,,,,,1998-08-27,1998-08-28,1.9230769230769231,1998-08-28,1998-08-29,0.0,False,,False,False,True,2,True,True,True,1.0,True,True,2,2,0.9615384615384616,EXTREME_BEARISH,True,True,True,False,True,False,False
1998-08-31,,,,,,1998-08-27,1998-08-28,1.9230769230769231,1998-08-28,1998-08-29,0.0,False,,False,False,True,3,True,True,True,2.0,True,True,2,2,0.9615384615384616,EXTREME_BEARISH,True,True,True,False,True,False,False
1998-09-01,,,,,,1998-08-27,1998-08-28,1.9230769230769231,1998-08-31,1998-09-01,0.0,False,,False,False,True,4,True,True,True,0.0,True,True,2,2,0.9615384615384616,EXTREME_BEARISH,True,True,True,False,True,False,False
1998-09-02,,,,,,1998-08-27,1998-08-28,1.9230769230769231,1998-09-01,1998-09-02,2.7777777777778,False,,False,False,True,5,True,True,True,0.0,True,True,2,2,2.3504273504273616,EXTREME_BEARISH,True,True,True,False,True,False,False
1998-09-03,,,,,,1998-08-27,1998-08-28,1.9230769230769231,1998-09-02,1998-09-03,1.984126984127002,False,,False,False,True,6,True,True,True,0.0,True,True,2,2,1.9536019536019626,EXTREME_BEARISH,True,True,True,False,True,False,False
1998-09-04,,,,,,1998-09-03,1998-09-04,3.8461538461538463,1998-09-03,1998-09-04,0.3968253968254061,False,,False,False,True,0,True,True,True,0.0,True,True,2,2,2.1214896214896264,EXTREME_BEARISH,True,True,True,False,True,False,False
1998-09-05,,,,,,1998-09-03,1998-09-04,3.8461538461538463,1998-09-04,1998-09-05,0.3968253968254061,False,,False,False,True,1,True,True,True,0.0,True,True,2,2,2.1214896214896264,EXTREME_BEARISH,True,True,True,False,True,False,False
1998-09-06,,,,,,1998-09-03,1998-09-04,3.8461538461538463,1998-09-04,1998-09-05,0.3968253968254061,False,,False,False,True,2,True,True,True,1.0,True,True,2,2,2.1214896214896264,EXTREME_BEARISH,True,True,True,False,True,False,False
1998-09-07,,,,,,1998-09-03,1998-09-04,3.8461538461538463,1998-09-04,1998-09-05,0.3968253968254061,False,,False,False,True,3,True,True,True,2.0,True,True,2,2,2.1214896214896264,EXTREME_BEARISH,True,True,True,False,True,False,False
1998-09-08,,,,,,1998-09-03,1998-09-04,3.8461538461538463,1998-09-04,1998-09-05,0.3968253968254061,False,,False,False,True,4,True,True,True,3.0,True,True,2,2,2.1214896214896264,EXTREME_BEARISH,True,True,True,False,True,False,False
1998-09-09,,,,,,1998-09-03,1998-09-04,3.8461538461538463,1998-09-08,1998-09-09,2.3809523809523796,False,,False,False,True,5,True,True,True,0.0,True,True,2,2,3.113553113553113,EXTREME_BEARISH,True,True,True,False,True,False,False
1998-09-10,,,,,,1998-09-03,1998-09-04,3.8461538461538463,1998-09-09,1998-09-10,1.190476190476204,False,,False,False,True,6,True,True,True,0.0,True,True,2,2,2.5183150183150254,EXTREME_BEARISH,True,True,True,False,True,False,False
1998-09-11,,,,,,1998-09-10,1998-09-11,5.769230769230769,1998-09-10,1998-09-11,0.0,False,,False,False,True,0,True,True,True,0.0,True,True,2,2,2.8846153846153846,EXTREME_BEARISH,True,True,True,False,True,False,False
1998-09-12,,,,,,1998-09-10,1998-09-11,5.769230769230769,1998-09-11,1998-09-12,0.7936507936507837,False,,False,False,True,1,True,True,True,0.0,True,True,2,2,3.2814407814407764,EXTREME_BEARISH,True,True,True,False,True,False,False
1998-09-13,,,,,,1998-09-10,1998-09-11,5.769230769230769,1998-09-11,1998-09-12,0.7936507936507837,False,,False,False,True,2,True,True,True,1.0,True,True,2,2,3.2814407814407764,EXTREME_BEARISH,True,True,True,False,True,False,False
1998-09-14,,,,,,1998-09-10,1998-09-11,5.769230769230769,1998-09-11,1998-09-12,0.7936507936507837,False,,False,False,True,3,True,True,True,2.0,True,True,2,2,3.2814407814407764,EXTREME_BEARISH,True,True,True,False,True,False,False
1998-09-15,,,,,,1998-09-10,1998-09-11,5.769230769230769,1998-09-14,1998-09-15,2.7777777777778,False,,False,False,True,4,True,True,True,0.0,True,True,2,2,4.273504273504285,EXTREME_BEARISH,True,True,True,False,True,False,False
1998-09-16,,,,,,1998-09-10,1998-09-11,5.769230769230769,1998-09-15,1998-09-16,5.952380952380963,False,,False,False,True,5,True,True,True,0.0,True,True,2,2,5.860805860805867,EXTREME_BEARISH,True,True,True,False,True,False,False
1998-09-17,,,,,,1998-09-10,1998-09-11,5.769230769230769,1998-09-16,1998-09-17,7.5396825396825164,False,,False,False,True,6,True,True,True,0.0,True,True,2,2,6.654456654456643,EXTREME_BEARISH,True,True,True,False,True,False,False
1998-09-18,,,,,,1998-09-17,1998-09-18,23.07692307692308,1998-09-17,1998-09-18,2.7777777777778,False,,False,False,True,0,True,True,True,0.0,True,True,2,2,12.92735042735044,EXTREME_BEARISH,True,True,True,False,True,False,False
1998-09-19,,,,,,1998-09-17,1998-09-18,23.07692307692308,1998-09-18,1998-09-19,3.1746031746031775,False,,False,False,True,1,True,True,True,0.0,True,True,2,2,13.125763125763129,EXTREME_BEARISH,True,True,True,False,True,False,False
1998-09-20,,,,,,1998-09-17,1998-09-18,23.07692307692308,1998-09-18,1998-09-19,3.1746031746031775,False,,False,False,True,2,True,True,True,1.0,True,True,2,2,13.125763125763129,EXTREME_BEARISH,True,True,True,False,True,False,False
1998-09-21,,,,,,1998-09-17,1998-09-18,23.07692307692308,1998-09-18,1998-09-19,3.1746031746031775,False,,False,False,True,3,True,True,True,2.0,True,True,2,2,13.125763125763129,EXTREME_BEARISH,True,True,True,False,True,False,False
1998-09-22,,,,,,1998-09-17,1998-09-18,23.07692307692308,1998-09-21,1998-09-22,3.571428571428555,False,,False,False,True,4,True,True,True,0.0,True,True,2,2,13.324175824175818,EXTREME_BEARISH,True,True,True,False,True,False,False
1998-09-23,,,,,,1998-09-17,1998-09-18,23.07692307692308,1998-09-22,1998-09-23,7.142857142857139,False,,False,False,True,5,True,True,True,0.0,True,True,2,2,15.10989010989011,EXTREME_BEARISH,True,True,True,False,True,False,False
1998-09-24,,,,,,1998-09-17,1998-09-18,23.07692307692308,1998-09-23,1998-09-24,11.904761904761912,False,,False,False,True,6,True,True,True,0.0,True,True,2,2,17.490842490842496,EXTREME_BEARISH,True,True,True,False,True,False,False
1998-09-25,,,,,,1998-09-24,1998-09-25,28.846153846153843,1998-09-24,1998-09-25,9.920634920634924,False,,False,False,True,0,True,True,True,0.0,True,True,2,2,19.383394383394382,EXTREME_BEARISH,True,True,True,False,True,False,False
1998-09-26,,,,,,1998-09-24,1998-09-25,28.846153846153843,1998-09-25,1998-09-26,10.317460317460316,False,,False,False,True,1,True,True,True,0.0,True,True,2,2,19.581807081807078,EXTREME_BEARISH,True,True,True,False,True,False,False
1998-09-27,,,,,,1998-09-24,1998-09-25,28.846153846153843,1998-09-25,1998-09-26,10.317460317460316,False,,False,False,True,2,True,True,True,1.0,True,True,2,2,19.581807081807078,EXTREME_BEARISH,True,True,True,False,True,False,False
1998-09-28,,,,,,1998-09-24,1998-09-25,28.846153846153843,1998-09-25,1998-09-26,10.317460317460316,False,,False,False,True,3,True,True,True,2.0,True,True,2,2,19.581807081807078,EXTREME_BEARISH,True,True,True,False,True,False,False
1998-09-29,,,,,,1998-09-24,1998-09-25,28.846153846153843,1998-09-28,1998-09-29,9.920634920634924,False,,False,False,True,4,True,True,True,0.0,True,True,2,2,19.383394383394382,EXTREME_BEARISH,True,True,True,False,True,False,False
1998-09-30,,,,,,1998-09-24,1998-09-25,28.846153846153843,1998-09-29,1998-09-30,9.126984126984127,False,,False,False,True,5,True,True,True,0.0,True,True,2,2,18.986568986568983,EXTREME_BEARISH,True,True,True,False,True,False,False
1998-10-01,,,,,,1998-09-24,1998-09-25,28.846153846153843,1998-09-30,1998-10-01,1.984126984127002,False,,False,False,True,6,True,True,True,0.0,True,True,2,2,15.415140415140423,EXTREME_BEARISH,True,True,True,False,True,False,False
1998-10-02,,,,,,1998-10-01,1998-10-02,15.384615384615383,1998-10-01,1998-10-02,1.190476190476204,False,,False,False,True,0,True,True,True,0.0,True,True,2,2,8.287545787545794,EXTREME_BEARISH,True,True,True,False,True,False,False
1998-10-03,,,,,,1998-10-01,1998-10-02,15.384615384615383,1998-10-02,1998-10-03,2.7777777777778,False,,False,False,True,1,True,True,True,0.0,True,True,2,2,9.081196581196592,EXTREME_BEARISH,True,True,True,False,True,False,False
1998-10-04,,,,,,1998-10-01,1998-10-02,15.384615384615383,1998-10-02,1998-10-03,2.7777777777778,False,,False,False,True,2,True,True,True,1.0,True,True,2,2,9.081196581196592,EXTREME_BEARISH,True,True,True,False,True,False,False
1998-10-05,,,,,,1998-10-01,1998-10-02,15.384615384615383,1998-10-02,1998-10-03,2.7777777777778,False,,False,False,True,3,True,True,True,2.0,True,True,2,2,9.081196581196592,EXTREME_BEARISH,True,True,True,False,True,False,False
1998-10-06,,,,,,1998-10-01,1998-10-02,15.384615384615383,1998-10-05,1998-10-06,1.984126984127002,False,,False,False,True,4,True,True,True,0.0,True,True,2,2,8.684371184371193,EXTREME_BEARISH,True,True,True,False,True,False,False
1998-10-07,,,,,,1998-10-01,1998-10-02,15.384615384615383,1998-10-06,1998-10-07,2.7777777777778,False,,False,False,True,5,True,True,True,0.0,True,True,2,2,9.081196581196592,EXTREME_BEARISH,True,True,True,False,True,False,False
1998-10-08,,,,,,1998-10-01,1998-10-02,15.384615384615383,1998-10-07,1998-10-08,1.190476190476204,False,,False,False,True,6,True,True,True,0.0,True,True,2,2,8.287545787545794,EXTREME_BEARISH,True,True,True,False,True,False,False
1998-10-09,,,,,,1998-10-08,1998-10-09,11.538461538461538,1998-10-08,1998-10-09,0.0,False,,False,False,True,0,True,True,True,0.0,True,True,2,2,5.769230769230769,EXTREME_BEARISH,True,True,True,False,True,False,False
1998-10-10,,,,,,1998-10-08,1998-10-09,11.538461538461538,1998-10-09,1998-10-10,3.1746031746031775,False,,False,False,True,1,True,True,True,0.0,True,True,2,2,7.356532356532358,EXTREME_BEARISH,True,True,True,False,True,False,False
1998-10-11,,,,,,1998-10-08,1998-10-09,11.538461538461538,1998-10-09,1998-10-10,3.1746031746031775,False,,False,False,True,2,True,True,True,1.0,True,True,2,2,7.356532356532358,EXTREME_BEARISH,True,True,True,False,True,False,False
1998-10-12,,,,,,1998-10-08,1998-10-09,11.538461538461538,1998-10-09,1998-10-10,3.1746031746031775,False,,False,False,True,3,True,True,True,2.0,True,True,2,2,7.356532356532358,EXTREME_BEARISH,True,True,True,False,True,False,False
1998-10-13,,,,,,1998-10-08,1998-10-09,11.538461538461538,1998-10-12,1998-10-13,5.158730158730165,False,,False,False,True,4,True,True,True,0.0,True,True,2,2,8.348595848595853,EXTREME_BEARISH,True,True,True,False,True,False,False
1998-10-14,,,,,,1998-10-08,1998-10-09,11.538461538461538,1998-10-13,1998-10-14,5.158730158730165,False,,False,False,True,5,True,True,True,0.0,True,True,2,2,8.348595848595853,EXTREME_BEARISH,True,True,True,False,True,False,False
1998-10-15,,,,,,1998-10-08,1998-10-09,11.538461538461538,1998-10-14,1998-10-15,7.142857142857139,False,,False,False,True,6,True,True,True,0.0,True,True,2,2,9.34065934065934,EXTREME_BEARISH,True,True,True,False,True,False,False
1998-10-16,,,,,,1998-10-15,1998-10-16,5.769230769230769,1998-10-15,1998-10-16,17.063492063492063,False,,False,False,True,0,True,True,True,0.0,True,True,2,2,11.416361416361417,EXTREME_BEARISH,True,True,True,False,True,False,False
1998-10-17,,,,,,1998-10-15,1998-10-16,5.769230769230769,1998-10-16,1998-10-17,15.079365079365076,False,,False,False,True,1,True,True,True,0.0,True,True,2,2,10.424297924297923,EXTREME_BEARISH,True,True,True,False,True,False,False
1998-10-18,,,,,,1998-10-15,1998-10-16,5.769230769230769,1998-10-16,1998-10-17,15.079365079365076,False,,False,False,True,2,True,True,True,1.0,True,True,2,2,10.424297924297923,EXTREME_BEARISH,True,True,True,False,True,False,False
1998-10-19,,,,,,1998-10-15,1998-10-16,5.769230769230769,1998-10-16,1998-10-17,15.079365079365076,False,,False,False,True,3,True,True,True,2.0,True,True,2,2,10.424297924297923,EXTREME_BEARISH,True,True,True,False,True,False,False
1998-10-20,,,,,,1998-10-15,1998-10-16,5.769230769230769,1998-10-19,1998-10-20,18.253968253968253,False,,False,False,True,4,True,True,True,0.0,True,True,2,2,12.011599511599512,EXTREME_BEARISH,True,True,True,False,True,False,False
1998-10-21,,,,,,1998-10-15,1998-10-16,5.769230769230769,1998-10-20,1998-10-21,18.650793650793645,False,,False,False,True,5,True,True,True,0.0,True,True,2,2,12.210012210012207,EXTREME_BEARISH,True,True,True,False,True,False,False
1998-10-22,,,,,,1998-10-15,1998-10-16,5.769230769230769,1998-10-21,1998-10-22,17.85714285714286,False,,False,False,True,6,True,True,True,0.0,True,True,2,2,11.813186813186816,EXTREME_BEARISH,True,True,True,False,True,False,False
1999-07-09,,,,,,1999-07-08,1999-07-09,78.84615384615384,1999-07-08,1999-07-09,94.84126984126985,False,,False,False,True,0,True,True,True,0.0,True,True,2,2,86.84371184371184,EXTREME_BULLISH,True,True,True,False,True,False,False
1999-07-10,,,,,,1999-07-08,1999-07-09,78.84615384615384,1999-07-09,1999-07-10,97.22222222222223,False,,False,False,True,1,True,True,True,0.0,True,True,2,2,88.03418803418803,EXTREME_BULLISH,True,True,True,False,True,False,False
1999-07-11,,,,,,1999-07-08,1999-07-09,78.84615384615384,1999-07-09,1999-07-10,97.22222222222223,False,,False,False,True,2,True,True,True,1.0,True,True,2,2,88.03418803418803,EXTREME_BULLISH,True,True,True,False,True,False,False
1999-07-12,,,,,,1999-07-08,1999-07-09,78.84615384615384,1999-07-09,1999-07-10,97.22222222222223,False,,False,False,True,3,True,True,True,2.0,True,True,2,2,88.03418803418803,EXTREME_BULLISH,True,True,True,False,True,False,False
1999-07-13,,,,,,1999-07-08,1999-07-09,78.84615384615384,1999-07-12,1999-07-13,96.03174603174604,False,,False,False,True,4,True,True,True,0.0,True,True,2,2,87.43894993894995,EXTREME_BULLISH,True,True,True,False,True,False,False
1999-07-14,,,,,,1999-07-08,1999-07-09,78.84615384615384,1999-07-13,1999-07-14,96.03174603174604,False,,False,False,True,5,True,True,True,0.0,True,True,2,2,87.43894993894995,EXTREME_BULLISH,True,True,True,False,True,False,False
1999-07-15,,,,,,1999-07-08,1999-07-09,78.84615384615384,1999-07-14,1999-07-15,96.82539682539682,False,,False,False,True,6,True,True,True,0.0,True,True,2,2,87.83577533577534,EXTREME_BULLISH,True,True,True,False,True,False,False
1999-07-16,,,,,,1999-07-15,1999-07-16,96.15384615384616,1999-07-15,1999-07-16,97.61904761904762,False,,False,False,True,0,True,True,True,0.0,True,True,2,2,96.88644688644689,EXTREME_BULLISH,True,True,True,False,True,False,False
1999-07-17,,,,,,1999-07-15,1999-07-16,96.15384615384616,1999-07-16,1999-07-17,98.80952380952381,False,,False,False,True,1,True,True,True,0.0,True,True,2,2,97.48168498168499,EXTREME_BULLISH,True,True,True,False,True,False,False
1999-07-18,,,,,,1999-07-15,1999-07-16,96.15384615384616,1999-07-16,1999-07-17,98.80952380952381,False,,False,False,True,2,True,True,True,1.0,True,True,2,2,97.48168498168499,EXTREME_BULLISH,True,True,True,False,True,False,False
1999-07-19,,,,,,1999-07-15,1999-07-16,96.15384615384616,1999-07-16,1999-07-17,98.80952380952381,False,,False,False,True,3,True,True,True,2.0,True,True,2,2,97.48168498168499,EXTREME_BULLISH,True,True,True,False,True,False,False
1999-07-20,,,,,,1999-07-15,1999-07-16,96.15384615384616,1999-07-19,1999-07-20,97.61904761904762,False,,False,False,True,4,True,True,True,0.0,True,True,2,2,96.88644688644689,EXTREME_BULLISH,True,True,True,False,True,False,False
1999-07-21,,,,,,1999-07-15,1999-07-16,96.15384615384616,1999-07-20,1999-07-21,90.87301587301587,False,,False,False,True,5,True,True,True,0.0,True,True,2,2,93.51343101343102,EXTREME_BULLISH,True,True,True,False,True,False,False
1999-07-22,,,,,,1999-07-15,1999-07-16,96.15384615384616,1999-07-21,1999-07-22,93.25396825396825,False,,False,False,True,6,True,True,True,0.0,True,True,2,2,94.7039072039072,EXTREME_BULLISH,True,True,True,False,True,False,False
1999-07-23,,,,,,1999-07-22,1999-07-23,90.3846153846154,1999-07-22,1999-07-23,81.34920634920636,False,,False,False,True,0,True,True,True,0.0,True,True,2,2,85.86691086691087,EXTREME_BULLISH,True,True,True,False,True,False,False
1999-07-24,,,,,,1999-07-22,1999-07-23,90.3846153846154,1999-07-23,1999-07-24,78.96825396825398,False,,False,False,True,1,True,True,True,0.0,True,True,2,2,84.6764346764347,EXTREME_BULLISH,True,True,True,False,True,False,False
1999-07-25,,,,,,1999-07-22,1999-07-23,90.3846153846154,1999-07-23,1999-07-24,78.96825396825398,False,,False,False,True,2,True,True,True,1.0,True,True,2,2,84.6764346764347,EXTREME_BULLISH,True,True,True,False,True,False,False
1999-07-26,,,,,,1999-07-22,1999-07-23,90.3846153846154,1999-07-23,1999-07-24,78.96825396825398,False,,False,False,True,3,True,True,True,2.0,True,True,2,2,84.6764346764347,EXTREME_BULLISH,True,True,True,False,True,False,False
1999-07-28,,,,,,1999-07-22,1999-07-23,90.3846153846154,1999-07-27,1999-07-28,81.34920634920636,False,,False,False,True,5,True,True,True,0.0,True,True,2,2,85.86691086691087,EXTREME_BULLISH,True,True,True,False,True,False,False
1999-07-29,,,,,,1999-07-22,1999-07-23,90.3846153846154,1999-07-28,1999-07-29,82.14285714285714,False,,False,False,True,6,True,True,True,0.0,True,True,2,2,86.26373626373626,EXTREME_BULLISH,True,True,True,False,True,False,False
1999-09-04,,,,,,1999-09-02,1999-09-03,76.92307692307693,1999-09-03,1999-09-04,94.04761904761905,False,,False,False,True,1,True,True,True,0.0,True,True,2,2,85.485347985348,EXTREME_BULLISH,True,True,True,False,True,False,False
1999-09-05,,,,,,1999-09-02,1999-09-03,76.92307692307693,1999-09-03,1999-09-04,94.04761904761905,False,,False,False,True,2,True,True,True,1.0,True,True,2,2,85.485347985348,EXTREME_BULLISH,True,True,True,False,True,False,False
1999-09-06,,,,,,1999-09-02,1999-09-03,76.92307692307693,1999-09-03,1999-09-04,94.04761904761905,False,,False,False,True,3,True,True,True,2.0,True,True,2,2,85.485347985348,EXTREME_BULLISH,True,True,True,False,True,False,False
1999-09-07,,,,,,1999-09-02,1999-09-03,76.92307692307693,1999-09-03,1999-09-04,94.04761904761905,False,,False,False,True,4,True,True,True,3.0,True,True,2,2,85.485347985348,EXTREME_BULLISH,True,True,True,False,True,False,False
1999-11-13,,,,,,1999-11-11,1999-11-12,75.0,1999-11-12,1999-11-13,90.07936507936508,False,,False,False,True,1,True,True,True,0.0,True,True,2,2,82.53968253968253,EXTREME_BULLISH,True,True,True,False,True,False,False
1999-11-14,,,,,,1999-11-11,1999-11-12,75.0,1999-11-12,1999-11-13,90.07936507936508,False,,False,False,True,2,True,True,True,1.0,True,True,2,2,82.53968253968253,EXTREME_BULLISH,True,True,True,False,True,False,False
1999-11-15,,,,,,1999-11-11,1999-11-12,75.0,1999-11-12,1999-11-13,90.07936507936508,False,,False,False,True,3,True,True,True,2.0,True,True,2,2,82.53968253968253,EXTREME_BULLISH,True,True,True,False,True,False,False
1999-11-17,,,,,,1999-11-11,1999-11-12,75.0,1999-11-16,1999-11-17,93.65079365079364,False,,False,False,True,5,True,True,True,0.0,True,True,2,2,84.32539682539682,EXTREME_BULLISH,True,True,True,False,True,False,False
1999-11-18,,,,,,1999-11-11,1999-11-12,75.0,1999-11-17,1999-11-18,92.85714285714286,False,,False,False,True,6,True,True,True,0.0,True,True,2,2,83.92857142857143,EXTREME_BULLISH,True,True,True,False,True,False,False
1999-11-19,,,,,,1999-11-18,1999-11-19,76.92307692307693,1999-11-18,1999-11-19,96.42857142857143,False,,False,False,True,0,True,True,True,0.0,True,True,2,2,86.67582417582418,EXTREME_BULLISH,True,True,True,False,True,False,False
1999-11-20,,,,,,1999-11-18,1999-11-19,76.92307692307693,1999-11-19,1999-11-20,97.61904761904762,False,,False,False,True,1,True,True,True,0.0,True,True,2,2,87.27106227106228,EXTREME_BULLISH,True,True,True,False,True,False,False
1999-11-21,,,,,,1999-11-18,1999-11-19,76.92307692307693,1999-11-19,1999-11-20,97.61904761904762,False,,False,False,True,2,True,True,True,1.0,True,True,2,2,87.27106227106228,EXTREME_BULLISH,True,True,True,False,True,False,False
1999-11-22,,,,,,1999-11-18,1999-11-19,76.92307692307693,1999-11-19,1999-11-20,97.61904761904762,False,,False,False,True,3,True,True,True,2.0,True,True,2,2,87.27106227106228,EXTREME_BULLISH,True,True,True,False,True,False,False
1999-11-23,,,,,,1999-11-18,1999-11-19,76.92307692307693,1999-11-22,1999-11-23,95.23809523809524,False,,False,False,True,4,True,True,True,0.0,True,True,2,2,86.08058608058609,EXTREME_BULLISH,True,True,True,False,True,False,False
1999-11-24,,,,,,1999-11-18,1999-11-19,76.92307692307693,1999-11-23,1999-11-24,90.87301587301587,False,,False,False,True,5,True,True,True,0.0,True,True,2,2,83.8980463980464,EXTREME_BULLISH,True,True,True,False,True,False,False
1999-11-25,,,,,,1999-11-24,1999-11-25,98.07692307692308,1999-11-24,1999-11-25,94.04761904761905,False,,False,False,True,0,True,True,True,0.0,True,True,2,2,96.06227106227107,EXTREME_BULLISH,True,True,True,False,True,False,False
1999-11-26,,,,,,1999-11-24,1999-11-25,98.07692307692308,1999-11-24,1999-11-25,94.04761904761905,False,,False,False,True,1,True,True,True,1.0,True,True,2,2,96.06227106227107,EXTREME_BULLISH,True,True,True,False,True,False,False
1999-11-27,,,,,,1999-11-24,1999-11-25,98.07692307692308,1999-11-26,1999-11-27,77.77777777777777,False,,False,False,True,2,True,True,True,0.0,True,True,2,2,87.92735042735043,EXTREME_BULLISH,True,True,True,False,True,False,False
1999-11-28,,,,,,1999-11-24,1999-11-25,98.07692307692308,1999-11-26,1999-11-27,77.77777777777777,False,,False,False,True,3,True,True,True,1.0,True,True,2,2,87.92735042735043,EXTREME_BULLISH,True,True,True,False,True,False,False
1999-11-29,,,,,,1999-11-24,1999-11-25,98.07692307692308,1999-11-26,1999-11-27,77.77777777777777,False,,False,False,True,4,True,True,True,2.0,True,True,2,2,87.92735042735043,EXTREME_BULLISH,True,True,True,False,True,False,False
1999-12-02,,,,,,1999-11-24,1999-11-25,98.07692307692308,1999-12-01,1999-12-02,78.96825396825398,False,,False,False,True,7,True,True,True,0.0,True,True,2,2,88.52258852258853,EXTREME_BULLISH,True,True,True,False,True,False,False
1999-12-03,,,,,,1999-12-02,1999-12-03,100.0,1999-12-02,1999-12-03,84.52380952380952,False,,False,False,True,0,True,True,True,0.0,True,True,2,2,92.26190476190476,EXTREME_BULLISH,True,True,True,False,True,False,False
1999-12-04,,,,,,1999-12-02,1999-12-03,100.0,1999-12-03,1999-12-04,97.22222222222223,False,,False,False,True,1,True,True,True,0.0,True,True,2,2,98.61111111111111,EXTREME_BULLISH,True,True,True,False,True,False,False
1999-12-05,,,,,,1999-12-02,1999-12-03,100.0,1999-12-03,1999-12-04,97.22222222222223,False,,False,False,True,2,True,True,True,1.0,True,True,2,2,98.61111111111111,EXTREME_BULLISH,True,True,True,False,True,False,False
1999-12-06,,,,,,1999-12-02,1999-12-03,100.0,1999-12-03,1999-12-04,97.22222222222223,False,,False,False,True,3,True,True,True,2.0,True,True,2,2,98.61111111111111,EXTREME_BULLISH,True,True,True,False,True,False,False
1999-12-07,,,,,,1999-12-02,1999-12-03,100.0,1999-12-06,1999-12-07,92.46031746031746,False,,False,False,True,4,True,True,True,0.0,True,True,2,2,96.23015873015873,EXTREME_BULLISH,True,True,True,False,True,False,False
1999-12-08,,,,,,1999-12-02,1999-12-03,100.0,1999-12-07,1999-12-08,88.88888888888889,False,,False,False,True,5,True,True,True,0.0,True,True,2,2,94.44444444444444,EXTREME_BULLISH,True,True,True,False,True,False,False
1999-12-09,,,,,,1999-12-02,1999-12-03,100.0,1999-12-08,1999-12-09,88.0952380952381,False,,False,False,True,6,True,True,True,0.0,True,True,2,2,94.04761904761905,EXTREME_BULLISH,True,True,True,False,True,False,False
1999-12-10,,,,,,1999-12-09,1999-12-10,100.0,1999-12-09,1999-12-10,88.4920634920635,False,,False,False,True,0,True,True,True,0.0,True,True,2,2,94.24603174603175,EXTREME_BULLISH,True,True,True,False,True,False,False
1999-12-11,,,,,,1999-12-09,1999-12-10,100.0,1999-12-10,1999-12-11,85.71428571428572,False,,False,False,True,1,True,True,True,0.0,True,True,2,2,92.85714285714286,EXTREME_BULLISH,True,True,True,False,True,False,False
1999-12-12,,,,,,1999-12-09,1999-12-10,100.0,1999-12-10,1999-12-11,85.71428571428572,False,,False,False,True,2,True,True,True,1.0,True,True,2,2,92.85714285714286,EXTREME_BULLISH,True,True,True,False,True,False,False
1999-12-13,,,,,,1999-12-09,1999-12-10,100.0,1999-12-10,1999-12-11,85.71428571428572,False,,False,False,True,3,True,True,True,2.0,True,True,2,2,92.85714285714286,EXTREME_BULLISH,True,True,True,False,True,False,False
1999-12-14,,,,,,1999-12-09,1999-12-10,100.0,1999-12-13,1999-12-14,83.33333333333334,False,,False,False,True,4,True,True,True,0.0,True,True,2,2,91.66666666666667,EXTREME_BULLISH,True,True,True,False,True,False,False
1999-12-15,,,,,,1999-12-09,1999-12-10,100.0,1999-12-14,1999-12-15,64.68253968253967,False,,False,False,True,5,True,True,True,0.0,True,True,2,2,82.34126984126983,EXTREME_BULLISH,True,True,True,False,True,False,False
1999-12-16,,,,,,1999-12-09,1999-12-10,100.0,1999-12-15,1999-12-16,78.57142857142857,False,,False,False,True,6,True,True,True,0.0,True,True,2,2,89.28571428571428,EXTREME_BULLISH,True,True,True,False,True,False,False
1999-12-17,,,,,,1999-12-16,1999-12-17,88.46153846153845,1999-12-16,1999-12-17,79.76190476190476,False,,False,False,True,0,True,True,True,0.0,True,True,2,2,84.1117216117216,EXTREME_BULLISH,True,True,True,False,True,False,False
1999-12-18,,,,,,1999-12-16,1999-12-17,88.46153846153845,1999-12-17,1999-12-18,86.5079365079365,False,,False,False,True,1,True,True,True,0.0,True,True,2,2,87.48473748473748,EXTREME_BULLISH,True,True,True,False,True,False,False
1999-12-19,,,,,,1999-12-16,1999-12-17,88.46153846153845,1999-12-17,1999-12-18,86.5079365079365,False,,False,False,True,2,True,True,True,1.0,True,True,2,2,87.48473748473748,EXTREME_BULLISH,True,True,True,False,True,False,False
1999-12-20,,,,,,1999-12-16,1999-12-17,88.46153846153845,1999-12-17,1999-12-18,86.5079365079365,False,,False,False,True,3,True,True,True,2.0,True,True,2,2,87.48473748473748,EXTREME_BULLISH,True,True,True,False,True,False,False
1999-12-23,,,,,,1999-12-16,1999-12-17,88.46153846153845,1999-12-22,1999-12-23,72.22222222222223,False,,False,False,True,6,True,True,True,0.0,True,True,2,2,80.34188034188034,EXTREME_BULLISH,True,True,True,False,True,False,False
1999-12-24,,,,,,1999-12-23,1999-12-24,88.46153846153845,1999-12-23,1999-12-24,88.88888888888889,False,,False,False,True,0,True,True,True,0.0,True,True,2,2,88.67521367521367,EXTREME_BULLISH,True,True,True,False,True,False,False
1999-12-25,,,,,,1999-12-23,1999-12-24,88.46153846153845,1999-12-23,1999-12-24,88.88888888888889,False,,False,False,True,1,True,True,True,1.0,True,True,2,2,88.67521367521367,EXTREME_BULLISH,True,True,True,False,True,False,False
1999-12-26,,,,,,1999-12-23,1999-12-24,88.46153846153845,1999-12-23,1999-12-24,88.88888888888889,False,,False,False,True,2,True,True,True,2.0,True,True,2,2,88.67521367521367,EXTREME_BULLISH,True,True,True,False,True,False,False
1999-12-27,,,,,,1999-12-23,1999-12-24,88.46153846153845,1999-12-23,1999-12-24,88.88888888888889,False,,False,False,True,3,True,True,True,3.0,True,True,2,2,88.67521367521367,EXTREME_BULLISH,True,True,True,False,True,False,False
2000-01-08,,,,,,2000-01-06,2000-01-07,100.0,2000-01-07,2000-01-08,82.93650793650794,False,,False,False,True,1,True,True,True,0.0,True,True,2,2,91.46825396825398,EXTREME_BULLISH,True,True,True,False,True,False,False
2000-01-09,,,,,,2000-01-06,2000-01-07,100.0,2000-01-07,2000-01-08,82.93650793650794,False,,False,False,True,2,True,True,True,1.0,True,True,2,2,91.46825396825398,EXTREME_BULLISH,True,True,True,False,True,False,False
2000-01-10,,,,,,2000-01-06,2000-01-07,100.0,2000-01-07,2000-01-08,82.93650793650794,False,,False,False,True,3,True,True,True,2.0,True,True,2,2,91.46825396825398,EXTREME_BULLISH,True,True,True,False,True,False,False
2000-01-11,,,,,,2000-01-06,2000-01-07,100.0,2000-01-10,2000-01-11,83.33333333333334,False,,False,False,True,4,True,True,True,0.0,True,True,2,2,91.66666666666667,EXTREME_BULLISH,True,True,True,False,True,False,False
2000-01-12,,,,,,2000-01-06,2000-01-07,100.0,2000-01-11,2000-01-12,71.82539682539684,False,,False,False,True,5,True,True,True,0.0,True,True,2,2,85.91269841269842,EXTREME_BULLISH,True,True,True,False,True,False,False
2000-01-13,,,,,,2000-01-06,2000-01-07,100.0,2000-01-12,2000-01-13,65.87301587301587,False,,False,False,True,6,True,True,True,0.0,True,True,2,2,82.93650793650794,EXTREME_BULLISH,True,True,True,False,True,False,False
2000-01-14,,,,,,2000-01-13,2000-01-14,92.3076923076923,2000-01-13,2000-01-14,82.93650793650794,False,,False,False,True,0,True,True,True,0.0,True,True,2,2,87.62210012210012,EXTREME_BULLISH,True,True,True,False,True,False,False
2000-01-15,,,,,,2000-01-13,2000-01-14,92.3076923076923,2000-01-14,2000-01-15,96.82539682539682,False,,False,False,True,1,True,True,True,0.0,True,True,2,2,94.56654456654456,EXTREME_BULLISH,True,True,True,False,True,False,False
2000-01-16,,,,,,2000-01-13,2000-01-14,92.3076923076923,2000-01-14,2000-01-15,96.82539682539682,False,,False,False,True,2,True,True,True,1.0,True,True,2,2,94.56654456654456,EXTREME_BULLISH,True,True,True,False,True,False,False
2000-01-17,,,,,,2000-01-13,2000-01-14,92.3076923076923,2000-01-14,2000-01-15,96.82539682539682,False,,False,False,True,3,True,True,True,2.0,True,True,2,2,94.56654456654456,EXTREME_BULLISH,True,True,True,False,True,False,False
2000-01-18,,,,,,2000-01-13,2000-01-14,92.3076923076923,2000-01-14,2000-01-15,96.82539682539682,False,,False,False,True,4,True,True,True,3.0,True,True,2,2,94.56654456654456,EXTREME_BULLISH,True,True,True,False,True,False,False
2000-01-19,,,,,,2000-01-13,2000-01-14,92.3076923076923,2000-01-18,2000-01-19,84.92063492063492,False,,False,False,True,5,True,True,True,0.0,True,True,2,2,88.61416361416362,EXTREME_BULLISH,True,True,True,False,True,False,False
2000-01-20,,,,,,2000-01-13,2000-01-14,92.3076923076923,2000-01-19,2000-01-20,80.95238095238095,False,,False,False,True,6,True,True,True,0.0,True,True,2,2,86.63003663003663,EXTREME_BULLISH,True,True,True,False,True,False,False
2000-01-21,,,,,,2000-01-20,2000-01-21,88.46153846153845,2000-01-20,2000-01-21,80.15873015873017,False,,False,False,True,0,True,True,True,0.0,True,True,2,2,84.31013431013432,EXTREME_BULLISH,True,True,True,False,True,False,False
2000-01-22,,,,,,2000-01-20,2000-01-21,88.46153846153845,2000-01-21,2000-01-22,90.87301587301587,False,,False,False,True,1,True,True,True,0.0,True,True,2,2,89.66727716727716,EXTREME_BULLISH,True,True,True,False,True,False,False
2000-01-23,,,,,,2000-01-20,2000-01-21,88.46153846153845,2000-01-21,2000-01-22,90.87301587301587,False,,False,False,True,2,True,True,True,1.0,True,True,2,2,89.66727716727716,EXTREME_BULLISH,True,True,True,False,True,False,False
2000-01-24,,,,,,2000-01-20,2000-01-21,88.46153846153845,2000-01-21,2000-01-22,90.87301587301587,False,,False,False,True,3,True,True,True,2.0,True,True,2,2,89.66727716727716,EXTREME_BULLISH,True,True,True,False,True,False,False
2000-02-19,,,,,,2000-02-17,2000-02-18,7.6923076923076925,2000-02-18,2000-02-19,17.063492063492063,False,,False,False,True,1,True,True,True,0.0,True,True,2,2,12.377899877899878,EXTREME_BEARISH,True,True,True,False,True,False,False
2000-02-20,,,,,,2000-02-17,2000-02-18,7.6923076923076925,2000-02-18,2000-02-19,17.063492063492063,False,,False,False,True,2,True,True,True,1.0,True,True,2,2,12.377899877899878,EXTREME_BEARISH,True,True,True,False,True,False,False
2000-02-21,,,,,,2000-02-17,2000-02-18,7.6923076923076925,2000-02-18,2000-02-19,17.063492063492063,False,,False,False,True,3,True,True,True,2.0,True,True,2,2,12.377899877899878,EXTREME_BEARISH,True,True,True,False,True,False,False
2000-02-22,,,,,,2000-02-17,2000-02-18,7.6923076923076925,2000-02-18,2000-02-19,17.063492063492063,False,,False,False,True,4,True,True,True,3.0,True,True,2,2,12.377899877899878,EXTREME_BEARISH,True,True,True,False,True,False,False
2000-02-23,,,,,,2000-02-17,2000-02-18,7.6923076923076925,2000-02-22,2000-02-23,18.650793650793645,False,,False,False,True,5,True,True,True,0.0,True,True,2,2,13.17155067155067,EXTREME_BEARISH,True,True,True,False,True,False,False
2000-03-10,,,,,,2000-03-08,2000-03-09,92.3076923076923,2000-03-09,2000-03-10,69.44444444444444,False,,False,False,True,1,True,True,True,0.0,True,True,2,2,80.87606837606837,EXTREME_BULLISH,True,True,True,False,True,False,False
2000-03-11,,,,,,2000-03-08,2000-03-09,92.3076923076923,2000-03-10,2000-03-11,86.11111111111111,False,,False,False,True,2,True,True,True,0.0,True,True,2,2,89.2094017094017,EXTREME_BULLISH,True,True,True,False,True,False,False
2000-03-12,,,,,,2000-03-08,2000-03-09,92.3076923076923,2000-03-10,2000-03-11,86.11111111111111,False,,False,False,True,3,True,True,True,1.0,True,True,2,2,89.2094017094017,EXTREME_BULLISH,True,True,True,False,True,False,False
2000-03-13,,,,,,2000-03-08,2000-03-09,92.3076923076923,2000-03-10,2000-03-11,86.11111111111111,False,,False,False,True,4,True,True,True,2.0,True,True,2,2,89.2094017094017,EXTREME_BULLISH,True,True,True,False,True,False,False
2000-03-24,,,,,,2000-03-23,2000-03-24,94.23076923076924,2000-03-23,2000-03-24,66.66666666666667,False,,False,False,True,0,True,True,True,0.0,True,True,2,2,80.44871794871796,EXTREME_BULLISH,True,True,True,False,True,False,False
2000-03-31,,,,,,2000-03-30,2000-03-31,1.9230769230769231,2000-03-30,2000-03-31,17.063492063492063,False,,False,False,True,0,True,True,True,0.0,True,True,2,2,9.493284493284493,EXTREME_BEARISH,True,True,True,False,True,False,False
2000-04-01,,,,,,2000-03-30,2000-03-31,1.9230769230769231,2000-03-31,2000-04-01,35.317460317460316,False,,False,False,True,1,True,True,True,0.0,True,True,2,2,18.620268620268618,EXTREME_BEARISH,True,True,True,False,True,False,False
2000-04-02,,,,,,2000-03-30,2000-03-31,1.9230769230769231,2000-03-31,2000-04-01,35.317460317460316,False,,False,False,True,2,True,True,True,1.0,True,True,2,2,18.620268620268618,EXTREME_BEARISH,True,True,True,False,True,False,False
2000-04-03,,,,,,2000-03-30,2000-03-31,1.9230769230769231,2000-03-31,2000-04-01,35.317460317460316,False,,False,False,True,3,True,True,True,2.0,True,True,2,2,18.620268620268618,EXTREME_BEARISH,True,True,True,False,True,False,False
2000-04-04,,,,,,2000-03-30,2000-03-31,1.9230769230769231,2000-04-03,2000-04-04,36.50793650793651,False,,False,False,True,4,True,True,True,0.0,True,True,2,2,19.215506715506717,EXTREME_BEARISH,True,True,True,False,True,False,False
2000-04-05,,,,,,2000-03-30,2000-03-31,1.9230769230769231,2000-04-04,2000-04-05,5.555555555555557,False,,False,False,True,5,True,True,True,0.0,True,True,2,2,3.7393162393162402,EXTREME_BEARISH,True,True,True,False,True,False,False
2000-04-06,,,,,,2000-03-30,2000-03-31,1.9230769230769231,2000-04-05,2000-04-06,1.190476190476204,False,,False,False,True,6,True,True,True,0.0,True,True,2,2,1.5567765567765637,EXTREME_BEARISH,True,True,True,False,True,False,False
2000-05-05,,,,,,2000-05-04,2000-05-05,9.615384615384617,2000-05-04,2000-05-05,0.7936507936507837,False,,False,False,True,0,True,True,True,0.0,True,True,2,2,5.2045177045177,EXTREME_BEARISH,True,True,True,False,True,False,False
2000-05-06,,,,,,2000-05-04,2000-05-05,9.615384615384617,2000-05-05,2000-05-06,7.142857142857139,False,,False,False,True,1,True,True,True,0.0,True,True,2,2,8.379120879120878,EXTREME_BEARISH,True,True,True,False,True,False,False
2000-05-07,,,,,,2000-05-04,2000-05-05,9.615384615384617,2000-05-05,2000-05-06,7.142857142857139,False,,False,False,True,2,True,True,True,1.0,True,True,2,2,8.379120879120878,EXTREME_BEARISH,True,True,True,False,True,False,False
2000-05-08,,,,,,2000-05-04,2000-05-05,9.615384615384617,2000-05-05,2000-05-06,7.142857142857139,False,,False,False,True,3,True,True,True,2.0,True,True,2,2,8.379120879120878,EXTREME_BEARISH,True,True,True,False,True,False,False
2000-05-09,,,,,,2000-05-04,2000-05-05,9.615384615384617,2000-05-08,2000-05-09,4.365079365079353,False,,False,False,True,4,True,True,True,0.0,True,True,2,2,6.990231990231985,EXTREME_BEARISH,True,True,True,False,True,False,False
2000-05-10,,,,,,2000-05-04,2000-05-05,9.615384615384617,2000-05-09,2000-05-10,2.3809523809523796,False,,False,False,True,5,True,True,True,0.0,True,True,2,2,5.998168498168498,EXTREME_BEARISH,True,True,True,False,True,False,False
2000-05-11,,,,,,2000-05-04,2000-05-05,9.615384615384617,2000-05-10,2000-05-11,1.190476190476204,False,,False,False,True,6,True,True,True,0.0,True,True,2,2,5.40293040293041,EXTREME_BEARISH,True,True,True,False,True,False,False
2000-05-12,,,,,,2000-05-11,2000-05-12,15.384615384615383,2000-05-11,2000-05-12,7.142857142857139,False,,False,False,True,0,True,True,True,0.0,True,True,2,2,11.263736263736261,EXTREME_BEARISH,True,True,True,False,True,False,False
2000-05-13,,,,,,2000-05-11,2000-05-12,15.384615384615383,2000-05-12,2000-05-13,19.841269841269835,False,,False,False,True,1,True,True,True,0.0,True,True,2,2,17.61294261294261,EXTREME_BEARISH,True,True,True,False,True,False,False
2000-05-14,,,,,,2000-05-11,2000-05-12,15.384615384615383,2000-05-12,2000-05-13,19.841269841269835,False,,False,False,True,2,True,True,True,1.0,True,True,2,2,17.61294261294261,EXTREME_BEARISH,True,True,True,False,True,False,False
2000-05-15,,,,,,2000-05-11,2000-05-12,15.384615384615383,2000-05-12,2000-05-13,19.841269841269835,False,,False,False,True,3,True,True,True,2.0,True,True,2,2,17.61294261294261,EXTREME_BEARISH,True,True,True,False,True,False,False
2000-05-20,,,,,,2000-05-18,2000-05-19,3.8461538461538463,2000-05-19,2000-05-20,24.206349206349216,False,,False,False,True,1,True,True,True,0.0,True,True,2,2,14.026251526251531,EXTREME_BEARISH,True,True,True,False,True,False,False
2000-05-21,,,,,,2000-05-18,2000-05-19,3.8461538461538463,2000-05-19,2000-05-20,24.206349206349216,False,,False,False,True,2,True,True,True,1.0,True,True,2,2,14.026251526251531,EXTREME_BEARISH,True,True,True,False,True,False,False
2000-05-22,,,,,,2000-05-18,2000-05-19,3.8461538461538463,2000-05-19,2000-05-20,24.206349206349216,False,,False,False,True,3,True,True,True,2.0,True,True,2,2,14.026251526251531,EXTREME_BEARISH,True,True,True,False,True,False,False
2000-05-23,,,,,,2000-05-18,2000-05-19,3.8461538461538463,2000-05-22,2000-05-23,19.444444444444443,False,,False,False,True,4,True,True,True,0.0,True,True,2,2,11.645299145299145,EXTREME_BEARISH,True,True,True,False,True,False,False
2000-05-24,,,,,,2000-05-18,2000-05-19,3.8461538461538463,2000-05-23,2000-05-24,21.825396825396822,False,,False,False,True,5,True,True,True,0.0,True,True,2,2,12.835775335775335,EXTREME_BEARISH,True,True,True,False,True,False,False
2000-05-26,,,,,,2000-05-25,2000-05-26,5.769230769230769,2000-05-25,2000-05-26,31.746031746031747,False,,False,False,True,0,True,True,True,0.0,True,True,2,2,18.757631257631257,EXTREME_BEARISH,True,True,True,False,True,False,False
2000-05-27,,,,,,2000-05-25,2000-05-26,5.769230769230769,2000-05-26,2000-05-27,33.33333333333334,False,,False,False,True,1,True,True,True,0.0,True,True,2,2,19.551282051282055,EXTREME_BEARISH,True,True,True,False,True,False,False
2000-05-28,,,,,,2000-05-25,2000-05-26,5.769230769230769,2000-05-26,2000-05-27,33.33333333333334,False,,False,False,True,2,True,True,True,1.0,True,True,2,2,19.551282051282055,EXTREME_BEARISH,True,True,True,False,True,False,False
2000-05-29,,,,,,2000-05-25,2000-05-26,5.769230769230769,2000-05-26,2000-05-27,33.33333333333334,False,,False,False,True,3,True,True,True,2.0,True,True,2,2,19.551282051282055,EXTREME_BEARISH,True,True,True,False,True,False,False
2000-05-30,,,,,,2000-05-25,2000-05-26,5.769230769230769,2000-05-26,2000-05-27,33.33333333333334,False,,False,False,True,4,True,True,True,3.0,True,True,2,2,19.551282051282055,EXTREME_BEARISH,True,True,True,False,True,False,False
2000-06-15,,,,,,2000-06-08,2000-06-09,80.76923076923077,2000-06-14,2000-06-15,82.14285714285714,False,,False,False,True,6,True,True,True,0.0,True,True,2,2,81.45604395604396,EXTREME_BULLISH,True,True,True,False,True,False,False
2000-07-07,,,,,,2000-07-06,2000-07-07,82.6923076923077,2000-07-06,2000-07-07,87.6984126984127,False,,False,False,True,0,True,True,True,0.0,True,True,2,2,85.1953601953602,EXTREME_BULLISH,True,True,True,False,True,False,False
2000-07-08,,,,,,2000-07-06,2000-07-07,82.6923076923077,2000-07-07,2000-07-08,97.22222222222223,False,,False,False,True,1,True,True,True,0.0,True,True,2,2,89.95726495726495,EXTREME_BULLISH,True,True,True,False,True,False,False
2000-07-09,,,,,,2000-07-06,2000-07-07,82.6923076923077,2000-07-07,2000-07-08,97.22222222222223,False,,False,False,True,2,True,True,True,1.0,True,True,2,2,89.95726495726495,EXTREME_BULLISH,True,True,True,False,True,False,False
2000-07-10,,,,,,2000-07-06,2000-07-07,82.6923076923077,2000-07-07,2000-07-08,97.22222222222223,False,,False,False,True,3,True,True,True,2.0,True,True,2,2,89.95726495726495,EXTREME_BULLISH,True,True,True,False,True,False,False
2000-07-11,,,,,,2000-07-06,2000-07-07,82.6923076923077,2000-07-10,2000-07-11,92.46031746031746,False,,False,False,True,4,True,True,True,0.0,True,True,2,2,87.57631257631257,EXTREME_BULLISH,True,True,True,False,True,False,False
2000-07-12,,,,,,2000-07-06,2000-07-07,82.6923076923077,2000-07-11,2000-07-12,93.65079365079364,False,,False,False,True,5,True,True,True,0.0,True,True,2,2,88.17155067155068,EXTREME_BULLISH,True,True,True,False,True,False,False
2000-07-13,,,,,,2000-07-06,2000-07-07,82.6923076923077,2000-07-12,2000-07-13,94.04761904761905,False,,False,False,True,6,True,True,True,0.0,True,True,2,2,88.36996336996337,EXTREME_BULLISH,True,True,True,False,True,False,False
2000-07-14,,,,,,2000-07-13,2000-07-14,90.3846153846154,2000-07-13,2000-07-14,94.04761904761905,False,,False,False,True,0,True,True,True,0.0,True,True,2,2,92.21611721611723,EXTREME_BULLISH,True,True,True,False,True,False,False
2000-07-15,,,,,,2000-07-13,2000-07-14,90.3846153846154,2000-07-14,2000-07-15,97.22222222222223,False,,False,False,True,1,True,True,True,0.0,True,True,2,2,93.80341880341882,EXTREME_BULLISH,True,True,True,False,True,False,False
2000-07-16,,,,,,2000-07-13,2000-07-14,90.3846153846154,2000-07-14,2000-07-15,97.22222222222223,False,,False,False,True,2,True,True,True,1.0,True,True,2,2,93.80341880341882,EXTREME_BULLISH,True,True,True,False,True,False,False
2000-07-17,,,,,,2000-07-13,2000-07-14,90.3846153846154,2000-07-14,2000-07-15,97.22222222222223,False,,False,False,True,3,True,True,True,2.0,True,True,2,2,93.80341880341882,EXTREME_BULLISH,True,True,True,False,True,False,False
2000-07-18,,,,,,2000-07-13,2000-07-14,90.3846153846154,2000-07-17,2000-07-18,97.22222222222223,False,,False,False,True,4,True,True,True,0.0,True,True,2,2,93.80341880341882,EXTREME_BULLISH,True,True,True,False,True,False,False
2000-07-19,,,,,,2000-07-13,2000-07-14,90.3846153846154,2000-07-18,2000-07-19,96.03174603174604,False,,False,False,True,5,True,True,True,0.0,True,True,2,2,93.20818070818072,EXTREME_BULLISH,True,True,True,False,True,False,False
2000-07-20,,,,,,2000-07-13,2000-07-14,90.3846153846154,2000-07-19,2000-07-20,96.82539682539682,False,,False,False,True,6,True,True,True,0.0,True,True,2,2,93.60500610500611,EXTREME_BULLISH,True,True,True,False,True,False,False
2000-07-21,,,,,,2000-07-20,2000-07-21,98.07692307692308,2000-07-20,2000-07-21,99.60317460317461,False,,False,False,True,0,True,True,True,0.0,True,True,2,2,98.84004884004884,EXTREME_BULLISH,True,True,True,False,True,False,False
2000-07-22,,,,,,2000-07-20,2000-07-21,98.07692307692308,2000-07-21,2000-07-22,99.2063492063492,False,,False,False,True,1,True,True,True,0.0,True,True,2,2,98.64163614163614,EXTREME_BULLISH,True,True,True,False,True,False,False
2000-07-23,,,,,,2000-07-20,2000-07-21,98.07692307692308,2000-07-21,2000-07-22,99.2063492063492,False,,False,False,True,2,True,True,True,1.0,True,True,2,2,98.64163614163614,EXTREME_BULLISH,True,True,True,False,True,False,False
2000-07-24,,,,,,2000-07-20,2000-07-21,98.07692307692308,2000-07-21,2000-07-22,99.2063492063492,False,,False,False,True,3,True,True,True,2.0,True,True,2,2,98.64163614163614,EXTREME_BULLISH,True,True,True,False,True,False,False
2000-07-25,,,,,,2000-07-20,2000-07-21,98.07692307692308,2000-07-24,2000-07-25,93.65079365079364,False,,False,False,True,4,True,True,True,0.0,True,True,2,2,95.86385836385836,EXTREME_BULLISH,True,True,True,False,True,False,False
2000-07-26,,,,,,2000-07-20,2000-07-21,98.07692307692308,2000-07-25,2000-07-26,96.82539682539682,False,,False,False,True,5,True,True,True,0.0,True,True,2,2,97.45115995115995,EXTREME_BULLISH,True,True,True,False,True,False,False
2000-07-27,,,,,,2000-07-20,2000-07-21,98.07692307692308,2000-07-26,2000-07-27,94.84126984126985,False,,False,False,True,6,True,True,True,0.0,True,True,2,2,96.45909645909646,EXTREME_BULLISH,True,True,True,False,True,False,False
2000-08-11,,,,,,2000-08-10,2000-08-11,84.61538461538461,2000-08-10,2000-08-11,96.82539682539682,False,,False,False,True,0,True,True,True,0.0,True,True,2,2,90.72039072039072,EXTREME_BULLISH,True,True,True,False,True,False,False
2000-08-12,,,,,,2000-08-10,2000-08-11,84.61538461538461,2000-08-11,2000-08-12,99.60317460317461,False,,False,False,True,1,True,True,True,0.0,True,True,2,2,92.10927960927961,EXTREME_BULLISH,True,True,True,False,True,False,False
2000-08-13,,,,,,2000-08-10,2000-08-11,84.61538461538461,2000-08-11,2000-08-12,99.60317460317461,False,,False,False,True,2,True,True,True,1.0,True,True,2,2,92.10927960927961,EXTREME_BULLISH,True,True,True,False,True,False,False
2000-08-14,,,,,,2000-08-10,2000-08-11,84.61538461538461,2000-08-11,2000-08-12,99.60317460317461,False,,False,False,True,3,True,True,True,2.0,True,True,2,2,92.10927960927961,EXTREME_BULLISH,True,True,True,False,True,False,False
2000-08-15,,,,,,2000-08-10,2000-08-11,84.61538461538461,2000-08-14,2000-08-15,99.60317460317461,False,,False,False,True,4,True,True,True,0.0,True,True,2,2,92.10927960927961,EXTREME_BULLISH,True,True,True,False,True,False,False
2000-08-16,,,,,,2000-08-10,2000-08-11,84.61538461538461,2000-08-15,2000-08-16,99.2063492063492,False,,False,False,True,5,True,True,True,0.0,True,True,2,2,91.9108669108669,EXTREME_BULLISH,True,True,True,False,True,False,False
2000-08-17,,,,,,2000-08-10,2000-08-11,84.61538461538461,2000-08-16,2000-08-17,98.80952380952381,False,,False,False,True,6,True,True,True,0.0,True,True,2,2,91.71245421245422,EXTREME_BULLISH,True,True,True,False,True,False,False
2000-08-18,,,,,,2000-08-17,2000-08-18,76.92307692307693,2000-08-17,2000-08-18,99.60317460317461,False,,False,False,True,0,True,True,True,0.0,True,True,2,2,88.26312576312577,EXTREME_BULLISH,True,True,True,False,True,False,False
2000-08-19,,,,,,2000-08-17,2000-08-18,76.92307692307693,2000-08-18,2000-08-19,99.60317460317461,False,,False,False,True,1,True,True,True,0.0,True,True,2,2,88.26312576312577,EXTREME_BULLISH,True,True,True,False,True,False,False
2000-08-20,,,,,,2000-08-17,2000-08-18,76.92307692307693,2000-08-18,2000-08-19,99.60317460317461,False,,False,False,True,2,True,True,True,1.0,True,True,2,2,88.26312576312577,EXTREME_BULLISH,True,True,True,False,True,False,False
2000-08-21,,,,,,2000-08-17,2000-08-18,76.92307692307693,2000-08-18,2000-08-19,99.60317460317461,False,,False,False,True,3,True,True,True,2.0,True,True,2,2,88.26312576312577,EXTREME_BULLISH,True,True,True,False,True,False,False
2000-08-22,,,,,,2000-08-17,2000-08-18,76.92307692307693,2000-08-21,2000-08-22,99.2063492063492,False,,False,False,True,4,True,True,True,0.0,True,True,2,2,88.06471306471306,EXTREME_BULLISH,True,True,True,False,True,False,False
2000-08-23,,,,,,2000-08-17,2000-08-18,76.92307692307693,2000-08-22,2000-08-23,98.80952380952381,False,,False,False,True,5,True,True,True,0.0,True,True,2,2,87.86630036630038,EXTREME_BULLISH,True,True,True,False,True,False,False
2000-08-24,,,,,,2000-08-23,2000-08-24,65.38461538461539,2000-08-23,2000-08-24,98.80952380952381,False,,False,False,True,0,True,True,True,0.0,True,True,2,2,82.0970695970696,EXTREME_BULLISH,True,True,True,False,True,False,False
2000-08-25,,,,,,2000-08-23,2000-08-24,65.38461538461539,2000-08-24,2000-08-25,99.60317460317461,False,,False,False,True,1,True,True,True,0.0,True,True,2,2,82.493894993895,EXTREME_BULLISH,True,True,True,False,True,False,False
2000-08-26,,,,,,2000-08-23,2000-08-24,65.38461538461539,2000-08-25,2000-08-26,99.60317460317461,False,,False,False,True,2,True,True,True,0.0,True,True,2,2,82.493894993895,EXTREME_BULLISH,True,True,True,False,True,False,False
2000-08-27,,,,,,2000-08-23,2000-08-24,65.38461538461539,2000-08-25,2000-08-26,99.60317460317461,False,,False,False,True,3,True,True,True,1.0,True,True,2,2,82.493894993895,EXTREME_BULLISH,True,True,True,False,True,False,False
2000-08-28,,,,,,2000-08-23,2000-08-24,65.38461538461539,2000-08-25,2000-08-26,99.60317460317461,False,,False,False,True,4,True,True,True,2.0,True,True,2,2,82.493894993895,EXTREME_BULLISH,True,True,True,False,True,False,False
2000-08-29,,,,,,2000-08-23,2000-08-24,65.38461538461539,2000-08-28,2000-08-29,99.2063492063492,False,,False,False,True,5,True,True,True,0.0,True,True,2,2,82.29548229548229,EXTREME_BULLISH,True,True,True,False,True,False,False
2000-08-30,,,,,,2000-08-23,2000-08-24,65.38461538461539,2000-08-29,2000-08-30,98.80952380952381,False,,False,False,True,6,True,True,True,0.0,True,True,2,2,82.0970695970696,EXTREME_BULLISH,True,True,True,False,True,False,False
2000-08-31,,,,,,2000-08-23,2000-08-24,65.38461538461539,2000-08-30,2000-08-31,96.03174603174604,False,,False,False,True,7,True,True,True,0.0,True,True,2,2,80.70818070818072,EXTREME_BULLISH,True,True,True,False,True,False,False
2000-09-01,,,,,,2000-08-31,2000-09-01,69.23076923076923,2000-08-31,2000-09-01,98.80952380952381,False,,False,False,True,0,True,True,True,0.0,True,True,2,2,84.02014652014651,EXTREME_BULLISH,True,True,True,False,True,False,False
2000-09-02,,,,,,2000-08-31,2000-09-01,69.23076923076923,2000-09-01,2000-09-02,95.63492063492063,False,,False,False,True,1,True,True,True,0.0,True,True,2,2,82.43284493284493,EXTREME_BULLISH,True,True,True,False,True,False,False
2000-09-03,,,,,,2000-08-31,2000-09-01,69.23076923076923,2000-09-01,2000-09-02,95.63492063492063,False,,False,False,True,2,True,True,True,1.0,True,True,2,2,82.43284493284493,EXTREME_BULLISH,True,True,True,False,True,False,False
2000-09-04,,,,,,2000-08-31,2000-09-01,69.23076923076923,2000-09-01,2000-09-02,95.63492063492063,False,,False,False,True,3,True,True,True,2.0,True,True,2,2,82.43284493284493,EXTREME_BULLISH,True,True,True,False,True,False,False
2000-09-05,,,,,,2000-08-31,2000-09-01,69.23076923076923,2000-09-01,2000-09-02,95.63492063492063,False,,False,False,True,4,True,True,True,3.0,True,True,2,2,82.43284493284493,EXTREME_BULLISH,True,True,True,False,True,False,False
2000-09-08,,,,,,2000-09-07,2000-09-08,96.15384615384616,2000-09-07,2000-09-08,88.0952380952381,False,,False,False,True,0,True,True,True,0.0,True,True,2,2,92.12454212454213,EXTREME_BULLISH,True,True,True,False,True,False,False
2000-09-09,,,,,,2000-09-07,2000-09-08,96.15384615384616,2000-09-08,2000-09-09,93.65079365079364,False,,False,False,True,1,True,True,True,0.0,True,True,2,2,94.9023199023199,EXTREME_BULLISH,True,True,True,False,True,False,False
2000-09-10,,,,,,2000-09-07,2000-09-08,96.15384615384616,2000-09-08,2000-09-09,93.65079365079364,False,,False,False,True,2,True,True,True,1.0,True,True,2,2,94.9023199023199,EXTREME_BULLISH,True,True,True,False,True,False,False
2000-09-11,,,,,,2000-09-07,2000-09-08,96.15384615384616,2000-09-08,2000-09-09,93.65079365079364,False,,False,False,True,3,True,True,True,2.0,True,True,2,2,94.9023199023199,EXTREME_BULLISH,True,True,True,False,True,False,False
2000-09-12,,,,,,2000-09-07,2000-09-08,96.15384615384616,2000-09-11,2000-09-12,93.65079365079364,False,,False,False,True,4,True,True,True,0.0,True,True,2,2,94.9023199023199,EXTREME_BULLISH,True,True,True,False,True,False,False
2000-09-13,,,,,,2000-09-07,2000-09-08,96.15384615384616,2000-09-12,2000-09-13,92.46031746031746,False,,False,False,True,5,True,True,True,0.0,True,True,2,2,94.3070818070818,EXTREME_BULLISH,True,True,True,False,True,False,False
2000-09-14,,,,,,2000-09-07,2000-09-08,96.15384615384616,2000-09-13,2000-09-14,93.65079365079364,False,,False,False,True,6,True,True,True,0.0,True,True,2,2,94.9023199023199,EXTREME_BULLISH,True,True,True,False,True,False,False
2000-09-29,,,,,,2000-09-28,2000-09-29,88.46153846153845,2000-09-28,2000-09-29,84.92063492063492,False,,False,False,True,0,True,True,True,0.0,True,True,2,2,86.6910866910867,EXTREME_BULLISH,True,True,True,False,True,False,False
2000-09-30,,,,,,2000-09-28,2000-09-29,88.46153846153845,2000-09-29,2000-09-30,73.8095238095238,False,,False,False,True,1,True,True,True,0.0,True,True,2,2,81.13553113553112,EXTREME_BULLISH,True,True,True,False,True,False,False
2000-10-01,,,,,,2000-09-28,2000-09-29,88.46153846153845,2000-09-29,2000-09-30,73.8095238095238,False,,False,False,True,2,True,True,True,1.0,True,True,2,2,81.13553113553112,EXTREME_BULLISH,True,True,True,False,True,False,False
2000-10-02,,,,,,2000-09-28,2000-09-29,88.46153846153845,2000-09-29,2000-09-30,73.8095238095238,False,,False,False,True,3,True,True,True,2.0,True,True,2,2,81.13553113553112,EXTREME_BULLISH,True,True,True,False,True,False,False
2000-10-12,,,,,,2000-10-05,2000-10-06,28.846153846153843,2000-10-11,2000-10-12,8.73015873015872,False,,False,False,True,6,True,True,True,0.0,True,True,2,2,18.78815628815628,EXTREME_BEARISH,True,True,True,False,True,False,False
2000-10-13,,,,,,2000-10-12,2000-10-13,17.307692307692307,2000-10-12,2000-10-13,1.190476190476204,False,,False,False,True,0,True,True,True,0.0,True,True,2,2,9.249084249084255,EXTREME_BEARISH,True,True,True,False,True,False,False
2000-10-14,,,,,,2000-10-12,2000-10-13,17.307692307692307,2000-10-13,2000-10-14,5.952380952380963,False,,False,False,True,1,True,True,True,0.0,True,True,2,2,11.630036630036635,EXTREME_BEARISH,True,True,True,False,True,False,False
2000-10-15,,,,,,2000-10-12,2000-10-13,17.307692307692307,2000-10-13,2000-10-14,5.952380952380963,False,,False,False,True,2,True,True,True,1.0,True,True,2,2,11.630036630036635,EXTREME_BEARISH,True,True,True,False,True,False,False
2000-10-16,,,,,,2000-10-12,2000-10-13,17.307692307692307,2000-10-13,2000-10-14,5.952380952380963,False,,False,False,True,3,True,True,True,2.0,True,True,2,2,11.630036630036635,EXTREME_BEARISH,True,True,True,False,True,False,False
2000-10-17,,,,,,2000-10-12,2000-10-13,17.307692307692307,2000-10-16,2000-10-17,9.126984126984127,False,,False,False,True,4,True,True,True,0.0,True,True,2,2,13.217338217338217,EXTREME_BEARISH,True,True,True,False,True,False,False
2000-10-18,,,,,,2000-10-12,2000-10-13,17.307692307692307,2000-10-17,2000-10-18,4.761904761904759,False,,False,False,True,5,True,True,True,0.0,True,True,2,2,11.034798534798533,EXTREME_BEARISH,True,True,True,False,True,False,False
2000-10-19,,,,,,2000-10-12,2000-10-13,17.307692307692307,2000-10-18,2000-10-19,3.571428571428555,False,,False,False,True,6,True,True,True,0.0,True,True,2,2,10.439560439560431,EXTREME_BEARISH,True,True,True,False,True,False,False
2000-11-24,,,,,,2000-11-23,2000-11-24,11.538461538461538,2000-11-22,2000-11-23,7.142857142857139,False,,False,False,True,0,True,True,True,1.0,True,True,2,2,9.34065934065934,EXTREME_BEARISH,True,True,True,False,True,False,False
2000-11-25,,,,,,2000-11-23,2000-11-24,11.538461538461538,2000-11-24,2000-11-25,17.063492063492063,False,,False,False,True,1,True,True,True,0.0,True,True,2,2,14.300976800976802,EXTREME_BEARISH,True,True,True,False,True,False,False
2000-11-26,,,,,,2000-11-23,2000-11-24,11.538461538461538,2000-11-24,2000-11-25,17.063492063492063,False,,False,False,True,2,True,True,True,1.0,True,True,2,2,14.300976800976802,EXTREME_BEARISH,True,True,True,False,True,False,False
2000-11-27,,,,,,2000-11-23,2000-11-24,11.538461538461538,2000-11-24,2000-11-25,17.063492063492063,False,,False,False,True,3,True,True,True,2.0,True,True,2,2,14.300976800976802,EXTREME_BEARISH,True,True,True,False,True,False,False
2000-11-28,,,,,,2000-11-23,2000-11-24,11.538461538461538,2000-11-27,2000-11-28,11.904761904761912,False,,False,False,True,4,True,True,True,0.0,True,True,2,2,11.721611721611726,EXTREME_BEARISH,True,True,True,False,True,False,False
2000-11-29,,,,,,2000-11-23,2000-11-24,11.538461538461538,2000-11-28,2000-11-29,7.5396825396825164,False,,False,False,True,5,True,True,True,0.0,True,True,2,2,9.539072039072028,EXTREME_BEARISH,True,True,True,False,True,False,False
2000-11-30,,,,,,2000-11-23,2000-11-24,11.538461538461538,2000-11-29,2000-11-30,8.73015873015872,False,,False,False,True,6,True,True,True,0.0,True,True,2,2,10.13431013431013,EXTREME_BEARISH,True,True,True,False,True,False,False
2000-12-22,,,,,,2000-12-21,2000-12-22,1.9230769230769231,2000-12-21,2000-12-22,2.3809523809523796,False,,False,False,True,0,True,True,True,0.0,True,True,2,2,2.1520146520146515,EXTREME_BEARISH,True,True,True,False,True,False,False
2000-12-23,,,,,,2000-12-21,2000-12-22,1.9230769230769231,2000-12-22,2000-12-23,10.317460317460316,False,,False,False,True,1,True,True,True,0.0,True,True,2,2,6.12026862026862,EXTREME_BEARISH,True,True,True,False,True,False,False
2000-12-24,,,,,,2000-12-21,2000-12-22,1.9230769230769231,2000-12-22,2000-12-23,10.317460317460316,False,,False,False,True,2,True,True,True,1.0,True,True,2,2,6.12026862026862,EXTREME_BEARISH,True,True,True,False,True,False,False
2000-12-25,,,,,,2000-12-21,2000-12-22,1.9230769230769231,2000-12-22,2000-12-23,10.317460317460316,False,,False,False,True,3,True,True,True,2.0,True,True,2,2,6.12026862026862,EXTREME_BEARISH,True,True,True,False,True,False,False
2000-12-26,,,,,,2000-12-21,2000-12-22,1.9230769230769231,2000-12-22,2000-12-23,10.317460317460316,False,,False,False,True,4,True,True,True,3.0,True,True,2,2,6.12026862026862,EXTREME_BEARISH,True,True,True,False,True,False,False
2000-12-27,,,,,,2000-12-21,2000-12-22,1.9230769230769231,2000-12-26,2000-12-27,5.158730158730165,False,,False,False,True,5,True,True,True,0.0,True,True,2,2,3.5409035409035443,EXTREME_BEARISH,True,True,True,False,True,False,False
2000-12-28,,,,,,2000-12-21,2000-12-22,1.9230769230769231,2000-12-27,2000-12-28,7.936507936507937,False,,False,False,True,6,True,True,True,0.0,True,True,2,2,4.92979242979243,EXTREME_BEARISH,True,True,True,False,True,False,False
2000-12-29,,,,,,2000-12-28,2000-12-29,21.15384615384616,2000-12-28,2000-12-29,18.650793650793645,False,,False,False,True,0,True,True,True,0.0,True,True,2,2,19.902319902319903,EXTREME_BEARISH,True,True,True,False,True,False,False
2000-12-30,,,,,,2000-12-28,2000-12-29,21.15384615384616,2000-12-29,2000-12-30,17.063492063492063,False,,False,False,True,1,True,True,True,0.0,True,True,2,2,19.108669108669112,EXTREME_BEARISH,True,True,True,False,True,False,False
2000-12-31,,,,,,2000-12-28,2000-12-29,21.15384615384616,2000-12-29,2000-12-30,17.063492063492063,False,,False,False,True,2,True,True,True,1.0,True,True,2,2,19.108669108669112,EXTREME_BEARISH,True,True,True,False,True,False,False
2001-01-01,,,,,,2000-12-28,2000-12-29,21.15384615384616,2000-12-29,2000-12-30,17.063492063492063,False,,False,False,True,3,True,True,True,2.0,True,True,2,2,19.108669108669112,EXTREME_BEARISH,True,True,True,False,True,False,False
2001-01-02,,,,,,2000-12-28,2000-12-29,21.15384615384616,2000-12-29,2000-12-30,17.063492063492063,False,,False,False,True,4,True,True,True,3.0,True,True,2,2,19.108669108669112,EXTREME_BEARISH,True,True,True,False,True,False,False
2001-01-03,,,,,,2000-12-28,2000-12-29,21.15384615384616,2001-01-02,2001-01-03,1.984126984127002,False,,False,False,True,5,True,True,True,0.0,True,True,2,2,11.568986568986581,EXTREME_BEARISH,True,True,True,False,True,False,False
2001-01-12,,,,,,2001-01-11,2001-01-12,7.6923076923076925,2001-01-11,2001-01-12,28.57142857142857,False,,False,False,True,0,True,True,True,0.0,True,True,2,2,18.13186813186813,EXTREME_BEARISH,True,True,True,False,True,False,False
2001-01-17,,,,,,2001-01-11,2001-01-12,7.6923076923076925,2001-01-16,2001-01-17,30.95238095238095,False,,False,False,True,5,True,True,True,0.0,True,True,2,2,19.32234432234432,EXTREME_BEARISH,True,True,True,False,True,False,False
2001-02-23,,,,,,2001-02-22,2001-02-23,5.769230769230769,2001-02-22,2001-02-23,20.238095238095227,False,,False,False,True,0,True,True,True,0.0,True,True,2,2,13.003663003662998,EXTREME_BEARISH,True,True,True,False,True,False,False
2001-02-24,,,,,,2001-02-22,2001-02-23,5.769230769230769,2001-02-23,2001-02-24,15.476190476190482,False,,False,False,True,1,True,True,True,0.0,True,True,2,2,10.622710622710626,EXTREME_BEARISH,True,True,True,False,True,False,False
2001-02-25,,,,,,2001-02-22,2001-02-23,5.769230769230769,2001-02-23,2001-02-24,15.476190476190482,False,,False,False,True,2,True,True,True,1.0,True,True,2,2,10.622710622710626,EXTREME_BEARISH,True,True,True,False,True,False,False
2001-02-26,,,,,,2001-02-22,2001-02-23,5.769230769230769,2001-02-23,2001-02-24,15.476190476190482,False,,False,False,True,3,True,True,True,2.0,True,True,2,2,10.622710622710626,EXTREME_BEARISH,True,True,True,False,True,False,False
2001-02-27,,,,,,2001-02-22,2001-02-23,5.769230769230769,2001-02-26,2001-02-27,30.555555555555557,False,,False,False,True,4,True,True,True,0.0,True,True,2,2,18.162393162393162,EXTREME_BEARISH,True,True,True,False,True,False,False
2001-02-28,,,,,,2001-02-22,2001-02-23,5.769230769230769,2001-02-27,2001-02-28,23.412698412698404,False,,False,False,True,5,True,True,True,0.0,True,True,2,2,14.590964590964587,EXTREME_BEARISH,True,True,True,False,True,False,False
2001-03-01,,,,,,2001-02-22,2001-02-23,5.769230769230769,2001-02-28,2001-03-01,8.73015873015872,False,,False,False,True,6,True,True,True,0.0,True,True,2,2,7.249694749694745,EXTREME_BEARISH,True,True,True,False,True,False,False
2001-03-13,,,,,,2001-03-08,2001-03-09,19.23076923076924,2001-03-12,2001-03-13,1.984126984127002,False,,False,False,True,4,True,True,True,0.0,True,True,2,2,10.607448107448121,EXTREME_BEARISH,True,True,True,False,True,False,False
2001-03-14,,,,,,2001-03-08,2001-03-09,19.23076923076924,2001-03-13,2001-03-14,13.888888888888886,False,,False,False,True,5,True,True,True,0.0,True,True,2,2,16.559829059829063,EXTREME_BEARISH,True,True,True,False,True,False,False
2001-03-15,,,,,,2001-03-08,2001-03-09,19.23076923076924,2001-03-14,2001-03-15,4.365079365079353,False,,False,False,True,6,True,True,True,0.0,True,True,2,2,11.797924297924297,EXTREME_BEARISH,True,True,True,False,True,False,False
2001-03-16,,,,,,2001-03-15,2001-03-16,13.461538461538462,2001-03-15,2001-03-16,8.333333333333343,False,,False,False,True,0,True,True,True,0.0,True,True,2,2,10.897435897435901,EXTREME_BEARISH,True,True,True,False,True,False,False
2001-03-17,,,,,,2001-03-15,2001-03-16,13.461538461538462,2001-03-16,2001-03-17,2.7777777777778,False,,False,False,True,1,True,True,True,0.0,True,True,2,2,8.11965811965813,EXTREME_BEARISH,True,True,True,False,True,False,False
2001-03-18,,,,,,2001-03-15,2001-03-16,13.461538461538462,2001-03-16,2001-03-17,2.7777777777778,False,,False,False,True,2,True,True,True,1.0,True,True,2,2,8.11965811965813,EXTREME_BEARISH,True,True,True,False,True,False,False
2001-03-19,,,,,,2001-03-15,2001-03-16,13.461538461538462,2001-03-16,2001-03-17,2.7777777777778,False,,False,False,True,3,True,True,True,2.0,True,True,2,2,8.11965811965813,EXTREME_BEARISH,True,True,True,False,True,False,False
2001-03-20,,,,,,2001-03-15,2001-03-16,13.461538461538462,2001-03-19,2001-03-20,3.9682539682539613,False,,False,False,True,4,True,True,True,0.0,True,True,2,2,8.71489621489621,EXTREME_BEARISH,True,True,True,False,True,False,False
2001-03-21,,,,,,2001-03-15,2001-03-16,13.461538461538462,2001-03-20,2001-03-21,1.190476190476204,False,,False,False,True,5,True,True,True,0.0,True,True,2,2,7.326007326007333,EXTREME_BEARISH,True,True,True,False,True,False,False
2001-03-22,,,,,,2001-03-15,2001-03-16,13.461538461538462,2001-03-21,2001-03-22,0.3968253968254061,False,,False,False,True,6,True,True,True,0.0,True,True,2,2,6.929181929181934,EXTREME_BEARISH,True,True,True,False,True,False,False
2001-03-23,,,,,,2001-03-22,2001-03-23,3.8461538461538463,2001-03-22,2001-03-23,0.3968253968254061,False,,False,False,True,0,True,True,True,0.0,True,True,2,2,2.1214896214896264,EXTREME_BEARISH,True,True,True,False,True,False,False
2001-03-24,,,,,,2001-03-22,2001-03-23,3.8461538461538463,2001-03-23,2001-03-24,3.1746031746031775,False,,False,False,True,1,True,True,True,0.0,True,True,2,2,3.510378510378512,EXTREME_BEARISH,True,True,True,False,True,False,False
2001-03-25,,,,,,2001-03-22,2001-03-23,3.8461538461538463,2001-03-23,2001-03-24,3.1746031746031775,False,,False,False,True,2,True,True,True,1.0,True,True,2,2,3.510378510378512,EXTREME_BEARISH,True,True,True,False,True,False,False
2001-03-26,,,,,,2001-03-22,2001-03-23,3.8461538461538463,2001-03-23,2001-03-24,3.1746031746031775,False,,False,False,True,3,True,True,True,2.0,True,True,2,2,3.510378510378512,EXTREME_BEARISH,True,True,True,False,True,False,False
2001-03-27,,,,,,2001-03-22,2001-03-23,3.8461538461538463,2001-03-26,2001-03-27,7.936507936507937,False,,False,False,True,4,True,True,True,0.0,True,True,2,2,5.891330891330892,EXTREME_BEARISH,True,True,True,False,True,False,False
2001-03-28,,,,,,2001-03-22,2001-03-23,3.8461538461538463,2001-03-27,2001-03-28,23.412698412698404,False,,False,False,True,5,True,True,True,0.0,True,True,2,2,13.629426129426125,EXTREME_BEARISH,True,True,True,False,True,False,False
2001-03-29,,,,,,2001-03-22,2001-03-23,3.8461538461538463,2001-03-28,2001-03-29,11.111111111111114,False,,False,False,True,6,True,True,True,0.0,True,True,2,2,7.4786324786324805,EXTREME_BEARISH,True,True,True,False,True,False,False
2001-04-03,,,,,,2001-03-29,2001-03-30,34.61538461538461,2001-04-02,2001-04-03,1.984126984127002,False,,False,False,True,4,True,True,True,0.0,True,True,2,2,18.299755799755808,EXTREME_BEARISH,True,True,True,False,True,False,False
2001-04-04,,,,,,2001-03-29,2001-03-30,34.61538461538461,2001-04-03,2001-04-04,0.0,False,,False,False,True,5,True,True,True,0.0,True,True,2,2,17.307692307692307,EXTREME_BEARISH,True,True,True,False,True,False,False
2001-04-05,,,,,,2001-03-29,2001-03-30,34.61538461538461,2001-04-04,2001-04-05,0.3968253968254061,False,,False,False,True,6,True,True,True,0.0,True,True,2,2,17.50610500610501,EXTREME_BEARISH,True,True,True,False,True,False,False
2001-04-06,,,,,,2001-04-05,2001-04-06,15.384615384615383,2001-04-05,2001-04-06,5.555555555555557,False,,False,False,True,0,True,True,True,0.0,True,True,2,2,10.47008547008547,EXTREME_BEARISH,True,True,True,False,True,False,False
2001-04-07,,,,,,2001-04-05,2001-04-06,15.384615384615383,2001-04-06,2001-04-07,2.3809523809523796,False,,False,False,True,1,True,True,True,0.0,True,True,2,2,8.882783882783881,EXTREME_BEARISH,True,True,True,False,True,False,False
2001-04-08,,,,,,2001-04-05,2001-04-06,15.384615384615383,2001-04-06,2001-04-07,2.3809523809523796,False,,False,False,True,2,True,True,True,1.0,True,True,2,2,8.882783882783881,EXTREME_BEARISH,True,True,True,False,True,False,False
2001-04-09,,,,,,2001-04-05,2001-04-06,15.384615384615383,2001-04-06,2001-04-07,2.3809523809523796,False,,False,False,True,3,True,True,True,2.0,True,True,2,2,8.882783882783881,EXTREME_BEARISH,True,True,True,False,True,False,False
2001-04-10,,,,,,2001-04-05,2001-04-06,15.384615384615383,2001-04-09,2001-04-10,1.984126984127002,False,,False,False,True,4,True,True,True,0.0,True,True,2,2,8.684371184371193,EXTREME_BEARISH,True,True,True,False,True,False,False
2001-04-11,,,,,,2001-04-05,2001-04-06,15.384615384615383,2001-04-10,2001-04-11,9.523809523809518,False,,False,False,True,5,True,True,True,0.0,True,True,2,2,12.45421245421245,EXTREME_BEARISH,True,True,True,False,True,False,False
2001-04-12,,,,,,2001-04-05,2001-04-06,15.384615384615383,2001-04-11,2001-04-12,16.269841269841265,False,,False,False,True,6,True,True,True,0.0,True,True,2,2,15.827228327228324,EXTREME_BEARISH,True,True,True,False,True,False,False
2001-05-25,,,,,,2001-05-24,2001-05-25,90.3846153846154,2001-05-24,2001-05-25,76.19047619047619,False,,False,False,True,0,True,True,True,0.0,True,True,2,2,83.2875457875458,EXTREME_BULLISH,True,True,True,False,True,False,False
2001-05-26,,,,,,2001-05-24,2001-05-25,90.3846153846154,2001-05-25,2001-05-26,75.79365079365078,False,,False,False,True,1,True,True,True,0.0,True,True,2,2,83.0891330891331,EXTREME_BULLISH,True,True,True,False,True,False,False
2001-05-27,,,,,,2001-05-24,2001-05-25,90.3846153846154,2001-05-25,2001-05-26,75.79365079365078,False,,False,False,True,2,True,True,True,1.0,True,True,2,2,83.0891330891331,EXTREME_BULLISH,True,True,True,False,True,False,False
2001-05-28,,,,,,2001-05-24,2001-05-25,90.3846153846154,2001-05-25,2001-05-26,75.79365079365078,False,,False,False,True,3,True,True,True,2.0,True,True,2,2,83.0891330891331,EXTREME_BULLISH,True,True,True,False,True,False,False
2001-05-29,,,,,,2001-05-24,2001-05-25,90.3846153846154,2001-05-25,2001-05-26,75.79365079365078,False,,False,False,True,4,True,True,True,3.0,True,True,2,2,83.0891330891331,EXTREME_BULLISH,True,True,True,False,True,False,False
2001-09-07,,,,,,2001-09-06,2001-09-07,19.23076923076924,2001-09-06,2001-09-07,11.507936507936506,False,,False,False,True,0,True,True,True,0.0,True,True,2,2,15.369352869352873,EXTREME_BEARISH,True,True,True,False,True,False,False
2001-09-08,,,,,,2001-09-06,2001-09-07,19.23076923076924,2001-09-07,2001-09-08,3.1746031746031775,False,,False,False,True,1,True,True,True,0.0,True,True,2,2,11.202686202686209,EXTREME_BEARISH,True,True,True,False,True,False,False
2001-09-09,,,,,,2001-09-06,2001-09-07,19.23076923076924,2001-09-07,2001-09-08,3.1746031746031775,False,,False,False,True,2,True,True,True,1.0,True,True,2,2,11.202686202686209,EXTREME_BEARISH,True,True,True,False,True,False,False
2001-09-10,,,,,,2001-09-06,2001-09-07,19.23076923076924,2001-09-07,2001-09-08,3.1746031746031775,False,,False,False,True,3,True,True,True,2.0,True,True,2,2,11.202686202686209,EXTREME_BEARISH,True,True,True,False,True,False,False
2001-09-11,,,,,,2001-09-06,2001-09-07,19.23076923076924,2001-09-10,2001-09-11,1.984126984127002,False,,False,False,True,4,True,True,True,0.0,True,True,2,2,10.607448107448121,EXTREME_BEARISH,True,True,True,False,True,False,False
2001-09-12,,,,,,2001-09-06,2001-09-07,19.23076923076924,2001-09-10,2001-09-11,1.984126984127002,False,,False,False,True,5,True,True,True,1.0,True,True,2,2,10.607448107448121,EXTREME_BEARISH,True,True,True,False,True,False,False
2001-09-13,,,,,,2001-09-06,2001-09-07,19.23076923076924,2001-09-10,2001-09-11,1.984126984127002,False,,False,False,True,6,True,True,True,2.0,True,True,2,2,10.607448107448121,EXTREME_BEARISH,True,True,True,False,True,False,False
2001-09-14,,,,,,2001-09-13,2001-09-14,11.538461538461538,2001-09-10,2001-09-11,1.984126984127002,False,,False,False,True,0,True,True,True,3.0,True,True,2,2,6.76129426129427,EXTREME_BEARISH,True,True,True,False,True,False,False
2001-09-15,,,,,,2001-09-13,2001-09-14,11.538461538461538,2001-09-10,2001-09-11,1.984126984127002,False,,False,False,True,1,True,True,True,4.0,True,True,2,2,6.76129426129427,EXTREME_BEARISH,True,True,True,False,True,False,False
2001-09-16,,,,,,2001-09-13,2001-09-14,11.538461538461538,2001-09-10,2001-09-11,1.984126984127002,False,,False,False,True,2,True,True,True,5.0,True,True,2,2,6.76129426129427,EXTREME_BEARISH,True,True,True,False,True,False,False
2001-09-18,,,,,,2001-09-13,2001-09-14,11.538461538461538,2001-09-17,2001-09-18,0.0,False,,False,False,True,4,True,True,True,0.0,True,True,2,2,5.769230769230769,EXTREME_BEARISH,True,True,True,False,True,False,False
2001-09-19,,,,,,2001-09-13,2001-09-14,11.538461538461538,2001-09-18,2001-09-19,0.3968253968254061,False,,False,False,True,5,True,True,True,0.0,True,True,2,2,5.967643467643472,EXTREME_BEARISH,True,True,True,False,True,False,False
2001-09-20,,,,,,2001-09-13,2001-09-14,11.538461538461538,2001-09-19,2001-09-20,0.3968253968254061,False,,False,False,True,6,True,True,True,0.0,True,True,2,2,5.967643467643472,EXTREME_BEARISH,True,True,True,False,True,False,False
2001-09-21,,,,,,2001-09-20,2001-09-21,5.769230769230769,2001-09-20,2001-09-21,0.0,False,,False,False,True,0,True,True,True,0.0,True,True,2,2,2.8846153846153846,EXTREME_BEARISH,True,True,True,False,True,False,False
2001-09-22,,,,,,2001-09-20,2001-09-21,5.769230769230769,2001-09-21,2001-09-22,0.3968253968254061,False,,False,False,True,1,True,True,True,0.0,True,True,2,2,3.0830280830280876,EXTREME_BEARISH,True,True,True,False,True,False,False
2001-09-23,,,,,,2001-09-20,2001-09-21,5.769230769230769,2001-09-21,2001-09-22,0.3968253968254061,False,,False,False,True,2,True,True,True,1.0,True,True,2,2,3.0830280830280876,EXTREME_BEARISH,True,True,True,False,True,False,False
2001-09-24,,,,,,2001-09-20,2001-09-21,5.769230769230769,2001-09-21,2001-09-22,0.3968253968254061,False,,False,False,True,3,True,True,True,2.0,True,True,2,2,3.0830280830280876,EXTREME_BEARISH,True,True,True,False,True,False,False
2001-09-25,,,,,,2001-09-20,2001-09-21,5.769230769230769,2001-09-24,2001-09-25,1.984126984127002,False,,False,False,True,4,True,True,True,0.0,True,True,2,2,3.8766788766788856,EXTREME_BEARISH,True,True,True,False,True,False,False
2001-09-26,,,,,,2001-09-20,2001-09-21,5.769230769230769,2001-09-25,2001-09-26,2.3809523809523796,False,,False,False,True,5,True,True,True,0.0,True,True,2,2,4.075091575091575,EXTREME_BEARISH,True,True,True,False,True,False,False
2001-09-27,,,,,,2001-09-20,2001-09-21,5.769230769230769,2001-09-26,2001-09-27,2.7777777777778,False,,False,False,True,6,True,True,True,0.0,True,True,2,2,4.273504273504285,EXTREME_BEARISH,True,True,True,False,True,False,False
2001-11-13,,,,,,2001-11-08,2001-11-09,17.307692307692307,2001-11-12,2001-11-13,22.61904761904762,False,,False,False,True,4,True,True,True,0.0,True,True,2,2,19.963369963369964,EXTREME_BEARISH,True,True,True,False,True,False,False
2001-12-01,,,,,,2001-11-29,2001-11-30,100.0,2001-11-30,2001-12-01,60.31746031746032,False,,False,False,True,1,True,True,True,0.0,True,True,2,2,80.15873015873017,EXTREME_BULLISH,True,True,True,False,True,False,False
2001-12-02,,,,,,2001-11-29,2001-11-30,100.0,2001-11-30,2001-12-01,60.31746031746032,False,,False,False,True,2,True,True,True,1.0,True,True,2,2,80.15873015873017,EXTREME_BULLISH,True,True,True,False,True,False,False
2001-12-03,,,,,,2001-11-29,2001-11-30,100.0,2001-11-30,2001-12-01,60.31746031746032,False,,False,False,True,3,True,True,True,2.0,True,True,2,2,80.15873015873017,EXTREME_BULLISH,True,True,True,False,True,False,False
2001-12-06,,,,,,2001-11-29,2001-11-30,100.0,2001-12-05,2001-12-06,66.66666666666667,False,,False,False,True,6,True,True,True,0.0,True,True,2,2,83.33333333333334,EXTREME_BULLISH,True,True,True,False,True,False,False
2001-12-19,,,,,,2001-12-13,2001-12-14,98.07692307692308,2001-12-18,2001-12-19,63.88888888888889,False,,False,False,True,5,True,True,True,0.0,True,True,2,2,80.98290598290599,EXTREME_BULLISH,True,True,True,False,True,False,False
2001-12-20,,,,,,2001-12-13,2001-12-14,98.07692307692308,2001-12-19,2001-12-20,71.03174603174602,False,,False,False,True,6,True,True,True,0.0,True,True,2,2,84.55433455433456,EXTREME_BULLISH,True,True,True,False,True,False,False
2001-12-29,,,,,,2001-12-27,2001-12-28,76.92307692307693,2001-12-28,2001-12-29,85.71428571428572,False,,False,False,True,1,True,True,True,0.0,True,True,2,2,81.31868131868133,EXTREME_BULLISH,True,True,True,False,True,False,False
2001-12-30,,,,,,2001-12-27,2001-12-28,76.92307692307693,2001-12-28,2001-12-29,85.71428571428572,False,,False,False,True,2,True,True,True,1.0,True,True,2,2,81.31868131868133,EXTREME_BULLISH,True,True,True,False,True,False,False
2001-12-31,,,,,,2001-12-27,2001-12-28,76.92307692307693,2001-12-28,2001-12-29,85.71428571428572,False,,False,False,True,3,True,True,True,2.0,True,True,2,2,81.31868131868133,EXTREME_BULLISH,True,True,True,False,True,False,False
2002-01-05,,,,,,2002-01-03,2002-01-04,71.15384615384616,2002-01-04,2002-01-05,93.25396825396825,False,,False,False,True,1,True,True,True,0.0,True,True,2,2,82.2039072039072,EXTREME_BULLISH,True,True,True,False,True,False,False
2002-01-06,,,,,,2002-01-03,2002-01-04,71.15384615384616,2002-01-04,2002-01-05,93.25396825396825,False,,False,False,True,2,True,True,True,1.0,True,True,2,2,82.2039072039072,EXTREME_BULLISH,True,True,True,False,True,False,False
2002-01-07,,,,,,2002-01-03,2002-01-04,71.15384615384616,2002-01-04,2002-01-05,93.25396825396825,False,,False,False,True,3,True,True,True,2.0,True,True,2,2,82.2039072039072,EXTREME_BULLISH,True,True,True,False,True,False,False
2002-03-02,,,,,,2002-02-28,2002-03-01,67.3076923076923,2002-03-01,2002-03-02,96.03174603174604,False,,False,False,True,1,True,True,True,0.0,True,True,2,2,81.66971916971917,EXTREME_BULLISH,True,True,True,False,True,False,False
2002-03-03,,,,,,2002-02-28,2002-03-01,67.3076923076923,2002-03-01,2002-03-02,96.03174603174604,False,,False,False,True,2,True,True,True,1.0,True,True,2,2,81.66971916971917,EXTREME_BULLISH,True,True,True,False,True,False,False
2002-03-04,,,,,,2002-02-28,2002-03-01,67.3076923076923,2002-03-01,2002-03-02,96.03174603174604,False,,False,False,True,3,True,True,True,2.0,True,True,2,2,81.66971916971917,EXTREME_BULLISH,True,True,True,False,True,False,False
2002-03-06,,,,,,2002-02-28,2002-03-01,67.3076923076923,2002-03-05,2002-03-06,94.04761904761905,False,,False,False,True,5,True,True,True,0.0,True,True,2,2,80.67765567765568,EXTREME_BULLISH,True,True,True,False,True,False,False
2002-03-07,,,,,,2002-02-28,2002-03-01,67.3076923076923,2002-03-06,2002-03-07,96.03174603174604,False,,False,False,True,6,True,True,True,0.0,True,True,2,2,81.66971916971917,EXTREME_BULLISH,True,True,True,False,True,False,False
2002-03-08,,,,,,2002-03-07,2002-03-08,88.46153846153845,2002-03-07,2002-03-08,94.44444444444444,False,,False,False,True,0,True,True,True,0.0,True,True,2,2,91.45299145299145,EXTREME_BULLISH,True,True,True,False,True,False,False
2002-03-09,,,,,,2002-03-07,2002-03-08,88.46153846153845,2002-03-08,2002-03-09,98.41269841269842,False,,False,False,True,1,True,True,True,0.0,True,True,2,2,93.43711843711844,EXTREME_BULLISH,True,True,True,False,True,False,False
2002-03-10,,,,,,2002-03-07,2002-03-08,88.46153846153845,2002-03-08,2002-03-09,98.41269841269842,False,,False,False,True,2,True,True,True,1.0,True,True,2,2,93.43711843711844,EXTREME_BULLISH,True,True,True,False,True,False,False
2002-03-11,,,,,,2002-03-07,2002-03-08,88.46153846153845,2002-03-08,2002-03-09,98.41269841269842,False,,False,False,True,3,True,True,True,2.0,True,True,2,2,93.43711843711844,EXTREME_BULLISH,True,True,True,False,True,False,False
2002-03-12,,,,,,2002-03-07,2002-03-08,88.46153846153845,2002-03-11,2002-03-12,96.42857142857143,False,,False,False,True,4,True,True,True,0.0,True,True,2,2,92.44505494505495,EXTREME_BULLISH,True,True,True,False,True,False,False
2002-03-13,,,,,,2002-03-07,2002-03-08,88.46153846153845,2002-03-12,2002-03-13,97.22222222222223,False,,False,False,True,5,True,True,True,0.0,True,True,2,2,92.84188034188034,EXTREME_BULLISH,True,True,True,False,True,False,False
2002-03-14,,,,,,2002-03-07,2002-03-08,88.46153846153845,2002-03-13,2002-03-14,97.61904761904762,False,,False,False,True,6,True,True,True,0.0,True,True,2,2,93.04029304029304,EXTREME_BULLISH,True,True,True,False,True,False,False
2002-03-15,,,,,,2002-03-14,2002-03-15,94.23076923076924,2002-03-14,2002-03-15,98.41269841269842,False,,False,False,True,0,True,True,True,0.0,True,True,2,2,96.32173382173383,EXTREME_BULLISH,True,True,True,False,True,False,False
2002-03-16,,,,,,2002-03-14,2002-03-15,94.23076923076924,2002-03-15,2002-03-16,99.60317460317461,False,,False,False,True,1,True,True,True,0.0,True,True,2,2,96.91697191697193,EXTREME_BULLISH,True,True,True,False,True,False,False
2002-03-17,,,,,,2002-03-14,2002-03-15,94.23076923076924,2002-03-15,2002-03-16,99.60317460317461,False,,False,False,True,2,True,True,True,1.0,True,True,2,2,96.91697191697193,EXTREME_BULLISH,True,True,True,False,True,False,False
2002-03-18,,,,,,2002-03-14,2002-03-15,94.23076923076924,2002-03-15,2002-03-16,99.60317460317461,False,,False,False,True,3,True,True,True,2.0,True,True,2,2,96.91697191697193,EXTREME_BULLISH,True,True,True,False,True,False,False
2002-03-19,,,,,,2002-03-14,2002-03-15,94.23076923076924,2002-03-18,2002-03-19,98.41269841269842,False,,False,False,True,4,True,True,True,0.0,True,True,2,2,96.32173382173383,EXTREME_BULLISH,True,True,True,False,True,False,False
2002-03-20,,,,,,2002-03-14,2002-03-15,94.23076923076924,2002-03-19,2002-03-20,99.60317460317461,False,,False,False,True,5,True,True,True,0.0,True,True,2,2,96.91697191697193,EXTREME_BULLISH,True,True,True,False,True,False,False
2002-03-21,,,,,,2002-03-14,2002-03-15,94.23076923076924,2002-03-20,2002-03-21,98.80952380952381,False,,False,False,True,6,True,True,True,0.0,True,True,2,2,96.52014652014653,EXTREME_BULLISH,True,True,True,False,True,False,False
2002-03-22,,,,,,2002-03-21,2002-03-22,94.23076923076924,2002-03-21,2002-03-22,99.60317460317461,False,,False,False,True,0,True,True,True,0.0,True,True,2,2,96.91697191697193,EXTREME_BULLISH,True,True,True,False,True,False,False
2002-03-23,,,,,,2002-03-21,2002-03-22,94.23076923076924,2002-03-22,2002-03-23,99.60317460317461,False,,False,False,True,1,True,True,True,0.0,True,True,2,2,96.91697191697193,EXTREME_BULLISH,True,True,True,False,True,False,False
2002-03-24,,,,,,2002-03-21,2002-03-22,94.23076923076924,2002-03-22,2002-03-23,99.60317460317461,False,,False,False,True,2,True,True,True,1.0,True,True,2,2,96.91697191697193,EXTREME_BULLISH,True,True,True,False,True,False,False
2002-03-25,,,,,,2002-03-21,2002-03-22,94.23076923076924,2002-03-22,2002-03-23,99.60317460317461,False,,False,False,True,3,True,True,True,2.0,True,True,2,2,96.91697191697193,EXTREME_BULLISH,True,True,True,False,True,False,False
2002-03-26,,,,,,2002-03-21,2002-03-22,94.23076923076924,2002-03-25,2002-03-26,97.61904761904762,False,,False,False,True,4,True,True,True,0.0,True,True,2,2,95.92490842490844,EXTREME_BULLISH,True,True,True,False,True,False,False
2002-03-27,,,,,,2002-03-21,2002-03-22,94.23076923076924,2002-03-26,2002-03-27,99.2063492063492,False,,False,False,True,5,True,True,True,0.0,True,True,2,2,96.71855921855922,EXTREME_BULLISH,True,True,True,False,True,False,False
2002-03-28,,,,,,2002-03-21,2002-03-22,94.23076923076924,2002-03-27,2002-03-28,99.60317460317461,False,,False,False,True,6,True,True,True,0.0,True,True,2,2,96.91697191697193,EXTREME_BULLISH,True,True,True,False,True,False,False
2002-03-29,,,,,,2002-03-28,2002-03-29,65.38461538461539,2002-03-28,2002-03-29,99.60317460317461,False,,False,False,True,0,True,True,True,0.0,True,True,2,2,82.493894993895,EXTREME_BULLISH,True,True,True,False,True,False,False
2002-03-30,,,,,,2002-03-28,2002-03-29,65.38461538461539,2002-03-28,2002-03-29,99.60317460317461,False,,False,False,True,1,True,True,True,1.0,True,True,2,2,82.493894993895,EXTREME_BULLISH,True,True,True,False,True,False,False
2002-03-31,,,,,,2002-03-28,2002-03-29,65.38461538461539,2002-03-28,2002-03-29,99.60317460317461,False,,False,False,True,2,True,True,True,2.0,True,True,2,2,82.493894993895,EXTREME_BULLISH,True,True,True,False,True,False,False
2002-04-01,,,,,,2002-03-28,2002-03-29,65.38461538461539,2002-03-28,2002-03-29,99.60317460317461,False,,False,False,True,3,True,True,True,3.0,True,True,2,2,82.493894993895,EXTREME_BULLISH,True,True,True,False,True,False,False
2002-04-02,,,,,,2002-03-28,2002-03-29,65.38461538461539,2002-04-01,2002-04-02,96.03174603174604,False,,False,False,True,4,True,True,True,0.0,True,True,2,2,80.70818070818072,EXTREME_BULLISH,True,True,True,False,True,False,False
2002-06-05,,,,,,2002-05-29,2002-05-30,5.769230769230769,2002-06-04,2002-06-05,30.555555555555557,False,,False,False,True,6,True,True,True,0.0,True,True,2,2,18.162393162393162,EXTREME_BEARISH,True,True,True,False,True,False,False
2002-06-28,,,,,,2002-06-27,2002-06-28,1.9230769230769231,2002-06-27,2002-06-28,20.634920634920633,False,,False,False,True,0,True,True,True,0.0,True,True,2,2,11.278998778998778,EXTREME_BEARISH,True,True,True,False,True,False,False
2002-06-29,,,,,,2002-06-27,2002-06-28,1.9230769230769231,2002-06-28,2002-06-29,25.396825396825392,False,,False,False,True,1,True,True,True,0.0,True,True,2,2,13.659951159951158,EXTREME_BEARISH,True,True,True,False,True,False,False
2002-06-30,,,,,,2002-06-27,2002-06-28,1.9230769230769231,2002-06-28,2002-06-29,25.396825396825392,False,,False,False,True,2,True,True,True,1.0,True,True,2,2,13.659951159951158,EXTREME_BEARISH,True,True,True,False,True,False,False
2002-07-01,,,,,,2002-06-27,2002-06-28,1.9230769230769231,2002-06-28,2002-06-29,25.396825396825392,False,,False,False,True,3,True,True,True,2.0,True,True,2,2,13.659951159951158,EXTREME_BEARISH,True,True,True,False,True,False,False
2002-07-02,,,,,,2002-06-27,2002-06-28,1.9230769230769231,2002-07-01,2002-07-02,19.04761904761905,False,,False,False,True,4,True,True,True,0.0,True,True,2,2,10.485347985347987,EXTREME_BEARISH,True,True,True,False,True,False,False
2002-07-03,,,,,,2002-06-27,2002-06-28,1.9230769230769231,2002-07-02,2002-07-03,15.476190476190482,False,,False,False,True,5,True,True,True,0.0,True,True,2,2,8.699633699633702,EXTREME_BEARISH,True,True,True,False,True,False,False
2002-07-04,,,,,,2002-07-03,2002-07-04,1.9230769230769231,2002-07-03,2002-07-04,14.682539682539684,False,,False,False,True,0,True,True,True,0.0,True,True,2,2,8.302808302808304,EXTREME_BEARISH,True,True,True,False,True,False,False
2002-07-05,,,,,,2002-07-03,2002-07-04,1.9230769230769231,2002-07-03,2002-07-04,14.682539682539684,False,,False,False,True,1,True,True,True,1.0,True,True,2,2,8.302808302808304,EXTREME_BEARISH,True,True,True,False,True,False,False
2002-07-06,,,,,,2002-07-03,2002-07-04,1.9230769230769231,2002-07-05,2002-07-06,19.841269841269835,False,,False,False,True,2,True,True,True,0.0,True,True,2,2,10.882173382173379,EXTREME_BEARISH,True,True,True,False,True,False,False
2002-07-07,,,,,,2002-07-03,2002-07-04,1.9230769230769231,2002-07-05,2002-07-06,19.841269841269835,False,,False,False,True,3,True,True,True,1.0,True,True,2,2,10.882173382173379,EXTREME_BEARISH,True,True,True,False,True,False,False
2002-07-08,,,,,,2002-07-03,2002-07-04,1.9230769230769231,2002-07-05,2002-07-06,19.841269841269835,False,,False,False,True,4,True,True,True,2.0,True,True,2,2,10.882173382173379,EXTREME_BEARISH,True,True,True,False,True,False,False
2002-07-09,,,,,,2002-07-03,2002-07-04,1.9230769230769231,2002-07-08,2002-07-09,18.253968253968253,False,,False,False,True,5,True,True,True,0.0,True,True,2,2,10.088522588522588,EXTREME_BEARISH,True,True,True,False,True,False,False
2002-07-10,,,,,,2002-07-03,2002-07-04,1.9230769230769231,2002-07-09,2002-07-10,14.285714285714292,False,,False,False,True,6,True,True,True,0.0,True,True,2,2,8.104395604395608,EXTREME_BEARISH,True,True,True,False,True,False,False
2002-07-11,,,,,,2002-07-03,2002-07-04,1.9230769230769231,2002-07-10,2002-07-11,5.952380952380963,False,,False,False,True,7,True,True,True,0.0,True,True,2,2,3.9377289377289433,EXTREME_BEARISH,True,True,True,False,True,False,False
2002-07-12,,,,,,2002-07-11,2002-07-12,19.23076923076924,2002-07-11,2002-07-12,6.746031746031761,False,,False,False,True,0,True,True,True,0.0,True,True,2,2,12.9884004884005,EXTREME_BEARISH,True,True,True,False,True,False,False
2002-07-13,,,,,,2002-07-11,2002-07-12,19.23076923076924,2002-07-12,2002-07-13,8.333333333333343,False,,False,False,True,1,True,True,True,0.0,True,True,2,2,13.782051282051292,EXTREME_BEARISH,True,True,True,False,True,False,False
2002-07-14,,,,,,2002-07-11,2002-07-12,19.23076923076924,2002-07-12,2002-07-13,8.333333333333343,False,,False,False,True,2,True,True,True,1.0,True,True,2,2,13.782051282051292,EXTREME_BEARISH,True,True,True,False,True,False,False
2002-07-15,,,,,,2002-07-11,2002-07-12,19.23076923076924,2002-07-12,2002-07-13,8.333333333333343,False,,False,False,True,3,True,True,True,2.0,True,True,2,2,13.782051282051292,EXTREME_BEARISH,True,True,True,False,True,False,False
2002-07-16,,,,,,2002-07-11,2002-07-12,19.23076923076924,2002-07-15,2002-07-16,4.761904761904759,False,,False,False,True,4,True,True,True,0.0,True,True,2,2,11.996336996337,EXTREME_BEARISH,True,True,True,False,True,False,False
2002-07-17,,,,,,2002-07-11,2002-07-12,19.23076923076924,2002-07-16,2002-07-17,2.3809523809523796,False,,False,False,True,5,True,True,True,0.0,True,True,2,2,10.80586080586081,EXTREME_BEARISH,True,True,True,False,True,False,False
2002-07-18,,,,,,2002-07-11,2002-07-12,19.23076923076924,2002-07-17,2002-07-18,3.1746031746031775,False,,False,False,True,6,True,True,True,0.0,True,True,2,2,11.202686202686209,EXTREME_BEARISH,True,True,True,False,True,False,False
2002-07-19,,,,,,2002-07-18,2002-07-19,1.9230769230769231,2002-07-18,2002-07-19,4.761904761904759,False,,False,False,True,0,True,True,True,0.0,True,True,2,2,3.3424908424908413,EXTREME_BEARISH,True,True,True,False,True,False,False
2002-07-20,,,,,,2002-07-18,2002-07-19,1.9230769230769231,2002-07-19,2002-07-20,1.984126984127002,False,,False,False,True,1,True,True,True,0.0,True,True,2,2,1.9536019536019626,EXTREME_BEARISH,True,True,True,False,True,False,False
2002-07-21,,,,,,2002-07-18,2002-07-19,1.9230769230769231,2002-07-19,2002-07-20,1.984126984127002,False,,False,False,True,2,True,True,True,1.0,True,True,2,2,1.9536019536019626,EXTREME_BEARISH,True,True,True,False,True,False,False
2002-07-22,,,,,,2002-07-18,2002-07-19,1.9230769230769231,2002-07-19,2002-07-20,1.984126984127002,False,,False,False,True,3,True,True,True,2.0,True,True,2,2,1.9536019536019626,EXTREME_BEARISH,True,True,True,False,True,False,False
2002-07-23,,,,,,2002-07-18,2002-07-19,1.9230769230769231,2002-07-22,2002-07-23,0.7936507936507837,False,,False,False,True,4,True,True,True,0.0,True,True,2,2,1.3583638583638535,EXTREME_BEARISH,True,True,True,False,True,False,False
2002-07-24,,,,,,2002-07-18,2002-07-19,1.9230769230769231,2002-07-23,2002-07-24,0.0,False,,False,False,True,5,True,True,True,0.0,True,True,2,2,0.9615384615384616,EXTREME_BEARISH,True,True,True,False,True,False,False
2002-07-25,,,,,,2002-07-18,2002-07-19,1.9230769230769231,2002-07-24,2002-07-25,2.3809523809523796,False,,False,False,True,6,True,True,True,0.0,True,True,2,2,2.1520146520146515,EXTREME_BEARISH,True,True,True,False,True,False,False
2002-07-26,,,,,,2002-07-25,2002-07-26,3.8461538461538463,2002-07-25,2002-07-26,2.7777777777778,False,,False,False,True,0,True,True,True,0.0,True,True,2,2,3.3119658119658233,EXTREME_BEARISH,True,True,True,False,True,False,False
2002-07-27,,,,,,2002-07-25,2002-07-26,3.8461538461538463,2002-07-26,2002-07-27,5.158730158730165,False,,False,False,True,1,True,True,True,0.0,True,True,2,2,4.502442002442006,EXTREME_BEARISH,True,True,True,False,True,False,False
2002-07-28,,,,,,2002-07-25,2002-07-26,3.8461538461538463,2002-07-26,2002-07-27,5.158730158730165,False,,False,False,True,2,True,True,True,1.0,True,True,2,2,4.502442002442006,EXTREME_BEARISH,True,True,True,False,True,False,False
2002-07-29,,,,,,2002-07-25,2002-07-26,3.8461538461538463,2002-07-26,2002-07-27,5.158730158730165,False,,False,False,True,3,True,True,True,2.0,True,True,2,2,4.502442002442006,EXTREME_BEARISH,True,True,True,False,True,False,False
2002-07-30,,,,,,2002-07-25,2002-07-26,3.8461538461538463,2002-07-29,2002-07-30,17.46031746031747,False,,False,False,True,4,True,True,True,0.0,True,True,2,2,10.653235653235658,EXTREME_BEARISH,True,True,True,False,True,False,False
2002-07-31,,,,,,2002-07-25,2002-07-26,3.8461538461538463,2002-07-30,2002-07-31,15.476190476190482,False,,False,False,True,5,True,True,True,0.0,True,True,2,2,9.661172161172164,EXTREME_BEARISH,True,True,True,False,True,False,False
2002-08-01,,,,,,2002-07-25,2002-07-26,3.8461538461538463,2002-07-31,2002-08-01,14.285714285714292,False,,False,False,True,6,True,True,True,0.0,True,True,2,2,9.06593406593407,EXTREME_BEARISH,True,True,True,False,True,False,False
2002-08-06,,,,,,2002-08-01,2002-08-02,38.46153846153847,2002-08-05,2002-08-06,0.0,False,,False,False,True,4,True,True,True,0.0,True,True,2,2,19.230769230769234,EXTREME_BEARISH,True,True,True,False,True,False,False
2002-09-06,,,,,,2002-09-05,2002-09-06,7.6923076923076925,2002-09-05,2002-09-06,5.158730158730165,False,,False,False,True,0,True,True,True,0.0,True,True,2,2,6.425518925518929,EXTREME_BEARISH,True,True,True,False,True,False,False
2002-09-07,,,,,,2002-09-05,2002-09-06,7.6923076923076925,2002-09-06,2002-09-07,8.333333333333343,False,,False,False,True,1,True,True,True,0.0,True,True,2,2,8.012820512820518,EXTREME_BEARISH,True,True,True,False,True,False,False
2002-09-08,,,,,,2002-09-05,2002-09-06,7.6923076923076925,2002-09-06,2002-09-07,8.333333333333343,False,,False,False,True,2,True,True,True,1.0,True,True,2,2,8.012820512820518,EXTREME_BEARISH,True,True,True,False,True,False,False
2002-09-09,,,,,,2002-09-05,2002-09-06,7.6923076923076925,2002-09-06,2002-09-07,8.333333333333343,False,,False,False,True,3,True,True,True,2.0,True,True,2,2,8.012820512820518,EXTREME_BEARISH,True,True,True,False,True,False,False
2002-09-10,,,,,,2002-09-05,2002-09-06,7.6923076923076925,2002-09-09,2002-09-10,8.333333333333343,False,,False,False,True,4,True,True,True,0.0,True,True,2,2,8.012820512820518,EXTREME_BEARISH,True,True,True,False,True,False,False
2002-09-11,,,,,,2002-09-05,2002-09-06,7.6923076923076925,2002-09-10,2002-09-11,13.492063492063494,False,,False,False,True,5,True,True,True,0.0,True,True,2,2,10.592185592185594,EXTREME_BEARISH,True,True,True,False,True,False,False
2002-09-12,,,,,,2002-09-05,2002-09-06,7.6923076923076925,2002-09-11,2002-09-12,15.476190476190482,False,,False,False,True,6,True,True,True,0.0,True,True,2,2,11.584249084249088,EXTREME_BEARISH,True,True,True,False,True,False,False
2002-09-20,,,,,,2002-09-19,2002-09-20,17.307692307692307,2002-09-19,2002-09-20,2.7777777777778,False,,False,False,True,0,True,True,True,0.0,True,True,2,2,10.042735042735053,EXTREME_BEARISH,True,True,True,False,True,False,False
2002-09-21,,,,,,2002-09-19,2002-09-20,17.307692307692307,2002-09-20,2002-09-21,3.9682539682539613,False,,False,False,True,1,True,True,True,0.0,True,True,2,2,10.637973137973134,EXTREME_BEARISH,True,True,True,False,True,False,False
2002-09-22,,,,,,2002-09-19,2002-09-20,17.307692307692307,2002-09-20,2002-09-21,3.9682539682539613,False,,False,False,True,2,True,True,True,1.0,True,True,2,2,10.637973137973134,EXTREME_BEARISH,True,True,True,False,True,False,False
2002-09-23,,,,,,2002-09-19,2002-09-20,17.307692307692307,2002-09-20,2002-09-21,3.9682539682539613,False,,False,False,True,3,True,True,True,2.0,True,True,2,2,10.637973137973134,EXTREME_BEARISH,True,True,True,False,True,False,False
2002-09-24,,,,,,2002-09-19,2002-09-20,17.307692307692307,2002-09-23,2002-09-24,3.1746031746031775,False,,False,False,True,4,True,True,True,0.0,True,True,2,2,10.241147741147742,EXTREME_BEARISH,True,True,True,False,True,False,False
2002-09-25,,,,,,2002-09-19,2002-09-20,17.307692307692307,2002-09-24,2002-09-25,2.3809523809523796,False,,False,False,True,5,True,True,True,0.0,True,True,2,2,9.844322344322343,EXTREME_BEARISH,True,True,True,False,True,False,False
2002-09-26,,,,,,2002-09-19,2002-09-20,17.307692307692307,2002-09-25,2002-09-26,7.5396825396825164,False,,False,False,True,6,True,True,True,0.0,True,True,2,2,12.423687423687412,EXTREME_BEARISH,True,True,True,False,True,False,False
2002-09-27,,,,,,2002-09-26,2002-09-27,3.8461538461538463,2002-09-26,2002-09-27,16.666666666666657,False,,False,False,True,0,True,True,True,0.0,True,True,2,2,10.256410256410252,EXTREME_BEARISH,True,True,True,False,True,False,False
2002-09-28,,,,,,2002-09-26,2002-09-27,3.8461538461538463,2002-09-27,2002-09-28,8.333333333333343,False,,False,False,True,1,True,True,True,0.0,True,True,2,2,6.089743589743595,EXTREME_BEARISH,True,True,True,False,True,False,False
2002-09-29,,,,,,2002-09-26,2002-09-27,3.8461538461538463,2002-09-27,2002-09-28,8.333333333333343,False,,False,False,True,2,True,True,True,1.0,True,True,2,2,6.089743589743595,EXTREME_BEARISH,True,True,True,False,True,False,False
2002-09-30,,,,,,2002-09-26,2002-09-27,3.8461538461538463,2002-09-27,2002-09-28,8.333333333333343,False,,False,False,True,3,True,True,True,2.0,True,True,2,2,6.089743589743595,EXTREME_BEARISH,True,True,True,False,True,False,False
2002-10-01,,,,,,2002-09-26,2002-09-27,3.8461538461538463,2002-09-30,2002-10-01,3.571428571428555,False,,False,False,True,4,True,True,True,0.0,True,True,2,2,3.708791208791201,EXTREME_BEARISH,True,True,True,False,True,False,False
2002-10-02,,,,,,2002-09-26,2002-09-27,3.8461538461538463,2002-10-01,2002-10-02,17.85714285714286,False,,False,False,True,5,True,True,True,0.0,True,True,2,2,10.851648351648354,EXTREME_BEARISH,True,True,True,False,True,False,False
2002-10-03,,,,,,2002-09-26,2002-09-27,3.8461538461538463,2002-10-02,2002-10-03,9.523809523809518,False,,False,False,True,6,True,True,True,0.0,True,True,2,2,6.6849816849816825,EXTREME_BEARISH,True,True,True,False,True,False,False
2002-10-04,,,,,,2002-10-03,2002-10-04,15.384615384615383,2002-10-03,2002-10-04,8.333333333333343,False,,False,False,True,0,True,True,True,0.0,True,True,2,2,11.858974358974363,EXTREME_BEARISH,True,True,True,False,True,False,False
2002-10-05,,,,,,2002-10-03,2002-10-04,15.384615384615383,2002-10-04,2002-10-05,4.365079365079353,False,,False,False,True,1,True,True,True,0.0,True,True,2,2,9.874847374847368,EXTREME_BEARISH,True,True,True,False,True,False,False
2002-10-06,,,,,,2002-10-03,2002-10-04,15.384615384615383,2002-10-04,2002-10-05,4.365079365079353,False,,False,False,True,2,True,True,True,1.0,True,True,2,2,9.874847374847368,EXTREME_BEARISH,True,True,True,False,True,False,False
2002-10-07,,,,,,2002-10-03,2002-10-04,15.384615384615383,2002-10-04,2002-10-05,4.365079365079353,False,,False,False,True,3,True,True,True,2.0,True,True,2,2,9.874847374847368,EXTREME_BEARISH,True,True,True,False,True,False,False
2002-10-08,,,,,,2002-10-03,2002-10-04,15.384615384615383,2002-10-07,2002-10-08,0.7936507936507837,False,,False,False,True,4,True,True,True,0.0,True,True,2,2,8.089133089133083,EXTREME_BEARISH,True,True,True,False,True,False,False
2002-10-09,,,,,,2002-10-03,2002-10-04,15.384615384615383,2002-10-08,2002-10-09,2.3809523809523796,False,,False,False,True,5,True,True,True,0.0,True,True,2,2,8.882783882783881,EXTREME_BEARISH,True,True,True,False,True,False,False
2002-10-10,,,,,,2002-10-03,2002-10-04,15.384615384615383,2002-10-09,2002-10-10,1.190476190476204,False,,False,False,True,6,True,True,True,0.0,True,True,2,2,8.287545787545794,EXTREME_BEARISH,True,True,True,False,True,False,False
2002-10-11,,,,,,2002-10-10,2002-10-11,3.8461538461538463,2002-10-10,2002-10-11,8.333333333333343,False,,False,False,True,0,True,True,True,0.0,True,True,2,2,6.089743589743595,EXTREME_BEARISH,True,True,True,False,True,False,False
2002-10-12,,,,,,2002-10-10,2002-10-11,3.8461538461538463,2002-10-11,2002-10-12,15.079365079365076,False,,False,False,True,1,True,True,True,0.0,True,True,2,2,9.462759462759461,EXTREME_BEARISH,True,True,True,False,True,False,False
2002-10-13,,,,,,2002-10-10,2002-10-11,3.8461538461538463,2002-10-11,2002-10-12,15.079365079365076,False,,False,False,True,2,True,True,True,1.0,True,True,2,2,9.462759462759461,EXTREME_BEARISH,True,True,True,False,True,False,False
2002-10-14,,,,,,2002-10-10,2002-10-11,3.8461538461538463,2002-10-11,2002-10-12,15.079365079365076,False,,False,False,True,3,True,True,True,2.0,True,True,2,2,9.462759462759461,EXTREME_BEARISH,True,True,True,False,True,False,False
2002-10-15,,,,,,2002-10-10,2002-10-11,3.8461538461538463,2002-10-14,2002-10-15,14.285714285714292,False,,False,False,True,4,True,True,True,0.0,True,True,2,2,9.06593406593407,EXTREME_BEARISH,True,True,True,False,True,False,False
2002-10-16,,,,,,2002-10-10,2002-10-11,3.8461538461538463,2002-10-15,2002-10-16,21.03174603174604,False,,False,False,True,5,True,True,True,0.0,True,True,2,2,12.438949938949943,EXTREME_BEARISH,True,True,True,False,True,False,False
2002-10-17,,,,,,2002-10-10,2002-10-11,3.8461538461538463,2002-10-16,2002-10-17,14.682539682539684,False,,False,False,True,6,True,True,True,0.0,True,True,2,2,9.264346764346765,EXTREME_BEARISH,True,True,True,False,True,False,False
2003-01-28,,,,,,2003-01-23,2003-01-24,13.461538461538462,2003-01-27,2003-01-28,19.04761904761905,False,,False,False,True,4,True,True,True,0.0,True,True,2,2,16.254578754578755,EXTREME_BEARISH,True,True,True,False,True,False,False
2003-01-31,,,,,,2003-01-30,2003-01-31,7.6923076923076925,2003-01-30,2003-01-31,28.57142857142857,False,,False,False,True,0,True,True,True,0.0,True,True,2,2,18.13186813186813,EXTREME_BEARISH,True,True,True,False,True,False,False
2003-02-01,,,,,,2003-01-30,2003-01-31,7.6923076923076925,2003-01-31,2003-02-01,30.95238095238095,False,,False,False,True,1,True,True,True,0.0,True,True,2,2,19.32234432234432,EXTREME_BEARISH,True,True,True,False,True,False,False
2003-02-02,,,,,,2003-01-30,2003-01-31,7.6923076923076925,2003-01-31,2003-02-01,30.95238095238095,False,,False,False,True,2,True,True,True,1.0,True,True,2,2,19.32234432234432,EXTREME_BEARISH,True,True,True,False,True,False,False
2003-02-03,,,,,,2003-01-30,2003-01-31,7.6923076923076925,2003-01-31,2003-02-01,30.95238095238095,False,,False,False,True,3,True,True,True,2.0,True,True,2,2,19.32234432234432,EXTREME_BEARISH,True,True,True,False,True,False,False
2003-02-04,,,,,,2003-01-30,2003-01-31,7.6923076923076925,2003-02-03,2003-02-04,32.14285714285714,False,,False,False,True,4,True,True,True,0.0,True,True,2,2,19.917582417582416,EXTREME_BEARISH,True,True,True,False,True,False,False
2003-02-05,,,,,,2003-01-30,2003-01-31,7.6923076923076925,2003-02-04,2003-02-05,25.0,False,,False,False,True,5,True,True,True,0.0,True,True,2,2,16.346153846153847,EXTREME_BEARISH,True,True,True,False,True,False,False
2003-02-06,,,,,,2003-01-30,2003-01-31,7.6923076923076925,2003-02-05,2003-02-06,24.603174603174608,False,,False,False,True,6,True,True,True,0.0,True,True,2,2,16.14774114774115,EXTREME_BEARISH,True,True,True,False,True,False,False
2003-02-21,,,,,,2003-02-20,2003-02-21,1.9230769230769231,2003-02-20,2003-02-21,35.317460317460316,False,,False,False,True,0,True,True,True,0.0,True,True,2,2,18.620268620268618,EXTREME_BEARISH,True,True,True,False,True,False,False
2003-02-25,,,,,,2003-02-20,2003-02-21,1.9230769230769231,2003-02-24,2003-02-25,30.158730158730165,False,,False,False,True,4,True,True,True,0.0,True,True,2,2,16.040903540903543,EXTREME_BEARISH,True,True,True,False,True,False,False
2003-02-26,,,,,,2003-02-20,2003-02-21,1.9230769230769231,2003-02-25,2003-02-26,31.349206349206355,False,,False,False,True,5,True,True,True,0.0,True,True,2,2,16.636141636141637,EXTREME_BEARISH,True,True,True,False,True,False,False
2003-02-27,,,,,,2003-02-20,2003-02-21,1.9230769230769231,2003-02-26,2003-02-27,30.555555555555557,False,,False,False,True,6,True,True,True,0.0,True,True,2,2,16.23931623931624,EXTREME_BEARISH,True,True,True,False,True,False,False
2003-04-18,,,,,,2003-04-17,2003-04-18,82.6923076923077,2003-04-17,2003-04-18,90.47619047619048,False,,False,False,True,0,True,True,True,0.0,True,True,2,2,86.58424908424908,EXTREME_BULLISH,True,True,True,False,True,False,False
2003-04-19,,,,,,2003-04-17,2003-04-18,82.6923076923077,2003-04-17,2003-04-18,90.47619047619048,False,,False,False,True,1,True,True,True,1.0,True,True,2,2,86.58424908424908,EXTREME_BULLISH,True,True,True,False,True,False,False
2003-04-20,,,,,,2003-04-17,2003-04-18,82.6923076923077,2003-04-17,2003-04-18,90.47619047619048,False,,False,False,True,2,True,True,True,2.0,True,True,2,2,86.58424908424908,EXTREME_BULLISH,True,True,True,False,True,False,False
2003-04-21,,,,,,2003-04-17,2003-04-18,82.6923076923077,2003-04-17,2003-04-18,90.47619047619048,False,,False,False,True,3,True,True,True,3.0,True,True,2,2,86.58424908424908,EXTREME_BULLISH,True,True,True,False,True,False,False
2003-04-22,,,,,,2003-04-17,2003-04-18,82.6923076923077,2003-04-21,2003-04-22,89.28571428571429,False,,False,False,True,4,True,True,True,0.0,True,True,2,2,85.98901098901099,EXTREME_BULLISH,True,True,True,False,True,False,False
2003-04-23,,,,,,2003-04-17,2003-04-18,82.6923076923077,2003-04-22,2003-04-23,92.46031746031746,False,,False,False,True,5,True,True,True,0.0,True,True,2,2,87.57631257631257,EXTREME_BULLISH,True,True,True,False,True,False,False
2003-04-24,,,,,,2003-04-17,2003-04-18,82.6923076923077,2003-04-23,2003-04-24,91.66666666666667,False,,False,False,True,6,True,True,True,0.0,True,True,2,2,87.17948717948718,EXTREME_BULLISH,True,True,True,False,True,False,False
2003-04-25,,,,,,2003-04-24,2003-04-25,100.0,2003-04-24,2003-04-25,94.04761904761905,False,,False,False,True,0,True,True,True,0.0,True,True,2,2,97.02380952380952,EXTREME_BULLISH,True,True,True,False,True,False,False
2003-04-26,,,,,,2003-04-24,2003-04-25,100.0,2003-04-25,2003-04-26,91.26984126984127,False,,False,False,True,1,True,True,True,0.0,True,True,2,2,95.63492063492063,EXTREME_BULLISH,True,True,True,False,True,False,False
2003-04-27,,,,,,2003-04-24,2003-04-25,100.0,2003-04-25,2003-04-26,91.26984126984127,False,,False,False,True,2,True,True,True,1.0,True,True,2,2,95.63492063492063,EXTREME_BULLISH,True,True,True,False,True,False,False
2003-04-28,,,,,,2003-04-24,2003-04-25,100.0,2003-04-25,2003-04-26,91.26984126984127,False,,False,False,True,3,True,True,True,2.0,True,True,2,2,95.63492063492063,EXTREME_BULLISH,True,True,True,False,True,False,False
2003-04-29,,,,,,2003-04-24,2003-04-25,100.0,2003-04-28,2003-04-29,90.87301587301587,False,,False,False,True,4,True,True,True,0.0,True,True,2,2,95.43650793650794,EXTREME_BULLISH,True,True,True,False,True,False,False
2003-04-30,,,,,,2003-04-24,2003-04-25,100.0,2003-04-29,2003-04-30,91.66666666666667,False,,False,False,True,5,True,True,True,0.0,True,True,2,2,95.83333333333334,EXTREME_BULLISH,True,True,True,False,True,False,False
2003-05-01,,,,,,2003-04-24,2003-04-25,100.0,2003-04-30,2003-05-01,90.07936507936508,False,,False,False,True,6,True,True,True,0.0,True,True,2,2,95.03968253968253,EXTREME_BULLISH,True,True,True,False,True,False,False
2003-05-02,,,,,,2003-05-01,2003-05-02,90.3846153846154,2003-05-01,2003-05-02,89.28571428571429,False,,False,False,True,0,True,True,True,0.0,True,True,2,2,89.83516483516485,EXTREME_BULLISH,True,True,True,False,True,False,False
2003-05-03,,,,,,2003-05-01,2003-05-02,90.3846153846154,2003-05-02,2003-05-03,93.25396825396825,False,,False,False,True,1,True,True,True,0.0,True,True,2,2,91.81929181929183,EXTREME_BULLISH,True,True,True,False,True,False,False
2003-05-04,,,,,,2003-05-01,2003-05-02,90.3846153846154,2003-05-02,2003-05-03,93.25396825396825,False,,False,False,True,2,True,True,True,1.0,True,True,2,2,91.81929181929183,EXTREME_BULLISH,True,True,True,False,True,False,False
2003-05-05,,,,,,2003-05-01,2003-05-02,90.3846153846154,2003-05-02,2003-05-03,93.25396825396825,False,,False,False,True,3,True,True,True,2.0,True,True,2,2,91.81929181929183,EXTREME_BULLISH,True,True,True,False,True,False,False
2003-05-06,,,,,,2003-05-01,2003-05-02,90.3846153846154,2003-05-05,2003-05-06,90.87301587301587,False,,False,False,True,4,True,True,True,0.0,True,True,2,2,90.62881562881563,EXTREME_BULLISH,True,True,True,False,True,False,False
2003-05-07,,,,,,2003-05-01,2003-05-02,90.3846153846154,2003-05-06,2003-05-07,91.26984126984127,False,,False,False,True,5,True,True,True,0.0,True,True,2,2,90.82722832722834,EXTREME_BULLISH,True,True,True,False,True,False,False
2003-05-08,,,,,,2003-05-01,2003-05-02,90.3846153846154,2003-05-07,2003-05-08,90.47619047619048,False,,False,False,True,6,True,True,True,0.0,True,True,2,2,90.43040293040295,EXTREME_BULLISH,True,True,True,False,True,False,False
2003-05-09,,,,,,2003-05-08,2003-05-09,96.15384615384616,2003-05-08,2003-05-09,89.68253968253968,False,,False,False,True,0,True,True,True,0.0,True,True,2,2,92.91819291819291,EXTREME_BULLISH,True,True,True,False,True,False,False
2003-05-10,,,,,,2003-05-08,2003-05-09,96.15384615384616,2003-05-09,2003-05-10,96.42857142857143,False,,False,False,True,1,True,True,True,0.0,True,True,2,2,96.29120879120879,EXTREME_BULLISH,True,True,True,False,True,False,False
2003-05-11,,,,,,2003-05-08,2003-05-09,96.15384615384616,2003-05-09,2003-05-10,96.42857142857143,False,,False,False,True,2,True,True,True,1.0,True,True,2,2,96.29120879120879,EXTREME_BULLISH,True,True,True,False,True,False,False
2003-05-12,,,,,,2003-05-08,2003-05-09,96.15384615384616,2003-05-09,2003-05-10,96.42857142857143,False,,False,False,True,3,True,True,True,2.0,True,True,2,2,96.29120879120879,EXTREME_BULLISH,True,True,True,False,True,False,False
2003-05-13,,,,,,2003-05-08,2003-05-09,96.15384615384616,2003-05-12,2003-05-13,96.82539682539682,False,,False,False,True,4,True,True,True,0.0,True,True,2,2,96.4896214896215,EXTREME_BULLISH,True,True,True,False,True,False,False
2003-05-14,,,,,,2003-05-08,2003-05-09,96.15384615384616,2003-05-13,2003-05-14,95.63492063492063,False,,False,False,True,5,True,True,True,0.0,True,True,2,2,95.8943833943834,EXTREME_BULLISH,True,True,True,False,True,False,False
2003-05-15,,,,,,2003-05-08,2003-05-09,96.15384615384616,2003-05-14,2003-05-15,95.23809523809524,False,,False,False,True,6,True,True,True,0.0,True,True,2,2,95.6959706959707,EXTREME_BULLISH,True,True,True,False,True,False,False
2003-05-16,,,,,,2003-05-15,2003-05-16,100.0,2003-05-15,2003-05-16,97.61904761904762,False,,False,False,True,0,True,True,True,0.0,True,True,2,2,98.80952380952381,EXTREME_BULLISH,True,True,True,False,True,False,False
2003-05-17,,,,,,2003-05-15,2003-05-16,100.0,2003-05-16,2003-05-17,98.80952380952381,False,,False,False,True,1,True,True,True,0.0,True,True,2,2,99.4047619047619,EXTREME_BULLISH,True,True,True,False,True,False,False
2003-05-18,,,,,,2003-05-15,2003-05-16,100.0,2003-05-16,2003-05-17,98.80952380952381,False,,False,False,True,2,True,True,True,1.0,True,True,2,2,99.4047619047619,EXTREME_BULLISH,True,True,True,False,True,False,False
2003-05-19,,,,,,2003-05-15,2003-05-16,100.0,2003-05-16,2003-05-17,98.80952380952381,False,,False,False,True,3,True,True,True,2.0,True,True,2,2,99.4047619047619,EXTREME_BULLISH,True,True,True,False,True,False,False
2003-05-20,,,,,,2003-05-15,2003-05-16,100.0,2003-05-19,2003-05-20,93.65079365079364,False,,False,False,True,4,True,True,True,0.0,True,True,2,2,96.82539682539682,EXTREME_BULLISH,True,True,True,False,True,False,False
2003-05-21,,,,,,2003-05-15,2003-05-16,100.0,2003-05-20,2003-05-21,88.88888888888889,False,,False,False,True,5,True,True,True,0.0,True,True,2,2,94.44444444444444,EXTREME_BULLISH,True,True,True,False,True,False,False
2003-05-22,,,,,,2003-05-15,2003-05-16,100.0,2003-05-21,2003-05-22,89.68253968253968,False,,False,False,True,6,True,True,True,0.0,True,True,2,2,94.84126984126985,EXTREME_BULLISH,True,True,True,False,True,False,False
2003-05-30,,,,,,2003-05-29,2003-05-30,100.0,2003-05-29,2003-05-30,94.84126984126985,False,,False,False,True,0,True,True,True,0.0,True,True,2,2,97.42063492063492,EXTREME_BULLISH,True,True,True,False,True,False,False
2003-05-31,,,,,,2003-05-29,2003-05-30,100.0,2003-05-30,2003-05-31,98.41269841269842,False,,False,False,True,1,True,True,True,0.0,True,True,2,2,99.20634920634922,EXTREME_BULLISH,True,True,True,False,True,False,False
2003-06-01,,,,,,2003-05-29,2003-05-30,100.0,2003-05-30,2003-05-31,98.41269841269842,False,,False,False,True,2,True,True,True,1.0,True,True,2,2,99.20634920634922,EXTREME_BULLISH,True,True,True,False,True,False,False
2003-06-02,,,,,,2003-05-29,2003-05-30,100.0,2003-05-30,2003-05-31,98.41269841269842,False,,False,False,True,3,True,True,True,2.0,True,True,2,2,99.20634920634922,EXTREME_BULLISH,True,True,True,False,True,False,False
2003-06-03,,,,,,2003-05-29,2003-05-30,100.0,2003-06-02,2003-06-03,91.26984126984127,False,,False,False,True,4,True,True,True,0.0,True,True,2,2,95.63492063492063,EXTREME_BULLISH,True,True,True,False,True,False,False
2003-06-04,,,,,,2003-05-29,2003-05-30,100.0,2003-06-03,2003-06-04,91.26984126984127,False,,False,False,True,5,True,True,True,0.0,True,True,2,2,95.63492063492063,EXTREME_BULLISH,True,True,True,False,True,False,False
2003-06-05,,,,,,2003-05-29,2003-05-30,100.0,2003-06-04,2003-06-05,94.04761904761905,False,,False,False,True,6,True,True,True,0.0,True,True,2,2,97.02380952380952,EXTREME_BULLISH,True,True,True,False,True,False,False
2003-06-06,,,,,,2003-06-05,2003-06-06,90.3846153846154,2003-06-05,2003-06-06,91.26984126984127,False,,False,False,True,0,True,True,True,0.0,True,True,2,2,90.82722832722834,EXTREME_BULLISH,True,True,True,False,True,False,False
2003-06-07,,,,,,2003-06-05,2003-06-06,90.3846153846154,2003-06-06,2003-06-07,87.6984126984127,False,,False,False,True,1,True,True,True,0.0,True,True,2,2,89.04151404151405,EXTREME_BULLISH,True,True,True,False,True,False,False
2003-06-08,,,,,,2003-06-05,2003-06-06,90.3846153846154,2003-06-06,2003-06-07,87.6984126984127,False,,False,False,True,2,True,True,True,1.0,True,True,2,2,89.04151404151405,EXTREME_BULLISH,True,True,True,False,True,False,False
2003-06-09,,,,,,2003-06-05,2003-06-06,90.3846153846154,2003-06-06,2003-06-07,87.6984126984127,False,,False,False,True,3,True,True,True,2.0,True,True,2,2,89.04151404151405,EXTREME_BULLISH,True,True,True,False,True,False,False
2003-06-10,,,,,,2003-06-05,2003-06-06,90.3846153846154,2003-06-09,2003-06-10,85.71428571428572,False,,False,False,True,4,True,True,True,0.0,True,True,2,2,88.04945054945057,EXTREME_BULLISH,True,True,True,False,True,False,False
2003-06-11,,,,,,2003-06-05,2003-06-06,90.3846153846154,2003-06-10,2003-06-11,93.25396825396825,False,,False,False,True,5,True,True,True,0.0,True,True,2,2,91.81929181929183,EXTREME_BULLISH,True,True,True,False,True,False,False
2003-06-12,,,,,,2003-06-05,2003-06-06,90.3846153846154,2003-06-11,2003-06-12,95.23809523809524,False,,False,False,True,6,True,True,True,0.0,True,True,2,2,92.81135531135533,EXTREME_BULLISH,True,True,True,False,True,False,False
2003-06-13,,,,,,2003-06-12,2003-06-13,78.84615384615384,2003-06-12,2003-06-13,94.44444444444444,False,,False,False,True,0,True,True,True,0.0,True,True,2,2,86.64529914529913,EXTREME_BULLISH,True,True,True,False,True,False,False
2003-06-14,,,,,,2003-06-12,2003-06-13,78.84615384615384,2003-06-13,2003-06-14,92.06349206349206,False,,False,False,True,1,True,True,True,0.0,True,True,2,2,85.45482295482296,EXTREME_BULLISH,True,True,True,False,True,False,False
2003-06-15,,,,,,2003-06-12,2003-06-13,78.84615384615384,2003-06-13,2003-06-14,92.06349206349206,False,,False,False,True,2,True,True,True,1.0,True,True,2,2,85.45482295482296,EXTREME_BULLISH,True,True,True,False,True,False,False
2003-06-16,,,,,,2003-06-12,2003-06-13,78.84615384615384,2003-06-13,2003-06-14,92.06349206349206,False,,False,False,True,3,True,True,True,2.0,True,True,2,2,85.45482295482296,EXTREME_BULLISH,True,True,True,False,True,False,False
2003-06-17,,,,,,2003-06-12,2003-06-13,78.84615384615384,2003-06-16,2003-06-17,94.84126984126985,False,,False,False,True,4,True,True,True,0.0,True,True,2,2,86.84371184371184,EXTREME_BULLISH,True,True,True,False,True,False,False
2003-06-18,,,,,,2003-06-12,2003-06-13,78.84615384615384,2003-06-17,2003-06-18,95.63492063492063,False,,False,False,True,5,True,True,True,0.0,True,True,2,2,87.24053724053724,EXTREME_BULLISH,True,True,True,False,True,False,False
2003-06-19,,,,,,2003-06-12,2003-06-13,78.84615384615384,2003-06-18,2003-06-19,97.22222222222223,False,,False,False,True,6,True,True,True,0.0,True,True,2,2,88.03418803418803,EXTREME_BULLISH,True,True,True,False,True,False,False
2003-06-20,,,,,,2003-06-19,2003-06-20,76.92307692307693,2003-06-19,2003-06-20,96.42857142857143,False,,False,False,True,0,True,True,True,0.0,True,True,2,2,86.67582417582418,EXTREME_BULLISH,True,True,True,False,True,False,False
2003-06-21,,,,,,2003-06-19,2003-06-20,76.92307692307693,2003-06-20,2003-06-21,99.2063492063492,False,,False,False,True,1,True,True,True,0.0,True,True,2,2,88.06471306471306,EXTREME_BULLISH,True,True,True,False,True,False,False
2003-06-22,,,,,,2003-06-19,2003-06-20,76.92307692307693,2003-06-20,2003-06-21,99.2063492063492,False,,False,False,True,2,True,True,True,1.0,True,True,2,2,88.06471306471306,EXTREME_BULLISH,True,True,True,False,True,False,False
2003-06-23,,,,,,2003-06-19,2003-06-20,76.92307692307693,2003-06-20,2003-06-21,99.2063492063492,False,,False,False,True,3,True,True,True,2.0,True,True,2,2,88.06471306471306,EXTREME_BULLISH,True,True,True,False,True,False,False
2003-06-24,,,,,,2003-06-19,2003-06-20,76.92307692307693,2003-06-23,2003-06-24,91.26984126984127,False,,False,False,True,4,True,True,True,0.0,True,True,2,2,84.0964590964591,EXTREME_BULLISH,True,True,True,False,True,False,False
2003-06-25,,,,,,2003-06-19,2003-06-20,76.92307692307693,2003-06-24,2003-06-25,88.88888888888889,False,,False,False,True,5,True,True,True,0.0,True,True,2,2,82.90598290598291,EXTREME_BULLISH,True,True,True,False,True,False,False
2003-06-26,,,,,,2003-06-19,2003-06-20,76.92307692307693,2003-06-25,2003-06-26,86.9047619047619,False,,False,False,True,6,True,True,True,0.0,True,True,2,2,81.91391941391942,EXTREME_BULLISH,True,True,True,False,True,False,False
2003-06-27,,,,,,2003-06-26,2003-06-27,100.0,2003-06-26,2003-06-27,98.01587301587301,False,,False,False,True,0,True,True,True,0.0,True,True,2,2,99.0079365079365,EXTREME_BULLISH,True,True,True,False,True,False,False
2003-06-28,,,,,,2003-06-26,2003-06-27,100.0,2003-06-27,2003-06-28,98.80952380952381,False,,False,False,True,1,True,True,True,0.0,True,True,2,2,99.4047619047619,EXTREME_BULLISH,True,True,True,False,True,False,False
2003-06-29,,,,,,2003-06-26,2003-06-27,100.0,2003-06-27,2003-06-28,98.80952380952381,False,,False,False,True,2,True,True,True,1.0,True,True,2,2,99.4047619047619,EXTREME_BULLISH,True,True,True,False,True,False,False
2003-06-30,,,,,,2003-06-26,2003-06-27,100.0,2003-06-27,2003-06-28,98.80952380952381,False,,False,False,True,3,True,True,True,2.0,True,True,2,2,99.4047619047619,EXTREME_BULLISH,True,True,True,False,True,False,False
2003-07-01,,,,,,2003-06-26,2003-06-27,100.0,2003-06-30,2003-07-01,96.42857142857143,False,,False,False,True,4,True,True,True,0.0,True,True,2,2,98.21428571428572,EXTREME_BULLISH,True,True,True,False,True,False,False
2003-07-02,,,,,,2003-06-26,2003-06-27,100.0,2003-07-01,2003-07-02,97.22222222222223,False,,False,False,True,5,True,True,True,0.0,True,True,2,2,98.61111111111111,EXTREME_BULLISH,True,True,True,False,True,False,False
2003-07-03,,,,,,2003-06-26,2003-06-27,100.0,2003-07-02,2003-07-03,99.2063492063492,False,,False,False,True,6,True,True,True,0.0,True,True,2,2,99.60317460317461,EXTREME_BULLISH,True,True,True,False,True,False,False
2003-07-11,,,,,,2003-07-10,2003-07-11,63.46153846153846,2003-07-10,2003-07-11,97.22222222222223,False,,False,False,True,0,True,True,True,0.0,True,True,2,2,80.34188034188034,EXTREME_BULLISH,True,True,True,False,True,False,False
2003-07-12,,,,,,2003-07-10,2003-07-11,63.46153846153846,2003-07-11,2003-07-12,99.2063492063492,False,,False,False,True,1,True,True,True,0.0,True,True,2,2,81.33394383394383,EXTREME_BULLISH,True,True,True,False,True,False,False
2003-07-13,,,,,,2003-07-10,2003-07-11,63.46153846153846,2003-07-11,2003-07-12,99.2063492063492,False,,False,False,True,2,True,True,True,1.0,True,True,2,2,81.33394383394383,EXTREME_BULLISH,True,True,True,False,True,False,False
2003-07-14,,,,,,2003-07-10,2003-07-11,63.46153846153846,2003-07-11,2003-07-12,99.2063492063492,False,,False,False,True,3,True,True,True,2.0,True,True,2,2,81.33394383394383,EXTREME_BULLISH,True,True,True,False,True,False,False
2003-07-18,,,,,,2003-07-17,2003-07-18,78.84615384615384,2003-07-17,2003-07-18,87.3015873015873,False,,False,False,True,0,True,True,True,0.0,True,True,2,2,83.07387057387058,EXTREME_BULLISH,True,True,True,False,True,False,False
2003-07-19,,,,,,2003-07-17,2003-07-18,78.84615384615384,2003-07-18,2003-07-19,98.01587301587301,False,,False,False,True,1,True,True,True,0.0,True,True,2,2,88.43101343101343,EXTREME_BULLISH,True,True,True,False,True,False,False
2003-07-20,,,,,,2003-07-17,2003-07-18,78.84615384615384,2003-07-18,2003-07-19,98.01587301587301,False,,False,False,True,2,True,True,True,1.0,True,True,2,2,88.43101343101343,EXTREME_BULLISH,True,True,True,False,True,False,False
2003-07-21,,,,,,2003-07-17,2003-07-18,78.84615384615384,2003-07-18,2003-07-19,98.01587301587301,False,,False,False,True,3,True,True,True,2.0,True,True,2,2,88.43101343101343,EXTREME_BULLISH,True,True,True,False,True,False,False
2003-07-22,,,,,,2003-07-17,2003-07-18,78.84615384615384,2003-07-21,2003-07-22,90.47619047619048,False,,False,False,True,4,True,True,True,0.0,True,True,2,2,84.66117216117216,EXTREME_BULLISH,True,True,True,False,True,False,False
2003-07-23,,,,,,2003-07-17,2003-07-18,78.84615384615384,2003-07-22,2003-07-23,96.42857142857143,False,,False,False,True,5,True,True,True,0.0,True,True,2,2,87.63736263736263,EXTREME_BULLISH,True,True,True,False,True,False,False
2003-07-24,,,,,,2003-07-17,2003-07-18,78.84615384615384,2003-07-23,2003-07-24,98.80952380952381,False,,False,False,True,6,True,True,True,0.0,True,True,2,2,88.82783882783883,EXTREME_BULLISH,True,True,True,False,True,False,False
2003-07-25,,,,,,2003-07-24,2003-07-25,76.92307692307693,2003-07-24,2003-07-25,98.80952380952381,False,,False,False,True,0,True,True,True,0.0,True,True,2,2,87.86630036630038,EXTREME_BULLISH,True,True,True,False,True,False,False
2003-07-26,,,,,,2003-07-24,2003-07-25,76.92307692307693,2003-07-25,2003-07-26,99.60317460317461,False,,False,False,True,1,True,True,True,0.0,True,True,2,2,88.26312576312577,EXTREME_BULLISH,True,True,True,False,True,False,False
2003-07-27,,,,,,2003-07-24,2003-07-25,76.92307692307693,2003-07-25,2003-07-26,99.60317460317461,False,,False,False,True,2,True,True,True,1.0,True,True,2,2,88.26312576312577,EXTREME_BULLISH,True,True,True,False,True,False,False
2003-07-28,,,,,,2003-07-24,2003-07-25,76.92307692307693,2003-07-25,2003-07-26,99.60317460317461,False,,False,False,True,3,True,True,True,2.0,True,True,2,2,88.26312576312577,EXTREME_BULLISH,True,True,True,False,True,False,False
2003-07-29,,,,,,2003-07-24,2003-07-25,76.92307692307693,2003-07-28,2003-07-29,99.2063492063492,False,,False,False,True,4,True,True,True,0.0,True,True,2,2,88.06471306471306,EXTREME_BULLISH,True,True,True,False,True,False,False
2003-07-30,,,,,,2003-07-24,2003-07-25,76.92307692307693,2003-07-29,2003-07-30,97.22222222222223,False,,False,False,True,5,True,True,True,0.0,True,True,2,2,87.07264957264958,EXTREME_BULLISH,True,True,True,False,True,False,False
2003-07-31,,,,,,2003-07-24,2003-07-25,76.92307692307693,2003-07-30,2003-07-31,96.82539682539682,False,,False,False,True,6,True,True,True,0.0,True,True,2,2,86.87423687423689,EXTREME_BULLISH,True,True,True,False,True,False,False
2003-08-01,,,,,,2003-07-31,2003-08-01,92.3076923076923,2003-07-31,2003-08-01,90.87301587301587,False,,False,False,True,0,True,True,True,0.0,True,True,2,2,91.59035409035408,EXTREME_BULLISH,True,True,True,False,True,False,False
2003-08-02,,,,,,2003-07-31,2003-08-01,92.3076923076923,2003-08-01,2003-08-02,78.57142857142857,False,,False,False,True,1,True,True,True,0.0,True,True,2,2,85.43956043956044,EXTREME_BULLISH,True,True,True,False,True,False,False
2003-08-03,,,,,,2003-07-31,2003-08-01,92.3076923076923,2003-08-01,2003-08-02,78.57142857142857,False,,False,False,True,2,True,True,True,1.0,True,True,2,2,85.43956043956044,EXTREME_BULLISH,True,True,True,False,True,False,False
2003-08-04,,,,,,2003-07-31,2003-08-01,92.3076923076923,2003-08-01,2003-08-02,78.57142857142857,False,,False,False,True,3,True,True,True,2.0,True,True,2,2,85.43956043956044,EXTREME_BULLISH,True,True,True,False,True,False,False
2003-08-05,,,,,,2003-07-31,2003-08-01,92.3076923076923,2003-08-04,2003-08-05,72.22222222222223,False,,False,False,True,4,True,True,True,0.0,True,True,2,2,82.26495726495727,EXTREME_BULLISH,True,True,True,False,True,False,False
2003-08-06,,,,,,2003-07-31,2003-08-01,92.3076923076923,2003-08-05,2003-08-06,69.04761904761904,False,,False,False,True,5,True,True,True,0.0,True,True,2,2,80.67765567765568,EXTREME_BULLISH,True,True,True,False,True,False,False
2003-08-07,,,,,,2003-07-31,2003-08-01,92.3076923076923,2003-08-06,2003-08-07,71.03174603174602,False,,False,False,True,6,True,True,True,0.0,True,True,2,2,81.66971916971917,EXTREME_BULLISH,True,True,True,False,True,False,False
2003-08-15,,,,,,2003-08-14,2003-08-15,82.6923076923077,2003-08-14,2003-08-15,97.61904761904762,False,,False,False,True,0,True,True,True,0.0,True,True,2,2,90.15567765567766,EXTREME_BULLISH,True,True,True,False,True,False,False
2003-08-16,,,,,,2003-08-14,2003-08-15,82.6923076923077,2003-08-15,2003-08-16,98.80952380952381,False,,False,False,True,1,True,True,True,0.0,True,True,2,2,90.75091575091575,EXTREME_BULLISH,True,True,True,False,True,False,False
2003-08-17,,,,,,2003-08-14,2003-08-15,82.6923076923077,2003-08-15,2003-08-16,98.80952380952381,False,,False,False,True,2,True,True,True,1.0,True,True,2,2,90.75091575091575,EXTREME_BULLISH,True,True,True,False,True,False,False
2003-08-18,,,,,,2003-08-14,2003-08-15,82.6923076923077,2003-08-15,2003-08-16,98.80952380952381,False,,False,False,True,3,True,True,True,2.0,True,True,2,2,90.75091575091575,EXTREME_BULLISH,True,True,True,False,True,False,False
2003-08-19,,,,,,2003-08-14,2003-08-15,82.6923076923077,2003-08-18,2003-08-19,98.80952380952381,False,,False,False,True,4,True,True,True,0.0,True,True,2,2,90.75091575091575,EXTREME_BULLISH,True,True,True,False,True,False,False
2003-08-20,,,,,,2003-08-14,2003-08-15,82.6923076923077,2003-08-19,2003-08-20,99.2063492063492,False,,False,False,True,5,True,True,True,0.0,True,True,2,2,90.94932844932845,EXTREME_BULLISH,True,True,True,False,True,False,False
2003-08-21,,,,,,2003-08-14,2003-08-15,82.6923076923077,2003-08-20,2003-08-21,99.2063492063492,False,,False,False,True,6,True,True,True,0.0,True,True,2,2,90.94932844932845,EXTREME_BULLISH,True,True,True,False,True,False,False
2003-08-22,,,,,,2003-08-21,2003-08-22,94.23076923076924,2003-08-21,2003-08-22,98.80952380952381,False,,False,False,True,0,True,True,True,0.0,True,True,2,2,96.52014652014653,EXTREME_BULLISH,True,True,True,False,True,False,False
2003-08-23,,,,,,2003-08-21,2003-08-22,94.23076923076924,2003-08-22,2003-08-23,95.23809523809524,False,,False,False,True,1,True,True,True,0.0,True,True,2,2,94.73443223443223,EXTREME_BULLISH,True,True,True,False,True,False,False
2003-08-24,,,,,,2003-08-21,2003-08-22,94.23076923076924,2003-08-22,2003-08-23,95.23809523809524,False,,False,False,True,2,True,True,True,1.0,True,True,2,2,94.73443223443223,EXTREME_BULLISH,True,True,True,False,True,False,False
2003-08-25,,,,,,2003-08-21,2003-08-22,94.23076923076924,2003-08-22,2003-08-23,95.23809523809524,False,,False,False,True,3,True,True,True,2.0,True,True,2,2,94.73443223443223,EXTREME_BULLISH,True,True,True,False,True,False,False
2003-08-26,,,,,,2003-08-21,2003-08-22,94.23076923076924,2003-08-25,2003-08-26,86.11111111111111,False,,False,False,True,4,True,True,True,0.0,True,True,2,2,90.17094017094018,EXTREME_BULLISH,True,True,True,False,True,False,False
2003-08-27,,,,,,2003-08-21,2003-08-22,94.23076923076924,2003-08-26,2003-08-27,86.9047619047619,False,,False,False,True,5,True,True,True,0.0,True,True,2,2,90.56776556776558,EXTREME_BULLISH,True,True,True,False,True,False,False
2003-08-28,,,,,,2003-08-21,2003-08-22,94.23076923076924,2003-08-27,2003-08-28,91.66666666666667,False,,False,False,True,6,True,True,True,0.0,True,True,2,2,92.94871794871796,EXTREME_BULLISH,True,True,True,False,True,False,False
2003-08-29,,,,,,2003-08-28,2003-08-29,84.61538461538461,2003-08-28,2003-08-29,95.23809523809524,False,,False,False,True,0,True,True,True,0.0,True,True,2,2,89.92673992673993,EXTREME_BULLISH,True,True,True,False,True,False,False
2003-08-30,,,,,,2003-08-28,2003-08-29,84.61538461538461,2003-08-29,2003-08-30,94.04761904761905,False,,False,False,True,1,True,True,True,0.0,True,True,2,2,89.33150183150184,EXTREME_BULLISH,True,True,True,False,True,False,False
2003-08-31,,,,,,2003-08-28,2003-08-29,84.61538461538461,2003-08-29,2003-08-30,94.04761904761905,False,,False,False,True,2,True,True,True,1.0,True,True,2,2,89.33150183150184,EXTREME_BULLISH,True,True,True,False,True,False,False
2003-09-01,,,,,,2003-08-28,2003-08-29,84.61538461538461,2003-08-29,2003-08-30,94.04761904761905,False,,False,False,True,3,True,True,True,2.0,True,True,2,2,89.33150183150184,EXTREME_BULLISH,True,True,True,False,True,False,False
2003-09-02,,,,,,2003-08-28,2003-08-29,84.61538461538461,2003-08-29,2003-08-30,94.04761904761905,False,,False,False,True,4,True,True,True,3.0,True,True,2,2,89.33150183150184,EXTREME_BULLISH,True,True,True,False,True,False,False
2003-09-03,,,,,,2003-08-28,2003-08-29,84.61538461538461,2003-09-02,2003-09-03,91.66666666666667,False,,False,False,True,5,True,True,True,0.0,True,True,2,2,88.14102564102564,EXTREME_BULLISH,True,True,True,False,True,False,False
2003-09-04,,,,,,2003-08-28,2003-08-29,84.61538461538461,2003-09-03,2003-09-04,86.9047619047619,False,,False,False,True,6,True,True,True,0.0,True,True,2,2,85.76007326007326,EXTREME_BULLISH,True,True,True,False,True,False,False
2003-09-05,,,,,,2003-09-04,2003-09-05,94.23076923076924,2003-09-04,2003-09-05,92.85714285714286,False,,False,False,True,0,True,True,True,0.0,True,True,2,2,93.54395604395606,EXTREME_BULLISH,True,True,True,False,True,False,False
2003-09-06,,,,,,2003-09-04,2003-09-05,94.23076923076924,2003-09-05,2003-09-06,97.61904761904762,False,,False,False,True,1,True,True,True,0.0,True,True,2,2,95.92490842490844,EXTREME_BULLISH,True,True,True,False,True,False,False
2003-09-07,,,,,,2003-09-04,2003-09-05,94.23076923076924,2003-09-05,2003-09-06,97.61904761904762,False,,False,False,True,2,True,True,True,1.0,True,True,2,2,95.92490842490844,EXTREME_BULLISH,True,True,True,False,True,False,False
2003-09-08,,,,,,2003-09-04,2003-09-05,94.23076923076924,2003-09-05,2003-09-06,97.61904761904762,False,,False,False,True,3,True,True,True,2.0,True,True,2,2,95.92490842490844,EXTREME_BULLISH,True,True,True,False,True,False,False
2003-09-09,,,,,,2003-09-04,2003-09-05,94.23076923076924,2003-09-08,2003-09-09,96.82539682539682,False,,False,False,True,4,True,True,True,0.0,True,True,2,2,95.52808302808303,EXTREME_BULLISH,True,True,True,False,True,False,False
2003-09-10,,,,,,2003-09-04,2003-09-05,94.23076923076924,2003-09-09,2003-09-10,90.87301587301587,False,,False,False,True,5,True,True,True,0.0,True,True,2,2,92.55189255189256,EXTREME_BULLISH,True,True,True,False,True,False,False
2003-09-11,,,,,,2003-09-04,2003-09-05,94.23076923076924,2003-09-10,2003-09-11,76.19047619047619,False,,False,False,True,6,True,True,True,0.0,True,True,2,2,85.21062271062272,EXTREME_BULLISH,True,True,True,False,True,False,False
2003-09-12,,,,,,2003-09-11,2003-09-12,88.46153846153845,2003-09-11,2003-09-12,86.11111111111111,False,,False,False,True,0,True,True,True,0.0,True,True,2,2,87.28632478632478,EXTREME_BULLISH,True,True,True,False,True,False,False
2003-09-13,,,,,,2003-09-11,2003-09-12,88.46153846153845,2003-09-12,2003-09-13,92.06349206349206,False,,False,False,True,1,True,True,True,0.0,True,True,2,2,90.26251526251525,EXTREME_BULLISH,True,True,True,False,True,False,False
2003-09-14,,,,,,2003-09-11,2003-09-12,88.46153846153845,2003-09-12,2003-09-13,92.06349206349206,False,,False,False,True,2,True,True,True,1.0,True,True,2,2,90.26251526251525,EXTREME_BULLISH,True,True,True,False,True,False,False
2003-09-15,,,,,,2003-09-11,2003-09-12,88.46153846153845,2003-09-12,2003-09-13,92.06349206349206,False,,False,False,True,3,True,True,True,2.0,True,True,2,2,90.26251526251525,EXTREME_BULLISH,True,True,True,False,True,False,False
2003-09-16,,,,,,2003-09-11,2003-09-12,88.46153846153845,2003-09-15,2003-09-16,85.31746031746032,False,,False,False,True,4,True,True,True,0.0,True,True,2,2,86.88949938949938,EXTREME_BULLISH,True,True,True,False,True,False,False
2003-09-17,,,,,,2003-09-11,2003-09-12,88.46153846153845,2003-09-16,2003-09-17,97.61904761904762,False,,False,False,True,5,True,True,True,0.0,True,True,2,2,93.04029304029304,EXTREME_BULLISH,True,True,True,False,True,False,False
2003-09-18,,,,,,2003-09-11,2003-09-12,88.46153846153845,2003-09-17,2003-09-18,97.22222222222223,False,,False,False,True,6,True,True,True,0.0,True,True,2,2,92.84188034188034,EXTREME_BULLISH,True,True,True,False,True,False,False
2003-09-19,,,,,,2003-09-18,2003-09-19,88.46153846153845,2003-09-18,2003-09-19,99.60317460317461,False,,False,False,True,0,True,True,True,0.0,True,True,2,2,94.03235653235653,EXTREME_BULLISH,True,True,True,False,True,False,False
2003-09-20,,,,,,2003-09-18,2003-09-19,88.46153846153845,2003-09-19,2003-09-20,99.60317460317461,False,,False,False,True,1,True,True,True,0.0,True,True,2,2,94.03235653235653,EXTREME_BULLISH,True,True,True,False,True,False,False
2003-09-21,,,,,,2003-09-18,2003-09-19,88.46153846153845,2003-09-19,2003-09-20,99.60317460317461,False,,False,False,True,2,True,True,True,1.0,True,True,2,2,94.03235653235653,EXTREME_BULLISH,True,True,True,False,True,False,False
2003-09-22,,,,,,2003-09-18,2003-09-19,88.46153846153845,2003-09-19,2003-09-20,99.60317460317461,False,,False,False,True,3,True,True,True,2.0,True,True,2,2,94.03235653235653,EXTREME_BULLISH,True,True,True,False,True,False,False
2003-09-23,,,,,,2003-09-18,2003-09-19,88.46153846153845,2003-09-22,2003-09-23,77.77777777777777,False,,False,False,True,4,True,True,True,0.0,True,True,2,2,83.11965811965811,EXTREME_BULLISH,True,True,True,False,True,False,False
2003-09-24,,,,,,2003-09-18,2003-09-19,88.46153846153845,2003-09-23,2003-09-24,81.34920634920636,False,,False,False,True,5,True,True,True,0.0,True,True,2,2,84.9053724053724,EXTREME_BULLISH,True,True,True,False,True,False,False
2003-10-10,,,,,,2003-10-09,2003-10-10,76.92307692307693,2003-10-09,2003-10-10,89.28571428571429,False,,False,False,True,0,True,True,True,0.0,True,True,2,2,83.10439560439562,EXTREME_BULLISH,True,True,True,False,True,False,False
2003-10-11,,,,,,2003-10-09,2003-10-10,76.92307692307693,2003-10-10,2003-10-11,93.65079365079364,False,,False,False,True,1,True,True,True,0.0,True,True,2,2,85.28693528693529,EXTREME_BULLISH,True,True,True,False,True,False,False
2003-10-12,,,,,,2003-10-09,2003-10-10,76.92307692307693,2003-10-10,2003-10-11,93.65079365079364,False,,False,False,True,2,True,True,True,1.0,True,True,2,2,85.28693528693529,EXTREME_BULLISH,True,True,True,False,True,False,False
2003-10-13,,,,,,2003-10-09,2003-10-10,76.92307692307693,2003-10-10,2003-10-11,93.65079365079364,False,,False,False,True,3,True,True,True,2.0,True,True,2,2,85.28693528693529,EXTREME_BULLISH,True,True,True,False,True,False,False
2003-10-14,,,,,,2003-10-09,2003-10-10,76.92307692307693,2003-10-13,2003-10-14,99.2063492063492,False,,False,False,True,4,True,True,True,0.0,True,True,2,2,88.06471306471306,EXTREME_BULLISH,True,True,True,False,True,False,False
2003-10-15,,,,,,2003-10-09,2003-10-10,76.92307692307693,2003-10-14,2003-10-15,99.60317460317461,False,,False,False,True,5,True,True,True,0.0,True,True,2,2,88.26312576312577,EXTREME_BULLISH,True,True,True,False,True,False,False
2003-10-16,,,,,,2003-10-09,2003-10-10,76.92307692307693,2003-10-15,2003-10-16,98.01587301587301,False,,False,False,True,6,True,True,True,0.0,True,True,2,2,87.46947496947497,EXTREME_BULLISH,True,True,True,False,True,False,False
2003-10-17,,,,,,2003-10-16,2003-10-17,96.15384615384616,2003-10-16,2003-10-17,99.60317460317461,False,,False,False,True,0,True,True,True,0.0,True,True,2,2,97.87851037851038,EXTREME_BULLISH,True,True,True,False,True,False,False
2003-10-18,,,,,,2003-10-16,2003-10-17,96.15384615384616,2003-10-17,2003-10-18,97.61904761904762,False,,False,False,True,1,True,True,True,0.0,True,True,2,2,96.88644688644689,EXTREME_BULLISH,True,True,True,False,True,False,False
2003-10-19,,,,,,2003-10-16,2003-10-17,96.15384615384616,2003-10-17,2003-10-18,97.61904761904762,False,,False,False,True,2,True,True,True,1.0,True,True,2,2,96.88644688644689,EXTREME_BULLISH,True,True,True,False,True,False,False
2003-10-20,,,,,,2003-10-16,2003-10-17,96.15384615384616,2003-10-17,2003-10-18,97.61904761904762,False,,False,False,True,3,True,True,True,2.0,True,True,2,2,96.88644688644689,EXTREME_BULLISH,True,True,True,False,True,False,False
2003-10-21,,,,,,2003-10-16,2003-10-17,96.15384615384616,2003-10-20,2003-10-21,99.60317460317461,False,,False,False,True,4,True,True,True,0.0,True,True,2,2,97.87851037851038,EXTREME_BULLISH,True,True,True,False,True,False,False
2003-10-22,,,,,,2003-10-16,2003-10-17,96.15384615384616,2003-10-21,2003-10-22,99.60317460317461,False,,False,False,True,5,True,True,True,0.0,True,True,2,2,97.87851037851038,EXTREME_BULLISH,True,True,True,False,True,False,False
2003-10-23,,,,,,2003-10-16,2003-10-17,96.15384615384616,2003-10-22,2003-10-23,96.42857142857143,False,,False,False,True,6,True,True,True,0.0,True,True,2,2,96.29120879120879,EXTREME_BULLISH,True,True,True,False,True,False,False
2003-10-24,,,,,,2003-10-23,2003-10-24,82.6923076923077,2003-10-23,2003-10-24,96.03174603174604,False,,False,False,True,0,True,True,True,0.0,True,True,2,2,89.36202686202687,EXTREME_BULLISH,True,True,True,False,True,False,False
2003-10-25,,,,,,2003-10-23,2003-10-24,82.6923076923077,2003-10-24,2003-10-25,95.23809523809524,False,,False,False,True,1,True,True,True,0.0,True,True,2,2,88.96520146520146,EXTREME_BULLISH,True,True,True,False,True,False,False
2003-10-26,,,,,,2003-10-23,2003-10-24,82.6923076923077,2003-10-24,2003-10-25,95.23809523809524,False,,False,False,True,2,True,True,True,1.0,True,True,2,2,88.96520146520146,EXTREME_BULLISH,True,True,True,False,True,False,False
2003-10-27,,,,,,2003-10-23,2003-10-24,82.6923076923077,2003-10-24,2003-10-25,95.23809523809524,False,,False,False,True,3,True,True,True,2.0,True,True,2,2,88.96520146520146,EXTREME_BULLISH,True,True,True,False,True,False,False
2003-10-28,,,,,,2003-10-23,2003-10-24,82.6923076923077,2003-10-27,2003-10-28,92.46031746031746,False,,False,False,True,4,True,True,True,0.0,True,True,2,2,87.57631257631257,EXTREME_BULLISH,True,True,True,False,True,False,False
2003-10-29,,,,,,2003-10-23,2003-10-24,82.6923076923077,2003-10-28,2003-10-29,99.2063492063492,False,,False,False,True,5,True,True,True,0.0,True,True,2,2,90.94932844932845,EXTREME_BULLISH,True,True,True,False,True,False,False
2003-10-30,,,,,,2003-10-23,2003-10-24,82.6923076923077,2003-10-29,2003-10-30,99.60317460317461,False,,False,False,True,6,True,True,True,0.0,True,True,2,2,91.14774114774116,EXTREME_BULLISH,True,True,True,False,True,False,False
2003-10-31,,,,,,2003-10-30,2003-10-31,82.6923076923077,2003-10-30,2003-10-31,99.60317460317461,False,,False,False,True,0,True,True,True,0.0,True,True,2,2,91.14774114774116,EXTREME_BULLISH,True,True,True,False,True,False,False
2003-11-01,,,,,,2003-10-30,2003-10-31,82.6923076923077,2003-10-31,2003-11-01,99.60317460317461,False,,False,False,True,1,True,True,True,0.0,True,True,2,2,91.14774114774116,EXTREME_BULLISH,True,True,True,False,True,False,False
2003-11-02,,,,,,2003-10-30,2003-10-31,82.6923076923077,2003-10-31,2003-11-01,99.60317460317461,False,,False,False,True,2,True,True,True,1.0,True,True,2,2,91.14774114774116,EXTREME_BULLISH,True,True,True,False,True,False,False
2003-11-03,,,,,,2003-10-30,2003-10-31,82.6923076923077,2003-10-31,2003-11-01,99.60317460317461,False,,False,False,True,3,True,True,True,2.0,True,True,2,2,91.14774114774116,EXTREME_BULLISH,True,True,True,False,True,False,False
2003-11-04,,,,,,2003-10-30,2003-10-31,82.6923076923077,2003-11-03,2003-11-04,98.01587301587301,False,,False,False,True,4,True,True,True,0.0,True,True,2,2,90.35409035409035,EXTREME_BULLISH,True,True,True,False,True,False,False
2003-11-05,,,,,,2003-10-30,2003-10-31,82.6923076923077,2003-11-04,2003-11-05,97.61904761904762,False,,False,False,True,5,True,True,True,0.0,True,True,2,2,90.15567765567766,EXTREME_BULLISH,True,True,True,False,True,False,False
2003-11-06,,,,,,2003-10-30,2003-10-31,82.6923076923077,2003-11-05,2003-11-06,96.82539682539682,False,,False,False,True,6,True,True,True,0.0,True,True,2,2,89.75885225885226,EXTREME_BULLISH,True,True,True,False,True,False,False
2003-11-07,,,,,,2003-11-06,2003-11-07,84.61538461538461,2003-11-06,2003-11-07,97.22222222222223,False,,False,False,True,0,True,True,True,0.0,True,True,2,2,90.91880341880342,EXTREME_BULLISH,True,True,True,False,True,False,False
2003-11-08,,,,,,2003-11-06,2003-11-07,84.61538461538461,2003-11-07,2003-11-08,96.03174603174604,False,,False,False,True,1,True,True,True,0.0,True,True,2,2,90.32356532356533,EXTREME_BULLISH,True,True,True,False,True,False,False
2003-11-09,,,,,,2003-11-06,2003-11-07,84.61538461538461,2003-11-07,2003-11-08,96.03174603174604,False,,False,False,True,2,True,True,True,1.0,True,True,2,2,90.32356532356533,EXTREME_BULLISH,True,True,True,False,True,False,False
2003-11-10,,,,,,2003-11-06,2003-11-07,84.61538461538461,2003-11-07,2003-11-08,96.03174603174604,False,,False,False,True,3,True,True,True,2.0,True,True,2,2,90.32356532356533,EXTREME_BULLISH,True,True,True,False,True,False,False
2003-11-11,,,,,,2003-11-06,2003-11-07,84.61538461538461,2003-11-10,2003-11-11,92.85714285714286,False,,False,False,True,4,True,True,True,0.0,True,True,2,2,88.73626373626374,EXTREME_BULLISH,True,True,True,False,True,False,False
2003-11-12,,,,,,2003-11-06,2003-11-07,84.61538461538461,2003-11-11,2003-11-12,94.04761904761905,False,,False,False,True,5,True,True,True,0.0,True,True,2,2,89.33150183150184,EXTREME_BULLISH,True,True,True,False,True,False,False
2003-11-13,,,,,,2003-11-06,2003-11-07,84.61538461538461,2003-11-12,2003-11-13,96.82539682539682,False,,False,False,True,6,True,True,True,0.0,True,True,2,2,90.72039072039072,EXTREME_BULLISH,True,True,True,False,True,False,False
2003-11-14,,,,,,2003-11-13,2003-11-14,78.84615384615384,2003-11-13,2003-11-14,98.41269841269842,False,,False,False,True,0,True,True,True,0.0,True,True,2,2,88.62942612942612,EXTREME_BULLISH,True,True,True,False,True,False,False
2003-11-15,,,,,,2003-11-13,2003-11-14,78.84615384615384,2003-11-14,2003-11-15,94.84126984126985,False,,False,False,True,1,True,True,True,0.0,True,True,2,2,86.84371184371184,EXTREME_BULLISH,True,True,True,False,True,False,False
2003-11-16,,,,,,2003-11-13,2003-11-14,78.84615384615384,2003-11-14,2003-11-15,94.84126984126985,False,,False,False,True,2,True,True,True,1.0,True,True,2,2,86.84371184371184,EXTREME_BULLISH,True,True,True,False,True,False,False
2003-11-17,,,,,,2003-11-13,2003-11-14,78.84615384615384,2003-11-14,2003-11-15,94.84126984126985,False,,False,False,True,3,True,True,True,2.0,True,True,2,2,86.84371184371184,EXTREME_BULLISH,True,True,True,False,True,False,False
2003-11-18,,,,,,2003-11-13,2003-11-14,78.84615384615384,2003-11-17,2003-11-18,81.34920634920636,False,,False,False,True,4,True,True,True,0.0,True,True,2,2,80.0976800976801,EXTREME_BULLISH,True,True,True,False,True,False,False
2003-11-27,,,,,,2003-11-20,2003-11-21,61.53846153846154,2003-11-26,2003-11-27,99.2063492063492,False,,False,False,True,6,True,True,True,0.0,True,True,2,2,80.37240537240537,EXTREME_BULLISH,True,True,True,False,True,False,False
2003-11-28,,,,,,2003-11-27,2003-11-28,80.76923076923077,2003-11-26,2003-11-27,99.2063492063492,False,,False,False,True,0,True,True,True,1.0,True,True,2,2,89.98778998779,EXTREME_BULLISH,True,True,True,False,True,False,False
2003-11-29,,,,,,2003-11-27,2003-11-28,80.76923076923077,2003-11-28,2003-11-29,98.80952380952381,False,,False,False,True,1,True,True,True,0.0,True,True,2,2,89.78937728937728,EXTREME_BULLISH,True,True,True,False,True,False,False
2003-11-30,,,,,,2003-11-27,2003-11-28,80.76923076923077,2003-11-28,2003-11-29,98.80952380952381,False,,False,False,True,2,True,True,True,1.0,True,True,2,2,89.78937728937728,EXTREME_BULLISH,True,True,True,False,True,False,False
2003-12-01,,,,,,2003-11-27,2003-11-28,80.76923076923077,2003-11-28,2003-11-29,98.80952380952381,False,,False,False,True,3,True,True,True,2.0,True,True,2,2,89.78937728937728,EXTREME_BULLISH,True,True,True,False,True,False,False
2003-12-02,,,,,,2003-11-27,2003-11-28,80.76923076923077,2003-12-01,2003-12-02,94.84126984126985,False,,False,False,True,4,True,True,True,0.0,True,True,2,2,87.80525030525031,EXTREME_BULLISH,True,True,True,False,True,False,False
2003-12-03,,,,,,2003-11-27,2003-11-28,80.76923076923077,2003-12-02,2003-12-03,98.80952380952381,False,,False,False,True,5,True,True,True,0.0,True,True,2,2,89.78937728937728,EXTREME_BULLISH,True,True,True,False,True,False,False
2003-12-04,,,,,,2003-11-27,2003-11-28,80.76923076923077,2003-12-03,2003-12-04,95.63492063492063,False,,False,False,True,6,True,True,True,0.0,True,True,2,2,88.2020757020757,EXTREME_BULLISH,True,True,True,False,True,False,False
2003-12-05,,,,,,2003-12-04,2003-12-05,98.07692307692308,2003-12-04,2003-12-05,98.41269841269842,False,,False,False,True,0,True,True,True,0.0,True,True,2,2,98.24481074481075,EXTREME_BULLISH,True,True,True,False,True,False,False
2003-12-06,,,,,,2003-12-04,2003-12-05,98.07692307692308,2003-12-05,2003-12-06,91.26984126984127,False,,False,False,True,1,True,True,True,0.0,True,True,2,2,94.67338217338218,EXTREME_BULLISH,True,True,True,False,True,False,False
2003-12-07,,,,,,2003-12-04,2003-12-05,98.07692307692308,2003-12-05,2003-12-06,91.26984126984127,False,,False,False,True,2,True,True,True,1.0,True,True,2,2,94.67338217338218,EXTREME_BULLISH,True,True,True,False,True,False,False
2003-12-08,,,,,,2003-12-04,2003-12-05,98.07692307692308,2003-12-05,2003-12-06,91.26984126984127,False,,False,False,True,3,True,True,True,2.0,True,True,2,2,94.67338217338218,EXTREME_BULLISH,True,True,True,False,True,False,False
2003-12-09,,,,,,2003-12-04,2003-12-05,98.07692307692308,2003-12-08,2003-12-09,96.42857142857143,False,,False,False,True,4,True,True,True,0.0,True,True,2,2,97.25274725274726,EXTREME_BULLISH,True,True,True,False,True,False,False
2003-12-10,,,,,,2003-12-04,2003-12-05,98.07692307692308,2003-12-09,2003-12-10,86.9047619047619,False,,False,False,True,5,True,True,True,0.0,True,True,2,2,92.49084249084248,EXTREME_BULLISH,True,True,True,False,True,False,False
2003-12-11,,,,,,2003-12-04,2003-12-05,98.07692307692308,2003-12-10,2003-12-11,83.33333333333334,False,,False,False,True,6,True,True,True,0.0,True,True,2,2,90.7051282051282,EXTREME_BULLISH,True,True,True,False,True,False,False
2003-12-13,,,,,,2003-12-11,2003-12-12,63.46153846153846,2003-12-12,2003-12-13,97.22222222222223,False,,False,False,True,1,True,True,True,0.0,True,True,2,2,80.34188034188034,EXTREME_BULLISH,True,True,True,False,True,False,False
2003-12-14,,,,,,2003-12-11,2003-12-12,63.46153846153846,2003-12-12,2003-12-13,97.22222222222223,False,,False,False,True,2,True,True,True,1.0,True,True,2,2,80.34188034188034,EXTREME_BULLISH,True,True,True,False,True,False,False
2003-12-15,,,,,,2003-12-11,2003-12-12,63.46153846153846,2003-12-12,2003-12-13,97.22222222222223,False,,False,False,True,3,True,True,True,2.0,True,True,2,2,80.34188034188034,EXTREME_BULLISH,True,True,True,False,True,False,False
2003-12-17,,,,,,2003-12-11,2003-12-12,63.46153846153846,2003-12-16,2003-12-17,99.60317460317461,False,,False,False,True,5,True,True,True,0.0,True,True,2,2,81.53235653235653,EXTREME_BULLISH,True,True,True,False,True,False,False
2003-12-18,,,,,,2003-12-11,2003-12-12,63.46153846153846,2003-12-17,2003-12-18,99.60317460317461,False,,False,False,True,6,True,True,True,0.0,True,True,2,2,81.53235653235653,EXTREME_BULLISH,True,True,True,False,True,False,False
2003-12-19,,,,,,2003-12-18,2003-12-19,80.76923076923077,2003-12-18,2003-12-19,98.41269841269842,False,,False,False,True,0,True,True,True,0.0,True,True,2,2,89.5909645909646,EXTREME_BULLISH,True,True,True,False,True,False,False
2003-12-20,,,,,,2003-12-18,2003-12-19,80.76923076923077,2003-12-19,2003-12-20,95.63492063492063,False,,False,False,True,1,True,True,True,0.0,True,True,2,2,88.2020757020757,EXTREME_BULLISH,True,True,True,False,True,False,False
2003-12-21,,,,,,2003-12-18,2003-12-19,80.76923076923077,2003-12-19,2003-12-20,95.63492063492063,False,,False,False,True,2,True,True,True,1.0,True,True,2,2,88.2020757020757,EXTREME_BULLISH,True,True,True,False,True,False,False
2003-12-22,,,,,,2003-12-18,2003-12-19,80.76923076923077,2003-12-19,2003-12-20,95.63492063492063,False,,False,False,True,3,True,True,True,2.0,True,True,2,2,88.2020757020757,EXTREME_BULLISH,True,True,True,False,True,False,False
2003-12-23,,,,,,2003-12-18,2003-12-19,80.76923076923077,2003-12-22,2003-12-23,88.88888888888889,False,,False,False,True,4,True,True,True,0.0,True,True,2,2,84.82905982905983,EXTREME_BULLISH,True,True,True,False,True,False,False
2003-12-24,,,,,,2003-12-18,2003-12-19,80.76923076923077,2003-12-23,2003-12-24,94.44444444444444,False,,False,False,True,5,True,True,True,0.0,True,True,2,2,87.60683760683762,EXTREME_BULLISH,True,True,True,False,True,False,False
2003-12-25,,,,,,2003-12-18,2003-12-19,80.76923076923077,2003-12-24,2003-12-25,92.06349206349206,False,,False,False,True,6,True,True,True,0.0,True,True,2,2,86.41636141636141,EXTREME_BULLISH,True,True,True,False,True,False,False
2003-12-26,,,,,,2003-12-18,2003-12-19,80.76923076923077,2003-12-24,2003-12-25,92.06349206349206,False,,False,False,True,7,True,True,True,1.0,True,True,2,2,86.41636141636141,EXTREME_BULLISH,True,True,True,False,True,False,False
2003-12-27,,,,,,2003-12-26,2003-12-27,94.23076923076924,2003-12-26,2003-12-27,85.31746031746032,False,,False,False,True,0,True,True,True,0.0,True,True,2,2,89.77411477411478,EXTREME_BULLISH,True,True,True,False,True,False,False
2003-12-28,,,,,,2003-12-26,2003-12-27,94.23076923076924,2003-12-26,2003-12-27,85.31746031746032,False,,False,False,True,1,True,True,True,1.0,True,True,2,2,89.77411477411478,EXTREME_BULLISH,True,True,True,False,True,False,False
2003-12-29,,,,,,2003-12-26,2003-12-27,94.23076923076924,2003-12-26,2003-12-27,85.31746031746032,False,,False,False,True,2,True,True,True,2.0,True,True,2,2,89.77411477411478,EXTREME_BULLISH,True,True,True,False,True,False,False
2003-12-30,,,,,,2003-12-26,2003-12-27,94.23076923076924,2003-12-29,2003-12-30,86.9047619047619,False,,False,False,True,3,True,True,True,0.0,True,True,2,2,90.56776556776558,EXTREME_BULLISH,True,True,True,False,True,False,False
2003-12-31,,,,,,2003-12-26,2003-12-27,94.23076923076924,2003-12-30,2003-12-31,80.95238095238095,False,,False,False,True,4,True,True,True,0.0,True,True,2,2,87.5915750915751,EXTREME_BULLISH,True,True,True,False,True,False,False
2004-01-01,,,,,,2003-12-26,2003-12-27,94.23076923076924,2003-12-31,2004-01-01,74.60317460317461,False,,False,False,True,5,True,True,True,0.0,True,True,2,2,84.41697191697193,EXTREME_BULLISH,True,True,True,False,True,False,False
2004-01-02,,,,,,2004-01-01,2004-01-02,96.15384615384616,2003-12-31,2004-01-01,74.60317460317461,False,,False,False,True,0,True,True,True,1.0,True,True,2,2,85.37851037851038,EXTREME_BULLISH,True,True,True,False,True,False,False
2004-01-03,,,,,,2004-01-01,2004-01-02,96.15384615384616,2004-01-02,2004-01-03,75.39682539682539,False,,False,False,True,1,True,True,True,0.0,True,True,2,2,85.77533577533578,EXTREME_BULLISH,True,True,True,False,True,False,False
2004-01-04,,,,,,2004-01-01,2004-01-02,96.15384615384616,2004-01-02,2004-01-03,75.39682539682539,False,,False,False,True,2,True,True,True,1.0,True,True,2,2,85.77533577533578,EXTREME_BULLISH,True,True,True,False,True,False,False
2004-01-05,,,,,,2004-01-01,2004-01-02,96.15384615384616,2004-01-02,2004-01-03,75.39682539682539,False,,False,False,True,3,True,True,True,2.0,True,True,2,2,85.77533577533578,EXTREME_BULLISH,True,True,True,False,True,False,False
2004-01-06,,,,,,2004-01-01,2004-01-02,96.15384615384616,2004-01-05,2004-01-06,84.52380952380952,False,,False,False,True,4,True,True,True,0.0,True,True,2,2,90.33882783882784,EXTREME_BULLISH,True,True,True,False,True,False,False
2004-01-07,,,,,,2004-01-01,2004-01-02,96.15384615384616,2004-01-06,2004-01-07,90.87301587301587,False,,False,False,True,5,True,True,True,0.0,True,True,2,2,93.51343101343102,EXTREME_BULLISH,True,True,True,False,True,False,False
2004-01-08,,,,,,2004-01-01,2004-01-02,96.15384615384616,2004-01-07,2004-01-08,99.60317460317461,False,,False,False,True,6,True,True,True,0.0,True,True,2,2,97.87851037851038,EXTREME_BULLISH,True,True,True,False,True,False,False
2004-01-09,,,,,,2004-01-08,2004-01-09,96.15384615384616,2004-01-08,2004-01-09,98.80952380952381,False,,False,False,True,0,True,True,True,0.0,True,True,2,2,97.48168498168499,EXTREME_BULLISH,True,True,True,False,True,False,False
2004-01-10,,,,,,2004-01-08,2004-01-09,96.15384615384616,2004-01-09,2004-01-10,88.88888888888889,False,,False,False,True,1,True,True,True,0.0,True,True,2,2,92.52136752136752,EXTREME_BULLISH,True,True,True,False,True,False,False
2004-01-11,,,,,,2004-01-08,2004-01-09,96.15384615384616,2004-01-09,2004-01-10,88.88888888888889,False,,False,False,True,2,True,True,True,1.0,True,True,2,2,92.52136752136752,EXTREME_BULLISH,True,True,True,False,True,False,False
2004-01-12,,,,,,2004-01-08,2004-01-09,96.15384615384616,2004-01-09,2004-01-10,88.88888888888889,False,,False,False,True,3,True,True,True,2.0,True,True,2,2,92.52136752136752,EXTREME_BULLISH,True,True,True,False,True,False,False
2004-01-13,,,,,,2004-01-08,2004-01-09,96.15384615384616,2004-01-12,2004-01-13,87.6984126984127,False,,False,False,True,4,True,True,True,0.0,True,True,2,2,91.92612942612942,EXTREME_BULLISH,True,True,True,False,True,False,False
2004-01-14,,,,,,2004-01-08,2004-01-09,96.15384615384616,2004-01-13,2004-01-14,74.60317460317461,False,,False,False,True,5,True,True,True,0.0,True,True,2,2,85.37851037851038,EXTREME_BULLISH,True,True,True,False,True,False,False
2004-01-15,,,,,,2004-01-08,2004-01-09,96.15384615384616,2004-01-14,2004-01-15,88.4920634920635,False,,False,False,True,6,True,True,True,0.0,True,True,2,2,92.32295482295483,EXTREME_BULLISH,True,True,True,False,True,False,False
2004-01-16,,,,,,2004-01-15,2004-01-16,98.07692307692308,2004-01-15,2004-01-16,99.2063492063492,False,,False,False,True,0,True,True,True,0.0,True,True,2,2,98.64163614163614,EXTREME_BULLISH,True,True,True,False,True,False,False
2004-01-17,,,,,,2004-01-15,2004-01-16,98.07692307692308,2004-01-16,2004-01-17,99.60317460317461,False,,False,False,True,1,True,True,True,0.0,True,True,2,2,98.84004884004884,EXTREME_BULLISH,True,True,True,False,True,False,False
2004-01-18,,,,,,2004-01-15,2004-01-16,98.07692307692308,2004-01-16,2004-01-17,99.60317460317461,False,,False,False,True,2,True,True,True,1.0,True,True,2,2,98.84004884004884,EXTREME_BULLISH,True,True,True,False,True,False,False
2004-01-19,,,,,,2004-01-15,2004-01-16,98.07692307692308,2004-01-16,2004-01-17,99.60317460317461,False,,False,False,True,3,True,True,True,2.0,True,True,2,2,98.84004884004884,EXTREME_BULLISH,True,True,True,False,True,False,False
2004-01-20,,,,,,2004-01-15,2004-01-16,98.07692307692308,2004-01-16,2004-01-17,99.60317460317461,False,,False,False,True,4,True,True,True,3.0,True,True,2,2,98.84004884004884,EXTREME_BULLISH,True,True,True,False,True,False,False
2004-01-21,,,,,,2004-01-15,2004-01-16,98.07692307692308,2004-01-20,2004-01-21,99.2063492063492,False,,False,False,True,5,True,True,True,0.0,True,True,2,2,98.64163614163614,EXTREME_BULLISH,True,True,True,False,True,False,False
2004-01-22,,,,,,2004-01-15,2004-01-16,98.07692307692308,2004-01-21,2004-01-22,99.60317460317461,False,,False,False,True,6,True,True,True,0.0,True,True,2,2,98.84004884004884,EXTREME_BULLISH,True,True,True,False,True,False,False
2004-01-23,,,,,,2004-01-22,2004-01-23,96.15384615384616,2004-01-22,2004-01-23,99.2063492063492,False,,False,False,True,0,True,True,True,0.0,True,True,2,2,97.68009768009767,EXTREME_BULLISH,True,True,True,False,True,False,False
2004-01-24,,,,,,2004-01-22,2004-01-23,96.15384615384616,2004-01-23,2004-01-24,98.80952380952381,False,,False,False,True,1,True,True,True,0.0,True,True,2,2,97.48168498168499,EXTREME_BULLISH,True,True,True,False,True,False,False
2004-01-25,,,,,,2004-01-22,2004-01-23,96.15384615384616,2004-01-23,2004-01-24,98.80952380952381,False,,False,False,True,2,True,True,True,1.0,True,True,2,2,97.48168498168499,EXTREME_BULLISH,True,True,True,False,True,False,False
2004-01-26,,,,,,2004-01-22,2004-01-23,96.15384615384616,2004-01-23,2004-01-24,98.80952380952381,False,,False,False,True,3,True,True,True,2.0,True,True,2,2,97.48168498168499,EXTREME_BULLISH,True,True,True,False,True,False,False
2004-01-27,,,,,,2004-01-22,2004-01-23,96.15384615384616,2004-01-26,2004-01-27,99.2063492063492,False,,False,False,True,4,True,True,True,0.0,True,True,2,2,97.68009768009767,EXTREME_BULLISH,True,True,True,False,True,False,False
2004-01-28,,,,,,2004-01-22,2004-01-23,96.15384615384616,2004-01-27,2004-01-28,97.22222222222223,False,,False,False,True,5,True,True,True,0.0,True,True,2,2,96.6880341880342,EXTREME_BULLISH,True,True,True,False,True,False,False
2004-01-29,,,,,,2004-01-22,2004-01-23,96.15384615384616,2004-01-28,2004-01-29,84.52380952380952,False,,False,False,True,6,True,True,True,0.0,True,True,2,2,90.33882783882784,EXTREME_BULLISH,True,True,True,False,True,False,False
2004-01-31,,,,,,2004-01-29,2004-01-30,73.07692307692307,2004-01-30,2004-01-31,88.0952380952381,False,,False,False,True,1,True,True,True,0.0,True,True,2,2,80.58608058608058,EXTREME_BULLISH,True,True,True,False,True,False,False
2004-02-01,,,,,,2004-01-29,2004-01-30,73.07692307692307,2004-01-30,2004-01-31,88.0952380952381,False,,False,False,True,2,True,True,True,1.0,True,True,2,2,80.58608058608058,EXTREME_BULLISH,True,True,True,False,True,False,False
2004-02-02,,,,,,2004-01-29,2004-01-30,73.07692307692307,2004-01-30,2004-01-31,88.0952380952381,False,,False,False,True,3,True,True,True,2.0,True,True,2,2,80.58608058608058,EXTREME_BULLISH,True,True,True,False,True,False,False
2004-02-13,,,,,,2004-02-12,2004-02-13,71.15384615384616,2004-02-12,2004-02-13,97.22222222222223,False,,False,False,True,0,True,True,True,0.0,True,True,2,2,84.1880341880342,EXTREME_BULLISH,True,True,True,False,True,False,False
2004-02-14,,,,,,2004-02-12,2004-02-13,71.15384615384616,2004-02-13,2004-02-14,94.84126984126985,False,,False,False,True,1,True,True,True,0.0,True,True,2,2,82.997557997558,EXTREME_BULLISH,True,True,True,False,True,False,False
2004-02-15,,,,,,2004-02-12,2004-02-13,71.15384615384616,2004-02-13,2004-02-14,94.84126984126985,False,,False,False,True,2,True,True,True,1.0,True,True,2,2,82.997557997558,EXTREME_BULLISH,True,True,True,False,True,False,False
2004-02-16,,,,,,2004-02-12,2004-02-13,71.15384615384616,2004-02-13,2004-02-14,94.84126984126985,False,,False,False,True,3,True,True,True,2.0,True,True,2,2,82.997557997558,EXTREME_BULLISH,True,True,True,False,True,False,False
2004-02-17,,,,,,2004-02-12,2004-02-13,71.15384615384616,2004-02-13,2004-02-14,94.84126984126985,False,,False,False,True,4,True,True,True,3.0,True,True,2,2,82.997557997558,EXTREME_BULLISH,True,True,True,False,True,False,False
2004-02-18,,,,,,2004-02-12,2004-02-13,71.15384615384616,2004-02-17,2004-02-18,96.03174603174604,False,,False,False,True,5,True,True,True,0.0,True,True,2,2,83.5927960927961,EXTREME_BULLISH,True,True,True,False,True,False,False
2004-02-19,,,,,,2004-02-12,2004-02-13,71.15384615384616,2004-02-18,2004-02-19,94.04761904761905,False,,False,False,True,6,True,True,True,0.0,True,True,2,2,82.60073260073261,EXTREME_BULLISH,True,True,True,False,True,False,False
2004-03-12,,,,,,2004-03-11,2004-03-12,13.461538461538462,2004-03-11,2004-03-12,23.015873015873012,False,,False,False,True,0,True,True,True,0.0,True,True,2,2,18.238705738705736,EXTREME_BEARISH,True,True,True,False,True,False,False
2004-03-16,,,,,,2004-03-11,2004-03-12,13.461538461538462,2004-03-15,2004-03-16,15.873015873015873,False,,False,False,True,4,True,True,True,0.0,True,True,2,2,14.667277167277167,EXTREME_BEARISH,True,True,True,False,True,False,False
2004-03-17,,,,,,2004-03-11,2004-03-12,13.461538461538462,2004-03-16,2004-03-17,25.793650793650784,False,,False,False,True,5,True,True,True,0.0,True,True,2,2,19.627594627594622,EXTREME_BEARISH,True,True,True,False,True,False,False
2004-03-23,,,,,,2004-03-18,2004-03-19,17.307692307692307,2004-03-22,2004-03-23,10.317460317460316,False,,False,False,True,4,True,True,True,0.0,True,True,2,2,13.812576312576311,EXTREME_BEARISH,True,True,True,False,True,False,False
2004-03-24,,,,,,2004-03-18,2004-03-19,17.307692307692307,2004-03-23,2004-03-24,20.634920634920633,False,,False,False,True,5,True,True,True,0.0,True,True,2,2,18.97130647130647,EXTREME_BEARISH,True,True,True,False,True,False,False
2004-04-16,,,,,,2004-04-15,2004-04-16,92.3076923076923,2004-04-15,2004-04-16,88.0952380952381,False,,False,False,True,0,True,True,True,0.0,True,True,2,2,90.2014652014652,EXTREME_BULLISH,True,True,True,False,True,False,False
2004-04-17,,,,,,2004-04-15,2004-04-16,92.3076923076923,2004-04-16,2004-04-17,94.84126984126985,False,,False,False,True,1,True,True,True,0.0,True,True,2,2,93.57448107448107,EXTREME_BULLISH,True,True,True,False,True,False,False
2004-04-18,,,,,,2004-04-15,2004-04-16,92.3076923076923,2004-04-16,2004-04-17,94.84126984126985,False,,False,False,True,2,True,True,True,1.0,True,True,2,2,93.57448107448107,EXTREME_BULLISH,True,True,True,False,True,False,False
2004-04-19,,,,,,2004-04-15,2004-04-16,92.3076923076923,2004-04-16,2004-04-17,94.84126984126985,False,,False,False,True,3,True,True,True,2.0,True,True,2,2,93.57448107448107,EXTREME_BULLISH,True,True,True,False,True,False,False
2004-04-20,,,,,,2004-04-15,2004-04-16,92.3076923076923,2004-04-19,2004-04-20,90.87301587301587,False,,False,False,True,4,True,True,True,0.0,True,True,2,2,91.59035409035408,EXTREME_BULLISH,True,True,True,False,True,False,False
2004-04-21,,,,,,2004-04-15,2004-04-16,92.3076923076923,2004-04-20,2004-04-21,73.4126984126984,False,,False,False,True,5,True,True,True,0.0,True,True,2,2,82.86019536019535,EXTREME_BULLISH,True,True,True,False,True,False,False
2004-04-22,,,,,,2004-04-15,2004-04-16,92.3076923076923,2004-04-21,2004-04-22,88.4920634920635,False,,False,False,True,6,True,True,True,0.0,True,True,2,2,90.39987789987791,EXTREME_BULLISH,True,True,True,False,True,False,False
2004-05-11,,,,,,2004-05-06,2004-05-07,11.538461538461538,2004-05-10,2004-05-11,18.650793650793645,False,,False,False,True,4,True,True,True,0.0,True,True,2,2,15.094627594627593,EXTREME_BEARISH,True,True,True,False,True,False,False
2004-05-14,,,,,,2004-05-13,2004-05-14,3.8461538461538463,2004-05-13,2004-05-14,33.730158730158735,False,,False,False,True,0,True,True,True,0.0,True,True,2,2,18.78815628815629,EXTREME_BEARISH,True,True,True,False,True,False,False
2004-05-18,,,,,,2004-05-13,2004-05-14,3.8461538461538463,2004-05-17,2004-05-18,16.269841269841265,False,,False,False,True,4,True,True,True,0.0,True,True,2,2,10.057997557997556,EXTREME_BEARISH,True,True,True,False,True,False,False
2004-05-19,,,,,,2004-05-13,2004-05-14,3.8461538461538463,2004-05-18,2004-05-19,26.984126984126988,False,,False,False,True,5,True,True,True,0.0,True,True,2,2,15.415140415140417,EXTREME_BEARISH,True,True,True,False,True,False,False
2004-05-20,,,,,,2004-05-13,2004-05-14,3.8461538461538463,2004-05-19,2004-05-20,32.93650793650794,False,,False,False,True,6,True,True,True,0.0,True,True,2,2,18.39133089133089,EXTREME_BEARISH,True,True,True,False,True,False,False
2004-06-17,,,,,,2004-06-10,2004-06-11,65.38461538461539,2004-06-16,2004-06-17,95.23809523809524,False,,False,False,True,6,True,True,True,0.0,True,True,2,2,80.31135531135531,EXTREME_BULLISH,True,True,True,False,True,False,False
2004-07-02,,,,,,2004-07-01,2004-07-02,75.0,2004-07-01,2004-07-02,87.3015873015873,False,,False,False,True,0,True,True,True,0.0,True,True,2,2,81.15079365079364,EXTREME_BULLISH,True,True,True,False,True,False,False
2004-07-03,,,,,,2004-07-01,2004-07-02,75.0,2004-07-02,2004-07-03,88.0952380952381,False,,False,False,True,1,True,True,True,0.0,True,True,2,2,81.54761904761905,EXTREME_BULLISH,True,True,True,False,True,False,False
2004-07-04,,,,,,2004-07-01,2004-07-02,75.0,2004-07-02,2004-07-03,88.0952380952381,False,,False,False,True,2,True,True,True,1.0,True,True,2,2,81.54761904761905,EXTREME_BULLISH,True,True,True,False,True,False,False
2004-07-05,,,,,,2004-07-01,2004-07-02,75.0,2004-07-02,2004-07-03,88.0952380952381,False,,False,False,True,3,True,True,True,2.0,True,True,2,2,81.54761904761905,EXTREME_BULLISH,True,True,True,False,True,False,False
2004-07-06,,,,,,2004-07-01,2004-07-02,75.0,2004-07-02,2004-07-03,88.0952380952381,False,,False,False,True,4,True,True,True,3.0,True,True,2,2,81.54761904761905,EXTREME_BULLISH,True,True,True,False,True,False,False
2004-08-06,,,,,,2004-08-05,2004-08-06,9.615384615384617,2004-08-05,2004-08-06,22.61904761904762,False,,False,False,True,0,True,True,True,0.0,True,True,2,2,16.117216117216117,EXTREME_BEARISH,True,True,True,False,True,False,False
2004-08-07,,,,,,2004-08-05,2004-08-06,9.615384615384617,2004-08-06,2004-08-07,10.714285714285708,False,,False,False,True,1,True,True,True,0.0,True,True,2,2,10.164835164835162,EXTREME_BEARISH,True,True,True,False,True,False,False
2004-08-08,,,,,,2004-08-05,2004-08-06,9.615384615384617,2004-08-06,2004-08-07,10.714285714285708,False,,False,False,True,2,True,True,True,1.0,True,True,2,2,10.164835164835162,EXTREME_BEARISH,True,True,True,False,True,False,False
2004-08-09,,,,,,2004-08-05,2004-08-06,9.615384615384617,2004-08-06,2004-08-07,10.714285714285708,False,,False,False,True,3,True,True,True,2.0,True,True,2,2,10.164835164835162,EXTREME_BEARISH,True,True,True,False,True,False,False
2004-08-10,,,,,,2004-08-05,2004-08-06,9.615384615384617,2004-08-09,2004-08-10,14.682539682539684,False,,False,False,True,4,True,True,True,0.0,True,True,2,2,12.14896214896215,EXTREME_BEARISH,True,True,True,False,True,False,False
2004-08-12,,,,,,2004-08-05,2004-08-06,9.615384615384617,2004-08-11,2004-08-12,27.777777777777786,False,,False,False,True,6,True,True,True,0.0,True,True,2,2,18.6965811965812,EXTREME_BEARISH,True,True,True,False,True,False,False
2004-08-13,,,,,,2004-08-12,2004-08-13,13.461538461538462,2004-08-12,2004-08-13,13.095238095238088,False,,False,False,True,0,True,True,True,0.0,True,True,2,2,13.278388278388274,EXTREME_BEARISH,True,True,True,False,True,False,False
2004-11-06,,,,,,2004-11-04,2004-11-05,65.38461538461539,2004-11-05,2004-11-06,95.23809523809524,False,,False,False,True,1,True,True,True,0.0,True,True,2,2,80.31135531135531,EXTREME_BULLISH,True,True,True,False,True,False,False
2004-11-07,,,,,,2004-11-04,2004-11-05,65.38461538461539,2004-11-05,2004-11-06,95.23809523809524,False,,False,False,True,2,True,True,True,1.0,True,True,2,2,80.31135531135531,EXTREME_BULLISH,True,True,True,False,True,False,False
2004-11-08,,,,,,2004-11-04,2004-11-05,65.38461538461539,2004-11-05,2004-11-06,95.23809523809524,False,,False,False,True,3,True,True,True,2.0,True,True,2,2,80.31135531135531,EXTREME_BULLISH,True,True,True,False,True,False,False
2004-11-09,,,,,,2004-11-04,2004-11-05,65.38461538461539,2004-11-08,2004-11-09,95.63492063492063,False,,False,False,True,4,True,True,True,0.0,True,True,2,2,80.50976800976801,EXTREME_BULLISH,True,True,True,False,True,False,False
2004-11-10,,,,,,2004-11-04,2004-11-05,65.38461538461539,2004-11-09,2004-11-10,96.82539682539682,False,,False,False,True,5,True,True,True,0.0,True,True,2,2,81.10500610500611,EXTREME_BULLISH,True,True,True,False,True,False,False
2004-11-11,,,,,,2004-11-04,2004-11-05,65.38461538461539,2004-11-10,2004-11-11,99.2063492063492,False,,False,False,True,6,True,True,True,0.0,True,True,2,2,82.29548229548229,EXTREME_BULLISH,True,True,True,False,True,False,False
2004-11-12,,,,,,2004-11-11,2004-11-12,80.76923076923077,2004-11-11,2004-11-12,99.2063492063492,False,,False,False,True,0,True,True,True,0.0,True,True,2,2,89.98778998779,EXTREME_BULLISH,True,True,True,False,True,False,False
2004-11-13,,,,,,2004-11-11,2004-11-12,80.76923076923077,2004-11-12,2004-11-13,97.22222222222223,False,,False,False,True,1,True,True,True,0.0,True,True,2,2,88.9957264957265,EXTREME_BULLISH,True,True,True,False,True,False,False
2004-11-14,,,,,,2004-11-11,2004-11-12,80.76923076923077,2004-11-12,2004-11-13,97.22222222222223,False,,False,False,True,2,True,True,True,1.0,True,True,2,2,88.9957264957265,EXTREME_BULLISH,True,True,True,False,True,False,False
2004-11-15,,,,,,2004-11-11,2004-11-12,80.76923076923077,2004-11-12,2004-11-13,97.22222222222223,False,,False,False,True,3,True,True,True,2.0,True,True,2,2,88.9957264957265,EXTREME_BULLISH,True,True,True,False,True,False,False
2004-11-16,,,,,,2004-11-11,2004-11-12,80.76923076923077,2004-11-15,2004-11-16,96.42857142857143,False,,False,False,True,4,True,True,True,0.0,True,True,2,2,88.59890109890111,EXTREME_BULLISH,True,True,True,False,True,False,False
2004-11-17,,,,,,2004-11-11,2004-11-12,80.76923076923077,2004-11-16,2004-11-17,97.61904761904762,False,,False,False,True,5,True,True,True,0.0,True,True,2,2,89.1941391941392,EXTREME_BULLISH,True,True,True,False,True,False,False
2004-11-18,,,,,,2004-11-11,2004-11-12,80.76923076923077,2004-11-17,2004-11-18,97.22222222222223,False,,False,False,True,6,True,True,True,0.0,True,True,2,2,88.9957264957265,EXTREME_BULLISH,True,True,True,False,True,False,False
2004-11-19,,,,,,2004-11-18,2004-11-19,84.61538461538461,2004-11-18,2004-11-19,99.2063492063492,False,,False,False,True,0,True,True,True,0.0,True,True,2,2,91.9108669108669,EXTREME_BULLISH,True,True,True,False,True,False,False
2004-11-20,,,,,,2004-11-18,2004-11-19,84.61538461538461,2004-11-19,2004-11-20,94.44444444444444,False,,False,False,True,1,True,True,True,0.0,True,True,2,2,89.52991452991452,EXTREME_BULLISH,True,True,True,False,True,False,False
2004-11-21,,,,,,2004-11-18,2004-11-19,84.61538461538461,2004-11-19,2004-11-20,94.44444444444444,False,,False,False,True,2,True,True,True,1.0,True,True,2,2,89.52991452991452,EXTREME_BULLISH,True,True,True,False,True,False,False
2004-11-22,,,,,,2004-11-18,2004-11-19,84.61538461538461,2004-11-19,2004-11-20,94.44444444444444,False,,False,False,True,3,True,True,True,2.0,True,True,2,2,89.52991452991452,EXTREME_BULLISH,True,True,True,False,True,False,False
2004-11-23,,,,,,2004-11-18,2004-11-19,84.61538461538461,2004-11-22,2004-11-23,99.2063492063492,False,,False,False,True,4,True,True,True,0.0,True,True,2,2,91.9108669108669,EXTREME_BULLISH,True,True,True,False,True,False,False
2004-11-24,,,,,,2004-11-18,2004-11-19,84.61538461538461,2004-11-23,2004-11-24,99.60317460317461,False,,False,False,True,5,True,True,True,0.0,True,True,2,2,92.10927960927961,EXTREME_BULLISH,True,True,True,False,True,False,False
2004-12-17,,,,,,2004-12-16,2004-12-17,65.38461538461539,2004-12-16,2004-12-17,99.60317460317461,False,,False,False,True,0,True,True,True,0.0,True,True,2,2,82.493894993895,EXTREME_BULLISH,True,True,True,False,True,False,False
2004-12-18,,,,,,2004-12-16,2004-12-17,65.38461538461539,2004-12-17,2004-12-18,99.60317460317461,False,,False,False,True,1,True,True,True,0.0,True,True,2,2,82.493894993895,EXTREME_BULLISH,True,True,True,False,True,False,False
2004-12-19,,,,,,2004-12-16,2004-12-17,65.38461538461539,2004-12-17,2004-12-18,99.60317460317461,False,,False,False,True,2,True,True,True,1.0,True,True,2,2,82.493894993895,EXTREME_BULLISH,True,True,True,False,True,False,False
2004-12-20,,,,,,2004-12-16,2004-12-17,65.38461538461539,2004-12-17,2004-12-18,99.60317460317461,False,,False,False,True,3,True,True,True,2.0,True,True,2,2,82.493894993895,EXTREME_BULLISH,True,True,True,False,True,False,False
2004-12-21,,,,,,2004-12-16,2004-12-17,65.38461538461539,2004-12-20,2004-12-21,99.60317460317461,False,,False,False,True,4,True,True,True,0.0,True,True,2,2,82.493894993895,EXTREME_BULLISH,True,True,True,False,True,False,False
2004-12-22,,,,,,2004-12-16,2004-12-17,65.38461538461539,2004-12-21,2004-12-22,99.60317460317461,False,,False,False,True,5,True,True,True,0.0,True,True,2,2,82.493894993895,EXTREME_BULLISH,True,True,True,False,True,False,False
2004-12-23,,,,,,2004-12-16,2004-12-17,65.38461538461539,2004-12-22,2004-12-23,99.60317460317461,False,,False,False,True,6,True,True,True,0.0,True,True,2,2,82.493894993895,EXTREME_BULLISH,True,True,True,False,True,False,False
2004-12-24,,,,,,2004-12-23,2004-12-24,90.3846153846154,2004-12-23,2004-12-24,99.60317460317461,False,,False,False,True,0,True,True,True,0.0,True,True,2,2,94.993894993895,EXTREME_BULLISH,True,True,True,False,True,False,False
2004-12-25,,,,,,2004-12-23,2004-12-24,90.3846153846154,2004-12-23,2004-12-24,99.60317460317461,False,,False,False,True,1,True,True,True,1.0,True,True,2,2,94.993894993895,EXTREME_BULLISH,True,True,True,False,True,False,False
2004-12-26,,,,,,2004-12-23,2004-12-24,90.3846153846154,2004-12-23,2004-12-24,99.60317460317461,False,,False,False,True,2,True,True,True,2.0,True,True,2,2,94.993894993895,EXTREME_BULLISH,True,True,True,False,True,False,False
2004-12-27,,,,,,2004-12-23,2004-12-24,90.3846153846154,2004-12-23,2004-12-24,99.60317460317461,False,,False,False,True,3,True,True,True,3.0,True,True,2,2,94.993894993895,EXTREME_BULLISH,True,True,True,False,True,False,False
2004-12-28,,,,,,2004-12-23,2004-12-24,90.3846153846154,2004-12-27,2004-12-28,97.61904761904762,False,,False,False,True,4,True,True,True,0.0,True,True,2,2,94.0018315018315,EXTREME_BULLISH,True,True,True,False,True,False,False
2004-12-29,,,,,,2004-12-23,2004-12-24,90.3846153846154,2004-12-28,2004-12-29,97.61904761904762,False,,False,False,True,5,True,True,True,0.0,True,True,2,2,94.0018315018315,EXTREME_BULLISH,True,True,True,False,True,False,False
2004-12-30,,,,,,2004-12-23,2004-12-24,90.3846153846154,2004-12-29,2004-12-30,98.41269841269842,False,,False,False,True,6,True,True,True,0.0,True,True,2,2,94.39865689865691,EXTREME_BULLISH,True,True,True,False,True,False,False
2004-12-31,,,,,,2004-12-30,2004-12-31,80.76923076923077,2004-12-30,2004-12-31,95.23809523809524,False,,False,False,True,0,True,True,True,0.0,True,True,2,2,88.00366300366301,EXTREME_BULLISH,True,True,True,False,True,False,False
2005-01-01,,,,,,2004-12-30,2004-12-31,80.76923076923077,2004-12-31,2005-01-01,86.11111111111111,False,,False,False,True,1,True,True,True,0.0,True,True,2,2,83.44017094017094,EXTREME_BULLISH,True,True,True,False,True,False,False
2005-01-02,,,,,,2004-12-30,2004-12-31,80.76923076923077,2004-12-31,2005-01-01,86.11111111111111,False,,False,False,True,2,True,True,True,1.0,True,True,2,2,83.44017094017094,EXTREME_BULLISH,True,True,True,False,True,False,False
2005-01-03,,,,,,2004-12-30,2004-12-31,80.76923076923077,2004-12-31,2005-01-01,86.11111111111111,False,,False,False,True,3,True,True,True,2.0,True,True,2,2,83.44017094017094,EXTREME_BULLISH,True,True,True,False,True,False,False
2005-04-16,,,,,,2005-04-14,2005-04-15,1.9230769230769231,2005-04-15,2005-04-16,7.142857142857139,False,,False,False,True,1,True,True,True,0.0,True,True,2,2,4.532967032967031,EXTREME_BEARISH,True,True,True,False,True,False,False
2005-04-17,,,,,,2005-04-14,2005-04-15,1.9230769230769231,2005-04-15,2005-04-16,7.142857142857139,False,,False,False,True,2,True,True,True,1.0,True,True,2,2,4.532967032967031,EXTREME_BEARISH,True,True,True,False,True,False,False
2005-04-18,,,,,,2005-04-14,2005-04-15,1.9230769230769231,2005-04-15,2005-04-16,7.142857142857139,False,,False,False,True,3,True,True,True,2.0,True,True,2,2,4.532967032967031,EXTREME_BEARISH,True,True,True,False,True,False,False
2005-04-19,,,,,,2005-04-14,2005-04-15,1.9230769230769231,2005-04-18,2005-04-19,12.698412698412696,False,,False,False,True,4,True,True,True,0.0,True,True,2,2,7.31074481074481,EXTREME_BEARISH,True,True,True,False,True,False,False
2005-04-20,,,,,,2005-04-14,2005-04-15,1.9230769230769231,2005-04-19,2005-04-20,36.904761904761905,False,,False,False,True,5,True,True,True,0.0,True,True,2,2,19.413919413919412,EXTREME_BEARISH,True,True,True,False,True,False,False
2005-04-21,,,,,,2005-04-14,2005-04-15,1.9230769230769231,2005-04-20,2005-04-21,10.714285714285708,False,,False,False,True,6,True,True,True,0.0,True,True,2,2,6.318681318681316,EXTREME_BEARISH,True,True,True,False,True,False,False
2005-04-29,,,,,,2005-04-28,2005-04-29,15.384615384615383,2005-04-28,2005-04-29,11.111111111111114,False,,False,False,True,0,True,True,True,0.0,True,True,2,2,13.247863247863249,EXTREME_BEARISH,True,True,True,False,True,False,False
2005-05-13,,,,,,2005-05-12,2005-05-13,15.384615384615383,2005-05-12,2005-05-13,15.476190476190482,False,,False,False,True,0,True,True,True,0.0,True,True,2,2,15.430402930402932,EXTREME_BEARISH,True,True,True,False,True,False,False
2005-05-14,,,,,,2005-05-12,2005-05-13,15.384615384615383,2005-05-13,2005-05-14,11.507936507936506,False,,False,False,True,1,True,True,True,0.0,True,True,2,2,13.446275946275945,EXTREME_BEARISH,True,True,True,False,True,False,False
2005-05-15,,,,,,2005-05-12,2005-05-13,15.384615384615383,2005-05-13,2005-05-14,11.507936507936506,False,,False,False,True,2,True,True,True,1.0,True,True,2,2,13.446275946275945,EXTREME_BEARISH,True,True,True,False,True,False,False
2005-05-16,,,,,,2005-05-12,2005-05-13,15.384615384615383,2005-05-13,2005-05-14,11.507936507936506,False,,False,False,True,3,True,True,True,2.0,True,True,2,2,13.446275946275945,EXTREME_BEARISH,True,True,True,False,True,False,False
2005-05-17,,,,,,2005-05-12,2005-05-13,15.384615384615383,2005-05-16,2005-05-17,20.238095238095227,False,,False,False,True,4,True,True,True,0.0,True,True,2,2,17.811355311355307,EXTREME_BEARISH,True,True,True,False,True,False,False
2005-06-03,,,,,,2005-06-02,2005-06-03,76.92307692307693,2005-06-02,2005-06-03,91.66666666666667,False,,False,False,True,0,True,True,True,0.0,True,True,2,2,84.2948717948718,EXTREME_BULLISH,True,True,True,False,True,False,False
2005-06-04,,,,,,2005-06-02,2005-06-03,76.92307692307693,2005-06-03,2005-06-04,87.3015873015873,False,,False,False,True,1,True,True,True,0.0,True,True,2,2,82.11233211233213,EXTREME_BULLISH,True,True,True,False,True,False,False
2005-06-05,,,,,,2005-06-02,2005-06-03,76.92307692307693,2005-06-03,2005-06-04,87.3015873015873,False,,False,False,True,2,True,True,True,1.0,True,True,2,2,82.11233211233213,EXTREME_BULLISH,True,True,True,False,True,False,False
2005-06-06,,,,,,2005-06-02,2005-06-03,76.92307692307693,2005-06-03,2005-06-04,87.3015873015873,False,,False,False,True,3,True,True,True,2.0,True,True,2,2,82.11233211233213,EXTREME_BULLISH,True,True,True,False,True,False,False
2005-06-07,,,,,,2005-06-02,2005-06-03,76.92307692307693,2005-06-06,2005-06-07,85.71428571428572,False,,False,False,True,4,True,True,True,0.0,True,True,2,2,81.31868131868133,EXTREME_BULLISH,True,True,True,False,True,False,False
2005-06-08,,,,,,2005-06-02,2005-06-03,76.92307692307693,2005-06-07,2005-06-08,83.33333333333334,False,,False,False,True,5,True,True,True,0.0,True,True,2,2,80.12820512820514,EXTREME_BULLISH,True,True,True,False,True,False,False
2005-06-10,,,,,,2005-06-09,2005-06-10,75.0,2005-06-09,2005-06-10,88.0952380952381,False,,False,False,True,0,True,True,True,0.0,True,True,2,2,81.54761904761905,EXTREME_BULLISH,True,True,True,False,True,False,False
2005-06-11,,,,,,2005-06-09,2005-06-10,75.0,2005-06-10,2005-06-11,90.47619047619048,False,,False,False,True,1,True,True,True,0.0,True,True,2,2,82.73809523809524,EXTREME_BULLISH,True,True,True,False,True,False,False
2005-06-12,,,,,,2005-06-09,2005-06-10,75.0,2005-06-10,2005-06-11,90.47619047619048,False,,False,False,True,2,True,True,True,1.0,True,True,2,2,82.73809523809524,EXTREME_BULLISH,True,True,True,False,True,False,False
2005-06-13,,,,,,2005-06-09,2005-06-10,75.0,2005-06-10,2005-06-11,90.47619047619048,False,,False,False,True,3,True,True,True,2.0,True,True,2,2,82.73809523809524,EXTREME_BULLISH,True,True,True,False,True,False,False
2005-06-14,,,,,,2005-06-09,2005-06-10,75.0,2005-06-13,2005-06-14,93.65079365079364,False,,False,False,True,4,True,True,True,0.0,True,True,2,2,84.32539682539682,EXTREME_BULLISH,True,True,True,False,True,False,False
2005-06-15,,,,,,2005-06-09,2005-06-10,75.0,2005-06-14,2005-06-15,91.66666666666667,False,,False,False,True,5,True,True,True,0.0,True,True,2,2,83.33333333333334,EXTREME_BULLISH,True,True,True,False,True,False,False
2005-06-16,,,,,,2005-06-09,2005-06-10,75.0,2005-06-15,2005-06-16,96.42857142857143,False,,False,False,True,6,True,True,True,0.0,True,True,2,2,85.71428571428572,EXTREME_BULLISH,True,True,True,False,True,False,False
2005-06-17,,,,,,2005-06-16,2005-06-17,78.84615384615384,2005-06-16,2005-06-17,99.2063492063492,False,,False,False,True,0,True,True,True,0.0,True,True,2,2,89.02625152625151,EXTREME_BULLISH,True,True,True,False,True,False,False
2005-06-18,,,,,,2005-06-16,2005-06-17,78.84615384615384,2005-06-17,2005-06-18,95.63492063492063,False,,False,False,True,1,True,True,True,0.0,True,True,2,2,87.24053724053724,EXTREME_BULLISH,True,True,True,False,True,False,False
2005-06-19,,,,,,2005-06-16,2005-06-17,78.84615384615384,2005-06-17,2005-06-18,95.63492063492063,False,,False,False,True,2,True,True,True,1.0,True,True,2,2,87.24053724053724,EXTREME_BULLISH,True,True,True,False,True,False,False
2005-06-20,,,,,,2005-06-16,2005-06-17,78.84615384615384,2005-06-17,2005-06-18,95.63492063492063,False,,False,False,True,3,True,True,True,2.0,True,True,2,2,87.24053724053724,EXTREME_BULLISH,True,True,True,False,True,False,False
2005-06-21,,,,,,2005-06-16,2005-06-17,78.84615384615384,2005-06-20,2005-06-21,95.63492063492063,False,,False,False,True,4,True,True,True,0.0,True,True,2,2,87.24053724053724,EXTREME_BULLISH,True,True,True,False,True,False,False
2005-06-22,,,,,,2005-06-16,2005-06-17,78.84615384615384,2005-06-21,2005-06-22,99.60317460317461,False,,False,False,True,5,True,True,True,0.0,True,True,2,2,89.22466422466422,EXTREME_BULLISH,True,True,True,False,True,False,False
2005-06-23,,,,,,2005-06-16,2005-06-17,78.84615384615384,2005-06-22,2005-06-23,99.60317460317461,False,,False,False,True,6,True,True,True,0.0,True,True,2,2,89.22466422466422,EXTREME_BULLISH,True,True,True,False,True,False,False
2005-06-24,,,,,,2005-06-23,2005-06-24,76.92307692307693,2005-06-23,2005-06-24,84.12698412698413,False,,False,False,True,0,True,True,True,0.0,True,True,2,2,80.52503052503053,EXTREME_BULLISH,True,True,True,False,True,False,False
2005-06-29,,,,,,2005-06-23,2005-06-24,76.92307692307693,2005-06-28,2005-06-29,92.06349206349206,False,,False,False,True,5,True,True,True,0.0,True,True,2,2,84.4932844932845,EXTREME_BULLISH,True,True,True,False,True,False,False
2005-06-30,,,,,,2005-06-23,2005-06-24,76.92307692307693,2005-06-29,2005-06-30,89.28571428571429,False,,False,False,True,6,True,True,True,0.0,True,True,2,2,83.10439560439562,EXTREME_BULLISH,True,True,True,False,True,False,False
2005-07-09,,,,,,2005-07-07,2005-07-08,65.38461538461539,2005-07-08,2005-07-09,94.84126984126985,False,,False,False,True,1,True,True,True,0.0,True,True,2,2,80.11294261294262,EXTREME_BULLISH,True,True,True,False,True,False,False
2005-07-10,,,,,,2005-07-07,2005-07-08,65.38461538461539,2005-07-08,2005-07-09,94.84126984126985,False,,False,False,True,2,True,True,True,1.0,True,True,2,2,80.11294261294262,EXTREME_BULLISH,True,True,True,False,True,False,False
2005-07-11,,,,,,2005-07-07,2005-07-08,65.38461538461539,2005-07-08,2005-07-09,94.84126984126985,False,,False,False,True,3,True,True,True,2.0,True,True,2,2,80.11294261294262,EXTREME_BULLISH,True,True,True,False,True,False,False
2005-07-12,,,,,,2005-07-07,2005-07-08,65.38461538461539,2005-07-11,2005-07-12,96.42857142857143,False,,False,False,True,4,True,True,True,0.0,True,True,2,2,80.9065934065934,EXTREME_BULLISH,True,True,True,False,True,False,False
2005-07-13,,,,,,2005-07-07,2005-07-08,65.38461538461539,2005-07-12,2005-07-13,99.60317460317461,False,,False,False,True,5,True,True,True,0.0,True,True,2,2,82.493894993895,EXTREME_BULLISH,True,True,True,False,True,False,False
2005-07-14,,,,,,2005-07-07,2005-07-08,65.38461538461539,2005-07-13,2005-07-14,99.60317460317461,False,,False,False,True,6,True,True,True,0.0,True,True,2,2,82.493894993895,EXTREME_BULLISH,True,True,True,False,True,False,False
2005-07-15,,,,,,2005-07-14,2005-07-15,100.0,2005-07-14,2005-07-15,99.60317460317461,False,,False,False,True,0,True,True,True,0.0,True,True,2,2,99.8015873015873,EXTREME_BULLISH,True,True,True,False,True,False,False
2005-07-16,,,,,,2005-07-14,2005-07-15,100.0,2005-07-15,2005-07-16,99.60317460317461,False,,False,False,True,1,True,True,True,0.0,True,True,2,2,99.8015873015873,EXTREME_BULLISH,True,True,True,False,True,False,False
2005-07-17,,,,,,2005-07-14,2005-07-15,100.0,2005-07-15,2005-07-16,99.60317460317461,False,,False,False,True,2,True,True,True,1.0,True,True,2,2,99.8015873015873,EXTREME_BULLISH,True,True,True,False,True,False,False
2005-07-18,,,,,,2005-07-14,2005-07-15,100.0,2005-07-15,2005-07-16,99.60317460317461,False,,False,False,True,3,True,True,True,2.0,True,True,2,2,99.8015873015873,EXTREME_BULLISH,True,True,True,False,True,False,False
2005-07-19,,,,,,2005-07-14,2005-07-15,100.0,2005-07-18,2005-07-19,99.2063492063492,False,,False,False,True,4,True,True,True,0.0,True,True,2,2,99.60317460317461,EXTREME_BULLISH,True,True,True,False,True,False,False
2005-07-20,,,,,,2005-07-14,2005-07-15,100.0,2005-07-19,2005-07-20,99.2063492063492,False,,False,False,True,5,True,True,True,0.0,True,True,2,2,99.60317460317461,EXTREME_BULLISH,True,True,True,False,True,False,False
2005-07-21,,,,,,2005-07-14,2005-07-15,100.0,2005-07-20,2005-07-21,99.60317460317461,False,,False,False,True,6,True,True,True,0.0,True,True,2,2,99.8015873015873,EXTREME_BULLISH,True,True,True,False,True,False,False
2005-07-29,,,,,,2005-07-28,2005-07-29,90.3846153846154,2005-07-28,2005-07-29,97.61904761904762,False,,False,False,True,0,True,True,True,0.0,True,True,2,2,94.0018315018315,EXTREME_BULLISH,True,True,True,False,True,False,False
2005-07-30,,,,,,2005-07-28,2005-07-29,90.3846153846154,2005-07-29,2005-07-30,85.71428571428572,False,,False,False,True,1,True,True,True,0.0,True,True,2,2,88.04945054945057,EXTREME_BULLISH,True,True,True,False,True,False,False
2005-07-31,,,,,,2005-07-28,2005-07-29,90.3846153846154,2005-07-29,2005-07-30,85.71428571428572,False,,False,False,True,2,True,True,True,1.0,True,True,2,2,88.04945054945057,EXTREME_BULLISH,True,True,True,False,True,False,False
2005-08-01,,,,,,2005-07-28,2005-07-29,90.3846153846154,2005-07-29,2005-07-30,85.71428571428572,False,,False,False,True,3,True,True,True,2.0,True,True,2,2,88.04945054945057,EXTREME_BULLISH,True,True,True,False,True,False,False
2005-08-02,,,,,,2005-07-28,2005-07-29,90.3846153846154,2005-08-01,2005-08-02,75.79365079365078,False,,False,False,True,4,True,True,True,0.0,True,True,2,2,83.0891330891331,EXTREME_BULLISH,True,True,True,False,True,False,False
2005-08-03,,,,,,2005-07-28,2005-07-29,90.3846153846154,2005-08-02,2005-08-03,82.53968253968254,False,,False,False,True,5,True,True,True,0.0,True,True,2,2,86.46214896214897,EXTREME_BULLISH,True,True,True,False,True,False,False
2005-08-04,,,,,,2005-07-28,2005-07-29,90.3846153846154,2005-08-03,2005-08-04,80.15873015873017,False,,False,False,True,6,True,True,True,0.0,True,True,2,2,85.27167277167278,EXTREME_BULLISH,True,True,True,False,True,False,False
2005-08-25,,,,,,2005-08-18,2005-08-19,11.538461538461538,2005-08-24,2005-08-25,22.222222222222214,False,,False,False,True,6,True,True,True,0.0,True,True,2,2,16.880341880341877,EXTREME_BEARISH,True,True,True,False,True,False,False
2005-10-06,,,,,,2005-09-29,2005-09-30,15.384615384615383,2005-10-05,2005-10-06,13.492063492063494,False,,False,False,True,6,True,True,True,0.0,True,True,2,2,14.438339438339439,EXTREME_BEARISH,True,True,True,False,True,False,False
2005-10-14,,,,,,2005-10-13,2005-10-14,15.384615384615383,2005-10-13,2005-10-14,1.984126984127002,False,,False,False,True,0,True,True,True,0.0,True,True,2,2,8.684371184371193,EXTREME_BEARISH,True,True,True,False,True,False,False
2005-10-15,,,,,,2005-10-13,2005-10-14,15.384615384615383,2005-10-14,2005-10-15,10.714285714285708,False,,False,False,True,1,True,True,True,0.0,True,True,2,2,13.049450549450546,EXTREME_BEARISH,True,True,True,False,True,False,False
2005-10-16,,,,,,2005-10-13,2005-10-14,15.384615384615383,2005-10-14,2005-10-15,10.714285714285708,False,,False,False,True,2,True,True,True,1.0,True,True,2,2,13.049450549450546,EXTREME_BEARISH,True,True,True,False,True,False,False
2005-10-17,,,,,,2005-10-13,2005-10-14,15.384615384615383,2005-10-14,2005-10-15,10.714285714285708,False,,False,False,True,3,True,True,True,2.0,True,True,2,2,13.049450549450546,EXTREME_BEARISH,True,True,True,False,True,False,False
2005-10-18,,,,,,2005-10-13,2005-10-14,15.384615384615383,2005-10-17,2005-10-18,11.904761904761912,False,,False,False,True,4,True,True,True,0.0,True,True,2,2,13.644688644688648,EXTREME_BEARISH,True,True,True,False,True,False,False
2005-10-19,,,,,,2005-10-13,2005-10-14,15.384615384615383,2005-10-18,2005-10-19,7.5396825396825164,False,,False,False,True,5,True,True,True,0.0,True,True,2,2,11.46214896214895,EXTREME_BEARISH,True,True,True,False,True,False,False
2005-10-28,,,,,,2005-10-27,2005-10-28,11.538461538461538,2005-10-27,2005-10-28,5.158730158730165,False,,False,False,True,0,True,True,True,0.0,True,True,2,2,8.348595848595853,EXTREME_BEARISH,True,True,True,False,True,False,False
2005-10-29,,,,,,2005-10-27,2005-10-28,11.538461538461538,2005-10-28,2005-10-29,16.666666666666657,False,,False,False,True,1,True,True,True,0.0,True,True,2,2,14.102564102564099,EXTREME_BEARISH,True,True,True,False,True,False,False
2005-10-30,,,,,,2005-10-27,2005-10-28,11.538461538461538,2005-10-28,2005-10-29,16.666666666666657,False,,False,False,True,2,True,True,True,1.0,True,True,2,2,14.102564102564099,EXTREME_BEARISH,True,True,True,False,True,False,False
2005-10-31,,,,,,2005-10-27,2005-10-28,11.538461538461538,2005-10-28,2005-10-29,16.666666666666657,False,,False,False,True,3,True,True,True,2.0,True,True,2,2,14.102564102564099,EXTREME_BEARISH,True,True,True,False,True,False,False
2005-11-01,,,,,,2005-10-27,2005-10-28,11.538461538461538,2005-10-31,2005-11-01,6.746031746031761,False,,False,False,True,4,True,True,True,0.0,True,True,2,2,9.14224664224665,EXTREME_BEARISH,True,True,True,False,True,False,False
2005-11-02,,,,,,2005-10-27,2005-10-28,11.538461538461538,2005-11-01,2005-11-02,9.920634920634924,False,,False,False,True,5,True,True,True,0.0,True,True,2,2,10.729548229548232,EXTREME_BEARISH,True,True,True,False,True,False,False
2005-11-11,,,,,,2005-11-10,2005-11-11,90.3846153846154,2005-11-10,2005-11-11,78.57142857142857,False,,False,False,True,0,True,True,True,0.0,True,True,2,2,84.47802197802199,EXTREME_BULLISH,True,True,True,False,True,False,False
2005-11-12,,,,,,2005-11-10,2005-11-11,90.3846153846154,2005-11-11,2005-11-12,83.73015873015873,False,,False,False,True,1,True,True,True,0.0,True,True,2,2,87.05738705738707,EXTREME_BULLISH,True,True,True,False,True,False,False
2005-11-13,,,,,,2005-11-10,2005-11-11,90.3846153846154,2005-11-11,2005-11-12,83.73015873015873,False,,False,False,True,2,True,True,True,1.0,True,True,2,2,87.05738705738707,EXTREME_BULLISH,True,True,True,False,True,False,False
2005-11-14,,,,,,2005-11-10,2005-11-11,90.3846153846154,2005-11-11,2005-11-12,83.73015873015873,False,,False,False,True,3,True,True,True,2.0,True,True,2,2,87.05738705738707,EXTREME_BULLISH,True,True,True,False,True,False,False
2005-11-15,,,,,,2005-11-10,2005-11-11,90.3846153846154,2005-11-14,2005-11-15,69.84126984126983,False,,False,False,True,4,True,True,True,0.0,True,True,2,2,80.11294261294262,EXTREME_BULLISH,True,True,True,False,True,False,False
2005-11-18,,,,,,2005-11-17,2005-11-18,88.46153846153845,2005-11-17,2005-11-18,91.26984126984127,False,,False,False,True,0,True,True,True,0.0,True,True,2,2,89.86568986568986,EXTREME_BULLISH,True,True,True,False,True,False,False
2005-11-19,,,,,,2005-11-17,2005-11-18,88.46153846153845,2005-11-18,2005-11-19,93.25396825396825,False,,False,False,True,1,True,True,True,0.0,True,True,2,2,90.85775335775335,EXTREME_BULLISH,True,True,True,False,True,False,False
2005-11-20,,,,,,2005-11-17,2005-11-18,88.46153846153845,2005-11-18,2005-11-19,93.25396825396825,False,,False,False,True,2,True,True,True,1.0,True,True,2,2,90.85775335775335,EXTREME_BULLISH,True,True,True,False,True,False,False
2005-11-21,,,,,,2005-11-17,2005-11-18,88.46153846153845,2005-11-18,2005-11-19,93.25396825396825,False,,False,False,True,3,True,True,True,2.0,True,True,2,2,90.85775335775335,EXTREME_BULLISH,True,True,True,False,True,False,False
2005-11-22,,,,,,2005-11-17,2005-11-18,88.46153846153845,2005-11-21,2005-11-22,96.42857142857143,False,,False,False,True,4,True,True,True,0.0,True,True,2,2,92.44505494505495,EXTREME_BULLISH,True,True,True,False,True,False,False
2005-11-23,,,,,,2005-11-17,2005-11-18,88.46153846153845,2005-11-22,2005-11-23,97.22222222222223,False,,False,False,True,5,True,True,True,0.0,True,True,2,2,92.84188034188034,EXTREME_BULLISH,True,True,True,False,True,False,False
2005-11-24,,,,,,2005-11-17,2005-11-18,88.46153846153845,2005-11-23,2005-11-24,94.84126984126985,False,,False,False,True,6,True,True,True,0.0,True,True,2,2,91.65140415140415,EXTREME_BULLISH,True,True,True,False,True,False,False
2005-11-25,,,,,,2005-11-24,2005-11-25,96.15384615384616,2005-11-23,2005-11-24,94.84126984126985,False,,False,False,True,0,True,True,True,1.0,True,True,2,2,95.497557997558,EXTREME_BULLISH,True,True,True,False,True,False,False
2005-11-26,,,,,,2005-11-24,2005-11-25,96.15384615384616,2005-11-25,2005-11-26,95.23809523809524,False,,False,False,True,1,True,True,True,0.0,True,True,2,2,95.6959706959707,EXTREME_BULLISH,True,True,True,False,True,False,False
2005-11-27,,,,,,2005-11-24,2005-11-25,96.15384615384616,2005-11-25,2005-11-26,95.23809523809524,False,,False,False,True,2,True,True,True,1.0,True,True,2,2,95.6959706959707,EXTREME_BULLISH,True,True,True,False,True,False,False
2005-11-28,,,,,,2005-11-24,2005-11-25,96.15384615384616,2005-11-25,2005-11-26,95.23809523809524,False,,False,False,True,3,True,True,True,2.0,True,True,2,2,95.6959706959707,EXTREME_BULLISH,True,True,True,False,True,False,False
2005-11-29,,,,,,2005-11-24,2005-11-25,96.15384615384616,2005-11-28,2005-11-29,75.79365079365078,False,,False,False,True,4,True,True,True,0.0,True,True,2,2,85.97374847374847,EXTREME_BULLISH,True,True,True,False,True,False,False
2005-11-30,,,,,,2005-11-24,2005-11-25,96.15384615384616,2005-11-29,2005-11-30,75.39682539682539,False,,False,False,True,5,True,True,True,0.0,True,True,2,2,85.77533577533578,EXTREME_BULLISH,True,True,True,False,True,False,False
2005-12-01,,,,,,2005-11-24,2005-11-25,96.15384615384616,2005-11-30,2005-12-01,70.23809523809524,False,,False,False,True,6,True,True,True,0.0,True,True,2,2,83.1959706959707,EXTREME_BULLISH,True,True,True,False,True,False,False
2005-12-02,,,,,,2005-12-01,2005-12-02,80.76923076923077,2005-12-01,2005-12-02,89.28571428571429,False,,False,False,True,0,True,True,True,0.0,True,True,2,2,85.02747252747253,EXTREME_BULLISH,True,True,True,False,True,False,False
2005-12-03,,,,,,2005-12-01,2005-12-02,80.76923076923077,2005-12-02,2005-12-03,93.25396825396825,False,,False,False,True,1,True,True,True,0.0,True,True,2,2,87.01159951159951,EXTREME_BULLISH,True,True,True,False,True,False,False
2005-12-04,,,,,,2005-12-01,2005-12-02,80.76923076923077,2005-12-02,2005-12-03,93.25396825396825,False,,False,False,True,2,True,True,True,1.0,True,True,2,2,87.01159951159951,EXTREME_BULLISH,True,True,True,False,True,False,False
2005-12-05,,,,,,2005-12-01,2005-12-02,80.76923076923077,2005-12-02,2005-12-03,93.25396825396825,False,,False,False,True,3,True,True,True,2.0,True,True,2,2,87.01159951159951,EXTREME_BULLISH,True,True,True,False,True,False,False
2005-12-06,,,,,,2005-12-01,2005-12-02,80.76923076923077,2005-12-05,2005-12-06,80.95238095238095,False,,False,False,True,4,True,True,True,0.0,True,True,2,2,80.86080586080587,EXTREME_BULLISH,True,True,True,False,True,False,False
2005-12-07,,,,,,2005-12-01,2005-12-02,80.76923076923077,2005-12-06,2005-12-07,82.93650793650794,False,,False,False,True,5,True,True,True,0.0,True,True,2,2,81.85286935286936,EXTREME_BULLISH,True,True,True,False,True,False,False
2005-12-10,,,,,,2005-12-08,2005-12-09,84.61538461538461,2005-12-09,2005-12-10,77.77777777777777,False,,False,False,True,1,True,True,True,0.0,True,True,2,2,81.19658119658119,EXTREME_BULLISH,True,True,True,False,True,False,False
2005-12-11,,,,,,2005-12-08,2005-12-09,84.61538461538461,2005-12-09,2005-12-10,77.77777777777777,False,,False,False,True,2,True,True,True,1.0,True,True,2,2,81.19658119658119,EXTREME_BULLISH,True,True,True,False,True,False,False
2005-12-12,,,,,,2005-12-08,2005-12-09,84.61538461538461,2005-12-09,2005-12-10,77.77777777777777,False,,False,False,True,3,True,True,True,2.0,True,True,2,2,81.19658119658119,EXTREME_BULLISH,True,True,True,False,True,False,False
2005-12-13,,,,,,2005-12-08,2005-12-09,84.61538461538461,2005-12-12,2005-12-13,84.52380952380952,False,,False,False,True,4,True,True,True,0.0,True,True,2,2,84.56959706959707,EXTREME_BULLISH,True,True,True,False,True,False,False
2005-12-14,,,,,,2005-12-08,2005-12-09,84.61538461538461,2005-12-13,2005-12-14,91.26984126984127,False,,False,False,True,5,True,True,True,0.0,True,True,2,2,87.94261294261294,EXTREME_BULLISH,True,True,True,False,True,False,False
2005-12-15,,,,,,2005-12-08,2005-12-09,84.61538461538461,2005-12-14,2005-12-15,98.01587301587301,False,,False,False,True,6,True,True,True,0.0,True,True,2,2,91.31562881562881,EXTREME_BULLISH,True,True,True,False,True,False,False
2005-12-16,,,,,,2005-12-15,2005-12-16,73.07692307692307,2005-12-15,2005-12-16,96.42857142857143,False,,False,False,True,0,True,True,True,0.0,True,True,2,2,84.75274725274724,EXTREME_BULLISH,True,True,True,False,True,False,False
2005-12-17,,,,,,2005-12-15,2005-12-16,73.07692307692307,2005-12-16,2005-12-17,96.42857142857143,False,,False,False,True,1,True,True,True,0.0,True,True,2,2,84.75274725274724,EXTREME_BULLISH,True,True,True,False,True,False,False
2005-12-18,,,,,,2005-12-15,2005-12-16,73.07692307692307,2005-12-16,2005-12-17,96.42857142857143,False,,False,False,True,2,True,True,True,1.0,True,True,2,2,84.75274725274724,EXTREME_BULLISH,True,True,True,False,True,False,False
2005-12-19,,,,,,2005-12-15,2005-12-16,73.07692307692307,2005-12-16,2005-12-17,96.42857142857143,False,,False,False,True,3,True,True,True,2.0,True,True,2,2,84.75274725274724,EXTREME_BULLISH,True,True,True,False,True,False,False
2005-12-21,,,,,,2005-12-15,2005-12-16,73.07692307692307,2005-12-20,2005-12-21,88.4920634920635,False,,False,False,True,5,True,True,True,0.0,True,True,2,2,80.78449328449328,EXTREME_BULLISH,True,True,True,False,True,False,False
2005-12-22,,,,,,2005-12-15,2005-12-16,73.07692307692307,2005-12-21,2005-12-22,94.84126984126985,False,,False,False,True,6,True,True,True,0.0,True,True,2,2,83.95909645909646,EXTREME_BULLISH,True,True,True,False,True,False,False
2006-01-13,,,,,,2006-01-12,2006-01-13,96.15384615384616,2006-01-12,2006-01-13,84.92063492063492,False,,False,False,True,0,True,True,True,0.0,True,True,2,2,90.53724053724054,EXTREME_BULLISH,True,True,True,False,True,False,False
2006-01-14,,,,,,2006-01-12,2006-01-13,96.15384615384616,2006-01-13,2006-01-14,83.73015873015873,False,,False,False,True,1,True,True,True,0.0,True,True,2,2,89.94200244200245,EXTREME_BULLISH,True,True,True,False,True,False,False
2006-01-15,,,,,,2006-01-12,2006-01-13,96.15384615384616,2006-01-13,2006-01-14,83.73015873015873,False,,False,False,True,2,True,True,True,1.0,True,True,2,2,89.94200244200245,EXTREME_BULLISH,True,True,True,False,True,False,False
2006-01-16,,,,,,2006-01-12,2006-01-13,96.15384615384616,2006-01-13,2006-01-14,83.73015873015873,False,,False,False,True,3,True,True,True,2.0,True,True,2,2,89.94200244200245,EXTREME_BULLISH,True,True,True,False,True,False,False
2006-01-17,,,,,,2006-01-12,2006-01-13,96.15384615384616,2006-01-13,2006-01-14,83.73015873015873,False,,False,False,True,4,True,True,True,3.0,True,True,2,2,89.94200244200245,EXTREME_BULLISH,True,True,True,False,True,False,False
2006-01-18,,,,,,2006-01-12,2006-01-13,96.15384615384616,2006-01-17,2006-01-18,65.87301587301587,False,,False,False,True,5,True,True,True,0.0,True,True,2,2,81.01343101343102,EXTREME_BULLISH,True,True,True,False,True,False,False
2006-05-19,,,,,,2006-05-18,2006-05-19,15.384615384615383,2006-05-18,2006-05-19,0.0,False,,False,False,True,0,True,True,True,0.0,True,True,2,2,7.692307692307692,EXTREME_BEARISH,True,True,True,False,True,False,False
2006-05-20,,,,,,2006-05-18,2006-05-19,15.384615384615383,2006-05-19,2006-05-20,0.0,False,,False,False,True,1,True,True,True,0.0,True,True,2,2,7.692307692307692,EXTREME_BEARISH,True,True,True,False,True,False,False
2006-05-21,,,,,,2006-05-18,2006-05-19,15.384615384615383,2006-05-19,2006-05-20,0.0,False,,False,False,True,2,True,True,True,1.0,True,True,2,2,7.692307692307692,EXTREME_BEARISH,True,True,True,False,True,False,False
2006-05-22,,,,,,2006-05-18,2006-05-19,15.384615384615383,2006-05-19,2006-05-20,0.0,False,,False,False,True,3,True,True,True,2.0,True,True,2,2,7.692307692307692,EXTREME_BEARISH,True,True,True,False,True,False,False
2006-05-23,,,,,,2006-05-18,2006-05-19,15.384615384615383,2006-05-22,2006-05-23,0.0,False,,False,False,True,4,True,True,True,0.0,True,True,2,2,7.692307692307692,EXTREME_BEARISH,True,True,True,False,True,False,False
2006-05-24,,,,,,2006-05-18,2006-05-19,15.384615384615383,2006-05-23,2006-05-24,0.0,False,,False,False,True,5,True,True,True,0.0,True,True,2,2,7.692307692307692,EXTREME_BEARISH,True,True,True,False,True,False,False
2006-05-25,,,,,,2006-05-18,2006-05-19,15.384615384615383,2006-05-24,2006-05-25,0.7936507936507837,False,,False,False,True,6,True,True,True,0.0,True,True,2,2,8.089133089133083,EXTREME_BEARISH,True,True,True,False,True,False,False
2006-05-26,,,,,,2006-05-25,2006-05-26,3.8461538461538463,2006-05-25,2006-05-26,5.158730158730165,False,,False,False,True,0,True,True,True,0.0,True,True,2,2,4.502442002442006,EXTREME_BEARISH,True,True,True,False,True,False,False
2006-05-27,,,,,,2006-05-25,2006-05-26,3.8461538461538463,2006-05-26,2006-05-27,10.317460317460316,False,,False,False,True,1,True,True,True,0.0,True,True,2,2,7.0818070818070815,EXTREME_BEARISH,True,True,True,False,True,False,False
2006-05-28,,,,,,2006-05-25,2006-05-26,3.8461538461538463,2006-05-26,2006-05-27,10.317460317460316,False,,False,False,True,2,True,True,True,1.0,True,True,2,2,7.0818070818070815,EXTREME_BEARISH,True,True,True,False,True,False,False
2006-05-29,,,,,,2006-05-25,2006-05-26,3.8461538461538463,2006-05-26,2006-05-27,10.317460317460316,False,,False,False,True,3,True,True,True,2.0,True,True,2,2,7.0818070818070815,EXTREME_BEARISH,True,True,True,False,True,False,False
2006-05-30,,,,,,2006-05-25,2006-05-26,3.8461538461538463,2006-05-26,2006-05-27,10.317460317460316,False,,False,False,True,4,True,True,True,3.0,True,True,2,2,7.0818070818070815,EXTREME_BEARISH,True,True,True,False,True,False,False
2006-05-31,,,,,,2006-05-25,2006-05-26,3.8461538461538463,2006-05-30,2006-05-31,0.0,False,,False,False,True,5,True,True,True,0.0,True,True,2,2,1.9230769230769231,EXTREME_BEARISH,True,True,True,False,True,False,False
2006-06-01,,,,,,2006-05-25,2006-05-26,3.8461538461538463,2006-05-31,2006-06-01,2.7777777777778,False,,False,False,True,6,True,True,True,0.0,True,True,2,2,3.3119658119658233,EXTREME_BEARISH,True,True,True,False,True,False,False
2006-06-02,,,,,,2006-06-01,2006-06-02,1.9230769230769231,2006-06-01,2006-06-02,11.111111111111114,False,,False,False,True,0,True,True,True,0.0,True,True,2,2,6.517094017094019,EXTREME_BEARISH,True,True,True,False,True,False,False
2006-06-03,,,,,,2006-06-01,2006-06-02,1.9230769230769231,2006-06-02,2006-06-03,11.507936507936506,False,,False,False,True,1,True,True,True,0.0,True,True,2,2,6.715506715506715,EXTREME_BEARISH,True,True,True,False,True,False,False
2006-06-04,,,,,,2006-06-01,2006-06-02,1.9230769230769231,2006-06-02,2006-06-03,11.507936507936506,False,,False,False,True,2,True,True,True,1.0,True,True,2,2,6.715506715506715,EXTREME_BEARISH,True,True,True,False,True,False,False
2006-06-05,,,,,,2006-06-01,2006-06-02,1.9230769230769231,2006-06-02,2006-06-03,11.507936507936506,False,,False,False,True,3,True,True,True,2.0,True,True,2,2,6.715506715506715,EXTREME_BEARISH,True,True,True,False,True,False,False
2006-06-06,,,,,,2006-06-01,2006-06-02,1.9230769230769231,2006-06-05,2006-06-06,2.3809523809523796,False,,False,False,True,4,True,True,True,0.0,True,True,2,2,2.1520146520146515,EXTREME_BEARISH,True,True,True,False,True,False,False
2006-06-07,,,,,,2006-06-01,2006-06-02,1.9230769230769231,2006-06-06,2006-06-07,1.5873015873015959,False,,False,False,True,5,True,True,True,0.0,True,True,2,2,1.7551892551892596,EXTREME_BEARISH,True,True,True,False,True,False,False
2006-06-08,,,,,,2006-06-01,2006-06-02,1.9230769230769231,2006-06-07,2006-06-08,0.7936507936507837,False,,False,False,True,6,True,True,True,0.0,True,True,2,2,1.3583638583638535,EXTREME_BEARISH,True,True,True,False,True,False,False
2006-06-09,,,,,,2006-06-08,2006-06-09,3.8461538461538463,2006-06-08,2006-06-09,0.3968253968254061,False,,False,False,True,0,True,True,True,0.0,True,True,2,2,2.1214896214896264,EXTREME_BEARISH,True,True,True,False,True,False,False
2006-06-10,,,,,,2006-06-08,2006-06-09,3.8461538461538463,2006-06-09,2006-06-10,1.190476190476204,False,,False,False,True,1,True,True,True,0.0,True,True,2,2,2.5183150183150254,EXTREME_BEARISH,True,True,True,False,True,False,False
2006-06-11,,,,,,2006-06-08,2006-06-09,3.8461538461538463,2006-06-09,2006-06-10,1.190476190476204,False,,False,False,True,2,True,True,True,1.0,True,True,2,2,2.5183150183150254,EXTREME_BEARISH,True,True,True,False,True,False,False
2006-06-12,,,,,,2006-06-08,2006-06-09,3.8461538461538463,2006-06-09,2006-06-10,1.190476190476204,False,,False,False,True,3,True,True,True,2.0,True,True,2,2,2.5183150183150254,EXTREME_BEARISH,True,True,True,False,True,False,False
2006-06-13,,,,,,2006-06-08,2006-06-09,3.8461538461538463,2006-06-12,2006-06-13,0.0,False,,False,False,True,4,True,True,True,0.0,True,True,2,2,1.9230769230769231,EXTREME_BEARISH,True,True,True,False,True,False,False
2006-06-14,,,,,,2006-06-08,2006-06-09,3.8461538461538463,2006-06-13,2006-06-14,0.0,False,,False,False,True,5,True,True,True,0.0,True,True,2,2,1.9230769230769231,EXTREME_BEARISH,True,True,True,False,True,False,False
2006-06-15,,,,,,2006-06-08,2006-06-09,3.8461538461538463,2006-06-14,2006-06-15,0.3968253968254061,False,,False,False,True,6,True,True,True,0.0,True,True,2,2,2.1214896214896264,EXTREME_BEARISH,True,True,True,False,True,False,False
2006-06-16,,,,,,2006-06-15,2006-06-16,1.9230769230769231,2006-06-15,2006-06-16,8.333333333333343,False,,False,False,True,0,True,True,True,0.0,True,True,2,2,5.128205128205133,EXTREME_BEARISH,True,True,True,False,True,False,False
2006-06-17,,,,,,2006-06-15,2006-06-16,1.9230769230769231,2006-06-16,2006-06-17,4.365079365079353,False,,False,False,True,1,True,True,True,0.0,True,True,2,2,3.1440781440781382,EXTREME_BEARISH,True,True,True,False,True,False,False
2006-06-18,,,,,,2006-06-15,2006-06-16,1.9230769230769231,2006-06-16,2006-06-17,4.365079365079353,False,,False,False,True,2,True,True,True,1.0,True,True,2,2,3.1440781440781382,EXTREME_BEARISH,True,True,True,False,True,False,False
2006-06-19,,,,,,2006-06-15,2006-06-16,1.9230769230769231,2006-06-16,2006-06-17,4.365079365079353,False,,False,False,True,3,True,True,True,2.0,True,True,2,2,3.1440781440781382,EXTREME_BEARISH,True,True,True,False,True,False,False
2006-06-20,2006-06-13,2006-06-20,,,,2006-06-15,2006-06-16,1.9230769230769231,2006-06-19,2006-06-20,2.7777777777778,False,0.0,False,False,True,4,True,True,True,0.0,True,True,2,2,2.3504273504273616,EXTREME_BEARISH,True,True,True,False,True,False,False
2006-06-21,2006-06-13,2006-06-20,,,,2006-06-15,2006-06-16,1.9230769230769231,2006-06-20,2006-06-21,5.952380952380963,False,1.0,False,False,True,5,True,True,True,0.0,True,True,2,2,3.9377289377289433,EXTREME_BEARISH,True,True,True,False,True,False,False
2006-06-22,2006-06-13,2006-06-20,,,,2006-06-15,2006-06-16,1.9230769230769231,2006-06-21,2006-06-22,10.714285714285708,False,2.0,False,False,True,6,True,True,True,0.0,True,True,2,2,6.318681318681316,EXTREME_BEARISH,True,True,True,False,True,False,False
2006-06-23,2006-06-13,2006-06-20,,,,2006-06-22,2006-06-23,19.23076923076924,2006-06-22,2006-06-23,9.920634920634924,False,3.0,False,False,True,0,True,True,True,0.0,True,True,2,2,14.575702075702083,EXTREME_BEARISH,True,True,True,False,True,False,False
2006-06-24,2006-06-13,2006-06-20,,,,2006-06-22,2006-06-23,19.23076923076924,2006-06-23,2006-06-24,9.920634920634924,False,4.0,False,False,True,1,True,True,True,0.0,True,True,2,2,14.575702075702083,EXTREME_BEARISH,True,True,True,False,True,False,False
2006-06-25,2006-06-13,2006-06-20,,,,2006-06-22,2006-06-23,19.23076923076924,2006-06-23,2006-06-24,9.920634920634924,False,5.0,False,False,True,2,True,True,True,1.0,True,True,2,2,14.575702075702083,EXTREME_BEARISH,True,True,True,False,True,False,False
2006-06-26,2006-06-13,2006-06-20,,,,2006-06-22,2006-06-23,19.23076923076924,2006-06-23,2006-06-24,9.920634920634924,False,6.0,False,False,True,3,True,True,True,2.0,True,True,2,2,14.575702075702083,EXTREME_BEARISH,True,True,True,False,True,False,False
2006-06-27,2006-06-20,2006-06-27,,,,2006-06-22,2006-06-23,19.23076923076924,2006-06-26,2006-06-27,11.111111111111114,False,0.0,False,False,True,4,True,True,True,0.0,True,True,2,2,15.170940170940177,EXTREME_BEARISH,True,True,True,False,True,False,False
2006-06-28,2006-06-20,2006-06-27,,,,2006-06-22,2006-06-23,19.23076923076924,2006-06-27,2006-06-28,7.5396825396825164,False,1.0,False,False,True,5,True,True,True,0.0,True,True,2,2,13.385225885225879,EXTREME_BEARISH,True,True,True,False,True,False,False
2006-06-29,2006-06-20,2006-06-27,,,,2006-06-22,2006-06-23,19.23076923076924,2006-06-28,2006-06-29,11.111111111111114,False,2.0,False,False,True,6,True,True,True,0.0,True,True,2,2,15.170940170940177,EXTREME_BEARISH,True,True,True,False,True,False,False
2006-07-14,2006-07-03,2006-07-10,,,,2006-07-13,2006-07-14,28.846153846153843,2006-07-13,2006-07-14,3.571428571428555,False,4.0,False,False,True,0,True,True,True,0.0,True,True,2,2,16.208791208791197,EXTREME_BEARISH,True,True,True,False,True,False,False
2006-07-15,2006-07-03,2006-07-10,,,,2006-07-13,2006-07-14,28.846153846153843,2006-07-14,2006-07-15,2.7777777777778,False,5.0,False,False,True,1,True,True,True,0.0,True,True,2,2,15.811965811965822,EXTREME_BEARISH,True,True,True,False,True,False,False
2006-07-16,2006-07-03,2006-07-10,,,,2006-07-13,2006-07-14,28.846153846153843,2006-07-14,2006-07-15,2.7777777777778,False,6.0,False,False,True,2,True,True,True,1.0,True,True,2,2,15.811965811965822,EXTREME_BEARISH,True,True,True,False,True,False,False
2006-07-17,2006-07-03,2006-07-10,,,,2006-07-13,2006-07-14,28.846153846153843,2006-07-14,2006-07-15,2.7777777777778,False,7.0,False,False,True,3,True,True,True,2.0,True,True,2,2,15.811965811965822,EXTREME_BEARISH,True,True,True,False,True,False,False
2006-07-18,2006-07-11,2006-07-18,,,,2006-07-13,2006-07-14,28.846153846153843,2006-07-17,2006-07-18,1.5873015873015959,False,0.0,False,False,True,4,True,True,True,0.0,True,True,2,2,15.21672771672772,EXTREME_BEARISH,True,True,True,False,True,False,False
2006-07-19,2006-07-11,2006-07-18,,,,2006-07-13,2006-07-14,28.846153846153843,2006-07-18,2006-07-19,4.761904761904759,False,1.0,False,False,True,5,True,True,True,0.0,True,True,2,2,16.8040293040293,EXTREME_BEARISH,True,True,True,False,True,False,False
2006-07-21,2006-07-11,2006-07-18,,,,2006-07-20,2006-07-21,1.9230769230769231,2006-07-20,2006-07-21,10.317460317460316,False,3.0,False,False,True,0,True,True,True,0.0,True,True,2,2,6.12026862026862,EXTREME_BEARISH,True,True,True,False,True,False,False
2006-07-22,2006-07-11,2006-07-18,,,,2006-07-20,2006-07-21,1.9230769230769231,2006-07-21,2006-07-22,5.555555555555557,False,4.0,False,False,True,1,True,True,True,0.0,True,True,2,2,3.7393162393162402,EXTREME_BEARISH,True,True,True,False,True,False,False
2006-07-23,2006-07-11,2006-07-18,,,,2006-07-20,2006-07-21,1.9230769230769231,2006-07-21,2006-07-22,5.555555555555557,False,5.0,False,False,True,2,True,True,True,1.0,True,True,2,2,3.7393162393162402,EXTREME_BEARISH,True,True,True,False,True,False,False
2006-07-24,2006-07-11,2006-07-18,,,,2006-07-20,2006-07-21,1.9230769230769231,2006-07-21,2006-07-22,5.555555555555557,False,6.0,False,False,True,3,True,True,True,2.0,True,True,2,2,3.7393162393162402,EXTREME_BEARISH,True,True,True,False,True,False,False
2006-07-25,2006-07-18,2006-07-25,,,,2006-07-20,2006-07-21,1.9230769230769231,2006-07-24,2006-07-25,17.063492063492063,False,0.0,False,False,True,4,True,True,True,0.0,True,True,2,2,9.493284493284493,EXTREME_BEARISH,True,True,True,False,True,False,False
2006-07-26,2006-07-18,2006-07-25,,,,2006-07-20,2006-07-21,1.9230769230769231,2006-07-25,2006-07-26,18.253968253968253,False,1.0,False,False,True,5,True,True,True,0.0,True,True,2,2,10.088522588522588,EXTREME_BEARISH,True,True,True,False,True,False,False
2006-07-27,2006-07-18,2006-07-25,,,,2006-07-20,2006-07-21,1.9230769230769231,2006-07-26,2006-07-27,19.841269841269835,False,2.0,False,False,True,6,True,True,True,0.0,True,True,2,2,10.882173382173379,EXTREME_BEARISH,True,True,True,False,True,False,False
2006-07-28,2006-07-18,2006-07-25,,,,2006-07-27,2006-07-28,19.23076923076924,2006-07-27,2006-07-28,17.85714285714286,False,3.0,False,False,True,0,True,True,True,0.0,True,True,2,2,18.54395604395605,EXTREME_BEARISH,True,True,True,False,True,False,False
2006-08-01,2006-07-25,2006-08-01,,,,2006-07-27,2006-07-28,19.23076923076924,2006-07-31,2006-08-01,17.85714285714286,False,0.0,False,False,True,4,True,True,True,0.0,True,True,2,2,18.54395604395605,EXTREME_BEARISH,True,True,True,False,True,False,False
2006-08-02,2006-07-25,2006-08-01,,,,2006-07-27,2006-07-28,19.23076923076924,2006-08-01,2006-08-02,17.063492063492063,False,1.0,False,False,True,5,True,True,True,0.0,True,True,2,2,18.147130647130652,EXTREME_BEARISH,True,True,True,False,True,False,False
2006-08-04,2006-07-25,2006-08-01,,,,2006-08-03,2006-08-04,9.615384615384617,2006-08-03,2006-08-04,24.206349206349216,False,3.0,False,False,True,0,True,True,True,0.0,True,True,2,2,16.910866910866915,EXTREME_BEARISH,True,True,True,False,True,False,False
2006-08-05,2006-07-25,2006-08-01,,,,2006-08-03,2006-08-04,9.615384615384617,2006-08-04,2006-08-05,24.603174603174608,False,4.0,False,False,True,1,True,True,True,0.0,True,True,2,2,17.10927960927961,EXTREME_BEARISH,True,True,True,False,True,False,False
2006-08-06,2006-07-25,2006-08-01,,,,2006-08-03,2006-08-04,9.615384615384617,2006-08-04,2006-08-05,24.603174603174608,False,5.0,False,False,True,2,True,True,True,1.0,True,True,2,2,17.10927960927961,EXTREME_BEARISH,True,True,True,False,True,False,False
2006-08-07,2006-07-25,2006-08-01,,,,2006-08-03,2006-08-04,9.615384615384617,2006-08-04,2006-08-05,24.603174603174608,False,6.0,False,False,True,3,True,True,True,2.0,True,True,2,2,17.10927960927961,EXTREME_BEARISH,True,True,True,False,True,False,False
2006-08-08,2006-08-01,2006-08-08,,,,2006-08-03,2006-08-04,9.615384615384617,2006-08-07,2006-08-08,17.063492063492063,False,0.0,False,False,True,4,True,True,True,0.0,True,True,2,2,13.33943833943834,EXTREME_BEARISH,True,True,True,False,True,False,False
2006-08-09,2006-08-01,2006-08-08,,,,2006-08-03,2006-08-04,9.615384615384617,2006-08-08,2006-08-09,17.063492063492063,False,1.0,False,False,True,5,True,True,True,0.0,True,True,2,2,13.33943833943834,EXTREME_BEARISH,True,True,True,False,True,False,False
2006-08-10,2006-08-01,2006-08-08,,,,2006-08-03,2006-08-04,9.615384615384617,2006-08-09,2006-08-10,17.85714285714286,False,2.0,False,False,True,6,True,True,True,0.0,True,True,2,2,13.736263736263739,EXTREME_BEARISH,True,True,True,False,True,False,False
2006-10-20,2006-10-10,2006-10-17,,,,2006-10-19,2006-10-20,86.53846153846155,2006-10-19,2006-10-20,94.84126984126985,False,3.0,False,False,True,0,True,True,True,0.0,True,True,2,2,90.6898656898657,EXTREME_BULLISH,True,True,True,False,True,False,False
2006-10-21,2006-10-10,2006-10-17,,,,2006-10-19,2006-10-20,86.53846153846155,2006-10-20,2006-10-21,98.01587301587301,False,4.0,False,False,True,1,True,True,True,0.0,True,True,2,2,92.27716727716728,EXTREME_BULLISH,True,True,True,False,True,False,False
2006-10-22,2006-10-10,2006-10-17,,,,2006-10-19,2006-10-20,86.53846153846155,2006-10-20,2006-10-21,98.01587301587301,False,5.0,False,False,True,2,True,True,True,1.0,True,True,2,2,92.27716727716728,EXTREME_BULLISH,True,True,True,False,True,False,False
2006-10-23,2006-10-10,2006-10-17,,,,2006-10-19,2006-10-20,86.53846153846155,2006-10-20,2006-10-21,98.01587301587301,False,6.0,False,False,True,3,True,True,True,2.0,True,True,2,2,92.27716727716728,EXTREME_BULLISH,True,True,True,False,True,False,False
2006-10-24,2006-10-17,2006-10-24,,,,2006-10-19,2006-10-20,86.53846153846155,2006-10-23,2006-10-24,92.06349206349206,False,0.0,False,False,True,4,True,True,True,0.0,True,True,2,2,89.3009768009768,EXTREME_BULLISH,True,True,True,False,True,False,False
2006-10-25,2006-10-17,2006-10-24,,,,2006-10-19,2006-10-20,86.53846153846155,2006-10-24,2006-10-25,96.03174603174604,False,1.0,False,False,True,5,True,True,True,0.0,True,True,2,2,91.28510378510379,EXTREME_BULLISH,True,True,True,False,True,False,False
2006-10-26,2006-10-17,2006-10-24,,,,2006-10-19,2006-10-20,86.53846153846155,2006-10-25,2006-10-26,97.61904761904762,False,2.0,False,False,True,6,True,True,True,0.0,True,True,2,2,92.07875457875458,EXTREME_BULLISH,True,True,True,False,True,False,False
2006-10-27,2006-10-17,2006-10-24,,,,2006-10-26,2006-10-27,78.84615384615384,2006-10-26,2006-10-27,98.41269841269842,False,3.0,False,False,True,0,True,True,True,0.0,True,True,2,2,88.62942612942612,EXTREME_BULLISH,True,True,True,False,True,False,False
2006-10-28,2006-10-17,2006-10-24,,,,2006-10-26,2006-10-27,78.84615384615384,2006-10-27,2006-10-28,94.84126984126985,False,4.0,False,False,True,1,True,True,True,0.0,True,True,2,2,86.84371184371184,EXTREME_BULLISH,True,True,True,False,True,False,False
2006-10-29,2006-10-17,2006-10-24,,,,2006-10-26,2006-10-27,78.84615384615384,2006-10-27,2006-10-28,94.84126984126985,False,5.0,False,False,True,2,True,True,True,1.0,True,True,2,2,86.84371184371184,EXTREME_BULLISH,True,True,True,False,True,False,False
2006-10-30,2006-10-17,2006-10-24,,,,2006-10-26,2006-10-27,78.84615384615384,2006-10-27,2006-10-28,94.84126984126985,False,6.0,False,False,True,3,True,True,True,2.0,True,True,2,2,86.84371184371184,EXTREME_BULLISH,True,True,True,False,True,False,False
2006-10-31,2006-10-24,2006-10-31,,,,2006-10-26,2006-10-27,78.84615384615384,2006-10-30,2006-10-31,84.92063492063492,False,0.0,False,False,True,4,True,True,True,0.0,True,True,2,2,81.88339438339437,EXTREME_BULLISH,True,True,True,False,True,False,False
2006-11-01,2006-10-24,2006-10-31,,,,2006-10-26,2006-10-27,78.84615384615384,2006-10-31,2006-11-01,89.28571428571429,False,1.0,False,False,True,5,True,True,True,0.0,True,True,2,2,84.06593406593407,EXTREME_BULLISH,True,True,True,False,True,False,False
2006-11-10,2006-10-31,2006-11-07,,,,2006-11-09,2006-11-10,82.6923076923077,2006-11-09,2006-11-10,90.07936507936508,False,3.0,False,False,True,0,True,True,True,0.0,True,True,2,2,86.38583638583638,EXTREME_BULLISH,True,True,True,False,True,False,False
2006-11-11,2006-10-31,2006-11-07,,,,2006-11-09,2006-11-10,82.6923076923077,2006-11-10,2006-11-11,94.44444444444444,False,4.0,False,False,True,1,True,True,True,0.0,True,True,2,2,88.56837606837607,EXTREME_BULLISH,True,True,True,False,True,False,False
2006-11-12,2006-10-31,2006-11-07,,,,2006-11-09,2006-11-10,82.6923076923077,2006-11-10,2006-11-11,94.44444444444444,False,5.0,False,False,True,2,True,True,True,1.0,True,True,2,2,88.56837606837607,EXTREME_BULLISH,True,True,True,False,True,False,False
2006-11-13,2006-10-31,2006-11-07,,,,2006-11-09,2006-11-10,82.6923076923077,2006-11-10,2006-11-11,94.44444444444444,False,6.0,False,False,True,3,True,True,True,2.0,True,True,2,2,88.56837606837607,EXTREME_BULLISH,True,True,True,False,True,False,False
2006-11-14,2006-11-07,2006-11-14,,,,2006-11-09,2006-11-10,82.6923076923077,2006-11-13,2006-11-14,92.46031746031746,False,0.0,False,False,True,4,True,True,True,0.0,True,True,2,2,87.57631257631257,EXTREME_BULLISH,True,True,True,False,True,False,False
2006-11-15,2006-11-07,2006-11-14,,,,2006-11-09,2006-11-10,82.6923076923077,2006-11-14,2006-11-15,98.41269841269842,False,1.0,False,False,True,5,True,True,True,0.0,True,True,2,2,90.55250305250306,EXTREME_BULLISH,True,True,True,False,True,False,False
2006-11-16,2006-11-07,2006-11-14,,,,2006-11-09,2006-11-10,82.6923076923077,2006-11-15,2006-11-16,98.80952380952381,False,2.0,False,False,True,6,True,True,True,0.0,True,True,2,2,90.75091575091575,EXTREME_BULLISH,True,True,True,False,True,False,False
2006-11-17,2006-11-07,2006-11-14,,,,2006-11-16,2006-11-17,73.07692307692307,2006-11-16,2006-11-17,99.60317460317461,False,3.0,False,False,True,0,True,True,True,0.0,True,True,2,2,86.34004884004884,EXTREME_BULLISH,True,True,True,False,True,False,False
2006-11-18,2006-11-07,2006-11-14,,,,2006-11-16,2006-11-17,73.07692307692307,2006-11-17,2006-11-18,99.60317460317461,False,4.0,False,False,True,1,True,True,True,0.0,True,True,2,2,86.34004884004884,EXTREME_BULLISH,True,True,True,False,True,False,False
2006-11-19,2006-11-07,2006-11-14,,,,2006-11-16,2006-11-17,73.07692307692307,2006-11-17,2006-11-18,99.60317460317461,False,5.0,False,False,True,2,True,True,True,1.0,True,True,2,2,86.34004884004884,EXTREME_BULLISH,True,True,True,False,True,False,False
2006-11-20,2006-11-07,2006-11-14,,,,2006-11-16,2006-11-17,73.07692307692307,2006-11-17,2006-11-18,99.60317460317461,False,6.0,False,False,True,3,True,True,True,2.0,True,True,2,2,86.34004884004884,EXTREME_BULLISH,True,True,True,False,True,False,False
2006-11-21,2006-11-14,2006-11-21,,,,2006-11-16,2006-11-17,73.07692307692307,2006-11-20,2006-11-21,99.60317460317461,False,0.0,False,False,True,4,True,True,True,0.0,True,True,2,2,86.34004884004884,EXTREME_BULLISH,True,True,True,False,True,False,False
2006-11-22,2006-11-14,2006-11-21,,,,2006-11-16,2006-11-17,73.07692307692307,2006-11-21,2006-11-22,99.60317460317461,False,1.0,False,False,True,5,True,True,True,0.0,True,True,2,2,86.34004884004884,EXTREME_BULLISH,True,True,True,False,True,False,False
2006-11-23,2006-11-14,2006-11-21,,,,2006-11-16,2006-11-17,73.07692307692307,2006-11-22,2006-11-23,98.41269841269842,False,2.0,False,False,True,6,True,True,True,0.0,True,True,2,2,85.74481074481074,EXTREME_BULLISH,True,True,True,False,True,False,False
2007-02-23,2007-02-13,2007-02-20,63.888888888888886,41.666666666666664,52.77777777777777,2007-02-22,2007-02-23,100.0,2007-02-22,2007-02-23,94.84126984126985,True,3.0,True,True,True,0,True,True,True,0.0,True,True,3,3,82.53968253968254,EXTREME_BULLISH,True,True,True,False,True,False,False
2007-02-24,2007-02-13,2007-02-20,63.888888888888886,41.666666666666664,52.77777777777777,2007-02-22,2007-02-23,100.0,2007-02-23,2007-02-24,87.3015873015873,True,4.0,True,True,True,1,True,True,True,0.0,True,True,3,3,80.02645502645503,EXTREME_BULLISH,True,True,True,False,True,False,False
2007-02-25,2007-02-13,2007-02-20,63.888888888888886,41.666666666666664,52.77777777777777,2007-02-22,2007-02-23,100.0,2007-02-23,2007-02-24,87.3015873015873,True,5.0,True,True,True,2,True,True,True,1.0,True,True,3,3,80.02645502645503,EXTREME_BULLISH,True,True,True,False,True,False,False
2007-02-26,2007-02-13,2007-02-20,63.888888888888886,41.666666666666664,52.77777777777777,2007-02-22,2007-02-23,100.0,2007-02-23,2007-02-24,87.3015873015873,True,6.0,True,True,True,3,True,True,True,2.0,True,True,3,3,80.02645502645503,EXTREME_BULLISH,True,True,True,False,True,False,False
2008-01-29,2008-01-22,2008-01-29,96.15384615384616,1.9230769230769198,49.03846153846154,2008-01-24,2008-01-25,3.8461538461538463,2008-01-28,2008-01-29,4.761904761904759,True,0.0,True,True,True,4,True,True,True,0.0,True,True,3,3,19.215506715506717,EXTREME_BEARISH,True,True,True,False,True,False,False
2008-01-30,2008-01-22,2008-01-29,96.15384615384616,1.9230769230769198,49.03846153846154,2008-01-24,2008-01-25,3.8461538461538463,2008-01-29,2008-01-30,6.349206349206355,True,1.0,True,True,True,5,True,True,True,0.0,True,True,3,3,19.74460724460725,EXTREME_BEARISH,True,True,True,False,True,False,False
2008-01-31,2008-01-22,2008-01-29,96.15384615384616,1.9230769230769198,49.03846153846154,2008-01-24,2008-01-25,3.8461538461538463,2008-01-30,2008-01-31,5.952380952380963,True,2.0,True,True,True,6,True,True,True,0.0,True,True,3,3,19.612332112332115,EXTREME_BEARISH,True,True,True,False,True,False,False
2008-03-15,2008-03-04,2008-03-11,92.3076923076923,19.230769230769226,55.76923076923077,2008-03-13,2008-03-14,3.8461538461538463,2008-03-14,2008-03-15,0.0,True,4.0,True,True,True,1,True,True,True,0.0,True,True,3,3,19.871794871794872,EXTREME_BEARISH,True,True,True,False,True,False,False
2008-03-16,2008-03-04,2008-03-11,92.3076923076923,19.230769230769226,55.76923076923077,2008-03-13,2008-03-14,3.8461538461538463,2008-03-14,2008-03-15,0.0,True,5.0,True,True,True,2,True,True,True,1.0,True,True,3,3,19.871794871794872,EXTREME_BEARISH,True,True,True,False,True,False,False
2008-03-17,2008-03-04,2008-03-11,92.3076923076923,19.230769230769226,55.76923076923077,2008-03-13,2008-03-14,3.8461538461538463,2008-03-14,2008-03-15,0.0,True,6.0,True,True,True,3,True,True,True,2.0,True,True,3,3,19.871794871794872,EXTREME_BEARISH,True,True,True,False,True,False,False
2008-03-18,2008-03-11,2008-03-18,86.53846153846155,21.15384615384616,53.846153846153854,2008-03-13,2008-03-14,3.8461538461538463,2008-03-17,2008-03-18,0.0,True,0.0,True,True,True,4,True,True,True,0.0,True,True,3,3,19.230769230769234,EXTREME_BEARISH,True,True,True,False,True,False,False
2008-05-02,2008-04-22,2008-04-29,88.46153846153845,63.46153846153847,75.96153846153845,2008-05-01,2008-05-02,98.07692307692308,2008-05-01,2008-05-02,69.04761904761904,True,3.0,True,True,True,0,True,True,True,0.0,True,True,3,3,81.02869352869352,EXTREME_BULLISH,True,True,True,False,True,False,False
2008-05-03,2008-04-22,2008-04-29,88.46153846153845,63.46153846153847,75.96153846153845,2008-05-01,2008-05-02,98.07692307692308,2008-05-02,2008-05-03,74.2063492063492,True,4.0,True,True,True,1,True,True,True,0.0,True,True,3,3,82.74827024827026,EXTREME_BULLISH,True,True,True,False,True,False,False
2008-05-04,2008-04-22,2008-04-29,88.46153846153845,63.46153846153847,75.96153846153845,2008-05-01,2008-05-02,98.07692307692308,2008-05-02,2008-05-03,74.2063492063492,True,5.0,True,True,True,2,True,True,True,1.0,True,True,3,3,82.74827024827026,EXTREME_BULLISH,True,True,True,False,True,False,False
2008-05-05,2008-04-22,2008-04-29,88.46153846153845,63.46153846153847,75.96153846153845,2008-05-01,2008-05-02,98.07692307692308,2008-05-02,2008-05-03,74.2063492063492,True,6.0,True,True,True,3,True,True,True,2.0,True,True,3,3,82.74827024827026,EXTREME_BULLISH,True,True,True,False,True,False,False
2008-05-06,2008-04-29,2008-05-06,92.3076923076923,75.0,83.65384615384616,2008-05-01,2008-05-02,98.07692307692308,2008-05-05,2008-05-06,68.65079365079364,True,0.0,True,True,True,4,True,True,True,0.0,True,True,3,3,83.46052096052095,EXTREME_BULLISH,True,True,True,False,True,False,False
2008-05-07,2008-04-29,2008-05-06,92.3076923076923,75.0,83.65384615384616,2008-05-01,2008-05-02,98.07692307692308,2008-05-06,2008-05-07,74.60317460317461,True,1.0,True,True,True,5,True,True,True,0.0,True,True,3,3,85.44464794464795,EXTREME_BULLISH,True,True,True,False,True,False,False
2008-05-08,2008-04-29,2008-05-06,92.3076923076923,75.0,83.65384615384616,2008-05-01,2008-05-02,98.07692307692308,2008-05-07,2008-05-08,66.26984126984127,True,2.0,True,True,True,6,True,True,True,0.0,True,True,3,3,82.66687016687017,EXTREME_BULLISH,True,True,True,False,True,False,False
2008-05-09,2008-04-29,2008-05-06,92.3076923076923,75.0,83.65384615384616,2008-05-08,2008-05-09,98.07692307692308,2008-05-08,2008-05-09,67.85714285714286,True,3.0,True,True,True,0,True,True,True,0.0,True,True,3,3,83.1959706959707,EXTREME_BULLISH,True,True,True,False,True,False,False
2008-05-10,2008-04-29,2008-05-06,92.3076923076923,75.0,83.65384615384616,2008-05-08,2008-05-09,98.07692307692308,2008-05-09,2008-05-10,67.85714285714286,True,4.0,True,True,True,1,True,True,True,0.0,True,True,3,3,83.1959706959707,EXTREME_BULLISH,True,True,True,False,True,False,False
2008-05-11,2008-04-29,2008-05-06,92.3076923076923,75.0,83.65384615384616,2008-05-08,2008-05-09,98.07692307692308,2008-05-09,2008-05-10,67.85714285714286,True,5.0,True,True,True,2,True,True,True,1.0,True,True,3,3,83.1959706959707,EXTREME_BULLISH,True,True,True,False,True,False,False
2008-05-12,2008-04-29,2008-05-06,92.3076923076923,75.0,83.65384615384616,2008-05-08,2008-05-09,98.07692307692308,2008-05-09,2008-05-10,67.85714285714286,True,6.0,True,True,True,3,True,True,True,2.0,True,True,3,3,83.1959706959707,EXTREME_BULLISH,True,True,True,False,True,False,False
2008-05-20,2008-05-13,2008-05-20,96.15384615384616,57.69230769230769,76.92307692307693,2008-05-15,2008-05-16,90.3846153846154,2008-05-19,2008-05-20,80.95238095238095,True,0.0,True,True,True,4,True,True,True,0.0,True,True,3,3,82.75335775335776,EXTREME_BULLISH,True,True,True,False,True,False,False
2008-05-21,2008-05-13,2008-05-20,96.15384615384616,57.69230769230769,76.92307692307693,2008-05-15,2008-05-16,90.3846153846154,2008-05-20,2008-05-21,79.76190476190476,True,1.0,True,True,True,5,True,True,True,0.0,True,True,3,3,82.35653235653236,EXTREME_BULLISH,True,True,True,False,True,False,False
2008-05-22,2008-05-13,2008-05-20,96.15384615384616,57.69230769230769,76.92307692307693,2008-05-15,2008-05-16,90.3846153846154,2008-05-21,2008-05-22,73.01587301587301,True,2.0,True,True,True,6,True,True,True,0.0,True,True,3,3,80.10785510785512,EXTREME_BULLISH,True,True,True,False,True,False,False
2008-05-29,2008-05-20,2008-05-27,94.23076923076924,78.84615384615384,86.53846153846155,2008-05-22,2008-05-23,84.61538461538461,2008-05-28,2008-05-29,70.23809523809524,True,2.0,True,True,True,6,True,True,True,0.0,True,True,3,3,80.46398046398046,EXTREME_BULLISH,True,True,True,False,True,False,False
2008-09-16,2008-09-09,2008-09-16,40.38461538461539,21.15384615384616,30.769230769230774,2008-09-11,2008-09-12,25.0,2008-09-15,2008-09-16,0.3968253968254061,True,0.0,True,True,True,4,True,True,True,0.0,True,True,3,3,18.722018722018728,EXTREME_BEARISH,True,True,True,False,True,False,False
2008-09-17,2008-09-09,2008-09-16,40.38461538461539,21.15384615384616,30.769230769230774,2008-09-11,2008-09-12,25.0,2008-09-16,2008-09-17,1.984126984127002,True,1.0,True,True,True,5,True,True,True,0.0,True,True,3,3,19.25111925111926,EXTREME_BEARISH,True,True,True,False,True,False,False
2008-09-18,2008-09-09,2008-09-16,40.38461538461539,21.15384615384616,30.769230769230774,2008-09-11,2008-09-12,25.0,2008-09-17,2008-09-18,0.0,True,2.0,True,True,True,6,True,True,True,0.0,True,True,3,3,18.58974358974359,EXTREME_BEARISH,True,True,True,False,True,False,False
2008-09-19,2008-09-09,2008-09-16,40.38461538461539,21.15384615384616,30.769230769230774,2008-09-18,2008-09-19,23.07692307692308,2008-09-18,2008-09-19,0.3968253968254061,True,3.0,True,True,True,0,True,True,True,0.0,True,True,3,3,18.080993080993085,EXTREME_BEARISH,True,True,True,False,True,False,False
2008-09-20,2008-09-09,2008-09-16,40.38461538461539,21.15384615384616,30.769230769230774,2008-09-18,2008-09-19,23.07692307692308,2008-09-19,2008-09-20,1.190476190476204,True,4.0,True,True,True,1,True,True,True,0.0,True,True,3,3,18.34554334554335,EXTREME_BEARISH,True,True,True,False,True,False,False
2008-09-21,2008-09-09,2008-09-16,40.38461538461539,21.15384615384616,30.769230769230774,2008-09-18,2008-09-19,23.07692307692308,2008-09-19,2008-09-20,1.190476190476204,True,5.0,True,True,True,2,True,True,True,1.0,True,True,3,3,18.34554334554335,EXTREME_BEARISH,True,True,True,False,True,False,False
2008-09-22,2008-09-09,2008-09-16,40.38461538461539,21.15384615384616,30.769230769230774,2008-09-18,2008-09-19,23.07692307692308,2008-09-19,2008-09-20,1.190476190476204,True,6.0,True,True,True,3,True,True,True,2.0,True,True,3,3,18.34554334554335,EXTREME_BEARISH,True,True,True,False,True,False,False
2008-09-23,2008-09-16,2008-09-23,7.6923076923076925,1.9230769230769198,4.807692307692307,2008-09-18,2008-09-19,23.07692307692308,2008-09-22,2008-09-23,0.3968253968254061,True,0.0,True,True,True,4,True,True,True,0.0,True,True,3,3,9.42714692714693,EXTREME_BEARISH,True,True,True,False,True,False,False
2008-09-24,2008-09-16,2008-09-23,7.6923076923076925,1.9230769230769198,4.807692307692307,2008-09-18,2008-09-19,23.07692307692308,2008-09-23,2008-09-24,0.3968253968254061,True,1.0,True,True,True,5,True,True,True,0.0,True,True,3,3,9.42714692714693,EXTREME_BEARISH,True,True,True,False,True,False,False
2008-09-25,2008-09-16,2008-09-23,7.6923076923076925,1.9230769230769198,4.807692307692307,2008-09-18,2008-09-19,23.07692307692308,2008-09-24,2008-09-25,0.7936507936507837,True,2.0,True,True,True,6,True,True,True,0.0,True,True,3,3,9.559422059422056,EXTREME_BEARISH,True,True,True,False,True,False,False
2008-09-26,2008-09-16,2008-09-23,7.6923076923076925,1.9230769230769198,4.807692307692307,2008-09-25,2008-09-26,51.92307692307693,2008-09-25,2008-09-26,1.984126984127002,True,3.0,True,True,True,0,True,True,True,0.0,True,True,3,3,19.571632071632077,EXTREME_BEARISH,True,True,True,False,True,False,False
2008-09-27,2008-09-16,2008-09-23,7.6923076923076925,1.9230769230769198,4.807692307692307,2008-09-25,2008-09-26,51.92307692307693,2008-09-26,2008-09-27,1.190476190476204,True,4.0,True,True,True,1,True,True,True,0.0,True,True,3,3,19.30708180708181,EXTREME_BEARISH,True,True,True,False,True,False,False
2008-09-28,2008-09-16,2008-09-23,7.6923076923076925,1.9230769230769198,4.807692307692307,2008-09-25,2008-09-26,51.92307692307693,2008-09-26,2008-09-27,1.190476190476204,True,5.0,True,True,True,2,True,True,True,1.0,True,True,3,3,19.30708180708181,EXTREME_BEARISH,True,True,True,False,True,False,False
2008-09-29,2008-09-16,2008-09-23,7.6923076923076925,1.9230769230769198,4.807692307692307,2008-09-25,2008-09-26,51.92307692307693,2008-09-26,2008-09-27,1.190476190476204,True,6.0,True,True,True,3,True,True,True,2.0,True,True,3,3,19.30708180708181,EXTREME_BEARISH,True,True,True,False,True,False,False
2008-10-03,2008-09-23,2008-09-30,25.0,15.384615384615387,20.192307692307693,2008-10-02,2008-10-03,30.76923076923077,2008-10-02,2008-10-03,0.3968253968254061,True,3.0,True,True,True,0,True,True,True,0.0,True,True,3,3,17.119454619454626,EXTREME_BEARISH,True,True,True,False,True,False,False
2008-10-04,2008-09-23,2008-09-30,25.0,15.384615384615387,20.192307692307693,2008-10-02,2008-10-03,30.76923076923077,2008-10-03,2008-10-04,0.7936507936507837,True,4.0,True,True,True,1,True,True,True,0.0,True,True,3,3,17.25172975172975,EXTREME_BEARISH,True,True,True,False,True,False,False
2008-10-05,2008-09-23,2008-09-30,25.0,15.384615384615387,20.192307692307693,2008-10-02,2008-10-03,30.76923076923077,2008-10-03,2008-10-04,0.7936507936507837,True,5.0,True,True,True,2,True,True,True,1.0,True,True,3,3,17.25172975172975,EXTREME_BEARISH,True,True,True,False,True,False,False
2008-10-06,2008-09-23,2008-09-30,25.0,15.384615384615387,20.192307692307693,2008-10-02,2008-10-03,30.76923076923077,2008-10-03,2008-10-04,0.7936507936507837,True,6.0,True,True,True,3,True,True,True,2.0,True,True,3,3,17.25172975172975,EXTREME_BEARISH,True,True,True,False,True,False,False
2008-10-07,2008-09-30,2008-10-07,26.923076923076923,7.692307692307693,17.307692307692307,2008-10-02,2008-10-03,30.76923076923077,2008-10-06,2008-10-07,0.0,True,0.0,True,True,True,4,True,True,True,0.0,True,True,3,3,16.025641025641026,EXTREME_BEARISH,True,True,True,False,True,False,False
2008-10-08,2008-09-30,2008-10-07,26.923076923076923,7.692307692307693,17.307692307692307,2008-10-02,2008-10-03,30.76923076923077,2008-10-07,2008-10-08,0.0,True,1.0,True,True,True,5,True,True,True,0.0,True,True,3,3,16.025641025641026,EXTREME_BEARISH,True,True,True,False,True,False,False
2008-10-09,2008-09-30,2008-10-07,26.923076923076923,7.692307692307693,17.307692307692307,2008-10-02,2008-10-03,30.76923076923077,2008-10-08,2008-10-09,0.0,True,2.0,True,True,True,6,True,True,True,0.0,True,True,3,3,16.025641025641026,EXTREME_BEARISH,True,True,True,False,True,False,False
2008-10-10,2008-09-30,2008-10-07,26.923076923076923,7.692307692307693,17.307692307692307,2008-10-09,2008-10-10,17.307692307692307,2008-10-09,2008-10-10,0.0,True,3.0,True,True,True,0,True,True,True,0.0,True,True,3,3,11.538461538461538,EXTREME_BEARISH,True,True,True,False,True,False,False
2008-10-11,2008-09-30,2008-10-07,26.923076923076923,7.692307692307693,17.307692307692307,2008-10-09,2008-10-10,17.307692307692307,2008-10-10,2008-10-11,0.0,True,4.0,True,True,True,1,True,True,True,0.0,True,True,3,3,11.538461538461538,EXTREME_BEARISH,True,True,True,False,True,False,False
2008-10-12,2008-09-30,2008-10-07,26.923076923076923,7.692307692307693,17.307692307692307,2008-10-09,2008-10-10,17.307692307692307,2008-10-10,2008-10-11,0.0,True,5.0,True,True,True,2,True,True,True,1.0,True,True,3,3,11.538461538461538,EXTREME_BEARISH,True,True,True,False,True,False,False
2008-10-13,2008-09-30,2008-10-07,26.923076923076923,7.692307692307693,17.307692307692307,2008-10-09,2008-10-10,17.307692307692307,2008-10-10,2008-10-11,0.0,True,6.0,True,True,True,3,True,True,True,2.0,True,True,3,3,11.538461538461538,EXTREME_BEARISH,True,True,True,False,True,False,False
2008-10-14,2008-10-07,2008-10-14,1.9230769230769231,0.0,0.9615384615384616,2008-10-09,2008-10-10,17.307692307692307,2008-10-13,2008-10-14,1.190476190476204,True,0.0,True,True,True,4,True,True,True,0.0,True,True,3,3,6.48656898656899,EXTREME_BEARISH,True,True,True,False,True,False,False
2008-10-15,2008-10-07,2008-10-14,1.9230769230769231,0.0,0.9615384615384616,2008-10-09,2008-10-10,17.307692307692307,2008-10-14,2008-10-15,1.190476190476204,True,1.0,True,True,True,5,True,True,True,0.0,True,True,3,3,6.48656898656899,EXTREME_BEARISH,True,True,True,False,True,False,False
2008-10-16,2008-10-07,2008-10-14,1.9230769230769231,0.0,0.9615384615384616,2008-10-09,2008-10-10,17.307692307692307,2008-10-15,2008-10-16,0.3968253968254061,True,2.0,True,True,True,6,True,True,True,0.0,True,True,3,3,6.222018722018724,EXTREME_BEARISH,True,True,True,False,True,False,False
2008-11-21,2008-11-11,2008-11-18,34.61538461538461,3.8461538461538396,19.230769230769226,2008-11-20,2008-11-21,11.538461538461538,2008-11-20,2008-11-21,0.0,True,3.0,True,True,True,0,True,True,True,0.0,True,True,3,3,10.256410256410255,EXTREME_BEARISH,True,True,True,False,True,False,False
2008-11-22,2008-11-11,2008-11-18,34.61538461538461,3.8461538461538396,19.230769230769226,2008-11-20,2008-11-21,11.538461538461538,2008-11-21,2008-11-22,1.5873015873015959,True,4.0,True,True,True,1,True,True,True,0.0,True,True,3,3,10.785510785510787,EXTREME_BEARISH,True,True,True,False,True,False,False
2008-11-23,2008-11-11,2008-11-18,34.61538461538461,3.8461538461538396,19.230769230769226,2008-11-20,2008-11-21,11.538461538461538,2008-11-21,2008-11-22,1.5873015873015959,True,5.0,True,True,True,2,True,True,True,1.0,True,True,3,3,10.785510785510787,EXTREME_BEARISH,True,True,True,False,True,False,False
2008-11-24,2008-11-11,2008-11-18,34.61538461538461,3.8461538461538396,19.230769230769226,2008-11-20,2008-11-21,11.538461538461538,2008-11-21,2008-11-22,1.5873015873015959,True,6.0,True,True,True,3,True,True,True,2.0,True,True,3,3,10.785510785510787,EXTREME_BEARISH,True,True,True,False,True,False,False
2008-11-25,2008-11-18,2008-11-25,59.61538461538461,0.0,29.807692307692307,2008-11-20,2008-11-21,11.538461538461538,2008-11-24,2008-11-25,6.746031746031761,True,0.0,True,True,True,4,True,True,True,0.0,True,True,3,3,16.030728530728535,EXTREME_BEARISH,True,True,True,False,True,False,False
2008-11-26,2008-11-18,2008-11-25,59.61538461538461,0.0,29.807692307692307,2008-11-20,2008-11-21,11.538461538461538,2008-11-25,2008-11-26,8.73015873015872,True,1.0,True,True,True,5,True,True,True,0.0,True,True,3,3,16.69210419210419,EXTREME_BEARISH,True,True,True,False,True,False,False
2008-11-27,2008-11-18,2008-11-25,59.61538461538461,0.0,29.807692307692307,2008-11-20,2008-11-21,11.538461538461538,2008-11-26,2008-11-27,11.904761904761912,True,2.0,True,True,True,6,True,True,True,0.0,True,True,3,3,17.750305250305253,EXTREME_BEARISH,True,True,True,False,True,False,False
2009-02-24,2009-02-17,2009-02-24,57.692307692307686,15.384615384615387,36.53846153846153,2009-02-19,2009-02-20,3.8461538461538463,2009-02-23,2009-02-24,19.444444444444443,True,0.0,True,True,True,4,True,True,True,0.0,True,True,3,3,19.94301994301994,EXTREME_BEARISH,True,True,True,False,True,False,False
2009-03-10,2009-03-03,2009-03-10,53.84615384615385,7.692307692307693,30.76923076923077,2009-03-05,2009-03-06,1.9230769230769231,2009-03-09,2009-03-10,22.61904761904762,True,0.0,True,True,True,4,True,True,True,0.0,True,True,3,3,18.43711843711844,EXTREME_BEARISH,True,True,True,False,True,False,False
2009-05-15,2009-05-05,2009-05-12,92.3076923076923,73.07692307692308,82.6923076923077,2009-05-14,2009-05-15,92.3076923076923,2009-05-14,2009-05-15,65.87301587301587,True,3.0,True,True,True,0,True,True,True,0.0,True,True,3,3,80.29100529100529,EXTREME_BULLISH,True,True,True,False,True,False,False
2009-05-19,2009-05-12,2009-05-19,96.15384615384616,67.3076923076923,81.73076923076923,2009-05-14,2009-05-15,92.3076923076923,2009-05-18,2009-05-19,67.06349206349206,True,0.0,True,True,True,4,True,True,True,0.0,True,True,3,3,80.36731786731787,EXTREME_BULLISH,True,True,True,False,True,False,False
2009-05-20,2009-05-12,2009-05-19,96.15384615384616,67.3076923076923,81.73076923076923,2009-05-14,2009-05-15,92.3076923076923,2009-05-19,2009-05-20,67.46031746031747,True,1.0,True,True,True,5,True,True,True,0.0,True,True,3,3,80.499592999593,EXTREME_BULLISH,True,True,True,False,True,False,False
2009-05-21,2009-05-12,2009-05-19,96.15384615384616,67.3076923076923,81.73076923076923,2009-05-14,2009-05-15,92.3076923076923,2009-05-20,2009-05-21,67.46031746031747,True,2.0,True,True,True,6,True,True,True,0.0,True,True,3,3,80.499592999593,EXTREME_BULLISH,True,True,True,False,True,False,False
2009-06-05,2009-05-26,2009-06-02,98.07692307692308,73.07692307692308,85.57692307692308,2009-06-04,2009-06-05,96.15384615384616,2009-06-04,2009-06-05,69.84126984126983,True,3.0,True,True,True,0,True,True,True,0.0,True,True,3,3,83.85734635734634,EXTREME_BULLISH,True,True,True,False,True,False,False
2009-06-06,2009-05-26,2009-06-02,98.07692307692308,73.07692307692308,85.57692307692308,2009-06-04,2009-06-05,96.15384615384616,2009-06-05,2009-06-06,71.03174603174602,True,4.0,True,True,True,1,True,True,True,0.0,True,True,3,3,84.25417175417175,EXTREME_BULLISH,True,True,True,False,True,False,False
2009-06-07,2009-05-26,2009-06-02,98.07692307692308,73.07692307692308,85.57692307692308,2009-06-04,2009-06-05,96.15384615384616,2009-06-05,2009-06-06,71.03174603174602,True,5.0,True,True,True,2,True,True,True,1.0,True,True,3,3,84.25417175417175,EXTREME_BULLISH,True,True,True,False,True,False,False
2009-06-08,2009-05-26,2009-06-02,98.07692307692308,73.07692307692308,85.57692307692308,2009-06-04,2009-06-05,96.15384615384616,2009-06-05,2009-06-06,71.03174603174602,True,6.0,True,True,True,3,True,True,True,2.0,True,True,3,3,84.25417175417175,EXTREME_BULLISH,True,True,True,False,True,False,False
2009-06-09,2009-06-02,2009-06-09,98.07692307692308,75.0,86.53846153846155,2009-06-04,2009-06-05,96.15384615384616,2009-06-08,2009-06-09,70.63492063492063,True,0.0,True,True,True,4,True,True,True,0.0,True,True,3,3,84.44240944240944,EXTREME_BULLISH,True,True,True,False,True,False,False
2009-06-10,2009-06-02,2009-06-09,98.07692307692308,75.0,86.53846153846155,2009-06-04,2009-06-05,96.15384615384616,2009-06-09,2009-06-10,73.8095238095238,True,1.0,True,True,True,5,True,True,True,0.0,True,True,3,3,85.50061050061049,EXTREME_BULLISH,True,True,True,False,True,False,False
2009-06-11,2009-06-02,2009-06-09,98.07692307692308,75.0,86.53846153846155,2009-06-04,2009-06-05,96.15384615384616,2009-06-10,2009-06-11,73.8095238095238,True,2.0,True,True,True,6,True,True,True,0.0,True,True,3,3,85.50061050061049,EXTREME_BULLISH,True,True,True,False,True,False,False
2009-07-31,2009-07-21,2009-07-28,69.23076923076923,69.23076923076923,69.23076923076923,2009-07-30,2009-07-31,100.0,2009-07-30,2009-07-31,84.12698412698413,True,3.0,True,True,True,0,True,True,True,0.0,True,True,3,3,84.45258445258445,EXTREME_BULLISH,True,True,True,False,True,False,False
2009-08-01,2009-07-21,2009-07-28,69.23076923076923,69.23076923076923,69.23076923076923,2009-07-30,2009-07-31,100.0,2009-07-31,2009-08-01,82.14285714285714,True,4.0,True,True,True,1,True,True,True,0.0,True,True,3,3,83.79120879120879,EXTREME_BULLISH,True,True,True,False,True,False,False
2009-08-02,2009-07-21,2009-07-28,69.23076923076923,69.23076923076923,69.23076923076923,2009-07-30,2009-07-31,100.0,2009-07-31,2009-08-01,82.14285714285714,True,5.0,True,True,True,2,True,True,True,1.0,True,True,3,3,83.79120879120879,EXTREME_BULLISH,True,True,True,False,True,False,False
2009-08-03,2009-07-21,2009-07-28,69.23076923076923,69.23076923076923,69.23076923076923,2009-07-30,2009-07-31,100.0,2009-07-31,2009-08-01,82.14285714285714,True,6.0,True,True,True,3,True,True,True,2.0,True,True,3,3,83.79120879120879,EXTREME_BULLISH,True,True,True,False,True,False,False
2009-08-04,2009-07-28,2009-08-04,82.6923076923077,55.769230769230774,69.23076923076923,2009-07-30,2009-07-31,100.0,2009-08-03,2009-08-04,83.73015873015873,True,0.0,True,True,True,4,True,True,True,0.0,True,True,3,3,84.32030932030932,EXTREME_BULLISH,True,True,True,False,True,False,False
2009-08-05,2009-07-28,2009-08-04,82.6923076923077,55.769230769230774,69.23076923076923,2009-07-30,2009-07-31,100.0,2009-08-04,2009-08-05,86.5079365079365,True,1.0,True,True,True,5,True,True,True,0.0,True,True,3,3,85.24623524623524,EXTREME_BULLISH,True,True,True,False,True,False,False
2009-08-06,2009-07-28,2009-08-04,82.6923076923077,55.769230769230774,69.23076923076923,2009-07-30,2009-07-31,100.0,2009-08-05,2009-08-06,86.5079365079365,True,2.0,True,True,True,6,True,True,True,0.0,True,True,3,3,85.24623524623524,EXTREME_BULLISH,True,True,True,False,True,False,False
2009-08-07,2009-07-28,2009-08-04,82.6923076923077,55.769230769230774,69.23076923076923,2009-08-06,2009-08-07,98.07692307692308,2009-08-06,2009-08-07,82.93650793650794,True,3.0,True,True,True,0,True,True,True,0.0,True,True,3,3,83.41473341473342,EXTREME_BULLISH,True,True,True,False,True,False,False
2009-08-08,2009-07-28,2009-08-04,82.6923076923077,55.769230769230774,69.23076923076923,2009-08-06,2009-08-07,98.07692307692308,2009-08-07,2009-08-08,87.6984126984127,True,4.0,True,True,True,1,True,True,True,0.0,True,True,3,3,85.00203500203502,EXTREME_BULLISH,True,True,True,False,True,False,False
2009-08-09,2009-07-28,2009-08-04,82.6923076923077,55.769230769230774,69.23076923076923,2009-08-06,2009-08-07,98.07692307692308,2009-08-07,2009-08-08,87.6984126984127,True,5.0,True,True,True,2,True,True,True,1.0,True,True,3,3,85.00203500203502,EXTREME_BULLISH,True,True,True,False,True,False,False
2009-08-10,2009-07-28,2009-08-04,82.6923076923077,55.769230769230774,69.23076923076923,2009-08-06,2009-08-07,98.07692307692308,2009-08-07,2009-08-08,87.6984126984127,True,6.0,True,True,True,3,True,True,True,2.0,True,True,3,3,85.00203500203502,EXTREME_BULLISH,True,True,True,False,True,False,False
2009-08-11,2009-08-04,2009-08-11,86.53846153846155,59.61538461538461,73.07692307692308,2009-08-06,2009-08-07,98.07692307692308,2009-08-10,2009-08-11,86.9047619047619,True,0.0,True,True,True,4,True,True,True,0.0,True,True,3,3,86.01953601953602,EXTREME_BULLISH,True,True,True,False,True,False,False
2009-08-12,2009-08-04,2009-08-11,86.53846153846155,59.61538461538461,73.07692307692308,2009-08-06,2009-08-07,98.07692307692308,2009-08-11,2009-08-12,81.74603174603175,True,1.0,True,True,True,5,True,True,True,0.0,True,True,3,3,84.2999592999593,EXTREME_BULLISH,True,True,True,False,True,False,False
2009-08-13,2009-08-04,2009-08-11,86.53846153846155,59.61538461538461,73.07692307692308,2009-08-06,2009-08-07,98.07692307692308,2009-08-12,2009-08-13,85.31746031746032,True,2.0,True,True,True,6,True,True,True,0.0,True,True,3,3,85.4904354904355,EXTREME_BULLISH,True,True,True,False,True,False,False
2009-08-14,2009-08-04,2009-08-11,86.53846153846155,59.61538461538461,73.07692307692308,2009-08-13,2009-08-14,100.0,2009-08-13,2009-08-14,89.28571428571429,True,3.0,True,True,True,0,True,True,True,0.0,True,True,3,3,87.45421245421245,EXTREME_BULLISH,True,True,True,False,True,False,False
2009-08-15,2009-08-04,2009-08-11,86.53846153846155,59.61538461538461,73.07692307692308,2009-08-13,2009-08-14,100.0,2009-08-14,2009-08-15,91.66666666666667,True,4.0,True,True,True,1,True,True,True,0.0,True,True,3,3,88.24786324786326,EXTREME_BULLISH,True,True,True,False,True,False,False
2009-08-16,2009-08-04,2009-08-11,86.53846153846155,59.61538461538461,73.07692307692308,2009-08-13,2009-08-14,100.0,2009-08-14,2009-08-15,91.66666666666667,True,5.0,True,True,True,2,True,True,True,1.0,True,True,3,3,88.24786324786326,EXTREME_BULLISH,True,True,True,False,True,False,False
2009-08-17,2009-08-04,2009-08-11,86.53846153846155,59.61538461538461,73.07692307692308,2009-08-13,2009-08-14,100.0,2009-08-14,2009-08-15,91.66666666666667,True,6.0,True,True,True,3,True,True,True,2.0,True,True,3,3,88.24786324786326,EXTREME_BULLISH,True,True,True,False,True,False,False
2009-08-18,2009-08-11,2009-08-18,94.23076923076924,67.3076923076923,80.76923076923077,2009-08-13,2009-08-14,100.0,2009-08-17,2009-08-18,80.15873015873017,True,0.0,True,True,True,4,True,True,True,0.0,True,True,3,3,86.97598697598698,EXTREME_BULLISH,True,True,True,False,True,False,False
2009-08-19,2009-08-11,2009-08-18,94.23076923076924,67.3076923076923,80.76923076923077,2009-08-13,2009-08-14,100.0,2009-08-18,2009-08-19,82.14285714285714,True,1.0,True,True,True,5,True,True,True,0.0,True,True,3,3,87.63736263736264,EXTREME_BULLISH,True,True,True,False,True,False,False
2009-08-20,2009-08-11,2009-08-18,94.23076923076924,67.3076923076923,80.76923076923077,2009-08-13,2009-08-14,100.0,2009-08-19,2009-08-20,81.74603174603175,True,2.0,True,True,True,6,True,True,True,0.0,True,True,3,3,87.5050875050875,EXTREME_BULLISH,True,True,True,False,True,False,False
2009-09-04,2009-08-25,2009-09-01,94.23076923076924,80.76923076923076,87.5,2009-09-03,2009-09-04,75.0,2009-09-03,2009-09-04,81.34920634920636,True,3.0,True,True,True,0,True,True,True,0.0,True,True,3,3,81.28306878306879,EXTREME_BULLISH,True,True,True,False,True,False,False
2009-09-05,2009-08-25,2009-09-01,94.23076923076924,80.76923076923076,87.5,2009-09-03,2009-09-04,75.0,2009-09-04,2009-09-05,89.68253968253968,True,4.0,True,True,True,1,True,True,True,0.0,True,True,3,3,84.06084656084657,EXTREME_BULLISH,True,True,True,False,True,False,False
2009-09-06,2009-08-25,2009-09-01,94.23076923076924,80.76923076923076,87.5,2009-09-03,2009-09-04,75.0,2009-09-04,2009-09-05,89.68253968253968,True,5.0,True,True,True,2,True,True,True,1.0,True,True,3,3,84.06084656084657,EXTREME_BULLISH,True,True,True,False,True,False,False
2009-09-07,2009-08-25,2009-09-01,94.23076923076924,80.76923076923076,87.5,2009-09-03,2009-09-04,75.0,2009-09-04,2009-09-05,89.68253968253968,True,6.0,True,True,True,3,True,True,True,2.0,True,True,3,3,84.06084656084657,EXTREME_BULLISH,True,True,True,False,True,False,False
2009-09-08,2009-09-01,2009-09-08,94.23076923076924,73.07692307692308,83.65384615384616,2009-09-03,2009-09-04,75.0,2009-09-04,2009-09-05,89.68253968253968,True,0.0,True,True,True,4,True,True,True,3.0,True,True,3,3,82.77879527879527,EXTREME_BULLISH,True,True,True,False,True,False,False
2009-09-09,2009-09-01,2009-09-08,94.23076923076924,73.07692307692308,83.65384615384616,2009-09-03,2009-09-04,75.0,2009-09-08,2009-09-09,86.9047619047619,True,1.0,True,True,True,5,True,True,True,0.0,True,True,3,3,81.85286935286935,EXTREME_BULLISH,True,True,True,False,True,False,False
2009-09-10,2009-09-01,2009-09-08,94.23076923076924,73.07692307692308,83.65384615384616,2009-09-03,2009-09-04,75.0,2009-09-09,2009-09-10,97.22222222222223,True,2.0,True,True,True,6,True,True,True,0.0,True,True,3,3,85.29202279202279,EXTREME_BULLISH,True,True,True,False,True,False,False
2009-09-18,2009-09-08,2009-09-15,88.46153846153845,76.92307692307692,82.69230769230768,2009-09-17,2009-09-18,76.92307692307693,2009-09-17,2009-09-18,97.61904761904762,True,3.0,True,True,True,0,True,True,True,0.0,True,True,3,3,85.74481074481075,EXTREME_BULLISH,True,True,True,False,True,False,False
2009-09-19,2009-09-08,2009-09-15,88.46153846153845,76.92307692307692,82.69230769230768,2009-09-17,2009-09-18,76.92307692307693,2009-09-18,2009-09-19,96.03174603174604,True,4.0,True,True,True,1,True,True,True,0.0,True,True,3,3,85.21571021571022,EXTREME_BULLISH,True,True,True,False,True,False,False
2009-09-20,2009-09-08,2009-09-15,88.46153846153845,76.92307692307692,82.69230769230768,2009-09-17,2009-09-18,76.92307692307693,2009-09-18,2009-09-19,96.03174603174604,True,5.0,True,True,True,2,True,True,True,1.0,True,True,3,3,85.21571021571022,EXTREME_BULLISH,True,True,True,False,True,False,False
2009-09-21,2009-09-08,2009-09-15,88.46153846153845,76.92307692307692,82.69230769230768,2009-09-17,2009-09-18,76.92307692307693,2009-09-18,2009-09-19,96.03174603174604,True,6.0,True,True,True,3,True,True,True,2.0,True,True,3,3,85.21571021571022,EXTREME_BULLISH,True,True,True,False,True,False,False
2009-09-22,2009-09-15,2009-09-22,92.3076923076923,78.84615384615384,85.57692307692307,2009-09-17,2009-09-18,76.92307692307693,2009-09-21,2009-09-22,95.63492063492063,True,0.0,True,True,True,4,True,True,True,0.0,True,True,3,3,86.04497354497353,EXTREME_BULLISH,True,True,True,False,True,False,False
2009-09-23,2009-09-15,2009-09-22,92.3076923076923,78.84615384615384,85.57692307692307,2009-09-17,2009-09-18,76.92307692307693,2009-09-22,2009-09-23,99.60317460317461,True,1.0,True,True,True,5,True,True,True,0.0,True,True,3,3,87.36772486772486,EXTREME_BULLISH,True,True,True,False,True,False,False
2009-09-24,2009-09-15,2009-09-22,92.3076923076923,78.84615384615384,85.57692307692307,2009-09-17,2009-09-18,76.92307692307693,2009-09-23,2009-09-24,97.61904761904762,True,2.0,True,True,True,6,True,True,True,0.0,True,True,3,3,86.7063492063492,EXTREME_BULLISH,True,True,True,False,True,False,False
2009-10-07,2009-09-29,2009-10-06,90.3846153846154,67.3076923076923,78.84615384615385,2009-10-01,2009-10-02,82.6923076923077,2009-10-06,2009-10-07,80.95238095238095,True,1.0,True,True,True,5,True,True,True,0.0,True,True,3,3,80.83028083028084,EXTREME_BULLISH,True,True,True,False,True,False,False
2009-10-08,2009-09-29,2009-10-06,90.3846153846154,67.3076923076923,78.84615384615385,2009-10-01,2009-10-02,82.6923076923077,2009-10-07,2009-10-08,91.66666666666667,True,2.0,True,True,True,6,True,True,True,0.0,True,True,3,3,84.40170940170941,EXTREME_BULLISH,True,True,True,False,True,False,False
2009-10-16,2009-10-06,2009-10-13,75.0,61.53846153846153,68.26923076923077,2009-10-15,2009-10-16,92.3076923076923,2009-10-15,2009-10-16,99.60317460317461,True,3.0,True,True,True,0,True,True,True,0.0,True,True,3,3,86.72669922669922,EXTREME_BULLISH,True,True,True,False,True,False,False
2009-10-17,2009-10-06,2009-10-13,75.0,61.53846153846153,68.26923076923077,2009-10-15,2009-10-16,92.3076923076923,2009-10-16,2009-10-17,99.60317460317461,True,4.0,True,True,True,1,True,True,True,0.0,True,True,3,3,86.72669922669922,EXTREME_BULLISH,True,True,True,False,True,False,False
2009-10-18,2009-10-06,2009-10-13,75.0,61.53846153846153,68.26923076923077,2009-10-15,2009-10-16,92.3076923076923,2009-10-16,2009-10-17,99.60317460317461,True,5.0,True,True,True,2,True,True,True,1.0,True,True,3,3,86.72669922669922,EXTREME_BULLISH,True,True,True,False,True,False,False
2009-10-19,2009-10-06,2009-10-13,75.0,61.53846153846153,68.26923076923077,2009-10-15,2009-10-16,92.3076923076923,2009-10-16,2009-10-17,99.60317460317461,True,6.0,True,True,True,3,True,True,True,2.0,True,True,3,3,86.72669922669922,EXTREME_BULLISH,True,True,True,False,True,False,False
2009-10-20,2009-10-13,2009-10-20,86.53846153846155,78.84615384615384,82.6923076923077,2009-10-15,2009-10-16,92.3076923076923,2009-10-19,2009-10-20,99.2063492063492,True,0.0,True,True,True,4,True,True,True,0.0,True,True,3,3,91.4021164021164,EXTREME_BULLISH,True,True,True,False,True,False,False
2009-10-21,2009-10-13,2009-10-20,86.53846153846155,78.84615384615384,82.6923076923077,2009-10-15,2009-10-16,92.3076923076923,2009-10-20,2009-10-21,99.60317460317461,True,1.0,True,True,True,5,True,True,True,0.0,True,True,3,3,91.53439153439153,EXTREME_BULLISH,True,True,True,False,True,False,False
2009-10-22,2009-10-13,2009-10-20,86.53846153846155,78.84615384615384,82.6923076923077,2009-10-15,2009-10-16,92.3076923076923,2009-10-21,2009-10-22,98.01587301587301,True,2.0,True,True,True,6,True,True,True,0.0,True,True,3,3,91.005291005291,EXTREME_BULLISH,True,True,True,False,True,False,False
2009-10-23,2009-10-13,2009-10-20,86.53846153846155,78.84615384615384,82.6923076923077,2009-10-22,2009-10-23,75.0,2009-10-22,2009-10-23,99.60317460317461,True,3.0,True,True,True,0,True,True,True,0.0,True,True,3,3,85.76516076516077,EXTREME_BULLISH,True,True,True,False,True,False,False
2009-10-24,2009-10-13,2009-10-20,86.53846153846155,78.84615384615384,82.6923076923077,2009-10-22,2009-10-23,75.0,2009-10-23,2009-10-24,97.22222222222223,True,4.0,True,True,True,1,True,True,True,0.0,True,True,3,3,84.97150997150997,EXTREME_BULLISH,True,True,True,False,True,False,False
2009-10-25,2009-10-13,2009-10-20,86.53846153846155,78.84615384615384,82.6923076923077,2009-10-22,2009-10-23,75.0,2009-10-23,2009-10-24,97.22222222222223,True,5.0,True,True,True,2,True,True,True,1.0,True,True,3,3,84.97150997150997,EXTREME_BULLISH,True,True,True,False,True,False,False
2009-10-26,2009-10-13,2009-10-20,86.53846153846155,78.84615384615384,82.6923076923077,2009-10-22,2009-10-23,75.0,2009-10-23,2009-10-24,97.22222222222223,True,6.0,True,True,True,3,True,True,True,2.0,True,True,3,3,84.97150997150997,EXTREME_BULLISH,True,True,True,False,True,False,False
2009-10-27,2009-10-20,2009-10-27,98.07692307692308,90.38461538461539,94.23076923076923,2009-10-22,2009-10-23,75.0,2009-10-26,2009-10-27,88.4920634920635,True,0.0,True,True,True,4,True,True,True,0.0,True,True,3,3,85.9076109076109,EXTREME_BULLISH,True,True,True,False,True,False,False
2009-10-28,2009-10-20,2009-10-27,98.07692307692308,90.38461538461539,94.23076923076923,2009-10-22,2009-10-23,75.0,2009-10-27,2009-10-28,84.92063492063492,True,1.0,True,True,True,5,True,True,True,0.0,True,True,3,3,84.71713471713473,EXTREME_BULLISH,True,True,True,False,True,False,False
2009-11-17,2009-11-09,2009-11-16,100.0,50.0,75.0,2009-11-12,2009-11-13,71.15384615384616,2009-11-16,2009-11-17,96.03174603174604,True,1.0,True,True,True,4,True,True,True,0.0,True,True,3,3,80.72853072853074,EXTREME_BULLISH,True,True,True,False,True,False,False
2009-11-18,2009-11-09,2009-11-16,100.0,50.0,75.0,2009-11-12,2009-11-13,71.15384615384616,2009-11-17,2009-11-18,96.82539682539682,True,2.0,True,True,True,5,True,True,True,0.0,True,True,3,3,80.993080993081,EXTREME_BULLISH,True,True,True,False,True,False,False
2009-11-19,2009-11-09,2009-11-16,100.0,50.0,75.0,2009-11-12,2009-11-13,71.15384615384616,2009-11-18,2009-11-19,98.01587301587301,True,3.0,True,True,True,6,True,True,True,0.0,True,True,3,3,81.38990638990639,EXTREME_BULLISH,True,True,True,False,True,False,False
2009-11-20,2009-11-09,2009-11-16,100.0,50.0,75.0,2009-11-19,2009-11-20,88.46153846153845,2009-11-19,2009-11-20,96.03174603174604,True,4.0,True,True,True,0,True,True,True,0.0,True,True,3,3,86.49776149776149,EXTREME_BULLISH,True,True,True,False,True,False,False
2009-11-21,2009-11-09,2009-11-16,100.0,50.0,75.0,2009-11-19,2009-11-20,88.46153846153845,2009-11-20,2009-11-21,97.22222222222223,True,5.0,True,True,True,1,True,True,True,0.0,True,True,3,3,86.8945868945869,EXTREME_BULLISH,True,True,True,False,True,False,False
2009-11-22,2009-11-09,2009-11-16,100.0,50.0,75.0,2009-11-19,2009-11-20,88.46153846153845,2009-11-20,2009-11-21,97.22222222222223,True,6.0,True,True,True,2,True,True,True,1.0,True,True,3,3,86.8945868945869,EXTREME_BULLISH,True,True,True,False,True,False,False
2009-11-23,2009-11-09,2009-11-16,100.0,50.0,75.0,2009-11-19,2009-11-20,88.46153846153845,2009-11-20,2009-11-21,97.22222222222223,True,7.0,True,True,True,3,True,True,True,2.0,True,True,3,3,86.8945868945869,EXTREME_BULLISH,True,True,True,False,True,False,False
2009-11-24,2009-11-17,2009-11-24,100.0,38.46153846153846,69.23076923076923,2009-11-19,2009-11-20,88.46153846153845,2009-11-23,2009-11-24,98.80952380952381,True,0.0,True,True,True,4,True,True,True,0.0,True,True,3,3,85.50061050061049,EXTREME_BULLISH,True,True,True,False,True,False,False
2009-11-25,2009-11-17,2009-11-24,100.0,38.46153846153846,69.23076923076923,2009-11-19,2009-11-20,88.46153846153845,2009-11-24,2009-11-25,99.60317460317461,True,1.0,True,True,True,5,True,True,True,0.0,True,True,3,3,85.76516076516077,EXTREME_BULLISH,True,True,True,False,True,False,False
2009-11-26,2009-11-17,2009-11-24,100.0,38.46153846153846,69.23076923076923,2009-11-19,2009-11-20,88.46153846153845,2009-11-25,2009-11-26,99.2063492063492,True,2.0,True,True,True,6,True,True,True,0.0,True,True,3,3,85.63288563288563,EXTREME_BULLISH,True,True,True,False,True,False,False
2009-12-05,2009-11-24,2009-12-01,98.07692307692308,30.769230769230774,64.42307692307693,2009-12-03,2009-12-04,78.84615384615384,2009-12-04,2009-12-05,97.22222222222223,True,4.0,True,True,True,1,True,True,True,0.0,True,True,3,3,80.16381766381767,EXTREME_BULLISH,True,True,True,False,True,False,False
2009-12-06,2009-11-24,2009-12-01,98.07692307692308,30.769230769230774,64.42307692307693,2009-12-03,2009-12-04,78.84615384615384,2009-12-04,2009-12-05,97.22222222222223,True,5.0,True,True,True,2,True,True,True,1.0,True,True,3,3,80.16381766381767,EXTREME_BULLISH,True,True,True,False,True,False,False
2009-12-07,2009-11-24,2009-12-01,98.07692307692308,30.769230769230774,64.42307692307693,2009-12-03,2009-12-04,78.84615384615384,2009-12-04,2009-12-05,97.22222222222223,True,6.0,True,True,True,3,True,True,True,2.0,True,True,3,3,80.16381766381767,EXTREME_BULLISH,True,True,True,False,True,False,False
2009-12-18,2009-12-08,2009-12-15,96.15384615384616,30.769230769230774,63.46153846153847,2009-12-17,2009-12-18,94.23076923076924,2009-12-17,2009-12-18,90.47619047619048,True,3.0,True,True,True,0,True,True,True,0.0,True,True,3,3,82.72283272283273,EXTREME_BULLISH,True,True,True,False,True,False,False
2009-12-19,2009-12-08,2009-12-15,96.15384615384616,30.769230769230774,63.46153846153847,2009-12-17,2009-12-18,94.23076923076924,2009-12-18,2009-12-19,94.04761904761905,True,4.0,True,True,True,1,True,True,True,0.0,True,True,3,3,83.91330891330892,EXTREME_BULLISH,True,True,True,False,True,False,False
2009-12-20,2009-12-08,2009-12-15,96.15384615384616,30.769230769230774,63.46153846153847,2009-12-17,2009-12-18,94.23076923076924,2009-12-18,2009-12-19,94.04761904761905,True,5.0,True,True,True,2,True,True,True,1.0,True,True,3,3,83.91330891330892,EXTREME_BULLISH,True,True,True,False,True,False,False
2009-12-21,2009-12-08,2009-12-15,96.15384615384616,30.769230769230774,63.46153846153847,2009-12-17,2009-12-18,94.23076923076924,2009-12-18,2009-12-19,94.04761904761905,True,6.0,True,True,True,3,True,True,True,2.0,True,True,3,3,83.91330891330892,EXTREME_BULLISH,True,True,True,False,True,False,False
2009-12-22,2009-12-15,2009-12-22,96.15384615384616,25.0,60.57692307692308,2009-12-17,2009-12-18,94.23076923076924,2009-12-21,2009-12-22,98.80952380952381,True,0.0,True,True,True,4,True,True,True,0.0,True,True,3,3,84.53907203907204,EXTREME_BULLISH,True,True,True,False,True,False,False
2009-12-23,2009-12-15,2009-12-22,96.15384615384616,25.0,60.57692307692308,2009-12-17,2009-12-18,94.23076923076924,2009-12-22,2009-12-23,99.60317460317461,True,1.0,True,True,True,5,True,True,True,0.0,True,True,3,3,84.8036223036223,EXTREME_BULLISH,True,True,True,False,True,False,False
2009-12-24,2009-12-15,2009-12-22,96.15384615384616,25.0,60.57692307692308,2009-12-17,2009-12-18,94.23076923076924,2009-12-23,2009-12-24,99.2063492063492,True,2.0,True,True,True,6,True,True,True,0.0,True,True,3,3,84.67134717134718,EXTREME_BULLISH,True,True,True,False,True,False,False
2009-12-29,2009-12-22,2009-12-29,88.46153846153845,73.07692307692308,80.76923076923077,2009-12-24,2009-12-25,65.38461538461539,2009-12-28,2009-12-29,98.41269841269842,True,0.0,True,True,True,4,True,True,True,0.0,True,True,3,3,81.52218152218153,EXTREME_BULLISH,True,True,True,False,True,False,False
2009-12-30,2009-12-22,2009-12-29,88.46153846153845,73.07692307692308,80.76923076923077,2009-12-24,2009-12-25,65.38461538461539,2009-12-29,2009-12-30,98.01587301587301,True,1.0,True,True,True,5,True,True,True,0.0,True,True,3,3,81.38990638990639,EXTREME_BULLISH,True,True,True,False,True,False,False
2009-12-31,2009-12-22,2009-12-29,88.46153846153845,73.07692307692308,80.76923076923077,2009-12-24,2009-12-25,65.38461538461539,2009-12-30,2009-12-31,98.01587301587301,True,2.0,True,True,True,6,True,True,True,0.0,True,True,3,3,81.38990638990639,EXTREME_BULLISH,True,True,True,False,True,False,False
2010-01-01,2009-12-22,2009-12-29,88.46153846153845,73.07692307692308,80.76923076923077,2009-12-31,2010-01-01,100.0,2009-12-31,2010-01-01,90.87301587301587,True,3.0,True,True,True,0,True,True,True,0.0,True,True,3,3,90.54741554741554,EXTREME_BULLISH,True,True,True,False,True,False,False
2010-01-02,2009-12-22,2009-12-29,88.46153846153845,73.07692307692308,80.76923076923077,2009-12-31,2010-01-01,100.0,2009-12-31,2010-01-01,90.87301587301587,True,4.0,True,True,True,1,True,True,True,1.0,True,True,3,3,90.54741554741554,EXTREME_BULLISH,True,True,True,False,True,False,False
2010-01-03,2009-12-22,2009-12-29,88.46153846153845,73.07692307692308,80.76923076923077,2009-12-31,2010-01-01,100.0,2009-12-31,2010-01-01,90.87301587301587,True,5.0,True,True,True,2,True,True,True,2.0,True,True,3,3,90.54741554741554,EXTREME_BULLISH,True,True,True,False,True,False,False
2010-01-04,2009-12-22,2009-12-29,88.46153846153845,73.07692307692308,80.76923076923077,2009-12-31,2010-01-01,100.0,2009-12-31,2010-01-01,90.87301587301587,True,6.0,True,True,True,3,True,True,True,3.0,True,True,3,3,90.54741554741554,EXTREME_BULLISH,True,True,True,False,True,False,False
2010-01-05,2009-12-29,2010-01-05,98.07692307692308,80.76923076923076,89.42307692307692,2009-12-31,2010-01-01,100.0,2010-01-04,2010-01-05,97.22222222222223,True,0.0,True,True,True,4,True,True,True,0.0,True,True,3,3,95.54843304843304,EXTREME_BULLISH,True,True,True,False,True,False,False
2010-01-06,2009-12-29,2010-01-05,98.07692307692308,80.76923076923076,89.42307692307692,2009-12-31,2010-01-01,100.0,2010-01-05,2010-01-06,99.60317460317461,True,1.0,True,True,True,5,True,True,True,0.0,True,True,3,3,96.34208384208382,EXTREME_BULLISH,True,True,True,False,True,False,False
2010-01-07,2009-12-29,2010-01-05,98.07692307692308,80.76923076923076,89.42307692307692,2009-12-31,2010-01-01,100.0,2010-01-06,2010-01-07,99.60317460317461,True,2.0,True,True,True,6,True,True,True,0.0,True,True,3,3,96.34208384208382,EXTREME_BULLISH,True,True,True,False,True,False,False
2010-01-08,2009-12-29,2010-01-05,98.07692307692308,80.76923076923076,89.42307692307692,2010-01-07,2010-01-08,94.23076923076924,2010-01-07,2010-01-08,99.60317460317461,True,3.0,True,True,True,0,True,True,True,0.0,True,True,3,3,94.41900691900692,EXTREME_BULLISH,True,True,True,False,True,False,False
2010-01-09,2009-12-29,2010-01-05,98.07692307692308,80.76923076923076,89.42307692307692,2010-01-07,2010-01-08,94.23076923076924,2010-01-08,2010-01-09,99.60317460317461,True,4.0,True,True,True,1,True,True,True,0.0,True,True,3,3,94.41900691900692,EXTREME_BULLISH,True,True,True,False,True,False,False
2010-01-10,2009-12-29,2010-01-05,98.07692307692308,80.76923076923076,89.42307692307692,2010-01-07,2010-01-08,94.23076923076924,2010-01-08,2010-01-09,99.60317460317461,True,5.0,True,True,True,2,True,True,True,1.0,True,True,3,3,94.41900691900692,EXTREME_BULLISH,True,True,True,False,True,False,False
2010-01-11,2009-12-29,2010-01-05,98.07692307692308,80.76923076923076,89.42307692307692,2010-01-07,2010-01-08,94.23076923076924,2010-01-08,2010-01-09,99.60317460317461,True,6.0,True,True,True,3,True,True,True,2.0,True,True,3,3,94.41900691900692,EXTREME_BULLISH,True,True,True,False,True,False,False
2010-01-12,2010-01-05,2010-01-12,84.61538461538461,57.69230769230769,71.15384615384616,2010-01-07,2010-01-08,94.23076923076924,2010-01-11,2010-01-12,99.60317460317461,True,0.0,True,True,True,4,True,True,True,0.0,True,True,3,3,88.32926332926336,EXTREME_BULLISH,True,True,True,False,True,False,False
2010-01-13,2010-01-05,2010-01-12,84.61538461538461,57.69230769230769,71.15384615384616,2010-01-07,2010-01-08,94.23076923076924,2010-01-12,2010-01-13,98.80952380952381,True,1.0,True,True,True,5,True,True,True,0.0,True,True,3,3,88.06471306471308,EXTREME_BULLISH,True,True,True,False,True,False,False
2010-01-14,2010-01-05,2010-01-12,84.61538461538461,57.69230769230769,71.15384615384616,2010-01-07,2010-01-08,94.23076923076924,2010-01-13,2010-01-14,99.2063492063492,True,2.0,True,True,True,6,True,True,True,0.0,True,True,3,3,88.19698819698822,EXTREME_BULLISH,True,True,True,False,True,False,False
2010-01-15,2010-01-05,2010-01-12,84.61538461538461,57.69230769230769,71.15384615384616,2010-01-14,2010-01-15,98.07692307692308,2010-01-14,2010-01-15,99.2063492063492,True,3.0,True,True,True,0,True,True,True,0.0,True,True,3,3,89.47903947903949,EXTREME_BULLISH,True,True,True,False,True,False,False
2010-01-16,2010-01-05,2010-01-12,84.61538461538461,57.69230769230769,71.15384615384616,2010-01-14,2010-01-15,98.07692307692308,2010-01-15,2010-01-16,98.41269841269842,True,4.0,True,True,True,1,True,True,True,0.0,True,True,3,3,89.21448921448922,EXTREME_BULLISH,True,True,True,False,True,False,False
2010-01-17,2010-01-05,2010-01-12,84.61538461538461,57.69230769230769,71.15384615384616,2010-01-14,2010-01-15,98.07692307692308,2010-01-15,2010-01-16,98.41269841269842,True,5.0,True,True,True,2,True,True,True,1.0,True,True,3,3,89.21448921448922,EXTREME_BULLISH,True,True,True,False,True,False,False
2010-01-18,2010-01-05,2010-01-12,84.61538461538461,57.69230769230769,71.15384615384616,2010-01-14,2010-01-15,98.07692307692308,2010-01-15,2010-01-16,98.41269841269842,True,6.0,True,True,True,3,True,True,True,2.0,True,True,3,3,89.21448921448922,EXTREME_BULLISH,True,True,True,False,True,False,False
2010-01-19,2010-01-12,2010-01-19,82.6923076923077,86.53846153846153,84.61538461538461,2010-01-14,2010-01-15,98.07692307692308,2010-01-15,2010-01-16,98.41269841269842,True,0.0,True,True,True,4,True,True,True,3.0,True,True,3,3,93.70166870166871,EXTREME_BULLISH,True,True,True,False,True,False,False
2010-01-20,2010-01-12,2010-01-19,82.6923076923077,86.53846153846153,84.61538461538461,2010-01-14,2010-01-15,98.07692307692308,2010-01-19,2010-01-20,99.2063492063492,True,1.0,True,True,True,5,True,True,True,0.0,True,True,3,3,93.96621896621896,EXTREME_BULLISH,True,True,True,False,True,False,False
2010-01-21,2010-01-12,2010-01-19,82.6923076923077,86.53846153846153,84.61538461538461,2010-01-14,2010-01-15,98.07692307692308,2010-01-20,2010-01-21,96.82539682539682,True,2.0,True,True,True,6,True,True,True,0.0,True,True,3,3,93.17256817256816,EXTREME_BULLISH,True,True,True,False,True,False,False
2010-04-06,2010-03-30,2010-04-06,42.30769230769231,98.07692307692308,70.1923076923077,2010-04-01,2010-04-02,76.92307692307693,2010-04-05,2010-04-06,97.61904761904762,True,0.0,True,True,True,4,True,True,True,0.0,True,True,3,3,81.57814407814409,EXTREME_BULLISH,True,True,True,False,True,False,False
2010-04-07,2010-03-30,2010-04-06,42.30769230769231,98.07692307692308,70.1923076923077,2010-04-01,2010-04-02,76.92307692307693,2010-04-06,2010-04-07,99.60317460317461,True,1.0,True,True,True,5,True,True,True,0.0,True,True,3,3,82.23951973951975,EXTREME_BULLISH,True,True,True,False,True,False,False
2010-04-08,2010-03-30,2010-04-06,42.30769230769231,98.07692307692308,70.1923076923077,2010-04-01,2010-04-02,76.92307692307693,2010-04-07,2010-04-08,98.41269841269842,True,2.0,True,True,True,6,True,True,True,0.0,True,True,3,3,81.84269434269436,EXTREME_BULLISH,True,True,True,False,True,False,False
2010-04-09,2010-03-30,2010-04-06,42.30769230769231,98.07692307692308,70.1923076923077,2010-04-08,2010-04-09,82.6923076923077,2010-04-08,2010-04-09,98.80952380952381,True,3.0,True,True,True,0,True,True,True,0.0,True,True,3,3,83.8980463980464,EXTREME_BULLISH,True,True,True,False,True,False,False
2010-04-10,2010-03-30,2010-04-06,42.30769230769231,98.07692307692308,70.1923076923077,2010-04-08,2010-04-09,82.6923076923077,2010-04-09,2010-04-10,99.60317460317461,True,4.0,True,True,True,1,True,True,True,0.0,True,True,3,3,84.16259666259667,EXTREME_BULLISH,True,True,True,False,True,False,False
2010-04-11,2010-03-30,2010-04-06,42.30769230769231,98.07692307692308,70.1923076923077,2010-04-08,2010-04-09,82.6923076923077,2010-04-09,2010-04-10,99.60317460317461,True,5.0,True,True,True,2,True,True,True,1.0,True,True,3,3,84.16259666259667,EXTREME_BULLISH,True,True,True,False,True,False,False
2010-04-12,2010-03-30,2010-04-06,42.30769230769231,98.07692307692308,70.1923076923077,2010-04-08,2010-04-09,82.6923076923077,2010-04-09,2010-04-10,99.60317460317461,True,6.0,True,True,True,3,True,True,True,2.0,True,True,3,3,84.16259666259667,EXTREME_BULLISH,True,True,True,False,True,False,False
2010-04-13,2010-04-06,2010-04-13,26.923076923076923,96.15384615384616,61.53846153846154,2010-04-08,2010-04-09,82.6923076923077,2010-04-12,2010-04-13,99.60317460317461,True,0.0,True,True,True,4,True,True,True,0.0,True,True,3,3,81.27798127798128,EXTREME_BULLISH,True,True,True,False,True,False,False
2010-04-14,2010-04-06,2010-04-13,26.923076923076923,96.15384615384616,61.53846153846154,2010-04-08,2010-04-09,82.6923076923077,2010-04-13,2010-04-14,98.80952380952381,True,1.0,True,True,True,5,True,True,True,0.0,True,True,3,3,81.013431013431,EXTREME_BULLISH,True,True,True,False,True,False,False
2010-04-15,2010-04-06,2010-04-13,26.923076923076923,96.15384615384616,61.53846153846154,2010-04-08,2010-04-09,82.6923076923077,2010-04-14,2010-04-15,99.2063492063492,True,2.0,True,True,True,6,True,True,True,0.0,True,True,3,3,81.14570614570614,EXTREME_BULLISH,True,True,True,False,True,False,False
2010-04-16,2010-04-06,2010-04-13,26.923076923076923,96.15384615384616,61.53846153846154,2010-04-15,2010-04-16,94.23076923076924,2010-04-15,2010-04-16,98.80952380952381,True,3.0,True,True,True,0,True,True,True,0.0,True,True,3,3,84.85958485958486,EXTREME_BULLISH,True,True,True,False,True,False,False
2010-04-17,2010-04-06,2010-04-13,26.923076923076923,96.15384615384616,61.53846153846154,2010-04-15,2010-04-16,94.23076923076924,2010-04-16,2010-04-17,86.11111111111111,True,4.0,True,True,True,1,True,True,True,0.0,True,True,3,3,80.62678062678063,EXTREME_BULLISH,True,True,True,False,True,False,False
2010-04-18,2010-04-06,2010-04-13,26.923076923076923,96.15384615384616,61.53846153846154,2010-04-15,2010-04-16,94.23076923076924,2010-04-16,2010-04-17,86.11111111111111,True,5.0,True,True,True,2,True,True,True,1.0,True,True,3,3,80.62678062678063,EXTREME_BULLISH,True,True,True,False,True,False,False
2010-04-19,2010-04-06,2010-04-13,26.923076923076923,96.15384615384616,61.53846153846154,2010-04-15,2010-04-16,94.23076923076924,2010-04-16,2010-04-17,86.11111111111111,True,6.0,True,True,True,3,True,True,True,2.0,True,True,3,3,80.62678062678063,EXTREME_BULLISH,True,True,True,False,True,False,False
2010-04-20,2010-04-13,2010-04-20,25.0,96.15384615384616,60.57692307692308,2010-04-15,2010-04-16,94.23076923076924,2010-04-19,2010-04-20,93.65079365079364,True,0.0,True,True,True,4,True,True,True,0.0,True,True,3,3,82.81949531949532,EXTREME_BULLISH,True,True,True,False,True,False,False
2010-04-21,2010-04-13,2010-04-20,25.0,96.15384615384616,60.57692307692308,2010-04-15,2010-04-16,94.23076923076924,2010-04-20,2010-04-21,98.80952380952381,True,1.0,True,True,True,5,True,True,True,0.0,True,True,3,3,84.53907203907204,EXTREME_BULLISH,True,True,True,False,True,False,False
2010-04-22,2010-04-13,2010-04-20,25.0,96.15384615384616,60.57692307692308,2010-04-15,2010-04-16,94.23076923076924,2010-04-21,2010-04-22,96.82539682539682,True,2.0,True,True,True,6,True,True,True,0.0,True,True,3,3,83.87769637769638,EXTREME_BULLISH,True,True,True,False,True,False,False
2010-05-29,2010-05-18,2010-05-25,9.615384615384617,80.76923076923076,45.192307692307686,2010-05-27,2010-05-28,5.769230769230769,2010-05-28,2010-05-29,3.9682539682539613,True,4.0,True,True,True,1,True,True,True,0.0,True,True,3,3,18.309930809930805,EXTREME_BEARISH,True,True,True,False,True,False,False
2010-05-30,2010-05-18,2010-05-25,9.615384615384617,80.76923076923076,45.192307692307686,2010-05-27,2010-05-28,5.769230769230769,2010-05-28,2010-05-29,3.9682539682539613,True,5.0,True,True,True,2,True,True,True,1.0,True,True,3,3,18.309930809930805,EXTREME_BEARISH,True,True,True,False,True,False,False
2010-05-31,2010-05-18,2010-05-25,9.615384615384617,80.76923076923076,45.192307692307686,2010-05-27,2010-05-28,5.769230769230769,2010-05-28,2010-05-29,3.9682539682539613,True,6.0,True,True,True,3,True,True,True,2.0,True,True,3,3,18.309930809930805,EXTREME_BEARISH,True,True,True,False,True,False,False
2010-06-01,2010-05-25,2010-06-01,1.9230769230769231,53.84615384615385,27.884615384615383,2010-05-27,2010-05-28,5.769230769230769,2010-05-28,2010-05-29,3.9682539682539613,True,0.0,True,True,True,4,True,True,True,3.0,True,True,3,3,12.540700040700038,EXTREME_BEARISH,True,True,True,False,True,False,False
2010-06-02,2010-05-25,2010-06-01,1.9230769230769231,53.84615384615385,27.884615384615383,2010-05-27,2010-05-28,5.769230769230769,2010-06-01,2010-06-02,1.5873015873015959,True,1.0,True,True,True,5,True,True,True,0.0,True,True,3,3,11.74704924704925,EXTREME_BEARISH,True,True,True,False,True,False,False
2010-06-03,2010-05-25,2010-06-01,1.9230769230769231,53.84615384615385,27.884615384615383,2010-05-27,2010-05-28,5.769230769230769,2010-06-02,2010-06-03,9.126984126984127,True,2.0,True,True,True,6,True,True,True,0.0,True,True,3,3,14.26027676027676,EXTREME_BEARISH,True,True,True,False,True,False,False
2010-08-27,2010-08-17,2010-08-24,5.769230769230769,67.3076923076923,36.53846153846154,2010-08-26,2010-08-27,5.769230769230769,2010-08-26,2010-08-27,17.063492063492063,True,3.0,True,True,True,0,True,True,True,0.0,True,True,3,3,19.79039479039479,EXTREME_BEARISH,True,True,True,False,True,False,False
2010-08-31,2010-08-24,2010-08-31,3.8461538461538463,65.38461538461539,34.61538461538461,2010-08-26,2010-08-27,5.769230769230769,2010-08-30,2010-08-31,17.85714285714286,True,0.0,True,True,True,4,True,True,True,0.0,True,True,3,3,19.413919413919412,EXTREME_BEARISH,True,True,True,False,True,False,False
2010-10-12,2010-10-05,2010-10-12,65.38461538461539,63.46153846153847,64.42307692307693,2010-10-07,2010-10-08,96.15384615384616,2010-10-11,2010-10-12,80.95238095238095,True,0.0,True,True,True,4,True,True,True,0.0,True,True,3,3,80.50976800976802,EXTREME_BULLISH,True,True,True,False,True,False,False
2010-10-13,2010-10-05,2010-10-12,65.38461538461539,63.46153846153847,64.42307692307693,2010-10-07,2010-10-08,96.15384615384616,2010-10-12,2010-10-13,80.95238095238095,True,1.0,True,True,True,5,True,True,True,0.0,True,True,3,3,80.50976800976802,EXTREME_BULLISH,True,True,True,False,True,False,False
2010-10-19,2010-10-12,2010-10-19,75.0,67.3076923076923,71.15384615384616,2010-10-14,2010-10-15,92.3076923076923,2010-10-18,2010-10-19,78.57142857142857,True,0.0,True,True,True,4,True,True,True,0.0,True,True,3,3,80.67765567765566,EXTREME_BULLISH,True,True,True,False,True,False,False
2010-10-22,2010-10-12,2010-10-19,75.0,67.3076923076923,71.15384615384616,2010-10-21,2010-10-22,96.15384615384616,2010-10-21,2010-10-22,77.38095238095238,True,3.0,True,True,True,0,True,True,True,0.0,True,True,3,3,81.56288156288157,EXTREME_BULLISH,True,True,True,False,True,False,False
2010-10-23,2010-10-12,2010-10-19,75.0,67.3076923076923,71.15384615384616,2010-10-21,2010-10-22,96.15384615384616,2010-10-22,2010-10-23,81.34920634920636,True,4.0,True,True,True,1,True,True,True,0.0,True,True,3,3,82.88563288563289,EXTREME_BULLISH,True,True,True,False,True,False,False
2010-10-24,2010-10-12,2010-10-19,75.0,67.3076923076923,71.15384615384616,2010-10-21,2010-10-22,96.15384615384616,2010-10-22,2010-10-23,81.34920634920636,True,5.0,True,True,True,2,True,True,True,1.0,True,True,3,3,82.88563288563289,EXTREME_BULLISH,True,True,True,False,True,False,False
2010-10-25,2010-10-12,2010-10-19,75.0,67.3076923076923,71.15384615384616,2010-10-21,2010-10-22,96.15384615384616,2010-10-22,2010-10-23,81.34920634920636,True,6.0,True,True,True,3,True,True,True,2.0,True,True,3,3,82.88563288563289,EXTREME_BULLISH,True,True,True,False,True,False,False
2010-10-26,2010-10-19,2010-10-26,76.92307692307693,65.38461538461539,71.15384615384616,2010-10-21,2010-10-22,96.15384615384616,2010-10-25,2010-10-26,74.2063492063492,True,0.0,True,True,True,4,True,True,True,0.0,True,True,3,3,80.50468050468051,EXTREME_BULLISH,True,True,True,False,True,False,False
2010-12-04,2010-11-23,2010-11-30,80.76923076923077,50.0,65.38461538461539,2010-12-02,2010-12-03,90.3846153846154,2010-12-03,2010-12-04,84.92063492063492,True,4.0,True,True,True,1,True,True,True,0.0,True,True,3,3,80.22995522995524,EXTREME_BULLISH,True,True,True,False,True,False,False
2010-12-05,2010-11-23,2010-11-30,80.76923076923077,50.0,65.38461538461539,2010-12-02,2010-12-03,90.3846153846154,2010-12-03,2010-12-04,84.92063492063492,True,5.0,True,True,True,2,True,True,True,1.0,True,True,3,3,80.22995522995524,EXTREME_BULLISH,True,True,True,False,True,False,False
2010-12-06,2010-11-23,2010-11-30,80.76923076923077,50.0,65.38461538461539,2010-12-02,2010-12-03,90.3846153846154,2010-12-03,2010-12-04,84.92063492063492,True,6.0,True,True,True,3,True,True,True,2.0,True,True,3,3,80.22995522995524,EXTREME_BULLISH,True,True,True,False,True,False,False
2010-12-10,2010-11-30,2010-12-07,80.76923076923077,32.69230769230769,56.73076923076923,2010-12-09,2010-12-10,100.0,2010-12-09,2010-12-10,92.06349206349206,True,3.0,True,True,True,0,True,True,True,0.0,True,True,3,3,82.93142043142042,EXTREME_BULLISH,True,True,True,False,True,False,False
2010-12-11,2010-11-30,2010-12-07,80.76923076923077,32.69230769230769,56.73076923076923,2010-12-09,2010-12-10,100.0,2010-12-10,2010-12-11,87.6984126984127,True,4.0,True,True,True,1,True,True,True,0.0,True,True,3,3,81.47639397639398,EXTREME_BULLISH,True,True,True,False,True,False,False
2010-12-12,2010-11-30,2010-12-07,80.76923076923077,32.69230769230769,56.73076923076923,2010-12-09,2010-12-10,100.0,2010-12-10,2010-12-11,87.6984126984127,True,5.0,True,True,True,2,True,True,True,1.0,True,True,3,3,81.47639397639398,EXTREME_BULLISH,True,True,True,False,True,False,False
2010-12-13,2010-11-30,2010-12-07,80.76923076923077,32.69230769230769,56.73076923076923,2010-12-09,2010-12-10,100.0,2010-12-10,2010-12-11,87.6984126984127,True,6.0,True,True,True,3,True,True,True,2.0,True,True,3,3,81.47639397639398,EXTREME_BULLISH,True,True,True,False,True,False,False
2010-12-14,2010-12-07,2010-12-14,86.53846153846155,48.07692307692307,67.3076923076923,2010-12-09,2010-12-10,100.0,2010-12-13,2010-12-14,89.28571428571429,True,0.0,True,True,True,4,True,True,True,0.0,True,True,3,3,85.53113553113553,EXTREME_BULLISH,True,True,True,False,True,False,False
2010-12-15,2010-12-07,2010-12-14,86.53846153846155,48.07692307692307,67.3076923076923,2010-12-09,2010-12-10,100.0,2010-12-14,2010-12-15,86.9047619047619,True,1.0,True,True,True,5,True,True,True,0.0,True,True,3,3,84.73748473748473,EXTREME_BULLISH,True,True,True,False,True,False,False
2010-12-16,2010-12-07,2010-12-14,86.53846153846155,48.07692307692307,67.3076923076923,2010-12-09,2010-12-10,100.0,2010-12-15,2010-12-16,83.33333333333334,True,2.0,True,True,True,6,True,True,True,0.0,True,True,3,3,83.54700854700856,EXTREME_BULLISH,True,True,True,False,True,False,False
2010-12-17,2010-12-07,2010-12-14,86.53846153846155,48.07692307692307,67.3076923076923,2010-12-16,2010-12-17,86.53846153846155,2010-12-16,2010-12-17,91.26984126984127,True,3.0,True,True,True,0,True,True,True,0.0,True,True,3,3,81.70533170533172,EXTREME_BULLISH,True,True,True,False,True,False,False
2010-12-18,2010-12-07,2010-12-14,86.53846153846155,48.07692307692307,67.3076923076923,2010-12-16,2010-12-17,86.53846153846155,2010-12-17,2010-12-18,98.01587301587301,True,4.0,True,True,True,1,True,True,True,0.0,True,True,3,3,83.95400895400896,EXTREME_BULLISH,True,True,True,False,True,False,False
2010-12-19,2010-12-07,2010-12-14,86.53846153846155,48.07692307692307,67.3076923076923,2010-12-16,2010-12-17,86.53846153846155,2010-12-17,2010-12-18,98.01587301587301,True,5.0,True,True,True,2,True,True,True,1.0,True,True,3,3,83.95400895400896,EXTREME_BULLISH,True,True,True,False,True,False,False
2010-12-20,2010-12-07,2010-12-14,86.53846153846155,48.07692307692307,67.3076923076923,2010-12-16,2010-12-17,86.53846153846155,2010-12-17,2010-12-18,98.01587301587301,True,6.0,True,True,True,3,True,True,True,2.0,True,True,3,3,83.95400895400896,EXTREME_BULLISH,True,True,True,False,True,False,False
2010-12-21,2010-12-14,2010-12-21,98.07692307692308,32.69230769230769,65.38461538461539,2010-12-16,2010-12-17,86.53846153846155,2010-12-20,2010-12-21,95.63492063492063,True,0.0,True,True,True,4,True,True,True,0.0,True,True,3,3,82.51933251933252,EXTREME_BULLISH,True,True,True,False,True,False,False
2010-12-22,2010-12-14,2010-12-21,98.07692307692308,32.69230769230769,65.38461538461539,2010-12-16,2010-12-17,86.53846153846155,2010-12-21,2010-12-22,94.44444444444444,True,1.0,True,True,True,5,True,True,True,0.0,True,True,3,3,82.12250712250712,EXTREME_BULLISH,True,True,True,False,True,False,False
2010-12-23,2010-12-14,2010-12-21,98.07692307692308,32.69230769230769,65.38461538461539,2010-12-16,2010-12-17,86.53846153846155,2010-12-22,2010-12-23,99.60317460317461,True,2.0,True,True,True,6,True,True,True,0.0,True,True,3,3,83.84208384208385,EXTREME_BULLISH,True,True,True,False,True,False,False
2010-12-24,2010-12-14,2010-12-21,98.07692307692308,32.69230769230769,65.38461538461539,2010-12-23,2010-12-24,100.0,2010-12-23,2010-12-24,94.44444444444444,True,3.0,True,True,True,0,True,True,True,0.0,True,True,3,3,86.6096866096866,EXTREME_BULLISH,True,True,True,False,True,False,False
2010-12-25,2010-12-14,2010-12-21,98.07692307692308,32.69230769230769,65.38461538461539,2010-12-23,2010-12-24,100.0,2010-12-23,2010-12-24,94.44444444444444,True,4.0,True,True,True,1,True,True,True,1.0,True,True,3,3,86.6096866096866,EXTREME_BULLISH,True,True,True,False,True,False,False
2010-12-26,2010-12-14,2010-12-21,98.07692307692308,32.69230769230769,65.38461538461539,2010-12-23,2010-12-24,100.0,2010-12-23,2010-12-24,94.44444444444444,True,5.0,True,True,True,2,True,True,True,2.0,True,True,3,3,86.6096866096866,EXTREME_BULLISH,True,True,True,False,True,False,False
2010-12-27,2010-12-14,2010-12-21,98.07692307692308,32.69230769230769,65.38461538461539,2010-12-23,2010-12-24,100.0,2010-12-23,2010-12-24,94.44444444444444,True,6.0,True,True,True,3,True,True,True,3.0,True,True,3,3,86.6096866096866,EXTREME_BULLISH,True,True,True,False,True,False,False
2011-01-06,2010-12-28,2011-01-04,88.46153846153845,17.307692307692307,52.88461538461538,2010-12-30,2010-12-31,98.07692307692308,2011-01-05,2011-01-06,90.47619047619048,True,2.0,True,True,True,6,True,True,True,0.0,True,True,3,3,80.47924297924298,EXTREME_BULLISH,True,True,True,False,True,False,False
2011-01-08,2010-12-28,2011-01-04,88.46153846153845,17.307692307692307,52.88461538461538,2011-01-06,2011-01-07,98.07692307692308,2011-01-07,2011-01-08,89.68253968253968,True,4.0,True,True,True,1,True,True,True,0.0,True,True,3,3,80.21469271469272,EXTREME_BULLISH,True,True,True,False,True,False,False
2011-01-09,2010-12-28,2011-01-04,88.46153846153845,17.307692307692307,52.88461538461538,2011-01-06,2011-01-07,98.07692307692308,2011-01-07,2011-01-08,89.68253968253968,True,5.0,True,True,True,2,True,True,True,1.0,True,True,3,3,80.21469271469272,EXTREME_BULLISH,True,True,True,False,True,False,False
2011-01-10,2010-12-28,2011-01-04,88.46153846153845,17.307692307692307,52.88461538461538,2011-01-06,2011-01-07,98.07692307692308,2011-01-07,2011-01-08,89.68253968253968,True,6.0,True,True,True,3,True,True,True,2.0,True,True,3,3,80.21469271469272,EXTREME_BULLISH,True,True,True,False,True,False,False
2011-08-05,2011-07-26,2011-08-02,44.230769230769226,44.23076923076923,44.230769230769226,2011-08-04,2011-08-05,5.769230769230769,2011-08-04,2011-08-05,0.0,True,3.0,True,True,True,0,True,True,True,0.0,True,True,3,3,16.666666666666664,EXTREME_BEARISH,True,True,True,False,True,False,False
2011-08-06,2011-07-26,2011-08-02,44.230769230769226,44.23076923076923,44.230769230769226,2011-08-04,2011-08-05,5.769230769230769,2011-08-05,2011-08-06,0.0,True,4.0,True,True,True,1,True,True,True,0.0,True,True,3,3,16.666666666666664,EXTREME_BEARISH,True,True,True,False,True,False,False
2011-08-07,2011-07-26,2011-08-02,44.230769230769226,44.23076923076923,44.230769230769226,2011-08-04,2011-08-05,5.769230769230769,2011-08-05,2011-08-06,0.0,True,5.0,True,True,True,2,True,True,True,1.0,True,True,3,3,16.666666666666664,EXTREME_BEARISH,True,True,True,False,True,False,False
2011-08-08,2011-07-26,2011-08-02,44.230769230769226,44.23076923076923,44.230769230769226,2011-08-04,2011-08-05,5.769230769230769,2011-08-05,2011-08-06,0.0,True,6.0,True,True,True,3,True,True,True,2.0,True,True,3,3,16.666666666666664,EXTREME_BEARISH,True,True,True,False,True,False,False
2011-08-09,2011-08-02,2011-08-09,3.8461538461538463,5.769230769230759,4.807692307692303,2011-08-04,2011-08-05,5.769230769230769,2011-08-08,2011-08-09,0.0,True,0.0,True,True,True,4,True,True,True,0.0,True,True,3,3,3.525641025641024,EXTREME_BEARISH,True,True,True,False,True,False,False
2011-08-10,2011-08-02,2011-08-09,3.8461538461538463,5.769230769230759,4.807692307692303,2011-08-04,2011-08-05,5.769230769230769,2011-08-09,2011-08-10,0.3968253968254061,True,1.0,True,True,True,5,True,True,True,0.0,True,True,3,3,3.65791615791616,EXTREME_BEARISH,True,True,True,False,True,False,False
2011-08-11,2011-08-02,2011-08-09,3.8461538461538463,5.769230769230759,4.807692307692303,2011-08-04,2011-08-05,5.769230769230769,2011-08-10,2011-08-11,0.3968253968254061,True,2.0,True,True,True,6,True,True,True,0.0,True,True,3,3,3.65791615791616,EXTREME_BEARISH,True,True,True,False,True,False,False
2011-08-12,2011-08-02,2011-08-09,3.8461538461538463,5.769230769230759,4.807692307692303,2011-08-11,2011-08-12,19.23076923076924,2011-08-11,2011-08-12,0.7936507936507837,True,3.0,True,True,True,0,True,True,True,0.0,True,True,3,3,8.277370777370775,EXTREME_BEARISH,True,True,True,False,True,False,False
2011-08-13,2011-08-02,2011-08-09,3.8461538461538463,5.769230769230759,4.807692307692303,2011-08-11,2011-08-12,19.23076923076924,2011-08-12,2011-08-13,1.190476190476204,True,4.0,True,True,True,1,True,True,True,0.0,True,True,3,3,8.409645909645915,EXTREME_BEARISH,True,True,True,False,True,False,False
2011-08-14,2011-08-02,2011-08-09,3.8461538461538463,5.769230769230759,4.807692307692303,2011-08-11,2011-08-12,19.23076923076924,2011-08-12,2011-08-13,1.190476190476204,True,5.0,True,True,True,2,True,True,True,1.0,True,True,3,3,8.409645909645915,EXTREME_BEARISH,True,True,True,False,True,False,False
2011-08-15,2011-08-02,2011-08-09,3.8461538461538463,5.769230769230759,4.807692307692303,2011-08-11,2011-08-12,19.23076923076924,2011-08-12,2011-08-13,1.190476190476204,True,6.0,True,True,True,3,True,True,True,2.0,True,True,3,3,8.409645909645915,EXTREME_BEARISH,True,True,True,False,True,False,False
2011-08-16,2011-08-09,2011-08-16,1.9230769230769231,0.0,0.9615384615384616,2011-08-11,2011-08-12,19.23076923076924,2011-08-15,2011-08-16,2.3809523809523796,True,0.0,True,True,True,4,True,True,True,0.0,True,True,3,3,7.524420024420027,EXTREME_BEARISH,True,True,True,False,True,False,False
2011-08-17,2011-08-09,2011-08-16,1.9230769230769231,0.0,0.9615384615384616,2011-08-11,2011-08-12,19.23076923076924,2011-08-16,2011-08-17,1.984126984127002,True,1.0,True,True,True,5,True,True,True,0.0,True,True,3,3,7.392144892144901,EXTREME_BEARISH,True,True,True,False,True,False,False
2011-08-18,2011-08-09,2011-08-16,1.9230769230769231,0.0,0.9615384615384616,2011-08-11,2011-08-12,19.23076923076924,2011-08-17,2011-08-18,3.571428571428555,True,2.0,True,True,True,6,True,True,True,0.0,True,True,3,3,7.921245421245419,EXTREME_BEARISH,True,True,True,False,True,False,False
2011-08-19,2011-08-09,2011-08-16,1.9230769230769231,0.0,0.9615384615384616,2011-08-18,2011-08-19,21.15384615384616,2011-08-18,2011-08-19,0.7936507936507837,True,3.0,True,True,True,0,True,True,True,0.0,True,True,3,3,7.636345136345135,EXTREME_BEARISH,True,True,True,False,True,False,False
2011-08-20,2011-08-09,2011-08-16,1.9230769230769231,0.0,0.9615384615384616,2011-08-18,2011-08-19,21.15384615384616,2011-08-19,2011-08-20,0.3968253968254061,True,4.0,True,True,True,1,True,True,True,0.0,True,True,3,3,7.504070004070009,EXTREME_BEARISH,True,True,True,False,True,False,False
2011-08-21,2011-08-09,2011-08-16,1.9230769230769231,0.0,0.9615384615384616,2011-08-18,2011-08-19,21.15384615384616,2011-08-19,2011-08-20,0.3968253968254061,True,5.0,True,True,True,2,True,True,True,1.0,True,True,3,3,7.504070004070009,EXTREME_BEARISH,True,True,True,False,True,False,False
2011-08-22,2011-08-09,2011-08-16,1.9230769230769231,0.0,0.9615384615384616,2011-08-18,2011-08-19,21.15384615384616,2011-08-19,2011-08-20,0.3968253968254061,True,6.0,True,True,True,3,True,True,True,2.0,True,True,3,3,7.504070004070009,EXTREME_BEARISH,True,True,True,False,True,False,False
2011-08-23,2011-08-16,2011-08-23,3.8461538461538463,13.461538461538453,8.65384615384615,2011-08-18,2011-08-19,21.15384615384616,2011-08-22,2011-08-23,1.5873015873015959,True,0.0,True,True,True,4,True,True,True,0.0,True,True,3,3,10.464997964997968,EXTREME_BEARISH,True,True,True,False,True,False,False
2011-08-24,2011-08-16,2011-08-23,3.8461538461538463,13.461538461538453,8.65384615384615,2011-08-18,2011-08-19,21.15384615384616,2011-08-23,2011-08-24,2.7777777777778,True,1.0,True,True,True,5,True,True,True,0.0,True,True,3,3,10.861823361823369,EXTREME_BEARISH,True,True,True,False,True,False,False
2011-08-25,2011-08-16,2011-08-23,3.8461538461538463,13.461538461538453,8.65384615384615,2011-08-18,2011-08-19,21.15384615384616,2011-08-24,2011-08-25,3.1746031746031775,True,2.0,True,True,True,6,True,True,True,0.0,True,True,3,3,10.994098494098495,EXTREME_BEARISH,True,True,True,False,True,False,False
2011-08-26,2011-08-16,2011-08-23,3.8461538461538463,13.461538461538453,8.65384615384615,2011-08-25,2011-08-26,19.23076923076924,2011-08-25,2011-08-26,1.984126984127002,True,3.0,True,True,True,0,True,True,True,0.0,True,True,3,3,9.956247456247464,EXTREME_BEARISH,True,True,True,False,True,False,False
2011-08-27,2011-08-16,2011-08-23,3.8461538461538463,13.461538461538453,8.65384615384615,2011-08-25,2011-08-26,19.23076923076924,2011-08-26,2011-08-27,3.9682539682539613,True,4.0,True,True,True,1,True,True,True,0.0,True,True,3,3,10.617623117623117,EXTREME_BEARISH,True,True,True,False,True,False,False
2011-08-28,2011-08-16,2011-08-23,3.8461538461538463,13.461538461538453,8.65384615384615,2011-08-25,2011-08-26,19.23076923076924,2011-08-26,2011-08-27,3.9682539682539613,True,5.0,True,True,True,2,True,True,True,1.0,True,True,3,3,10.617623117623117,EXTREME_BEARISH,True,True,True,False,True,False,False
2011-08-29,2011-08-16,2011-08-23,3.8461538461538463,13.461538461538453,8.65384615384615,2011-08-25,2011-08-26,19.23076923076924,2011-08-26,2011-08-27,3.9682539682539613,True,6.0,True,True,True,3,True,True,True,2.0,True,True,3,3,10.617623117623117,EXTREME_BEARISH,True,True,True,False,True,False,False
2011-08-30,2011-08-23,2011-08-30,1.9230769230769231,5.769230769230759,3.8461538461538414,2011-08-25,2011-08-26,19.23076923076924,2011-08-29,2011-08-30,5.158730158730165,True,0.0,True,True,True,4,True,True,True,0.0,True,True,3,3,9.411884411884415,EXTREME_BEARISH,True,True,True,False,True,False,False
2011-08-31,2011-08-23,2011-08-30,1.9230769230769231,5.769230769230759,3.8461538461538414,2011-08-25,2011-08-26,19.23076923076924,2011-08-30,2011-08-31,4.761904761904759,True,1.0,True,True,True,5,True,True,True,0.0,True,True,3,3,9.27960927960928,EXTREME_BEARISH,True,True,True,False,True,False,False
2011-09-01,2011-08-23,2011-08-30,1.9230769230769231,5.769230769230759,3.8461538461538414,2011-08-25,2011-08-26,19.23076923076924,2011-08-31,2011-09-01,7.142857142857139,True,2.0,True,True,True,6,True,True,True,0.0,True,True,3,3,10.073260073260073,EXTREME_BEARISH,True,True,True,False,True,False,False
2011-09-02,2011-08-23,2011-08-30,1.9230769230769231,5.769230769230759,3.8461538461538414,2011-09-01,2011-09-02,36.53846153846153,2011-09-01,2011-09-02,6.746031746031761,True,3.0,True,True,True,0,True,True,True,0.0,True,True,3,3,15.710215710215712,EXTREME_BEARISH,True,True,True,False,True,False,False
2011-09-03,2011-08-23,2011-08-30,1.9230769230769231,5.769230769230759,3.8461538461538414,2011-09-01,2011-09-02,36.53846153846153,2011-09-02,2011-09-03,4.761904761904759,True,4.0,True,True,True,1,True,True,True,0.0,True,True,3,3,15.048840048840043,EXTREME_BEARISH,True,True,True,False,True,False,False
2011-09-04,2011-08-23,2011-08-30,1.9230769230769231,5.769230769230759,3.8461538461538414,2011-09-01,2011-09-02,36.53846153846153,2011-09-02,2011-09-03,4.761904761904759,True,5.0,True,True,True,2,True,True,True,1.0,True,True,3,3,15.048840048840043,EXTREME_BEARISH,True,True,True,False,True,False,False
2011-09-05,2011-08-23,2011-08-30,1.9230769230769231,5.769230769230759,3.8461538461538414,2011-09-01,2011-09-02,36.53846153846153,2011-09-02,2011-09-03,4.761904761904759,True,6.0,True,True,True,3,True,True,True,2.0,True,True,3,3,15.048840048840043,EXTREME_BEARISH,True,True,True,False,True,False,False
2011-09-09,2011-08-30,2011-09-06,7.6923076923076925,50.0,28.846153846153847,2011-09-08,2011-09-09,15.384615384615383,2011-09-08,2011-09-09,5.158730158730165,True,3.0,True,True,True,0,True,True,True,0.0,True,True,3,3,16.463166463166463,EXTREME_BEARISH,True,True,True,False,True,False,False
2011-09-10,2011-08-30,2011-09-06,7.6923076923076925,50.0,28.846153846153847,2011-09-08,2011-09-09,15.384615384615383,2011-09-09,2011-09-10,2.7777777777778,True,4.0,True,True,True,1,True,True,True,0.0,True,True,3,3,15.669515669515675,EXTREME_BEARISH,True,True,True,False,True,False,False
2011-09-11,2011-08-30,2011-09-06,7.6923076923076925,50.0,28.846153846153847,2011-09-08,2011-09-09,15.384615384615383,2011-09-09,2011-09-10,2.7777777777778,True,5.0,True,True,True,2,True,True,True,1.0,True,True,3,3,15.669515669515675,EXTREME_BEARISH,True,True,True,False,True,False,False
2011-09-12,2011-08-30,2011-09-06,7.6923076923076925,50.0,28.846153846153847,2011-09-08,2011-09-09,15.384615384615383,2011-09-09,2011-09-10,2.7777777777778,True,6.0,True,True,True,3,True,True,True,2.0,True,True,3,3,15.669515669515675,EXTREME_BEARISH,True,True,True,False,True,False,False
2011-09-13,2011-09-06,2011-09-13,1.9230769230769231,25.0,13.461538461538462,2011-09-08,2011-09-09,15.384615384615383,2011-09-12,2011-09-13,2.7777777777778,True,0.0,True,True,True,4,True,True,True,0.0,True,True,3,3,10.54131054131055,EXTREME_BEARISH,True,True,True,False,True,False,False
2011-09-14,2011-09-06,2011-09-13,1.9230769230769231,25.0,13.461538461538462,2011-09-08,2011-09-09,15.384615384615383,2011-09-13,2011-09-14,3.9682539682539613,True,1.0,True,True,True,5,True,True,True,0.0,True,True,3,3,10.938135938135936,EXTREME_BEARISH,True,True,True,False,True,False,False
2011-09-15,2011-09-06,2011-09-13,1.9230769230769231,25.0,13.461538461538462,2011-09-08,2011-09-09,15.384615384615383,2011-09-14,2011-09-15,6.349206349206355,True,2.0,True,True,True,6,True,True,True,0.0,True,True,3,3,11.731786731786734,EXTREME_BEARISH,True,True,True,False,True,False,False
2011-09-16,2011-09-06,2011-09-13,1.9230769230769231,25.0,13.461538461538462,2011-09-15,2011-09-16,15.384615384615383,2011-09-15,2011-09-16,9.523809523809518,True,3.0,True,True,True,0,True,True,True,0.0,True,True,3,3,12.789987789987789,EXTREME_BEARISH,True,True,True,False,True,False,False
2011-09-17,2011-09-06,2011-09-13,1.9230769230769231,25.0,13.461538461538462,2011-09-15,2011-09-16,15.384615384615383,2011-09-16,2011-09-17,11.904761904761912,True,4.0,True,True,True,1,True,True,True,0.0,True,True,3,3,13.583638583638587,EXTREME_BEARISH,True,True,True,False,True,False,False
2011-09-18,2011-09-06,2011-09-13,1.9230769230769231,25.0,13.461538461538462,2011-09-15,2011-09-16,15.384615384615383,2011-09-16,2011-09-17,11.904761904761912,True,5.0,True,True,True,2,True,True,True,1.0,True,True,3,3,13.583638583638587,EXTREME_BEARISH,True,True,True,False,True,False,False
2011-09-19,2011-09-06,2011-09-13,1.9230769230769231,25.0,13.461538461538462,2011-09-15,2011-09-16,15.384615384615383,2011-09-16,2011-09-17,11.904761904761912,True,6.0,True,True,True,3,True,True,True,2.0,True,True,3,3,13.583638583638587,EXTREME_BEARISH,True,True,True,False,True,False,False
2011-09-20,2011-09-13,2011-09-20,1.9230769230769231,11.538461538461547,6.730769230769235,2011-09-15,2011-09-16,15.384615384615383,2011-09-19,2011-09-20,8.73015873015872,True,0.0,True,True,True,4,True,True,True,0.0,True,True,3,3,10.28184778184778,EXTREME_BEARISH,True,True,True,False,True,False,False
2011-09-21,2011-09-13,2011-09-20,1.9230769230769231,11.538461538461547,6.730769230769235,2011-09-15,2011-09-16,15.384615384615383,2011-09-20,2011-09-21,8.333333333333343,True,1.0,True,True,True,5,True,True,True,0.0,True,True,3,3,10.149572649572654,EXTREME_BEARISH,True,True,True,False,True,False,False
2011-09-22,2011-09-13,2011-09-20,1.9230769230769231,11.538461538461547,6.730769230769235,2011-09-15,2011-09-16,15.384615384615383,2011-09-21,2011-09-22,3.571428571428555,True,2.0,True,True,True,6,True,True,True,0.0,True,True,3,3,8.562271062271058,EXTREME_BEARISH,True,True,True,False,True,False,False
2011-09-23,2011-09-13,2011-09-20,1.9230769230769231,11.538461538461547,6.730769230769235,2011-09-22,2011-09-23,5.769230769230769,2011-09-22,2011-09-23,1.984126984127002,True,3.0,True,True,True,0,True,True,True,0.0,True,True,3,3,4.8280423280423355,EXTREME_BEARISH,True,True,True,False,True,False,False
2011-09-24,2011-09-13,2011-09-20,1.9230769230769231,11.538461538461547,6.730769230769235,2011-09-22,2011-09-23,5.769230769230769,2011-09-23,2011-09-24,2.3809523809523796,True,4.0,True,True,True,1,True,True,True,0.0,True,True,3,3,4.960317460317461,EXTREME_BEARISH,True,True,True,False,True,False,False
2011-09-25,2011-09-13,2011-09-20,1.9230769230769231,11.538461538461547,6.730769230769235,2011-09-22,2011-09-23,5.769230769230769,2011-09-23,2011-09-24,2.3809523809523796,True,5.0,True,True,True,2,True,True,True,1.0,True,True,3,3,4.960317460317461,EXTREME_BEARISH,True,True,True,False,True,False,False
2011-09-26,2011-09-13,2011-09-20,1.9230769230769231,11.538461538461547,6.730769230769235,2011-09-22,2011-09-23,5.769230769230769,2011-09-23,2011-09-24,2.3809523809523796,True,6.0,True,True,True,3,True,True,True,2.0,True,True,3,3,4.960317460317461,EXTREME_BEARISH,True,True,True,False,True,False,False
2011-10-04,2011-09-27,2011-10-04,1.9230769230769231,34.61538461538461,18.269230769230766,2011-09-29,2011-09-30,11.538461538461538,2011-10-03,2011-10-04,0.3968253968254061,True,0.0,True,True,True,4,True,True,True,0.0,True,True,3,3,10.068172568172571,EXTREME_BEARISH,True,True,True,False,True,False,False
2011-10-05,2011-09-27,2011-10-04,1.9230769230769231,34.61538461538461,18.269230769230766,2011-09-29,2011-09-30,11.538461538461538,2011-10-04,2011-10-05,3.9682539682539613,True,1.0,True,True,True,5,True,True,True,0.0,True,True,3,3,11.258648758648755,EXTREME_BEARISH,True,True,True,False,True,False,False
2011-10-06,2011-09-27,2011-10-04,1.9230769230769231,34.61538461538461,18.269230769230766,2011-09-29,2011-09-30,11.538461538461538,2011-10-05,2011-10-06,6.746031746031761,True,2.0,True,True,True,6,True,True,True,0.0,True,True,3,3,12.18457468457469,EXTREME_BEARISH,True,True,True,False,True,False,False
2011-10-07,2011-09-27,2011-10-04,1.9230769230769231,34.61538461538461,18.269230769230766,2011-10-06,2011-10-07,21.15384615384616,2011-10-06,2011-10-07,9.126984126984127,True,3.0,True,True,True,0,True,True,True,0.0,True,True,3,3,16.183353683353683,EXTREME_BEARISH,True,True,True,False,True,False,False
2011-10-08,2011-09-27,2011-10-04,1.9230769230769231,34.61538461538461,18.269230769230766,2011-10-06,2011-10-07,21.15384615384616,2011-10-07,2011-10-08,9.920634920634924,True,4.0,True,True,True,1,True,True,True,0.0,True,True,3,3,16.44790394790395,EXTREME_BEARISH,True,True,True,False,True,False,False
2011-10-09,2011-09-27,2011-10-04,1.9230769230769231,34.61538461538461,18.269230769230766,2011-10-06,2011-10-07,21.15384615384616,2011-10-07,2011-10-08,9.920634920634924,True,5.0,True,True,True,2,True,True,True,1.0,True,True,3,3,16.44790394790395,EXTREME_BEARISH,True,True,True,False,True,False,False
2011-10-10,2011-09-27,2011-10-04,1.9230769230769231,34.61538461538461,18.269230769230766,2011-10-06,2011-10-07,21.15384615384616,2011-10-07,2011-10-08,9.920634920634924,True,6.0,True,True,True,3,True,True,True,2.0,True,True,3,3,16.44790394790395,EXTREME_BEARISH,True,True,True,False,True,False,False
2011-10-11,2011-10-04,2011-10-11,1.9230769230769231,30.769230769230774,16.346153846153847,2011-10-06,2011-10-07,21.15384615384616,2011-10-10,2011-10-11,13.095238095238088,True,0.0,True,True,True,4,True,True,True,0.0,True,True,3,3,16.865079365079364,EXTREME_BEARISH,True,True,True,False,True,False,False
2011-10-12,2011-10-04,2011-10-11,1.9230769230769231,30.769230769230774,16.346153846153847,2011-10-06,2011-10-07,21.15384615384616,2011-10-11,2011-10-12,13.888888888888886,True,1.0,True,True,True,5,True,True,True,0.0,True,True,3,3,17.12962962962963,EXTREME_BEARISH,True,True,True,False,True,False,False
2011-10-13,2011-10-04,2011-10-11,1.9230769230769231,30.769230769230774,16.346153846153847,2011-10-06,2011-10-07,21.15384615384616,2011-10-12,2011-10-13,18.650793650793645,True,2.0,True,True,True,6,True,True,True,0.0,True,True,3,3,18.71693121693122,EXTREME_BEARISH,True,True,True,False,True,False,False
2011-11-25,2011-11-15,2011-11-22,11.538461538461538,19.230769230769226,15.384615384615383,2011-11-24,2011-11-25,25.0,2011-11-23,2011-11-24,14.285714285714292,True,3.0,True,True,True,0,True,True,True,1.0,True,True,3,3,18.223443223443226,EXTREME_BEARISH,True,True,True,False,True,False,False
2011-11-26,2011-11-15,2011-11-22,11.538461538461538,19.230769230769226,15.384615384615383,2011-11-24,2011-11-25,25.0,2011-11-25,2011-11-26,13.492063492063494,True,4.0,True,True,True,1,True,True,True,0.0,True,True,3,3,17.95889295889296,EXTREME_BEARISH,True,True,True,False,True,False,False
2011-11-27,2011-11-15,2011-11-22,11.538461538461538,19.230769230769226,15.384615384615383,2011-11-24,2011-11-25,25.0,2011-11-25,2011-11-26,13.492063492063494,True,5.0,True,True,True,2,True,True,True,1.0,True,True,3,3,17.95889295889296,EXTREME_BEARISH,True,True,True,False,True,False,False
2011-11-28,2011-11-15,2011-11-22,11.538461538461538,19.230769230769226,15.384615384615383,2011-11-24,2011-11-25,25.0,2011-11-25,2011-11-26,13.492063492063494,True,6.0,True,True,True,3,True,True,True,2.0,True,True,3,3,17.95889295889296,EXTREME_BEARISH,True,True,True,False,True,False,False
2012-03-16,2012-03-06,2012-03-13,55.76923076923077,71.15384615384616,63.46153846153847,2012-03-15,2012-03-16,86.53846153846155,2012-03-15,2012-03-16,96.42857142857143,True,3.0,True,True,True,0,True,True,True,0.0,True,True,3,3,82.14285714285715,EXTREME_BULLISH,True,True,True,False,True,False,False
2012-03-17,2012-03-06,2012-03-13,55.76923076923077,71.15384615384616,63.46153846153847,2012-03-15,2012-03-16,86.53846153846155,2012-03-16,2012-03-17,99.60317460317461,True,4.0,True,True,True,1,True,True,True,0.0,True,True,3,3,83.2010582010582,EXTREME_BULLISH,True,True,True,False,True,False,False
2012-03-18,2012-03-06,2012-03-13,55.76923076923077,71.15384615384616,63.46153846153847,2012-03-15,2012-03-16,86.53846153846155,2012-03-16,2012-03-17,99.60317460317461,True,5.0,True,True,True,2,True,True,True,1.0,True,True,3,3,83.2010582010582,EXTREME_BULLISH,True,True,True,False,True,False,False
2012-03-19,2012-03-06,2012-03-13,55.76923076923077,71.15384615384616,63.46153846153847,2012-03-15,2012-03-16,86.53846153846155,2012-03-16,2012-03-17,99.60317460317461,True,6.0,True,True,True,3,True,True,True,2.0,True,True,3,3,83.2010582010582,EXTREME_BULLISH,True,True,True,False,True,False,False
2012-03-20,2012-03-13,2012-03-20,63.46153846153846,67.3076923076923,65.38461538461539,2012-03-15,2012-03-16,86.53846153846155,2012-03-19,2012-03-20,97.61904761904762,True,0.0,True,True,True,4,True,True,True,0.0,True,True,3,3,83.18070818070818,EXTREME_BULLISH,True,True,True,False,True,False,False
2012-03-21,2012-03-13,2012-03-20,63.46153846153846,67.3076923076923,65.38461538461539,2012-03-15,2012-03-16,86.53846153846155,2012-03-20,2012-03-21,94.44444444444444,True,1.0,True,True,True,5,True,True,True,0.0,True,True,3,3,82.12250712250712,EXTREME_BULLISH,True,True,True,False,True,False,False
2012-03-22,2012-03-13,2012-03-20,63.46153846153846,67.3076923076923,65.38461538461539,2012-03-15,2012-03-16,86.53846153846155,2012-03-21,2012-03-22,96.82539682539682,True,2.0,True,True,True,6,True,True,True,0.0,True,True,3,3,82.91615791615793,EXTREME_BULLISH,True,True,True,False,True,False,False
2012-08-21,2012-08-14,2012-08-21,84.61538461538461,94.23076923076923,89.42307692307692,2012-08-16,2012-08-17,61.53846153846154,2012-08-20,2012-08-21,98.80952380952381,True,0.0,True,True,True,4,True,True,True,0.0,True,True,3,3,83.25702075702075,EXTREME_BULLISH,True,True,True,False,True,False,False
2012-08-22,2012-08-14,2012-08-21,84.61538461538461,94.23076923076923,89.42307692307692,2012-08-16,2012-08-17,61.53846153846154,2012-08-21,2012-08-22,95.23809523809524,True,1.0,True,True,True,5,True,True,True,0.0,True,True,3,3,82.06654456654456,EXTREME_BULLISH,True,True,True,False,True,False,False
2012-08-23,2012-08-14,2012-08-21,84.61538461538461,94.23076923076923,89.42307692307692,2012-08-16,2012-08-17,61.53846153846154,2012-08-22,2012-08-23,94.44444444444444,True,2.0,True,True,True,6,True,True,True,0.0,True,True,3,3,81.8019943019943,EXTREME_BULLISH,True,True,True,False,True,False,False
2012-08-24,2012-08-14,2012-08-21,84.61538461538461,94.23076923076923,89.42307692307692,2012-08-23,2012-08-24,76.92307692307693,2012-08-23,2012-08-24,87.3015873015873,True,3.0,True,True,True,0,True,True,True,0.0,True,True,3,3,84.54924704924706,EXTREME_BULLISH,True,True,True,False,True,False,False
2012-08-25,2012-08-14,2012-08-21,84.61538461538461,94.23076923076923,89.42307692307692,2012-08-23,2012-08-24,76.92307692307693,2012-08-24,2012-08-25,93.65079365079364,True,4.0,True,True,True,1,True,True,True,0.0,True,True,3,3,86.66564916564919,EXTREME_BULLISH,True,True,True,False,True,False,False
2012-08-26,2012-08-14,2012-08-21,84.61538461538461,94.23076923076923,89.42307692307692,2012-08-23,2012-08-24,76.92307692307693,2012-08-24,2012-08-25,93.65079365079364,True,5.0,True,True,True,2,True,True,True,1.0,True,True,3,3,86.66564916564919,EXTREME_BULLISH,True,True,True,False,True,False,False
2012-08-27,2012-08-14,2012-08-21,84.61538461538461,94.23076923076923,89.42307692307692,2012-08-23,2012-08-24,76.92307692307693,2012-08-24,2012-08-25,93.65079365079364,True,6.0,True,True,True,3,True,True,True,2.0,True,True,3,3,86.66564916564919,EXTREME_BULLISH,True,True,True,False,True,False,False
2012-08-28,2012-08-21,2012-08-28,84.61538461538461,92.3076923076923,88.46153846153845,2012-08-23,2012-08-24,76.92307692307693,2012-08-27,2012-08-28,84.52380952380952,True,0.0,True,True,True,4,True,True,True,0.0,True,True,3,3,83.3028083028083,EXTREME_BULLISH,True,True,True,False,True,False,False
2012-08-29,2012-08-21,2012-08-28,84.61538461538461,92.3076923076923,88.46153846153845,2012-08-23,2012-08-24,76.92307692307693,2012-08-28,2012-08-29,83.33333333333334,True,1.0,True,True,True,5,True,True,True,0.0,True,True,3,3,82.90598290598291,EXTREME_BULLISH,True,True,True,False,True,False,False
2012-08-30,2012-08-21,2012-08-28,84.61538461538461,92.3076923076923,88.46153846153845,2012-08-23,2012-08-24,76.92307692307693,2012-08-29,2012-08-30,79.36507936507937,True,2.0,True,True,True,6,True,True,True,0.0,True,True,3,3,81.58323158323158,EXTREME_BULLISH,True,True,True,False,True,False,False
2013-01-11,2012-12-31,2013-01-07,84.61538461538461,25.0,54.80769230769231,2013-01-10,2013-01-11,92.3076923076923,2013-01-10,2013-01-11,99.2063492063492,True,4.0,True,True,True,0,True,True,True,0.0,True,True,3,3,82.1072446072446,EXTREME_BULLISH,True,True,True,False,True,False,False
2013-01-12,2012-12-31,2013-01-07,84.61538461538461,25.0,54.80769230769231,2013-01-10,2013-01-11,92.3076923076923,2013-01-11,2013-01-12,99.60317460317461,True,5.0,True,True,True,1,True,True,True,0.0,True,True,3,3,82.23951973951974,EXTREME_BULLISH,True,True,True,False,True,False,False
2013-01-13,2012-12-31,2013-01-07,84.61538461538461,25.0,54.80769230769231,2013-01-10,2013-01-11,92.3076923076923,2013-01-11,2013-01-12,99.60317460317461,True,6.0,True,True,True,2,True,True,True,1.0,True,True,3,3,82.23951973951974,EXTREME_BULLISH,True,True,True,False,True,False,False
2013-01-14,2012-12-31,2013-01-07,84.61538461538461,25.0,54.80769230769231,2013-01-10,2013-01-11,92.3076923076923,2013-01-11,2013-01-12,99.60317460317461,True,7.0,True,True,True,3,True,True,True,2.0,True,True,3,3,82.23951973951974,EXTREME_BULLISH,True,True,True,False,True,False,False
2013-01-15,2013-01-08,2013-01-15,100.0,48.07692307692307,74.03846153846153,2013-01-10,2013-01-11,92.3076923076923,2013-01-14,2013-01-15,98.41269841269842,True,0.0,True,True,True,4,True,True,True,0.0,True,True,3,3,88.25295075295075,EXTREME_BULLISH,True,True,True,False,True,False,False
2013-01-16,2013-01-08,2013-01-15,100.0,48.07692307692307,74.03846153846153,2013-01-10,2013-01-11,92.3076923076923,2013-01-15,2013-01-16,98.01587301587301,True,1.0,True,True,True,5,True,True,True,0.0,True,True,3,3,88.12067562067561,EXTREME_BULLISH,True,True,True,False,True,False,False
2013-01-17,2013-01-08,2013-01-15,100.0,48.07692307692307,74.03846153846153,2013-01-10,2013-01-11,92.3076923076923,2013-01-16,2013-01-17,99.2063492063492,True,2.0,True,True,True,6,True,True,True,0.0,True,True,3,3,88.517501017501,EXTREME_BULLISH,True,True,True,False,True,False,False
2013-01-18,2013-01-08,2013-01-15,100.0,48.07692307692307,74.03846153846153,2013-01-17,2013-01-18,84.61538461538461,2013-01-17,2013-01-18,97.22222222222223,True,3.0,True,True,True,0,True,True,True,0.0,True,True,3,3,85.29202279202279,EXTREME_BULLISH,True,True,True,False,True,False,False
2013-01-19,2013-01-08,2013-01-15,100.0,48.07692307692307,74.03846153846153,2013-01-17,2013-01-18,84.61538461538461,2013-01-18,2013-01-19,99.60317460317461,True,4.0,True,True,True,1,True,True,True,0.0,True,True,3,3,86.08567358567359,EXTREME_BULLISH,True,True,True,False,True,False,False
2013-01-20,2013-01-08,2013-01-15,100.0,48.07692307692307,74.03846153846153,2013-01-17,2013-01-18,84.61538461538461,2013-01-18,2013-01-19,99.60317460317461,True,5.0,True,True,True,2,True,True,True,1.0,True,True,3,3,86.08567358567359,EXTREME_BULLISH,True,True,True,False,True,False,False
2013-01-21,2013-01-08,2013-01-15,100.0,48.07692307692307,74.03846153846153,2013-01-17,2013-01-18,84.61538461538461,2013-01-18,2013-01-19,99.60317460317461,True,6.0,True,True,True,3,True,True,True,2.0,True,True,3,3,86.08567358567359,EXTREME_BULLISH,True,True,True,False,True,False,False
2013-01-22,2013-01-15,2013-01-22,100.0,61.53846153846153,80.76923076923077,2013-01-17,2013-01-18,84.61538461538461,2013-01-18,2013-01-19,99.60317460317461,True,0.0,True,True,True,4,True,True,True,3.0,True,True,3,3,88.32926332926333,EXTREME_BULLISH,True,True,True,False,True,False,False
2013-01-23,2013-01-15,2013-01-22,100.0,61.53846153846153,80.76923076923077,2013-01-17,2013-01-18,84.61538461538461,2013-01-22,2013-01-23,99.60317460317461,True,1.0,True,True,True,5,True,True,True,0.0,True,True,3,3,88.32926332926333,EXTREME_BULLISH,True,True,True,False,True,False,False
2013-01-24,2013-01-15,2013-01-22,100.0,61.53846153846153,80.76923076923077,2013-01-17,2013-01-18,84.61538461538461,2013-01-23,2013-01-24,98.80952380952381,True,2.0,True,True,True,6,True,True,True,0.0,True,True,3,3,88.06471306471308,EXTREME_BULLISH,True,True,True,False,True,False,False
2013-01-25,2013-01-15,2013-01-22,100.0,61.53846153846153,80.76923076923077,2013-01-24,2013-01-25,98.07692307692308,2013-01-24,2013-01-25,98.41269841269842,True,3.0,True,True,True,0,True,True,True,0.0,True,True,3,3,92.41961741961744,EXTREME_BULLISH,True,True,True,False,True,False,False
2013-01-26,2013-01-15,2013-01-22,100.0,61.53846153846153,80.76923076923077,2013-01-24,2013-01-25,98.07692307692308,2013-01-25,2013-01-26,98.01587301587301,True,4.0,True,True,True,1,True,True,True,0.0,True,True,3,3,92.2873422873423,EXTREME_BULLISH,True,True,True,False,True,False,False
2013-01-27,2013-01-15,2013-01-22,100.0,61.53846153846153,80.76923076923077,2013-01-24,2013-01-25,98.07692307692308,2013-01-25,2013-01-26,98.01587301587301,True,5.0,True,True,True,2,True,True,True,1.0,True,True,3,3,92.2873422873423,EXTREME_BULLISH,True,True,True,False,True,False,False
2013-01-28,2013-01-15,2013-01-22,100.0,61.53846153846153,80.76923076923077,2013-01-24,2013-01-25,98.07692307692308,2013-01-25,2013-01-26,98.01587301587301,True,6.0,True,True,True,3,True,True,True,2.0,True,True,3,3,92.2873422873423,EXTREME_BULLISH,True,True,True,False,True,False,False
2013-01-29,2013-01-22,2013-01-29,100.0,65.38461538461539,82.6923076923077,2013-01-24,2013-01-25,98.07692307692308,2013-01-28,2013-01-29,94.84126984126985,True,0.0,True,True,True,4,True,True,True,0.0,True,True,3,3,91.87016687016687,EXTREME_BULLISH,True,True,True,False,True,False,False
2013-01-30,2013-01-22,2013-01-29,100.0,65.38461538461539,82.6923076923077,2013-01-24,2013-01-25,98.07692307692308,2013-01-29,2013-01-30,97.61904761904762,True,1.0,True,True,True,5,True,True,True,0.0,True,True,3,3,92.79609279609281,EXTREME_BULLISH,True,True,True,False,True,False,False
2013-01-31,2013-01-22,2013-01-29,100.0,65.38461538461539,82.6923076923077,2013-01-24,2013-01-25,98.07692307692308,2013-01-30,2013-01-31,88.4920634920635,True,2.0,True,True,True,6,True,True,True,0.0,True,True,3,3,89.75376475376476,EXTREME_BULLISH,True,True,True,False,True,False,False
2013-02-01,2013-01-22,2013-01-29,100.0,65.38461538461539,82.6923076923077,2013-01-31,2013-02-01,96.15384615384616,2013-01-31,2013-02-01,88.88888888888889,True,3.0,True,True,True,0,True,True,True,0.0,True,True,3,3,89.24501424501425,EXTREME_BULLISH,True,True,True,False,True,False,False
2013-02-02,2013-01-22,2013-01-29,100.0,65.38461538461539,82.6923076923077,2013-01-31,2013-02-01,96.15384615384616,2013-02-01,2013-02-02,97.61904761904762,True,4.0,True,True,True,1,True,True,True,0.0,True,True,3,3,92.15506715506717,EXTREME_BULLISH,True,True,True,False,True,False,False
2013-02-03,2013-01-22,2013-01-29,100.0,65.38461538461539,82.6923076923077,2013-01-31,2013-02-01,96.15384615384616,2013-02-01,2013-02-02,97.61904761904762,True,5.0,True,True,True,2,True,True,True,1.0,True,True,3,3,92.15506715506717,EXTREME_BULLISH,True,True,True,False,True,False,False
2013-02-04,2013-01-22,2013-01-29,100.0,65.38461538461539,82.6923076923077,2013-01-31,2013-02-01,96.15384615384616,2013-02-01,2013-02-02,97.61904761904762,True,6.0,True,True,True,3,True,True,True,2.0,True,True,3,3,92.15506715506717,EXTREME_BULLISH,True,True,True,False,True,False,False
2013-02-05,2013-01-29,2013-02-05,100.0,71.15384615384616,85.57692307692308,2013-01-31,2013-02-01,96.15384615384616,2013-02-04,2013-02-05,84.12698412698413,True,0.0,True,True,True,4,True,True,True,0.0,True,True,3,3,88.61925111925113,EXTREME_BULLISH,True,True,True,False,True,False,False
2013-02-06,2013-01-29,2013-02-05,100.0,71.15384615384616,85.57692307692308,2013-01-31,2013-02-01,96.15384615384616,2013-02-05,2013-02-06,92.85714285714286,True,1.0,True,True,True,5,True,True,True,0.0,True,True,3,3,91.52930402930401,EXTREME_BULLISH,True,True,True,False,True,False,False
2013-02-07,2013-01-29,2013-02-05,100.0,71.15384615384616,85.57692307692308,2013-01-31,2013-02-01,96.15384615384616,2013-02-06,2013-02-07,96.42857142857143,True,2.0,True,True,True,6,True,True,True,0.0,True,True,3,3,92.71978021978022,EXTREME_BULLISH,True,True,True,False,True,False,False
2013-02-08,2013-01-29,2013-02-05,100.0,71.15384615384616,85.57692307692308,2013-02-07,2013-02-08,73.07692307692307,2013-02-07,2013-02-08,94.84126984126985,True,3.0,True,True,True,0,True,True,True,0.0,True,True,3,3,84.498371998372,EXTREME_BULLISH,True,True,True,False,True,False,False
2013-02-09,2013-01-29,2013-02-05,100.0,71.15384615384616,85.57692307692308,2013-02-07,2013-02-08,73.07692307692307,2013-02-08,2013-02-09,97.22222222222223,True,4.0,True,True,True,1,True,True,True,0.0,True,True,3,3,85.29202279202279,EXTREME_BULLISH,True,True,True,False,True,False,False
2013-02-10,2013-01-29,2013-02-05,100.0,71.15384615384616,85.57692307692308,2013-02-07,2013-02-08,73.07692307692307,2013-02-08,2013-02-09,97.22222222222223,True,5.0,True,True,True,2,True,True,True,1.0,True,True,3,3,85.29202279202279,EXTREME_BULLISH,True,True,True,False,True,False,False
2013-02-11,2013-01-29,2013-02-05,100.0,71.15384615384616,85.57692307692308,2013-02-07,2013-02-08,73.07692307692307,2013-02-08,2013-02-09,97.22222222222223,True,6.0,True,True,True,3,True,True,True,2.0,True,True,3,3,85.29202279202279,EXTREME_BULLISH,True,True,True,False,True,False,False
2013-02-12,2013-02-05,2013-02-12,96.15384615384616,51.92307692307692,74.03846153846155,2013-02-07,2013-02-08,73.07692307692307,2013-02-11,2013-02-12,97.22222222222223,True,0.0,True,True,True,4,True,True,True,0.0,True,True,3,3,81.44586894586895,EXTREME_BULLISH,True,True,True,False,True,False,False
2013-02-13,2013-02-05,2013-02-12,96.15384615384616,51.92307692307692,74.03846153846155,2013-02-07,2013-02-08,73.07692307692307,2013-02-12,2013-02-13,98.41269841269842,True,1.0,True,True,True,5,True,True,True,0.0,True,True,3,3,81.84269434269434,EXTREME_BULLISH,True,True,True,False,True,False,False
2013-02-14,2013-02-05,2013-02-12,96.15384615384616,51.92307692307692,74.03846153846155,2013-02-07,2013-02-08,73.07692307692307,2013-02-13,2013-02-14,96.42857142857143,True,2.0,True,True,True,6,True,True,True,0.0,True,True,3,3,81.18131868131867,EXTREME_BULLISH,True,True,True,False,True,False,False
2013-02-15,2013-02-05,2013-02-12,96.15384615384616,51.92307692307692,74.03846153846155,2013-02-14,2013-02-15,76.92307692307693,2013-02-14,2013-02-15,98.01587301587301,True,3.0,True,True,True,0,True,True,True,0.0,True,True,3,3,82.9924704924705,EXTREME_BULLISH,True,True,True,False,True,False,False
2013-02-16,2013-02-05,2013-02-12,96.15384615384616,51.92307692307692,74.03846153846155,2013-02-14,2013-02-15,76.92307692307693,2013-02-15,2013-02-16,98.41269841269842,True,4.0,True,True,True,1,True,True,True,0.0,True,True,3,3,83.12474562474563,EXTREME_BULLISH,True,True,True,False,True,False,False
2013-02-17,2013-02-05,2013-02-12,96.15384615384616,51.92307692307692,74.03846153846155,2013-02-14,2013-02-15,76.92307692307693,2013-02-15,2013-02-16,98.41269841269842,True,5.0,True,True,True,2,True,True,True,1.0,True,True,3,3,83.12474562474563,EXTREME_BULLISH,True,True,True,False,True,False,False
2013-02-18,2013-02-05,2013-02-12,96.15384615384616,51.92307692307692,74.03846153846155,2013-02-14,2013-02-15,76.92307692307693,2013-02-15,2013-02-16,98.41269841269842,True,6.0,True,True,True,3,True,True,True,2.0,True,True,3,3,83.12474562474563,EXTREME_BULLISH,True,True,True,False,True,False,False
2013-02-19,2013-02-12,2013-02-19,94.23076923076924,65.38461538461539,79.80769230769232,2013-02-14,2013-02-15,76.92307692307693,2013-02-15,2013-02-16,98.41269841269842,True,0.0,True,True,True,4,True,True,True,3.0,True,True,3,3,85.04782254782255,EXTREME_BULLISH,True,True,True,False,True,False,False
2013-02-20,2013-02-12,2013-02-19,94.23076923076924,65.38461538461539,79.80769230769232,2013-02-14,2013-02-15,76.92307692307693,2013-02-19,2013-02-20,99.60317460317461,True,1.0,True,True,True,5,True,True,True,0.0,True,True,3,3,85.44464794464795,EXTREME_BULLISH,True,True,True,False,True,False,False
2013-05-28,2013-05-21,2013-05-28,100.0,67.3076923076923,83.65384615384616,2013-05-23,2013-05-24,98.07692307692308,2013-05-24,2013-05-25,67.85714285714286,True,0.0,True,True,True,4,True,True,True,3.0,True,True,3,3,83.1959706959707,EXTREME_BULLISH,True,True,True,False,True,False,False
2013-05-29,2013-05-21,2013-05-28,100.0,67.3076923076923,83.65384615384616,2013-05-23,2013-05-24,98.07692307692308,2013-05-28,2013-05-29,61.11111111111111,True,1.0,True,True,True,5,True,True,True,0.0,True,True,3,3,80.94729344729345,EXTREME_BULLISH,True,True,True,False,True,False,False
2013-08-28,2013-08-20,2013-08-27,26.923076923076923,26.923076923076934,26.923076923076927,2013-08-22,2013-08-23,9.615384615384617,2013-08-27,2013-08-28,18.253968253968253,True,1.0,True,True,True,5,True,True,True,0.0,True,True,3,3,18.264143264143268,EXTREME_BEARISH,True,True,True,False,True,False,False
2013-08-29,2013-08-20,2013-08-27,26.923076923076923,26.923076923076934,26.923076923076927,2013-08-22,2013-08-23,9.615384615384617,2013-08-28,2013-08-29,23.015873015873012,True,2.0,True,True,True,6,True,True,True,0.0,True,True,3,3,19.851444851444853,EXTREME_BEARISH,True,True,True,False,True,False,False
2014-06-06,2014-05-27,2014-06-03,80.76923076923077,78.84615384615384,79.8076923076923,2014-06-05,2014-06-06,69.23076923076923,2014-06-05,2014-06-06,97.22222222222223,True,3.0,True,True,True,0,True,True,True,0.0,True,True,3,3,82.08689458689459,EXTREME_BULLISH,True,True,True,False,True,False,False
2014-06-07,2014-05-27,2014-06-03,80.76923076923077,78.84615384615384,79.8076923076923,2014-06-05,2014-06-06,69.23076923076923,2014-06-06,2014-06-07,99.60317460317461,True,4.0,True,True,True,1,True,True,True,0.0,True,True,3,3,82.88054538054539,EXTREME_BULLISH,True,True,True,False,True,False,False
2014-06-08,2014-05-27,2014-06-03,80.76923076923077,78.84615384615384,79.8076923076923,2014-06-05,2014-06-06,69.23076923076923,2014-06-06,2014-06-07,99.60317460317461,True,5.0,True,True,True,2,True,True,True,1.0,True,True,3,3,82.88054538054539,EXTREME_BULLISH,True,True,True,False,True,False,False
2014-06-09,2014-05-27,2014-06-03,80.76923076923077,78.84615384615384,79.8076923076923,2014-06-05,2014-06-06,69.23076923076923,2014-06-06,2014-06-07,99.60317460317461,True,6.0,True,True,True,3,True,True,True,2.0,True,True,3,3,82.88054538054539,EXTREME_BULLISH,True,True,True,False,True,False,False
2014-06-10,2014-06-03,2014-06-10,94.23076923076924,82.6923076923077,88.46153846153847,2014-06-05,2014-06-06,69.23076923076923,2014-06-09,2014-06-10,99.2063492063492,True,0.0,True,True,True,4,True,True,True,0.0,True,True,3,3,85.63288563288563,EXTREME_BULLISH,True,True,True,False,True,False,False
2014-06-11,2014-06-03,2014-06-10,94.23076923076924,82.6923076923077,88.46153846153847,2014-06-05,2014-06-06,69.23076923076923,2014-06-10,2014-06-11,99.2063492063492,True,1.0,True,True,True,5,True,True,True,0.0,True,True,3,3,85.63288563288563,EXTREME_BULLISH,True,True,True,False,True,False,False
2014-06-12,2014-06-03,2014-06-10,94.23076923076924,82.6923076923077,88.46153846153847,2014-06-05,2014-06-06,69.23076923076923,2014-06-11,2014-06-12,96.42857142857143,True,2.0,True,True,True,6,True,True,True,0.0,True,True,3,3,84.70695970695971,EXTREME_BULLISH,True,True,True,False,True,False,False
2014-06-13,2014-06-03,2014-06-10,94.23076923076924,82.6923076923077,88.46153846153847,2014-06-12,2014-06-13,88.46153846153845,2014-06-12,2014-06-13,84.52380952380952,True,3.0,True,True,True,0,True,True,True,0.0,True,True,3,3,87.14896214896214,EXTREME_BULLISH,True,True,True,False,True,False,False
2014-06-14,2014-06-03,2014-06-10,94.23076923076924,82.6923076923077,88.46153846153847,2014-06-12,2014-06-13,88.46153846153845,2014-06-13,2014-06-14,91.66666666666667,True,4.0,True,True,True,1,True,True,True,0.0,True,True,3,3,89.52991452991454,EXTREME_BULLISH,True,True,True,False,True,False,False
2014-06-15,2014-06-03,2014-06-10,94.23076923076924,82.6923076923077,88.46153846153847,2014-06-12,2014-06-13,88.46153846153845,2014-06-13,2014-06-14,91.66666666666667,True,5.0,True,True,True,2,True,True,True,1.0,True,True,3,3,89.52991452991454,EXTREME_BULLISH,True,True,True,False,True,False,False
2014-06-16,2014-06-03,2014-06-10,94.23076923076924,82.6923076923077,88.46153846153847,2014-06-12,2014-06-13,88.46153846153845,2014-06-13,2014-06-14,91.66666666666667,True,6.0,True,True,True,3,True,True,True,2.0,True,True,3,3,89.52991452991454,EXTREME_BULLISH,True,True,True,False,True,False,False
2014-06-17,2014-06-10,2014-06-17,94.23076923076924,92.3076923076923,93.26923076923077,2014-06-12,2014-06-13,88.46153846153845,2014-06-16,2014-06-17,83.73015873015873,True,0.0,True,True,True,4,True,True,True,0.0,True,True,3,3,88.48697598697599,EXTREME_BULLISH,True,True,True,False,True,False,False
2014-06-18,2014-06-10,2014-06-17,94.23076923076924,92.3076923076923,93.26923076923077,2014-06-12,2014-06-13,88.46153846153845,2014-06-17,2014-06-18,93.25396825396825,True,1.0,True,True,True,5,True,True,True,0.0,True,True,3,3,91.66157916157916,EXTREME_BULLISH,True,True,True,False,True,False,False
2014-06-19,2014-06-10,2014-06-17,94.23076923076924,92.3076923076923,93.26923076923077,2014-06-12,2014-06-13,88.46153846153845,2014-06-18,2014-06-19,99.60317460317461,True,2.0,True,True,True,6,True,True,True,0.0,True,True,3,3,93.77798127798128,EXTREME_BULLISH,True,True,True,False,True,False,False
2014-06-27,2014-06-17,2014-06-24,84.61538461538461,94.23076923076923,89.42307692307692,2014-06-26,2014-06-27,63.46153846153846,2014-06-26,2014-06-27,94.04761904761905,True,3.0,True,True,True,0,True,True,True,0.0,True,True,3,3,82.31074481074482,EXTREME_BULLISH,True,True,True,False,True,False,False
2014-06-28,2014-06-17,2014-06-24,84.61538461538461,94.23076923076923,89.42307692307692,2014-06-26,2014-06-27,63.46153846153846,2014-06-27,2014-06-28,96.82539682539682,True,4.0,True,True,True,1,True,True,True,0.0,True,True,3,3,83.23667073667075,EXTREME_BULLISH,True,True,True,False,True,False,False
2014-06-29,2014-06-17,2014-06-24,84.61538461538461,94.23076923076923,89.42307692307692,2014-06-26,2014-06-27,63.46153846153846,2014-06-27,2014-06-28,96.82539682539682,True,5.0,True,True,True,2,True,True,True,1.0,True,True,3,3,83.23667073667075,EXTREME_BULLISH,True,True,True,False,True,False,False
2014-06-30,2014-06-17,2014-06-24,84.61538461538461,94.23076923076923,89.42307692307692,2014-06-26,2014-06-27,63.46153846153846,2014-06-27,2014-06-28,96.82539682539682,True,6.0,True,True,True,3,True,True,True,2.0,True,True,3,3,83.23667073667075,EXTREME_BULLISH,True,True,True,False,True,False,False
2014-07-01,2014-06-24,2014-07-01,90.3846153846154,98.07692307692308,94.23076923076924,2014-06-26,2014-06-27,63.46153846153846,2014-06-30,2014-07-01,94.84126984126985,True,0.0,True,True,True,4,True,True,True,0.0,True,True,3,3,84.17785917785919,EXTREME_BULLISH,True,True,True,False,True,False,False
2014-07-02,2014-06-24,2014-07-01,90.3846153846154,98.07692307692308,94.23076923076924,2014-06-26,2014-06-27,63.46153846153846,2014-07-01,2014-07-02,96.82539682539682,True,1.0,True,True,True,5,True,True,True,0.0,True,True,3,3,84.83923483923485,EXTREME_BULLISH,True,True,True,False,True,False,False
2014-07-03,2014-06-24,2014-07-01,90.3846153846154,98.07692307692308,94.23076923076924,2014-06-26,2014-06-27,63.46153846153846,2014-07-02,2014-07-03,98.41269841269842,True,2.0,True,True,True,6,True,True,True,0.0,True,True,3,3,85.36833536833537,EXTREME_BULLISH,True,True,True,False,True,False,False
2014-07-04,2014-06-24,2014-07-01,90.3846153846154,98.07692307692308,94.23076923076924,2014-07-03,2014-07-04,63.46153846153846,2014-07-03,2014-07-04,99.60317460317461,True,3.0,True,True,True,0,True,True,True,0.0,True,True,3,3,85.76516076516077,EXTREME_BULLISH,True,True,True,False,True,False,False
2014-07-05,2014-06-24,2014-07-01,90.3846153846154,98.07692307692308,94.23076923076924,2014-07-03,2014-07-04,63.46153846153846,2014-07-03,2014-07-04,99.60317460317461,True,4.0,True,True,True,1,True,True,True,1.0,True,True,3,3,85.76516076516077,EXTREME_BULLISH,True,True,True,False,True,False,False
2014-07-06,2014-06-24,2014-07-01,90.3846153846154,98.07692307692308,94.23076923076924,2014-07-03,2014-07-04,63.46153846153846,2014-07-03,2014-07-04,99.60317460317461,True,5.0,True,True,True,2,True,True,True,2.0,True,True,3,3,85.76516076516077,EXTREME_BULLISH,True,True,True,False,True,False,False
2014-07-07,2014-06-24,2014-07-01,90.3846153846154,98.07692307692308,94.23076923076924,2014-07-03,2014-07-04,63.46153846153846,2014-07-03,2014-07-04,99.60317460317461,True,6.0,True,True,True,3,True,True,True,3.0,True,True,3,3,85.76516076516077,EXTREME_BULLISH,True,True,True,False,True,False,False
2014-07-08,2014-07-01,2014-07-08,82.6923076923077,96.15384615384616,89.42307692307693,2014-07-03,2014-07-04,63.46153846153846,2014-07-07,2014-07-08,95.23809523809524,True,0.0,True,True,True,4,True,True,True,0.0,True,True,3,3,82.70757020757021,EXTREME_BULLISH,True,True,True,False,True,False,False
2014-07-09,2014-07-01,2014-07-08,82.6923076923077,96.15384615384616,89.42307692307693,2014-07-03,2014-07-04,63.46153846153846,2014-07-08,2014-07-09,88.88888888888889,True,1.0,True,True,True,5,True,True,True,0.0,True,True,3,3,80.59116809116809,EXTREME_BULLISH,True,True,True,False,True,False,False
2014-07-10,2014-07-01,2014-07-08,82.6923076923077,96.15384615384616,89.42307692307693,2014-07-03,2014-07-04,63.46153846153846,2014-07-09,2014-07-10,91.26984126984127,True,2.0,True,True,True,6,True,True,True,0.0,True,True,3,3,81.38481888481888,EXTREME_BULLISH,True,True,True,False,True,False,False
2014-08-22,2014-08-12,2014-08-19,44.230769230769226,84.61538461538461,64.42307692307692,2014-08-21,2014-08-22,90.3846153846154,2014-08-21,2014-08-22,89.28571428571429,True,3.0,True,True,True,0,True,True,True,0.0,True,True,3,3,81.36446886446886,EXTREME_BULLISH,True,True,True,False,True,False,False
2014-08-23,2014-08-12,2014-08-19,44.230769230769226,84.61538461538461,64.42307692307692,2014-08-21,2014-08-22,90.3846153846154,2014-08-22,2014-08-23,93.65079365079364,True,4.0,True,True,True,1,True,True,True,0.0,True,True,3,3,82.81949531949532,EXTREME_BULLISH,True,True,True,False,True,False,False
2014-08-24,2014-08-12,2014-08-19,44.230769230769226,84.61538461538461,64.42307692307692,2014-08-21,2014-08-22,90.3846153846154,2014-08-22,2014-08-23,93.65079365079364,True,5.0,True,True,True,2,True,True,True,1.0,True,True,3,3,82.81949531949532,EXTREME_BULLISH,True,True,True,False,True,False,False
2014-08-25,2014-08-12,2014-08-19,44.230769230769226,84.61538461538461,64.42307692307692,2014-08-21,2014-08-22,90.3846153846154,2014-08-22,2014-08-23,93.65079365079364,True,6.0,True,True,True,3,True,True,True,2.0,True,True,3,3,82.81949531949532,EXTREME_BULLISH,True,True,True,False,True,False,False
2014-08-26,2014-08-19,2014-08-26,51.92307692307693,88.46153846153847,70.1923076923077,2014-08-21,2014-08-22,90.3846153846154,2014-08-25,2014-08-26,88.88888888888889,True,0.0,True,True,True,4,True,True,True,0.0,True,True,3,3,83.15527065527066,EXTREME_BULLISH,True,True,True,False,True,False,False
2014-08-27,2014-08-19,2014-08-26,51.92307692307693,88.46153846153847,70.1923076923077,2014-08-21,2014-08-22,90.3846153846154,2014-08-26,2014-08-27,90.07936507936508,True,1.0,True,True,True,5,True,True,True,0.0,True,True,3,3,83.55209605209605,EXTREME_BULLISH,True,True,True,False,True,False,False
2014-08-28,2014-08-19,2014-08-26,51.92307692307693,88.46153846153847,70.1923076923077,2014-08-21,2014-08-22,90.3846153846154,2014-08-27,2014-08-28,87.3015873015873,True,2.0,True,True,True,6,True,True,True,0.0,True,True,3,3,82.62617012617012,EXTREME_BULLISH,True,True,True,False,True,False,False
2014-08-29,2014-08-19,2014-08-26,51.92307692307693,88.46153846153847,70.1923076923077,2014-08-28,2014-08-29,98.07692307692308,2014-08-28,2014-08-29,84.12698412698413,True,3.0,True,True,True,0,True,True,True,0.0,True,True,3,3,84.13207163207163,EXTREME_BULLISH,True,True,True,False,True,False,False
2014-08-30,2014-08-19,2014-08-26,51.92307692307693,88.46153846153847,70.1923076923077,2014-08-28,2014-08-29,98.07692307692308,2014-08-29,2014-08-30,84.52380952380952,True,4.0,True,True,True,1,True,True,True,0.0,True,True,3,3,84.26434676434677,EXTREME_BULLISH,True,True,True,False,True,False,False
2014-08-31,2014-08-19,2014-08-26,51.92307692307693,88.46153846153847,70.1923076923077,2014-08-28,2014-08-29,98.07692307692308,2014-08-29,2014-08-30,84.52380952380952,True,5.0,True,True,True,2,True,True,True,1.0,True,True,3,3,84.26434676434677,EXTREME_BULLISH,True,True,True,False,True,False,False
2014-09-01,2014-08-19,2014-08-26,51.92307692307693,88.46153846153847,70.1923076923077,2014-08-28,2014-08-29,98.07692307692308,2014-08-29,2014-08-30,84.52380952380952,True,6.0,True,True,True,3,True,True,True,2.0,True,True,3,3,84.26434676434677,EXTREME_BULLISH,True,True,True,False,True,False,False
2014-09-02,2014-08-26,2014-09-02,51.92307692307693,69.23076923076923,60.57692307692308,2014-08-28,2014-08-29,98.07692307692308,2014-08-29,2014-08-30,84.52380952380952,True,0.0,True,True,True,4,True,True,True,3.0,True,True,3,3,81.05921855921856,EXTREME_BULLISH,True,True,True,False,True,False,False
2014-10-21,2014-10-14,2014-10-21,5.769230769230769,30.769230769230774,18.26923076923077,2014-10-16,2014-10-17,34.61538461538461,2014-10-20,2014-10-21,3.9682539682539613,True,0.0,True,True,True,4,True,True,True,0.0,True,True,3,3,18.95095645095645,EXTREME_BEARISH,True,True,True,False,True,False,False
2014-10-23,2014-10-14,2014-10-21,5.769230769230769,30.769230769230774,18.26923076923077,2014-10-16,2014-10-17,34.61538461538461,2014-10-22,2014-10-23,5.158730158730165,True,2.0,True,True,True,6,True,True,True,0.0,True,True,3,3,19.34778184778185,EXTREME_BEARISH,True,True,True,False,True,False,False
2015-01-28,2015-01-20,2015-01-27,21.15384615384616,9.615384615384599,15.38461538461538,2015-01-22,2015-01-23,26.923076923076923,2015-01-27,2015-01-28,14.285714285714292,True,1.0,True,True,True,5,True,True,True,0.0,True,True,3,3,18.864468864468865,EXTREME_BEARISH,True,True,True,False,True,False,False
2015-01-29,2015-01-20,2015-01-27,21.15384615384616,9.615384615384599,15.38461538461538,2015-01-22,2015-01-23,26.923076923076923,2015-01-28,2015-01-29,5.555555555555557,True,2.0,True,True,True,6,True,True,True,0.0,True,True,3,3,15.954415954415955,EXTREME_BEARISH,True,True,True,False,True,False,False
2015-02-10,2015-02-03,2015-02-10,15.384615384615383,17.307692307692307,16.346153846153847,2015-02-05,2015-02-06,17.307692307692307,2015-02-09,2015-02-10,11.111111111111114,True,0.0,True,True,True,4,True,True,True,0.0,True,True,3,3,14.921652421652423,EXTREME_BEARISH,True,True,True,False,True,False,False
2015-02-11,2015-02-03,2015-02-10,15.384615384615383,17.307692307692307,16.346153846153847,2015-02-05,2015-02-06,17.307692307692307,2015-02-10,2015-02-11,14.682539682539684,True,1.0,True,True,True,5,True,True,True,0.0,True,True,3,3,16.11212861212861,EXTREME_BEARISH,True,True,True,False,True,False,False
2015-02-12,2015-02-03,2015-02-10,15.384615384615383,17.307692307692307,16.346153846153847,2015-02-05,2015-02-06,17.307692307692307,2015-02-11,2015-02-12,17.063492063492063,True,2.0,True,True,True,6,True,True,True,0.0,True,True,3,3,16.905779405779406,EXTREME_BEARISH,True,True,True,False,True,False,False
2015-03-26,2015-03-17,2015-03-24,1.9230769230769231,34.61538461538461,18.269230769230766,2015-03-19,2015-03-20,7.6923076923076925,2015-03-25,2015-03-26,30.158730158730165,True,2.0,True,True,True,6,True,True,True,0.0,True,True,3,3,18.706756206756207,EXTREME_BEARISH,True,True,True,False,True,False,False
2015-07-07,2015-06-30,2015-07-07,7.6923076923076925,69.23076923076923,38.46153846153846,2015-07-02,2015-07-03,3.8461538461538463,2015-07-06,2015-07-07,16.666666666666657,True,0.0,True,True,True,4,True,True,True,0.0,True,True,3,3,19.658119658119656,EXTREME_BEARISH,True,True,True,False,True,False,False
2015-07-09,2015-06-30,2015-07-07,7.6923076923076925,69.23076923076923,38.46153846153846,2015-07-02,2015-07-03,3.8461538461538463,2015-07-08,2015-07-09,7.5396825396825164,True,2.0,True,True,True,6,True,True,True,0.0,True,True,3,3,16.615791615791608,EXTREME_BEARISH,True,True,True,False,True,False,False
2015-07-10,2015-06-30,2015-07-07,7.6923076923076925,69.23076923076923,38.46153846153846,2015-07-09,2015-07-10,11.538461538461538,2015-07-09,2015-07-10,6.746031746031761,True,3.0,True,True,True,0,True,True,True,0.0,True,True,3,3,18.91534391534392,EXTREME_BEARISH,True,True,True,False,True,False,False
2015-08-22,2015-08-11,2015-08-18,5.769230769230769,71.15384615384616,38.46153846153847,2015-08-20,2015-08-21,11.538461538461538,2015-08-21,2015-08-22,0.0,True,4.0,True,True,True,1,True,True,True,0.0,True,True,3,3,16.666666666666668,EXTREME_BEARISH,True,True,True,False,True,False,False
2015-08-23,2015-08-11,2015-08-18,5.769230769230769,71.15384615384616,38.46153846153847,2015-08-20,2015-08-21,11.538461538461538,2015-08-21,2015-08-22,0.0,True,5.0,True,True,True,2,True,True,True,1.0,True,True,3,3,16.666666666666668,EXTREME_BEARISH,True,True,True,False,True,False,False
2015-08-24,2015-08-11,2015-08-18,5.769230769230769,71.15384615384616,38.46153846153847,2015-08-20,2015-08-21,11.538461538461538,2015-08-21,2015-08-22,0.0,True,6.0,True,True,True,3,True,True,True,2.0,True,True,3,3,16.666666666666668,EXTREME_BEARISH,True,True,True,False,True,False,False
2015-08-25,2015-08-18,2015-08-25,1.9230769230769231,65.38461538461539,33.65384615384615,2015-08-20,2015-08-21,11.538461538461538,2015-08-24,2015-08-25,0.0,True,0.0,True,True,True,4,True,True,True,0.0,True,True,3,3,15.064102564102564,EXTREME_BEARISH,True,True,True,False,True,False,False
2015-08-26,2015-08-18,2015-08-25,1.9230769230769231,65.38461538461539,33.65384615384615,2015-08-20,2015-08-21,11.538461538461538,2015-08-25,2015-08-26,0.3968253968254061,True,1.0,True,True,True,5,True,True,True,0.0,True,True,3,3,15.1963776963777,EXTREME_BEARISH,True,True,True,False,True,False,False
2015-08-27,2015-08-18,2015-08-25,1.9230769230769231,65.38461538461539,33.65384615384615,2015-08-20,2015-08-21,11.538461538461538,2015-08-26,2015-08-27,0.7936507936507837,True,2.0,True,True,True,6,True,True,True,0.0,True,True,3,3,15.328652828652826,EXTREME_BEARISH,True,True,True,False,True,False,False
2015-08-28,2015-08-18,2015-08-25,1.9230769230769231,65.38461538461539,33.65384615384615,2015-08-27,2015-08-28,13.461538461538462,2015-08-27,2015-08-28,1.984126984127002,True,3.0,True,True,True,0,True,True,True,0.0,True,True,3,3,16.366503866503873,EXTREME_BEARISH,True,True,True,False,True,False,False
2015-08-29,2015-08-18,2015-08-25,1.9230769230769231,65.38461538461539,33.65384615384615,2015-08-27,2015-08-28,13.461538461538462,2015-08-28,2015-08-29,2.3809523809523796,True,4.0,True,True,True,1,True,True,True,0.0,True,True,3,3,16.498778998779,EXTREME_BEARISH,True,True,True,False,True,False,False
2015-08-30,2015-08-18,2015-08-25,1.9230769230769231,65.38461538461539,33.65384615384615,2015-08-27,2015-08-28,13.461538461538462,2015-08-28,2015-08-29,2.3809523809523796,True,5.0,True,True,True,2,True,True,True,1.0,True,True,3,3,16.498778998779,EXTREME_BEARISH,True,True,True,False,True,False,False
2015-08-31,2015-08-18,2015-08-25,1.9230769230769231,65.38461538461539,33.65384615384615,2015-08-27,2015-08-28,13.461538461538462,2015-08-28,2015-08-29,2.3809523809523796,True,6.0,True,True,True,3,True,True,True,2.0,True,True,3,3,16.498778998779,EXTREME_BEARISH,True,True,True,False,True,False,False
2015-09-01,2015-08-25,2015-09-01,1.9230769230769231,19.230769230769226,10.576923076923075,2015-08-27,2015-08-28,13.461538461538462,2015-08-31,2015-09-01,1.190476190476204,True,0.0,True,True,True,4,True,True,True,0.0,True,True,3,3,8.409645909645914,EXTREME_BEARISH,True,True,True,False,True,False,False
2015-09-02,2015-08-25,2015-09-01,1.9230769230769231,19.230769230769226,10.576923076923075,2015-08-27,2015-08-28,13.461538461538462,2015-09-01,2015-09-02,0.7936507936507837,True,1.0,True,True,True,5,True,True,True,0.0,True,True,3,3,8.277370777370773,EXTREME_BEARISH,True,True,True,False,True,False,False
2015-09-03,2015-08-25,2015-09-01,1.9230769230769231,19.230769230769226,10.576923076923075,2015-08-27,2015-08-28,13.461538461538462,2015-09-02,2015-09-03,3.1746031746031775,True,2.0,True,True,True,6,True,True,True,0.0,True,True,3,3,9.071021571021571,EXTREME_BEARISH,True,True,True,False,True,False,False
2015-09-04,2015-08-25,2015-09-01,1.9230769230769231,19.230769230769226,10.576923076923075,2015-09-03,2015-09-04,26.923076923076923,2015-09-03,2015-09-04,3.9682539682539613,True,3.0,True,True,True,0,True,True,True,0.0,True,True,3,3,13.822751322751321,EXTREME_BEARISH,True,True,True,False,True,False,False
2015-09-05,2015-08-25,2015-09-01,1.9230769230769231,19.230769230769226,10.576923076923075,2015-09-03,2015-09-04,26.923076923076923,2015-09-04,2015-09-05,2.3809523809523796,True,4.0,True,True,True,1,True,True,True,0.0,True,True,3,3,13.293650793650793,EXTREME_BEARISH,True,True,True,False,True,False,False
2015-09-06,2015-08-25,2015-09-01,1.9230769230769231,19.230769230769226,10.576923076923075,2015-09-03,2015-09-04,26.923076923076923,2015-09-04,2015-09-05,2.3809523809523796,True,5.0,True,True,True,2,True,True,True,1.0,True,True,3,3,13.293650793650793,EXTREME_BEARISH,True,True,True,False,True,False,False
2015-09-07,2015-08-25,2015-09-01,1.9230769230769231,19.230769230769226,10.576923076923075,2015-09-03,2015-09-04,26.923076923076923,2015-09-04,2015-09-05,2.3809523809523796,True,6.0,True,True,True,3,True,True,True,2.0,True,True,3,3,13.293650793650793,EXTREME_BEARISH,True,True,True,False,True,False,False
2015-12-12,2015-12-01,2015-12-08,17.307692307692307,44.23076923076923,30.76923076923077,2015-12-10,2015-12-11,21.15384615384616,2015-12-11,2015-12-12,6.349206349206355,True,4.0,True,True,True,1,True,True,True,0.0,True,True,3,3,19.42409442409443,EXTREME_BEARISH,True,True,True,False,True,False,False
2015-12-13,2015-12-01,2015-12-08,17.307692307692307,44.23076923076923,30.76923076923077,2015-12-10,2015-12-11,21.15384615384616,2015-12-11,2015-12-12,6.349206349206355,True,5.0,True,True,True,2,True,True,True,1.0,True,True,3,3,19.42409442409443,EXTREME_BEARISH,True,True,True,False,True,False,False
2015-12-14,2015-12-01,2015-12-08,17.307692307692307,44.23076923076923,30.76923076923077,2015-12-10,2015-12-11,21.15384615384616,2015-12-11,2015-12-12,6.349206349206355,True,6.0,True,True,True,3,True,True,True,2.0,True,True,3,3,19.42409442409443,EXTREME_BEARISH,True,True,True,False,True,False,False
2015-12-15,2015-12-08,2015-12-15,15.384615384615383,25.0,20.192307692307693,2015-12-10,2015-12-11,21.15384615384616,2015-12-14,2015-12-15,9.126984126984127,True,0.0,True,True,True,4,True,True,True,0.0,True,True,3,3,16.824379324379326,EXTREME_BEARISH,True,True,True,False,True,False,False
2015-12-16,2015-12-08,2015-12-15,15.384615384615383,25.0,20.192307692307693,2015-12-10,2015-12-11,21.15384615384616,2015-12-15,2015-12-16,13.888888888888886,True,1.0,True,True,True,5,True,True,True,0.0,True,True,3,3,18.411680911680914,EXTREME_BEARISH,True,True,True,False,True,False,False
2015-12-18,2015-12-08,2015-12-15,15.384615384615383,25.0,20.192307692307693,2015-12-17,2015-12-18,3.8461538461538463,2015-12-17,2015-12-18,21.42857142857143,True,3.0,True,True,True,0,True,True,True,0.0,True,True,3,3,15.155677655677657,EXTREME_BEARISH,True,True,True,False,True,False,False
2015-12-19,2015-12-08,2015-12-15,15.384615384615383,25.0,20.192307692307693,2015-12-17,2015-12-18,3.8461538461538463,2015-12-18,2015-12-19,14.682539682539684,True,4.0,True,True,True,1,True,True,True,0.0,True,True,3,3,12.907000407000409,EXTREME_BEARISH,True,True,True,False,True,False,False
2015-12-20,2015-12-08,2015-12-15,15.384615384615383,25.0,20.192307692307693,2015-12-17,2015-12-18,3.8461538461538463,2015-12-18,2015-12-19,14.682539682539684,True,5.0,True,True,True,2,True,True,True,1.0,True,True,3,3,12.907000407000409,EXTREME_BEARISH,True,True,True,False,True,False,False
2015-12-21,2015-12-08,2015-12-15,15.384615384615383,25.0,20.192307692307693,2015-12-17,2015-12-18,3.8461538461538463,2015-12-18,2015-12-19,14.682539682539684,True,6.0,True,True,True,3,True,True,True,2.0,True,True,3,3,12.907000407000409,EXTREME_BEARISH,True,True,True,False,True,False,False
2015-12-22,2015-12-15,2015-12-22,13.461538461538462,11.538461538461547,12.500000000000004,2015-12-17,2015-12-18,3.8461538461538463,2015-12-21,2015-12-22,23.80952380952381,True,0.0,True,True,True,4,True,True,True,0.0,True,True,3,3,13.385225885225887,EXTREME_BEARISH,True,True,True,False,True,False,False
2015-12-23,2015-12-15,2015-12-22,13.461538461538462,11.538461538461547,12.500000000000004,2015-12-17,2015-12-18,3.8461538461538463,2015-12-22,2015-12-23,36.50793650793651,True,1.0,True,True,True,5,True,True,True,0.0,True,True,3,3,17.61803011803012,EXTREME_BEARISH,True,True,True,False,True,False,False
2016-01-08,2015-12-29,2016-01-05,21.15384615384616,30.769230769230774,25.961538461538467,2016-01-07,2016-01-08,3.8461538461538463,2016-01-07,2016-01-08,5.555555555555557,True,3.0,True,True,True,0,True,True,True,0.0,True,True,3,3,11.78774928774929,EXTREME_BEARISH,True,True,True,False,True,False,False
2016-01-09,2015-12-29,2016-01-05,21.15384615384616,30.769230769230774,25.961538461538467,2016-01-07,2016-01-08,3.8461538461538463,2016-01-08,2016-01-09,3.1746031746031775,True,4.0,True,True,True,1,True,True,True,0.0,True,True,3,3,10.994098494098496,EXTREME_BEARISH,True,True,True,False,True,False,False
2016-01-10,2015-12-29,2016-01-05,21.15384615384616,30.769230769230774,25.961538461538467,2016-01-07,2016-01-08,3.8461538461538463,2016-01-08,2016-01-09,3.1746031746031775,True,5.0,True,True,True,2,True,True,True,1.0,True,True,3,3,10.994098494098496,EXTREME_BEARISH,True,True,True,False,True,False,False
2016-01-11,2015-12-29,2016-01-05,21.15384615384616,30.769230769230774,25.961538461538467,2016-01-07,2016-01-08,3.8461538461538463,2016-01-08,2016-01-09,3.1746031746031775,True,6.0,True,True,True,3,True,True,True,2.0,True,True,3,3,10.994098494098496,EXTREME_BEARISH,True,True,True,False,True,False,False
2016-01-12,2016-01-05,2016-01-12,11.538461538461538,34.61538461538461,23.076923076923077,2016-01-07,2016-01-08,3.8461538461538463,2016-01-11,2016-01-12,7.936507936507937,True,0.0,True,True,True,4,True,True,True,0.0,True,True,3,3,11.619861619861618,EXTREME_BEARISH,True,True,True,False,True,False,False
2016-01-13,2016-01-05,2016-01-12,11.538461538461538,34.61538461538461,23.076923076923077,2016-01-07,2016-01-08,3.8461538461538463,2016-01-12,2016-01-13,11.111111111111114,True,1.0,True,True,True,5,True,True,True,0.0,True,True,3,3,12.678062678062679,EXTREME_BEARISH,True,True,True,False,True,False,False
2016-01-14,2016-01-05,2016-01-12,11.538461538461538,34.61538461538461,23.076923076923077,2016-01-07,2016-01-08,3.8461538461538463,2016-01-13,2016-01-14,5.952380952380963,True,2.0,True,True,True,6,True,True,True,0.0,True,True,3,3,10.95848595848596,EXTREME_BEARISH,True,True,True,False,True,False,False
2016-01-15,2016-01-05,2016-01-12,11.538461538461538,34.61538461538461,23.076923076923077,2016-01-14,2016-01-15,1.9230769230769231,2016-01-14,2016-01-15,9.126984126984127,True,3.0,True,True,True,0,True,True,True,0.0,True,True,3,3,11.375661375661375,EXTREME_BEARISH,True,True,True,False,True,False,False
2016-01-16,2016-01-05,2016-01-12,11.538461538461538,34.61538461538461,23.076923076923077,2016-01-14,2016-01-15,1.9230769230769231,2016-01-15,2016-01-16,3.1746031746031775,True,4.0,True,True,True,1,True,True,True,0.0,True,True,3,3,9.391534391534393,EXTREME_BEARISH,True,True,True,False,True,False,False
2016-01-17,2016-01-05,2016-01-12,11.538461538461538,34.61538461538461,23.076923076923077,2016-01-14,2016-01-15,1.9230769230769231,2016-01-15,2016-01-16,3.1746031746031775,True,5.0,True,True,True,2,True,True,True,1.0,True,True,3,3,9.391534391534393,EXTREME_BEARISH,True,True,True,False,True,False,False
2016-01-18,2016-01-05,2016-01-12,11.538461538461538,34.61538461538461,23.076923076923077,2016-01-14,2016-01-15,1.9230769230769231,2016-01-15,2016-01-16,3.1746031746031775,True,6.0,True,True,True,3,True,True,True,2.0,True,True,3,3,9.391534391534393,EXTREME_BEARISH,True,True,True,False,True,False,False
2016-01-19,2016-01-12,2016-01-19,9.615384615384617,13.461538461538453,11.538461538461535,2016-01-14,2016-01-15,1.9230769230769231,2016-01-15,2016-01-16,3.1746031746031775,True,0.0,True,True,True,4,True,True,True,3.0,True,True,3,3,5.545380545380546,EXTREME_BEARISH,True,True,True,False,True,False,False
2016-01-20,2016-01-12,2016-01-19,9.615384615384617,13.461538461538453,11.538461538461535,2016-01-14,2016-01-15,1.9230769230769231,2016-01-19,2016-01-20,5.555555555555557,True,1.0,True,True,True,5,True,True,True,0.0,True,True,3,3,6.339031339031339,EXTREME_BEARISH,True,True,True,False,True,False,False
2016-01-21,2016-01-12,2016-01-19,9.615384615384617,13.461538461538453,11.538461538461535,2016-01-14,2016-01-15,1.9230769230769231,2016-01-20,2016-01-21,3.1746031746031775,True,2.0,True,True,True,6,True,True,True,0.0,True,True,3,3,5.545380545380546,EXTREME_BEARISH,True,True,True,False,True,False,False
2016-01-22,2016-01-12,2016-01-19,9.615384615384617,13.461538461538453,11.538461538461535,2016-01-21,2016-01-22,3.8461538461538463,2016-01-21,2016-01-22,4.761904761904759,True,3.0,True,True,True,0,True,True,True,0.0,True,True,3,3,6.715506715506713,EXTREME_BEARISH,True,True,True,False,True,False,False
2016-01-23,2016-01-12,2016-01-19,9.615384615384617,13.461538461538453,11.538461538461535,2016-01-21,2016-01-22,3.8461538461538463,2016-01-22,2016-01-23,14.285714285714292,True,4.0,True,True,True,1,True,True,True,0.0,True,True,3,3,9.89010989010989,EXTREME_BEARISH,True,True,True,False,True,False,False
2016-01-24,2016-01-12,2016-01-19,9.615384615384617,13.461538461538453,11.538461538461535,2016-01-21,2016-01-22,3.8461538461538463,2016-01-22,2016-01-23,14.285714285714292,True,5.0,True,True,True,2,True,True,True,1.0,True,True,3,3,9.89010989010989,EXTREME_BEARISH,True,True,True,False,True,False,False
2016-01-25,2016-01-12,2016-01-19,9.615384615384617,13.461538461538453,11.538461538461535,2016-01-21,2016-01-22,3.8461538461538463,2016-01-22,2016-01-23,14.285714285714292,True,6.0,True,True,True,3,True,True,True,2.0,True,True,3,3,9.89010989010989,EXTREME_BEARISH,True,True,True,False,True,False,False
2016-01-26,2016-01-19,2016-01-26,7.6923076923076925,69.23076923076923,38.46153846153846,2016-01-21,2016-01-22,3.8461538461538463,2016-01-25,2016-01-26,10.714285714285708,True,0.0,True,True,True,4,True,True,True,0.0,True,True,3,3,17.67399267399267,EXTREME_BEARISH,True,True,True,False,True,False,False
2016-01-27,2016-01-19,2016-01-26,7.6923076923076925,69.23076923076923,38.46153846153846,2016-01-21,2016-01-22,3.8461538461538463,2016-01-26,2016-01-27,13.888888888888886,True,1.0,True,True,True,5,True,True,True,0.0,True,True,3,3,18.732193732193732,EXTREME_BEARISH,True,True,True,False,True,False,False
2016-01-28,2016-01-19,2016-01-26,7.6923076923076925,69.23076923076923,38.46153846153846,2016-01-21,2016-01-22,3.8461538461538463,2016-01-27,2016-01-28,12.698412698412696,True,2.0,True,True,True,6,True,True,True,0.0,True,True,3,3,18.335368335368333,EXTREME_BEARISH,True,True,True,False,True,False,False
2016-02-12,2016-02-02,2016-02-09,17.307692307692307,73.07692307692308,45.19230769230769,2016-02-11,2016-02-12,1.9230769230769231,2016-02-11,2016-02-12,1.984126984127002,True,3.0,True,True,True,0,True,True,True,0.0,True,True,3,3,16.366503866503873,EXTREME_BEARISH,True,True,True,False,True,False,False
2016-02-13,2016-02-02,2016-02-09,17.307692307692307,73.07692307692308,45.19230769230769,2016-02-11,2016-02-12,1.9230769230769231,2016-02-12,2016-02-13,9.126984126984127,True,4.0,True,True,True,1,True,True,True,0.0,True,True,3,3,18.747456247456245,EXTREME_BEARISH,True,True,True,False,True,False,False
2016-02-14,2016-02-02,2016-02-09,17.307692307692307,73.07692307692308,45.19230769230769,2016-02-11,2016-02-12,1.9230769230769231,2016-02-12,2016-02-13,9.126984126984127,True,5.0,True,True,True,2,True,True,True,1.0,True,True,3,3,18.747456247456245,EXTREME_BEARISH,True,True,True,False,True,False,False
2016-02-15,2016-02-02,2016-02-09,17.307692307692307,73.07692307692308,45.19230769230769,2016-02-11,2016-02-12,1.9230769230769231,2016-02-12,2016-02-13,9.126984126984127,True,6.0,True,True,True,3,True,True,True,2.0,True,True,3,3,18.747456247456245,EXTREME_BEARISH,True,True,True,False,True,False,False
2016-02-16,2016-02-09,2016-02-16,13.461538461538462,63.46153846153847,38.46153846153847,2016-02-11,2016-02-12,1.9230769230769231,2016-02-12,2016-02-13,9.126984126984127,True,0.0,True,True,True,4,True,True,True,3.0,True,True,3,3,16.503866503866504,EXTREME_BEARISH,True,True,True,False,True,False,False
2016-02-17,2016-02-09,2016-02-16,13.461538461538462,63.46153846153847,38.46153846153847,2016-02-11,2016-02-12,1.9230769230769231,2016-02-16,2016-02-17,13.095238095238088,True,1.0,True,True,True,5,True,True,True,0.0,True,True,3,3,17.826617826617824,EXTREME_BEARISH,True,True,True,False,True,False,False
2016-02-18,2016-02-09,2016-02-16,13.461538461538462,63.46153846153847,38.46153846153847,2016-02-11,2016-02-12,1.9230769230769231,2016-02-17,2016-02-18,19.04761904761905,True,2.0,True,True,True,6,True,True,True,0.0,True,True,3,3,19.81074481074481,EXTREME_BEARISH,True,True,True,False,True,False,False
2016-06-25,2016-06-14,2016-06-21,50.0,21.15384615384616,35.57692307692308,2016-06-23,2016-06-24,15.384615384615383,2016-06-24,2016-06-25,8.73015873015872,True,4.0,True,True,True,1,True,True,True,0.0,True,True,3,3,19.897232397232397,EXTREME_BEARISH,True,True,True,False,True,False,False
2016-06-26,2016-06-14,2016-06-21,50.0,21.15384615384616,35.57692307692308,2016-06-23,2016-06-24,15.384615384615383,2016-06-24,2016-06-25,8.73015873015872,True,5.0,True,True,True,2,True,True,True,1.0,True,True,3,3,19.897232397232397,EXTREME_BEARISH,True,True,True,False,True,False,False
2016-06-27,2016-06-14,2016-06-21,50.0,21.15384615384616,35.57692307692308,2016-06-23,2016-06-24,15.384615384615383,2016-06-24,2016-06-25,8.73015873015872,True,6.0,True,True,True,3,True,True,True,2.0,True,True,3,3,19.897232397232397,EXTREME_BEARISH,True,True,True,False,True,False,False
2016-07-15,2016-07-05,2016-07-12,42.30769230769231,76.92307692307692,59.61538461538461,2016-07-14,2016-07-15,94.23076923076924,2016-07-14,2016-07-15,94.84126984126985,True,3.0,True,True,True,0,True,True,True,0.0,True,True,3,3,82.8958078958079,EXTREME_BULLISH,True,True,True,False,True,False,False
2016-07-16,2016-07-05,2016-07-12,42.30769230769231,76.92307692307692,59.61538461538461,2016-07-14,2016-07-15,94.23076923076924,2016-07-15,2016-07-16,95.23809523809524,True,4.0,True,True,True,1,True,True,True,0.0,True,True,3,3,83.02808302808303,EXTREME_BULLISH,True,True,True,False,True,False,False
2016-07-17,2016-07-05,2016-07-12,42.30769230769231,76.92307692307692,59.61538461538461,2016-07-14,2016-07-15,94.23076923076924,2016-07-15,2016-07-16,95.23809523809524,True,5.0,True,True,True,2,True,True,True,1.0,True,True,3,3,83.02808302808303,EXTREME_BULLISH,True,True,True,False,True,False,False
2016-07-18,2016-07-05,2016-07-12,42.30769230769231,76.92307692307692,59.61538461538461,2016-07-14,2016-07-15,94.23076923076924,2016-07-15,2016-07-16,95.23809523809524,True,6.0,True,True,True,3,True,True,True,2.0,True,True,3,3,83.02808302808303,EXTREME_BULLISH,True,True,True,False,True,False,False
2016-07-19,2016-07-12,2016-07-19,53.84615384615385,48.07692307692307,50.96153846153846,2016-07-14,2016-07-15,94.23076923076924,2016-07-18,2016-07-19,97.22222222222223,True,0.0,True,True,True,4,True,True,True,0.0,True,True,3,3,80.80484330484332,EXTREME_BULLISH,True,True,True,False,True,False,False
2016-07-20,2016-07-12,2016-07-19,53.84615384615385,48.07692307692307,50.96153846153846,2016-07-14,2016-07-15,94.23076923076924,2016-07-19,2016-07-20,99.60317460317461,True,1.0,True,True,True,5,True,True,True,0.0,True,True,3,3,81.5984940984941,EXTREME_BULLISH,True,True,True,False,True,False,False
2016-07-21,2016-07-12,2016-07-19,53.84615384615385,48.07692307692307,50.96153846153846,2016-07-14,2016-07-15,94.23076923076924,2016-07-20,2016-07-21,99.60317460317461,True,2.0,True,True,True,6,True,True,True,0.0,True,True,3,3,81.5984940984941,EXTREME_BULLISH,True,True,True,False,True,False,False
2016-08-19,2016-08-09,2016-08-16,90.3846153846154,36.53846153846154,63.46153846153847,2016-08-18,2016-08-19,80.76923076923077,2016-08-18,2016-08-19,99.2063492063492,True,3.0,True,True,True,0,True,True,True,0.0,True,True,3,3,81.14570614570614,EXTREME_BULLISH,True,True,True,False,True,False,False
2016-08-20,2016-08-09,2016-08-16,90.3846153846154,36.53846153846154,63.46153846153847,2016-08-18,2016-08-19,80.76923076923077,2016-08-19,2016-08-20,99.60317460317461,True,4.0,True,True,True,1,True,True,True,0.0,True,True,3,3,81.27798127798128,EXTREME_BULLISH,True,True,True,False,True,False,False
2016-08-21,2016-08-09,2016-08-16,90.3846153846154,36.53846153846154,63.46153846153847,2016-08-18,2016-08-19,80.76923076923077,2016-08-19,2016-08-20,99.60317460317461,True,5.0,True,True,True,2,True,True,True,1.0,True,True,3,3,81.27798127798128,EXTREME_BULLISH,True,True,True,False,True,False,False
2016-08-22,2016-08-09,2016-08-16,90.3846153846154,36.53846153846154,63.46153846153847,2016-08-18,2016-08-19,80.76923076923077,2016-08-19,2016-08-20,99.60317460317461,True,6.0,True,True,True,3,True,True,True,2.0,True,True,3,3,81.27798127798128,EXTREME_BULLISH,True,True,True,False,True,False,False
2017-09-21,2017-09-12,2017-09-19,98.07692307692308,17.307692307692307,57.69230769230769,2017-09-14,2017-09-15,92.3076923076923,2017-09-20,2017-09-21,96.42857142857143,True,2.0,True,True,True,6,True,True,True,0.0,True,True,3,3,82.14285714285715,EXTREME_BULLISH,True,True,True,False,True,False,False
2017-09-26,2017-09-19,2017-09-26,100.0,82.6923076923077,91.34615384615384,2017-09-21,2017-09-22,82.6923076923077,2017-09-25,2017-09-26,85.71428571428572,True,0.0,True,True,True,4,True,True,True,0.0,True,True,3,3,86.5842490842491,EXTREME_BULLISH,True,True,True,False,True,False,False
2017-09-27,2017-09-19,2017-09-26,100.0,82.6923076923077,91.34615384615384,2017-09-21,2017-09-22,82.6923076923077,2017-09-26,2017-09-27,86.5079365079365,True,1.0,True,True,True,5,True,True,True,0.0,True,True,3,3,86.84879934879935,EXTREME_BULLISH,True,True,True,False,True,False,False
2017-09-28,2017-09-19,2017-09-26,100.0,82.6923076923077,91.34615384615384,2017-09-21,2017-09-22,82.6923076923077,2017-09-27,2017-09-28,94.04761904761905,True,2.0,True,True,True,6,True,True,True,0.0,True,True,3,3,89.36202686202687,EXTREME_BULLISH,True,True,True,False,True,False,False
2017-09-29,2017-09-19,2017-09-26,100.0,82.6923076923077,91.34615384615384,2017-09-28,2017-09-29,61.53846153846154,2017-09-28,2017-09-29,98.01587301587301,True,3.0,True,True,True,0,True,True,True,0.0,True,True,3,3,83.63349613349614,EXTREME_BULLISH,True,True,True,False,True,False,False
2017-09-30,2017-09-19,2017-09-26,100.0,82.6923076923077,91.34615384615384,2017-09-28,2017-09-29,61.53846153846154,2017-09-29,2017-09-30,98.01587301587301,True,4.0,True,True,True,1,True,True,True,0.0,True,True,3,3,83.63349613349614,EXTREME_BULLISH,True,True,True,False,True,False,False
2017-10-01,2017-09-19,2017-09-26,100.0,82.6923076923077,91.34615384615384,2017-09-28,2017-09-29,61.53846153846154,2017-09-29,2017-09-30,98.01587301587301,True,5.0,True,True,True,2,True,True,True,1.0,True,True,3,3,83.63349613349614,EXTREME_BULLISH,True,True,True,False,True,False,False
2017-10-02,2017-09-19,2017-09-26,100.0,82.6923076923077,91.34615384615384,2017-09-28,2017-09-29,61.53846153846154,2017-09-29,2017-09-30,98.01587301587301,True,6.0,True,True,True,3,True,True,True,2.0,True,True,3,3,83.63349613349614,EXTREME_BULLISH,True,True,True,False,True,False,False
2017-10-03,2017-09-26,2017-10-03,98.07692307692308,82.6923076923077,90.38461538461539,2017-09-28,2017-09-29,61.53846153846154,2017-10-02,2017-10-03,98.41269841269842,True,0.0,True,True,True,4,True,True,True,0.0,True,True,3,3,83.44525844525845,EXTREME_BULLISH,True,True,True,False,True,False,False
2017-10-04,2017-09-26,2017-10-03,98.07692307692308,82.6923076923077,90.38461538461539,2017-09-28,2017-09-29,61.53846153846154,2017-10-03,2017-10-04,97.22222222222223,True,1.0,True,True,True,5,True,True,True,0.0,True,True,3,3,83.04843304843305,EXTREME_BULLISH,True,True,True,False,True,False,False
2017-10-05,2017-09-26,2017-10-03,98.07692307692308,82.6923076923077,90.38461538461539,2017-09-28,2017-09-29,61.53846153846154,2017-10-04,2017-10-05,95.23809523809524,True,2.0,True,True,True,6,True,True,True,0.0,True,True,3,3,82.3870573870574,EXTREME_BULLISH,True,True,True,False,True,False,False
2017-10-13,2017-10-03,2017-10-10,94.23076923076924,51.92307692307692,73.07692307692308,2017-10-12,2017-10-13,80.76923076923077,2017-10-12,2017-10-13,88.88888888888889,True,3.0,True,True,True,0,True,True,True,0.0,True,True,3,3,80.91168091168092,EXTREME_BULLISH,True,True,True,False,True,False,False
2017-10-14,2017-10-03,2017-10-10,94.23076923076924,51.92307692307692,73.07692307692308,2017-10-12,2017-10-13,80.76923076923077,2017-10-13,2017-10-14,94.84126984126985,True,4.0,True,True,True,1,True,True,True,0.0,True,True,3,3,82.8958078958079,EXTREME_BULLISH,True,True,True,False,True,False,False
2017-10-15,2017-10-03,2017-10-10,94.23076923076924,51.92307692307692,73.07692307692308,2017-10-12,2017-10-13,80.76923076923077,2017-10-13,2017-10-14,94.84126984126985,True,5.0,True,True,True,2,True,True,True,1.0,True,True,3,3,82.8958078958079,EXTREME_BULLISH,True,True,True,False,True,False,False
2017-10-16,2017-10-03,2017-10-10,94.23076923076924,51.92307692307692,73.07692307692308,2017-10-12,2017-10-13,80.76923076923077,2017-10-13,2017-10-14,94.84126984126985,True,6.0,True,True,True,3,True,True,True,2.0,True,True,3,3,82.8958078958079,EXTREME_BULLISH,True,True,True,False,True,False,False
2018-01-03,2017-12-26,2018-01-02,76.92307692307693,28.84615384615384,52.88461538461539,2017-12-28,2017-12-29,100.0,2018-01-02,2018-01-03,88.4920634920635,True,1.0,True,True,True,5,True,True,True,0.0,True,True,3,3,80.45889295889296,EXTREME_BULLISH,True,True,True,False,True,False,False
2018-01-04,2017-12-26,2018-01-02,76.92307692307693,28.84615384615384,52.88461538461539,2017-12-28,2017-12-29,100.0,2018-01-03,2018-01-04,99.2063492063492,True,2.0,True,True,True,6,True,True,True,0.0,True,True,3,3,84.03032153032153,EXTREME_BULLISH,True,True,True,False,True,False,False
2018-01-05,2017-12-26,2018-01-02,76.92307692307693,28.84615384615384,52.88461538461539,2018-01-04,2018-01-05,100.0,2018-01-04,2018-01-05,98.41269841269842,True,3.0,True,True,True,0,True,True,True,0.0,True,True,3,3,83.76577126577126,EXTREME_BULLISH,True,True,True,False,True,False,False
2018-01-06,2017-12-26,2018-01-02,76.92307692307693,28.84615384615384,52.88461538461539,2018-01-04,2018-01-05,100.0,2018-01-05,2018-01-06,98.01587301587301,True,4.0,True,True,True,1,True,True,True,0.0,True,True,3,3,83.63349613349614,EXTREME_BULLISH,True,True,True,False,True,False,False
2018-01-07,2017-12-26,2018-01-02,76.92307692307693,28.84615384615384,52.88461538461539,2018-01-04,2018-01-05,100.0,2018-01-05,2018-01-06,98.01587301587301,True,5.0,True,True,True,2,True,True,True,1.0,True,True,3,3,83.63349613349614,EXTREME_BULLISH,True,True,True,False,True,False,False
2018-01-08,2017-12-26,2018-01-02,76.92307692307693,28.84615384615384,52.88461538461539,2018-01-04,2018-01-05,100.0,2018-01-05,2018-01-06,98.01587301587301,True,6.0,True,True,True,3,True,True,True,2.0,True,True,3,3,83.63349613349614,EXTREME_BULLISH,True,True,True,False,True,False,False
2018-01-09,2018-01-02,2018-01-09,96.15384615384616,28.84615384615384,62.5,2018-01-04,2018-01-05,100.0,2018-01-08,2018-01-09,93.65079365079364,True,0.0,True,True,True,4,True,True,True,0.0,True,True,3,3,85.38359788359787,EXTREME_BULLISH,True,True,True,False,True,False,False
2018-01-11,2018-01-02,2018-01-09,96.15384615384616,28.84615384615384,62.5,2018-01-04,2018-01-05,100.0,2018-01-10,2018-01-11,84.12698412698413,True,2.0,True,True,True,6,True,True,True,0.0,True,True,3,3,82.20899470899471,EXTREME_BULLISH,True,True,True,False,True,False,False
2018-01-16,2018-01-09,2018-01-16,98.07692307692308,84.61538461538461,91.34615384615384,2018-01-11,2018-01-12,94.23076923076924,2018-01-12,2018-01-13,69.04761904761904,True,0.0,True,True,True,4,True,True,True,3.0,True,True,3,3,84.87484737484738,EXTREME_BULLISH,True,True,True,False,True,False,False
2018-03-30,2018-03-20,2018-03-27,36.53846153846153,15.384615384615387,25.96153846153846,2018-03-29,2018-03-30,19.23076923076924,2018-03-29,2018-03-30,5.952380952380963,True,3.0,True,True,True,0,True,True,True,0.0,True,True,3,3,17.048229548229553,EXTREME_BEARISH,True,True,True,False,True,False,False
2018-03-31,2018-03-20,2018-03-27,36.53846153846153,15.384615384615387,25.96153846153846,2018-03-29,2018-03-30,19.23076923076924,2018-03-29,2018-03-30,5.952380952380963,True,4.0,True,True,True,1,True,True,True,1.0,True,True,3,3,17.048229548229553,EXTREME_BEARISH,True,True,True,False,True,False,False
2018-04-01,2018-03-20,2018-03-27,36.53846153846153,15.384615384615387,25.96153846153846,2018-03-29,2018-03-30,19.23076923076924,2018-03-29,2018-03-30,5.952380952380963,True,5.0,True,True,True,2,True,True,True,2.0,True,True,3,3,17.048229548229553,EXTREME_BEARISH,True,True,True,False,True,False,False
2018-04-02,2018-03-20,2018-03-27,36.53846153846153,15.384615384615387,25.96153846153846,2018-03-29,2018-03-30,19.23076923076924,2018-03-29,2018-03-30,5.952380952380963,True,6.0,True,True,True,3,True,True,True,3.0,True,True,3,3,17.048229548229553,EXTREME_BEARISH,True,True,True,False,True,False,False
2018-04-03,2018-03-27,2018-04-03,1.9230769230769231,1.9230769230769198,1.9230769230769216,2018-03-29,2018-03-30,19.23076923076924,2018-04-02,2018-04-03,3.1746031746031775,True,0.0,True,True,True,4,True,True,True,0.0,True,True,3,3,8.109483109483113,EXTREME_BEARISH,True,True,True,False,True,False,False
2018-04-04,2018-03-27,2018-04-03,1.9230769230769231,1.9230769230769198,1.9230769230769216,2018-03-29,2018-03-30,19.23076923076924,2018-04-03,2018-04-04,5.158730158730165,True,1.0,True,True,True,5,True,True,True,0.0,True,True,3,3,8.770858770858775,EXTREME_BEARISH,True,True,True,False,True,False,False
2018-04-05,2018-03-27,2018-04-03,1.9230769230769231,1.9230769230769198,1.9230769230769216,2018-03-29,2018-03-30,19.23076923076924,2018-04-04,2018-04-05,6.349206349206355,True,2.0,True,True,True,6,True,True,True,0.0,True,True,3,3,9.167684167684172,EXTREME_BEARISH,True,True,True,False,True,False,False
2018-04-06,2018-03-27,2018-04-03,1.9230769230769231,1.9230769230769198,1.9230769230769216,2018-04-05,2018-04-06,15.384615384615383,2018-04-05,2018-04-06,9.920634920634924,True,3.0,True,True,True,0,True,True,True,0.0,True,True,3,3,9.076109076109077,EXTREME_BEARISH,True,True,True,False,True,False,False
2018-04-07,2018-03-27,2018-04-03,1.9230769230769231,1.9230769230769198,1.9230769230769216,2018-04-05,2018-04-06,15.384615384615383,2018-04-06,2018-04-07,5.158730158730165,True,4.0,True,True,True,1,True,True,True,0.0,True,True,3,3,7.488807488807491,EXTREME_BEARISH,True,True,True,False,True,False,False
2018-04-08,2018-03-27,2018-04-03,1.9230769230769231,1.9230769230769198,1.9230769230769216,2018-04-05,2018-04-06,15.384615384615383,2018-04-06,2018-04-07,5.158730158730165,True,5.0,True,True,True,2,True,True,True,1.0,True,True,3,3,7.488807488807491,EXTREME_BEARISH,True,True,True,False,True,False,False
2018-04-09,2018-03-27,2018-04-03,1.9230769230769231,1.9230769230769198,1.9230769230769216,2018-04-05,2018-04-06,15.384615384615383,2018-04-06,2018-04-07,5.158730158730165,True,6.0,True,True,True,3,True,True,True,2.0,True,True,3,3,7.488807488807491,EXTREME_BEARISH,True,True,True,False,True,False,False
2018-04-10,2018-04-03,2018-04-10,1.9230769230769231,3.8461538461538396,2.8846153846153815,2018-04-05,2018-04-06,15.384615384615383,2018-04-09,2018-04-10,5.158730158730165,True,0.0,True,True,True,4,True,True,True,0.0,True,True,3,3,7.80932030932031,EXTREME_BEARISH,True,True,True,False,True,False,False
2018-04-11,2018-04-03,2018-04-10,1.9230769230769231,3.8461538461538396,2.8846153846153815,2018-04-05,2018-04-06,15.384615384615383,2018-04-10,2018-04-11,7.142857142857139,True,1.0,True,True,True,5,True,True,True,0.0,True,True,3,3,8.470695970695969,EXTREME_BEARISH,True,True,True,False,True,False,False
2018-04-12,2018-04-03,2018-04-10,1.9230769230769231,3.8461538461538396,2.8846153846153815,2018-04-05,2018-04-06,15.384615384615383,2018-04-11,2018-04-12,7.5396825396825164,True,2.0,True,True,True,6,True,True,True,0.0,True,True,3,3,8.602971102971095,EXTREME_BEARISH,True,True,True,False,True,False,False
2018-04-13,2018-04-03,2018-04-10,1.9230769230769231,3.8461538461538396,2.8846153846153815,2018-04-12,2018-04-13,1.9230769230769231,2018-04-12,2018-04-13,13.095238095238088,True,3.0,True,True,True,0,True,True,True,0.0,True,True,3,3,5.967643467643465,EXTREME_BEARISH,True,True,True,False,True,False,False
2018-04-14,2018-04-03,2018-04-10,1.9230769230769231,3.8461538461538396,2.8846153846153815,2018-04-12,2018-04-13,1.9230769230769231,2018-04-13,2018-04-14,15.079365079365076,True,4.0,True,True,True,1,True,True,True,0.0,True,True,3,3,6.629019129019127,EXTREME_BEARISH,True,True,True,False,True,False,False
2018-04-15,2018-04-03,2018-04-10,1.9230769230769231,3.8461538461538396,2.8846153846153815,2018-04-12,2018-04-13,1.9230769230769231,2018-04-13,2018-04-14,15.079365079365076,True,5.0,True,True,True,2,True,True,True,1.0,True,True,3,3,6.629019129019127,EXTREME_BEARISH,True,True,True,False,True,False,False
2018-04-16,2018-04-03,2018-04-10,1.9230769230769231,3.8461538461538396,2.8846153846153815,2018-04-12,2018-04-13,1.9230769230769231,2018-04-13,2018-04-14,15.079365079365076,True,6.0,True,True,True,3,True,True,True,2.0,True,True,3,3,6.629019129019127,EXTREME_BEARISH,True,True,True,False,True,False,False
2018-04-17,2018-04-10,2018-04-17,3.8461538461538463,9.615384615384599,6.730769230769223,2018-04-12,2018-04-13,1.9230769230769231,2018-04-16,2018-04-17,16.666666666666657,True,0.0,True,True,True,4,True,True,True,0.0,True,True,3,3,8.440170940170935,EXTREME_BEARISH,True,True,True,False,True,False,False
2018-04-18,2018-04-10,2018-04-17,3.8461538461538463,9.615384615384599,6.730769230769223,2018-04-12,2018-04-13,1.9230769230769231,2018-04-17,2018-04-18,21.03174603174604,True,1.0,True,True,True,5,True,True,True,0.0,True,True,3,3,9.895197395197394,EXTREME_BEARISH,True,True,True,False,True,False,False
2018-04-19,2018-04-10,2018-04-17,3.8461538461538463,9.615384615384599,6.730769230769223,2018-04-12,2018-04-13,1.9230769230769231,2018-04-18,2018-04-19,19.841269841269835,True,2.0,True,True,True,6,True,True,True,0.0,True,True,3,3,9.498371998371994,EXTREME_BEARISH,True,True,True,False,True,False,False
2018-05-04,2018-04-24,2018-05-01,9.615384615384617,5.769230769230759,7.692307692307688,2018-05-03,2018-05-04,21.15384615384616,2018-05-03,2018-05-04,21.825396825396822,True,3.0,True,True,True,0,True,True,True,0.0,True,True,3,3,16.89051689051689,EXTREME_BEARISH,True,True,True,False,True,False,False
2018-05-05,2018-04-24,2018-05-01,9.615384615384617,5.769230769230759,7.692307692307688,2018-05-03,2018-05-04,21.15384615384616,2018-05-04,2018-05-05,26.587301587301596,True,4.0,True,True,True,1,True,True,True,0.0,True,True,3,3,18.47781847781848,EXTREME_BEARISH,True,True,True,False,True,False,False
2018-05-06,2018-04-24,2018-05-01,9.615384615384617,5.769230769230759,7.692307692307688,2018-05-03,2018-05-04,21.15384615384616,2018-05-04,2018-05-05,26.587301587301596,True,5.0,True,True,True,2,True,True,True,1.0,True,True,3,3,18.47781847781848,EXTREME_BEARISH,True,True,True,False,True,False,False
2018-05-07,2018-04-24,2018-05-01,9.615384615384617,5.769230769230759,7.692307692307688,2018-05-03,2018-05-04,21.15384615384616,2018-05-04,2018-05-05,26.587301587301596,True,6.0,True,True,True,3,True,True,True,2.0,True,True,3,3,18.47781847781848,EXTREME_BEARISH,True,True,True,False,True,False,False
2018-05-08,2018-05-01,2018-05-08,3.8461538461538463,0.0,1.9230769230769231,2018-05-03,2018-05-04,21.15384615384616,2018-05-07,2018-05-08,26.984126984126988,True,0.0,True,True,True,4,True,True,True,0.0,True,True,3,3,16.68701668701669,EXTREME_BEARISH,True,True,True,False,True,False,False
2018-05-09,2018-05-01,2018-05-08,3.8461538461538463,0.0,1.9230769230769231,2018-05-03,2018-05-04,21.15384615384616,2018-05-08,2018-05-09,27.38095238095238,True,1.0,True,True,True,5,True,True,True,0.0,True,True,3,3,16.81929181929182,EXTREME_BEARISH,True,True,True,False,True,False,False
2018-05-10,2018-05-01,2018-05-08,3.8461538461538463,0.0,1.9230769230769231,2018-05-03,2018-05-04,21.15384615384616,2018-05-09,2018-05-10,30.158730158730165,True,2.0,True,True,True,6,True,True,True,0.0,True,True,3,3,17.745217745217747,EXTREME_BEARISH,True,True,True,False,True,False,False
2018-06-29,2018-06-19,2018-06-26,21.15384615384616,36.53846153846154,28.84615384615385,2018-06-28,2018-06-29,5.769230769230769,2018-06-28,2018-06-29,18.650793650793645,True,3.0,True,True,True,0,True,True,True,0.0,True,True,3,3,17.755392755392755,EXTREME_BEARISH,True,True,True,False,True,False,False
2018-06-30,2018-06-19,2018-06-26,21.15384615384616,36.53846153846154,28.84615384615385,2018-06-28,2018-06-29,5.769230769230769,2018-06-29,2018-06-30,21.825396825396822,True,4.0,True,True,True,1,True,True,True,0.0,True,True,3,3,18.813593813593815,EXTREME_BEARISH,True,True,True,False,True,False,False
2018-07-01,2018-06-19,2018-06-26,21.15384615384616,36.53846153846154,28.84615384615385,2018-06-28,2018-06-29,5.769230769230769,2018-06-29,2018-06-30,21.825396825396822,True,5.0,True,True,True,2,True,True,True,1.0,True,True,3,3,18.813593813593815,EXTREME_BEARISH,True,True,True,False,True,False,False
2018-07-02,2018-06-19,2018-06-26,21.15384615384616,36.53846153846154,28.84615384615385,2018-06-28,2018-06-29,5.769230769230769,2018-06-29,2018-06-30,21.825396825396822,True,6.0,True,True,True,3,True,True,True,2.0,True,True,3,3,18.813593813593815,EXTREME_BEARISH,True,True,True,False,True,False,False
2018-07-03,2018-06-26,2018-07-03,13.461538461538462,34.61538461538461,24.038461538461537,2018-06-28,2018-06-29,5.769230769230769,2018-07-02,2018-07-03,25.793650793650784,True,0.0,True,True,True,4,True,True,True,0.0,True,True,3,3,18.53378103378103,EXTREME_BEARISH,True,True,True,False,True,False,False
2018-07-04,2018-06-26,2018-07-03,13.461538461538462,34.61538461538461,24.038461538461537,2018-06-28,2018-06-29,5.769230769230769,2018-07-03,2018-07-04,21.825396825396822,True,1.0,True,True,True,5,True,True,True,0.0,True,True,3,3,17.21102971102971,EXTREME_BEARISH,True,True,True,False,True,False,False
2018-07-05,2018-06-26,2018-07-03,13.461538461538462,34.61538461538461,24.038461538461537,2018-06-28,2018-06-29,5.769230769230769,2018-07-03,2018-07-04,21.825396825396822,True,2.0,True,True,True,6,True,True,True,1.0,True,True,3,3,17.21102971102971,EXTREME_BEARISH,True,True,True,False,True,False,False
2018-10-23,2018-10-16,2018-10-23,30.76923076923077,17.307692307692307,24.03846153846154,2018-10-18,2018-10-19,21.15384615384616,2018-10-22,2018-10-23,11.904761904761912,True,0.0,True,True,True,4,True,True,True,0.0,True,True,3,3,19.032356532356538,EXTREME_BEARISH,True,True,True,False,True,False,False
2018-10-24,2018-10-16,2018-10-23,30.76923076923077,17.307692307692307,24.03846153846154,2018-10-18,2018-10-19,21.15384615384616,2018-10-23,2018-10-24,8.333333333333343,True,1.0,True,True,True,5,True,True,True,0.0,True,True,3,3,17.841880341880348,EXTREME_BEARISH,True,True,True,False,True,False,False
2018-10-25,2018-10-16,2018-10-23,30.76923076923077,17.307692307692307,24.03846153846154,2018-10-18,2018-10-19,21.15384615384616,2018-10-24,2018-10-25,2.3809523809523796,True,2.0,True,True,True,6,True,True,True,0.0,True,True,3,3,15.85775335775336,EXTREME_BEARISH,True,True,True,False,True,False,False
2018-10-26,2018-10-16,2018-10-23,30.76923076923077,17.307692307692307,24.03846153846154,2018-10-25,2018-10-26,3.8461538461538463,2018-10-25,2018-10-26,3.9682539682539613,True,3.0,True,True,True,0,True,True,True,0.0,True,True,3,3,10.617623117623117,EXTREME_BEARISH,True,True,True,False,True,False,False
2018-10-27,2018-10-16,2018-10-23,30.76923076923077,17.307692307692307,24.03846153846154,2018-10-25,2018-10-26,3.8461538461538463,2018-10-26,2018-10-27,4.365079365079353,True,4.0,True,True,True,1,True,True,True,0.0,True,True,3,3,10.749898249898246,EXTREME_BEARISH,True,True,True,False,True,False,False
2018-10-28,2018-10-16,2018-10-23,30.76923076923077,17.307692307692307,24.03846153846154,2018-10-25,2018-10-26,3.8461538461538463,2018-10-26,2018-10-27,4.365079365079353,True,5.0,True,True,True,2,True,True,True,1.0,True,True,3,3,10.749898249898246,EXTREME_BEARISH,True,True,True,False,True,False,False
2018-10-29,2018-10-16,2018-10-23,30.76923076923077,17.307692307692307,24.03846153846154,2018-10-25,2018-10-26,3.8461538461538463,2018-10-26,2018-10-27,4.365079365079353,True,6.0,True,True,True,3,True,True,True,2.0,True,True,3,3,10.749898249898246,EXTREME_BEARISH,True,True,True,False,True,False,False
2018-10-30,2018-10-23,2018-10-30,7.6923076923076925,26.923076923076934,17.307692307692314,2018-10-25,2018-10-26,3.8461538461538463,2018-10-29,2018-10-30,3.9682539682539613,True,0.0,True,True,True,4,True,True,True,0.0,True,True,3,3,8.374033374033374,EXTREME_BEARISH,True,True,True,False,True,False,False
2018-10-31,2018-10-23,2018-10-30,7.6923076923076925,26.923076923076934,17.307692307692314,2018-10-25,2018-10-26,3.8461538461538463,2018-10-30,2018-10-31,5.555555555555557,True,1.0,True,True,True,5,True,True,True,0.0,True,True,3,3,8.903133903133906,EXTREME_BEARISH,True,True,True,False,True,False,False
2018-11-01,2018-10-23,2018-10-30,7.6923076923076925,26.923076923076934,17.307692307692314,2018-10-25,2018-10-26,3.8461538461538463,2018-10-31,2018-11-01,9.523809523809518,True,2.0,True,True,True,6,True,True,True,0.0,True,True,3,3,10.225885225885227,EXTREME_BEARISH,True,True,True,False,True,False,False
2018-11-06,2018-10-30,2018-11-06,1.9230769230769231,21.15384615384616,11.538461538461542,2018-11-01,2018-11-02,32.69230769230769,2018-11-05,2018-11-06,13.888888888888886,True,0.0,True,True,True,4,True,True,True,0.0,True,True,3,3,19.373219373219374,EXTREME_BEARISH,True,True,True,False,True,False,False
2018-11-07,2018-10-30,2018-11-06,1.9230769230769231,21.15384615384616,11.538461538461542,2018-11-01,2018-11-02,32.69230769230769,2018-11-06,2018-11-07,14.285714285714292,True,1.0,True,True,True,5,True,True,True,0.0,True,True,3,3,19.505494505494507,EXTREME_BEARISH,True,True,True,False,True,False,False
2018-11-23,2018-11-13,2018-11-20,13.461538461538462,65.38461538461539,39.42307692307693,2018-11-22,2018-11-23,1.9230769230769231,2018-11-21,2018-11-22,11.507936507936506,True,3.0,True,True,True,0,True,True,True,1.0,True,True,3,3,17.618030118030116,EXTREME_BEARISH,True,True,True,False,True,False,False
2018-11-24,2018-11-13,2018-11-20,13.461538461538462,65.38461538461539,39.42307692307693,2018-11-22,2018-11-23,1.9230769230769231,2018-11-23,2018-11-24,8.73015873015872,True,4.0,True,True,True,1,True,True,True,0.0,True,True,3,3,16.69210419210419,EXTREME_BEARISH,True,True,True,False,True,False,False
2018-11-25,2018-11-13,2018-11-20,13.461538461538462,65.38461538461539,39.42307692307693,2018-11-22,2018-11-23,1.9230769230769231,2018-11-23,2018-11-24,8.73015873015872,True,5.0,True,True,True,2,True,True,True,1.0,True,True,3,3,16.69210419210419,EXTREME_BEARISH,True,True,True,False,True,False,False
2018-11-26,2018-11-13,2018-11-20,13.461538461538462,65.38461538461539,39.42307692307693,2018-11-22,2018-11-23,1.9230769230769231,2018-11-23,2018-11-24,8.73015873015872,True,6.0,True,True,True,3,True,True,True,2.0,True,True,3,3,16.69210419210419,EXTREME_BEARISH,True,True,True,False,True,False,False
2018-11-27,2018-11-20,2018-11-27,13.461538461538462,34.61538461538461,24.038461538461537,2018-11-22,2018-11-23,1.9230769230769231,2018-11-26,2018-11-27,22.222222222222214,True,0.0,True,True,True,4,True,True,True,0.0,True,True,3,3,16.061253561253558,EXTREME_BEARISH,True,True,True,False,True,False,False
2018-11-28,2018-11-20,2018-11-27,13.461538461538462,34.61538461538461,24.038461538461537,2018-11-22,2018-11-23,1.9230769230769231,2018-11-27,2018-11-28,21.42857142857143,True,1.0,True,True,True,5,True,True,True,0.0,True,True,3,3,15.796703296703297,EXTREME_BEARISH,True,True,True,False,True,False,False
2018-11-29,2018-11-20,2018-11-27,13.461538461538462,34.61538461538461,24.038461538461537,2018-11-22,2018-11-23,1.9230769230769231,2018-11-28,2018-11-29,24.206349206349216,True,2.0,True,True,True,6,True,True,True,0.0,True,True,3,3,16.722629222629227,EXTREME_BEARISH,True,True,True,False,True,False,False
2018-11-30,2018-11-20,2018-11-27,13.461538461538462,34.61538461538461,24.038461538461537,2018-11-29,2018-11-30,11.538461538461538,2018-11-29,2018-11-30,23.015873015873012,True,3.0,True,True,True,0,True,True,True,0.0,True,True,3,3,19.53093203093203,EXTREME_BEARISH,True,True,True,False,True,False,False
2018-12-05,2018-11-27,2018-12-04,15.384615384615383,25.0,20.192307692307693,2018-11-29,2018-11-30,11.538461538461538,2018-12-04,2018-12-05,12.301587301587304,True,1.0,True,True,True,5,True,True,True,0.0,True,True,3,3,14.67745217745218,EXTREME_BEARISH,True,True,True,False,True,False,False
2018-12-06,2018-11-27,2018-12-04,15.384615384615383,25.0,20.192307692307693,2018-11-29,2018-11-30,11.538461538461538,2018-12-04,2018-12-05,12.301587301587304,True,2.0,True,True,True,6,True,True,True,1.0,True,True,3,3,14.67745217745218,EXTREME_BEARISH,True,True,True,False,True,False,False
2018-12-14,2018-12-04,2018-12-11,25.0,53.84615384615385,39.42307692307692,2018-12-13,2018-12-14,1.9230769230769231,2018-12-13,2018-12-14,15.079365079365076,True,3.0,True,True,True,0,True,True,True,0.0,True,True,3,3,18.808506308506306,EXTREME_BEARISH,True,True,True,False,True,False,False
2018-12-15,2018-12-04,2018-12-11,25.0,53.84615384615385,39.42307692307692,2018-12-13,2018-12-14,1.9230769230769231,2018-12-14,2018-12-15,9.920634920634924,True,4.0,True,True,True,1,True,True,True,0.0,True,True,3,3,17.088929588929588,EXTREME_BEARISH,True,True,True,False,True,False,False
2018-12-16,2018-12-04,2018-12-11,25.0,53.84615384615385,39.42307692307692,2018-12-13,2018-12-14,1.9230769230769231,2018-12-14,2018-12-15,9.920634920634924,True,5.0,True,True,True,2,True,True,True,1.0,True,True,3,3,17.088929588929588,EXTREME_BEARISH,True,True,True,False,True,False,False
2018-12-17,2018-12-04,2018-12-11,25.0,53.84615384615385,39.42307692307692,2018-12-13,2018-12-14,1.9230769230769231,2018-12-14,2018-12-15,9.920634920634924,True,6.0,True,True,True,3,True,True,True,2.0,True,True,3,3,17.088929588929588,EXTREME_BEARISH,True,True,True,False,True,False,False
2018-12-18,2018-12-11,2018-12-18,3.8461538461538463,9.615384615384599,6.730769230769223,2018-12-13,2018-12-14,1.9230769230769231,2018-12-17,2018-12-18,4.365079365079353,True,0.0,True,True,True,4,True,True,True,0.0,True,True,3,3,4.339641839641833,EXTREME_BEARISH,True,True,True,False,True,False,False
2018-12-19,2018-12-11,2018-12-18,3.8461538461538463,9.615384615384599,6.730769230769223,2018-12-13,2018-12-14,1.9230769230769231,2018-12-18,2018-12-19,2.3809523809523796,True,1.0,True,True,True,5,True,True,True,0.0,True,True,3,3,3.6782661782661754,EXTREME_BEARISH,True,True,True,False,True,False,False
2018-12-20,2018-12-11,2018-12-18,3.8461538461538463,9.615384615384599,6.730769230769223,2018-12-13,2018-12-14,1.9230769230769231,2018-12-19,2018-12-20,2.3809523809523796,True,2.0,True,True,True,6,True,True,True,0.0,True,True,3,3,3.6782661782661754,EXTREME_BEARISH,True,True,True,False,True,False,False
2018-12-21,2018-12-11,2018-12-18,3.8461538461538463,9.615384615384599,6.730769230769223,2018-12-20,2018-12-21,3.8461538461538463,2018-12-20,2018-12-21,1.5873015873015959,True,3.0,True,True,True,0,True,True,True,0.0,True,True,3,3,4.054741554741555,EXTREME_BEARISH,True,True,True,False,True,False,False
2018-12-22,2018-12-11,2018-12-18,3.8461538461538463,9.615384615384599,6.730769230769223,2018-12-20,2018-12-21,3.8461538461538463,2018-12-21,2018-12-22,0.7936507936507837,True,4.0,True,True,True,1,True,True,True,0.0,True,True,3,3,3.7901912901912844,EXTREME_BEARISH,True,True,True,False,True,False,False
2018-12-23,2018-12-11,2018-12-18,3.8461538461538463,9.615384615384599,6.730769230769223,2018-12-20,2018-12-21,3.8461538461538463,2018-12-21,2018-12-22,0.7936507936507837,True,5.0,True,True,True,2,True,True,True,1.0,True,True,3,3,3.7901912901912844,EXTREME_BEARISH,True,True,True,False,True,False,False
2018-12-24,2018-12-11,2018-12-18,3.8461538461538463,9.615384615384599,6.730769230769223,2018-12-20,2018-12-21,3.8461538461538463,2018-12-21,2018-12-22,0.7936507936507837,True,6.0,True,True,True,3,True,True,True,2.0,True,True,3,3,3.7901912901912844,EXTREME_BEARISH,True,True,True,False,True,False,False
2018-12-25,2018-12-18,2018-12-25,3.8461538461538463,3.8461538461538396,3.846153846153843,2018-12-20,2018-12-21,3.8461538461538463,2018-12-24,2018-12-25,0.3968253968254061,True,0.0,True,True,True,4,True,True,True,0.0,True,True,3,3,2.6963776963776986,EXTREME_BEARISH,True,True,True,False,True,False,False
2018-12-26,2018-12-18,2018-12-25,3.8461538461538463,3.8461538461538396,3.846153846153843,2018-12-20,2018-12-21,3.8461538461538463,2018-12-24,2018-12-25,0.3968253968254061,True,1.0,True,True,True,5,True,True,True,1.0,True,True,3,3,2.6963776963776986,EXTREME_BEARISH,True,True,True,False,True,False,False
2018-12-27,2018-12-18,2018-12-25,3.8461538461538463,3.8461538461538396,3.846153846153843,2018-12-20,2018-12-21,3.8461538461538463,2018-12-26,2018-12-27,1.190476190476204,True,2.0,True,True,True,6,True,True,True,0.0,True,True,3,3,2.9609279609279646,EXTREME_BEARISH,True,True,True,False,True,False,False
2018-12-28,2018-12-18,2018-12-25,3.8461538461538463,3.8461538461538396,3.846153846153843,2018-12-27,2018-12-28,7.6923076923076925,2018-12-27,2018-12-28,2.3809523809523796,True,3.0,True,True,True,0,True,True,True,0.0,True,True,3,3,4.639804639804638,EXTREME_BEARISH,True,True,True,False,True,False,False
2018-12-29,2018-12-18,2018-12-25,3.8461538461538463,3.8461538461538396,3.846153846153843,2018-12-27,2018-12-28,7.6923076923076925,2018-12-28,2018-12-29,3.571428571428555,True,4.0,True,True,True,1,True,True,True,0.0,True,True,3,3,5.03663003663003,EXTREME_BEARISH,True,True,True,False,True,False,False
2018-12-30,2018-12-18,2018-12-25,3.8461538461538463,3.8461538461538396,3.846153846153843,2018-12-27,2018-12-28,7.6923076923076925,2018-12-28,2018-12-29,3.571428571428555,True,5.0,True,True,True,2,True,True,True,1.0,True,True,3,3,5.03663003663003,EXTREME_BEARISH,True,True,True,False,True,False,False
2018-12-31,2018-12-24,2018-12-31,53.84615384615385,0.0,26.923076923076923,2018-12-27,2018-12-28,7.6923076923076925,2018-12-28,2018-12-29,3.571428571428555,True,0.0,True,True,True,3,True,True,True,2.0,True,True,3,3,12.728937728937723,EXTREME_BEARISH,True,True,True,False,True,False,False
2019-01-01,2018-12-24,2018-12-31,53.84615384615385,0.0,26.923076923076923,2018-12-27,2018-12-28,7.6923076923076925,2018-12-31,2019-01-01,5.555555555555557,True,1.0,True,True,True,4,True,True,True,0.0,True,True,3,3,13.39031339031339,EXTREME_BEARISH,True,True,True,False,True,False,False
2019-01-02,2018-12-24,2018-12-31,53.84615384615385,0.0,26.923076923076923,2018-12-27,2018-12-28,7.6923076923076925,2018-12-31,2019-01-01,5.555555555555557,True,2.0,True,True,True,5,True,True,True,1.0,True,True,3,3,13.39031339031339,EXTREME_BEARISH,True,True,True,False,True,False,False
2019-01-03,2018-12-24,2018-12-31,53.84615384615385,0.0,26.923076923076923,2018-12-27,2018-12-28,7.6923076923076925,2019-01-02,2019-01-03,10.714285714285708,True,3.0,True,True,True,6,True,True,True,0.0,True,True,3,3,15.109890109890108,EXTREME_BEARISH,True,True,True,False,True,False,False
2019-01-04,2018-12-24,2018-12-31,53.84615384615385,0.0,26.923076923076923,2019-01-03,2019-01-04,17.307692307692307,2019-01-03,2019-01-04,5.555555555555557,True,4.0,True,True,True,0,True,True,True,0.0,True,True,3,3,16.595441595441596,EXTREME_BEARISH,True,True,True,False,True,False,False
2019-03-05,2019-02-26,2019-03-05,78.84615384615384,90.38461538461539,84.61538461538461,2019-02-28,2019-03-01,98.07692307692308,2019-03-04,2019-03-05,63.09523809523809,True,0.0,True,True,True,4,True,True,True,0.0,True,True,3,3,81.92918192918192,EXTREME_BULLISH,True,True,True,False,True,False,False
2019-03-06,2019-02-26,2019-03-05,78.84615384615384,90.38461538461539,84.61538461538461,2019-02-28,2019-03-01,98.07692307692308,2019-03-05,2019-03-06,60.31746031746032,True,1.0,True,True,True,5,True,True,True,0.0,True,True,3,3,81.003256003256,EXTREME_BULLISH,True,True,True,False,True,False,False
2019-04-12,2019-04-02,2019-04-09,96.15384615384616,76.92307692307692,86.53846153846155,2019-04-11,2019-04-12,94.23076923076924,2019-04-11,2019-04-12,75.0,True,3.0,True,True,True,0,True,True,True,0.0,True,True,3,3,85.25641025641026,EXTREME_BULLISH,True,True,True,False,True,False,False
2019-04-13,2019-04-02,2019-04-09,96.15384615384616,76.92307692307692,86.53846153846155,2019-04-11,2019-04-12,94.23076923076924,2019-04-12,2019-04-13,94.44444444444444,True,4.0,True,True,True,1,True,True,True,0.0,True,True,3,3,91.73789173789174,EXTREME_BULLISH,True,True,True,False,True,False,False
2019-04-14,2019-04-02,2019-04-09,96.15384615384616,76.92307692307692,86.53846153846155,2019-04-11,2019-04-12,94.23076923076924,2019-04-12,2019-04-13,94.44444444444444,True,5.0,True,True,True,2,True,True,True,1.0,True,True,3,3,91.73789173789174,EXTREME_BULLISH,True,True,True,False,True,False,False
2019-04-15,2019-04-02,2019-04-09,96.15384615384616,76.92307692307692,86.53846153846155,2019-04-11,2019-04-12,94.23076923076924,2019-04-12,2019-04-13,94.44444444444444,True,6.0,True,True,True,3,True,True,True,2.0,True,True,3,3,91.73789173789174,EXTREME_BULLISH,True,True,True,False,True,False,False
2019-04-16,2019-04-09,2019-04-16,96.15384615384616,80.76923076923076,88.46153846153845,2019-04-11,2019-04-12,94.23076923076924,2019-04-15,2019-04-16,87.3015873015873,True,0.0,True,True,True,4,True,True,True,0.0,True,True,3,3,89.99796499796498,EXTREME_BULLISH,True,True,True,False,True,False,False
2019-04-17,2019-04-09,2019-04-16,96.15384615384616,80.76923076923076,88.46153846153845,2019-04-11,2019-04-12,94.23076923076924,2019-04-16,2019-04-17,89.68253968253968,True,1.0,True,True,True,5,True,True,True,0.0,True,True,3,3,90.7916157916158,EXTREME_BULLISH,True,True,True,False,True,False,False
2019-04-18,2019-04-09,2019-04-16,96.15384615384616,80.76923076923076,88.46153846153845,2019-04-11,2019-04-12,94.23076923076924,2019-04-17,2019-04-18,81.34920634920636,True,2.0,True,True,True,6,True,True,True,0.0,True,True,3,3,88.013838013838,EXTREME_BULLISH,True,True,True,False,True,False,False
2019-04-19,2019-04-09,2019-04-16,96.15384615384616,80.76923076923076,88.46153846153845,2019-04-18,2019-04-19,84.61538461538461,2019-04-18,2019-04-19,92.85714285714286,True,3.0,True,True,True,0,True,True,True,0.0,True,True,3,3,88.64468864468864,EXTREME_BULLISH,True,True,True,False,True,False,False
2019-04-20,2019-04-09,2019-04-16,96.15384615384616,80.76923076923076,88.46153846153845,2019-04-18,2019-04-19,84.61538461538461,2019-04-18,2019-04-19,92.85714285714286,True,4.0,True,True,True,1,True,True,True,1.0,True,True,3,3,88.64468864468864,EXTREME_BULLISH,True,True,True,False,True,False,False
2019-04-21,2019-04-09,2019-04-16,96.15384615384616,80.76923076923076,88.46153846153845,2019-04-18,2019-04-19,84.61538461538461,2019-04-18,2019-04-19,92.85714285714286,True,5.0,True,True,True,2,True,True,True,2.0,True,True,3,3,88.64468864468864,EXTREME_BULLISH,True,True,True,False,True,False,False
2019-04-22,2019-04-09,2019-04-16,96.15384615384616,80.76923076923076,88.46153846153845,2019-04-18,2019-04-19,84.61538461538461,2019-04-18,2019-04-19,92.85714285714286,True,6.0,True,True,True,3,True,True,True,3.0,True,True,3,3,88.64468864468864,EXTREME_BULLISH,True,True,True,False,True,False,False
2019-04-23,2019-04-16,2019-04-23,100.0,78.84615384615384,89.42307692307692,2019-04-18,2019-04-19,84.61538461538461,2019-04-22,2019-04-23,82.93650793650794,True,0.0,True,True,True,4,True,True,True,0.0,True,True,3,3,85.65832315832317,EXTREME_BULLISH,True,True,True,False,True,False,False
2019-04-24,2019-04-16,2019-04-23,100.0,78.84615384615384,89.42307692307692,2019-04-18,2019-04-19,84.61538461538461,2019-04-23,2019-04-24,87.3015873015873,True,1.0,True,True,True,5,True,True,True,0.0,True,True,3,3,87.11334961334961,EXTREME_BULLISH,True,True,True,False,True,False,False
2019-04-25,2019-04-16,2019-04-23,100.0,78.84615384615384,89.42307692307692,2019-04-18,2019-04-19,84.61538461538461,2019-04-24,2019-04-25,70.23809523809524,True,2.0,True,True,True,6,True,True,True,0.0,True,True,3,3,81.42551892551893,EXTREME_BULLISH,True,True,True,False,True,False,False
2019-04-27,2019-04-16,2019-04-23,100.0,78.84615384615384,89.42307692307692,2019-04-25,2019-04-26,75.0,2019-04-26,2019-04-27,77.77777777777777,True,4.0,True,True,True,1,True,True,True,0.0,True,True,3,3,80.73361823361823,EXTREME_BULLISH,True,True,True,False,True,False,False
2019-04-28,2019-04-16,2019-04-23,100.0,78.84615384615384,89.42307692307692,2019-04-25,2019-04-26,75.0,2019-04-26,2019-04-27,77.77777777777777,True,5.0,True,True,True,2,True,True,True,1.0,True,True,3,3,80.73361823361823,EXTREME_BULLISH,True,True,True,False,True,False,False
2019-04-29,2019-04-16,2019-04-23,100.0,78.84615384615384,89.42307692307692,2019-04-25,2019-04-26,75.0,2019-04-26,2019-04-27,77.77777777777777,True,6.0,True,True,True,3,True,True,True,2.0,True,True,3,3,80.73361823361823,EXTREME_BULLISH,True,True,True,False,True,False,False
2019-07-13,2019-07-02,2019-07-09,98.07692307692308,98.07692307692308,98.07692307692308,2019-07-11,2019-07-12,59.61538461538461,2019-07-12,2019-07-13,87.6984126984127,True,4.0,True,True,True,1,True,True,True,0.0,True,True,3,3,81.7969067969068,EXTREME_BULLISH,True,True,True,False,True,False,False
2019-07-14,2019-07-02,2019-07-09,98.07692307692308,98.07692307692308,98.07692307692308,2019-07-11,2019-07-12,59.61538461538461,2019-07-12,2019-07-13,87.6984126984127,True,5.0,True,True,True,2,True,True,True,1.0,True,True,3,3,81.7969067969068,EXTREME_BULLISH,True,True,True,False,True,False,False
2019-07-15,2019-07-02,2019-07-09,98.07692307692308,98.07692307692308,98.07692307692308,2019-07-11,2019-07-12,59.61538461538461,2019-07-12,2019-07-13,87.6984126984127,True,6.0,True,True,True,3,True,True,True,2.0,True,True,3,3,81.7969067969068,EXTREME_BULLISH,True,True,True,False,True,False,False
2019-07-16,2019-07-09,2019-07-16,98.07692307692308,98.07692307692308,98.07692307692308,2019-07-11,2019-07-12,59.61538461538461,2019-07-15,2019-07-16,82.93650793650794,True,0.0,True,True,True,4,True,True,True,0.0,True,True,3,3,80.20960520960521,EXTREME_BULLISH,True,True,True,False,True,False,False
2019-07-24,2019-07-16,2019-07-23,100.0,96.15384615384616,98.07692307692308,2019-07-18,2019-07-19,65.38461538461539,2019-07-23,2019-07-24,84.92063492063492,True,1.0,True,True,True,5,True,True,True,0.0,True,True,3,3,82.79405779405779,EXTREME_BULLISH,True,True,True,False,True,False,False
2019-07-25,2019-07-16,2019-07-23,100.0,96.15384615384616,98.07692307692308,2019-07-18,2019-07-19,65.38461538461539,2019-07-24,2019-07-25,94.04761904761905,True,2.0,True,True,True,6,True,True,True,0.0,True,True,3,3,85.83638583638583,EXTREME_BULLISH,True,True,True,False,True,False,False
2019-10-31,2019-10-22,2019-10-29,76.92307692307693,75.0,75.96153846153847,2019-10-24,2019-10-25,69.23076923076923,2019-10-30,2019-10-31,96.82539682539682,True,2.0,True,True,True,6,True,True,True,0.0,True,True,3,3,80.67256817256816,EXTREME_BULLISH,True,True,True,False,True,False,False
2019-11-08,2019-10-29,2019-11-05,88.46153846153845,80.76923076923076,84.61538461538461,2019-11-07,2019-11-08,90.3846153846154,2019-11-07,2019-11-08,92.46031746031746,True,3.0,True,True,True,0,True,True,True,0.0,True,True,3,3,89.15343915343915,EXTREME_BULLISH,True,True,True,False,True,False,False
2019-11-09,2019-10-29,2019-11-05,88.46153846153845,80.76923076923076,84.61538461538461,2019-11-07,2019-11-08,90.3846153846154,2019-11-08,2019-11-09,98.80952380952381,True,4.0,True,True,True,1,True,True,True,0.0,True,True,3,3,91.26984126984127,EXTREME_BULLISH,True,True,True,False,True,False,False
2019-11-10,2019-10-29,2019-11-05,88.46153846153845,80.76923076923076,84.61538461538461,2019-11-07,2019-11-08,90.3846153846154,2019-11-08,2019-11-09,98.80952380952381,True,5.0,True,True,True,2,True,True,True,1.0,True,True,3,3,91.26984126984127,EXTREME_BULLISH,True,True,True,False,True,False,False
2019-11-11,2019-10-29,2019-11-05,88.46153846153845,80.76923076923076,84.61538461538461,2019-11-07,2019-11-08,90.3846153846154,2019-11-08,2019-11-09,98.80952380952381,True,6.0,True,True,True,3,True,True,True,2.0,True,True,3,3,91.26984126984127,EXTREME_BULLISH,True,True,True,False,True,False,False
2019-11-12,2019-11-05,2019-11-12,88.46153846153845,96.15384615384616,92.3076923076923,2019-11-07,2019-11-08,90.3846153846154,2019-11-11,2019-11-12,92.46031746031746,True,0.0,True,True,True,4,True,True,True,0.0,True,True,3,3,91.71754171754172,EXTREME_BULLISH,True,True,True,False,True,False,False
2019-11-13,2019-11-05,2019-11-12,88.46153846153845,96.15384615384616,92.3076923076923,2019-11-07,2019-11-08,90.3846153846154,2019-11-12,2019-11-13,92.46031746031746,True,1.0,True,True,True,5,True,True,True,0.0,True,True,3,3,91.71754171754172,EXTREME_BULLISH,True,True,True,False,True,False,False
2019-11-14,2019-11-05,2019-11-12,88.46153846153845,96.15384615384616,92.3076923076923,2019-11-07,2019-11-08,90.3846153846154,2019-11-13,2019-11-14,87.3015873015873,True,2.0,True,True,True,6,True,True,True,0.0,True,True,3,3,89.99796499796501,EXTREME_BULLISH,True,True,True,False,True,False,False
2019-11-15,2019-11-05,2019-11-12,88.46153846153845,96.15384615384616,92.3076923076923,2019-11-14,2019-11-15,88.46153846153845,2019-11-14,2019-11-15,86.11111111111111,True,3.0,True,True,True,0,True,True,True,0.0,True,True,3,3,88.96011396011397,EXTREME_BULLISH,True,True,True,False,True,False,False
2019-11-16,2019-11-05,2019-11-12,88.46153846153845,96.15384615384616,92.3076923076923,2019-11-14,2019-11-15,88.46153846153845,2019-11-15,2019-11-16,99.2063492063492,True,4.0,True,True,True,1,True,True,True,0.0,True,True,3,3,93.32519332519333,EXTREME_BULLISH,True,True,True,False,True,False,False
2019-11-17,2019-11-05,2019-11-12,88.46153846153845,96.15384615384616,92.3076923076923,2019-11-14,2019-11-15,88.46153846153845,2019-11-15,2019-11-16,99.2063492063492,True,5.0,True,True,True,2,True,True,True,1.0,True,True,3,3,93.32519332519333,EXTREME_BULLISH,True,True,True,False,True,False,False
2019-11-18,2019-11-05,2019-11-12,88.46153846153845,96.15384615384616,92.3076923076923,2019-11-14,2019-11-15,88.46153846153845,2019-11-15,2019-11-16,99.2063492063492,True,6.0,True,True,True,3,True,True,True,2.0,True,True,3,3,93.32519332519333,EXTREME_BULLISH,True,True,True,False,True,False,False
2019-11-19,2019-11-12,2019-11-19,98.07692307692308,96.15384615384616,97.11538461538461,2019-11-14,2019-11-15,88.46153846153845,2019-11-18,2019-11-19,94.44444444444444,True,0.0,True,True,True,4,True,True,True,0.0,True,True,3,3,93.34045584045583,EXTREME_BULLISH,True,True,True,False,True,False,False
2019-11-20,2019-11-12,2019-11-19,98.07692307692308,96.15384615384616,97.11538461538461,2019-11-14,2019-11-15,88.46153846153845,2019-11-19,2019-11-20,88.0952380952381,True,1.0,True,True,True,5,True,True,True,0.0,True,True,3,3,91.22405372405372,EXTREME_BULLISH,True,True,True,False,True,False,False
2019-11-21,2019-11-12,2019-11-19,98.07692307692308,96.15384615384616,97.11538461538461,2019-11-14,2019-11-15,88.46153846153845,2019-11-20,2019-11-21,89.68253968253968,True,2.0,True,True,True,6,True,True,True,0.0,True,True,3,3,91.75315425315425,EXTREME_BULLISH,True,True,True,False,True,False,False
2019-11-23,2019-11-12,2019-11-19,98.07692307692308,96.15384615384616,97.11538461538461,2019-11-21,2019-11-22,53.84615384615385,2019-11-22,2019-11-23,95.23809523809524,True,4.0,True,True,True,1,True,True,True,0.0,True,True,3,3,82.06654456654456,EXTREME_BULLISH,True,True,True,False,True,False,False
2019-11-24,2019-11-12,2019-11-19,98.07692307692308,96.15384615384616,97.11538461538461,2019-11-21,2019-11-22,53.84615384615385,2019-11-22,2019-11-23,95.23809523809524,True,5.0,True,True,True,2,True,True,True,1.0,True,True,3,3,82.06654456654456,EXTREME_BULLISH,True,True,True,False,True,False,False
2019-11-25,2019-11-12,2019-11-19,98.07692307692308,96.15384615384616,97.11538461538461,2019-11-21,2019-11-22,53.84615384615385,2019-11-22,2019-11-23,95.23809523809524,True,6.0,True,True,True,3,True,True,True,2.0,True,True,3,3,82.06654456654456,EXTREME_BULLISH,True,True,True,False,True,False,False
2019-11-26,2019-11-19,2019-11-26,92.3076923076923,98.07692307692308,95.1923076923077,2019-11-21,2019-11-22,53.84615384615385,2019-11-25,2019-11-26,99.60317460317461,True,0.0,True,True,True,4,True,True,True,0.0,True,True,3,3,82.88054538054539,EXTREME_BULLISH,True,True,True,False,True,False,False
2019-11-27,2019-11-19,2019-11-26,92.3076923076923,98.07692307692308,95.1923076923077,2019-11-21,2019-11-22,53.84615384615385,2019-11-26,2019-11-27,99.60317460317461,True,1.0,True,True,True,5,True,True,True,0.0,True,True,3,3,82.88054538054539,EXTREME_BULLISH,True,True,True,False,True,False,False
2019-11-28,2019-11-19,2019-11-26,92.3076923076923,98.07692307692308,95.1923076923077,2019-11-21,2019-11-22,53.84615384615385,2019-11-27,2019-11-28,99.2063492063492,True,2.0,True,True,True,6,True,True,True,0.0,True,True,3,3,82.74827024827026,EXTREME_BULLISH,True,True,True,False,True,False,False
2019-11-29,2019-11-19,2019-11-26,92.3076923076923,98.07692307692308,95.1923076923077,2019-11-21,2019-11-22,53.84615384615385,2019-11-27,2019-11-28,99.2063492063492,True,3.0,True,True,True,7,True,True,True,1.0,True,True,3,3,82.74827024827026,EXTREME_BULLISH,True,True,True,False,True,False,False
2019-12-14,2019-12-03,2019-12-10,80.76923076923077,71.15384615384616,75.96153846153847,2019-12-12,2019-12-13,76.92307692307693,2019-12-13,2019-12-14,90.47619047619048,True,4.0,True,True,True,1,True,True,True,0.0,True,True,3,3,81.12026862026863,EXTREME_BULLISH,True,True,True,False,True,False,False
2019-12-15,2019-12-03,2019-12-10,80.76923076923077,71.15384615384616,75.96153846153847,2019-12-12,2019-12-13,76.92307692307693,2019-12-13,2019-12-14,90.47619047619048,True,5.0,True,True,True,2,True,True,True,1.0,True,True,3,3,81.12026862026863,EXTREME_BULLISH,True,True,True,False,True,False,False
2019-12-16,2019-12-03,2019-12-10,80.76923076923077,71.15384615384616,75.96153846153847,2019-12-12,2019-12-13,76.92307692307693,2019-12-13,2019-12-14,90.47619047619048,True,6.0,True,True,True,3,True,True,True,2.0,True,True,3,3,81.12026862026863,EXTREME_BULLISH,True,True,True,False,True,False,False
2019-12-17,2019-12-10,2019-12-17,82.6923076923077,73.07692307692308,77.88461538461539,2019-12-12,2019-12-13,76.92307692307693,2019-12-16,2019-12-17,96.42857142857143,True,0.0,True,True,True,4,True,True,True,0.0,True,True,3,3,83.74542124542126,EXTREME_BULLISH,True,True,True,False,True,False,False
2019-12-18,2019-12-10,2019-12-17,82.6923076923077,73.07692307692308,77.88461538461539,2019-12-12,2019-12-13,76.92307692307693,2019-12-17,2019-12-18,94.84126984126985,True,1.0,True,True,True,5,True,True,True,0.0,True,True,3,3,83.21632071632072,EXTREME_BULLISH,True,True,True,False,True,False,False
2019-12-19,2019-12-10,2019-12-17,82.6923076923077,73.07692307692308,77.88461538461539,2019-12-12,2019-12-13,76.92307692307693,2019-12-18,2019-12-19,91.26984126984127,True,2.0,True,True,True,6,True,True,True,0.0,True,True,3,3,82.02584452584453,EXTREME_BULLISH,True,True,True,False,True,False,False
2019-12-20,2019-12-10,2019-12-17,82.6923076923077,73.07692307692308,77.88461538461539,2019-12-19,2019-12-20,100.0,2019-12-19,2019-12-20,91.66666666666667,True,3.0,True,True,True,0,True,True,True,0.0,True,True,3,3,89.85042735042735,EXTREME_BULLISH,True,True,True,False,True,False,False
2019-12-21,2019-12-10,2019-12-17,82.6923076923077,73.07692307692308,77.88461538461539,2019-12-19,2019-12-20,100.0,2019-12-20,2019-12-21,91.26984126984127,True,4.0,True,True,True,1,True,True,True,0.0,True,True,3,3,89.71815221815223,EXTREME_BULLISH,True,True,True,False,True,False,False
2019-12-22,2019-12-10,2019-12-17,82.6923076923077,73.07692307692308,77.88461538461539,2019-12-19,2019-12-20,100.0,2019-12-20,2019-12-21,91.26984126984127,True,5.0,True,True,True,2,True,True,True,1.0,True,True,3,3,89.71815221815223,EXTREME_BULLISH,True,True,True,False,True,False,False
2019-12-23,2019-12-10,2019-12-17,82.6923076923077,73.07692307692308,77.88461538461539,2019-12-19,2019-12-20,100.0,2019-12-20,2019-12-21,91.26984126984127,True,6.0,True,True,True,3,True,True,True,2.0,True,True,3,3,89.71815221815223,EXTREME_BULLISH,True,True,True,False,True,False,False
2019-12-24,2019-12-17,2019-12-24,80.76923076923077,34.61538461538461,57.69230769230769,2019-12-19,2019-12-20,100.0,2019-12-23,2019-12-24,89.28571428571429,True,0.0,True,True,True,4,True,True,True,0.0,True,True,3,3,82.32600732600731,EXTREME_BULLISH,True,True,True,False,True,False,False
2019-12-25,2019-12-17,2019-12-24,80.76923076923077,34.61538461538461,57.69230769230769,2019-12-19,2019-12-20,100.0,2019-12-24,2019-12-25,87.3015873015873,True,1.0,True,True,True,5,True,True,True,0.0,True,True,3,3,81.66463166463166,EXTREME_BULLISH,True,True,True,False,True,False,False
2019-12-26,2019-12-17,2019-12-24,80.76923076923077,34.61538461538461,57.69230769230769,2019-12-19,2019-12-20,100.0,2019-12-24,2019-12-25,87.3015873015873,True,2.0,True,True,True,6,True,True,True,1.0,True,True,3,3,81.66463166463166,EXTREME_BULLISH,True,True,True,False,True,False,False
2019-12-27,2019-12-17,2019-12-24,80.76923076923077,34.61538461538461,57.69230769230769,2019-12-26,2019-12-27,96.15384615384616,2019-12-26,2019-12-27,87.3015873015873,True,3.0,True,True,True,0,True,True,True,0.0,True,True,3,3,80.38258038258039,EXTREME_BULLISH,True,True,True,False,True,False,False
2020-01-01,2019-12-24,2019-12-31,100.0,57.69230769230769,78.84615384615384,2019-12-26,2019-12-27,96.15384615384616,2019-12-31,2020-01-01,65.47619047619048,True,1.0,True,True,True,5,True,True,True,0.0,True,True,3,3,80.15873015873017,EXTREME_BULLISH,True,True,True,False,True,False,False
2020-01-02,2019-12-24,2019-12-31,100.0,57.69230769230769,78.84615384615384,2019-12-26,2019-12-27,96.15384615384616,2019-12-31,2020-01-01,65.47619047619048,True,2.0,True,True,True,6,True,True,True,1.0,True,True,3,3,80.15873015873017,EXTREME_BULLISH,True,True,True,False,True,False,False
2020-01-03,2019-12-24,2019-12-31,100.0,57.69230769230769,78.84615384615384,2020-01-02,2020-01-03,80.76923076923077,2020-01-02,2020-01-03,91.66666666666667,True,3.0,True,True,True,0,True,True,True,0.0,True,True,3,3,83.76068376068376,EXTREME_BULLISH,True,True,True,False,True,False,False
2020-01-17,2020-01-07,2020-01-14,98.07692307692308,42.307692307692314,70.1923076923077,2020-01-16,2020-01-17,76.92307692307693,2020-01-16,2020-01-17,93.25396825396825,True,3.0,True,True,True,0,True,True,True,0.0,True,True,3,3,80.12311762311764,EXTREME_BULLISH,True,True,True,False,True,False,False
2020-01-18,2020-01-07,2020-01-14,98.07692307692308,42.307692307692314,70.1923076923077,2020-01-16,2020-01-17,76.92307692307693,2020-01-17,2020-01-18,96.42857142857143,True,4.0,True,True,True,1,True,True,True,0.0,True,True,3,3,81.1813186813187,EXTREME_BULLISH,True,True,True,False,True,False,False
2020-01-19,2020-01-07,2020-01-14,98.07692307692308,42.307692307692314,70.1923076923077,2020-01-16,2020-01-17,76.92307692307693,2020-01-17,2020-01-18,96.42857142857143,True,5.0,True,True,True,2,True,True,True,1.0,True,True,3,3,81.1813186813187,EXTREME_BULLISH,True,True,True,False,True,False,False
2020-01-20,2020-01-07,2020-01-14,98.07692307692308,42.307692307692314,70.1923076923077,2020-01-16,2020-01-17,76.92307692307693,2020-01-17,2020-01-18,96.42857142857143,True,6.0,True,True,True,3,True,True,True,2.0,True,True,3,3,81.1813186813187,EXTREME_BULLISH,True,True,True,False,True,False,False
2020-01-21,2020-01-14,2020-01-21,100.0,73.07692307692308,86.53846153846155,2020-01-16,2020-01-17,76.92307692307693,2020-01-17,2020-01-18,96.42857142857143,True,0.0,True,True,True,4,True,True,True,3.0,True,True,3,3,86.63003663003663,EXTREME_BULLISH,True,True,True,False,True,False,False
2020-01-22,2020-01-14,2020-01-21,100.0,73.07692307692308,86.53846153846155,2020-01-16,2020-01-17,76.92307692307693,2020-01-21,2020-01-22,79.36507936507937,True,1.0,True,True,True,5,True,True,True,0.0,True,True,3,3,80.94220594220594,EXTREME_BULLISH,True,True,True,False,True,False,False
2020-01-23,2020-01-14,2020-01-21,100.0,73.07692307692308,86.53846153846155,2020-01-16,2020-01-17,76.92307692307693,2020-01-22,2020-01-23,77.38095238095238,True,2.0,True,True,True,6,True,True,True,0.0,True,True,3,3,80.28083028083029,EXTREME_BULLISH,True,True,True,False,True,False,False
2020-01-24,2020-01-14,2020-01-21,100.0,73.07692307692308,86.53846153846155,2020-01-23,2020-01-24,96.15384615384616,2020-01-23,2020-01-24,76.19047619047619,True,3.0,True,True,True,0,True,True,True,0.0,True,True,3,3,86.29426129426129,EXTREME_BULLISH,True,True,True,False,True,False,False
2020-03-10,2020-03-03,2020-03-10,3.8461538461538463,15.384615384615387,9.615384615384617,2020-03-05,2020-03-06,36.53846153846153,2020-03-09,2020-03-10,0.0,True,0.0,True,True,True,4,True,True,True,0.0,True,True,3,3,15.384615384615381,EXTREME_BEARISH,True,True,True,False,True,False,False
2020-03-11,2020-03-03,2020-03-10,3.8461538461538463,15.384615384615387,9.615384615384617,2020-03-05,2020-03-06,36.53846153846153,2020-03-10,2020-03-11,0.3968253968254061,True,1.0,True,True,True,5,True,True,True,0.0,True,True,3,3,15.516890516890518,EXTREME_BEARISH,True,True,True,False,True,False,False
2020-03-12,2020-03-03,2020-03-10,3.8461538461538463,15.384615384615387,9.615384615384617,2020-03-05,2020-03-06,36.53846153846153,2020-03-11,2020-03-12,0.3968253968254061,True,2.0,True,True,True,6,True,True,True,0.0,True,True,3,3,15.516890516890518,EXTREME_BEARISH,True,True,True,False,True,False,False
2020-03-13,2020-03-03,2020-03-10,3.8461538461538463,15.384615384615387,9.615384615384617,2020-03-12,2020-03-13,7.6923076923076925,2020-03-12,2020-03-13,0.0,True,3.0,True,True,True,0,True,True,True,0.0,True,True,3,3,5.76923076923077,EXTREME_BEARISH,True,True,True,False,True,False,False
2020-03-14,2020-03-03,2020-03-10,3.8461538461538463,15.384615384615387,9.615384615384617,2020-03-12,2020-03-13,7.6923076923076925,2020-03-13,2020-03-14,0.3968253968254061,True,4.0,True,True,True,1,True,True,True,0.0,True,True,3,3,5.901505901505906,EXTREME_BEARISH,True,True,True,False,True,False,False
2020-03-15,2020-03-03,2020-03-10,3.8461538461538463,15.384615384615387,9.615384615384617,2020-03-12,2020-03-13,7.6923076923076925,2020-03-13,2020-03-14,0.3968253968254061,True,5.0,True,True,True,2,True,True,True,1.0,True,True,3,3,5.901505901505906,EXTREME_BEARISH,True,True,True,False,True,False,False
2020-03-16,2020-03-03,2020-03-10,3.8461538461538463,15.384615384615387,9.615384615384617,2020-03-12,2020-03-13,7.6923076923076925,2020-03-13,2020-03-14,0.3968253968254061,True,6.0,True,True,True,3,True,True,True,2.0,True,True,3,3,5.901505901505906,EXTREME_BEARISH,True,True,True,False,True,False,False
2020-03-17,2020-03-10,2020-03-17,1.9230769230769231,28.84615384615384,15.384615384615381,2020-03-12,2020-03-13,7.6923076923076925,2020-03-16,2020-03-17,0.0,True,0.0,True,True,True,4,True,True,True,0.0,True,True,3,3,7.692307692307691,EXTREME_BEARISH,True,True,True,False,True,False,False
2020-03-18,2020-03-10,2020-03-17,1.9230769230769231,28.84615384615384,15.384615384615381,2020-03-12,2020-03-13,7.6923076923076925,2020-03-17,2020-03-18,0.3968253968254061,True,1.0,True,True,True,5,True,True,True,0.0,True,True,3,3,7.824582824582826,EXTREME_BEARISH,True,True,True,False,True,False,False
2020-03-19,2020-03-10,2020-03-17,1.9230769230769231,28.84615384615384,15.384615384615381,2020-03-12,2020-03-13,7.6923076923076925,2020-03-18,2020-03-19,0.3968253968254061,True,2.0,True,True,True,6,True,True,True,0.0,True,True,3,3,7.824582824582826,EXTREME_BEARISH,True,True,True,False,True,False,False
2020-03-20,2020-03-10,2020-03-17,1.9230769230769231,28.84615384615384,15.384615384615381,2020-03-19,2020-03-20,13.461538461538462,2020-03-19,2020-03-20,1.5873015873015959,True,3.0,True,True,True,0,True,True,True,0.0,True,True,3,3,10.144485144485147,EXTREME_BEARISH,True,True,True,False,True,False,False
2020-03-21,2020-03-10,2020-03-17,1.9230769230769231,28.84615384615384,15.384615384615381,2020-03-19,2020-03-20,13.461538461538462,2020-03-20,2020-03-21,1.984126984127002,True,4.0,True,True,True,1,True,True,True,0.0,True,True,3,3,10.276760276760282,EXTREME_BEARISH,True,True,True,False,True,False,False
2020-03-22,2020-03-10,2020-03-17,1.9230769230769231,28.84615384615384,15.384615384615381,2020-03-19,2020-03-20,13.461538461538462,2020-03-20,2020-03-21,1.984126984127002,True,5.0,True,True,True,2,True,True,True,1.0,True,True,3,3,10.276760276760282,EXTREME_BEARISH,True,True,True,False,True,False,False
2020-03-23,2020-03-10,2020-03-17,1.9230769230769231,28.84615384615384,15.384615384615381,2020-03-19,2020-03-20,13.461538461538462,2020-03-20,2020-03-21,1.984126984127002,True,6.0,True,True,True,3,True,True,True,2.0,True,True,3,3,10.276760276760282,EXTREME_BEARISH,True,True,True,False,True,False,False
2020-03-24,2020-03-17,2020-03-24,1.9230769230769231,3.8461538461538396,2.8846153846153815,2020-03-19,2020-03-20,13.461538461538462,2020-03-23,2020-03-24,2.3809523809523796,True,0.0,True,True,True,4,True,True,True,0.0,True,True,3,3,6.242368742368741,EXTREME_BEARISH,True,True,True,False,True,False,False
2020-03-25,2020-03-17,2020-03-24,1.9230769230769231,3.8461538461538396,2.8846153846153815,2020-03-19,2020-03-20,13.461538461538462,2020-03-24,2020-03-25,2.3809523809523796,True,1.0,True,True,True,5,True,True,True,0.0,True,True,3,3,6.242368742368741,EXTREME_BEARISH,True,True,True,False,True,False,False
2020-03-26,2020-03-17,2020-03-24,1.9230769230769231,3.8461538461538396,2.8846153846153815,2020-03-19,2020-03-20,13.461538461538462,2020-03-25,2020-03-26,2.3809523809523796,True,2.0,True,True,True,6,True,True,True,0.0,True,True,3,3,6.242368742368741,EXTREME_BEARISH,True,True,True,False,True,False,False
2020-03-27,2020-03-17,2020-03-24,1.9230769230769231,3.8461538461538396,2.8846153846153815,2020-03-26,2020-03-27,11.538461538461538,2020-03-26,2020-03-27,3.571428571428555,True,3.0,True,True,True,0,True,True,True,0.0,True,True,3,3,5.998168498168492,EXTREME_BEARISH,True,True,True,False,True,False,False
2020-03-28,2020-03-17,2020-03-24,1.9230769230769231,3.8461538461538396,2.8846153846153815,2020-03-26,2020-03-27,11.538461538461538,2020-03-27,2020-03-28,2.3809523809523796,True,4.0,True,True,True,1,True,True,True,0.0,True,True,3,3,5.6013431013431,EXTREME_BEARISH,True,True,True,False,True,False,False
2020-03-29,2020-03-17,2020-03-24,1.9230769230769231,3.8461538461538396,2.8846153846153815,2020-03-26,2020-03-27,11.538461538461538,2020-03-27,2020-03-28,2.3809523809523796,True,5.0,True,True,True,2,True,True,True,1.0,True,True,3,3,5.6013431013431,EXTREME_BEARISH,True,True,True,False,True,False,False
2020-03-30,2020-03-17,2020-03-24,1.9230769230769231,3.8461538461538396,2.8846153846153815,2020-03-26,2020-03-27,11.538461538461538,2020-03-27,2020-03-28,2.3809523809523796,True,6.0,True,True,True,3,True,True,True,2.0,True,True,3,3,5.6013431013431,EXTREME_BEARISH,True,True,True,False,True,False,False
2020-03-31,2020-03-24,2020-03-31,1.9230769230769231,0.0,0.9615384615384616,2020-03-26,2020-03-27,11.538461538461538,2020-03-30,2020-03-31,4.761904761904759,True,0.0,True,True,True,4,True,True,True,0.0,True,True,3,3,5.753968253968253,EXTREME_BEARISH,True,True,True,False,True,False,False
2020-04-01,2020-03-24,2020-03-31,1.9230769230769231,0.0,0.9615384615384616,2020-03-26,2020-03-27,11.538461538461538,2020-03-31,2020-04-01,5.952380952380963,True,1.0,True,True,True,5,True,True,True,0.0,True,True,3,3,6.150793650793655,EXTREME_BEARISH,True,True,True,False,True,False,False
2020-04-02,2020-03-24,2020-03-31,1.9230769230769231,0.0,0.9615384615384616,2020-03-26,2020-03-27,11.538461538461538,2020-04-01,2020-04-02,5.158730158730165,True,2.0,True,True,True,6,True,True,True,0.0,True,True,3,3,5.886243386243389,EXTREME_BEARISH,True,True,True,False,True,False,False
2020-04-03,2020-03-24,2020-03-31,1.9230769230769231,0.0,0.9615384615384616,2020-04-02,2020-04-03,19.23076923076924,2020-04-02,2020-04-03,6.746031746031761,True,3.0,True,True,True,0,True,True,True,0.0,True,True,3,3,8.979446479446487,EXTREME_BEARISH,True,True,True,False,True,False,False
2020-04-04,2020-03-24,2020-03-31,1.9230769230769231,0.0,0.9615384615384616,2020-04-02,2020-04-03,19.23076923076924,2020-04-03,2020-04-04,7.5396825396825164,True,4.0,True,True,True,1,True,True,True,0.0,True,True,3,3,9.243996743996739,EXTREME_BEARISH,True,True,True,False,True,False,False
2020-04-05,2020-03-24,2020-03-31,1.9230769230769231,0.0,0.9615384615384616,2020-04-02,2020-04-03,19.23076923076924,2020-04-03,2020-04-04,7.5396825396825164,True,5.0,True,True,True,2,True,True,True,1.0,True,True,3,3,9.243996743996739,EXTREME_BEARISH,True,True,True,False,True,False,False
2020-04-06,2020-03-24,2020-03-31,1.9230769230769231,0.0,0.9615384615384616,2020-04-02,2020-04-03,19.23076923076924,2020-04-03,2020-04-04,7.5396825396825164,True,6.0,True,True,True,3,True,True,True,2.0,True,True,3,3,9.243996743996739,EXTREME_BEARISH,True,True,True,False,True,False,False
2020-04-07,2020-03-31,2020-04-07,5.769230769230769,17.307692307692307,11.538461538461538,2020-04-02,2020-04-03,19.23076923076924,2020-04-06,2020-04-07,7.936507936507937,True,0.0,True,True,True,4,True,True,True,0.0,True,True,3,3,12.901912901912906,EXTREME_BEARISH,True,True,True,False,True,False,False
2020-04-08,2020-03-31,2020-04-07,5.769230769230769,17.307692307692307,11.538461538461538,2020-04-02,2020-04-03,19.23076923076924,2020-04-07,2020-04-08,7.936507936507937,True,1.0,True,True,True,5,True,True,True,0.0,True,True,3,3,12.901912901912906,EXTREME_BEARISH,True,True,True,False,True,False,False
2020-04-09,2020-03-31,2020-04-07,5.769230769230769,17.307692307692307,11.538461538461538,2020-04-02,2020-04-03,19.23076923076924,2020-04-08,2020-04-09,8.73015873015872,True,2.0,True,True,True,6,True,True,True,0.0,True,True,3,3,13.166463166463167,EXTREME_BEARISH,True,True,True,False,True,False,False
2020-04-10,2020-03-31,2020-04-07,5.769230769230769,17.307692307692307,11.538461538461538,2020-04-09,2020-04-10,32.69230769230769,2020-04-09,2020-04-10,9.523809523809518,True,3.0,True,True,True,0,True,True,True,0.0,True,True,3,3,17.91819291819292,EXTREME_BEARISH,True,True,True,False,True,False,False
2020-04-11,2020-03-31,2020-04-07,5.769230769230769,17.307692307692307,11.538461538461538,2020-04-09,2020-04-10,32.69230769230769,2020-04-09,2020-04-10,9.523809523809518,True,4.0,True,True,True,1,True,True,True,1.0,True,True,3,3,17.91819291819292,EXTREME_BEARISH,True,True,True,False,True,False,False
2020-04-12,2020-03-31,2020-04-07,5.769230769230769,17.307692307692307,11.538461538461538,2020-04-09,2020-04-10,32.69230769230769,2020-04-09,2020-04-10,9.523809523809518,True,5.0,True,True,True,2,True,True,True,2.0,True,True,3,3,17.91819291819292,EXTREME_BEARISH,True,True,True,False,True,False,False
2020-04-13,2020-03-31,2020-04-07,5.769230769230769,17.307692307692307,11.538461538461538,2020-04-09,2020-04-10,32.69230769230769,2020-04-09,2020-04-10,9.523809523809518,True,6.0,True,True,True,3,True,True,True,3.0,True,True,3,3,17.91819291819292,EXTREME_BEARISH,True,True,True,False,True,False,False
2020-04-14,2020-04-07,2020-04-14,5.769230769230769,28.84615384615384,17.307692307692303,2020-04-09,2020-04-10,32.69230769230769,2020-04-13,2020-04-14,9.920634920634924,True,0.0,True,True,True,4,True,True,True,0.0,True,True,3,3,19.973544973544975,EXTREME_BEARISH,True,True,True,False,True,False,False
2020-04-28,2020-04-21,2020-04-28,11.538461538461538,67.3076923076923,39.42307692307692,2020-04-23,2020-04-24,3.8461538461538463,2020-04-27,2020-04-28,15.873015873015873,True,0.0,True,True,True,4,True,True,True,0.0,True,True,3,3,19.714082214082215,EXTREME_BEARISH,True,True,True,False,True,False,False
2020-04-29,2020-04-21,2020-04-28,11.538461538461538,67.3076923076923,39.42307692307692,2020-04-23,2020-04-24,3.8461538461538463,2020-04-28,2020-04-29,15.476190476190482,True,1.0,True,True,True,5,True,True,True,0.0,True,True,3,3,19.58180708180708,EXTREME_BEARISH,True,True,True,False,True,False,False
2021-02-12,2021-02-02,2021-02-09,82.6923076923077,42.307692307692314,62.5,2021-02-11,2021-02-12,88.46153846153845,2021-02-11,2021-02-12,93.65079365079364,True,3.0,True,True,True,0,True,True,True,0.0,True,True,3,3,81.53744403744403,EXTREME_BULLISH,True,True,True,False,True,False,False
2021-02-13,2021-02-02,2021-02-09,82.6923076923077,42.307692307692314,62.5,2021-02-11,2021-02-12,88.46153846153845,2021-02-12,2021-02-13,97.61904761904762,True,4.0,True,True,True,1,True,True,True,0.0,True,True,3,3,82.86019536019536,EXTREME_BULLISH,True,True,True,False,True,False,False
2021-02-14,2021-02-02,2021-02-09,82.6923076923077,42.307692307692314,62.5,2021-02-11,2021-02-12,88.46153846153845,2021-02-12,2021-02-13,97.61904761904762,True,5.0,True,True,True,2,True,True,True,1.0,True,True,3,3,82.86019536019536,EXTREME_BULLISH,True,True,True,False,True,False,False
2021-02-15,2021-02-02,2021-02-09,82.6923076923077,42.307692307692314,62.5,2021-02-11,2021-02-12,88.46153846153845,2021-02-12,2021-02-13,97.61904761904762,True,6.0,True,True,True,3,True,True,True,2.0,True,True,3,3,82.86019536019536,EXTREME_BULLISH,True,True,True,False,True,False,False
2021-02-16,2021-02-09,2021-02-16,90.3846153846154,48.07692307692307,69.23076923076924,2021-02-11,2021-02-12,88.46153846153845,2021-02-12,2021-02-13,97.61904761904762,True,0.0,True,True,True,4,True,True,True,3.0,True,True,3,3,85.1037851037851,EXTREME_BULLISH,True,True,True,False,True,False,False
2021-02-17,2021-02-09,2021-02-16,90.3846153846154,48.07692307692307,69.23076923076924,2021-02-11,2021-02-12,88.46153846153845,2021-02-16,2021-02-17,92.06349206349206,True,1.0,True,True,True,5,True,True,True,0.0,True,True,3,3,83.25193325193324,EXTREME_BULLISH,True,True,True,False,True,False,False
2021-02-18,2021-02-09,2021-02-16,90.3846153846154,48.07692307692307,69.23076923076924,2021-02-11,2021-02-12,88.46153846153845,2021-02-17,2021-02-18,92.06349206349206,True,2.0,True,True,True,6,True,True,True,0.0,True,True,3,3,83.25193325193324,EXTREME_BULLISH,True,True,True,False,True,False,False
2021-02-19,2021-02-09,2021-02-16,90.3846153846154,48.07692307692307,69.23076923076924,2021-02-18,2021-02-19,96.15384615384616,2021-02-18,2021-02-19,82.93650793650794,True,3.0,True,True,True,0,True,True,True,0.0,True,True,3,3,82.77370777370778,EXTREME_BULLISH,True,True,True,False,True,False,False
2021-02-20,2021-02-09,2021-02-16,90.3846153846154,48.07692307692307,69.23076923076924,2021-02-18,2021-02-19,96.15384615384616,2021-02-19,2021-02-20,86.9047619047619,True,4.0,True,True,True,1,True,True,True,0.0,True,True,3,3,84.0964590964591,EXTREME_BULLISH,True,True,True,False,True,False,False
2021-02-21,2021-02-09,2021-02-16,90.3846153846154,48.07692307692307,69.23076923076924,2021-02-18,2021-02-19,96.15384615384616,2021-02-19,2021-02-20,86.9047619047619,True,5.0,True,True,True,2,True,True,True,1.0,True,True,3,3,84.0964590964591,EXTREME_BULLISH,True,True,True,False,True,False,False
2021-02-22,2021-02-09,2021-02-16,90.3846153846154,48.07692307692307,69.23076923076924,2021-02-18,2021-02-19,96.15384615384616,2021-02-19,2021-02-20,86.9047619047619,True,6.0,True,True,True,3,True,True,True,2.0,True,True,3,3,84.0964590964591,EXTREME_BULLISH,True,True,True,False,True,False,False
2021-02-23,2021-02-16,2021-02-23,94.23076923076924,65.38461538461539,79.80769230769232,2021-02-18,2021-02-19,96.15384615384616,2021-02-22,2021-02-23,72.61904761904762,True,0.0,True,True,True,4,True,True,True,0.0,True,True,3,3,82.86019536019536,EXTREME_BULLISH,True,True,True,False,True,False,False
2021-02-24,2021-02-16,2021-02-23,94.23076923076924,65.38461538461539,79.80769230769232,2021-02-18,2021-02-19,96.15384615384616,2021-02-23,2021-02-24,75.79365079365078,True,1.0,True,True,True,5,True,True,True,0.0,True,True,3,3,83.91839641839643,EXTREME_BULLISH,True,True,True,False,True,False,False
2021-02-25,2021-02-16,2021-02-23,94.23076923076924,65.38461538461539,79.80769230769232,2021-02-18,2021-02-19,96.15384615384616,2021-02-24,2021-02-25,94.04761904761905,True,2.0,True,True,True,6,True,True,True,0.0,True,True,3,3,90.00305250305252,EXTREME_BULLISH,True,True,True,False,True,False,False
2021-03-30,2021-03-23,2021-03-30,76.92307692307693,44.23076923076923,60.57692307692308,2021-03-25,2021-03-26,98.07692307692308,2021-03-29,2021-03-30,95.23809523809524,True,0.0,True,True,True,4,True,True,True,0.0,True,True,3,3,84.63064713064713,EXTREME_BULLISH,True,True,True,False,True,False,False
2021-03-31,2021-03-23,2021-03-30,76.92307692307693,44.23076923076923,60.57692307692308,2021-03-25,2021-03-26,98.07692307692308,2021-03-30,2021-03-31,98.41269841269842,True,1.0,True,True,True,5,True,True,True,0.0,True,True,3,3,85.68884818884818,EXTREME_BULLISH,True,True,True,False,True,False,False
2021-04-01,2021-03-23,2021-03-30,76.92307692307693,44.23076923076923,60.57692307692308,2021-03-25,2021-03-26,98.07692307692308,2021-03-31,2021-04-01,98.41269841269842,True,2.0,True,True,True,6,True,True,True,0.0,True,True,3,3,85.68884818884818,EXTREME_BULLISH,True,True,True,False,True,False,False
2021-04-02,2021-03-23,2021-03-30,76.92307692307693,44.23076923076923,60.57692307692308,2021-04-01,2021-04-02,90.3846153846154,2021-04-01,2021-04-02,99.60317460317461,True,3.0,True,True,True,0,True,True,True,0.0,True,True,3,3,83.52157102157103,EXTREME_BULLISH,True,True,True,False,True,False,False
2021-04-03,2021-03-23,2021-03-30,76.92307692307693,44.23076923076923,60.57692307692308,2021-04-01,2021-04-02,90.3846153846154,2021-04-01,2021-04-02,99.60317460317461,True,4.0,True,True,True,1,True,True,True,1.0,True,True,3,3,83.52157102157103,EXTREME_BULLISH,True,True,True,False,True,False,False
2021-04-04,2021-03-23,2021-03-30,76.92307692307693,44.23076923076923,60.57692307692308,2021-04-01,2021-04-02,90.3846153846154,2021-04-01,2021-04-02,99.60317460317461,True,5.0,True,True,True,2,True,True,True,2.0,True,True,3,3,83.52157102157103,EXTREME_BULLISH,True,True,True,False,True,False,False
2021-04-05,2021-03-23,2021-03-30,76.92307692307693,44.23076923076923,60.57692307692308,2021-04-01,2021-04-02,90.3846153846154,2021-04-01,2021-04-02,99.60317460317461,True,6.0,True,True,True,3,True,True,True,3.0,True,True,3,3,83.52157102157103,EXTREME_BULLISH,True,True,True,False,True,False,False
2021-04-06,2021-03-30,2021-04-06,84.61538461538461,40.38461538461539,62.5,2021-04-01,2021-04-02,90.3846153846154,2021-04-05,2021-04-06,99.2063492063492,True,0.0,True,True,True,4,True,True,True,0.0,True,True,3,3,84.03032153032154,EXTREME_BULLISH,True,True,True,False,True,False,False
2021-04-07,2021-03-30,2021-04-06,84.61538461538461,40.38461538461539,62.5,2021-04-01,2021-04-02,90.3846153846154,2021-04-06,2021-04-07,98.80952380952381,True,1.0,True,True,True,5,True,True,True,0.0,True,True,3,3,83.8980463980464,EXTREME_BULLISH,True,True,True,False,True,False,False
2021-04-08,2021-03-30,2021-04-06,84.61538461538461,40.38461538461539,62.5,2021-04-01,2021-04-02,90.3846153846154,2021-04-07,2021-04-08,99.60317460317461,True,2.0,True,True,True,6,True,True,True,0.0,True,True,3,3,84.16259666259667,EXTREME_BULLISH,True,True,True,False,True,False,False
2021-04-09,2021-03-30,2021-04-06,84.61538461538461,40.38461538461539,62.5,2021-04-08,2021-04-09,100.0,2021-04-08,2021-04-09,99.60317460317461,True,3.0,True,True,True,0,True,True,True,0.0,True,True,3,3,87.36772486772486,EXTREME_BULLISH,True,True,True,False,True,False,False
2021-04-10,2021-03-30,2021-04-06,84.61538461538461,40.38461538461539,62.5,2021-04-08,2021-04-09,100.0,2021-04-09,2021-04-10,99.60317460317461,True,4.0,True,True,True,1,True,True,True,0.0,True,True,3,3,87.36772486772486,EXTREME_BULLISH,True,True,True,False,True,False,False
2021-04-11,2021-03-30,2021-04-06,84.61538461538461,40.38461538461539,62.5,2021-04-08,2021-04-09,100.0,2021-04-09,2021-04-10,99.60317460317461,True,5.0,True,True,True,2,True,True,True,1.0,True,True,3,3,87.36772486772486,EXTREME_BULLISH,True,True,True,False,True,False,False
2021-04-12,2021-03-30,2021-04-06,84.61538461538461,40.38461538461539,62.5,2021-04-08,2021-04-09,100.0,2021-04-09,2021-04-10,99.60317460317461,True,6.0,True,True,True,3,True,True,True,2.0,True,True,3,3,87.36772486772486,EXTREME_BULLISH,True,True,True,False,True,False,False
2021-04-13,2021-04-06,2021-04-13,88.46153846153845,57.69230769230769,73.07692307692307,2021-04-08,2021-04-09,100.0,2021-04-12,2021-04-13,99.2063492063492,True,0.0,True,True,True,4,True,True,True,0.0,True,True,3,3,90.76109076109076,EXTREME_BULLISH,True,True,True,False,True,False,False
2021-04-14,2021-04-06,2021-04-13,88.46153846153845,57.69230769230769,73.07692307692307,2021-04-08,2021-04-09,100.0,2021-04-13,2021-04-14,99.60317460317461,True,1.0,True,True,True,5,True,True,True,0.0,True,True,3,3,90.8933658933659,EXTREME_BULLISH,True,True,True,False,True,False,False
2021-04-15,2021-04-06,2021-04-13,88.46153846153845,57.69230769230769,73.07692307692307,2021-04-08,2021-04-09,100.0,2021-04-14,2021-04-15,98.01587301587301,True,2.0,True,True,True,6,True,True,True,0.0,True,True,3,3,90.36426536426536,EXTREME_BULLISH,True,True,True,False,True,False,False
2021-04-16,2021-04-06,2021-04-13,88.46153846153845,57.69230769230769,73.07692307692307,2021-04-15,2021-04-16,94.23076923076924,2021-04-15,2021-04-16,99.60317460317461,True,3.0,True,True,True,0,True,True,True,0.0,True,True,3,3,88.97028897028899,EXTREME_BULLISH,True,True,True,False,True,False,False
2021-04-17,2021-04-06,2021-04-13,88.46153846153845,57.69230769230769,73.07692307692307,2021-04-15,2021-04-16,94.23076923076924,2021-04-16,2021-04-17,99.60317460317461,True,4.0,True,True,True,1,True,True,True,0.0,True,True,3,3,88.97028897028899,EXTREME_BULLISH,True,True,True,False,True,False,False
2021-04-18,2021-04-06,2021-04-13,88.46153846153845,57.69230769230769,73.07692307692307,2021-04-15,2021-04-16,94.23076923076924,2021-04-16,2021-04-17,99.60317460317461,True,5.0,True,True,True,2,True,True,True,1.0,True,True,3,3,88.97028897028899,EXTREME_BULLISH,True,True,True,False,True,False,False
2021-04-19,2021-04-06,2021-04-13,88.46153846153845,57.69230769230769,73.07692307692307,2021-04-15,2021-04-16,94.23076923076924,2021-04-16,2021-04-17,99.60317460317461,True,6.0,True,True,True,3,True,True,True,2.0,True,True,3,3,88.97028897028899,EXTREME_BULLISH,True,True,True,False,True,False,False
2021-04-20,2021-04-13,2021-04-20,96.15384615384616,61.53846153846153,78.84615384615384,2021-04-15,2021-04-16,94.23076923076924,2021-04-19,2021-04-20,96.42857142857143,True,0.0,True,True,True,4,True,True,True,0.0,True,True,3,3,89.83516483516485,EXTREME_BULLISH,True,True,True,False,True,False,False
2021-04-21,2021-04-13,2021-04-20,96.15384615384616,61.53846153846153,78.84615384615384,2021-04-15,2021-04-16,94.23076923076924,2021-04-20,2021-04-21,94.84126984126985,True,1.0,True,True,True,5,True,True,True,0.0,True,True,3,3,89.30606430606433,EXTREME_BULLISH,True,True,True,False,True,False,False
2021-04-22,2021-04-13,2021-04-20,96.15384615384616,61.53846153846153,78.84615384615384,2021-04-15,2021-04-16,94.23076923076924,2021-04-21,2021-04-22,95.63492063492063,True,2.0,True,True,True,6,True,True,True,0.0,True,True,3,3,89.57061457061457,EXTREME_BULLISH,True,True,True,False,True,False,False
2021-04-23,2021-04-13,2021-04-20,96.15384615384616,61.53846153846153,78.84615384615384,2021-04-22,2021-04-23,98.07692307692308,2021-04-22,2021-04-23,94.04761904761905,True,3.0,True,True,True,0,True,True,True,0.0,True,True,3,3,90.32356532356532,EXTREME_BULLISH,True,True,True,False,True,False,False
2021-04-24,2021-04-13,2021-04-20,96.15384615384616,61.53846153846153,78.84615384615384,2021-04-22,2021-04-23,98.07692307692308,2021-04-23,2021-04-24,95.63492063492063,True,4.0,True,True,True,1,True,True,True,0.0,True,True,3,3,90.85266585266584,EXTREME_BULLISH,True,True,True,False,True,False,False
2021-04-25,2021-04-13,2021-04-20,96.15384615384616,61.53846153846153,78.84615384615384,2021-04-22,2021-04-23,98.07692307692308,2021-04-23,2021-04-24,95.63492063492063,True,5.0,True,True,True,2,True,True,True,1.0,True,True,3,3,90.85266585266584,EXTREME_BULLISH,True,True,True,False,True,False,False
2021-04-26,2021-04-13,2021-04-20,96.15384615384616,61.53846153846153,78.84615384615384,2021-04-22,2021-04-23,98.07692307692308,2021-04-23,2021-04-24,95.63492063492063,True,6.0,True,True,True,3,True,True,True,2.0,True,True,3,3,90.85266585266584,EXTREME_BULLISH,True,True,True,False,True,False,False
2021-04-27,2021-04-20,2021-04-27,98.07692307692308,53.84615384615385,75.96153846153847,2021-04-22,2021-04-23,98.07692307692308,2021-04-26,2021-04-27,94.84126984126985,True,0.0,True,True,True,4,True,True,True,0.0,True,True,3,3,89.62657712657715,EXTREME_BULLISH,True,True,True,False,True,False,False
2021-04-28,2021-04-20,2021-04-27,98.07692307692308,53.84615384615385,75.96153846153847,2021-04-22,2021-04-23,98.07692307692308,2021-04-27,2021-04-28,94.84126984126985,True,1.0,True,True,True,5,True,True,True,0.0,True,True,3,3,89.62657712657715,EXTREME_BULLISH,True,True,True,False,True,False,False
2021-04-29,2021-04-20,2021-04-27,98.07692307692308,53.84615384615385,75.96153846153847,2021-04-22,2021-04-23,98.07692307692308,2021-04-28,2021-04-29,96.42857142857143,True,2.0,True,True,True,6,True,True,True,0.0,True,True,3,3,90.15567765567766,EXTREME_BULLISH,True,True,True,False,True,False,False
2021-05-07,2021-04-27,2021-05-04,100.0,53.84615384615385,76.92307692307692,2021-05-06,2021-05-07,75.0,2021-05-06,2021-05-07,92.06349206349206,True,3.0,True,True,True,0,True,True,True,0.0,True,True,3,3,81.32885632885632,EXTREME_BULLISH,True,True,True,False,True,False,False
2021-05-08,2021-04-27,2021-05-04,100.0,53.84615384615385,76.92307692307692,2021-05-06,2021-05-07,75.0,2021-05-07,2021-05-08,98.01587301587301,True,4.0,True,True,True,1,True,True,True,0.0,True,True,3,3,83.3129833129833,EXTREME_BULLISH,True,True,True,False,True,False,False
2021-05-09,2021-04-27,2021-05-04,100.0,53.84615384615385,76.92307692307692,2021-05-06,2021-05-07,75.0,2021-05-07,2021-05-08,98.01587301587301,True,5.0,True,True,True,2,True,True,True,1.0,True,True,3,3,83.3129833129833,EXTREME_BULLISH,True,True,True,False,True,False,False
2021-05-10,2021-04-27,2021-05-04,100.0,53.84615384615385,76.92307692307692,2021-05-06,2021-05-07,75.0,2021-05-07,2021-05-08,98.01587301587301,True,6.0,True,True,True,3,True,True,True,2.0,True,True,3,3,83.3129833129833,EXTREME_BULLISH,True,True,True,False,True,False,False
2021-05-11,2021-05-04,2021-05-11,100.0,61.53846153846153,80.76923076923077,2021-05-06,2021-05-07,75.0,2021-05-10,2021-05-11,87.3015873015873,True,0.0,True,True,True,4,True,True,True,0.0,True,True,3,3,81.02360602360602,EXTREME_BULLISH,True,True,True,False,True,False,False
2021-06-05,2021-05-25,2021-06-01,96.15384615384616,32.69230769230769,64.42307692307693,2021-06-03,2021-06-04,84.61538461538461,2021-06-04,2021-06-05,99.2063492063492,True,4.0,True,True,True,1,True,True,True,0.0,True,True,3,3,82.74827024827026,EXTREME_BULLISH,True,True,True,False,True,False,False
2021-06-06,2021-05-25,2021-06-01,96.15384615384616,32.69230769230769,64.42307692307693,2021-06-03,2021-06-04,84.61538461538461,2021-06-04,2021-06-05,99.2063492063492,True,5.0,True,True,True,2,True,True,True,1.0,True,True,3,3,82.74827024827026,EXTREME_BULLISH,True,True,True,False,True,False,False
2021-06-07,2021-05-25,2021-06-01,96.15384615384616,32.69230769230769,64.42307692307693,2021-06-03,2021-06-04,84.61538461538461,2021-06-04,2021-06-05,99.2063492063492,True,6.0,True,True,True,3,True,True,True,2.0,True,True,3,3,82.74827024827026,EXTREME_BULLISH,True,True,True,False,True,False,False
2021-06-08,2021-06-01,2021-06-08,96.15384615384616,48.07692307692307,72.11538461538461,2021-06-03,2021-06-04,84.61538461538461,2021-06-07,2021-06-08,98.80952380952381,True,0.0,True,True,True,4,True,True,True,0.0,True,True,3,3,85.18009768009767,EXTREME_BULLISH,True,True,True,False,True,False,False
2021-06-09,2021-06-01,2021-06-08,96.15384615384616,48.07692307692307,72.11538461538461,2021-06-03,2021-06-04,84.61538461538461,2021-06-08,2021-06-09,94.84126984126985,True,1.0,True,True,True,5,True,True,True,0.0,True,True,3,3,83.85734635734636,EXTREME_BULLISH,True,True,True,False,True,False,False
2021-06-10,2021-06-01,2021-06-08,96.15384615384616,48.07692307692307,72.11538461538461,2021-06-03,2021-06-04,84.61538461538461,2021-06-09,2021-06-10,90.07936507936508,True,2.0,True,True,True,6,True,True,True,0.0,True,True,3,3,82.27004477004476,EXTREME_BULLISH,True,True,True,False,True,False,False
2021-06-11,2021-06-01,2021-06-08,96.15384615384616,48.07692307692307,72.11538461538461,2021-06-10,2021-06-11,69.23076923076923,2021-06-10,2021-06-11,99.60317460317461,True,3.0,True,True,True,0,True,True,True,0.0,True,True,3,3,80.31644281644282,EXTREME_BULLISH,True,True,True,False,True,False,False
2021-06-12,2021-06-01,2021-06-08,96.15384615384616,48.07692307692307,72.11538461538461,2021-06-10,2021-06-11,69.23076923076923,2021-06-11,2021-06-12,99.60317460317461,True,4.0,True,True,True,1,True,True,True,0.0,True,True,3,3,80.31644281644282,EXTREME_BULLISH,True,True,True,False,True,False,False
2021-06-13,2021-06-01,2021-06-08,96.15384615384616,48.07692307692307,72.11538461538461,2021-06-10,2021-06-11,69.23076923076923,2021-06-11,2021-06-12,99.60317460317461,True,5.0,True,True,True,2,True,True,True,1.0,True,True,3,3,80.31644281644282,EXTREME_BULLISH,True,True,True,False,True,False,False
2021-06-14,2021-06-01,2021-06-08,96.15384615384616,48.07692307692307,72.11538461538461,2021-06-10,2021-06-11,69.23076923076923,2021-06-11,2021-06-12,99.60317460317461,True,6.0,True,True,True,3,True,True,True,2.0,True,True,3,3,80.31644281644282,EXTREME_BULLISH,True,True,True,False,True,False,False
2021-07-02,2021-06-22,2021-06-29,100.0,28.84615384615384,64.42307692307692,2021-07-01,2021-07-02,90.3846153846154,2021-07-01,2021-07-02,99.60317460317461,True,3.0,True,True,True,0,True,True,True,0.0,True,True,3,3,84.8036223036223,EXTREME_BULLISH,True,True,True,False,True,False,False
2021-07-03,2021-06-22,2021-06-29,100.0,28.84615384615384,64.42307692307692,2021-07-01,2021-07-02,90.3846153846154,2021-07-02,2021-07-03,99.60317460317461,True,4.0,True,True,True,1,True,True,True,0.0,True,True,3,3,84.8036223036223,EXTREME_BULLISH,True,True,True,False,True,False,False
2021-07-04,2021-06-22,2021-06-29,100.0,28.84615384615384,64.42307692307692,2021-07-01,2021-07-02,90.3846153846154,2021-07-02,2021-07-03,99.60317460317461,True,5.0,True,True,True,2,True,True,True,1.0,True,True,3,3,84.8036223036223,EXTREME_BULLISH,True,True,True,False,True,False,False
2021-07-05,2021-06-22,2021-06-29,100.0,28.84615384615384,64.42307692307692,2021-07-01,2021-07-02,90.3846153846154,2021-07-02,2021-07-03,99.60317460317461,True,6.0,True,True,True,3,True,True,True,2.0,True,True,3,3,84.8036223036223,EXTREME_BULLISH,True,True,True,False,True,False,False
2021-07-06,2021-06-29,2021-07-06,98.07692307692308,38.46153846153846,68.26923076923077,2021-07-01,2021-07-02,90.3846153846154,2021-07-02,2021-07-03,99.60317460317461,True,0.0,True,True,True,4,True,True,True,3.0,True,True,3,3,86.08567358567359,EXTREME_BULLISH,True,True,True,False,True,False,False
2021-07-07,2021-06-29,2021-07-06,98.07692307692308,38.46153846153846,68.26923076923077,2021-07-01,2021-07-02,90.3846153846154,2021-07-06,2021-07-07,94.04761904761905,True,1.0,True,True,True,5,True,True,True,0.0,True,True,3,3,84.23382173382174,EXTREME_BULLISH,True,True,True,False,True,False,False
2021-07-08,2021-06-29,2021-07-06,98.07692307692308,38.46153846153846,68.26923076923077,2021-07-01,2021-07-02,90.3846153846154,2021-07-07,2021-07-08,96.03174603174604,True,2.0,True,True,True,6,True,True,True,0.0,True,True,3,3,84.8951973951974,EXTREME_BULLISH,True,True,True,False,True,False,False
2021-09-21,2021-09-14,2021-09-21,69.23076923076923,3.8461538461538396,36.53846153846153,2021-09-16,2021-09-17,3.8461538461538463,2021-09-20,2021-09-21,17.063492063492063,True,0.0,True,True,True,4,True,True,True,0.0,True,True,3,3,19.149369149369146,EXTREME_BEARISH,True,True,True,False,True,False,False
2021-10-05,2021-09-28,2021-10-05,50.0,0.0,25.0,2021-09-30,2021-10-01,5.769230769230769,2021-10-04,2021-10-05,28.174603174603178,True,0.0,True,True,True,4,True,True,True,0.0,True,True,3,3,19.64794464794465,EXTREME_BEARISH,True,True,True,False,True,False,False
2021-11-27,2021-11-16,2021-11-23,30.76923076923077,7.692307692307693,19.230769230769234,2021-11-24,2021-11-25,11.538461538461538,2021-11-26,2021-11-27,1.984126984127002,True,4.0,True,True,True,2,True,True,True,0.0,True,True,3,3,10.917785917785926,EXTREME_BEARISH,True,True,True,False,True,False,False
2021-11-28,2021-11-16,2021-11-23,30.76923076923077,7.692307692307693,19.230769230769234,2021-11-24,2021-11-25,11.538461538461538,2021-11-26,2021-11-27,1.984126984127002,True,5.0,True,True,True,3,True,True,True,1.0,True,True,3,3,10.917785917785926,EXTREME_BEARISH,True,True,True,False,True,False,False
2021-11-29,2021-11-16,2021-11-23,30.76923076923077,7.692307692307693,19.230769230769234,2021-11-24,2021-11-25,11.538461538461538,2021-11-26,2021-11-27,1.984126984127002,True,6.0,True,True,True,4,True,True,True,2.0,True,True,3,3,10.917785917785926,EXTREME_BEARISH,True,True,True,False,True,False,False
2021-11-30,2021-11-23,2021-11-30,26.923076923076923,0.0,13.461538461538462,2021-11-24,2021-11-25,11.538461538461538,2021-11-29,2021-11-30,15.476190476190482,True,0.0,True,True,True,5,True,True,True,0.0,True,True,3,3,13.492063492063494,EXTREME_BEARISH,True,True,True,False,True,False,False
2021-12-01,2021-11-23,2021-11-30,26.923076923076923,0.0,13.461538461538462,2021-11-24,2021-11-25,11.538461538461538,2021-11-30,2021-12-01,3.571428571428555,True,1.0,True,True,True,6,True,True,True,0.0,True,True,3,3,9.523809523809518,EXTREME_BEARISH,True,True,True,False,True,False,False
2021-12-02,2021-11-23,2021-11-30,26.923076923076923,0.0,13.461538461538462,2021-11-24,2021-11-25,11.538461538461538,2021-12-01,2021-12-02,0.7936507936507837,True,2.0,True,True,True,7,True,True,True,0.0,True,True,3,3,8.597883597883595,EXTREME_BEARISH,True,True,True,False,True,False,False
2021-12-03,2021-11-23,2021-11-30,26.923076923076923,0.0,13.461538461538462,2021-12-02,2021-12-03,3.8461538461538463,2021-12-02,2021-12-03,3.1746031746031775,True,3.0,True,True,True,0,True,True,True,0.0,True,True,3,3,6.827431827431828,EXTREME_BEARISH,True,True,True,False,True,False,False
2021-12-04,2021-11-23,2021-11-30,26.923076923076923,0.0,13.461538461538462,2021-12-02,2021-12-03,3.8461538461538463,2021-12-03,2021-12-04,1.190476190476204,True,4.0,True,True,True,1,True,True,True,0.0,True,True,3,3,6.16605616605617,EXTREME_BEARISH,True,True,True,False,True,False,False
2021-12-05,2021-11-23,2021-11-30,26.923076923076923,0.0,13.461538461538462,2021-12-02,2021-12-03,3.8461538461538463,2021-12-03,2021-12-04,1.190476190476204,True,5.0,True,True,True,2,True,True,True,1.0,True,True,3,3,6.16605616605617,EXTREME_BEARISH,True,True,True,False,True,False,False
2021-12-06,2021-11-23,2021-11-30,26.923076923076923,0.0,13.461538461538462,2021-12-02,2021-12-03,3.8461538461538463,2021-12-03,2021-12-04,1.190476190476204,True,6.0,True,True,True,3,True,True,True,2.0,True,True,3,3,6.16605616605617,EXTREME_BEARISH,True,True,True,False,True,False,False
2021-12-07,2021-11-30,2021-12-07,5.769230769230769,0.0,2.8846153846153846,2021-12-02,2021-12-03,3.8461538461538463,2021-12-06,2021-12-07,5.158730158730165,True,0.0,True,True,True,4,True,True,True,0.0,True,True,3,3,3.963166463166465,EXTREME_BEARISH,True,True,True,False,True,False,False
2021-12-08,2021-11-30,2021-12-07,5.769230769230769,0.0,2.8846153846153846,2021-12-02,2021-12-03,3.8461538461538463,2021-12-07,2021-12-08,25.793650793650784,True,1.0,True,True,True,5,True,True,True,0.0,True,True,3,3,10.841473341473339,EXTREME_BEARISH,True,True,True,False,True,False,False
2021-12-09,2021-11-30,2021-12-07,5.769230769230769,0.0,2.8846153846153846,2021-12-02,2021-12-03,3.8461538461538463,2021-12-08,2021-12-09,40.476190476190474,True,2.0,True,True,True,6,True,True,True,0.0,True,True,3,3,15.735653235653237,EXTREME_BEARISH,True,True,True,False,True,False,False
2021-12-10,2021-11-30,2021-12-07,5.769230769230769,0.0,2.8846153846153846,2021-12-09,2021-12-10,15.384615384615383,2021-12-09,2021-12-10,27.777777777777786,True,3.0,True,True,True,0,True,True,True,0.0,True,True,3,3,15.34900284900285,EXTREME_BEARISH,True,True,True,False,True,False,False
2021-12-14,2021-12-07,2021-12-14,1.9230769230769231,1.9230769230769198,1.9230769230769216,2021-12-09,2021-12-10,15.384615384615383,2021-12-13,2021-12-14,37.6984126984127,True,0.0,True,True,True,4,True,True,True,0.0,True,True,3,3,18.335368335368337,EXTREME_BEARISH,True,True,True,False,True,False,False
2021-12-15,2021-12-07,2021-12-14,1.9230769230769231,1.9230769230769198,1.9230769230769216,2021-12-09,2021-12-10,15.384615384615383,2021-12-14,2021-12-15,24.206349206349216,True,1.0,True,True,True,5,True,True,True,0.0,True,True,3,3,13.838013838013842,EXTREME_BEARISH,True,True,True,False,True,False,False
2021-12-17,2021-12-07,2021-12-14,1.9230769230769231,1.9230769230769198,1.9230769230769216,2021-12-16,2021-12-17,5.769230769230769,2021-12-16,2021-12-17,36.904761904761905,True,3.0,True,True,True,0,True,True,True,0.0,True,True,3,3,14.865689865689866,EXTREME_BEARISH,True,True,True,False,True,False,False
2021-12-18,2021-12-07,2021-12-14,1.9230769230769231,1.9230769230769198,1.9230769230769216,2021-12-16,2021-12-17,5.769230769230769,2021-12-17,2021-12-18,26.984126984126988,True,4.0,True,True,True,1,True,True,True,0.0,True,True,3,3,11.558811558811561,EXTREME_BEARISH,True,True,True,False,True,False,False
2021-12-19,2021-12-07,2021-12-14,1.9230769230769231,1.9230769230769198,1.9230769230769216,2021-12-16,2021-12-17,5.769230769230769,2021-12-17,2021-12-18,26.984126984126988,True,5.0,True,True,True,2,True,True,True,1.0,True,True,3,3,11.558811558811561,EXTREME_BEARISH,True,True,True,False,True,False,False
2021-12-20,2021-12-07,2021-12-14,1.9230769230769231,1.9230769230769198,1.9230769230769216,2021-12-16,2021-12-17,5.769230769230769,2021-12-17,2021-12-18,26.984126984126988,True,6.0,True,True,True,3,True,True,True,2.0,True,True,3,3,11.558811558811561,EXTREME_BEARISH,True,True,True,False,True,False,False
2021-12-21,2021-12-14,2021-12-21,1.9230769230769231,1.9230769230769198,1.9230769230769216,2021-12-16,2021-12-17,5.769230769230769,2021-12-20,2021-12-21,17.85714285714286,True,0.0,True,True,True,4,True,True,True,0.0,True,True,3,3,8.516483516483516,EXTREME_BEARISH,True,True,True,False,True,False,False
2021-12-22,2021-12-14,2021-12-21,1.9230769230769231,1.9230769230769198,1.9230769230769216,2021-12-16,2021-12-17,5.769230769230769,2021-12-21,2021-12-22,32.53968253968253,True,1.0,True,True,True,5,True,True,True,0.0,True,True,3,3,13.410663410663409,EXTREME_BEARISH,True,True,True,False,True,False,False
2022-01-14,2022-01-04,2022-01-11,15.384615384615383,26.923076923076934,21.15384615384616,2022-01-13,2022-01-14,7.6923076923076925,2022-01-13,2022-01-14,30.95238095238095,True,3.0,True,True,True,0,True,True,True,0.0,True,True,3,3,19.932844932844933,EXTREME_BEARISH,True,True,True,False,True,False,False
2022-01-19,2022-01-11,2022-01-18,15.384615384615383,21.15384615384616,18.269230769230774,2022-01-13,2022-01-14,7.6923076923076925,2022-01-18,2022-01-19,13.492063492063494,True,1.0,True,True,True,5,True,True,True,0.0,True,True,3,3,13.151200651200654,EXTREME_BEARISH,True,True,True,False,True,False,False
2022-01-20,2022-01-11,2022-01-18,15.384615384615383,21.15384615384616,18.269230769230774,2022-01-13,2022-01-14,7.6923076923076925,2022-01-19,2022-01-20,8.73015873015872,True,2.0,True,True,True,6,True,True,True,0.0,True,True,3,3,11.563899063899063,EXTREME_BEARISH,True,True,True,False,True,False,False
2022-01-21,2022-01-11,2022-01-18,15.384615384615383,21.15384615384616,18.269230769230774,2022-01-20,2022-01-21,1.9230769230769231,2022-01-20,2022-01-21,6.349206349206355,True,3.0,True,True,True,0,True,True,True,0.0,True,True,3,3,8.84717134717135,EXTREME_BEARISH,True,True,True,False,True,False,False
2022-01-22,2022-01-11,2022-01-18,15.384615384615383,21.15384615384616,18.269230769230774,2022-01-20,2022-01-21,1.9230769230769231,2022-01-21,2022-01-22,2.7777777777778,True,4.0,True,True,True,1,True,True,True,0.0,True,True,3,3,7.656695156695165,EXTREME_BEARISH,True,True,True,False,True,False,False
2022-01-23,2022-01-11,2022-01-18,15.384615384615383,21.15384615384616,18.269230769230774,2022-01-20,2022-01-21,1.9230769230769231,2022-01-21,2022-01-22,2.7777777777778,True,5.0,True,True,True,2,True,True,True,1.0,True,True,3,3,7.656695156695165,EXTREME_BEARISH,True,True,True,False,True,False,False
2022-01-24,2022-01-11,2022-01-18,15.384615384615383,21.15384615384616,18.269230769230774,2022-01-20,2022-01-21,1.9230769230769231,2022-01-21,2022-01-22,2.7777777777778,True,6.0,True,True,True,3,True,True,True,2.0,True,True,3,3,7.656695156695165,EXTREME_BEARISH,True,True,True,False,True,False,False
2022-01-25,2022-01-18,2022-01-25,15.384615384615383,9.615384615384599,12.499999999999991,2022-01-20,2022-01-21,1.9230769230769231,2022-01-24,2022-01-25,2.3809523809523796,True,0.0,True,True,True,4,True,True,True,0.0,True,True,3,3,5.601343101343097,EXTREME_BEARISH,True,True,True,False,True,False,False
2022-01-26,2022-01-18,2022-01-25,15.384615384615383,9.615384615384599,12.499999999999991,2022-01-20,2022-01-21,1.9230769230769231,2022-01-25,2022-01-26,0.7936507936507837,True,1.0,True,True,True,5,True,True,True,0.0,True,True,3,3,5.072242572242566,EXTREME_BEARISH,True,True,True,False,True,False,False
2022-01-27,2022-01-18,2022-01-25,15.384615384615383,9.615384615384599,12.499999999999991,2022-01-20,2022-01-21,1.9230769230769231,2022-01-26,2022-01-27,0.3968253968254061,True,2.0,True,True,True,6,True,True,True,0.0,True,True,3,3,4.9399674399674405,EXTREME_BEARISH,True,True,True,False,True,False,False
2022-01-28,2022-01-18,2022-01-25,15.384615384615383,9.615384615384599,12.499999999999991,2022-01-27,2022-01-28,1.9230769230769231,2022-01-27,2022-01-28,1.984126984127002,True,3.0,True,True,True,0,True,True,True,0.0,True,True,3,3,5.4690679690679715,EXTREME_BEARISH,True,True,True,False,True,False,False
2022-01-29,2022-01-18,2022-01-25,15.384615384615383,9.615384615384599,12.499999999999991,2022-01-27,2022-01-28,1.9230769230769231,2022-01-28,2022-01-29,5.158730158730165,True,4.0,True,True,True,1,True,True,True,0.0,True,True,3,3,6.527269027269026,EXTREME_BEARISH,True,True,True,False,True,False,False
2022-01-30,2022-01-18,2022-01-25,15.384615384615383,9.615384615384599,12.499999999999991,2022-01-27,2022-01-28,1.9230769230769231,2022-01-28,2022-01-29,5.158730158730165,True,5.0,True,True,True,2,True,True,True,1.0,True,True,3,3,6.527269027269026,EXTREME_BEARISH,True,True,True,False,True,False,False
2022-01-31,2022-01-18,2022-01-25,15.384615384615383,9.615384615384599,12.499999999999991,2022-01-27,2022-01-28,1.9230769230769231,2022-01-28,2022-01-29,5.158730158730165,True,6.0,True,True,True,3,True,True,True,2.0,True,True,3,3,6.527269027269026,EXTREME_BEARISH,True,True,True,False,True,False,False
2022-02-01,2022-01-25,2022-02-01,3.8461538461538463,0.0,1.9230769230769231,2022-01-27,2022-01-28,1.9230769230769231,2022-01-31,2022-02-01,8.333333333333343,True,0.0,True,True,True,4,True,True,True,0.0,True,True,3,3,4.059829059829063,EXTREME_BEARISH,True,True,True,False,True,False,False
2022-02-02,2022-01-25,2022-02-01,3.8461538461538463,0.0,1.9230769230769231,2022-01-27,2022-01-28,1.9230769230769231,2022-02-01,2022-02-02,17.46031746031747,True,1.0,True,True,True,5,True,True,True,0.0,True,True,3,3,7.102157102157105,EXTREME_BEARISH,True,True,True,False,True,False,False
2022-02-03,2022-01-25,2022-02-01,3.8461538461538463,0.0,1.9230769230769231,2022-01-27,2022-01-28,1.9230769230769231,2022-02-02,2022-02-03,16.269841269841265,True,2.0,True,True,True,6,True,True,True,0.0,True,True,3,3,6.705331705331704,EXTREME_BEARISH,True,True,True,False,True,False,False
2022-02-04,2022-01-25,2022-02-01,3.8461538461538463,0.0,1.9230769230769231,2022-02-03,2022-02-04,5.769230769230769,2022-02-03,2022-02-04,9.126984126984127,True,3.0,True,True,True,0,True,True,True,0.0,True,True,3,3,5.606430606430607,EXTREME_BEARISH,True,True,True,False,True,False,False
2022-02-05,2022-01-25,2022-02-01,3.8461538461538463,0.0,1.9230769230769231,2022-02-03,2022-02-04,5.769230769230769,2022-02-04,2022-02-05,11.904761904761912,True,4.0,True,True,True,1,True,True,True,0.0,True,True,3,3,6.532356532356535,EXTREME_BEARISH,True,True,True,False,True,False,False
2022-02-06,2022-01-25,2022-02-01,3.8461538461538463,0.0,1.9230769230769231,2022-02-03,2022-02-04,5.769230769230769,2022-02-04,2022-02-05,11.904761904761912,True,5.0,True,True,True,2,True,True,True,1.0,True,True,3,3,6.532356532356535,EXTREME_BEARISH,True,True,True,False,True,False,False
2022-02-07,2022-01-25,2022-02-01,3.8461538461538463,0.0,1.9230769230769231,2022-02-03,2022-02-04,5.769230769230769,2022-02-04,2022-02-05,11.904761904761912,True,6.0,True,True,True,3,True,True,True,2.0,True,True,3,3,6.532356532356535,EXTREME_BEARISH,True,True,True,False,True,False,False
2022-02-08,2022-02-01,2022-02-08,3.8461538461538463,3.8461538461538396,3.846153846153843,2022-02-03,2022-02-04,5.769230769230769,2022-02-07,2022-02-08,14.682539682539684,True,0.0,True,True,True,4,True,True,True,0.0,True,True,3,3,8.099308099308098,EXTREME_BEARISH,True,True,True,False,True,False,False
2022-02-09,2022-02-01,2022-02-08,3.8461538461538463,3.8461538461538396,3.846153846153843,2022-02-03,2022-02-04,5.769230769230769,2022-02-08,2022-02-09,23.412698412698404,True,1.0,True,True,True,5,True,True,True,0.0,True,True,3,3,11.009361009361006,EXTREME_BEARISH,True,True,True,False,True,False,False
2022-02-10,2022-02-01,2022-02-08,3.8461538461538463,3.8461538461538396,3.846153846153843,2022-02-03,2022-02-04,5.769230769230769,2022-02-09,2022-02-10,32.93650793650794,True,2.0,True,True,True,6,True,True,True,0.0,True,True,3,3,14.183964183964184,EXTREME_BEARISH,True,True,True,False,True,False,False
2022-02-11,2022-02-01,2022-02-08,3.8461538461538463,3.8461538461538396,3.846153846153843,2022-02-10,2022-02-11,19.23076923076924,2022-02-10,2022-02-11,10.317460317460316,True,3.0,True,True,True,0,True,True,True,0.0,True,True,3,3,11.131461131461132,EXTREME_BEARISH,True,True,True,False,True,False,False
2022-02-12,2022-02-01,2022-02-08,3.8461538461538463,3.8461538461538396,3.846153846153843,2022-02-10,2022-02-11,19.23076923076924,2022-02-11,2022-02-12,5.555555555555557,True,4.0,True,True,True,1,True,True,True,0.0,True,True,3,3,9.544159544159546,EXTREME_BEARISH,True,True,True,False,True,False,False
2022-02-13,2022-02-01,2022-02-08,3.8461538461538463,3.8461538461538396,3.846153846153843,2022-02-10,2022-02-11,19.23076923076924,2022-02-11,2022-02-12,5.555555555555557,True,5.0,True,True,True,2,True,True,True,1.0,True,True,3,3,9.544159544159546,EXTREME_BEARISH,True,True,True,False,True,False,False
2022-02-14,2022-02-01,2022-02-08,3.8461538461538463,3.8461538461538396,3.846153846153843,2022-02-10,2022-02-11,19.23076923076924,2022-02-11,2022-02-12,5.555555555555557,True,6.0,True,True,True,3,True,True,True,2.0,True,True,3,3,9.544159544159546,EXTREME_BEARISH,True,True,True,False,True,False,False
2022-02-15,2022-02-08,2022-02-15,1.9230769230769231,1.9230769230769198,1.9230769230769216,2022-02-10,2022-02-11,19.23076923076924,2022-02-14,2022-02-15,3.9682539682539613,True,0.0,True,True,True,4,True,True,True,0.0,True,True,3,3,8.374033374033374,EXTREME_BEARISH,True,True,True,False,True,False,False
2022-02-16,2022-02-08,2022-02-15,1.9230769230769231,1.9230769230769198,1.9230769230769216,2022-02-10,2022-02-11,19.23076923076924,2022-02-15,2022-02-16,7.936507936507937,True,1.0,True,True,True,5,True,True,True,0.0,True,True,3,3,9.696784696784698,EXTREME_BEARISH,True,True,True,False,True,False,False
2022-02-17,2022-02-08,2022-02-15,1.9230769230769231,1.9230769230769198,1.9230769230769216,2022-02-10,2022-02-11,19.23076923076924,2022-02-16,2022-02-17,10.714285714285708,True,2.0,True,True,True,6,True,True,True,0.0,True,True,3,3,10.622710622710622,EXTREME_BEARISH,True,True,True,False,True,False,False
2022-02-18,2022-02-08,2022-02-15,1.9230769230769231,1.9230769230769198,1.9230769230769216,2022-02-17,2022-02-18,5.769230769230769,2022-02-17,2022-02-18,4.365079365079353,True,3.0,True,True,True,0,True,True,True,0.0,True,True,3,3,4.019129019129014,EXTREME_BEARISH,True,True,True,False,True,False,False
2022-02-19,2022-02-08,2022-02-15,1.9230769230769231,1.9230769230769198,1.9230769230769216,2022-02-17,2022-02-18,5.769230769230769,2022-02-18,2022-02-19,5.555555555555557,True,4.0,True,True,True,1,True,True,True,0.0,True,True,3,3,4.415954415954416,EXTREME_BEARISH,True,True,True,False,True,False,False
2022-02-20,2022-02-08,2022-02-15,1.9230769230769231,1.9230769230769198,1.9230769230769216,2022-02-17,2022-02-18,5.769230769230769,2022-02-18,2022-02-19,5.555555555555557,True,5.0,True,True,True,2,True,True,True,1.0,True,True,3,3,4.415954415954416,EXTREME_BEARISH,True,True,True,False,True,False,False
2022-02-21,2022-02-08,2022-02-15,1.9230769230769231,1.9230769230769198,1.9230769230769216,2022-02-17,2022-02-18,5.769230769230769,2022-02-18,2022-02-19,5.555555555555557,True,6.0,True,True,True,3,True,True,True,2.0,True,True,3,3,4.415954415954416,EXTREME_BEARISH,True,True,True,False,True,False,False
2022-02-22,2022-02-15,2022-02-22,1.9230769230769231,9.615384615384599,5.769230769230761,2022-02-17,2022-02-18,5.769230769230769,2022-02-18,2022-02-19,5.555555555555557,True,0.0,True,True,True,4,True,True,True,3.0,True,True,3,3,5.698005698005695,EXTREME_BEARISH,True,True,True,False,True,False,False
2022-02-23,2022-02-15,2022-02-22,1.9230769230769231,9.615384615384599,5.769230769230761,2022-02-17,2022-02-18,5.769230769230769,2022-02-22,2022-02-23,3.1746031746031775,True,1.0,True,True,True,5,True,True,True,0.0,True,True,3,3,4.904354904354903,EXTREME_BEARISH,True,True,True,False,True,False,False
2022-02-24,2022-02-15,2022-02-22,1.9230769230769231,9.615384615384599,5.769230769230761,2022-02-17,2022-02-18,5.769230769230769,2022-02-23,2022-02-24,1.190476190476204,True,2.0,True,True,True,6,True,True,True,0.0,True,True,3,3,4.242979242979245,EXTREME_BEARISH,True,True,True,False,True,False,False
2022-02-25,2022-02-15,2022-02-22,1.9230769230769231,9.615384615384599,5.769230769230761,2022-02-24,2022-02-25,1.9230769230769231,2022-02-24,2022-02-25,2.3809523809523796,True,3.0,True,True,True,0,True,True,True,0.0,True,True,3,3,3.3577533577533547,EXTREME_BEARISH,True,True,True,False,True,False,False
2022-02-26,2022-02-15,2022-02-22,1.9230769230769231,9.615384615384599,5.769230769230761,2022-02-24,2022-02-25,1.9230769230769231,2022-02-25,2022-02-26,6.746031746031761,True,4.0,True,True,True,1,True,True,True,0.0,True,True,3,3,4.812779812779815,EXTREME_BEARISH,True,True,True,False,True,False,False
2022-02-27,2022-02-15,2022-02-22,1.9230769230769231,9.615384615384599,5.769230769230761,2022-02-24,2022-02-25,1.9230769230769231,2022-02-25,2022-02-26,6.746031746031761,True,5.0,True,True,True,2,True,True,True,1.0,True,True,3,3,4.812779812779815,EXTREME_BEARISH,True,True,True,False,True,False,False
2022-02-28,2022-02-15,2022-02-22,1.9230769230769231,9.615384615384599,5.769230769230761,2022-02-24,2022-02-25,1.9230769230769231,2022-02-25,2022-02-26,6.746031746031761,True,6.0,True,True,True,3,True,True,True,2.0,True,True,3,3,4.812779812779815,EXTREME_BEARISH,True,True,True,False,True,False,False
2022-03-01,2022-02-22,2022-03-01,1.9230769230769231,1.9230769230769198,1.9230769230769216,2022-02-24,2022-02-25,1.9230769230769231,2022-02-28,2022-03-01,2.7777777777778,True,0.0,True,True,True,4,True,True,True,0.0,True,True,3,3,2.207977207977215,EXTREME_BEARISH,True,True,True,False,True,False,False
2022-03-02,2022-02-22,2022-03-01,1.9230769230769231,1.9230769230769198,1.9230769230769216,2022-02-24,2022-02-25,1.9230769230769231,2022-03-01,2022-03-02,0.0,True,1.0,True,True,True,5,True,True,True,0.0,True,True,3,3,1.2820512820512817,EXTREME_BEARISH,True,True,True,False,True,False,False
2022-03-03,2022-02-22,2022-03-01,1.9230769230769231,1.9230769230769198,1.9230769230769216,2022-02-24,2022-02-25,1.9230769230769231,2022-03-02,2022-03-03,1.984126984127002,True,2.0,True,True,True,6,True,True,True,0.0,True,True,3,3,1.9434269434269489,EXTREME_BEARISH,True,True,True,False,True,False,False
2022-03-04,2022-02-22,2022-03-01,1.9230769230769231,1.9230769230769198,1.9230769230769216,2022-03-03,2022-03-04,25.0,2022-03-03,2022-03-04,3.1746031746031775,True,3.0,True,True,True,0,True,True,True,0.0,True,True,3,3,10.032560032560033,EXTREME_BEARISH,True,True,True,False,True,False,False
2022-03-05,2022-02-22,2022-03-01,1.9230769230769231,1.9230769230769198,1.9230769230769216,2022-03-03,2022-03-04,25.0,2022-03-04,2022-03-05,0.3968253968254061,True,4.0,True,True,True,1,True,True,True,0.0,True,True,3,3,9.10663410663411,EXTREME_BEARISH,True,True,True,False,True,False,False
2022-03-06,2022-02-22,2022-03-01,1.9230769230769231,1.9230769230769198,1.9230769230769216,2022-03-03,2022-03-04,25.0,2022-03-04,2022-03-05,0.3968253968254061,True,5.0,True,True,True,2,True,True,True,1.0,True,True,3,3,9.10663410663411,EXTREME_BEARISH,True,True,True,False,True,False,False
2022-03-07,2022-02-22,2022-03-01,1.9230769230769231,1.9230769230769198,1.9230769230769216,2022-03-03,2022-03-04,25.0,2022-03-04,2022-03-05,0.3968253968254061,True,6.0,True,True,True,3,True,True,True,2.0,True,True,3,3,9.10663410663411,EXTREME_BEARISH,True,True,True,False,True,False,False
2022-03-08,2022-03-01,2022-03-08,1.9230769230769231,23.076923076923066,12.499999999999995,2022-03-03,2022-03-04,25.0,2022-03-07,2022-03-08,0.0,True,0.0,True,True,True,4,True,True,True,0.0,True,True,3,3,12.499999999999998,EXTREME_BEARISH,True,True,True,False,True,False,False
2022-03-09,2022-03-01,2022-03-08,1.9230769230769231,23.076923076923066,12.499999999999995,2022-03-03,2022-03-04,25.0,2022-03-08,2022-03-09,0.3968253968254061,True,1.0,True,True,True,5,True,True,True,0.0,True,True,3,3,12.632275132275133,EXTREME_BEARISH,True,True,True,False,True,False,False
2022-03-10,2022-03-01,2022-03-08,1.9230769230769231,23.076923076923066,12.499999999999995,2022-03-03,2022-03-04,25.0,2022-03-09,2022-03-10,1.190476190476204,True,2.0,True,True,True,6,True,True,True,0.0,True,True,3,3,12.896825396825399,EXTREME_BEARISH,True,True,True,False,True,False,False
2022-03-11,2022-03-01,2022-03-08,1.9230769230769231,23.076923076923066,12.499999999999995,2022-03-10,2022-03-11,9.615384615384617,2022-03-10,2022-03-11,5.555555555555557,True,3.0,True,True,True,0,True,True,True,0.0,True,True,3,3,9.223646723646723,EXTREME_BEARISH,True,True,True,False,True,False,False
2022-03-12,2022-03-01,2022-03-08,1.9230769230769231,23.076923076923066,12.499999999999995,2022-03-10,2022-03-11,9.615384615384617,2022-03-11,2022-03-12,3.571428571428555,True,4.0,True,True,True,1,True,True,True,0.0,True,True,3,3,8.562271062271057,EXTREME_BEARISH,True,True,True,False,True,False,False
2022-03-13,2022-03-01,2022-03-08,1.9230769230769231,23.076923076923066,12.499999999999995,2022-03-10,2022-03-11,9.615384615384617,2022-03-11,2022-03-12,3.571428571428555,True,5.0,True,True,True,2,True,True,True,1.0,True,True,3,3,8.562271062271057,EXTREME_BEARISH,True,True,True,False,True,False,False
2022-03-14,2022-03-01,2022-03-08,1.9230769230769231,23.076923076923066,12.499999999999995,2022-03-10,2022-03-11,9.615384615384617,2022-03-11,2022-03-12,3.571428571428555,True,6.0,True,True,True,3,True,True,True,2.0,True,True,3,3,8.562271062271057,EXTREME_BEARISH,True,True,True,False,True,False,False
2022-03-15,2022-03-08,2022-03-15,1.9230769230769231,15.384615384615387,8.653846153846155,2022-03-10,2022-03-11,9.615384615384617,2022-03-14,2022-03-15,2.3809523809523796,True,0.0,True,True,True,4,True,True,True,0.0,True,True,3,3,6.883394383394385,EXTREME_BEARISH,True,True,True,False,True,False,False
2022-03-16,2022-03-08,2022-03-15,1.9230769230769231,15.384615384615387,8.653846153846155,2022-03-10,2022-03-11,9.615384615384617,2022-03-15,2022-03-16,7.5396825396825164,True,1.0,True,True,True,5,True,True,True,0.0,True,True,3,3,8.602971102971097,EXTREME_BEARISH,True,True,True,False,True,False,False
2022-03-17,2022-03-08,2022-03-15,1.9230769230769231,15.384615384615387,8.653846153846155,2022-03-10,2022-03-11,9.615384615384617,2022-03-16,2022-03-17,13.095238095238088,True,2.0,True,True,True,6,True,True,True,0.0,True,True,3,3,10.454822954822953,EXTREME_BEARISH,True,True,True,False,True,False,False
2022-03-18,2022-03-08,2022-03-15,1.9230769230769231,15.384615384615387,8.653846153846155,2022-03-17,2022-03-18,5.769230769230769,2022-03-17,2022-03-18,14.285714285714292,True,3.0,True,True,True,0,True,True,True,0.0,True,True,3,3,9.569597069597071,EXTREME_BEARISH,True,True,True,False,True,False,False
2022-03-19,2022-03-08,2022-03-15,1.9230769230769231,15.384615384615387,8.653846153846155,2022-03-17,2022-03-18,5.769230769230769,2022-03-18,2022-03-19,17.063492063492063,True,4.0,True,True,True,1,True,True,True,0.0,True,True,3,3,10.495522995522995,EXTREME_BEARISH,True,True,True,False,True,False,False
2022-03-20,2022-03-08,2022-03-15,1.9230769230769231,15.384615384615387,8.653846153846155,2022-03-17,2022-03-18,5.769230769230769,2022-03-18,2022-03-19,17.063492063492063,True,5.0,True,True,True,2,True,True,True,1.0,True,True,3,3,10.495522995522995,EXTREME_BEARISH,True,True,True,False,True,False,False
2022-03-21,2022-03-08,2022-03-15,1.9230769230769231,15.384615384615387,8.653846153846155,2022-03-17,2022-03-18,5.769230769230769,2022-03-18,2022-03-19,17.063492063492063,True,6.0,True,True,True,3,True,True,True,2.0,True,True,3,3,10.495522995522995,EXTREME_BEARISH,True,True,True,False,True,False,False
2022-03-22,2022-03-15,2022-03-22,3.8461538461538463,36.53846153846154,20.192307692307693,2022-03-17,2022-03-18,5.769230769230769,2022-03-21,2022-03-22,17.85714285714286,True,0.0,True,True,True,4,True,True,True,0.0,True,True,3,3,14.60622710622711,EXTREME_BEARISH,True,True,True,False,True,False,False
2022-03-23,2022-03-15,2022-03-22,3.8461538461538463,36.53846153846154,20.192307692307693,2022-03-17,2022-03-18,5.769230769230769,2022-03-22,2022-03-23,20.634920634920633,True,1.0,True,True,True,5,True,True,True,0.0,True,True,3,3,15.532153032153033,EXTREME_BEARISH,True,True,True,False,True,False,False
2022-03-24,2022-03-15,2022-03-22,3.8461538461538463,36.53846153846154,20.192307692307693,2022-03-17,2022-03-18,5.769230769230769,2022-03-23,2022-03-24,17.85714285714286,True,2.0,True,True,True,6,True,True,True,0.0,True,True,3,3,14.60622710622711,EXTREME_BEARISH,True,True,True,False,True,False,False
2022-04-19,2022-04-12,2022-04-19,7.6923076923076925,48.07692307692307,27.884615384615383,2022-04-14,2022-04-15,1.9230769230769231,2022-04-18,2022-04-19,25.0,True,0.0,True,True,True,4,True,True,True,0.0,True,True,3,3,18.26923076923077,EXTREME_BEARISH,True,True,True,False,True,False,False
2022-04-23,2022-04-12,2022-04-19,7.6923076923076925,48.07692307692307,27.884615384615383,2022-04-21,2022-04-22,11.538461538461538,2022-04-22,2022-04-23,9.523809523809518,True,4.0,True,True,True,1,True,True,True,0.0,True,True,3,3,16.315628815628813,EXTREME_BEARISH,True,True,True,False,True,False,False
2022-04-24,2022-04-12,2022-04-19,7.6923076923076925,48.07692307692307,27.884615384615383,2022-04-21,2022-04-22,11.538461538461538,2022-04-22,2022-04-23,9.523809523809518,True,5.0,True,True,True,2,True,True,True,1.0,True,True,3,3,16.315628815628813,EXTREME_BEARISH,True,True,True,False,True,False,False
2022-04-25,2022-04-12,2022-04-19,7.6923076923076925,48.07692307692307,27.884615384615383,2022-04-21,2022-04-22,11.538461538461538,2022-04-22,2022-04-23,9.523809523809518,True,6.0,True,True,True,3,True,True,True,2.0,True,True,3,3,16.315628815628813,EXTREME_BEARISH,True,True,True,False,True,False,False
2022-04-26,2022-04-19,2022-04-26,7.6923076923076925,50.0,28.846153846153847,2022-04-21,2022-04-22,11.538461538461538,2022-04-25,2022-04-26,13.492063492063494,True,0.0,True,True,True,4,True,True,True,0.0,True,True,3,3,17.95889295889296,EXTREME_BEARISH,True,True,True,False,True,False,False
2022-04-27,2022-04-19,2022-04-26,7.6923076923076925,50.0,28.846153846153847,2022-04-21,2022-04-22,11.538461538461538,2022-04-26,2022-04-27,0.7936507936507837,True,1.0,True,True,True,5,True,True,True,0.0,True,True,3,3,13.726088726088724,EXTREME_BEARISH,True,True,True,False,True,False,False
2022-04-28,2022-04-19,2022-04-26,7.6923076923076925,50.0,28.846153846153847,2022-04-21,2022-04-22,11.538461538461538,2022-04-27,2022-04-28,3.1746031746031775,True,2.0,True,True,True,6,True,True,True,0.0,True,True,3,3,14.519739519739522,EXTREME_BEARISH,True,True,True,False,True,False,False
2022-04-29,2022-04-19,2022-04-26,7.6923076923076925,50.0,28.846153846153847,2022-04-28,2022-04-29,1.9230769230769231,2022-04-28,2022-04-29,7.936507936507937,True,3.0,True,True,True,0,True,True,True,0.0,True,True,3,3,12.901912901912903,EXTREME_BEARISH,True,True,True,False,True,False,False
2022-04-30,2022-04-19,2022-04-26,7.6923076923076925,50.0,28.846153846153847,2022-04-28,2022-04-29,1.9230769230769231,2022-04-29,2022-04-30,1.190476190476204,True,4.0,True,True,True,1,True,True,True,0.0,True,True,3,3,10.653235653235658,EXTREME_BEARISH,True,True,True,False,True,False,False
2022-05-01,2022-04-19,2022-04-26,7.6923076923076925,50.0,28.846153846153847,2022-04-28,2022-04-29,1.9230769230769231,2022-04-29,2022-04-30,1.190476190476204,True,5.0,True,True,True,2,True,True,True,1.0,True,True,3,3,10.653235653235658,EXTREME_BEARISH,True,True,True,False,True,False,False
2022-05-02,2022-04-19,2022-04-26,7.6923076923076925,50.0,28.846153846153847,2022-04-28,2022-04-29,1.9230769230769231,2022-04-29,2022-04-30,1.190476190476204,True,6.0,True,True,True,3,True,True,True,2.0,True,True,3,3,10.653235653235658,EXTREME_BEARISH,True,True,True,False,True,False,False
2022-05-03,2022-04-26,2022-05-03,1.9230769230769231,19.230769230769226,10.576923076923075,2022-04-28,2022-04-29,1.9230769230769231,2022-05-02,2022-05-03,2.3809523809523796,True,0.0,True,True,True,4,True,True,True,0.0,True,True,3,3,4.96031746031746,EXTREME_BEARISH,True,True,True,False,True,False,False
2022-05-04,2022-04-26,2022-05-03,1.9230769230769231,19.230769230769226,10.576923076923075,2022-04-28,2022-04-29,1.9230769230769231,2022-05-03,2022-05-04,9.920634920634924,True,1.0,True,True,True,5,True,True,True,0.0,True,True,3,3,7.473544973544975,EXTREME_BEARISH,True,True,True,False,True,False,False
2022-05-05,2022-04-26,2022-05-03,1.9230769230769231,19.230769230769226,10.576923076923075,2022-04-28,2022-04-29,1.9230769230769231,2022-05-04,2022-05-05,18.253968253968253,True,2.0,True,True,True,6,True,True,True,0.0,True,True,3,3,10.251322751322752,EXTREME_BEARISH,True,True,True,False,True,False,False
2022-05-06,2022-04-26,2022-05-03,1.9230769230769231,19.230769230769226,10.576923076923075,2022-05-05,2022-05-06,11.538461538461538,2022-05-05,2022-05-06,4.365079365079353,True,3.0,True,True,True,0,True,True,True,0.0,True,True,3,3,8.826821326821323,EXTREME_BEARISH,True,True,True,False,True,False,False
2022-05-07,2022-04-26,2022-05-03,1.9230769230769231,19.230769230769226,10.576923076923075,2022-05-05,2022-05-06,11.538461538461538,2022-05-06,2022-05-07,8.73015873015872,True,4.0,True,True,True,1,True,True,True,0.0,True,True,3,3,10.281847781847778,EXTREME_BEARISH,True,True,True,False,True,False,False
2022-05-08,2022-04-26,2022-05-03,1.9230769230769231,19.230769230769226,10.576923076923075,2022-05-05,2022-05-06,11.538461538461538,2022-05-06,2022-05-07,8.73015873015872,True,5.0,True,True,True,2,True,True,True,1.0,True,True,3,3,10.281847781847778,EXTREME_BEARISH,True,True,True,False,True,False,False
2022-05-09,2022-04-26,2022-05-03,1.9230769230769231,19.230769230769226,10.576923076923075,2022-05-05,2022-05-06,11.538461538461538,2022-05-06,2022-05-07,8.73015873015872,True,6.0,True,True,True,3,True,True,True,2.0,True,True,3,3,10.281847781847778,EXTREME_BEARISH,True,True,True,False,True,False,False
2022-05-10,2022-05-03,2022-05-10,3.8461538461538463,44.23076923076923,24.03846153846154,2022-05-05,2022-05-06,11.538461538461538,2022-05-09,2022-05-10,0.7936507936507837,True,0.0,True,True,True,4,True,True,True,0.0,True,True,3,3,12.123524623524622,EXTREME_BEARISH,True,True,True,False,True,False,False
2022-05-11,2022-05-03,2022-05-10,3.8461538461538463,44.23076923076923,24.03846153846154,2022-05-05,2022-05-06,11.538461538461538,2022-05-10,2022-05-11,2.3809523809523796,True,1.0,True,True,True,5,True,True,True,0.0,True,True,3,3,12.652625152625154,EXTREME_BEARISH,True,True,True,False,True,False,False
2022-05-12,2022-05-03,2022-05-10,3.8461538461538463,44.23076923076923,24.03846153846154,2022-05-05,2022-05-06,11.538461538461538,2022-05-11,2022-05-12,2.7777777777778,True,2.0,True,True,True,6,True,True,True,0.0,True,True,3,3,12.784900284900294,EXTREME_BEARISH,True,True,True,False,True,False,False
2022-05-13,2022-05-03,2022-05-10,3.8461538461538463,44.23076923076923,24.03846153846154,2022-05-12,2022-05-13,17.307692307692307,2022-05-12,2022-05-13,4.761904761904759,True,3.0,True,True,True,0,True,True,True,0.0,True,True,3,3,15.369352869352868,EXTREME_BEARISH,True,True,True,False,True,False,False
2022-05-14,2022-05-03,2022-05-10,3.8461538461538463,44.23076923076923,24.03846153846154,2022-05-12,2022-05-13,17.307692307692307,2022-05-13,2022-05-14,12.698412698412696,True,4.0,True,True,True,1,True,True,True,0.0,True,True,3,3,18.014855514855515,EXTREME_BEARISH,True,True,True,False,True,False,False
2022-05-15,2022-05-03,2022-05-10,3.8461538461538463,44.23076923076923,24.03846153846154,2022-05-12,2022-05-13,17.307692307692307,2022-05-13,2022-05-14,12.698412698412696,True,5.0,True,True,True,2,True,True,True,1.0,True,True,3,3,18.014855514855515,EXTREME_BEARISH,True,True,True,False,True,False,False
2022-05-16,2022-05-03,2022-05-10,3.8461538461538463,44.23076923076923,24.03846153846154,2022-05-12,2022-05-13,17.307692307692307,2022-05-13,2022-05-14,12.698412698412696,True,6.0,True,True,True,3,True,True,True,2.0,True,True,3,3,18.014855514855515,EXTREME_BEARISH,True,True,True,False,True,False,False
2022-05-17,2022-05-10,2022-05-17,1.9230769230769231,21.15384615384616,11.538461538461542,2022-05-12,2022-05-13,17.307692307692307,2022-05-16,2022-05-17,17.063492063492063,True,0.0,True,True,True,4,True,True,True,0.0,True,True,3,3,15.303215303215303,EXTREME_BEARISH,True,True,True,False,True,False,False
2022-05-18,2022-05-10,2022-05-17,1.9230769230769231,21.15384615384616,11.538461538461542,2022-05-12,2022-05-13,17.307692307692307,2022-05-17,2022-05-18,19.444444444444443,True,1.0,True,True,True,5,True,True,True,0.0,True,True,3,3,16.096866096866098,EXTREME_BEARISH,True,True,True,False,True,False,False
2022-05-19,2022-05-10,2022-05-17,1.9230769230769231,21.15384615384616,11.538461538461542,2022-05-12,2022-05-13,17.307692307692307,2022-05-18,2022-05-19,7.5396825396825164,True,2.0,True,True,True,6,True,True,True,0.0,True,True,3,3,12.12861212861212,EXTREME_BEARISH,True,True,True,False,True,False,False
2022-05-20,2022-05-10,2022-05-17,1.9230769230769231,21.15384615384616,11.538461538461542,2022-05-19,2022-05-20,19.23076923076924,2022-05-19,2022-05-20,12.698412698412696,True,3.0,True,True,True,0,True,True,True,0.0,True,True,3,3,14.489214489214492,EXTREME_BEARISH,True,True,True,False,True,False,False
2022-05-21,2022-05-10,2022-05-17,1.9230769230769231,21.15384615384616,11.538461538461542,2022-05-19,2022-05-20,19.23076923076924,2022-05-20,2022-05-21,12.698412698412696,True,4.0,True,True,True,1,True,True,True,0.0,True,True,3,3,14.489214489214492,EXTREME_BEARISH,True,True,True,False,True,False,False
2022-05-22,2022-05-10,2022-05-17,1.9230769230769231,21.15384615384616,11.538461538461542,2022-05-19,2022-05-20,19.23076923076924,2022-05-20,2022-05-21,12.698412698412696,True,5.0,True,True,True,2,True,True,True,1.0,True,True,3,3,14.489214489214492,EXTREME_BEARISH,True,True,True,False,True,False,False
2022-05-23,2022-05-10,2022-05-17,1.9230769230769231,21.15384615384616,11.538461538461542,2022-05-19,2022-05-20,19.23076923076924,2022-05-20,2022-05-21,12.698412698412696,True,6.0,True,True,True,3,True,True,True,2.0,True,True,3,3,14.489214489214492,EXTREME_BEARISH,True,True,True,False,True,False,False
2022-05-25,2022-05-17,2022-05-24,3.8461538461538463,51.92307692307692,27.884615384615383,2022-05-19,2022-05-20,19.23076923076924,2022-05-24,2022-05-25,12.698412698412696,True,1.0,True,True,True,5,True,True,True,0.0,True,True,3,3,19.937932437932442,EXTREME_BEARISH,True,True,True,False,True,False,False
2022-05-27,2022-05-17,2022-05-24,3.8461538461538463,51.92307692307692,27.884615384615383,2022-05-26,2022-05-27,3.8461538461538463,2022-05-26,2022-05-27,19.444444444444443,True,3.0,True,True,True,0,True,True,True,0.0,True,True,3,3,17.058404558404558,EXTREME_BEARISH,True,True,True,False,True,False,False
2022-05-28,2022-05-17,2022-05-24,3.8461538461538463,51.92307692307692,27.884615384615383,2022-05-26,2022-05-27,3.8461538461538463,2022-05-27,2022-05-28,22.61904761904762,True,4.0,True,True,True,1,True,True,True,0.0,True,True,3,3,18.116605616605614,EXTREME_BEARISH,True,True,True,False,True,False,False
2022-05-29,2022-05-17,2022-05-24,3.8461538461538463,51.92307692307692,27.884615384615383,2022-05-26,2022-05-27,3.8461538461538463,2022-05-27,2022-05-28,22.61904761904762,True,5.0,True,True,True,2,True,True,True,1.0,True,True,3,3,18.116605616605614,EXTREME_BEARISH,True,True,True,False,True,False,False
2022-05-30,2022-05-17,2022-05-24,3.8461538461538463,51.92307692307692,27.884615384615383,2022-05-26,2022-05-27,3.8461538461538463,2022-05-27,2022-05-28,22.61904761904762,True,6.0,True,True,True,3,True,True,True,2.0,True,True,3,3,18.116605616605614,EXTREME_BEARISH,True,True,True,False,True,False,False
2022-05-31,2022-05-24,2022-05-31,3.8461538461538463,63.46153846153847,33.65384615384615,2022-05-26,2022-05-27,3.8461538461538463,2022-05-30,2022-05-31,22.222222222222214,True,0.0,True,True,True,4,True,True,True,0.0,True,True,3,3,19.907407407407405,EXTREME_BEARISH,True,True,True,False,True,False,False
2022-06-17,2022-06-07,2022-06-14,7.6923076923076925,90.38461538461539,49.03846153846154,2022-06-16,2022-06-17,3.8461538461538463,2022-06-16,2022-06-17,3.1746031746031775,True,3.0,True,True,True,0,True,True,True,0.0,True,True,3,3,18.686406186406188,EXTREME_BEARISH,True,True,True,False,True,False,False
2022-06-21,2022-06-14,2022-06-21,1.9230769230769231,71.15384615384616,36.53846153846154,2022-06-16,2022-06-17,3.8461538461538463,2022-06-20,2022-06-21,8.73015873015872,True,0.0,True,True,True,4,True,True,True,0.0,True,True,3,3,16.371591371591368,EXTREME_BEARISH,True,True,True,False,True,False,False
2022-06-22,2022-06-14,2022-06-21,1.9230769230769231,71.15384615384616,36.53846153846154,2022-06-16,2022-06-17,3.8461538461538463,2022-06-21,2022-06-22,12.698412698412696,True,1.0,True,True,True,5,True,True,True,0.0,True,True,3,3,17.694342694342694,EXTREME_BEARISH,True,True,True,False,True,False,False
2022-06-23,2022-06-14,2022-06-21,1.9230769230769231,71.15384615384616,36.53846153846154,2022-06-16,2022-06-17,3.8461538461538463,2022-06-22,2022-06-23,17.063492063492063,True,2.0,True,True,True,6,True,True,True,0.0,True,True,3,3,19.14936914936915,EXTREME_BEARISH,True,True,True,False,True,False,False
2022-06-24,2022-06-14,2022-06-21,1.9230769230769231,71.15384615384616,36.53846153846154,2022-06-23,2022-06-24,3.8461538461538463,2022-06-23,2022-06-24,17.063492063492063,True,3.0,True,True,True,0,True,True,True,0.0,True,True,3,3,19.14936914936915,EXTREME_BEARISH,True,True,True,False,True,False,False
2022-09-27,2022-09-20,2022-09-27,17.307692307692307,78.84615384615384,48.07692307692307,2022-09-22,2022-09-23,1.9230769230769231,2022-09-26,2022-09-27,5.158730158730165,True,0.0,True,True,True,4,True,True,True,0.0,True,True,3,3,18.386243386243386,EXTREME_BEARISH,True,True,True,False,True,False,False
2022-09-28,2022-09-20,2022-09-27,17.307692307692307,78.84615384615384,48.07692307692307,2022-09-22,2022-09-23,1.9230769230769231,2022-09-27,2022-09-28,3.9682539682539613,True,1.0,True,True,True,5,True,True,True,0.0,True,True,3,3,17.989417989417984,EXTREME_BEARISH,True,True,True,False,True,False,False
2023-01-20,2023-01-10,2023-01-17,71.15384615384616,53.84615384615385,62.5,2023-01-19,2023-01-20,98.07692307692308,2023-01-19,2023-01-20,89.68253968253968,True,3.0,True,True,True,0,True,True,True,0.0,True,True,3,3,83.41982091982094,EXTREME_BULLISH,True,True,True,False,True,False,False
2023-01-21,2023-01-10,2023-01-17,71.15384615384616,53.84615384615385,62.5,2023-01-19,2023-01-20,98.07692307692308,2023-01-20,2023-01-21,93.65079365079364,True,4.0,True,True,True,1,True,True,True,0.0,True,True,3,3,84.74257224257225,EXTREME_BULLISH,True,True,True,False,True,False,False
2023-01-22,2023-01-10,2023-01-17,71.15384615384616,53.84615384615385,62.5,2023-01-19,2023-01-20,98.07692307692308,2023-01-20,2023-01-21,93.65079365079364,True,5.0,True,True,True,2,True,True,True,1.0,True,True,3,3,84.74257224257225,EXTREME_BULLISH,True,True,True,False,True,False,False
2023-01-23,2023-01-10,2023-01-17,71.15384615384616,53.84615384615385,62.5,2023-01-19,2023-01-20,98.07692307692308,2023-01-20,2023-01-21,93.65079365079364,True,6.0,True,True,True,3,True,True,True,2.0,True,True,3,3,84.74257224257225,EXTREME_BULLISH,True,True,True,False,True,False,False
2023-01-24,2023-01-17,2023-01-24,90.3846153846154,63.46153846153847,76.92307692307693,2023-01-19,2023-01-20,98.07692307692308,2023-01-23,2023-01-24,94.04761904761905,True,0.0,True,True,True,4,True,True,True,0.0,True,True,3,3,89.68253968253968,EXTREME_BULLISH,True,True,True,False,True,False,False
2023-01-25,2023-01-17,2023-01-24,90.3846153846154,63.46153846153847,76.92307692307693,2023-01-19,2023-01-20,98.07692307692308,2023-01-24,2023-01-25,97.61904761904762,True,1.0,True,True,True,5,True,True,True,0.0,True,True,3,3,90.87301587301586,EXTREME_BULLISH,True,True,True,False,True,False,False
2023-01-26,2023-01-17,2023-01-24,90.3846153846154,63.46153846153847,76.92307692307693,2023-01-19,2023-01-20,98.07692307692308,2023-01-25,2023-01-26,97.61904761904762,True,2.0,True,True,True,6,True,True,True,0.0,True,True,3,3,90.87301587301586,EXTREME_BULLISH,True,True,True,False,True,False,False
2023-01-27,2023-01-17,2023-01-24,90.3846153846154,63.46153846153847,76.92307692307693,2023-01-26,2023-01-27,84.61538461538461,2023-01-26,2023-01-27,98.80952380952381,True,3.0,True,True,True,0,True,True,True,0.0,True,True,3,3,86.78266178266178,EXTREME_BULLISH,True,True,True,False,True,False,False
2023-01-28,2023-01-17,2023-01-24,90.3846153846154,63.46153846153847,76.92307692307693,2023-01-26,2023-01-27,84.61538461538461,2023-01-27,2023-01-28,99.2063492063492,True,4.0,True,True,True,1,True,True,True,0.0,True,True,3,3,86.91493691493692,EXTREME_BULLISH,True,True,True,False,True,False,False
2023-01-29,2023-01-17,2023-01-24,90.3846153846154,63.46153846153847,76.92307692307693,2023-01-26,2023-01-27,84.61538461538461,2023-01-27,2023-01-28,99.2063492063492,True,5.0,True,True,True,2,True,True,True,1.0,True,True,3,3,86.91493691493692,EXTREME_BULLISH,True,True,True,False,True,False,False
2023-01-30,2023-01-17,2023-01-24,90.3846153846154,63.46153846153847,76.92307692307693,2023-01-26,2023-01-27,84.61538461538461,2023-01-27,2023-01-28,99.2063492063492,True,6.0,True,True,True,3,True,True,True,2.0,True,True,3,3,86.91493691493692,EXTREME_BULLISH,True,True,True,False,True,False,False
2023-01-31,2023-01-24,2023-01-31,92.3076923076923,61.53846153846153,76.92307692307692,2023-01-26,2023-01-27,84.61538461538461,2023-01-30,2023-01-31,90.87301587301587,True,0.0,True,True,True,4,True,True,True,0.0,True,True,3,3,84.13715913715914,EXTREME_BULLISH,True,True,True,False,True,False,False
2023-02-01,2023-01-24,2023-01-31,92.3076923076923,61.53846153846153,76.92307692307692,2023-01-26,2023-01-27,84.61538461538461,2023-01-31,2023-02-01,95.23809523809524,True,1.0,True,True,True,5,True,True,True,0.0,True,True,3,3,85.5921855921856,EXTREME_BULLISH,True,True,True,False,True,False,False
2023-02-02,2023-01-24,2023-01-31,92.3076923076923,61.53846153846153,76.92307692307692,2023-01-26,2023-01-27,84.61538461538461,2023-02-01,2023-02-02,99.60317460317461,True,2.0,True,True,True,6,True,True,True,0.0,True,True,3,3,87.04721204721204,EXTREME_BULLISH,True,True,True,False,True,False,False
2023-02-03,2023-01-24,2023-01-31,92.3076923076923,61.53846153846153,76.92307692307692,2023-02-02,2023-02-03,88.46153846153845,2023-02-02,2023-02-03,97.61904761904762,True,3.0,True,True,True,0,True,True,True,0.0,True,True,3,3,87.66788766788765,EXTREME_BULLISH,True,True,True,False,True,False,False
2023-02-04,2023-01-24,2023-01-31,92.3076923076923,61.53846153846153,76.92307692307692,2023-02-02,2023-02-03,88.46153846153845,2023-02-03,2023-02-04,99.2063492063492,True,4.0,True,True,True,1,True,True,True,0.0,True,True,3,3,88.19698819698819,EXTREME_BULLISH,True,True,True,False,True,False,False
2023-02-05,2023-01-24,2023-01-31,92.3076923076923,61.53846153846153,76.92307692307692,2023-02-02,2023-02-03,88.46153846153845,2023-02-03,2023-02-04,99.2063492063492,True,5.0,True,True,True,2,True,True,True,1.0,True,True,3,3,88.19698819698819,EXTREME_BULLISH,True,True,True,False,True,False,False
2023-02-06,2023-01-24,2023-01-31,92.3076923076923,61.53846153846153,76.92307692307692,2023-02-02,2023-02-03,88.46153846153845,2023-02-03,2023-02-04,99.2063492063492,True,6.0,True,True,True,3,True,True,True,2.0,True,True,3,3,88.19698819698819,EXTREME_BULLISH,True,True,True,False,True,False,False
2023-02-07,2023-01-31,2023-02-07,100.0,67.3076923076923,83.65384615384616,2023-02-02,2023-02-03,88.46153846153845,2023-02-06,2023-02-07,93.65079365079364,True,0.0,True,True,True,4,True,True,True,0.0,True,True,3,3,88.58872608872609,EXTREME_BULLISH,True,True,True,False,True,False,False
2023-02-08,2023-01-31,2023-02-07,100.0,67.3076923076923,83.65384615384616,2023-02-02,2023-02-03,88.46153846153845,2023-02-07,2023-02-08,97.61904761904762,True,1.0,True,True,True,5,True,True,True,0.0,True,True,3,3,89.9114774114774,EXTREME_BULLISH,True,True,True,False,True,False,False
2023-02-09,2023-01-31,2023-02-07,100.0,67.3076923076923,83.65384615384616,2023-02-02,2023-02-03,88.46153846153845,2023-02-08,2023-02-09,90.87301587301587,True,2.0,True,True,True,6,True,True,True,0.0,True,True,3,3,87.66280016280017,EXTREME_BULLISH,True,True,True,False,True,False,False
2023-02-10,2023-01-31,2023-02-07,100.0,67.3076923076923,83.65384615384616,2023-02-09,2023-02-10,100.0,2023-02-09,2023-02-10,82.53968253968254,True,3.0,True,True,True,0,True,True,True,0.0,True,True,3,3,88.73117623117624,EXTREME_BULLISH,True,True,True,False,True,False,False
2023-02-11,2023-01-31,2023-02-07,100.0,67.3076923076923,83.65384615384616,2023-02-09,2023-02-10,100.0,2023-02-10,2023-02-11,84.12698412698413,True,4.0,True,True,True,1,True,True,True,0.0,True,True,3,3,89.26027676027677,EXTREME_BULLISH,True,True,True,False,True,False,False
2023-02-12,2023-01-31,2023-02-07,100.0,67.3076923076923,83.65384615384616,2023-02-09,2023-02-10,100.0,2023-02-10,2023-02-11,84.12698412698413,True,5.0,True,True,True,2,True,True,True,1.0,True,True,3,3,89.26027676027677,EXTREME_BULLISH,True,True,True,False,True,False,False
2023-02-13,2023-01-31,2023-02-07,100.0,67.3076923076923,83.65384615384616,2023-02-09,2023-02-10,100.0,2023-02-10,2023-02-11,84.12698412698413,True,6.0,True,True,True,3,True,True,True,2.0,True,True,3,3,89.26027676027677,EXTREME_BULLISH,True,True,True,False,True,False,False
2023-02-14,2023-02-07,2023-02-14,98.07692307692308,63.46153846153847,80.76923076923077,2023-02-09,2023-02-10,100.0,2023-02-13,2023-02-14,85.71428571428572,True,0.0,True,True,True,4,True,True,True,0.0,True,True,3,3,88.82783882783883,EXTREME_BULLISH,True,True,True,False,True,False,False
2023-02-15,2023-02-07,2023-02-14,98.07692307692308,63.46153846153847,80.76923076923077,2023-02-09,2023-02-10,100.0,2023-02-14,2023-02-15,95.63492063492063,True,1.0,True,True,True,5,True,True,True,0.0,True,True,3,3,92.13471713471715,EXTREME_BULLISH,True,True,True,False,True,False,False
2023-02-16,2023-02-07,2023-02-14,98.07692307692308,63.46153846153847,80.76923076923077,2023-02-09,2023-02-10,100.0,2023-02-15,2023-02-16,99.2063492063492,True,2.0,True,True,True,6,True,True,True,0.0,True,True,3,3,93.32519332519333,EXTREME_BULLISH,True,True,True,False,True,False,False
2023-02-17,2023-02-07,2023-02-14,98.07692307692308,63.46153846153847,80.76923076923077,2023-02-16,2023-02-17,98.07692307692308,2023-02-16,2023-02-17,86.11111111111111,True,3.0,True,True,True,0,True,True,True,0.0,True,True,3,3,88.31908831908834,EXTREME_BULLISH,True,True,True,False,True,False,False
2023-02-18,2023-02-07,2023-02-14,98.07692307692308,63.46153846153847,80.76923076923077,2023-02-16,2023-02-17,98.07692307692308,2023-02-17,2023-02-18,86.5079365079365,True,4.0,True,True,True,1,True,True,True,0.0,True,True,3,3,88.45136345136346,EXTREME_BULLISH,True,True,True,False,True,False,False
2023-02-19,2023-02-07,2023-02-14,98.07692307692308,63.46153846153847,80.76923076923077,2023-02-16,2023-02-17,98.07692307692308,2023-02-17,2023-02-18,86.5079365079365,True,5.0,True,True,True,2,True,True,True,1.0,True,True,3,3,88.45136345136346,EXTREME_BULLISH,True,True,True,False,True,False,False
2023-02-20,2023-02-07,2023-02-14,98.07692307692308,63.46153846153847,80.76923076923077,2023-02-16,2023-02-17,98.07692307692308,2023-02-17,2023-02-18,86.5079365079365,True,6.0,True,True,True,3,True,True,True,2.0,True,True,3,3,88.45136345136346,EXTREME_BULLISH,True,True,True,False,True,False,False
2023-02-21,2023-02-14,2023-02-21,98.07692307692308,69.23076923076923,83.65384615384616,2023-02-16,2023-02-17,98.07692307692308,2023-02-20,2023-02-21,76.19047619047619,True,0.0,True,True,True,4,True,True,True,0.0,True,True,3,3,85.97374847374847,EXTREME_BULLISH,True,True,True,False,True,False,False
2023-02-22,2023-02-14,2023-02-21,98.07692307692308,69.23076923076923,83.65384615384616,2023-02-16,2023-02-17,98.07692307692308,2023-02-21,2023-02-22,59.92063492063492,True,1.0,True,True,True,5,True,True,True,0.0,True,True,3,3,80.55046805046804,EXTREME_BULLISH,True,True,True,False,True,False,False
2023-02-23,2023-02-14,2023-02-21,98.07692307692308,69.23076923076923,83.65384615384616,2023-02-16,2023-02-17,98.07692307692308,2023-02-22,2023-02-23,65.87301587301587,True,2.0,True,True,True,6,True,True,True,0.0,True,True,3,3,82.53459503459503,EXTREME_BULLISH,True,True,True,False,True,False,False
2023-04-07,2023-03-28,2023-04-04,59.61538461538461,76.92307692307692,68.26923076923077,2023-04-06,2023-04-07,96.15384615384616,2023-04-06,2023-04-07,98.01587301587301,True,3.0,True,True,True,0,True,True,True,0.0,True,True,3,3,87.47964997964998,EXTREME_BULLISH,True,True,True,False,True,False,False
2023-04-08,2023-03-28,2023-04-04,59.61538461538461,76.92307692307692,68.26923076923077,2023-04-06,2023-04-07,96.15384615384616,2023-04-06,2023-04-07,98.01587301587301,True,4.0,True,True,True,1,True,True,True,1.0,True,True,3,3,87.47964997964998,EXTREME_BULLISH,True,True,True,False,True,False,False
2023-04-09,2023-03-28,2023-04-04,59.61538461538461,76.92307692307692,68.26923076923077,2023-04-06,2023-04-07,96.15384615384616,2023-04-06,2023-04-07,98.01587301587301,True,5.0,True,True,True,2,True,True,True,2.0,True,True,3,3,87.47964997964998,EXTREME_BULLISH,True,True,True,False,True,False,False
2023-04-10,2023-03-28,2023-04-04,59.61538461538461,76.92307692307692,68.26923076923077,2023-04-06,2023-04-07,96.15384615384616,2023-04-06,2023-04-07,98.01587301587301,True,6.0,True,True,True,3,True,True,True,3.0,True,True,3,3,87.47964997964998,EXTREME_BULLISH,True,True,True,False,True,False,False
2023-04-11,2023-04-04,2023-04-11,84.61538461538461,96.15384615384616,90.38461538461539,2023-04-06,2023-04-07,96.15384615384616,2023-04-10,2023-04-11,93.65079365079364,True,0.0,True,True,True,4,True,True,True,0.0,True,True,3,3,93.39641839641838,EXTREME_BULLISH,True,True,True,False,True,False,False
2023-04-12,2023-04-04,2023-04-11,84.61538461538461,96.15384615384616,90.38461538461539,2023-04-06,2023-04-07,96.15384615384616,2023-04-11,2023-04-12,91.26984126984127,True,1.0,True,True,True,5,True,True,True,0.0,True,True,3,3,92.6027676027676,EXTREME_BULLISH,True,True,True,False,True,False,False
2023-04-13,2023-04-04,2023-04-11,84.61538461538461,96.15384615384616,90.38461538461539,2023-04-06,2023-04-07,96.15384615384616,2023-04-12,2023-04-13,91.26984126984127,True,2.0,True,True,True,6,True,True,True,0.0,True,True,3,3,92.6027676027676,EXTREME_BULLISH,True,True,True,False,True,False,False
2023-04-14,2023-04-04,2023-04-11,84.61538461538461,96.15384615384616,90.38461538461539,2023-04-13,2023-04-14,76.92307692307693,2023-04-13,2023-04-14,99.60317460317461,True,3.0,True,True,True,0,True,True,True,0.0,True,True,3,3,88.97028897028899,EXTREME_BULLISH,True,True,True,False,True,False,False
2023-04-15,2023-04-04,2023-04-11,84.61538461538461,96.15384615384616,90.38461538461539,2023-04-13,2023-04-14,76.92307692307693,2023-04-14,2023-04-15,99.60317460317461,True,4.0,True,True,True,1,True,True,True,0.0,True,True,3,3,88.97028897028899,EXTREME_BULLISH,True,True,True,False,True,False,False
2023-04-16,2023-04-04,2023-04-11,84.61538461538461,96.15384615384616,90.38461538461539,2023-04-13,2023-04-14,76.92307692307693,2023-04-14,2023-04-15,99.60317460317461,True,5.0,True,True,True,2,True,True,True,1.0,True,True,3,3,88.97028897028899,EXTREME_BULLISH,True,True,True,False,True,False,False
2023-04-17,2023-04-04,2023-04-11,84.61538461538461,96.15384615384616,90.38461538461539,2023-04-13,2023-04-14,76.92307692307693,2023-04-14,2023-04-15,99.60317460317461,True,6.0,True,True,True,3,True,True,True,2.0,True,True,3,3,88.97028897028899,EXTREME_BULLISH,True,True,True,False,True,False,False
2023-04-18,2023-04-11,2023-04-18,92.3076923076923,94.23076923076923,93.26923076923077,2023-04-13,2023-04-14,76.92307692307693,2023-04-17,2023-04-18,99.60317460317461,True,0.0,True,True,True,4,True,True,True,0.0,True,True,3,3,89.93182743182744,EXTREME_BULLISH,True,True,True,False,True,False,False
2023-04-19,2023-04-11,2023-04-18,92.3076923076923,94.23076923076923,93.26923076923077,2023-04-13,2023-04-14,76.92307692307693,2023-04-18,2023-04-19,99.60317460317461,True,1.0,True,True,True,5,True,True,True,0.0,True,True,3,3,89.93182743182744,EXTREME_BULLISH,True,True,True,False,True,False,False
2023-04-20,2023-04-11,2023-04-18,92.3076923076923,94.23076923076923,93.26923076923077,2023-04-13,2023-04-14,76.92307692307693,2023-04-19,2023-04-20,99.60317460317461,True,2.0,True,True,True,6,True,True,True,0.0,True,True,3,3,89.93182743182744,EXTREME_BULLISH,True,True,True,False,True,False,False
2023-04-21,2023-04-11,2023-04-18,92.3076923076923,94.23076923076923,93.26923076923077,2023-04-20,2023-04-21,80.76923076923077,2023-04-20,2023-04-21,98.01587301587301,True,3.0,True,True,True,0,True,True,True,0.0,True,True,3,3,90.68477818477818,EXTREME_BULLISH,True,True,True,False,True,False,False
2023-04-22,2023-04-11,2023-04-18,92.3076923076923,94.23076923076923,93.26923076923077,2023-04-20,2023-04-21,80.76923076923077,2023-04-21,2023-04-22,99.2063492063492,True,4.0,True,True,True,1,True,True,True,0.0,True,True,3,3,91.08160358160359,EXTREME_BULLISH,True,True,True,False,True,False,False
2023-04-23,2023-04-11,2023-04-18,92.3076923076923,94.23076923076923,93.26923076923077,2023-04-20,2023-04-21,80.76923076923077,2023-04-21,2023-04-22,99.2063492063492,True,5.0,True,True,True,2,True,True,True,1.0,True,True,3,3,91.08160358160359,EXTREME_BULLISH,True,True,True,False,True,False,False
2023-04-24,2023-04-11,2023-04-18,92.3076923076923,94.23076923076923,93.26923076923077,2023-04-20,2023-04-21,80.76923076923077,2023-04-21,2023-04-22,99.2063492063492,True,6.0,True,True,True,3,True,True,True,2.0,True,True,3,3,91.08160358160359,EXTREME_BULLISH,True,True,True,False,True,False,False
2023-04-25,2023-04-18,2023-04-25,100.0,94.23076923076923,97.11538461538461,2023-04-20,2023-04-21,80.76923076923077,2023-04-24,2023-04-25,98.41269841269842,True,0.0,True,True,True,4,True,True,True,0.0,True,True,3,3,92.09910459910459,EXTREME_BULLISH,True,True,True,False,True,False,False
2023-04-26,2023-04-18,2023-04-25,100.0,94.23076923076923,97.11538461538461,2023-04-20,2023-04-21,80.76923076923077,2023-04-25,2023-04-26,91.26984126984127,True,1.0,True,True,True,5,True,True,True,0.0,True,True,3,3,89.71815221815223,EXTREME_BULLISH,True,True,True,False,True,False,False
2023-04-27,2023-04-18,2023-04-25,100.0,94.23076923076923,97.11538461538461,2023-04-20,2023-04-21,80.76923076923077,2023-04-26,2023-04-27,90.47619047619048,True,2.0,True,True,True,6,True,True,True,0.0,True,True,3,3,89.45360195360195,EXTREME_BULLISH,True,True,True,False,True,False,False
2023-04-28,2023-04-18,2023-04-25,100.0,94.23076923076923,97.11538461538461,2023-04-27,2023-04-28,67.3076923076923,2023-04-27,2023-04-28,97.61904761904762,True,3.0,True,True,True,0,True,True,True,0.0,True,True,3,3,87.34737484737484,EXTREME_BULLISH,True,True,True,False,True,False,False
2023-04-29,2023-04-18,2023-04-25,100.0,94.23076923076923,97.11538461538461,2023-04-27,2023-04-28,67.3076923076923,2023-04-28,2023-04-29,99.60317460317461,True,4.0,True,True,True,1,True,True,True,0.0,True,True,3,3,88.0087505087505,EXTREME_BULLISH,True,True,True,False,True,False,False
2023-04-30,2023-04-18,2023-04-25,100.0,94.23076923076923,97.11538461538461,2023-04-27,2023-04-28,67.3076923076923,2023-04-28,2023-04-29,99.60317460317461,True,5.0,True,True,True,2,True,True,True,1.0,True,True,3,3,88.0087505087505,EXTREME_BULLISH,True,True,True,False,True,False,False
2023-05-01,2023-04-18,2023-04-25,100.0,94.23076923076923,97.11538461538461,2023-04-27,2023-04-28,67.3076923076923,2023-04-28,2023-04-29,99.60317460317461,True,6.0,True,True,True,3,True,True,True,2.0,True,True,3,3,88.0087505087505,EXTREME_BULLISH,True,True,True,False,True,False,False
2023-05-02,2023-04-25,2023-05-02,98.07692307692308,78.84615384615384,88.46153846153845,2023-04-27,2023-04-28,67.3076923076923,2023-05-01,2023-05-02,99.2063492063492,True,0.0,True,True,True,4,True,True,True,0.0,True,True,3,3,84.99185999186,EXTREME_BULLISH,True,True,True,False,True,False,False
2023-05-03,2023-04-25,2023-05-02,98.07692307692308,78.84615384615384,88.46153846153845,2023-04-27,2023-04-28,67.3076923076923,2023-05-02,2023-05-03,95.63492063492063,True,1.0,True,True,True,5,True,True,True,0.0,True,True,3,3,83.8013838013838,EXTREME_BULLISH,True,True,True,False,True,False,False
2023-05-04,2023-04-25,2023-05-02,98.07692307692308,78.84615384615384,88.46153846153845,2023-04-27,2023-04-28,67.3076923076923,2023-05-03,2023-05-04,93.65079365079364,True,2.0,True,True,True,6,True,True,True,0.0,True,True,3,3,83.14000814000813,EXTREME_BULLISH,True,True,True,False,True,False,False
2023-05-12,2023-05-02,2023-05-09,100.0,75.0,87.5,2023-05-11,2023-05-12,71.15384615384616,2023-05-11,2023-05-12,97.22222222222223,True,3.0,True,True,True,0,True,True,True,0.0,True,True,3,3,85.29202279202279,EXTREME_BULLISH,True,True,True,False,True,False,False
2023-05-13,2023-05-02,2023-05-09,100.0,75.0,87.5,2023-05-11,2023-05-12,71.15384615384616,2023-05-12,2023-05-13,95.23809523809524,True,4.0,True,True,True,1,True,True,True,0.0,True,True,3,3,84.63064713064713,EXTREME_BULLISH,True,True,True,False,True,False,False
2023-05-14,2023-05-02,2023-05-09,100.0,75.0,87.5,2023-05-11,2023-05-12,71.15384615384616,2023-05-12,2023-05-13,95.23809523809524,True,5.0,True,True,True,2,True,True,True,1.0,True,True,3,3,84.63064713064713,EXTREME_BULLISH,True,True,True,False,True,False,False
2023-05-15,2023-05-02,2023-05-09,100.0,75.0,87.5,2023-05-11,2023-05-12,71.15384615384616,2023-05-12,2023-05-13,95.23809523809524,True,6.0,True,True,True,3,True,True,True,2.0,True,True,3,3,84.63064713064713,EXTREME_BULLISH,True,True,True,False,True,False,False
2023-05-16,2023-05-09,2023-05-16,100.0,86.53846153846153,93.26923076923077,2023-05-11,2023-05-12,71.15384615384616,2023-05-15,2023-05-16,94.44444444444444,True,0.0,True,True,True,4,True,True,True,0.0,True,True,3,3,86.28917378917379,EXTREME_BULLISH,True,True,True,False,True,False,False
2023-05-17,2023-05-09,2023-05-16,100.0,86.53846153846153,93.26923076923077,2023-05-11,2023-05-12,71.15384615384616,2023-05-16,2023-05-17,91.66666666666667,True,1.0,True,True,True,5,True,True,True,0.0,True,True,3,3,85.36324786324786,EXTREME_BULLISH,True,True,True,False,True,False,False
2023-05-18,2023-05-09,2023-05-16,100.0,86.53846153846153,93.26923076923077,2023-05-11,2023-05-12,71.15384615384616,2023-05-17,2023-05-18,97.61904761904762,True,2.0,True,True,True,6,True,True,True,0.0,True,True,3,3,87.34737484737485,EXTREME_BULLISH,True,True,True,False,True,False,False
2023-05-19,2023-05-09,2023-05-16,100.0,86.53846153846153,93.26923076923077,2023-05-18,2023-05-19,57.692307692307686,2023-05-18,2023-05-19,99.2063492063492,True,3.0,True,True,True,0,True,True,True,0.0,True,True,3,3,83.3892958892959,EXTREME_BULLISH,True,True,True,False,True,False,False
2023-05-20,2023-05-09,2023-05-16,100.0,86.53846153846153,93.26923076923077,2023-05-18,2023-05-19,57.692307692307686,2023-05-19,2023-05-20,97.61904761904762,True,4.0,True,True,True,1,True,True,True,0.0,True,True,3,3,82.86019536019536,EXTREME_BULLISH,True,True,True,False,True,False,False
2023-05-21,2023-05-09,2023-05-16,100.0,86.53846153846153,93.26923076923077,2023-05-18,2023-05-19,57.692307692307686,2023-05-19,2023-05-20,97.61904761904762,True,5.0,True,True,True,2,True,True,True,1.0,True,True,3,3,82.86019536019536,EXTREME_BULLISH,True,True,True,False,True,False,False
2023-05-22,2023-05-09,2023-05-16,100.0,86.53846153846153,93.26923076923077,2023-05-18,2023-05-19,57.692307692307686,2023-05-19,2023-05-20,97.61904761904762,True,6.0,True,True,True,3,True,True,True,2.0,True,True,3,3,82.86019536019536,EXTREME_BULLISH,True,True,True,False,True,False,False
2023-05-23,2023-05-16,2023-05-23,100.0,80.76923076923076,90.38461538461539,2023-05-18,2023-05-19,57.692307692307686,2023-05-22,2023-05-23,92.06349206349206,True,0.0,True,True,True,4,True,True,True,0.0,True,True,3,3,80.04680504680505,EXTREME_BULLISH,True,True,True,False,True,False,False
2023-05-27,2023-05-16,2023-05-23,100.0,80.76923076923076,90.38461538461539,2023-05-25,2023-05-26,69.23076923076923,2023-05-26,2023-05-27,90.07936507936508,True,4.0,True,True,True,1,True,True,True,0.0,True,True,3,3,83.23158323158323,EXTREME_BULLISH,True,True,True,False,True,False,False
2023-05-28,2023-05-16,2023-05-23,100.0,80.76923076923076,90.38461538461539,2023-05-25,2023-05-26,69.23076923076923,2023-05-26,2023-05-27,90.07936507936508,True,5.0,True,True,True,2,True,True,True,1.0,True,True,3,3,83.23158323158323,EXTREME_BULLISH,True,True,True,False,True,False,False
2023-05-29,2023-05-16,2023-05-23,100.0,80.76923076923076,90.38461538461539,2023-05-25,2023-05-26,69.23076923076923,2023-05-26,2023-05-27,90.07936507936508,True,6.0,True,True,True,3,True,True,True,2.0,True,True,3,3,83.23158323158323,EXTREME_BULLISH,True,True,True,False,True,False,False
2023-05-30,2023-05-23,2023-05-30,100.0,88.46153846153847,94.23076923076923,2023-05-25,2023-05-26,69.23076923076923,2023-05-29,2023-05-30,91.66666666666667,True,0.0,True,True,True,4,True,True,True,0.0,True,True,3,3,85.04273504273505,EXTREME_BULLISH,True,True,True,False,True,False,False
2023-05-31,2023-05-23,2023-05-30,100.0,88.46153846153847,94.23076923076923,2023-05-25,2023-05-26,69.23076923076923,2023-05-30,2023-05-31,91.26984126984127,True,1.0,True,True,True,5,True,True,True,0.0,True,True,3,3,84.9104599104599,EXTREME_BULLISH,True,True,True,False,True,False,False
2023-06-01,2023-05-23,2023-05-30,100.0,88.46153846153847,94.23076923076923,2023-05-25,2023-05-26,69.23076923076923,2023-05-31,2023-06-01,89.28571428571429,True,2.0,True,True,True,6,True,True,True,0.0,True,True,3,3,84.24908424908425,EXTREME_BULLISH,True,True,True,False,True,False,False
2023-06-02,2023-05-23,2023-05-30,100.0,88.46153846153847,94.23076923076923,2023-06-01,2023-06-02,82.6923076923077,2023-06-01,2023-06-02,99.60317460317461,True,3.0,True,True,True,0,True,True,True,0.0,True,True,3,3,92.17541717541717,EXTREME_BULLISH,True,True,True,False,True,False,False
2023-06-03,2023-05-23,2023-05-30,100.0,88.46153846153847,94.23076923076923,2023-06-01,2023-06-02,82.6923076923077,2023-06-02,2023-06-03,99.60317460317461,True,4.0,True,True,True,1,True,True,True,0.0,True,True,3,3,92.17541717541717,EXTREME_BULLISH,True,True,True,False,True,False,False
2023-06-04,2023-05-23,2023-05-30,100.0,88.46153846153847,94.23076923076923,2023-06-01,2023-06-02,82.6923076923077,2023-06-02,2023-06-03,99.60317460317461,True,5.0,True,True,True,2,True,True,True,1.0,True,True,3,3,92.17541717541717,EXTREME_BULLISH,True,True,True,False,True,False,False
2023-06-05,2023-05-23,2023-05-30,100.0,88.46153846153847,94.23076923076923,2023-06-01,2023-06-02,82.6923076923077,2023-06-02,2023-06-03,99.60317460317461,True,6.0,True,True,True,3,True,True,True,2.0,True,True,3,3,92.17541717541717,EXTREME_BULLISH,True,True,True,False,True,False,False
2023-06-06,2023-05-30,2023-06-06,100.0,90.38461538461539,95.1923076923077,2023-06-01,2023-06-02,82.6923076923077,2023-06-05,2023-06-06,99.2063492063492,True,0.0,True,True,True,4,True,True,True,0.0,True,True,3,3,92.36365486365486,EXTREME_BULLISH,True,True,True,False,True,False,False
2023-06-07,2023-05-30,2023-06-06,100.0,90.38461538461539,95.1923076923077,2023-06-01,2023-06-02,82.6923076923077,2023-06-06,2023-06-07,99.60317460317461,True,1.0,True,True,True,5,True,True,True,0.0,True,True,3,3,92.49592999593,EXTREME_BULLISH,True,True,True,False,True,False,False
2023-06-08,2023-05-30,2023-06-06,100.0,90.38461538461539,95.1923076923077,2023-06-01,2023-06-02,82.6923076923077,2023-06-07,2023-06-08,99.60317460317461,True,2.0,True,True,True,6,True,True,True,0.0,True,True,3,3,92.49592999593,EXTREME_BULLISH,True,True,True,False,True,False,False
2023-06-09,2023-05-30,2023-06-06,100.0,90.38461538461539,95.1923076923077,2023-06-08,2023-06-09,100.0,2023-06-08,2023-06-09,99.60317460317461,True,3.0,True,True,True,0,True,True,True,0.0,True,True,3,3,98.26516076516077,EXTREME_BULLISH,True,True,True,False,True,False,False
2023-06-10,2023-05-30,2023-06-06,100.0,90.38461538461539,95.1923076923077,2023-06-08,2023-06-09,100.0,2023-06-09,2023-06-10,99.2063492063492,True,4.0,True,True,True,1,True,True,True,0.0,True,True,3,3,98.13288563288563,EXTREME_BULLISH,True,True,True,False,True,False,False
2023-06-11,2023-05-30,2023-06-06,100.0,90.38461538461539,95.1923076923077,2023-06-08,2023-06-09,100.0,2023-06-09,2023-06-10,99.2063492063492,True,5.0,True,True,True,2,True,True,True,1.0,True,True,3,3,98.13288563288563,EXTREME_BULLISH,True,True,True,False,True,False,False
2023-06-12,2023-05-30,2023-06-06,100.0,90.38461538461539,95.1923076923077,2023-06-08,2023-06-09,100.0,2023-06-09,2023-06-10,99.2063492063492,True,6.0,True,True,True,3,True,True,True,2.0,True,True,3,3,98.13288563288563,EXTREME_BULLISH,True,True,True,False,True,False,False
2023-06-13,2023-06-06,2023-06-13,100.0,96.15384615384616,98.07692307692308,2023-06-08,2023-06-09,100.0,2023-06-12,2023-06-13,97.22222222222223,True,0.0,True,True,True,4,True,True,True,0.0,True,True,3,3,98.43304843304844,EXTREME_BULLISH,True,True,True,False,True,False,False
2023-06-14,2023-06-06,2023-06-13,100.0,96.15384615384616,98.07692307692308,2023-06-08,2023-06-09,100.0,2023-06-13,2023-06-14,97.61904761904762,True,1.0,True,True,True,5,True,True,True,0.0,True,True,3,3,98.56532356532357,EXTREME_BULLISH,True,True,True,False,True,False,False
2023-06-15,2023-06-06,2023-06-13,100.0,96.15384615384616,98.07692307692308,2023-06-08,2023-06-09,100.0,2023-06-14,2023-06-15,98.80952380952381,True,2.0,True,True,True,6,True,True,True,0.0,True,True,3,3,98.96214896214896,EXTREME_BULLISH,True,True,True,False,True,False,False
2023-06-16,2023-06-06,2023-06-13,100.0,96.15384615384616,98.07692307692308,2023-06-15,2023-06-16,100.0,2023-06-15,2023-06-16,97.61904761904762,True,3.0,True,True,True,0,True,True,True,0.0,True,True,3,3,98.56532356532357,EXTREME_BULLISH,True,True,True,False,True,False,False
2023-06-17,2023-06-06,2023-06-13,100.0,96.15384615384616,98.07692307692308,2023-06-15,2023-06-16,100.0,2023-06-16,2023-06-17,99.60317460317461,True,4.0,True,True,True,1,True,True,True,0.0,True,True,3,3,99.22669922669922,EXTREME_BULLISH,True,True,True,False,True,False,False
2023-06-18,2023-06-06,2023-06-13,100.0,96.15384615384616,98.07692307692308,2023-06-15,2023-06-16,100.0,2023-06-16,2023-06-17,99.60317460317461,True,5.0,True,True,True,2,True,True,True,1.0,True,True,3,3,99.22669922669922,EXTREME_BULLISH,True,True,True,False,True,False,False
2023-06-19,2023-06-06,2023-06-13,100.0,96.15384615384616,98.07692307692308,2023-06-15,2023-06-16,100.0,2023-06-16,2023-06-17,99.60317460317461,True,6.0,True,True,True,3,True,True,True,2.0,True,True,3,3,99.22669922669922,EXTREME_BULLISH,True,True,True,False,True,False,False
2023-06-20,2023-06-13,2023-06-20,100.0,90.38461538461539,95.1923076923077,2023-06-15,2023-06-16,100.0,2023-06-19,2023-06-20,97.22222222222223,True,0.0,True,True,True,4,True,True,True,0.0,True,True,3,3,97.47150997150997,EXTREME_BULLISH,True,True,True,False,True,False,False
2023-06-21,2023-06-13,2023-06-20,100.0,90.38461538461539,95.1923076923077,2023-06-15,2023-06-16,100.0,2023-06-20,2023-06-21,98.01587301587301,True,1.0,True,True,True,5,True,True,True,0.0,True,True,3,3,97.73606023606023,EXTREME_BULLISH,True,True,True,False,True,False,False
2023-06-22,2023-06-13,2023-06-20,100.0,90.38461538461539,95.1923076923077,2023-06-15,2023-06-16,100.0,2023-06-21,2023-06-22,99.60317460317461,True,2.0,True,True,True,6,True,True,True,0.0,True,True,3,3,98.26516076516077,EXTREME_BULLISH,True,True,True,False,True,False,False
2023-06-23,2023-06-13,2023-06-20,100.0,90.38461538461539,95.1923076923077,2023-06-22,2023-06-23,96.15384615384616,2023-06-22,2023-06-23,99.60317460317461,True,3.0,True,True,True,0,True,True,True,0.0,True,True,3,3,96.9831094831095,EXTREME_BULLISH,True,True,True,False,True,False,False
2023-06-24,2023-06-13,2023-06-20,100.0,90.38461538461539,95.1923076923077,2023-06-22,2023-06-23,96.15384615384616,2023-06-23,2023-06-24,98.80952380952381,True,4.0,True,True,True,1,True,True,True,0.0,True,True,3,3,96.71855921855922,EXTREME_BULLISH,True,True,True,False,True,False,False
2023-06-25,2023-06-13,2023-06-20,100.0,90.38461538461539,95.1923076923077,2023-06-22,2023-06-23,96.15384615384616,2023-06-23,2023-06-24,98.80952380952381,True,5.0,True,True,True,2,True,True,True,1.0,True,True,3,3,96.71855921855922,EXTREME_BULLISH,True,True,True,False,True,False,False
2023-06-26,2023-06-13,2023-06-20,100.0,90.38461538461539,95.1923076923077,2023-06-22,2023-06-23,96.15384615384616,2023-06-23,2023-06-24,98.80952380952381,True,6.0,True,True,True,3,True,True,True,2.0,True,True,3,3,96.71855921855922,EXTREME_BULLISH,True,True,True,False,True,False,False
2023-06-27,2023-06-20,2023-06-27,100.0,30.769230769230774,65.38461538461539,2023-06-22,2023-06-23,96.15384615384616,2023-06-26,2023-06-27,95.23809523809524,True,0.0,True,True,True,4,True,True,True,0.0,True,True,3,3,85.5921855921856,EXTREME_BULLISH,True,True,True,False,True,False,False
2023-06-28,2023-06-20,2023-06-27,100.0,30.769230769230774,65.38461538461539,2023-06-22,2023-06-23,96.15384615384616,2023-06-27,2023-06-28,97.61904761904762,True,1.0,True,True,True,5,True,True,True,0.0,True,True,3,3,86.38583638583638,EXTREME_BULLISH,True,True,True,False,True,False,False
2023-06-29,2023-06-20,2023-06-27,100.0,30.769230769230774,65.38461538461539,2023-06-22,2023-06-23,96.15384615384616,2023-06-28,2023-06-29,98.80952380952381,True,2.0,True,True,True,6,True,True,True,0.0,True,True,3,3,86.78266178266178,EXTREME_BULLISH,True,True,True,False,True,False,False
2023-06-30,2023-06-20,2023-06-27,100.0,30.769230769230774,65.38461538461539,2023-06-29,2023-06-30,94.23076923076924,2023-06-29,2023-06-30,97.61904761904762,True,3.0,True,True,True,0,True,True,True,0.0,True,True,3,3,85.74481074481075,EXTREME_BULLISH,True,True,True,False,True,False,False
2023-07-01,2023-06-20,2023-06-27,100.0,30.769230769230774,65.38461538461539,2023-06-29,2023-06-30,94.23076923076924,2023-06-30,2023-07-01,97.22222222222223,True,4.0,True,True,True,1,True,True,True,0.0,True,True,3,3,85.61253561253562,EXTREME_BULLISH,True,True,True,False,True,False,False
2023-07-02,2023-06-20,2023-06-27,100.0,30.769230769230774,65.38461538461539,2023-06-29,2023-06-30,94.23076923076924,2023-06-30,2023-07-01,97.22222222222223,True,5.0,True,True,True,2,True,True,True,1.0,True,True,3,3,85.61253561253562,EXTREME_BULLISH,True,True,True,False,True,False,False
2023-07-03,2023-06-20,2023-06-27,100.0,30.769230769230774,65.38461538461539,2023-06-29,2023-06-30,94.23076923076924,2023-06-30,2023-07-01,97.22222222222223,True,6.0,True,True,True,3,True,True,True,2.0,True,True,3,3,85.61253561253562,EXTREME_BULLISH,True,True,True,False,True,False,False
2023-07-04,2023-06-27,2023-07-04,96.15384615384616,15.384615384615387,55.769230769230774,2023-06-29,2023-06-30,94.23076923076924,2023-07-03,2023-07-04,97.22222222222223,True,0.0,True,True,True,4,True,True,True,0.0,True,True,3,3,82.4074074074074,EXTREME_BULLISH,True,True,True,False,True,False,False
2023-07-05,2023-06-27,2023-07-04,96.15384615384616,15.384615384615387,55.769230769230774,2023-06-29,2023-06-30,94.23076923076924,2023-07-04,2023-07-05,96.03174603174604,True,1.0,True,True,True,5,True,True,True,0.0,True,True,3,3,82.01058201058201,EXTREME_BULLISH,True,True,True,False,True,False,False
2023-07-06,2023-06-27,2023-07-04,96.15384615384616,15.384615384615387,55.769230769230774,2023-06-29,2023-06-30,94.23076923076924,2023-07-05,2023-07-06,93.25396825396825,True,2.0,True,True,True,6,True,True,True,0.0,True,True,3,3,81.08465608465609,EXTREME_BULLISH,True,True,True,False,True,False,False
2023-07-07,2023-06-27,2023-07-04,96.15384615384616,15.384615384615387,55.769230769230774,2023-07-06,2023-07-07,98.07692307692308,2023-07-06,2023-07-07,90.07936507936508,True,3.0,True,True,True,0,True,True,True,0.0,True,True,3,3,81.30850630850631,EXTREME_BULLISH,True,True,True,False,True,False,False
2023-07-08,2023-06-27,2023-07-04,96.15384615384616,15.384615384615387,55.769230769230774,2023-07-06,2023-07-07,98.07692307692308,2023-07-07,2023-07-08,90.47619047619048,True,4.0,True,True,True,1,True,True,True,0.0,True,True,3,3,81.44078144078145,EXTREME_BULLISH,True,True,True,False,True,False,False
2023-07-09,2023-06-27,2023-07-04,96.15384615384616,15.384615384615387,55.769230769230774,2023-07-06,2023-07-07,98.07692307692308,2023-07-07,2023-07-08,90.47619047619048,True,5.0,True,True,True,2,True,True,True,1.0,True,True,3,3,81.44078144078145,EXTREME_BULLISH,True,True,True,False,True,False,False
2023-07-10,2023-07-03,2023-07-10,98.07692307692308,9.615384615384599,53.84615384615384,2023-07-06,2023-07-07,98.07692307692308,2023-07-07,2023-07-08,90.47619047619048,True,0.0,True,True,True,3,True,True,True,2.0,True,True,3,3,80.7997557997558,EXTREME_BULLISH,True,True,True,False,True,False,False
2023-07-11,2023-07-03,2023-07-10,98.07692307692308,9.615384615384599,53.84615384615384,2023-07-06,2023-07-07,98.07692307692308,2023-07-10,2023-07-11,89.68253968253968,True,1.0,True,True,True,4,True,True,True,0.0,True,True,3,3,80.53520553520553,EXTREME_BULLISH,True,True,True,False,True,False,False
2023-07-12,2023-07-03,2023-07-10,98.07692307692308,9.615384615384599,53.84615384615384,2023-07-06,2023-07-07,98.07692307692308,2023-07-11,2023-07-12,90.07936507936508,True,2.0,True,True,True,5,True,True,True,0.0,True,True,3,3,80.66748066748066,EXTREME_BULLISH,True,True,True,False,True,False,False
2023-07-13,2023-07-03,2023-07-10,98.07692307692308,9.615384615384599,53.84615384615384,2023-07-06,2023-07-07,98.07692307692308,2023-07-12,2023-07-13,97.22222222222223,True,3.0,True,True,True,6,True,True,True,0.0,True,True,3,3,83.04843304843304,EXTREME_BULLISH,True,True,True,False,True,False,False
2023-07-14,2023-07-03,2023-07-10,98.07692307692308,9.615384615384599,53.84615384615384,2023-07-13,2023-07-14,94.23076923076924,2023-07-13,2023-07-14,96.03174603174604,True,4.0,True,True,True,0,True,True,True,0.0,True,True,3,3,81.36955636955638,EXTREME_BULLISH,True,True,True,False,True,False,False
2023-07-15,2023-07-03,2023-07-10,98.07692307692308,9.615384615384599,53.84615384615384,2023-07-13,2023-07-14,94.23076923076924,2023-07-14,2023-07-15,98.80952380952381,True,5.0,True,True,True,1,True,True,True,0.0,True,True,3,3,82.2954822954823,EXTREME_BULLISH,True,True,True,False,True,False,False
2023-07-16,2023-07-03,2023-07-10,98.07692307692308,9.615384615384599,53.84615384615384,2023-07-13,2023-07-14,94.23076923076924,2023-07-14,2023-07-15,98.80952380952381,True,6.0,True,True,True,2,True,True,True,1.0,True,True,3,3,82.2954822954823,EXTREME_BULLISH,True,True,True,False,True,False,False
2023-07-17,2023-07-03,2023-07-10,98.07692307692308,9.615384615384599,53.84615384615384,2023-07-13,2023-07-14,94.23076923076924,2023-07-14,2023-07-15,98.80952380952381,True,7.0,True,True,True,3,True,True,True,2.0,True,True,3,3,82.2954822954823,EXTREME_BULLISH,True,True,True,False,True,False,False
2023-07-18,2023-07-11,2023-07-18,94.23076923076924,15.384615384615387,54.807692307692314,2023-07-13,2023-07-14,94.23076923076924,2023-07-17,2023-07-18,97.61904761904762,True,0.0,True,True,True,4,True,True,True,0.0,True,True,3,3,82.21916971916973,EXTREME_BULLISH,True,True,True,False,True,False,False
2023-07-19,2023-07-11,2023-07-18,94.23076923076924,15.384615384615387,54.807692307692314,2023-07-13,2023-07-14,94.23076923076924,2023-07-18,2023-07-19,98.80952380952381,True,1.0,True,True,True,5,True,True,True,0.0,True,True,3,3,82.61599511599512,EXTREME_BULLISH,True,True,True,False,True,False,False
2023-07-20,2023-07-11,2023-07-18,94.23076923076924,15.384615384615387,54.807692307692314,2023-07-13,2023-07-14,94.23076923076924,2023-07-19,2023-07-20,93.25396825396825,True,2.0,True,True,True,6,True,True,True,0.0,True,True,3,3,80.76414326414327,EXTREME_BULLISH,True,True,True,False,True,False,False
2023-07-21,2023-07-11,2023-07-18,94.23076923076924,15.384615384615387,54.807692307692314,2023-07-20,2023-07-21,100.0,2023-07-20,2023-07-21,90.87301587301587,True,3.0,True,True,True,0,True,True,True,0.0,True,True,3,3,81.8935693935694,EXTREME_BULLISH,True,True,True,False,True,False,False
2023-07-22,2023-07-11,2023-07-18,94.23076923076924,15.384615384615387,54.807692307692314,2023-07-20,2023-07-21,100.0,2023-07-21,2023-07-22,94.84126984126985,True,4.0,True,True,True,1,True,True,True,0.0,True,True,3,3,83.21632071632072,EXTREME_BULLISH,True,True,True,False,True,False,False
2023-07-23,2023-07-11,2023-07-18,94.23076923076924,15.384615384615387,54.807692307692314,2023-07-20,2023-07-21,100.0,2023-07-21,2023-07-22,94.84126984126985,True,5.0,True,True,True,2,True,True,True,1.0,True,True,3,3,83.21632071632072,EXTREME_BULLISH,True,True,True,False,True,False,False
2023-07-24,2023-07-11,2023-07-18,94.23076923076924,15.384615384615387,54.807692307692314,2023-07-20,2023-07-21,100.0,2023-07-21,2023-07-22,94.84126984126985,True,6.0,True,True,True,3,True,True,True,2.0,True,True,3,3,83.21632071632072,EXTREME_BULLISH,True,True,True,False,True,False,False
2023-07-25,2023-07-18,2023-07-25,100.0,32.69230769230769,66.34615384615384,2023-07-20,2023-07-21,100.0,2023-07-24,2023-07-25,91.26984126984127,True,0.0,True,True,True,4,True,True,True,0.0,True,True,3,3,85.87199837199837,EXTREME_BULLISH,True,True,True,False,True,False,False
2023-07-26,2023-07-18,2023-07-25,100.0,32.69230769230769,66.34615384615384,2023-07-20,2023-07-21,100.0,2023-07-25,2023-07-26,92.06349206349206,True,1.0,True,True,True,5,True,True,True,0.0,True,True,3,3,86.13654863654864,EXTREME_BULLISH,True,True,True,False,True,False,False
2023-07-27,2023-07-18,2023-07-25,100.0,32.69230769230769,66.34615384615384,2023-07-20,2023-07-21,100.0,2023-07-26,2023-07-27,99.2063492063492,True,2.0,True,True,True,6,True,True,True,0.0,True,True,3,3,88.517501017501,EXTREME_BULLISH,True,True,True,False,True,False,False
2023-07-28,2023-07-18,2023-07-25,100.0,32.69230769230769,66.34615384615384,2023-07-27,2023-07-28,94.23076923076924,2023-07-27,2023-07-28,87.6984126984127,True,3.0,True,True,True,0,True,True,True,0.0,True,True,3,3,82.75844525844526,EXTREME_BULLISH,True,True,True,False,True,False,False
2023-07-29,2023-07-18,2023-07-25,100.0,32.69230769230769,66.34615384615384,2023-07-27,2023-07-28,94.23076923076924,2023-07-28,2023-07-29,98.01587301587301,True,4.0,True,True,True,1,True,True,True,0.0,True,True,3,3,86.1975986975987,EXTREME_BULLISH,True,True,True,False,True,False,False
2023-07-30,2023-07-18,2023-07-25,100.0,32.69230769230769,66.34615384615384,2023-07-27,2023-07-28,94.23076923076924,2023-07-28,2023-07-29,98.01587301587301,True,5.0,True,True,True,2,True,True,True,1.0,True,True,3,3,86.1975986975987,EXTREME_BULLISH,True,True,True,False,True,False,False
2023-07-31,2023-07-18,2023-07-25,100.0,32.69230769230769,66.34615384615384,2023-07-27,2023-07-28,94.23076923076924,2023-07-28,2023-07-29,98.01587301587301,True,6.0,True,True,True,3,True,True,True,2.0,True,True,3,3,86.1975986975987,EXTREME_BULLISH,True,True,True,False,True,False,False
2023-08-01,2023-07-25,2023-08-01,98.07692307692308,44.23076923076923,71.15384615384616,2023-07-27,2023-07-28,94.23076923076924,2023-07-31,2023-08-01,93.25396825396825,True,0.0,True,True,True,4,True,True,True,0.0,True,True,3,3,86.21286121286123,EXTREME_BULLISH,True,True,True,False,True,False,False
2023-08-02,2023-07-25,2023-08-01,98.07692307692308,44.23076923076923,71.15384615384616,2023-07-27,2023-07-28,94.23076923076924,2023-08-01,2023-08-02,89.28571428571429,True,1.0,True,True,True,5,True,True,True,0.0,True,True,3,3,84.8901098901099,EXTREME_BULLISH,True,True,True,False,True,False,False
2023-08-03,2023-07-25,2023-08-01,98.07692307692308,44.23076923076923,71.15384615384616,2023-07-27,2023-07-28,94.23076923076924,2023-08-02,2023-08-03,80.95238095238095,True,2.0,True,True,True,6,True,True,True,0.0,True,True,3,3,82.11233211233213,EXTREME_BULLISH,True,True,True,False,True,False,False
2023-08-04,2023-07-25,2023-08-01,98.07692307692308,44.23076923076923,71.15384615384616,2023-08-03,2023-08-04,98.07692307692308,2023-08-03,2023-08-04,81.74603174603175,True,3.0,True,True,True,0,True,True,True,0.0,True,True,3,3,83.65893365893366,EXTREME_BULLISH,True,True,True,False,True,False,False
2023-08-05,2023-07-25,2023-08-01,98.07692307692308,44.23076923076923,71.15384615384616,2023-08-03,2023-08-04,98.07692307692308,2023-08-04,2023-08-05,75.0,True,4.0,True,True,True,1,True,True,True,0.0,True,True,3,3,81.41025641025641,EXTREME_BULLISH,True,True,True,False,True,False,False
2023-08-06,2023-07-25,2023-08-01,98.07692307692308,44.23076923076923,71.15384615384616,2023-08-03,2023-08-04,98.07692307692308,2023-08-04,2023-08-05,75.0,True,5.0,True,True,True,2,True,True,True,1.0,True,True,3,3,81.41025641025641,EXTREME_BULLISH,True,True,True,False,True,False,False
2023-08-07,2023-07-25,2023-08-01,98.07692307692308,44.23076923076923,71.15384615384616,2023-08-03,2023-08-04,98.07692307692308,2023-08-04,2023-08-05,75.0,True,6.0,True,True,True,3,True,True,True,2.0,True,True,3,3,81.41025641025641,EXTREME_BULLISH,True,True,True,False,True,False,False
2023-08-08,2023-08-01,2023-08-08,100.0,32.69230769230769,66.34615384615384,2023-08-03,2023-08-04,98.07692307692308,2023-08-07,2023-08-08,82.14285714285714,True,0.0,True,True,True,4,True,True,True,0.0,True,True,3,3,82.18864468864469,EXTREME_BULLISH,True,True,True,False,True,False,False
2023-08-09,2023-08-01,2023-08-08,100.0,32.69230769230769,66.34615384615384,2023-08-03,2023-08-04,98.07692307692308,2023-08-08,2023-08-09,80.95238095238095,True,1.0,True,True,True,5,True,True,True,0.0,True,True,3,3,81.7918192918193,EXTREME_BULLISH,True,True,True,False,True,False,False
2023-08-10,2023-08-01,2023-08-08,100.0,32.69230769230769,66.34615384615384,2023-08-03,2023-08-04,98.07692307692308,2023-08-09,2023-08-10,80.95238095238095,True,2.0,True,True,True,6,True,True,True,0.0,True,True,3,3,81.7918192918193,EXTREME_BULLISH,True,True,True,False,True,False,False
2023-11-28,2023-11-21,2023-11-28,75.0,34.61538461538461,54.80769230769231,2023-11-23,2023-11-24,92.3076923076923,2023-11-27,2023-11-28,99.2063492063492,True,0.0,True,True,True,4,True,True,True,0.0,True,True,3,3,82.1072446072446,EXTREME_BULLISH,True,True,True,False,True,False,False
2023-11-29,2023-11-21,2023-11-28,75.0,34.61538461538461,54.80769230769231,2023-11-23,2023-11-24,92.3076923076923,2023-11-28,2023-11-29,98.80952380952381,True,1.0,True,True,True,5,True,True,True,0.0,True,True,3,3,81.97496947496948,EXTREME_BULLISH,True,True,True,False,True,False,False
2023-11-30,2023-11-21,2023-11-28,75.0,34.61538461538461,54.80769230769231,2023-11-23,2023-11-24,92.3076923076923,2023-11-29,2023-11-30,96.82539682539682,True,2.0,True,True,True,6,True,True,True,0.0,True,True,3,3,81.31359381359381,EXTREME_BULLISH,True,True,True,False,True,False,False
2023-12-01,2023-11-21,2023-11-28,75.0,34.61538461538461,54.80769230769231,2023-11-30,2023-12-01,98.07692307692308,2023-11-30,2023-12-01,96.82539682539682,True,3.0,True,True,True,0,True,True,True,0.0,True,True,3,3,83.23667073667075,EXTREME_BULLISH,True,True,True,False,True,False,False
2023-12-02,2023-11-21,2023-11-28,75.0,34.61538461538461,54.80769230769231,2023-11-30,2023-12-01,98.07692307692308,2023-12-01,2023-12-02,99.2063492063492,True,4.0,True,True,True,1,True,True,True,0.0,True,True,3,3,84.03032153032153,EXTREME_BULLISH,True,True,True,False,True,False,False
2023-12-03,2023-11-21,2023-11-28,75.0,34.61538461538461,54.80769230769231,2023-11-30,2023-12-01,98.07692307692308,2023-12-01,2023-12-02,99.2063492063492,True,5.0,True,True,True,2,True,True,True,1.0,True,True,3,3,84.03032153032153,EXTREME_BULLISH,True,True,True,False,True,False,False
2023-12-04,2023-11-21,2023-11-28,75.0,34.61538461538461,54.80769230769231,2023-11-30,2023-12-01,98.07692307692308,2023-12-01,2023-12-02,99.2063492063492,True,6.0,True,True,True,3,True,True,True,2.0,True,True,3,3,84.03032153032153,EXTREME_BULLISH,True,True,True,False,True,False,False
2023-12-05,2023-11-28,2023-12-05,90.3846153846154,40.38461538461539,65.38461538461539,2023-11-30,2023-12-01,98.07692307692308,2023-12-04,2023-12-05,95.63492063492063,True,0.0,True,True,True,4,True,True,True,0.0,True,True,3,3,86.36548636548635,EXTREME_BULLISH,True,True,True,False,True,False,False
2023-12-06,2023-11-28,2023-12-05,90.3846153846154,40.38461538461539,65.38461538461539,2023-11-30,2023-12-01,98.07692307692308,2023-12-05,2023-12-06,96.82539682539682,True,1.0,True,True,True,5,True,True,True,0.0,True,True,3,3,86.76231176231175,EXTREME_BULLISH,True,True,True,False,True,False,False
2023-12-07,2023-11-28,2023-12-05,90.3846153846154,40.38461538461539,65.38461538461539,2023-11-30,2023-12-01,98.07692307692308,2023-12-06,2023-12-07,95.63492063492063,True,2.0,True,True,True,6,True,True,True,0.0,True,True,3,3,86.36548636548635,EXTREME_BULLISH,True,True,True,False,True,False,False
2023-12-08,2023-11-28,2023-12-05,90.3846153846154,40.38461538461539,65.38461538461539,2023-12-07,2023-12-08,84.61538461538461,2023-12-07,2023-12-08,94.84126984126985,True,3.0,True,True,True,0,True,True,True,0.0,True,True,3,3,81.61375661375662,EXTREME_BULLISH,True,True,True,False,True,False,False
2023-12-09,2023-11-28,2023-12-05,90.3846153846154,40.38461538461539,65.38461538461539,2023-12-07,2023-12-08,84.61538461538461,2023-12-08,2023-12-09,99.60317460317461,True,4.0,True,True,True,1,True,True,True,0.0,True,True,3,3,83.2010582010582,EXTREME_BULLISH,True,True,True,False,True,False,False
2023-12-10,2023-11-28,2023-12-05,90.3846153846154,40.38461538461539,65.38461538461539,2023-12-07,2023-12-08,84.61538461538461,2023-12-08,2023-12-09,99.60317460317461,True,5.0,True,True,True,2,True,True,True,1.0,True,True,3,3,83.2010582010582,EXTREME_BULLISH,True,True,True,False,True,False,False
2023-12-11,2023-11-28,2023-12-05,90.3846153846154,40.38461538461539,65.38461538461539,2023-12-07,2023-12-08,84.61538461538461,2023-12-08,2023-12-09,99.60317460317461,True,6.0,True,True,True,3,True,True,True,2.0,True,True,3,3,83.2010582010582,EXTREME_BULLISH,True,True,True,False,True,False,False
2023-12-12,2023-12-05,2023-12-12,94.23076923076924,50.0,72.11538461538461,2023-12-07,2023-12-08,84.61538461538461,2023-12-11,2023-12-12,98.41269841269842,True,0.0,True,True,True,4,True,True,True,0.0,True,True,3,3,85.04782254782255,EXTREME_BULLISH,True,True,True,False,True,False,False
2023-12-13,2023-12-05,2023-12-12,94.23076923076924,50.0,72.11538461538461,2023-12-07,2023-12-08,84.61538461538461,2023-12-12,2023-12-13,99.60317460317461,True,1.0,True,True,True,5,True,True,True,0.0,True,True,3,3,85.44464794464795,EXTREME_BULLISH,True,True,True,False,True,False,False
2023-12-14,2023-12-05,2023-12-12,94.23076923076924,50.0,72.11538461538461,2023-12-07,2023-12-08,84.61538461538461,2023-12-13,2023-12-14,99.2063492063492,True,2.0,True,True,True,6,True,True,True,0.0,True,True,3,3,85.31237281237281,EXTREME_BULLISH,True,True,True,False,True,False,False
2023-12-15,2023-12-05,2023-12-12,94.23076923076924,50.0,72.11538461538461,2023-12-14,2023-12-15,100.0,2023-12-14,2023-12-15,98.01587301587301,True,3.0,True,True,True,0,True,True,True,0.0,True,True,3,3,90.04375254375255,EXTREME_BULLISH,True,True,True,False,True,False,False
2023-12-16,2023-12-05,2023-12-12,94.23076923076924,50.0,72.11538461538461,2023-12-14,2023-12-15,100.0,2023-12-15,2023-12-16,98.80952380952381,True,4.0,True,True,True,1,True,True,True,0.0,True,True,3,3,90.30830280830281,EXTREME_BULLISH,True,True,True,False,True,False,False
2023-12-17,2023-12-05,2023-12-12,94.23076923076924,50.0,72.11538461538461,2023-12-14,2023-12-15,100.0,2023-12-15,2023-12-16,98.80952380952381,True,5.0,True,True,True,2,True,True,True,1.0,True,True,3,3,90.30830280830281,EXTREME_BULLISH,True,True,True,False,True,False,False
2023-12-18,2023-12-05,2023-12-12,94.23076923076924,50.0,72.11538461538461,2023-12-14,2023-12-15,100.0,2023-12-15,2023-12-16,98.80952380952381,True,6.0,True,True,True,3,True,True,True,2.0,True,True,3,3,90.30830280830281,EXTREME_BULLISH,True,True,True,False,True,False,False
2023-12-19,2023-12-12,2023-12-19,98.07692307692308,55.769230769230774,76.92307692307693,2023-12-14,2023-12-15,100.0,2023-12-18,2023-12-19,97.22222222222223,True,0.0,True,True,True,4,True,True,True,0.0,True,True,3,3,91.3817663817664,EXTREME_BULLISH,True,True,True,False,True,False,False
2023-12-20,2023-12-12,2023-12-19,98.07692307692308,55.769230769230774,76.92307692307693,2023-12-14,2023-12-15,100.0,2023-12-19,2023-12-20,97.22222222222223,True,1.0,True,True,True,5,True,True,True,0.0,True,True,3,3,91.3817663817664,EXTREME_BULLISH,True,True,True,False,True,False,False
2023-12-21,2023-12-12,2023-12-19,98.07692307692308,55.769230769230774,76.92307692307693,2023-12-14,2023-12-15,100.0,2023-12-20,2023-12-21,82.14285714285714,True,2.0,True,True,True,6,True,True,True,0.0,True,True,3,3,86.35531135531136,EXTREME_BULLISH,True,True,True,False,True,False,False
2023-12-22,2023-12-12,2023-12-19,98.07692307692308,55.769230769230774,76.92307692307693,2023-12-21,2023-12-22,100.0,2023-12-21,2023-12-22,82.14285714285714,True,3.0,True,True,True,0,True,True,True,0.0,True,True,3,3,86.35531135531136,EXTREME_BULLISH,True,True,True,False,True,False,False
2023-12-23,2023-12-12,2023-12-19,98.07692307692308,55.769230769230774,76.92307692307693,2023-12-21,2023-12-22,100.0,2023-12-22,2023-12-23,91.66666666666667,True,4.0,True,True,True,1,True,True,True,0.0,True,True,3,3,89.52991452991454,EXTREME_BULLISH,True,True,True,False,True,False,False
2023-12-24,2023-12-12,2023-12-19,98.07692307692308,55.769230769230774,76.92307692307693,2023-12-21,2023-12-22,100.0,2023-12-22,2023-12-23,91.66666666666667,True,5.0,True,True,True,2,True,True,True,1.0,True,True,3,3,89.52991452991454,EXTREME_BULLISH,True,True,True,False,True,False,False
2023-12-25,2023-12-12,2023-12-19,98.07692307692308,55.769230769230774,76.92307692307693,2023-12-21,2023-12-22,100.0,2023-12-22,2023-12-23,91.66666666666667,True,6.0,True,True,True,3,True,True,True,2.0,True,True,3,3,89.52991452991454,EXTREME_BULLISH,True,True,True,False,True,False,False
2023-12-26,2023-12-19,2023-12-26,100.0,32.69230769230769,66.34615384615384,2023-12-21,2023-12-22,100.0,2023-12-22,2023-12-23,91.66666666666667,True,0.0,True,True,True,4,True,True,True,3.0,True,True,3,3,86.0042735042735,EXTREME_BULLISH,True,True,True,False,True,False,False
2023-12-27,2023-12-19,2023-12-26,100.0,32.69230769230769,66.34615384615384,2023-12-21,2023-12-22,100.0,2023-12-26,2023-12-27,91.66666666666667,True,1.0,True,True,True,5,True,True,True,0.0,True,True,3,3,86.0042735042735,EXTREME_BULLISH,True,True,True,False,True,False,False
2023-12-28,2023-12-19,2023-12-26,100.0,32.69230769230769,66.34615384615384,2023-12-21,2023-12-22,100.0,2023-12-27,2023-12-28,98.01587301587301,True,2.0,True,True,True,6,True,True,True,0.0,True,True,3,3,88.12067562067561,EXTREME_BULLISH,True,True,True,False,True,False,False
2023-12-29,2023-12-19,2023-12-26,100.0,32.69230769230769,66.34615384615384,2023-12-28,2023-12-29,84.61538461538461,2023-12-28,2023-12-29,97.22222222222223,True,3.0,True,True,True,0,True,True,True,0.0,True,True,3,3,82.72792022792022,EXTREME_BULLISH,True,True,True,False,True,False,False
2023-12-30,2023-12-19,2023-12-26,100.0,32.69230769230769,66.34615384615384,2023-12-28,2023-12-29,84.61538461538461,2023-12-29,2023-12-30,97.61904761904762,True,4.0,True,True,True,1,True,True,True,0.0,True,True,3,3,82.86019536019536,EXTREME_BULLISH,True,True,True,False,True,False,False
2023-12-31,2023-12-19,2023-12-26,100.0,32.69230769230769,66.34615384615384,2023-12-28,2023-12-29,84.61538461538461,2023-12-29,2023-12-30,97.61904761904762,True,5.0,True,True,True,2,True,True,True,1.0,True,True,3,3,82.86019536019536,EXTREME_BULLISH,True,True,True,False,True,False,False
2024-01-01,2023-12-19,2023-12-26,100.0,32.69230769230769,66.34615384615384,2023-12-28,2023-12-29,84.61538461538461,2023-12-29,2023-12-30,97.61904761904762,True,6.0,True,True,True,3,True,True,True,2.0,True,True,3,3,82.86019536019536,EXTREME_BULLISH,True,True,True,False,True,False,False
2024-01-02,2023-12-26,2024-01-02,98.07692307692308,53.84615384615385,75.96153846153847,2023-12-28,2023-12-29,84.61538461538461,2023-12-29,2023-12-30,97.61904761904762,True,0.0,True,True,True,4,True,True,True,3.0,True,True,3,3,86.06532356532357,EXTREME_BULLISH,True,True,True,False,True,False,False
2024-01-03,2023-12-26,2024-01-02,98.07692307692308,53.84615384615385,75.96153846153847,2023-12-28,2023-12-29,84.61538461538461,2024-01-02,2024-01-03,87.6984126984127,True,1.0,True,True,True,5,True,True,True,0.0,True,True,3,3,82.75844525844526,EXTREME_BULLISH,True,True,True,False,True,False,False
2024-01-06,2023-12-26,2024-01-02,98.07692307692308,53.84615384615385,75.96153846153847,2024-01-04,2024-01-05,90.3846153846154,2024-01-05,2024-01-06,85.71428571428572,True,4.0,True,True,True,1,True,True,True,0.0,True,True,3,3,84.02014652014653,EXTREME_BULLISH,True,True,True,False,True,False,False
2024-01-07,2023-12-26,2024-01-02,98.07692307692308,53.84615384615385,75.96153846153847,2024-01-04,2024-01-05,90.3846153846154,2024-01-05,2024-01-06,85.71428571428572,True,5.0,True,True,True,2,True,True,True,1.0,True,True,3,3,84.02014652014653,EXTREME_BULLISH,True,True,True,False,True,False,False
2024-01-08,2023-12-26,2024-01-02,98.07692307692308,53.84615384615385,75.96153846153847,2024-01-04,2024-01-05,90.3846153846154,2024-01-05,2024-01-06,85.71428571428572,True,6.0,True,True,True,3,True,True,True,2.0,True,True,3,3,84.02014652014653,EXTREME_BULLISH,True,True,True,False,True,False,False
2024-01-09,2024-01-02,2024-01-09,100.0,65.38461538461539,82.6923076923077,2024-01-04,2024-01-05,90.3846153846154,2024-01-08,2024-01-09,88.88888888888889,True,0.0,True,True,True,4,True,True,True,0.0,True,True,3,3,87.32193732193734,EXTREME_BULLISH,True,True,True,False,True,False,False
2024-01-10,2024-01-02,2024-01-09,100.0,65.38461538461539,82.6923076923077,2024-01-04,2024-01-05,90.3846153846154,2024-01-09,2024-01-10,93.65079365079364,True,1.0,True,True,True,5,True,True,True,0.0,True,True,3,3,88.90923890923891,EXTREME_BULLISH,True,True,True,False,True,False,False
2024-01-11,2024-01-02,2024-01-09,100.0,65.38461538461539,82.6923076923077,2024-01-04,2024-01-05,90.3846153846154,2024-01-10,2024-01-11,93.65079365079364,True,2.0,True,True,True,6,True,True,True,0.0,True,True,3,3,88.90923890923891,EXTREME_BULLISH,True,True,True,False,True,False,False
2024-01-12,2024-01-02,2024-01-09,100.0,65.38461538461539,82.6923076923077,2024-01-11,2024-01-12,88.46153846153845,2024-01-11,2024-01-12,97.61904761904762,True,3.0,True,True,True,0,True,True,True,0.0,True,True,3,3,89.59096459096459,EXTREME_BULLISH,True,True,True,False,True,False,False
2024-01-13,2024-01-02,2024-01-09,100.0,65.38461538461539,82.6923076923077,2024-01-11,2024-01-12,88.46153846153845,2024-01-12,2024-01-13,92.85714285714286,True,4.0,True,True,True,1,True,True,True,0.0,True,True,3,3,88.003663003663,EXTREME_BULLISH,True,True,True,False,True,False,False
2024-01-14,2024-01-02,2024-01-09,100.0,65.38461538461539,82.6923076923077,2024-01-11,2024-01-12,88.46153846153845,2024-01-12,2024-01-13,92.85714285714286,True,5.0,True,True,True,2,True,True,True,1.0,True,True,3,3,88.003663003663,EXTREME_BULLISH,True,True,True,False,True,False,False
2024-01-15,2024-01-02,2024-01-09,100.0,65.38461538461539,82.6923076923077,2024-01-11,2024-01-12,88.46153846153845,2024-01-12,2024-01-13,92.85714285714286,True,6.0,True,True,True,3,True,True,True,2.0,True,True,3,3,88.003663003663,EXTREME_BULLISH,True,True,True,False,True,False,False
2024-02-06,2024-01-30,2024-02-06,100.0,73.07692307692308,86.53846153846155,2024-02-01,2024-02-02,88.46153846153845,2024-02-05,2024-02-06,73.01587301587301,True,0.0,True,True,True,4,True,True,True,0.0,True,True,3,3,82.67195767195767,EXTREME_BULLISH,True,True,True,False,True,False,False
2024-02-07,2024-01-30,2024-02-06,100.0,73.07692307692308,86.53846153846155,2024-02-01,2024-02-02,88.46153846153845,2024-02-06,2024-02-07,87.3015873015873,True,1.0,True,True,True,5,True,True,True,0.0,True,True,3,3,87.43386243386243,EXTREME_BULLISH,True,True,True,False,True,False,False
2024-02-08,2024-01-30,2024-02-06,100.0,73.07692307692308,86.53846153846155,2024-02-01,2024-02-02,88.46153846153845,2024-02-07,2024-02-08,90.87301587301587,True,2.0,True,True,True,6,True,True,True,0.0,True,True,3,3,88.62433862433863,EXTREME_BULLISH,True,True,True,False,True,False,False
2024-02-09,2024-01-30,2024-02-06,100.0,73.07692307692308,86.53846153846155,2024-02-08,2024-02-09,90.3846153846154,2024-02-08,2024-02-09,91.66666666666667,True,3.0,True,True,True,0,True,True,True,0.0,True,True,3,3,89.52991452991455,EXTREME_BULLISH,True,True,True,False,True,False,False
2024-02-10,2024-01-30,2024-02-06,100.0,73.07692307692308,86.53846153846155,2024-02-08,2024-02-09,90.3846153846154,2024-02-09,2024-02-10,88.4920634920635,True,4.0,True,True,True,1,True,True,True,0.0,True,True,3,3,88.47171347171349,EXTREME_BULLISH,True,True,True,False,True,False,False
2024-02-11,2024-01-30,2024-02-06,100.0,73.07692307692308,86.53846153846155,2024-02-08,2024-02-09,90.3846153846154,2024-02-09,2024-02-10,88.4920634920635,True,5.0,True,True,True,2,True,True,True,1.0,True,True,3,3,88.47171347171349,EXTREME_BULLISH,True,True,True,False,True,False,False
2024-02-12,2024-01-30,2024-02-06,100.0,73.07692307692308,86.53846153846155,2024-02-08,2024-02-09,90.3846153846154,2024-02-09,2024-02-10,88.4920634920635,True,6.0,True,True,True,3,True,True,True,2.0,True,True,3,3,88.47171347171349,EXTREME_BULLISH,True,True,True,False,True,False,False
2024-03-01,2024-02-20,2024-02-27,96.15384615384616,71.15384615384616,83.65384615384616,2024-02-29,2024-03-01,88.46153846153845,2024-02-29,2024-03-01,78.96825396825398,True,3.0,True,True,True,0,True,True,True,0.0,True,True,3,3,83.69454619454619,EXTREME_BULLISH,True,True,True,False,True,False,False
2024-03-02,2024-02-20,2024-02-27,96.15384615384616,71.15384615384616,83.65384615384616,2024-02-29,2024-03-01,88.46153846153845,2024-03-01,2024-03-02,84.52380952380952,True,4.0,True,True,True,1,True,True,True,0.0,True,True,3,3,85.54639804639805,EXTREME_BULLISH,True,True,True,False,True,False,False
2024-03-03,2024-02-20,2024-02-27,96.15384615384616,71.15384615384616,83.65384615384616,2024-02-29,2024-03-01,88.46153846153845,2024-03-01,2024-03-02,84.52380952380952,True,5.0,True,True,True,2,True,True,True,1.0,True,True,3,3,85.54639804639805,EXTREME_BULLISH,True,True,True,False,True,False,False
2024-03-04,2024-02-20,2024-02-27,96.15384615384616,71.15384615384616,83.65384615384616,2024-02-29,2024-03-01,88.46153846153845,2024-03-01,2024-03-02,84.52380952380952,True,6.0,True,True,True,3,True,True,True,2.0,True,True,3,3,85.54639804639805,EXTREME_BULLISH,True,True,True,False,True,False,False
2024-03-05,2024-02-27,2024-03-05,94.23076923076924,73.07692307692308,83.65384615384616,2024-02-29,2024-03-01,88.46153846153845,2024-03-04,2024-03-05,75.39682539682539,True,0.0,True,True,True,4,True,True,True,0.0,True,True,3,3,82.50407000407,EXTREME_BULLISH,True,True,True,False,True,False,False
2024-03-21,2024-03-12,2024-03-19,82.6923076923077,80.76923076923076,81.73076923076923,2024-03-14,2024-03-15,78.84615384615384,2024-03-20,2024-03-21,86.5079365079365,True,2.0,True,True,True,6,True,True,True,0.0,True,True,3,3,82.36161986161986,EXTREME_BULLISH,True,True,True,False,True,False,False
2024-03-29,2024-03-19,2024-03-26,96.15384615384616,71.15384615384616,83.65384615384616,2024-03-28,2024-03-29,88.46153846153845,2024-03-28,2024-03-29,86.11111111111111,True,3.0,True,True,True,0,True,True,True,0.0,True,True,3,3,86.07549857549857,EXTREME_BULLISH,True,True,True,False,True,False,False
2024-03-30,2024-03-19,2024-03-26,96.15384615384616,71.15384615384616,83.65384615384616,2024-03-28,2024-03-29,88.46153846153845,2024-03-28,2024-03-29,86.11111111111111,True,4.0,True,True,True,1,True,True,True,1.0,True,True,3,3,86.07549857549857,EXTREME_BULLISH,True,True,True,False,True,False,False
2024-03-31,2024-03-19,2024-03-26,96.15384615384616,71.15384615384616,83.65384615384616,2024-03-28,2024-03-29,88.46153846153845,2024-03-28,2024-03-29,86.11111111111111,True,5.0,True,True,True,2,True,True,True,2.0,True,True,3,3,86.07549857549857,EXTREME_BULLISH,True,True,True,False,True,False,False
2024-04-01,2024-03-19,2024-03-26,96.15384615384616,71.15384615384616,83.65384615384616,2024-03-28,2024-03-29,88.46153846153845,2024-03-28,2024-03-29,86.11111111111111,True,6.0,True,True,True,3,True,True,True,3.0,True,True,3,3,86.07549857549857,EXTREME_BULLISH,True,True,True,False,True,False,False
2024-04-02,2024-03-26,2024-04-02,96.15384615384616,75.0,85.57692307692308,2024-03-28,2024-03-29,88.46153846153845,2024-04-01,2024-04-02,67.46031746031747,True,0.0,True,True,True,4,True,True,True,0.0,True,True,3,3,80.499592999593,EXTREME_BULLISH,True,True,True,False,True,False,False
2024-06-27,2024-06-18,2024-06-25,94.23076923076924,71.15384615384616,82.69230769230771,2024-06-20,2024-06-21,71.15384615384616,2024-06-26,2024-06-27,89.28571428571429,True,2.0,True,True,True,6,True,True,True,0.0,True,True,3,3,81.04395604395604,EXTREME_BULLISH,True,True,True,False,True,False,False
2024-08-13,2024-08-06,2024-08-13,48.07692307692308,7.692307692307693,27.884615384615387,2024-08-08,2024-08-09,19.23076923076924,2024-08-12,2024-08-13,3.1746031746031775,True,0.0,True,True,True,4,True,True,True,0.0,True,True,3,3,16.76332926332927,EXTREME_BEARISH,True,True,True,False,True,False,False
2024-08-14,2024-08-06,2024-08-13,48.07692307692308,7.692307692307693,27.884615384615387,2024-08-08,2024-08-09,19.23076923076924,2024-08-13,2024-08-14,11.507936507936506,True,1.0,True,True,True,5,True,True,True,0.0,True,True,3,3,19.541107041107043,EXTREME_BEARISH,True,True,True,False,True,False,False
2025-03-04,2025-02-25,2025-03-04,17.307692307692307,59.61538461538461,38.46153846153846,2025-02-27,2025-02-28,1.9230769230769231,2025-03-03,2025-03-04,3.1746031746031775,True,0.0,True,True,True,4,True,True,True,0.0,True,True,3,3,14.519739519739518,EXTREME_BEARISH,True,True,True,False,True,False,False
2025-03-05,2025-02-25,2025-03-04,17.307692307692307,59.61538461538461,38.46153846153846,2025-02-27,2025-02-28,1.9230769230769231,2025-03-04,2025-03-05,2.3809523809523796,True,1.0,True,True,True,5,True,True,True,0.0,True,True,3,3,14.255189255189253,EXTREME_BEARISH,True,True,True,False,True,False,False
2025-03-06,2025-02-25,2025-03-04,17.307692307692307,59.61538461538461,38.46153846153846,2025-02-27,2025-02-28,1.9230769230769231,2025-03-05,2025-03-06,5.158730158730165,True,2.0,True,True,True,6,True,True,True,0.0,True,True,3,3,15.181115181115182,EXTREME_BEARISH,True,True,True,False,True,False,False
2025-03-07,2025-02-25,2025-03-04,17.307692307692307,59.61538461538461,38.46153846153846,2025-03-06,2025-03-07,3.8461538461538463,2025-03-06,2025-03-07,1.5873015873015959,True,3.0,True,True,True,0,True,True,True,0.0,True,True,3,3,14.631664631664634,EXTREME_BEARISH,True,True,True,False,True,False,False
2025-03-08,2025-02-25,2025-03-04,17.307692307692307,59.61538461538461,38.46153846153846,2025-03-06,2025-03-07,3.8461538461538463,2025-03-07,2025-03-08,3.571428571428555,True,4.0,True,True,True,1,True,True,True,0.0,True,True,3,3,15.293040293040287,EXTREME_BEARISH,True,True,True,False,True,False,False
2025-03-09,2025-02-25,2025-03-04,17.307692307692307,59.61538461538461,38.46153846153846,2025-03-06,2025-03-07,3.8461538461538463,2025-03-07,2025-03-08,3.571428571428555,True,5.0,True,True,True,2,True,True,True,1.0,True,True,3,3,15.293040293040287,EXTREME_BEARISH,True,True,True,False,True,False,False
2025-03-10,2025-02-25,2025-03-04,17.307692307692307,59.61538461538461,38.46153846153846,2025-03-06,2025-03-07,3.8461538461538463,2025-03-07,2025-03-08,3.571428571428555,True,6.0,True,True,True,3,True,True,True,2.0,True,True,3,3,15.293040293040287,EXTREME_BEARISH,True,True,True,False,True,False,False
2025-03-11,2025-03-04,2025-03-11,11.538461538461538,28.84615384615384,20.19230769230769,2025-03-06,2025-03-07,3.8461538461538463,2025-03-10,2025-03-11,0.3968253968254061,True,0.0,True,True,True,4,True,True,True,0.0,True,True,3,3,8.145095645095648,EXTREME_BEARISH,True,True,True,False,True,False,False
2025-03-12,2025-03-04,2025-03-11,11.538461538461538,28.84615384615384,20.19230769230769,2025-03-06,2025-03-07,3.8461538461538463,2025-03-11,2025-03-12,1.984126984127002,True,1.0,True,True,True,5,True,True,True,0.0,True,True,3,3,8.67419617419618,EXTREME_BEARISH,True,True,True,False,True,False,False
2025-03-13,2025-03-04,2025-03-11,11.538461538461538,28.84615384615384,20.19230769230769,2025-03-06,2025-03-07,3.8461538461538463,2025-03-12,2025-03-13,2.7777777777778,True,2.0,True,True,True,6,True,True,True,0.0,True,True,3,3,8.938746438746445,EXTREME_BEARISH,True,True,True,False,True,False,False
2025-03-14,2025-03-04,2025-03-11,11.538461538461538,28.84615384615384,20.19230769230769,2025-03-13,2025-03-14,3.8461538461538463,2025-03-13,2025-03-14,2.7777777777778,True,3.0,True,True,True,0,True,True,True,0.0,True,True,3,3,8.938746438746445,EXTREME_BEARISH,True,True,True,False,True,False,False
2025-03-15,2025-03-04,2025-03-11,11.538461538461538,28.84615384615384,20.19230769230769,2025-03-13,2025-03-14,3.8461538461538463,2025-03-14,2025-03-15,8.333333333333343,True,4.0,True,True,True,1,True,True,True,0.0,True,True,3,3,10.790598290598291,EXTREME_BEARISH,True,True,True,False,True,False,False
2025-03-16,2025-03-04,2025-03-11,11.538461538461538,28.84615384615384,20.19230769230769,2025-03-13,2025-03-14,3.8461538461538463,2025-03-14,2025-03-15,8.333333333333343,True,5.0,True,True,True,2,True,True,True,1.0,True,True,3,3,10.790598290598291,EXTREME_BEARISH,True,True,True,False,True,False,False
2025-03-17,2025-03-04,2025-03-11,11.538461538461538,28.84615384615384,20.19230769230769,2025-03-13,2025-03-14,3.8461538461538463,2025-03-14,2025-03-15,8.333333333333343,True,6.0,True,True,True,3,True,True,True,2.0,True,True,3,3,10.790598290598291,EXTREME_BEARISH,True,True,True,False,True,False,False
2025-03-18,2025-03-11,2025-03-18,5.769230769230769,1.9230769230769198,3.8461538461538445,2025-03-13,2025-03-14,3.8461538461538463,2025-03-17,2025-03-18,11.904761904761912,True,0.0,True,True,True,4,True,True,True,0.0,True,True,3,3,6.532356532356534,EXTREME_BEARISH,True,True,True,False,True,False,False
2025-03-19,2025-03-11,2025-03-18,5.769230769230769,1.9230769230769198,3.8461538461538445,2025-03-13,2025-03-14,3.8461538461538463,2025-03-18,2025-03-19,8.73015873015872,True,1.0,True,True,True,5,True,True,True,0.0,True,True,3,3,5.47415547415547,EXTREME_BEARISH,True,True,True,False,True,False,False
2025-03-20,2025-03-11,2025-03-18,5.769230769230769,1.9230769230769198,3.8461538461538445,2025-03-13,2025-03-14,3.8461538461538463,2025-03-19,2025-03-20,15.079365079365076,True,2.0,True,True,True,6,True,True,True,0.0,True,True,3,3,7.590557590557588,EXTREME_BEARISH,True,True,True,False,True,False,False
2025-03-21,2025-03-11,2025-03-18,5.769230769230769,1.9230769230769198,3.8461538461538445,2025-03-20,2025-03-21,7.6923076923076925,2025-03-20,2025-03-21,15.873015873015873,True,3.0,True,True,True,0,True,True,True,0.0,True,True,3,3,9.137159137159136,EXTREME_BEARISH,True,True,True,False,True,False,False
2025-03-22,2025-03-11,2025-03-18,5.769230769230769,1.9230769230769198,3.8461538461538445,2025-03-20,2025-03-21,7.6923076923076925,2025-03-21,2025-03-22,19.444444444444443,True,4.0,True,True,True,1,True,True,True,0.0,True,True,3,3,10.327635327635326,EXTREME_BEARISH,True,True,True,False,True,False,False
2025-03-23,2025-03-11,2025-03-18,5.769230769230769,1.9230769230769198,3.8461538461538445,2025-03-20,2025-03-21,7.6923076923076925,2025-03-21,2025-03-22,19.444444444444443,True,5.0,True,True,True,2,True,True,True,1.0,True,True,3,3,10.327635327635326,EXTREME_BEARISH,True,True,True,False,True,False,False
2025-03-24,2025-03-11,2025-03-18,5.769230769230769,1.9230769230769198,3.8461538461538445,2025-03-20,2025-03-21,7.6923076923076925,2025-03-21,2025-03-22,19.444444444444443,True,6.0,True,True,True,3,True,True,True,2.0,True,True,3,3,10.327635327635326,EXTREME_BEARISH,True,True,True,False,True,False,False
2025-03-25,2025-03-18,2025-03-25,3.8461538461538463,0.0,1.9230769230769231,2025-03-20,2025-03-21,7.6923076923076925,2025-03-24,2025-03-25,34.12698412698413,True,0.0,True,True,True,4,True,True,True,0.0,True,True,3,3,14.58078958078958,EXTREME_BEARISH,True,True,True,False,True,False,False
2025-03-26,2025-03-18,2025-03-25,3.8461538461538463,0.0,1.9230769230769231,2025-03-20,2025-03-21,7.6923076923076925,2025-03-25,2025-03-26,36.50793650793651,True,1.0,True,True,True,5,True,True,True,0.0,True,True,3,3,15.374440374440375,EXTREME_BEARISH,True,True,True,False,True,False,False
2025-03-27,2025-03-18,2025-03-25,3.8461538461538463,0.0,1.9230769230769231,2025-03-20,2025-03-21,7.6923076923076925,2025-03-26,2025-03-27,27.38095238095238,True,2.0,True,True,True,6,True,True,True,0.0,True,True,3,3,12.332112332112331,EXTREME_BEARISH,True,True,True,False,True,False,False
2025-03-28,2025-03-18,2025-03-25,3.8461538461538463,0.0,1.9230769230769231,2025-03-27,2025-03-28,9.615384615384617,2025-03-27,2025-03-28,25.0,True,3.0,True,True,True,0,True,True,True,0.0,True,True,3,3,12.17948717948718,EXTREME_BEARISH,True,True,True,False,True,False,False
2025-03-29,2025-03-18,2025-03-25,3.8461538461538463,0.0,1.9230769230769231,2025-03-27,2025-03-28,9.615384615384617,2025-03-28,2025-03-29,9.126984126984127,True,4.0,True,True,True,1,True,True,True,0.0,True,True,3,3,6.888481888481889,EXTREME_BEARISH,True,True,True,False,True,False,False
2025-03-30,2025-03-18,2025-03-25,3.8461538461538463,0.0,1.9230769230769231,2025-03-27,2025-03-28,9.615384615384617,2025-03-28,2025-03-29,9.126984126984127,True,5.0,True,True,True,2,True,True,True,1.0,True,True,3,3,6.888481888481889,EXTREME_BEARISH,True,True,True,False,True,False,False
2025-03-31,2025-03-18,2025-03-25,3.8461538461538463,0.0,1.9230769230769231,2025-03-27,2025-03-28,9.615384615384617,2025-03-28,2025-03-29,9.126984126984127,True,6.0,True,True,True,3,True,True,True,2.0,True,True,3,3,6.888481888481889,EXTREME_BEARISH,True,True,True,False,True,False,False
2025-04-01,2025-03-25,2025-04-01,17.307692307692307,13.461538461538453,15.38461538461538,2025-03-27,2025-03-28,9.615384615384617,2025-03-31,2025-04-01,7.142857142857139,True,0.0,True,True,True,4,True,True,True,0.0,True,True,3,3,10.714285714285714,EXTREME_BEARISH,True,True,True,False,True,False,False
2025-04-02,2025-03-25,2025-04-01,17.307692307692307,13.461538461538453,15.38461538461538,2025-03-27,2025-03-28,9.615384615384617,2025-04-01,2025-04-02,8.73015873015872,True,1.0,True,True,True,5,True,True,True,0.0,True,True,3,3,11.24338624338624,EXTREME_BEARISH,True,True,True,False,True,False,False
2025-04-03,2025-03-25,2025-04-01,17.307692307692307,13.461538461538453,15.38461538461538,2025-03-27,2025-03-28,9.615384615384617,2025-04-02,2025-04-03,10.317460317460316,True,2.0,True,True,True,6,True,True,True,0.0,True,True,3,3,11.772486772486772,EXTREME_BEARISH,True,True,True,False,True,False,False
2025-04-04,2025-03-25,2025-04-01,17.307692307692307,13.461538461538453,15.38461538461538,2025-04-03,2025-04-04,3.8461538461538463,2025-04-03,2025-04-04,0.3968253968254061,True,3.0,True,True,True,0,True,True,True,0.0,True,True,3,3,6.5425315425315445,EXTREME_BEARISH,True,True,True,False,True,False,False
2025-04-05,2025-03-25,2025-04-01,17.307692307692307,13.461538461538453,15.38461538461538,2025-04-03,2025-04-04,3.8461538461538463,2025-04-04,2025-04-05,0.0,True,4.0,True,True,True,1,True,True,True,0.0,True,True,3,3,6.410256410256409,EXTREME_BEARISH,True,True,True,False,True,False,False
2025-04-06,2025-03-25,2025-04-01,17.307692307692307,13.461538461538453,15.38461538461538,2025-04-03,2025-04-04,3.8461538461538463,2025-04-04,2025-04-05,0.0,True,5.0,True,True,True,2,True,True,True,1.0,True,True,3,3,6.410256410256409,EXTREME_BEARISH,True,True,True,False,True,False,False
2025-04-07,2025-03-25,2025-04-01,17.307692307692307,13.461538461538453,15.38461538461538,2025-04-03,2025-04-04,3.8461538461538463,2025-04-04,2025-04-05,0.0,True,6.0,True,True,True,3,True,True,True,2.0,True,True,3,3,6.410256410256409,EXTREME_BEARISH,True,True,True,False,True,False,False
2025-04-08,2025-04-01,2025-04-08,13.461538461538462,25.0,19.23076923076923,2025-04-03,2025-04-04,3.8461538461538463,2025-04-07,2025-04-08,0.0,True,0.0,True,True,True,4,True,True,True,0.0,True,True,3,3,7.6923076923076925,EXTREME_BEARISH,True,True,True,False,True,False,False
2025-04-09,2025-04-01,2025-04-08,13.461538461538462,25.0,19.23076923076923,2025-04-03,2025-04-04,3.8461538461538463,2025-04-08,2025-04-09,0.0,True,1.0,True,True,True,5,True,True,True,0.0,True,True,3,3,7.6923076923076925,EXTREME_BEARISH,True,True,True,False,True,False,False
2025-04-10,2025-04-01,2025-04-08,13.461538461538462,25.0,19.23076923076923,2025-04-03,2025-04-04,3.8461538461538463,2025-04-09,2025-04-10,1.5873015873015959,True,2.0,True,True,True,6,True,True,True,0.0,True,True,3,3,8.221408221408224,EXTREME_BEARISH,True,True,True,False,True,False,False
2025-04-11,2025-04-01,2025-04-08,13.461538461538462,25.0,19.23076923076923,2025-04-10,2025-04-11,11.538461538461538,2025-04-10,2025-04-11,1.190476190476204,True,3.0,True,True,True,0,True,True,True,0.0,True,True,3,3,10.653235653235656,EXTREME_BEARISH,True,True,True,False,True,False,False
2025-04-12,2025-04-01,2025-04-08,13.461538461538462,25.0,19.23076923076923,2025-04-10,2025-04-11,11.538461538461538,2025-04-11,2025-04-12,1.984126984127002,True,4.0,True,True,True,1,True,True,True,0.0,True,True,3,3,10.917785917785922,EXTREME_BEARISH,True,True,True,False,True,False,False
2025-04-13,2025-04-01,2025-04-08,13.461538461538462,25.0,19.23076923076923,2025-04-10,2025-04-11,11.538461538461538,2025-04-11,2025-04-12,1.984126984127002,True,5.0,True,True,True,2,True,True,True,1.0,True,True,3,3,10.917785917785922,EXTREME_BEARISH,True,True,True,False,True,False,False
2025-04-14,2025-04-01,2025-04-08,13.461538461538462,25.0,19.23076923076923,2025-04-10,2025-04-11,11.538461538461538,2025-04-11,2025-04-12,1.984126984127002,True,6.0,True,True,True,3,True,True,True,2.0,True,True,3,3,10.917785917785922,EXTREME_BEARISH,True,True,True,False,True,False,False
2025-04-15,2025-04-08,2025-04-15,1.9230769230769231,26.923076923076934,14.423076923076929,2025-04-10,2025-04-11,11.538461538461538,2025-04-14,2025-04-15,2.7777777777778,True,0.0,True,True,True,4,True,True,True,0.0,True,True,3,3,9.57977207977209,EXTREME_BEARISH,True,True,True,False,True,False,False
2025-04-16,2025-04-08,2025-04-15,1.9230769230769231,26.923076923076934,14.423076923076929,2025-04-10,2025-04-11,11.538461538461538,2025-04-15,2025-04-16,3.1746031746031775,True,1.0,True,True,True,5,True,True,True,0.0,True,True,3,3,9.712047212047215,EXTREME_BEARISH,True,True,True,False,True,False,False
2025-04-17,2025-04-08,2025-04-15,1.9230769230769231,26.923076923076934,14.423076923076929,2025-04-10,2025-04-11,11.538461538461538,2025-04-16,2025-04-17,2.7777777777778,True,2.0,True,True,True,6,True,True,True,0.0,True,True,3,3,9.57977207977209,EXTREME_BEARISH,True,True,True,False,True,False,False
2025-04-18,2025-04-08,2025-04-15,1.9230769230769231,26.923076923076934,14.423076923076929,2025-04-17,2025-04-18,11.538461538461538,2025-04-17,2025-04-18,4.365079365079353,True,3.0,True,True,True,0,True,True,True,0.0,True,True,3,3,10.108872608872607,EXTREME_BEARISH,True,True,True,False,True,False,False
2025-04-19,2025-04-08,2025-04-15,1.9230769230769231,26.923076923076934,14.423076923076929,2025-04-17,2025-04-18,11.538461538461538,2025-04-17,2025-04-18,4.365079365079353,True,4.0,True,True,True,1,True,True,True,1.0,True,True,3,3,10.108872608872607,EXTREME_BEARISH,True,True,True,False,True,False,False
2025-04-20,2025-04-08,2025-04-15,1.9230769230769231,26.923076923076934,14.423076923076929,2025-04-17,2025-04-18,11.538461538461538,2025-04-17,2025-04-18,4.365079365079353,True,5.0,True,True,True,2,True,True,True,2.0,True,True,3,3,10.108872608872607,EXTREME_BEARISH,True,True,True,False,True,False,False
2025-04-21,2025-04-08,2025-04-15,1.9230769230769231,26.923076923076934,14.423076923076929,2025-04-17,2025-04-18,11.538461538461538,2025-04-17,2025-04-18,4.365079365079353,True,6.0,True,True,True,3,True,True,True,3.0,True,True,3,3,10.108872608872607,EXTREME_BEARISH,True,True,True,False,True,False,False
2025-04-22,2025-04-15,2025-04-22,1.9230769230769231,11.538461538461547,6.730769230769235,2025-04-17,2025-04-18,11.538461538461538,2025-04-21,2025-04-22,2.3809523809523796,True,0.0,True,True,True,4,True,True,True,0.0,True,True,3,3,6.883394383394385,EXTREME_BEARISH,True,True,True,False,True,False,False
2025-04-23,2025-04-15,2025-04-22,1.9230769230769231,11.538461538461547,6.730769230769235,2025-04-17,2025-04-18,11.538461538461538,2025-04-22,2025-04-23,3.9682539682539613,True,1.0,True,True,True,5,True,True,True,0.0,True,True,3,3,7.412494912494911,EXTREME_BEARISH,True,True,True,False,True,False,False
2025-04-24,2025-04-15,2025-04-22,1.9230769230769231,11.538461538461547,6.730769230769235,2025-04-17,2025-04-18,11.538461538461538,2025-04-23,2025-04-24,5.555555555555557,True,2.0,True,True,True,6,True,True,True,0.0,True,True,3,3,7.941595441595443,EXTREME_BEARISH,True,True,True,False,True,False,False
2025-04-25,2025-04-15,2025-04-22,1.9230769230769231,11.538461538461547,6.730769230769235,2025-04-24,2025-04-25,11.538461538461538,2025-04-24,2025-04-25,7.936507936507937,True,3.0,True,True,True,0,True,True,True,0.0,True,True,3,3,8.735246235246237,EXTREME_BEARISH,True,True,True,False,True,False,False
2025-04-26,2025-04-15,2025-04-22,1.9230769230769231,11.538461538461547,6.730769230769235,2025-04-24,2025-04-25,11.538461538461538,2025-04-25,2025-04-26,8.73015873015872,True,4.0,True,True,True,1,True,True,True,0.0,True,True,3,3,8.999796499796497,EXTREME_BEARISH,True,True,True,False,True,False,False
2025-04-27,2025-04-15,2025-04-22,1.9230769230769231,11.538461538461547,6.730769230769235,2025-04-24,2025-04-25,11.538461538461538,2025-04-25,2025-04-26,8.73015873015872,True,5.0,True,True,True,2,True,True,True,1.0,True,True,3,3,8.999796499796497,EXTREME_BEARISH,True,True,True,False,True,False,False
2025-04-28,2025-04-15,2025-04-22,1.9230769230769231,11.538461538461547,6.730769230769235,2025-04-24,2025-04-25,11.538461538461538,2025-04-25,2025-04-26,8.73015873015872,True,6.0,True,True,True,3,True,True,True,2.0,True,True,3,3,8.999796499796497,EXTREME_BEARISH,True,True,True,False,True,False,False
2025-04-29,2025-04-22,2025-04-29,3.8461538461538463,19.230769230769226,11.538461538461537,2025-04-24,2025-04-25,11.538461538461538,2025-04-28,2025-04-29,8.333333333333343,True,0.0,True,True,True,4,True,True,True,0.0,True,True,3,3,10.470085470085472,EXTREME_BEARISH,True,True,True,False,True,False,False
2025-04-30,2025-04-22,2025-04-29,3.8461538461538463,19.230769230769226,11.538461538461537,2025-04-24,2025-04-25,11.538461538461538,2025-04-29,2025-04-30,10.317460317460316,True,1.0,True,True,True,5,True,True,True,0.0,True,True,3,3,11.13146113146113,EXTREME_BEARISH,True,True,True,False,True,False,False
2025-05-01,2025-04-22,2025-04-29,3.8461538461538463,19.230769230769226,11.538461538461537,2025-04-24,2025-04-25,11.538461538461538,2025-04-30,2025-05-01,9.523809523809518,True,2.0,True,True,True,6,True,True,True,0.0,True,True,3,3,10.866910866910864,EXTREME_BEARISH,True,True,True,False,True,False,False
2025-05-02,2025-04-22,2025-04-29,3.8461538461538463,19.230769230769226,11.538461538461537,2025-05-01,2025-05-02,7.6923076923076925,2025-05-01,2025-05-02,10.317460317460316,True,3.0,True,True,True,0,True,True,True,0.0,True,True,3,3,9.849409849409849,EXTREME_BEARISH,True,True,True,False,True,False,False
2025-05-03,2025-04-22,2025-04-29,3.8461538461538463,19.230769230769226,11.538461538461537,2025-05-01,2025-05-02,7.6923076923076925,2025-05-02,2025-05-03,14.285714285714292,True,4.0,True,True,True,1,True,True,True,0.0,True,True,3,3,11.172161172161173,EXTREME_BEARISH,True,True,True,False,True,False,False
2025-05-04,2025-04-22,2025-04-29,3.8461538461538463,19.230769230769226,11.538461538461537,2025-05-01,2025-05-02,7.6923076923076925,2025-05-02,2025-05-03,14.285714285714292,True,5.0,True,True,True,2,True,True,True,1.0,True,True,3,3,11.172161172161173,EXTREME_BEARISH,True,True,True,False,True,False,False
2025-05-05,2025-04-22,2025-04-29,3.8461538461538463,19.230769230769226,11.538461538461537,2025-05-01,2025-05-02,7.6923076923076925,2025-05-02,2025-05-03,14.285714285714292,True,6.0,True,True,True,3,True,True,True,2.0,True,True,3,3,11.172161172161173,EXTREME_BEARISH,True,True,True,False,True,False,False
2025-05-06,2025-04-29,2025-05-06,7.6923076923076925,13.461538461538453,10.576923076923073,2025-05-01,2025-05-02,7.6923076923076925,2025-05-05,2025-05-06,12.301587301587304,True,0.0,True,True,True,4,True,True,True,0.0,True,True,3,3,10.19027269027269,EXTREME_BEARISH,True,True,True,False,True,False,False
2025-05-07,2025-04-29,2025-05-06,7.6923076923076925,13.461538461538453,10.576923076923073,2025-05-01,2025-05-02,7.6923076923076925,2025-05-06,2025-05-07,9.523809523809518,True,1.0,True,True,True,5,True,True,True,0.0,True,True,3,3,9.264346764346762,EXTREME_BEARISH,True,True,True,False,True,False,False
2025-05-08,2025-04-29,2025-05-06,7.6923076923076925,13.461538461538453,10.576923076923073,2025-05-01,2025-05-02,7.6923076923076925,2025-05-07,2025-05-08,13.095238095238088,True,2.0,True,True,True,6,True,True,True,0.0,True,True,3,3,10.454822954822951,EXTREME_BEARISH,True,True,True,False,True,False,False
2025-05-09,2025-04-29,2025-05-06,7.6923076923076925,13.461538461538453,10.576923076923073,2025-05-08,2025-05-09,21.15384615384616,2025-05-08,2025-05-09,16.269841269841265,True,3.0,True,True,True,0,True,True,True,0.0,True,True,3,3,16.0002035002035,EXTREME_BEARISH,True,True,True,False,True,False,False
2025-05-10,2025-04-29,2025-05-06,7.6923076923076925,13.461538461538453,10.576923076923073,2025-05-08,2025-05-09,21.15384615384616,2025-05-09,2025-05-10,18.253968253968253,True,4.0,True,True,True,1,True,True,True,0.0,True,True,3,3,16.661579161579162,EXTREME_BEARISH,True,True,True,False,True,False,False
2025-05-11,2025-04-29,2025-05-06,7.6923076923076925,13.461538461538453,10.576923076923073,2025-05-08,2025-05-09,21.15384615384616,2025-05-09,2025-05-10,18.253968253968253,True,5.0,True,True,True,2,True,True,True,1.0,True,True,3,3,16.661579161579162,EXTREME_BEARISH,True,True,True,False,True,False,False
2025-05-12,2025-04-29,2025-05-06,7.6923076923076925,13.461538461538453,10.576923076923073,2025-05-08,2025-05-09,21.15384615384616,2025-05-09,2025-05-10,18.253968253968253,True,6.0,True,True,True,3,True,True,True,2.0,True,True,3,3,16.661579161579162,EXTREME_BEARISH,True,True,True,False,True,False,False
2025-12-05,2025-11-25,2025-12-02,59.61538461538461,71.15384615384616,65.38461538461539,2025-12-04,2025-12-05,98.07692307692308,2025-12-04,2025-12-05,80.55555555555556,True,3.0,True,True,True,0,True,True,True,0.0,True,True,3,3,81.33903133903134,EXTREME_BULLISH,True,True,True,False,True,False,False
2025-12-06,2025-11-25,2025-12-02,59.61538461538461,71.15384615384616,65.38461538461539,2025-12-04,2025-12-05,98.07692307692308,2025-12-05,2025-12-06,85.31746031746032,True,4.0,True,True,True,1,True,True,True,0.0,True,True,3,3,82.92633292633292,EXTREME_BULLISH,True,True,True,False,True,False,False
2025-12-07,2025-11-25,2025-12-02,59.61538461538461,71.15384615384616,65.38461538461539,2025-12-04,2025-12-05,98.07692307692308,2025-12-05,2025-12-06,85.31746031746032,True,5.0,True,True,True,2,True,True,True,1.0,True,True,3,3,82.92633292633292,EXTREME_BULLISH,True,True,True,False,True,False,False
2025-12-08,2025-11-25,2025-12-02,59.61538461538461,71.15384615384616,65.38461538461539,2025-12-04,2025-12-05,98.07692307692308,2025-12-05,2025-12-06,85.31746031746032,True,6.0,True,True,True,3,True,True,True,2.0,True,True,3,3,82.92633292633292,EXTREME_BULLISH,True,True,True,False,True,False,False
2025-12-09,2025-12-02,2025-12-09,84.61538461538461,90.38461538461539,87.5,2025-12-04,2025-12-05,98.07692307692308,2025-12-08,2025-12-09,60.714285714285715,True,0.0,True,True,True,4,True,True,True,0.0,True,True,3,3,82.0970695970696,EXTREME_BULLISH,True,True,True,False,True,False,False
2025-12-10,2025-12-02,2025-12-09,84.61538461538461,90.38461538461539,87.5,2025-12-04,2025-12-05,98.07692307692308,2025-12-09,2025-12-10,56.34920634920635,True,1.0,True,True,True,5,True,True,True,0.0,True,True,3,3,80.64204314204315,EXTREME_BULLISH,True,True,True,False,True,False,False
2025-12-11,2025-12-02,2025-12-09,84.61538461538461,90.38461538461539,87.5,2025-12-04,2025-12-05,98.07692307692308,2025-12-10,2025-12-11,81.34920634920636,True,2.0,True,True,True,6,True,True,True,0.0,True,True,3,3,88.97537647537649,EXTREME_BULLISH,True,True,True,False,True,False,False
2025-12-12,2025-12-02,2025-12-09,84.61538461538461,90.38461538461539,87.5,2025-12-11,2025-12-12,100.0,2025-12-11,2025-12-12,94.04761904761905,True,3.0,True,True,True,0,True,True,True,0.0,True,True,3,3,93.84920634920634,EXTREME_BULLISH,True,True,True,False,True,False,False
2025-12-13,2025-12-02,2025-12-09,84.61538461538461,90.38461538461539,87.5,2025-12-11,2025-12-12,100.0,2025-12-12,2025-12-13,81.34920634920636,True,4.0,True,True,True,1,True,True,True,0.0,True,True,3,3,89.61640211640213,EXTREME_BULLISH,True,True,True,False,True,False,False
2025-12-14,2025-12-02,2025-12-09,84.61538461538461,90.38461538461539,87.5,2025-12-11,2025-12-12,100.0,2025-12-12,2025-12-13,81.34920634920636,True,5.0,True,True,True,2,True,True,True,1.0,True,True,3,3,89.61640211640213,EXTREME_BULLISH,True,True,True,False,True,False,False
2025-12-15,2025-12-02,2025-12-09,84.61538461538461,90.38461538461539,87.5,2025-12-11,2025-12-12,100.0,2025-12-12,2025-12-13,81.34920634920636,True,6.0,True,True,True,3,True,True,True,2.0,True,True,3,3,89.61640211640213,EXTREME_BULLISH,True,True,True,False,True,False,False
2025-12-16,2025-12-09,2025-12-16,90.3846153846154,92.3076923076923,91.34615384615385,2025-12-11,2025-12-12,100.0,2025-12-15,2025-12-16,65.07936507936509,True,0.0,True,True,True,4,True,True,True,0.0,True,True,3,3,85.475172975173,EXTREME_BULLISH,True,True,True,False,True,False,False
2025-12-17,2025-12-09,2025-12-16,90.3846153846154,92.3076923076923,91.34615384615385,2025-12-11,2025-12-12,100.0,2025-12-16,2025-12-17,65.87301587301587,True,1.0,True,True,True,5,True,True,True,0.0,True,True,3,3,85.73972323972323,EXTREME_BULLISH,True,True,True,False,True,False,False
2025-12-19,2025-12-09,2025-12-16,90.3846153846154,92.3076923076923,91.34615384615385,2025-12-18,2025-12-19,92.3076923076923,2025-12-18,2025-12-19,56.74603174603175,True,3.0,True,True,True,0,True,True,True,0.0,True,True,3,3,80.13329263329264,EXTREME_BULLISH,True,True,True,False,True,False,False
2025-12-20,2025-12-09,2025-12-16,90.3846153846154,92.3076923076923,91.34615384615385,2025-12-18,2025-12-19,92.3076923076923,2025-12-19,2025-12-20,94.44444444444444,True,4.0,True,True,True,1,True,True,True,0.0,True,True,3,3,92.6994301994302,EXTREME_BULLISH,True,True,True,False,True,False,False
2025-12-21,2025-12-09,2025-12-16,90.3846153846154,92.3076923076923,91.34615384615385,2025-12-18,2025-12-19,92.3076923076923,2025-12-19,2025-12-20,94.44444444444444,True,5.0,True,True,True,2,True,True,True,1.0,True,True,3,3,92.6994301994302,EXTREME_BULLISH,True,True,True,False,True,False,False
2025-12-22,2025-12-09,2025-12-16,90.3846153846154,92.3076923076923,91.34615384615385,2025-12-18,2025-12-19,92.3076923076923,2025-12-19,2025-12-20,94.44444444444444,True,6.0,True,True,True,3,True,True,True,2.0,True,True,3,3,92.6994301994302,EXTREME_BULLISH,True,True,True,False,True,False,False
2025-12-23,2025-12-16,2025-12-23,94.23076923076924,71.15384615384616,82.69230769230771,2025-12-18,2025-12-19,92.3076923076923,2025-12-22,2025-12-23,99.60317460317461,True,0.0,True,True,True,4,True,True,True,0.0,True,True,3,3,91.53439153439153,EXTREME_BULLISH,True,True,True,False,True,False,False
2025-12-24,2025-12-16,2025-12-23,94.23076923076924,71.15384615384616,82.69230769230771,2025-12-18,2025-12-19,92.3076923076923,2025-12-23,2025-12-24,99.60317460317461,True,1.0,True,True,True,5,True,True,True,0.0,True,True,3,3,91.53439153439153,EXTREME_BULLISH,True,True,True,False,True,False,False
2025-12-25,2025-12-16,2025-12-23,94.23076923076924,71.15384615384616,82.69230769230771,2025-12-18,2025-12-19,92.3076923076923,2025-12-24,2025-12-25,99.60317460317461,True,2.0,True,True,True,6,True,True,True,0.0,True,True,3,3,91.53439153439153,EXTREME_BULLISH,True,True,True,False,True,False,False
2025-12-26,2025-12-16,2025-12-23,94.23076923076924,71.15384615384616,82.69230769230771,2025-12-25,2025-12-26,75.0,2025-12-24,2025-12-25,99.60317460317461,True,3.0,True,True,True,0,True,True,True,1.0,True,True,3,3,85.76516076516077,EXTREME_BULLISH,True,True,True,False,True,False,False
2025-12-27,2025-12-16,2025-12-23,94.23076923076924,71.15384615384616,82.69230769230771,2025-12-25,2025-12-26,75.0,2025-12-26,2025-12-27,99.2063492063492,True,4.0,True,True,True,1,True,True,True,0.0,True,True,3,3,85.63288563288563,EXTREME_BULLISH,True,True,True,False,True,False,False
2025-12-28,2025-12-16,2025-12-23,94.23076923076924,71.15384615384616,82.69230769230771,2025-12-25,2025-12-26,75.0,2025-12-26,2025-12-27,99.2063492063492,True,5.0,True,True,True,2,True,True,True,1.0,True,True,3,3,85.63288563288563,EXTREME_BULLISH,True,True,True,False,True,False,False
2025-12-29,2025-12-16,2025-12-23,94.23076923076924,71.15384615384616,82.69230769230771,2025-12-25,2025-12-26,75.0,2025-12-26,2025-12-27,99.2063492063492,True,6.0,True,True,True,3,True,True,True,2.0,True,True,3,3,85.63288563288563,EXTREME_BULLISH,True,True,True,False,True,False,False
2025-12-30,2025-12-23,2025-12-30,84.61538461538461,61.53846153846153,73.07692307692307,2025-12-25,2025-12-26,75.0,2025-12-29,2025-12-30,98.01587301587301,True,0.0,True,True,True,4,True,True,True,0.0,True,True,3,3,82.03093203093202,EXTREME_BULLISH,True,True,True,False,True,False,False
2025-12-31,2025-12-23,2025-12-30,84.61538461538461,61.53846153846153,73.07692307692307,2025-12-25,2025-12-26,75.0,2025-12-30,2025-12-31,97.22222222222223,True,1.0,True,True,True,5,True,True,True,0.0,True,True,3,3,81.76638176638177,EXTREME_BULLISH,True,True,True,False,True,False,False
2026-01-02,2025-12-23,2025-12-30,84.61538461538461,61.53846153846153,73.07692307692307,2026-01-01,2026-01-02,100.0,2025-12-31,2026-01-01,91.26984126984127,True,3.0,True,True,True,0,True,True,True,1.0,True,True,3,3,88.1155881155881,EXTREME_BULLISH,True,True,True,False,True,False,False
2026-01-03,2025-12-23,2025-12-30,84.61538461538461,61.53846153846153,73.07692307692307,2026-01-01,2026-01-02,100.0,2026-01-02,2026-01-03,96.03174603174604,True,4.0,True,True,True,1,True,True,True,0.0,True,True,3,3,89.7028897028897,EXTREME_BULLISH,True,True,True,False,True,False,False
2026-01-04,2025-12-23,2025-12-30,84.61538461538461,61.53846153846153,73.07692307692307,2026-01-01,2026-01-02,100.0,2026-01-02,2026-01-03,96.03174603174604,True,5.0,True,True,True,2,True,True,True,1.0,True,True,3,3,89.7028897028897,EXTREME_BULLISH,True,True,True,False,True,False,False
2026-01-05,2025-12-23,2025-12-30,84.61538461538461,61.53846153846153,73.07692307692307,2026-01-01,2026-01-02,100.0,2026-01-02,2026-01-03,96.03174603174604,True,6.0,True,True,True,3,True,True,True,2.0,True,True,3,3,89.7028897028897,EXTREME_BULLISH,True,True,True,False,True,False,False
2026-01-06,2025-12-30,2026-01-06,88.46153846153845,59.61538461538461,74.03846153846153,2026-01-01,2026-01-02,100.0,2026-01-05,2026-01-06,91.66666666666667,True,0.0,True,True,True,4,True,True,True,0.0,True,True,3,3,88.56837606837608,EXTREME_BULLISH,True,True,True,False,True,False,False
2026-01-07,2025-12-30,2026-01-06,88.46153846153845,59.61538461538461,74.03846153846153,2026-01-01,2026-01-02,100.0,2026-01-06,2026-01-07,94.44444444444444,True,1.0,True,True,True,5,True,True,True,0.0,True,True,3,3,89.494301994302,EXTREME_BULLISH,True,True,True,False,True,False,False
2026-01-08,2025-12-30,2026-01-06,88.46153846153845,59.61538461538461,74.03846153846153,2026-01-01,2026-01-02,100.0,2026-01-07,2026-01-08,82.14285714285714,True,2.0,True,True,True,6,True,True,True,0.0,True,True,3,3,85.39377289377289,EXTREME_BULLISH,True,True,True,False,True,False,False
2026-01-09,2025-12-30,2026-01-06,88.46153846153845,59.61538461538461,74.03846153846153,2026-01-08,2026-01-09,92.3076923076923,2026-01-08,2026-01-09,80.55555555555556,True,3.0,True,True,True,0,True,True,True,0.0,True,True,3,3,82.3005698005698,EXTREME_BULLISH,True,True,True,False,True,False,False
2026-01-10,2025-12-30,2026-01-06,88.46153846153845,59.61538461538461,74.03846153846153,2026-01-08,2026-01-09,92.3076923076923,2026-01-09,2026-01-10,96.03174603174604,True,4.0,True,True,True,1,True,True,True,0.0,True,True,3,3,87.45929995929997,EXTREME_BULLISH,True,True,True,False,True,False,False
2026-01-11,2025-12-30,2026-01-06,88.46153846153845,59.61538461538461,74.03846153846153,2026-01-08,2026-01-09,92.3076923076923,2026-01-09,2026-01-10,96.03174603174604,True,5.0,True,True,True,2,True,True,True,1.0,True,True,3,3,87.45929995929997,EXTREME_BULLISH,True,True,True,False,True,False,False
2026-01-12,2025-12-30,2026-01-06,88.46153846153845,59.61538461538461,74.03846153846153,2026-01-08,2026-01-09,92.3076923076923,2026-01-09,2026-01-10,96.03174603174604,True,6.0,True,True,True,3,True,True,True,2.0,True,True,3,3,87.45929995929997,EXTREME_BULLISH,True,True,True,False,True,False,False
2026-01-13,2026-01-06,2026-01-13,96.15384615384616,75.0,85.57692307692308,2026-01-08,2026-01-09,92.3076923076923,2026-01-12,2026-01-13,85.71428571428572,True,0.0,True,True,True,4,True,True,True,0.0,True,True,3,3,87.86630036630038,EXTREME_BULLISH,True,True,True,False,True,False,False
2026-01-14,2026-01-06,2026-01-13,96.15384615384616,75.0,85.57692307692308,2026-01-08,2026-01-09,92.3076923076923,2026-01-13,2026-01-14,72.22222222222223,True,1.0,True,True,True,5,True,True,True,0.0,True,True,3,3,83.36894586894587,EXTREME_BULLISH,True,True,True,False,True,False,False
2026-01-16,2026-01-06,2026-01-13,96.15384615384616,75.0,85.57692307692308,2026-01-15,2026-01-16,100.0,2026-01-15,2026-01-16,74.2063492063492,True,3.0,True,True,True,0,True,True,True,0.0,True,True,3,3,86.5944240944241,EXTREME_BULLISH,True,True,True,False,True,False,False
2026-01-17,2026-01-06,2026-01-13,96.15384615384616,75.0,85.57692307692308,2026-01-15,2026-01-16,100.0,2026-01-16,2026-01-17,74.2063492063492,True,4.0,True,True,True,1,True,True,True,0.0,True,True,3,3,86.5944240944241,EXTREME_BULLISH,True,True,True,False,True,False,False
2026-01-18,2026-01-06,2026-01-13,96.15384615384616,75.0,85.57692307692308,2026-01-15,2026-01-16,100.0,2026-01-16,2026-01-17,74.2063492063492,True,5.0,True,True,True,2,True,True,True,1.0,True,True,3,3,86.5944240944241,EXTREME_BULLISH,True,True,True,False,True,False,False
2026-01-19,2026-01-06,2026-01-13,96.15384615384616,75.0,85.57692307692308,2026-01-15,2026-01-16,100.0,2026-01-16,2026-01-17,74.2063492063492,True,6.0,True,True,True,3,True,True,True,2.0,True,True,3,3,86.5944240944241,EXTREME_BULLISH,True,True,True,False,True,False,False
2026-01-23,2026-01-13,2026-01-20,76.92307692307693,88.46153846153847,82.69230769230771,2026-01-22,2026-01-23,86.53846153846155,2026-01-22,2026-01-23,79.76190476190476,True,3.0,True,True,True,0,True,True,True,0.0,True,True,3,3,82.997557997558,EXTREME_BULLISH,True,True,True,False,True,False,False
2026-01-24,2026-01-13,2026-01-20,76.92307692307693,88.46153846153847,82.69230769230771,2026-01-22,2026-01-23,86.53846153846155,2026-01-23,2026-01-24,71.42857142857143,True,4.0,True,True,True,1,True,True,True,0.0,True,True,3,3,80.21978021978022,EXTREME_BULLISH,True,True,True,False,True,False,False
2026-01-25,2026-01-13,2026-01-20,76.92307692307693,88.46153846153847,82.69230769230771,2026-01-22,2026-01-23,86.53846153846155,2026-01-23,2026-01-24,71.42857142857143,True,5.0,True,True,True,2,True,True,True,1.0,True,True,3,3,80.21978021978022,EXTREME_BULLISH,True,True,True,False,True,False,False
2026-01-26,2026-01-13,2026-01-20,76.92307692307693,88.46153846153847,82.69230769230771,2026-01-22,2026-01-23,86.53846153846155,2026-01-23,2026-01-24,71.42857142857143,True,6.0,True,True,True,3,True,True,True,2.0,True,True,3,3,80.21978021978022,EXTREME_BULLISH,True,True,True,False,True,False,False
2026-03-28,2026-03-17,2026-03-24,46.15384615384615,30.769230769230774,38.46153846153847,2026-03-26,2026-03-27,17.307692307692307,2026-03-27,2026-03-28,2.7777777777778,True,4.0,True,True,True,1,True,True,True,0.0,True,True,3,3,19.515669515669526,EXTREME_BEARISH,True,True,True,False,True,False,False
2026-03-29,2026-03-17,2026-03-24,46.15384615384615,30.769230769230774,38.46153846153847,2026-03-26,2026-03-27,17.307692307692307,2026-03-27,2026-03-28,2.7777777777778,True,5.0,True,True,True,2,True,True,True,1.0,True,True,3,3,19.515669515669526,EXTREME_BEARISH,True,True,True,False,True,False,False
2026-03-30,2026-03-17,2026-03-24,46.15384615384615,30.769230769230774,38.46153846153847,2026-03-26,2026-03-27,17.307692307692307,2026-03-27,2026-03-28,2.7777777777778,True,6.0,True,True,True,3,True,True,True,2.0,True,True,3,3,19.515669515669526,EXTREME_BEARISH,True,True,True,False,True,False,False
2026-03-31,2026-03-24,2026-03-31,42.30769230769231,32.69230769230769,37.5,2026-03-26,2026-03-27,17.307692307692307,2026-03-30,2026-03-31,3.1746031746031775,True,0.0,True,True,True,4,True,True,True,0.0,True,True,3,3,19.327431827431827,EXTREME_BEARISH,True,True,True,False,True,False,False
2026-04-08,2026-03-31,2026-04-07,71.15384615384616,1.9230769230769198,36.53846153846154,2026-04-02,2026-04-03,15.384615384615383,2026-04-07,2026-04-08,6.746031746031761,True,1.0,True,True,True,5,True,True,True,0.0,True,True,3,3,19.55636955636956,EXTREME_BEARISH,True,True,True,False,True,False,False
